# Blender 4.2.2 LTS
# www.blender.org
mtllib hair.mtl
o hair
v -0.047508 0.240343 -0.329507
v -0.047639 0.240589 -0.329348
v -0.047737 0.240729 -0.328967
v -0.001272 0.268673 -0.323397
v -0.006819 0.268999 -0.314138
v -0.004362 0.118574 -0.322250
v -0.027782 0.152132 -0.336168
v -0.028651 0.139508 -0.329192
v -0.022425 0.201181 -0.339512
v -0.045694 0.177297 -0.307040
v -0.043269 0.281309 -0.318719
v -0.011278 0.311195 -0.298066
v -0.007648 0.366163 -0.255347
v -0.026608 0.345896 -0.193300
v -0.002121 0.419017 -0.178419
v -0.054667 0.399801 -0.171019
v -0.021768 0.431509 -0.165377
v -0.007317 0.452322 -0.079050
v -0.031068 0.431401 -0.109831
v -0.005467 0.443175 0.040916
v -0.199433 0.211491 -0.289517
v -0.165603 0.244081 -0.279266
v -0.124810 0.002565 -0.289297
v -0.124875 0.002048 -0.288363
v -0.195278 0.043526 -0.270152
v -0.207894 0.090860 -0.273950
v -0.233033 0.159974 -0.255112
v -0.127606 0.374206 -0.146368
v -0.030628 0.414831 -0.111171
v -0.112797 -0.124947 -0.295412
v -0.112626 -0.124827 -0.294440
v -0.112452 -0.124517 -0.294330
v -0.149468 -0.087562 -0.294455
v -0.197718 -0.001075 -0.245530
v -0.284587 0.030514 -0.187475
v -0.259731 0.131163 -0.173862
v -0.231762 0.088683 -0.218498
v -0.227481 0.268499 -0.221977
v -0.267366 0.267846 -0.165227
v -0.195804 -0.299409 -0.235045
v -0.218081 -0.134533 -0.184801
v -0.225068 -0.060809 -0.233471
v -0.225050 -0.049216 -0.195636
v -0.234592 0.090852 -0.179050
v -0.290953 0.064932 -0.116730
v -0.291032 0.206093 -0.132765
v -0.225001 0.216733 -0.156267
v -0.283156 0.275291 -0.049635
v -0.273214 0.304491 -0.102418
v -0.193802 0.294562 -0.134978
v -0.190852 0.410990 -0.062127
v -0.100312 0.407995 -0.043646
v -0.224733 -0.320642 -0.117756
v -0.225397 -0.320650 -0.117524
v -0.224453 -0.320498 -0.117338
v -0.255325 -0.176387 -0.096581
v -0.239916 -0.111933 -0.061621
v -0.254679 -0.044440 -0.104183
v -0.271901 -0.103689 -0.123394
v -0.264906 0.009074 -0.059475
v -0.284759 0.171115 -0.108990
v -0.301741 0.056576 -0.032089
v -0.302857 0.195008 -0.085475
v -0.286028 0.183424 -0.001153
v -0.251105 0.307276 0.059612
v -0.219448 0.319476 0.021650
v -0.265369 0.355785 0.018574
v -0.215584 0.403627 0.044783
v -0.168685 0.379114 0.046671
v -0.111798 0.448004 0.023942
v -0.242528 -0.504768 -0.016410
v -0.271033 -0.277097 -0.053839
v -0.239293 -0.018725 0.068625
v -0.247497 -0.102128 -0.056247
v -0.251208 0.029487 -0.002252
v -0.314531 0.074130 -0.000688
v -0.321132 0.190675 0.014919
v -0.253978 0.187061 0.075572
v -0.208502 -0.498742 0.082184
v -0.209190 -0.499093 0.081989
v -0.264885 -0.027779 0.110974
v -0.223113 -0.130677 0.144853
v -0.279242 0.086333 0.057866
v -0.238058 0.153194 0.111870
v -0.288398 0.236784 0.103132
v -0.162540 0.395221 0.149376
v -0.159695 -0.520612 0.202651
v -0.160511 -0.520626 0.202586
v -0.157231 -0.377646 0.217003
v -0.169508 -0.228421 0.202977
v -0.196588 -0.205266 0.157543
v -0.196419 -0.121073 0.136357
v -0.206753 -0.079555 0.164610
v -0.190916 -0.064686 0.140437
v -0.129830 0.079234 0.253963
v -0.177644 0.085635 0.202011
v -0.226600 0.138654 0.182309
v -0.233183 0.162922 0.217212
v -0.192381 0.207246 0.276335
v -0.196343 0.262282 0.248922
v -0.173049 0.307143 0.192404
v -0.149675 0.307096 0.268196
v -0.127866 0.350317 0.171384
v -0.102590 0.251855 -0.302034
v -0.072298 0.313230 -0.277352
v -0.135325 0.298481 -0.268481
v -0.093168 0.328359 -0.209193
v -0.114420 0.383710 -0.166458
v -0.059115 0.429930 -0.073505
v -0.022000 0.284229 -0.311934
v -0.003783 0.295748 -0.308208
v -0.003930 0.293999 -0.294429
v -0.011922 0.315185 -0.288561
v -0.063300 0.393091 -0.211353
v -0.030495 0.422407 -0.160890
v -0.050526 0.424510 -0.149610
v -0.075568 0.074782 -0.295433
v -0.074869 0.072770 -0.299272
v -0.072923 0.072173 -0.297797
v -0.061138 0.151854 -0.289245
v -0.037076 0.110444 -0.293011
v -0.011138 0.147522 -0.283401
v -0.038591 0.275378 -0.285474
v -0.010540 0.161402 -0.276332
v -0.038349 0.182485 -0.259813
v -0.050298 0.315807 -0.228328
v -0.010034 0.267108 -0.310936
v -0.045295 0.277176 -0.229087
v -0.037755 0.324616 -0.260526
v -0.030549 0.356593 -0.227922
v -0.179932 0.387990 0.075619
v -0.216718 0.128131 0.180651
v -0.278317 0.243314 0.129313
v -0.023495 0.251889 -0.325800
v -0.310651 0.062716 -0.070019
v -0.264995 -0.013348 0.064224
v -0.259775 0.177564 0.109587
v -0.173425 -0.310573 0.194601
v -0.300748 0.139258 -0.035399
v -0.017273 0.204321 -0.267229
v -0.087752 0.254482 -0.293525
v -0.234912 -0.197692 0.037159
v -0.231756 0.044464 0.179057
v -0.222234 0.309287 0.033266
v -0.143002 0.379516 -0.173519
v -0.096140 0.408741 -0.163870
v -0.151586 0.289113 0.202591
v -0.037248 0.442277 -0.058309
v -0.062264 0.432997 -0.050653
v -0.168988 -0.318852 0.169782
v -0.196362 0.233900 0.199733
v -0.202296 0.139866 -0.246510
v -0.101564 0.452994 -0.015397
v -0.213145 0.201186 -0.265770
v -0.120770 0.291079 -0.233279
v -0.182161 0.327615 -0.197318
v -0.119888 0.146257 0.282565
v -0.130666 0.368596 -0.197502
v -0.204794 0.267672 0.213512
v -0.291956 0.292782 -0.034239
v -0.206886 -0.079844 -0.264638
v -0.241034 -0.026664 -0.254846
v -0.292037 0.135762 -0.171894
v -0.284998 0.187948 -0.199160
v -0.160819 0.327692 -0.196972
v -0.211223 0.334198 0.183239
v -0.181739 0.371319 -0.076938
v -0.233021 -0.095283 -0.238396
v -0.267789 0.177532 0.011086
v -0.236799 0.171743 -0.171117
v -0.285712 0.299830 -0.064412
v -0.152207 0.355157 -0.108357
v -0.246207 -0.140780 -0.070421
v -0.260097 -0.029665 -0.240972
v -0.269822 0.023749 -0.117091
v -0.250560 0.364590 -0.046722
v -0.021099 0.192812 -0.276749
v -0.038026 0.297816 -0.306974
v -0.006487 0.323281 -0.289927
v -0.268608 0.324960 0.002792
v -0.314093 0.159572 -0.019952
v -0.013439 0.424976 -0.175477
v -0.059971 0.418106 -0.178273
v -0.092480 0.284237 0.234962
v -0.210751 0.234803 0.145145
v -0.106661 0.217688 0.306582
v -0.203710 0.363138 0.077738
v -0.172233 0.287784 0.211642
v -0.027015 0.346496 0.229131
v -0.286644 -0.125603 0.017734
v -0.112245 -0.048401 0.230540
v -0.164598 0.324025 0.204530
v -0.146042 -0.138883 0.165325
v -0.282656 0.006891 0.050259
v -0.184496 0.298041 -0.144593
v -0.170333 0.302129 -0.200601
v -0.212029 0.307732 -0.090534
v -0.198024 -0.217532 -0.216116
v -0.167458 0.328454 0.213940
v -0.266042 0.064428 -0.187344
v -0.234176 0.094693 0.210749
v -0.278176 0.239830 -0.061509
v -0.150279 0.376306 -0.051440
v -0.129871 0.427600 -0.000155
v -0.245869 -0.055175 0.049137
v -0.153045 0.021535 -0.281527
v -0.168656 -0.029190 0.237310
v -0.182611 0.118034 -0.268080
v -0.161517 0.183263 0.296872
v -0.094057 0.403837 -0.152064
v -0.141085 0.372668 -0.157702
v -0.048356 0.430223 -0.105463
v -0.268154 -0.032785 -0.220018
v -0.284087 0.126410 -0.157948
v -0.317878 0.190530 0.063310
v -0.256789 -0.049093 -0.057400
v -0.251194 0.237686 -0.035333
v -0.165946 0.055577 -0.274967
v -0.175571 0.352884 0.085821
v -0.153501 0.258530 -0.263879
v -0.160253 0.312574 -0.192997
v -0.241813 0.025143 -0.207043
v -0.220739 0.067866 -0.240157
v -0.218929 -0.128702 0.035421
v -0.235334 0.021642 0.167549
v -0.196146 -0.299490 -0.236703
v -0.236976 0.079888 -0.189406
v -0.148115 0.246951 -0.248953
v -0.292573 0.052834 -0.154092
v -0.212881 0.363256 -0.110381
v -0.261498 -0.213300 -0.065067
v -0.291032 0.071314 -0.042566
v -0.287609 0.151239 -0.028889
v -0.168927 0.384251 -0.003033
v -0.241719 -0.134854 -0.019699
v -0.088111 0.344759 0.179443
v -0.110334 -0.055535 0.220240
v -0.264766 -0.120909 0.052228
v -0.221815 -0.273586 0.111941
v -0.152136 0.084923 0.277592
v -0.020165 0.133029 -0.325193
v -0.022857 0.250580 -0.249956
v -0.039032 0.351246 -0.268852
v -0.305725 0.284504 0.073295
v -0.289545 0.200948 0.141298
v -0.266386 -0.075360 -0.057866
v -0.186776 0.286341 -0.251200
v -0.101332 0.312368 -0.234269
v -0.198774 0.353634 -0.000801
v -0.275849 0.136020 -0.105174
v -0.266610 0.252739 0.071046
v -0.181546 0.341874 -0.187494
v -0.112920 0.368377 0.177058
v -0.310672 0.180433 -0.048384
v -0.246081 0.362869 -0.074172
v -0.091025 0.412430 -0.066266
v -0.171647 0.402481 -0.043286
v -0.290174 0.080410 0.079322
v -0.248249 -0.210620 -0.116056
v -0.227940 -0.248601 -0.125759
v -0.295639 -0.011820 -0.053546
v -0.124639 0.370385 0.179779
v -0.160093 -0.520814 0.202452
v -0.232764 0.192864 -0.229762
v -0.197725 0.270222 -0.247773
v -0.122689 0.279114 0.298598
v -0.223491 0.054806 0.110098
v -0.127881 -0.071845 0.187196
v -0.247784 0.185435 -0.240229
v -0.204875 -0.299591 0.111723
v -0.246170 -0.463568 -0.004886
v -0.258280 0.087068 0.085943
v -0.040172 0.181190 -0.339746
v -0.042204 0.440876 -0.123066
v -0.253879 -0.020431 0.142142
v -0.125528 0.335218 -0.199259
v -0.204558 0.378685 0.005099
v -0.135625 0.380927 -0.156224
v -0.103957 0.407571 -0.114390
v -0.258759 0.317541 0.102546
v -0.216725 0.018448 0.160705
v -0.170092 0.296521 0.162141
v -0.215000 -0.016191 0.168678
v -0.224273 -0.301780 0.041028
v -0.206354 -0.458060 0.072034
v -0.224533 0.311555 -0.021400
v -0.251999 -0.129844 0.043881
v -0.103286 0.354948 0.254062
v -0.174581 0.414073 -0.045425
v -0.264427 0.292043 -0.015573
v -0.214932 0.173804 0.194771
v -0.035988 0.149283 -0.320519
v -0.067227 0.195996 -0.321455
v -0.022608 0.215342 -0.337867
v -0.074609 0.318680 -0.280768
v -0.237331 0.168562 0.197799
v -0.262317 0.342822 0.094813
v -0.025682 0.375161 -0.162925
v -0.265746 0.347975 0.054570
v -0.190000 0.248425 -0.270735
v -0.199956 0.211328 -0.287462
v -0.246315 0.101553 0.085708
v -0.173772 0.332717 -0.219841
v -0.082070 0.357232 -0.213604
v -0.214582 0.093848 0.246608
v -0.045684 0.399828 -0.147341
v -0.081191 0.379421 -0.153788
v -0.306440 0.064023 -0.035207
v -0.066296 0.446902 -0.065789
v -0.075419 0.428496 0.034666
v -0.159496 0.070359 -0.257778
v -0.223262 0.086725 -0.261014
v -0.225046 0.330390 0.073370
v -0.219266 0.256334 -0.227412
v -0.110713 0.329043 -0.227999
v -0.267631 0.242566 -0.096997
v -0.067446 0.369676 -0.171633
v -0.236605 0.258762 0.092126
v -0.068340 0.416859 -0.087798
v -0.194415 0.184694 0.197908
v -0.159187 -0.076014 -0.280631
v -0.227098 0.156643 -0.235524
v -0.160349 -0.404754 0.185485
v -0.268180 0.238644 -0.122757
v -0.232265 0.328452 -0.150810
v -0.156586 0.364733 -0.057609
v -0.196111 -0.299449 -0.235618
v -0.213384 -0.176661 -0.248129
v -0.201759 0.417291 -0.030182
v -0.224029 0.277906 -0.093213
v -0.108040 0.424968 -0.070921
v -0.187786 -0.057146 0.211209
v -0.260081 -0.112692 -0.132791
v -0.279730 -0.012044 -0.031001
v -0.135422 0.205119 0.241581
v -0.044511 0.164486 -0.314713
v -0.270692 0.137161 -0.060635
v -0.254312 -0.119390 0.116808
v -0.067200 0.267132 0.294114
v -0.274945 0.176664 0.173547
v -0.207700 0.395263 0.069102
v -0.255154 0.282546 0.176055
v -0.212752 -0.130564 0.119783
v -0.297208 0.255822 -0.014210
v -0.225381 0.357705 0.097207
v -0.199500 0.324533 0.090226
v -0.251471 0.282523 0.138070
v -0.286781 0.099271 -0.019516
v -0.125910 0.353912 0.139193
v -0.116631 0.395000 -0.142027
v -0.104302 0.378122 -0.140680
v -0.228108 -0.157679 -0.220570
v -0.248797 0.042498 -0.153318
v -0.259802 0.155205 -0.113266
v -0.130703 0.072710 0.267988
v -0.255142 0.234487 -0.157066
v -0.205379 0.311561 -0.141979
v -0.248608 0.345991 -0.022898
v -0.230212 0.385096 -0.031945
v -0.245562 0.328897 0.127415
v -0.240232 -0.278184 0.052652
v -0.168764 -0.126550 0.206798
v -0.150853 0.011654 -0.274250
v -0.079923 0.383858 0.226189
v -0.177162 0.059309 -0.257028
v -0.293228 0.144730 0.074925
v -0.185758 0.117458 0.276305
v -0.176784 0.208018 -0.271966
v -0.213579 0.262830 -0.211289
v -0.169289 0.317774 -0.232628
v -0.176157 -0.096723 -0.259893
v -0.185807 -0.076613 -0.254473
v -0.216811 0.004050 -0.251049
v -0.210473 -0.112224 0.071246
v -0.199852 0.000923 -0.236658
v -0.238767 -0.300759 0.014309
v -0.123073 -0.174603 0.201616
v -0.206787 0.022332 0.164727
v -0.287988 0.094211 0.125625
v -0.174801 0.126961 -0.256951
v -0.275110 0.286877 -0.084911
v -0.170374 0.184601 -0.261513
v -0.215045 0.373195 -0.064871
v -0.063764 0.389905 -0.167438
v -0.255170 -0.322842 -0.054280
v -0.229977 0.327844 -0.071524
v -0.227831 -0.075332 -0.242672
v -0.251145 -0.270026 0.018101
v -0.287273 0.090356 -0.212957
v -0.258583 0.222726 -0.127071
v -0.231780 0.309794 -0.091567
v -0.222099 0.331648 0.065707
v -0.159569 0.398749 -0.105450
v -0.234121 0.035440 0.065666
v -0.223026 -0.167156 -0.243631
v -0.271571 -0.014432 -0.138325
v -0.232029 0.361169 0.066284
v -0.210588 0.225392 0.194022
v -0.300566 0.169731 -0.094010
v -0.067347 0.259179 0.285892
v -0.144913 0.438600 -0.025031
v -0.125597 -0.119350 0.216909
v -0.220282 0.411677 0.009245
v -0.227123 -0.377382 0.083638
v -0.044300 0.320158 0.272637
v -0.286280 -0.059396 -0.035241
v -0.225316 -0.049284 0.038787
v -0.010290 0.273305 -0.312802
v -0.005635 0.272947 -0.322072
v -0.301437 0.206821 0.096090
v -0.269870 0.098554 0.060460
v -0.246644 0.259763 0.042886
v -0.073165 0.233486 -0.323259
v -0.271504 0.196898 0.004299
v -0.251440 0.246051 0.121998
v -0.083903 0.324155 -0.245810
v -0.051859 0.396901 -0.219460
v -0.020522 0.408163 -0.120653
v -0.150939 -0.346678 0.204645
v -0.144958 0.292892 -0.266157
v -0.237337 -0.113577 0.146410
v -0.214881 0.244699 0.213625
v -0.134801 0.356732 -0.227017
v -0.136084 -0.197273 0.210620
v -0.071146 0.436715 -0.046222
v -0.294214 -0.030400 0.015636
v -0.227686 0.219460 -0.172031
v -0.216551 0.219002 -0.236358
v -0.167537 0.372384 0.067654
v -0.214864 -0.195615 -0.214710
v -0.204006 0.329561 -0.061050
v -0.091483 0.438585 -0.021168
v -0.199972 0.399086 -0.009403
v -0.280827 -0.240932 -0.014027
v -0.235571 0.142465 -0.242486
v -0.298189 0.116223 -0.102139
v -0.241210 -0.502799 -0.014478
v -0.189965 0.228799 -0.230330
v -0.213821 -0.425182 0.098424
v -0.256095 0.284077 -0.010603
v -0.240058 -0.427872 -0.030663
v -0.086685 0.341144 -0.246097
v -0.220681 0.307295 0.109359
v -0.023757 0.445892 -0.070949
v -0.175264 0.248276 -0.270591
v -0.199742 0.211334 -0.288282
v -0.175727 0.290003 -0.263579
v -0.188615 0.363531 0.125619
v -0.056454 0.409704 -0.154438
v -0.026061 0.358781 0.242030
v -0.293093 0.268098 0.002408
v -0.257219 -0.053563 0.070070
v -0.223928 0.014494 0.199508
v -0.179860 0.390199 0.080161
v -0.087611 0.139491 -0.292351
v -0.098605 0.194179 -0.305124
v -0.127371 0.240280 -0.291541
v -0.133356 0.252936 -0.274648
v -0.052835 0.327411 -0.280302
v -0.009936 0.312943 -0.282613
v -0.041490 0.398273 -0.212301
v -0.035747 0.439894 -0.102648
v -0.019668 0.415880 -0.129757
v -0.025227 0.422698 -0.085149
v -0.037045 0.101113 -0.300599
v -0.009001 0.160522 -0.335972
v -0.023615 0.191490 -0.327371
v -0.044876 0.224719 -0.238109
v -0.017594 0.413728 -0.086280
v -0.073253 0.202289 -0.301917
v -0.020210 0.417697 -0.083252
v -0.071558 0.373498 -0.222311
v -0.042198 0.320033 -0.293983
v -0.024685 0.378652 -0.213536
v -0.038457 0.309986 -0.214229
v -0.006412 0.437850 -0.115612
v -0.004796 0.446446 -0.094680
v -0.078922 0.165027 -0.293562
v -0.033665 0.286749 -0.260458
v -0.044005 0.341652 -0.191603
v -0.038909 0.360657 -0.233143
v -0.098996 0.239335 -0.270502
v -0.046826 0.245557 -0.277374
v -0.138778 0.323041 -0.233489
v -0.059759 0.438584 -0.086466
v -0.011067 0.236110 -0.323935
v -0.057378 0.280560 -0.252789
v -0.088300 0.139198 -0.293277
v -0.006542 0.255780 -0.318674
v -0.088212 0.138706 -0.293813
v -0.062732 0.246264 -0.268474
v -0.069243 0.274834 -0.292188
v -0.050091 0.406215 -0.165984
v -0.006454 0.288735 -0.299497
v -0.059239 0.367902 -0.249817
v -0.019726 0.447948 -0.078019
v -0.112013 0.331078 -0.262144
v -0.121654 0.369454 -0.213385
v -0.030985 0.361563 -0.208312
v -0.029621 0.341584 -0.279063
v -0.014441 0.134986 -0.332139
v -0.057691 0.154011 -0.274040
v -0.043385 0.284871 -0.278025
v -0.025681 0.378610 -0.144755
v -0.025955 0.378540 -0.194604
v -0.018710 0.360366 -0.158135
v -0.102651 0.165744 -0.297344
v -0.032626 0.096010 -0.313764
v -0.009949 0.118538 -0.327790
v -0.022604 0.178361 -0.328514
v -0.044303 0.193986 -0.252495
v -0.015586 0.387096 -0.123180
v -0.022489 0.365949 -0.171674
v -0.024366 0.432618 -0.083545
v -0.020335 0.429085 -0.119034
v -0.124974 0.001984 -0.288558
v -0.241581 -0.504854 -0.016173
v -0.208380 -0.498871 0.082101
v 0.089774 0.139513 -0.292291
v 0.078486 0.170110 -0.294699
v 0.090959 0.139248 -0.292479
v 0.086740 0.191635 -0.307093
v 0.094486 0.219535 -0.277778
v 0.090682 0.138421 -0.294370
v 0.044000 0.267984 -0.278709
v 0.115089 0.186177 -0.297939
v 0.131395 0.267191 -0.290617
v 0.079628 0.261264 -0.302517
v 0.047358 0.251238 -0.270098
v 0.146688 0.297435 -0.254685
v 0.133419 0.319590 -0.263903
v 0.072733 0.313660 -0.279979
v 0.028128 0.318871 -0.222857
v 0.087220 0.306944 -0.222177
v 0.124621 0.370203 -0.216772
v 0.075819 0.372354 -0.230860
v 0.031950 0.350878 -0.222185
v 0.112583 0.392072 -0.154616
v 0.065596 0.379494 -0.141902
v 0.090963 0.415381 -0.143209
v 0.047055 0.414009 -0.151196
v 0.020714 0.383983 -0.143229
v -0.024888 0.253783 -0.324765
v 0.001065 0.266428 -0.322196
v 0.000262 0.267921 -0.323508
v -0.011431 0.275247 -0.314182
v 0.001065 0.266173 -0.320639
v 0.033826 0.295675 -0.308182
v 0.001065 0.294355 -0.300291
v 0.001065 0.292622 -0.297329
v -0.004506 0.268569 -0.314861
v 0.019804 0.340996 -0.256361
v 0.063063 0.346542 -0.267810
v 0.033782 0.358708 -0.262821
v 0.066402 0.394330 -0.202232
v 0.046379 0.408858 -0.200570
v 0.029695 0.413541 -0.160255
v 0.048720 0.431891 -0.132838
v 0.027331 0.431260 -0.135108
v 0.075743 0.070816 -0.301879
v 0.075135 0.072356 -0.297716
v 0.063275 0.129699 -0.281854
v 0.014662 0.103286 -0.318763
v 0.076829 0.074402 -0.296100
v -0.012361 0.189773 -0.271068
v 0.055174 0.211190 -0.245406
v 0.060259 0.293606 -0.247405
v 0.017469 0.212324 -0.329433
v -0.014089 0.197316 -0.342145
v -0.030467 0.152685 -0.321765
v 0.049135 0.309943 -0.265441
v -0.048295 0.185984 -0.338557
v -0.057390 0.180158 -0.314082
v -0.035106 0.249114 -0.330606
v -0.022799 0.224295 -0.256466
v 0.055065 0.298268 -0.228153
v -0.003260 0.306781 -0.301480
v -0.046315 0.302914 -0.304598
v -0.023074 0.291440 -0.231612
v -0.007556 0.339016 -0.279980
v -0.007313 0.377295 -0.243782
v -0.027442 0.353736 -0.186772
v 0.036249 0.351174 -0.182735
v 0.020651 0.344881 -0.178802
v -0.026881 0.428557 -0.176123
v -0.025302 0.384679 -0.152900
v 0.022514 0.397000 -0.109427
v 0.025529 0.414966 -0.116801
v -0.014353 0.450608 -0.122890
v -0.041252 0.434096 -0.116803
v -0.015943 0.410939 -0.111260
v -0.159213 0.392322 0.001149
v -0.163616 0.403384 0.005438
v -0.166235 0.414876 0.018899
v -0.139020 0.397197 0.104960
v -0.137470 0.390566 0.097371
v -0.142541 0.381112 0.053026
v -0.155004 0.386483 0.007562
v 0.049794 0.240628 -0.329430
v 0.049878 0.240748 -0.328971
v 0.049635 0.240320 -0.329335
v 0.023635 0.261611 -0.319742
v 0.028119 0.249619 -0.327788
v 0.018622 0.260797 -0.327269
v -0.020901 0.285799 -0.312828
v -0.001575 0.295905 -0.306399
v -0.000597 0.290791 -0.296351
v -0.013205 0.317468 -0.291823
v -0.010685 0.310641 -0.280214
v -0.035514 0.099381 -0.312553
v -0.043662 0.105697 -0.293357
v -0.001536 0.121844 -0.329009
v 0.026693 0.133464 -0.323862
v -0.019346 0.135062 -0.287323
v -0.029320 0.174990 -0.326639
v -0.000516 0.163285 -0.339956
v 0.040455 0.168449 -0.339695
v 0.000377 0.162412 -0.279670
v -0.046603 0.181550 -0.258083
v -0.014256 0.222480 -0.326142
v 0.077742 0.201076 -0.318478
v -0.043660 0.210449 -0.245229
v 0.035596 0.245104 -0.332767
v 0.081271 0.247942 -0.320871
v -0.046821 0.269768 -0.281364
v -0.001145 0.273085 -0.315085
v 0.097964 0.287598 -0.275811
v 0.037794 0.300252 -0.229706
v -0.045115 0.272392 -0.227992
v -0.038964 0.316771 -0.267116
v 0.004402 0.342726 -0.278530
v 0.046450 0.341678 -0.281515
v 0.080031 0.351829 -0.254535
v -0.041302 0.300035 -0.221882
v -0.031398 0.352097 -0.235084
v -0.025578 0.381692 -0.191633
v 0.018797 0.421218 -0.189844
v 0.069556 0.416170 -0.178593
v 0.031721 0.367298 -0.176037
v -0.023830 0.344109 -0.180601
v -0.015984 0.368176 -0.148875
v -0.021084 0.418858 -0.119416
v -0.002193 0.439061 -0.124669
v 0.042458 0.447713 -0.113292
v -0.013722 0.395309 -0.105836
v 0.202307 0.211519 -0.287881
v 0.170665 0.293801 -0.267587
v 0.202109 0.211332 -0.287431
v 0.201856 0.211324 -0.288272
v 0.180244 0.232682 -0.285521
v 0.190812 0.248384 -0.270506
v 0.184311 0.317781 -0.228350
v 0.124721 0.303389 -0.256271
v 0.108780 0.304697 -0.239179
v 0.117251 0.350962 -0.235279
v 0.084954 0.394953 -0.132180
v 0.079272 0.348293 -0.210834
v 0.123047 0.387804 -0.197257
v 0.106170 0.410381 -0.115178
v 0.047533 0.419059 -0.140448
v 0.133411 0.394175 -0.162033
v 0.040210 0.410788 -0.127214
v 0.073727 0.432424 -0.118751
v 0.148134 0.001951 -0.288239
v 0.148214 0.002382 -0.289033
v 0.147086 0.003290 -0.289472
v 0.221720 0.055784 -0.275809
v 0.209728 0.032510 -0.270106
v 0.178976 0.013551 -0.269675
v 0.188517 0.076724 -0.254041
v 0.198238 0.096463 -0.264367
v 0.232421 0.108204 -0.274882
v 0.251610 0.094906 -0.260264
v 0.263111 0.161271 -0.235994
v 0.197174 0.218342 -0.273551
v 0.259675 0.178186 -0.250034
v 0.219102 0.185555 -0.240586
v 0.195917 0.172113 -0.262506
v 0.229147 0.226055 -0.265476
v 0.169296 0.246104 -0.255924
v 0.237723 0.275372 -0.226923
v 0.156725 0.294433 -0.252284
v 0.185202 0.323167 -0.237267
v 0.216217 0.309561 -0.196025
v 0.174903 0.297127 -0.208225
v 0.095783 0.363772 -0.192078
v 0.198725 0.341217 -0.199711
v 0.136014 0.391832 -0.176380
v 0.154005 0.377204 -0.144102
v 0.114870 -0.124819 -0.295076
v 0.114236 -0.124261 -0.294038
v 0.114666 -0.124587 -0.294759
v 0.151567 -0.085680 -0.295138
v 0.199100 -0.074344 -0.277651
v 0.248134 -0.058070 -0.248871
v 0.189646 -0.070664 -0.250735
v 0.205252 -0.090459 -0.249624
v 0.202054 0.007408 -0.238724
v 0.252272 -0.061836 -0.232311
v 0.208130 -0.003608 -0.253354
v 0.278433 0.099573 -0.230413
v 0.289263 0.029191 -0.186143
v 0.286908 0.007522 -0.213256
v 0.257800 0.115613 -0.183337
v 0.251385 0.174710 -0.243001
v 0.229230 0.124575 -0.237446
v 0.299025 0.137785 -0.175366
v 0.219886 0.213593 -0.237022
v 0.279636 0.227935 -0.200415
v 0.281856 0.221374 -0.136877
v 0.270420 0.205821 -0.129802
v 0.213823 0.255823 -0.158468
v 0.186125 0.286023 -0.218962
v 0.222335 0.280873 -0.224775
v 0.263228 0.299149 -0.158738
v 0.225899 0.335322 -0.088075
v 0.213522 0.327236 -0.076996
v 0.134489 0.349513 -0.175531
v 0.155289 0.370479 -0.173126
v 0.197168 0.377811 -0.119306
v 0.158583 0.332951 -0.118369
v 0.197344 -0.299448 -0.238712
v 0.198270 -0.299472 -0.235124
v 0.197952 -0.299433 -0.234856
v 0.224410 -0.172972 -0.214892
v 0.198257 -0.230078 -0.219555
v 0.227134 -0.146424 -0.247641
v 0.276644 -0.000056 -0.187709
v 0.223680 -0.079422 -0.240283
v 0.255921 0.056520 -0.196472
v 0.276310 -0.011515 -0.136669
v 0.292261 0.071289 -0.112474
v 0.212672 -0.151841 -0.192007
v 0.235114 0.077191 -0.186194
v 0.254185 0.068346 -0.146556
v 0.300371 0.051908 -0.134748
v 0.231462 0.191259 -0.163618
v 0.300214 0.187858 -0.133050
v 0.248119 0.227437 -0.165366
v 0.297797 0.259112 -0.064672
v 0.279870 0.295021 -0.038216
v 0.244410 0.238597 -0.095145
v 0.198735 0.289427 -0.139661
v 0.228094 0.315579 -0.140655
v 0.289571 0.275685 -0.111935
v 0.167798 0.375569 -0.115050
v 0.251662 0.346721 -0.103758
v 0.271672 0.346357 -0.048955
v 0.188663 0.350900 -0.057469
v 0.149156 0.357918 -0.104033
v 0.210518 0.408163 -0.065664
v 0.224438 0.389290 -0.008122
v 0.227185 -0.320651 -0.117730
v 0.227397 -0.320692 -0.117410
v 0.233563 -0.270723 -0.118481
v 0.263583 -0.149353 -0.088991
v 0.237347 -0.253331 -0.098393
v 0.227063 -0.320611 -0.117807
v 0.266149 -0.125896 -0.133432
v 0.240547 -0.125014 -0.062841
v 0.231260 -0.224290 -0.126814
v 0.262549 0.012230 -0.080374
v 0.275573 0.091988 -0.111148
v 0.284591 -0.008443 -0.115721
v 0.268253 -0.035329 -0.035561
v 0.315208 0.048307 -0.058949
v 0.300390 0.135043 -0.106343
v 0.292533 0.014073 -0.026397
v 0.289405 0.093756 -0.020334
v 0.271598 0.127322 -0.059110
v 0.295258 0.173896 -0.007075
v 0.275183 0.235360 -0.103833
v 0.310416 0.236969 -0.025028
v 0.277341 0.178654 -0.001073
v 0.252448 0.239326 -0.033284
v 0.291220 0.260571 -0.088879
v 0.271351 0.334522 -0.058728
v 0.285722 0.332287 -0.010006
v 0.247575 0.335454 0.070531
v 0.234722 0.322859 0.070656
v 0.213468 0.368818 -0.066746
v 0.257802 0.359999 0.047666
v 0.208278 0.334941 -0.000119
v 0.219527 0.400583 -0.049344
v 0.233094 0.409216 0.017268
v 0.171334 0.409650 -0.046320
v 0.204578 0.394720 0.070993
v 0.175519 0.383241 0.073024
v 0.157294 0.388599 0.012616
v 0.162836 0.437812 -0.027703
v 0.159560 0.440479 0.030778
v 0.243969 -0.504869 -0.016523
v 0.244656 -0.504931 -0.016392
v 0.281402 -0.272926 -0.021976
v 0.249999 -0.454837 -0.002828
v 0.243753 -0.504863 -0.016456
v 0.262169 -0.353083 -0.049822
v 0.241565 -0.303995 0.016446
v 0.240804 -0.456705 -0.027287
v 0.261316 -0.220499 -0.065894
v 0.276667 -0.242608 -0.057230
v 0.287081 -0.151712 0.016377
v 0.241531 -0.079522 -0.019372
v 0.252303 -0.126258 0.042247
v 0.253093 -0.082212 -0.063064
v 0.282099 -0.059631 -0.049159
v 0.302977 -0.014814 0.014612
v 0.263730 -0.122227 0.053969
v 0.288929 0.017032 0.051706
v 0.261297 0.062863 0.081619
v 0.235299 0.023218 0.073681
v 0.307300 0.101760 -0.041768
v 0.324252 0.107941 -0.012035
v 0.284533 0.080523 -0.036954
v 0.258395 0.150587 0.028892
v 0.259706 0.180228 0.108652
v 0.322973 0.218363 0.075572
v 0.280995 0.257598 0.135451
v 0.281469 0.200655 -0.021586
v 0.268893 0.275134 -0.020195
v 0.302092 0.276623 -0.007238
v 0.250197 0.246868 0.056063
v 0.308453 0.297747 0.083363
v 0.261728 0.249571 0.136685
v 0.229708 0.331750 -0.008910
v 0.252712 0.354072 0.006348
v 0.259170 0.366872 0.087147
v 0.224702 0.331410 0.143411
v 0.213020 0.317495 0.065049
v 0.210576 -0.499130 0.081860
v 0.211263 -0.499192 0.081991
v 0.247832 -0.268545 0.076438
v 0.216596 -0.449068 0.095552
v 0.210357 -0.499123 0.081928
v 0.234359 -0.318700 0.044153
v 0.208190 -0.297397 0.114913
v 0.207403 -0.450897 0.071077
v 0.230218 -0.229011 0.031739
v 0.257268 -0.098101 0.123745
v 0.209696 -0.104814 0.080166
v 0.219391 -0.122012 0.140089
v 0.221005 -0.073884 0.035547
v 0.251065 -0.052903 0.049558
v 0.271406 -0.021142 0.114240
v 0.231916 -0.114997 0.152053
v 0.209350 0.003671 0.171383
v 0.235876 -0.022057 0.164342
v 0.220176 0.069803 0.121873
v 0.283963 0.114545 0.057689
v 0.291622 0.066651 0.072410
v 0.264269 0.094152 0.061523
v 0.219464 0.136192 0.185676
v 0.300979 0.158036 0.082862
v 0.294938 0.196458 0.152040
v 0.270121 0.198082 0.186778
v 0.236709 0.200281 0.206680
v 0.228487 0.198794 0.125501
v 0.262760 0.261926 0.070542
v 0.279099 0.287905 0.093316
v 0.210758 0.209188 0.206138
v 0.250109 0.300887 0.185807
v 0.192485 0.265012 0.218052
v 0.181517 0.308279 0.133550
v 0.211535 0.347486 0.070488
v 0.225021 0.367899 0.095083
v 0.198407 0.370075 0.172897
v 0.144375 0.326552 0.205649
v 0.161784 -0.520514 0.202618
v 0.162219 -0.520529 0.202281
v 0.162632 -0.520546 0.202547
v 0.159745 -0.391657 0.184542
v 0.163401 -0.399037 0.219049
v 0.152473 -0.342348 0.195551
v 0.200584 -0.182953 0.146260
v 0.175504 -0.336302 0.194452
v 0.156112 -0.125842 0.211208
v 0.181948 -0.104058 0.201693
v 0.125538 -0.141401 0.211315
v 0.119437 -0.147631 0.202407
v 0.207099 -0.084224 0.169132
v 0.147529 -0.084776 0.160858
v 0.196438 -0.095586 0.131809
v 0.231448 0.023431 0.177505
v 0.109557 -0.047783 0.227402
v 0.225466 0.040258 0.164138
v 0.236636 0.055352 0.208645
v 0.181343 0.099108 0.279427
v 0.145702 0.082868 0.278186
v 0.168601 0.099306 0.211765
v 0.212748 0.153793 0.271688
v 0.128528 0.082157 0.265170
v 0.227115 0.149690 0.181218
v 0.237242 0.183358 0.213847
v 0.108632 0.225788 0.312950
v 0.118679 0.153124 0.287813
v 0.196429 0.270379 0.194304
v 0.206673 0.281783 0.221739
v 0.137011 0.247601 0.309616
v 0.134087 0.232032 0.232962
v 0.162855 0.281711 0.286103
v 0.047031 0.294359 0.283778
v 0.155038 0.331042 0.183171
v 0.157884 0.349747 0.212766
v 0.117221 0.352859 0.262571
v 0.061468 0.330439 0.286061
v 0.090952 0.306294 0.218279
v 0.044647 -0.545907 0.205030
v 0.043435 -0.545812 0.209384
v 0.045047 -0.545925 0.206767
v 0.067867 -0.247226 0.233703
v 0.034875 -0.291647 0.231143
v 0.054551 -0.503134 0.195338
v 0.092212 -0.349409 0.207530
v 0.010511 -0.326810 0.214260
v 0.000677 -0.309868 0.200902
v 0.057357 -0.099609 0.173806
v 0.095315 -0.345330 0.190612
v 0.116644 -0.095550 0.156545
v 0.118409 -0.123194 0.177928
v 0.110427 -0.123730 0.205974
v -0.021168 -0.112017 0.251454
v -0.005690 -0.108586 0.263536
v -0.013312 -0.032602 0.240521
v 0.081606 -0.069871 0.259413
v 0.049656 0.001463 0.283205
v -0.000416 0.040183 0.274135
v 0.159063 0.031825 0.196486
v 0.154856 0.014256 0.226689
v -0.008527 0.116868 0.268776
v 0.163353 0.159914 0.251848
v 0.147605 0.167738 0.280088
v 0.056993 0.212425 0.243773
v 0.156752 0.190447 0.229184
v 0.089627 0.181187 0.317193
v 0.041164 0.180633 0.321900
v -0.009229 0.239022 0.314153
v 0.140733 0.251893 0.224403
v 0.135195 0.290433 0.245356
v 0.132475 0.261065 0.277602
v 0.062411 0.265226 0.321118
v -0.019705 0.217522 0.293419
v 0.113786 0.294395 0.202580
v 0.045783 0.341656 0.281424
v -0.012425 0.326081 0.285086
v -0.017923 0.299329 0.257354
v -0.045330 -0.545924 0.206255
v -0.044769 -0.546145 0.207721
v -0.045167 -0.545873 0.206074
v -0.091224 -0.354901 0.206837
v -0.067841 -0.242826 0.233978
v -0.058781 -0.487616 0.193566
v -0.094885 -0.344684 0.189896
v -0.006108 -0.350436 0.202300
v -0.033002 -0.213024 0.245109
v -0.053029 -0.191228 0.176435
v -0.116861 -0.087881 0.156252
v -0.117572 -0.128622 0.179378
v -0.108740 -0.133594 0.206744
v 0.006549 -0.115427 0.263147
v 0.021068 -0.116897 0.250289
v 0.013163 -0.189043 0.221039
v -0.053639 -0.055038 0.181755
v -0.076065 -0.086864 0.258588
v -0.044274 -0.004821 0.281288
v -0.160420 0.024985 0.214669
v -0.148626 0.029221 0.242180
v 0.010544 0.057599 0.257921
v -0.154662 0.012038 0.187693
v -0.092851 0.174088 0.315967
v 0.004337 0.158929 0.270570
v -0.062385 0.169466 0.235414
v -0.156706 0.227751 0.237658
v -0.156527 0.176871 0.268157
v -0.041166 0.180574 0.321896
v 0.019709 0.219620 0.294609
v -0.137690 0.222831 0.228401
v 0.007515 0.238117 0.314952
v -0.132475 0.261065 0.277602
v -0.066088 0.263862 0.321300
v -0.045352 0.268938 0.236154
v -0.113934 0.294294 0.202638
v -0.118325 0.315917 0.233185
v -0.050226 0.340966 0.281811
v 0.012425 0.326081 0.285086
v 0.019759 0.306714 0.263913
vn -0.3136 0.5397 -0.7812
vn 0.4140 -0.7855 -0.4601
vn 0.2153 -0.7343 -0.6437
vn -0.3513 0.6278 -0.6946
vn -0.6802 0.1350 0.7205
vn -0.0691 0.2304 -0.9706
vn -0.1849 -0.4241 0.8866
vn -0.7269 0.3940 0.5626
vn -0.8303 -0.5560 -0.0392
vn -0.8893 -0.4052 -0.2119
vn -0.4926 -0.3756 -0.7850
vn -0.6651 0.0796 -0.7425
vn -0.3626 0.4019 -0.8408
vn -0.1947 0.1721 -0.9656
vn -0.5310 -0.1758 -0.8289
vn -0.9920 -0.1158 0.0503
vn -0.6788 -0.4311 0.5945
vn -0.4105 -0.3871 0.8256
vn -0.7745 -0.3088 0.5521
vn -0.5365 -0.4114 0.7369
vn -0.9532 0.2847 -0.1017
vn -0.6125 0.4408 -0.6561
vn -0.1591 0.6456 -0.7469
vn -0.1636 0.5936 -0.7880
vn -0.2935 0.7669 -0.5707
vn -0.5018 -0.5157 0.6944
vn 0.0167 0.7236 -0.6900
vn -0.7340 0.6616 -0.1537
vn -0.4801 -0.6096 0.6308
vn -0.7866 0.5952 0.1640
vn -0.6277 -0.5611 0.5396
vn -0.1308 0.8931 -0.4304
vn -0.6456 -0.5506 0.5291
vn -0.7835 -0.4596 0.4183
vn -0.0400 0.9978 0.0522
vn -0.3398 0.9402 0.0248
vn 0.4490 -0.8905 -0.0732
vn -0.8423 -0.1183 0.5259
vn -0.4492 0.4724 -0.7583
vn -0.4472 -0.8204 0.3563
vn 0.2565 0.2714 -0.9276
vn 0.6484 -0.6107 -0.4545
vn -0.1615 -0.6695 -0.7250
vn -0.9731 0.0379 0.2274
vn -0.9316 0.3622 0.0296
vn -0.1718 0.7016 -0.6916
vn 0.8094 -0.5555 -0.1903
vn 0.0712 -0.7244 0.6857
vn 0.1707 -0.6247 0.7619
vn 0.6570 0.2802 -0.6999
vn -0.7471 -0.1288 0.6521
vn -0.7705 0.6374 -0.0081
vn -0.1974 0.8834 -0.4249
vn 0.9662 -0.2380 -0.0990
vn 0.2593 -0.8313 0.4917
vn -0.8629 -0.0485 0.5031
vn 0.4537 0.7086 -0.5404
vn -0.3094 0.9485 -0.0675
vn 0.0594 -0.9544 0.2924
vn 0.9713 0.2175 -0.0967
vn -0.0399 0.9978 0.0521
vn -0.8057 -0.0617 0.5892
vn 0.5161 0.0550 -0.8547
vn 0.8614 0.1754 0.4767
vn 0.3678 0.3588 -0.8579
vn -0.7292 -0.6819 -0.0564
vn -0.3205 -0.0315 -0.9467
vn -0.3691 -0.2572 -0.8931
vn -0.0561 -0.2901 0.9553
vn -0.7857 -0.2232 0.5770
vn -0.8959 -0.4363 0.0840
vn 0.2594 -0.1036 0.9602
vn 0.9730 -0.2254 0.0488
vn 0.9444 0.0641 0.3225
vn -0.8515 0.0693 -0.5198
vn 0.2181 0.0316 -0.9754
vn 0.3177 0.1250 -0.9399
vn -0.7838 -0.0516 0.6189
vn -0.9197 0.3527 -0.1724
vn 0.4382 -0.3288 0.8366
vn -0.5302 0.2080 -0.8220
vn -0.5403 0.4477 -0.7125
vn -0.6156 0.0018 0.7881
vn 0.0273 -0.2857 0.9579
vn 0.4779 0.2828 -0.8316
vn 0.8560 -0.5166 -0.0175
vn -0.3954 0.5954 -0.6994
vn -0.8262 0.5623 0.0356
vn -0.8062 0.4400 0.3955
vn 0.2650 -0.5823 0.7685
vn 0.8041 -0.5935 -0.0349
vn -0.2717 0.7812 -0.5621
vn 0.5605 0.4604 -0.6883
vn 0.9733 -0.1505 -0.1731
vn -0.2762 0.9049 -0.3237
vn 0.0375 0.9684 -0.2465
vn -0.2859 -0.5210 0.8042
vn -0.7160 -0.0738 0.6942
vn 0.8389 0.3155 0.4435
vn 0.1471 -0.7331 0.6641
vn -0.1168 -0.8324 0.5417
vn -0.4978 0.1875 -0.8468
vn 0.0094 0.2468 -0.9690
vn 0.2369 0.3001 -0.9240
vn -0.5439 -0.5633 -0.6220
vn -0.4858 -0.8187 0.3060
vn 0.8119 0.1329 0.5685
vn 0.6498 0.0418 0.7589
vn 0.7873 0.2773 0.5507
vn -0.7400 -0.1883 -0.6457
vn -0.6111 -0.3571 0.7064
vn 0.5078 -0.1140 0.8539
vn 0.9277 0.2314 -0.2929
vn 0.7917 0.5001 -0.3508
vn -0.7313 -0.5721 0.3714
vn -0.8937 -0.0061 -0.4486
vn 0.8649 0.0471 0.4997
vn 0.7265 -0.2360 0.6453
vn 0.6878 -0.0996 0.7190
vn -0.3712 0.1488 -0.9165
vn 0.6523 -0.0533 -0.7561
vn -0.9853 0.0052 0.1709
vn -0.9163 0.2141 -0.3385
vn -0.2875 -0.2917 0.9123
vn -0.7249 -0.0244 0.6884
vn 0.3331 -0.4164 0.8459
vn 0.8309 -0.4197 0.3654
vn -0.3821 0.4315 -0.8172
vn -0.8998 0.4056 -0.1605
vn 0.4312 0.2208 -0.8748
vn -0.7435 0.6406 -0.1917
vn -0.6545 0.1282 0.7451
vn 0.7106 -0.6367 0.2995
vn -0.4529 0.8876 -0.0834
vn -0.2790 0.6726 -0.6854
vn 0.8802 -0.2189 -0.4212
vn 0.8683 -0.4374 -0.2339
vn 0.2195 0.7626 -0.6084
vn -0.0399 0.9978 0.0522
vn -0.6766 0.5503 0.4893
vn -0.0670 -0.5133 0.8556
vn 0.2630 -0.5939 0.7603
vn -0.9478 -0.2862 0.1405
vn 0.0022 -0.5003 -0.8658
vn -0.9383 -0.2411 0.2479
vn -0.7064 -0.3220 0.6304
vn 0.4200 -0.4427 0.7922
vn -0.7878 -0.1300 -0.6021
vn 0.3391 0.0077 -0.9407
vn 0.7551 -0.1324 0.6421
vn 0.2648 -0.3497 0.8987
vn -0.4980 0.0416 -0.8662
vn 0.5168 0.2823 -0.8082
vn 0.9842 0.1128 0.1362
vn 0.5096 0.2075 -0.8350
vn -0.9614 -0.0924 -0.2590
vn -0.3678 -0.3863 0.8458
vn 0.9979 0.0020 0.0640
vn -0.5486 0.1576 -0.8211
vn -0.5226 -0.2797 0.8054
vn 0.2903 0.1558 -0.9442
vn 0.9738 -0.2274 -0.0082
vn -0.3990 0.2812 -0.8728
vn -0.8695 0.1789 -0.4604
vn -0.9402 -0.0824 0.3305
vn 0.7770 -0.2252 0.5879
vn 0.8274 -0.0618 0.5583
vn 0.3519 -0.3526 0.8671
vn 0.0749 0.2894 -0.9543
vn -0.7655 0.4217 -0.4860
vn -0.9457 0.3077 0.1049
vn 0.7412 -0.4891 0.4598
vn 0.8613 -0.3426 -0.3752
vn -0.4149 -0.0244 0.9095
vn -0.6416 -0.1179 0.7579
vn 0.5667 -0.5799 0.5854
vn 0.7922 -0.3435 -0.5044
vn -0.3293 0.6078 -0.7226
vn 0.2062 0.7095 -0.6739
vn -0.4170 0.8429 -0.3401
vn -0.7265 0.6306 -0.2730
vn -0.7138 0.6609 0.2316
vn -0.4111 0.4170 0.8106
vn 0.4863 -0.7582 0.4344
vn 0.7792 -0.2442 -0.5773
vn -0.2685 0.9604 0.0740
vn -0.1266 0.0556 0.9904
vn 0.3538 -0.9068 0.2291
vn -0.0398 0.9978 0.0521
vn 0.2469 0.1440 -0.9583
vn -0.9064 -0.2205 -0.3604
vn 0.8224 0.4164 0.3876
vn -0.9238 0.3551 -0.1434
vn -0.8889 -0.2717 0.3689
vn 0.4879 -0.0768 -0.8695
vn -0.8717 -0.1240 -0.4742
vn -0.4028 -0.3126 0.8603
vn -0.9242 -0.2674 0.2728
vn 0.9637 0.1460 -0.2233
vn 0.7546 -0.0856 0.6505
vn -0.9907 -0.0799 -0.1105
vn 0.0174 -0.1914 0.9814
vn 0.8941 0.0424 -0.4459
vn 0.0782 0.0149 -0.9968
vn 0.9559 0.0985 0.2765
vn -0.7848 -0.1282 0.6063
vn 0.4443 -0.1607 0.8814
vn -0.1631 0.1025 -0.9813
vn -0.2534 0.0626 -0.9653
vn -0.7751 0.0155 -0.6316
vn 0.4659 0.0499 -0.8834
vn -0.8792 0.1597 -0.4488
vn -0.9958 0.0489 0.0769
vn -0.4600 -0.1770 0.8701
vn 0.9927 -0.1024 0.0635
vn 0.6055 -0.4334 0.6675
vn -0.5623 0.3516 -0.7485
vn -0.9423 0.3170 -0.1077
vn -0.9217 0.0839 0.3787
vn 0.9562 -0.2851 -0.0666
vn 0.8386 -0.2932 -0.4592
vn 0.5127 -0.5664 0.6453
vn -0.4152 -0.1778 0.8922
vn -0.8684 0.4398 0.2291
vn -0.5834 0.8103 0.0547
vn -0.7004 0.5775 -0.4194
vn 0.1487 -0.1757 0.9732
vn -0.5903 0.3078 0.7462
vn -0.0253 0.3653 -0.9306
vn 0.5740 -0.3741 -0.7284
vn -0.4302 0.8247 -0.3673
vn 0.0406 0.4549 -0.8896
vn -0.4978 0.7232 0.4787
vn 0.0872 0.2395 0.9670
vn 0.6592 -0.7221 -0.2099
vn 0.8477 -0.5231 0.0878
vn 0.8914 -0.4337 -0.1316
vn 0.0485 0.8931 -0.4472
vn -0.1200 0.8901 0.4397
vn 0.3116 -0.5993 0.7374
vn 0.5852 -0.8089 0.0577
vn 0.5382 -0.1549 -0.8284
vn 0.0403 -0.2658 0.9632
vn -0.3195 -0.2799 0.9053
vn -0.6731 0.2618 -0.6917
vn -0.7843 -0.1323 -0.6061
vn 0.2120 -0.1434 -0.9667
vn -0.4272 -0.2863 0.8576
vn 0.7841 -0.1202 -0.6088
vn 0.7295 -0.0791 0.6794
vn -0.0520 -0.0236 -0.9984
vn 0.9990 -0.0078 -0.0448
vn -0.4865 -0.1644 0.8581
vn -0.9298 -0.1164 0.3493
vn -0.9727 -0.1266 0.1946
vn -0.9203 -0.0928 -0.3801
vn 0.7892 -0.1435 0.5972
vn 0.7842 0.0500 -0.6185
vn -0.9762 -0.1249 0.1773
vn 0.6458 -0.1627 0.7459
vn -0.3010 -0.2149 0.9291
vn 0.7425 -0.0619 0.6669
vn 0.9803 0.0315 0.1951
vn 0.4805 0.1723 -0.8599
vn 0.9144 0.1579 -0.3727
vn -0.9930 -0.1181 -0.0049
vn -0.7738 -0.1600 0.6129
vn -0.9545 -0.0430 0.2950
vn -0.0315 -0.2647 0.9638
vn -0.5746 -0.1193 0.8097
vn -0.2391 0.1129 -0.9644
vn 0.1756 0.0972 -0.9796
vn -0.7945 -0.0593 -0.6044
vn 0.9439 -0.0196 -0.3297
vn 0.6641 0.0557 -0.7456
vn -0.8138 -0.0839 0.5750
vn 0.6670 -0.1738 0.7245
vn 0.9997 -0.0228 -0.0121
vn -0.0371 0.1518 -0.9877
vn -0.6959 0.2962 -0.6541
vn -0.8681 0.0779 -0.4903
vn -0.9878 0.0952 -0.1229
vn -0.9218 0.3330 0.1986
vn -0.0190 -0.0363 0.9992
vn -0.4816 -0.0521 0.8748
vn 0.9275 -0.2483 0.2795
vn 0.9434 -0.2966 -0.1486
vn 0.4461 -0.2754 -0.8516
vn 0.8064 -0.5619 -0.1841
vn 0.6165 -0.3105 -0.7235
vn 0.2874 0.2198 0.9323
vn -0.4526 0.4421 0.7744
vn -0.6470 0.5407 -0.5376
vn -0.2629 0.6685 -0.6957
vn -0.0399 0.9978 0.0523
vn -0.3985 0.9035 0.1580
vn -0.7373 0.6722 -0.0681
vn -0.6835 0.6146 0.3938
vn 0.6301 -0.7652 0.1319
vn 0.8503 -0.5256 -0.0257
vn 0.2157 -0.6222 0.7526
vn -0.9795 -0.1586 0.1245
vn -0.3106 -0.0680 -0.9481
vn 0.6919 -0.0800 0.7175
vn -0.3718 -0.3413 0.8633
vn 0.3669 -0.2398 -0.8989
vn -0.2270 -0.2124 0.9505
vn -0.9738 -0.1665 0.1551
vn -0.9199 -0.1242 -0.3720
vn 0.1088 -0.1586 -0.9813
vn 0.9902 0.0341 -0.1351
vn -0.5042 -0.0357 -0.8628
vn -0.9429 -0.1399 0.3022
vn -0.5162 -0.1894 0.8352
vn 0.5482 0.0203 -0.8361
vn 0.4375 0.1204 -0.8911
vn -0.6906 -0.0491 -0.7215
vn 0.4689 -0.1758 0.8656
vn 0.3905 -0.1891 0.9010
vn -0.5446 -0.1882 0.8173
vn -0.5152 -0.1787 0.8382
vn 0.9465 0.0198 0.3222
vn -0.4996 0.0079 -0.8662
vn -0.9703 -0.1408 -0.1969
vn -0.9475 -0.1160 -0.2978
vn 0.9163 0.1833 -0.3560
vn -0.8239 -0.1414 0.5488
vn -0.9484 -0.1316 0.2886
vn -0.7662 -0.0376 0.6416
vn 0.9267 -0.0481 0.3727
vn 0.4987 0.1232 -0.8579
vn 0.9073 -0.0354 -0.4190
vn -0.2156 -0.1789 0.9600
vn -0.9587 0.0961 0.2677
vn -0.9011 0.0517 -0.4304
vn 0.7391 -0.2556 0.6232
vn -0.2710 0.1732 -0.9469
vn 0.7143 -0.2267 -0.6622
vn 0.8834 -0.2779 -0.3774
vn -0.9618 0.2429 -0.1260
vn -0.8459 0.5118 -0.1498
vn -0.7587 0.3448 0.5528
vn -0.1884 -0.0086 0.9821
vn 0.5635 -0.2051 0.8002
vn 0.7920 -0.5462 -0.2728
vn -0.5257 0.5572 0.6428
vn 0.0286 0.3390 0.9404
vn 0.5582 -0.5230 -0.6441
vn 0.0548 -0.2165 -0.9748
vn -0.2043 0.1020 -0.9736
vn -0.7130 0.6815 -0.1652
vn -0.4693 0.7613 -0.4474
vn -0.2896 0.8529 0.4344
vn 0.6757 0.1080 0.7292
vn 0.6258 -0.7502 -0.2134
vn 0.8702 -0.1577 0.4668
vn -0.9244 -0.0825 0.3724
vn -0.9656 -0.0531 0.2547
vn -0.0638 -0.0092 0.9979
vn 0.9792 -0.1012 -0.1756
vn 0.0967 -0.1007 0.9902
vn -0.5534 0.0052 0.8329
vn 0.0838 -0.1490 -0.9853
vn 0.2442 -0.2023 -0.9484
vn 0.9882 -0.1497 0.0331
vn 0.6651 -0.0368 -0.7459
vn -0.9229 -0.1892 -0.3355
vn -0.3688 -0.0738 -0.9266
vn -0.9604 -0.2023 0.1917
vn 0.1108 -0.2227 0.9686
vn 0.2375 -0.0438 0.9704
vn 0.7582 0.1201 -0.6408
vn -0.7407 -0.2736 0.6136
vn -0.5262 -0.1331 0.8399
vn -0.4075 -0.2927 0.8650
vn 0.1502 0.1615 -0.9754
vn 0.6102 0.1582 -0.7763
vn 0.9438 0.0553 -0.3259
vn -0.2601 0.1850 -0.9477
vn -0.9765 -0.0554 0.2080
vn -0.9546 -0.0510 -0.2936
vn -0.9016 -0.2419 0.3586
vn -0.7540 -0.1553 0.6383
vn -0.4545 0.1406 -0.8796
vn -0.9832 0.1250 0.1327
vn -0.4906 -0.1666 0.8553
vn -0.6900 0.1357 0.7110
vn 0.2522 -0.1412 0.9573
vn -0.0326 -0.2730 0.9615
vn 0.7519 -0.1696 0.6371
vn 0.9472 -0.1093 -0.3015
vn 0.6732 -0.2050 -0.7104
vn 0.4524 0.0025 -0.8918
vn -0.9109 0.4002 -0.1001
vn -0.5188 0.1714 -0.8375
vn -0.7944 0.3621 0.4876
vn -0.5150 0.1707 -0.8400
vn 0.3108 -0.3617 -0.8790
vn -0.2064 0.3195 0.9248
vn -0.5483 0.5235 0.6522
vn 0.5208 -0.5343 -0.6658
vn 0.8833 -0.4631 -0.0730
vn -0.4419 -0.1343 -0.8870
vn -0.7542 0.6494 0.0975
vn -0.2677 0.7028 0.6591
vn 0.6655 0.1558 0.7300
vn 0.6258 -0.0556 0.7780
vn 0.2539 -0.7434 -0.6188
vn -0.6889 0.7131 -0.1302
vn -0.1406 0.8768 0.4599
vn 0.7483 0.3886 0.5376
vn 0.8607 -0.4794 -0.1715
vn 0.5077 -0.1324 0.8513
vn 0.1745 -0.7578 -0.6287
vn 0.9173 -0.3512 0.1877
vn -0.8590 -0.4550 -0.2348
vn -0.2084 -0.0992 -0.9730
vn 0.5258 -0.1046 -0.8441
vn 0.9352 -0.3475 -0.0674
vn -0.8087 -0.2193 0.5459
vn -0.1346 -0.4117 0.9013
vn -0.7956 -0.0642 -0.6024
vn -0.1587 0.2028 -0.9663
vn 0.3619 0.2482 -0.8986
vn -0.8857 -0.3217 0.3346
vn -0.7943 0.2606 -0.5488
vn 0.9370 0.0011 -0.3494
vn -0.3110 0.5995 -0.7375
vn 0.2216 -0.5001 0.8371
vn -0.2148 -0.6451 0.7332
vn -0.9582 -0.0665 0.2781
vn -0.6433 0.6910 -0.3296
vn 0.2414 0.4989 -0.8324
vn 0.1173 0.7759 -0.6199
vn 0.7470 0.4626 -0.4775
vn 0.0472 -0.7236 0.6886
vn 0.9522 -0.2709 0.1409
vn -0.9113 0.1408 0.3869
vn 0.2369 0.8565 -0.4586
vn -0.7873 -0.2672 0.5557
vn -0.4321 0.9018 -0.0064
vn 0.6339 0.7359 -0.2381
vn 0.8040 -0.5485 0.2295
vn -0.7190 -0.4967 -0.4862
vn -0.5006 0.2594 -0.8259
vn 0.0673 0.5049 -0.8605
vn 0.7880 0.5510 -0.2745
vn 0.2864 0.6914 -0.6633
vn 0.9695 -0.2070 0.1314
vn -0.9476 -0.3022 -0.1038
vn -0.7242 0.4685 -0.5059
vn 0.1930 0.8417 -0.5043
vn 0.4156 0.8213 -0.3908
vn -0.0709 -0.7729 0.6305
vn -0.8286 0.2656 0.4928
vn -0.9206 0.3804 0.0878
vn 0.8823 -0.4077 0.2354
vn 0.2290 0.3334 0.9146
vn -0.5307 -0.3248 -0.7829
vn 0.1253 -0.6685 -0.7331
vn 0.4397 -0.8861 0.1465
vn 0.5374 -0.6098 0.5826
vn 0.2706 -0.3780 0.8854
vn -0.7200 -0.1970 0.6654
vn -0.5831 -0.2543 0.7716
vn -0.3854 -0.1238 -0.9144
vn -0.2561 -0.3119 -0.9150
vn -0.9897 0.1400 0.0293
vn -0.7944 0.1639 -0.5849
vn -0.5195 0.0206 -0.8542
vn -0.4759 -0.0106 -0.8794
vn -0.1242 -0.4382 0.8902
vn -0.8613 -0.1028 0.4977
vn -0.9936 0.1003 -0.0516
vn -0.6342 0.2664 -0.7258
vn -0.7099 0.1659 -0.6845
vn -0.5708 0.3358 -0.7493
vn -0.5725 0.3330 -0.7492
vn -0.8774 0.0902 -0.4711
vn -0.8835 0.3752 -0.2803
vn -0.9403 0.3395 -0.0238
vn -0.9139 -0.2578 0.3135
vn -0.9392 0.3147 -0.1376
vn -0.9928 0.0486 0.1095
vn -0.6951 -0.6342 0.3385
vn -0.7817 0.5950 -0.1869
vn -0.7733 0.6266 -0.0964
vn -0.9372 -0.3448 0.0518
vn -0.1943 -0.0889 -0.9769
vn 0.2059 -0.6563 -0.7259
vn 0.0916 -0.3876 0.9173
vn 0.8866 0.0156 0.4624
vn -0.8421 0.0154 -0.5391
vn -0.1711 0.1837 -0.9680
vn 0.5682 0.5077 -0.6476
vn 0.9688 -0.1546 0.1938
vn 0.6531 0.1099 -0.7493
vn -0.2239 0.4940 -0.8402
vn 0.0939 -0.6405 0.7622
vn -0.7703 -0.5011 0.3943
vn 0.6883 0.6499 -0.3223
vn -0.7683 0.4295 -0.4747
vn -0.8721 -0.4183 0.2539
vn 0.9031 0.0496 0.4265
vn -0.3664 0.8594 -0.3567
vn -0.1066 0.7622 -0.6385
vn -0.9554 -0.2763 0.1038
vn 0.1375 -0.8348 0.5331
vn 0.4578 0.8869 -0.0624
vn 0.7545 -0.3107 -0.5781
vn 0.0023 -0.9510 0.3093
vn 0.0760 -0.6728 -0.7359
vn 0.2983 -0.0688 -0.9520
vn 0.0284 0.8259 0.5631
vn -0.3455 0.7189 -0.6032
vn -0.9518 0.3068 0.0001
vn 0.0345 0.0611 0.9975
vn -0.9042 -0.0114 0.4269
vn -0.0663 0.8683 -0.4916
vn 0.9324 -0.0492 -0.3581
vn 0.9906 -0.0300 0.1332
vn 0.1547 -0.8435 0.5143
vn 0.9284 0.3483 0.1296
vn -0.6065 0.7542 -0.2518
vn -0.0398 0.9978 0.0522
vn -0.3319 -0.4835 0.8100
vn -0.4408 -0.8293 -0.3435
vn 0.7258 -0.1462 0.6722
vn 0.0719 -0.2563 0.9639
vn 0.9823 0.1804 -0.0511
vn 0.5028 0.1885 -0.8436
vn 0.4110 -0.7178 -0.5621
vn 0.7517 0.4315 -0.4988
vn 0.4699 -0.2539 0.8454
vn -0.1397 -0.3365 0.9313
vn 0.7004 -0.1990 0.6855
vn 0.1960 0.3465 -0.9173
vn 0.3622 0.4275 -0.8283
vn -0.0169 -0.4837 0.8751
vn 0.7787 -0.4470 0.4403
vn 0.0687 -0.9963 -0.0523
vn -0.1593 -0.6938 0.7023
vn 0.5509 -0.6788 0.4856
vn 0.6276 0.7608 -0.1649
vn 0.9171 0.3985 0.0059
vn 0.4908 0.7466 -0.4492
vn 0.2912 0.8577 -0.4238
vn -0.4628 -0.8208 0.3347
vn -0.6850 -0.7018 0.1958
vn -0.4005 -0.8915 -0.2116
vn -0.3908 -0.8659 -0.3124
vn 0.2305 0.3832 -0.8945
vn 0.1008 0.3161 -0.9434
vn 0.8426 0.2475 0.4783
vn 0.5252 0.3415 0.7794
vn -0.7866 -0.3819 -0.4852
vn 0.0285 0.8259 0.5631
vn 0.3704 -0.4026 0.8371
vn 0.8781 0.4529 0.1545
vn 0.5574 -0.6866 0.4667
vn 0.2600 -0.6797 -0.6859
vn 0.6561 -0.7500 -0.0836
vn 0.4725 -0.4688 0.7463
vn 0.5073 -0.6053 0.6134
vn 0.4023 -0.2550 -0.8793
vn 0.9031 -0.4172 -0.1015
vn 0.2349 -0.4149 0.8790
vn 0.2211 -0.3684 0.9030
vn -0.1096 -0.0635 -0.9919
vn -0.2485 0.1948 -0.9488
vn 0.0288 0.2772 -0.9604
vn 0.6618 0.1613 -0.7321
vn 0.9904 -0.0735 0.1171
vn 0.3597 -0.4810 0.7995
vn 0.1768 0.6087 -0.7734
vn 0.6735 0.5641 -0.4776
vn 0.0890 -0.4531 0.8870
vn 0.1040 -0.2503 0.9626
vn -0.2709 0.6182 -0.7379
vn -0.1983 0.8502 -0.4876
vn 0.9007 0.4330 0.0340
vn 0.4880 -0.5913 0.6420
vn 0.2783 -0.8107 0.5150
vn 0.1872 -0.7054 0.6836
vn 0.7467 0.6046 0.2771
vn 0.5907 -0.6863 0.4243
vn -0.3895 0.8795 -0.2733
vn 0.8289 0.4842 -0.2801
vn 0.3334 0.4468 -0.8302
vn -0.1202 -0.2621 0.9575
vn 0.8200 -0.2556 0.5121
vn 0.9585 0.2069 0.1961
vn -0.7758 -0.6246 -0.0900
vn -0.4998 0.0687 -0.8634
vn -0.5001 -0.6761 -0.5411
vn -0.1572 0.5538 -0.8177
vn -0.8760 -0.0825 -0.4753
vn 0.2455 0.8069 -0.5373
vn -0.0439 -0.8436 0.5352
vn 0.7632 0.6426 0.0679
vn 0.7977 0.0728 0.5986
vn -0.9093 -0.3989 -0.1184
vn -0.5902 0.6251 -0.5108
vn 0.1739 0.9757 -0.1333
vn -0.1222 -0.5984 0.7918
vn 0.1885 -0.8620 0.4706
vn -0.9132 0.2182 -0.3441
vn 0.4803 -0.4791 -0.7347
vn 0.5756 -0.3137 -0.7552
vn -0.6415 0.0899 0.7618
vn 0.5875 -0.8091 -0.0153
vn 0.9213 -0.3879 0.0264
vn 0.2469 0.0284 -0.9686
vn 0.7698 -0.1447 0.6217
vn -0.4217 -0.2261 0.8781
vn -0.9702 -0.0537 0.2363
vn -0.6084 0.1943 -0.7694
vn -0.2190 0.0589 -0.9740
vn 0.4815 0.2736 -0.8326
vn 0.8757 0.1461 -0.4601
vn 0.9025 0.3962 -0.1687
vn -0.9018 -0.3909 -0.1842
vn 0.6627 0.0511 0.7472
vn -0.2989 -0.5532 0.7776
vn 0.2753 0.5927 -0.7569
vn 0.7231 0.6780 -0.1321
vn -0.9349 -0.0476 -0.3517
vn 0.1634 0.9098 -0.3815
vn 0.5994 0.0983 0.7944
vn 0.9057 0.2926 0.3066
vn -0.5302 -0.0850 0.8436
vn -0.4869 0.6965 -0.5270
vn 0.6888 -0.3901 -0.6110
vn 0.2196 -0.8765 0.4283
vn 0.5296 -0.7259 0.4388
vn -0.9607 0.2248 0.1629
vn -0.4452 0.4051 -0.7985
vn 0.4677 -0.2761 -0.8397
vn -0.3348 0.4268 -0.8401
vn 0.7075 0.0264 -0.7062
vn 0.9398 -0.2797 -0.1962
vn 0.5354 -0.3181 0.7824
vn 0.3006 0.1116 -0.9472
vn -0.7801 -0.1723 0.6014
vn -0.9433 0.1031 -0.3156
vn 0.9878 -0.0129 0.1549
vn 0.8646 0.2833 -0.4151
vn -0.7005 -0.1076 -0.7055
vn 0.2985 0.4458 -0.8439
vn 0.8409 0.5191 -0.1530
vn 0.0560 -0.3411 0.9383
vn -0.7909 -0.5138 0.3325
vn -0.7083 -0.0970 -0.6992
vn 0.8960 0.0767 0.4375
vn 0.7541 0.4052 0.5168
vn -0.8024 -0.1035 -0.5877
vn -0.0133 0.7597 -0.6501
vn 0.1849 -0.3491 0.9187
vn -0.5551 -0.7999 0.2281
vn 0.5277 0.8476 -0.0552
vn -0.1959 -0.6122 -0.7660
vn 0.8885 -0.3354 0.3132
vn 0.9378 -0.2005 0.2835
vn -0.4427 0.2900 -0.8485
vn 0.3835 -0.1317 -0.9141
vn -0.7357 -0.1158 0.6674
vn -0.5149 -0.2983 0.8037
vn 0.2994 0.2271 -0.9267
vn 0.8586 -0.0667 -0.5082
vn 0.9810 -0.1756 0.0823
vn 0.2260 -0.2746 0.9346
vn -0.8150 -0.1011 0.5706
vn -0.9136 0.0924 -0.3959
vn -0.9003 -0.0342 -0.4340
vn 0.1799 0.2218 -0.9584
vn 0.9018 0.1177 -0.4157
vn 0.9393 0.0250 0.3422
vn -0.7517 -0.3529 0.5571
vn -0.8233 -0.2378 -0.5153
vn -0.2056 0.5240 -0.8266
vn 0.2187 0.3926 -0.8933
vn 0.6105 0.5789 -0.5405
vn 0.8429 0.3156 -0.4359
vn 0.8685 0.4694 0.1595
vn 0.3826 -0.1682 0.9085
vn -0.4380 -0.7206 0.5375
vn 0.3637 0.8939 -0.2619
vn 0.3863 0.2973 0.8731
vn -0.7841 -0.4349 -0.4427
vn -0.0400 0.9978 0.0521
vn -0.6298 -0.2754 -0.7263
vn -0.6767 -0.1030 -0.7290
vn 0.8014 -0.1224 -0.5855
vn 0.7354 -0.0422 -0.6763
vn 0.8363 -0.2902 0.4651
vn -0.1299 -0.2946 0.9467
vn 0.7701 -0.2764 0.5749
vn -0.5603 -0.2033 0.8030
vn 0.4513 -0.0956 -0.8873
vn 0.9926 -0.1063 0.0588
vn -0.9865 0.1309 0.0985
vn -0.6067 0.0944 -0.7893
vn 0.4725 -0.2126 0.8553
vn 0.6740 0.0606 -0.7363
vn 0.7000 -0.0041 -0.7141
vn -0.7790 -0.0745 0.6226
vn -0.3561 -0.1790 0.9172
vn -0.9934 -0.0657 0.0937
vn 0.6289 -0.1528 0.7624
vn -0.4839 -0.3791 0.7887
vn -0.9524 -0.2989 -0.0606
vn 0.9812 0.0909 0.1702
vn 0.5104 0.0416 0.8589
vn -0.3785 0.0194 -0.9254
vn -0.3078 0.0520 -0.9500
vn 0.9190 0.3926 0.0370
vn 0.7931 0.3974 0.4616
vn -0.3044 -0.4672 0.8301
vn -0.8342 -0.5492 -0.0494
vn -0.4136 -0.0122 -0.9104
vn 0.6400 0.7592 0.1185
vn 0.2932 0.4829 0.8251
vn -0.3881 -0.3452 0.8545
vn -0.5347 -0.8280 -0.1690
vn 0.1832 0.9248 0.3334
vn 0.0479 0.8567 -0.5135
vn 0.1074 -0.0262 -0.9939
vn -0.5422 -0.2920 -0.7879
vn 0.9918 -0.1272 0.0112
vn 0.9929 -0.1145 0.0318
vn 0.1076 -0.3484 0.9312
vn -0.8243 -0.5538 0.1175
vn -0.2912 -0.0016 -0.9567
vn 0.4902 -0.2629 -0.8310
vn 0.8852 -0.1540 0.4390
vn -0.5717 -0.0944 0.8150
vn -0.9899 0.0365 -0.1373
vn -0.4672 0.0832 -0.8803
vn 0.1128 -0.2276 0.9672
vn 0.9799 -0.1460 0.1358
vn 0.7565 -0.1536 0.6357
vn 0.3119 -0.2071 0.9273
vn -0.8003 -0.0538 0.5971
vn -0.6478 0.1791 -0.7405
vn 0.4018 0.0686 -0.9131
vn 0.7623 -0.0492 -0.6453
vn 0.9788 -0.0351 -0.2015
vn -0.9686 0.0663 -0.2395
vn -0.7989 -0.1359 0.5860
vn 0.9519 -0.0190 0.3059
vn -0.9013 -0.0762 -0.4265
vn -0.3294 0.0089 -0.9442
vn 0.7501 0.3324 -0.5718
vn 0.5237 0.0014 0.8519
vn -0.4416 -0.3389 0.8308
vn -0.9601 -0.2598 -0.1033
vn 0.8874 0.3901 0.2457
vn -0.2132 0.1107 0.9707
vn 0.4640 0.6934 -0.5513
vn -0.3322 -0.0644 -0.9410
vn 0.5511 0.7898 0.2694
vn -0.7286 -0.6845 -0.0247
vn 0.1076 -0.0263 -0.9939
vn -0.5426 -0.2888 -0.7888
vn 0.9938 -0.1107 -0.0144
vn 0.9929 -0.1142 0.0319
vn 0.1065 -0.3486 0.9312
vn -0.8238 -0.5545 0.1179
vn -0.0801 -0.0326 -0.9963
vn 0.5632 -0.2363 -0.7918
vn 0.8676 -0.1405 0.4770
vn -0.6097 -0.0890 0.7876
vn -0.9956 -0.0008 -0.0939
vn 0.7567 -0.0768 -0.6492
vn -0.4807 0.0858 -0.8727
vn 0.9590 -0.1752 0.2228
vn 0.1562 -0.2489 0.9558
vn 0.4964 -0.1486 0.8553
vn -0.6264 0.1833 -0.7576
vn 0.3852 0.0434 -0.9218
vn -0.9478 0.1306 -0.2909
vn -0.6956 -0.0565 0.7162
vn -0.8716 -0.0910 0.4816
vn 0.9474 0.0541 -0.3153
vn 0.9452 -0.1432 -0.2934
vn 0.2405 -0.1104 0.9643
vn -0.7011 -0.3791 0.6039
vn -0.9103 -0.1107 -0.3988
vn 0.9405 0.0489 0.3362
vn 0.8709 0.3905 -0.2982
vn 0.6730 0.3978 0.6236
vn -0.6772 -0.6041 -0.4201
vn 0.1029 0.0281 -0.9943
vn 0.0264 0.0447 -0.9987
vn 0.6150 0.7473 -0.2516
vn 0.3388 0.7602 0.5543
vn -0.6185 -0.0346 0.7850
vn 0.0443 -0.0181 -0.9989
vn 0.9827 -0.1010 0.1553
vn 0.0101 -0.1348 0.9908
vn 0.9389 0.2672 0.2171
vn -0.9587 -0.0898 -0.2697
vn -0.8985 -0.1175 0.4230
vn -0.2097 -0.1451 -0.9669
vn 0.7288 -0.2114 -0.6513
vn 0.2761 -0.1535 0.9488
vn 0.1840 0.0214 -0.9827
vn -0.4149 -0.1592 0.8958
vn -0.9906 -0.1277 -0.0482
vn 0.7867 -0.2121 0.5797
vn -0.6596 0.1000 -0.7450
vn -0.9750 -0.0139 0.2217
vn 0.9705 -0.1147 -0.2119
vn 0.9461 -0.1506 0.2867
vn 0.3800 0.1800 -0.9073
vn 0.6769 -0.1870 0.7119
vn 0.3745 -0.2425 0.8950
vn 0.7110 -0.0121 0.7031
vn -0.2206 -0.2747 0.9359
vn -0.9857 -0.0355 0.1645
vn -0.6723 0.1252 -0.7296
vn 0.3688 0.1098 -0.9230
vn -0.2689 -0.1396 0.9530
vn 0.2639 0.1616 0.9509
vn -0.9264 -0.3316 0.1786
vn -0.5907 -0.2653 -0.7620
vn -0.9004 -0.2459 0.3588
vn -0.3902 0.5226 0.7581
vn -0.3933 -0.6716 -0.6280
vn 0.6811 0.7301 0.0548
vn 0.4972 0.0292 -0.8672
vn 0.2604 0.7659 0.5879
vn -0.9614 0.1523 -0.2291
vn 0.3902 -0.0237 -0.9204
vn 0.4148 -0.3209 -0.8514
vn -0.1257 -0.1601 0.9791
vn -0.7035 -0.1493 0.6948
vn -0.8918 -0.1559 -0.4247
vn -0.4252 0.0858 -0.9010
vn 0.7869 -0.1579 -0.5966
vn -0.9668 -0.0796 0.2428
vn 0.4254 -0.0188 -0.9048
vn -0.3410 -0.1439 0.9290
vn -0.8366 0.1105 -0.5366
vn 0.8668 -0.1998 0.4569
vn 0.4960 -0.2285 0.8377
vn 0.3979 -0.1098 0.9108
vn -0.0030 -0.1767 0.9843
vn 0.0497 -0.1241 0.9910
vn -0.9338 0.0556 -0.3535
vn 0.7010 0.2315 -0.6746
vn 0.8872 -0.2479 0.3891
vn 0.8388 0.0081 -0.5444
vn 0.9810 0.0330 0.1912
vn 0.7231 -0.0236 0.6904
vn 0.3438 -0.0616 0.9370
vn -0.1181 -0.1297 0.9845
vn -0.6141 0.0814 0.7851
vn 0.1970 0.2763 0.9407
vn -0.3523 -0.0488 -0.9346
vn 0.6785 0.0012 -0.7346
vn -0.9870 -0.1493 -0.0595
vn -0.9239 -0.2068 -0.3218
vn 0.8438 0.5224 0.1231
vn 0.4973 -0.1729 -0.8502
vn 0.2056 0.7658 0.6093
vn -0.6557 0.4921 0.5726
vn -0.8304 -0.1711 0.5303
vn 0.3450 0.0236 -0.9383
vn -0.9803 -0.1607 -0.1146
vn 0.1733 -0.2297 0.9577
vn -0.4474 -0.0973 0.8890
vn -0.4793 -0.2853 -0.8300
vn 0.9654 -0.1691 -0.1983
vn 0.0173 -0.1968 0.9803
vn 0.3479 -0.0322 -0.9370
vn -0.7910 -0.1480 -0.5936
vn -0.3626 -0.0077 -0.9319
vn 0.4351 0.1721 -0.8838
vn 0.8891 -0.0335 -0.4565
vn -0.4539 -0.2250 0.8622
vn -0.8599 -0.1874 0.4749
vn 0.3648 -0.1491 0.9191
vn 0.0455 -0.1674 0.9848
vn 0.9678 0.0597 -0.2444
vn -0.7541 -0.2164 0.6201
vn -0.3728 -0.0832 0.9242
vn -0.6625 0.0508 -0.7474
vn 0.3514 0.1111 -0.9296
vn -0.8799 -0.0069 0.4751
vn -0.9903 -0.1095 0.0851
vn 0.1164 -0.1300 0.9847
vn 0.9945 -0.0792 -0.0682
vn 0.5671 0.0822 0.8195
vn -0.2149 0.2677 0.9392
vn -0.5723 -0.1615 -0.8040
vn -0.1574 -0.0155 -0.9874
vn -0.9321 0.1940 -0.3060
vn -0.7410 0.3430 0.5773
vn -0.7981 0.5930 0.1064
vn 0.4070 -0.4258 -0.8081
vn -0.2019 0.7516 0.6279
vn 0.6235 0.5171 0.5864
vn 0.9749 -0.1276 -0.1823
vn -0.1145 0.1132 -0.9870
vn -0.8018 -0.5121 0.3079
vn -0.0271 0.5768 -0.8165
vn -0.0219 0.5853 -0.8105
vn -0.5682 -0.4220 0.7064
vn 0.4907 0.7466 -0.4492
vn 0.0551 0.7966 -0.6020
vn 0.7871 -0.5966 0.1568
vn -0.4464 -0.8707 -0.2063
vn -0.2029 -0.8980 0.3905
vn 0.4319 0.0959 -0.8968
vn 0.4451 -0.1030 0.8895
vn 0.2056 -0.4992 -0.8417
vn -0.4413 0.0192 -0.8972
vn 0.9782 -0.0230 0.2065
vn 0.8426 -0.2859 -0.4564
vn 0.7874 -0.0974 0.6087
vn 0.9854 0.0477 -0.1633
vn -0.3248 -0.0507 0.9444
vn -0.4023 -0.4006 -0.8232
vn -0.9481 0.3105 -0.0692
vn -0.2326 -0.6881 0.6873
vn -0.3212 -0.5724 0.7545
vn 0.8320 -0.1927 0.5203
vn 0.1169 -0.4753 0.8720
vn 0.1261 -0.4030 0.9065
vn -0.8848 0.4302 -0.1789
vn -0.9755 0.1427 0.1673
vn 0.1071 -0.5017 0.8584
vn -0.7778 -0.1129 0.6184
vn -0.7898 -0.2210 0.5721
vn -0.5383 -0.6728 0.5076
vn -0.5165 -0.6114 0.5995
vn 0.9097 -0.3657 -0.1965
vn -0.6625 -0.1873 0.7253
vn 0.3659 -0.8830 0.2939
vn 0.1508 -0.7060 0.6920
vn 0.2093 0.0293 -0.9774
vn -0.4022 -0.4006 -0.8233
vn -0.5171 -0.5874 0.6225
vn -0.6534 -0.6436 0.3985
vn -0.0673 -0.1108 -0.9916
vn -0.4629 -0.6285 0.6251
vn 0.0256 0.4394 -0.8979
vn 0.4673 0.5758 -0.6708
vn 0.5689 0.6421 -0.5139
vn -0.2984 -0.7454 0.5961
vn 0.5961 0.6499 -0.4714
vn 0.8587 0.5092 0.0571
vn -0.3729 0.1279 -0.9190
vn -0.2470 0.4071 -0.8793
vn -0.5228 0.4849 -0.7011
vn -0.5771 0.3237 -0.7498
vn -0.5137 0.6782 -0.5256
vn -0.6099 0.7014 -0.3690
vn -0.6817 0.6342 -0.3648
vn -0.6898 0.2142 -0.6916
vn -0.3924 0.1942 -0.8990
vn -0.1978 -0.8355 -0.5126
vn -0.3573 -0.1997 0.9124
vn 0.4402 -0.4188 0.7942
vn 0.7168 0.3044 -0.6274
vn 0.7020 0.4962 -0.5108
vn 0.4344 0.6713 -0.6006
vn 0.7803 -0.0762 -0.6207
vn -0.8841 -0.0801 0.4605
vn -0.8739 -0.0827 0.4791
vn 0.6846 -0.0186 0.7286
vn -0.1356 -0.0415 0.9899
vn 0.9811 0.1929 -0.0167
vn 0.3646 0.1351 -0.9213
vn 0.8972 0.4375 0.0600
vn 0.5582 0.3964 0.7289
vn 0.0579 0.3543 0.9333
vn 0.8151 -0.1637 0.5556
vn 0.9864 -0.1631 -0.0209
vn 0.7326 0.3142 0.6038
vn -0.9843 -0.1755 -0.0177
vn 0.9712 -0.0474 0.2336
vn 0.5567 0.1589 -0.8154
vn 0.6297 -0.6181 0.4706
vt 0.182698 0.329104
vt 0.090986 0.002456
vt 0.000000 0.039569
vt -0.000145 0.381573
vt 0.090908 0.907922
vt 0.000000 0.603373
vt -0.000000 0.965791
vt 0.181819 0.153546
vt 0.181204 0.761293
vt 0.181716 0.584604
vt 0.214286 0.664320
vt 0.316263 0.603846
vt 0.214286 0.600000
vt 0.387781 0.516145
vt 0.455272 0.400000
vt 0.321429 0.400000
vt 0.282436 0.499483
vt 0.435770 0.609852
vt 0.285714 0.701687
vt 0.440504 0.799727
vt 0.586477 0.686222
vt 0.321775 0.799999
vt 0.612676 0.569592
vt 0.545017 0.482520
vt 0.598717 0.387415
vt 0.500000 0.399457
vt 0.704242 0.449399
vt 0.688666 0.800000
vt 0.633651 0.300000
vt 0.764941 0.523752
vt 0.763771 0.702582
vt 0.850182 0.553548
vt 0.762147 0.800000
vt 0.789933 0.400000
vt 0.851882 0.800000
vt 0.857143 0.711001
vt 0.928572 0.450000
vt 0.922833 0.400572
vt 0.926909 0.699945
vt 0.928571 0.600000
vt 0.163640 0.608911
vt 0.304642 0.390013
vt -0.000112 0.612926
vt 0.361076 0.242025
vt 0.194826 0.091428
vt 0.001840 0.337100
vt 0.313116 0.498303
vt 0.480401 0.542600
vt 0.537528 0.335996
vt 0.527802 0.994761
vt 0.550465 0.789146
vt 0.176839 0.808773
vt 0.607663 0.126380
vt 0.477780 0.037736
vt 0.670586 0.561184
vt 0.638419 0.501238
vt 0.721179 0.329836
vt 0.805317 0.995519
vt 0.721031 0.828762
vt 0.773619 0.055874
vt 0.772257 0.576130
vt 0.763459 0.172830
vt 0.876770 0.356676
vt 0.893040 0.725908
vt 0.897843 0.970591
vt 0.898418 0.012679
vt 0.954546 0.200000
vt 0.893366 0.562593
vt 0.954546 0.400000
vt 0.954546 0.600000
vt 0.954545 0.850000
vt 0.370862 0.169166
vt 0.239469 0.030206
vt 0.189559 0.238197
vt 0.208671 0.564749
vt 0.340109 0.437393
vt 0.113049 0.314069
vt 0.222165 0.795715
vt 0.457102 0.594895
vt 0.339003 0.570089
vt 0.226590 0.949823
vt 0.442583 0.798703
vt 0.527102 0.015967
vt 0.382244 0.010513
vt 0.487649 0.456344
vt 0.588788 0.164559
vt 0.687420 0.135016
vt 0.555081 0.607804
vt 0.655528 0.480965
vt 0.549428 0.969205
vt 0.629042 0.794744
vt 0.562396 0.321294
vt 0.677170 0.341351
vt 0.677745 0.590884
vt 0.674701 0.927972
vt 0.793741 0.145280
vt 0.728516 0.000000
vt 0.748126 0.334096
vt 0.767067 0.515210
vt 0.841653 0.497985
vt 0.768330 0.739539
vt 0.862510 0.000000
vt 0.822078 0.328455
vt 0.876687 0.118136
vt 0.747677 0.946196
vt 0.862020 0.976040
vt 0.928571 0.029027
vt 0.879105 0.350616
vt 0.928571 0.277357
vt 0.855093 0.674184
vt 0.926657 0.613378
vt 0.928571 0.973924
vt 0.964286 0.100000
vt 0.964286 0.400000
vt 0.964286 0.750000
vt -0.000021 0.659445
vt 0.118354 0.700791
vt 0.000000 0.379406
vt 0.279838 0.343636
vt 0.306356 0.176133
vt 0.083606 0.183865
vt 0.166214 0.415722
vt 0.202825 0.588821
vt 0.299668 0.944583
vt 0.141861 0.785976
vt 0.101883 0.868985
vt 0.302662 0.459142
vt 0.426325 0.584192
vt 0.392687 0.801572
vt 0.444015 0.029112
vt 0.285114 0.019039
vt 0.310854 0.561400
vt 0.504195 0.373481
vt 0.484115 0.866520
vt 0.569409 0.742979
vt 0.445684 0.988359
vt 0.593173 0.959677
vt 0.625339 0.156548
vt 0.685853 0.065938
vt 0.576598 0.473446
vt 0.639416 0.337781
vt 0.569098 0.573177
vt 0.713912 0.502029
vt 0.706316 0.659394
vt 0.696822 0.796690
vt 0.733099 0.159936
vt 0.734638 0.363668
vt 0.815701 0.051267
vt 0.801971 0.335384
vt 0.813404 0.514820
vt 0.801863 0.809123
vt 0.883881 0.329744
vt 0.819454 0.178912
vt 0.892857 0.962600
vt 0.790201 0.941783
vt 0.804104 1.000000
vt 0.892857 0.117233
vt 0.928571 0.000000
vt 0.892857 0.000000
vt 0.928571 0.200000
vt 0.874402 0.480768
vt 0.928571 0.400000
vt 0.891751 0.621160
vt 0.928571 0.500000
vt 0.815635 0.686736
vt 0.928571 0.800000
vt 0.149279 0.334501
vt 0.000055 0.039104
vt -0.000043 0.341630
vt 0.100237 0.408257
vt -0.000028 0.589327
vt 0.130355 0.075093
vt 0.118212 0.000000
vt 0.080712 0.785475
vt 0.179535 0.566969
vt 0.215041 0.107259
vt 0.117472 0.974625
vt 0.285715 0.998071
vt 0.275442 0.817546
vt 0.455442 0.999387
vt 0.441420 0.386239
vt 0.354442 0.537929
vt 0.476281 0.940524
vt 0.442998 0.197853
vt 0.468112 0.549443
vt 0.576116 1.000000
vt 0.640894 0.950295
vt 0.658429 0.197277
vt 0.455123 0.055173
vt 0.628882 0.329002
vt 0.597647 0.517124
vt 0.571256 0.783883
vt 0.425706 0.792680
vt 0.683191 0.680201
vt 0.756670 0.159455
vt 0.677059 0.000000
vt 0.580693 0.031344
vt 0.738024 0.344744
vt 0.739200 0.470048
vt 0.734647 0.821725
vt 0.753795 0.949880
vt 0.808435 0.622925
vt 0.722177 0.565072
vt 0.813797 0.789274
vt 0.842149 0.975063
vt 0.813805 0.253138
vt 0.915106 0.228852
vt 0.867011 0.333742
vt 0.805473 0.371548
vt 0.840232 0.481303
vt 0.872807 0.585137
vt 0.874789 0.817376
vt 0.921427 0.969027
vt 0.928571 0.060182
vt 0.859763 0.015399
vt 0.914493 0.424787
vt 0.927954 0.610506
vt 0.928571 0.856379
vt 0.964286 0.900000
vt 0.964286 0.150000
vt 0.964286 0.300000
vt 0.964286 0.500000
vt 0.000000 0.275396
vt 0.077337 0.203666
vt -0.000063 -0.003835
vt -0.000096 0.612295
vt 0.103235 0.347746
vt -0.000063 0.971387
vt 0.056574 1.121906
vt 0.170589 0.160825
vt 0.070068 0.061318
vt 0.134546 0.504577
vt 0.279225 0.401241
vt 0.220669 0.840626
vt 0.159890 0.682929
vt 0.373111 0.289787
vt 0.278055 0.539115
vt 0.446856 0.904012
vt 0.169801 0.984665
vt 0.316134 0.746222
vt 0.364802 0.456390
vt 0.420132 0.629334
vt 0.486306 0.055100
vt 0.304126 0.018842
vt 0.425682 0.167691
vt 0.471454 1.000000
vt 0.569918 0.970623
vt 0.514729 0.210434
vt 0.507800 0.324235
vt 0.527716 0.534378
vt 0.459507 0.787838
vt 0.548911 0.644120
vt 0.619690 0.133141
vt 0.603938 0.000000
vt 0.637665 0.280703
vt 0.620542 0.395053
vt 0.584293 0.794966
vt 0.686554 0.922461
vt 0.746813 0.658918
vt 0.700646 0.527394
vt 0.724499 0.354520
vt 0.806002 0.284903
vt 0.723109 0.202609
vt 0.796525 0.581400
vt 0.768235 0.482630
vt 0.765143 1.000000
vt 0.841633 0.939582
vt 0.820526 0.182095
vt 0.848596 0.061399
vt 0.760307 0.033685
vt 0.810534 0.378097
vt 0.841104 0.493594
vt 0.841592 0.823199
vt 0.720536 0.753965
vt 0.688941 0.822884
vt 0.931430 0.129724
vt 0.915261 0.333921
vt 0.941395 0.577121
vt 0.843332 0.723810
vt 0.937888 0.959839
vt 0.970588 0.000000
vt 0.941176 0.000000
vt 0.970588 0.200000
vt 0.970588 0.400000
vt 0.970588 0.750000
vt 0.000000 0.599203
vt 0.037253 0.490828
vt 0.001308 0.275688
vt 0.167938 0.143566
vt 0.137426 0.015059
vt -0.000237 -0.016911
vt 0.062882 0.954013
vt 0.146564 0.688267
vt -0.000201 0.975115
vt 0.215696 0.061507
vt 0.130899 0.996532
vt 0.296412 0.811913
vt 0.172870 0.493733
vt 0.303334 0.386786
vt 0.196078 0.275180
vt 0.374599 0.182246
vt 0.301985 0.665692
vt 0.315682 0.910676
vt 0.436084 0.302563
vt 0.463311 0.613218
vt 0.322241 0.495031
vt 0.639085 0.627872
vt 0.531539 0.685178
vt 0.387282 0.975404
vt 0.513739 0.820164
vt 0.592809 0.214915
vt 0.500228 0.383746
vt 0.729126 0.323633
vt 0.616649 0.519032
vt 0.479366 0.454002
vt 0.662077 0.006569
vt 0.548635 0.000000
vt 0.560268 0.112334
vt 0.710991 0.843918
vt 0.674957 0.912827
vt 0.569474 1.001755
vt 0.751400 0.412849
vt 0.726825 0.612535
vt 0.728459 0.747126
vt 0.823659 0.995402
vt 0.661285 1.000000
vt 0.784273 0.100547
vt 0.685389 0.128075
vt 0.721202 0.223919
vt 0.812030 0.327376
vt 0.834452 0.577268
vt 0.791687 0.500229
vt 0.802221 0.666990
vt 0.809921 0.818791
vt 0.904688 0.960860
vt 0.862170 0.841740
vt 0.826036 0.928934
vt 0.903098 0.550524
vt 0.866232 0.481641
vt 0.853176 0.153427
vt 0.911765 0.117089
vt 0.824080 0.006917
vt 0.941177 0.000000
vt 0.911765 0.000000
vt 0.911765 0.329267
vt 0.941176 0.200000
vt 0.866472 0.278839
vt 0.866418 0.372364
vt 0.941176 0.400000
vt 0.911765 0.743680
vt 0.941177 0.650000
vt 0.864502 0.715569
vt 0.941176 0.800000
vt -0.000051 0.597156
vt 0.093021 0.340110
vt 0.000301 0.276631
vt 0.143281 0.672412
vt 0.000062 0.974112
vt 0.039612 0.928938
vt 0.059254 0.452460
vt 0.427406 0.291250
vt 0.163080 0.181824
vt 0.152850 0.992649
vt 0.315445 0.830641
vt 0.222142 0.092367
vt 0.138900 0.040841
vt 0.304332 0.387591
vt 0.165159 0.478924
vt 0.282180 0.953983
vt 0.372631 0.011098
vt 0.248082 0.000000
vt 0.364801 0.101609
vt 0.296673 0.619747
vt 0.457053 0.598781
vt 0.318518 0.496320
vt 0.513931 0.476619
vt 0.381336 0.970398
vt 0.506521 0.675290
vt 0.585240 0.027011
vt 0.587388 0.172866
vt 0.387651 0.219444
vt 0.552590 0.793937
vt 0.464104 0.382941
vt 0.614892 0.279778
vt 0.710743 0.369732
vt 0.655044 0.662929
vt 0.599237 0.934910
vt 0.679301 0.825716
vt 0.700357 0.467033
vt 0.730340 0.280185
vt 0.667173 0.095889
vt 0.720368 0.631037
vt 0.785078 0.992330
vt 0.789744 0.880983
vt 0.775056 0.046637
vt 0.780030 0.776591
vt 0.757489 0.183733
vt 0.826552 0.175975
vt 0.809390 0.338117
vt 0.789380 0.497080
vt 0.840501 0.575389
vt 0.855235 0.746275
vt 0.852941 0.371908
vt 0.867451 0.508795
vt 0.865960 0.882136
vt 0.911765 0.961718
vt 0.861341 0.985252
vt 0.871199 0.157011
vt 0.911765 0.117439
vt 0.863254 0.023284
vt 0.905651 0.333088
vt 0.911765 0.583842
vt 0.909794 0.748340
vt 0.000006 0.592057
vt 0.100999 0.260479
vt 0.000000 0.017491
vt 0.000000 0.817232
vt 0.077929 0.725956
vt 0.000000 0.989227
vt 0.068115 0.612842
vt 0.160611 0.342683
vt 0.049834 0.883208
vt 0.122218 0.863149
vt 0.208359 0.649287
vt 0.257386 0.806045
vt 0.195348 1.000000
vt 0.276575 0.966880
vt 0.342233 0.153279
vt 0.181607 0.094983
vt 0.286999 0.516993
vt 0.188424 0.504035
vt 0.297026 0.004446
vt 0.355368 0.750291
vt 0.398689 0.282106
vt 0.277418 0.350107
vt 0.453824 0.373024
vt 0.354494 0.905762
vt 0.611512 0.816117
vt 0.615911 0.660627
vt 0.509071 0.964329
vt 0.631179 0.182964
vt 0.559928 0.072365
vt 0.524204 0.186714
vt 0.637409 0.279151
vt 0.641063 1.004735
vt 0.701650 0.149260
vt 0.673028 0.371931
vt 0.756504 0.300000
vt 0.792226 0.500151
vt 0.633375 0.473113
vt 0.614966 0.580618
vt 0.717169 0.633142
vt 0.769757 0.777809
vt 0.724033 0.882663
vt 0.799499 0.107914
vt 0.755581 0.014469
vt 0.798110 0.221815
vt 0.840426 0.983895
vt 0.841359 0.882133
vt 0.760646 0.975563
vt 0.852443 0.036759
vt 0.830258 0.385108
vt 0.843082 0.286542
vt 0.859080 0.769566
vt 0.837905 0.638878
vt 0.903731 0.974010
vt 0.863355 0.147698
vt 0.882353 0.324328
vt 0.882353 0.554152
vt 0.842311 0.545190
vt 0.941176 0.900000
vt 0.911765 0.852724
vt 0.911765 0.114479
vt 0.903731 0.000000
vt 0.911765 0.328956
vt 0.911765 0.559490
vt 0.911765 0.668382
vt 0.941176 0.600000
vt 0.941177 0.750000
vt 0.000000 0.640880
vt -0.000868 0.480173
vt 0.117428 0.650215
vt 0.127054 0.156924
vt 0.219091 0.235249
vt 0.242302 0.424999
vt 0.383440 0.562193
vt -0.001218 0.947615
vt 0.355984 0.817352
vt 0.226943 1.049254
vt 0.350276 0.097267
vt 0.369259 0.254121
vt 0.436939 0.372198
vt 0.387971 0.974726
vt 0.401335 0.000000
vt 0.495937 0.110393
vt 0.518328 0.491244
vt 0.567168 0.221100
vt 0.388058 0.718722
vt 0.635182 0.820208
vt 0.565319 0.995724
vt 0.585307 0.021752
vt 0.676435 0.132320
vt 0.539111 0.327799
vt 0.683308 0.303703
vt 0.700998 0.464260
vt 0.695857 0.717192
vt 0.761631 0.597031
vt 0.818001 0.978115
vt 0.787239 0.335527
vt 0.907527 0.959148
vt 0.895915 0.157001
vt 0.909091 0.423215
vt 0.909091 0.000000
vt 0.954546 0.050000
vt 0.954545 0.350000
vt 0.903924 0.629522
vt 0.954545 0.550000
vt 0.272727 0.012962
vt 0.397496 0.114721
vt 0.272629 0.356385
vt 0.363648 0.447304
vt 0.452514 0.298101
vt 0.630090 0.576424
vt 0.427386 0.000000
vt 0.559697 0.134760
vt 0.658989 0.309332
vt 0.765867 0.341504
vt 0.572717 0.762352
vt 0.857439 0.923651
vt 0.764049 0.990132
vt 0.836510 0.610331
vt 0.909091 0.800000
vt 0.000728 0.375227
vt 0.071420 0.563817
vt -0.000002 0.626645
vt 0.071429 0.750000
vt 0.076617 0.800024
vt 0.000240 0.884685
vt 0.147215 0.991398
vt 0.142701 0.400000
vt 0.141015 0.496300
vt 0.145824 0.123602
vt 0.428644 0.200251
vt 0.214247 0.300000
vt 0.214278 0.398326
vt 0.250333 0.900000
vt 0.344229 0.899951
vt 0.161599 0.019271
vt 0.464379 0.099594
vt 0.348487 0.300114
vt 0.249557 0.299982
vt 0.342006 0.000000
vt 0.428571 0.300000
vt 0.392857 0.300000
vt 0.464286 0.200000
vt 0.563972 0.200000
vt 0.728420 0.199079
vt 0.792712 0.027087
vt 0.850985 0.199962
vt 0.892867 0.070407
vt 0.892857 0.984026
vt 0.892857 0.900000
vt 0.928572 0.950000
vt 0.857143 0.295769
vt 0.892857 0.300000
vt 0.928571 0.300000
vt 0.136980 0.582097
vt 0.224192 0.330347
vt -0.000409 0.338651
vt 0.296035 0.800000
vt -0.000189 0.945948
vt 0.116188 0.943722
vt 0.437694 0.500000
vt 0.409352 0.339167
vt 0.545455 0.146788
vt 0.509248 0.000000
vt 0.418137 0.150508
vt 0.545455 0.344219
vt 0.590440 0.800000
vt 0.404019 0.614913
vt 0.508437 1.000977
vt 0.674749 0.141302
vt 0.670126 0.465140
vt 0.628115 0.612296
vt 0.780207 0.000000
vt 0.818182 0.344916
vt 0.675514 0.300000
vt 0.818182 0.606579
vt 0.805472 0.800000
vt 0.818182 0.153627
vt 0.909091 0.200000
vt 0.909091 0.400000
vt 0.909091 0.700000
vt 0.778897 0.980064
vt 0.321772 0.972101
vt 0.181818 0.900000
vt 0.181818 1.000000
vt 0.321017 0.055191
vt 0.181818 0.000000
vt 0.181818 0.096351
vt 0.272727 0.500000
vt 0.515273 0.348594
vt 0.181734 0.551462
vt 0.272727 0.600000
vt 0.483249 0.569196
vt 0.679004 0.285182
vt 0.497242 0.043941
vt 0.675829 0.994539
vt 0.764467 0.635017
vt 0.818182 0.037615
vt 0.678280 0.022135
vt 0.815838 0.363095
vt 0.909091 0.500000
vt 0.818182 0.971235
vt 0.285735 0.800000
vt 0.111492 0.545816
vt 0.000013 0.970035
vt 0.109727 0.941019
vt 0.511265 0.100000
vt 0.109727 0.000000
vt -0.000348 0.016664
vt 0.297275 0.300000
vt 0.000880 0.357469
vt 0.524871 0.200000
vt 0.316827 0.956726
vt 0.377099 0.800000
vt 0.551224 0.000000
vt 0.317585 0.000000
vt 0.390949 0.400000
vt 0.500047 0.300000
vt 0.548060 0.979285
vt 0.548860 0.800000
vt 0.749352 0.036543
vt 0.719374 0.900000
vt 0.709476 0.800000
vt 0.689032 0.944531
vt 0.857143 0.968728
vt 0.857143 0.398777
vt 0.857441 0.160748
vt 0.785714 0.300000
vt 0.785714 0.400000
vt 0.857143 0.000000
vt 0.857143 0.800000
vt 0.928571 0.700000
vt 0.857143 0.700000
vt 0.000000 0.000000
vt 0.090909 0.034209
vt 0.000000 0.257614
vt 0.133492 0.228842
vt 0.127609 0.604272
vt 0.000000 0.600488
vt 0.083781 1.023240
vt 0.000000 0.949730
vt 0.272727 0.980021
vt 0.272727 0.030913
vt 0.272727 0.697016
vt 0.363636 0.697372
vt 0.071429 0.550242
vt 0.142857 0.500000
vt 0.186140 0.632170
vt 0.214273 0.800000
vt 0.142857 0.800000
vt 0.250948 0.500000
vt 0.332032 0.633838
vt 0.214286 0.900000
vt 0.299022 0.900000
vt 0.214389 0.400000
vt 0.318915 0.300000
vt 0.382219 0.400000
vt 0.410104 0.500000
vt 0.507271 0.603520
vt 0.567256 0.800000
vt 0.575798 0.400000
vt 0.618536 0.500000
vt 0.570919 0.900000
vt 0.488547 0.900000
vt 0.575992 0.300000
vt 0.757964 0.349252
vt 0.755149 0.569446
vt 0.738018 0.800000
vt 0.785714 0.900000
vt 0.714286 0.900000
vt 0.857143 0.580553
vt 0.857143 0.898341
vt 0.857143 0.300000
vt 0.000000 0.319579
vt 0.314397 0.351798
vt -0.000030 0.608247
vt 0.154519 0.596604
vt 0.427043 0.561229
vt 0.454729 0.000000
vt 0.422081 0.153824
vt 0.132623 0.022380
vt 0.103068 0.994497
vt 0.455951 1.000445
vt 0.539772 0.250316
vt 0.608732 0.074074
vt 0.637237 0.347470
vt 0.761844 0.800000
vt 0.684214 0.477623
vt 0.780484 0.616585
vt 0.817423 0.966438
vt 0.801246 0.143797
vt 0.818182 0.338472
vt 0.818182 0.000000
vt 0.909091 0.100000
vt 0.909091 0.300000
vt 0.909091 0.900000
vt -0.000000 0.634280
vt 0.096079 0.642218
vt 0.001125 0.803257
vt 0.000026 0.011548
vt 0.234193 0.470494
vt 0.245258 0.956672
vt 0.174377 0.595082
vt 0.351860 0.553447
vt 0.367097 0.339271
vt 0.482852 0.604065
vt 0.541019 0.824903
vt 0.518337 0.982140
vt 0.304225 0.145751
vt 0.517440 0.000000
vt 0.604626 0.199715
vt 0.610370 0.300000
vt 0.531814 0.470180
vt 0.683738 0.464860
vt 0.674987 0.976108
vt 0.746181 0.634186
vt 0.752809 0.800000
vt 0.757005 0.300000
vt 0.785714 0.468970
vt 0.843602 0.972384
vt 0.857143 0.342180
vt 0.857143 0.613215
vt 0.850083 0.071178
vt 0.928571 0.900000
vt -0.000053 0.634367
vt 0.159508 0.800000
vt 0.000000 0.800000
vt 0.246271 0.400000
vt 0.142857 0.594584
vt 0.247818 0.581082
vt 0.307951 0.955721
vt 0.082969 1.000858
vt 0.151821 0.300000
vt 0.281393 0.138078
vt 0.510003 0.300000
vt 0.385214 0.489367
vt 0.420232 0.635970
vt 0.305366 0.006787
vt 0.606875 0.146757
vt 0.542692 0.800000
vt 0.550833 0.000000
vt 0.543459 0.980856
vt 0.576142 0.438712
vt 0.682368 0.300000
vt 0.672854 0.973315
vt 0.683773 0.000000
vt 0.745095 0.168000
vt 0.768864 0.360647
vt 0.684258 0.638590
vt 0.749065 0.800000
vt 0.785714 0.018393
vt 0.692863 0.500000
vt 0.831770 0.500000
vt 0.857143 0.155857
vt 0.837480 0.624704
vt 0.928571 0.100000
vt 0.857143 0.346706
vt 0.857143 0.972854
vt 0.000362 0.047274
vt 0.130534 0.371946
vt 0.000000 0.368586
vt 0.000362 0.984951
vt 0.230337 0.957505
vt 0.142857 1.000000
vt 0.069648 0.663306
vt 0.165744 0.684928
vt 0.236914 0.017261
vt 0.425308 0.120538
vt 0.151441 0.060754
vt 0.360519 0.300000
vt 0.449777 0.450981
vt 0.477946 0.607541
vt 0.457193 0.800000
vt 0.455285 0.986717
vt 0.611054 0.978156
vt 0.610181 0.000000
vt 0.652475 0.166114
vt 0.619823 0.340194
vt 0.700653 0.500000
vt 0.684147 0.800000
vt 0.739977 0.960313
vt 0.736462 0.000000
vt 0.850671 0.139982
vt 0.758205 0.200000
vt 0.714286 0.342575
vt 0.785714 0.468170
vt 0.753090 0.639859
vt 0.839898 0.800000
vt 0.857143 0.346887
vt 0.857143 0.599674
vt 0.857143 0.963740
vt 0.000000 0.091162
vt 0.058824 0.000000
vt 0.051405 0.007657
vt 0.000000 0.390450
vt 0.126841 0.400000
vt 0.058824 0.864417
vt 0.000000 0.673384
vt -0.000038 0.973564
vt 0.145008 0.592463
vt 0.147061 0.054709
vt 0.353106 0.368625
vt 0.295676 0.800000
vt 0.061270 0.935465
vt 0.393310 0.924889
vt 0.146968 1.000000
vt 0.312017 0.521818
vt 0.327770 0.000000
vt 0.445754 0.145229
vt 0.281973 0.184561
vt 0.411557 0.655098
vt 0.247346 0.623926
vt 0.446315 0.800000
vt 0.513640 0.500000
vt 0.525536 0.676994
vt 0.589795 0.800000
vt 0.579890 0.333839
vt 0.735800 0.500000
vt 0.759019 0.976412
vt 0.546840 0.992171
vt 0.685205 0.300000
vt 0.745286 0.400000
vt 0.730629 0.609391
vt 0.739769 0.800000
vt 0.858643 0.943704
vt 0.798092 0.300000
vt 0.825919 0.477031
vt 0.840580 0.630087
vt 0.863850 0.800000
vt 0.882353 0.341494
vt 0.882353 0.150796
vt 0.882353 0.000000
vt 0.941176 0.100000
vt 0.941176 0.300000
vt 0.941176 0.500000
vt 0.000000 0.228183
vt 0.058824 0.257147
vt 0.171290 0.300000
vt 0.000000 0.619989
vt 0.055442 0.698206
vt -0.000007 0.974595
vt 0.057263 0.940306
vt 0.205140 1.007624
vt 0.117647 1.000000
vt 0.279282 0.400000
vt 0.145043 0.641399
vt 0.359705 0.800000
vt 0.351876 1.014805
vt 0.316380 0.597097
vt 0.456898 0.300000
vt 0.514596 0.400000
vt 0.582099 0.500000
vt 0.516349 0.626175
vt 0.585779 0.900000
vt 0.612964 1.000000
vt 0.372889 0.145113
vt 0.614862 0.017835
vt 0.627802 0.200000
vt 0.681547 0.800000
vt 0.728809 0.683766
vt 0.761967 0.342431
vt 0.729053 0.900000
vt 0.807881 0.954665
vt 0.803843 0.143610
vt 0.808277 0.500000
vt 0.810582 0.600404
vt 0.796948 0.800000
vt 0.823529 0.339641
vt 0.882353 0.599553
vt 0.882353 0.156618
vt 0.882353 0.346326
vt 0.882353 0.800000
vt 0.882353 0.973791
vt 0.000000 0.228100
vt 0.058824 0.258013
vt 0.170330 0.300000
vt 0.000000 0.619993
vt 0.055299 0.697910
vt -0.000007 0.974783
vt 0.057319 0.940207
vt 0.205564 1.007589
vt 0.345350 0.400000
vt 0.145571 0.639398
vt 0.318295 0.800000
vt 0.195659 0.063295
vt 0.373369 0.151021
vt 0.130768 0.116361
vt 0.352927 1.008733
vt 0.442807 0.300000
vt 0.315337 0.565319
vt 0.479903 0.386064
vt 0.597400 0.900000
vt 0.622723 1.000000
vt 0.566547 0.800000
vt 0.478602 0.661448
vt 0.669615 0.673920
vt 0.622723 0.000000
vt 0.680534 0.146636
vt 0.566754 0.148943
vt 0.748203 0.500000
vt 0.761514 0.641719
vt 0.735976 0.800000
vt 0.726156 0.300000
vt 0.803490 0.146885
vt 0.823529 0.348082
vt 0.862808 0.800000
vt 0.882353 0.971027
vt 0.786092 0.961789
vt 0.882353 0.151436
vt 0.882353 0.343193
vt 0.882353 0.604323
vt 0.000000 0.318055
vt 0.084821 0.279709
vt 0.058822 0.447075
vt 0.000000 0.623291
vt 0.078349 0.800000
vt 0.000000 0.976726
vt 0.063463 0.928549
vt 0.063463 -0.060156
vt 0.202243 0.037297
vt 0.284575 0.400000
vt 0.309681 0.954446
vt 0.211753 1.000000
vt 0.258235 0.500000
vt 0.241136 0.678805
vt 0.336602 0.200000
vt 0.330287 0.800000
vt 0.404701 0.613856
vt 0.331369 0.000000
vt 0.526530 0.100000
vt 0.582402 0.200000
vt 0.546081 0.980541
vt 0.316578 0.300000
vt 0.651108 0.400000
vt 0.703308 0.300000
vt 0.632874 0.500000
vt 0.630143 0.636512
vt 0.633820 0.800000
vt 0.681514 0.982573
vt 0.801214 0.500000
vt 0.807949 0.400000
vt 0.733174 0.626980
vt 0.797846 0.800000
vt 0.872897 0.621677
vt 0.882353 0.465341
vt 0.882353 0.153971
vt 0.882353 0.300000
vt 0.882353 0.973237
vt 0.000000 0.693990
vt 0.000778 0.442032
vt 0.049499 1.014632
vt 0.185835 0.400000
vt 0.154255 0.500000
vt 0.169515 0.641577
vt 0.374248 0.800000
vt 0.143212 1.011278
vt 0.355046 0.600000
vt 0.382409 0.978775
vt 0.359576 0.500000
vt 0.472318 0.700000
vt 0.349923 0.200000
vt 0.434418 0.300000
vt 0.220135 0.300000
vt 0.547743 0.400000
vt 0.550400 0.500000
vt 0.687453 0.650152
vt 0.747178 0.995570
vt 0.557055 0.145427
vt 0.576077 0.000000
vt 0.725134 0.100000
vt 0.737543 0.200000
vt 0.758733 0.300000
vt 0.762814 0.400000
vt 0.817899 0.500000
vt 0.823529 0.339329
vt 0.791641 0.800000
vt 0.823529 0.960643
vt 0.802513 0.608583
vt 0.882353 0.709754
vt 0.852748 0.137298
vt 0.882353 0.351883
vt 0.882353 0.500000
vt 0.882353 0.964562
vt 0.142525 0.146657
vt 0.000000 0.004920
vt 0.000000 0.247160
vt -0.000087 0.577027
vt 0.224460 0.300000
vt 0.051436 1.013725
vt 0.152296 0.653813
vt 0.248489 0.400000
vt 0.255399 0.800000
vt 0.143012 0.975590
vt 0.390508 0.921038
vt 0.433801 0.800000
vt 0.265836 0.700000
vt 0.407820 0.300000
vt 0.335345 0.200000
vt 0.352352 0.500000
vt 0.537228 0.400000
vt 0.601001 0.528433
vt 0.582880 0.200000
vt 0.751855 0.300000
vt 0.546863 1.001569
vt 0.739674 0.800000
vt 0.748161 0.146264
vt 0.571878 0.100000
vt 0.584145 0.500000
vt 0.762759 0.400000
vt 0.810019 0.625234
vt 0.817015 0.500000
vt 0.823529 0.332379
vt 0.882353 0.965291
vt 0.792651 0.900000
vt 0.805405 1.000000
vt 0.823529 0.200000
vt 0.882353 0.154512
vt 0.805405 0.012443
vt 0.856223 0.800000
vt 0.882353 0.342383
vt 0.882353 0.700000
vt 0.285714 0.400000
vt 0.250000 0.700000
vt 0.500000 0.300000
vt 0.535714 0.300000
vt 0.285715 0.799999
vt 0.785464 0.300000
vt 0.785782 0.349936
vt -0.000009 0.980133
vt 0.080504 0.969594
vt 0.119453 0.921060
vt 0.000023 0.413477
vt 0.080229 0.654825
vt 0.000206 0.035994
vt 0.000725 1.002849
vt 0.000000 0.639933
vt 0.390373 0.978246
vt -0.000064 0.986948
vt 0.066875 0.974928
vt -0.000084 -0.030514
vt 0.284742 1.000000
vt 0.593705 0.000000
vt 0.698181 0.988778
vt 0.254709 0.053285
vt 0.000023 0.972759
vt 0.761449 0.000000
vt 0.155802 0.078287
vt 0.303782 1.000000
vt 0.879077 1.000000
vt 0.251796 1.000000
vt 0.351913 0.059297
vt 0.377946 0.000000
vt 0.000000 -0.016488
vt 0.038940 0.002033
vt 0.290658 0.720217
vt 0.603276 1.000000
vt 0.790770 0.659040
vt 0.054232 0.041257
vt 0.080651 0.000000
vt 0.409877 0.598200
vt 0.394608 0.660925
vt 0.499565 0.000000
vt 0.666137 0.033954
vt 0.749560 0.402953
vt 0.000012 0.023534
vt 0.757695 0.066780
vt 0.214286 0.530192
vt 0.656569 0.075753
vt 0.784632 0.106400
vt 0.272721 0.753036
vt 0.276664 0.700000
vt 0.363662 0.635911
vt 0.272762 0.956395
vt 0.436430 0.969529
vt 0.613080 0.996553
vt 0.863636 -0.008802
vt 0.214286 0.801511
vt 0.176569 0.799999
vt 0.906658 0.443559
vt 0.005630 0.019278
vt 0.657285 0.200000
vt 0.580991 0.069787
vt 0.514780 1.000047
vt 0.501095 0.900696
vt 0.601036 0.902805
vt 0.832006 0.900000
vt 0.762430 0.900962
vt 0.794551 0.986444
vt 0.236711 0.176119
vt 0.000000 0.655896
vt 0.251038 0.989810
vt 0.090909 0.815431
vt 0.090909 0.096914
vt 0.181953 0.799904
vt 0.495181 0.971217
vt 0.285558 0.400000
vt 0.214286 0.500000
vt 0.000000 0.640536
vt 0.214286 0.666120
vt 0.285714 0.500000
vt 0.285714 0.700000
vt 0.500000 0.400000
vt 0.571429 0.300000
vt 0.660916 0.300000
vt 0.785714 0.800000
vt 0.272727 0.403470
vt 0.363636 0.400000
vt 0.142857 0.400000
vt 0.214286 0.300000
vt 0.543029 0.200000
vt 0.428571 0.200000
vt 0.642857 0.200000
vt 0.736033 0.200000
vt 0.857143 0.200000
vt 0.000015 0.974825
vt 0.671842 1.000000
vt 0.078138 0.044920
vt 0.675472 0.000000
vt 0.737095 0.143454
vt 0.249811 0.000000
vt 0.000000 0.002186
vt 0.080680 0.033534
vt 0.770398 0.968161
vt 0.000000 0.616218
vt 0.353508 0.491268
vt 0.456583 0.000000
vt 0.586331 0.154443
vt 0.560001 0.041748
vt 0.676811 0.200000
vt 0.789730 0.000000
vt 0.784442 0.147097
vt 0.000000 0.044094
vt 0.117647 0.059035
vt 0.199704 0.000000
vt 0.359267 0.000000
vt 0.193001 0.149216
vt 0.305609 0.700000
vt 0.794903 0.000000
vt 0.000000 0.043984
vt 0.303160 0.700000
vt 0.359650 0.000000
vt 0.736621 0.400000
vt 0.805714 0.000000
vt 0.823529 0.572976
vt 0.000000 0.084464
vt 0.547942 0.000000
vt 0.683138 0.000000
vt 0.717227 0.159804
vt 0.807612 0.000000
vt 0.810069 0.133945
vt 0.823529 0.300000
vt -0.000065 0.130092
vt 0.145894 0.143528
vt 0.146583 0.000000
vt 0.000000 0.976610
vt 0.346265 0.100000
vt 0.383399 0.000000
vt 0.576077 1.000000
vt 0.747728 0.000000
vt 0.823529 0.000000
vt 0.146558 0.000000
vt 0.338040 0.100000
vt 0.354895 0.000000
vt 0.348375 0.600000
vt 0.000000 0.933842
vt 0.548682 0.000000
vt 0.738350 0.700000
vt 0.071429 0.800000
vt 0.000000 0.033327
vt 0.000000 0.967719
vt 0.807520 0.973325
s 1
usemtl 髪の毛.001
f 409/1/1 134/2/2 1/3/3
f 409/1/1 1/3/3 2/4/4
f 134/5/2 3/6/5 1/7/3
f 4/8/6 134/2/2 409/1/1
f 134/5/2 5/9/7 408/10/8
f 292/11/9 293/12/10 8/13/11
f 413/14/12 11/15/13 294/16/14
f 293/12/10 413/14/12 273/17/15
f 141/18/16 293/12/10 10/19/17
f 242/20/18 416/21/19 140/22/20
f 141/18/16 442/23/21 413/14/12
f 295/24/22 243/25/23 178/26/24
f 416/21/19 442/23/21 141/18/16
f 417/27/25 243/25/23 295/24/22
f 14/28/26 416/21/19 242/20/18
f 417/27/25 13/29/27 243/25/23
f 183/30/28 417/27/25 442/23/21
f 16/31/29 442/23/21 416/21/19
f 16/31/29 274/32/30 442/23/21
f 274/32/30 183/30/28 442/23/21
f 298/33/31 16/31/29 14/28/26
f 274/32/30 17/34/32 183/30/28
f 418/35/33 16/31/29 298/33/31
f 19/36/34 16/31/29 418/35/33
f 274/32/30 20/37/35 18/38/36
f 19/36/34 444/39/37 274/32/30
f 444/39/37 20/40/35 274/32/30
f 300/41/38 447/42/39 301/43/40
f 420/44/41 22/45/42 21/46/43
f 447/42/39 420/44/41 21/46/43
f 247/47/44 447/42/39 300/41/38
f 303/48/45 423/49/46 447/42/39
f 248/50/47 276/51/48 445/52/49
f 304/53/50 248/54/47 420/44/41
f 276/51/48 278/55/51 247/47/44
f 145/56/52 146/57/53 423/49/46
f 306/58/54 307/59/55 276/51/48
f 304/53/50 306/60/54 248/54/47
f 307/59/55 279/61/56 276/51/48
f 276/51/48 279/61/56 278/55/51
f 449/62/57 306/60/54 304/53/50
f 279/61/56 309/63/58 146/57/53
f 279/61/56 146/57/53 145/56/52
f 279/61/56 145/56/52 278/55/51
f 149/64/59 279/61/56 307/59/55
f 148/65/60 307/59/55 306/58/54
f 449/62/57 148/66/60 306/60/54
f 309/63/58 148/66/60 449/62/57
f 309/63/58 20/67/61 148/66/60
f 425/68/62 20/69/61 309/63/58
f 149/64/59 20/70/61 425/68/62
f 148/65/60 20/71/61 149/64/59
f 208/72/63 311/73/64 218/74/65
f 25/75/66 26/76/67 206/77/68
f 365/78/69 435/79/70 312/80/71
f 311/81/64 152/82/72 365/78/69
f 208/72/63 382/83/73 380/84/74
f 312/80/71 27/85/75 26/76/67
f 26/76/67 368/86/76 208/72/63
f 368/86/76 220/87/77 382/83/73
f 264/88/78 314/89/79 27/85/75
f 382/90/73 438/91/80 152/82/72
f 220/87/77 368/86/76 154/92/81
f 314/89/79 265/93/82 154/92/81
f 438/91/80 369/94/83 152/82/72
f 382/90/73 228/95/84 438/91/80
f 265/93/82 220/87/77 154/92/81
f 315/96/85 155/97/86 220/87/77
f 370/98/87 220/87/77 265/93/82
f 156/99/88 370/98/87 314/89/79
f 211/100/89 156/99/88 369/94/83
f 156/99/88 314/89/79 369/94/83
f 221/101/90 211/100/89 369/94/83
f 221/101/90 369/94/83 438/91/80
f 315/96/85 317/102/91 155/97/86
f 370/98/87 158/103/92 315/96/85
f 158/103/92 384/104/93 315/96/85
f 211/100/89 158/103/92 156/99/88
f 155/105/86 317/106/91 221/101/90
f 384/104/93 29/107/94 317/102/91
f 210/108/95 212/109/96 384/104/93
f 28/110/97 319/111/98 211/100/89
f 317/106/91 319/111/98 28/110/97
f 29/112/94 319/111/98 317/106/91
f 212/109/96 20/113/35 29/107/94
f 319/111/98 20/114/35 212/109/96
f 29/112/94 20/115/35 319/111/98
f 32/116/99 371/117/100 31/118/101
f 162/119/102 373/120/103 33/121/104
f 161/122/105 162/119/102 33/121/104
f 371/117/100 387/123/106 161/122/105
f 375/124/107 372/125/108 321/126/109
f 387/123/106 174/127/110 161/122/105
f 35/128/111 387/123/106 371/117/100
f 35/128/111 371/117/100 372/125/108
f 375/124/107 222/129/112 372/125/108
f 373/120/103 223/130/113 34/131/114
f 213/132/115 389/133/116 174/127/110
f 375/124/107 37/134/117 222/129/112
f 222/129/112 36/135/118 35/128/111
f 223/136/113 322/137/119 37/134/117
f 269/138/120 428/139/121 223/130/113
f 163/140/122 164/141/123 389/133/116
f 36/135/118 214/142/124 35/128/111
f 322/137/119 36/135/118 37/134/117
f 164/141/123 269/138/120 389/133/116
f 214/142/124 324/143/125 163/140/122
f 390/144/126 214/142/124 36/135/118
f 322/137/119 427/145/127 36/135/118
f 38/146/128 428/139/121 269/138/120
f 38/146/128 269/138/120 164/141/123
f 324/143/125 39/147/129 164/141/123
f 427/145/127 390/144/126 36/135/118
f 165/148/130 428/139/121 38/146/128
f 325/149/131 38/146/128 39/147/129
f 324/143/125 391/150/132 39/147/129
f 195/151/133 390/144/126 427/145/127
f 325/149/131 393/152/134 252/153/135
f 351/154/136 196/155/137 165/156/130
f 350/157/138 20/158/139 351/159/136
f 252/153/135 350/157/138 165/148/130
f 393/152/134 20/160/139 350/157/138
f 393/152/134 350/157/138 252/153/135
f 167/161/140 20/162/139 393/152/134
f 326/163/141 20/164/139 167/161/140
f 326/163/141 167/161/140 391/150/132
f 195/151/133 326/163/141 197/165/142
f 351/154/136 195/151/133 196/155/137
f 351/154/136 20/166/139 326/163/141
f 352/167/143 226/168/144 327/169/145
f 430/170/146 352/167/143 327/169/145
f 40/171/147 430/170/146 327/169/145
f 395/172/148 328/173/149 226/168/144
f 395/172/148 226/168/144 352/167/143
f 198/174/150 41/175/151 430/170/146
f 168/176/152 328/173/149 395/172/148
f 41/175/151 352/167/143 430/170/146
f 328/177/149 42/178/153 198/174/150
f 43/179/154 198/174/150 42/178/153
f 227/180/155 43/179/154 42/178/153
f 229/181/156 168/176/152 395/172/148
f 396/182/157 352/167/143 41/175/151
f 44/183/158 43/179/154 227/180/155
f 229/181/156 395/172/148 352/167/143
f 200/184/159 168/176/152 229/181/156
f 45/185/160 229/181/156 396/182/157
f 170/186/161 47/187/162 44/183/158
f 356/188/163 227/189/155 200/184/159
f 229/181/156 46/190/164 200/184/159
f 45/185/160 399/191/165 229/181/156
f 44/183/158 354/192/166 353/193/167
f 46/190/164 356/188/163 200/184/159
f 399/191/165 46/190/164 229/181/156
f 202/194/168 45/185/160 354/192/166
f 357/195/169 47/196/162 170/197/161
f 49/198/170 356/188/163 46/190/164
f 171/199/171 49/198/170 46/190/164
f 399/191/165 171/199/171 46/190/164
f 330/200/172 202/194/168 354/192/166
f 47/187/162 330/200/172 354/192/166
f 50/201/173 330/200/172 47/187/162
f 358/202/174 171/199/171 48/203/175
f 358/202/174 48/203/175 202/194/168
f 431/204/176 358/202/174 202/194/168
f 172/205/177 330/200/172 50/201/173
f 230/206/178 331/207/179 357/195/169
f 51/208/180 230/206/178 255/209/181
f 359/210/182 255/209/181 171/199/171
f 433/211/183 359/210/182 358/202/174
f 203/212/184 431/204/176 172/205/177
f 256/213/185 203/212/184 172/205/177
f 331/207/179 256/214/185 172/215/177
f 401/216/186 51/208/180 359/210/182
f 204/217/187 401/216/186 433/211/183
f 203/212/184 204/217/187 358/202/174
f 52/218/188 203/212/184 256/213/185
f 256/213/185 20/219/189 52/218/188
f 331/207/179 20/220/189 256/214/185
f 401/216/186 20/221/189 331/207/179
f 204/217/187 20/222/189 401/216/186
f 52/218/188 20/115/189 204/217/187
f 53/223/190 259/224/191 55/225/192
f 54/226/193 56/227/194 53/223/190
f 55/228/192 260/229/195 54/226/193
f 59/230/196 260/231/195 259/224/191
f 173/232/197 261/233/198 56/227/194
f 58/234/199 57/235/200 260/229/195
f 135/236/201 59/230/196 259/224/191
f 334/237/202 261/233/198 173/232/197
f 250/238/203 58/234/199 333/239/204
f 60/240/205 334/237/202 57/235/200
f 62/241/206 135/236/201 261/233/198
f 62/241/206 261/233/198 334/237/202
f 348/242/207 334/237/202 60/240/205
f 59/230/196 61/243/208 175/244/209
f 436/245/210 61/243/208 59/230/196
f 61/246/208 316/247/211 250/238/203
f 63/248/212 436/245/210 135/236/201
f 62/241/206 254/249/213 135/236/201
f 348/242/207 64/250/214 62/241/206
f 337/251/215 414/252/216 348/242/207
f 250/238/203 337/251/215 60/240/205
f 63/248/212 61/243/208 436/245/210
f 254/249/213 63/248/212 135/236/201
f 381/253/217 316/254/211 61/243/208
f 381/253/217 61/243/208 63/248/212
f 160/255/218 63/248/212 254/249/213
f 451/256/219 160/255/218 254/249/213
f 64/250/214 451/256/219 62/241/206
f 217/257/220 414/252/216 337/251/215
f 316/247/211 217/257/220 250/238/203
f 250/238/203 217/257/220 337/251/215
f 316/247/211 386/258/221 217/257/220
f 392/259/222 65/260/223 414/252/216
f 67/261/224 403/262/225 176/263/226
f 187/264/227 397/265/228 65/260/223
f 383/266/229 257/267/230 386/258/221
f 329/268/231 289/269/232 383/270/229
f 403/262/225 329/268/231 176/263/226
f 68/271/233 403/262/225 67/261/224
f 131/272/234 68/271/233 397/265/228
f 234/273/235 66/274/236 286/275/237
f 329/268/231 153/276/238 289/269/232
f 70/277/239 403/262/225 68/271/233
f 70/277/239 68/271/233 131/272/234
f 310/278/240 70/277/239 131/272/234
f 69/279/241 310/278/240 187/264/227
f 187/264/227 310/278/240 131/272/234
f 234/273/235 310/278/240 69/279/241
f 432/280/242 234/273/235 257/267/230
f 153/276/238 20/281/61 432/282/242
f 70/277/239 20/283/61 153/276/238
f 310/278/240 20/284/61 70/277/239
f 432/280/242 20/285/61 310/278/240
f 71/286/243 271/287/244 437/288/245
f 72/289/246 385/290/247 517/291/248
f 72/289/246 517/291/248 437/288/245
f 441/292/249 376/293/250 517/294/248
f 231/295/251 385/290/247 72/289/246
f 385/296/247 235/297/252 441/292/249
f 388/298/253 190/299/254 434/300/255
f 235/297/252 376/293/250 441/292/249
f 406/301/256 231/295/251 72/289/246
f 406/301/256 72/289/246 434/300/255
f 235/297/252 287/302/257 376/293/250
f 74/303/258 235/297/252 385/296/247
f 190/299/254 426/304/259 434/300/255
f 287/302/257 73/305/260 238/306/261
f 235/297/252 73/305/260 287/302/257
f 73/305/260 302/307/262 238/306/261
f 235/297/252 394/308/263 73/305/260
f 216/309/264 75/310/265 74/303/258
f 426/304/259 76/311/266 406/301/256
f 194/312/267 215/313/268 426/304/259
f 302/307/262 272/314/269 136/315/270
f 394/308/263 302/307/262 73/305/260
f 139/316/271 232/317/272 308/318/273
f 169/319/274 394/308/263 75/310/265
f 233/320/275 75/310/265 232/321/272
f 410/322/276 215/313/268 194/312/267
f 137/323/277 272/314/269 302/307/262
f 78/324/278 302/307/262 394/308/263
f 290/325/279 233/320/275 139/326/271
f 290/325/279 169/319/274 233/320/275
f 344/327/280 139/316/271 181/328/281
f 344/327/280 181/328/281 77/329/282
f 244/330/283 77/329/282 215/313/268
f 244/330/283 344/327/280 77/329/282
f 244/330/283 215/313/268 410/322/276
f 347/331/284 133/332/285 137/323/277
f 415/333/286 137/323/277 78/324/278
f 412/334/287 78/324/278 169/319/274
f 249/335/288 144/336/289 440/337/290
f 448/338/291 360/339/292 347/331/284
f 448/338/291 347/331/284 415/333/286
f 144/336/289 412/334/287 440/337/290
f 180/340/293 277/341/294 290/342/279
f 277/341/294 20/343/295 249/344/288
f 341/345/296 20/346/295 277/341/294
f 341/345/296 299/347/297 297/348/298
f 448/338/291 20/349/295 341/345/296
f 219/350/299 20/351/295 448/338/291
f 144/336/289 219/350/299 443/352/300
f 249/335/288 20/353/295 219/350/299
f 80/354/301 404/355/302 79/356/303
f 270/357/304 518/358/305 285/359/306
f 270/357/304 80/354/301 518/358/305
f 80/354/301 270/357/304 439/360/307
f 81/361/308 361/362/309 404/355/302
f 284/363/310 374/364/311 285/359/306
f 142/365/312 284/366/310 361/362/309
f 338/367/313 81/361/308 404/355/302
f 239/368/314 338/367/313 404/355/302
f 224/369/315 374/364/311 284/363/310
f 407/370/316 224/371/315 142/365/312
f 205/372/317 142/365/312 361/362/309
f 82/373/318 283/374/319 421/375/320
f 283/374/319 225/376/321 421/375/320
f 407/377/316 378/378/322 374/364/311
f 205/372/317 83/379/323 407/370/316
f 81/361/308 258/380/324 452/381/325
f 407/377/316 267/382/326 378/378/322
f 275/383/327 379/384/328 81/361/308
f 225/376/321 340/385/329 275/383/327
f 378/378/322 132/386/330 283/374/319
f 411/387/331 84/388/332 267/382/326
f 132/386/330 296/389/333 283/374/319
f 132/386/330 378/378/322 267/382/326
f 245/390/334 366/391/335 379/384/328
f 291/392/336 296/389/333 132/386/330
f 251/393/337 318/394/338 411/387/331
f 251/395/337 83/379/323 366/391/335
f 185/396/339 132/386/330 84/388/332
f 85/397/340 280/398/341 251/395/337
f 342/399/342 280/398/341 85/397/340
f 340/385/329 342/399/342 245/390/334
f 422/400/343 342/399/342 340/385/329
f 291/392/336 188/401/344 422/400/343
f 318/394/338 282/402/345 185/396/339
f 166/403/346 342/399/342 422/400/343
f 192/404/347 422/400/343 188/401/344
f 346/405/348 282/402/345 318/394/338
f 429/406/349 346/405/348 313/407/350
f 345/408/351 454/409/352 313/410/350
f 454/409/352 20/343/61 429/344/349
f 86/411/353 20/346/61 454/409/352
f 253/412/354 20/349/61 86/411/353
f 253/412/354 86/411/353 192/404/347
f 253/412/354 192/404/347 188/401/344
f 349/413/355 20/351/61 253/412/354
f 429/406/349 20/353/61 349/413/355
f 429/406/349 349/413/355 346/405/348
f 88/414/356 138/415/357 87/416/358
f 263/417/359 419/418/360 88/414/356
f 87/419/358 419/418/360 263/417/359
f 89/420/361 90/421/362 138/415/357
f 323/422/363 150/423/364 419/418/360
f 419/418/360 377/424/365 89/420/361
f 193/425/366 377/424/365 150/423/364
f 91/426/367 92/427/368 150/423/364
f 93/428/369 91/429/367 138/415/357
f 377/424/365 402/430/370 424/431/371
f 93/428/369 92/432/368 91/429/367
f 268/433/372 377/424/365 193/425/366
f 332/434/373 93/428/369 362/435/374
f 402/430/370 207/436/375 362/435/374
f 94/437/376 268/433/372 193/425/366
f 94/437/376 96/438/377 268/433/372
f 96/438/377 95/439/378 268/433/372
f 281/440/379 96/438/377 94/437/376
f 201/441/380 143/442/381 453/443/382
f 305/444/383 453/443/382 332/434/373
f 97/445/384 96/438/377 281/440/379
f 98/446/385 143/442/381 201/441/380
f 367/447/386 305/444/383 207/436/375
f 98/446/385 201/441/380 305/444/383
f 367/447/386 99/448/387 305/444/383
f 186/449/388 240/450/389 355/451/390
f 157/452/391 355/451/390 95/439/378
f 335/453/392 157/452/391 95/439/378
f 320/454/393 96/438/377 97/445/384
f 159/455/394 398/456/395 98/446/385
f 99/448/387 100/457/396 98/446/385
f 101/458/397 147/459/398 398/460/395
f 398/460/395 147/459/398 320/454/393
f 159/455/394 101/461/397 398/456/395
f 266/462/399 102/463/400 99/448/387
f 184/464/401 400/465/402 335/453/392
f 147/459/398 335/453/392 320/454/393
f 103/466/403 147/459/398 101/458/397
f 100/457/396 199/467/404 159/455/394
f 288/468/405 102/463/400 266/462/399
f 405/469/406 266/462/399 339/470/407
f 405/469/406 339/470/407 400/465/402
f 103/466/403 20/471/139 236/472/408
f 199/467/404 262/473/409 101/461/397
f 262/473/409 20/343/139 103/474/403
f 262/473/409 103/474/403 101/461/397
f 364/475/410 20/346/139 262/473/409
f 450/476/411 20/349/139 364/475/410
f 189/477/412 20/478/139 450/476/411
f 236/472/408 20/479/139 189/477/412
f 184/464/401 189/477/412 400/465/402
f 236/472/408 184/464/401 147/459/398
f 455/480/413 490/481/414 478/482/415
f 507/483/416 456/484/417 490/481/414
f 490/481/414 456/484/417 470/485/418
f 478/482/415 470/485/418 483/486/419
f 488/487/420 482/488/421 507/489/416
f 457/490/422 104/491/423 456/484/417
f 470/485/418 104/491/423 492/492/424
f 507/489/416 482/488/421 458/493/425
f 458/494/425 106/495/426 457/490/422
f 483/486/419 492/492/424 479/496/427
f 106/495/426 497/497/428 104/491/423
f 491/498/429 107/499/430 482/488/421
f 458/493/425 482/488/421 484/500/431
f 484/501/431 498/502/432 106/495/426
f 105/503/433 497/497/428 472/504/434
f 479/496/427 105/503/433 499/505/435
f 483/486/419 480/506/436 491/498/429
f 483/486/419 479/496/427 513/507/437
f 107/499/430 108/508/438 484/500/431
f 497/497/428 498/502/432 472/504/434
f 472/504/434 493/509/439 499/505/435
f 499/505/435 513/507/437 479/496/427
f 472/504/434 498/502/432 493/509/439
f 107/499/430 480/506/436 109/510/440
f 107/499/430 109/510/440 108/508/438
f 485/511/441 514/512/442 493/509/439
f 493/509/439 514/512/442 499/505/435
f 485/511/441 109/513/440 20/514/139
f 514/512/442 485/511/441 20/515/139
f 471/516/443 514/512/442 20/517/139
f 109/510/440 471/516/443 20/71/139
f 110/518/444 473/519/445 111/520/446
f 113/521/447 500/522/448 474/523/449
f 459/524/450 495/525/451 473/519/445
f 500/522/448 495/525/451 461/526/452
f 461/526/452 115/527/453 500/522/448
f 500/522/448 115/527/453 474/523/449
f 481/528/454 462/529/455 116/530/456
f 462/529/455 515/531/457 496/532/458
f 118/533/459 508/534/460 119/535/461
f 508/534/460 465/536/462 119/535/461
f 119/535/461 465/536/462 121/537/463
f 119/535/461 121/537/463 117/538/464
f 117/538/464 121/537/463 502/539/465
f 501/540/466 509/541/467 508/534/460
f 120/542/468 123/543/469 118/533/459
f 118/533/459 510/544/470 466/545/471
f 502/539/465 511/546/472 468/547/473
f 502/548/465 487/549/474 120/542/468
f 123/543/469 486/550/475 467/551/476
f 502/548/465 468/552/473 487/549/474
f 123/543/469 127/553/477 489/554/478
f 487/549/474 503/555/479 123/543/469
f 503/555/479 487/549/474 129/556/480
f 505/557/481 504/558/482 463/559/483
f 463/559/483 504/558/482 464/560/484
f 464/561/484 469/562/485 20/563/35
f 476/564/486 464/560/484 477/565/487
f 477/565/487 464/560/484 20/566/35
f 520/567/488 522/568/489 524/569/490
f 523/570/491 520/567/488 521/571/492
f 524/572/490 523/570/491 521/571/492
f 525/573/493 528/574/494 522/568/489
f 531/575/495 530/576/496 527/577/497
f 525/573/493 532/578/498 528/574/494
f 534/579/499 529/580/500 523/570/491
f 530/581/496 534/579/499 523/570/491
f 535/582/501 530/576/496 531/575/495
f 525/573/493 537/583/502 532/578/498
f 533/584/503 537/583/502 525/573/493
f 535/582/501 538/585/504 530/576/496
f 541/586/505 536/587/506 537/583/502
f 542/588/507 537/583/502 533/584/503
f 539/589/508 542/588/507 533/584/503
f 540/590/509 20/513/295 538/585/504
f 541/586/505 20/591/295 540/590/509
f 542/588/507 20/592/295 541/586/505
f 539/589/508 20/593/295 542/588/507
f 538/594/504 20/532/295 539/589/508
f 548/595/510 547/596/511 544/597/512
f 548/598/510 544/599/512 545/600/513
f 549/601/514 554/602/515 546/603/516
f 550/604/517 552/605/518 549/601/514
f 554/602/515 556/606/519 553/607/520
f 555/608/521 557/609/522 552/605/518
f 556/606/519 558/610/523 555/611/521
f 559/612/524 20/591/525 558/610/523
f 557/609/522 20/613/525 559/612/524
f 558/614/523 20/532/525 557/609/522
f 565/615/526 563/616/527 564/617/528
f 562/618/529 565/615/526 564/617/528
f 567/619/530 562/620/529 564/621/528
f 568/622/531 564/621/528 560/623/532
f 571/624/533 567/619/530 564/621/528
f 566/625/534 575/626/535 565/615/526
f 567/619/530 576/627/536 566/628/534
f 574/629/537 577/630/538 568/622/531
f 576/631/536 579/632/539 575/626/535
f 583/633/540 576/627/536 567/619/530
f 571/624/533 583/633/540 567/619/530
f 584/634/541 582/635/542 583/636/540
f 587/637/543 584/634/541 583/636/540
f 589/638/544 588/639/545 15/640/546
f 585/641/547 589/638/544 15/640/546
f 588/639/545 20/158/139 587/642/543
f 589/638/544 20/160/139 588/639/545
f 591/643/548 20/644/139 590/645/549
f 587/637/543 20/166/139 591/643/548
f 601/646/550 603/647/551 599/648/552
f 599/648/552 604/649/553 602/650/554
f 600/651/555 603/652/551 601/653/550
f 547/596/511 605/654/556 544/597/512
f 544/599/512 605/655/556 604/649/553
f 602/650/554 549/601/557 550/604/517
f 602/650/554 607/656/558 603/652/551
f 550/604/517 609/657/559 607/656/558
f 610/658/560 612/659/561 613/660/562
f 613/660/562 618/661/563 614/662/564
f 613/660/562 617/663/565 621/664/566
f 619/665/567 618/661/563 622/666/568
f 616/667/569 620/668/570 623/669/571
f 621/664/566 624/670/572 627/671/573
f 618/661/563 621/664/566 628/672/574
f 632/673/575 633/674/576 624/670/572
f 628/672/574 634/675/577 629/676/578
f 631/677/579 637/678/580 632/673/575
f 633/674/576 638/679/581 627/671/573
f 638/679/581 639/680/582 628/672/574
f 639/680/582 641/681/583 640/682/584
f 637/678/580 644/683/585 638/679/581
f 639/680/582 645/684/586 641/681/583
f 644/683/585 643/685/587 20/162/139
f 645/684/586 644/683/585 20/166/139
f 646/686/588 647/687/589 648/688/590
f 651/689/591 647/687/589 652/690/592
f 654/691/593 653/692/594 650/693/595
f 650/694/595 651/689/591 654/695/593
f 653/692/594 655/696/596 647/687/589
f 654/691/593 657/697/597 653/692/594
f 647/687/589 655/696/596 658/698/598
f 651/689/591 652/690/592 656/699/599
f 652/690/592 658/698/598 661/700/600
f 652/690/592 661/700/600 659/701/601
f 654/695/593 656/699/599 662/702/602
f 658/698/598 660/703/603 663/704/604
f 658/698/598 663/704/604 661/700/600
f 660/703/603 662/705/602 20/706/525
f 663/704/604 660/703/603 20/707/525
f 659/701/601 663/704/604 20/613/525
f 656/699/599 659/701/601 20/532/525
f 662/702/602 656/699/599 20/708/525
f 664/709/605 669/710/606 666/711/607
f 665/712/608 667/713/609 664/709/605
f 669/710/606 670/714/610 666/711/607
f 668/715/611 667/713/609 673/716/612
f 667/713/609 672/717/613 673/716/612
f 668/715/611 673/716/612 674/718/614
f 670/714/610 677/719/615 678/720/616
f 670/714/610 674/718/614 677/719/615
f 671/721/617 678/722/616 675/723/618
f 675/723/618 679/724/619 672/717/613
f 676/725/620 679/724/619 681/726/621
f 678/720/616 677/719/615 680/727/622
f 681/726/621 684/728/623 674/718/614
f 684/728/623 685/729/624 677/719/615
f 683/730/625 687/731/626 681/726/621
f 685/729/624 686/732/627 680/727/622
f 683/730/625 688/733/628 687/731/626
f 687/731/626 689/734/629 684/728/623
f 688/733/628 686/735/627 20/566/295
f 689/734/629 688/733/628 20/164/295
f 686/732/627 689/734/629 20/736/295
f 691/737/630 696/738/631 692/739/632
f 691/737/630 695/740/633 697/741/634
f 697/741/634 695/740/633 699/742/635
f 696/738/631 698/743/636 693/744/637
f 694/745/638 700/746/639 701/747/640
f 699/742/635 695/740/633 703/748/641
f 699/742/635 703/748/641 702/749/642
f 700/746/639 698/750/636 705/751/643
f 695/740/633 701/747/640 703/748/641
f 696/738/631 702/749/642 704/752/644
f 698/750/636 706/753/645 705/751/643
f 698/743/636 704/752/644 706/754/645
f 703/748/641 701/747/640 707/755/646
f 705/751/643 709/756/647 701/747/640
f 706/754/645 704/752/644 708/757/648
f 708/758/648 714/759/649 705/751/643
f 707/755/646 709/756/647 715/760/650
f 711/761/651 712/762/652 704/752/644
f 708/758/648 713/763/653 714/759/649
f 714/759/649 715/760/650 709/756/647
f 710/764/654 715/760/650 716/765/655
f 713/763/653 718/642/656 719/766/657
f 712/762/652 717/767/658 721/643/659
f 719/766/657 718/642/656 20/768/295
f 720/769/660 719/766/657 20/566/295
f 716/765/655 720/769/660 20/164/295
f 717/767/658 716/765/655 20/40/295
f 721/643/659 717/767/658 20/166/295
f 718/770/656 721/643/659 20/736/295
f 722/771/661 725/772/662 723/773/663
f 722/774/661 729/775/664 727/776/665
f 726/777/666 725/772/662 733/778/667
f 722/774/661 726/777/666 729/775/664
f 729/779/664 730/780/668 727/781/665
f 728/782/669 736/783/670 725/772/662
f 732/784/671 735/785/672 733/778/667
f 734/786/673 735/785/672 737/787/674
f 737/788/674 739/789/675 730/780/668
f 736/783/670 738/790/676 740/791/677
f 737/787/674 742/792/678 743/793/679
f 743/794/679 746/795/680 739/789/675
f 744/796/681 747/640/682 745/797/683
f 745/797/683 747/640/682 748/798/684
f 741/799/685 749/800/686 742/792/678
f 747/640/682 751/801/687 748/798/684
f 748/798/684 752/802/688 741/799/685
f 749/800/686 750/803/689 743/793/679
f 746/795/680 750/642/689 20/768/690
f 751/801/687 746/795/680 20/566/690
f 752/802/688 751/801/687 20/164/690
f 749/800/686 752/802/688 20/166/690
f 750/803/689 749/800/686 20/736/690
f 758/804/691 761/805/692 755/806/693
f 753/807/694 755/806/693 756/808/695
f 753/807/694 756/808/695 757/809/696
f 754/810/697 757/809/696 758/811/691
f 757/809/696 756/808/695 760/812/698
f 759/813/699 766/814/700 755/806/693
f 760/812/698 762/815/701 761/816/692
f 761/816/692 763/817/702 759/818/699
f 756/808/695 768/819/703 760/812/698
f 762/815/701 763/817/702 761/816/692
f 763/820/702 767/821/704 764/822/705
f 768/819/703 769/823/706 765/824/707
f 762/815/701 769/823/706 770/825/708
f 768/819/703 766/814/700 771/826/709
f 769/823/706 771/826/709 774/827/710
f 770/825/708 774/827/710 775/828/711
f 771/826/709 773/829/712 779/830/713
f 775/828/711 781/831/714 772/832/715
f 773/829/712 778/833/716 782/834/717
f 780/835/718 783/836/719 775/828/711
f 783/836/719 786/837/720 781/831/714
f 785/838/721 787/839/722 782/834/717
f 782/834/717 787/839/722 779/830/713
f 783/836/719 788/840/723 789/841/724
f 785/838/721 791/842/725 787/839/722
f 790/843/726 786/844/720 20/845/61
f 791/842/725 790/843/726 20/846/61
f 787/839/722 791/842/725 20/847/61
f 788/840/723 787/839/722 20/478/61
f 789/841/724 788/840/723 20/353/61
f 786/837/720 789/841/724 20/471/61
f 792/848/727 799/849/728 794/850/729
f 793/851/730 795/852/731 796/853/732
f 799/854/728 800/855/733 797/856/734
f 795/852/731 794/850/729 802/857/735
f 798/858/736 803/859/737 799/854/728
f 803/859/737 805/860/738 800/855/733
f 798/858/736 802/857/735 808/861/739
f 802/857/735 807/862/740 809/863/741
f 808/861/739 809/863/741 810/864/742
f 808/861/739 810/864/742 811/865/743
f 805/860/738 814/866/744 812/867/745
f 806/868/746 812/869/745 813/870/747
f 805/860/738 803/859/737 814/866/744
f 803/859/737 811/865/743 815/871/748
f 810/864/742 816/872/749 811/865/743
f 813/870/747 817/873/750 807/862/740
f 807/862/740 817/873/750 809/863/741
f 815/871/748 819/874/751 814/866/744
f 819/874/751 820/875/752 812/867/745
f 812/869/745 821/876/753 813/870/747
f 818/877/754 824/878/755 816/872/749
f 816/872/749 822/879/756 815/871/748
f 821/876/753 823/880/757 817/873/750
f 822/879/756 820/875/752 819/874/751
f 818/877/754 828/881/758 824/878/755
f 826/882/759 825/844/760 20/845/35
f 827/883/761 826/882/759 20/846/35
f 828/881/758 827/883/761 20/847/35
f 829/884/762 828/881/758 20/353/35
f 825/885/760 829/884/762 20/471/35
f 830/886/763 837/887/764 832/888/765
f 831/889/766 833/890/767 834/891/768
f 837/892/764 838/893/769 835/856/770
f 833/890/767 832/888/765 839/894/771
f 836/895/772 840/896/773 837/892/764
f 838/897/769 843/898/774 835/899/770
f 840/896/773 842/900/775 838/893/769
f 843/898/774 844/901/776 832/888/765
f 836/895/772 839/894/771 845/902/777
f 839/894/771 844/901/776 847/903/778
f 842/900/775 851/904/779 849/905/780
f 842/900/775 848/906/781 851/904/779
f 846/907/782 847/903/778 852/908/783
f 849/909/780 853/910/784 850/911/785
f 856/912/786 860/913/787 852/908/783
f 852/908/783 857/914/788 848/906/781
f 854/915/789 859/916/790 861/917/791
f 860/913/787 863/918/792 857/914/788
f 863/918/792 864/919/793 858/920/794
f 865/921/795 864/844/793 20/845/61
f 866/922/796 865/921/795 20/846/61
f 867/923/797 866/922/796 20/847/61
f 863/918/792 867/923/797 20/353/61
f 864/919/793 863/918/792 20/471/61
f 869/924/798 875/925/799 872/926/800
f 870/927/801 872/926/800 873/928/802
f 868/929/803 873/928/802 871/930/804
f 871/931/804 874/932/805 875/925/799
f 872/926/800 875/925/799 876/933/806
f 871/930/804 882/934/807 874/935/805
f 872/926/800 876/933/806 878/936/808
f 872/926/800 878/936/808 879/937/809
f 871/930/804 873/928/802 882/934/807
f 874/932/805 880/938/810 875/925/799
f 879/937/809 881/939/811 873/928/802
f 879/937/809 878/936/808 884/940/812
f 882/941/807 883/942/813 874/932/805
f 883/942/813 886/943/814 880/938/810
f 882/934/807 881/939/811 885/944/815
f 877/945/816 887/946/817 876/933/806
f 886/943/814 890/947/818 877/945/816
f 888/948/819 891/949/820 884/940/812
f 889/950/821 892/951/822 885/944/815
f 888/948/819 887/946/817 894/952/823
f 887/946/817 890/947/818 898/953/824
f 895/954/825 899/955/826 889/950/821
f 895/954/825 894/952/823 901/956/827
f 898/953/824 905/957/828 894/952/823
f 901/956/827 906/884/829 899/955/826
f 903/958/830 902/844/831 20/845/139
f 904/959/832 903/958/830 20/846/139
f 905/957/828 904/959/832 20/349/139
f 901/956/827 905/957/828 20/478/139
f 906/884/829 901/956/827 20/353/139
f 902/960/831 906/884/829 20/471/139
f 909/961/833 908/962/834 912/963/835
f 908/962/834 911/964/836 914/965/837
f 908/962/834 914/965/837 915/966/838
f 915/966/838 916/967/839 912/963/835
f 912/963/835 916/967/839 917/968/840
f 914/965/837 921/969/841 915/966/838
f 916/967/839 918/970/842 917/968/840
f 914/965/837 911/964/836 922/971/843
f 921/969/841 923/972/844 915/966/838
f 920/973/845 924/974/846 910/975/847
f 911/964/836 924/974/846 925/976/848
f 922/971/843 925/976/848 926/977/849
f 921/969/841 926/977/849 929/978/850
f 918/970/842 916/967/839 933/979/851
f 928/980/852 927/981/853 930/982/854
f 928/980/852 930/982/854 931/983/855
f 924/974/846 931/983/855 934/984/856
f 935/985/857 936/986/858 926/977/849
f 934/984/856 940/987/859 935/985/857
f 932/988/860 937/989/861 933/979/851
f 941/990/862 945/991/863 932/988/860
f 938/992/864 942/844/865 20/845/61
f 943/993/866 938/992/864 20/846/61
f 944/994/867 943/993/866 20/847/61
f 942/995/865 945/991/863 20/471/61
f 20/847/61 945/991/863 944/994/867
f 949/996/868 948/997/869 946/998/870
f 947/999/871 950/1000/872 946/998/870
f 951/1001/873 953/1002/874 947/999/871
f 953/1002/874 954/1003/875 947/999/871
f 955/1004/876 953/1002/874 951/1001/873
f 952/1005/877 955/1004/876 951/1001/873
f 956/1006/878 955/1004/876 952/1005/877
f 962/1007/879 961/1008/880 955/1004/876
f 963/1009/881 958/1010/882 950/1000/872
f 954/1003/875 963/1009/881 950/1000/872
f 959/1011/883 964/1012/884 954/1003/875
f 962/1007/879 967/1013/885 961/1008/880
f 963/1009/881 966/1014/886 958/1010/882
f 964/1012/884 969/1015/887 963/1009/881
f 968/1016/888 971/1017/889 962/1007/879
f 966/1014/886 973/1018/890 965/1019/891
f 969/1015/887 973/1018/890 966/1014/886
f 926/1020/849 974/1021/892 964/1012/884
f 975/1022/893 926/1020/849 967/1013/885
f 977/1023/894 974/1021/892 926/1020/849
f 979/1024/895 969/1015/887 974/1021/892
f 981/1025/896 976/1026/897 972/1027/898
f 978/1028/899 982/1029/900 972/1030/898
f 981/1025/896 980/1031/901 976/1026/897
f 982/1029/900 20/845/61 981/844/896
f 983/1032/902 20/846/61 982/1029/900
f 984/994/903 20/847/61 983/1032/902
f 980/1031/901 20/353/61 985/1033/904
f 981/1025/896 20/471/61 980/1031/901
f 20/847/61 984/994/903 985/1033/904
f 2/4/4 408/10/8 409/1/1
f 3/6/5 408/10/8 2/4/4
f 134/5/2 408/10/8 3/6/5
f 273/17/15 294/16/14 9/1034/905
f 292/11/9 336/1035/906 293/12/10
f 336/1035/906 10/19/17 293/12/10
f 12/1036/907 243/25/23 179/1037/908
f 10/19/17 177/1038/909 141/18/16
f 293/12/10 141/18/16 413/14/12
f 140/22/20 416/21/19 141/18/16
f 177/1038/909 140/22/20 141/18/16
f 295/24/22 178/26/24 11/15/13
f 413/14/12 295/24/22 11/15/13
f 413/14/12 442/23/21 295/24/22
f 243/25/23 13/29/27 179/1037/908
f 417/27/25 15/1039/910 13/29/27
f 182/1040/911 183/30/28 17/34/32
f 442/23/21 417/27/25 295/24/22
f 14/28/26 16/31/29 416/21/19
f 304/53/50 146/57/53 449/62/57
f 274/32/30 18/38/36 17/34/32
f 16/31/29 19/36/34 274/32/30
f 445/52/49 300/41/38 301/43/40
f 446/1041/912 21/1042/43 445/52/49
f 446/1041/912 445/52/49 301/43/40
f 301/43/40 447/42/39 21/46/43
f 21/1042/43 22/1043/42 445/52/49
f 445/52/49 276/51/48 300/41/38
f 276/51/48 247/47/44 300/41/38
f 22/1043/42 248/50/47 445/52/49
f 420/44/41 248/54/47 22/45/42
f 447/42/39 423/49/46 420/44/41
f 247/47/44 303/48/45 447/42/39
f 423/49/46 304/53/50 420/44/41
f 247/47/44 278/55/51 303/48/45
f 303/48/45 145/56/52 423/49/46
f 303/48/45 278/55/51 145/56/52
f 248/50/47 306/58/54 276/51/48
f 516/1044/913 363/1045/914 206/77/68
f 146/57/53 309/63/58 449/62/57
f 279/61/56 425/68/62 309/63/58
f 149/64/59 425/68/62 279/61/56
f 148/65/60 149/64/59 307/59/55
f 516/1044/913 206/77/68 23/1046/915
f 228/95/84 221/101/90 438/91/80
f 23/1047/915 311/81/64 363/1045/914
f 23/1047/915 363/1045/914 24/1048/916
f 218/74/65 311/73/64 23/1046/915
f 206/77/68 218/74/65 23/1046/915
f 363/1045/914 25/75/66 206/77/68
f 206/77/68 26/76/67 218/74/65
f 365/78/69 25/75/66 363/1045/914
f 311/81/64 365/78/69 363/1045/914
f 25/75/66 312/80/71 26/76/67
f 365/78/69 312/80/71 25/75/66
f 311/73/64 208/72/63 380/84/74
f 218/74/65 26/76/67 208/72/63
f 311/81/64 380/1049/74 152/82/72
f 365/78/69 152/82/72 435/79/70
f 26/76/67 27/85/75 154/92/81
f 312/80/71 435/79/70 27/85/75
f 26/76/67 154/92/81 368/86/76
f 380/1049/74 382/90/73 152/82/72
f 208/72/63 368/86/76 382/83/73
f 435/79/70 264/88/78 27/85/75
f 435/79/70 152/82/72 264/88/78
f 27/85/75 314/89/79 154/92/81
f 264/88/78 369/94/83 314/89/79
f 152/82/72 369/94/83 264/88/78
f 382/90/73 155/105/86 228/95/84
f 220/87/77 155/97/86 382/83/73
f 314/89/79 370/98/87 265/93/82
f 370/98/87 315/96/85 220/87/77
f 156/99/88 158/103/92 370/98/87
f 210/108/95 319/111/98 212/109/96
f 315/96/85 384/104/93 317/102/91
f 211/100/89 210/108/95 158/103/92
f 221/101/90 28/110/97 211/100/89
f 221/101/90 317/106/91 28/110/97
f 384/104/93 212/109/96 29/107/94
f 158/103/92 210/108/95 384/104/93
f 321/126/109 371/117/100 32/116/99
f 30/1050/917 33/1051/104 321/126/109
f 31/118/101 161/122/105 30/1052/917
f 31/118/101 371/117/100 161/122/105
f 321/126/109 34/1053/114 375/124/107
f 30/1050/917 321/126/109 32/116/99
f 30/1052/917 161/122/105 33/121/104
f 373/120/103 174/127/110 269/138/120
f 373/120/103 34/131/114 33/121/104
f 161/122/105 174/127/110 162/119/102
f 387/123/106 213/132/115 174/127/110
f 35/128/111 213/132/115 387/123/106
f 222/129/112 35/128/111 372/125/108
f 34/1053/114 223/136/113 375/124/107
f 213/132/115 35/128/111 389/133/116
f 375/124/107 223/136/113 37/134/117
f 373/120/103 269/138/120 223/130/113
f 324/143/125 197/165/142 391/150/132
f 35/128/111 163/140/122 389/133/116
f 222/129/112 37/134/117 36/135/118
f 223/130/113 428/139/121 322/1054/119
f 174/127/110 389/133/116 269/138/120
f 35/128/111 214/142/124 163/140/122
f 214/142/124 390/144/126 324/143/125
f 39/147/129 38/146/128 164/141/123
f 163/140/122 324/143/125 164/141/123
f 322/137/119 428/1055/121 427/145/127
f 165/156/130 196/155/137 428/1055/121
f 252/153/135 165/148/130 38/146/128
f 325/149/131 252/153/135 38/146/128
f 39/147/129 391/150/132 325/149/131
f 427/145/127 196/155/137 195/151/133
f 195/151/133 197/165/142 390/144/126
f 325/149/131 167/161/140 393/152/134
f 42/1056/153 200/184/159 227/189/155
f 197/165/142 326/163/141 391/150/132
f 165/148/130 350/157/138 351/159/136
f 351/154/136 326/163/141 195/151/133
f 40/171/147 198/174/150 430/170/146
f 226/1057/144 198/174/150 40/171/147
f 226/1057/144 328/177/149 198/174/150
f 168/176/152 42/1056/153 328/173/149
f 43/179/154 41/175/151 198/174/150
f 386/258/221 234/273/235 286/275/237
f 396/182/157 229/181/156 352/167/143
f 43/179/154 353/193/167 41/175/151
f 353/193/167 396/182/157 41/175/151
f 44/183/158 353/193/167 43/179/154
f 354/192/166 45/185/160 396/182/157
f 353/193/167 354/192/166 396/182/157
f 227/180/155 170/186/161 44/183/158
f 44/183/158 47/187/162 354/192/166
f 356/188/163 170/197/161 227/189/155
f 45/185/160 48/203/175 399/191/165
f 202/194/168 48/203/175 45/185/160
f 356/188/163 357/195/169 170/197/161
f 399/191/165 48/203/175 171/199/171
f 357/195/169 50/1058/173 47/196/162
f 49/198/170 230/206/178 356/188/163
f 230/206/178 357/195/169 356/188/163
f 255/209/181 230/206/178 49/198/170
f 171/199/171 255/209/181 49/198/170
f 330/200/172 431/204/176 202/194/168
f 357/195/169 331/207/179 172/215/177
f 357/195/169 172/215/177 50/1058/173
f 359/210/182 51/208/180 255/209/181
f 358/202/174 359/210/182 171/199/171
f 431/204/176 203/212/184 358/202/174
f 172/205/177 431/204/176 330/200/172
f 51/208/180 331/207/179 230/206/178
f 401/216/186 331/207/179 51/208/180
f 433/211/183 401/216/186 359/210/182
f 358/202/174 204/217/187 433/211/183
f 203/212/184 52/218/188 204/217/187
f 55/225/192 259/224/191 260/231/195
f 53/223/190 56/227/194 259/224/191
f 54/226/193 173/232/197 56/227/194
f 260/229/195 333/239/204 58/234/199
f 59/230/196 333/1059/204 260/231/195
f 54/226/193 57/235/200 173/232/197
f 260/229/195 57/235/200 54/226/193
f 56/227/194 261/233/198 259/224/191
f 59/230/196 175/244/209 333/1059/204
f 261/233/198 135/236/201 259/224/191
f 57/235/200 334/237/202 173/232/197
f 58/234/199 60/240/205 57/235/200
f 175/1060/209 250/238/203 333/239/204
f 175/1060/209 61/246/208 250/238/203
f 135/236/201 436/245/210 59/230/196
f 250/238/203 60/240/205 58/234/199
f 334/237/202 348/242/207 62/241/206
f 60/240/205 337/251/215 348/242/207
f 62/241/206 451/256/219 254/249/213
f 348/242/207 414/252/216 64/250/214
f 160/255/218 381/253/217 63/248/212
f 64/250/214 65/260/223 451/256/219
f 414/252/216 65/260/223 64/250/214
f 217/257/220 66/274/236 414/252/216
f 386/258/221 286/275/237 217/257/220
f 383/266/229 386/258/221 316/247/211
f 381/253/217 383/270/229 316/254/211
f 176/263/226 383/270/229 381/253/217
f 67/261/224 176/263/226 160/255/218
f 160/255/218 176/263/226 381/253/217
f 451/256/219 67/261/224 160/255/218
f 451/256/219 65/260/223 67/261/224
f 66/274/236 392/259/222 414/252/216
f 286/275/237 66/274/236 217/257/220
f 176/263/226 329/268/231 383/270/229
f 397/265/228 68/271/233 67/261/224
f 65/260/223 397/265/228 67/261/224
f 392/259/222 187/264/227 65/260/223
f 187/264/227 131/272/234 397/265/228
f 392/259/222 69/279/241 187/264/227
f 66/274/236 234/273/235 69/279/241
f 66/274/236 69/279/241 392/259/222
f 329/268/231 70/277/239 153/276/238
f 383/266/229 289/1061/232 257/267/230
f 190/299/254 136/315/270 194/312/267
f 289/1061/232 432/280/242 257/267/230
f 289/269/232 153/276/238 432/282/242
f 234/273/235 432/280/242 310/278/240
f 437/288/245 271/287/244 434/300/255
f 71/286/243 517/294/248 271/287/244
f 517/294/248 385/296/247 441/292/249
f 271/287/244 388/298/253 434/300/255
f 271/287/244 376/293/250 388/298/253
f 517/294/248 376/293/250 271/287/244
f 434/300/255 72/289/246 437/288/245
f 231/1062/251 74/303/258 385/296/247
f 388/298/253 238/306/261 190/299/254
f 287/302/257 388/298/253 376/293/250
f 406/301/256 246/1063/918 231/295/251
f 287/302/257 238/306/261 388/298/253
f 231/1062/251 216/309/264 74/303/258
f 246/1063/918 216/1064/264 231/295/251
f 434/300/255 426/304/259 406/301/256
f 190/299/254 194/312/267 426/304/259
f 216/1064/264 308/318/273 232/317/272
f 235/297/252 75/310/265 394/308/263
f 406/301/256 308/318/273 246/1063/918
f 238/306/261 302/307/262 136/315/270
f 76/311/266 181/328/281 308/318/273
f 406/301/256 76/311/266 308/318/273
f 216/309/264 232/321/272 75/310/265
f 426/304/259 215/313/268 76/311/266
f 136/315/270 272/314/269 194/312/267
f 181/328/281 139/316/271 308/318/273
f 244/330/283 360/339/292 297/348/298
f 233/320/275 169/319/274 75/310/265
f 139/326/271 233/320/275 232/321/272
f 215/313/268 77/329/282 76/311/266
f 272/314/269 133/332/285 194/312/267
f 133/332/285 410/322/276 194/312/267
f 137/323/277 133/332/285 272/314/269
f 78/324/278 137/323/277 302/307/262
f 169/319/274 78/324/278 394/308/263
f 344/327/280 290/342/279 139/316/271
f 290/325/279 440/337/290 169/319/274
f 244/330/283 180/340/293 344/327/280
f 133/332/285 244/330/283 410/322/276
f 415/333/286 347/331/284 137/323/277
f 412/334/287 415/333/286 78/324/278
f 440/337/290 412/334/287 169/319/274
f 290/325/279 249/335/288 440/337/290
f 180/340/293 290/342/279 344/327/280
f 244/330/283 299/347/297 180/340/293
f 297/348/298 299/347/297 244/330/283
f 412/334/287 443/352/300 415/333/286
f 347/331/284 360/339/292 133/332/285
f 443/352/300 448/338/291 415/333/286
f 277/341/294 299/347/297 341/345/296
f 290/342/279 277/341/294 249/344/288
f 297/348/298 448/338/291 341/345/296
f 275/383/327 421/375/320 225/376/321
f 443/352/300 219/350/299 448/338/291
f 249/335/288 219/350/299 144/336/289
f 518/1065/305 79/356/303 285/1066/306
f 404/355/302 285/1066/306 79/356/303
f 80/354/301 439/360/307 404/355/302
f 361/362/309 284/366/310 285/1066/306
f 404/355/302 361/362/309 285/1066/306
f 439/360/307 239/368/314 404/355/302
f 439/360/307 270/357/304 239/368/314
f 285/359/306 374/364/311 270/357/304
f 142/365/312 224/371/315 284/366/310
f 239/368/314 421/375/320 338/367/313
f 270/357/304 421/375/320 239/368/314
f 343/1067/919 82/373/318 270/357/304
f 374/364/311 343/1067/919 270/357/304
f 205/372/317 407/370/316 142/365/312
f 81/361/308 452/381/325 361/362/309
f 452/381/325 205/372/317 361/362/309
f 82/373/318 421/375/320 270/357/304
f 224/369/315 407/377/316 374/364/311
f 338/367/313 275/383/327 81/361/308
f 83/379/323 452/381/325 258/380/324
f 343/1067/919 378/378/322 82/373/318
f 82/373/318 378/378/322 283/374/319
f 343/1067/919 374/364/311 378/378/322
f 407/377/316 83/1068/323 411/387/331
f 291/392/336 185/396/339 151/1069/920
f 407/377/316 411/387/331 267/382/326
f 81/361/308 379/384/328 258/380/324
f 275/383/327 340/385/329 379/384/328
f 258/380/324 366/391/335 83/379/323
f 379/384/328 366/391/335 258/380/324
f 225/376/321 296/389/333 340/385/329
f 283/374/319 296/389/333 225/376/321
f 84/388/332 132/386/330 267/382/326
f 83/1068/323 251/393/337 411/387/331
f 245/390/334 85/397/340 366/391/335
f 340/385/329 245/390/334 379/384/328
f 85/397/340 251/395/337 366/391/335
f 296/389/333 422/400/343 340/385/329
f 291/392/336 422/400/343 296/389/333
f 313/410/350 280/398/341 345/408/351
f 411/387/331 318/394/338 84/388/332
f 318/394/338 185/396/339 84/388/332
f 251/393/337 313/407/350 318/394/338
f 245/390/334 342/399/342 85/397/340
f 151/1069/920 188/401/344 291/392/336
f 282/402/345 151/1069/920 185/396/339
f 313/407/350 346/405/348 318/394/338
f 345/408/351 166/403/346 86/411/353
f 342/399/342 166/403/346 280/398/341
f 253/412/354 282/402/345 349/413/355
f 192/404/347 166/403/346 422/400/343
f 192/404/347 86/411/353 166/403/346
f 151/1069/920 282/402/345 188/401/344
f 346/405/348 349/413/355 282/402/345
f 313/410/350 454/409/352 429/344/349
f 345/408/351 86/411/353 454/409/352
f 90/421/362 93/428/369 138/415/357
f 87/416/358 138/415/357 323/1070/363
f 88/414/356 89/420/361 138/415/357
f 419/418/360 89/420/361 88/414/356
f 87/419/358 323/422/363 419/418/360
f 323/1070/363 91/429/367 150/1071/364
f 138/415/357 91/429/367 323/1070/363
f 89/420/361 424/431/371 90/421/362
f 89/420/361 377/424/365 424/431/371
f 419/418/360 150/423/364 377/424/365
f 362/435/374 424/431/371 402/430/370
f 240/450/389 191/1072/921 355/451/390
f 150/423/364 92/427/368 193/425/366
f 377/424/365 191/1072/921 402/430/370
f 268/433/372 237/1073/922 377/424/365
f 237/1073/922 191/1072/921 377/424/365
f 92/427/368 94/437/376 193/425/366
f 362/435/374 207/436/375 332/434/373
f 92/427/368 281/440/379 94/437/376
f 93/428/369 143/442/381 92/432/368
f 92/432/368 143/442/381 281/1074/379
f 453/443/382 143/442/381 93/428/369
f 332/434/373 453/443/382 93/428/369
f 402/430/370 240/450/389 207/436/375
f 268/433/372 95/439/378 237/1073/922
f 191/1072/921 95/439/378 355/451/390
f 143/442/381 97/1075/384 281/1074/379
f 305/444/383 201/441/380 453/443/382
f 207/436/375 305/444/383 332/434/373
f 262/473/409 288/468/405 364/475/410
f 98/446/385 97/1075/384 143/442/381
f 240/450/389 367/447/386 207/436/375
f 97/445/384 398/460/395 320/454/393
f 99/448/387 98/446/385 305/444/383
f 240/450/389 209/1076/923 367/447/386
f 157/452/391 186/449/388 355/451/390
f 96/438/377 335/453/392 95/439/378
f 98/446/385 398/456/395 97/1075/384
f 100/457/396 159/455/394 98/446/385
f 367/447/386 209/1076/923 99/448/387
f 240/450/389 186/449/388 209/1076/923
f 320/454/393 335/453/392 96/438/377
f 99/448/387 102/463/400 100/457/396
f 209/1076/923 266/462/399 99/448/387
f 209/1076/923 186/449/388 266/462/399
f 157/452/391 339/470/407 186/449/388
f 400/465/402 339/470/407 157/452/391
f 335/453/392 400/465/402 157/452/391
f 159/455/394 199/467/404 101/461/397
f 102/463/400 288/468/405 199/467/404
f 100/457/396 102/463/400 199/467/404
f 339/470/407 266/462/399 186/449/388
f 405/469/406 288/468/405 266/462/399
f 147/459/398 184/464/401 335/453/392
f 103/466/403 236/472/408 147/459/398
f 288/468/405 450/476/411 364/475/410
f 405/469/406 189/477/412 450/476/411
f 482/488/421 478/482/415 491/498/429
f 236/472/408 189/477/412 184/464/401
f 488/1077/420 507/483/416 490/481/414
f 455/480/413 478/482/415 488/487/420
f 478/482/415 490/481/414 470/485/418
f 507/483/416 457/490/422 456/484/417
f 470/485/418 456/484/417 104/491/423
f 478/482/415 483/486/419 491/498/429
f 513/507/437 514/512/442 471/516/443
f 507/483/416 458/494/425 457/490/422
f 483/486/419 470/485/418 492/492/424
f 457/490/422 106/495/426 104/491/423
f 492/492/424 104/491/423 105/503/433
f 458/494/425 484/501/431 106/495/426
f 104/491/423 497/497/428 105/503/433
f 479/496/427 492/492/424 105/503/433
f 484/500/431 482/488/421 107/499/430
f 106/495/426 498/502/432 497/497/428
f 105/503/433 472/504/434 499/505/435
f 480/506/436 483/486/419 513/507/437
f 491/498/429 480/506/436 107/499/430
f 498/502/432 484/501/431 108/1078/438
f 7/1079/924 293/12/10 273/17/15
f 498/502/432 108/1078/438 485/511/441
f 493/509/439 498/502/432 485/511/441
f 480/506/436 513/507/437 471/516/443
f 485/511/441 108/1078/438 109/513/440
f 115/527/453 114/1080/925 116/1081/456
f 109/510/440 480/506/436 471/516/443
f 110/518/444 459/524/450 473/519/445
f 111/520/446 473/519/445 500/522/448
f 494/1082/926 112/1083/927 460/1084/928
f 494/1082/926 481/528/454 110/1085/444
f 111/520/446 500/522/448 113/521/447
f 460/1084/928 113/521/447 474/523/449
f 494/1082/926 460/1084/928 481/528/454
f 459/1086/450 110/1085/444 481/528/454
f 459/524/450 114/1080/925 495/525/451
f 473/519/445 495/525/451 500/522/448
f 481/528/454 460/1084/928 474/523/449
f 481/528/454 116/530/456 459/1086/450
f 459/1086/450 116/530/456 114/1087/925
f 461/526/452 495/525/451 114/1080/925
f 462/529/455 474/523/449 515/531/457
f 474/523/449 115/527/453 515/531/457
f 462/1088/455 115/527/453 116/1081/456
f 124/1089/929 502/539/465 122/1090/930
f 115/527/453 496/1091/458 515/531/457
f 117/1092/464 502/548/465 120/542/468
f 117/1092/464 120/542/468 118/533/459
f 508/534/460 118/533/459 501/540/466
f 502/539/465 121/537/463 122/1090/930
f 118/533/459 123/543/469 467/551/476
f 510/544/470 118/533/459 467/551/476
f 501/540/466 118/533/459 466/545/471
f 130/1093/931 126/1094/932 505/557/481
f 502/539/465 125/665/933 511/546/472
f 120/542/468 487/549/474 123/543/469
f 487/549/474 468/552/473 126/1094/932
f 486/550/475 123/543/469 489/554/478
f 126/1095/932 468/547/473 128/1096/934
f 126/1095/932 128/1096/934 475/1097/935
f 129/556/480 487/549/474 126/1094/932
f 464/561/484 512/1098/936 469/562/485
f 475/1097/935 506/1099/937 126/1095/932
f 126/1095/932 506/1099/937 504/1100/482
f 505/557/481 126/1094/932 504/558/482
f 506/1099/937 512/1098/936 504/1100/482
f 526/1101/938 528/574/494 527/577/497
f 476/564/486 463/559/483 464/560/484
f 519/1102/939 520/567/488 524/569/490
f 521/571/492 520/567/488 519/1102/939
f 522/568/489 526/1101/938 524/569/490
f 520/567/488 525/573/493 522/568/489
f 523/570/491 529/580/500 520/567/488
f 524/572/490 526/1103/938 523/570/491
f 527/577/497 530/576/496 526/1101/938
f 527/577/497 532/578/498 531/575/495
f 520/567/488 529/580/500 525/573/493
f 526/1103/938 530/581/496 523/570/491
f 531/575/495 536/587/506 535/582/501
f 529/580/500 533/584/503 525/573/493
f 540/590/509 536/587/506 541/586/505
f 532/578/498 537/583/502 536/587/506
f 534/579/499 533/584/503 529/580/500
f 530/581/496 538/594/504 534/579/499
f 534/579/499 539/589/508 533/584/503
f 538/594/504 539/589/508 534/579/499
f 535/582/501 540/590/509 538/585/504
f 548/598/510 554/602/515 553/607/520
f 542/588/507 541/586/505 537/583/502
f 544/597/512 547/596/511 543/1104/940
f 545/600/513 544/599/512 543/1105/940
f 543/1104/940 547/596/511 551/1106/941
f 546/603/516 548/598/510 545/600/513
f 546/603/516 550/604/517 549/601/514
f 551/1106/941 550/604/517 546/603/516
f 547/596/511 548/595/510 551/1106/941
f 549/601/514 552/605/518 554/602/515
f 551/1106/941 552/605/518 550/604/517
f 551/1106/941 553/1107/520 555/608/521
f 555/608/521 552/605/518 551/1106/941
f 552/605/518 556/606/519 554/602/515
f 553/607/520 556/606/519 555/611/521
f 569/1108/942 563/616/527 7/1109/943
f 557/609/522 559/612/524 552/605/518
f 556/606/519 559/612/524 558/610/523
f 558/614/523 557/609/522 555/608/521
f 561/1110/944 563/616/527 560/623/532
f 564/617/528 563/616/527 561/1110/944
f 567/619/530 566/628/534 562/620/529
f 560/623/532 569/1108/942 568/622/531
f 579/632/539 583/636/540 582/635/542
f 563/616/527 570/1111/945 7/1109/943
f 565/615/526 570/1111/945 563/616/527
f 562/618/529 566/625/534 565/615/526
f 568/622/531 571/624/533 564/621/528
f 7/1109/943 572/1112/946 569/1108/942
f 565/615/526 573/1113/947 570/1111/945
f 569/1108/942 574/629/537 568/622/531
f 568/622/531 577/630/538 571/624/533
f 566/625/534 576/631/536 575/626/535
f 574/629/537 578/1114/948 577/630/538
f 577/630/538 580/1115/949 571/624/533
f 580/1115/949 581/1116/950 571/624/533
f 571/624/533 15/640/546 588/639/545
f 571/624/533 588/639/545 583/633/540
f 586/1117/951 587/637/543 591/643/548
f 584/634/541 586/1117/951 582/635/542
f 583/633/540 588/639/545 587/642/543
f 606/1118/952 602/650/554 604/649/553
f 599/648/552 603/647/551 604/649/553
f 600/651/555 599/648/552 602/650/554
f 600/651/555 602/650/554 603/652/551
f 603/652/551 547/596/511 544/597/512
f 603/647/551 544/599/512 604/649/553
f 604/649/553 605/655/556 606/1118/952
f 607/656/558 547/596/511 603/652/551
f 602/650/554 550/604/517 607/656/558
f 608/1119/953 549/601/557 606/1118/952
f 614/662/564 610/658/560 613/660/562
f 550/604/517 549/601/557 609/657/559
f 616/667/569 612/659/561 8/1120/11
f 623/669/571 617/663/565 616/667/569
f 613/660/562 612/659/561 617/663/565
f 616/667/569 615/1121/954 620/668/570
f 613/660/562 621/664/566 618/661/563
f 628/672/574 622/666/568 618/661/563
f 621/664/566 617/663/565 624/670/572
f 623/669/571 620/668/570 626/553/955
f 630/1122/956 626/553/955 625/1123/957
f 632/673/575 626/553/955 631/677/579
f 637/678/580 635/1124/958 636/1125/959
f 624/670/572 623/669/571 632/673/575
f 628/672/574 621/664/566 627/671/573
f 624/670/572 633/674/576 627/671/573
f 631/677/579 630/1122/956 635/1124/958
f 627/671/573 638/679/581 628/672/574
f 633/674/576 637/678/580 638/679/581
f 640/682/584 628/672/574 639/680/582
f 642/1126/960 637/678/580 636/1125/959
f 644/683/585 639/680/582 638/679/581
f 637/678/580 643/685/587 644/683/585
f 646/686/588 650/693/595 647/687/589
f 667/713/609 669/710/606 664/709/605
f 648/688/590 651/689/591 649/1127/961
f 651/689/591 648/688/590 647/687/589
f 650/694/595 649/1127/961 651/689/591
f 650/693/595 653/692/594 647/687/589
f 653/692/594 657/697/597 655/696/596
f 652/690/592 647/687/589 658/698/598
f 654/695/593 651/689/591 656/699/599
f 656/699/599 652/690/592 659/701/601
f 657/1128/597 654/695/593 662/702/602
f 655/696/596 657/697/597 660/703/603
f 658/698/598 655/696/596 660/703/603
f 660/703/603 657/697/597 662/705/602
f 661/700/600 663/704/604 659/701/601
f 665/712/608 666/1129/607 667/713/609
f 675/723/618 680/1130/622 682/1131/962
f 666/1129/607 670/1132/610 671/721/617
f 666/1129/607 671/721/617 672/717/613
f 667/713/609 666/1129/607 672/717/613
f 669/710/606 668/715/611 674/718/614
f 670/714/610 669/710/606 674/718/614
f 671/721/617 670/1132/610 678/722/616
f 672/717/613 671/721/617 675/723/618
f 673/716/612 672/717/613 676/725/620
f 674/718/614 673/716/612 676/725/620
f 676/725/620 672/717/613 679/724/619
f 679/724/619 682/1131/962 683/730/625
f 674/718/614 676/725/620 681/726/621
f 677/719/615 674/718/614 684/728/623
f 686/735/627 683/730/625 682/1131/962
f 679/724/619 683/730/625 681/726/621
f 680/727/622 677/719/615 685/729/624
f 680/1130/622 686/735/627 682/1131/962
f 681/726/621 687/731/626 684/728/623
f 694/745/638 691/737/630 690/1133/963
f 687/731/626 688/733/628 689/734/629
f 685/729/624 684/728/623 689/734/629
f 686/732/627 685/729/624 689/734/629
f 690/1133/963 693/1134/637 694/745/638
f 693/744/637 692/739/632 696/738/631
f 711/761/651 707/755/646 710/764/654
f 691/737/630 697/741/634 696/738/631
f 693/1134/637 698/750/636 700/746/639
f 697/741/634 699/742/635 696/738/631
f 693/1134/637 700/746/639 694/745/638
f 695/740/633 694/745/638 701/747/640
f 696/738/631 699/742/635 702/749/642
f 701/747/640 700/746/639 705/751/643
f 698/743/636 696/738/631 704/752/644
f 702/749/642 703/748/641 707/755/646
f 705/751/643 706/753/645 708/758/648
f 707/755/646 701/747/640 709/756/647
f 712/762/652 708/757/648 704/752/644
f 704/752/644 702/749/642 711/761/651
f 705/751/643 714/759/649 709/756/647
f 710/764/654 707/755/646 715/760/650
f 717/767/658 710/764/654 716/765/655
f 719/766/657 715/760/650 714/759/649
f 711/761/651 717/767/658 712/762/652
f 714/759/649 713/763/653 719/766/657
f 713/1135/653 721/643/659 718/770/656
f 715/760/650 720/769/660 716/765/655
f 726/777/666 723/773/663 725/772/662
f 725/772/662 727/781/665 728/782/669
f 722/774/661 724/1136/964 726/777/666
f 731/1137/965 725/772/662 736/783/670
f 726/777/666 733/778/667 729/775/664
f 727/781/665 730/780/668 728/782/669
f 729/775/664 735/785/672 734/786/673
f 733/778/667 731/1137/965 732/784/671
f 729/779/664 734/1138/673 730/780/668
f 738/790/676 730/780/668 739/789/675
f 731/1137/965 736/783/670 732/784/671
f 734/1138/673 737/788/674 730/780/668
f 740/791/677 732/784/671 736/783/670
f 736/783/670 728/782/669 738/790/676
f 742/792/678 732/784/671 741/799/685
f 745/797/683 739/789/675 744/796/681
f 737/787/674 735/785/672 742/792/678
f 737/788/674 743/794/679 739/789/675
f 746/795/680 747/640/682 744/796/681
f 740/791/677 738/790/676 745/797/683
f 739/789/675 746/795/680 744/796/681
f 740/791/677 745/797/683 748/798/684
f 740/791/677 748/798/684 741/799/685
f 742/792/678 749/800/686 743/793/679
f 743/794/679 750/642/689 746/795/680
f 761/816/692 757/809/696 760/812/698
f 748/798/684 751/801/687 752/802/688
f 741/799/685 752/802/688 749/800/686
f 753/807/694 758/804/691 755/806/693
f 754/810/697 753/807/694 757/809/696
f 755/806/693 761/805/692 759/813/699
f 773/829/712 767/821/704 776/1139/966
f 756/808/695 755/806/693 766/814/700
f 759/813/699 763/820/702 764/822/705
f 759/813/699 764/822/705 766/814/700
f 760/812/698 768/819/703 765/824/707
f 760/812/698 765/824/707 762/815/701
f 756/808/695 766/814/700 768/819/703
f 764/822/705 767/821/704 766/814/700
f 765/824/707 769/823/706 762/815/701
f 763/817/702 762/815/701 770/825/708
f 767/821/704 763/820/702 772/1140/715
f 769/823/706 768/819/703 771/826/709
f 770/825/708 769/823/706 774/827/710
f 767/821/704 772/1140/715 776/1139/966
f 772/832/715 770/825/708 775/828/711
f 771/826/709 766/814/700 773/829/712
f 778/833/716 776/1139/966 777/1141/967
f 779/830/713 774/827/710 771/826/709
f 776/1139/966 781/1142/714 784/1143/968
f 774/827/710 780/835/718 775/828/711
f 784/1143/968 778/833/716 777/1141/967
f 776/1139/966 784/1143/968 777/1141/967
f 779/830/713 773/829/712 782/834/717
f 775/828/711 783/836/719 781/831/714
f 780/835/718 787/839/722 788/840/723
f 782/834/717 778/833/716 785/838/721
f 780/835/718 788/840/723 783/836/719
f 786/844/720 784/1143/968 781/1142/714
f 783/836/719 789/841/724 786/837/720
f 790/843/726 785/838/721 784/1143/968
f 795/852/731 792/848/727 794/850/729
f 792/848/727 796/1144/732 799/849/728
f 799/854/728 795/852/731 798/858/736
f 799/849/728 797/1145/734 794/850/729
f 806/868/746 800/1146/733 805/1147/738
f 797/1145/734 800/1146/733 801/1148/969
f 797/1145/734 801/1148/969 794/850/729
f 798/858/736 795/852/731 802/857/735
f 800/855/733 799/854/728 803/859/737
f 798/858/736 808/861/739 804/1149/970
f 798/858/736 804/1149/970 803/859/737
f 794/850/729 806/868/746 807/862/740
f 810/864/742 817/873/750 818/877/754
f 794/850/729 807/862/740 802/857/735
f 808/861/739 802/857/735 809/863/741
f 804/1149/970 808/861/739 811/865/743
f 803/859/737 804/1149/970 811/865/743
f 806/868/746 805/1147/738 812/869/745
f 807/862/740 806/868/746 813/870/747
f 814/866/744 803/859/737 815/871/748
f 811/865/743 816/872/749 815/871/748
f 814/866/744 819/874/751 812/867/745
f 826/882/759 820/1150/752 825/844/760
f 810/864/742 818/877/754 816/872/749
f 812/869/745 820/1150/752 821/876/753
f 813/870/747 821/876/753 817/873/750
f 815/871/748 822/879/756 819/874/751
f 817/873/750 823/880/757 818/877/754
f 816/872/749 824/878/755 822/879/756
f 826/882/759 823/880/757 821/876/753
f 828/881/758 823/880/757 827/883/761
f 829/884/762 824/878/755 828/881/758
f 825/885/760 822/879/756 829/884/762
f 833/890/767 830/886/763 832/888/765
f 830/886/763 834/1151/768 837/887/764
f 837/892/764 833/890/767 836/895/772
f 837/887/764 835/899/770 832/888/765
f 846/907/782 840/896/773 841/1152/971
f 836/895/772 833/890/767 839/894/771
f 838/893/769 837/892/764 840/896/773
f 835/899/770 843/898/774 832/888/765
f 836/895/772 845/902/777 841/1152/971
f 836/895/772 841/1152/971 840/896/773
f 838/897/769 842/1153/775 843/898/774
f 832/888/765 844/901/776 839/894/771
f 841/1152/971 845/902/777 846/907/782
f 845/902/777 839/894/771 847/903/778
f 846/907/782 845/902/777 847/903/778
f 849/909/780 843/898/774 842/1153/775
f 842/900/775 840/896/773 848/906/781
f 854/915/789 850/911/785 853/910/784
f 844/901/776 843/898/774 850/911/785
f 848/906/781 846/907/782 852/908/783
f 847/903/778 854/915/789 855/1154/972
f 851/904/779 857/914/788 858/920/794
f 847/903/778 855/1154/972 856/912/786
f 847/903/778 856/912/786 852/908/783
f 851/904/779 858/920/794 849/905/780
f 853/910/784 858/1155/794 859/916/790
f 861/917/791 856/912/786 855/1154/972
f 853/910/784 859/916/790 854/915/789
f 852/908/783 860/913/787 857/914/788
f 855/1154/972 854/915/789 861/917/791
f 864/844/793 859/916/790 858/1155/794
f 860/913/787 856/912/786 862/1156/973
f 858/920/794 857/914/788 863/918/792
f 865/921/795 861/917/791 859/916/790
f 867/923/797 861/917/791 866/922/796
f 871/931/804 869/924/798 868/1157/803
f 860/913/787 862/1156/973 867/923/797
f 863/918/792 860/913/787 867/923/797
f 888/948/819 876/933/806 887/946/817
f 870/927/801 869/924/798 872/926/800
f 868/929/803 870/927/801 873/928/802
f 876/933/806 875/925/799 877/945/816
f 873/928/802 872/926/800 879/937/809
f 875/925/799 880/938/810 877/945/816
f 882/934/807 873/928/802 881/939/811
f 874/932/805 883/942/813 880/938/810
f 879/937/809 884/940/812 881/939/811
f 883/942/813 882/941/807 885/1158/815
f 880/938/810 886/943/814 877/945/816
f 889/950/821 884/940/812 891/949/820
f 884/940/812 878/936/808 888/948/819
f 883/942/813 892/1159/822 893/1160/974
f 885/944/815 881/939/811 889/950/821
f 877/945/816 890/947/818 887/946/817
f 895/954/825 888/948/819 894/952/823
f 883/942/813 893/1160/974 886/943/814
f 886/943/814 893/1160/974 890/947/818
f 893/1160/974 896/1161/975 897/1162/976
f 891/949/820 895/954/825 889/950/821
f 899/955/826 892/951/822 889/950/821
f 894/952/823 887/946/817 898/953/824
f 897/1162/976 890/947/818 893/1160/974
f 902/844/831 897/1162/976 896/1161/975
f 898/953/824 890/947/818 900/1163/977
f 895/954/825 901/956/827 899/955/826
f 903/958/830 900/1163/977 897/1162/976
f 905/957/828 900/1163/977 904/959/832
f 902/960/831 899/955/826 906/884/829
f 894/952/823 905/957/828 901/956/827
f 945/991/863 936/986/858 944/994/867
f 911/964/836 907/1164/978 910/975/847
f 913/1165/979 912/805/835 917/1166/840
f 907/1167/978 909/961/833 912/963/835
f 919/1168/980 917/1166/840 918/1169/842
f 907/1164/978 913/1165/979 910/975/847
f 912/963/835 908/962/834 915/966/838
f 928/980/852 918/1169/842 927/981/853
f 913/1165/979 919/1168/980 920/973/845
f 913/1165/979 920/973/845 910/975/847
f 914/965/837 922/971/843 921/969/841
f 915/966/838 923/972/844 916/967/839
f 911/964/836 910/975/847 924/974/846
f 922/971/843 911/964/836 925/976/848
f 921/969/841 922/971/843 926/977/849
f 929/978/850 916/967/839 923/972/844
f 920/973/845 919/1168/980 928/980/852
f 924/974/846 920/973/845 928/980/852
f 923/972/844 921/969/841 929/978/850
f 927/1170/853 918/970/842 933/979/851
f 924/974/846 928/980/852 931/983/855
f 934/984/856 925/976/848 924/974/846
f 933/979/851 916/967/839 932/988/860
f 930/982/854 927/981/853 933/1171/851
f 929/978/850 936/986/858 941/990/862
f 926/977/849 925/976/848 935/985/857
f 930/982/854 937/1172/861 938/992/864
f 939/1028/981 930/982/854 938/992/864
f 939/1028/981 934/984/856 931/983/855
f 943/993/866 939/1028/981 938/992/864
f 935/985/857 940/987/859 936/986/858
f 929/978/850 941/990/862 932/988/860
f 937/1172/861 942/844/865 938/992/864
f 944/994/867 940/987/859 943/993/866
f 942/995/865 932/988/860 945/991/863
f 977/1023/894 985/1033/904 984/994/903
f 952/1173/877 957/1174/982 956/1175/878
f 961/1008/880 967/1013/885 960/1176/983
f 948/997/869 949/996/868 951/805/873
f 950/1000/872 949/996/868 946/998/870
f 948/1177/869 951/1001/873 947/999/871
f 949/996/868 952/1173/877 951/805/873
f 947/999/871 954/1003/875 950/1000/872
f 968/1178/888 957/1174/982 965/1019/891
f 958/1010/882 957/1174/982 949/996/868
f 950/1000/872 958/1010/882 949/996/868
f 953/1002/874 959/1011/883 954/1003/875
f 960/1176/983 959/1011/883 953/1002/874
f 961/1008/880 960/1176/983 953/1002/874
f 955/1004/876 961/1008/880 953/1002/874
f 956/1006/878 962/1007/879 955/1004/876
f 954/1003/875 964/1012/884 963/1009/881
f 965/1019/891 958/1010/882 966/1014/886
f 926/1020/849 960/1176/983 967/1013/885
f 959/1011/883 926/1020/849 964/1012/884
f 967/1013/885 971/1017/889 970/1179/984
f 956/1006/878 968/1016/888 962/1007/879
f 963/1009/881 969/1015/887 966/1014/886
f 968/1178/888 973/1018/890 972/1030/898
f 968/1016/888 972/1027/898 976/1026/897
f 978/1028/899 969/1015/887 979/1024/895
f 964/1012/884 974/1021/892 969/1015/887
f 970/1179/984 975/1022/893 967/1013/885
f 968/1016/888 976/1026/897 971/1017/889
f 975/1022/893 977/1023/894 926/1020/849
f 973/1018/890 978/1028/899 972/1030/898
f 971/1017/889 975/1022/893 970/1179/984
f 977/1023/894 979/1024/895 974/1021/892
f 978/1028/899 983/1032/902 982/1029/900
f 976/1026/897 980/1031/901 971/1017/889
f 982/1029/900 981/844/896 972/1030/898
f 979/1024/895 984/994/903 983/1032/902
f 980/1031/901 985/1033/904 975/1022/893
f 273/17/15 413/14/12 294/16/14
f 12/1036/907 178/26/24 243/25/23
f 417/27/25 182/1040/911 15/1039/910
f 182/1040/911 417/27/25 183/30/28
f 304/53/50 423/49/46 146/57/53
f 516/1044/913 24/1048/916 363/1045/914
f 228/95/84 155/105/86 221/101/90
f 210/108/95 211/100/89 319/111/98
f 321/126/109 372/125/108 371/117/100
f 321/126/109 33/1051/104 34/1053/114
f 373/120/103 162/119/102 174/127/110
f 324/143/125 390/144/126 197/165/142
f 427/145/127 428/1055/121 196/155/137
f 325/149/131 391/150/132 167/161/140
f 42/1056/153 168/176/152 200/184/159
f 386/258/221 257/267/230 234/273/235
f 329/268/231 403/262/225 70/277/239
f 190/299/254 238/306/261 136/315/270
f 216/1064/264 246/1063/918 308/318/273
f 235/297/252 74/303/258 75/310/265
f 76/311/266 77/329/282 181/328/281
f 244/330/283 133/332/285 360/339/292
f 412/334/287 144/336/289 443/352/300
f 277/341/294 180/340/293 299/347/297
f 297/348/298 360/339/292 448/338/291
f 275/383/327 338/367/313 421/375/320
f 83/379/323 205/372/317 452/381/325
f 291/392/336 132/386/330 185/396/339
f 313/410/350 251/395/337 280/398/341
f 345/408/351 280/398/341 166/403/346
f 253/412/354 188/401/344 282/402/345
f 90/421/362 362/435/374 93/428/369
f 362/435/374 90/421/362 424/431/371
f 240/450/389 402/430/370 191/1072/921
f 191/1072/921 237/1073/922 95/439/378
f 262/473/409 199/467/404 288/468/405
f 288/468/405 405/469/406 450/476/411
f 405/469/406 400/465/402 189/477/412
f 482/488/421 488/487/420 478/482/415
f 513/507/437 499/505/435 514/512/442
f 7/1079/924 8/13/11 293/12/10
f 115/527/453 461/526/452 114/1080/925
f 462/529/455 481/528/454 474/523/449
f 462/1088/455 496/1091/458 115/527/453
f 124/1089/929 125/665/933 502/539/465
f 130/1093/931 129/556/480 126/1094/932
f 464/561/484 504/1100/482 512/1098/936
f 526/1101/938 522/568/489 528/574/494
f 527/577/497 528/574/494 532/578/498
f 531/575/495 532/578/498 536/587/506
f 540/590/509 535/582/501 536/587/506
f 548/598/510 546/603/516 554/602/515
f 551/1106/941 548/595/510 553/1107/520
f 552/605/518 559/612/524 556/606/519
f 569/1108/942 560/623/532 563/616/527
f 579/632/539 576/631/536 583/636/540
f 571/624/533 581/1116/950 15/640/546
f 586/1117/951 584/634/541 587/637/543
f 606/1118/952 549/601/557 602/650/554
f 607/656/558 605/654/556 547/596/511
f 608/1119/953 609/657/559 549/601/557
f 614/662/564 611/1180/985 610/658/560
f 616/667/569 617/663/565 612/659/561
f 623/669/571 624/670/572 617/663/565
f 628/672/574 629/676/578 622/666/568
f 630/1122/956 631/677/579 626/553/955
f 632/673/575 623/669/571 626/553/955
f 637/678/580 631/677/579 635/1124/958
f 633/674/576 632/673/575 637/678/580
f 640/682/584 634/675/577 628/672/574
f 642/1126/960 643/685/587 637/678/580
f 644/683/585 645/684/586 639/680/582
f 646/686/588 649/1181/961 650/693/595
f 667/713/609 668/715/611 669/710/606
f 675/723/618 678/722/616 680/1130/622
f 679/724/619 675/723/618 682/1131/962
f 686/735/627 688/733/628 683/730/625
f 694/745/638 695/740/633 691/737/630
f 693/744/637 690/1182/963 692/739/632
f 711/761/651 702/749/642 707/755/646
f 712/762/652 713/1135/653 708/757/648
f 717/767/658 711/761/651 710/764/654
f 719/766/657 720/769/660 715/760/650
f 713/1135/653 712/762/652 721/643/659
f 726/777/666 724/1136/964 723/773/663
f 725/772/662 722/771/661 727/781/665
f 731/1137/965 733/778/667 725/772/662
f 729/775/664 733/778/667 735/785/672
f 738/790/676 728/782/669 730/780/668
f 740/791/677 741/799/685 732/784/671
f 742/792/678 735/785/672 732/784/671
f 745/797/683 738/790/676 739/789/675
f 746/795/680 751/801/687 747/640/682
f 761/816/692 758/811/691 757/809/696
f 773/829/712 766/814/700 767/821/704
f 772/832/715 763/817/702 770/825/708
f 778/833/716 773/829/712 776/1139/966
f 779/830/713 780/835/718 774/827/710
f 776/1139/966 772/1140/715 781/1142/714
f 784/1143/968 785/838/721 778/833/716
f 780/835/718 779/830/713 787/839/722
f 786/844/720 790/843/726 784/1143/968
f 790/843/726 791/842/725 785/838/721
f 795/852/731 793/851/730 792/848/727
f 799/854/728 796/853/732 795/852/731
f 806/868/746 801/1148/969 800/1146/733
f 794/850/729 801/1148/969 806/868/746
f 810/864/742 809/863/741 817/873/750
f 826/882/759 821/876/753 820/1150/752
f 826/882/759 827/883/761 823/880/757
f 828/881/758 818/877/754 823/880/757
f 829/884/762 822/879/756 824/878/755
f 825/885/760 820/875/752 822/879/756
f 833/890/767 831/889/766 830/886/763
f 837/892/764 834/891/768 833/890/767
f 846/907/782 848/906/781 840/896/773
f 849/909/780 850/911/785 843/898/774
f 854/915/789 844/901/776 850/911/785
f 847/903/778 844/901/776 854/915/789
f 851/904/779 848/906/781 857/914/788
f 853/910/784 849/909/780 858/1155/794
f 861/917/791 862/1156/973 856/912/786
f 864/844/793 865/921/795 859/916/790
f 865/921/795 866/922/796 861/917/791
f 867/923/797 862/1156/973 861/917/791
f 871/931/804 875/925/799 869/924/798
f 888/948/819 878/936/808 876/933/806
f 889/950/821 881/939/811 884/940/812
f 883/942/813 885/1158/815 892/1159/822
f 895/954/825 891/949/820 888/948/819
f 893/1160/974 892/1159/822 896/1161/975
f 899/955/826 896/1183/975 892/951/822
f 897/1162/976 900/1163/977 890/947/818
f 902/844/831 903/958/830 897/1162/976
f 903/958/830 904/959/832 900/1163/977
f 905/957/828 898/953/824 900/1163/977
f 902/960/831 896/1183/975 899/955/826
f 945/991/863 941/990/862 936/986/858
f 911/964/836 908/962/834 907/1164/978
f 913/1165/979 907/1164/978 912/805/835
f 919/1168/980 913/1165/979 917/1166/840
f 928/980/852 919/1168/980 918/1169/842
f 929/978/850 932/988/860 916/967/839
f 934/984/856 935/985/857 925/976/848
f 929/978/850 926/977/849 936/986/858
f 930/982/854 933/1171/851 937/1172/861
f 939/1028/981 931/983/855 930/982/854
f 939/1028/981 940/987/859 934/984/856
f 943/993/866 940/987/859 939/1028/981
f 944/994/867 936/986/858 940/987/859
f 942/995/865 937/989/861 932/988/860
f 977/1023/894 975/1022/893 985/1033/904
f 952/1173/877 949/996/868 957/1174/982
f 968/1178/888 956/1175/878 957/1174/982
f 965/1019/891 957/1174/982 958/1010/882
f 926/1020/849 959/1011/883 960/1176/983
f 967/1013/885 962/1007/879 971/1017/889
f 968/1178/888 965/1019/891 973/1018/890
f 978/1028/899 973/1018/890 969/1015/887
f 971/1017/889 980/1031/901 975/1022/893
f 978/1028/899 979/1024/895 983/1032/902
f 979/1024/895 977/1023/894 984/994/903
l 593 594
l 595 596
l 596 597
l 597 598
l 6 241
l 8 241
l 592 593
l 592 598
