# Blender 4.2.2 LTS
# www.blender.org
mtllib no.mtl
o テキスト
v -0.150000 0.756988 0.019395
v -0.150000 0.756988 0.018542
v -0.150000 0.756986 0.017693
v -0.150000 0.756983 0.016850
v -0.150000 0.756979 0.016011
v -0.150000 0.756974 0.015176
v -0.150000 0.756968 0.014347
v -0.150000 0.756961 0.013522
v -0.150000 0.756952 0.012701
v -0.150000 0.756943 0.011886
v -0.150000 0.756932 0.011075
v -0.150000 0.756921 0.010269
v -0.150000 0.756908 0.009468
v -0.150000 0.756894 0.008672
v -0.150000 0.756879 0.007880
v -0.150000 0.756863 0.007093
v -0.150000 0.756845 0.006311
v -0.150000 0.756827 0.005533
v -0.150000 0.756808 0.004760
v -0.150000 0.756787 0.003992
v -0.150000 0.756765 0.003229
v -0.150000 0.756742 0.002470
v -0.150000 0.756718 0.001716
v -0.150000 0.756693 0.000967
v -0.150000 0.756667 0.000223
v -0.150000 0.756640 -0.000517
v -0.150000 0.756611 -0.001252
v -0.150000 0.756582 -0.001982
v -0.150000 0.756551 -0.002707
v -0.150000 0.756519 -0.003428
v -0.150000 0.756487 -0.004144
v -0.150000 0.756453 -0.004855
v -0.150000 0.756418 -0.005562
v -0.150000 0.756381 -0.006264
v -0.150000 0.756344 -0.006961
v -0.150000 0.756306 -0.007653
v -0.150000 0.756266 -0.008341
v -0.150000 0.756225 -0.009023
v -0.150000 0.756184 -0.009702
v -0.150000 0.756141 -0.010375
v -0.150000 0.756097 -0.011044
v -0.150000 0.756052 -0.011707
v -0.150000 0.756005 -0.012367
v -0.150000 0.755958 -0.013021
v -0.150000 0.755910 -0.013671
v -0.150000 0.755860 -0.014316
v -0.150000 0.755809 -0.014956
v -0.150000 0.755757 -0.015591
v -0.150000 0.755704 -0.016222
v -0.150000 0.755650 -0.016848
v -0.150000 0.755595 -0.017469
v -0.150000 0.755539 -0.018086
v -0.150000 0.755482 -0.018698
v -0.150000 0.755423 -0.019305
v -0.150000 0.755364 -0.019907
v -0.150000 0.755303 -0.020505
v -0.150000 0.755241 -0.021098
v -0.150000 0.755178 -0.021686
v -0.150000 0.755114 -0.022269
v -0.150000 0.755049 -0.022848
v -0.150000 0.754983 -0.023422
v -0.150000 0.754915 -0.023991
v -0.150000 0.754847 -0.024556
v -0.150000 0.754777 -0.025115
v -0.150000 0.754706 -0.025670
v -0.150000 0.753209 -0.024326
v -0.150000 0.751711 -0.023003
v -0.150000 0.750214 -0.021701
v -0.150000 0.748716 -0.020420
v -0.150000 0.747219 -0.019161
v -0.150000 0.745722 -0.017922
v -0.150000 0.744224 -0.016705
v -0.150000 0.742727 -0.015509
v -0.150000 0.741229 -0.014334
v -0.150000 0.739732 -0.013181
v -0.150000 0.738234 -0.012048
v -0.150000 0.736737 -0.010937
v -0.150000 0.735239 -0.009846
v -0.150000 0.733742 -0.008777
v -0.150000 0.732245 -0.007729
v -0.150000 0.730747 -0.006703
v -0.150000 0.729250 -0.005697
v -0.150000 0.727752 -0.004713
v -0.150000 0.726255 -0.003750
v -0.150000 0.724757 -0.002808
v -0.150000 0.723260 -0.001887
v -0.150000 0.721762 -0.000987
v -0.150000 0.720265 -0.000109
v -0.150000 0.718768 0.000749
v -0.150000 0.717270 0.001585
v -0.150000 0.715773 0.002400
v -0.150000 0.714275 0.003194
v -0.150000 0.712778 0.003966
v -0.150000 0.711280 0.004718
v -0.150000 0.709783 0.005448
v -0.150000 0.708285 0.006157
v -0.150000 0.706788 0.006845
v -0.150000 0.705290 0.007512
v -0.150000 0.703793 0.008158
v -0.150000 0.702296 0.008782
v -0.150000 0.700798 0.009386
v -0.150000 0.699301 0.009968
v -0.150000 0.697803 0.010529
v -0.150000 0.696306 0.011069
v -0.150000 0.694808 0.011587
v -0.150000 0.693311 0.012085
v -0.150000 0.691813 0.012561
v -0.150000 0.690316 0.013016
v -0.150000 0.688819 0.013450
v -0.150000 0.687321 0.013863
v -0.150000 0.685824 0.014255
v -0.150000 0.684326 0.014625
v -0.150000 0.682829 0.014974
v -0.150000 0.681331 0.015302
v -0.150000 0.679834 0.015609
v -0.150000 0.678336 0.015895
v -0.150000 0.676839 0.016160
v -0.150000 0.675342 0.016403
v -0.150000 0.673844 0.016625
v -0.150000 0.672347 0.016827
v -0.150000 0.670849 0.017007
v -0.150000 0.669352 0.017165
v -0.150000 0.667854 0.017303
v -0.150000 0.666357 0.017419
v -0.150000 0.664859 0.017515
v -0.150000 0.663362 0.017589
v -0.150000 0.661865 0.017642
v -0.150000 0.660367 0.017673
v -0.150000 0.658871 0.017684
v -0.150000 0.657472 0.017678
v -0.150000 0.656056 0.017659
v -0.150000 0.654623 0.017628
v -0.150000 0.653173 0.017584
v -0.150000 0.651706 0.017527
v -0.150000 0.650222 0.017458
v -0.150000 0.648721 0.017377
v -0.150000 0.647203 0.017283
v -0.150000 0.645668 0.017176
v -0.150000 0.644116 0.017057
v -0.150000 0.642547 0.016926
v -0.150000 0.640962 0.016782
v -0.150000 0.639359 0.016625
v -0.150000 0.637739 0.016456
v -0.150000 0.636102 0.016274
v -0.150000 0.634448 0.016080
v -0.150000 0.632777 0.015873
v -0.150000 0.631089 0.015653
v -0.150000 0.629385 0.015422
v -0.150000 0.627663 0.015177
v -0.150000 0.625924 0.014920
v -0.150000 0.624168 0.014651
v -0.150000 0.622396 0.014369
v -0.150000 0.620606 0.014074
v -0.150000 0.618799 0.013767
v -0.150000 0.616975 0.013447
v -0.150000 0.615135 0.013115
v -0.150000 0.613277 0.012771
v -0.150000 0.611402 0.012413
v -0.150000 0.609510 0.012044
v -0.150000 0.607602 0.011661
v -0.150000 0.605676 0.011266
v -0.150000 0.603733 0.010859
v -0.150000 0.601774 0.010439
v -0.150000 0.599797 0.010007
v -0.150000 0.597803 0.009562
v -0.150000 0.595793 0.009104
v -0.150000 0.593765 0.008634
v -0.150000 0.591720 0.008152
v -0.150000 0.589659 0.007657
v -0.150000 0.587580 0.007149
v -0.150000 0.585485 0.006629
v -0.150000 0.583372 0.006096
v -0.150000 0.581243 0.005551
v -0.150000 0.579096 0.004993
v -0.150000 0.576932 0.004423
v -0.150000 0.574752 0.003840
v -0.150000 0.572554 0.003244
v -0.150000 0.570340 0.002637
v -0.150000 0.568108 0.002016
v -0.150000 0.565860 0.001383
v -0.150000 0.563594 0.000738
v -0.150000 0.561312 0.000080
v -0.150000 0.559012 -0.000591
v -0.150000 0.556696 -0.001274
v -0.150000 0.554362 -0.001970
v -0.150000 0.552012 -0.002678
v -0.150000 0.549644 -0.003399
v -0.150000 0.547260 -0.004132
v -0.150000 0.544858 -0.004878
v -0.150000 0.542440 -0.005636
v -0.150000 0.540005 -0.006407
v -0.150000 0.537552 -0.007190
v -0.150000 0.535083 -0.007986
v -0.150000 0.532322 -0.008847
v -0.150000 0.529565 -0.009716
v -0.150000 0.526812 -0.010595
v -0.150000 0.524064 -0.011483
v -0.150000 0.521319 -0.012380
v -0.150000 0.518579 -0.013286
v -0.150000 0.515843 -0.014201
v -0.150000 0.513112 -0.015126
v -0.150000 0.510384 -0.016060
v -0.150000 0.507660 -0.017003
v -0.150000 0.504941 -0.017955
v -0.150000 0.502226 -0.018916
v -0.150000 0.499515 -0.019887
v -0.150000 0.496809 -0.020867
v -0.150000 0.494106 -0.021856
v -0.150000 0.491408 -0.022854
v -0.150000 0.488713 -0.023861
v -0.150000 0.486023 -0.024878
v -0.150000 0.483338 -0.025903
v -0.150000 0.480656 -0.026938
v -0.150000 0.477979 -0.027982
v -0.150000 0.475305 -0.029036
v -0.150000 0.472636 -0.030098
v -0.150000 0.469971 -0.031170
v -0.150000 0.467310 -0.032251
v -0.150000 0.464654 -0.033341
v -0.150000 0.462001 -0.034440
v -0.150000 0.459353 -0.035548
v -0.150000 0.456709 -0.036666
v -0.150000 0.454069 -0.037793
v -0.150000 0.451434 -0.038929
v -0.150000 0.448802 -0.040074
v -0.150000 0.446175 -0.041229
v -0.150000 0.443552 -0.042392
v -0.150000 0.440933 -0.043565
v -0.150000 0.438318 -0.044747
v -0.150000 0.435707 -0.045938
v -0.150000 0.433101 -0.047139
v -0.150000 0.430499 -0.048348
v -0.150000 0.427900 -0.049567
v -0.150000 0.425307 -0.050795
v -0.150000 0.422717 -0.052032
v -0.150000 0.420131 -0.053278
v -0.150000 0.417550 -0.054534
v -0.150000 0.414973 -0.055798
v -0.150000 0.412400 -0.057072
v -0.150000 0.409831 -0.058355
v -0.150000 0.407266 -0.059648
v -0.150000 0.404706 -0.060949
v -0.150000 0.402149 -0.062260
v -0.150000 0.399597 -0.063580
v -0.150000 0.397049 -0.064909
v -0.150000 0.394506 -0.066247
v -0.150000 0.391966 -0.067595
v -0.150000 0.389431 -0.068951
v -0.150000 0.386899 -0.070317
v -0.150000 0.384372 -0.071692
v -0.150000 0.381849 -0.073076
v -0.150000 0.379331 -0.074470
v -0.150000 0.376816 -0.075872
v -0.150000 0.374306 -0.077284
v -0.150000 0.371800 -0.078705
v -0.150000 0.369298 -0.080135
v -0.150000 0.366800 -0.081574
v -0.150000 0.362628 -0.083817
v -0.150000 0.358493 -0.086053
v -0.150000 0.354392 -0.088283
v -0.150000 0.350328 -0.090506
v -0.150000 0.346299 -0.092722
v -0.150000 0.342306 -0.094931
v -0.150000 0.338349 -0.097134
v -0.150000 0.334427 -0.099330
v -0.150000 0.330541 -0.101519
v -0.150000 0.326690 -0.103702
v -0.150000 0.322875 -0.105878
v -0.150000 0.319096 -0.108047
v -0.150000 0.315352 -0.110210
v -0.150000 0.311644 -0.112365
v -0.150000 0.307972 -0.114515
v -0.150000 0.304335 -0.116657
v -0.150000 0.300734 -0.118793
v -0.150000 0.297169 -0.120922
v -0.150000 0.293639 -0.123045
v -0.150000 0.290145 -0.125160
v -0.150000 0.286687 -0.127270
v -0.150000 0.283264 -0.129372
v -0.150000 0.279877 -0.131468
v -0.150000 0.276526 -0.133557
v -0.150000 0.273210 -0.135639
v -0.150000 0.269930 -0.137715
v -0.150000 0.266686 -0.139784
v -0.150000 0.263477 -0.141846
v -0.150000 0.260304 -0.143902
v -0.150000 0.257166 -0.145951
v -0.150000 0.254064 -0.147993
v -0.150000 0.250998 -0.150029
v -0.150000 0.247968 -0.152057
v -0.150000 0.244973 -0.154080
v -0.150000 0.242014 -0.156095
v -0.150000 0.239090 -0.158104
v -0.150000 0.236202 -0.160106
v -0.150000 0.233350 -0.162102
v -0.150000 0.230533 -0.164090
v -0.150000 0.227752 -0.166072
v -0.150000 0.225007 -0.168048
v -0.150000 0.222297 -0.170017
v -0.150000 0.219623 -0.171979
v -0.150000 0.216985 -0.173934
v -0.150000 0.214382 -0.175883
v -0.150000 0.211815 -0.177825
v -0.150000 0.209284 -0.179760
v -0.150000 0.206788 -0.181689
v -0.150000 0.204328 -0.183610
v -0.150000 0.201904 -0.185526
v -0.150000 0.199515 -0.187434
v -0.150000 0.197162 -0.189336
v -0.150000 0.194844 -0.191231
v -0.150000 0.192563 -0.193120
v -0.150000 0.190316 -0.195002
v -0.150000 0.188106 -0.196877
v -0.150000 0.185931 -0.198745
v -0.150000 0.183792 -0.200607
v -0.150000 0.181688 -0.202462
v -0.150000 0.179621 -0.204310
v -0.150000 0.177588 -0.206152
v -0.150000 0.175592 -0.207987
v -0.150000 0.173631 -0.209816
v -0.150000 0.171706 -0.211637
v -0.150000 0.170220 -0.213012
v -0.150000 0.168758 -0.214391
v -0.150000 0.167319 -0.215775
v -0.150000 0.165903 -0.217163
v -0.150000 0.164511 -0.218556
v -0.150000 0.163142 -0.219953
v -0.150000 0.161797 -0.221355
v -0.150000 0.160475 -0.222761
v -0.150000 0.159176 -0.224172
v -0.150000 0.157901 -0.225587
v -0.150000 0.156649 -0.227006
v -0.150000 0.155421 -0.228430
v -0.150000 0.154216 -0.229858
v -0.150000 0.153035 -0.231291
v -0.150000 0.151876 -0.232728
v -0.150000 0.150742 -0.234170
v -0.150000 0.149630 -0.235616
v -0.150000 0.148542 -0.237067
v -0.150000 0.147478 -0.238522
v -0.150000 0.146436 -0.239981
v -0.150000 0.145419 -0.241445
v -0.150000 0.144424 -0.242914
v -0.150000 0.143453 -0.244387
v -0.150000 0.142506 -0.245864
v -0.150000 0.141582 -0.247346
v -0.150000 0.140681 -0.248832
v -0.150000 0.139803 -0.250323
v -0.150000 0.138949 -0.251818
v -0.150000 0.138119 -0.253318
v -0.150000 0.137311 -0.254822
v -0.150000 0.136528 -0.256331
v -0.150000 0.135767 -0.257844
v -0.150000 0.135030 -0.259361
v -0.150000 0.134317 -0.260883
v -0.150000 0.133626 -0.262409
v -0.150000 0.132960 -0.263940
v -0.150000 0.132316 -0.265476
v -0.150000 0.131696 -0.267015
v -0.150000 0.131099 -0.268560
v -0.150000 0.130526 -0.270108
v -0.150000 0.129976 -0.271661
v -0.150000 0.129450 -0.273219
v -0.150000 0.128947 -0.274781
v -0.150000 0.128467 -0.276348
v -0.150000 0.128011 -0.277919
v -0.150000 0.127578 -0.279494
v -0.150000 0.127169 -0.281074
v -0.150000 0.126783 -0.282658
v -0.150000 0.126420 -0.284247
v -0.150000 0.126081 -0.285840
v -0.150000 0.125765 -0.287438
v -0.150000 0.125472 -0.289040
v -0.150000 0.125203 -0.290647
v -0.150000 0.124958 -0.292258
v -0.150000 0.124735 -0.293873
v -0.150000 0.124537 -0.295493
v -0.150000 0.124361 -0.297118
v -0.150000 0.124209 -0.298747
v -0.150000 0.124080 -0.300380
v -0.150000 0.123975 -0.302018
v -0.150000 0.123893 -0.303660
v -0.150000 0.123835 -0.305307
v -0.150000 0.123799 -0.306958
v -0.150000 0.123788 -0.308614
v -0.150000 0.123799 -0.310162
v -0.150000 0.123832 -0.311705
v -0.150000 0.123888 -0.313243
v -0.150000 0.123966 -0.314775
v -0.150000 0.124066 -0.316302
v -0.150000 0.124189 -0.317824
v -0.150000 0.124334 -0.319341
v -0.150000 0.124501 -0.320852
v -0.150000 0.124690 -0.322358
v -0.150000 0.124902 -0.323858
v -0.150000 0.125136 -0.325354
v -0.150000 0.125392 -0.326844
v -0.150000 0.125671 -0.328328
v -0.150000 0.125972 -0.329808
v -0.150000 0.126295 -0.331282
v -0.150000 0.126640 -0.332751
v -0.150000 0.127008 -0.334215
v -0.150000 0.127398 -0.335673
v -0.150000 0.127810 -0.337126
v -0.150000 0.128244 -0.338574
v -0.150000 0.128701 -0.340016
v -0.150000 0.129180 -0.341453
v -0.150000 0.129682 -0.342885
v -0.150000 0.130205 -0.344312
v -0.150000 0.130751 -0.345733
v -0.150000 0.131320 -0.347149
v -0.150000 0.131910 -0.348559
v -0.150000 0.132523 -0.349965
v -0.150000 0.133158 -0.351365
v -0.150000 0.133815 -0.352760
v -0.150000 0.134495 -0.354149
v -0.150000 0.135197 -0.355533
v -0.150000 0.135921 -0.356912
v -0.150000 0.136668 -0.358286
v -0.150000 0.137436 -0.359654
v -0.150000 0.138227 -0.361017
v -0.150000 0.139041 -0.362375
v -0.150000 0.139876 -0.363728
v -0.150000 0.140734 -0.365075
v -0.150000 0.141614 -0.366417
v -0.150000 0.142517 -0.367753
v -0.150000 0.143442 -0.369084
v -0.150000 0.144389 -0.370410
v -0.150000 0.145358 -0.371731
v -0.150000 0.146350 -0.373047
v -0.150000 0.147363 -0.374357
v -0.150000 0.148400 -0.375661
v -0.150000 0.149458 -0.376961
v -0.150000 0.150539 -0.378255
v -0.150000 0.151642 -0.379544
v -0.150000 0.152767 -0.380828
v -0.150000 0.153915 -0.382106
v -0.150000 0.155085 -0.383379
v -0.150000 0.156277 -0.384647
v -0.150000 0.157491 -0.385910
v -0.150000 0.158728 -0.387167
v -0.150000 0.159987 -0.388419
v -0.150000 0.161268 -0.389665
v -0.150000 0.162572 -0.390907
v -0.150000 0.163898 -0.392143
v -0.150000 0.165246 -0.393373
v -0.150000 0.166616 -0.394599
v -0.150000 0.168009 -0.395819
v -0.150000 0.169424 -0.397034
v -0.150000 0.171669 -0.399032
v -0.150000 0.173949 -0.401000
v -0.150000 0.176263 -0.402935
v -0.150000 0.178611 -0.404840
v -0.150000 0.180994 -0.406712
v -0.150000 0.183410 -0.408554
v -0.150000 0.185861 -0.410363
v -0.150000 0.188347 -0.412142
v -0.150000 0.190866 -0.413889
v -0.150000 0.193420 -0.415604
v -0.150000 0.196008 -0.417288
v -0.150000 0.198630 -0.418940
v -0.150000 0.201287 -0.420561
v -0.150000 0.203978 -0.422151
v -0.150000 0.206703 -0.423709
v -0.150000 0.209462 -0.425235
v -0.150000 0.212256 -0.426730
v -0.150000 0.215084 -0.428194
v -0.150000 0.217946 -0.429626
v -0.150000 0.220842 -0.431027
v -0.150000 0.223773 -0.432396
v -0.150000 0.226738 -0.433734
v -0.150000 0.229737 -0.435040
v -0.150000 0.232771 -0.436315
v -0.150000 0.235838 -0.437558
v -0.150000 0.238940 -0.438770
v -0.150000 0.242077 -0.439950
v -0.150000 0.245247 -0.441099
v -0.150000 0.248452 -0.442216
v -0.150000 0.251691 -0.443302
v -0.150000 0.254964 -0.444356
v -0.150000 0.258272 -0.445379
v -0.150000 0.261613 -0.446371
v -0.150000 0.264989 -0.447331
v -0.150000 0.268400 -0.448259
v -0.150000 0.271844 -0.449156
v -0.150000 0.275323 -0.450022
v -0.150000 0.278836 -0.450856
v -0.150000 0.282384 -0.451659
v -0.150000 0.285965 -0.452430
v -0.150000 0.289581 -0.453169
v -0.150000 0.293231 -0.453878
v -0.150000 0.296916 -0.454554
v -0.150000 0.300634 -0.455200
v -0.150000 0.304387 -0.455813
v -0.150000 0.308174 -0.456396
v -0.150000 0.311996 -0.456946
v -0.150000 0.315851 -0.457466
v -0.150000 0.319741 -0.457954
v -0.150000 0.323666 -0.458410
v -0.150000 0.327624 -0.458835
v -0.150000 0.331617 -0.459228
v -0.150000 0.335644 -0.459590
v -0.150000 0.339705 -0.459921
v -0.150000 0.343801 -0.460220
v -0.150000 0.347930 -0.460487
v -0.150000 0.352095 -0.460723
v -0.150000 0.356293 -0.460928
v -0.150000 0.360525 -0.461101
v -0.150000 0.364792 -0.461243
v -0.150000 0.369093 -0.461353
v -0.150000 0.373429 -0.461432
v -0.150000 0.377798 -0.461479
v -0.150000 0.382202 -0.461495
v -0.150000 0.385123 -0.461482
v -0.150000 0.388040 -0.461446
v -0.150000 0.390951 -0.461384
v -0.150000 0.393858 -0.461298
v -0.150000 0.396761 -0.461188
v -0.150000 0.399658 -0.461053
v -0.150000 0.402551 -0.460894
v -0.150000 0.405439 -0.460710
v -0.150000 0.408322 -0.460502
v -0.150000 0.411201 -0.460269
v -0.150000 0.414075 -0.460012
v -0.150000 0.416944 -0.459730
v -0.150000 0.419808 -0.459423
v -0.150000 0.422668 -0.459092
v -0.150000 0.425523 -0.458737
v -0.150000 0.428373 -0.458357
v -0.150000 0.431218 -0.457953
v -0.150000 0.434059 -0.457524
v -0.150000 0.436895 -0.457070
v -0.150000 0.439726 -0.456592
v -0.150000 0.442553 -0.456090
v -0.150000 0.445374 -0.455563
v -0.150000 0.448191 -0.455011
v -0.150000 0.451004 -0.454435
v -0.150000 0.453811 -0.453835
v -0.150000 0.456614 -0.453210
v -0.150000 0.459412 -0.452560
v -0.150000 0.462205 -0.451886
v -0.150000 0.464994 -0.451187
v -0.150000 0.467778 -0.450464
v -0.150000 0.470557 -0.449717
v -0.150000 0.473331 -0.448945
v -0.150000 0.476101 -0.448148
v -0.150000 0.478866 -0.447327
v -0.150000 0.481626 -0.446481
v -0.150000 0.484382 -0.445611
v -0.150000 0.487132 -0.444716
v -0.150000 0.489878 -0.443797
v -0.150000 0.492620 -0.442854
v -0.150000 0.495356 -0.441885
v -0.150000 0.498088 -0.440893
v -0.150000 0.500815 -0.439875
v -0.150000 0.503537 -0.438834
v -0.150000 0.506255 -0.437767
v -0.150000 0.508968 -0.436677
v -0.150000 0.511676 -0.435561
v -0.150000 0.514379 -0.434422
v -0.150000 0.517078 -0.433257
v -0.150000 0.519772 -0.432068
v -0.150000 0.522461 -0.430855
v -0.150000 0.525146 -0.429617
v -0.150000 0.527825 -0.428355
v -0.150000 0.530500 -0.427068
v -0.150000 0.533170 -0.425757
v -0.150000 0.535836 -0.424421
v -0.150000 0.538497 -0.423060
v -0.150000 0.541153 -0.421676
v -0.150000 0.543804 -0.420266
v -0.150000 0.546451 -0.418832
v -0.150000 0.549092 -0.417374
v -0.150000 0.551730 -0.415891
v -0.150000 0.554362 -0.414383
v -0.150000 0.556989 -0.412851
v -0.150000 0.559612 -0.411295
v -0.150000 0.562688 -0.409537
v -0.150000 0.565747 -0.407756
v -0.150000 0.568790 -0.405952
v -0.150000 0.571817 -0.404126
v -0.150000 0.574827 -0.402278
v -0.150000 0.577820 -0.400407
v -0.150000 0.580797 -0.398513
v -0.150000 0.583758 -0.396597
v -0.150000 0.586702 -0.394658
v -0.150000 0.589630 -0.392697
v -0.150000 0.592542 -0.390713
v -0.150000 0.595437 -0.388706
v -0.150000 0.598315 -0.386677
v -0.150000 0.601178 -0.384626
v -0.150000 0.604023 -0.382552
v -0.150000 0.606852 -0.380455
v -0.150000 0.609665 -0.378336
v -0.150000 0.612462 -0.376194
v -0.150000 0.615242 -0.374029
v -0.150000 0.618005 -0.371842
v -0.150000 0.620752 -0.369633
v -0.150000 0.623483 -0.367401
v -0.150000 0.626197 -0.365146
v -0.150000 0.628895 -0.362869
v -0.150000 0.631576 -0.360569
v -0.150000 0.634241 -0.358247
v -0.150000 0.636890 -0.355902
v -0.150000 0.639522 -0.353535
v -0.150000 0.642138 -0.351145
v -0.150000 0.644737 -0.348732
v -0.150000 0.647319 -0.346297
v -0.150000 0.649886 -0.343839
v -0.150000 0.652436 -0.341359
v -0.150000 0.654969 -0.338856
v -0.150000 0.657486 -0.336331
v -0.150000 0.659987 -0.333783
v -0.150000 0.662471 -0.331212
v -0.150000 0.664939 -0.328619
v -0.150000 0.667390 -0.326003
v -0.150000 0.669825 -0.323365
v -0.150000 0.672243 -0.320705
v -0.150000 0.674645 -0.318021
v -0.150000 0.677031 -0.315315
v -0.150000 0.679400 -0.312587
v -0.150000 0.681753 -0.309836
v -0.150000 0.684089 -0.307062
v -0.150000 0.686409 -0.304266
v -0.150000 0.688712 -0.301448
v -0.150000 0.690999 -0.298606
v -0.150000 0.693270 -0.295742
v -0.150000 0.695524 -0.292856
v -0.150000 0.697761 -0.289947
v -0.150000 0.699983 -0.287016
v -0.150000 0.702187 -0.284062
v -0.150000 0.704376 -0.281085
v -0.150000 0.706548 -0.278086
v -0.150000 0.708703 -0.275064
v -0.150000 0.710842 -0.272020
v -0.150000 0.712965 -0.268953
v -0.150000 0.715071 -0.265863
v -0.150000 0.717161 -0.262751
v -0.150000 0.719234 -0.259617
v -0.150000 0.721291 -0.256460
v -0.150000 0.723331 -0.253280
v -0.150000 0.725684 -0.249438
v -0.150000 0.727999 -0.245578
v -0.150000 0.730278 -0.241700
v -0.150000 0.732519 -0.237804
v -0.150000 0.734723 -0.233890
v -0.150000 0.736890 -0.229958
v -0.150000 0.739020 -0.226007
v -0.150000 0.741113 -0.222039
v -0.150000 0.743169 -0.218052
v -0.150000 0.745188 -0.214048
v -0.150000 0.747170 -0.210025
v -0.150000 0.749115 -0.205984
v -0.150000 0.751023 -0.201925
v -0.150000 0.752894 -0.197848
v -0.150000 0.754728 -0.193752
v -0.150000 0.756525 -0.189639
v -0.150000 0.758284 -0.185508
v -0.150000 0.760007 -0.181358
v -0.150000 0.761692 -0.177190
v -0.150000 0.763341 -0.173005
v -0.150000 0.764952 -0.168801
v -0.150000 0.766527 -0.164579
v -0.150000 0.768064 -0.160339
v -0.150000 0.769565 -0.156081
v -0.150000 0.771028 -0.151804
v -0.150000 0.772454 -0.147510
v -0.150000 0.773843 -0.143197
v -0.150000 0.775196 -0.138867
v -0.150000 0.776511 -0.134518
v -0.150000 0.777789 -0.130151
v -0.150000 0.779030 -0.125766
v -0.150000 0.780234 -0.121363
v -0.150000 0.781401 -0.116942
v -0.150000 0.782531 -0.112503
v -0.150000 0.783624 -0.108046
v -0.150000 0.784679 -0.103570
v -0.150000 0.785698 -0.099077
v -0.150000 0.786680 -0.094565
v -0.150000 0.787625 -0.090035
v -0.150000 0.788532 -0.085487
v -0.150000 0.789403 -0.080921
v -0.150000 0.790236 -0.076337
v -0.150000 0.791033 -0.071735
v -0.150000 0.791792 -0.067115
v -0.150000 0.792515 -0.062476
v -0.150000 0.793200 -0.057820
v -0.150000 0.793848 -0.053145
v -0.150000 0.794459 -0.048453
v -0.150000 0.795034 -0.043742
v -0.150000 0.795571 -0.039013
v -0.150000 0.796071 -0.034266
v -0.150000 0.796534 -0.029501
v -0.150000 0.796960 -0.024718
v -0.150000 0.797349 -0.019916
v -0.150000 0.797701 -0.015097
v -0.150000 0.798016 -0.010259
v -0.150000 0.798294 -0.005404
v -0.150000 0.798535 -0.000530
v -0.150000 0.798738 0.004362
v -0.150000 0.798905 0.009272
v -0.150000 0.799035 0.014200
v -0.150000 0.799127 0.019146
v -0.150000 0.799183 0.024110
v -0.150000 0.799201 0.029093
v -0.150000 0.799179 0.034516
v -0.150000 0.799112 0.039910
v -0.150000 0.799001 0.045276
v -0.150000 0.798845 0.050614
v -0.150000 0.798644 0.055923
v -0.150000 0.798399 0.061204
v -0.150000 0.798109 0.066457
v -0.150000 0.797775 0.071681
v -0.150000 0.797396 0.076876
v -0.150000 0.796973 0.082044
v -0.150000 0.796505 0.087182
v -0.150000 0.795993 0.092293
v -0.150000 0.795435 0.097375
v -0.150000 0.794834 0.102428
v -0.150000 0.794188 0.107453
v -0.150000 0.793497 0.112450
v -0.150000 0.792762 0.117418
v -0.150000 0.791982 0.122358
v -0.150000 0.791157 0.127270
v -0.150000 0.790288 0.132153
v -0.150000 0.789374 0.137008
v -0.150000 0.788416 0.141834
v -0.150000 0.787414 0.146632
v -0.150000 0.786366 0.151401
v -0.150000 0.785274 0.156142
v -0.150000 0.784138 0.160855
v -0.150000 0.782957 0.165539
v -0.150000 0.781731 0.170195
v -0.150000 0.780461 0.174822
v -0.150000 0.779146 0.179421
v -0.150000 0.777787 0.183992
v -0.150000 0.776383 0.188534
v -0.150000 0.774935 0.193048
v -0.150000 0.773442 0.197533
v -0.150000 0.771904 0.201990
v -0.150000 0.770322 0.206419
v -0.150000 0.768696 0.210819
v -0.150000 0.767024 0.215190
v -0.150000 0.765309 0.219534
v -0.150000 0.763548 0.223849
v -0.150000 0.761743 0.228135
v -0.150000 0.759894 0.232393
v -0.150000 0.758000 0.236623
v -0.150000 0.756061 0.240824
v -0.150000 0.754078 0.244997
v -0.150000 0.752050 0.249141
v -0.150000 0.749978 0.253257
v -0.150000 0.747861 0.257345
v -0.150000 0.745699 0.261404
v -0.150000 0.743493 0.265435
v -0.150000 0.741243 0.269437
v -0.150000 0.738948 0.273411
v -0.150000 0.736608 0.277357
v -0.150000 0.734224 0.281274
v -0.150000 0.731795 0.285162
v -0.150000 0.729321 0.289023
v -0.150000 0.726803 0.292855
v -0.150000 0.724241 0.296658
v -0.150000 0.721634 0.300433
v -0.150000 0.718982 0.304180
v -0.150000 0.716286 0.307898
v -0.150000 0.713545 0.311588
v -0.150000 0.710759 0.315249
v -0.150000 0.707929 0.318882
v -0.150000 0.704470 0.323127
v -0.150000 0.700974 0.327305
v -0.150000 0.697440 0.331416
v -0.150000 0.693869 0.335461
v -0.150000 0.690260 0.339438
v -0.150000 0.686614 0.343349
v -0.150000 0.682931 0.347193
v -0.150000 0.679211 0.350970
v -0.150000 0.675453 0.354680
v -0.150000 0.671658 0.358323
v -0.150000 0.667825 0.361900
v -0.150000 0.663956 0.365409
v -0.150000 0.660048 0.368852
v -0.150000 0.656104 0.372228
v -0.150000 0.652122 0.375537
v -0.150000 0.648103 0.378779
v -0.150000 0.644047 0.381955
v -0.150000 0.639953 0.385063
v -0.150000 0.635822 0.388105
v -0.150000 0.631654 0.391080
v -0.150000 0.627448 0.393988
v -0.150000 0.623205 0.396829
v -0.150000 0.618925 0.399603
v -0.150000 0.614607 0.402310
v -0.150000 0.610252 0.404951
v -0.150000 0.605860 0.407525
v -0.150000 0.601430 0.410031
v -0.150000 0.596963 0.412472
v -0.150000 0.592459 0.414845
v -0.150000 0.587917 0.417151
v -0.150000 0.583338 0.419390
v -0.150000 0.578722 0.421563
v -0.150000 0.574069 0.423669
v -0.150000 0.569378 0.425708
v -0.150000 0.564650 0.427680
v -0.150000 0.559884 0.429585
v -0.150000 0.555081 0.431423
v -0.150000 0.550241 0.433195
v -0.150000 0.545363 0.434900
v -0.150000 0.540449 0.436537
v -0.150000 0.535496 0.438108
v -0.150000 0.530507 0.439612
v -0.150000 0.525480 0.441050
v -0.150000 0.520416 0.442420
v -0.150000 0.515314 0.443724
v -0.150000 0.510176 0.444960
v -0.150000 0.504999 0.446130
v -0.150000 0.499786 0.447233
v -0.150000 0.494535 0.448269
v -0.150000 0.489247 0.449239
v -0.150000 0.483922 0.450141
v -0.150000 0.478559 0.450977
v -0.150000 0.473159 0.451746
v -0.150000 0.467722 0.452448
v -0.150000 0.462247 0.453083
v -0.150000 0.456735 0.453651
v -0.150000 0.451185 0.454152
v -0.150000 0.445599 0.454587
v -0.150000 0.439975 0.454954
v -0.150000 0.434313 0.455255
v -0.150000 0.428615 0.455489
v -0.150000 0.422879 0.455656
v -0.150000 0.417105 0.455757
v -0.150000 0.411295 0.455790
v -0.150000 0.406779 0.455764
v -0.150000 0.402287 0.455685
v -0.150000 0.397819 0.455554
v -0.150000 0.393375 0.455371
v -0.150000 0.388955 0.455135
v -0.150000 0.384558 0.454847
v -0.150000 0.380186 0.454507
v -0.150000 0.375838 0.454114
v -0.150000 0.371514 0.453669
v -0.150000 0.367213 0.453172
v -0.150000 0.362937 0.452622
v -0.150000 0.358684 0.452020
v -0.150000 0.354456 0.451365
v -0.150000 0.350251 0.450658
v -0.150000 0.346071 0.449899
v -0.150000 0.341914 0.449087
v -0.150000 0.337781 0.448223
v -0.150000 0.333672 0.447307
v -0.150000 0.329588 0.446338
v -0.150000 0.325527 0.445317
v -0.150000 0.321490 0.444244
v -0.150000 0.317477 0.443118
v -0.150000 0.313488 0.441939
v -0.150000 0.309523 0.440709
v -0.150000 0.305582 0.439426
v -0.150000 0.301665 0.438091
v -0.150000 0.297772 0.436703
v -0.150000 0.293902 0.435263
v -0.150000 0.290057 0.433770
v -0.150000 0.286236 0.432226
v -0.150000 0.282439 0.430628
v -0.150000 0.278665 0.428979
v -0.150000 0.274916 0.427277
v -0.150000 0.271190 0.425523
v -0.150000 0.267489 0.423716
v -0.150000 0.263811 0.421857
v -0.150000 0.260158 0.419946
v -0.150000 0.256528 0.417982
v -0.150000 0.252922 0.415966
v -0.150000 0.249340 0.413898
v -0.150000 0.245783 0.411777
v -0.150000 0.242249 0.409604
v -0.150000 0.238739 0.407378
v -0.150000 0.235253 0.405100
v -0.150000 0.231791 0.402770
v -0.150000 0.228353 0.400387
v -0.150000 0.224939 0.397952
v -0.150000 0.221549 0.395465
v -0.150000 0.218183 0.392925
v -0.150000 0.214841 0.390333
v -0.150000 0.211522 0.387689
v -0.150000 0.208228 0.384992
v -0.150000 0.204958 0.382243
v -0.150000 0.201711 0.379441
v -0.150000 0.198489 0.376587
v -0.150000 0.195290 0.373681
v -0.150000 0.192116 0.370722
v -0.150000 0.188965 0.367711
v -0.150000 0.185839 0.364648
v -0.150000 0.182736 0.361532
v -0.150000 0.179657 0.358364
v -0.150000 0.176603 0.355143
v -0.150000 0.173572 0.351871
v -0.150000 0.170565 0.348545
v -0.150000 0.168416 0.346099
v -0.150000 0.166284 0.343644
v -0.150000 0.164169 0.341181
v -0.150000 0.162070 0.338710
v -0.150000 0.159989 0.336230
v -0.150000 0.157923 0.333742
v -0.150000 0.155875 0.331245
v -0.150000 0.153843 0.328740
v -0.150000 0.151828 0.326227
v -0.150000 0.149830 0.323705
v -0.150000 0.147849 0.321175
v -0.150000 0.145884 0.318637
v -0.150000 0.143936 0.316090
v -0.150000 0.142004 0.313535
v -0.150000 0.140090 0.310972
v -0.150000 0.138192 0.308400
v -0.150000 0.136310 0.305820
v -0.150000 0.134446 0.303231
v -0.150000 0.132598 0.300635
v -0.150000 0.130767 0.298029
v -0.150000 0.128952 0.295416
v -0.150000 0.127155 0.292794
v -0.150000 0.125374 0.290164
v -0.150000 0.123610 0.287525
v -0.150000 0.121862 0.284878
v -0.150000 0.120131 0.282223
v -0.150000 0.118417 0.279559
v -0.150000 0.116720 0.276887
v -0.150000 0.115039 0.274207
v -0.150000 0.113375 0.271518
v -0.150000 0.111728 0.268821
v -0.150000 0.110097 0.266115
v -0.150000 0.108483 0.263401
v -0.150000 0.106886 0.260679
v -0.150000 0.105306 0.257949
v -0.150000 0.103742 0.255210
v -0.150000 0.102195 0.252463
v -0.150000 0.100664 0.249707
v -0.150000 0.099151 0.246943
v -0.150000 0.097654 0.244171
v -0.150000 0.096174 0.241390
v -0.150000 0.094710 0.238601
v -0.150000 0.093264 0.235804
v -0.150000 0.091834 0.232998
v -0.150000 0.090420 0.230184
v -0.150000 0.089024 0.227361
v -0.150000 0.087644 0.224531
v -0.150000 0.086281 0.221691
v -0.150000 0.084934 0.218844
v -0.150000 0.083604 0.215988
v -0.150000 0.082291 0.213124
v -0.150000 0.080995 0.210251
v -0.150000 0.079715 0.207370
v -0.150000 0.078453 0.204481
v -0.150000 0.077206 0.201583
v -0.150000 0.075977 0.198677
v -0.150000 0.074764 0.195763
v -0.150000 0.073568 0.192840
v -0.150000 0.072389 0.189909
v -0.150000 0.071226 0.186970
v -0.150000 0.070080 0.184022
v -0.150000 0.068951 0.181066
v -0.150000 0.067839 0.178101
v -0.150000 0.066743 0.175128
v -0.150000 0.065486 0.171613
v -0.150000 0.064247 0.168090
v -0.150000 0.063026 0.164560
v -0.150000 0.061823 0.161023
v -0.150000 0.060637 0.157479
v -0.150000 0.059469 0.153927
v -0.150000 0.058320 0.150368
v -0.150000 0.057188 0.146802
v -0.150000 0.056074 0.143229
v -0.150000 0.054977 0.139648
v -0.150000 0.053899 0.136060
v -0.150000 0.052838 0.132465
v -0.150000 0.051795 0.128863
v -0.150000 0.050770 0.125253
v -0.150000 0.049763 0.121636
v -0.150000 0.048774 0.118012
v -0.150000 0.047802 0.114381
v -0.150000 0.046848 0.110742
v -0.150000 0.045912 0.107096
v -0.150000 0.044994 0.103443
v -0.150000 0.044094 0.099783
v -0.150000 0.043212 0.096115
v -0.150000 0.042347 0.092441
v -0.150000 0.041500 0.088759
v -0.150000 0.040671 0.085069
v -0.150000 0.039860 0.081373
v -0.150000 0.039067 0.077669
v -0.150000 0.038291 0.073958
v -0.150000 0.037534 0.070240
v -0.150000 0.036794 0.066514
v -0.150000 0.036072 0.062782
v -0.150000 0.035368 0.059042
v -0.150000 0.034682 0.055295
v -0.150000 0.034013 0.051540
v -0.150000 0.033362 0.047778
v -0.150000 0.032730 0.044009
v -0.150000 0.032115 0.040233
v -0.150000 0.031517 0.036450
v -0.150000 0.030938 0.032659
v -0.150000 0.030376 0.028861
v -0.150000 0.029833 0.025056
v -0.150000 0.029307 0.021244
v -0.150000 0.028799 0.017424
v -0.150000 0.028309 0.013597
v -0.150000 0.027836 0.009763
v -0.150000 0.027382 0.005922
v -0.150000 0.026945 0.002073
v -0.150000 0.026526 -0.001783
v -0.150000 0.026125 -0.005646
v -0.150000 0.025742 -0.009516
v -0.150000 0.025376 -0.013394
v -0.150000 0.025028 -0.017278
v -0.150000 0.024699 -0.021170
v -0.150000 0.024387 -0.025070
v -0.150000 0.024093 -0.028976
v -0.150000 0.023816 -0.032890
v -0.150000 0.023558 -0.036811
v -0.150000 0.023317 -0.040739
v -0.150000 0.023094 -0.044675
v -0.150000 0.022889 -0.048617
v -0.150000 0.022702 -0.052567
v -0.150000 0.022533 -0.056525
v -0.150000 0.022381 -0.060489
v -0.150000 0.022248 -0.064461
v -0.150000 0.022250 -0.065257
v -0.150000 0.022259 -0.066040
v -0.150000 0.022274 -0.066811
v -0.150000 0.022294 -0.067569
v -0.150000 0.022321 -0.068315
v -0.150000 0.022353 -0.069048
v -0.150000 0.022391 -0.069769
v -0.150000 0.022435 -0.070477
v -0.150000 0.022484 -0.071173
v -0.150000 0.022540 -0.071856
v -0.150000 0.022601 -0.072527
v -0.150000 0.022669 -0.073185
v -0.150000 0.022742 -0.073830
v -0.150000 0.022821 -0.074463
v -0.150000 0.022906 -0.075084
v -0.150000 0.022996 -0.075692
v -0.150000 0.023093 -0.076287
v -0.150000 0.023195 -0.076870
v -0.150000 0.023303 -0.077440
v -0.150000 0.023417 -0.077998
v -0.150000 0.023537 -0.078543
v -0.150000 0.023663 -0.079076
v -0.150000 0.023795 -0.079596
v -0.150000 0.023932 -0.080104
v -0.150000 0.024075 -0.080599
v -0.150000 0.024225 -0.081081
v -0.150000 0.024380 -0.081551
v -0.150000 0.024541 -0.082009
v -0.150000 0.024707 -0.082454
v -0.150000 0.024880 -0.082886
v -0.150000 0.025058 -0.083306
v -0.150000 0.025242 -0.083714
v -0.150000 0.025433 -0.084108
v -0.150000 0.025628 -0.084491
v -0.150000 0.025830 -0.084860
v -0.150000 0.026038 -0.085218
v -0.150000 0.026251 -0.085562
v -0.150000 0.026471 -0.085895
v -0.150000 0.026696 -0.086214
v -0.150000 0.026927 -0.086521
v -0.150000 0.027164 -0.086816
v -0.150000 0.027407 -0.087098
v -0.150000 0.027655 -0.087367
v -0.150000 0.027910 -0.087624
v -0.150000 0.028170 -0.087869
v -0.150000 0.028436 -0.088101
v -0.150000 0.028708 -0.088320
v -0.150000 0.028986 -0.088527
v -0.150000 0.029270 -0.088721
v -0.150000 0.029559 -0.088903
v -0.150000 0.029855 -0.089072
v -0.150000 0.030156 -0.089229
v -0.150000 0.030463 -0.089373
v -0.150000 0.030776 -0.089504
v -0.150000 0.031095 -0.089624
v -0.150000 0.031419 -0.089730
v -0.150000 0.031750 -0.089824
v -0.150000 0.032086 -0.089906
v -0.150000 0.032428 -0.089974
v -0.150000 0.032776 -0.090031
v -0.150000 0.033130 -0.090075
v -0.150000 0.033490 -0.090106
v -0.150000 0.033856 -0.090125
v -0.150000 0.034227 -0.090131
v -0.150000 0.034529 -0.090126
v -0.150000 0.034829 -0.090109
v -0.150000 0.035126 -0.090082
v -0.150000 0.035421 -0.090044
v -0.150000 0.035714 -0.089995
v -0.150000 0.036005 -0.089936
v -0.150000 0.036294 -0.089865
v -0.150000 0.036580 -0.089784
v -0.150000 0.036864 -0.089691
v -0.150000 0.037146 -0.089588
v -0.150000 0.037426 -0.089474
v -0.150000 0.037703 -0.089349
v -0.150000 0.037978 -0.089213
v -0.150000 0.038251 -0.089067
v -0.150000 0.038522 -0.088909
v -0.150000 0.038791 -0.088741
v -0.150000 0.039057 -0.088561
v -0.150000 0.039321 -0.088371
v -0.150000 0.039583 -0.088170
v -0.150000 0.039842 -0.087959
v -0.150000 0.040100 -0.087736
v -0.150000 0.040355 -0.087502
v -0.150000 0.040608 -0.087258
v -0.150000 0.040859 -0.087003
v -0.150000 0.041107 -0.086737
v -0.150000 0.041353 -0.086460
v -0.150000 0.041597 -0.086172
v -0.150000 0.041839 -0.085873
v -0.150000 0.042079 -0.085563
v -0.150000 0.042316 -0.085243
v -0.150000 0.042551 -0.084912
v -0.150000 0.042784 -0.084569
v -0.150000 0.043014 -0.084216
v -0.150000 0.043243 -0.083852
v -0.150000 0.043469 -0.083478
v -0.150000 0.043693 -0.083092
v -0.150000 0.043915 -0.082695
v -0.150000 0.044134 -0.082288
v -0.150000 0.044351 -0.081870
v -0.150000 0.044566 -0.081441
v -0.150000 0.044779 -0.081001
v -0.150000 0.044990 -0.080550
v -0.150000 0.045198 -0.080088
v -0.150000 0.045404 -0.079616
v -0.150000 0.045608 -0.079132
v -0.150000 0.045810 -0.078638
v -0.150000 0.046009 -0.078133
v -0.150000 0.046207 -0.077617
v -0.150000 0.046401 -0.077090
v -0.150000 0.046594 -0.076552
v -0.150000 0.046785 -0.076004
v -0.150000 0.046973 -0.075444
v -0.150000 0.047159 -0.074874
v -0.150000 0.047343 -0.074293
v -0.150000 0.047525 -0.073701
v -0.150000 0.047704 -0.073098
v -0.150000 0.047881 -0.072484
v -0.150000 0.048056 -0.071859
v -0.150000 0.048229 -0.071224
v -0.150000 0.048399 -0.070578
v -0.150000 0.048567 -0.069920
v -0.150000 0.048733 -0.069252
v -0.150000 0.048897 -0.068573
v -0.150000 0.049059 -0.067884
v -0.150000 0.050377 -0.062002
v -0.150000 0.051729 -0.056158
v -0.150000 0.053116 -0.050351
v -0.150000 0.054536 -0.044582
v -0.150000 0.055990 -0.038851
v -0.150000 0.057478 -0.033157
v -0.150000 0.059001 -0.027501
v -0.150000 0.060557 -0.021882
v -0.150000 0.062147 -0.016301
v -0.150000 0.063771 -0.010758
v -0.150000 0.065429 -0.005252
v -0.150000 0.067122 0.000216
v -0.150000 0.068848 0.005647
v -0.150000 0.070608 0.011040
v -0.150000 0.072402 0.016395
v -0.150000 0.074230 0.021713
v -0.150000 0.076092 0.026993
v -0.150000 0.077988 0.032235
v -0.150000 0.079918 0.037440
v -0.150000 0.081882 0.042608
v -0.150000 0.083880 0.047738
v -0.150000 0.085912 0.052830
v -0.150000 0.087978 0.057884
v -0.150000 0.090078 0.062901
v -0.150000 0.092212 0.067880
v -0.150000 0.094379 0.072822
v -0.150000 0.096581 0.077726
v -0.150000 0.098817 0.082593
v -0.150000 0.101087 0.087422
v -0.150000 0.103391 0.092213
v -0.150000 0.105729 0.096967
v -0.150000 0.108100 0.101683
v -0.150000 0.110506 0.106361
v -0.150000 0.112946 0.111002
v -0.150000 0.115420 0.115606
v -0.150000 0.117927 0.120171
v -0.150000 0.120469 0.124699
v -0.150000 0.123045 0.129190
v -0.150000 0.125654 0.133643
v -0.150000 0.128298 0.138058
v -0.150000 0.130976 0.142436
v -0.150000 0.133687 0.146776
v -0.150000 0.136433 0.151078
v -0.150000 0.139212 0.155343
v -0.150000 0.142026 0.159570
v -0.150000 0.144873 0.163760
v -0.150000 0.147755 0.167912
v -0.150000 0.150670 0.172026
v -0.150000 0.153620 0.176103
v -0.150000 0.156603 0.180143
v -0.150000 0.159621 0.184144
v -0.150000 0.162672 0.188108
v -0.150000 0.165757 0.192035
v -0.150000 0.168877 0.195924
v -0.150000 0.172030 0.199775
v -0.150000 0.175218 0.203588
v -0.150000 0.178439 0.207364
v -0.150000 0.181694 0.211103
v -0.150000 0.184983 0.214804
v -0.150000 0.188307 0.218467
v -0.150000 0.191664 0.222092
v -0.150000 0.195055 0.225680
v -0.150000 0.198480 0.229231
v -0.150000 0.201940 0.232744
v -0.150000 0.203866 0.234589
v -0.150000 0.205793 0.236417
v -0.150000 0.207723 0.238227
v -0.150000 0.209654 0.240019
v -0.150000 0.211587 0.241794
v -0.150000 0.213521 0.243552
v -0.150000 0.215457 0.245292
v -0.150000 0.217395 0.247014
v -0.150000 0.219335 0.248719
v -0.150000 0.221276 0.250406
v -0.150000 0.223219 0.252076
v -0.150000 0.225163 0.253728
v -0.150000 0.227109 0.255363
v -0.150000 0.229057 0.256980
v -0.150000 0.231007 0.258579
v -0.150000 0.232958 0.260161
v -0.150000 0.234911 0.261726
v -0.150000 0.236865 0.263272
v -0.150000 0.238821 0.264802
v -0.150000 0.240779 0.266314
v -0.150000 0.242739 0.267808
v -0.150000 0.244700 0.269284
v -0.150000 0.246663 0.270744
v -0.150000 0.248627 0.272185
v -0.150000 0.250594 0.273609
v -0.150000 0.252561 0.275016
v -0.150000 0.254531 0.276405
v -0.150000 0.256502 0.277776
v -0.150000 0.258475 0.279130
v -0.150000 0.260450 0.280466
v -0.150000 0.262426 0.281785
v -0.150000 0.264404 0.283086
v -0.150000 0.266383 0.284370
v -0.150000 0.268365 0.285636
v -0.150000 0.270348 0.286884
v -0.150000 0.272332 0.288116
v -0.150000 0.274319 0.289329
v -0.150000 0.276306 0.290525
v -0.150000 0.278296 0.291703
v -0.150000 0.280287 0.292864
v -0.150000 0.282280 0.294007
v -0.150000 0.284275 0.295133
v -0.150000 0.286271 0.296241
v -0.150000 0.288269 0.297332
v -0.150000 0.290269 0.298405
v -0.150000 0.292270 0.299460
v -0.150000 0.294273 0.300498
v -0.150000 0.296278 0.301519
v -0.150000 0.298284 0.302522
v -0.150000 0.300292 0.303507
v -0.150000 0.302302 0.304475
v -0.150000 0.304313 0.305425
v -0.150000 0.306326 0.306358
v -0.150000 0.308341 0.307273
v -0.150000 0.310357 0.308171
v -0.150000 0.312375 0.309051
v -0.150000 0.314395 0.309913
v -0.150000 0.316416 0.310758
v -0.150000 0.318439 0.311585
v -0.150000 0.320464 0.312395
v -0.150000 0.322490 0.313188
v -0.150000 0.324519 0.313962
v -0.150000 0.326548 0.314720
v -0.150000 0.328580 0.315459
v -0.150000 0.330475 0.316149
v -0.150000 0.332382 0.316828
v -0.150000 0.334301 0.317496
v -0.150000 0.336232 0.318153
v -0.150000 0.338174 0.318800
v -0.150000 0.340128 0.319435
v -0.150000 0.342094 0.320060
v -0.150000 0.344071 0.320674
v -0.150000 0.346060 0.321276
v -0.150000 0.348061 0.321868
v -0.150000 0.350073 0.322450
v -0.150000 0.352097 0.323020
v -0.150000 0.354133 0.323579
v -0.150000 0.356181 0.324128
v -0.150000 0.358240 0.324666
v -0.150000 0.360311 0.325193
v -0.150000 0.362394 0.325709
v -0.150000 0.364488 0.326214
v -0.150000 0.366594 0.326708
v -0.150000 0.368712 0.327191
v -0.150000 0.370841 0.327664
v -0.150000 0.372982 0.328126
v -0.150000 0.375135 0.328576
v -0.150000 0.377300 0.329016
v -0.150000 0.379476 0.329445
v -0.150000 0.381664 0.329864
v -0.150000 0.383863 0.330271
v -0.150000 0.386075 0.330667
v -0.150000 0.388298 0.331053
v -0.150000 0.390533 0.331428
v -0.150000 0.392779 0.331792
v -0.150000 0.395037 0.332145
v -0.150000 0.397307 0.332487
v -0.150000 0.399588 0.332818
v -0.150000 0.401882 0.333139
v -0.150000 0.404187 0.333448
v -0.150000 0.406503 0.333747
v -0.150000 0.408832 0.334035
v -0.150000 0.411172 0.334312
v -0.150000 0.413523 0.334578
v -0.150000 0.415887 0.334833
v -0.150000 0.418262 0.335078
v -0.150000 0.420649 0.335311
v -0.150000 0.423047 0.335534
v -0.150000 0.425457 0.335746
v -0.150000 0.427879 0.335947
v -0.150000 0.430313 0.336137
v -0.150000 0.432758 0.336316
v -0.150000 0.435215 0.336485
v -0.150000 0.437684 0.336642
v -0.150000 0.440164 0.336789
v -0.150000 0.442656 0.336924
v -0.150000 0.445160 0.337049
v -0.150000 0.447676 0.337163
v -0.150000 0.450203 0.337267
v -0.150000 0.452742 0.337359
v -0.150000 0.455292 0.337440
v -0.150000 0.457855 0.337511
v -0.150000 0.460429 0.337571
v -0.150000 0.463014 0.337620
v -0.150000 0.465612 0.337658
v -0.150000 0.468221 0.337685
v -0.150000 0.470842 0.337701
v -0.150000 0.473474 0.337707
v -0.150000 0.478090 0.337682
v -0.150000 0.482669 0.337607
v -0.150000 0.487210 0.337481
v -0.150000 0.491713 0.337306
v -0.150000 0.496179 0.337080
v -0.150000 0.500607 0.336804
v -0.150000 0.504997 0.336478
v -0.150000 0.509350 0.336102
v -0.150000 0.513665 0.335676
v -0.150000 0.517943 0.335200
v -0.150000 0.522183 0.334674
v -0.150000 0.526386 0.334097
v -0.150000 0.530550 0.333470
v -0.150000 0.534678 0.332793
v -0.150000 0.538767 0.332066
v -0.150000 0.542819 0.331289
v -0.150000 0.546834 0.330462
v -0.150000 0.550811 0.329585
v -0.150000 0.554750 0.328657
v -0.150000 0.558652 0.327679
v -0.150000 0.562516 0.326652
v -0.150000 0.566342 0.325574
v -0.150000 0.570131 0.324446
v -0.150000 0.573882 0.323267
v -0.150000 0.577596 0.322039
v -0.150000 0.581272 0.320760
v -0.150000 0.584910 0.319432
v -0.150000 0.588511 0.318053
v -0.150000 0.592074 0.316624
v -0.150000 0.595600 0.315145
v -0.150000 0.599088 0.313616
v -0.150000 0.602538 0.312037
v -0.150000 0.605951 0.310407
v -0.150000 0.609326 0.308728
v -0.150000 0.612664 0.306998
v -0.150000 0.615964 0.305218
v -0.150000 0.619226 0.303388
v -0.150000 0.622451 0.301508
v -0.150000 0.625638 0.299577
v -0.150000 0.628788 0.297597
v -0.150000 0.631900 0.295566
v -0.150000 0.634974 0.293486
v -0.150000 0.638011 0.291355
v -0.150000 0.641010 0.289174
v -0.150000 0.643972 0.286943
v -0.150000 0.646896 0.284662
v -0.150000 0.649782 0.282330
v -0.150000 0.652631 0.279949
v -0.150000 0.655442 0.277517
v -0.150000 0.658216 0.275035
v -0.150000 0.660952 0.272503
v -0.150000 0.663650 0.269921
v -0.150000 0.666311 0.267289
v -0.150000 0.668934 0.264607
v -0.150000 0.671519 0.261874
v -0.150000 0.674067 0.259092
v -0.150000 0.676578 0.256259
v -0.150000 0.679050 0.253376
v -0.150000 0.681486 0.250443
v -0.150000 0.683883 0.247460
v -0.150000 0.686243 0.244427
v -0.150000 0.688565 0.241343
v -0.150000 0.690850 0.238210
v -0.150000 0.693098 0.235026
v -0.150000 0.694798 0.232593
v -0.150000 0.696475 0.230146
v -0.150000 0.698130 0.227682
v -0.150000 0.699762 0.225203
v -0.150000 0.701372 0.222709
v -0.150000 0.702960 0.220198
v -0.150000 0.704524 0.217673
v -0.150000 0.706066 0.215131
v -0.150000 0.707586 0.212574
v -0.150000 0.709083 0.210002
v -0.150000 0.710557 0.207413
v -0.150000 0.712009 0.204810
v -0.150000 0.713439 0.202190
v -0.150000 0.714845 0.199555
v -0.150000 0.716230 0.196905
v -0.150000 0.717591 0.194238
v -0.150000 0.718930 0.191557
v -0.150000 0.720247 0.188859
v -0.150000 0.721541 0.186146
v -0.150000 0.722812 0.183418
v -0.150000 0.724061 0.180674
v -0.150000 0.725287 0.177914
v -0.150000 0.726491 0.175138
v -0.150000 0.727672 0.172347
v -0.150000 0.728831 0.169541
v -0.150000 0.729967 0.166719
v -0.150000 0.731080 0.163881
v -0.150000 0.732171 0.161027
v -0.150000 0.733240 0.158159
v -0.150000 0.734285 0.155274
v -0.150000 0.735309 0.152374
v -0.150000 0.736309 0.149458
v -0.150000 0.737287 0.146527
v -0.150000 0.738243 0.143580
v -0.150000 0.739176 0.140617
v -0.150000 0.740086 0.137639
v -0.150000 0.740974 0.134645
v -0.150000 0.741839 0.131636
v -0.150000 0.742682 0.128611
v -0.150000 0.743502 0.125570
v -0.150000 0.744300 0.122514
v -0.150000 0.745075 0.119443
v -0.150000 0.745827 0.116355
v -0.150000 0.746557 0.113252
v -0.150000 0.747265 0.110134
v -0.150000 0.747949 0.107000
v -0.150000 0.748612 0.103850
v -0.150000 0.749251 0.100684
v -0.150000 0.749868 0.097504
v -0.150000 0.750463 0.094307
v -0.150000 0.751035 0.091095
v -0.150000 0.751584 0.087867
v -0.150000 0.752111 0.084624
v -0.150000 0.752616 0.081365
v -0.150000 0.753097 0.078090
v -0.150000 0.753556 0.074800
v -0.150000 0.753993 0.071495
v -0.150000 0.754407 0.068173
v -0.150000 0.754799 0.064836
v -0.150000 0.755168 0.061484
v -0.150000 0.755514 0.058116
v -0.150000 0.755838 0.054732
v -0.150000 0.756139 0.051333
v -0.150000 0.756418 0.047918
v -0.150000 0.756435 0.047542
v -0.150000 0.756453 0.047165
v -0.150000 0.756470 0.046785
v -0.150000 0.756487 0.046403
v -0.150000 0.756503 0.046018
v -0.150000 0.756519 0.045632
v -0.150000 0.756536 0.045243
v -0.150000 0.756551 0.044852
v -0.150000 0.756567 0.044458
v -0.150000 0.756582 0.044063
v -0.150000 0.756597 0.043665
v -0.150000 0.756611 0.043265
v -0.150000 0.756626 0.042863
v -0.150000 0.756640 0.042458
v -0.150000 0.756654 0.042052
v -0.150000 0.756667 0.041643
v -0.150000 0.756680 0.041232
v -0.150000 0.756693 0.040818
v -0.150000 0.756706 0.040403
v -0.150000 0.756718 0.039985
v -0.150000 0.756730 0.039565
v -0.150000 0.756742 0.039143
v -0.150000 0.756754 0.038718
v -0.150000 0.756765 0.038292
v -0.150000 0.756776 0.037863
v -0.150000 0.756787 0.037431
v -0.150000 0.756797 0.036998
v -0.150000 0.756808 0.036562
v -0.150000 0.756817 0.036124
v -0.150000 0.756827 0.035684
v -0.150000 0.756836 0.035242
v -0.150000 0.756845 0.034798
v -0.150000 0.756854 0.034351
v -0.150000 0.756863 0.033902
v -0.150000 0.756871 0.033450
v -0.150000 0.756879 0.032997
v -0.150000 0.756887 0.032541
v -0.150000 0.756894 0.032083
v -0.150000 0.756901 0.031623
v -0.150000 0.756908 0.031161
v -0.150000 0.756914 0.030696
v -0.150000 0.756921 0.030229
v -0.150000 0.756927 0.029760
v -0.150000 0.756932 0.029289
v -0.150000 0.756938 0.028816
v -0.150000 0.756943 0.028340
v -0.150000 0.756948 0.027862
v -0.150000 0.756952 0.027382
v -0.150000 0.756957 0.026899
v -0.150000 0.756961 0.026415
v -0.150000 0.756965 0.025928
v -0.150000 0.756968 0.025439
v -0.150000 0.756971 0.024947
v -0.150000 0.756974 0.024454
v -0.150000 0.756977 0.023958
v -0.150000 0.756979 0.023460
v -0.150000 0.756981 0.022960
v -0.150000 0.756983 0.022457
v -0.150000 0.756985 0.021952
v -0.150000 0.756986 0.021445
v -0.150000 0.756987 0.020936
v -0.150000 0.756988 0.020425
v -0.150000 0.756988 0.019911
v -0.150000 0.695379 -0.042784
v -0.150000 0.696533 -0.042789
v -0.150000 0.697676 -0.042805
v -0.150000 0.698808 -0.042831
v -0.150000 0.699930 -0.042868
v -0.150000 0.701041 -0.042916
v -0.150000 0.702141 -0.042974
v -0.150000 0.703231 -0.043043
v -0.150000 0.704310 -0.043122
v -0.150000 0.705379 -0.043212
v -0.150000 0.706437 -0.043313
v -0.150000 0.707485 -0.043424
v -0.150000 0.708522 -0.043546
v -0.150000 0.709548 -0.043678
v -0.150000 0.710564 -0.043821
v -0.150000 0.711569 -0.043975
v -0.150000 0.712564 -0.044139
v -0.150000 0.713548 -0.044313
v -0.150000 0.714522 -0.044498
v -0.150000 0.715485 -0.044694
v -0.150000 0.716437 -0.044901
v -0.150000 0.717379 -0.045118
v -0.150000 0.718310 -0.045345
v -0.150000 0.719230 -0.045583
v -0.150000 0.720140 -0.045832
v -0.150000 0.721040 -0.046091
v -0.150000 0.721929 -0.046361
v -0.150000 0.722807 -0.046642
v -0.150000 0.723675 -0.046933
v -0.150000 0.724532 -0.047235
v -0.150000 0.725378 -0.047547
v -0.150000 0.726214 -0.047870
v -0.150000 0.727039 -0.048203
v -0.150000 0.727854 -0.048547
v -0.150000 0.728658 -0.048902
v -0.150000 0.729452 -0.049267
v -0.150000 0.730235 -0.049643
v -0.150000 0.731007 -0.050029
v -0.150000 0.731769 -0.050426
v -0.150000 0.732520 -0.050833
v -0.150000 0.733261 -0.051251
v -0.150000 0.733991 -0.051680
v -0.150000 0.734710 -0.052119
v -0.150000 0.735419 -0.052569
v -0.150000 0.736118 -0.053030
v -0.150000 0.736805 -0.053501
v -0.150000 0.737482 -0.053982
v -0.150000 0.738149 -0.054474
v -0.150000 0.738805 -0.054977
v -0.150000 0.739450 -0.055491
v -0.150000 0.740085 -0.056014
v -0.150000 0.740709 -0.056549
v -0.150000 0.741323 -0.057094
v -0.150000 0.741926 -0.057650
v -0.150000 0.742518 -0.058216
v -0.150000 0.743100 -0.058793
v -0.150000 0.743672 -0.059380
v -0.150000 0.744232 -0.059978
v -0.150000 0.744782 -0.060587
v -0.150000 0.745322 -0.061206
v -0.150000 0.745851 -0.061836
v -0.150000 0.746369 -0.062476
v -0.150000 0.746877 -0.063127
v -0.150000 0.747374 -0.063789
v -0.150000 0.747861 -0.064461
v -0.150000 0.747312 -0.068160
v -0.150000 0.746733 -0.071842
v -0.150000 0.746126 -0.075507
v -0.150000 0.745490 -0.079154
v -0.150000 0.744825 -0.082785
v -0.150000 0.744131 -0.086398
v -0.150000 0.743408 -0.089993
v -0.150000 0.742656 -0.093572
v -0.150000 0.741875 -0.097133
v -0.150000 0.741065 -0.100677
v -0.150000 0.740226 -0.104203
v -0.150000 0.739358 -0.107713
v -0.150000 0.738461 -0.111205
v -0.150000 0.737535 -0.114680
v -0.150000 0.736580 -0.118137
v -0.150000 0.735596 -0.121577
v -0.150000 0.734584 -0.125000
v -0.150000 0.733542 -0.128406
v -0.150000 0.732471 -0.131794
v -0.150000 0.731371 -0.135166
v -0.150000 0.730243 -0.138520
v -0.150000 0.729085 -0.141856
v -0.150000 0.727898 -0.145176
v -0.150000 0.726683 -0.148478
v -0.150000 0.725438 -0.151762
v -0.150000 0.724165 -0.155030
v -0.150000 0.722862 -0.158280
v -0.150000 0.721531 -0.161513
v -0.150000 0.720170 -0.164729
v -0.150000 0.718781 -0.167928
v -0.150000 0.717363 -0.171109
v -0.150000 0.715915 -0.174273
v -0.150000 0.714439 -0.177419
v -0.150000 0.712934 -0.180549
v -0.150000 0.711400 -0.183661
v -0.150000 0.709836 -0.186756
v -0.150000 0.708244 -0.189833
v -0.150000 0.706623 -0.192894
v -0.150000 0.704973 -0.195937
v -0.150000 0.703294 -0.198962
v -0.150000 0.701586 -0.201971
v -0.150000 0.699849 -0.204962
v -0.150000 0.698083 -0.207936
v -0.150000 0.696288 -0.210893
v -0.150000 0.694464 -0.213832
v -0.150000 0.692611 -0.216755
v -0.150000 0.690729 -0.219659
v -0.150000 0.688819 -0.222547
v -0.150000 0.686879 -0.225417
v -0.150000 0.684910 -0.228270
v -0.150000 0.682912 -0.231106
v -0.150000 0.680886 -0.233925
v -0.150000 0.678830 -0.236726
v -0.150000 0.676746 -0.239510
v -0.150000 0.674632 -0.242277
v -0.150000 0.672489 -0.245026
v -0.150000 0.670318 -0.247759
v -0.150000 0.668117 -0.250473
v -0.150000 0.665888 -0.253171
v -0.150000 0.663630 -0.255852
v -0.150000 0.661342 -0.258515
v -0.150000 0.659026 -0.261161
v -0.150000 0.656680 -0.263789
v -0.150000 0.654307 -0.266400
v -0.150000 0.652482 -0.268443
v -0.150000 0.650644 -0.270469
v -0.150000 0.648792 -0.272480
v -0.150000 0.646927 -0.274476
v -0.150000 0.645048 -0.276456
v -0.150000 0.643156 -0.278420
v -0.150000 0.641251 -0.280369
v -0.150000 0.639333 -0.282302
v -0.150000 0.637401 -0.284219
v -0.150000 0.635455 -0.286121
v -0.150000 0.633497 -0.288007
v -0.150000 0.631525 -0.289878
v -0.150000 0.629539 -0.291733
v -0.150000 0.627540 -0.293573
v -0.150000 0.625528 -0.295397
v -0.150000 0.623503 -0.297205
v -0.150000 0.621464 -0.298998
v -0.150000 0.619411 -0.300775
v -0.150000 0.617346 -0.302536
v -0.150000 0.615267 -0.304282
v -0.150000 0.613174 -0.306012
v -0.150000 0.611069 -0.307727
v -0.150000 0.608949 -0.309426
v -0.150000 0.606817 -0.311110
v -0.150000 0.604671 -0.312777
v -0.150000 0.602512 -0.314430
v -0.150000 0.600339 -0.316066
v -0.150000 0.598153 -0.317688
v -0.150000 0.595954 -0.319293
v -0.150000 0.593741 -0.320883
v -0.150000 0.591515 -0.322457
v -0.150000 0.589276 -0.324016
v -0.150000 0.587023 -0.325559
v -0.150000 0.584756 -0.327087
v -0.150000 0.582477 -0.328599
v -0.150000 0.580184 -0.330095
v -0.150000 0.577878 -0.331576
v -0.150000 0.575558 -0.333041
v -0.150000 0.573225 -0.334490
v -0.150000 0.570879 -0.335924
v -0.150000 0.568519 -0.337343
v -0.150000 0.566146 -0.338745
v -0.150000 0.563759 -0.340132
v -0.150000 0.561359 -0.341504
v -0.150000 0.558946 -0.342860
v -0.150000 0.556519 -0.344200
v -0.150000 0.554079 -0.345525
v -0.150000 0.551626 -0.346834
v -0.150000 0.549159 -0.348128
v -0.150000 0.546679 -0.349406
v -0.150000 0.544185 -0.350668
v -0.150000 0.541679 -0.351915
v -0.150000 0.539158 -0.353146
v -0.150000 0.536625 -0.354361
v -0.150000 0.534078 -0.355561
v -0.150000 0.531517 -0.356746
v -0.150000 0.528944 -0.357914
v -0.150000 0.526357 -0.359068
v -0.150000 0.523756 -0.360205
v -0.150000 0.521142 -0.361327
v -0.150000 0.518515 -0.362433
v -0.150000 0.515875 -0.363524
v -0.150000 0.513221 -0.364599
v -0.150000 0.510553 -0.365659
v -0.150000 0.509000 -0.366278
v -0.150000 0.507440 -0.366887
v -0.150000 0.505876 -0.367487
v -0.150000 0.504305 -0.368077
v -0.150000 0.502729 -0.368657
v -0.150000 0.501148 -0.369227
v -0.150000 0.499560 -0.369788
v -0.150000 0.497968 -0.370338
v -0.150000 0.496369 -0.370879
v -0.150000 0.494766 -0.371411
v -0.150000 0.493156 -0.371932
v -0.150000 0.491541 -0.372444
v -0.150000 0.489921 -0.372946
v -0.150000 0.488295 -0.373439
v -0.150000 0.486663 -0.373921
v -0.150000 0.485026 -0.374394
v -0.150000 0.483383 -0.374857
v -0.150000 0.481734 -0.375310
v -0.150000 0.480080 -0.375754
v -0.150000 0.478421 -0.376188
v -0.150000 0.476756 -0.376612
v -0.150000 0.475085 -0.377026
v -0.150000 0.473409 -0.377431
v -0.150000 0.471727 -0.377826
v -0.150000 0.470040 -0.378211
v -0.150000 0.468347 -0.378586
v -0.150000 0.466648 -0.378952
v -0.150000 0.464944 -0.379307
v -0.150000 0.463234 -0.379653
v -0.150000 0.461519 -0.379990
v -0.150000 0.459798 -0.380316
v -0.150000 0.458072 -0.380633
v -0.150000 0.456340 -0.380940
v -0.150000 0.454602 -0.381238
v -0.150000 0.452859 -0.381525
v -0.150000 0.451111 -0.381803
v -0.150000 0.449356 -0.382071
v -0.150000 0.447596 -0.382330
v -0.150000 0.445831 -0.382578
v -0.150000 0.444060 -0.382817
v -0.150000 0.442284 -0.383046
v -0.150000 0.440501 -0.383265
v -0.150000 0.438714 -0.383475
v -0.150000 0.436921 -0.383675
v -0.150000 0.435122 -0.383865
v -0.150000 0.433317 -0.384045
v -0.150000 0.431507 -0.384216
v -0.150000 0.429692 -0.384377
v -0.150000 0.427871 -0.384528
v -0.150000 0.426044 -0.384669
v -0.150000 0.424212 -0.384801
v -0.150000 0.422374 -0.384923
v -0.150000 0.420531 -0.385035
v -0.150000 0.418682 -0.385137
v -0.150000 0.416827 -0.385230
v -0.150000 0.414967 -0.385313
v -0.150000 0.413101 -0.385386
v -0.150000 0.411230 -0.385449
v -0.150000 0.409353 -0.385503
v -0.150000 0.407471 -0.385547
v -0.150000 0.405583 -0.385581
v -0.150000 0.403690 -0.385605
v -0.150000 0.401790 -0.385620
v -0.150000 0.399886 -0.385625
v -0.150000 0.397434 -0.385618
v -0.150000 0.394996 -0.385596
v -0.150000 0.392575 -0.385561
v -0.150000 0.390168 -0.385511
v -0.150000 0.387777 -0.385447
v -0.150000 0.385401 -0.385369
v -0.150000 0.383041 -0.385277
v -0.150000 0.380696 -0.385170
v -0.150000 0.378366 -0.385049
v -0.150000 0.376051 -0.384914
v -0.150000 0.373752 -0.384765
v -0.150000 0.371468 -0.384602
v -0.150000 0.369200 -0.384424
v -0.150000 0.366946 -0.384232
v -0.150000 0.364708 -0.384026
v -0.150000 0.362486 -0.383806
v -0.150000 0.360278 -0.383572
v -0.150000 0.358086 -0.383323
v -0.150000 0.355910 -0.383061
v -0.150000 0.353749 -0.382784
v -0.150000 0.351602 -0.382492
v -0.150000 0.349472 -0.382187
v -0.150000 0.347356 -0.381867
v -0.150000 0.345256 -0.381533
v -0.150000 0.343172 -0.381185
v -0.150000 0.341102 -0.380823
v -0.150000 0.339048 -0.380447
v -0.150000 0.337009 -0.380056
v -0.150000 0.334986 -0.379651
v -0.150000 0.332978 -0.379232
v -0.150000 0.330985 -0.378799
v -0.150000 0.329007 -0.378351
v -0.150000 0.327045 -0.377890
v -0.150000 0.325098 -0.377414
v -0.150000 0.323167 -0.376924
v -0.150000 0.321251 -0.376419
v -0.150000 0.319350 -0.375901
v -0.150000 0.317464 -0.375368
v -0.150000 0.315594 -0.374821
v -0.150000 0.313739 -0.374260
v -0.150000 0.311899 -0.373685
v -0.150000 0.310075 -0.373095
v -0.150000 0.308266 -0.372492
v -0.150000 0.306472 -0.371874
v -0.150000 0.304694 -0.371242
v -0.150000 0.302931 -0.370595
v -0.150000 0.301183 -0.369935
v -0.150000 0.299451 -0.369260
v -0.150000 0.297734 -0.368571
v -0.150000 0.296032 -0.367868
v -0.150000 0.294346 -0.367150
v -0.150000 0.292675 -0.366419
v -0.150000 0.291019 -0.365673
v -0.150000 0.289378 -0.364913
v -0.150000 0.287753 -0.364139
v -0.150000 0.286143 -0.363350
v -0.150000 0.284549 -0.362548
v -0.150000 0.282970 -0.361731
v -0.150000 0.281406 -0.360900
v -0.150000 0.279857 -0.360055
v -0.150000 0.278324 -0.359195
v -0.150000 0.276806 -0.358322
v -0.150000 0.275304 -0.357434
v -0.150000 0.273816 -0.356532
v -0.150000 0.272614 -0.355747
v -0.150000 0.271430 -0.354961
v -0.150000 0.270265 -0.354175
v -0.150000 0.269119 -0.353388
v -0.150000 0.267992 -0.352599
v -0.150000 0.266884 -0.351810
v -0.150000 0.265795 -0.351021
v -0.150000 0.264725 -0.350230
v -0.150000 0.263674 -0.349439
v -0.150000 0.262641 -0.348646
v -0.150000 0.261628 -0.347853
v -0.150000 0.260634 -0.347059
v -0.150000 0.259658 -0.346264
v -0.150000 0.258702 -0.345469
v -0.150000 0.257764 -0.344672
v -0.150000 0.256845 -0.343875
v -0.150000 0.255946 -0.343077
v -0.150000 0.255065 -0.342278
v -0.150000 0.254203 -0.341478
v -0.150000 0.253360 -0.340677
v -0.150000 0.252536 -0.339876
v -0.150000 0.251731 -0.339073
v -0.150000 0.250945 -0.338270
v -0.150000 0.250178 -0.337466
v -0.150000 0.249430 -0.336661
v -0.150000 0.248701 -0.335856
v -0.150000 0.247991 -0.335049
v -0.150000 0.247299 -0.334242
v -0.150000 0.246627 -0.333434
v -0.150000 0.245973 -0.332625
v -0.150000 0.245339 -0.331815
v -0.150000 0.244723 -0.331004
v -0.150000 0.244127 -0.330193
v -0.150000 0.243549 -0.329380
v -0.150000 0.242990 -0.328567
v -0.150000 0.242450 -0.327753
v -0.150000 0.241930 -0.326938
v -0.150000 0.241428 -0.326122
v -0.150000 0.240945 -0.325306
v -0.150000 0.240481 -0.324488
v -0.150000 0.240036 -0.323670
v -0.150000 0.239609 -0.322851
v -0.150000 0.239202 -0.322031
v -0.150000 0.238814 -0.321211
v -0.150000 0.238445 -0.320389
v -0.150000 0.238094 -0.319567
v -0.150000 0.237763 -0.318743
v -0.150000 0.237450 -0.317919
v -0.150000 0.237157 -0.317094
v -0.150000 0.236882 -0.316269
v -0.150000 0.236626 -0.315442
v -0.150000 0.236389 -0.314615
v -0.150000 0.236172 -0.313786
v -0.150000 0.235973 -0.312957
v -0.150000 0.235793 -0.312127
v -0.150000 0.235632 -0.311297
v -0.150000 0.235490 -0.310465
v -0.150000 0.235367 -0.309633
v -0.150000 0.235262 -0.308799
v -0.150000 0.235177 -0.307965
v -0.150000 0.235111 -0.307130
v -0.150000 0.235064 -0.306295
v -0.150000 0.235035 -0.305458
v -0.150000 0.235026 -0.304621
v -0.150000 0.235044 -0.303741
v -0.150000 0.235099 -0.302850
v -0.150000 0.235190 -0.301946
v -0.150000 0.235318 -0.301031
v -0.150000 0.235482 -0.300103
v -0.150000 0.235682 -0.299164
v -0.150000 0.235920 -0.298213
v -0.150000 0.236193 -0.297249
v -0.150000 0.236503 -0.296274
v -0.150000 0.236850 -0.295287
v -0.150000 0.237233 -0.294288
v -0.150000 0.237653 -0.293276
v -0.150000 0.238109 -0.292253
v -0.150000 0.238602 -0.291218
v -0.150000 0.239131 -0.290171
v -0.150000 0.239696 -0.289112
v -0.150000 0.240298 -0.288040
v -0.150000 0.240937 -0.286957
v -0.150000 0.241612 -0.285862
v -0.150000 0.242323 -0.284755
v -0.150000 0.243071 -0.283636
v -0.150000 0.243856 -0.282505
v -0.150000 0.244677 -0.281362
v -0.150000 0.245534 -0.280207
v -0.150000 0.246428 -0.279040
v -0.150000 0.247359 -0.277861
v -0.150000 0.248326 -0.276670
v -0.150000 0.249329 -0.275468
v -0.150000 0.250369 -0.274253
v -0.150000 0.251446 -0.273026
v -0.150000 0.252559 -0.271787
v -0.150000 0.253708 -0.270536
v -0.150000 0.254894 -0.269273
v -0.150000 0.256116 -0.267999
v -0.150000 0.257375 -0.266712
v -0.150000 0.258670 -0.265413
v -0.150000 0.260002 -0.264103
v -0.150000 0.261371 -0.262780
v -0.150000 0.262775 -0.261445
v -0.150000 0.264217 -0.260099
v -0.150000 0.265694 -0.258740
v -0.150000 0.267209 -0.257370
v -0.150000 0.268760 -0.255987
v -0.150000 0.270347 -0.254593
v -0.150000 0.271971 -0.253186
v -0.150000 0.273631 -0.251768
v -0.150000 0.275328 -0.250337
v -0.150000 0.277061 -0.248895
v -0.150000 0.278830 -0.247440
v -0.150000 0.280637 -0.245974
v -0.150000 0.282479 -0.244496
v -0.150000 0.284358 -0.243005
v -0.150000 0.286274 -0.241503
v -0.150000 0.288226 -0.239989
v -0.150000 0.290215 -0.238462
v -0.150000 0.292240 -0.236924
v -0.150000 0.294302 -0.235374
v -0.150000 0.296400 -0.233812
v -0.150000 0.298534 -0.232238
v -0.150000 0.300705 -0.230651
v -0.150000 0.302913 -0.229053
v -0.150000 0.305157 -0.227443
v -0.150000 0.307438 -0.225821
v -0.150000 0.309755 -0.224187
v -0.150000 0.314247 -0.220973
v -0.150000 0.318738 -0.217782
v -0.150000 0.323229 -0.214616
v -0.150000 0.327719 -0.211475
v -0.150000 0.332209 -0.208357
v -0.150000 0.336698 -0.205264
v -0.150000 0.341187 -0.202195
v -0.150000 0.345675 -0.199150
v -0.150000 0.350163 -0.196129
v -0.150000 0.354650 -0.193133
v -0.150000 0.359136 -0.190160
v -0.150000 0.363622 -0.187213
v -0.150000 0.368108 -0.184289
v -0.150000 0.372592 -0.181389
v -0.150000 0.377077 -0.178514
v -0.150000 0.381560 -0.175663
v -0.150000 0.386043 -0.172836
v -0.150000 0.390526 -0.170034
v -0.150000 0.395008 -0.167256
v -0.150000 0.399489 -0.164501
v -0.150000 0.403970 -0.161772
v -0.150000 0.408450 -0.159066
v -0.150000 0.412930 -0.156385
v -0.150000 0.417409 -0.153728
v -0.150000 0.421888 -0.151095
v -0.150000 0.426366 -0.148486
v -0.150000 0.430844 -0.145902
v -0.150000 0.435321 -0.143341
v -0.150000 0.439797 -0.140805
v -0.150000 0.444273 -0.138294
v -0.150000 0.448748 -0.135806
v -0.150000 0.453223 -0.133343
v -0.150000 0.457697 -0.130904
v -0.150000 0.462171 -0.128489
v -0.150000 0.466644 -0.126098
v -0.150000 0.471117 -0.123732
v -0.150000 0.475589 -0.121390
v -0.150000 0.480060 -0.119072
v -0.150000 0.484531 -0.116778
v -0.150000 0.489001 -0.114509
v -0.150000 0.493471 -0.112264
v -0.150000 0.497940 -0.110043
v -0.150000 0.502409 -0.107846
v -0.150000 0.506877 -0.105674
v -0.150000 0.511344 -0.103525
v -0.150000 0.515811 -0.101401
v -0.150000 0.520278 -0.099302
v -0.150000 0.524743 -0.097226
v -0.150000 0.529209 -0.095175
v -0.150000 0.533673 -0.093148
v -0.150000 0.538138 -0.091145
v -0.150000 0.542601 -0.089166
v -0.150000 0.547064 -0.087212
v -0.150000 0.551527 -0.085282
v -0.150000 0.555989 -0.083376
v -0.150000 0.560450 -0.081494
v -0.150000 0.564911 -0.079637
v -0.150000 0.569371 -0.077804
v -0.150000 0.573831 -0.075995
v -0.150000 0.578290 -0.074210
v -0.150000 0.582749 -0.072449
v -0.150000 0.587207 -0.070713
v -0.150000 0.591664 -0.069001
v -0.150000 0.596121 -0.067313
v -0.150000 0.598023 -0.066553
v -0.150000 0.599914 -0.065804
v -0.150000 0.601793 -0.065067
v -0.150000 0.603662 -0.064343
v -0.150000 0.605519 -0.063630
v -0.150000 0.607365 -0.062930
v -0.150000 0.609200 -0.062241
v -0.150000 0.611024 -0.061564
v -0.150000 0.612837 -0.060899
v -0.150000 0.614638 -0.060247
v -0.150000 0.616429 -0.059606
v -0.150000 0.618208 -0.058977
v -0.150000 0.619976 -0.058360
v -0.150000 0.621733 -0.057755
v -0.150000 0.623479 -0.057162
v -0.150000 0.625214 -0.056582
v -0.150000 0.626938 -0.056013
v -0.150000 0.628650 -0.055456
v -0.150000 0.630351 -0.054911
v -0.150000 0.632041 -0.054378
v -0.150000 0.633721 -0.053857
v -0.150000 0.635388 -0.053348
v -0.150000 0.637045 -0.052851
v -0.150000 0.638691 -0.052366
v -0.150000 0.640325 -0.051892
v -0.150000 0.641949 -0.051431
v -0.150000 0.643561 -0.050982
v -0.150000 0.645162 -0.050545
v -0.150000 0.646752 -0.050120
v -0.150000 0.648331 -0.049707
v -0.150000 0.649898 -0.049305
v -0.150000 0.651455 -0.048916
v -0.150000 0.653000 -0.048539
v -0.150000 0.654534 -0.048174
v -0.150000 0.656057 -0.047820
v -0.150000 0.657569 -0.047479
v -0.150000 0.659070 -0.047149
v -0.150000 0.660560 -0.046832
v -0.150000 0.662038 -0.046527
v -0.150000 0.663505 -0.046233
v -0.150000 0.664962 -0.045952
v -0.150000 0.666407 -0.045682
v -0.150000 0.667841 -0.045425
v -0.150000 0.669263 -0.045179
v -0.150000 0.670675 -0.044946
v -0.150000 0.672076 -0.044724
v -0.150000 0.673465 -0.044514
v -0.150000 0.674843 -0.044317
v -0.150000 0.676210 -0.044131
v -0.150000 0.677566 -0.043958
v -0.150000 0.678911 -0.043796
v -0.150000 0.680245 -0.043646
v -0.150000 0.681567 -0.043508
v -0.150000 0.682878 -0.043383
v -0.150000 0.684179 -0.043269
v -0.150000 0.685468 -0.043167
v -0.150000 0.686746 -0.043077
v -0.150000 0.688012 -0.042999
v -0.150000 0.689268 -0.042933
v -0.150000 0.690513 -0.042880
v -0.150000 0.691746 -0.042838
v -0.150000 0.692968 -0.042808
v -0.150000 0.694179 -0.042790
v 0.150000 0.756988 0.019395
v 0.150000 0.756988 0.018542
v 0.150000 0.756986 0.017693
v 0.150000 0.756983 0.016850
v 0.150000 0.756979 0.016011
v 0.150000 0.756974 0.015176
v 0.150000 0.756968 0.014347
v 0.150000 0.756961 0.013522
v 0.150000 0.756952 0.012701
v 0.150000 0.756943 0.011886
v 0.150000 0.756932 0.011075
v 0.150000 0.756921 0.010269
v 0.150000 0.756908 0.009468
v 0.150000 0.756894 0.008672
v 0.150000 0.756879 0.007880
v 0.150000 0.756863 0.007093
v 0.150000 0.756845 0.006311
v 0.150000 0.756827 0.005533
v 0.150000 0.756808 0.004760
v 0.150000 0.756787 0.003992
v 0.150000 0.756765 0.003229
v 0.150000 0.756742 0.002470
v 0.150000 0.756718 0.001716
v 0.150000 0.756693 0.000967
v 0.150000 0.756667 0.000223
v 0.150000 0.756640 -0.000517
v 0.150000 0.756611 -0.001252
v 0.150000 0.756582 -0.001982
v 0.150000 0.756551 -0.002707
v 0.150000 0.756519 -0.003428
v 0.150000 0.756487 -0.004144
v 0.150000 0.756453 -0.004855
v 0.150000 0.756418 -0.005562
v 0.150000 0.756381 -0.006264
v 0.150000 0.756344 -0.006961
v 0.150000 0.756306 -0.007653
v 0.150000 0.756266 -0.008341
v 0.150000 0.756225 -0.009023
v 0.150000 0.756184 -0.009702
v 0.150000 0.756141 -0.010375
v 0.150000 0.756097 -0.011044
v 0.150000 0.756052 -0.011707
v 0.150000 0.756005 -0.012367
v 0.150000 0.755958 -0.013021
v 0.150000 0.755910 -0.013671
v 0.150000 0.755860 -0.014316
v 0.150000 0.755809 -0.014956
v 0.150000 0.755757 -0.015591
v 0.150000 0.755704 -0.016222
v 0.150000 0.755650 -0.016848
v 0.150000 0.755595 -0.017470
v 0.150000 0.755539 -0.018086
v 0.150000 0.755482 -0.018698
v 0.150000 0.755423 -0.019305
v 0.150000 0.755364 -0.019907
v 0.150000 0.755303 -0.020505
v 0.150000 0.755241 -0.021098
v 0.150000 0.755178 -0.021686
v 0.150000 0.755114 -0.022269
v 0.150000 0.755049 -0.022848
v 0.150000 0.754983 -0.023422
v 0.150000 0.754915 -0.023991
v 0.150000 0.754847 -0.024556
v 0.150000 0.754777 -0.025115
v 0.150000 0.754706 -0.025670
v 0.150000 0.753209 -0.024326
v 0.150000 0.751711 -0.023003
v 0.150000 0.750214 -0.021701
v 0.150000 0.748716 -0.020420
v 0.150000 0.747219 -0.019161
v 0.150000 0.745722 -0.017922
v 0.150000 0.744224 -0.016705
v 0.150000 0.742727 -0.015509
v 0.150000 0.741229 -0.014334
v 0.150000 0.739732 -0.013181
v 0.150000 0.738234 -0.012048
v 0.150000 0.736737 -0.010937
v 0.150000 0.735239 -0.009846
v 0.150000 0.733742 -0.008777
v 0.150000 0.732245 -0.007730
v 0.150000 0.730747 -0.006703
v 0.150000 0.729250 -0.005697
v 0.150000 0.727752 -0.004713
v 0.150000 0.726255 -0.003750
v 0.150000 0.724757 -0.002808
v 0.150000 0.723260 -0.001887
v 0.150000 0.721762 -0.000987
v 0.150000 0.720265 -0.000109
v 0.150000 0.718768 0.000749
v 0.150000 0.717270 0.001585
v 0.150000 0.715773 0.002400
v 0.150000 0.714275 0.003194
v 0.150000 0.712778 0.003966
v 0.150000 0.711280 0.004718
v 0.150000 0.709783 0.005448
v 0.150000 0.708285 0.006157
v 0.150000 0.706788 0.006845
v 0.150000 0.705290 0.007512
v 0.150000 0.703793 0.008158
v 0.150000 0.702296 0.008782
v 0.150000 0.700798 0.009386
v 0.150000 0.699301 0.009968
v 0.150000 0.697803 0.010529
v 0.150000 0.696306 0.011069
v 0.150000 0.694808 0.011587
v 0.150000 0.693311 0.012085
v 0.150000 0.691813 0.012561
v 0.150000 0.690316 0.013016
v 0.150000 0.688819 0.013450
v 0.150000 0.687321 0.013863
v 0.150000 0.685824 0.014255
v 0.150000 0.684326 0.014625
v 0.150000 0.682829 0.014974
v 0.150000 0.681331 0.015302
v 0.150000 0.679834 0.015609
v 0.150000 0.678336 0.015895
v 0.150000 0.676839 0.016160
v 0.150000 0.675342 0.016403
v 0.150000 0.673844 0.016625
v 0.150000 0.672347 0.016827
v 0.150000 0.670849 0.017007
v 0.150000 0.669352 0.017165
v 0.150000 0.667854 0.017303
v 0.150000 0.666357 0.017419
v 0.150000 0.664859 0.017515
v 0.150000 0.663362 0.017589
v 0.150000 0.661865 0.017642
v 0.150000 0.660367 0.017673
v 0.150000 0.658871 0.017684
v 0.150000 0.657472 0.017678
v 0.150000 0.656056 0.017659
v 0.150000 0.654623 0.017628
v 0.150000 0.653173 0.017584
v 0.150000 0.651706 0.017527
v 0.150000 0.650222 0.017458
v 0.150000 0.648721 0.017377
v 0.150000 0.647203 0.017283
v 0.150000 0.645668 0.017176
v 0.150000 0.644116 0.017057
v 0.150000 0.642547 0.016926
v 0.150000 0.640962 0.016782
v 0.150000 0.639359 0.016625
v 0.150000 0.637739 0.016456
v 0.150000 0.636102 0.016274
v 0.150000 0.634448 0.016080
v 0.150000 0.632777 0.015873
v 0.150000 0.631089 0.015653
v 0.150000 0.629385 0.015422
v 0.150000 0.627663 0.015177
v 0.150000 0.625924 0.014920
v 0.150000 0.624168 0.014651
v 0.150000 0.622396 0.014369
v 0.150000 0.620606 0.014074
v 0.150000 0.618799 0.013767
v 0.150000 0.616975 0.013447
v 0.150000 0.615135 0.013115
v 0.150000 0.613277 0.012771
v 0.150000 0.611402 0.012413
v 0.150000 0.609510 0.012044
v 0.150000 0.607602 0.011661
v 0.150000 0.605676 0.011266
v 0.150000 0.603733 0.010859
v 0.150000 0.601774 0.010439
v 0.150000 0.599797 0.010007
v 0.150000 0.597803 0.009562
v 0.150000 0.595793 0.009104
v 0.150000 0.593765 0.008634
v 0.150000 0.591720 0.008152
v 0.150000 0.589659 0.007657
v 0.150000 0.587580 0.007149
v 0.150000 0.585485 0.006629
v 0.150000 0.583372 0.006096
v 0.150000 0.581243 0.005551
v 0.150000 0.579096 0.004993
v 0.150000 0.576932 0.004423
v 0.150000 0.574752 0.003840
v 0.150000 0.572554 0.003244
v 0.150000 0.570340 0.002637
v 0.150000 0.568108 0.002016
v 0.150000 0.565860 0.001383
v 0.150000 0.563594 0.000738
v 0.150000 0.561312 0.000080
v 0.150000 0.559012 -0.000591
v 0.150000 0.556696 -0.001274
v 0.150000 0.554362 -0.001970
v 0.150000 0.552012 -0.002678
v 0.150000 0.549644 -0.003399
v 0.150000 0.547260 -0.004132
v 0.150000 0.544858 -0.004878
v 0.150000 0.542440 -0.005636
v 0.150000 0.540005 -0.006407
v 0.150000 0.537552 -0.007190
v 0.150000 0.535083 -0.007986
v 0.150000 0.532322 -0.008847
v 0.150000 0.529565 -0.009716
v 0.150000 0.526812 -0.010595
v 0.150000 0.524064 -0.011483
v 0.150000 0.521319 -0.012380
v 0.150000 0.518579 -0.013286
v 0.150000 0.515843 -0.014201
v 0.150000 0.513112 -0.015126
v 0.150000 0.510384 -0.016060
v 0.150000 0.507660 -0.017003
v 0.150000 0.504941 -0.017955
v 0.150000 0.502226 -0.018916
v 0.150000 0.499515 -0.019887
v 0.150000 0.496809 -0.020867
v 0.150000 0.494106 -0.021856
v 0.150000 0.491408 -0.022854
v 0.150000 0.488713 -0.023861
v 0.150000 0.486023 -0.024878
v 0.150000 0.483338 -0.025903
v 0.150000 0.480656 -0.026938
v 0.150000 0.477979 -0.027982
v 0.150000 0.475305 -0.029036
v 0.150000 0.472636 -0.030098
v 0.150000 0.469971 -0.031170
v 0.150000 0.467310 -0.032251
v 0.150000 0.464654 -0.033341
v 0.150000 0.462001 -0.034440
v 0.150000 0.459353 -0.035548
v 0.150000 0.456709 -0.036666
v 0.150000 0.454069 -0.037793
v 0.150000 0.451434 -0.038929
v 0.150000 0.448802 -0.040074
v 0.150000 0.446175 -0.041229
v 0.150000 0.443552 -0.042392
v 0.150000 0.440933 -0.043565
v 0.150000 0.438318 -0.044747
v 0.150000 0.435707 -0.045938
v 0.150000 0.433101 -0.047139
v 0.150000 0.430499 -0.048348
v 0.150000 0.427900 -0.049567
v 0.150000 0.425307 -0.050795
v 0.150000 0.422717 -0.052032
v 0.150000 0.420131 -0.053278
v 0.150000 0.417550 -0.054534
v 0.150000 0.414973 -0.055798
v 0.150000 0.412400 -0.057072
v 0.150000 0.409831 -0.058355
v 0.150000 0.407266 -0.059648
v 0.150000 0.404706 -0.060949
v 0.150000 0.402149 -0.062260
v 0.150000 0.399597 -0.063580
v 0.150000 0.397049 -0.064909
v 0.150000 0.394506 -0.066247
v 0.150000 0.391966 -0.067595
v 0.150000 0.389431 -0.068951
v 0.150000 0.386899 -0.070317
v 0.150000 0.384372 -0.071692
v 0.150000 0.381849 -0.073076
v 0.150000 0.379331 -0.074470
v 0.150000 0.376816 -0.075872
v 0.150000 0.374306 -0.077284
v 0.150000 0.371800 -0.078705
v 0.150000 0.369298 -0.080135
v 0.150000 0.366800 -0.081574
v 0.150000 0.362628 -0.083817
v 0.150000 0.358493 -0.086053
v 0.150000 0.354392 -0.088283
v 0.150000 0.350328 -0.090506
v 0.150000 0.346299 -0.092722
v 0.150000 0.342306 -0.094931
v 0.150000 0.338349 -0.097134
v 0.150000 0.334427 -0.099330
v 0.150000 0.330541 -0.101519
v 0.150000 0.326690 -0.103702
v 0.150000 0.322875 -0.105878
v 0.150000 0.319096 -0.108047
v 0.150000 0.315352 -0.110210
v 0.150000 0.311644 -0.112365
v 0.150000 0.307972 -0.114515
v 0.150000 0.304335 -0.116657
v 0.150000 0.300734 -0.118793
v 0.150000 0.297169 -0.120922
v 0.150000 0.293639 -0.123045
v 0.150000 0.290145 -0.125160
v 0.150000 0.286687 -0.127270
v 0.150000 0.283264 -0.129372
v 0.150000 0.279877 -0.131468
v 0.150000 0.276526 -0.133557
v 0.150000 0.273210 -0.135639
v 0.150000 0.269930 -0.137715
v 0.150000 0.266686 -0.139784
v 0.150000 0.263477 -0.141846
v 0.150000 0.260304 -0.143902
v 0.150000 0.257166 -0.145951
v 0.150000 0.254064 -0.147993
v 0.150000 0.250998 -0.150029
v 0.150000 0.247968 -0.152057
v 0.150000 0.244973 -0.154080
v 0.150000 0.242014 -0.156095
v 0.150000 0.239090 -0.158104
v 0.150000 0.236202 -0.160106
v 0.150000 0.233350 -0.162102
v 0.150000 0.230533 -0.164090
v 0.150000 0.227752 -0.166072
v 0.150000 0.225007 -0.168048
v 0.150000 0.222297 -0.170017
v 0.150000 0.219623 -0.171979
v 0.150000 0.216985 -0.173934
v 0.150000 0.214382 -0.175883
v 0.150000 0.211815 -0.177825
v 0.150000 0.209284 -0.179760
v 0.150000 0.206788 -0.181689
v 0.150000 0.204328 -0.183610
v 0.150000 0.201904 -0.185526
v 0.150000 0.199515 -0.187434
v 0.150000 0.197162 -0.189336
v 0.150000 0.194844 -0.191231
v 0.150000 0.192563 -0.193120
v 0.150000 0.190316 -0.195002
v 0.150000 0.188106 -0.196877
v 0.150000 0.185931 -0.198745
v 0.150000 0.183792 -0.200607
v 0.150000 0.181688 -0.202462
v 0.150000 0.179621 -0.204310
v 0.150000 0.177588 -0.206152
v 0.150000 0.175592 -0.207987
v 0.150000 0.173631 -0.209816
v 0.150000 0.171706 -0.211637
v 0.150000 0.170220 -0.213012
v 0.150000 0.168758 -0.214391
v 0.150000 0.167319 -0.215775
v 0.150000 0.165903 -0.217163
v 0.150000 0.164511 -0.218556
v 0.150000 0.163142 -0.219953
v 0.150000 0.161797 -0.221355
v 0.150000 0.160475 -0.222761
v 0.150000 0.159176 -0.224172
v 0.150000 0.157901 -0.225587
v 0.150000 0.156649 -0.227006
v 0.150000 0.155421 -0.228430
v 0.150000 0.154216 -0.229858
v 0.150000 0.153035 -0.231291
v 0.150000 0.151876 -0.232728
v 0.150000 0.150742 -0.234170
v 0.150000 0.149630 -0.235616
v 0.150000 0.148542 -0.237067
v 0.150000 0.147478 -0.238522
v 0.150000 0.146436 -0.239981
v 0.150000 0.145419 -0.241445
v 0.150000 0.144424 -0.242914
v 0.150000 0.143453 -0.244387
v 0.150000 0.142506 -0.245864
v 0.150000 0.141582 -0.247346
v 0.150000 0.140681 -0.248832
v 0.150000 0.139803 -0.250323
v 0.150000 0.138949 -0.251818
v 0.150000 0.138119 -0.253318
v 0.150000 0.137311 -0.254822
v 0.150000 0.136528 -0.256331
v 0.150000 0.135767 -0.257844
v 0.150000 0.135030 -0.259361
v 0.150000 0.134317 -0.260883
v 0.150000 0.133626 -0.262409
v 0.150000 0.132960 -0.263940
v 0.150000 0.132316 -0.265476
v 0.150000 0.131696 -0.267015
v 0.150000 0.131099 -0.268560
v 0.150000 0.130526 -0.270108
v 0.150000 0.129976 -0.271661
v 0.150000 0.129450 -0.273219
v 0.150000 0.128947 -0.274781
v 0.150000 0.128467 -0.276348
v 0.150000 0.128011 -0.277919
v 0.150000 0.127578 -0.279494
v 0.150000 0.127169 -0.281074
v 0.150000 0.126783 -0.282658
v 0.150000 0.126420 -0.284247
v 0.150000 0.126081 -0.285840
v 0.150000 0.125765 -0.287438
v 0.150000 0.125472 -0.289040
v 0.150000 0.125203 -0.290647
v 0.150000 0.124958 -0.292258
v 0.150000 0.124735 -0.293873
v 0.150000 0.124537 -0.295493
v 0.150000 0.124361 -0.297118
v 0.150000 0.124209 -0.298747
v 0.150000 0.124080 -0.300380
v 0.150000 0.123975 -0.302018
v 0.150000 0.123893 -0.303660
v 0.150000 0.123835 -0.305307
v 0.150000 0.123799 -0.306958
v 0.150000 0.123788 -0.308614
v 0.150000 0.123799 -0.310162
v 0.150000 0.123832 -0.311705
v 0.150000 0.123888 -0.313243
v 0.150000 0.123966 -0.314775
v 0.150000 0.124066 -0.316302
v 0.150000 0.124189 -0.317824
v 0.150000 0.124334 -0.319341
v 0.150000 0.124501 -0.320852
v 0.150000 0.124690 -0.322358
v 0.150000 0.124902 -0.323858
v 0.150000 0.125136 -0.325354
v 0.150000 0.125392 -0.326844
v 0.150000 0.125671 -0.328328
v 0.150000 0.125972 -0.329808
v 0.150000 0.126295 -0.331282
v 0.150000 0.126640 -0.332751
v 0.150000 0.127008 -0.334215
v 0.150000 0.127398 -0.335673
v 0.150000 0.127810 -0.337126
v 0.150000 0.128244 -0.338574
v 0.150000 0.128701 -0.340016
v 0.150000 0.129180 -0.341453
v 0.150000 0.129682 -0.342885
v 0.150000 0.130205 -0.344312
v 0.150000 0.130751 -0.345733
v 0.150000 0.131320 -0.347149
v 0.150000 0.131910 -0.348559
v 0.150000 0.132523 -0.349965
v 0.150000 0.133158 -0.351365
v 0.150000 0.133815 -0.352760
v 0.150000 0.134495 -0.354149
v 0.150000 0.135197 -0.355533
v 0.150000 0.135921 -0.356912
v 0.150000 0.136668 -0.358286
v 0.150000 0.137436 -0.359654
v 0.150000 0.138227 -0.361017
v 0.150000 0.139041 -0.362375
v 0.150000 0.139876 -0.363728
v 0.150000 0.140734 -0.365075
v 0.150000 0.141614 -0.366417
v 0.150000 0.142517 -0.367753
v 0.150000 0.143442 -0.369084
v 0.150000 0.144389 -0.370410
v 0.150000 0.145358 -0.371731
v 0.150000 0.146350 -0.373047
v 0.150000 0.147363 -0.374357
v 0.150000 0.148400 -0.375661
v 0.150000 0.149458 -0.376961
v 0.150000 0.150539 -0.378255
v 0.150000 0.151642 -0.379544
v 0.150000 0.152767 -0.380828
v 0.150000 0.153915 -0.382106
v 0.150000 0.155085 -0.383379
v 0.150000 0.156277 -0.384647
v 0.150000 0.157491 -0.385910
v 0.150000 0.158728 -0.387167
v 0.150000 0.159987 -0.388419
v 0.150000 0.161268 -0.389665
v 0.150000 0.162572 -0.390907
v 0.150000 0.163898 -0.392143
v 0.150000 0.165246 -0.393373
v 0.150000 0.166616 -0.394599
v 0.150000 0.168009 -0.395819
v 0.150000 0.169424 -0.397034
v 0.150000 0.171669 -0.399032
v 0.150000 0.173949 -0.401000
v 0.150000 0.176263 -0.402935
v 0.150000 0.178611 -0.404840
v 0.150000 0.180994 -0.406712
v 0.150000 0.183410 -0.408554
v 0.150000 0.185861 -0.410363
v 0.150000 0.188347 -0.412142
v 0.150000 0.190866 -0.413889
v 0.150000 0.193420 -0.415604
v 0.150000 0.196008 -0.417288
v 0.150000 0.198630 -0.418940
v 0.150000 0.201287 -0.420561
v 0.150000 0.203978 -0.422151
v 0.150000 0.206703 -0.423709
v 0.150000 0.209462 -0.425235
v 0.150000 0.212256 -0.426730
v 0.150000 0.215084 -0.428194
v 0.150000 0.217946 -0.429626
v 0.150000 0.220842 -0.431027
v 0.150000 0.223773 -0.432396
v 0.150000 0.226738 -0.433734
v 0.150000 0.229737 -0.435040
v 0.150000 0.232771 -0.436315
v 0.150000 0.235838 -0.437558
v 0.150000 0.238940 -0.438770
v 0.150000 0.242077 -0.439950
v 0.150000 0.245247 -0.441099
v 0.150000 0.248452 -0.442216
v 0.150000 0.251691 -0.443302
v 0.150000 0.254964 -0.444356
v 0.150000 0.258272 -0.445379
v 0.150000 0.261613 -0.446371
v 0.150000 0.264989 -0.447331
v 0.150000 0.268400 -0.448259
v 0.150000 0.271844 -0.449156
v 0.150000 0.275323 -0.450022
v 0.150000 0.278836 -0.450856
v 0.150000 0.282384 -0.451659
v 0.150000 0.285965 -0.452430
v 0.150000 0.289581 -0.453169
v 0.150000 0.293231 -0.453878
v 0.150000 0.296916 -0.454554
v 0.150000 0.300634 -0.455200
v 0.150000 0.304387 -0.455813
v 0.150000 0.308174 -0.456396
v 0.150000 0.311996 -0.456946
v 0.150000 0.315851 -0.457466
v 0.150000 0.319741 -0.457954
v 0.150000 0.323666 -0.458410
v 0.150000 0.327624 -0.458835
v 0.150000 0.331617 -0.459228
v 0.150000 0.335644 -0.459590
v 0.150000 0.339705 -0.459921
v 0.150000 0.343801 -0.460220
v 0.150000 0.347930 -0.460487
v 0.150000 0.352095 -0.460723
v 0.150000 0.356293 -0.460928
v 0.150000 0.360525 -0.461101
v 0.150000 0.364792 -0.461243
v 0.150000 0.369093 -0.461353
v 0.150000 0.373429 -0.461432
v 0.150000 0.377798 -0.461479
v 0.150000 0.382202 -0.461495
v 0.150000 0.385123 -0.461482
v 0.150000 0.388040 -0.461446
v 0.150000 0.390951 -0.461384
v 0.150000 0.393858 -0.461298
v 0.150000 0.396761 -0.461188
v 0.150000 0.399658 -0.461053
v 0.150000 0.402551 -0.460894
v 0.150000 0.405439 -0.460710
v 0.150000 0.408322 -0.460502
v 0.150000 0.411201 -0.460269
v 0.150000 0.414075 -0.460012
v 0.150000 0.416944 -0.459730
v 0.150000 0.419808 -0.459423
v 0.150000 0.422668 -0.459092
v 0.150000 0.425523 -0.458737
v 0.150000 0.428373 -0.458357
v 0.150000 0.431218 -0.457953
v 0.150000 0.434059 -0.457524
v 0.150000 0.436895 -0.457070
v 0.150000 0.439726 -0.456592
v 0.150000 0.442553 -0.456090
v 0.150000 0.445374 -0.455563
v 0.150000 0.448191 -0.455011
v 0.150000 0.451004 -0.454435
v 0.150000 0.453811 -0.453835
v 0.150000 0.456614 -0.453210
v 0.150000 0.459412 -0.452560
v 0.150000 0.462205 -0.451886
v 0.150000 0.464994 -0.451187
v 0.150000 0.467778 -0.450464
v 0.150000 0.470557 -0.449717
v 0.150000 0.473331 -0.448945
v 0.150000 0.476101 -0.448148
v 0.150000 0.478866 -0.447327
v 0.150000 0.481626 -0.446481
v 0.150000 0.484382 -0.445611
v 0.150000 0.487132 -0.444716
v 0.150000 0.489878 -0.443797
v 0.150000 0.492620 -0.442854
v 0.150000 0.495356 -0.441885
v 0.150000 0.498088 -0.440893
v 0.150000 0.500815 -0.439875
v 0.150000 0.503537 -0.438834
v 0.150000 0.506255 -0.437767
v 0.150000 0.508968 -0.436677
v 0.150000 0.511676 -0.435561
v 0.150000 0.514379 -0.434422
v 0.150000 0.517078 -0.433257
v 0.150000 0.519772 -0.432068
v 0.150000 0.522461 -0.430855
v 0.150000 0.525146 -0.429617
v 0.150000 0.527825 -0.428355
v 0.150000 0.530500 -0.427068
v 0.150000 0.533170 -0.425757
v 0.150000 0.535836 -0.424421
v 0.150000 0.538497 -0.423060
v 0.150000 0.541153 -0.421676
v 0.150000 0.543804 -0.420266
v 0.150000 0.546451 -0.418832
v 0.150000 0.549092 -0.417374
v 0.150000 0.551730 -0.415891
v 0.150000 0.554362 -0.414383
v 0.150000 0.556989 -0.412851
v 0.150000 0.559612 -0.411295
v 0.150000 0.562688 -0.409537
v 0.150000 0.565747 -0.407756
v 0.150000 0.568790 -0.405952
v 0.150000 0.571817 -0.404126
v 0.150000 0.574827 -0.402278
v 0.150000 0.577820 -0.400407
v 0.150000 0.580797 -0.398513
v 0.150000 0.583758 -0.396597
v 0.150000 0.586702 -0.394658
v 0.150000 0.589630 -0.392697
v 0.150000 0.592542 -0.390713
v 0.150000 0.595437 -0.388706
v 0.150000 0.598315 -0.386677
v 0.150000 0.601178 -0.384626
v 0.150000 0.604023 -0.382552
v 0.150000 0.606852 -0.380455
v 0.150000 0.609665 -0.378336
v 0.150000 0.612462 -0.376194
v 0.150000 0.615242 -0.374029
v 0.150000 0.618005 -0.371842
v 0.150000 0.620752 -0.369633
v 0.150000 0.623483 -0.367401
v 0.150000 0.626197 -0.365146
v 0.150000 0.628895 -0.362869
v 0.150000 0.631576 -0.360569
v 0.150000 0.634241 -0.358247
v 0.150000 0.636890 -0.355902
v 0.150000 0.639522 -0.353535
v 0.150000 0.642138 -0.351145
v 0.150000 0.644737 -0.348732
v 0.150000 0.647319 -0.346297
v 0.150000 0.649886 -0.343839
v 0.150000 0.652436 -0.341359
v 0.150000 0.654969 -0.338856
v 0.150000 0.657486 -0.336331
v 0.150000 0.659987 -0.333783
v 0.150000 0.662471 -0.331212
v 0.150000 0.664939 -0.328619
v 0.150000 0.667390 -0.326003
v 0.150000 0.669825 -0.323365
v 0.150000 0.672243 -0.320705
v 0.150000 0.674645 -0.318021
v 0.150000 0.677031 -0.315315
v 0.150000 0.679400 -0.312587
v 0.150000 0.681753 -0.309836
v 0.150000 0.684089 -0.307062
v 0.150000 0.686409 -0.304266
v 0.150000 0.688712 -0.301448
v 0.150000 0.690999 -0.298606
v 0.150000 0.693270 -0.295742
v 0.150000 0.695524 -0.292856
v 0.150000 0.697761 -0.289947
v 0.150000 0.699983 -0.287016
v 0.150000 0.702187 -0.284062
v 0.150000 0.704376 -0.281085
v 0.150000 0.706548 -0.278086
v 0.150000 0.708703 -0.275064
v 0.150000 0.710842 -0.272020
v 0.150000 0.712965 -0.268953
v 0.150000 0.715071 -0.265863
v 0.150000 0.717161 -0.262751
v 0.150000 0.719234 -0.259617
v 0.150000 0.721291 -0.256460
v 0.150000 0.723331 -0.253280
v 0.150000 0.725684 -0.249438
v 0.150000 0.727999 -0.245578
v 0.150000 0.730278 -0.241700
v 0.150000 0.732519 -0.237804
v 0.150000 0.734723 -0.233890
v 0.150000 0.736890 -0.229958
v 0.150000 0.739020 -0.226007
v 0.150000 0.741113 -0.222039
v 0.150000 0.743169 -0.218052
v 0.150000 0.745188 -0.214048
v 0.150000 0.747170 -0.210025
v 0.150000 0.749115 -0.205984
v 0.150000 0.751023 -0.201925
v 0.150000 0.752894 -0.197848
v 0.150000 0.754728 -0.193752
v 0.150000 0.756525 -0.189639
v 0.150000 0.758284 -0.185508
v 0.150000 0.760007 -0.181358
v 0.150000 0.761692 -0.177190
v 0.150000 0.763341 -0.173005
v 0.150000 0.764952 -0.168801
v 0.150000 0.766527 -0.164579
v 0.150000 0.768064 -0.160339
v 0.150000 0.769565 -0.156081
v 0.150000 0.771028 -0.151804
v 0.150000 0.772454 -0.147510
v 0.150000 0.773843 -0.143197
v 0.150000 0.775196 -0.138867
v 0.150000 0.776511 -0.134518
v 0.150000 0.777789 -0.130151
v 0.150000 0.779030 -0.125766
v 0.150000 0.780234 -0.121363
v 0.150000 0.781401 -0.116942
v 0.150000 0.782531 -0.112503
v 0.150000 0.783624 -0.108046
v 0.150000 0.784679 -0.103570
v 0.150000 0.785698 -0.099077
v 0.150000 0.786680 -0.094565
v 0.150000 0.787625 -0.090035
v 0.150000 0.788532 -0.085487
v 0.150000 0.789403 -0.080921
v 0.150000 0.790236 -0.076337
v 0.150000 0.791033 -0.071735
v 0.150000 0.791792 -0.067115
v 0.150000 0.792515 -0.062476
v 0.150000 0.793200 -0.057820
v 0.150000 0.793848 -0.053145
v 0.150000 0.794459 -0.048453
v 0.150000 0.795034 -0.043742
v 0.150000 0.795571 -0.039013
v 0.150000 0.796071 -0.034266
v 0.150000 0.796534 -0.029501
v 0.150000 0.796960 -0.024718
v 0.150000 0.797349 -0.019916
v 0.150000 0.797701 -0.015097
v 0.150000 0.798016 -0.010259
v 0.150000 0.798294 -0.005404
v 0.150000 0.798535 -0.000530
v 0.150000 0.798738 0.004362
v 0.150000 0.798905 0.009272
v 0.150000 0.799035 0.014200
v 0.150000 0.799127 0.019146
v 0.150000 0.799183 0.024110
v 0.150000 0.799201 0.029093
v 0.150000 0.799179 0.034516
v 0.150000 0.799112 0.039910
v 0.150000 0.799001 0.045276
v 0.150000 0.798845 0.050614
v 0.150000 0.798644 0.055923
v 0.150000 0.798399 0.061204
v 0.150000 0.798109 0.066457
v 0.150000 0.797775 0.071681
v 0.150000 0.797396 0.076876
v 0.150000 0.796973 0.082044
v 0.150000 0.796505 0.087182
v 0.150000 0.795993 0.092293
v 0.150000 0.795435 0.097375
v 0.150000 0.794834 0.102428
v 0.150000 0.794188 0.107453
v 0.150000 0.793497 0.112450
v 0.150000 0.792762 0.117418
v 0.150000 0.791982 0.122358
v 0.150000 0.791157 0.127270
v 0.150000 0.790288 0.132153
v 0.150000 0.789374 0.137008
v 0.150000 0.788416 0.141834
v 0.150000 0.787414 0.146632
v 0.150000 0.786366 0.151401
v 0.150000 0.785274 0.156142
v 0.150000 0.784138 0.160855
v 0.150000 0.782957 0.165539
v 0.150000 0.781731 0.170195
v 0.150000 0.780461 0.174822
v 0.150000 0.779146 0.179421
v 0.150000 0.777787 0.183992
v 0.150000 0.776383 0.188534
v 0.150000 0.774935 0.193048
v 0.150000 0.773442 0.197533
v 0.150000 0.771904 0.201990
v 0.150000 0.770322 0.206419
v 0.150000 0.768696 0.210819
v 0.150000 0.767024 0.215190
v 0.150000 0.765309 0.219534
v 0.150000 0.763548 0.223849
v 0.150000 0.761743 0.228135
v 0.150000 0.759894 0.232393
v 0.150000 0.758000 0.236623
v 0.150000 0.756061 0.240824
v 0.150000 0.754078 0.244997
v 0.150000 0.752050 0.249141
v 0.150000 0.749978 0.253257
v 0.150000 0.747861 0.257345
v 0.150000 0.745699 0.261404
v 0.150000 0.743493 0.265435
v 0.150000 0.741243 0.269437
v 0.150000 0.738948 0.273411
v 0.150000 0.736608 0.277357
v 0.150000 0.734224 0.281274
v 0.150000 0.731795 0.285162
v 0.150000 0.729321 0.289023
v 0.150000 0.726803 0.292855
v 0.150000 0.724241 0.296658
v 0.150000 0.721634 0.300433
v 0.150000 0.718982 0.304180
v 0.150000 0.716286 0.307898
v 0.150000 0.713545 0.311588
v 0.150000 0.710759 0.315249
v 0.150000 0.707929 0.318882
v 0.150000 0.704470 0.323127
v 0.150000 0.700974 0.327305
v 0.150000 0.697440 0.331416
v 0.150000 0.693869 0.335461
v 0.150000 0.690260 0.339438
v 0.150000 0.686614 0.343349
v 0.150000 0.682931 0.347193
v 0.150000 0.679211 0.350970
v 0.150000 0.675453 0.354680
v 0.150000 0.671658 0.358323
v 0.150000 0.667825 0.361900
v 0.150000 0.663956 0.365409
v 0.150000 0.660048 0.368852
v 0.150000 0.656104 0.372228
v 0.150000 0.652122 0.375537
v 0.150000 0.648103 0.378779
v 0.150000 0.644047 0.381955
v 0.150000 0.639953 0.385063
v 0.150000 0.635822 0.388105
v 0.150000 0.631654 0.391080
v 0.150000 0.627448 0.393988
v 0.150000 0.623205 0.396829
v 0.150000 0.618925 0.399603
v 0.150000 0.614607 0.402310
v 0.150000 0.610252 0.404951
v 0.150000 0.605860 0.407525
v 0.150000 0.601430 0.410031
v 0.150000 0.596963 0.412472
v 0.150000 0.592459 0.414845
v 0.150000 0.587917 0.417151
v 0.150000 0.583338 0.419390
v 0.150000 0.578722 0.421563
v 0.150000 0.574069 0.423669
v 0.150000 0.569378 0.425708
v 0.150000 0.564650 0.427680
v 0.150000 0.559884 0.429585
v 0.150000 0.555081 0.431423
v 0.150000 0.550241 0.433195
v 0.150000 0.545363 0.434900
v 0.150000 0.540449 0.436537
v 0.150000 0.535496 0.438108
v 0.150000 0.530507 0.439612
v 0.150000 0.525480 0.441050
v 0.150000 0.520416 0.442420
v 0.150000 0.515314 0.443724
v 0.150000 0.510176 0.444960
v 0.150000 0.504999 0.446130
v 0.150000 0.499786 0.447233
v 0.150000 0.494535 0.448269
v 0.150000 0.489247 0.449239
v 0.150000 0.483922 0.450141
v 0.150000 0.478559 0.450977
v 0.150000 0.473159 0.451746
v 0.150000 0.467722 0.452448
v 0.150000 0.462247 0.453083
v 0.150000 0.456735 0.453651
v 0.150000 0.451185 0.454152
v 0.150000 0.445599 0.454587
v 0.150000 0.439975 0.454954
v 0.150000 0.434313 0.455255
v 0.150000 0.428615 0.455489
v 0.150000 0.422879 0.455656
v 0.150000 0.417105 0.455757
v 0.150000 0.411295 0.455790
v 0.150000 0.406779 0.455764
v 0.150000 0.402287 0.455685
v 0.150000 0.397819 0.455554
v 0.150000 0.393375 0.455371
v 0.150000 0.388955 0.455135
v 0.150000 0.384558 0.454847
v 0.150000 0.380186 0.454507
v 0.150000 0.375838 0.454114
v 0.150000 0.371514 0.453669
v 0.150000 0.367213 0.453172
v 0.150000 0.362937 0.452622
v 0.150000 0.358684 0.452020
v 0.150000 0.354456 0.451365
v 0.150000 0.350251 0.450658
v 0.150000 0.346071 0.449899
v 0.150000 0.341914 0.449087
v 0.150000 0.337781 0.448223
v 0.150000 0.333672 0.447307
v 0.150000 0.329588 0.446338
v 0.150000 0.325527 0.445317
v 0.150000 0.321490 0.444244
v 0.150000 0.317477 0.443118
v 0.150000 0.313488 0.441939
v 0.150000 0.309523 0.440709
v 0.150000 0.305582 0.439426
v 0.150000 0.301665 0.438091
v 0.150000 0.297772 0.436703
v 0.150000 0.293902 0.435263
v 0.150000 0.290057 0.433770
v 0.150000 0.286236 0.432226
v 0.150000 0.282439 0.430628
v 0.150000 0.278665 0.428979
v 0.150000 0.274916 0.427277
v 0.150000 0.271190 0.425523
v 0.150000 0.267489 0.423716
v 0.150000 0.263811 0.421857
v 0.150000 0.260158 0.419946
v 0.150000 0.256528 0.417982
v 0.150000 0.252922 0.415966
v 0.150000 0.249340 0.413898
v 0.150000 0.245783 0.411777
v 0.150000 0.242249 0.409604
v 0.150000 0.238739 0.407378
v 0.150000 0.235253 0.405100
v 0.150000 0.231791 0.402770
v 0.150000 0.228353 0.400387
v 0.150000 0.224939 0.397952
v 0.150000 0.221549 0.395465
v 0.150000 0.218183 0.392925
v 0.150000 0.214841 0.390333
v 0.150000 0.211522 0.387689
v 0.150000 0.208228 0.384992
v 0.150000 0.204958 0.382243
v 0.150000 0.201711 0.379441
v 0.150000 0.198489 0.376587
v 0.150000 0.195290 0.373681
v 0.150000 0.192116 0.370722
v 0.150000 0.188965 0.367711
v 0.150000 0.185839 0.364648
v 0.150000 0.182736 0.361532
v 0.150000 0.179657 0.358364
v 0.150000 0.176603 0.355143
v 0.150000 0.173572 0.351871
v 0.150000 0.170565 0.348545
v 0.150000 0.168416 0.346099
v 0.150000 0.166284 0.343644
v 0.150000 0.164169 0.341181
v 0.150000 0.162070 0.338710
v 0.150000 0.159989 0.336230
v 0.150000 0.157923 0.333742
v 0.150000 0.155875 0.331245
v 0.150000 0.153843 0.328740
v 0.150000 0.151828 0.326227
v 0.150000 0.149830 0.323705
v 0.150000 0.147849 0.321175
v 0.150000 0.145884 0.318637
v 0.150000 0.143936 0.316090
v 0.150000 0.142004 0.313535
v 0.150000 0.140090 0.310972
v 0.150000 0.138192 0.308400
v 0.150000 0.136310 0.305820
v 0.150000 0.134446 0.303231
v 0.150000 0.132598 0.300635
v 0.150000 0.130767 0.298029
v 0.150000 0.128952 0.295416
v 0.150000 0.127155 0.292794
v 0.150000 0.125374 0.290164
v 0.150000 0.123610 0.287525
v 0.150000 0.121862 0.284878
v 0.150000 0.120131 0.282223
v 0.150000 0.118417 0.279559
v 0.150000 0.116720 0.276887
v 0.150000 0.115039 0.274207
v 0.150000 0.113375 0.271518
v 0.150000 0.111728 0.268821
v 0.150000 0.110097 0.266115
v 0.150000 0.108483 0.263401
v 0.150000 0.106886 0.260679
v 0.150000 0.105306 0.257949
v 0.150000 0.103742 0.255210
v 0.150000 0.102195 0.252463
v 0.150000 0.100664 0.249707
v 0.150000 0.099151 0.246943
v 0.150000 0.097654 0.244171
v 0.150000 0.096174 0.241390
v 0.150000 0.094710 0.238601
v 0.150000 0.093264 0.235804
v 0.150000 0.091834 0.232998
v 0.150000 0.090420 0.230184
v 0.150000 0.089024 0.227361
v 0.150000 0.087644 0.224531
v 0.150000 0.086281 0.221691
v 0.150000 0.084934 0.218844
v 0.150000 0.083604 0.215988
v 0.150000 0.082291 0.213124
v 0.150000 0.080995 0.210251
v 0.150000 0.079715 0.207370
v 0.150000 0.078453 0.204481
v 0.150000 0.077206 0.201583
v 0.150000 0.075977 0.198677
v 0.150000 0.074764 0.195763
v 0.150000 0.073568 0.192840
v 0.150000 0.072389 0.189909
v 0.150000 0.071226 0.186970
v 0.150000 0.070080 0.184022
v 0.150000 0.068951 0.181066
v 0.150000 0.067839 0.178101
v 0.150000 0.066743 0.175128
v 0.150000 0.065486 0.171613
v 0.150000 0.064247 0.168090
v 0.150000 0.063026 0.164560
v 0.150000 0.061823 0.161023
v 0.150000 0.060637 0.157479
v 0.150000 0.059469 0.153927
v 0.150000 0.058320 0.150368
v 0.150000 0.057188 0.146802
v 0.150000 0.056074 0.143229
v 0.150000 0.054977 0.139648
v 0.150000 0.053899 0.136060
v 0.150000 0.052838 0.132465
v 0.150000 0.051795 0.128863
v 0.150000 0.050770 0.125253
v 0.150000 0.049763 0.121636
v 0.150000 0.048774 0.118012
v 0.150000 0.047802 0.114381
v 0.150000 0.046848 0.110742
v 0.150000 0.045912 0.107096
v 0.150000 0.044994 0.103443
v 0.150000 0.044094 0.099783
v 0.150000 0.043212 0.096115
v 0.150000 0.042347 0.092441
v 0.150000 0.041500 0.088759
v 0.150000 0.040671 0.085069
v 0.150000 0.039860 0.081373
v 0.150000 0.039067 0.077669
v 0.150000 0.038292 0.073958
v 0.150000 0.037534 0.070240
v 0.150000 0.036794 0.066514
v 0.150000 0.036072 0.062782
v 0.150000 0.035368 0.059042
v 0.150000 0.034682 0.055295
v 0.150000 0.034013 0.051540
v 0.150000 0.033362 0.047778
v 0.150000 0.032730 0.044009
v 0.150000 0.032115 0.040233
v 0.150000 0.031517 0.036450
v 0.150000 0.030938 0.032659
v 0.150000 0.030376 0.028861
v 0.150000 0.029833 0.025056
v 0.150000 0.029307 0.021244
v 0.150000 0.028799 0.017424
v 0.150000 0.028309 0.013597
v 0.150000 0.027836 0.009763
v 0.150000 0.027382 0.005922
v 0.150000 0.026945 0.002073
v 0.150000 0.026526 -0.001783
v 0.150000 0.026125 -0.005646
v 0.150000 0.025742 -0.009516
v 0.150000 0.025376 -0.013394
v 0.150000 0.025029 -0.017278
v 0.150000 0.024699 -0.021170
v 0.150000 0.024387 -0.025070
v 0.150000 0.024093 -0.028976
v 0.150000 0.023816 -0.032890
v 0.150000 0.023558 -0.036811
v 0.150000 0.023317 -0.040739
v 0.150000 0.023094 -0.044675
v 0.150000 0.022889 -0.048617
v 0.150000 0.022702 -0.052567
v 0.150000 0.022533 -0.056525
v 0.150000 0.022381 -0.060489
v 0.150000 0.022248 -0.064461
v 0.150000 0.022251 -0.065257
v 0.150000 0.022259 -0.066040
v 0.150000 0.022274 -0.066811
v 0.150000 0.022294 -0.067569
v 0.150000 0.022321 -0.068315
v 0.150000 0.022353 -0.069048
v 0.150000 0.022391 -0.069769
v 0.150000 0.022435 -0.070477
v 0.150000 0.022484 -0.071173
v 0.150000 0.022540 -0.071856
v 0.150000 0.022601 -0.072527
v 0.150000 0.022669 -0.073185
v 0.150000 0.022742 -0.073830
v 0.150000 0.022821 -0.074463
v 0.150000 0.022906 -0.075084
v 0.150000 0.022996 -0.075692
v 0.150000 0.023093 -0.076287
v 0.150000 0.023195 -0.076870
v 0.150000 0.023303 -0.077440
v 0.150000 0.023417 -0.077998
v 0.150000 0.023537 -0.078543
v 0.150000 0.023663 -0.079076
v 0.150000 0.023795 -0.079596
v 0.150000 0.023932 -0.080104
v 0.150000 0.024076 -0.080599
v 0.150000 0.024225 -0.081081
v 0.150000 0.024380 -0.081551
v 0.150000 0.024541 -0.082009
v 0.150000 0.024707 -0.082454
v 0.150000 0.024880 -0.082886
v 0.150000 0.025058 -0.083306
v 0.150000 0.025242 -0.083714
v 0.150000 0.025433 -0.084108
v 0.150000 0.025629 -0.084491
v 0.150000 0.025830 -0.084861
v 0.150000 0.026038 -0.085218
v 0.150000 0.026251 -0.085562
v 0.150000 0.026471 -0.085895
v 0.150000 0.026696 -0.086214
v 0.150000 0.026927 -0.086521
v 0.150000 0.027164 -0.086816
v 0.150000 0.027407 -0.087098
v 0.150000 0.027655 -0.087367
v 0.150000 0.027910 -0.087624
v 0.150000 0.028170 -0.087869
v 0.150000 0.028436 -0.088101
v 0.150000 0.028708 -0.088320
v 0.150000 0.028986 -0.088527
v 0.150000 0.029270 -0.088721
v 0.150000 0.029559 -0.088903
v 0.150000 0.029855 -0.089072
v 0.150000 0.030156 -0.089229
v 0.150000 0.030463 -0.089373
v 0.150000 0.030776 -0.089504
v 0.150000 0.031095 -0.089624
v 0.150000 0.031419 -0.089730
v 0.150000 0.031750 -0.089824
v 0.150000 0.032086 -0.089906
v 0.150000 0.032428 -0.089975
v 0.150000 0.032776 -0.090031
v 0.150000 0.033130 -0.090075
v 0.150000 0.033490 -0.090106
v 0.150000 0.033856 -0.090125
v 0.150000 0.034227 -0.090131
v 0.150000 0.034529 -0.090126
v 0.150000 0.034829 -0.090109
v 0.150000 0.035126 -0.090082
v 0.150000 0.035421 -0.090044
v 0.150000 0.035714 -0.089995
v 0.150000 0.036005 -0.089936
v 0.150000 0.036294 -0.089865
v 0.150000 0.036580 -0.089784
v 0.150000 0.036864 -0.089691
v 0.150000 0.037146 -0.089588
v 0.150000 0.037426 -0.089474
v 0.150000 0.037703 -0.089349
v 0.150000 0.037978 -0.089213
v 0.150000 0.038251 -0.089067
v 0.150000 0.038522 -0.088909
v 0.150000 0.038791 -0.088741
v 0.150000 0.039057 -0.088562
v 0.150000 0.039321 -0.088371
v 0.150000 0.039583 -0.088170
v 0.150000 0.039842 -0.087959
v 0.150000 0.040100 -0.087736
v 0.150000 0.040355 -0.087502
v 0.150000 0.040608 -0.087258
v 0.150000 0.040859 -0.087003
v 0.150000 0.041107 -0.086737
v 0.150000 0.041353 -0.086460
v 0.150000 0.041597 -0.086172
v 0.150000 0.041839 -0.085873
v 0.150000 0.042079 -0.085563
v 0.150000 0.042316 -0.085243
v 0.150000 0.042551 -0.084912
v 0.150000 0.042784 -0.084569
v 0.150000 0.043014 -0.084216
v 0.150000 0.043243 -0.083852
v 0.150000 0.043469 -0.083478
v 0.150000 0.043693 -0.083092
v 0.150000 0.043915 -0.082695
v 0.150000 0.044134 -0.082288
v 0.150000 0.044351 -0.081870
v 0.150000 0.044566 -0.081441
v 0.150000 0.044779 -0.081001
v 0.150000 0.044990 -0.080550
v 0.150000 0.045198 -0.080088
v 0.150000 0.045404 -0.079616
v 0.150000 0.045608 -0.079132
v 0.150000 0.045810 -0.078638
v 0.150000 0.046009 -0.078133
v 0.150000 0.046207 -0.077617
v 0.150000 0.046402 -0.077090
v 0.150000 0.046594 -0.076552
v 0.150000 0.046785 -0.076004
v 0.150000 0.046973 -0.075444
v 0.150000 0.047159 -0.074874
v 0.150000 0.047343 -0.074293
v 0.150000 0.047525 -0.073701
v 0.150000 0.047704 -0.073098
v 0.150000 0.047881 -0.072484
v 0.150000 0.048056 -0.071860
v 0.150000 0.048229 -0.071224
v 0.150000 0.048399 -0.070578
v 0.150000 0.048567 -0.069920
v 0.150000 0.048733 -0.069252
v 0.150000 0.048897 -0.068573
v 0.150000 0.049059 -0.067884
v 0.150000 0.050377 -0.062002
v 0.150000 0.051729 -0.056158
v 0.150000 0.053116 -0.050351
v 0.150000 0.054536 -0.044582
v 0.150000 0.055990 -0.038851
v 0.150000 0.057478 -0.033157
v 0.150000 0.059001 -0.027501
v 0.150000 0.060557 -0.021882
v 0.150000 0.062147 -0.016301
v 0.150000 0.063771 -0.010758
v 0.150000 0.065429 -0.005252
v 0.150000 0.067122 0.000216
v 0.150000 0.068848 0.005647
v 0.150000 0.070608 0.011040
v 0.150000 0.072402 0.016395
v 0.150000 0.074230 0.021713
v 0.150000 0.076092 0.026993
v 0.150000 0.077988 0.032235
v 0.150000 0.079918 0.037440
v 0.150000 0.081882 0.042608
v 0.150000 0.083880 0.047737
v 0.150000 0.085912 0.052830
v 0.150000 0.087978 0.057884
v 0.150000 0.090078 0.062901
v 0.150000 0.092212 0.067880
v 0.150000 0.094380 0.072822
v 0.150000 0.096581 0.077726
v 0.150000 0.098817 0.082593
v 0.150000 0.101087 0.087422
v 0.150000 0.103391 0.092213
v 0.150000 0.105729 0.096967
v 0.150000 0.108100 0.101683
v 0.150000 0.110506 0.106361
v 0.150000 0.112946 0.111002
v 0.150000 0.115420 0.115606
v 0.150000 0.117927 0.120171
v 0.150000 0.120469 0.124699
v 0.150000 0.123045 0.129190
v 0.150000 0.125654 0.133643
v 0.150000 0.128298 0.138058
v 0.150000 0.130976 0.142436
v 0.150000 0.133687 0.146776
v 0.150000 0.136433 0.151078
v 0.150000 0.139212 0.155343
v 0.150000 0.142026 0.159570
v 0.150000 0.144873 0.163760
v 0.150000 0.147755 0.167912
v 0.150000 0.150670 0.172026
v 0.150000 0.153620 0.176103
v 0.150000 0.156603 0.180143
v 0.150000 0.159621 0.184144
v 0.150000 0.162672 0.188108
v 0.150000 0.165757 0.192035
v 0.150000 0.168877 0.195924
v 0.150000 0.172030 0.199775
v 0.150000 0.175218 0.203588
v 0.150000 0.178439 0.207364
v 0.150000 0.181694 0.211103
v 0.150000 0.184983 0.214804
v 0.150000 0.188307 0.218467
v 0.150000 0.191664 0.222092
v 0.150000 0.195055 0.225680
v 0.150000 0.198480 0.229231
v 0.150000 0.201940 0.232744
v 0.150000 0.203866 0.234589
v 0.150000 0.205793 0.236417
v 0.150000 0.207723 0.238227
v 0.150000 0.209654 0.240019
v 0.150000 0.211587 0.241794
v 0.150000 0.213521 0.243552
v 0.150000 0.215457 0.245292
v 0.150000 0.217395 0.247014
v 0.150000 0.219335 0.248719
v 0.150000 0.221276 0.250406
v 0.150000 0.223219 0.252076
v 0.150000 0.225163 0.253728
v 0.150000 0.227109 0.255363
v 0.150000 0.229057 0.256980
v 0.150000 0.231007 0.258579
v 0.150000 0.232958 0.260161
v 0.150000 0.234911 0.261726
v 0.150000 0.236865 0.263272
v 0.150000 0.238821 0.264802
v 0.150000 0.240779 0.266314
v 0.150000 0.242739 0.267808
v 0.150000 0.244700 0.269284
v 0.150000 0.246663 0.270744
v 0.150000 0.248627 0.272185
v 0.150000 0.250594 0.273609
v 0.150000 0.252561 0.275016
v 0.150000 0.254531 0.276405
v 0.150000 0.256502 0.277776
v 0.150000 0.258475 0.279130
v 0.150000 0.260450 0.280466
v 0.150000 0.262426 0.281785
v 0.150000 0.264404 0.283086
v 0.150000 0.266383 0.284370
v 0.150000 0.268365 0.285636
v 0.150000 0.270348 0.286884
v 0.150000 0.272332 0.288116
v 0.150000 0.274319 0.289329
v 0.150000 0.276306 0.290525
v 0.150000 0.278296 0.291703
v 0.150000 0.280287 0.292864
v 0.150000 0.282280 0.294007
v 0.150000 0.284275 0.295133
v 0.150000 0.286271 0.296241
v 0.150000 0.288269 0.297332
v 0.150000 0.290269 0.298405
v 0.150000 0.292270 0.299460
v 0.150000 0.294273 0.300498
v 0.150000 0.296278 0.301519
v 0.150000 0.298284 0.302522
v 0.150000 0.300292 0.303507
v 0.150000 0.302302 0.304475
v 0.150000 0.304313 0.305425
v 0.150000 0.306326 0.306358
v 0.150000 0.308341 0.307273
v 0.150000 0.310357 0.308171
v 0.150000 0.312375 0.309051
v 0.150000 0.314395 0.309913
v 0.150000 0.316416 0.310758
v 0.150000 0.318439 0.311585
v 0.150000 0.320464 0.312395
v 0.150000 0.322490 0.313188
v 0.150000 0.324519 0.313962
v 0.150000 0.326548 0.314720
v 0.150000 0.328580 0.315459
v 0.150000 0.330475 0.316149
v 0.150000 0.332382 0.316828
v 0.150000 0.334301 0.317496
v 0.150000 0.336232 0.318153
v 0.150000 0.338174 0.318800
v 0.150000 0.340128 0.319435
v 0.150000 0.342094 0.320060
v 0.150000 0.344071 0.320674
v 0.150000 0.346060 0.321276
v 0.150000 0.348061 0.321868
v 0.150000 0.350073 0.322450
v 0.150000 0.352097 0.323020
v 0.150000 0.354133 0.323579
v 0.150000 0.356181 0.324128
v 0.150000 0.358240 0.324666
v 0.150000 0.360311 0.325193
v 0.150000 0.362394 0.325709
v 0.150000 0.364488 0.326214
v 0.150000 0.366594 0.326708
v 0.150000 0.368712 0.327191
v 0.150000 0.370841 0.327664
v 0.150000 0.372982 0.328126
v 0.150000 0.375135 0.328576
v 0.150000 0.377300 0.329016
v 0.150000 0.379476 0.329445
v 0.150000 0.381664 0.329864
v 0.150000 0.383863 0.330271
v 0.150000 0.386075 0.330667
v 0.150000 0.388298 0.331053
v 0.150000 0.390533 0.331428
v 0.150000 0.392779 0.331792
v 0.150000 0.395037 0.332145
v 0.150000 0.397307 0.332487
v 0.150000 0.399588 0.332818
v 0.150000 0.401882 0.333139
v 0.150000 0.404187 0.333448
v 0.150000 0.406503 0.333747
v 0.150000 0.408832 0.334035
v 0.150000 0.411172 0.334312
v 0.150000 0.413523 0.334578
v 0.150000 0.415887 0.334833
v 0.150000 0.418262 0.335078
v 0.150000 0.420649 0.335311
v 0.150000 0.423047 0.335534
v 0.150000 0.425457 0.335746
v 0.150000 0.427879 0.335947
v 0.150000 0.430313 0.336137
v 0.150000 0.432758 0.336316
v 0.150000 0.435215 0.336485
v 0.150000 0.437684 0.336642
v 0.150000 0.440164 0.336789
v 0.150000 0.442656 0.336924
v 0.150000 0.445160 0.337049
v 0.150000 0.447676 0.337163
v 0.150000 0.450203 0.337267
v 0.150000 0.452742 0.337359
v 0.150000 0.455292 0.337440
v 0.150000 0.457855 0.337511
v 0.150000 0.460429 0.337571
v 0.150000 0.463014 0.337620
v 0.150000 0.465612 0.337658
v 0.150000 0.468221 0.337685
v 0.150000 0.470842 0.337701
v 0.150000 0.473474 0.337707
v 0.150000 0.478090 0.337682
v 0.150000 0.482669 0.337607
v 0.150000 0.487210 0.337481
v 0.150000 0.491713 0.337306
v 0.150000 0.496179 0.337080
v 0.150000 0.500607 0.336804
v 0.150000 0.504997 0.336478
v 0.150000 0.509350 0.336102
v 0.150000 0.513665 0.335676
v 0.150000 0.517943 0.335200
v 0.150000 0.522183 0.334674
v 0.150000 0.526386 0.334097
v 0.150000 0.530550 0.333470
v 0.150000 0.534678 0.332793
v 0.150000 0.538767 0.332066
v 0.150000 0.542819 0.331289
v 0.150000 0.546834 0.330462
v 0.150000 0.550811 0.329585
v 0.150000 0.554750 0.328657
v 0.150000 0.558652 0.327679
v 0.150000 0.562516 0.326652
v 0.150000 0.566342 0.325574
v 0.150000 0.570131 0.324446
v 0.150000 0.573882 0.323267
v 0.150000 0.577596 0.322039
v 0.150000 0.581272 0.320760
v 0.150000 0.584910 0.319432
v 0.150000 0.588511 0.318053
v 0.150000 0.592074 0.316624
v 0.150000 0.595600 0.315145
v 0.150000 0.599088 0.313616
v 0.150000 0.602538 0.312037
v 0.150000 0.605951 0.310407
v 0.150000 0.609326 0.308728
v 0.150000 0.612664 0.306998
v 0.150000 0.615964 0.305218
v 0.150000 0.619226 0.303388
v 0.150000 0.622451 0.301508
v 0.150000 0.625638 0.299577
v 0.150000 0.628788 0.297597
v 0.150000 0.631900 0.295566
v 0.150000 0.634974 0.293486
v 0.150000 0.638011 0.291355
v 0.150000 0.641010 0.289174
v 0.150000 0.643972 0.286943
v 0.150000 0.646896 0.284662
v 0.150000 0.649782 0.282330
v 0.150000 0.652631 0.279949
v 0.150000 0.655442 0.277517
v 0.150000 0.658216 0.275035
v 0.150000 0.660952 0.272503
v 0.150000 0.663650 0.269921
v 0.150000 0.666311 0.267289
v 0.150000 0.668934 0.264607
v 0.150000 0.671519 0.261874
v 0.150000 0.674067 0.259092
v 0.150000 0.676578 0.256259
v 0.150000 0.679050 0.253376
v 0.150000 0.681486 0.250443
v 0.150000 0.683883 0.247460
v 0.150000 0.686243 0.244427
v 0.150000 0.688565 0.241343
v 0.150000 0.690850 0.238210
v 0.150000 0.693098 0.235026
v 0.150000 0.694798 0.232593
v 0.150000 0.696475 0.230146
v 0.150000 0.698130 0.227682
v 0.150000 0.699762 0.225203
v 0.150000 0.701372 0.222709
v 0.150000 0.702960 0.220198
v 0.150000 0.704524 0.217673
v 0.150000 0.706066 0.215131
v 0.150000 0.707586 0.212574
v 0.150000 0.709083 0.210002
v 0.150000 0.710557 0.207413
v 0.150000 0.712009 0.204810
v 0.150000 0.713439 0.202190
v 0.150000 0.714845 0.199555
v 0.150000 0.716230 0.196905
v 0.150000 0.717591 0.194238
v 0.150000 0.718930 0.191557
v 0.150000 0.720247 0.188859
v 0.150000 0.721541 0.186146
v 0.150000 0.722812 0.183418
v 0.150000 0.724061 0.180674
v 0.150000 0.725287 0.177914
v 0.150000 0.726491 0.175138
v 0.150000 0.727672 0.172347
v 0.150000 0.728831 0.169541
v 0.150000 0.729967 0.166719
v 0.150000 0.731080 0.163881
v 0.150000 0.732171 0.161027
v 0.150000 0.733240 0.158159
v 0.150000 0.734285 0.155274
v 0.150000 0.735309 0.152374
v 0.150000 0.736309 0.149458
v 0.150000 0.737287 0.146527
v 0.150000 0.738243 0.143580
v 0.150000 0.739176 0.140617
v 0.150000 0.740086 0.137639
v 0.150000 0.740974 0.134645
v 0.150000 0.741839 0.131636
v 0.150000 0.742682 0.128611
v 0.150000 0.743502 0.125570
v 0.150000 0.744300 0.122514
v 0.150000 0.745075 0.119442
v 0.150000 0.745827 0.116355
v 0.150000 0.746557 0.113252
v 0.150000 0.747265 0.110134
v 0.150000 0.747949 0.107000
v 0.150000 0.748612 0.103850
v 0.150000 0.749251 0.100684
v 0.150000 0.749868 0.097504
v 0.150000 0.750463 0.094307
v 0.150000 0.751035 0.091095
v 0.150000 0.751584 0.087867
v 0.150000 0.752111 0.084624
v 0.150000 0.752616 0.081365
v 0.150000 0.753097 0.078090
v 0.150000 0.753556 0.074800
v 0.150000 0.753993 0.071495
v 0.150000 0.754407 0.068173
v 0.150000 0.754799 0.064836
v 0.150000 0.755168 0.061484
v 0.150000 0.755514 0.058116
v 0.150000 0.755838 0.054732
v 0.150000 0.756139 0.051333
v 0.150000 0.756418 0.047918
v 0.150000 0.756435 0.047542
v 0.150000 0.756453 0.047165
v 0.150000 0.756470 0.046785
v 0.150000 0.756487 0.046403
v 0.150000 0.756503 0.046018
v 0.150000 0.756519 0.045632
v 0.150000 0.756536 0.045243
v 0.150000 0.756551 0.044852
v 0.150000 0.756567 0.044458
v 0.150000 0.756582 0.044063
v 0.150000 0.756597 0.043665
v 0.150000 0.756611 0.043265
v 0.150000 0.756626 0.042863
v 0.150000 0.756640 0.042458
v 0.150000 0.756654 0.042052
v 0.150000 0.756667 0.041643
v 0.150000 0.756680 0.041232
v 0.150000 0.756693 0.040818
v 0.150000 0.756706 0.040403
v 0.150000 0.756718 0.039985
v 0.150000 0.756730 0.039565
v 0.150000 0.756742 0.039143
v 0.150000 0.756754 0.038718
v 0.150000 0.756765 0.038291
v 0.150000 0.756776 0.037863
v 0.150000 0.756787 0.037431
v 0.150000 0.756797 0.036998
v 0.150000 0.756808 0.036562
v 0.150000 0.756817 0.036124
v 0.150000 0.756827 0.035684
v 0.150000 0.756836 0.035242
v 0.150000 0.756845 0.034797
v 0.150000 0.756854 0.034351
v 0.150000 0.756863 0.033902
v 0.150000 0.756871 0.033450
v 0.150000 0.756879 0.032997
v 0.150000 0.756887 0.032541
v 0.150000 0.756894 0.032083
v 0.150000 0.756901 0.031623
v 0.150000 0.756908 0.031161
v 0.150000 0.756914 0.030696
v 0.150000 0.756921 0.030229
v 0.150000 0.756927 0.029760
v 0.150000 0.756932 0.029289
v 0.150000 0.756938 0.028816
v 0.150000 0.756943 0.028340
v 0.150000 0.756948 0.027862
v 0.150000 0.756952 0.027382
v 0.150000 0.756957 0.026899
v 0.150000 0.756961 0.026415
v 0.150000 0.756965 0.025928
v 0.150000 0.756968 0.025439
v 0.150000 0.756971 0.024947
v 0.150000 0.756974 0.024454
v 0.150000 0.756977 0.023958
v 0.150000 0.756979 0.023460
v 0.150000 0.756981 0.022960
v 0.150000 0.756983 0.022457
v 0.150000 0.756985 0.021952
v 0.150000 0.756986 0.021445
v 0.150000 0.756987 0.020936
v 0.150000 0.756988 0.020425
v 0.150000 0.756988 0.019911
v 0.150000 0.695379 -0.042784
v 0.150000 0.696533 -0.042789
v 0.150000 0.697676 -0.042805
v 0.150000 0.698808 -0.042831
v 0.150000 0.699930 -0.042868
v 0.150000 0.701041 -0.042916
v 0.150000 0.702141 -0.042974
v 0.150000 0.703231 -0.043043
v 0.150000 0.704310 -0.043123
v 0.150000 0.705379 -0.043212
v 0.150000 0.706437 -0.043313
v 0.150000 0.707485 -0.043424
v 0.150000 0.708522 -0.043546
v 0.150000 0.709548 -0.043678
v 0.150000 0.710564 -0.043821
v 0.150000 0.711569 -0.043975
v 0.150000 0.712564 -0.044139
v 0.150000 0.713548 -0.044313
v 0.150000 0.714522 -0.044499
v 0.150000 0.715485 -0.044694
v 0.150000 0.716437 -0.044901
v 0.150000 0.717379 -0.045118
v 0.150000 0.718310 -0.045345
v 0.150000 0.719230 -0.045583
v 0.150000 0.720140 -0.045832
v 0.150000 0.721040 -0.046091
v 0.150000 0.721929 -0.046361
v 0.150000 0.722807 -0.046642
v 0.150000 0.723675 -0.046933
v 0.150000 0.724532 -0.047235
v 0.150000 0.725378 -0.047547
v 0.150000 0.726214 -0.047870
v 0.150000 0.727039 -0.048203
v 0.150000 0.727854 -0.048547
v 0.150000 0.728658 -0.048902
v 0.150000 0.729452 -0.049267
v 0.150000 0.730235 -0.049643
v 0.150000 0.731007 -0.050029
v 0.150000 0.731769 -0.050426
v 0.150000 0.732520 -0.050833
v 0.150000 0.733261 -0.051251
v 0.150000 0.733991 -0.051680
v 0.150000 0.734710 -0.052119
v 0.150000 0.735419 -0.052569
v 0.150000 0.736118 -0.053030
v 0.150000 0.736805 -0.053501
v 0.150000 0.737482 -0.053982
v 0.150000 0.738149 -0.054474
v 0.150000 0.738805 -0.054977
v 0.150000 0.739450 -0.055491
v 0.150000 0.740085 -0.056015
v 0.150000 0.740709 -0.056549
v 0.150000 0.741323 -0.057094
v 0.150000 0.741926 -0.057650
v 0.150000 0.742518 -0.058216
v 0.150000 0.743100 -0.058793
v 0.150000 0.743672 -0.059380
v 0.150000 0.744232 -0.059978
v 0.150000 0.744782 -0.060587
v 0.150000 0.745322 -0.061206
v 0.150000 0.745851 -0.061836
v 0.150000 0.746369 -0.062476
v 0.150000 0.746877 -0.063127
v 0.150000 0.747374 -0.063789
v 0.150000 0.747861 -0.064461
v 0.150000 0.747312 -0.068160
v 0.150000 0.746733 -0.071842
v 0.150000 0.746126 -0.075507
v 0.150000 0.745490 -0.079154
v 0.150000 0.744825 -0.082785
v 0.150000 0.744131 -0.086398
v 0.150000 0.743408 -0.089993
v 0.150000 0.742656 -0.093572
v 0.150000 0.741875 -0.097133
v 0.150000 0.741065 -0.100677
v 0.150000 0.740226 -0.104203
v 0.150000 0.739358 -0.107713
v 0.150000 0.738461 -0.111205
v 0.150000 0.737535 -0.114680
v 0.150000 0.736580 -0.118137
v 0.150000 0.735596 -0.121577
v 0.150000 0.734584 -0.125000
v 0.150000 0.733542 -0.128406
v 0.150000 0.732471 -0.131794
v 0.150000 0.731371 -0.135166
v 0.150000 0.730243 -0.138520
v 0.150000 0.729085 -0.141856
v 0.150000 0.727898 -0.145176
v 0.150000 0.726683 -0.148478
v 0.150000 0.725438 -0.151762
v 0.150000 0.724165 -0.155030
v 0.150000 0.722862 -0.158280
v 0.150000 0.721531 -0.161513
v 0.150000 0.720170 -0.164729
v 0.150000 0.718781 -0.167928
v 0.150000 0.717363 -0.171109
v 0.150000 0.715915 -0.174273
v 0.150000 0.714439 -0.177419
v 0.150000 0.712934 -0.180549
v 0.150000 0.711400 -0.183661
v 0.150000 0.709836 -0.186756
v 0.150000 0.708244 -0.189833
v 0.150000 0.706623 -0.192894
v 0.150000 0.704973 -0.195937
v 0.150000 0.703294 -0.198962
v 0.150000 0.701586 -0.201971
v 0.150000 0.699849 -0.204962
v 0.150000 0.698083 -0.207936
v 0.150000 0.696288 -0.210893
v 0.150000 0.694464 -0.213832
v 0.150000 0.692611 -0.216755
v 0.150000 0.690729 -0.219659
v 0.150000 0.688819 -0.222547
v 0.150000 0.686879 -0.225417
v 0.150000 0.684910 -0.228270
v 0.150000 0.682912 -0.231106
v 0.150000 0.680886 -0.233925
v 0.150000 0.678830 -0.236726
v 0.150000 0.676746 -0.239510
v 0.150000 0.674632 -0.242277
v 0.150000 0.672489 -0.245026
v 0.150000 0.670318 -0.247759
v 0.150000 0.668117 -0.250473
v 0.150000 0.665888 -0.253171
v 0.150000 0.663630 -0.255852
v 0.150000 0.661342 -0.258515
v 0.150000 0.659026 -0.261161
v 0.150000 0.656680 -0.263789
v 0.150000 0.654307 -0.266400
v 0.150000 0.652482 -0.268443
v 0.150000 0.650644 -0.270469
v 0.150000 0.648792 -0.272480
v 0.150000 0.646927 -0.274476
v 0.150000 0.645048 -0.276456
v 0.150000 0.643156 -0.278420
v 0.150000 0.641251 -0.280369
v 0.150000 0.639333 -0.282302
v 0.150000 0.637401 -0.284219
v 0.150000 0.635455 -0.286121
v 0.150000 0.633497 -0.288007
v 0.150000 0.631525 -0.289878
v 0.150000 0.629539 -0.291733
v 0.150000 0.627540 -0.293573
v 0.150000 0.625528 -0.295397
v 0.150000 0.623503 -0.297205
v 0.150000 0.621464 -0.298998
v 0.150000 0.619411 -0.300775
v 0.150000 0.617346 -0.302536
v 0.150000 0.615267 -0.304282
v 0.150000 0.613174 -0.306012
v 0.150000 0.611069 -0.307727
v 0.150000 0.608949 -0.309426
v 0.150000 0.606817 -0.311110
v 0.150000 0.604671 -0.312777
v 0.150000 0.602512 -0.314430
v 0.150000 0.600339 -0.316066
v 0.150000 0.598153 -0.317688
v 0.150000 0.595954 -0.319293
v 0.150000 0.593741 -0.320883
v 0.150000 0.591515 -0.322457
v 0.150000 0.589276 -0.324016
v 0.150000 0.587023 -0.325559
v 0.150000 0.584756 -0.327087
v 0.150000 0.582477 -0.328599
v 0.150000 0.580184 -0.330095
v 0.150000 0.577878 -0.331576
v 0.150000 0.575558 -0.333041
v 0.150000 0.573225 -0.334490
v 0.150000 0.570879 -0.335924
v 0.150000 0.568519 -0.337343
v 0.150000 0.566146 -0.338745
v 0.150000 0.563759 -0.340132
v 0.150000 0.561359 -0.341504
v 0.150000 0.558946 -0.342860
v 0.150000 0.556519 -0.344200
v 0.150000 0.554079 -0.345525
v 0.150000 0.551626 -0.346834
v 0.150000 0.549159 -0.348128
v 0.150000 0.546679 -0.349406
v 0.150000 0.544185 -0.350668
v 0.150000 0.541679 -0.351915
v 0.150000 0.539158 -0.353146
v 0.150000 0.536625 -0.354361
v 0.150000 0.534078 -0.355561
v 0.150000 0.531517 -0.356746
v 0.150000 0.528944 -0.357914
v 0.150000 0.526357 -0.359068
v 0.150000 0.523756 -0.360205
v 0.150000 0.521142 -0.361327
v 0.150000 0.518515 -0.362433
v 0.150000 0.515875 -0.363524
v 0.150000 0.513221 -0.364599
v 0.150000 0.510553 -0.365659
v 0.150000 0.509000 -0.366278
v 0.150000 0.507440 -0.366887
v 0.150000 0.505876 -0.367487
v 0.150000 0.504305 -0.368077
v 0.150000 0.502729 -0.368657
v 0.150000 0.501148 -0.369227
v 0.150000 0.499560 -0.369788
v 0.150000 0.497968 -0.370338
v 0.150000 0.496369 -0.370879
v 0.150000 0.494766 -0.371411
v 0.150000 0.493156 -0.371932
v 0.150000 0.491541 -0.372444
v 0.150000 0.489921 -0.372946
v 0.150000 0.488295 -0.373439
v 0.150000 0.486663 -0.373921
v 0.150000 0.485026 -0.374394
v 0.150000 0.483383 -0.374857
v 0.150000 0.481734 -0.375310
v 0.150000 0.480080 -0.375754
v 0.150000 0.478421 -0.376188
v 0.150000 0.476756 -0.376612
v 0.150000 0.475085 -0.377026
v 0.150000 0.473409 -0.377431
v 0.150000 0.471727 -0.377826
v 0.150000 0.470040 -0.378211
v 0.150000 0.468347 -0.378586
v 0.150000 0.466648 -0.378952
v 0.150000 0.464944 -0.379307
v 0.150000 0.463234 -0.379653
v 0.150000 0.461519 -0.379990
v 0.150000 0.459798 -0.380316
v 0.150000 0.458072 -0.380633
v 0.150000 0.456340 -0.380940
v 0.150000 0.454602 -0.381238
v 0.150000 0.452859 -0.381525
v 0.150000 0.451111 -0.381803
v 0.150000 0.449356 -0.382071
v 0.150000 0.447596 -0.382330
v 0.150000 0.445831 -0.382578
v 0.150000 0.444060 -0.382817
v 0.150000 0.442284 -0.383046
v 0.150000 0.440501 -0.383265
v 0.150000 0.438714 -0.383475
v 0.150000 0.436921 -0.383675
v 0.150000 0.435122 -0.383865
v 0.150000 0.433317 -0.384045
v 0.150000 0.431507 -0.384216
v 0.150000 0.429692 -0.384377
v 0.150000 0.427871 -0.384528
v 0.150000 0.426044 -0.384669
v 0.150000 0.424212 -0.384801
v 0.150000 0.422374 -0.384923
v 0.150000 0.420531 -0.385035
v 0.150000 0.418682 -0.385137
v 0.150000 0.416827 -0.385230
v 0.150000 0.414967 -0.385313
v 0.150000 0.413101 -0.385386
v 0.150000 0.411230 -0.385449
v 0.150000 0.409353 -0.385503
v 0.150000 0.407471 -0.385547
v 0.150000 0.405583 -0.385581
v 0.150000 0.403690 -0.385605
v 0.150000 0.401790 -0.385620
v 0.150000 0.399886 -0.385625
v 0.150000 0.397434 -0.385618
v 0.150000 0.394996 -0.385596
v 0.150000 0.392575 -0.385561
v 0.150000 0.390168 -0.385511
v 0.150000 0.387777 -0.385447
v 0.150000 0.385401 -0.385369
v 0.150000 0.383041 -0.385277
v 0.150000 0.380696 -0.385170
v 0.150000 0.378366 -0.385049
v 0.150000 0.376051 -0.384914
v 0.150000 0.373752 -0.384765
v 0.150000 0.371468 -0.384602
v 0.150000 0.369200 -0.384424
v 0.150000 0.366946 -0.384232
v 0.150000 0.364708 -0.384026
v 0.150000 0.362486 -0.383806
v 0.150000 0.360278 -0.383572
v 0.150000 0.358086 -0.383323
v 0.150000 0.355910 -0.383061
v 0.150000 0.353749 -0.382784
v 0.150000 0.351602 -0.382492
v 0.150000 0.349472 -0.382187
v 0.150000 0.347356 -0.381867
v 0.150000 0.345256 -0.381533
v 0.150000 0.343172 -0.381185
v 0.150000 0.341102 -0.380823
v 0.150000 0.339048 -0.380447
v 0.150000 0.337009 -0.380056
v 0.150000 0.334986 -0.379651
v 0.150000 0.332978 -0.379232
v 0.150000 0.330985 -0.378799
v 0.150000 0.329007 -0.378351
v 0.150000 0.327045 -0.377890
v 0.150000 0.325098 -0.377414
v 0.150000 0.323167 -0.376924
v 0.150000 0.321251 -0.376419
v 0.150000 0.319350 -0.375901
v 0.150000 0.317464 -0.375368
v 0.150000 0.315594 -0.374821
v 0.150000 0.313739 -0.374260
v 0.150000 0.311899 -0.373685
v 0.150000 0.310075 -0.373095
v 0.150000 0.308266 -0.372492
v 0.150000 0.306472 -0.371874
v 0.150000 0.304694 -0.371242
v 0.150000 0.302931 -0.370595
v 0.150000 0.301183 -0.369935
v 0.150000 0.299451 -0.369260
v 0.150000 0.297734 -0.368571
v 0.150000 0.296032 -0.367868
v 0.150000 0.294346 -0.367150
v 0.150000 0.292675 -0.366419
v 0.150000 0.291019 -0.365673
v 0.150000 0.289378 -0.364913
v 0.150000 0.287753 -0.364139
v 0.150000 0.286143 -0.363350
v 0.150000 0.284549 -0.362548
v 0.150000 0.282970 -0.361731
v 0.150000 0.281406 -0.360900
v 0.150000 0.279857 -0.360055
v 0.150000 0.278324 -0.359195
v 0.150000 0.276806 -0.358322
v 0.150000 0.275304 -0.357434
v 0.150000 0.273816 -0.356532
v 0.150000 0.272614 -0.355747
v 0.150000 0.271430 -0.354961
v 0.150000 0.270265 -0.354175
v 0.150000 0.269119 -0.353388
v 0.150000 0.267992 -0.352599
v 0.150000 0.266884 -0.351810
v 0.150000 0.265795 -0.351021
v 0.150000 0.264725 -0.350230
v 0.150000 0.263674 -0.349439
v 0.150000 0.262641 -0.348646
v 0.150000 0.261628 -0.347853
v 0.150000 0.260634 -0.347059
v 0.150000 0.259658 -0.346264
v 0.150000 0.258702 -0.345469
v 0.150000 0.257764 -0.344672
v 0.150000 0.256845 -0.343875
v 0.150000 0.255946 -0.343077
v 0.150000 0.255065 -0.342278
v 0.150000 0.254203 -0.341478
v 0.150000 0.253360 -0.340677
v 0.150000 0.252536 -0.339876
v 0.150000 0.251731 -0.339073
v 0.150000 0.250945 -0.338270
v 0.150000 0.250178 -0.337466
v 0.150000 0.249430 -0.336661
v 0.150000 0.248701 -0.335856
v 0.150000 0.247991 -0.335049
v 0.150000 0.247299 -0.334242
v 0.150000 0.246627 -0.333434
v 0.150000 0.245973 -0.332625
v 0.150000 0.245339 -0.331815
v 0.150000 0.244723 -0.331004
v 0.150000 0.244127 -0.330193
v 0.150000 0.243549 -0.329380
v 0.150000 0.242990 -0.328567
v 0.150000 0.242450 -0.327753
v 0.150000 0.241930 -0.326938
v 0.150000 0.241428 -0.326122
v 0.150000 0.240945 -0.325306
v 0.150000 0.240481 -0.324488
v 0.150000 0.240036 -0.323670
v 0.150000 0.239609 -0.322851
v 0.150000 0.239202 -0.322031
v 0.150000 0.238814 -0.321211
v 0.150000 0.238445 -0.320389
v 0.150000 0.238094 -0.319567
v 0.150000 0.237763 -0.318743
v 0.150000 0.237450 -0.317919
v 0.150000 0.237157 -0.317094
v 0.150000 0.236882 -0.316269
v 0.150000 0.236626 -0.315442
v 0.150000 0.236389 -0.314615
v 0.150000 0.236172 -0.313786
v 0.150000 0.235973 -0.312957
v 0.150000 0.235793 -0.312127
v 0.150000 0.235632 -0.311297
v 0.150000 0.235490 -0.310465
v 0.150000 0.235367 -0.309633
v 0.150000 0.235262 -0.308799
v 0.150000 0.235177 -0.307965
v 0.150000 0.235111 -0.307130
v 0.150000 0.235064 -0.306295
v 0.150000 0.235035 -0.305458
v 0.150000 0.235026 -0.304621
v 0.150000 0.235044 -0.303741
v 0.150000 0.235099 -0.302850
v 0.150000 0.235190 -0.301946
v 0.150000 0.235318 -0.301031
v 0.150000 0.235482 -0.300103
v 0.150000 0.235682 -0.299164
v 0.150000 0.235920 -0.298213
v 0.150000 0.236193 -0.297249
v 0.150000 0.236503 -0.296274
v 0.150000 0.236850 -0.295287
v 0.150000 0.237233 -0.294288
v 0.150000 0.237653 -0.293276
v 0.150000 0.238109 -0.292253
v 0.150000 0.238602 -0.291218
v 0.150000 0.239131 -0.290171
v 0.150000 0.239696 -0.289112
v 0.150000 0.240298 -0.288040
v 0.150000 0.240937 -0.286957
v 0.150000 0.241612 -0.285862
v 0.150000 0.242323 -0.284755
v 0.150000 0.243071 -0.283636
v 0.150000 0.243856 -0.282505
v 0.150000 0.244677 -0.281362
v 0.150000 0.245534 -0.280207
v 0.150000 0.246428 -0.279040
v 0.150000 0.247359 -0.277861
v 0.150000 0.248326 -0.276670
v 0.150000 0.249329 -0.275468
v 0.150000 0.250369 -0.274253
v 0.150000 0.251446 -0.273026
v 0.150000 0.252559 -0.271787
v 0.150000 0.253708 -0.270536
v 0.150000 0.254894 -0.269273
v 0.150000 0.256116 -0.267999
v 0.150000 0.257375 -0.266712
v 0.150000 0.258670 -0.265413
v 0.150000 0.260002 -0.264103
v 0.150000 0.261371 -0.262780
v 0.150000 0.262775 -0.261445
v 0.150000 0.264217 -0.260099
v 0.150000 0.265694 -0.258740
v 0.150000 0.267209 -0.257370
v 0.150000 0.268760 -0.255987
v 0.150000 0.270347 -0.254593
v 0.150000 0.271971 -0.253186
v 0.150000 0.273631 -0.251768
v 0.150000 0.275328 -0.250337
v 0.150000 0.277061 -0.248895
v 0.150000 0.278830 -0.247440
v 0.150000 0.280637 -0.245974
v 0.150000 0.282479 -0.244496
v 0.150000 0.284358 -0.243005
v 0.150000 0.286274 -0.241503
v 0.150000 0.288226 -0.239989
v 0.150000 0.290215 -0.238462
v 0.150000 0.292240 -0.236924
v 0.150000 0.294302 -0.235374
v 0.150000 0.296400 -0.233812
v 0.150000 0.298534 -0.232238
v 0.150000 0.300705 -0.230651
v 0.150000 0.302913 -0.229053
v 0.150000 0.305157 -0.227443
v 0.150000 0.307438 -0.225821
v 0.150000 0.309755 -0.224187
v 0.150000 0.314247 -0.220973
v 0.150000 0.318738 -0.217782
v 0.150000 0.323229 -0.214616
v 0.150000 0.327719 -0.211475
v 0.150000 0.332209 -0.208357
v 0.150000 0.336698 -0.205264
v 0.150000 0.341187 -0.202195
v 0.150000 0.345675 -0.199150
v 0.150000 0.350163 -0.196129
v 0.150000 0.354650 -0.193133
v 0.150000 0.359136 -0.190160
v 0.150000 0.363622 -0.187213
v 0.150000 0.368108 -0.184289
v 0.150000 0.372592 -0.181389
v 0.150000 0.377077 -0.178514
v 0.150000 0.381560 -0.175663
v 0.150000 0.386043 -0.172836
v 0.150000 0.390526 -0.170034
v 0.150000 0.395008 -0.167256
v 0.150000 0.399489 -0.164501
v 0.150000 0.403970 -0.161772
v 0.150000 0.408450 -0.159066
v 0.150000 0.412930 -0.156385
v 0.150000 0.417409 -0.153728
v 0.150000 0.421888 -0.151095
v 0.150000 0.426366 -0.148486
v 0.150000 0.430844 -0.145902
v 0.150000 0.435321 -0.143341
v 0.150000 0.439797 -0.140805
v 0.150000 0.444273 -0.138294
v 0.150000 0.448748 -0.135806
v 0.150000 0.453223 -0.133343
v 0.150000 0.457697 -0.130904
v 0.150000 0.462171 -0.128489
v 0.150000 0.466644 -0.126098
v 0.150000 0.471117 -0.123732
v 0.150000 0.475589 -0.121390
v 0.150000 0.480060 -0.119072
v 0.150000 0.484531 -0.116778
v 0.150000 0.489001 -0.114509
v 0.150000 0.493471 -0.112264
v 0.150000 0.497940 -0.110043
v 0.150000 0.502409 -0.107846
v 0.150000 0.506877 -0.105674
v 0.150000 0.511344 -0.103526
v 0.150000 0.515811 -0.101401
v 0.150000 0.520278 -0.099302
v 0.150000 0.524743 -0.097226
v 0.150000 0.529209 -0.095175
v 0.150000 0.533673 -0.093148
v 0.150000 0.538138 -0.091145
v 0.150000 0.542601 -0.089166
v 0.150000 0.547064 -0.087212
v 0.150000 0.551527 -0.085282
v 0.150000 0.555989 -0.083376
v 0.150000 0.560450 -0.081494
v 0.150000 0.564911 -0.079637
v 0.150000 0.569371 -0.077804
v 0.150000 0.573831 -0.075995
v 0.150000 0.578290 -0.074210
v 0.150000 0.582749 -0.072449
v 0.150000 0.587207 -0.070713
v 0.150000 0.591664 -0.069001
v 0.150000 0.596121 -0.067313
v 0.150000 0.598023 -0.066553
v 0.150000 0.599914 -0.065804
v 0.150000 0.601793 -0.065067
v 0.150000 0.603662 -0.064343
v 0.150000 0.605519 -0.063630
v 0.150000 0.607365 -0.062930
v 0.150000 0.609200 -0.062241
v 0.150000 0.611024 -0.061564
v 0.150000 0.612837 -0.060899
v 0.150000 0.614638 -0.060247
v 0.150000 0.616429 -0.059606
v 0.150000 0.618208 -0.058977
v 0.150000 0.619976 -0.058360
v 0.150000 0.621733 -0.057755
v 0.150000 0.623479 -0.057162
v 0.150000 0.625214 -0.056582
v 0.150000 0.626938 -0.056013
v 0.150000 0.628650 -0.055456
v 0.150000 0.630351 -0.054911
v 0.150000 0.632041 -0.054378
v 0.150000 0.633721 -0.053857
v 0.150000 0.635388 -0.053348
v 0.150000 0.637045 -0.052851
v 0.150000 0.638691 -0.052366
v 0.150000 0.640325 -0.051892
v 0.150000 0.641949 -0.051431
v 0.150000 0.643561 -0.050982
v 0.150000 0.645162 -0.050545
v 0.150000 0.646752 -0.050120
v 0.150000 0.648331 -0.049707
v 0.150000 0.649898 -0.049305
v 0.150000 0.651455 -0.048916
v 0.150000 0.653000 -0.048539
v 0.150000 0.654534 -0.048174
v 0.150000 0.656057 -0.047820
v 0.150000 0.657569 -0.047479
v 0.150000 0.659070 -0.047149
v 0.150000 0.660560 -0.046832
v 0.150000 0.662038 -0.046527
v 0.150000 0.663505 -0.046233
v 0.150000 0.664962 -0.045952
v 0.150000 0.666407 -0.045682
v 0.150000 0.667841 -0.045425
v 0.150000 0.669263 -0.045179
v 0.150000 0.670675 -0.044946
v 0.150000 0.672076 -0.044724
v 0.150000 0.673465 -0.044514
v 0.150000 0.674843 -0.044317
v 0.150000 0.676210 -0.044131
v 0.150000 0.677566 -0.043958
v 0.150000 0.678911 -0.043796
v 0.150000 0.680245 -0.043646
v 0.150000 0.681567 -0.043508
v 0.150000 0.682878 -0.043383
v 0.150000 0.684179 -0.043269
v 0.150000 0.685468 -0.043167
v 0.150000 0.686746 -0.043077
v 0.150000 0.688012 -0.042999
v 0.150000 0.689268 -0.042933
v 0.150000 0.690513 -0.042880
v 0.150000 0.691746 -0.042838
v 0.150000 0.692968 -0.042808
v 0.150000 0.694179 -0.042790
v 0.150000 0.756988 0.019395
v -0.150000 0.756988 0.019395
v 0.150000 0.756988 0.018542
v -0.150000 0.756988 0.018542
v 0.150000 0.756986 0.017693
v -0.150000 0.756986 0.017693
v 0.150000 0.756983 0.016850
v -0.150000 0.756983 0.016850
v 0.150000 0.756979 0.016011
v -0.150000 0.756979 0.016011
v 0.150000 0.756974 0.015176
v -0.150000 0.756974 0.015176
v 0.150000 0.756968 0.014347
v -0.150000 0.756968 0.014347
v 0.150000 0.756961 0.013522
v -0.150000 0.756961 0.013522
v 0.150000 0.756952 0.012701
v -0.150000 0.756952 0.012701
v 0.150000 0.756943 0.011886
v -0.150000 0.756943 0.011886
v 0.150000 0.756932 0.011075
v -0.150000 0.756932 0.011075
v 0.150000 0.756921 0.010269
v -0.150000 0.756921 0.010269
v 0.150000 0.756908 0.009468
v -0.150000 0.756908 0.009468
v 0.150000 0.756894 0.008672
v -0.150000 0.756894 0.008672
v 0.150000 0.756879 0.007880
v -0.150000 0.756879 0.007880
v 0.150000 0.756863 0.007093
v -0.150000 0.756863 0.007093
v 0.150000 0.756845 0.006311
v -0.150000 0.756845 0.006311
v 0.150000 0.756827 0.005533
v -0.150000 0.756827 0.005533
v 0.150000 0.756808 0.004760
v -0.150000 0.756808 0.004760
v 0.150000 0.756787 0.003992
v -0.150000 0.756787 0.003992
v 0.150000 0.756765 0.003229
v -0.150000 0.756765 0.003229
v 0.150000 0.756742 0.002470
v -0.150000 0.756742 0.002470
v 0.150000 0.756718 0.001716
v -0.150000 0.756718 0.001716
v 0.150000 0.756693 0.000967
v -0.150000 0.756693 0.000967
v 0.150000 0.756667 0.000223
v -0.150000 0.756667 0.000223
v 0.150000 0.756640 -0.000517
v -0.150000 0.756640 -0.000517
v 0.150000 0.756611 -0.001252
v -0.150000 0.756611 -0.001252
v 0.150000 0.756582 -0.001982
v -0.150000 0.756582 -0.001982
v 0.150000 0.756551 -0.002707
v -0.150000 0.756551 -0.002707
v 0.150000 0.756519 -0.003428
v -0.150000 0.756519 -0.003428
v 0.150000 0.756487 -0.004144
v -0.150000 0.756487 -0.004144
v 0.150000 0.756453 -0.004855
v -0.150000 0.756453 -0.004855
v 0.150000 0.756418 -0.005562
v -0.150000 0.756418 -0.005562
v 0.150000 0.756381 -0.006264
v -0.150000 0.756381 -0.006264
v 0.150000 0.756344 -0.006961
v -0.150000 0.756344 -0.006961
v 0.150000 0.756306 -0.007653
v -0.150000 0.756306 -0.007653
v 0.150000 0.756266 -0.008341
v -0.150000 0.756266 -0.008341
v 0.150000 0.756225 -0.009023
v -0.150000 0.756225 -0.009023
v 0.150000 0.756184 -0.009702
v -0.150000 0.756184 -0.009702
v 0.150000 0.756141 -0.010375
v -0.150000 0.756141 -0.010375
v 0.150000 0.756097 -0.011044
v -0.150000 0.756097 -0.011044
v 0.150000 0.756052 -0.011707
v -0.150000 0.756052 -0.011707
v 0.150000 0.756005 -0.012367
v -0.150000 0.756005 -0.012367
v 0.150000 0.755958 -0.013021
v -0.150000 0.755958 -0.013021
v 0.150000 0.755910 -0.013671
v -0.150000 0.755910 -0.013671
v 0.150000 0.755860 -0.014316
v -0.150000 0.755860 -0.014316
v 0.150000 0.755809 -0.014956
v -0.150000 0.755809 -0.014956
v 0.150000 0.755757 -0.015591
v -0.150000 0.755757 -0.015591
v 0.150000 0.755704 -0.016222
v -0.150000 0.755704 -0.016222
v 0.150000 0.755650 -0.016848
v -0.150000 0.755650 -0.016848
v 0.150000 0.755595 -0.017470
v -0.150000 0.755595 -0.017469
v 0.150000 0.755539 -0.018086
v -0.150000 0.755539 -0.018086
v 0.150000 0.755482 -0.018698
v -0.150000 0.755482 -0.018698
v 0.150000 0.755423 -0.019305
v -0.150000 0.755423 -0.019305
v 0.150000 0.755364 -0.019907
v -0.150000 0.755364 -0.019907
v 0.150000 0.755303 -0.020505
v -0.150000 0.755303 -0.020505
v 0.150000 0.755241 -0.021098
v -0.150000 0.755241 -0.021098
v 0.150000 0.755178 -0.021686
v -0.150000 0.755178 -0.021686
v 0.150000 0.755114 -0.022269
v -0.150000 0.755114 -0.022269
v 0.150000 0.755049 -0.022848
v -0.150000 0.755049 -0.022848
v 0.150000 0.754983 -0.023422
v -0.150000 0.754983 -0.023422
v 0.150000 0.754915 -0.023991
v -0.150000 0.754915 -0.023991
v 0.150000 0.754847 -0.024556
v -0.150000 0.754847 -0.024556
v 0.150000 0.754777 -0.025115
v -0.150000 0.754777 -0.025115
v 0.150000 0.754706 -0.025670
v -0.150000 0.754706 -0.025670
v 0.150000 0.753209 -0.024326
v -0.150000 0.753209 -0.024326
v 0.150000 0.751711 -0.023003
v -0.150000 0.751711 -0.023003
v 0.150000 0.750214 -0.021701
v -0.150000 0.750214 -0.021701
v 0.150000 0.748716 -0.020420
v -0.150000 0.748716 -0.020420
v 0.150000 0.747219 -0.019161
v -0.150000 0.747219 -0.019161
v 0.150000 0.745722 -0.017922
v -0.150000 0.745722 -0.017922
v 0.150000 0.744224 -0.016705
v -0.150000 0.744224 -0.016705
v 0.150000 0.742727 -0.015509
v -0.150000 0.742727 -0.015509
v 0.150000 0.741229 -0.014334
v -0.150000 0.741229 -0.014334
v 0.150000 0.739732 -0.013181
v -0.150000 0.739732 -0.013181
v 0.150000 0.738234 -0.012048
v -0.150000 0.738234 -0.012048
v 0.150000 0.736737 -0.010937
v -0.150000 0.736737 -0.010937
v 0.150000 0.735239 -0.009846
v -0.150000 0.735239 -0.009846
v 0.150000 0.733742 -0.008777
v -0.150000 0.733742 -0.008777
v 0.150000 0.732245 -0.007730
v -0.150000 0.732245 -0.007729
v 0.150000 0.730747 -0.006703
v -0.150000 0.730747 -0.006703
v 0.150000 0.729250 -0.005697
v -0.150000 0.729250 -0.005697
v 0.150000 0.727752 -0.004713
v -0.150000 0.727752 -0.004713
v 0.150000 0.726255 -0.003750
v -0.150000 0.726255 -0.003750
v 0.150000 0.724757 -0.002808
v -0.150000 0.724757 -0.002808
v 0.150000 0.723260 -0.001887
v -0.150000 0.723260 -0.001887
v 0.150000 0.721762 -0.000987
v -0.150000 0.721762 -0.000987
v 0.150000 0.720265 -0.000109
v -0.150000 0.720265 -0.000109
v 0.150000 0.718768 0.000749
v -0.150000 0.718768 0.000749
v 0.150000 0.717270 0.001585
v -0.150000 0.717270 0.001585
v 0.150000 0.715773 0.002400
v -0.150000 0.715773 0.002400
v 0.150000 0.714275 0.003194
v -0.150000 0.714275 0.003194
v 0.150000 0.712778 0.003966
v -0.150000 0.712778 0.003966
v 0.150000 0.711280 0.004718
v -0.150000 0.711280 0.004718
v 0.150000 0.709783 0.005448
v -0.150000 0.709783 0.005448
v 0.150000 0.708285 0.006157
v -0.150000 0.708285 0.006157
v 0.150000 0.706788 0.006845
v -0.150000 0.706788 0.006845
v 0.150000 0.705290 0.007512
v -0.150000 0.705290 0.007512
v 0.150000 0.703793 0.008158
v -0.150000 0.703793 0.008158
v 0.150000 0.702296 0.008782
v -0.150000 0.702296 0.008782
v 0.150000 0.700798 0.009386
v -0.150000 0.700798 0.009386
v 0.150000 0.699301 0.009968
v -0.150000 0.699301 0.009968
v 0.150000 0.697803 0.010529
v -0.150000 0.697803 0.010529
v 0.150000 0.696306 0.011069
v -0.150000 0.696306 0.011069
v 0.150000 0.694808 0.011587
v -0.150000 0.694808 0.011587
v 0.150000 0.693311 0.012085
v -0.150000 0.693311 0.012085
v 0.150000 0.691813 0.012561
v -0.150000 0.691813 0.012561
v 0.150000 0.690316 0.013016
v -0.150000 0.690316 0.013016
v 0.150000 0.688819 0.013450
v -0.150000 0.688819 0.013450
v 0.150000 0.687321 0.013863
v -0.150000 0.687321 0.013863
v 0.150000 0.685824 0.014255
v -0.150000 0.685824 0.014255
v 0.150000 0.684326 0.014625
v -0.150000 0.684326 0.014625
v 0.150000 0.682829 0.014974
v -0.150000 0.682829 0.014974
v 0.150000 0.681331 0.015302
v -0.150000 0.681331 0.015302
v 0.150000 0.679834 0.015609
v -0.150000 0.679834 0.015609
v 0.150000 0.678336 0.015895
v -0.150000 0.678336 0.015895
v 0.150000 0.676839 0.016160
v -0.150000 0.676839 0.016160
v 0.150000 0.675342 0.016403
v -0.150000 0.675342 0.016403
v 0.150000 0.673844 0.016625
v -0.150000 0.673844 0.016625
v 0.150000 0.672347 0.016827
v -0.150000 0.672347 0.016827
v 0.150000 0.670849 0.017007
v -0.150000 0.670849 0.017007
v 0.150000 0.669352 0.017165
v -0.150000 0.669352 0.017165
v 0.150000 0.667854 0.017303
v -0.150000 0.667854 0.017303
v 0.150000 0.666357 0.017419
v -0.150000 0.666357 0.017419
v 0.150000 0.664859 0.017515
v -0.150000 0.664859 0.017515
v 0.150000 0.663362 0.017589
v -0.150000 0.663362 0.017589
v 0.150000 0.661865 0.017642
v -0.150000 0.661865 0.017642
v 0.150000 0.660367 0.017673
v -0.150000 0.660367 0.017673
v 0.150000 0.658871 0.017684
v -0.150000 0.658871 0.017684
v 0.150000 0.657472 0.017678
v -0.150000 0.657472 0.017678
v 0.150000 0.656056 0.017659
v -0.150000 0.656056 0.017659
v 0.150000 0.654623 0.017628
v -0.150000 0.654623 0.017628
v 0.150000 0.653173 0.017584
v -0.150000 0.653173 0.017584
v 0.150000 0.651706 0.017527
v -0.150000 0.651706 0.017527
v 0.150000 0.650222 0.017458
v -0.150000 0.650222 0.017458
v 0.150000 0.648721 0.017377
v -0.150000 0.648721 0.017377
v 0.150000 0.647203 0.017283
v -0.150000 0.647203 0.017283
v 0.150000 0.645668 0.017176
v -0.150000 0.645668 0.017176
v 0.150000 0.644116 0.017057
v -0.150000 0.644116 0.017057
v 0.150000 0.642547 0.016926
v -0.150000 0.642547 0.016926
v 0.150000 0.640962 0.016782
v -0.150000 0.640962 0.016782
v 0.150000 0.639359 0.016625
v -0.150000 0.639359 0.016625
v 0.150000 0.637739 0.016456
v -0.150000 0.637739 0.016456
v 0.150000 0.636102 0.016274
v -0.150000 0.636102 0.016274
v 0.150000 0.634448 0.016080
v -0.150000 0.634448 0.016080
v 0.150000 0.632777 0.015873
v -0.150000 0.632777 0.015873
v 0.150000 0.631089 0.015653
v -0.150000 0.631089 0.015653
v 0.150000 0.629385 0.015422
v -0.150000 0.629385 0.015422
v 0.150000 0.627663 0.015177
v -0.150000 0.627663 0.015177
v 0.150000 0.625924 0.014920
v -0.150000 0.625924 0.014920
v 0.150000 0.624168 0.014651
v -0.150000 0.624168 0.014651
v 0.150000 0.622396 0.014369
v -0.150000 0.622396 0.014369
v 0.150000 0.620606 0.014074
v -0.150000 0.620606 0.014074
v 0.150000 0.618799 0.013767
v -0.150000 0.618799 0.013767
v 0.150000 0.616975 0.013447
v -0.150000 0.616975 0.013447
v 0.150000 0.615135 0.013115
v -0.150000 0.615135 0.013115
v 0.150000 0.613277 0.012771
v -0.150000 0.613277 0.012771
v 0.150000 0.611402 0.012413
v -0.150000 0.611402 0.012413
v 0.150000 0.609510 0.012044
v -0.150000 0.609510 0.012044
v 0.150000 0.607602 0.011661
v -0.150000 0.607602 0.011661
v 0.150000 0.605676 0.011266
v -0.150000 0.605676 0.011266
v 0.150000 0.603733 0.010859
v -0.150000 0.603733 0.010859
v 0.150000 0.601774 0.010439
v -0.150000 0.601774 0.010439
v 0.150000 0.599797 0.010007
v -0.150000 0.599797 0.010007
v 0.150000 0.597803 0.009562
v -0.150000 0.597803 0.009562
v 0.150000 0.595793 0.009104
v -0.150000 0.595793 0.009104
v 0.150000 0.593765 0.008634
v -0.150000 0.593765 0.008634
v 0.150000 0.591720 0.008152
v -0.150000 0.591720 0.008152
v 0.150000 0.589659 0.007657
v -0.150000 0.589659 0.007657
v 0.150000 0.587580 0.007149
v -0.150000 0.587580 0.007149
v 0.150000 0.585485 0.006629
v -0.150000 0.585485 0.006629
v 0.150000 0.583372 0.006096
v -0.150000 0.583372 0.006096
v 0.150000 0.581243 0.005551
v -0.150000 0.581243 0.005551
v 0.150000 0.579096 0.004993
v -0.150000 0.579096 0.004993
v 0.150000 0.576932 0.004423
v -0.150000 0.576932 0.004423
v 0.150000 0.574752 0.003840
v -0.150000 0.574752 0.003840
v 0.150000 0.572554 0.003244
v -0.150000 0.572554 0.003244
v 0.150000 0.570340 0.002637
v -0.150000 0.570340 0.002637
v 0.150000 0.568108 0.002016
v -0.150000 0.568108 0.002016
v 0.150000 0.565860 0.001383
v -0.150000 0.565860 0.001383
v 0.150000 0.563594 0.000738
v -0.150000 0.563594 0.000738
v 0.150000 0.561312 0.000080
v -0.150000 0.561312 0.000080
v 0.150000 0.559012 -0.000591
v -0.150000 0.559012 -0.000591
v 0.150000 0.556696 -0.001274
v -0.150000 0.556696 -0.001274
v 0.150000 0.554362 -0.001970
v -0.150000 0.554362 -0.001970
v 0.150000 0.552012 -0.002678
v -0.150000 0.552012 -0.002678
v 0.150000 0.549644 -0.003399
v -0.150000 0.549644 -0.003399
v 0.150000 0.547260 -0.004132
v -0.150000 0.547260 -0.004132
v 0.150000 0.544858 -0.004878
v -0.150000 0.544858 -0.004878
v 0.150000 0.542440 -0.005636
v -0.150000 0.542440 -0.005636
v 0.150000 0.540005 -0.006407
v -0.150000 0.540005 -0.006407
v 0.150000 0.537552 -0.007190
v -0.150000 0.537552 -0.007190
v 0.150000 0.535083 -0.007986
v -0.150000 0.535083 -0.007986
v 0.150000 0.532322 -0.008847
v -0.150000 0.532322 -0.008847
v 0.150000 0.529565 -0.009716
v -0.150000 0.529565 -0.009716
v 0.150000 0.526812 -0.010595
v -0.150000 0.526812 -0.010595
v 0.150000 0.524064 -0.011483
v -0.150000 0.524064 -0.011483
v 0.150000 0.521319 -0.012380
v -0.150000 0.521319 -0.012380
v 0.150000 0.518579 -0.013286
v -0.150000 0.518579 -0.013286
v 0.150000 0.515843 -0.014201
v -0.150000 0.515843 -0.014201
v 0.150000 0.513112 -0.015126
v -0.150000 0.513112 -0.015126
v 0.150000 0.510384 -0.016060
v -0.150000 0.510384 -0.016060
v 0.150000 0.507660 -0.017003
v -0.150000 0.507660 -0.017003
v 0.150000 0.504941 -0.017955
v -0.150000 0.504941 -0.017955
v 0.150000 0.502226 -0.018916
v -0.150000 0.502226 -0.018916
v 0.150000 0.499515 -0.019887
v -0.150000 0.499515 -0.019887
v 0.150000 0.496809 -0.020867
v -0.150000 0.496809 -0.020867
v 0.150000 0.494106 -0.021856
v -0.150000 0.494106 -0.021856
v 0.150000 0.491408 -0.022854
v -0.150000 0.491408 -0.022854
v 0.150000 0.488713 -0.023861
v -0.150000 0.488713 -0.023861
v 0.150000 0.486023 -0.024878
v -0.150000 0.486023 -0.024878
v 0.150000 0.483338 -0.025903
v -0.150000 0.483338 -0.025903
v 0.150000 0.480656 -0.026938
v -0.150000 0.480656 -0.026938
v 0.150000 0.477979 -0.027982
v -0.150000 0.477979 -0.027982
v 0.150000 0.475305 -0.029036
v -0.150000 0.475305 -0.029036
v 0.150000 0.472636 -0.030098
v -0.150000 0.472636 -0.030098
v 0.150000 0.469971 -0.031170
v -0.150000 0.469971 -0.031170
v 0.150000 0.467310 -0.032251
v -0.150000 0.467310 -0.032251
v 0.150000 0.464654 -0.033341
v -0.150000 0.464654 -0.033341
v 0.150000 0.462001 -0.034440
v -0.150000 0.462001 -0.034440
v 0.150000 0.459353 -0.035548
v -0.150000 0.459353 -0.035548
v 0.150000 0.456709 -0.036666
v -0.150000 0.456709 -0.036666
v 0.150000 0.454069 -0.037793
v -0.150000 0.454069 -0.037793
v 0.150000 0.451434 -0.038929
v -0.150000 0.451434 -0.038929
v 0.150000 0.448802 -0.040074
v -0.150000 0.448802 -0.040074
v 0.150000 0.446175 -0.041229
v -0.150000 0.446175 -0.041229
v 0.150000 0.443552 -0.042392
v -0.150000 0.443552 -0.042392
v 0.150000 0.440933 -0.043565
v -0.150000 0.440933 -0.043565
v 0.150000 0.438318 -0.044747
v -0.150000 0.438318 -0.044747
v 0.150000 0.435707 -0.045938
v -0.150000 0.435707 -0.045938
v 0.150000 0.433101 -0.047139
v -0.150000 0.433101 -0.047139
v 0.150000 0.430499 -0.048348
v -0.150000 0.430499 -0.048348
v 0.150000 0.427900 -0.049567
v -0.150000 0.427900 -0.049567
v 0.150000 0.425307 -0.050795
v -0.150000 0.425307 -0.050795
v 0.150000 0.422717 -0.052032
v -0.150000 0.422717 -0.052032
v 0.150000 0.420131 -0.053278
v -0.150000 0.420131 -0.053278
v 0.150000 0.417550 -0.054534
v -0.150000 0.417550 -0.054534
v 0.150000 0.414973 -0.055798
v -0.150000 0.414973 -0.055798
v 0.150000 0.412400 -0.057072
v -0.150000 0.412400 -0.057072
v 0.150000 0.409831 -0.058355
v -0.150000 0.409831 -0.058355
v 0.150000 0.407266 -0.059648
v -0.150000 0.407266 -0.059648
v 0.150000 0.404706 -0.060949
v -0.150000 0.404706 -0.060949
v 0.150000 0.402149 -0.062260
v -0.150000 0.402149 -0.062260
v 0.150000 0.399597 -0.063580
v -0.150000 0.399597 -0.063580
v 0.150000 0.397049 -0.064909
v -0.150000 0.397049 -0.064909
v 0.150000 0.394506 -0.066247
v -0.150000 0.394506 -0.066247
v 0.150000 0.391966 -0.067595
v -0.150000 0.391966 -0.067595
v 0.150000 0.389431 -0.068951
v -0.150000 0.389431 -0.068951
v 0.150000 0.386899 -0.070317
v -0.150000 0.386899 -0.070317
v 0.150000 0.384372 -0.071692
v -0.150000 0.384372 -0.071692
v 0.150000 0.381849 -0.073076
v -0.150000 0.381849 -0.073076
v 0.150000 0.379331 -0.074470
v -0.150000 0.379331 -0.074470
v 0.150000 0.376816 -0.075872
v -0.150000 0.376816 -0.075872
v 0.150000 0.374306 -0.077284
v -0.150000 0.374306 -0.077284
v 0.150000 0.371800 -0.078705
v -0.150000 0.371800 -0.078705
v 0.150000 0.369298 -0.080135
v -0.150000 0.369298 -0.080135
v 0.150000 0.366800 -0.081574
v -0.150000 0.366800 -0.081574
v 0.150000 0.362628 -0.083817
v -0.150000 0.362628 -0.083817
v 0.150000 0.358493 -0.086053
v -0.150000 0.358493 -0.086053
v 0.150000 0.354392 -0.088283
v -0.150000 0.354392 -0.088283
v 0.150000 0.350328 -0.090506
v -0.150000 0.350328 -0.090506
v 0.150000 0.346299 -0.092722
v -0.150000 0.346299 -0.092722
v 0.150000 0.342306 -0.094931
v -0.150000 0.342306 -0.094931
v 0.150000 0.338349 -0.097134
v -0.150000 0.338349 -0.097134
v 0.150000 0.334427 -0.099330
v -0.150000 0.334427 -0.099330
v 0.150000 0.330541 -0.101519
v -0.150000 0.330541 -0.101519
v 0.150000 0.326690 -0.103702
v -0.150000 0.326690 -0.103702
v 0.150000 0.322875 -0.105878
v -0.150000 0.322875 -0.105878
v 0.150000 0.319096 -0.108047
v -0.150000 0.319096 -0.108047
v 0.150000 0.315352 -0.110210
v -0.150000 0.315352 -0.110210
v 0.150000 0.311644 -0.112365
v -0.150000 0.311644 -0.112365
v 0.150000 0.307972 -0.114515
v -0.150000 0.307972 -0.114515
v 0.150000 0.304335 -0.116657
v -0.150000 0.304335 -0.116657
v 0.150000 0.300734 -0.118793
v -0.150000 0.300734 -0.118793
v 0.150000 0.297169 -0.120922
v -0.150000 0.297169 -0.120922
v 0.150000 0.293639 -0.123045
v -0.150000 0.293639 -0.123045
v 0.150000 0.290145 -0.125160
v -0.150000 0.290145 -0.125160
v 0.150000 0.286687 -0.127270
v -0.150000 0.286687 -0.127270
v 0.150000 0.283264 -0.129372
v -0.150000 0.283264 -0.129372
v 0.150000 0.279877 -0.131468
v -0.150000 0.279877 -0.131468
v 0.150000 0.276526 -0.133557
v -0.150000 0.276526 -0.133557
v 0.150000 0.273210 -0.135639
v -0.150000 0.273210 -0.135639
v 0.150000 0.269930 -0.137715
v -0.150000 0.269930 -0.137715
v 0.150000 0.266686 -0.139784
v -0.150000 0.266686 -0.139784
v 0.150000 0.263477 -0.141846
v -0.150000 0.263477 -0.141846
v 0.150000 0.260304 -0.143902
v -0.150000 0.260304 -0.143902
v 0.150000 0.257166 -0.145951
v -0.150000 0.257166 -0.145951
v 0.150000 0.254064 -0.147993
v -0.150000 0.254064 -0.147993
v 0.150000 0.250998 -0.150029
v -0.150000 0.250998 -0.150029
v 0.150000 0.247968 -0.152057
v -0.150000 0.247968 -0.152057
v 0.150000 0.244973 -0.154080
v -0.150000 0.244973 -0.154080
v 0.150000 0.242014 -0.156095
v -0.150000 0.242014 -0.156095
v 0.150000 0.239090 -0.158104
v -0.150000 0.239090 -0.158104
v 0.150000 0.236202 -0.160106
v -0.150000 0.236202 -0.160106
v 0.150000 0.233350 -0.162102
v -0.150000 0.233350 -0.162102
v 0.150000 0.230533 -0.164090
v -0.150000 0.230533 -0.164090
v 0.150000 0.227752 -0.166072
v -0.150000 0.227752 -0.166072
v 0.150000 0.225007 -0.168048
v -0.150000 0.225007 -0.168048
v 0.150000 0.222297 -0.170017
v -0.150000 0.222297 -0.170017
v 0.150000 0.219623 -0.171979
v -0.150000 0.219623 -0.171979
v 0.150000 0.216985 -0.173934
v -0.150000 0.216985 -0.173934
v 0.150000 0.214382 -0.175883
v -0.150000 0.214382 -0.175883
v 0.150000 0.211815 -0.177825
v -0.150000 0.211815 -0.177825
v 0.150000 0.209284 -0.179760
v -0.150000 0.209284 -0.179760
v 0.150000 0.206788 -0.181689
v -0.150000 0.206788 -0.181689
v 0.150000 0.204328 -0.183610
v -0.150000 0.204328 -0.183610
v 0.150000 0.201904 -0.185526
v -0.150000 0.201904 -0.185526
v 0.150000 0.199515 -0.187434
v -0.150000 0.199515 -0.187434
v 0.150000 0.197162 -0.189336
v -0.150000 0.197162 -0.189336
v 0.150000 0.194844 -0.191231
v -0.150000 0.194844 -0.191231
v 0.150000 0.192563 -0.193120
v -0.150000 0.192563 -0.193120
v 0.150000 0.190316 -0.195002
v -0.150000 0.190316 -0.195002
v 0.150000 0.188106 -0.196877
v -0.150000 0.188106 -0.196877
v 0.150000 0.185931 -0.198745
v -0.150000 0.185931 -0.198745
v 0.150000 0.183792 -0.200607
v -0.150000 0.183792 -0.200607
v 0.150000 0.181688 -0.202462
v -0.150000 0.181688 -0.202462
v 0.150000 0.179621 -0.204310
v -0.150000 0.179621 -0.204310
v 0.150000 0.177588 -0.206152
v -0.150000 0.177588 -0.206152
v 0.150000 0.175592 -0.207987
v -0.150000 0.175592 -0.207987
v 0.150000 0.173631 -0.209816
v -0.150000 0.173631 -0.209816
v 0.150000 0.171706 -0.211637
v -0.150000 0.171706 -0.211637
v 0.150000 0.170220 -0.213012
v -0.150000 0.170220 -0.213012
v 0.150000 0.168758 -0.214391
v -0.150000 0.168758 -0.214391
v 0.150000 0.167319 -0.215775
v -0.150000 0.167319 -0.215775
v 0.150000 0.165903 -0.217163
v -0.150000 0.165903 -0.217163
v 0.150000 0.164511 -0.218556
v -0.150000 0.164511 -0.218556
v 0.150000 0.163142 -0.219953
v -0.150000 0.163142 -0.219953
v 0.150000 0.161797 -0.221355
v -0.150000 0.161797 -0.221355
v 0.150000 0.160475 -0.222761
v -0.150000 0.160475 -0.222761
v 0.150000 0.159176 -0.224172
v -0.150000 0.159176 -0.224172
v 0.150000 0.157901 -0.225587
v -0.150000 0.157901 -0.225587
v 0.150000 0.156649 -0.227006
v -0.150000 0.156649 -0.227006
v 0.150000 0.155421 -0.228430
v -0.150000 0.155421 -0.228430
v 0.150000 0.154216 -0.229858
v -0.150000 0.154216 -0.229858
v 0.150000 0.153035 -0.231291
v -0.150000 0.153035 -0.231291
v 0.150000 0.151876 -0.232728
v -0.150000 0.151876 -0.232728
v 0.150000 0.150742 -0.234170
v -0.150000 0.150742 -0.234170
v 0.150000 0.149630 -0.235616
v -0.150000 0.149630 -0.235616
v 0.150000 0.148542 -0.237067
v -0.150000 0.148542 -0.237067
v 0.150000 0.147478 -0.238522
v -0.150000 0.147478 -0.238522
v 0.150000 0.146436 -0.239981
v -0.150000 0.146436 -0.239981
v 0.150000 0.145419 -0.241445
v -0.150000 0.145419 -0.241445
v 0.150000 0.144424 -0.242914
v -0.150000 0.144424 -0.242914
v 0.150000 0.143453 -0.244387
v -0.150000 0.143453 -0.244387
v 0.150000 0.142506 -0.245864
v -0.150000 0.142506 -0.245864
v 0.150000 0.141582 -0.247346
v -0.150000 0.141582 -0.247346
v 0.150000 0.140681 -0.248832
v -0.150000 0.140681 -0.248832
v 0.150000 0.139803 -0.250323
v -0.150000 0.139803 -0.250323
v 0.150000 0.138949 -0.251818
v -0.150000 0.138949 -0.251818
v 0.150000 0.138119 -0.253318
v -0.150000 0.138119 -0.253318
v 0.150000 0.137311 -0.254822
v -0.150000 0.137311 -0.254822
v 0.150000 0.136528 -0.256331
v -0.150000 0.136528 -0.256331
v 0.150000 0.135767 -0.257844
v -0.150000 0.135767 -0.257844
v 0.150000 0.135030 -0.259361
v -0.150000 0.135030 -0.259361
v 0.150000 0.134317 -0.260883
v -0.150000 0.134317 -0.260883
v 0.150000 0.133626 -0.262409
v -0.150000 0.133626 -0.262409
v 0.150000 0.132960 -0.263940
v -0.150000 0.132960 -0.263940
v 0.150000 0.132316 -0.265476
v -0.150000 0.132316 -0.265476
v 0.150000 0.131696 -0.267015
v -0.150000 0.131696 -0.267015
v 0.150000 0.131099 -0.268560
v -0.150000 0.131099 -0.268560
v 0.150000 0.130526 -0.270108
v -0.150000 0.130526 -0.270108
v 0.150000 0.129976 -0.271661
v -0.150000 0.129976 -0.271661
v 0.150000 0.129450 -0.273219
v -0.150000 0.129450 -0.273219
v 0.150000 0.128947 -0.274781
v -0.150000 0.128947 -0.274781
v 0.150000 0.128467 -0.276348
v -0.150000 0.128467 -0.276348
v 0.150000 0.128011 -0.277919
v -0.150000 0.128011 -0.277919
v 0.150000 0.127578 -0.279494
v -0.150000 0.127578 -0.279494
v 0.150000 0.127169 -0.281074
v -0.150000 0.127169 -0.281074
v 0.150000 0.126783 -0.282658
v -0.150000 0.126783 -0.282658
v 0.150000 0.126420 -0.284247
v -0.150000 0.126420 -0.284247
v 0.150000 0.126081 -0.285840
v -0.150000 0.126081 -0.285840
v 0.150000 0.125765 -0.287438
v -0.150000 0.125765 -0.287438
v 0.150000 0.125472 -0.289040
v -0.150000 0.125472 -0.289040
v 0.150000 0.125203 -0.290647
v -0.150000 0.125203 -0.290647
v 0.150000 0.124958 -0.292258
v -0.150000 0.124958 -0.292258
v 0.150000 0.124735 -0.293873
v -0.150000 0.124735 -0.293873
v 0.150000 0.124537 -0.295493
v -0.150000 0.124537 -0.295493
v 0.150000 0.124361 -0.297118
v -0.150000 0.124361 -0.297118
v 0.150000 0.124209 -0.298747
v -0.150000 0.124209 -0.298747
v 0.150000 0.124080 -0.300380
v -0.150000 0.124080 -0.300380
v 0.150000 0.123975 -0.302018
v -0.150000 0.123975 -0.302018
v 0.150000 0.123893 -0.303660
v -0.150000 0.123893 -0.303660
v 0.150000 0.123835 -0.305307
v -0.150000 0.123835 -0.305307
v 0.150000 0.123799 -0.306958
v -0.150000 0.123799 -0.306958
v 0.150000 0.123788 -0.308614
v -0.150000 0.123788 -0.308614
v 0.150000 0.123799 -0.310162
v -0.150000 0.123799 -0.310162
v 0.150000 0.123832 -0.311705
v -0.150000 0.123832 -0.311705
v 0.150000 0.123888 -0.313243
v -0.150000 0.123888 -0.313243
v 0.150000 0.123966 -0.314775
v -0.150000 0.123966 -0.314775
v 0.150000 0.124066 -0.316302
v -0.150000 0.124066 -0.316302
v 0.150000 0.124189 -0.317824
v -0.150000 0.124189 -0.317824
v 0.150000 0.124334 -0.319341
v -0.150000 0.124334 -0.319341
v 0.150000 0.124501 -0.320852
v -0.150000 0.124501 -0.320852
v 0.150000 0.124690 -0.322358
v -0.150000 0.124690 -0.322358
v 0.150000 0.124902 -0.323858
v -0.150000 0.124902 -0.323858
v 0.150000 0.125136 -0.325354
v -0.150000 0.125136 -0.325354
v 0.150000 0.125392 -0.326844
v -0.150000 0.125392 -0.326844
v 0.150000 0.125671 -0.328328
v -0.150000 0.125671 -0.328328
v 0.150000 0.125972 -0.329808
v -0.150000 0.125972 -0.329808
v 0.150000 0.126295 -0.331282
v -0.150000 0.126295 -0.331282
v 0.150000 0.126640 -0.332751
v -0.150000 0.126640 -0.332751
v 0.150000 0.127008 -0.334215
v -0.150000 0.127008 -0.334215
v 0.150000 0.127398 -0.335673
v -0.150000 0.127398 -0.335673
v 0.150000 0.127810 -0.337126
v -0.150000 0.127810 -0.337126
v 0.150000 0.128244 -0.338574
v -0.150000 0.128244 -0.338574
v 0.150000 0.128701 -0.340016
v -0.150000 0.128701 -0.340016
v 0.150000 0.129180 -0.341453
v -0.150000 0.129180 -0.341453
v 0.150000 0.129682 -0.342885
v -0.150000 0.129682 -0.342885
v 0.150000 0.130205 -0.344312
v -0.150000 0.130205 -0.344312
v 0.150000 0.130751 -0.345733
v -0.150000 0.130751 -0.345733
v 0.150000 0.131320 -0.347149
v -0.150000 0.131320 -0.347149
v 0.150000 0.131910 -0.348559
v -0.150000 0.131910 -0.348559
v 0.150000 0.132523 -0.349965
v -0.150000 0.132523 -0.349965
v 0.150000 0.133158 -0.351365
v -0.150000 0.133158 -0.351365
v 0.150000 0.133815 -0.352760
v -0.150000 0.133815 -0.352760
v 0.150000 0.134495 -0.354149
v -0.150000 0.134495 -0.354149
v 0.150000 0.135197 -0.355533
v -0.150000 0.135197 -0.355533
v 0.150000 0.135921 -0.356912
v -0.150000 0.135921 -0.356912
v 0.150000 0.136668 -0.358286
v -0.150000 0.136668 -0.358286
v 0.150000 0.137436 -0.359654
v -0.150000 0.137436 -0.359654
v 0.150000 0.138227 -0.361017
v -0.150000 0.138227 -0.361017
v 0.150000 0.139041 -0.362375
v -0.150000 0.139041 -0.362375
v 0.150000 0.139876 -0.363728
v -0.150000 0.139876 -0.363728
v 0.150000 0.140734 -0.365075
v -0.150000 0.140734 -0.365075
v 0.150000 0.141614 -0.366417
v -0.150000 0.141614 -0.366417
v 0.150000 0.142517 -0.367753
v -0.150000 0.142517 -0.367753
v 0.150000 0.143442 -0.369084
v -0.150000 0.143442 -0.369084
v 0.150000 0.144389 -0.370410
v -0.150000 0.144389 -0.370410
v 0.150000 0.145358 -0.371731
v -0.150000 0.145358 -0.371731
v 0.150000 0.146350 -0.373047
v -0.150000 0.146350 -0.373047
v 0.150000 0.147363 -0.374357
v -0.150000 0.147363 -0.374357
v 0.150000 0.148400 -0.375661
v -0.150000 0.148400 -0.375661
v 0.150000 0.149458 -0.376961
v -0.150000 0.149458 -0.376961
v 0.150000 0.150539 -0.378255
v -0.150000 0.150539 -0.378255
v 0.150000 0.151642 -0.379544
v -0.150000 0.151642 -0.379544
v 0.150000 0.152767 -0.380828
v -0.150000 0.152767 -0.380828
v 0.150000 0.153915 -0.382106
v -0.150000 0.153915 -0.382106
v 0.150000 0.155085 -0.383379
v -0.150000 0.155085 -0.383379
v 0.150000 0.156277 -0.384647
v -0.150000 0.156277 -0.384647
v 0.150000 0.157491 -0.385910
v -0.150000 0.157491 -0.385910
v 0.150000 0.158728 -0.387167
v -0.150000 0.158728 -0.387167
v 0.150000 0.159987 -0.388419
v -0.150000 0.159987 -0.388419
v 0.150000 0.161268 -0.389665
v -0.150000 0.161268 -0.389665
v 0.150000 0.162572 -0.390907
v -0.150000 0.162572 -0.390907
v 0.150000 0.163898 -0.392143
v -0.150000 0.163898 -0.392143
v 0.150000 0.165246 -0.393373
v -0.150000 0.165246 -0.393373
v 0.150000 0.166616 -0.394599
v -0.150000 0.166616 -0.394599
v 0.150000 0.168009 -0.395819
v -0.150000 0.168009 -0.395819
v 0.150000 0.169424 -0.397034
v -0.150000 0.169424 -0.397034
v 0.150000 0.171669 -0.399032
v -0.150000 0.171669 -0.399032
v 0.150000 0.173949 -0.401000
v -0.150000 0.173949 -0.401000
v 0.150000 0.176263 -0.402935
v -0.150000 0.176263 -0.402935
v 0.150000 0.178611 -0.404840
v -0.150000 0.178611 -0.404840
v 0.150000 0.180994 -0.406712
v -0.150000 0.180994 -0.406712
v 0.150000 0.183410 -0.408554
v -0.150000 0.183410 -0.408554
v 0.150000 0.185861 -0.410363
v -0.150000 0.185861 -0.410363
v 0.150000 0.188347 -0.412142
v -0.150000 0.188347 -0.412142
v 0.150000 0.190866 -0.413889
v -0.150000 0.190866 -0.413889
v 0.150000 0.193420 -0.415604
v -0.150000 0.193420 -0.415604
v 0.150000 0.196008 -0.417288
v -0.150000 0.196008 -0.417288
v 0.150000 0.198630 -0.418940
v -0.150000 0.198630 -0.418940
v 0.150000 0.201287 -0.420561
v -0.150000 0.201287 -0.420561
v 0.150000 0.203978 -0.422151
v -0.150000 0.203978 -0.422151
v 0.150000 0.206703 -0.423709
v -0.150000 0.206703 -0.423709
v 0.150000 0.209462 -0.425235
v -0.150000 0.209462 -0.425235
v 0.150000 0.212256 -0.426730
v -0.150000 0.212256 -0.426730
v 0.150000 0.215084 -0.428194
v -0.150000 0.215084 -0.428194
v 0.150000 0.217946 -0.429626
v -0.150000 0.217946 -0.429626
v 0.150000 0.220842 -0.431027
v -0.150000 0.220842 -0.431027
v 0.150000 0.223773 -0.432396
v -0.150000 0.223773 -0.432396
v 0.150000 0.226738 -0.433734
v -0.150000 0.226738 -0.433734
v 0.150000 0.229737 -0.435040
v -0.150000 0.229737 -0.435040
v 0.150000 0.232771 -0.436315
v -0.150000 0.232771 -0.436315
v 0.150000 0.235838 -0.437558
v -0.150000 0.235838 -0.437558
v 0.150000 0.238940 -0.438770
v -0.150000 0.238940 -0.438770
v 0.150000 0.242077 -0.439950
v -0.150000 0.242077 -0.439950
v 0.150000 0.245247 -0.441099
v -0.150000 0.245247 -0.441099
v 0.150000 0.248452 -0.442216
v -0.150000 0.248452 -0.442216
v 0.150000 0.251691 -0.443302
v -0.150000 0.251691 -0.443302
v 0.150000 0.254964 -0.444356
v -0.150000 0.254964 -0.444356
v 0.150000 0.258272 -0.445379
v -0.150000 0.258272 -0.445379
v 0.150000 0.261613 -0.446371
v -0.150000 0.261613 -0.446371
v 0.150000 0.264989 -0.447331
v -0.150000 0.264989 -0.447331
v 0.150000 0.268400 -0.448259
v -0.150000 0.268400 -0.448259
v 0.150000 0.271844 -0.449156
v -0.150000 0.271844 -0.449156
v 0.150000 0.275323 -0.450022
v -0.150000 0.275323 -0.450022
v 0.150000 0.278836 -0.450856
v -0.150000 0.278836 -0.450856
v 0.150000 0.282384 -0.451659
v -0.150000 0.282384 -0.451659
v 0.150000 0.285965 -0.452430
v -0.150000 0.285965 -0.452430
v 0.150000 0.289581 -0.453169
v -0.150000 0.289581 -0.453169
v 0.150000 0.293231 -0.453878
v -0.150000 0.293231 -0.453878
v 0.150000 0.296916 -0.454554
v -0.150000 0.296916 -0.454554
v 0.150000 0.300634 -0.455200
v -0.150000 0.300634 -0.455200
v 0.150000 0.304387 -0.455813
v -0.150000 0.304387 -0.455813
v 0.150000 0.308174 -0.456396
v -0.150000 0.308174 -0.456396
v 0.150000 0.311996 -0.456946
v -0.150000 0.311996 -0.456946
v 0.150000 0.315851 -0.457466
v -0.150000 0.315851 -0.457466
v 0.150000 0.319741 -0.457954
v -0.150000 0.319741 -0.457954
v 0.150000 0.323666 -0.458410
v -0.150000 0.323666 -0.458410
v 0.150000 0.327624 -0.458835
v -0.150000 0.327624 -0.458835
v 0.150000 0.331617 -0.459228
v -0.150000 0.331617 -0.459228
v 0.150000 0.335644 -0.459590
v -0.150000 0.335644 -0.459590
v 0.150000 0.339705 -0.459921
v -0.150000 0.339705 -0.459921
v 0.150000 0.343801 -0.460220
v -0.150000 0.343801 -0.460220
v 0.150000 0.347930 -0.460487
v -0.150000 0.347930 -0.460487
v 0.150000 0.352095 -0.460723
v -0.150000 0.352095 -0.460723
v 0.150000 0.356293 -0.460928
v -0.150000 0.356293 -0.460928
v 0.150000 0.360525 -0.461101
v -0.150000 0.360525 -0.461101
v 0.150000 0.364792 -0.461243
v -0.150000 0.364792 -0.461243
v 0.150000 0.369093 -0.461353
v -0.150000 0.369093 -0.461353
v 0.150000 0.373429 -0.461432
v -0.150000 0.373429 -0.461432
v 0.150000 0.377798 -0.461479
v -0.150000 0.377798 -0.461479
v 0.150000 0.382202 -0.461495
v -0.150000 0.382202 -0.461495
v 0.150000 0.385123 -0.461482
v -0.150000 0.385123 -0.461482
v 0.150000 0.388040 -0.461446
v -0.150000 0.388040 -0.461446
v 0.150000 0.390951 -0.461384
v -0.150000 0.390951 -0.461384
v 0.150000 0.393858 -0.461298
v -0.150000 0.393858 -0.461298
v 0.150000 0.396761 -0.461188
v -0.150000 0.396761 -0.461188
v 0.150000 0.399658 -0.461053
v -0.150000 0.399658 -0.461053
v 0.150000 0.402551 -0.460894
v -0.150000 0.402551 -0.460894
v 0.150000 0.405439 -0.460710
v -0.150000 0.405439 -0.460710
v 0.150000 0.408322 -0.460502
v -0.150000 0.408322 -0.460502
v 0.150000 0.411201 -0.460269
v -0.150000 0.411201 -0.460269
v 0.150000 0.414075 -0.460012
v -0.150000 0.414075 -0.460012
v 0.150000 0.416944 -0.459730
v -0.150000 0.416944 -0.459730
v 0.150000 0.419808 -0.459423
v -0.150000 0.419808 -0.459423
v 0.150000 0.422668 -0.459092
v -0.150000 0.422668 -0.459092
v 0.150000 0.425523 -0.458737
v -0.150000 0.425523 -0.458737
v 0.150000 0.428373 -0.458357
v -0.150000 0.428373 -0.458357
v 0.150000 0.431218 -0.457953
v -0.150000 0.431218 -0.457953
v 0.150000 0.434059 -0.457524
v -0.150000 0.434059 -0.457524
v 0.150000 0.436895 -0.457070
v -0.150000 0.436895 -0.457070
v 0.150000 0.439726 -0.456592
v -0.150000 0.439726 -0.456592
v 0.150000 0.442553 -0.456090
v -0.150000 0.442553 -0.456090
v 0.150000 0.445374 -0.455563
v -0.150000 0.445374 -0.455563
v 0.150000 0.448191 -0.455011
v -0.150000 0.448191 -0.455011
v 0.150000 0.451004 -0.454435
v -0.150000 0.451004 -0.454435
v 0.150000 0.453811 -0.453835
v -0.150000 0.453811 -0.453835
v 0.150000 0.456614 -0.453210
v -0.150000 0.456614 -0.453210
v 0.150000 0.459412 -0.452560
v -0.150000 0.459412 -0.452560
v 0.150000 0.462205 -0.451886
v -0.150000 0.462205 -0.451886
v 0.150000 0.464994 -0.451187
v -0.150000 0.464994 -0.451187
v 0.150000 0.467778 -0.450464
v -0.150000 0.467778 -0.450464
v 0.150000 0.470557 -0.449717
v -0.150000 0.470557 -0.449717
v 0.150000 0.473331 -0.448945
v -0.150000 0.473331 -0.448945
v 0.150000 0.476101 -0.448148
v -0.150000 0.476101 -0.448148
v 0.150000 0.478866 -0.447327
v -0.150000 0.478866 -0.447327
v 0.150000 0.481626 -0.446481
v -0.150000 0.481626 -0.446481
v 0.150000 0.484382 -0.445611
v -0.150000 0.484382 -0.445611
v 0.150000 0.487132 -0.444716
v -0.150000 0.487132 -0.444716
v 0.150000 0.489878 -0.443797
v -0.150000 0.489878 -0.443797
v 0.150000 0.492620 -0.442854
v -0.150000 0.492620 -0.442854
v 0.150000 0.495356 -0.441885
v -0.150000 0.495356 -0.441885
v 0.150000 0.498088 -0.440893
v -0.150000 0.498088 -0.440893
v 0.150000 0.500815 -0.439875
v -0.150000 0.500815 -0.439875
v 0.150000 0.503537 -0.438834
v -0.150000 0.503537 -0.438834
v 0.150000 0.506255 -0.437767
v -0.150000 0.506255 -0.437767
v 0.150000 0.508968 -0.436677
v -0.150000 0.508968 -0.436677
v 0.150000 0.511676 -0.435561
v -0.150000 0.511676 -0.435561
v 0.150000 0.514379 -0.434422
v -0.150000 0.514379 -0.434422
v 0.150000 0.517078 -0.433257
v -0.150000 0.517078 -0.433257
v 0.150000 0.519772 -0.432068
v -0.150000 0.519772 -0.432068
v 0.150000 0.522461 -0.430855
v -0.150000 0.522461 -0.430855
v 0.150000 0.525146 -0.429617
v -0.150000 0.525146 -0.429617
v 0.150000 0.527825 -0.428355
v -0.150000 0.527825 -0.428355
v 0.150000 0.530500 -0.427068
v -0.150000 0.530500 -0.427068
v 0.150000 0.533170 -0.425757
v -0.150000 0.533170 -0.425757
v 0.150000 0.535836 -0.424421
v -0.150000 0.535836 -0.424421
v 0.150000 0.538497 -0.423060
v -0.150000 0.538497 -0.423060
v 0.150000 0.541153 -0.421676
v -0.150000 0.541153 -0.421676
v 0.150000 0.543804 -0.420266
v -0.150000 0.543804 -0.420266
v 0.150000 0.546451 -0.418832
v -0.150000 0.546451 -0.418832
v 0.150000 0.549092 -0.417374
v -0.150000 0.549092 -0.417374
v 0.150000 0.551730 -0.415891
v -0.150000 0.551730 -0.415891
v 0.150000 0.554362 -0.414383
v -0.150000 0.554362 -0.414383
v 0.150000 0.556989 -0.412851
v -0.150000 0.556989 -0.412851
v 0.150000 0.559612 -0.411295
v -0.150000 0.559612 -0.411295
v 0.150000 0.562688 -0.409537
v -0.150000 0.562688 -0.409537
v 0.150000 0.565747 -0.407756
v -0.150000 0.565747 -0.407756
v 0.150000 0.568790 -0.405952
v -0.150000 0.568790 -0.405952
v 0.150000 0.571817 -0.404126
v -0.150000 0.571817 -0.404126
v 0.150000 0.574827 -0.402278
v -0.150000 0.574827 -0.402278
v 0.150000 0.577820 -0.400407
v -0.150000 0.577820 -0.400407
v 0.150000 0.580797 -0.398513
v -0.150000 0.580797 -0.398513
v 0.150000 0.583758 -0.396597
v -0.150000 0.583758 -0.396597
v 0.150000 0.586702 -0.394658
v -0.150000 0.586702 -0.394658
v 0.150000 0.589630 -0.392697
v -0.150000 0.589630 -0.392697
v 0.150000 0.592542 -0.390713
v -0.150000 0.592542 -0.390713
v 0.150000 0.595437 -0.388706
v -0.150000 0.595437 -0.388706
v 0.150000 0.598315 -0.386677
v -0.150000 0.598315 -0.386677
v 0.150000 0.601178 -0.384626
v -0.150000 0.601178 -0.384626
v 0.150000 0.604023 -0.382552
v -0.150000 0.604023 -0.382552
v 0.150000 0.606852 -0.380455
v -0.150000 0.606852 -0.380455
v 0.150000 0.609665 -0.378336
v -0.150000 0.609665 -0.378336
v 0.150000 0.612462 -0.376194
v -0.150000 0.612462 -0.376194
v 0.150000 0.615242 -0.374029
v -0.150000 0.615242 -0.374029
v 0.150000 0.618005 -0.371842
v -0.150000 0.618005 -0.371842
v 0.150000 0.620752 -0.369633
v -0.150000 0.620752 -0.369633
v 0.150000 0.623483 -0.367401
v -0.150000 0.623483 -0.367401
v 0.150000 0.626197 -0.365146
v -0.150000 0.626197 -0.365146
v 0.150000 0.628895 -0.362869
v -0.150000 0.628895 -0.362869
v 0.150000 0.631576 -0.360569
v -0.150000 0.631576 -0.360569
v 0.150000 0.634241 -0.358247
v -0.150000 0.634241 -0.358247
v 0.150000 0.636890 -0.355902
v -0.150000 0.636890 -0.355902
v 0.150000 0.639522 -0.353535
v -0.150000 0.639522 -0.353535
v 0.150000 0.642138 -0.351145
v -0.150000 0.642138 -0.351145
v 0.150000 0.644737 -0.348732
v -0.150000 0.644737 -0.348732
v 0.150000 0.647319 -0.346297
v -0.150000 0.647319 -0.346297
v 0.150000 0.649886 -0.343839
v -0.150000 0.649886 -0.343839
v 0.150000 0.652436 -0.341359
v -0.150000 0.652436 -0.341359
v 0.150000 0.654969 -0.338856
v -0.150000 0.654969 -0.338856
v 0.150000 0.657486 -0.336331
v -0.150000 0.657486 -0.336331
v 0.150000 0.659987 -0.333783
v -0.150000 0.659987 -0.333783
v 0.150000 0.662471 -0.331212
v -0.150000 0.662471 -0.331212
v 0.150000 0.664939 -0.328619
v -0.150000 0.664939 -0.328619
v 0.150000 0.667390 -0.326003
v -0.150000 0.667390 -0.326003
v 0.150000 0.669825 -0.323365
v -0.150000 0.669825 -0.323365
v 0.150000 0.672243 -0.320705
v -0.150000 0.672243 -0.320705
v 0.150000 0.674645 -0.318021
v -0.150000 0.674645 -0.318021
v 0.150000 0.677031 -0.315315
v -0.150000 0.677031 -0.315315
v 0.150000 0.679400 -0.312587
v -0.150000 0.679400 -0.312587
v 0.150000 0.681753 -0.309836
v -0.150000 0.681753 -0.309836
v 0.150000 0.684089 -0.307062
v -0.150000 0.684089 -0.307062
v 0.150000 0.686409 -0.304266
v -0.150000 0.686409 -0.304266
v 0.150000 0.688712 -0.301448
v -0.150000 0.688712 -0.301448
v 0.150000 0.690999 -0.298606
v -0.150000 0.690999 -0.298606
v 0.150000 0.693270 -0.295742
v -0.150000 0.693270 -0.295742
v 0.150000 0.695524 -0.292856
v -0.150000 0.695524 -0.292856
v 0.150000 0.697761 -0.289947
v -0.150000 0.697761 -0.289947
v 0.150000 0.699983 -0.287016
v -0.150000 0.699983 -0.287016
v 0.150000 0.702187 -0.284062
v -0.150000 0.702187 -0.284062
v 0.150000 0.704376 -0.281085
v -0.150000 0.704376 -0.281085
v 0.150000 0.706548 -0.278086
v -0.150000 0.706548 -0.278086
v 0.150000 0.708703 -0.275064
v -0.150000 0.708703 -0.275064
v 0.150000 0.710842 -0.272020
v -0.150000 0.710842 -0.272020
v 0.150000 0.712965 -0.268953
v -0.150000 0.712965 -0.268953
v 0.150000 0.715071 -0.265863
v -0.150000 0.715071 -0.265863
v 0.150000 0.717161 -0.262751
v -0.150000 0.717161 -0.262751
v 0.150000 0.719234 -0.259617
v -0.150000 0.719234 -0.259617
v 0.150000 0.721291 -0.256460
v -0.150000 0.721291 -0.256460
v 0.150000 0.723331 -0.253280
v -0.150000 0.723331 -0.253280
v 0.150000 0.725684 -0.249438
v -0.150000 0.725684 -0.249438
v 0.150000 0.727999 -0.245578
v -0.150000 0.727999 -0.245578
v 0.150000 0.730278 -0.241700
v -0.150000 0.730278 -0.241700
v 0.150000 0.732519 -0.237804
v -0.150000 0.732519 -0.237804
v 0.150000 0.734723 -0.233890
v -0.150000 0.734723 -0.233890
v 0.150000 0.736890 -0.229958
v -0.150000 0.736890 -0.229958
v 0.150000 0.739020 -0.226007
v -0.150000 0.739020 -0.226007
v 0.150000 0.741113 -0.222039
v -0.150000 0.741113 -0.222039
v 0.150000 0.743169 -0.218052
v -0.150000 0.743169 -0.218052
v 0.150000 0.745188 -0.214048
v -0.150000 0.745188 -0.214048
v 0.150000 0.747170 -0.210025
v -0.150000 0.747170 -0.210025
v 0.150000 0.749115 -0.205984
v -0.150000 0.749115 -0.205984
v 0.150000 0.751023 -0.201925
v -0.150000 0.751023 -0.201925
v 0.150000 0.752894 -0.197848
v -0.150000 0.752894 -0.197848
v 0.150000 0.754728 -0.193752
v -0.150000 0.754728 -0.193752
v 0.150000 0.756525 -0.189639
v -0.150000 0.756525 -0.189639
v 0.150000 0.758284 -0.185508
v -0.150000 0.758284 -0.185508
v 0.150000 0.760007 -0.181358
v -0.150000 0.760007 -0.181358
v 0.150000 0.761692 -0.177190
v -0.150000 0.761692 -0.177190
v 0.150000 0.763341 -0.173005
v -0.150000 0.763341 -0.173005
v 0.150000 0.764952 -0.168801
v -0.150000 0.764952 -0.168801
v 0.150000 0.766527 -0.164579
v -0.150000 0.766527 -0.164579
v 0.150000 0.768064 -0.160339
v -0.150000 0.768064 -0.160339
v 0.150000 0.769565 -0.156081
v -0.150000 0.769565 -0.156081
v 0.150000 0.771028 -0.151804
v -0.150000 0.771028 -0.151804
v 0.150000 0.772454 -0.147510
v -0.150000 0.772454 -0.147510
v 0.150000 0.773843 -0.143197
v -0.150000 0.773843 -0.143197
v 0.150000 0.775196 -0.138867
v -0.150000 0.775196 -0.138867
v 0.150000 0.776511 -0.134518
v -0.150000 0.776511 -0.134518
v 0.150000 0.777789 -0.130151
v -0.150000 0.777789 -0.130151
v 0.150000 0.779030 -0.125766
v -0.150000 0.779030 -0.125766
v 0.150000 0.780234 -0.121363
v -0.150000 0.780234 -0.121363
v 0.150000 0.781401 -0.116942
v -0.150000 0.781401 -0.116942
v 0.150000 0.782531 -0.112503
v -0.150000 0.782531 -0.112503
v 0.150000 0.783624 -0.108046
v -0.150000 0.783624 -0.108046
v 0.150000 0.784679 -0.103570
v -0.150000 0.784679 -0.103570
v 0.150000 0.785698 -0.099077
v -0.150000 0.785698 -0.099077
v 0.150000 0.786680 -0.094565
v -0.150000 0.786680 -0.094565
v 0.150000 0.787625 -0.090035
v -0.150000 0.787625 -0.090035
v 0.150000 0.788532 -0.085487
v -0.150000 0.788532 -0.085487
v 0.150000 0.789403 -0.080921
v -0.150000 0.789403 -0.080921
v 0.150000 0.790236 -0.076337
v -0.150000 0.790236 -0.076337
v 0.150000 0.791033 -0.071735
v -0.150000 0.791033 -0.071735
v 0.150000 0.791792 -0.067115
v -0.150000 0.791792 -0.067115
v 0.150000 0.792515 -0.062476
v -0.150000 0.792515 -0.062476
v 0.150000 0.793200 -0.057820
v -0.150000 0.793200 -0.057820
v 0.150000 0.793848 -0.053145
v -0.150000 0.793848 -0.053145
v 0.150000 0.794459 -0.048453
v -0.150000 0.794459 -0.048453
v 0.150000 0.795034 -0.043742
v -0.150000 0.795034 -0.043742
v 0.150000 0.795571 -0.039013
v -0.150000 0.795571 -0.039013
v 0.150000 0.796071 -0.034266
v -0.150000 0.796071 -0.034266
v 0.150000 0.796534 -0.029501
v -0.150000 0.796534 -0.029501
v 0.150000 0.796960 -0.024718
v -0.150000 0.796960 -0.024718
v 0.150000 0.797349 -0.019916
v -0.150000 0.797349 -0.019916
v 0.150000 0.797701 -0.015097
v -0.150000 0.797701 -0.015097
v 0.150000 0.798016 -0.010259
v -0.150000 0.798016 -0.010259
v 0.150000 0.798294 -0.005404
v -0.150000 0.798294 -0.005404
v 0.150000 0.798535 -0.000530
v -0.150000 0.798535 -0.000530
v 0.150000 0.798738 0.004362
v -0.150000 0.798738 0.004362
v 0.150000 0.798905 0.009272
v -0.150000 0.798905 0.009272
v 0.150000 0.799035 0.014200
v -0.150000 0.799035 0.014200
v 0.150000 0.799127 0.019146
v -0.150000 0.799127 0.019146
v 0.150000 0.799183 0.024110
v -0.150000 0.799183 0.024110
v 0.150000 0.799201 0.029093
v -0.150000 0.799201 0.029093
v 0.150000 0.799179 0.034516
v -0.150000 0.799179 0.034516
v 0.150000 0.799112 0.039910
v -0.150000 0.799112 0.039910
v 0.150000 0.799001 0.045276
v -0.150000 0.799001 0.045276
v 0.150000 0.798845 0.050614
v -0.150000 0.798845 0.050614
v 0.150000 0.798644 0.055923
v -0.150000 0.798644 0.055923
v 0.150000 0.798399 0.061204
v -0.150000 0.798399 0.061204
v 0.150000 0.798109 0.066457
v -0.150000 0.798109 0.066457
v 0.150000 0.797775 0.071681
v -0.150000 0.797775 0.071681
v 0.150000 0.797396 0.076876
v -0.150000 0.797396 0.076876
v 0.150000 0.796973 0.082044
v -0.150000 0.796973 0.082044
v 0.150000 0.796505 0.087182
v -0.150000 0.796505 0.087182
v 0.150000 0.795993 0.092293
v -0.150000 0.795993 0.092293
v 0.150000 0.795435 0.097375
v -0.150000 0.795435 0.097375
v 0.150000 0.794834 0.102428
v -0.150000 0.794834 0.102428
v 0.150000 0.794188 0.107453
v -0.150000 0.794188 0.107453
v 0.150000 0.793497 0.112450
v -0.150000 0.793497 0.112450
v 0.150000 0.792762 0.117418
v -0.150000 0.792762 0.117418
v 0.150000 0.791982 0.122358
v -0.150000 0.791982 0.122358
v 0.150000 0.791157 0.127270
v -0.150000 0.791157 0.127270
v 0.150000 0.790288 0.132153
v -0.150000 0.790288 0.132153
v 0.150000 0.789374 0.137008
v -0.150000 0.789374 0.137008
v 0.150000 0.788416 0.141834
v -0.150000 0.788416 0.141834
v 0.150000 0.787414 0.146632
v -0.150000 0.787414 0.146632
v 0.150000 0.786366 0.151401
v -0.150000 0.786366 0.151401
v 0.150000 0.785274 0.156142
v -0.150000 0.785274 0.156142
v 0.150000 0.784138 0.160855
v -0.150000 0.784138 0.160855
v 0.150000 0.782957 0.165539
v -0.150000 0.782957 0.165539
v 0.150000 0.781731 0.170195
v -0.150000 0.781731 0.170195
v 0.150000 0.780461 0.174822
v -0.150000 0.780461 0.174822
v 0.150000 0.779146 0.179421
v -0.150000 0.779146 0.179421
v 0.150000 0.777787 0.183992
v -0.150000 0.777787 0.183992
v 0.150000 0.776383 0.188534
v -0.150000 0.776383 0.188534
v 0.150000 0.774935 0.193048
v -0.150000 0.774935 0.193048
v 0.150000 0.773442 0.197533
v -0.150000 0.773442 0.197533
v 0.150000 0.771904 0.201990
v -0.150000 0.771904 0.201990
v 0.150000 0.770322 0.206419
v -0.150000 0.770322 0.206419
v 0.150000 0.768696 0.210819
v -0.150000 0.768696 0.210819
v 0.150000 0.767024 0.215190
v -0.150000 0.767024 0.215190
v 0.150000 0.765309 0.219534
v -0.150000 0.765309 0.219534
v 0.150000 0.763548 0.223849
v -0.150000 0.763548 0.223849
v 0.150000 0.761743 0.228135
v -0.150000 0.761743 0.228135
v 0.150000 0.759894 0.232393
v -0.150000 0.759894 0.232393
v 0.150000 0.758000 0.236623
v -0.150000 0.758000 0.236623
v 0.150000 0.756061 0.240824
v -0.150000 0.756061 0.240824
v 0.150000 0.754078 0.244997
v -0.150000 0.754078 0.244997
v 0.150000 0.752050 0.249141
v -0.150000 0.752050 0.249141
v 0.150000 0.749978 0.253257
v -0.150000 0.749978 0.253257
v 0.150000 0.747861 0.257345
v -0.150000 0.747861 0.257345
v 0.150000 0.745699 0.261404
v -0.150000 0.745699 0.261404
v 0.150000 0.743493 0.265435
v -0.150000 0.743493 0.265435
v 0.150000 0.741243 0.269437
v -0.150000 0.741243 0.269437
v 0.150000 0.738948 0.273411
v -0.150000 0.738948 0.273411
v 0.150000 0.736608 0.277357
v -0.150000 0.736608 0.277357
v 0.150000 0.734224 0.281274
v -0.150000 0.734224 0.281274
v 0.150000 0.731795 0.285162
v -0.150000 0.731795 0.285162
v 0.150000 0.729321 0.289023
v -0.150000 0.729321 0.289023
v 0.150000 0.726803 0.292855
v -0.150000 0.726803 0.292855
v 0.150000 0.724241 0.296658
v -0.150000 0.724241 0.296658
v 0.150000 0.721634 0.300433
v -0.150000 0.721634 0.300433
v 0.150000 0.718982 0.304180
v -0.150000 0.718982 0.304180
v 0.150000 0.716286 0.307898
v -0.150000 0.716286 0.307898
v 0.150000 0.713545 0.311588
v -0.150000 0.713545 0.311588
v 0.150000 0.710759 0.315249
v -0.150000 0.710759 0.315249
v 0.150000 0.707929 0.318882
v -0.150000 0.707929 0.318882
v 0.150000 0.704470 0.323127
v -0.150000 0.704470 0.323127
v 0.150000 0.700974 0.327305
v -0.150000 0.700974 0.327305
v 0.150000 0.697440 0.331416
v -0.150000 0.697440 0.331416
v 0.150000 0.693869 0.335461
v -0.150000 0.693869 0.335461
v 0.150000 0.690260 0.339438
v -0.150000 0.690260 0.339438
v 0.150000 0.686614 0.343349
v -0.150000 0.686614 0.343349
v 0.150000 0.682931 0.347193
v -0.150000 0.682931 0.347193
v 0.150000 0.679211 0.350970
v -0.150000 0.679211 0.350970
v 0.150000 0.675453 0.354680
v -0.150000 0.675453 0.354680
v 0.150000 0.671658 0.358323
v -0.150000 0.671658 0.358323
v 0.150000 0.667825 0.361900
v -0.150000 0.667825 0.361900
v 0.150000 0.663956 0.365409
v -0.150000 0.663956 0.365409
v 0.150000 0.660048 0.368852
v -0.150000 0.660048 0.368852
v 0.150000 0.656104 0.372228
v -0.150000 0.656104 0.372228
v 0.150000 0.652122 0.375537
v -0.150000 0.652122 0.375537
v 0.150000 0.648103 0.378779
v -0.150000 0.648103 0.378779
v 0.150000 0.644047 0.381955
v -0.150000 0.644047 0.381955
v 0.150000 0.639953 0.385063
v -0.150000 0.639953 0.385063
v 0.150000 0.635822 0.388105
v -0.150000 0.635822 0.388105
v 0.150000 0.631654 0.391080
v -0.150000 0.631654 0.391080
v 0.150000 0.627448 0.393988
v -0.150000 0.627448 0.393988
v 0.150000 0.623205 0.396829
v -0.150000 0.623205 0.396829
v 0.150000 0.618925 0.399603
v -0.150000 0.618925 0.399603
v 0.150000 0.614607 0.402310
v -0.150000 0.614607 0.402310
v 0.150000 0.610252 0.404951
v -0.150000 0.610252 0.404951
v 0.150000 0.605860 0.407525
v -0.150000 0.605860 0.407525
v 0.150000 0.601430 0.410031
v -0.150000 0.601430 0.410031
v 0.150000 0.596963 0.412472
v -0.150000 0.596963 0.412472
v 0.150000 0.592459 0.414845
v -0.150000 0.592459 0.414845
v 0.150000 0.587917 0.417151
v -0.150000 0.587917 0.417151
v 0.150000 0.583338 0.419390
v -0.150000 0.583338 0.419390
v 0.150000 0.578722 0.421563
v -0.150000 0.578722 0.421563
v 0.150000 0.574069 0.423669
v -0.150000 0.574069 0.423669
v 0.150000 0.569378 0.425708
v -0.150000 0.569378 0.425708
v 0.150000 0.564650 0.427680
v -0.150000 0.564650 0.427680
v 0.150000 0.559884 0.429585
v -0.150000 0.559884 0.429585
v 0.150000 0.555081 0.431423
v -0.150000 0.555081 0.431423
v 0.150000 0.550241 0.433195
v -0.150000 0.550241 0.433195
v 0.150000 0.545363 0.434900
v -0.150000 0.545363 0.434900
v 0.150000 0.540449 0.436537
v -0.150000 0.540449 0.436537
v 0.150000 0.535496 0.438108
v -0.150000 0.535496 0.438108
v 0.150000 0.530507 0.439612
v -0.150000 0.530507 0.439612
v 0.150000 0.525480 0.441050
v -0.150000 0.525480 0.441050
v 0.150000 0.520416 0.442420
v -0.150000 0.520416 0.442420
v 0.150000 0.515314 0.443724
v -0.150000 0.515314 0.443724
v 0.150000 0.510176 0.444960
v -0.150000 0.510176 0.444960
v 0.150000 0.504999 0.446130
v -0.150000 0.504999 0.446130
v 0.150000 0.499786 0.447233
v -0.150000 0.499786 0.447233
v 0.150000 0.494535 0.448269
v -0.150000 0.494535 0.448269
v 0.150000 0.489247 0.449239
v -0.150000 0.489247 0.449239
v 0.150000 0.483922 0.450141
v -0.150000 0.483922 0.450141
v 0.150000 0.478559 0.450977
v -0.150000 0.478559 0.450977
v 0.150000 0.473159 0.451746
v -0.150000 0.473159 0.451746
v 0.150000 0.467722 0.452448
v -0.150000 0.467722 0.452448
v 0.150000 0.462247 0.453083
v -0.150000 0.462247 0.453083
v 0.150000 0.456735 0.453651
v -0.150000 0.456735 0.453651
v 0.150000 0.451185 0.454152
v -0.150000 0.451185 0.454152
v 0.150000 0.445599 0.454587
v -0.150000 0.445599 0.454587
v 0.150000 0.439975 0.454954
v -0.150000 0.439975 0.454954
v 0.150000 0.434313 0.455255
v -0.150000 0.434313 0.455255
v 0.150000 0.428615 0.455489
v -0.150000 0.428615 0.455489
v 0.150000 0.422879 0.455656
v -0.150000 0.422879 0.455656
v 0.150000 0.417105 0.455757
v -0.150000 0.417105 0.455757
v 0.150000 0.411295 0.455790
v -0.150000 0.411295 0.455790
v 0.150000 0.406779 0.455764
v -0.150000 0.406779 0.455764
v 0.150000 0.402287 0.455685
v -0.150000 0.402287 0.455685
v 0.150000 0.397819 0.455554
v -0.150000 0.397819 0.455554
v 0.150000 0.393375 0.455371
v -0.150000 0.393375 0.455371
v 0.150000 0.388955 0.455135
v -0.150000 0.388955 0.455135
v 0.150000 0.384558 0.454847
v -0.150000 0.384558 0.454847
v 0.150000 0.380186 0.454507
v -0.150000 0.380186 0.454507
v 0.150000 0.375838 0.454114
v -0.150000 0.375838 0.454114
v 0.150000 0.371514 0.453669
v -0.150000 0.371514 0.453669
v 0.150000 0.367213 0.453172
v -0.150000 0.367213 0.453172
v 0.150000 0.362937 0.452622
v -0.150000 0.362937 0.452622
v 0.150000 0.358684 0.452020
v -0.150000 0.358684 0.452020
v 0.150000 0.354456 0.451365
v -0.150000 0.354456 0.451365
v 0.150000 0.350251 0.450658
v -0.150000 0.350251 0.450658
v 0.150000 0.346071 0.449899
v -0.150000 0.346071 0.449899
v 0.150000 0.341914 0.449087
v -0.150000 0.341914 0.449087
v 0.150000 0.337781 0.448223
v -0.150000 0.337781 0.448223
v 0.150000 0.333672 0.447307
v -0.150000 0.333672 0.447307
v 0.150000 0.329588 0.446338
v -0.150000 0.329588 0.446338
v 0.150000 0.325527 0.445317
v -0.150000 0.325527 0.445317
v 0.150000 0.321490 0.444244
v -0.150000 0.321490 0.444244
v 0.150000 0.317477 0.443118
v -0.150000 0.317477 0.443118
v 0.150000 0.313488 0.441939
v -0.150000 0.313488 0.441939
v 0.150000 0.309523 0.440709
v -0.150000 0.309523 0.440709
v 0.150000 0.305582 0.439426
v -0.150000 0.305582 0.439426
v 0.150000 0.301665 0.438091
v -0.150000 0.301665 0.438091
v 0.150000 0.297772 0.436703
v -0.150000 0.297772 0.436703
v 0.150000 0.293902 0.435263
v -0.150000 0.293902 0.435263
v 0.150000 0.290057 0.433770
v -0.150000 0.290057 0.433770
v 0.150000 0.286236 0.432226
v -0.150000 0.286236 0.432226
v 0.150000 0.282439 0.430628
v -0.150000 0.282439 0.430628
v 0.150000 0.278665 0.428979
v -0.150000 0.278665 0.428979
v 0.150000 0.274916 0.427277
v -0.150000 0.274916 0.427277
v 0.150000 0.271190 0.425523
v -0.150000 0.271190 0.425523
v 0.150000 0.267489 0.423716
v -0.150000 0.267489 0.423716
v 0.150000 0.263811 0.421857
v -0.150000 0.263811 0.421857
v 0.150000 0.260158 0.419946
v -0.150000 0.260158 0.419946
v 0.150000 0.256528 0.417982
v -0.150000 0.256528 0.417982
v 0.150000 0.252922 0.415966
v -0.150000 0.252922 0.415966
v 0.150000 0.249340 0.413898
v -0.150000 0.249340 0.413898
v 0.150000 0.245783 0.411777
v -0.150000 0.245783 0.411777
v 0.150000 0.242249 0.409604
v -0.150000 0.242249 0.409604
v 0.150000 0.238739 0.407378
v -0.150000 0.238739 0.407378
v 0.150000 0.235253 0.405100
v -0.150000 0.235253 0.405100
v 0.150000 0.231791 0.402770
v -0.150000 0.231791 0.402770
v 0.150000 0.228353 0.400387
v -0.150000 0.228353 0.400387
v 0.150000 0.224939 0.397952
v -0.150000 0.224939 0.397952
v 0.150000 0.221549 0.395465
v -0.150000 0.221549 0.395465
v 0.150000 0.218183 0.392925
v -0.150000 0.218183 0.392925
v 0.150000 0.214841 0.390333
v -0.150000 0.214841 0.390333
v 0.150000 0.211522 0.387689
v -0.150000 0.211522 0.387689
v 0.150000 0.208228 0.384992
v -0.150000 0.208228 0.384992
v 0.150000 0.204958 0.382243
v -0.150000 0.204958 0.382243
v 0.150000 0.201711 0.379441
v -0.150000 0.201711 0.379441
v 0.150000 0.198489 0.376587
v -0.150000 0.198489 0.376587
v 0.150000 0.195290 0.373681
v -0.150000 0.195290 0.373681
v 0.150000 0.192116 0.370722
v -0.150000 0.192116 0.370722
v 0.150000 0.188965 0.367711
v -0.150000 0.188965 0.367711
v 0.150000 0.185839 0.364648
v -0.150000 0.185839 0.364648
v 0.150000 0.182736 0.361532
v -0.150000 0.182736 0.361532
v 0.150000 0.179657 0.358364
v -0.150000 0.179657 0.358364
v 0.150000 0.176603 0.355143
v -0.150000 0.176603 0.355143
v 0.150000 0.173572 0.351871
v -0.150000 0.173572 0.351871
v 0.150000 0.170565 0.348545
v -0.150000 0.170565 0.348545
v 0.150000 0.168416 0.346099
v -0.150000 0.168416 0.346099
v 0.150000 0.166284 0.343644
v -0.150000 0.166284 0.343644
v 0.150000 0.164169 0.341181
v -0.150000 0.164169 0.341181
v 0.150000 0.162070 0.338710
v -0.150000 0.162070 0.338710
v 0.150000 0.159989 0.336230
v -0.150000 0.159989 0.336230
v 0.150000 0.157923 0.333742
v -0.150000 0.157923 0.333742
v 0.150000 0.155875 0.331245
v -0.150000 0.155875 0.331245
v 0.150000 0.153843 0.328740
v -0.150000 0.153843 0.328740
v 0.150000 0.151828 0.326227
v -0.150000 0.151828 0.326227
v 0.150000 0.149830 0.323705
v -0.150000 0.149830 0.323705
v 0.150000 0.147849 0.321175
v -0.150000 0.147849 0.321175
v 0.150000 0.145884 0.318637
v -0.150000 0.145884 0.318637
v 0.150000 0.143936 0.316090
v -0.150000 0.143936 0.316090
v 0.150000 0.142004 0.313535
v -0.150000 0.142004 0.313535
v 0.150000 0.140090 0.310972
v -0.150000 0.140090 0.310972
v 0.150000 0.138192 0.308400
v -0.150000 0.138192 0.308400
v 0.150000 0.136310 0.305820
v -0.150000 0.136310 0.305820
v 0.150000 0.134446 0.303231
v -0.150000 0.134446 0.303231
v 0.150000 0.132598 0.300635
v -0.150000 0.132598 0.300635
v 0.150000 0.130767 0.298029
v -0.150000 0.130767 0.298029
v 0.150000 0.128952 0.295416
v -0.150000 0.128952 0.295416
v 0.150000 0.127155 0.292794
v -0.150000 0.127155 0.292794
v 0.150000 0.125374 0.290164
v -0.150000 0.125374 0.290164
v 0.150000 0.123610 0.287525
v -0.150000 0.123610 0.287525
v 0.150000 0.121862 0.284878
v -0.150000 0.121862 0.284878
v 0.150000 0.120131 0.282223
v -0.150000 0.120131 0.282223
v 0.150000 0.118417 0.279559
v -0.150000 0.118417 0.279559
v 0.150000 0.116720 0.276887
v -0.150000 0.116720 0.276887
v 0.150000 0.115039 0.274207
v -0.150000 0.115039 0.274207
v 0.150000 0.113375 0.271518
v -0.150000 0.113375 0.271518
v 0.150000 0.111728 0.268821
v -0.150000 0.111728 0.268821
v 0.150000 0.110097 0.266115
v -0.150000 0.110097 0.266115
v 0.150000 0.108483 0.263401
v -0.150000 0.108483 0.263401
v 0.150000 0.106886 0.260679
v -0.150000 0.106886 0.260679
v 0.150000 0.105306 0.257949
v -0.150000 0.105306 0.257949
v 0.150000 0.103742 0.255210
v -0.150000 0.103742 0.255210
v 0.150000 0.102195 0.252463
v -0.150000 0.102195 0.252463
v 0.150000 0.100664 0.249707
v -0.150000 0.100664 0.249707
v 0.150000 0.099151 0.246943
v -0.150000 0.099151 0.246943
v 0.150000 0.097654 0.244171
v -0.150000 0.097654 0.244171
v 0.150000 0.096174 0.241390
v -0.150000 0.096174 0.241390
v 0.150000 0.094710 0.238601
v -0.150000 0.094710 0.238601
v 0.150000 0.093264 0.235804
v -0.150000 0.093264 0.235804
v 0.150000 0.091834 0.232998
v -0.150000 0.091834 0.232998
v 0.150000 0.090420 0.230184
v -0.150000 0.090420 0.230184
v 0.150000 0.089024 0.227361
v -0.150000 0.089024 0.227361
v 0.150000 0.087644 0.224531
v -0.150000 0.087644 0.224531
v 0.150000 0.086281 0.221691
v -0.150000 0.086281 0.221691
v 0.150000 0.084934 0.218844
v -0.150000 0.084934 0.218844
v 0.150000 0.083604 0.215988
v -0.150000 0.083604 0.215988
v 0.150000 0.082291 0.213124
v -0.150000 0.082291 0.213124
v 0.150000 0.080995 0.210251
v -0.150000 0.080995 0.210251
v 0.150000 0.079715 0.207370
v -0.150000 0.079715 0.207370
v 0.150000 0.078453 0.204481
v -0.150000 0.078453 0.204481
v 0.150000 0.077206 0.201583
v -0.150000 0.077206 0.201583
v 0.150000 0.075977 0.198677
v -0.150000 0.075977 0.198677
v 0.150000 0.074764 0.195763
v -0.150000 0.074764 0.195763
v 0.150000 0.073568 0.192840
v -0.150000 0.073568 0.192840
v 0.150000 0.072389 0.189909
v -0.150000 0.072389 0.189909
v 0.150000 0.071226 0.186970
v -0.150000 0.071226 0.186970
v 0.150000 0.070080 0.184022
v -0.150000 0.070080 0.184022
v 0.150000 0.068951 0.181066
v -0.150000 0.068951 0.181066
v 0.150000 0.067839 0.178101
v -0.150000 0.067839 0.178101
v 0.150000 0.066743 0.175128
v -0.150000 0.066743 0.175128
v 0.150000 0.065486 0.171613
v -0.150000 0.065486 0.171613
v 0.150000 0.064247 0.168090
v -0.150000 0.064247 0.168090
v 0.150000 0.063026 0.164560
v -0.150000 0.063026 0.164560
v 0.150000 0.061823 0.161023
v -0.150000 0.061823 0.161023
v 0.150000 0.060637 0.157479
v -0.150000 0.060637 0.157479
v 0.150000 0.059469 0.153927
v -0.150000 0.059469 0.153927
v 0.150000 0.058320 0.150368
v -0.150000 0.058320 0.150368
v 0.150000 0.057188 0.146802
v -0.150000 0.057188 0.146802
v 0.150000 0.056074 0.143229
v -0.150000 0.056074 0.143229
v 0.150000 0.054977 0.139648
v -0.150000 0.054977 0.139648
v 0.150000 0.053899 0.136060
v -0.150000 0.053899 0.136060
v 0.150000 0.052838 0.132465
v -0.150000 0.052838 0.132465
v 0.150000 0.051795 0.128863
v -0.150000 0.051795 0.128863
v 0.150000 0.050770 0.125253
v -0.150000 0.050770 0.125253
v 0.150000 0.049763 0.121636
v -0.150000 0.049763 0.121636
v 0.150000 0.048774 0.118012
v -0.150000 0.048774 0.118012
v 0.150000 0.047802 0.114381
v -0.150000 0.047802 0.114381
v 0.150000 0.046848 0.110742
v -0.150000 0.046848 0.110742
v 0.150000 0.045912 0.107096
v -0.150000 0.045912 0.107096
v 0.150000 0.044994 0.103443
v -0.150000 0.044994 0.103443
v 0.150000 0.044094 0.099783
v -0.150000 0.044094 0.099783
v 0.150000 0.043212 0.096115
v -0.150000 0.043212 0.096115
v 0.150000 0.042347 0.092441
v -0.150000 0.042347 0.092441
v 0.150000 0.041500 0.088759
v -0.150000 0.041500 0.088759
v 0.150000 0.040671 0.085069
v -0.150000 0.040671 0.085069
v 0.150000 0.039860 0.081373
v -0.150000 0.039860 0.081373
v 0.150000 0.039067 0.077669
v -0.150000 0.039067 0.077669
v 0.150000 0.038292 0.073958
v -0.150000 0.038291 0.073958
v 0.150000 0.037534 0.070240
v -0.150000 0.037534 0.070240
v 0.150000 0.036794 0.066514
v -0.150000 0.036794 0.066514
v 0.150000 0.036072 0.062782
v -0.150000 0.036072 0.062782
v 0.150000 0.035368 0.059042
v -0.150000 0.035368 0.059042
v 0.150000 0.034682 0.055295
v -0.150000 0.034682 0.055295
v 0.150000 0.034013 0.051540
v -0.150000 0.034013 0.051540
v 0.150000 0.033362 0.047778
v -0.150000 0.033362 0.047778
v 0.150000 0.032730 0.044009
v -0.150000 0.032730 0.044009
v 0.150000 0.032115 0.040233
v -0.150000 0.032115 0.040233
v 0.150000 0.031517 0.036450
v -0.150000 0.031517 0.036450
v 0.150000 0.030938 0.032659
v -0.150000 0.030938 0.032659
v 0.150000 0.030376 0.028861
v -0.150000 0.030376 0.028861
v 0.150000 0.029833 0.025056
v -0.150000 0.029833 0.025056
v 0.150000 0.029307 0.021244
v -0.150000 0.029307 0.021244
v 0.150000 0.028799 0.017424
v -0.150000 0.028799 0.017424
v 0.150000 0.028309 0.013597
v -0.150000 0.028309 0.013597
v 0.150000 0.027836 0.009763
v -0.150000 0.027836 0.009763
v 0.150000 0.027382 0.005922
v -0.150000 0.027382 0.005922
v 0.150000 0.026945 0.002073
v -0.150000 0.026945 0.002073
v 0.150000 0.026526 -0.001783
v -0.150000 0.026526 -0.001783
v 0.150000 0.026125 -0.005646
v -0.150000 0.026125 -0.005646
v 0.150000 0.025742 -0.009516
v -0.150000 0.025742 -0.009516
v 0.150000 0.025376 -0.013394
v -0.150000 0.025376 -0.013394
v 0.150000 0.025029 -0.017278
v -0.150000 0.025028 -0.017278
v 0.150000 0.024699 -0.021170
v -0.150000 0.024699 -0.021170
v 0.150000 0.024387 -0.025070
v -0.150000 0.024387 -0.025070
v 0.150000 0.024093 -0.028976
v -0.150000 0.024093 -0.028976
v 0.150000 0.023816 -0.032890
v -0.150000 0.023816 -0.032890
v 0.150000 0.023558 -0.036811
v -0.150000 0.023558 -0.036811
v 0.150000 0.023317 -0.040739
v -0.150000 0.023317 -0.040739
v 0.150000 0.023094 -0.044675
v -0.150000 0.023094 -0.044675
v 0.150000 0.022889 -0.048617
v -0.150000 0.022889 -0.048617
v 0.150000 0.022702 -0.052567
v -0.150000 0.022702 -0.052567
v 0.150000 0.022533 -0.056525
v -0.150000 0.022533 -0.056525
v 0.150000 0.022381 -0.060489
v -0.150000 0.022381 -0.060489
v 0.150000 0.022248 -0.064461
v -0.150000 0.022248 -0.064461
v 0.150000 0.022251 -0.065257
v -0.150000 0.022250 -0.065257
v 0.150000 0.022259 -0.066040
v -0.150000 0.022259 -0.066040
v 0.150000 0.022274 -0.066811
v -0.150000 0.022274 -0.066811
v 0.150000 0.022294 -0.067569
v -0.150000 0.022294 -0.067569
v 0.150000 0.022321 -0.068315
v -0.150000 0.022321 -0.068315
v 0.150000 0.022353 -0.069048
v -0.150000 0.022353 -0.069048
v 0.150000 0.022391 -0.069769
v -0.150000 0.022391 -0.069769
v 0.150000 0.022435 -0.070477
v -0.150000 0.022435 -0.070477
v 0.150000 0.022484 -0.071173
v -0.150000 0.022484 -0.071173
v 0.150000 0.022540 -0.071856
v -0.150000 0.022540 -0.071856
v 0.150000 0.022601 -0.072527
v -0.150000 0.022601 -0.072527
v 0.150000 0.022669 -0.073185
v -0.150000 0.022669 -0.073185
v 0.150000 0.022742 -0.073830
v -0.150000 0.022742 -0.073830
v 0.150000 0.022821 -0.074463
v -0.150000 0.022821 -0.074463
v 0.150000 0.022906 -0.075084
v -0.150000 0.022906 -0.075084
v 0.150000 0.022996 -0.075692
v -0.150000 0.022996 -0.075692
v 0.150000 0.023093 -0.076287
v -0.150000 0.023093 -0.076287
v 0.150000 0.023195 -0.076870
v -0.150000 0.023195 -0.076870
v 0.150000 0.023303 -0.077440
v -0.150000 0.023303 -0.077440
v 0.150000 0.023417 -0.077998
v -0.150000 0.023417 -0.077998
v 0.150000 0.023537 -0.078543
v -0.150000 0.023537 -0.078543
v 0.150000 0.023663 -0.079076
v -0.150000 0.023663 -0.079076
v 0.150000 0.023795 -0.079596
v -0.150000 0.023795 -0.079596
v 0.150000 0.023932 -0.080104
v -0.150000 0.023932 -0.080104
v 0.150000 0.024076 -0.080599
v -0.150000 0.024075 -0.080599
v 0.150000 0.024225 -0.081081
v -0.150000 0.024225 -0.081081
v 0.150000 0.024380 -0.081551
v -0.150000 0.024380 -0.081551
v 0.150000 0.024541 -0.082009
v -0.150000 0.024541 -0.082009
v 0.150000 0.024707 -0.082454
v -0.150000 0.024707 -0.082454
v 0.150000 0.024880 -0.082886
v -0.150000 0.024880 -0.082886
v 0.150000 0.025058 -0.083306
v -0.150000 0.025058 -0.083306
v 0.150000 0.025242 -0.083714
v -0.150000 0.025242 -0.083714
v 0.150000 0.025433 -0.084108
v -0.150000 0.025433 -0.084108
v 0.150000 0.025629 -0.084491
v -0.150000 0.025628 -0.084491
v 0.150000 0.025830 -0.084861
v -0.150000 0.025830 -0.084860
v 0.150000 0.026038 -0.085218
v -0.150000 0.026038 -0.085218
v 0.150000 0.026251 -0.085562
v -0.150000 0.026251 -0.085562
v 0.150000 0.026471 -0.085895
v -0.150000 0.026471 -0.085895
v 0.150000 0.026696 -0.086214
v -0.150000 0.026696 -0.086214
v 0.150000 0.026927 -0.086521
v -0.150000 0.026927 -0.086521
v 0.150000 0.027164 -0.086816
v -0.150000 0.027164 -0.086816
v 0.150000 0.027407 -0.087098
v -0.150000 0.027407 -0.087098
v 0.150000 0.027655 -0.087367
v -0.150000 0.027655 -0.087367
v 0.150000 0.027910 -0.087624
v -0.150000 0.027910 -0.087624
v 0.150000 0.028170 -0.087869
v -0.150000 0.028170 -0.087869
v 0.150000 0.028436 -0.088101
v -0.150000 0.028436 -0.088101
v 0.150000 0.028708 -0.088320
v -0.150000 0.028708 -0.088320
v 0.150000 0.028986 -0.088527
v -0.150000 0.028986 -0.088527
v 0.150000 0.029270 -0.088721
v -0.150000 0.029270 -0.088721
v 0.150000 0.029559 -0.088903
v -0.150000 0.029559 -0.088903
v 0.150000 0.029855 -0.089072
v -0.150000 0.029855 -0.089072
v 0.150000 0.030156 -0.089229
v -0.150000 0.030156 -0.089229
v 0.150000 0.030463 -0.089373
v -0.150000 0.030463 -0.089373
v 0.150000 0.030776 -0.089504
v -0.150000 0.030776 -0.089504
v 0.150000 0.031095 -0.089624
v -0.150000 0.031095 -0.089624
v 0.150000 0.031419 -0.089730
v -0.150000 0.031419 -0.089730
v 0.150000 0.031750 -0.089824
v -0.150000 0.031750 -0.089824
v 0.150000 0.032086 -0.089906
v -0.150000 0.032086 -0.089906
v 0.150000 0.032428 -0.089975
v -0.150000 0.032428 -0.089974
v 0.150000 0.032776 -0.090031
v -0.150000 0.032776 -0.090031
v 0.150000 0.033130 -0.090075
v -0.150000 0.033130 -0.090075
v 0.150000 0.033490 -0.090106
v -0.150000 0.033490 -0.090106
v 0.150000 0.033856 -0.090125
v -0.150000 0.033856 -0.090125
v 0.150000 0.034227 -0.090131
v -0.150000 0.034227 -0.090131
v 0.150000 0.034529 -0.090126
v -0.150000 0.034529 -0.090126
v 0.150000 0.034829 -0.090109
v -0.150000 0.034829 -0.090109
v 0.150000 0.035126 -0.090082
v -0.150000 0.035126 -0.090082
v 0.150000 0.035421 -0.090044
v -0.150000 0.035421 -0.090044
v 0.150000 0.035714 -0.089995
v -0.150000 0.035714 -0.089995
v 0.150000 0.036005 -0.089936
v -0.150000 0.036005 -0.089936
v 0.150000 0.036294 -0.089865
v -0.150000 0.036294 -0.089865
v 0.150000 0.036580 -0.089784
v -0.150000 0.036580 -0.089784
v 0.150000 0.036864 -0.089691
v -0.150000 0.036864 -0.089691
v 0.150000 0.037146 -0.089588
v -0.150000 0.037146 -0.089588
v 0.150000 0.037426 -0.089474
v -0.150000 0.037426 -0.089474
v 0.150000 0.037703 -0.089349
v -0.150000 0.037703 -0.089349
v 0.150000 0.037978 -0.089213
v -0.150000 0.037978 -0.089213
v 0.150000 0.038251 -0.089067
v -0.150000 0.038251 -0.089067
v 0.150000 0.038522 -0.088909
v -0.150000 0.038522 -0.088909
v 0.150000 0.038791 -0.088741
v -0.150000 0.038791 -0.088741
v 0.150000 0.039057 -0.088562
v -0.150000 0.039057 -0.088561
v 0.150000 0.039321 -0.088371
v -0.150000 0.039321 -0.088371
v 0.150000 0.039583 -0.088170
v -0.150000 0.039583 -0.088170
v 0.150000 0.039842 -0.087959
v -0.150000 0.039842 -0.087959
v 0.150000 0.040100 -0.087736
v -0.150000 0.040100 -0.087736
v 0.150000 0.040355 -0.087502
v -0.150000 0.040355 -0.087502
v 0.150000 0.040608 -0.087258
v -0.150000 0.040608 -0.087258
v 0.150000 0.040859 -0.087003
v -0.150000 0.040859 -0.087003
v 0.150000 0.041107 -0.086737
v -0.150000 0.041107 -0.086737
v 0.150000 0.041353 -0.086460
v -0.150000 0.041353 -0.086460
v 0.150000 0.041597 -0.086172
v -0.150000 0.041597 -0.086172
v 0.150000 0.041839 -0.085873
v -0.150000 0.041839 -0.085873
v 0.150000 0.042079 -0.085563
v -0.150000 0.042079 -0.085563
v 0.150000 0.042316 -0.085243
v -0.150000 0.042316 -0.085243
v 0.150000 0.042551 -0.084912
v -0.150000 0.042551 -0.084912
v 0.150000 0.042784 -0.084569
v -0.150000 0.042784 -0.084569
v 0.150000 0.043014 -0.084216
v -0.150000 0.043014 -0.084216
v 0.150000 0.043243 -0.083852
v -0.150000 0.043243 -0.083852
v 0.150000 0.043469 -0.083478
v -0.150000 0.043469 -0.083478
v 0.150000 0.043693 -0.083092
v -0.150000 0.043693 -0.083092
v 0.150000 0.043915 -0.082695
v -0.150000 0.043915 -0.082695
v 0.150000 0.044134 -0.082288
v -0.150000 0.044134 -0.082288
v 0.150000 0.044351 -0.081870
v -0.150000 0.044351 -0.081870
v 0.150000 0.044566 -0.081441
v -0.150000 0.044566 -0.081441
v 0.150000 0.044779 -0.081001
v -0.150000 0.044779 -0.081001
v 0.150000 0.044990 -0.080550
v -0.150000 0.044990 -0.080550
v 0.150000 0.045198 -0.080088
v -0.150000 0.045198 -0.080088
v 0.150000 0.045404 -0.079616
v -0.150000 0.045404 -0.079616
v 0.150000 0.045608 -0.079132
v -0.150000 0.045608 -0.079132
v 0.150000 0.045810 -0.078638
v -0.150000 0.045810 -0.078638
v 0.150000 0.046009 -0.078133
v -0.150000 0.046009 -0.078133
v 0.150000 0.046207 -0.077617
v -0.150000 0.046207 -0.077617
v 0.150000 0.046402 -0.077090
v -0.150000 0.046401 -0.077090
v 0.150000 0.046594 -0.076552
v -0.150000 0.046594 -0.076552
v 0.150000 0.046785 -0.076004
v -0.150000 0.046785 -0.076004
v 0.150000 0.046973 -0.075444
v -0.150000 0.046973 -0.075444
v 0.150000 0.047159 -0.074874
v -0.150000 0.047159 -0.074874
v 0.150000 0.047343 -0.074293
v -0.150000 0.047343 -0.074293
v 0.150000 0.047525 -0.073701
v -0.150000 0.047525 -0.073701
v 0.150000 0.047704 -0.073098
v -0.150000 0.047704 -0.073098
v 0.150000 0.047881 -0.072484
v -0.150000 0.047881 -0.072484
v 0.150000 0.048056 -0.071860
v -0.150000 0.048056 -0.071859
v 0.150000 0.048229 -0.071224
v -0.150000 0.048229 -0.071224
v 0.150000 0.048399 -0.070578
v -0.150000 0.048399 -0.070578
v 0.150000 0.048567 -0.069920
v -0.150000 0.048567 -0.069920
v 0.150000 0.048733 -0.069252
v -0.150000 0.048733 -0.069252
v 0.150000 0.048897 -0.068573
v -0.150000 0.048897 -0.068573
v 0.150000 0.049059 -0.067884
v -0.150000 0.049059 -0.067884
v 0.150000 0.050377 -0.062002
v -0.150000 0.050377 -0.062002
v 0.150000 0.051729 -0.056158
v -0.150000 0.051729 -0.056158
v 0.150000 0.053116 -0.050351
v -0.150000 0.053116 -0.050351
v 0.150000 0.054536 -0.044582
v -0.150000 0.054536 -0.044582
v 0.150000 0.055990 -0.038851
v -0.150000 0.055990 -0.038851
v 0.150000 0.057478 -0.033157
v -0.150000 0.057478 -0.033157
v 0.150000 0.059001 -0.027501
v -0.150000 0.059001 -0.027501
v 0.150000 0.060557 -0.021882
v -0.150000 0.060557 -0.021882
v 0.150000 0.062147 -0.016301
v -0.150000 0.062147 -0.016301
v 0.150000 0.063771 -0.010758
v -0.150000 0.063771 -0.010758
v 0.150000 0.065429 -0.005252
v -0.150000 0.065429 -0.005252
v 0.150000 0.067122 0.000216
v -0.150000 0.067122 0.000216
v 0.150000 0.068848 0.005647
v -0.150000 0.068848 0.005647
v 0.150000 0.070608 0.011040
v -0.150000 0.070608 0.011040
v 0.150000 0.072402 0.016395
v -0.150000 0.072402 0.016395
v 0.150000 0.074230 0.021713
v -0.150000 0.074230 0.021713
v 0.150000 0.076092 0.026993
v -0.150000 0.076092 0.026993
v 0.150000 0.077988 0.032235
v -0.150000 0.077988 0.032235
v 0.150000 0.079918 0.037440
v -0.150000 0.079918 0.037440
v 0.150000 0.081882 0.042608
v -0.150000 0.081882 0.042608
v 0.150000 0.083880 0.047737
v -0.150000 0.083880 0.047738
v 0.150000 0.085912 0.052830
v -0.150000 0.085912 0.052830
v 0.150000 0.087978 0.057884
v -0.150000 0.087978 0.057884
v 0.150000 0.090078 0.062901
v -0.150000 0.090078 0.062901
v 0.150000 0.092212 0.067880
v -0.150000 0.092212 0.067880
v 0.150000 0.094380 0.072822
v -0.150000 0.094379 0.072822
v 0.150000 0.096581 0.077726
v -0.150000 0.096581 0.077726
v 0.150000 0.098817 0.082593
v -0.150000 0.098817 0.082593
v 0.150000 0.101087 0.087422
v -0.150000 0.101087 0.087422
v 0.150000 0.103391 0.092213
v -0.150000 0.103391 0.092213
v 0.150000 0.105729 0.096967
v -0.150000 0.105729 0.096967
v 0.150000 0.108100 0.101683
v -0.150000 0.108100 0.101683
v 0.150000 0.110506 0.106361
v -0.150000 0.110506 0.106361
v 0.150000 0.112946 0.111002
v -0.150000 0.112946 0.111002
v 0.150000 0.115420 0.115606
v -0.150000 0.115420 0.115606
v 0.150000 0.117927 0.120171
v -0.150000 0.117927 0.120171
v 0.150000 0.120469 0.124699
v -0.150000 0.120469 0.124699
v 0.150000 0.123045 0.129190
v -0.150000 0.123045 0.129190
v 0.150000 0.125654 0.133643
v -0.150000 0.125654 0.133643
v 0.150000 0.128298 0.138058
v -0.150000 0.128298 0.138058
v 0.150000 0.130976 0.142436
v -0.150000 0.130976 0.142436
v 0.150000 0.133687 0.146776
v -0.150000 0.133687 0.146776
v 0.150000 0.136433 0.151078
v -0.150000 0.136433 0.151078
v 0.150000 0.139212 0.155343
v -0.150000 0.139212 0.155343
v 0.150000 0.142026 0.159570
v -0.150000 0.142026 0.159570
v 0.150000 0.144873 0.163760
v -0.150000 0.144873 0.163760
v 0.150000 0.147755 0.167912
v -0.150000 0.147755 0.167912
v 0.150000 0.150670 0.172026
v -0.150000 0.150670 0.172026
v 0.150000 0.153620 0.176103
v -0.150000 0.153620 0.176103
v 0.150000 0.156603 0.180143
v -0.150000 0.156603 0.180143
v 0.150000 0.159621 0.184144
v -0.150000 0.159621 0.184144
v 0.150000 0.162672 0.188108
v -0.150000 0.162672 0.188108
v 0.150000 0.165757 0.192035
v -0.150000 0.165757 0.192035
v 0.150000 0.168877 0.195924
v -0.150000 0.168877 0.195924
v 0.150000 0.172030 0.199775
v -0.150000 0.172030 0.199775
v 0.150000 0.175218 0.203588
v -0.150000 0.175218 0.203588
v 0.150000 0.178439 0.207364
v -0.150000 0.178439 0.207364
v 0.150000 0.181694 0.211103
v -0.150000 0.181694 0.211103
v 0.150000 0.184983 0.214804
v -0.150000 0.184983 0.214804
v 0.150000 0.188307 0.218467
v -0.150000 0.188307 0.218467
v 0.150000 0.191664 0.222092
v -0.150000 0.191664 0.222092
v 0.150000 0.195055 0.225680
v -0.150000 0.195055 0.225680
v 0.150000 0.198480 0.229231
v -0.150000 0.198480 0.229231
v 0.150000 0.201940 0.232744
v -0.150000 0.201940 0.232744
v 0.150000 0.203866 0.234589
v -0.150000 0.203866 0.234589
v 0.150000 0.205793 0.236417
v -0.150000 0.205793 0.236417
v 0.150000 0.207723 0.238227
v -0.150000 0.207723 0.238227
v 0.150000 0.209654 0.240019
v -0.150000 0.209654 0.240019
v 0.150000 0.211587 0.241794
v -0.150000 0.211587 0.241794
v 0.150000 0.213521 0.243552
v -0.150000 0.213521 0.243552
v 0.150000 0.215457 0.245292
v -0.150000 0.215457 0.245292
v 0.150000 0.217395 0.247014
v -0.150000 0.217395 0.247014
v 0.150000 0.219335 0.248719
v -0.150000 0.219335 0.248719
v 0.150000 0.221276 0.250406
v -0.150000 0.221276 0.250406
v 0.150000 0.223219 0.252076
v -0.150000 0.223219 0.252076
v 0.150000 0.225163 0.253728
v -0.150000 0.225163 0.253728
v 0.150000 0.227109 0.255363
v -0.150000 0.227109 0.255363
v 0.150000 0.229057 0.256980
v -0.150000 0.229057 0.256980
v 0.150000 0.231007 0.258579
v -0.150000 0.231007 0.258579
v 0.150000 0.232958 0.260161
v -0.150000 0.232958 0.260161
v 0.150000 0.234911 0.261726
v -0.150000 0.234911 0.261726
v 0.150000 0.236865 0.263272
v -0.150000 0.236865 0.263272
v 0.150000 0.238821 0.264802
v -0.150000 0.238821 0.264802
v 0.150000 0.240779 0.266314
v -0.150000 0.240779 0.266314
v 0.150000 0.242739 0.267808
v -0.150000 0.242739 0.267808
v 0.150000 0.244700 0.269284
v -0.150000 0.244700 0.269284
v 0.150000 0.246663 0.270744
v -0.150000 0.246663 0.270744
v 0.150000 0.248627 0.272185
v -0.150000 0.248627 0.272185
v 0.150000 0.250594 0.273609
v -0.150000 0.250594 0.273609
v 0.150000 0.252561 0.275016
v -0.150000 0.252561 0.275016
v 0.150000 0.254531 0.276405
v -0.150000 0.254531 0.276405
v 0.150000 0.256502 0.277776
v -0.150000 0.256502 0.277776
v 0.150000 0.258475 0.279130
v -0.150000 0.258475 0.279130
v 0.150000 0.260450 0.280466
v -0.150000 0.260450 0.280466
v 0.150000 0.262426 0.281785
v -0.150000 0.262426 0.281785
v 0.150000 0.264404 0.283086
v -0.150000 0.264404 0.283086
v 0.150000 0.266383 0.284370
v -0.150000 0.266383 0.284370
v 0.150000 0.268365 0.285636
v -0.150000 0.268365 0.285636
v 0.150000 0.270348 0.286884
v -0.150000 0.270348 0.286884
v 0.150000 0.272332 0.288116
v -0.150000 0.272332 0.288116
v 0.150000 0.274319 0.289329
v -0.150000 0.274319 0.289329
v 0.150000 0.276306 0.290525
v -0.150000 0.276306 0.290525
v 0.150000 0.278296 0.291703
v -0.150000 0.278296 0.291703
v 0.150000 0.280287 0.292864
v -0.150000 0.280287 0.292864
v 0.150000 0.282280 0.294007
v -0.150000 0.282280 0.294007
v 0.150000 0.284275 0.295133
v -0.150000 0.284275 0.295133
v 0.150000 0.286271 0.296241
v -0.150000 0.286271 0.296241
v 0.150000 0.288269 0.297332
v -0.150000 0.288269 0.297332
v 0.150000 0.290269 0.298405
v -0.150000 0.290269 0.298405
v 0.150000 0.292270 0.299460
v -0.150000 0.292270 0.299460
v 0.150000 0.294273 0.300498
v -0.150000 0.294273 0.300498
v 0.150000 0.296278 0.301519
v -0.150000 0.296278 0.301519
v 0.150000 0.298284 0.302522
v -0.150000 0.298284 0.302522
v 0.150000 0.300292 0.303507
v -0.150000 0.300292 0.303507
v 0.150000 0.302302 0.304475
v -0.150000 0.302302 0.304475
v 0.150000 0.304313 0.305425
v -0.150000 0.304313 0.305425
v 0.150000 0.306326 0.306358
v -0.150000 0.306326 0.306358
v 0.150000 0.308341 0.307273
v -0.150000 0.308341 0.307273
v 0.150000 0.310357 0.308171
v -0.150000 0.310357 0.308171
v 0.150000 0.312375 0.309051
v -0.150000 0.312375 0.309051
v 0.150000 0.314395 0.309913
v -0.150000 0.314395 0.309913
v 0.150000 0.316416 0.310758
v -0.150000 0.316416 0.310758
v 0.150000 0.318439 0.311585
v -0.150000 0.318439 0.311585
v 0.150000 0.320464 0.312395
v -0.150000 0.320464 0.312395
v 0.150000 0.322490 0.313188
v -0.150000 0.322490 0.313188
v 0.150000 0.324519 0.313962
v -0.150000 0.324519 0.313962
v 0.150000 0.326548 0.314720
v -0.150000 0.326548 0.314720
v 0.150000 0.328580 0.315459
v -0.150000 0.328580 0.315459
v 0.150000 0.330475 0.316149
v -0.150000 0.330475 0.316149
v 0.150000 0.332382 0.316828
v -0.150000 0.332382 0.316828
v 0.150000 0.334301 0.317496
v -0.150000 0.334301 0.317496
v 0.150000 0.336232 0.318153
v -0.150000 0.336232 0.318153
v 0.150000 0.338174 0.318800
v -0.150000 0.338174 0.318800
v 0.150000 0.340128 0.319435
v -0.150000 0.340128 0.319435
v 0.150000 0.342094 0.320060
v -0.150000 0.342094 0.320060
v 0.150000 0.344071 0.320674
v -0.150000 0.344071 0.320674
v 0.150000 0.346060 0.321276
v -0.150000 0.346060 0.321276
v 0.150000 0.348061 0.321868
v -0.150000 0.348061 0.321868
v 0.150000 0.350073 0.322450
v -0.150000 0.350073 0.322450
v 0.150000 0.352097 0.323020
v -0.150000 0.352097 0.323020
v 0.150000 0.354133 0.323579
v -0.150000 0.354133 0.323579
v 0.150000 0.356181 0.324128
v -0.150000 0.356181 0.324128
v 0.150000 0.358240 0.324666
v -0.150000 0.358240 0.324666
v 0.150000 0.360311 0.325193
v -0.150000 0.360311 0.325193
v 0.150000 0.362394 0.325709
v -0.150000 0.362394 0.325709
v 0.150000 0.364488 0.326214
v -0.150000 0.364488 0.326214
v 0.150000 0.366594 0.326708
v -0.150000 0.366594 0.326708
v 0.150000 0.368712 0.327191
v -0.150000 0.368712 0.327191
v 0.150000 0.370841 0.327664
v -0.150000 0.370841 0.327664
v 0.150000 0.372982 0.328126
v -0.150000 0.372982 0.328126
v 0.150000 0.375135 0.328576
v -0.150000 0.375135 0.328576
v 0.150000 0.377300 0.329016
v -0.150000 0.377300 0.329016
v 0.150000 0.379476 0.329445
v -0.150000 0.379476 0.329445
v 0.150000 0.381664 0.329864
v -0.150000 0.381664 0.329864
v 0.150000 0.383863 0.330271
v -0.150000 0.383863 0.330271
v 0.150000 0.386075 0.330667
v -0.150000 0.386075 0.330667
v 0.150000 0.388298 0.331053
v -0.150000 0.388298 0.331053
v 0.150000 0.390533 0.331428
v -0.150000 0.390533 0.331428
v 0.150000 0.392779 0.331792
v -0.150000 0.392779 0.331792
v 0.150000 0.395037 0.332145
v -0.150000 0.395037 0.332145
v 0.150000 0.397307 0.332487
v -0.150000 0.397307 0.332487
v 0.150000 0.399588 0.332818
v -0.150000 0.399588 0.332818
v 0.150000 0.401882 0.333139
v -0.150000 0.401882 0.333139
v 0.150000 0.404187 0.333448
v -0.150000 0.404187 0.333448
v 0.150000 0.406503 0.333747
v -0.150000 0.406503 0.333747
v 0.150000 0.408832 0.334035
v -0.150000 0.408832 0.334035
v 0.150000 0.411172 0.334312
v -0.150000 0.411172 0.334312
v 0.150000 0.413523 0.334578
v -0.150000 0.413523 0.334578
v 0.150000 0.415887 0.334833
v -0.150000 0.415887 0.334833
v 0.150000 0.418262 0.335078
v -0.150000 0.418262 0.335078
v 0.150000 0.420649 0.335311
v -0.150000 0.420649 0.335311
v 0.150000 0.423047 0.335534
v -0.150000 0.423047 0.335534
v 0.150000 0.425457 0.335746
v -0.150000 0.425457 0.335746
v 0.150000 0.427879 0.335947
v -0.150000 0.427879 0.335947
v 0.150000 0.430313 0.336137
v -0.150000 0.430313 0.336137
v 0.150000 0.432758 0.336316
v -0.150000 0.432758 0.336316
v 0.150000 0.435215 0.336485
v -0.150000 0.435215 0.336485
v 0.150000 0.437684 0.336642
v -0.150000 0.437684 0.336642
v 0.150000 0.440164 0.336789
v -0.150000 0.440164 0.336789
v 0.150000 0.442656 0.336924
v -0.150000 0.442656 0.336924
v 0.150000 0.445160 0.337049
v -0.150000 0.445160 0.337049
v 0.150000 0.447676 0.337163
v -0.150000 0.447676 0.337163
v 0.150000 0.450203 0.337267
v -0.150000 0.450203 0.337267
v 0.150000 0.452742 0.337359
v -0.150000 0.452742 0.337359
v 0.150000 0.455292 0.337440
v -0.150000 0.455292 0.337440
v 0.150000 0.457855 0.337511
v -0.150000 0.457855 0.337511
v 0.150000 0.460429 0.337571
v -0.150000 0.460429 0.337571
v 0.150000 0.463014 0.337620
v -0.150000 0.463014 0.337620
v 0.150000 0.465612 0.337658
v -0.150000 0.465612 0.337658
v 0.150000 0.468221 0.337685
v -0.150000 0.468221 0.337685
v 0.150000 0.470842 0.337701
v -0.150000 0.470842 0.337701
v 0.150000 0.473474 0.337707
v -0.150000 0.473474 0.337707
v 0.150000 0.478090 0.337682
v -0.150000 0.478090 0.337682
v 0.150000 0.482669 0.337607
v -0.150000 0.482669 0.337607
v 0.150000 0.487210 0.337481
v -0.150000 0.487210 0.337481
v 0.150000 0.491713 0.337306
v -0.150000 0.491713 0.337306
v 0.150000 0.496179 0.337080
v -0.150000 0.496179 0.337080
v 0.150000 0.500607 0.336804
v -0.150000 0.500607 0.336804
v 0.150000 0.504997 0.336478
v -0.150000 0.504997 0.336478
v 0.150000 0.509350 0.336102
v -0.150000 0.509350 0.336102
v 0.150000 0.513665 0.335676
v -0.150000 0.513665 0.335676
v 0.150000 0.517943 0.335200
v -0.150000 0.517943 0.335200
v 0.150000 0.522183 0.334674
v -0.150000 0.522183 0.334674
v 0.150000 0.526386 0.334097
v -0.150000 0.526386 0.334097
v 0.150000 0.530550 0.333470
v -0.150000 0.530550 0.333470
v 0.150000 0.534678 0.332793
v -0.150000 0.534678 0.332793
v 0.150000 0.538767 0.332066
v -0.150000 0.538767 0.332066
v 0.150000 0.542819 0.331289
v -0.150000 0.542819 0.331289
v 0.150000 0.546834 0.330462
v -0.150000 0.546834 0.330462
v 0.150000 0.550811 0.329585
v -0.150000 0.550811 0.329585
v 0.150000 0.554750 0.328657
v -0.150000 0.554750 0.328657
v 0.150000 0.558652 0.327679
v -0.150000 0.558652 0.327679
v 0.150000 0.562516 0.326652
v -0.150000 0.562516 0.326652
v 0.150000 0.566342 0.325574
v -0.150000 0.566342 0.325574
v 0.150000 0.570131 0.324446
v -0.150000 0.570131 0.324446
v 0.150000 0.573882 0.323267
v -0.150000 0.573882 0.323267
v 0.150000 0.577596 0.322039
v -0.150000 0.577596 0.322039
v 0.150000 0.581272 0.320760
v -0.150000 0.581272 0.320760
v 0.150000 0.584910 0.319432
v -0.150000 0.584910 0.319432
v 0.150000 0.588511 0.318053
v -0.150000 0.588511 0.318053
v 0.150000 0.592074 0.316624
v -0.150000 0.592074 0.316624
v 0.150000 0.595600 0.315145
v -0.150000 0.595600 0.315145
v 0.150000 0.599088 0.313616
v -0.150000 0.599088 0.313616
v 0.150000 0.602538 0.312037
v -0.150000 0.602538 0.312037
v 0.150000 0.605951 0.310407
v -0.150000 0.605951 0.310407
v 0.150000 0.609326 0.308728
v -0.150000 0.609326 0.308728
v 0.150000 0.612664 0.306998
v -0.150000 0.612664 0.306998
v 0.150000 0.615964 0.305218
v -0.150000 0.615964 0.305218
v 0.150000 0.619226 0.303388
v -0.150000 0.619226 0.303388
v 0.150000 0.622451 0.301508
v -0.150000 0.622451 0.301508
v 0.150000 0.625638 0.299577
v -0.150000 0.625638 0.299577
v 0.150000 0.628788 0.297597
v -0.150000 0.628788 0.297597
v 0.150000 0.631900 0.295566
v -0.150000 0.631900 0.295566
v 0.150000 0.634974 0.293486
v -0.150000 0.634974 0.293486
v 0.150000 0.638011 0.291355
v -0.150000 0.638011 0.291355
v 0.150000 0.641010 0.289174
v -0.150000 0.641010 0.289174
v 0.150000 0.643972 0.286943
v -0.150000 0.643972 0.286943
v 0.150000 0.646896 0.284662
v -0.150000 0.646896 0.284662
v 0.150000 0.649782 0.282330
v -0.150000 0.649782 0.282330
v 0.150000 0.652631 0.279949
v -0.150000 0.652631 0.279949
v 0.150000 0.655442 0.277517
v -0.150000 0.655442 0.277517
v 0.150000 0.658216 0.275035
v -0.150000 0.658216 0.275035
v 0.150000 0.660952 0.272503
v -0.150000 0.660952 0.272503
v 0.150000 0.663650 0.269921
v -0.150000 0.663650 0.269921
v 0.150000 0.666311 0.267289
v -0.150000 0.666311 0.267289
v 0.150000 0.668934 0.264607
v -0.150000 0.668934 0.264607
v 0.150000 0.671519 0.261874
v -0.150000 0.671519 0.261874
v 0.150000 0.674067 0.259092
v -0.150000 0.674067 0.259092
v 0.150000 0.676578 0.256259
v -0.150000 0.676578 0.256259
v 0.150000 0.679050 0.253376
v -0.150000 0.679050 0.253376
v 0.150000 0.681486 0.250443
v -0.150000 0.681486 0.250443
v 0.150000 0.683883 0.247460
v -0.150000 0.683883 0.247460
v 0.150000 0.686243 0.244427
v -0.150000 0.686243 0.244427
v 0.150000 0.688565 0.241343
v -0.150000 0.688565 0.241343
v 0.150000 0.690850 0.238210
v -0.150000 0.690850 0.238210
v 0.150000 0.693098 0.235026
v -0.150000 0.693098 0.235026
v 0.150000 0.694798 0.232593
v -0.150000 0.694798 0.232593
v 0.150000 0.696475 0.230146
v -0.150000 0.696475 0.230146
v 0.150000 0.698130 0.227682
v -0.150000 0.698130 0.227682
v 0.150000 0.699762 0.225203
v -0.150000 0.699762 0.225203
v 0.150000 0.701372 0.222709
v -0.150000 0.701372 0.222709
v 0.150000 0.702960 0.220198
v -0.150000 0.702960 0.220198
v 0.150000 0.704524 0.217673
v -0.150000 0.704524 0.217673
v 0.150000 0.706066 0.215131
v -0.150000 0.706066 0.215131
v 0.150000 0.707586 0.212574
v -0.150000 0.707586 0.212574
v 0.150000 0.709083 0.210002
v -0.150000 0.709083 0.210002
v 0.150000 0.710557 0.207413
v -0.150000 0.710557 0.207413
v 0.150000 0.712009 0.204810
v -0.150000 0.712009 0.204810
v 0.150000 0.713439 0.202190
v -0.150000 0.713439 0.202190
v 0.150000 0.714845 0.199555
v -0.150000 0.714845 0.199555
v 0.150000 0.716230 0.196905
v -0.150000 0.716230 0.196905
v 0.150000 0.717591 0.194238
v -0.150000 0.717591 0.194238
v 0.150000 0.718930 0.191557
v -0.150000 0.718930 0.191557
v 0.150000 0.720247 0.188859
v -0.150000 0.720247 0.188859
v 0.150000 0.721541 0.186146
v -0.150000 0.721541 0.186146
v 0.150000 0.722812 0.183418
v -0.150000 0.722812 0.183418
v 0.150000 0.724061 0.180674
v -0.150000 0.724061 0.180674
v 0.150000 0.725287 0.177914
v -0.150000 0.725287 0.177914
v 0.150000 0.726491 0.175138
v -0.150000 0.726491 0.175138
v 0.150000 0.727672 0.172347
v -0.150000 0.727672 0.172347
v 0.150000 0.728831 0.169541
v -0.150000 0.728831 0.169541
v 0.150000 0.729967 0.166719
v -0.150000 0.729967 0.166719
v 0.150000 0.731080 0.163881
v -0.150000 0.731080 0.163881
v 0.150000 0.732171 0.161027
v -0.150000 0.732171 0.161027
v 0.150000 0.733240 0.158159
v -0.150000 0.733240 0.158159
v 0.150000 0.734285 0.155274
v -0.150000 0.734285 0.155274
v 0.150000 0.735309 0.152374
v -0.150000 0.735309 0.152374
v 0.150000 0.736309 0.149458
v -0.150000 0.736309 0.149458
v 0.150000 0.737287 0.146527
v -0.150000 0.737287 0.146527
v 0.150000 0.738243 0.143580
v -0.150000 0.738243 0.143580
v 0.150000 0.739176 0.140617
v -0.150000 0.739176 0.140617
v 0.150000 0.740086 0.137639
v -0.150000 0.740086 0.137639
v 0.150000 0.740974 0.134645
v -0.150000 0.740974 0.134645
v 0.150000 0.741839 0.131636
v -0.150000 0.741839 0.131636
v 0.150000 0.742682 0.128611
v -0.150000 0.742682 0.128611
v 0.150000 0.743502 0.125570
v -0.150000 0.743502 0.125570
v 0.150000 0.744300 0.122514
v -0.150000 0.744300 0.122514
v 0.150000 0.745075 0.119442
v -0.150000 0.745075 0.119443
v 0.150000 0.745827 0.116355
v -0.150000 0.745827 0.116355
v 0.150000 0.746557 0.113252
v -0.150000 0.746557 0.113252
v 0.150000 0.747265 0.110134
v -0.150000 0.747265 0.110134
v 0.150000 0.747949 0.107000
v -0.150000 0.747949 0.107000
v 0.150000 0.748612 0.103850
v -0.150000 0.748612 0.103850
v 0.150000 0.749251 0.100684
v -0.150000 0.749251 0.100684
v 0.150000 0.749868 0.097504
v -0.150000 0.749868 0.097504
v 0.150000 0.750463 0.094307
v -0.150000 0.750463 0.094307
v 0.150000 0.751035 0.091095
v -0.150000 0.751035 0.091095
v 0.150000 0.751584 0.087867
v -0.150000 0.751584 0.087867
v 0.150000 0.752111 0.084624
v -0.150000 0.752111 0.084624
v 0.150000 0.752616 0.081365
v -0.150000 0.752616 0.081365
v 0.150000 0.753097 0.078090
v -0.150000 0.753097 0.078090
v 0.150000 0.753556 0.074800
v -0.150000 0.753556 0.074800
v 0.150000 0.753993 0.071495
v -0.150000 0.753993 0.071495
v 0.150000 0.754407 0.068173
v -0.150000 0.754407 0.068173
v 0.150000 0.754799 0.064836
v -0.150000 0.754799 0.064836
v 0.150000 0.755168 0.061484
v -0.150000 0.755168 0.061484
v 0.150000 0.755514 0.058116
v -0.150000 0.755514 0.058116
v 0.150000 0.755838 0.054732
v -0.150000 0.755838 0.054732
v 0.150000 0.756139 0.051333
v -0.150000 0.756139 0.051333
v 0.150000 0.756418 0.047918
v -0.150000 0.756418 0.047918
v 0.150000 0.756435 0.047542
v -0.150000 0.756435 0.047542
v 0.150000 0.756453 0.047165
v -0.150000 0.756453 0.047165
v 0.150000 0.756470 0.046785
v -0.150000 0.756470 0.046785
v 0.150000 0.756487 0.046403
v -0.150000 0.756487 0.046403
v 0.150000 0.756503 0.046018
v -0.150000 0.756503 0.046018
v 0.150000 0.756519 0.045632
v -0.150000 0.756519 0.045632
v 0.150000 0.756536 0.045243
v -0.150000 0.756536 0.045243
v 0.150000 0.756551 0.044852
v -0.150000 0.756551 0.044852
v 0.150000 0.756567 0.044458
v -0.150000 0.756567 0.044458
v 0.150000 0.756582 0.044063
v -0.150000 0.756582 0.044063
v 0.150000 0.756597 0.043665
v -0.150000 0.756597 0.043665
v 0.150000 0.756611 0.043265
v -0.150000 0.756611 0.043265
v 0.150000 0.756626 0.042863
v -0.150000 0.756626 0.042863
v 0.150000 0.756640 0.042458
v -0.150000 0.756640 0.042458
v 0.150000 0.756654 0.042052
v -0.150000 0.756654 0.042052
v 0.150000 0.756667 0.041643
v -0.150000 0.756667 0.041643
v 0.150000 0.756680 0.041232
v -0.150000 0.756680 0.041232
v 0.150000 0.756693 0.040818
v -0.150000 0.756693 0.040818
v 0.150000 0.756706 0.040403
v -0.150000 0.756706 0.040403
v 0.150000 0.756718 0.039985
v -0.150000 0.756718 0.039985
v 0.150000 0.756730 0.039565
v -0.150000 0.756730 0.039565
v 0.150000 0.756742 0.039143
v -0.150000 0.756742 0.039143
v 0.150000 0.756754 0.038718
v -0.150000 0.756754 0.038718
v 0.150000 0.756765 0.038291
v -0.150000 0.756765 0.038292
v 0.150000 0.756776 0.037863
v -0.150000 0.756776 0.037863
v 0.150000 0.756787 0.037431
v -0.150000 0.756787 0.037431
v 0.150000 0.756797 0.036998
v -0.150000 0.756797 0.036998
v 0.150000 0.756808 0.036562
v -0.150000 0.756808 0.036562
v 0.150000 0.756817 0.036124
v -0.150000 0.756817 0.036124
v 0.150000 0.756827 0.035684
v -0.150000 0.756827 0.035684
v 0.150000 0.756836 0.035242
v -0.150000 0.756836 0.035242
v 0.150000 0.756845 0.034797
v -0.150000 0.756845 0.034798
v 0.150000 0.756854 0.034351
v -0.150000 0.756854 0.034351
v 0.150000 0.756863 0.033902
v -0.150000 0.756863 0.033902
v 0.150000 0.756871 0.033450
v -0.150000 0.756871 0.033450
v 0.150000 0.756879 0.032997
v -0.150000 0.756879 0.032997
v 0.150000 0.756887 0.032541
v -0.150000 0.756887 0.032541
v 0.150000 0.756894 0.032083
v -0.150000 0.756894 0.032083
v 0.150000 0.756901 0.031623
v -0.150000 0.756901 0.031623
v 0.150000 0.756908 0.031161
v -0.150000 0.756908 0.031161
v 0.150000 0.756914 0.030696
v -0.150000 0.756914 0.030696
v 0.150000 0.756921 0.030229
v -0.150000 0.756921 0.030229
v 0.150000 0.756927 0.029760
v -0.150000 0.756927 0.029760
v 0.150000 0.756932 0.029289
v -0.150000 0.756932 0.029289
v 0.150000 0.756938 0.028816
v -0.150000 0.756938 0.028816
v 0.150000 0.756943 0.028340
v -0.150000 0.756943 0.028340
v 0.150000 0.756948 0.027862
v -0.150000 0.756948 0.027862
v 0.150000 0.756952 0.027382
v -0.150000 0.756952 0.027382
v 0.150000 0.756957 0.026899
v -0.150000 0.756957 0.026899
v 0.150000 0.756961 0.026415
v -0.150000 0.756961 0.026415
v 0.150000 0.756965 0.025928
v -0.150000 0.756965 0.025928
v 0.150000 0.756968 0.025439
v -0.150000 0.756968 0.025439
v 0.150000 0.756971 0.024947
v -0.150000 0.756971 0.024947
v 0.150000 0.756974 0.024454
v -0.150000 0.756974 0.024454
v 0.150000 0.756977 0.023958
v -0.150000 0.756977 0.023958
v 0.150000 0.756979 0.023460
v -0.150000 0.756979 0.023460
v 0.150000 0.756981 0.022960
v -0.150000 0.756981 0.022960
v 0.150000 0.756983 0.022457
v -0.150000 0.756983 0.022457
v 0.150000 0.756985 0.021952
v -0.150000 0.756985 0.021952
v 0.150000 0.756986 0.021445
v -0.150000 0.756986 0.021445
v 0.150000 0.756987 0.020936
v -0.150000 0.756987 0.020936
v 0.150000 0.756988 0.020425
v -0.150000 0.756988 0.020425
v 0.150000 0.756988 0.019911
v -0.150000 0.756988 0.019911
v 0.150000 0.695379 -0.042784
v -0.150000 0.695379 -0.042784
v 0.150000 0.696533 -0.042789
v -0.150000 0.696533 -0.042789
v 0.150000 0.697676 -0.042805
v -0.150000 0.697676 -0.042805
v 0.150000 0.698808 -0.042831
v -0.150000 0.698808 -0.042831
v 0.150000 0.699930 -0.042868
v -0.150000 0.699930 -0.042868
v 0.150000 0.701041 -0.042916
v -0.150000 0.701041 -0.042916
v 0.150000 0.702141 -0.042974
v -0.150000 0.702141 -0.042974
v 0.150000 0.703231 -0.043043
v -0.150000 0.703231 -0.043043
v 0.150000 0.704310 -0.043123
v -0.150000 0.704310 -0.043122
v 0.150000 0.705379 -0.043212
v -0.150000 0.705379 -0.043212
v 0.150000 0.706437 -0.043313
v -0.150000 0.706437 -0.043313
v 0.150000 0.707485 -0.043424
v -0.150000 0.707485 -0.043424
v 0.150000 0.708522 -0.043546
v -0.150000 0.708522 -0.043546
v 0.150000 0.709548 -0.043678
v -0.150000 0.709548 -0.043678
v 0.150000 0.710564 -0.043821
v -0.150000 0.710564 -0.043821
v 0.150000 0.711569 -0.043975
v -0.150000 0.711569 -0.043975
v 0.150000 0.712564 -0.044139
v -0.150000 0.712564 -0.044139
v 0.150000 0.713548 -0.044313
v -0.150000 0.713548 -0.044313
v 0.150000 0.714522 -0.044499
v -0.150000 0.714522 -0.044498
v 0.150000 0.715485 -0.044694
v -0.150000 0.715485 -0.044694
v 0.150000 0.716437 -0.044901
v -0.150000 0.716437 -0.044901
v 0.150000 0.717379 -0.045118
v -0.150000 0.717379 -0.045118
v 0.150000 0.718310 -0.045345
v -0.150000 0.718310 -0.045345
v 0.150000 0.719230 -0.045583
v -0.150000 0.719230 -0.045583
v 0.150000 0.720140 -0.045832
v -0.150000 0.720140 -0.045832
v 0.150000 0.721040 -0.046091
v -0.150000 0.721040 -0.046091
v 0.150000 0.721929 -0.046361
v -0.150000 0.721929 -0.046361
v 0.150000 0.722807 -0.046642
v -0.150000 0.722807 -0.046642
v 0.150000 0.723675 -0.046933
v -0.150000 0.723675 -0.046933
v 0.150000 0.724532 -0.047235
v -0.150000 0.724532 -0.047235
v 0.150000 0.725378 -0.047547
v -0.150000 0.725378 -0.047547
v 0.150000 0.726214 -0.047870
v -0.150000 0.726214 -0.047870
v 0.150000 0.727039 -0.048203
v -0.150000 0.727039 -0.048203
v 0.150000 0.727854 -0.048547
v -0.150000 0.727854 -0.048547
v 0.150000 0.728658 -0.048902
v -0.150000 0.728658 -0.048902
v 0.150000 0.729452 -0.049267
v -0.150000 0.729452 -0.049267
v 0.150000 0.730235 -0.049643
v -0.150000 0.730235 -0.049643
v 0.150000 0.731007 -0.050029
v -0.150000 0.731007 -0.050029
v 0.150000 0.731769 -0.050426
v -0.150000 0.731769 -0.050426
v 0.150000 0.732520 -0.050833
v -0.150000 0.732520 -0.050833
v 0.150000 0.733261 -0.051251
v -0.150000 0.733261 -0.051251
v 0.150000 0.733991 -0.051680
v -0.150000 0.733991 -0.051680
v 0.150000 0.734710 -0.052119
v -0.150000 0.734710 -0.052119
v 0.150000 0.735419 -0.052569
v -0.150000 0.735419 -0.052569
v 0.150000 0.736118 -0.053030
v -0.150000 0.736118 -0.053030
v 0.150000 0.736805 -0.053501
v -0.150000 0.736805 -0.053501
v 0.150000 0.737482 -0.053982
v -0.150000 0.737482 -0.053982
v 0.150000 0.738149 -0.054474
v -0.150000 0.738149 -0.054474
v 0.150000 0.738805 -0.054977
v -0.150000 0.738805 -0.054977
v 0.150000 0.739450 -0.055491
v -0.150000 0.739450 -0.055491
v 0.150000 0.740085 -0.056015
v -0.150000 0.740085 -0.056014
v 0.150000 0.740709 -0.056549
v -0.150000 0.740709 -0.056549
v 0.150000 0.741323 -0.057094
v -0.150000 0.741323 -0.057094
v 0.150000 0.741926 -0.057650
v -0.150000 0.741926 -0.057650
v 0.150000 0.742518 -0.058216
v -0.150000 0.742518 -0.058216
v 0.150000 0.743100 -0.058793
v -0.150000 0.743100 -0.058793
v 0.150000 0.743672 -0.059380
v -0.150000 0.743672 -0.059380
v 0.150000 0.744232 -0.059978
v -0.150000 0.744232 -0.059978
v 0.150000 0.744782 -0.060587
v -0.150000 0.744782 -0.060587
v 0.150000 0.745322 -0.061206
v -0.150000 0.745322 -0.061206
v 0.150000 0.745851 -0.061836
v -0.150000 0.745851 -0.061836
v 0.150000 0.746369 -0.062476
v -0.150000 0.746369 -0.062476
v 0.150000 0.746877 -0.063127
v -0.150000 0.746877 -0.063127
v 0.150000 0.747374 -0.063789
v -0.150000 0.747374 -0.063789
v 0.150000 0.747861 -0.064461
v -0.150000 0.747861 -0.064461
v 0.150000 0.747312 -0.068160
v -0.150000 0.747312 -0.068160
v 0.150000 0.746733 -0.071842
v -0.150000 0.746733 -0.071842
v 0.150000 0.746126 -0.075507
v -0.150000 0.746126 -0.075507
v 0.150000 0.745490 -0.079154
v -0.150000 0.745490 -0.079154
v 0.150000 0.744825 -0.082785
v -0.150000 0.744825 -0.082785
v 0.150000 0.744131 -0.086398
v -0.150000 0.744131 -0.086398
v 0.150000 0.743408 -0.089993
v -0.150000 0.743408 -0.089993
v 0.150000 0.742656 -0.093572
v -0.150000 0.742656 -0.093572
v 0.150000 0.741875 -0.097133
v -0.150000 0.741875 -0.097133
v 0.150000 0.741065 -0.100677
v -0.150000 0.741065 -0.100677
v 0.150000 0.740226 -0.104203
v -0.150000 0.740226 -0.104203
v 0.150000 0.739358 -0.107713
v -0.150000 0.739358 -0.107713
v 0.150000 0.738461 -0.111205
v -0.150000 0.738461 -0.111205
v 0.150000 0.737535 -0.114680
v -0.150000 0.737535 -0.114680
v 0.150000 0.736580 -0.118137
v -0.150000 0.736580 -0.118137
v 0.150000 0.735596 -0.121577
v -0.150000 0.735596 -0.121577
v 0.150000 0.734584 -0.125000
v -0.150000 0.734584 -0.125000
v 0.150000 0.733542 -0.128406
v -0.150000 0.733542 -0.128406
v 0.150000 0.732471 -0.131794
v -0.150000 0.732471 -0.131794
v 0.150000 0.731371 -0.135166
v -0.150000 0.731371 -0.135166
v 0.150000 0.730243 -0.138520
v -0.150000 0.730243 -0.138520
v 0.150000 0.729085 -0.141856
v -0.150000 0.729085 -0.141856
v 0.150000 0.727898 -0.145176
v -0.150000 0.727898 -0.145176
v 0.150000 0.726683 -0.148478
v -0.150000 0.726683 -0.148478
v 0.150000 0.725438 -0.151762
v -0.150000 0.725438 -0.151762
v 0.150000 0.724165 -0.155030
v -0.150000 0.724165 -0.155030
v 0.150000 0.722862 -0.158280
v -0.150000 0.722862 -0.158280
v 0.150000 0.721531 -0.161513
v -0.150000 0.721531 -0.161513
v 0.150000 0.720170 -0.164729
v -0.150000 0.720170 -0.164729
v 0.150000 0.718781 -0.167928
v -0.150000 0.718781 -0.167928
v 0.150000 0.717363 -0.171109
v -0.150000 0.717363 -0.171109
v 0.150000 0.715915 -0.174273
v -0.150000 0.715915 -0.174273
v 0.150000 0.714439 -0.177419
v -0.150000 0.714439 -0.177419
v 0.150000 0.712934 -0.180549
v -0.150000 0.712934 -0.180549
v 0.150000 0.711400 -0.183661
v -0.150000 0.711400 -0.183661
v 0.150000 0.709836 -0.186756
v -0.150000 0.709836 -0.186756
v 0.150000 0.708244 -0.189833
v -0.150000 0.708244 -0.189833
v 0.150000 0.706623 -0.192894
v -0.150000 0.706623 -0.192894
v 0.150000 0.704973 -0.195937
v -0.150000 0.704973 -0.195937
v 0.150000 0.703294 -0.198962
v -0.150000 0.703294 -0.198962
v 0.150000 0.701586 -0.201971
v -0.150000 0.701586 -0.201971
v 0.150000 0.699849 -0.204962
v -0.150000 0.699849 -0.204962
v 0.150000 0.698083 -0.207936
v -0.150000 0.698083 -0.207936
v 0.150000 0.696288 -0.210893
v -0.150000 0.696288 -0.210893
v 0.150000 0.694464 -0.213832
v -0.150000 0.694464 -0.213832
v 0.150000 0.692611 -0.216755
v -0.150000 0.692611 -0.216755
v 0.150000 0.690729 -0.219659
v -0.150000 0.690729 -0.219659
v 0.150000 0.688819 -0.222547
v -0.150000 0.688819 -0.222547
v 0.150000 0.686879 -0.225417
v -0.150000 0.686879 -0.225417
v 0.150000 0.684910 -0.228270
v -0.150000 0.684910 -0.228270
v 0.150000 0.682912 -0.231106
v -0.150000 0.682912 -0.231106
v 0.150000 0.680886 -0.233925
v -0.150000 0.680886 -0.233925
v 0.150000 0.678830 -0.236726
v -0.150000 0.678830 -0.236726
v 0.150000 0.676746 -0.239510
v -0.150000 0.676746 -0.239510
v 0.150000 0.674632 -0.242277
v -0.150000 0.674632 -0.242277
v 0.150000 0.672489 -0.245026
v -0.150000 0.672489 -0.245026
v 0.150000 0.670318 -0.247759
v -0.150000 0.670318 -0.247759
v 0.150000 0.668117 -0.250473
v -0.150000 0.668117 -0.250473
v 0.150000 0.665888 -0.253171
v -0.150000 0.665888 -0.253171
v 0.150000 0.663630 -0.255852
v -0.150000 0.663630 -0.255852
v 0.150000 0.661342 -0.258515
v -0.150000 0.661342 -0.258515
v 0.150000 0.659026 -0.261161
v -0.150000 0.659026 -0.261161
v 0.150000 0.656680 -0.263789
v -0.150000 0.656680 -0.263789
v 0.150000 0.654307 -0.266400
v -0.150000 0.654307 -0.266400
v 0.150000 0.652482 -0.268443
v -0.150000 0.652482 -0.268443
v 0.150000 0.650644 -0.270469
v -0.150000 0.650644 -0.270469
v 0.150000 0.648792 -0.272480
v -0.150000 0.648792 -0.272480
v 0.150000 0.646927 -0.274476
v -0.150000 0.646927 -0.274476
v 0.150000 0.645048 -0.276456
v -0.150000 0.645048 -0.276456
v 0.150000 0.643156 -0.278420
v -0.150000 0.643156 -0.278420
v 0.150000 0.641251 -0.280369
v -0.150000 0.641251 -0.280369
v 0.150000 0.639333 -0.282302
v -0.150000 0.639333 -0.282302
v 0.150000 0.637401 -0.284219
v -0.150000 0.637401 -0.284219
v 0.150000 0.635455 -0.286121
v -0.150000 0.635455 -0.286121
v 0.150000 0.633497 -0.288007
v -0.150000 0.633497 -0.288007
v 0.150000 0.631525 -0.289878
v -0.150000 0.631525 -0.289878
v 0.150000 0.629539 -0.291733
v -0.150000 0.629539 -0.291733
v 0.150000 0.627540 -0.293573
v -0.150000 0.627540 -0.293573
v 0.150000 0.625528 -0.295397
v -0.150000 0.625528 -0.295397
v 0.150000 0.623503 -0.297205
v -0.150000 0.623503 -0.297205
v 0.150000 0.621464 -0.298998
v -0.150000 0.621464 -0.298998
v 0.150000 0.619411 -0.300775
v -0.150000 0.619411 -0.300775
v 0.150000 0.617346 -0.302536
v -0.150000 0.617346 -0.302536
v 0.150000 0.615267 -0.304282
v -0.150000 0.615267 -0.304282
v 0.150000 0.613174 -0.306012
v -0.150000 0.613174 -0.306012
v 0.150000 0.611069 -0.307727
v -0.150000 0.611069 -0.307727
v 0.150000 0.608949 -0.309426
v -0.150000 0.608949 -0.309426
v 0.150000 0.606817 -0.311110
v -0.150000 0.606817 -0.311110
v 0.150000 0.604671 -0.312777
v -0.150000 0.604671 -0.312777
v 0.150000 0.602512 -0.314430
v -0.150000 0.602512 -0.314430
v 0.150000 0.600339 -0.316066
v -0.150000 0.600339 -0.316066
v 0.150000 0.598153 -0.317688
v -0.150000 0.598153 -0.317688
v 0.150000 0.595954 -0.319293
v -0.150000 0.595954 -0.319293
v 0.150000 0.593741 -0.320883
v -0.150000 0.593741 -0.320883
v 0.150000 0.591515 -0.322457
v -0.150000 0.591515 -0.322457
v 0.150000 0.589276 -0.324016
v -0.150000 0.589276 -0.324016
v 0.150000 0.587023 -0.325559
v -0.150000 0.587023 -0.325559
v 0.150000 0.584756 -0.327087
v -0.150000 0.584756 -0.327087
v 0.150000 0.582477 -0.328599
v -0.150000 0.582477 -0.328599
v 0.150000 0.580184 -0.330095
v -0.150000 0.580184 -0.330095
v 0.150000 0.577878 -0.331576
v -0.150000 0.577878 -0.331576
v 0.150000 0.575558 -0.333041
v -0.150000 0.575558 -0.333041
v 0.150000 0.573225 -0.334490
v -0.150000 0.573225 -0.334490
v 0.150000 0.570879 -0.335924
v -0.150000 0.570879 -0.335924
v 0.150000 0.568519 -0.337343
v -0.150000 0.568519 -0.337343
v 0.150000 0.566146 -0.338745
v -0.150000 0.566146 -0.338745
v 0.150000 0.563759 -0.340132
v -0.150000 0.563759 -0.340132
v 0.150000 0.561359 -0.341504
v -0.150000 0.561359 -0.341504
v 0.150000 0.558946 -0.342860
v -0.150000 0.558946 -0.342860
v 0.150000 0.556519 -0.344200
v -0.150000 0.556519 -0.344200
v 0.150000 0.554079 -0.345525
v -0.150000 0.554079 -0.345525
v 0.150000 0.551626 -0.346834
v -0.150000 0.551626 -0.346834
v 0.150000 0.549159 -0.348128
v -0.150000 0.549159 -0.348128
v 0.150000 0.546679 -0.349406
v -0.150000 0.546679 -0.349406
v 0.150000 0.544185 -0.350668
v -0.150000 0.544185 -0.350668
v 0.150000 0.541679 -0.351915
v -0.150000 0.541679 -0.351915
v 0.150000 0.539158 -0.353146
v -0.150000 0.539158 -0.353146
v 0.150000 0.536625 -0.354361
v -0.150000 0.536625 -0.354361
v 0.150000 0.534078 -0.355561
v -0.150000 0.534078 -0.355561
v 0.150000 0.531517 -0.356746
v -0.150000 0.531517 -0.356746
v 0.150000 0.528944 -0.357914
v -0.150000 0.528944 -0.357914
v 0.150000 0.526357 -0.359068
v -0.150000 0.526357 -0.359068
v 0.150000 0.523756 -0.360205
v -0.150000 0.523756 -0.360205
v 0.150000 0.521142 -0.361327
v -0.150000 0.521142 -0.361327
v 0.150000 0.518515 -0.362433
v -0.150000 0.518515 -0.362433
v 0.150000 0.515875 -0.363524
v -0.150000 0.515875 -0.363524
v 0.150000 0.513221 -0.364599
v -0.150000 0.513221 -0.364599
v 0.150000 0.510553 -0.365659
v -0.150000 0.510553 -0.365659
v 0.150000 0.509000 -0.366278
v -0.150000 0.509000 -0.366278
v 0.150000 0.507440 -0.366887
v -0.150000 0.507440 -0.366887
v 0.150000 0.505876 -0.367487
v -0.150000 0.505876 -0.367487
v 0.150000 0.504305 -0.368077
v -0.150000 0.504305 -0.368077
v 0.150000 0.502729 -0.368657
v -0.150000 0.502729 -0.368657
v 0.150000 0.501148 -0.369227
v -0.150000 0.501148 -0.369227
v 0.150000 0.499560 -0.369788
v -0.150000 0.499560 -0.369788
v 0.150000 0.497968 -0.370338
v -0.150000 0.497968 -0.370338
v 0.150000 0.496369 -0.370879
v -0.150000 0.496369 -0.370879
v 0.150000 0.494766 -0.371411
v -0.150000 0.494766 -0.371411
v 0.150000 0.493156 -0.371932
v -0.150000 0.493156 -0.371932
v 0.150000 0.491541 -0.372444
v -0.150000 0.491541 -0.372444
v 0.150000 0.489921 -0.372946
v -0.150000 0.489921 -0.372946
v 0.150000 0.488295 -0.373439
v -0.150000 0.488295 -0.373439
v 0.150000 0.486663 -0.373921
v -0.150000 0.486663 -0.373921
v 0.150000 0.485026 -0.374394
v -0.150000 0.485026 -0.374394
v 0.150000 0.483383 -0.374857
v -0.150000 0.483383 -0.374857
v 0.150000 0.481734 -0.375310
v -0.150000 0.481734 -0.375310
v 0.150000 0.480080 -0.375754
v -0.150000 0.480080 -0.375754
v 0.150000 0.478421 -0.376188
v -0.150000 0.478421 -0.376188
v 0.150000 0.476756 -0.376612
v -0.150000 0.476756 -0.376612
v 0.150000 0.475085 -0.377026
v -0.150000 0.475085 -0.377026
v 0.150000 0.473409 -0.377431
v -0.150000 0.473409 -0.377431
v 0.150000 0.471727 -0.377826
v -0.150000 0.471727 -0.377826
v 0.150000 0.470040 -0.378211
v -0.150000 0.470040 -0.378211
v 0.150000 0.468347 -0.378586
v -0.150000 0.468347 -0.378586
v 0.150000 0.466648 -0.378952
v -0.150000 0.466648 -0.378952
v 0.150000 0.464944 -0.379307
v -0.150000 0.464944 -0.379307
v 0.150000 0.463234 -0.379653
v -0.150000 0.463234 -0.379653
v 0.150000 0.461519 -0.379990
v -0.150000 0.461519 -0.379990
v 0.150000 0.459798 -0.380316
v -0.150000 0.459798 -0.380316
v 0.150000 0.458072 -0.380633
v -0.150000 0.458072 -0.380633
v 0.150000 0.456340 -0.380940
v -0.150000 0.456340 -0.380940
v 0.150000 0.454602 -0.381238
v -0.150000 0.454602 -0.381238
v 0.150000 0.452859 -0.381525
v -0.150000 0.452859 -0.381525
v 0.150000 0.451111 -0.381803
v -0.150000 0.451111 -0.381803
v 0.150000 0.449356 -0.382071
v -0.150000 0.449356 -0.382071
v 0.150000 0.447596 -0.382330
v -0.150000 0.447596 -0.382330
v 0.150000 0.445831 -0.382578
v -0.150000 0.445831 -0.382578
v 0.150000 0.444060 -0.382817
v -0.150000 0.444060 -0.382817
v 0.150000 0.442284 -0.383046
v -0.150000 0.442284 -0.383046
v 0.150000 0.440501 -0.383265
v -0.150000 0.440501 -0.383265
v 0.150000 0.438714 -0.383475
v -0.150000 0.438714 -0.383475
v 0.150000 0.436921 -0.383675
v -0.150000 0.436921 -0.383675
v 0.150000 0.435122 -0.383865
v -0.150000 0.435122 -0.383865
v 0.150000 0.433317 -0.384045
v -0.150000 0.433317 -0.384045
v 0.150000 0.431507 -0.384216
v -0.150000 0.431507 -0.384216
v 0.150000 0.429692 -0.384377
v -0.150000 0.429692 -0.384377
v 0.150000 0.427871 -0.384528
v -0.150000 0.427871 -0.384528
v 0.150000 0.426044 -0.384669
v -0.150000 0.426044 -0.384669
v 0.150000 0.424212 -0.384801
v -0.150000 0.424212 -0.384801
v 0.150000 0.422374 -0.384923
v -0.150000 0.422374 -0.384923
v 0.150000 0.420531 -0.385035
v -0.150000 0.420531 -0.385035
v 0.150000 0.418682 -0.385137
v -0.150000 0.418682 -0.385137
v 0.150000 0.416827 -0.385230
v -0.150000 0.416827 -0.385230
v 0.150000 0.414967 -0.385313
v -0.150000 0.414967 -0.385313
v 0.150000 0.413101 -0.385386
v -0.150000 0.413101 -0.385386
v 0.150000 0.411230 -0.385449
v -0.150000 0.411230 -0.385449
v 0.150000 0.409353 -0.385503
v -0.150000 0.409353 -0.385503
v 0.150000 0.407471 -0.385547
v -0.150000 0.407471 -0.385547
v 0.150000 0.405583 -0.385581
v -0.150000 0.405583 -0.385581
v 0.150000 0.403690 -0.385605
v -0.150000 0.403690 -0.385605
v 0.150000 0.401790 -0.385620
v -0.150000 0.401790 -0.385620
v 0.150000 0.399886 -0.385625
v -0.150000 0.399886 -0.385625
v 0.150000 0.397434 -0.385618
v -0.150000 0.397434 -0.385618
v 0.150000 0.394996 -0.385596
v -0.150000 0.394996 -0.385596
v 0.150000 0.392575 -0.385561
v -0.150000 0.392575 -0.385561
v 0.150000 0.390168 -0.385511
v -0.150000 0.390168 -0.385511
v 0.150000 0.387777 -0.385447
v -0.150000 0.387777 -0.385447
v 0.150000 0.385401 -0.385369
v -0.150000 0.385401 -0.385369
v 0.150000 0.383041 -0.385277
v -0.150000 0.383041 -0.385277
v 0.150000 0.380696 -0.385170
v -0.150000 0.380696 -0.385170
v 0.150000 0.378366 -0.385049
v -0.150000 0.378366 -0.385049
v 0.150000 0.376051 -0.384914
v -0.150000 0.376051 -0.384914
v 0.150000 0.373752 -0.384765
v -0.150000 0.373752 -0.384765
v 0.150000 0.371468 -0.384602
v -0.150000 0.371468 -0.384602
v 0.150000 0.369200 -0.384424
v -0.150000 0.369200 -0.384424
v 0.150000 0.366946 -0.384232
v -0.150000 0.366946 -0.384232
v 0.150000 0.364708 -0.384026
v -0.150000 0.364708 -0.384026
v 0.150000 0.362486 -0.383806
v -0.150000 0.362486 -0.383806
v 0.150000 0.360278 -0.383572
v -0.150000 0.360278 -0.383572
v 0.150000 0.358086 -0.383323
v -0.150000 0.358086 -0.383323
v 0.150000 0.355910 -0.383061
v -0.150000 0.355910 -0.383061
v 0.150000 0.353749 -0.382784
v -0.150000 0.353749 -0.382784
v 0.150000 0.351602 -0.382492
v -0.150000 0.351602 -0.382492
v 0.150000 0.349472 -0.382187
v -0.150000 0.349472 -0.382187
v 0.150000 0.347356 -0.381867
v -0.150000 0.347356 -0.381867
v 0.150000 0.345256 -0.381533
v -0.150000 0.345256 -0.381533
v 0.150000 0.343172 -0.381185
v -0.150000 0.343172 -0.381185
v 0.150000 0.341102 -0.380823
v -0.150000 0.341102 -0.380823
v 0.150000 0.339048 -0.380447
v -0.150000 0.339048 -0.380447
v 0.150000 0.337009 -0.380056
v -0.150000 0.337009 -0.380056
v 0.150000 0.334986 -0.379651
v -0.150000 0.334986 -0.379651
v 0.150000 0.332978 -0.379232
v -0.150000 0.332978 -0.379232
v 0.150000 0.330985 -0.378799
v -0.150000 0.330985 -0.378799
v 0.150000 0.329007 -0.378351
v -0.150000 0.329007 -0.378351
v 0.150000 0.327045 -0.377890
v -0.150000 0.327045 -0.377890
v 0.150000 0.325098 -0.377414
v -0.150000 0.325098 -0.377414
v 0.150000 0.323167 -0.376924
v -0.150000 0.323167 -0.376924
v 0.150000 0.321251 -0.376419
v -0.150000 0.321251 -0.376419
v 0.150000 0.319350 -0.375901
v -0.150000 0.319350 -0.375901
v 0.150000 0.317464 -0.375368
v -0.150000 0.317464 -0.375368
v 0.150000 0.315594 -0.374821
v -0.150000 0.315594 -0.374821
v 0.150000 0.313739 -0.374260
v -0.150000 0.313739 -0.374260
v 0.150000 0.311899 -0.373685
v -0.150000 0.311899 -0.373685
v 0.150000 0.310075 -0.373095
v -0.150000 0.310075 -0.373095
v 0.150000 0.308266 -0.372492
v -0.150000 0.308266 -0.372492
v 0.150000 0.306472 -0.371874
v -0.150000 0.306472 -0.371874
v 0.150000 0.304694 -0.371242
v -0.150000 0.304694 -0.371242
v 0.150000 0.302931 -0.370595
v -0.150000 0.302931 -0.370595
v 0.150000 0.301183 -0.369935
v -0.150000 0.301183 -0.369935
v 0.150000 0.299451 -0.369260
v -0.150000 0.299451 -0.369260
v 0.150000 0.297734 -0.368571
v -0.150000 0.297734 -0.368571
v 0.150000 0.296032 -0.367868
v -0.150000 0.296032 -0.367868
v 0.150000 0.294346 -0.367150
v -0.150000 0.294346 -0.367150
v 0.150000 0.292675 -0.366419
v -0.150000 0.292675 -0.366419
v 0.150000 0.291019 -0.365673
v -0.150000 0.291019 -0.365673
v 0.150000 0.289378 -0.364913
v -0.150000 0.289378 -0.364913
v 0.150000 0.287753 -0.364139
v -0.150000 0.287753 -0.364139
v 0.150000 0.286143 -0.363350
v -0.150000 0.286143 -0.363350
v 0.150000 0.284549 -0.362548
v -0.150000 0.284549 -0.362548
v 0.150000 0.282970 -0.361731
v -0.150000 0.282970 -0.361731
v 0.150000 0.281406 -0.360900
v -0.150000 0.281406 -0.360900
v 0.150000 0.279857 -0.360055
v -0.150000 0.279857 -0.360055
v 0.150000 0.278324 -0.359195
v -0.150000 0.278324 -0.359195
v 0.150000 0.276806 -0.358322
v -0.150000 0.276806 -0.358322
v 0.150000 0.275304 -0.357434
v -0.150000 0.275304 -0.357434
v 0.150000 0.273816 -0.356532
v -0.150000 0.273816 -0.356532
v 0.150000 0.272614 -0.355747
v -0.150000 0.272614 -0.355747
v 0.150000 0.271430 -0.354961
v -0.150000 0.271430 -0.354961
v 0.150000 0.270265 -0.354175
v -0.150000 0.270265 -0.354175
v 0.150000 0.269119 -0.353388
v -0.150000 0.269119 -0.353388
v 0.150000 0.267992 -0.352599
v -0.150000 0.267992 -0.352599
v 0.150000 0.266884 -0.351810
v -0.150000 0.266884 -0.351810
v 0.150000 0.265795 -0.351021
v -0.150000 0.265795 -0.351021
v 0.150000 0.264725 -0.350230
v -0.150000 0.264725 -0.350230
v 0.150000 0.263674 -0.349439
v -0.150000 0.263674 -0.349439
v 0.150000 0.262641 -0.348646
v -0.150000 0.262641 -0.348646
v 0.150000 0.261628 -0.347853
v -0.150000 0.261628 -0.347853
v 0.150000 0.260634 -0.347059
v -0.150000 0.260634 -0.347059
v 0.150000 0.259658 -0.346264
v -0.150000 0.259658 -0.346264
v 0.150000 0.258702 -0.345469
v -0.150000 0.258702 -0.345469
v 0.150000 0.257764 -0.344672
v -0.150000 0.257764 -0.344672
v 0.150000 0.256845 -0.343875
v -0.150000 0.256845 -0.343875
v 0.150000 0.255946 -0.343077
v -0.150000 0.255946 -0.343077
v 0.150000 0.255065 -0.342278
v -0.150000 0.255065 -0.342278
v 0.150000 0.254203 -0.341478
v -0.150000 0.254203 -0.341478
v 0.150000 0.253360 -0.340677
v -0.150000 0.253360 -0.340677
v 0.150000 0.252536 -0.339876
v -0.150000 0.252536 -0.339876
v 0.150000 0.251731 -0.339073
v -0.150000 0.251731 -0.339073
v 0.150000 0.250945 -0.338270
v -0.150000 0.250945 -0.338270
v 0.150000 0.250178 -0.337466
v -0.150000 0.250178 -0.337466
v 0.150000 0.249430 -0.336661
v -0.150000 0.249430 -0.336661
v 0.150000 0.248701 -0.335856
v -0.150000 0.248701 -0.335856
v 0.150000 0.247991 -0.335049
v -0.150000 0.247991 -0.335049
v 0.150000 0.247299 -0.334242
v -0.150000 0.247299 -0.334242
v 0.150000 0.246627 -0.333434
v -0.150000 0.246627 -0.333434
v 0.150000 0.245973 -0.332625
v -0.150000 0.245973 -0.332625
v 0.150000 0.245339 -0.331815
v -0.150000 0.245339 -0.331815
v 0.150000 0.244723 -0.331004
v -0.150000 0.244723 -0.331004
v 0.150000 0.244127 -0.330193
v -0.150000 0.244127 -0.330193
v 0.150000 0.243549 -0.329380
v -0.150000 0.243549 -0.329380
v 0.150000 0.242990 -0.328567
v -0.150000 0.242990 -0.328567
v 0.150000 0.242450 -0.327753
v -0.150000 0.242450 -0.327753
v 0.150000 0.241930 -0.326938
v -0.150000 0.241930 -0.326938
v 0.150000 0.241428 -0.326122
v -0.150000 0.241428 -0.326122
v 0.150000 0.240945 -0.325306
v -0.150000 0.240945 -0.325306
v 0.150000 0.240481 -0.324488
v -0.150000 0.240481 -0.324488
v 0.150000 0.240036 -0.323670
v -0.150000 0.240036 -0.323670
v 0.150000 0.239609 -0.322851
v -0.150000 0.239609 -0.322851
v 0.150000 0.239202 -0.322031
v -0.150000 0.239202 -0.322031
v 0.150000 0.238814 -0.321211
v -0.150000 0.238814 -0.321211
v 0.150000 0.238445 -0.320389
v -0.150000 0.238445 -0.320389
v 0.150000 0.238094 -0.319567
v -0.150000 0.238094 -0.319567
v 0.150000 0.237763 -0.318743
v -0.150000 0.237763 -0.318743
v 0.150000 0.237450 -0.317919
v -0.150000 0.237450 -0.317919
v 0.150000 0.237157 -0.317094
v -0.150000 0.237157 -0.317094
v 0.150000 0.236882 -0.316269
v -0.150000 0.236882 -0.316269
v 0.150000 0.236626 -0.315442
v -0.150000 0.236626 -0.315442
v 0.150000 0.236389 -0.314615
v -0.150000 0.236389 -0.314615
v 0.150000 0.236172 -0.313786
v -0.150000 0.236172 -0.313786
v 0.150000 0.235973 -0.312957
v -0.150000 0.235973 -0.312957
v 0.150000 0.235793 -0.312127
v -0.150000 0.235793 -0.312127
v 0.150000 0.235632 -0.311297
v -0.150000 0.235632 -0.311297
v 0.150000 0.235490 -0.310465
v -0.150000 0.235490 -0.310465
v 0.150000 0.235367 -0.309633
v -0.150000 0.235367 -0.309633
v 0.150000 0.235262 -0.308799
v -0.150000 0.235262 -0.308799
v 0.150000 0.235177 -0.307965
v -0.150000 0.235177 -0.307965
v 0.150000 0.235111 -0.307130
v -0.150000 0.235111 -0.307130
v 0.150000 0.235064 -0.306295
v -0.150000 0.235064 -0.306295
v 0.150000 0.235035 -0.305458
v -0.150000 0.235035 -0.305458
v 0.150000 0.235026 -0.304621
v -0.150000 0.235026 -0.304621
v 0.150000 0.235044 -0.303741
v -0.150000 0.235044 -0.303741
v 0.150000 0.235099 -0.302850
v -0.150000 0.235099 -0.302850
v 0.150000 0.235190 -0.301946
v -0.150000 0.235190 -0.301946
v 0.150000 0.235318 -0.301031
v -0.150000 0.235318 -0.301031
v 0.150000 0.235482 -0.300103
v -0.150000 0.235482 -0.300103
v 0.150000 0.235682 -0.299164
v -0.150000 0.235682 -0.299164
v 0.150000 0.235920 -0.298213
v -0.150000 0.235920 -0.298213
v 0.150000 0.236193 -0.297249
v -0.150000 0.236193 -0.297249
v 0.150000 0.236503 -0.296274
v -0.150000 0.236503 -0.296274
v 0.150000 0.236850 -0.295287
v -0.150000 0.236850 -0.295287
v 0.150000 0.237233 -0.294288
v -0.150000 0.237233 -0.294288
v 0.150000 0.237653 -0.293276
v -0.150000 0.237653 -0.293276
v 0.150000 0.238109 -0.292253
v -0.150000 0.238109 -0.292253
v 0.150000 0.238602 -0.291218
v -0.150000 0.238602 -0.291218
v 0.150000 0.239131 -0.290171
v -0.150000 0.239131 -0.290171
v 0.150000 0.239696 -0.289112
v -0.150000 0.239696 -0.289112
v 0.150000 0.240298 -0.288040
v -0.150000 0.240298 -0.288040
v 0.150000 0.240937 -0.286957
v -0.150000 0.240937 -0.286957
v 0.150000 0.241612 -0.285862
v -0.150000 0.241612 -0.285862
v 0.150000 0.242323 -0.284755
v -0.150000 0.242323 -0.284755
v 0.150000 0.243071 -0.283636
v -0.150000 0.243071 -0.283636
v 0.150000 0.243856 -0.282505
v -0.150000 0.243856 -0.282505
v 0.150000 0.244677 -0.281362
v -0.150000 0.244677 -0.281362
v 0.150000 0.245534 -0.280207
v -0.150000 0.245534 -0.280207
v 0.150000 0.246428 -0.279040
v -0.150000 0.246428 -0.279040
v 0.150000 0.247359 -0.277861
v -0.150000 0.247359 -0.277861
v 0.150000 0.248326 -0.276670
v -0.150000 0.248326 -0.276670
v 0.150000 0.249329 -0.275468
v -0.150000 0.249329 -0.275468
v 0.150000 0.250369 -0.274253
v -0.150000 0.250369 -0.274253
v 0.150000 0.251446 -0.273026
v -0.150000 0.251446 -0.273026
v 0.150000 0.252559 -0.271787
v -0.150000 0.252559 -0.271787
v 0.150000 0.253708 -0.270536
v -0.150000 0.253708 -0.270536
v 0.150000 0.254894 -0.269273
v -0.150000 0.254894 -0.269273
v 0.150000 0.256116 -0.267999
v -0.150000 0.256116 -0.267999
v 0.150000 0.257375 -0.266712
v -0.150000 0.257375 -0.266712
v 0.150000 0.258670 -0.265413
v -0.150000 0.258670 -0.265413
v 0.150000 0.260002 -0.264103
v -0.150000 0.260002 -0.264103
v 0.150000 0.261371 -0.262780
v -0.150000 0.261371 -0.262780
v 0.150000 0.262775 -0.261445
v -0.150000 0.262775 -0.261445
v 0.150000 0.264217 -0.260099
v -0.150000 0.264217 -0.260099
v 0.150000 0.265694 -0.258740
v -0.150000 0.265694 -0.258740
v 0.150000 0.267209 -0.257370
v -0.150000 0.267209 -0.257370
v 0.150000 0.268760 -0.255987
v -0.150000 0.268760 -0.255987
v 0.150000 0.270347 -0.254593
v -0.150000 0.270347 -0.254593
v 0.150000 0.271971 -0.253186
v -0.150000 0.271971 -0.253186
v 0.150000 0.273631 -0.251768
v -0.150000 0.273631 -0.251768
v 0.150000 0.275328 -0.250337
v -0.150000 0.275328 -0.250337
v 0.150000 0.277061 -0.248895
v -0.150000 0.277061 -0.248895
v 0.150000 0.278830 -0.247440
v -0.150000 0.278830 -0.247440
v 0.150000 0.280637 -0.245974
v -0.150000 0.280637 -0.245974
v 0.150000 0.282479 -0.244496
v -0.150000 0.282479 -0.244496
v 0.150000 0.284358 -0.243005
v -0.150000 0.284358 -0.243005
v 0.150000 0.286274 -0.241503
v -0.150000 0.286274 -0.241503
v 0.150000 0.288226 -0.239989
v -0.150000 0.288226 -0.239989
v 0.150000 0.290215 -0.238462
v -0.150000 0.290215 -0.238462
v 0.150000 0.292240 -0.236924
v -0.150000 0.292240 -0.236924
v 0.150000 0.294302 -0.235374
v -0.150000 0.294302 -0.235374
v 0.150000 0.296400 -0.233812
v -0.150000 0.296400 -0.233812
v 0.150000 0.298534 -0.232238
v -0.150000 0.298534 -0.232238
v 0.150000 0.300705 -0.230651
v -0.150000 0.300705 -0.230651
v 0.150000 0.302913 -0.229053
v -0.150000 0.302913 -0.229053
v 0.150000 0.305157 -0.227443
v -0.150000 0.305157 -0.227443
v 0.150000 0.307438 -0.225821
v -0.150000 0.307438 -0.225821
v 0.150000 0.309755 -0.224187
v -0.150000 0.309755 -0.224187
v 0.150000 0.314247 -0.220973
v -0.150000 0.314247 -0.220973
v 0.150000 0.318738 -0.217782
v -0.150000 0.318738 -0.217782
v 0.150000 0.323229 -0.214616
v -0.150000 0.323229 -0.214616
v 0.150000 0.327719 -0.211475
v -0.150000 0.327719 -0.211475
v 0.150000 0.332209 -0.208357
v -0.150000 0.332209 -0.208357
v 0.150000 0.336698 -0.205264
v -0.150000 0.336698 -0.205264
v 0.150000 0.341187 -0.202195
v -0.150000 0.341187 -0.202195
v 0.150000 0.345675 -0.199150
v -0.150000 0.345675 -0.199150
v 0.150000 0.350163 -0.196129
v -0.150000 0.350163 -0.196129
v 0.150000 0.354650 -0.193133
v -0.150000 0.354650 -0.193133
v 0.150000 0.359136 -0.190160
v -0.150000 0.359136 -0.190160
v 0.150000 0.363622 -0.187213
v -0.150000 0.363622 -0.187213
v 0.150000 0.368108 -0.184289
v -0.150000 0.368108 -0.184289
v 0.150000 0.372592 -0.181389
v -0.150000 0.372592 -0.181389
v 0.150000 0.377077 -0.178514
v -0.150000 0.377077 -0.178514
v 0.150000 0.381560 -0.175663
v -0.150000 0.381560 -0.175663
v 0.150000 0.386043 -0.172836
v -0.150000 0.386043 -0.172836
v 0.150000 0.390526 -0.170034
v -0.150000 0.390526 -0.170034
v 0.150000 0.395008 -0.167256
v -0.150000 0.395008 -0.167256
v 0.150000 0.399489 -0.164501
v -0.150000 0.399489 -0.164501
v 0.150000 0.403970 -0.161772
v -0.150000 0.403970 -0.161772
v 0.150000 0.408450 -0.159066
v -0.150000 0.408450 -0.159066
v 0.150000 0.412930 -0.156385
v -0.150000 0.412930 -0.156385
v 0.150000 0.417409 -0.153728
v -0.150000 0.417409 -0.153728
v 0.150000 0.421888 -0.151095
v -0.150000 0.421888 -0.151095
v 0.150000 0.426366 -0.148486
v -0.150000 0.426366 -0.148486
v 0.150000 0.430844 -0.145902
v -0.150000 0.430844 -0.145902
v 0.150000 0.435321 -0.143341
v -0.150000 0.435321 -0.143341
v 0.150000 0.439797 -0.140805
v -0.150000 0.439797 -0.140805
v 0.150000 0.444273 -0.138294
v -0.150000 0.444273 -0.138294
v 0.150000 0.448748 -0.135806
v -0.150000 0.448748 -0.135806
v 0.150000 0.453223 -0.133343
v -0.150000 0.453223 -0.133343
v 0.150000 0.457697 -0.130904
v -0.150000 0.457697 -0.130904
v 0.150000 0.462171 -0.128489
v -0.150000 0.462171 -0.128489
v 0.150000 0.466644 -0.126098
v -0.150000 0.466644 -0.126098
v 0.150000 0.471117 -0.123732
v -0.150000 0.471117 -0.123732
v 0.150000 0.475589 -0.121390
v -0.150000 0.475589 -0.121390
v 0.150000 0.480060 -0.119072
v -0.150000 0.480060 -0.119072
v 0.150000 0.484531 -0.116778
v -0.150000 0.484531 -0.116778
v 0.150000 0.489001 -0.114509
v -0.150000 0.489001 -0.114509
v 0.150000 0.493471 -0.112264
v -0.150000 0.493471 -0.112264
v 0.150000 0.497940 -0.110043
v -0.150000 0.497940 -0.110043
v 0.150000 0.502409 -0.107846
v -0.150000 0.502409 -0.107846
v 0.150000 0.506877 -0.105674
v -0.150000 0.506877 -0.105674
v 0.150000 0.511344 -0.103526
v -0.150000 0.511344 -0.103525
v 0.150000 0.515811 -0.101401
v -0.150000 0.515811 -0.101401
v 0.150000 0.520278 -0.099302
v -0.150000 0.520278 -0.099302
v 0.150000 0.524743 -0.097226
v -0.150000 0.524743 -0.097226
v 0.150000 0.529209 -0.095175
v -0.150000 0.529209 -0.095175
v 0.150000 0.533673 -0.093148
v -0.150000 0.533673 -0.093148
v 0.150000 0.538138 -0.091145
v -0.150000 0.538138 -0.091145
v 0.150000 0.542601 -0.089166
v -0.150000 0.542601 -0.089166
v 0.150000 0.547064 -0.087212
v -0.150000 0.547064 -0.087212
v 0.150000 0.551527 -0.085282
v -0.150000 0.551527 -0.085282
v 0.150000 0.555989 -0.083376
v -0.150000 0.555989 -0.083376
v 0.150000 0.560450 -0.081494
v -0.150000 0.560450 -0.081494
v 0.150000 0.564911 -0.079637
v -0.150000 0.564911 -0.079637
v 0.150000 0.569371 -0.077804
v -0.150000 0.569371 -0.077804
v 0.150000 0.573831 -0.075995
v -0.150000 0.573831 -0.075995
v 0.150000 0.578290 -0.074210
v -0.150000 0.578290 -0.074210
v 0.150000 0.582749 -0.072449
v -0.150000 0.582749 -0.072449
v 0.150000 0.587207 -0.070713
v -0.150000 0.587207 -0.070713
v 0.150000 0.591664 -0.069001
v -0.150000 0.591664 -0.069001
v 0.150000 0.596121 -0.067313
v -0.150000 0.596121 -0.067313
v 0.150000 0.598023 -0.066553
v -0.150000 0.598023 -0.066553
v 0.150000 0.599914 -0.065804
v -0.150000 0.599914 -0.065804
v 0.150000 0.601793 -0.065067
v -0.150000 0.601793 -0.065067
v 0.150000 0.603662 -0.064343
v -0.150000 0.603662 -0.064343
v 0.150000 0.605519 -0.063630
v -0.150000 0.605519 -0.063630
v 0.150000 0.607365 -0.062930
v -0.150000 0.607365 -0.062930
v 0.150000 0.609200 -0.062241
v -0.150000 0.609200 -0.062241
v 0.150000 0.611024 -0.061564
v -0.150000 0.611024 -0.061564
v 0.150000 0.612837 -0.060899
v -0.150000 0.612837 -0.060899
v 0.150000 0.614638 -0.060247
v -0.150000 0.614638 -0.060247
v 0.150000 0.616429 -0.059606
v -0.150000 0.616429 -0.059606
v 0.150000 0.618208 -0.058977
v -0.150000 0.618208 -0.058977
v 0.150000 0.619976 -0.058360
v -0.150000 0.619976 -0.058360
v 0.150000 0.621733 -0.057755
v -0.150000 0.621733 -0.057755
v 0.150000 0.623479 -0.057162
v -0.150000 0.623479 -0.057162
v 0.150000 0.625214 -0.056582
v -0.150000 0.625214 -0.056582
v 0.150000 0.626938 -0.056013
v -0.150000 0.626938 -0.056013
v 0.150000 0.628650 -0.055456
v -0.150000 0.628650 -0.055456
v 0.150000 0.630351 -0.054911
v -0.150000 0.630351 -0.054911
v 0.150000 0.632041 -0.054378
v -0.150000 0.632041 -0.054378
v 0.150000 0.633721 -0.053857
v -0.150000 0.633721 -0.053857
v 0.150000 0.635388 -0.053348
v -0.150000 0.635388 -0.053348
v 0.150000 0.637045 -0.052851
v -0.150000 0.637045 -0.052851
v 0.150000 0.638691 -0.052366
v -0.150000 0.638691 -0.052366
v 0.150000 0.640325 -0.051892
v -0.150000 0.640325 -0.051892
v 0.150000 0.641949 -0.051431
v -0.150000 0.641949 -0.051431
v 0.150000 0.643561 -0.050982
v -0.150000 0.643561 -0.050982
v 0.150000 0.645162 -0.050545
v -0.150000 0.645162 -0.050545
v 0.150000 0.646752 -0.050120
v -0.150000 0.646752 -0.050120
v 0.150000 0.648331 -0.049707
v -0.150000 0.648331 -0.049707
v 0.150000 0.649898 -0.049305
v -0.150000 0.649898 -0.049305
v 0.150000 0.651455 -0.048916
v -0.150000 0.651455 -0.048916
v 0.150000 0.653000 -0.048539
v -0.150000 0.653000 -0.048539
v 0.150000 0.654534 -0.048174
v -0.150000 0.654534 -0.048174
v 0.150000 0.656057 -0.047820
v -0.150000 0.656057 -0.047820
v 0.150000 0.657569 -0.047479
v -0.150000 0.657569 -0.047479
v 0.150000 0.659070 -0.047149
v -0.150000 0.659070 -0.047149
v 0.150000 0.660560 -0.046832
v -0.150000 0.660560 -0.046832
v 0.150000 0.662038 -0.046527
v -0.150000 0.662038 -0.046527
v 0.150000 0.663505 -0.046233
v -0.150000 0.663505 -0.046233
v 0.150000 0.664962 -0.045952
v -0.150000 0.664962 -0.045952
v 0.150000 0.666407 -0.045682
v -0.150000 0.666407 -0.045682
v 0.150000 0.667841 -0.045425
v -0.150000 0.667841 -0.045425
v 0.150000 0.669263 -0.045179
v -0.150000 0.669263 -0.045179
v 0.150000 0.670675 -0.044946
v -0.150000 0.670675 -0.044946
v 0.150000 0.672076 -0.044724
v -0.150000 0.672076 -0.044724
v 0.150000 0.673465 -0.044514
v -0.150000 0.673465 -0.044514
v 0.150000 0.674843 -0.044317
v -0.150000 0.674843 -0.044317
v 0.150000 0.676210 -0.044131
v -0.150000 0.676210 -0.044131
v 0.150000 0.677566 -0.043958
v -0.150000 0.677566 -0.043958
v 0.150000 0.678911 -0.043796
v -0.150000 0.678911 -0.043796
v 0.150000 0.680245 -0.043646
v -0.150000 0.680245 -0.043646
v 0.150000 0.681567 -0.043508
v -0.150000 0.681567 -0.043508
v 0.150000 0.682878 -0.043383
v -0.150000 0.682878 -0.043383
v 0.150000 0.684179 -0.043269
v -0.150000 0.684179 -0.043269
v 0.150000 0.685468 -0.043167
v -0.150000 0.685468 -0.043167
v 0.150000 0.686746 -0.043077
v -0.150000 0.686746 -0.043077
v 0.150000 0.688012 -0.042999
v -0.150000 0.688012 -0.042999
v 0.150000 0.689268 -0.042933
v -0.150000 0.689268 -0.042933
v 0.150000 0.690513 -0.042880
v -0.150000 0.690513 -0.042880
v 0.150000 0.691746 -0.042838
v -0.150000 0.691746 -0.042838
v 0.150000 0.692968 -0.042808
v -0.150000 0.692968 -0.042808
v 0.150000 0.694179 -0.042790
v -0.150000 0.694179 -0.042790
vn -1.0000 -0.0000 -0.0000
vn -1.0000 -0.0000 0.0001
vn -1.0000 -0.0000 -0.0001
vn 1.0000 -0.0000 -0.0000
vn 1.0000 -0.0000 0.0001
vn 1.0000 -0.0000 -0.0001
vn -0.0000 -1.0000 0.0013
vn -0.0000 -1.0000 0.0002
vn -0.0000 -1.0000 0.0026
vn -0.0000 -1.0000 0.0040
vn -0.0000 -1.0000 0.0053
vn -0.0000 -1.0000 0.0067
vn -0.0000 -1.0000 0.0081
vn -0.0000 -1.0000 0.0095
vn -0.0000 -0.9999 0.0109
vn -0.0000 -0.9999 0.0124
vn -0.0000 -0.9999 0.0138
vn -0.0000 -0.9999 0.0152
vn -0.0000 -0.9999 0.0168
vn -0.0000 -0.9998 0.0182
vn -0.0000 -0.9998 0.0197
vn -0.0000 -0.9998 0.0213
vn -0.0000 -0.9997 0.0228
vn -0.0000 -0.9997 0.0244
vn -0.0000 -0.9997 0.0260
vn -0.0000 -0.9996 0.0277
vn -0.0000 -0.9996 0.0293
vn -0.0000 -0.9995 0.0309
vn -0.0000 -0.9995 0.0326
vn -0.0000 -0.9994 0.0343
vn -0.0000 -0.9994 0.0360
vn -0.0000 -0.9993 0.0378
vn -0.0000 -0.9992 0.0395
vn -0.0000 -0.9991 0.0413
vn -0.0000 -0.9991 0.0431
vn -0.0000 -0.9990 0.0449
vn -0.0000 -0.9989 0.0468
vn -0.0000 -0.9988 0.0487
vn -0.0000 -0.9987 0.0506
vn -0.0000 -0.9986 0.0525
vn -0.0000 -0.9985 0.0544
vn -0.0000 -0.9984 0.0565
vn -0.0000 -0.9983 0.0584
vn -0.0000 -0.9982 0.0605
vn -0.0000 -0.9980 0.0626
vn -0.0000 -0.9979 0.0646
vn -0.0000 -0.9978 0.0667
vn -0.0000 -0.9976 0.0689
vn -0.0000 -0.9975 0.0711
vn -0.0000 -0.9973 0.0733
vn -0.0000 -0.9971 0.0755
vn -0.0000 -0.9970 0.0778
vn -0.0000 -0.9968 0.0801
vn -0.0000 -0.9966 0.0824
vn -0.0000 -0.9964 0.0848
vn -0.0000 -0.9962 0.0872
vn -0.0000 -0.9960 0.0896
vn -0.0000 -0.9957 0.0921
vn -0.0000 -0.9955 0.0946
vn -0.0000 -0.9953 0.0972
vn -0.0000 -0.9950 0.0998
vn -0.0000 -0.9947 0.1024
vn -0.0000 -0.9945 0.1051
vn -0.0000 -0.9942 0.1078
vn -0.0000 -0.9939 0.1105
vn -0.0000 -0.9936 0.1133
vn -0.0000 -0.9932 0.1162
vn -0.0000 -0.9929 0.1191
vn -0.0000 -0.9925 0.1220
vn -0.0000 -0.9922 0.1249
vn -0.0000 -0.3488 0.9372
vn -0.0000 0.6651 0.7468
vn -0.0000 0.6591 0.7520
vn -0.0000 0.6530 0.7573
vn -0.0000 0.6468 0.7626
vn -0.0000 0.6405 0.7680
vn -0.0000 0.6340 0.7733
vn -0.0000 0.6274 0.7787
vn -0.0000 0.6207 0.7841
vn -0.0000 0.6138 0.7895
vn -0.0000 0.6068 0.7949
vn -0.0000 0.5996 0.8003
vn -0.0000 0.5923 0.8057
vn -0.0000 0.5848 0.8112
vn -0.0000 0.5772 0.8166
vn -0.0000 0.5694 0.8220
vn -0.0000 0.5615 0.8275
vn -0.0000 0.5534 0.8329
vn -0.0000 0.5451 0.8383
vn -0.0000 0.5367 0.8438
vn -0.0000 0.5282 0.8491
vn -0.0000 0.5194 0.8545
vn -0.0000 0.5105 0.8599
vn -0.0000 0.5014 0.8652
vn -0.0000 0.4922 0.8705
vn -0.0000 0.4828 0.8757
vn -0.0000 0.4732 0.8809
vn -0.0000 0.4635 0.8861
vn -0.0000 0.4535 0.8912
vn -0.0000 0.4435 0.8963
vn -0.0000 0.4536 0.8912
vn -0.0000 0.4332 0.9013
vn -0.0000 0.4228 0.9062
vn -0.0000 0.4121 0.9111
vn -0.0000 0.4014 0.9159
vn -0.0000 0.4122 0.9111
vn -0.0000 0.3904 0.9206
vn -0.0000 0.3793 0.9253
vn -0.0000 0.3680 0.9298
vn -0.0000 0.3566 0.9343
vn -0.0000 0.3450 0.9386
vn -0.0000 0.3332 0.9429
vn -0.0000 0.3213 0.9470
vn -0.0000 0.3092 0.9510
vn -0.0000 0.2970 0.9549
vn -0.0000 0.2846 0.9587
vn -0.0000 0.2721 0.9623
vn -0.0000 0.2594 0.9658
vn -0.0000 0.2466 0.9691
vn -0.0000 0.2337 0.9723
vn -0.0000 0.2206 0.9754
vn -0.0000 0.2074 0.9782
vn -0.0000 0.1941 0.9810
vn -0.0000 0.2074 0.9783
vn -0.0000 0.1807 0.9835
vn -0.0000 0.1672 0.9859
vn -0.0000 0.1536 0.9881
vn -0.0000 0.1400 0.9902
vn -0.0000 0.1262 0.9920
vn -0.0000 0.1124 0.9937
vn -0.0000 0.0985 0.9951
vn -0.0000 0.0845 0.9964
vn -0.0000 0.0705 0.9975
vn -0.0000 0.0565 0.9984
vn -0.0000 0.0424 0.9991
vn -0.0000 0.0283 0.9996
vn -0.0000 0.0142 0.9999
vn -0.0000 0.0013 1.0000
vn -0.0000 -0.0089 1.0000
vn -0.0000 -0.0176 0.9998
vn -0.0000 -0.0261 0.9997
vn -0.0000 -0.0343 0.9994
vn -0.0000 -0.0424 0.9991
vn -0.0000 -0.0503 0.9987
vn -0.0000 -0.0580 0.9983
vn -0.0000 -0.0655 0.9979
vn -0.0000 -0.0729 0.9973
vn -0.0000 -0.0801 0.9968
vn -0.0000 -0.0871 0.9962
vn -0.0000 -0.0939 0.9956
vn -0.0000 -0.1006 0.9949
vn -0.0000 -0.1071 0.9942
vn -0.0000 -0.1135 0.9935
vn -0.0000 -0.1198 0.9928
vn -0.0000 -0.1259 0.9920
vn -0.0000 -0.1318 0.9913
vn -0.0000 -0.1377 0.9905
vn -0.0000 -0.1434 0.9897
vn -0.0000 -0.1490 0.9888
vn -0.0000 -0.1544 0.9880
vn -0.0000 -0.1598 0.9872
vn -0.0000 -0.1650 0.9863
vn -0.0000 -0.1701 0.9854
vn -0.0000 -0.1751 0.9845
vn -0.0000 -0.1800 0.9837
vn -0.0000 -0.1848 0.9828
vn -0.0000 -0.1895 0.9819
vn -0.0000 -0.1941 0.9810
vn -0.0000 -0.1986 0.9801
vn -0.0000 -0.2030 0.9792
vn -0.0000 -0.2074 0.9783
vn -0.0000 -0.2116 0.9774
vn -0.0000 -0.2158 0.9764
vn -0.0000 -0.2199 0.9755
vn -0.0000 -0.2238 0.9746
vn -0.0000 -0.2278 0.9737
vn -0.0000 -0.2316 0.9728
vn -0.0000 -0.2354 0.9719
vn -0.0000 -0.2391 0.9710
vn -0.0000 -0.2427 0.9701
vn -0.0000 -0.2463 0.9692
vn -0.0000 -0.2498 0.9683
vn -0.0000 -0.2532 0.9674
vn -0.0000 -0.2566 0.9665
vn -0.0000 -0.2599 0.9656
vn -0.0000 -0.2631 0.9648
vn -0.0000 -0.2663 0.9639
vn -0.0000 -0.2694 0.9630
vn -0.0000 -0.2725 0.9622
vn -0.0000 -0.2755 0.9613
vn -0.0000 -0.2785 0.9604
vn -0.0000 -0.2814 0.9596
vn -0.0000 -0.2843 0.9587
vn -0.0000 -0.2871 0.9579
vn -0.0000 -0.2899 0.9571
vn -0.0000 -0.2926 0.9562
vn -0.0000 -0.2953 0.9554
vn -0.0000 -0.2979 0.9546
vn -0.0000 -0.3005 0.9538
vn -0.0000 -0.3030 0.9530
vn -0.0000 -0.3055 0.9522
vn -0.0000 -0.3021 0.9533
vn -0.0000 -0.2991 0.9542
vn -0.0000 -0.3024 0.9532
vn -0.0000 -0.3057 0.9521
vn -0.0000 -0.3090 0.9510
vn -0.0000 -0.3123 0.9500
vn -0.0000 -0.3156 0.9489
vn -0.0000 -0.3189 0.9478
vn -0.0000 -0.3222 0.9467
vn -0.0000 -0.3255 0.9455
vn -0.0000 -0.3288 0.9444
vn -0.0000 -0.3321 0.9432
vn -0.0000 -0.3354 0.9421
vn -0.0000 -0.3387 0.9409
vn -0.0000 -0.3420 0.9397
vn -0.0000 -0.3453 0.9385
vn -0.0000 -0.3486 0.9373
vn -0.0000 -0.3519 0.9361
vn -0.0000 -0.3551 0.9348
vn -0.0000 -0.3584 0.9336
vn -0.0000 -0.3617 0.9323
vn -0.0000 -0.3649 0.9310
vn -0.0000 -0.3682 0.9297
vn -0.0000 -0.3715 0.9284
vn -0.0000 -0.3747 0.9271
vn -0.0000 -0.3780 0.9258
vn -0.0000 -0.3812 0.9245
vn -0.0000 -0.3845 0.9231
vn -0.0000 -0.3877 0.9218
vn -0.0000 -0.3910 0.9204
vn -0.0000 -0.3942 0.9190
vn -0.0000 -0.3974 0.9176
vn -0.0000 -0.4007 0.9162
vn -0.0000 -0.4039 0.9148
vn -0.0000 -0.4071 0.9134
vn -0.0000 -0.4103 0.9119
vn -0.0000 -0.4135 0.9105
vn -0.0000 -0.4167 0.9090
vn -0.0000 -0.4199 0.9076
vn -0.0000 -0.4231 0.9061
vn -0.0000 -0.4263 0.9046
vn -0.0000 -0.4295 0.9031
vn -0.0000 -0.4326 0.9016
vn -0.0000 -0.4358 0.9000
vn -0.0000 -0.4390 0.8985
vn -0.0000 -0.4421 0.8970
vn -0.0000 -0.4453 0.8954
vn -0.0000 -0.4484 0.8938
vn -0.0000 -0.4516 0.8922
vn -0.0000 -0.4547 0.8907
vn -0.0000 -0.4578 0.8891
vn -0.0000 -0.4609 0.8874
vn -0.0000 -0.4640 0.8858
vn -0.0000 -0.4671 0.8842
vn -0.0000 -0.4702 0.8825
vn -0.0000 -0.4733 0.8809
vn -0.0000 -0.4764 0.8792
vn -0.0000 -0.4795 0.8776
vn -0.0000 -0.4825 0.8759
vn -0.0000 -0.4856 0.8742
vn -0.0000 -0.4887 0.8725
vn -0.0000 -0.4917 0.8708
vn -0.0000 -0.4947 0.8690
vn -0.0000 -0.4978 0.8673
vn -0.0000 -0.4865 0.8737
vn -0.0000 -0.4746 0.8802
vn -0.0000 -0.4767 0.8791
vn -0.0000 -0.4788 0.8779
vn -0.0000 -0.4809 0.8768
vn -0.0000 -0.4830 0.8756
vn -0.0000 -0.4852 0.8744
vn -0.0000 -0.4875 0.8732
vn -0.0000 -0.4897 0.8719
vn -0.0000 -0.4874 0.8732
vn -0.0000 -0.4920 0.8706
vn -0.0000 -0.4943 0.8693
vn -0.0000 -0.4966 0.8680
vn -0.0000 -0.4990 0.8666
vn -0.0000 -0.5014 0.8652
vn -0.0000 -0.5039 0.8638
vn -0.0000 -0.5064 0.8623
vn -0.0000 -0.5089 0.8608
vn -0.0000 -0.5114 0.8593
vn -0.0000 -0.5140 0.8578
vn -0.0000 -0.5167 0.8562
vn -0.0000 -0.5193 0.8546
vn -0.0000 -0.5220 0.8529
vn -0.0000 -0.5248 0.8512
vn -0.0000 -0.5276 0.8495
vn -0.0000 -0.5304 0.8477
vn -0.0000 -0.5333 0.8459
vn -0.0000 -0.5362 0.8441
vn -0.0000 -0.5392 0.8422
vn -0.0000 -0.5422 0.8403
vn -0.0000 -0.5452 0.8383
vn -0.0000 -0.5484 0.8362
vn -0.0000 -0.5515 0.8342
vn -0.0000 -0.5483 0.8362
vn -0.0000 -0.5547 0.8320
vn -0.0000 -0.5580 0.8299
vn -0.0000 -0.5613 0.8276
vn -0.0000 -0.5646 0.8253
vn -0.0000 -0.5680 0.8230
vn -0.0000 -0.5715 0.8206
vn -0.0000 -0.5750 0.8181
vn -0.0000 -0.5786 0.8156
vn -0.0000 -0.5822 0.8130
vn -0.0000 -0.5859 0.8104
vn -0.0000 -0.5897 0.8076
vn -0.0000 -0.5935 0.8048
vn -0.0000 -0.5974 0.8020
vn -0.0000 -0.6013 0.7990
vn -0.0000 -0.6053 0.7960
vn -0.0000 -0.6094 0.7929
vn -0.0000 -0.6136 0.7897
vn -0.0000 -0.6094 0.7928
vn -0.0000 -0.6178 0.7864
vn -0.0000 -0.6136 0.7896
vn -0.0000 -0.6220 0.7830
vn -0.0000 -0.6264 0.7795
vn -0.0000 -0.6221 0.7830
vn -0.0000 -0.6308 0.7759
vn -0.0000 -0.6353 0.7722
vn -0.0000 -0.6399 0.7685
vn -0.0000 -0.6446 0.7646
vn -0.0000 -0.6493 0.7606
vn -0.0000 -0.6445 0.7646
vn -0.0000 -0.6541 0.7564
vn -0.0000 -0.6590 0.7522
vn -0.0000 -0.6639 0.7478
vn -0.0000 -0.6690 0.7433
vn -0.0000 -0.6741 0.7386
vn -0.0000 -0.6793 0.7338
vn -0.0000 -0.6846 0.7289
vn -0.0000 -0.6833 0.7302
vn -0.0000 -0.6827 0.7307
vn -0.0000 -0.6897 0.7241
vn -0.0000 -0.6967 0.7174
vn -0.0000 -0.7037 0.7105
vn -0.0000 -0.7108 0.7034
vn -0.0000 -0.7179 0.6962
vn -0.0000 -0.7250 0.6887
vn -0.0000 -0.7179 0.6961
vn -0.0000 -0.7321 0.6812
vn -0.0000 -0.7393 0.6734
vn -0.0000 -0.7321 0.6811
vn -0.0000 -0.7464 0.6654
vn -0.0000 -0.7536 0.6573
vn -0.0000 -0.7465 0.6654
vn -0.0000 -0.7608 0.6490
vn -0.0000 -0.7679 0.6405
vn -0.0000 -0.7751 0.6319
vn -0.0000 -0.7822 0.6230
vn -0.0000 -0.7894 0.6139
vn -0.0000 -0.7965 0.6047
vn -0.0000 -0.8035 0.5952
vn -0.0000 -0.8106 0.5856
vn -0.0000 -0.8176 0.5758
vn -0.0000 -0.8246 0.5658
vn -0.0000 -0.8315 0.5556
vn -0.0000 -0.8383 0.5452
vn -0.0000 -0.8451 0.5346
vn -0.0000 -0.8383 0.5451
vn -0.0000 -0.8519 0.5238
vn -0.0000 -0.8585 0.5128
vn -0.0000 -0.8651 0.5016
vn -0.0000 -0.8716 0.4903
vn -0.0000 -0.8780 0.4787
vn -0.0000 -0.8716 0.4902
vn -0.0000 -0.8843 0.4670
vn -0.0000 -0.8905 0.4551
vn -0.0000 -0.8965 0.4430
vn -0.0000 -0.9025 0.4307
vn -0.0000 -0.9083 0.4183
vn -0.0000 -0.9140 0.4057
vn -0.0000 -0.9196 0.3929
vn -0.0000 -0.9250 0.3800
vn -0.0000 -0.9302 0.3670
vn -0.0000 -0.9353 0.3538
vn -0.0000 -0.9403 0.3404
vn -0.0000 -0.9450 0.3270
vn -0.0000 -0.9496 0.3134
vn -0.0000 -0.9540 0.2997
vn -0.0000 -0.9583 0.2858
vn -0.0000 -0.9623 0.2719
vn -0.0000 -0.9662 0.2579
vn -0.0000 -0.9698 0.2438
vn -0.0000 -0.9733 0.2296
vn -0.0000 -0.9765 0.2154
vn -0.0000 -0.9733 0.2297
vn -0.0000 -0.9796 0.2011
vn -0.0000 -0.9824 0.1868
vn -0.0000 -0.9850 0.1724
vn -0.0000 -0.9874 0.1580
vn -0.0000 -0.9896 0.1435
vn -0.0000 -0.9916 0.1291
vn -0.0000 -0.9934 0.1146
vn -0.0000 -0.9950 0.1002
vn -0.0000 -0.9963 0.0858
vn -0.0000 -0.9975 0.0714
vn -0.0000 -0.9984 0.0570
vn -0.0000 -0.9991 0.0427
vn -0.0000 -0.9996 0.0284
vn -0.0000 -0.9999 0.0142
vn -0.0000 -1.0000 -0.0001
vn -0.0000 -0.9999 -0.0144
vn -0.0000 -0.9996 -0.0289
vn -0.0000 -0.9991 -0.0435
vn -0.0000 -0.9983 -0.0582
vn -0.0000 -0.9973 -0.0729
vn -0.0000 -0.9961 -0.0877
vn -0.0000 -0.9947 -0.1025
vn -0.0000 -0.9931 -0.1174
vn -0.0000 -0.9912 -0.1322
vn -0.0000 -0.9891 -0.1471
vn -0.0000 -0.9868 -0.1620
vn -0.0000 -0.9842 -0.1769
vn -0.0000 -0.9814 -0.1918
vn -0.0000 -0.9784 -0.2067
vn -0.0000 -0.9752 -0.2215
vn -0.0000 -0.9717 -0.2363
vn -0.0000 -0.9680 -0.2510
vn -0.0000 -0.9641 -0.2656
vn -0.0000 -0.9599 -0.2802
vn -0.0000 -0.9556 -0.2947
vn -0.0000 -0.9510 -0.3091
vn -0.0000 -0.9463 -0.3234
vn -0.0000 -0.9413 -0.3376
vn -0.0000 -0.9362 -0.3516
vn -0.0000 -0.9308 -0.3655
vn -0.0000 -0.9253 -0.3793
vn -0.0000 -0.9196 -0.3929
vn -0.0000 -0.9137 -0.4064
vn -0.0000 -0.9077 -0.4197
vn -0.0000 -0.9015 -0.4329
vn -0.0000 -0.8951 -0.4458
vn -0.0000 -0.8886 -0.4586
vn -0.0000 -0.8820 -0.4712
vn -0.0000 -0.8753 -0.4837
vn -0.0000 -0.8820 -0.4713
vn -0.0000 -0.8684 -0.4959
vn -0.0000 -0.8614 -0.5079
vn -0.0000 -0.8543 -0.5198
vn -0.0000 -0.8471 -0.5314
vn -0.0000 -0.8398 -0.5428
vn -0.0000 -0.8325 -0.5540
vn -0.0000 -0.8250 -0.5651
vn -0.0000 -0.8175 -0.5759
vn -0.0000 -0.8251 -0.5651
vn -0.0000 -0.8100 -0.5865
vn -0.0000 -0.8176 -0.5759
vn -0.0000 -0.8024 -0.5968
vn -0.0000 -0.7947 -0.6070
vn -0.0000 -0.7870 -0.6170
vn -0.0000 -0.7793 -0.6267
vn -0.0000 -0.7715 -0.6362
vn -0.0000 -0.7792 -0.6267
vn -0.0000 -0.7637 -0.6456
vn -0.0000 -0.7715 -0.6363
vn -0.0000 -0.7559 -0.6547
vn -0.0000 -0.7481 -0.6636
vn -0.0000 -0.7402 -0.6723
vn -0.0000 -0.7324 -0.6809
vn -0.0000 -0.7403 -0.6723
vn -0.0000 -0.7246 -0.6892
vn -0.0000 -0.7324 -0.6808
vn -0.0000 -0.7168 -0.6973
vn -0.0000 -0.7090 -0.7052
vn -0.0000 -0.7012 -0.7129
vn -0.0000 -0.6935 -0.7205
vn -0.0000 -0.6858 -0.7278
vn -0.0000 -0.6781 -0.7350
vn -0.0000 -0.6704 -0.7420
vn -0.0000 -0.6628 -0.7488
vn -0.0000 -0.6552 -0.7555
vn -0.0000 -0.6582 -0.7529
vn -0.0000 -0.6591 -0.7521
vn -0.0000 -0.6475 -0.7621
vn -0.0000 -0.6358 -0.7719
vn -0.0000 -0.6239 -0.7815
vn -0.0000 -0.6120 -0.7908
vn -0.0000 -0.6000 -0.8000
vn -0.0000 -0.5880 -0.8089
vn -0.0000 -0.5759 -0.8175
vn -0.0000 -0.5637 -0.8260
vn -0.0000 -0.5515 -0.8342
vn -0.0000 -0.5393 -0.8421
vn -0.0000 -0.5270 -0.8499
vn -0.0000 -0.5147 -0.8573
vn -0.0000 -0.5025 -0.8646
vn -0.0000 -0.5148 -0.8573
vn -0.0000 -0.4902 -0.8716
vn -0.0000 -0.4780 -0.8784
vn -0.0000 -0.4658 -0.8849
vn -0.0000 -0.4536 -0.8912
vn -0.0000 -0.4414 -0.8973
vn -0.0000 -0.4293 -0.9031
vn -0.0000 -0.4173 -0.9088
vn -0.0000 -0.4293 -0.9032
vn -0.0000 -0.4053 -0.9142
vn -0.0000 -0.3934 -0.9194
vn -0.0000 -0.3815 -0.9244
vn -0.0000 -0.3697 -0.9291
vn -0.0000 -0.3581 -0.9337
vn -0.0000 -0.3465 -0.9381
vn -0.0000 -0.3580 -0.9337
vn -0.0000 -0.3350 -0.9422
vn -0.0000 -0.3235 -0.9462
vn -0.0000 -0.3122 -0.9500
vn -0.0000 -0.3236 -0.9462
vn -0.0000 -0.3010 -0.9536
vn -0.0000 -0.2899 -0.9570
vn -0.0000 -0.2790 -0.9603
vn -0.0000 -0.2900 -0.9570
vn -0.0000 -0.2681 -0.9634
vn -0.0000 -0.2574 -0.9663
vn -0.0000 -0.2467 -0.9691
vn -0.0000 -0.2362 -0.9717
vn -0.0000 -0.2258 -0.9742
vn -0.0000 -0.2156 -0.9765
vn -0.0000 -0.2055 -0.9787
vn -0.0000 -0.1954 -0.9807
vn -0.0000 -0.2054 -0.9787
vn -0.0000 -0.1856 -0.9826
vn -0.0000 -0.1758 -0.9844
vn -0.0000 -0.1662 -0.9861
vn -0.0000 -0.1567 -0.9877
vn -0.0000 -0.1473 -0.9891
vn -0.0000 -0.1567 -0.9876
vn -0.0000 -0.1381 -0.9904
vn -0.0000 -0.1290 -0.9917
vn -0.0000 -0.1200 -0.9928
vn -0.0000 -0.1290 -0.9916
vn -0.0000 -0.1111 -0.9938
vn -0.0000 -0.1024 -0.9947
vn -0.0000 -0.0938 -0.9956
vn -0.0000 -0.0853 -0.9964
vn -0.0000 -0.0770 -0.9970
vn -0.0000 -0.0687 -0.9976
vn -0.0000 -0.0606 -0.9982
vn -0.0000 -0.0526 -0.9986
vn -0.0000 -0.0448 -0.9990
vn -0.0000 -0.0370 -0.9993
vn -0.0000 -0.0294 -0.9996
vn -0.0000 -0.0219 -0.9998
vn -0.0000 -0.0145 -0.9999
vn -0.0000 -0.0072 -1.0000
vn -0.0000 0.0003 -1.0000
vn -0.0000 0.0084 -1.0000
vn -0.0000 0.0168 -0.9999
vn -0.0000 0.0253 -0.9997
vn -0.0000 0.0338 -0.9994
vn -0.0000 0.0422 -0.9991
vn -0.0000 0.0337 -0.9994
vn -0.0000 0.0507 -0.9987
vn -0.0000 0.0593 -0.9982
vn -0.0000 0.0678 -0.9977
vn -0.0000 0.0763 -0.9971
vn -0.0000 0.0849 -0.9964
vn -0.0000 0.0764 -0.9971
vn -0.0000 0.0935 -0.9956
vn -0.0000 0.1021 -0.9948
vn -0.0000 0.1107 -0.9939
vn -0.0000 0.1192 -0.9929
vn -0.0000 0.1106 -0.9939
vn -0.0000 0.1278 -0.9918
vn -0.0000 0.1364 -0.9907
vn -0.0000 0.1450 -0.9894
vn -0.0000 0.1364 -0.9906
vn -0.0000 0.1536 -0.9881
vn -0.0000 0.1622 -0.9868
vn -0.0000 0.1707 -0.9853
vn -0.0000 0.1793 -0.9838
vn -0.0000 0.1708 -0.9853
vn -0.0000 0.1879 -0.9822
vn -0.0000 0.1964 -0.9805
vn -0.0000 0.2049 -0.9788
vn -0.0000 0.2134 -0.9770
vn -0.0000 0.2219 -0.9751
vn -0.0000 0.2303 -0.9731
vn -0.0000 0.2388 -0.9711
vn -0.0000 0.2304 -0.9731
vn -0.0000 0.2472 -0.9690
vn -0.0000 0.2556 -0.9668
vn -0.0000 0.2640 -0.9645
vn -0.0000 0.2723 -0.9622
vn -0.0000 0.2639 -0.9645
vn -0.0000 0.2806 -0.9598
vn -0.0000 0.2888 -0.9574
vn -0.0000 0.2970 -0.9549
vn -0.0000 0.3052 -0.9523
vn -0.0000 0.2971 -0.9549
vn -0.0000 0.3134 -0.9496
vn -0.0000 0.3215 -0.9469
vn -0.0000 0.3295 -0.9441
vn -0.0000 0.3375 -0.9413
vn -0.0000 0.3455 -0.9384
vn -0.0000 0.3534 -0.9355
vn -0.0000 0.3613 -0.9324
vn -0.0000 0.3535 -0.9355
vn -0.0000 0.3692 -0.9294
vn -0.0000 0.3769 -0.9262
vn -0.0000 0.3691 -0.9294
vn -0.0000 0.3846 -0.9231
vn -0.0000 0.3923 -0.9198
vn -0.0000 0.3999 -0.9165
vn -0.0000 0.4075 -0.9132
vn -0.0000 0.4150 -0.9098
vn -0.0000 0.4224 -0.9064
vn -0.0000 0.4298 -0.9029
vn -0.0000 0.4225 -0.9064
vn -0.0000 0.4372 -0.8994
vn -0.0000 0.4444 -0.8958
vn -0.0000 0.4516 -0.8922
vn -0.0000 0.4588 -0.8885
vn -0.0000 0.4517 -0.8922
vn -0.0000 0.4659 -0.8848
vn -0.0000 0.4729 -0.8811
vn -0.0000 0.4659 -0.8849
vn -0.0000 0.4799 -0.8773
vn -0.0000 0.4867 -0.8735
vn -0.0000 0.4798 -0.8774
vn -0.0000 0.4935 -0.8697
vn -0.0000 0.5003 -0.8658
vn -0.0000 0.4936 -0.8697
vn -0.0000 0.5070 -0.8619
vn -0.0000 0.5033 -0.8641
vn -0.0000 0.4997 -0.8662
vn -0.0000 0.5065 -0.8623
vn -0.0000 0.5132 -0.8583
vn -0.0000 0.5200 -0.8542
vn -0.0000 0.5267 -0.8501
vn -0.0000 0.5334 -0.8459
vn -0.0000 0.5400 -0.8416
vn -0.0000 0.5467 -0.8374
vn -0.0000 0.5400 -0.8417
vn -0.0000 0.5533 -0.8330
vn -0.0000 0.5598 -0.8286
vn -0.0000 0.5664 -0.8241
vn -0.0000 0.5729 -0.8196
vn -0.0000 0.5794 -0.8151
vn -0.0000 0.5858 -0.8104
vn -0.0000 0.5922 -0.8058
vn -0.0000 0.5858 -0.8105
vn -0.0000 0.5986 -0.8011
vn -0.0000 0.6049 -0.7963
vn -0.0000 0.6112 -0.7915
vn -0.0000 0.6175 -0.7866
vn -0.0000 0.6237 -0.7817
vn -0.0000 0.6174 -0.7866
vn -0.0000 0.6298 -0.7767
vn -0.0000 0.6359 -0.7717
vn -0.0000 0.6420 -0.7667
vn -0.0000 0.6480 -0.7616
vn -0.0000 0.6540 -0.7565
vn -0.0000 0.6599 -0.7513
vn -0.0000 0.6658 -0.7461
vn -0.0000 0.6717 -0.7409
vn -0.0000 0.6774 -0.7356
vn -0.0000 0.6832 -0.7303
vn -0.0000 0.6888 -0.7249
vn -0.0000 0.6945 -0.7195
vn -0.0000 0.7000 -0.7141
vn -0.0000 0.7055 -0.7087
vn -0.0000 0.7110 -0.7032
vn -0.0000 0.7164 -0.6977
vn -0.0000 0.7217 -0.6922
vn -0.0000 0.7270 -0.6866
vn -0.0000 0.7323 -0.6810
vn -0.0000 0.7374 -0.6754
vn -0.0000 0.7425 -0.6698
vn -0.0000 0.7476 -0.6641
vn -0.0000 0.7426 -0.6698
vn -0.0000 0.7526 -0.6585
vn -0.0000 0.7575 -0.6528
vn -0.0000 0.7624 -0.6471
vn -0.0000 0.7672 -0.6414
vn -0.0000 0.7720 -0.6356
vn -0.0000 0.7767 -0.6299
vn -0.0000 0.7813 -0.6242
vn -0.0000 0.7859 -0.6184
vn -0.0000 0.7813 -0.6241
vn -0.0000 0.7904 -0.6126
vn -0.0000 0.7948 -0.6068
vn -0.0000 0.7992 -0.6010
vn -0.0000 0.8036 -0.5952
vn -0.0000 0.8078 -0.5894
vn -0.0000 0.8120 -0.5836
vn -0.0000 0.8162 -0.5778
vn -0.0000 0.8202 -0.5720
vn -0.0000 0.8243 -0.5662
vn -0.0000 0.8282 -0.5604
vn -0.0000 0.8321 -0.5546
vn -0.0000 0.8360 -0.5488
vn -0.0000 0.8397 -0.5430
vn -0.0000 0.8473 -0.5312
vn -0.0000 0.8552 -0.5183
vn -0.0000 0.8599 -0.5105
vn -0.0000 0.8645 -0.5026
vn -0.0000 0.8691 -0.4947
vn -0.0000 0.8736 -0.4867
vn -0.0000 0.8780 -0.4787
vn -0.0000 0.8824 -0.4706
vn -0.0000 0.8780 -0.4786
vn -0.0000 0.8866 -0.4624
vn -0.0000 0.8909 -0.4543
vn -0.0000 0.8950 -0.4461
vn -0.0000 0.8991 -0.4378
vn -0.0000 0.9030 -0.4295
vn -0.0000 0.9070 -0.4212
vn -0.0000 0.9108 -0.4129
vn -0.0000 0.9145 -0.4045
vn -0.0000 0.9182 -0.3961
vn -0.0000 0.9218 -0.3876
vn -0.0000 0.9253 -0.3792
vn -0.0000 0.9288 -0.3707
vn -0.0000 0.9321 -0.3622
vn -0.0000 0.9354 -0.3537
vn -0.0000 0.9385 -0.3451
vn -0.0000 0.9416 -0.3366
vn -0.0000 0.9386 -0.3451
vn -0.0000 0.9447 -0.3280
vn -0.0000 0.9476 -0.3195
vn -0.0000 0.9504 -0.3109
vn -0.0000 0.9532 -0.3023
vn -0.0000 0.9559 -0.2938
vn -0.0000 0.9585 -0.2852
vn -0.0000 0.9610 -0.2766
vn -0.0000 0.9634 -0.2680
vn -0.0000 0.9657 -0.2595
vn -0.0000 0.9680 -0.2509
vn -0.0000 0.9702 -0.2424
vn -0.0000 0.9723 -0.2339
vn -0.0000 0.9743 -0.2254
vn -0.0000 0.9762 -0.2169
vn -0.0000 0.9780 -0.2084
vn -0.0000 0.9798 -0.1999
vn -0.0000 0.9815 -0.1915
vn -0.0000 0.9831 -0.1831
vn -0.0000 0.9846 -0.1747
vn -0.0000 0.9861 -0.1664
vn -0.0000 0.9874 -0.1580
vn -0.0000 0.9887 -0.1498
vn -0.0000 0.9899 -0.1415
vn -0.0000 0.9911 -0.1333
vn -0.0000 0.9921 -0.1251
vn -0.0000 0.9931 -0.1169
vn -0.0000 0.9941 -0.1088
vn -0.0000 0.9949 -0.1008
vn -0.0000 0.9957 -0.0927
vn -0.0000 0.9964 -0.0847
vn -0.0000 0.9970 -0.0768
vn -0.0000 0.9976 -0.0689
vn -0.0000 0.9981 -0.0610
vn -0.0000 0.9986 -0.0532
vn -0.0000 0.9990 -0.0455
vn -0.0000 0.9993 -0.0378
vn -0.0000 0.9995 -0.0301
vn -0.0000 0.9997 -0.0225
vn -0.0000 0.9999 -0.0150
vn -0.0000 1.0000 -0.0075
vn -0.0000 1.0000 0.0002
vn -0.0000 1.0000 0.0083
vn -0.0000 0.9999 0.0166
vn -0.0000 0.9997 0.0250
vn -0.0000 0.9994 0.0335
vn -0.0000 0.9991 0.0421
vn -0.0000 0.9987 0.0507
vn -0.0000 0.9982 0.0595
vn -0.0000 0.9977 0.0683
vn -0.0000 0.9970 0.0772
vn -0.0000 0.9963 0.0862
vn -0.0000 0.9955 0.0952
vn -0.0000 0.9945 0.1044
vn -0.0000 0.9935 0.1136
vn -0.0000 0.9924 0.1229
vn -0.0000 0.9912 0.1322
vn -0.0000 0.9899 0.1417
vn -0.0000 0.9885 0.1512
vn -0.0000 0.9870 0.1608
vn -0.0000 0.9854 0.1704
vn -0.0000 0.9870 0.1607
vn -0.0000 0.9837 0.1801
vn -0.0000 0.9818 0.1898
vn -0.0000 0.9799 0.1997
vn -0.0000 0.9778 0.2095
vn -0.0000 0.9756 0.2195
vn -0.0000 0.9733 0.2294
vn -0.0000 0.9709 0.2395
vn -0.0000 0.9684 0.2495
vn -0.0000 0.9657 0.2596
vn -0.0000 0.9629 0.2698
vn -0.0000 0.9600 0.2800
vn -0.0000 0.9570 0.2902
vn -0.0000 0.9538 0.3004
vn -0.0000 0.9505 0.3107
vn -0.0000 0.9471 0.3210
vn -0.0000 0.9435 0.3313
vn -0.0000 0.9398 0.3416
vn -0.0000 0.9360 0.3519
vn -0.0000 0.9321 0.3623
vn -0.0000 0.9280 0.3726
vn -0.0000 0.9238 0.3829
vn -0.0000 0.9194 0.3932
vn -0.0000 0.9150 0.4036
vn -0.0000 0.9103 0.4139
vn -0.0000 0.9056 0.4241
vn -0.0000 0.9007 0.4344
vn -0.0000 0.8957 0.4446
vn -0.0000 0.8906 0.4548
vn -0.0000 0.8853 0.4649
vn -0.0000 0.8800 0.4751
vn -0.0000 0.8853 0.4650
vn -0.0000 0.8744 0.4851
vn -0.0000 0.8688 0.4951
vn -0.0000 0.8631 0.5051
vn -0.0000 0.8688 0.4952
vn -0.0000 0.8572 0.5150
vn -0.0000 0.8512 0.5249
vn -0.0000 0.8451 0.5346
vn -0.0000 0.8389 0.5443
vn -0.0000 0.8325 0.5540
vn -0.0000 0.8261 0.5635
vn -0.0000 0.8196 0.5730
vn -0.0000 0.8129 0.5824
vn -0.0000 0.8062 0.5917
vn -0.0000 0.7993 0.6009
vn -0.0000 0.7924 0.6100
vn -0.0000 0.7821 0.6232
vn -0.0000 0.7711 0.6368
vn -0.0000 0.7626 0.6468
vn -0.0000 0.7540 0.6569
vn -0.0000 0.7451 0.6669
vn -0.0000 0.7361 0.6769
vn -0.0000 0.7268 0.6869
vn -0.0000 0.7172 0.6968
vn -0.0000 0.7075 0.7067
vn -0.0000 0.6976 0.7165
vn -0.0000 0.6874 0.7263
vn -0.0000 0.6770 0.7359
vn -0.0000 0.6665 0.7455
vn -0.0000 0.6771 0.7359
vn -0.0000 0.6557 0.7550
vn -0.0000 0.6447 0.7644
vn -0.0000 0.6335 0.7737
vn -0.0000 0.6222 0.7829
vn -0.0000 0.6106 0.7919
vn -0.0000 0.5989 0.8009
vn -0.0000 0.5869 0.8096
vn -0.0000 0.5988 0.8009
vn -0.0000 0.5748 0.8183
vn -0.0000 0.5626 0.8268
vn -0.0000 0.5502 0.8351
vn -0.0000 0.5376 0.8432
vn -0.0000 0.5249 0.8512
vn -0.0000 0.5120 0.8590
vn -0.0000 0.4991 0.8666
vn -0.0000 0.4860 0.8740
vn -0.0000 0.4728 0.8812
vn -0.0000 0.4595 0.8882
vn -0.0000 0.4461 0.8950
vn -0.0000 0.4326 0.9016
vn -0.0000 0.4191 0.9080
vn -0.0000 0.4055 0.9141
vn -0.0000 0.3918 0.9201
vn -0.0000 0.3781 0.9258
vn -0.0000 0.3918 0.9200
vn -0.0000 0.3643 0.9313
vn -0.0000 0.3506 0.9365
vn -0.0000 0.3644 0.9313
vn -0.0000 0.3368 0.9416
vn -0.0000 0.3230 0.9464
vn -0.0000 0.3093 0.9510
vn -0.0000 0.2955 0.9553
vn -0.0000 0.2818 0.9595
vn -0.0000 0.2681 0.9634
vn -0.0000 0.2544 0.9671
vn -0.0000 0.2408 0.9706
vn -0.0000 0.2272 0.9738
vn -0.0000 0.2137 0.9769
vn -0.0000 0.2003 0.9797
vn -0.0000 0.1870 0.9824
vn -0.0000 0.1737 0.9848
vn -0.0000 0.1605 0.9870
vn -0.0000 0.1475 0.9891
vn -0.0000 0.1345 0.9909
vn -0.0000 0.1216 0.9926
vn -0.0000 0.1089 0.9941
vn -0.0000 0.0963 0.9954
vn -0.0000 0.0838 0.9965
vn -0.0000 0.0714 0.9974
vn -0.0000 0.0591 0.9982
vn -0.0000 0.0470 0.9989
vn -0.0000 0.0592 0.9982
vn -0.0000 0.0351 0.9994
vn -0.0000 0.0232 0.9997
vn -0.0000 0.0116 0.9999
vn -0.0000 -0.0000 1.0000
vn -0.0000 -0.0116 0.9999
vn -0.0000 -0.0234 0.9997
vn -0.0000 -0.0352 0.9994
vn -0.0000 -0.0472 0.9989
vn -0.0000 -0.0593 0.9982
vn -0.0000 -0.0715 0.9974
vn -0.0000 -0.0838 0.9965
vn -0.0000 -0.0962 0.9954
vn -0.0000 -0.1086 0.9941
vn -0.0000 -0.1212 0.9926
vn -0.0000 -0.1087 0.9941
vn -0.0000 -0.1339 0.9910
vn -0.0000 -0.1466 0.9892
vn -0.0000 -0.1594 0.9872
vn -0.0000 -0.1723 0.9851
vn -0.0000 -0.1852 0.9827
vn -0.0000 -0.1982 0.9802
vn -0.0000 -0.2112 0.9774
vn -0.0000 -0.1981 0.9802
vn -0.0000 -0.2242 0.9745
vn -0.0000 -0.2373 0.9714
vn -0.0000 -0.2504 0.9681
vn -0.0000 -0.2636 0.9646
vn -0.0000 -0.2767 0.9610
vn -0.0000 -0.3161 0.9487
vn -0.0000 -0.3292 0.9443
vn -0.0000 -0.3423 0.9396
vn -0.0000 -0.3553 0.9347
vn -0.0000 -0.3683 0.9297
vn -0.0000 -0.3941 0.9191
vn -0.0000 -0.3813 0.9245
vn -0.0000 -0.4069 0.9135
vn -0.0000 -0.4197 0.9077
vn -0.0000 -0.4323 0.9017
vn -0.0000 -0.4449 0.8956
vn -0.0000 -0.4573 0.8893
vn -0.0000 -0.4697 0.8828
vn -0.0000 -0.4574 0.8893
vn -0.0000 -0.4819 0.8762
vn -0.0000 -0.4941 0.8694
vn -0.0000 -0.5061 0.8625
vn -0.0000 -0.5179 0.8554
vn -0.0000 -0.5297 0.8482
vn -0.0000 -0.5413 0.8408
vn -0.0000 -0.5527 0.8334
vn -0.0000 -0.5640 0.8258
vn -0.0000 -0.5752 0.8180
vn -0.0000 -0.5861 0.8102
vn -0.0000 -0.5751 0.8180
vn -0.0000 -0.5969 0.8023
vn -0.0000 -0.6076 0.7943
vn -0.0000 -0.6181 0.7861
vn -0.0000 -0.6284 0.7779
vn -0.0000 -0.6385 0.7696
vn -0.0000 -0.6484 0.7613
vn -0.0000 -0.6582 0.7529
vn -0.0000 -0.6678 0.7444
vn -0.0000 -0.6772 0.7358
vn -0.0000 -0.6864 0.7272
vn -0.0000 -0.6954 0.7186
vn -0.0000 -0.6864 0.7273
vn -0.0000 -0.7042 0.7100
vn -0.0000 -0.7129 0.7013
vn -0.0000 -0.7214 0.6926
vn -0.0000 -0.7296 0.6838
vn -0.0000 -0.7377 0.6751
vn -0.0000 -0.7465 0.6653
vn -0.0000 -0.7532 0.6578
vn -0.0000 -0.7568 0.6536
vn -0.0000 -0.7605 0.6494
vn -0.0000 -0.7641 0.6451
vn -0.0000 -0.7677 0.6408
vn -0.0000 -0.7713 0.6365
vn -0.0000 -0.7749 0.6321
vn -0.0000 -0.7784 0.6277
vn -0.0000 -0.7820 0.6233
vn -0.0000 -0.7855 0.6188
vn -0.0000 -0.7890 0.6144
vn -0.0000 -0.7925 0.6098
vn -0.0000 -0.7960 0.6053
vn -0.0000 -0.7995 0.6007
vn -0.0000 -0.8029 0.5961
vn -0.0000 -0.8063 0.5915
vn -0.0000 -0.8097 0.5868
vn -0.0000 -0.8131 0.5821
vn -0.0000 -0.8165 0.5774
vn -0.0000 -0.8198 0.5727
vn -0.0000 -0.8231 0.5679
vn -0.0000 -0.8264 0.5631
vn -0.0000 -0.8297 0.5583
vn -0.0000 -0.8329 0.5534
vn -0.0000 -0.8361 0.5485
vn -0.0000 -0.8393 0.5436
vn -0.0000 -0.8425 0.5387
vn -0.0000 -0.8457 0.5337
vn -0.0000 -0.8488 0.5287
vn -0.0000 -0.8519 0.5237
vn -0.0000 -0.8549 0.5187
vn -0.0000 -0.8580 0.5137
vn -0.0000 -0.8610 0.5086
vn -0.0000 -0.8640 0.5035
vn -0.0000 -0.8670 0.4984
vn -0.0000 -0.8699 0.4932
vn -0.0000 -0.8728 0.4881
vn -0.0000 -0.8757 0.4829
vn -0.0000 -0.8785 0.4777
vn -0.0000 -0.8813 0.4725
vn -0.0000 -0.8841 0.4673
vn -0.0000 -0.8869 0.4620
vn -0.0000 -0.8896 0.4567
vn -0.0000 -0.8923 0.4515
vn -0.0000 -0.8950 0.4462
vn -0.0000 -0.8976 0.4408
vn -0.0000 -0.9002 0.4355
vn -0.0000 -0.9028 0.4302
vn -0.0000 -0.9053 0.4248
vn -0.0000 -0.9078 0.4194
vn -0.0000 -0.9103 0.4140
vn -0.0000 -0.9127 0.4086
vn -0.0000 -0.9151 0.4032
vn -0.0000 -0.9175 0.3978
vn -0.0000 -0.9198 0.3924
vn -0.0000 -0.9221 0.3869
vn -0.0000 -0.9244 0.3815
vn -0.0000 -0.9266 0.3760
vn -0.0000 -0.9288 0.3705
vn -0.0000 -0.9310 0.3651
vn -0.0000 -0.9331 0.3596
vn -0.0000 -0.9352 0.3541
vn -0.0000 -0.9373 0.3486
vn -0.0000 -0.9400 0.3412
vn -0.0000 -0.9425 0.3342
vn -0.0000 -0.9442 0.3294
vn -0.0000 -0.9459 0.3245
vn -0.0000 -0.9475 0.3196
vn -0.0000 -0.9492 0.3148
vn -0.0000 -0.9508 0.3099
vn -0.0000 -0.9524 0.3050
vn -0.0000 -0.9539 0.3001
vn -0.0000 -0.9554 0.2952
vn -0.0000 -0.9569 0.2903
vn -0.0000 -0.9584 0.2854
vn -0.0000 -0.9598 0.2805
vn -0.0000 -0.9613 0.2756
vn -0.0000 -0.9627 0.2707
vn -0.0000 -0.9640 0.2658
vn -0.0000 -0.9654 0.2609
vn -0.0000 -0.9667 0.2560
vn -0.0000 -0.9680 0.2511
vn -0.0000 -0.9692 0.2462
vn -0.0000 -0.9705 0.2413
vn -0.0000 -0.9717 0.2364
vn -0.0000 -0.9728 0.2315
vn -0.0000 -0.9740 0.2266
vn -0.0000 -0.9751 0.2217
vn -0.0000 -0.9762 0.2168
vn -0.0000 -0.9773 0.2119
vn -0.0000 -0.9783 0.2070
vn -0.0000 -0.9794 0.2021
vn -0.0000 -0.9804 0.1972
vn -0.0000 -0.9813 0.1923
vn -0.0000 -0.9823 0.1875
vn -0.0000 -0.9832 0.1826
vn -0.0000 -0.9841 0.1777
vn -0.0000 -0.9849 0.1729
vn -0.0000 -0.9858 0.1680
vn -0.0000 -0.9866 0.1632
vn -0.0000 -0.9874 0.1583
vn -0.0000 -0.9881 0.1535
vn -0.0000 -0.9889 0.1487
vn -0.0000 -0.9896 0.1439
vn -0.0000 -0.9903 0.1391
vn -0.0000 -0.9909 0.1342
vn -0.0000 -0.9916 0.1295
vn -0.0000 -0.9922 0.1247
vn -0.0000 -0.9928 0.1199
vn -0.0000 -0.9933 0.1151
vn -0.0000 -0.9939 0.1104
vn -0.0000 -0.9944 0.1056
vn -0.0000 -0.9949 0.1009
vn -0.0000 -0.9954 0.0962
vn -0.0000 -0.9958 0.0915
vn -0.0000 -0.9962 0.0868
vn -0.0000 -0.9966 0.0821
vn -0.0000 -0.9970 0.0774
vn -0.0000 -0.9974 0.0728
vn -0.0000 -0.9977 0.0681
vn -0.0000 -0.9980 0.0635
vn -0.0000 -0.9983 0.0588
vn -0.0000 -0.9985 0.0542
vn -0.0000 -0.9988 0.0496
vn -0.0000 -0.9990 0.0450
vn -0.0000 -0.9992 0.0405
vn -0.0000 -0.9994 0.0359
vn -0.0000 -0.9999 0.0150
vn -0.0000 -1.0000 -0.0074
vn -0.0000 -0.9999 -0.0151
vn -0.0000 -0.9997 -0.0230
vn -0.0000 -0.9995 -0.0311
vn -0.0000 -0.9992 -0.0396
vn -0.0000 -0.9988 -0.0483
vn -0.0000 -0.9984 -0.0573
vn -0.0000 -0.9978 -0.0666
vn -0.0000 -0.9971 -0.0762
vn -0.0000 -0.9963 -0.0861
vn -0.0000 -0.9953 -0.0965
vn -0.0000 -0.9942 -0.1071
vn -0.0000 -0.9930 -0.1182
vn -0.0000 -0.9916 -0.1296
vn -0.0000 -0.9899 -0.1415
vn -0.0000 -0.9881 -0.1538
vn -0.0000 -0.9860 -0.1665
vn -0.0000 -0.9837 -0.1797
vn -0.0000 -0.9811 -0.1934
vn -0.0000 -0.9782 -0.2076
vn -0.0000 -0.9750 -0.2223
vn -0.0000 -0.9714 -0.2375
vn -0.0000 -0.9674 -0.2533
vn -0.0000 -0.9629 -0.2697
vn -0.0000 -0.9580 -0.2867
vn -0.0000 -0.9526 -0.3043
vn -0.0000 -0.9466 -0.3225
vn -0.0000 -0.9400 -0.3413
vn -0.0000 -0.9327 -0.3607
vn -0.0000 -0.9246 -0.3809
vn -0.0000 -0.9158 -0.4016
vn -0.0000 -0.9061 -0.4230
vn -0.0000 -0.8955 -0.4450
vn -0.0000 -0.8839 -0.4676
vn -0.0000 -0.8712 -0.4908
vn -0.0000 -0.8574 -0.5146
vn -0.0000 -0.8712 -0.4909
vn -0.0000 -0.8424 -0.5389
vn -0.0000 -0.8261 -0.5636
vn -0.0000 -0.8084 -0.5887
vn -0.0000 -0.7893 -0.6140
vn -0.0000 -0.7687 -0.6396
vn -0.0000 -0.7466 -0.6653
vn -0.0000 -0.7229 -0.6909
vn -0.0000 -0.6977 -0.7164
vn -0.0000 -0.6708 -0.7416
vn -0.0000 -0.6425 -0.7663
vn -0.0000 -0.6125 -0.7904
vn -0.0000 -0.6424 -0.7663
vn -0.0000 -0.5812 -0.8138
vn -0.0000 -0.5485 -0.8362
vn -0.0000 -0.5145 -0.8575
vn -0.0000 -0.5484 -0.8362
vn -0.0000 -0.4794 -0.8776
vn -0.0000 -0.5144 -0.8575
vn -0.0000 -0.4433 -0.8964
vn -0.0000 -0.4793 -0.8776
vn -0.0000 -0.4064 -0.9137
vn -0.0000 -0.4432 -0.8964
vn -0.0000 -0.3689 -0.9295
vn -0.0000 -0.4063 -0.9137
vn -0.0000 -0.3309 -0.9437
vn -0.0000 -0.2928 -0.9562
vn -0.0000 -0.3309 -0.9436
vn -0.0000 -0.2546 -0.9671
vn -0.0000 -0.2165 -0.9763
vn -0.0000 -0.2545 -0.9671
vn -0.0000 -0.1788 -0.9839
vn -0.0000 -0.1415 -0.9899
vn -0.0000 -0.1049 -0.9945
vn -0.0000 -0.0691 -0.9976
vn -0.0000 -0.0342 -0.9994
vn -0.0000 0.0005 -1.0000
vn -0.0000 -0.0341 -0.9994
vn -0.0000 0.0361 -0.9993
vn -0.0000 0.0726 -0.9974
vn -0.0000 0.0362 -0.9993
vn -0.0000 0.1093 -0.9940
vn -0.0000 0.1461 -0.9893
vn -0.0000 0.1094 -0.9940
vn -0.0000 0.1829 -0.9831
vn -0.0000 0.1462 -0.9893
vn -0.0000 0.2195 -0.9756
vn -0.0000 0.1830 -0.9831
vn -0.0000 0.2557 -0.9668
vn -0.0000 0.2914 -0.9566
vn -0.0000 0.2557 -0.9667
vn -0.0000 0.3265 -0.9452
vn -0.0000 0.3608 -0.9327
vn -0.0000 0.3942 -0.9190
vn -0.0000 0.3608 -0.9326
vn -0.0000 0.4266 -0.9044
vn -0.0000 0.4579 -0.8890
vn -0.0000 0.4881 -0.8728
vn -0.0000 0.4580 -0.8890
vn -0.0000 0.5171 -0.8559
vn -0.0000 0.4882 -0.8728
vn -0.0000 0.5449 -0.8385
vn -0.0000 0.5714 -0.8207
vn -0.0000 0.5966 -0.8025
vn -0.0000 0.6206 -0.7841
vn -0.0000 0.5967 -0.8025
vn -0.0000 0.6433 -0.7656
vn -0.0000 0.6648 -0.7470
vn -0.0000 0.6851 -0.7284
vn -0.0000 0.7043 -0.7099
vn -0.0000 0.7223 -0.6916
vn -0.0000 0.7392 -0.6734
vn -0.0000 0.7552 -0.6555
vn -0.0000 0.7393 -0.6734
vn -0.0000 0.7701 -0.6379
vn -0.0000 0.7841 -0.6206
vn -0.0000 0.7973 -0.6036
vn -0.0000 0.7842 -0.6206
vn -0.0000 0.8096 -0.5869
vn -0.0000 0.8212 -0.5707
vn -0.0000 0.8320 -0.5548
vn -0.0000 0.8421 -0.5393
vn -0.0000 0.8516 -0.5242
vn -0.0000 0.8605 -0.5095
vn -0.0000 0.8688 -0.4951
vn -0.0000 0.8766 -0.4812
vn -0.0000 0.8839 -0.4677
vn -0.0000 0.8907 -0.4545
vn -0.0000 0.8971 -0.4417
vn -0.0000 0.9031 -0.4293
vn -0.0000 0.9088 -0.4173
vn -0.0000 0.9141 -0.4056
vn -0.0000 0.9190 -0.3942
vn -0.0000 0.9237 -0.3832
vn -0.0000 0.9280 -0.3725
vn -0.0000 0.9321 -0.3621
vn -0.0000 0.9360 -0.3520
vn -0.0000 0.9396 -0.3423
vn -0.0000 0.9430 -0.3328
vn -0.0000 0.9462 -0.3235
vn -0.0000 0.9492 -0.3146
vn -0.0000 0.9521 -0.3059
vn -0.0000 0.9547 -0.2974
vn -0.0000 0.9573 -0.2892
vn -0.0000 0.9596 -0.2812
vn -0.0000 0.9619 -0.2735
vn -0.0000 0.9640 -0.2660
vn -0.0000 0.9660 -0.2586
vn -0.0000 0.9679 -0.2515
vn -0.0000 0.9696 -0.2446
vn -0.0000 0.9713 -0.2378
vn -0.0000 0.9729 -0.2313
vn -0.0000 0.9747 -0.2234
vn -0.0000 0.9750 -0.2221
vn -0.0000 0.9735 -0.2288
vn -0.0000 0.9718 -0.2356
vn -0.0000 0.9702 -0.2425
vn -0.0000 0.9684 -0.2494
vn -0.0000 0.9666 -0.2564
vn -0.0000 0.9647 -0.2634
vn -0.0000 0.9627 -0.2705
vn -0.0000 0.9607 -0.2776
vn -0.0000 0.9586 -0.2848
vn -0.0000 0.9564 -0.2920
vn -0.0000 0.9542 -0.2993
vn -0.0000 0.9518 -0.3066
vn -0.0000 0.9494 -0.3140
vn -0.0000 0.9470 -0.3214
vn -0.0000 0.9444 -0.3288
vn -0.0000 0.9417 -0.3363
vn -0.0000 0.9390 -0.3439
vn -0.0000 0.9362 -0.3515
vn -0.0000 0.9333 -0.3591
vn -0.0000 0.9303 -0.3668
vn -0.0000 0.9272 -0.3745
vn -0.0000 0.9241 -0.3822
vn -0.0000 0.9208 -0.3900
vn -0.0000 0.9175 -0.3978
vn -0.0000 0.9140 -0.4057
vn -0.0000 0.9105 -0.4135
vn -0.0000 0.9069 -0.4214
vn -0.0000 0.9031 -0.4294
vn -0.0000 0.8993 -0.4373
vn -0.0000 0.8954 -0.4453
vn -0.0000 0.8914 -0.4533
vn -0.0000 0.8872 -0.4613
vn -0.0000 0.8830 -0.4693
vn -0.0000 0.8787 -0.4774
vn -0.0000 0.8743 -0.4854
vn -0.0000 0.8697 -0.4935
vn -0.0000 0.8651 -0.5016
vn -0.0000 0.8604 -0.5097
vn -0.0000 0.8555 -0.5178
vn -0.0000 0.8506 -0.5258
vn -0.0000 0.8555 -0.5177
vn -0.0000 0.8455 -0.5339
vn -0.0000 0.8404 -0.5420
vn -0.0000 0.8351 -0.5500
vn -0.0000 0.8298 -0.5581
vn -0.0000 0.8243 -0.5661
vn -0.0000 0.8187 -0.5742
vn -0.0000 0.8131 -0.5822
vn -0.0000 0.8073 -0.5901
vn -0.0000 0.8014 -0.5981
vn -0.0000 0.7954 -0.6060
vn -0.0000 0.7894 -0.6139
vn -0.0000 0.7832 -0.6218
vn -0.0000 0.7769 -0.6296
vn -0.0000 0.7705 -0.6374
vn -0.0000 0.7640 -0.6452
vn -0.0000 0.7575 -0.6529
vn -0.0000 0.7508 -0.6605
vn -0.0000 0.7441 -0.6681
vn -0.0000 0.7372 -0.6757
vn -0.0000 0.7303 -0.6832
vn -0.0000 0.7232 -0.6906
vn -0.0000 0.7161 -0.6980
vn -0.0000 0.7022 -0.7120
vn -0.0000 0.6899 -0.7239
vn -0.0000 0.7022 -0.7119
vn -0.0000 0.6861 -0.7275
vn -0.0000 0.6823 -0.7311
vn -0.0000 0.6784 -0.7347
vn -0.0000 0.6744 -0.7384
vn -0.0000 0.6704 -0.7420
vn -0.0000 0.6744 -0.7383
vn -0.0000 0.6664 -0.7456
vn -0.0000 0.6623 -0.7493
vn -0.0000 0.6581 -0.7529
vn -0.0000 0.6539 -0.7566
vn -0.0000 0.6496 -0.7602
vn -0.0000 0.6453 -0.7639
vn -0.0000 0.6497 -0.7602
vn -0.0000 0.6410 -0.7676
vn -0.0000 0.6365 -0.7712
vn -0.0000 0.6320 -0.7749
vn -0.0000 0.6365 -0.7713
vn -0.0000 0.6275 -0.7786
vn -0.0000 0.6229 -0.7823
vn -0.0000 0.6183 -0.7860
vn -0.0000 0.6135 -0.7897
vn -0.0000 0.6182 -0.7860
vn -0.0000 0.6088 -0.7933
vn -0.0000 0.6039 -0.7970
vn -0.0000 0.5991 -0.8007
vn -0.0000 0.5941 -0.8044
vn -0.0000 0.5990 -0.8007
vn -0.0000 0.5891 -0.8081
vn -0.0000 0.5840 -0.8117
vn -0.0000 0.5789 -0.8154
vn -0.0000 0.5737 -0.8191
vn -0.0000 0.5685 -0.8227
vn -0.0000 0.5632 -0.8264
vn -0.0000 0.5578 -0.8300
vn -0.0000 0.5631 -0.8264
vn -0.0000 0.5523 -0.8336
vn -0.0000 0.5468 -0.8372
vn -0.0000 0.5413 -0.8408
vn -0.0000 0.5357 -0.8444
vn -0.0000 0.5300 -0.8480
vn -0.0000 0.5242 -0.8516
vn -0.0000 0.5184 -0.8551
vn -0.0000 0.5125 -0.8587
vn -0.0000 0.5066 -0.8622
vn -0.0000 0.5006 -0.8657
vn -0.0000 0.4946 -0.8691
vn -0.0000 0.4884 -0.8726
vn -0.0000 0.4822 -0.8760
vn -0.0000 0.4760 -0.8794
vn -0.0000 0.4697 -0.8828
vn -0.0000 0.4760 -0.8795
vn -0.0000 0.4633 -0.8862
vn -0.0000 0.4569 -0.8895
vn -0.0000 0.4504 -0.8928
vn -0.0000 0.4438 -0.8961
vn -0.0000 0.4305 -0.9026
vn -0.0000 0.4238 -0.9058
vn -0.0000 0.4170 -0.9089
vn -0.0000 0.4101 -0.9120
vn -0.0000 0.4032 -0.9151
vn -0.0000 0.3962 -0.9181
vn -0.0000 0.3892 -0.9212
vn -0.0000 0.3821 -0.9241
vn -0.0000 0.3892 -0.9211
vn -0.0000 0.3750 -0.9270
vn -0.0000 0.3678 -0.9299
vn -0.0000 0.3605 -0.9328
vn -0.0000 0.3532 -0.9355
vn -0.0000 0.3458 -0.9383
vn -0.0000 0.3421 -0.9397
vn -0.0000 0.3387 -0.9409
vn -0.0000 0.3321 -0.9432
vn -0.0000 0.3256 -0.9455
vn -0.0000 0.3190 -0.9477
vn -0.0000 0.3255 -0.9455
vn -0.0000 0.3125 -0.9499
vn -0.0000 0.3190 -0.9478
vn -0.0000 0.3061 -0.9520
vn -0.0000 0.2996 -0.9541
vn -0.0000 0.2933 -0.9560
vn -0.0000 0.2997 -0.9540
vn -0.0000 0.2869 -0.9580
vn -0.0000 0.2743 -0.9616
vn -0.0000 0.2681 -0.9634
vn -0.0000 0.2619 -0.9651
vn -0.0000 0.2496 -0.9684
vn -0.0000 0.2435 -0.9699
vn -0.0000 0.2496 -0.9683
vn -0.0000 0.2375 -0.9714
vn -0.0000 0.2315 -0.9728
vn -0.0000 0.2255 -0.9742
vn -0.0000 0.2196 -0.9756
vn -0.0000 0.2137 -0.9769
vn -0.0000 0.2079 -0.9782
vn -0.0000 0.2021 -0.9794
vn -0.0000 0.1963 -0.9805
vn -0.0000 0.1906 -0.9817
vn -0.0000 0.1849 -0.9828
vn -0.0000 0.1737 -0.9848
vn -0.0000 0.1682 -0.9858
vn -0.0000 0.1626 -0.9867
vn -0.0000 0.1572 -0.9876
vn -0.0000 0.1627 -0.9867
vn -0.0000 0.1518 -0.9884
vn -0.0000 0.1464 -0.9892
vn -0.0000 0.1410 -0.9900
vn -0.0000 0.1358 -0.9907
vn -0.0000 0.1411 -0.9900
vn -0.0000 0.1305 -0.9914
vn -0.0000 0.1253 -0.9921
vn -0.0000 0.1201 -0.9928
vn -0.0000 0.1150 -0.9934
vn -0.0000 0.1099 -0.9939
vn -0.0000 0.1049 -0.9945
vn -0.0000 0.0999 -0.9950
vn -0.0000 0.0949 -0.9955
vn -0.0000 0.0900 -0.9959
vn -0.0000 0.0851 -0.9964
vn -0.0000 0.0803 -0.9968
vn -0.0000 0.0755 -0.9971
vn -0.0000 0.0707 -0.9975
vn -0.0000 0.0660 -0.9978
vn -0.0000 0.0613 -0.9981
vn -0.0000 0.0567 -0.9984
vn -0.0000 0.0614 -0.9981
vn -0.0000 0.0521 -0.9986
vn -0.0000 0.0476 -0.9989
vn -0.0000 0.0430 -0.9991
vn -0.0000 0.0386 -0.9993
vn -0.0000 0.0431 -0.9991
vn -0.0000 0.0341 -0.9994
vn -0.0000 0.0297 -0.9996
vn -0.0000 0.0254 -0.9997
vn -0.0000 0.0211 -0.9998
vn -0.0000 0.0125 -0.9999
vn -0.0000 0.0083 -1.0000
vn -0.0000 0.0042 -1.0000
vn -0.0000 -0.0017 -1.0000
vn -0.0000 -0.0109 -0.9999
vn -0.0000 -0.0220 -0.9998
vn -0.0000 -0.0333 -0.9994
vn -0.0000 -0.0447 -0.9990
vn -0.0000 -0.0563 -0.9984
vn -0.0000 -0.0681 -0.9977
vn -0.0000 -0.0800 -0.9968
vn -0.0000 -0.0922 -0.9957
vn -0.0000 -0.1045 -0.9945
vn -0.0000 -0.1169 -0.9931
vn -0.0000 -0.1296 -0.9916
vn -0.0000 -0.1424 -0.9898
vn -0.0000 -0.1553 -0.9879
vn -0.0000 -0.1684 -0.9857
vn -0.0000 -0.1817 -0.9834
vn -0.0000 -0.1951 -0.9808
vn -0.0000 -0.2086 -0.9780
vn -0.0000 -0.2223 -0.9750
vn -0.0000 -0.2361 -0.9717
vn -0.0000 -0.2501 -0.9682
vn -0.0000 -0.2641 -0.9645
vn -0.0000 -0.2783 -0.9605
vn -0.0000 -0.2925 -0.9563
vn -0.0000 -0.3069 -0.9518
vn -0.0000 -0.3213 -0.9470
vn -0.0000 -0.3358 -0.9419
vn -0.0000 -0.3503 -0.9366
vn -0.0000 -0.3649 -0.9310
vn -0.0000 -0.3795 -0.9252
vn -0.0000 -0.3942 -0.9190
vn -0.0000 -0.4089 -0.9126
vn -0.0000 -0.4235 -0.9059
vn -0.0000 -0.4382 -0.8989
vn -0.0000 -0.4236 -0.9059
vn -0.0000 -0.4528 -0.8916
vn -0.0000 -0.4674 -0.8840
vn -0.0000 -0.4820 -0.8762
vn -0.0000 -0.4965 -0.8681
vn -0.0000 -0.5109 -0.8597
vn -0.0000 -0.5252 -0.8510
vn -0.0000 -0.5394 -0.8420
vn -0.0000 -0.5535 -0.8329
vn -0.0000 -0.5674 -0.8234
vn -0.0000 -0.5535 -0.8328
vn -0.0000 -0.5813 -0.8137
vn -0.0000 -0.5675 -0.8234
vn -0.0000 -0.5949 -0.8038
vn -0.0000 -0.6084 -0.7936
vn -0.0000 -0.6218 -0.7832
vn -0.0000 -0.6349 -0.7726
vn -0.0000 -0.6478 -0.7618
vn -0.0000 -0.6605 -0.7508
vn -0.0000 -0.6730 -0.7396
vn -0.0000 -0.6853 -0.7283
vn -0.0000 -0.6973 -0.7167
vn -0.0000 -0.6853 -0.7282
vn -0.0000 -0.7091 -0.7051
vn -0.0000 -0.6974 -0.7167
vn -0.0000 -0.7207 -0.6933
vn -0.0000 -0.7320 -0.6813
vn -0.0000 -0.7430 -0.6693
vn -0.0000 -0.7537 -0.6572
vn -0.0000 -0.7642 -0.6449
vn -0.0000 -0.7538 -0.6572
vn -0.0000 -0.7744 -0.6326
vn -0.0000 -0.7844 -0.6203
vn -0.0000 -0.7745 -0.6326
vn -0.0000 -0.7941 -0.6079
vn -0.0000 -0.8034 -0.5954
vn -0.0000 -0.8125 -0.5829
vn -0.0000 -0.8183 -0.5748
vn -0.0000 -0.8223 -0.5691
vn -0.0000 -0.8275 -0.5615
vn -0.0000 -0.8326 -0.5538
vn -0.0000 -0.8377 -0.5461
vn -0.0000 -0.8427 -0.5383
vn -0.0000 -0.8477 -0.5305
vn -0.0000 -0.8525 -0.5227
vn -0.0000 -0.8573 -0.5148
vn -0.0000 -0.8620 -0.5069
vn -0.0000 -0.8666 -0.4990
vn -0.0000 -0.8712 -0.4910
vn -0.0000 -0.8756 -0.4830
vn -0.0000 -0.8800 -0.4750
vn -0.0000 -0.8843 -0.4669
vn -0.0000 -0.8885 -0.4589
vn -0.0000 -0.8926 -0.4508
vn -0.0000 -0.8967 -0.4427
vn -0.0000 -0.9006 -0.4346
vn -0.0000 -0.9045 -0.4264
vn -0.0000 -0.9083 -0.4183
vn -0.0000 -0.9120 -0.4101
vn -0.0000 -0.9156 -0.4020
vn -0.0000 -0.9192 -0.3938
vn -0.0000 -0.9226 -0.3857
vn -0.0000 -0.9260 -0.3775
vn -0.0000 -0.9293 -0.3693
vn -0.0000 -0.9325 -0.3612
vn -0.0000 -0.9356 -0.3530
vn -0.0000 -0.9386 -0.3449
vn -0.0000 -0.9416 -0.3368
vn -0.0000 -0.9444 -0.3287
vn -0.0000 -0.9472 -0.3206
vn -0.0000 -0.9499 -0.3125
vn -0.0000 -0.9525 -0.3044
vn -0.0000 -0.9551 -0.2964
vn -0.0000 -0.9575 -0.2883
vn -0.0000 -0.9599 -0.2803
vn -0.0000 -0.9622 -0.2724
vn -0.0000 -0.9644 -0.2644
vn -0.0000 -0.9665 -0.2565
vn -0.0000 -0.9686 -0.2486
vn -0.0000 -0.9706 -0.2407
vn -0.0000 -0.9725 -0.2329
vn -0.0000 -0.9743 -0.2251
vn -0.0000 -0.9761 -0.2173
vn -0.0000 -0.9778 -0.2096
vn -0.0000 -0.9794 -0.2019
vn -0.0000 -0.9809 -0.1943
vn -0.0000 -0.9824 -0.1867
vn -0.0000 -0.9838 -0.1791
vn -0.0000 -0.9852 -0.1716
vn -0.0000 -0.9864 -0.1641
vn -0.0000 -0.9877 -0.1566
vn -0.0000 -0.9888 -0.1492
vn -0.0000 -0.9899 -0.1419
vn -0.0000 -0.9909 -0.1346
vn -0.0000 -0.9919 -0.1273
vn -0.0000 -0.9928 -0.1201
vn -0.0000 -0.9936 -0.1130
vn -0.0000 -0.9944 -0.1058
vn -0.0000 -0.9951 -0.0988
vn -0.0000 -0.9958 -0.0918
vn -0.0000 -0.9964 -0.0848
vn -0.0000 -0.9979 -0.0642
vn -0.0000 -0.9989 -0.0466
vn -0.0000 -0.9990 -0.0455
vn -0.0000 -0.9990 -0.0445
vn -0.0000 -0.9990 -0.0436
vn -0.0000 -0.9991 -0.0426
vn -0.0000 -0.9991 -0.0416
vn -0.0000 -0.9992 -0.0407
vn -0.0000 -0.9992 -0.0397
vn -0.0000 -0.9992 -0.0388
vn -0.0000 -0.9993 -0.0379
vn -0.0000 -0.9993 -0.0370
vn -0.0000 -0.9993 -0.0361
vn -0.0000 -0.9994 -0.0352
vn -0.0000 -0.9994 -0.0343
vn -0.0000 -0.9994 -0.0335
vn -0.0000 -0.9995 -0.0326
vn -0.0000 -0.9995 -0.0317
vn -0.0000 -0.9995 -0.0309
vn -0.0000 -0.9995 -0.0301
vn -0.0000 -0.9996 -0.0292
vn -0.0000 -0.9996 -0.0284
vn -0.0000 -0.9996 -0.0277
vn -0.0000 -0.9996 -0.0268
vn -0.0000 -0.9997 -0.0260
vn -0.0000 -0.9997 -0.0253
vn -0.0000 -0.9997 -0.0245
vn -0.0000 -0.9997 -0.0237
vn -0.0000 -0.9998 -0.0222
vn -0.0000 -0.9998 -0.0215
vn -0.0000 -0.9998 -0.0208
vn -0.0000 -0.9998 -0.0200
vn -0.0000 -0.9998 -0.0193
vn -0.0000 -0.9998 -0.0186
vn -0.0000 -0.9998 -0.0179
vn -0.0000 -0.9999 -0.0172
vn -0.0000 -0.9999 -0.0165
vn -0.0000 -0.9999 -0.0158
vn -0.0000 -0.9999 -0.0145
vn -0.0000 -0.9999 -0.0138
vn -0.0000 -0.9999 -0.0131
vn -0.0000 -0.9999 -0.0124
vn -0.0000 -0.9999 -0.0118
vn -0.0000 -0.9999 -0.0111
vn -0.0000 -0.9999 -0.0105
vn -0.0000 -1.0000 -0.0099
vn -0.0000 -1.0000 -0.0092
vn -0.0000 -1.0000 -0.0086
vn -0.0000 -1.0000 -0.0080
vn -0.0000 -1.0000 -0.0068
vn -0.0000 -1.0000 -0.0062
vn -0.0000 -1.0000 -0.0056
vn -0.0000 -1.0000 -0.0050
vn -0.0000 -1.0000 -0.0045
vn -0.0000 -1.0000 -0.0039
vn -0.0000 -1.0000 -0.0033
vn -0.0000 -1.0000 -0.0028
vn -0.0000 -1.0000 -0.0022
vn -0.0000 -1.0000 -0.0016
vn -0.0000 -1.0000 -0.0011
vn -0.0000 -1.0000 -0.0005
vn -0.0000 -0.0092 -1.0000
vn -0.0000 0.0002 -1.0000
vn -0.0000 -0.0186 -0.9998
vn -0.0000 -0.0282 -0.9996
vn -0.0000 -0.0379 -0.9993
vn -0.0000 -0.0478 -0.9989
vn -0.0000 -0.0579 -0.9983
vn -0.0000 -0.0682 -0.9977
vn -0.0000 -0.0786 -0.9969
vn -0.0000 -0.0892 -0.9960
vn -0.0000 -0.1000 -0.9950
vn -0.0000 -0.1110 -0.9938
vn -0.0000 -0.1001 -0.9950
vn -0.0000 -0.1222 -0.9925
vn -0.0000 -0.1336 -0.9910
vn -0.0000 -0.1451 -0.9894
vn -0.0000 -0.1568 -0.9876
vn -0.0000 -0.1687 -0.9857
vn -0.0000 -0.1808 -0.9835
vn -0.0000 -0.1931 -0.9812
vn -0.0000 -0.2056 -0.9786
vn -0.0000 -0.2182 -0.9759
vn -0.0000 -0.2055 -0.9786
vn -0.0000 -0.2310 -0.9730
vn -0.0000 -0.2439 -0.9698
vn -0.0000 -0.2571 -0.9664
vn -0.0000 -0.2704 -0.9628
vn -0.0000 -0.2838 -0.9589
vn -0.0000 -0.2974 -0.9547
vn -0.0000 -0.3112 -0.9504
vn -0.0000 -0.3250 -0.9457
vn -0.0000 -0.3390 -0.9408
vn -0.0000 -0.3532 -0.9356
vn -0.0000 -0.3391 -0.9408
vn -0.0000 -0.3674 -0.9300
vn -0.0000 -0.3818 -0.9243
vn -0.0000 -0.3962 -0.9182
vn -0.0000 -0.3818 -0.9242
vn -0.0000 -0.4108 -0.9117
vn -0.0000 -0.3962 -0.9181
vn -0.0000 -0.4254 -0.9050
vn -0.0000 -0.4400 -0.8980
vn -0.0000 -0.4547 -0.8906
vn -0.0000 -0.4695 -0.8829
vn -0.0000 -0.4842 -0.8749
vn -0.0000 -0.4695 -0.8830
vn -0.0000 -0.4990 -0.8666
vn -0.0000 -0.5137 -0.8579
vn -0.0000 -0.5285 -0.8490
vn -0.0000 -0.5137 -0.8580
vn -0.0000 -0.5432 -0.8396
vn -0.0000 -0.5578 -0.8300
vn -0.0000 -0.5431 -0.8396
vn -0.0000 -0.5724 -0.8200
vn -0.0000 -0.5868 -0.8097
vn -0.0000 -0.6012 -0.7991
vn -0.0000 -0.6154 -0.7882
vn -0.0000 -0.6295 -0.7770
vn -0.0000 -0.6435 -0.7654
vn -0.0000 -0.6573 -0.7536
vn -0.0000 -0.6709 -0.7415
vn -0.0000 -0.6843 -0.7292
vn -0.0000 -0.6975 -0.7166
vn -0.0000 -0.7105 -0.7037
vn -0.0000 -0.7232 -0.6906
vn -0.0000 -0.7357 -0.6773
vn -0.0000 -0.7479 -0.6638
vn -0.0000 -0.7599 -0.6501
vn -0.0000 -0.7829 -0.6221
vn -0.0000 -0.7940 -0.6080
vn -0.0000 -0.7829 -0.6222
vn -0.0000 -0.8047 -0.5937
vn -0.0000 -0.9714 -0.2374
vn -0.0000 -0.9885 0.1510
vn -0.0000 -0.9872 0.1593
vn -0.0000 -0.9858 0.1676
vn -0.0000 -0.9844 0.1760
vn -0.0000 -0.9828 0.1844
vn -0.0000 -0.9812 0.1929
vn -0.0000 -0.9795 0.2014
vn -0.0000 -0.9777 0.2099
vn -0.0000 -0.9758 0.2185
vn -0.0000 -0.9739 0.2271
vn -0.0000 -0.9718 0.2358
vn -0.0000 -0.9697 0.2444
vn -0.0000 -0.9674 0.2531
vn -0.0000 -0.9651 0.2618
vn -0.0000 -0.9627 0.2706
vn -0.0000 -0.9602 0.2793
vn -0.0000 -0.9576 0.2881
vn -0.0000 -0.9549 0.2969
vn -0.0000 -0.9521 0.3057
vn -0.0000 -0.9492 0.3145
vn -0.0000 -0.9463 0.3234
vn -0.0000 -0.9432 0.3322
vn -0.0000 -0.9400 0.3410
vn -0.0000 -0.9368 0.3499
vn -0.0000 -0.9334 0.3587
vn -0.0000 -0.9300 0.3676
vn -0.0000 -0.9265 0.3764
vn -0.0000 -0.9228 0.3852
vn -0.0000 -0.9191 0.3940
vn -0.0000 -0.9153 0.4028
vn -0.0000 -0.9114 0.4116
vn -0.0000 -0.9074 0.4204
vn -0.0000 -0.9033 0.4291
vn -0.0000 -0.8991 0.4378
vn -0.0000 -0.8948 0.4465
vn -0.0000 -0.8904 0.4552
vn -0.0000 -0.8859 0.4638
vn -0.0000 -0.8814 0.4724
vn -0.0000 -0.8767 0.4810
vn -0.0000 -0.8720 0.4895
vn -0.0000 -0.8672 0.4979
vn -0.0000 -0.8623 0.5064
vn -0.0000 -0.8573 0.5148
vn -0.0000 -0.8523 0.5231
vn -0.0000 -0.8471 0.5314
vn -0.0000 -0.8419 0.5396
vn -0.0000 -0.8366 0.5478
vn -0.0000 -0.8313 0.5559
vn -0.0000 -0.8258 0.5639
vn -0.0000 -0.8203 0.5719
vn -0.0000 -0.8147 0.5799
vn -0.0000 -0.8091 0.5877
vn -0.0000 -0.8033 0.5955
vn -0.0000 -0.7976 0.6032
vn -0.0000 -0.8034 0.5955
vn -0.0000 -0.7917 0.6109
vn -0.0000 -0.7858 0.6184
vn -0.0000 -0.7799 0.6259
vn -0.0000 -0.7739 0.6334
vn -0.0000 -0.7678 0.6407
vn -0.0000 -0.7617 0.6480
vn -0.0000 -0.7555 0.6551
vn -0.0000 -0.7493 0.6622
vn -0.0000 -0.7431 0.6692
vn -0.0000 -0.7428 0.6695
vn -0.0000 -0.7432 0.6691
vn -0.0000 -0.7382 0.6746
vn -0.0000 -0.7331 0.6801
vn -0.0000 -0.7280 0.6856
vn -0.0000 -0.7229 0.6910
vn -0.0000 -0.7177 0.6964
vn -0.0000 -0.7124 0.7018
vn -0.0000 -0.7071 0.7071
vn -0.0000 -0.7018 0.7124
vn -0.0000 -0.6964 0.7177
vn -0.0000 -0.6909 0.7229
vn -0.0000 -0.6855 0.7281
vn -0.0000 -0.6800 0.7333
vn -0.0000 -0.6744 0.7384
vn -0.0000 -0.6799 0.7333
vn -0.0000 -0.6688 0.7435
vn -0.0000 -0.6631 0.7485
vn -0.0000 -0.6575 0.7535
vn -0.0000 -0.6517 0.7585
vn -0.0000 -0.6460 0.7634
vn -0.0000 -0.6517 0.7584
vn -0.0000 -0.6402 0.7682
vn -0.0000 -0.6343 0.7730
vn -0.0000 -0.6285 0.7778
vn -0.0000 -0.6344 0.7730
vn -0.0000 -0.6226 0.7826
vn -0.0000 -0.6167 0.7872
vn -0.0000 -0.6226 0.7825
vn -0.0000 -0.6107 0.7919
vn -0.0000 -0.6047 0.7964
vn -0.0000 -0.5987 0.8010
vn -0.0000 -0.5926 0.8055
vn -0.0000 -0.5866 0.8099
vn -0.0000 -0.5805 0.8143
vn -0.0000 -0.5743 0.8186
vn -0.0000 -0.5682 0.8229
vn -0.0000 -0.5620 0.8271
vn -0.0000 -0.5558 0.8313
vn -0.0000 -0.5496 0.8354
vn -0.0000 -0.5434 0.8395
vn -0.0000 -0.5371 0.8435
vn -0.0000 -0.5309 0.8474
vn -0.0000 -0.5246 0.8513
vn -0.0000 -0.5309 0.8475
vn -0.0000 -0.5183 0.8552
vn -0.0000 -0.5246 0.8514
vn -0.0000 -0.5120 0.8590
vn -0.0000 -0.5057 0.8627
vn -0.0000 -0.4993 0.8664
vn -0.0000 -0.4930 0.8700
vn -0.0000 -0.4994 0.8664
vn -0.0000 -0.4867 0.8736
vn -0.0000 -0.4803 0.8771
vn -0.0000 -0.4740 0.8806
vn -0.0000 -0.4676 0.8839
vn -0.0000 -0.4740 0.8805
vn -0.0000 -0.4612 0.8873
vn -0.0000 -0.4549 0.8906
vn -0.0000 -0.4485 0.8938
vn -0.0000 -0.4358 0.9001
vn -0.0000 -0.4294 0.9031
vn -0.0000 -0.4230 0.9061
vn -0.0000 -0.4167 0.9091
vn -0.0000 -0.4103 0.9120
vn -0.0000 -0.4040 0.9148
vn -0.0000 -0.3976 0.9176
vn -0.0000 -0.3913 0.9203
vn -0.0000 -0.3849 0.9229
vn -0.0000 -0.3786 0.9255
vn -0.0000 -0.3850 0.9229
vn -0.0000 -0.3723 0.9281
vn -0.0000 -0.3697 0.9292
vn -0.0000 -0.3671 0.9302
vn -0.0000 -0.3696 0.9292
vn -0.0000 -0.3609 0.9326
vn -0.0000 -0.3547 0.9350
vn -0.0000 -0.3485 0.9373
vn -0.0000 -0.3361 0.9418
vn -0.0000 -0.3299 0.9440
vn -0.0000 -0.3237 0.9461
vn -0.0000 -0.3176 0.9482
vn -0.0000 -0.3238 0.9461
vn -0.0000 -0.3114 0.9503
vn -0.0000 -0.3052 0.9523
vn -0.0000 -0.2990 0.9542
vn -0.0000 -0.2929 0.9562
vn -0.0000 -0.2867 0.9580
vn -0.0000 -0.2805 0.9598
vn -0.0000 -0.2744 0.9616
vn -0.0000 -0.2682 0.9634
vn -0.0000 -0.2621 0.9650
vn -0.0000 -0.2560 0.9667
vn -0.0000 -0.2438 0.9698
vn -0.0000 -0.2499 0.9683
vn -0.0000 -0.2377 0.9713
vn -0.0000 -0.2255 0.9742
vn -0.0000 -0.2195 0.9756
vn -0.0000 -0.2134 0.9770
vn -0.0000 -0.2014 0.9795
vn -0.0000 -0.1954 0.9807
vn -0.0000 -0.1894 0.9819
vn -0.0000 -0.1835 0.9830
vn -0.0000 -0.1776 0.9841
vn -0.0000 -0.1716 0.9852
vn -0.0000 -0.1775 0.9841
vn -0.0000 -0.1657 0.9862
vn -0.0000 -0.1599 0.9871
vn -0.0000 -0.1540 0.9881
vn -0.0000 -0.1598 0.9871
vn -0.0000 -0.1482 0.9890
vn -0.0000 -0.1424 0.9898
vn -0.0000 -0.1366 0.9906
vn -0.0000 -0.1423 0.9898
vn -0.0000 -0.1308 0.9914
vn -0.0000 -0.1365 0.9906
vn -0.0000 -0.1250 0.9922
vn -0.0000 -0.1193 0.9929
vn -0.0000 -0.1136 0.9935
vn -0.0000 -0.1079 0.9942
vn -0.0000 -0.1023 0.9948
vn -0.0000 -0.0967 0.9953
vn -0.0000 -0.0910 0.9958
vn -0.0000 -0.0855 0.9963
vn -0.0000 -0.0911 0.9958
vn -0.0000 -0.0799 0.9968
vn -0.0000 -0.0744 0.9972
vn -0.0000 -0.0689 0.9976
vn -0.0000 -0.0634 0.9980
vn -0.0000 -0.0526 0.9986
vn -0.0000 -0.0418 0.9991
vn -0.0000 -0.0365 0.9993
vn -0.0000 -0.0312 0.9995
vn -0.0000 -0.0259 0.9997
vn -0.0000 -0.0207 0.9998
vn -0.0000 -0.0155 0.9999
vn -0.0000 -0.0103 0.9999
vn -0.0000 -0.0051 1.0000
vn -0.0000 0.0002 1.0000
vn -0.0000 0.0058 1.0000
vn -0.0000 0.0117 0.9999
vn -0.0000 0.0177 0.9998
vn -0.0000 0.0237 0.9997
vn -0.0000 0.0176 0.9998
vn -0.0000 0.0298 0.9996
vn -0.0000 0.0360 0.9994
vn -0.0000 0.0422 0.9991
vn -0.0000 0.0486 0.9988
vn -0.0000 0.0550 0.9985
vn -0.0000 0.0615 0.9981
vn -0.0000 0.0681 0.9977
vn -0.0000 0.0747 0.9972
vn -0.0000 0.0680 0.9977
vn -0.0000 0.0814 0.9967
vn -0.0000 0.0883 0.9961
vn -0.0000 0.0951 0.9955
vn -0.0000 0.0882 0.9961
vn -0.0000 0.1021 0.9948
vn -0.0000 0.1092 0.9940
vn -0.0000 0.1163 0.9932
vn -0.0000 0.1091 0.9940
vn -0.0000 0.1235 0.9923
vn -0.0000 0.1308 0.9914
vn -0.0000 0.1382 0.9904
vn -0.0000 0.1457 0.9893
vn -0.0000 0.1532 0.9882
vn -0.0000 0.1456 0.9893
vn -0.0000 0.1608 0.9870
vn -0.0000 0.1685 0.9857
vn -0.0000 0.1763 0.9843
vn -0.0000 0.1842 0.9829
vn -0.0000 0.1922 0.9814
vn -0.0000 0.2002 0.9797
vn -0.0000 0.2084 0.9781
vn -0.0000 0.2166 0.9763
vn -0.0000 0.2084 0.9780
vn -0.0000 0.2249 0.9744
vn -0.0000 0.2332 0.9724
vn -0.0000 0.2417 0.9704
vn -0.0000 0.2502 0.9682
vn -0.0000 0.2588 0.9659
vn -0.0000 0.2675 0.9636
vn -0.0000 0.2763 0.9611
vn -0.0000 0.2851 0.9585
vn -0.0000 0.2940 0.9558
vn -0.0000 0.3030 0.9530
vn -0.0000 0.3120 0.9501
vn -0.0000 0.3211 0.9470
vn -0.0000 0.3303 0.9439
vn -0.0000 0.3212 0.9470
vn -0.0000 0.3396 0.9406
vn -0.0000 0.3489 0.9372
vn -0.0000 0.3582 0.9336
vn -0.0000 0.3677 0.9300
vn -0.0000 0.3583 0.9336
vn -0.0000 0.3772 0.9262
vn -0.0000 0.3867 0.9222
vn -0.0000 0.3771 0.9262
vn -0.0000 0.3963 0.9181
vn -0.0000 0.4059 0.9139
vn -0.0000 0.3962 0.9181
vn -0.0000 0.4155 0.9096
vn -0.0000 0.4252 0.9051
vn -0.0000 0.4350 0.9005
vn -0.0000 0.4447 0.8957
vn -0.0000 0.4350 0.9004
vn -0.0000 0.4545 0.8907
vn -0.0000 0.4643 0.8857
vn -0.0000 0.4742 0.8804
vn -0.0000 0.4840 0.8750
vn -0.0000 0.4939 0.8695
vn -0.0000 0.5038 0.8638
vn -0.0000 0.5136 0.8580
vn -0.0000 0.5326 0.8464
vn -0.0000 0.5137 0.8580
vn -0.0000 0.5497 0.8354
vn -0.0000 0.5563 0.8310
vn -0.0000 0.5629 0.8265
vn -0.0000 0.5697 0.8219
vn -0.0000 0.5766 0.8170
vn -0.0000 0.5836 0.8121
vn -0.0000 0.5766 0.8171
vn -0.0000 0.5906 0.8069
vn -0.0000 0.5835 0.8121
vn -0.0000 0.5979 0.8016
vn -0.0000 0.6052 0.7961
vn -0.0000 0.6126 0.7904
vn -0.0000 0.6202 0.7845
vn -0.0000 0.6278 0.7784
vn -0.0000 0.6356 0.7720
vn -0.0000 0.6435 0.7655
vn -0.0000 0.6515 0.7587
vn -0.0000 0.6596 0.7516
vn -0.0000 0.6678 0.7444
vn -0.0000 0.6761 0.7368
vn -0.0000 0.6845 0.7290
vn -0.0000 0.6930 0.7209
vn -0.0000 0.7016 0.7125
vn -0.0000 0.7103 0.7039
vn -0.0000 0.7016 0.7126
vn -0.0000 0.7191 0.6949
vn -0.0000 0.7280 0.6856
vn -0.0000 0.7369 0.6760
vn -0.0000 0.7460 0.6660
vn -0.0000 0.7550 0.6557
vn -0.0000 0.7459 0.6660
vn -0.0000 0.7642 0.6450
vn -0.0000 0.7734 0.6340
vn -0.0000 0.7826 0.6226
vn -0.0000 0.7733 0.6340
vn -0.0000 0.7918 0.6108
vn -0.0000 0.8011 0.5986
vn -0.0000 0.8103 0.5860
vn -0.0000 0.8196 0.5729
vn -0.0000 0.8288 0.5595
vn -0.0000 0.8380 0.5456
vn -0.0000 0.8472 0.5313
vn -0.0000 0.8562 0.5166
vn -0.0000 0.8652 0.5014
vn -0.0000 0.8741 0.4858
vn -0.0000 0.8828 0.4697
vn -0.0000 0.8914 0.4532
vn -0.0000 0.8998 0.4363
vn -0.0000 0.9080 0.4189
vn -0.0000 0.9161 0.4010
vn -0.0000 0.9081 0.4189
vn -0.0000 0.9238 0.3828
vn -0.0000 0.9314 0.3641
vn -0.0000 0.9239 0.3827
vn -0.0000 0.9386 0.3450
vn -0.0000 0.9456 0.3255
vn -0.0000 0.9522 0.3056
vn -0.0000 0.9584 0.2853
vn -0.0000 0.9643 0.2647
vn -0.0000 0.9698 0.2438
vn -0.0000 0.9749 0.2226
vn -0.0000 0.9796 0.2011
vn -0.0000 0.9838 0.1793
vn -0.0000 0.9875 0.1574
vn -0.0000 0.9908 0.1352
vn -0.0000 0.9936 0.1129
vn -0.0000 0.9959 0.0904
vn -0.0000 0.9977 0.0679
vn -0.0000 0.9990 0.0453
vn -0.0000 0.9997 0.0227
vn -0.0000 1.0000 -0.0047
vn -0.0000 0.9992 -0.0410
vn -0.0000 0.9967 -0.0809
vn -0.0000 0.9929 -0.1193
vn -0.0000 0.9877 -0.1563
vn -0.0000 0.9815 -0.1917
vn -0.0000 0.9743 -0.2255
vn -0.0000 0.9662 -0.2576
vn -0.0000 0.9576 -0.2882
vn -0.0000 0.9484 -0.3172
vn -0.0000 0.9387 -0.3447
vn -0.0000 0.9186 -0.3952
vn -0.0000 0.9082 -0.4185
vn -0.0000 0.8978 -0.4404
vn -0.0000 0.9082 -0.4184
vn -0.0000 0.8874 -0.4610
vn -0.0000 0.8978 -0.4403
vn -0.0000 0.8770 -0.4806
vn -0.0000 0.8666 -0.4990
vn -0.0000 0.8770 -0.4805
vn -0.0000 0.8564 -0.5163
vn -0.0000 0.8666 -0.4989
vn -0.0000 0.8463 -0.5327
vn -0.0000 0.8363 -0.5482
vn -0.0000 0.8266 -0.5629
vn -0.0000 0.8170 -0.5767
vn -0.0000 0.8266 -0.5628
vn -0.0000 0.8076 -0.5898
vn -0.0000 0.7984 -0.6021
vn -0.0000 0.7894 -0.6138
vn -0.0000 0.7984 -0.6022
vn -0.0000 0.7807 -0.6249
vn -0.0000 0.7721 -0.6355
vn -0.0000 0.7638 -0.6454
vn -0.0000 0.7557 -0.6549
vn -0.0000 0.7638 -0.6455
vn -0.0000 0.7478 -0.6639
vn -0.0000 0.7401 -0.6725
vn -0.0000 0.7326 -0.6806
vn -0.0000 0.7254 -0.6884
vn -0.0000 0.7183 -0.6957
vn -0.0000 0.7254 -0.6883
vn -0.0000 0.7114 -0.7028
vn -0.0000 0.7047 -0.7095
vn -0.0000 0.6982 -0.7159
vn -0.0000 0.6919 -0.7220
vn -0.0000 0.6857 -0.7279
vn -0.0000 0.6797 -0.7335
vn -0.0000 0.6858 -0.7278
vn -0.0000 0.6739 -0.7388
vn -0.0000 0.6798 -0.7334
vn -0.0000 0.6683 -0.7439
vn -0.0000 0.6627 -0.7488
vn -0.0000 0.6682 -0.7439
vn -0.0000 0.6574 -0.7536
vn -0.0000 0.6522 -0.7581
vn -0.0000 0.6471 -0.7624
vn -0.0000 0.6421 -0.7666
vn -0.0000 0.6373 -0.7706
vn -0.0000 0.6326 -0.7745
vn -0.0000 0.6280 -0.7782
vn -0.0000 0.6236 -0.7818
vn -0.0000 0.6192 -0.7852
vn -0.0000 0.6150 -0.7885
vn -0.0000 0.6109 -0.7917
vn -0.0000 0.6069 -0.7948
vn -0.0000 0.6029 -0.7978
vn -0.0000 0.5954 -0.8035
vn -0.0000 0.5917 -0.8061
vn -0.0000 0.5882 -0.8087
vn -0.0000 0.5847 -0.8113
vn -0.0000 0.5813 -0.8137
vn -0.0000 0.5780 -0.8161
vn -0.0000 0.5791 -0.8152
vn -0.0000 0.5805 -0.8143
vn -0.0000 0.5776 -0.8163
vn -0.0000 0.5805 -0.8142
vn -0.0000 0.5747 -0.8183
vn -0.0000 0.5718 -0.8204
vn -0.0000 0.5689 -0.8224
vn -0.0000 0.5659 -0.8245
vn -0.0000 0.5629 -0.8265
vn -0.0000 0.5599 -0.8286
vn -0.0000 0.5569 -0.8306
vn -0.0000 0.5538 -0.8326
vn -0.0000 0.5507 -0.8347
vn -0.0000 0.5476 -0.8367
vn -0.0000 0.5445 -0.8388
vn -0.0000 0.5382 -0.8428
vn -0.0000 0.5350 -0.8449
vn -0.0000 0.5317 -0.8469
vn -0.0000 0.5285 -0.8489
vn -0.0000 0.5252 -0.8510
vn -0.0000 0.5219 -0.8530
vn -0.0000 0.5186 -0.8550
vn -0.0000 0.5153 -0.8570
vn -0.0000 0.5119 -0.8590
vn -0.0000 0.5085 -0.8611
vn -0.0000 0.5119 -0.8591
vn -0.0000 0.5051 -0.8631
vn -0.0000 0.5016 -0.8651
vn -0.0000 0.4982 -0.8671
vn -0.0000 0.4947 -0.8691
vn -0.0000 0.4911 -0.8711
vn -0.0000 0.4876 -0.8731
vn -0.0000 0.4840 -0.8750
vn -0.0000 0.4804 -0.8770
vn -0.0000 0.4768 -0.8790
vn -0.0000 0.4732 -0.8810
vn -0.0000 0.4695 -0.8829
vn -0.0000 0.4658 -0.8849
vn -0.0000 0.4621 -0.8868
vn -0.0000 0.4583 -0.8888
vn -0.0000 0.4546 -0.8907
vn -0.0000 0.4508 -0.8926
vn -0.0000 0.4469 -0.8946
vn -0.0000 0.4431 -0.8965
vn -0.0000 0.4392 -0.8984
vn -0.0000 0.4353 -0.9003
vn -0.0000 0.4314 -0.9022
vn -0.0000 0.4274 -0.9040
vn -0.0000 0.4235 -0.9059
vn -0.0000 0.4195 -0.9078
vn -0.0000 0.4154 -0.9096
vn -0.0000 0.4114 -0.9115
vn -0.0000 0.4073 -0.9133
vn -0.0000 0.3991 -0.9169
vn -0.0000 0.3949 -0.9187
vn -0.0000 0.3907 -0.9205
vn -0.0000 0.3865 -0.9223
vn -0.0000 0.3823 -0.9240
vn -0.0000 0.3780 -0.9258
vn -0.0000 0.3737 -0.9275
vn -0.0000 0.3694 -0.9293
vn -0.0000 0.3651 -0.9310
vn -0.0000 0.3607 -0.9327
vn -0.0000 0.3564 -0.9344
vn -0.0000 0.3627 -0.9319
vn -0.0000 0.3697 -0.9291
vn -0.0000 0.3665 -0.9304
vn -0.0000 0.3632 -0.9317
vn -0.0000 0.3599 -0.9330
vn -0.0000 0.3565 -0.9343
vn -0.0000 0.3531 -0.9356
vn -0.0000 0.3496 -0.9369
vn -0.0000 0.3461 -0.9382
vn -0.0000 0.3425 -0.9395
vn -0.0000 0.3388 -0.9409
vn -0.0000 0.3351 -0.9422
vn -0.0000 0.3313 -0.9435
vn -0.0000 0.3274 -0.9449
vn -0.0000 0.3235 -0.9462
vn -0.0000 0.3195 -0.9476
vn -0.0000 0.3155 -0.9489
vn -0.0000 0.3114 -0.9503
vn -0.0000 0.3072 -0.9517
vn -0.0000 0.3029 -0.9530
vn -0.0000 0.2986 -0.9544
vn -0.0000 0.2941 -0.9558
vn -0.0000 0.2985 -0.9544
vn -0.0000 0.2896 -0.9571
vn -0.0000 0.2851 -0.9585
vn -0.0000 0.2804 -0.9599
vn -0.0000 0.2850 -0.9585
vn -0.0000 0.2756 -0.9613
vn -0.0000 0.2708 -0.9626
vn -0.0000 0.2659 -0.9640
vn -0.0000 0.2609 -0.9654
vn -0.0000 0.2558 -0.9667
vn -0.0000 0.2506 -0.9681
vn -0.0000 0.2453 -0.9694
vn -0.0000 0.2399 -0.9708
vn -0.0000 0.2344 -0.9721
vn -0.0000 0.2288 -0.9735
vn -0.0000 0.2231 -0.9748
vn -0.0000 0.2173 -0.9761
vn -0.0000 0.2114 -0.9774
vn -0.0000 0.2054 -0.9787
vn -0.0000 0.1992 -0.9800
vn -0.0000 0.2053 -0.9787
vn -0.0000 0.1929 -0.9812
vn -0.0000 0.1866 -0.9824
vn -0.0000 0.1800 -0.9837
vn -0.0000 0.1734 -0.9848
vn -0.0000 0.1667 -0.9860
vn -0.0000 0.1598 -0.9872
vn -0.0000 0.1666 -0.9860
vn -0.0000 0.1527 -0.9883
vn -0.0000 0.1456 -0.9893
vn -0.0000 0.1383 -0.9904
vn -0.0000 0.1456 -0.9894
vn -0.0000 0.1308 -0.9914
vn -0.0000 0.1232 -0.9924
vn -0.0000 0.1155 -0.9933
vn -0.0000 0.1076 -0.9942
vn -0.0000 0.0995 -0.9950
vn -0.0000 0.0913 -0.9958
vn -0.0000 0.0830 -0.9966
vn -0.0000 0.0744 -0.9972
vn -0.0000 0.0657 -0.9978
vn -0.0000 0.0569 -0.9984
vn -0.0000 0.0478 -0.9989
vn -0.0000 0.0292 -0.9996
vn -0.0000 0.0197 -0.9998
vn -0.0000 0.0099 -1.0000
vt 0.333018 0.000000
vt 0.333965 0.000000
vt 0.333491 0.000000
vt 0.332544 0.000000
vt 0.334439 0.000000
vt 0.332070 0.000000
vt 0.334912 0.000000
vt 0.331596 0.000000
vt 0.335386 0.000000
vt 0.331123 0.000000
vt 0.335860 0.000000
vt 0.330649 0.000000
vt 0.336333 0.000000
vt 0.330175 0.000000
vt 0.336807 0.000000
vt 0.329702 0.000000
vt 0.337281 0.000000
vt 0.329228 0.000000
vt 0.337755 0.000000
vt 0.328754 0.000000
vt 0.338228 0.000000
vt 0.328280 0.000000
vt 0.338702 0.000000
vt 0.327807 0.000000
vt 0.327333 0.000000
vt 0.339176 0.000000
vt 0.326859 0.000000
vt 0.339649 0.000000
vt 0.326386 0.000000
vt 0.340123 0.000000
vt 0.325912 0.000000
vt 0.340597 0.000000
vt 0.325438 0.000000
vt 0.341071 0.000000
vt 0.324964 0.000000
vt 0.341544 0.000000
vt 0.324491 0.000000
vt 0.342018 0.000000
vt 0.324017 0.000000
vt 0.342492 0.000000
vt 0.323543 0.000000
vt 0.342965 0.000000
vt 0.323070 0.000000
vt 0.343439 0.000000
vt 0.322596 0.000000
vt 0.322122 0.000000
vt 0.343913 0.000000
vt 0.321649 0.000000
vt 0.344387 0.000000
vt 0.321175 0.000000
vt 0.344860 0.000000
vt 0.320701 0.000000
vt 0.345334 0.000000
vt 0.320227 0.000000
vt 0.345808 0.000000
vt 0.319754 0.000000
vt 0.346281 0.000000
vt 0.319280 0.000000
vt 0.346755 0.000000
vt 0.318806 0.000000
vt 0.347229 0.000000
vt 0.318333 0.000000
vt 0.347703 0.000000
vt 0.317859 0.000000
vt 0.348176 0.000000
vt 0.317385 0.000000
vt 0.316911 0.000000
vt 0.348650 0.000000
vt 0.316438 0.000000
vt 0.349124 0.000000
vt 0.315964 0.000000
vt 0.349597 0.000000
vt 0.315490 0.000000
vt 0.350071 0.000000
vt 0.315017 0.000000
vt 0.350545 0.000000
vt 0.314543 0.000000
vt 0.351018 0.000000
vt 0.314069 0.000000
vt 0.351492 0.000000
vt 0.313595 0.000000
vt 0.351966 0.000000
vt 0.313122 0.000000
vt 0.352440 0.000000
vt 0.312648 0.000000
vt 0.352913 0.000000
vt 0.312174 0.000000
vt 0.353387 0.000000
vt 0.311701 0.000000
vt 0.311227 0.000000
vt 0.353861 0.000000
vt 0.310753 0.000000
vt 0.000947 0.000000
vt 0.000474 0.000000
vt 0.000000 0.000000
vt 0.727144 0.000000
vt 0.726670 0.000000
vt 0.726196 0.000000
vt 0.725722 0.000000
vt 0.725249 0.000000
vt 0.724775 0.000000
vt 0.724301 0.000000
vt 0.723828 0.000000
vt 0.354334 0.000000
vt 0.001421 0.000000
vt 0.001895 0.000000
vt 0.002369 0.000000
vt 0.723354 0.000000
vt 0.722880 0.000000
vt 0.002842 0.000000
vt 0.722406 0.000000
vt 0.721933 0.000000
vt 0.003316 0.000000
vt 0.721459 0.000000
vt 0.720985 0.000000
vt 0.720512 0.000000
vt 0.003790 0.000000
vt 0.720038 0.000000
vt 0.719564 0.000000
vt 0.004263 0.000000
vt 0.719090 0.000000
vt 0.718617 0.000000
vt 0.004737 0.000000
vt 0.718143 0.000000
vt 0.717669 0.000000
vt 0.005211 0.000000
vt 0.717196 0.000000
vt 0.716722 0.000000
vt 0.005685 0.000000
vt 0.716248 0.000000
vt 0.715775 0.000000
vt 0.006158 0.000000
vt 0.715301 0.000000
vt 0.714827 0.000000
vt 0.006632 0.000000
vt 0.714353 0.000000
vt 0.713880 0.000000
vt 0.007106 0.000000
vt 0.713406 0.000000
vt 0.712932 0.000000
vt 0.007579 0.000000
vt 0.712459 0.000000
vt 0.711985 0.000000
vt 0.008053 0.000000
vt 0.711511 0.000000
vt 0.008527 0.000000
vt 0.711037 0.000000
vt 0.710564 0.000000
vt 0.009000 0.000000
vt 0.710090 0.000000
vt 0.709616 0.000000
vt 0.009474 0.000000
vt 0.709143 0.000000
vt 0.708669 0.000000
vt 0.009948 0.000000
vt 0.708195 0.000000
vt 0.707721 0.000000
vt 0.010422 0.000000
vt 0.707248 0.000000
vt 0.706774 0.000000
vt 0.010895 0.000000
vt 0.706300 0.000000
vt 0.705827 0.000000
vt 0.011369 0.000000
vt 0.705353 0.000000
vt 0.704879 0.000000
vt 0.011843 0.000000
vt 0.704405 0.000000
vt 0.703932 0.000000
vt 0.012316 0.000000
vt 0.703458 0.000000
vt 0.702984 0.000000
vt 0.012790 0.000000
vt 0.702511 0.000000
vt 0.702037 0.000000
vt 0.013264 0.000000
vt 0.701563 0.000000
vt 0.701090 0.000000
vt 0.013738 0.000000
vt 0.700616 0.000000
vt 0.700142 0.000000
vt 0.310279 0.000000
vt 0.014211 0.000000
vt 0.699668 0.000000
vt 0.699195 0.000000
vt 0.014685 0.000000
vt 0.698721 0.000000
vt 0.698247 0.000000
vt 0.015159 0.000000
vt 0.697774 0.000000
vt 0.697300 0.000000
vt 0.015632 0.000000
vt 0.696826 0.000000
vt 0.016106 0.000000
vt 0.016580 0.000000
vt 0.017054 0.000000
vt 0.017527 0.000000
vt 0.018001 0.000000
vt 0.018475 0.000000
vt 0.018948 0.000000
vt 0.696352 0.000000
vt 0.019422 0.000000
vt 0.354808 0.000000
vt 0.019896 0.000000
vt 0.020369 0.000000
vt 0.020843 0.000000
vt 0.021317 0.000000
vt 0.021791 0.000000
vt 0.695879 0.000000
vt 0.022264 0.000000
vt 0.022738 0.000000
vt 0.023212 0.000000
vt 0.023685 0.000000
vt 0.024159 0.000000
vt 0.024633 0.000000
vt 0.695405 0.000000
vt 0.025107 0.000000
vt 0.025580 0.000000
vt 0.026054 0.000000
vt 0.026528 0.000000
vt 0.027001 0.000000
vt 0.027475 0.000000
vt 0.694931 0.000000
vt 0.027949 0.000000
vt 0.028423 0.000000
vt 0.028896 0.000000
vt 0.029370 0.000000
vt 0.029844 0.000000
vt 0.694458 0.000000
vt 0.030317 0.000000
vt 0.309806 0.000000
vt 0.030791 0.000000
vt 0.693984 0.000000
vt 0.355282 0.000000
vt 0.693510 0.000000
vt 0.693036 0.000000
vt 0.031265 0.000000
vt 0.692563 0.000000
vt 0.309332 0.000000
vt 0.692089 0.000000
vt 0.691615 0.000000
vt 0.355756 0.000000
vt 0.031739 0.000000
vt 0.691142 0.000000
vt 0.690668 0.000000
vt 0.308858 0.000000
vt 0.690194 0.000000
vt 0.032212 0.000000
vt 0.356229 0.000000
vt 0.689721 0.000000
vt 0.689247 0.000000
vt 0.308385 0.000000
vt 0.757935 0.000000
vt 0.032686 0.000000
vt 0.688773 0.000000
vt 0.688299 0.000000
vt 0.758408 0.000000
vt 0.757461 0.000000
vt 0.356703 0.000000
vt 0.756987 0.000000
vt 0.758882 0.000000
vt 0.687826 0.000000
vt 0.033160 0.000000
vt 0.307911 0.000000
vt 0.756513 0.000000
vt 0.759356 0.000000
vt 0.687352 0.000000
vt 0.756040 0.000000
vt 0.759829 0.000000
vt 0.755566 0.000000
vt 0.686878 0.000000
vt 0.033633 0.000000
vt 0.357177 0.000000
vt 0.760303 0.000000
vt 0.755092 0.000000
vt 0.307437 0.000000
vt 0.686405 0.000000
vt 0.760777 0.000000
vt 0.754619 0.000000
vt 0.685931 0.000000
vt 0.754145 0.000000
vt 0.034107 0.000000
vt 0.761251 0.000000
vt 0.753671 0.000000
vt 0.685457 0.000000
vt 0.357650 0.000000
vt 0.761724 0.000000
vt 0.306964 0.000000
vt 0.753198 0.000000
vt 0.034581 0.000000
vt 0.684983 0.000000
vt 0.762198 0.000000
vt 0.752724 0.000000
vt 0.752250 0.000000
vt 0.762672 0.000000
vt 0.684510 0.000000
vt 0.751776 0.000000
vt 0.358124 0.000000
vt 0.035054 0.000000
vt 0.306490 0.000000
vt 0.763145 0.000000
vt 0.684036 0.000000
vt 0.751303 0.000000
vt 0.763619 0.000000
vt 0.683562 0.000000
vt 0.750829 0.000000
vt 0.035528 0.000000
vt 0.750355 0.000000
vt 0.764093 0.000000
vt 0.683089 0.000000
vt 0.306016 0.000000
vt 0.358598 0.000000
vt 0.749882 0.000000
vt 0.764567 0.000000
vt 0.682615 0.000000
vt 0.036002 0.000000
vt 0.749408 0.000000
vt 0.765040 0.000000
vt 0.748934 0.000000
vt 0.682141 0.000000
vt 0.305542 0.000000
vt 0.748460 0.000000
vt 0.036476 0.000000
vt 0.359072 0.000000
vt 0.765514 0.000000
vt 0.681667 0.000000
vt 0.747987 0.000000
vt 0.765988 0.000000
vt 0.747513 0.000000
vt 0.681194 0.000000
vt 0.036949 0.000000
vt 0.305069 0.000000
vt 0.747039 0.000000
vt 0.766461 0.000000
vt 0.680720 0.000000
vt 0.359545 0.000000
vt 0.746566 0.000000
vt 0.037423 0.000000
vt 0.766935 0.000000
vt 0.746092 0.000000
vt 0.680246 0.000000
vt 0.745618 0.000000
vt 0.304595 0.000000
vt 0.767409 0.000000
vt 0.037897 0.000000
vt 0.679773 0.000000
vt 0.360019 0.000000
vt 0.745144 0.000000
vt 0.767883 0.000000
vt 0.679299 0.000000
vt 0.744671 0.000000
vt 0.038370 0.000000
vt 0.304121 0.000000
vt 0.768356 0.000000
vt 0.744197 0.000000
vt 0.678825 0.000000
vt 0.743723 0.000000
vt 0.360493 0.000000
vt 0.038844 0.000000
vt 0.768830 0.000000
vt 0.678352 0.000000
vt 0.743250 0.000000
vt 0.303648 0.000000
vt 0.769304 0.000000
vt 0.742776 0.000000
vt 0.039318 0.000000
vt 0.677878 0.000000
vt 0.742302 0.000000
vt 0.360966 0.000000
vt 0.769777 0.000000
vt 0.677404 0.000000
vt 0.039792 0.000000
vt 0.741829 0.000000
vt 0.303174 0.000000
vt 0.770251 0.000000
vt 0.741355 0.000000
vt 0.676930 0.000000
vt 0.040265 0.000000
vt 0.740881 0.000000
vt 0.361440 0.000000
vt 0.770725 0.000000
vt 0.676457 0.000000
vt 0.740407 0.000000
vt 0.302700 0.000000
vt 0.040739 0.000000
vt 0.771199 0.000000
vt 0.675983 0.000000
vt 0.739934 0.000000
vt 0.739460 0.000000
vt 0.041213 0.000000
vt 0.361914 0.000000
vt 0.675509 0.000000
vt 0.771672 0.000000
vt 0.302226 0.000000
vt 0.738986 0.000000
vt 0.041686 0.000000
vt 0.675036 0.000000
vt 0.772146 0.000000
vt 0.738513 0.000000
vt 0.301753 0.000000
vt 0.738039 0.000000
vt 0.362388 0.000000
vt 0.674562 0.000000
vt 0.772620 0.000000
vt 0.042160 0.000000
vt 0.737565 0.000000
vt 0.674088 0.000000
vt 0.737091 0.000000
vt 0.773093 0.000000
vt 0.042634 0.000000
vt 0.301279 0.000000
vt 0.736618 0.000000
vt 0.362861 0.000000
vt 0.673614 0.000000
vt 0.773567 0.000000
vt 0.043108 0.000000
vt 0.736144 0.000000
vt 0.300805 0.000000
vt 0.673141 0.000000
vt 0.735670 0.000000
vt 0.774041 0.000000
vt 0.043581 0.000000
vt 0.735197 0.000000
vt 0.363335 0.000000
vt 0.672667 0.000000
vt 0.300332 0.000000
vt 0.774514 0.000000
vt 0.044055 0.000000
vt 0.734723 0.000000
vt 0.672193 0.000000
vt 0.734249 0.000000
vt 0.774988 0.000000
vt 0.044529 0.000000
vt 0.299858 0.000000
vt 0.363809 0.000000
vt 0.733775 0.000000
vt 0.671720 0.000000
vt 0.775462 0.000000
vt 0.045002 0.000000
vt 0.733302 0.000000
vt 0.671246 0.000000
vt 0.299384 0.000000
vt 0.732828 0.000000
vt 0.045476 0.000000
vt 0.775936 0.000000
vt 0.364282 0.000000
vt 0.670772 0.000000
vt 0.732354 0.000000
vt 0.045950 0.000000
vt 0.776409 0.000000
vt 0.298910 0.000000
vt 0.731881 0.000000
vt 0.670298 0.000000
vt 0.731407 0.000000
vt 0.046423 0.000000
vt 0.776883 0.000000
vt 0.669825 0.000000
vt 0.364756 0.000000
vt 0.298437 0.000000
vt 0.730933 0.000000
vt 0.046897 0.000000
vt 0.777357 0.000000
vt 0.730460 0.000000
vt 0.669351 0.000000
vt 0.047371 0.000000
vt 0.297963 0.000000
vt 0.729986 0.000000
vt 0.777830 0.000000
vt 0.668877 0.000000
vt 0.729512 0.000000
vt 0.365230 0.000000
vt 0.047845 0.000000
vt 0.297489 0.000000
vt 0.729038 0.000000
vt 0.778304 0.000000
vt 0.668404 0.000000
vt 0.048318 0.000000
vt 0.728565 0.000000
vt 0.667930 0.000000
vt 0.778778 0.000000
vt 0.048792 0.000000
vt 0.297016 0.000000
vt 0.728091 0.000000
vt 0.365703 0.000000
vt 0.727617 0.000000
vt 0.667456 0.000000
vt 0.049266 0.000000
vt 0.779252 0.000000
vt 0.296542 0.000000
vt 1.000000 0.000000
vt 0.049739 0.000000
vt 0.666982 0.000000
vt 0.779725 0.000000
vt 0.999526 0.000000
vt 0.366177 0.000000
vt 0.050213 0.000000
vt 0.296068 0.000000
vt 0.666509 0.000000
vt 0.999053 0.000000
vt 0.780199 0.000000
vt 0.050687 0.000000
vt 0.998579 0.000000
vt 0.295595 0.000000
vt 0.666035 0.000000
vt 0.780673 0.000000
vt 0.998105 0.000000
vt 0.051161 0.000000
vt 0.366651 0.000000
vt 0.997631 0.000000
vt 0.781146 0.000000
vt 0.051634 0.000000
vt 0.295121 0.000000
vt 0.665561 0.000000
vt 0.997158 0.000000
vt 0.052108 0.000000
vt 0.781620 0.000000
vt 0.996684 0.000000
vt 0.367125 0.000000
vt 0.294647 0.000000
vt 0.665088 0.000000
vt 0.052582 0.000000
vt 0.996210 0.000000
vt 0.782094 0.000000
vt 0.053055 0.000000
vt 0.995737 0.000000
vt 0.294173 0.000000
vt 0.664614 0.000000
vt 0.367598 0.000000
vt 0.782568 0.000000
vt 0.995263 0.000000
vt 0.053529 0.000000
vt 0.293700 0.000000
vt 0.994789 0.000000
vt 0.664140 0.000000
vt 0.054003 0.000000
vt 0.783041 0.000000
vt 0.994316 0.000000
vt 0.054477 0.000000
vt 0.293226 0.000000
vt 0.368072 0.000000
vt 0.663666 0.000000
vt 0.993842 0.000000
vt 0.783515 0.000000
vt 0.054950 0.000000
vt 0.993368 0.000000
vt 0.292752 0.000000
vt 0.055424 0.000000
vt 0.783989 0.000000
vt 0.663193 0.000000
vt 0.992894 0.000000
vt 0.368546 0.000000
vt 0.055898 0.000000
vt 0.992421 0.000000
vt 0.292279 0.000000
vt 0.784462 0.000000
vt 0.662719 0.000000
vt 0.056371 0.000000
vt 0.991947 0.000000
vt 0.784936 0.000000
vt 0.056845 0.000000
vt 0.291805 0.000000
vt 0.991473 0.000000
vt 0.369019 0.000000
vt 0.662245 0.000000
vt 0.057319 0.000000
vt 0.991000 0.000000
vt 0.785410 0.000000
vt 0.291331 0.000000
vt 0.057793 0.000000
vt 0.990526 0.000000
vt 0.661772 0.000000
vt 0.785883 0.000000
vt 0.058266 0.000000
vt 0.990052 0.000000
vt 0.369493 0.000000
vt 0.290857 0.000000
vt 0.989578 0.000000
vt 0.058740 0.000000
vt 0.661298 0.000000
vt 0.786357 0.000000
vt 0.989105 0.000000
vt 0.290384 0.000000
vt 0.059214 0.000000
vt 0.369967 0.000000
vt 0.660824 0.000000
vt 0.786831 0.000000
vt 0.988631 0.000000
vt 0.059687 0.000000
vt 0.289910 0.000000
vt 0.988157 0.000000
vt 0.060161 0.000000
vt 0.787305 0.000000
vt 0.660351 0.000000
vt 0.987684 0.000000
vt 0.060635 0.000000
vt 0.370441 0.000000
vt 0.289436 0.000000
vt 0.987210 0.000000
vt 0.787778 0.000000
vt 0.061108 0.000000
vt 0.659877 0.000000
vt 0.986736 0.000000
vt 0.288963 0.000000
vt 0.061582 0.000000
vt 0.788252 0.000000
vt 0.370914 0.000000
vt 0.986262 0.000000
vt 0.062056 0.000000
vt 0.659403 0.000000
vt 0.288489 0.000000
vt 0.062530 0.000000
vt 0.985789 0.000000
vt 0.788726 0.000000
vt 0.063003 0.000000
vt 0.985315 0.000000
vt 0.658929 0.000000
vt 0.789199 0.000000
vt 0.288015 0.000000
vt 0.371388 0.000000
vt 0.063477 0.000000
vt 0.984841 0.000000
vt 0.789673 0.000000
vt 0.063951 0.000000
vt 0.984368 0.000000
vt 0.287541 0.000000
vt 0.658456 0.000000
vt 0.790147 0.000000
vt 0.064424 0.000000
vt 0.983894 0.000000
vt 0.371862 0.000000
vt 0.287068 0.000000
vt 0.064898 0.000000
vt 0.790621 0.000000
vt 0.657982 0.000000
vt 0.983420 0.000000
vt 0.065372 0.000000
vt 0.982946 0.000000
vt 0.791094 0.000000
vt 0.286594 0.000000
vt 0.065846 0.000000
vt 0.372335 0.000000
vt 0.657508 0.000000
vt 0.982473 0.000000
vt 0.791568 0.000000
vt 0.066319 0.000000
vt 0.286120 0.000000
vt 0.981999 0.000000
vt 0.792042 0.000000
vt 0.657035 0.000000
vt 0.066793 0.000000
vt 0.981525 0.000000
vt 0.372809 0.000000
vt 0.285647 0.000000
vt 0.067267 0.000000
vt 0.792515 0.000000
vt 0.981052 0.000000
vt 0.656561 0.000000
vt 0.067740 0.000000
vt 0.792989 0.000000
vt 0.980578 0.000000
vt 0.285173 0.000000
vt 0.068214 0.000000
vt 0.373283 0.000000
vt 0.793463 0.000000
vt 0.980104 0.000000
vt 0.656087 0.000000
vt 0.068688 0.000000
vt 0.284699 0.000000
vt 0.979631 0.000000
vt 0.793937 0.000000
vt 0.069162 0.000000
vt 0.979157 0.000000
vt 0.655613 0.000000
vt 0.373757 0.000000
vt 0.284225 0.000000
vt 0.794410 0.000000
vt 0.069635 0.000000
vt 0.978683 0.000000
vt 0.794884 0.000000
vt 0.070109 0.000000
vt 0.283752 0.000000
vt 0.655140 0.000000
vt 0.978209 0.000000
vt 0.070583 0.000000
vt 0.795358 0.000000
vt 0.374230 0.000000
vt 0.977736 0.000000
vt 0.283278 0.000000
vt 0.071056 0.000000
vt 0.654666 0.000000
vt 0.795831 0.000000
vt 0.977262 0.000000
vt 0.071530 0.000000
vt 0.796305 0.000000
vt 0.282804 0.000000
vt 0.976788 0.000000
vt 0.374704 0.000000
vt 0.654192 0.000000
vt 0.072004 0.000000
vt 0.976315 0.000000
vt 0.796779 0.000000
vt 0.282331 0.000000
vt 0.072477 0.000000
vt 0.975841 0.000000
vt 0.797252 0.000000
vt 0.653719 0.000000
vt 0.375178 0.000000
vt 0.072951 0.000000
vt 0.975367 0.000000
vt 0.281857 0.000000
vt 0.797726 0.000000
vt 0.073425 0.000000
vt 0.974893 0.000000
vt 0.653245 0.000000
vt 0.798200 0.000000
vt 0.281383 0.000000
vt 0.073899 0.000000
vt 0.974420 0.000000
vt 0.375651 0.000000
vt 0.074372 0.000000
vt 0.798674 0.000000
vt 0.973946 0.000000
vt 0.652771 0.000000
vt 0.280910 0.000000
vt 0.074846 0.000000
vt 0.799147 0.000000
vt 0.973472 0.000000
vt 0.376125 0.000000
vt 0.280436 0.000000
vt 0.075320 0.000000
vt 0.652297 0.000000
vt 0.972999 0.000000
vt 0.799621 0.000000
vt 0.075793 0.000000
vt 0.972525 0.000000
vt 0.279962 0.000000
vt 0.800095 0.000000
vt 0.651824 0.000000
vt 0.376599 0.000000
vt 0.076267 0.000000
vt 0.972051 0.000000
vt 0.800568 0.000000
vt 0.279488 0.000000
vt 0.076741 0.000000
vt 0.971577 0.000000
vt 0.651350 0.000000
vt 0.801042 0.000000
vt 0.971104 0.000000
vt 0.077215 0.000000
vt 0.377072 0.000000
vt 0.279015 0.000000
vt 0.801516 0.000000
vt 0.970630 0.000000
vt 0.077688 0.000000
vt 0.650876 0.000000
vt 0.278541 0.000000
vt 0.801990 0.000000
vt 0.970156 0.000000
vt 0.078162 0.000000
vt 0.377546 0.000000
vt 0.969683 0.000000
vt 0.802463 0.000000
vt 0.078636 0.000000
vt 0.650403 0.000000
vt 0.278067 0.000000
vt 0.079109 0.000000
vt 0.802937 0.000000
vt 0.277594 0.000000
vt 0.378020 0.000000
vt 0.649929 0.000000
vt 0.079583 0.000000
vt 0.969209 0.000000
vt 0.803411 0.000000
vt 0.080057 0.000000
vt 0.277120 0.000000
vt 0.803884 0.000000
vt 0.649455 0.000000
vt 0.378494 0.000000
vt 0.080531 0.000000
vt 0.968735 0.000000
vt 0.804358 0.000000
vt 0.276646 0.000000
vt 0.081004 0.000000
vt 0.648982 0.000000
vt 0.804832 0.000000
vt 0.276172 0.000000
vt 0.081478 0.000000
vt 0.378967 0.000000
vt 0.968261 0.000000
vt 0.805306 0.000000
vt 0.648508 0.000000
vt 0.081952 0.000000
vt 0.275699 0.000000
vt 0.805779 0.000000
vt 0.082425 0.000000
vt 0.379441 0.000000
vt 0.967788 0.000000
vt 0.806253 0.000000
vt 0.275225 0.000000
vt 0.648034 0.000000
vt 0.082899 0.000000
vt 0.806727 0.000000
vt 0.274751 0.000000
vt 0.083373 0.000000
vt 0.379915 0.000000
vt 0.647560 0.000000
vt 0.967314 0.000000
vt 0.807200 0.000000
vt 0.083847 0.000000
vt 0.274278 0.000000
vt 0.807674 0.000000
vt 0.084320 0.000000
vt 0.647087 0.000000
vt 0.380388 0.000000
vt 0.966840 0.000000
vt 0.273804 0.000000
vt 0.808148 0.000000
vt 0.084794 0.000000
vt 0.646613 0.000000
vt 0.808622 0.000000
vt 0.085268 0.000000
vt 0.273330 0.000000
vt 0.966367 0.000000
vt 0.380862 0.000000
vt 0.809095 0.000000
vt 0.085741 0.000000
vt 0.272856 0.000000
vt 0.646139 0.000000
vt 0.809569 0.000000
vt 0.086215 0.000000
vt 0.965893 0.000000
vt 0.381336 0.000000
vt 0.272383 0.000000
vt 0.086689 0.000000
vt 0.810043 0.000000
vt 0.645666 0.000000
vt 0.271909 0.000000
vt 0.087162 0.000000
vt 0.810516 0.000000
vt 0.965419 0.000000
vt 0.381810 0.000000
vt 0.645192 0.000000
vt 0.087636 0.000000
vt 0.271435 0.000000
vt 0.810990 0.000000
vt 0.088110 0.000000
vt 0.270962 0.000000
vt 0.811464 0.000000
vt 0.964945 0.000000
vt 0.644718 0.000000
vt 0.382283 0.000000
vt 0.088584 0.000000
vt 0.811937 0.000000
vt 0.270488 0.000000
vt 0.089057 0.000000
vt 0.964472 0.000000
vt 0.644244 0.000000
vt 0.812411 0.000000
vt 0.270014 0.000000
vt 0.382757 0.000000
vt 0.089531 0.000000
vt 0.812885 0.000000
vt 0.269540 0.000000
vt 0.643771 0.000000
vt 0.963998 0.000000
vt 0.090005 0.000000
vt 0.813359 0.000000
vt 0.269067 0.000000
vt 0.383231 0.000000
vt 0.090478 0.000000
vt 0.813832 0.000000
vt 0.643297 0.000000
vt 0.268593 0.000000
vt 0.963524 0.000000
vt 0.090952 0.000000
vt 0.814306 0.000000
vt 0.268119 0.000000
vt 0.383704 0.000000
vt 0.091426 0.000000
vt 0.642823 0.000000
vt 0.814780 0.000000
vt 0.963051 0.000000
vt 0.267646 0.000000
vt 0.091900 0.000000
vt 0.815253 0.000000
vt 0.642350 0.000000
vt 0.384178 0.000000
vt 0.267172 0.000000
vt 0.092373 0.000000
vt 0.962577 0.000000
vt 0.815727 0.000000
vt 0.266698 0.000000
vt 0.092847 0.000000
vt 0.641876 0.000000
vt 0.816201 0.000000
vt 0.384652 0.000000
vt 0.266225 0.000000
vt 0.962103 0.000000
vt 0.093321 0.000000
vt 0.816675 0.000000
vt 0.265751 0.000000
vt 0.641402 0.000000
vt 0.093794 0.000000
vt 0.817148 0.000000
vt 0.385126 0.000000
vt 0.961630 0.000000
vt 0.265277 0.000000
vt 0.094268 0.000000
vt 0.817622 0.000000
vt 0.640928 0.000000
vt 0.264803 0.000000
vt 0.818096 0.000000
vt 0.094742 0.000000
vt 0.961156 0.000000
vt 0.385599 0.000000
vt 0.264330 0.000000
vt 0.640455 0.000000
vt 0.818569 0.000000
vt 0.095216 0.000000
vt 0.263856 0.000000
vt 0.960682 0.000000
vt 0.819043 0.000000
vt 0.095689 0.000000
vt 0.386073 0.000000
vt 0.639981 0.000000
vt 0.819517 0.000000
vt 0.263382 0.000000
vt 0.096163 0.000000
vt 0.819991 0.000000
vt 0.960208 0.000000
vt 0.262909 0.000000
vt 0.820464 0.000000
vt 0.386547 0.000000
vt 0.639507 0.000000
vt 0.096637 0.000000
vt 0.820938 0.000000
vt 0.262435 0.000000
vt 0.821412 0.000000
vt 0.959735 0.000000
vt 0.097110 0.000000
vt 0.821885 0.000000
vt 0.261961 0.000000
vt 0.639034 0.000000
vt 0.387020 0.000000
vt 0.822359 0.000000
vt 0.097584 0.000000
vt 0.261487 0.000000
vt 0.822833 0.000000
vt 0.959261 0.000000
vt 0.098058 0.000000
vt 0.823307 0.000000
vt 0.638560 0.000000
vt 0.261014 0.000000
vt 0.823780 0.000000
vt 0.387494 0.000000
vt 0.098531 0.000000
vt 0.958787 0.000000
vt 0.824254 0.000000
vt 0.260540 0.000000
vt 0.638086 0.000000
vt 0.824728 0.000000
vt 0.099005 0.000000
vt 0.825201 0.000000
vt 0.260066 0.000000
vt 0.387968 0.000000
vt 0.958314 0.000000
vt 0.099479 0.000000
vt 0.825675 0.000000
vt 0.637613 0.000000
vt 0.259593 0.000000
vt 0.826149 0.000000
vt 0.099953 0.000000
vt 0.826622 0.000000
vt 0.957840 0.000000
vt 0.259119 0.000000
vt 0.388442 0.000000
vt 0.827096 0.000000
vt 0.100426 0.000000
vt 0.637139 0.000000
vt 0.827570 0.000000
vt 0.258645 0.000000
vt 0.100900 0.000000
vt 0.828044 0.000000
vt 0.957366 0.000000
vt 0.258171 0.000000
vt 0.388915 0.000000
vt 0.828517 0.000000
vt 0.636665 0.000000
vt 0.101374 0.000000
vt 0.828991 0.000000
vt 0.257698 0.000000
vt 0.956892 0.000000
vt 0.101847 0.000000
vt 0.829465 0.000000
vt 0.636191 0.000000
vt 0.829938 0.000000
vt 0.257224 0.000000
vt 0.389389 0.000000
vt 0.102321 0.000000
vt 0.830412 0.000000
vt 0.956419 0.000000
vt 0.635718 0.000000
vt 0.256750 0.000000
vt 0.830886 0.000000
vt 0.102795 0.000000
vt 0.831360 0.000000
vt 0.635244 0.000000
vt 0.256277 0.000000
vt 0.389863 0.000000
vt 0.103269 0.000000
vt 0.831833 0.000000
vt 0.955945 0.000000
vt 0.634770 0.000000
vt 0.255803 0.000000
vt 0.832307 0.000000
vt 0.103742 0.000000
vt 0.832781 0.000000
vt 0.634297 0.000000
vt 0.390336 0.000000
vt 0.255329 0.000000
vt 0.955471 0.000000
vt 0.104216 0.000000
vt 0.833254 0.000000
vt 0.633823 0.000000
vt 0.833728 0.000000
vt 0.254856 0.000000
vt 0.104690 0.000000
vt 0.834202 0.000000
vt 0.633349 0.000000
vt 0.954998 0.000000
vt 0.390810 0.000000
vt 0.105163 0.000000
vt 0.254382 0.000000
vt 0.834675 0.000000
vt 0.632875 0.000000
vt 0.835149 0.000000
vt 0.105637 0.000000
vt 0.253908 0.000000
vt 0.954524 0.000000
vt 0.835623 0.000000
vt 0.632402 0.000000
vt 0.106111 0.000000
vt 0.391284 0.000000
vt 0.836097 0.000000
vt 0.253434 0.000000
vt 0.631928 0.000000
vt 0.836570 0.000000
vt 0.106585 0.000000
vt 0.954050 0.000000
vt 0.252961 0.000000
vt 0.631454 0.000000
vt 0.837044 0.000000
vt 0.107058 0.000000
vt 0.837518 0.000000
vt 0.391757 0.000000
vt 0.252487 0.000000
vt 0.630981 0.000000
vt 0.953577 0.000000
vt 0.837991 0.000000
vt 0.107532 0.000000
vt 0.630507 0.000000
vt 0.252013 0.000000
vt 0.838465 0.000000
vt 0.108006 0.000000
vt 0.838939 0.000000
vt 0.630033 0.000000
vt 0.392231 0.000000
vt 0.953103 0.000000
vt 0.251540 0.000000
vt 0.839413 0.000000
vt 0.108479 0.000000
vt 0.629559 0.000000
vt 0.839886 0.000000
vt 0.251066 0.000000
vt 0.108953 0.000000
vt 0.952629 0.000000
vt 0.629086 0.000000
vt 0.840360 0.000000
vt 0.392705 0.000000
vt 0.250592 0.000000
vt 0.840834 0.000000
vt 0.109427 0.000000
vt 0.628612 0.000000
vt 0.841307 0.000000
vt 0.250118 0.000000
vt 0.952155 0.000000
vt 0.109901 0.000000
vt 0.628138 0.000000
vt 0.841781 0.000000
vt 0.393179 0.000000
vt 0.249645 0.000000
vt 0.110374 0.000000
vt 0.627665 0.000000
vt 0.842255 0.000000
vt 0.951682 0.000000
vt 0.842729 0.000000
vt 0.249171 0.000000
vt 0.627191 0.000000
vt 0.110848 0.000000
vt 0.843202 0.000000
vt 0.626717 0.000000
vt 0.393652 0.000000
vt 0.111322 0.000000
vt 0.248697 0.000000
vt 0.843676 0.000000
vt 0.951208 0.000000
vt 0.626243 0.000000
vt 0.844150 0.000000
vt 0.111795 0.000000
vt 0.248224 0.000000
vt 0.844623 0.000000
vt 0.625770 0.000000
vt 0.112269 0.000000
vt 0.950734 0.000000
vt 0.394126 0.000000
vt 0.247750 0.000000
vt 0.845097 0.000000
vt 0.625296 0.000000
vt 0.112743 0.000000
vt 0.845571 0.000000
vt 0.247276 0.000000
vt 0.624822 0.000000
vt 0.846045 0.000000
vt 0.950261 0.000000
vt 0.113216 0.000000
vt 0.394600 0.000000
vt 0.846518 0.000000
vt 0.246802 0.000000
vt 0.624349 0.000000
vt 0.113690 0.000000
vt 0.846992 0.000000
vt 0.623875 0.000000
vt 0.949787 0.000000
vt 0.246329 0.000000
vt 0.847466 0.000000
vt 0.114164 0.000000
vt 0.395073 0.000000
vt 0.623401 0.000000
vt 0.847939 0.000000
vt 0.245855 0.000000
vt 0.114638 0.000000
vt 0.622928 0.000000
vt 0.949313 0.000000
vt 0.848413 0.000000
vt 0.245381 0.000000
vt 0.395547 0.000000
vt 0.115111 0.000000
vt 0.622454 0.000000
vt 0.848887 0.000000
vt 0.849360 0.000000
vt 0.244908 0.000000
vt 0.115585 0.000000
vt 0.621980 0.000000
vt 0.948839 0.000000
vt 0.396021 0.000000
vt 0.849834 0.000000
vt 0.621506 0.000000
vt 0.116059 0.000000
vt 0.244434 0.000000
vt 0.621033 0.000000
vt 0.948366 0.000000
vt 0.850308 0.000000
vt 0.116532 0.000000
vt 0.243960 0.000000
vt 0.396495 0.000000
vt 0.620559 0.000000
vt 0.850782 0.000000
vt 0.117006 0.000000
vt 0.243486 0.000000
vt 0.620085 0.000000
vt 0.947892 0.000000
vt 0.851255 0.000000
vt 0.117480 0.000000
vt 0.396968 0.000000
vt 0.619612 0.000000
vt 0.243013 0.000000
vt 0.851729 0.000000
vt 0.117954 0.000000
vt 0.619138 0.000000
vt 0.947418 0.000000
vt 0.852203 0.000000
vt 0.242539 0.000000
vt 0.397442 0.000000
vt 0.118427 0.000000
vt 0.618664 0.000000
vt 0.852676 0.000000
vt 0.242065 0.000000
vt 0.118901 0.000000
vt 0.618190 0.000000
vt 0.946945 0.000000
vt 0.853150 0.000000
vt 0.397916 0.000000
vt 0.617717 0.000000
vt 0.119375 0.000000
vt 0.853624 0.000000
vt 0.241592 0.000000
vt 0.617243 0.000000
vt 0.946471 0.000000
vt 0.119848 0.000000
vt 0.854098 0.000000
vt 0.398389 0.000000
vt 0.616769 0.000000
vt 0.120322 0.000000
vt 0.854571 0.000000
vt 0.241118 0.000000
vt 0.616296 0.000000
vt 0.945997 0.000000
vt 0.120796 0.000000
vt 0.398863 0.000000
vt 0.855045 0.000000
vt 0.615822 0.000000
vt 0.121270 0.000000
vt 0.855519 0.000000
vt 0.240644 0.000000
vt 0.615348 0.000000
vt 0.945523 0.000000
vt 0.399337 0.000000
vt 0.855992 0.000000
vt 0.121743 0.000000
vt 0.614874 0.000000
vt 0.240171 0.000000
vt 0.856466 0.000000
vt 0.614401 0.000000
vt 0.945050 0.000000
vt 0.399811 0.000000
vt 0.122217 0.000000
vt 0.856940 0.000000
vt 0.613927 0.000000
vt 0.239697 0.000000
vt 0.613453 0.000000
vt 0.857414 0.000000
vt 0.944576 0.000000
vt 0.400284 0.000000
vt 0.122691 0.000000
vt 0.612980 0.000000
vt 0.857887 0.000000
vt 0.239223 0.000000
vt 0.612506 0.000000
vt 0.858361 0.000000
vt 0.944102 0.000000
vt 0.400758 0.000000
vt 0.123164 0.000000
vt 0.612032 0.000000
vt 0.858835 0.000000
vt 0.611558 0.000000
vt 0.238749 0.000000
vt 0.859308 0.000000
vt 0.123638 0.000000
vt 0.401232 0.000000
vt 0.943629 0.000000
vt 0.611085 0.000000
vt 0.859782 0.000000
vt 0.610611 0.000000
vt 0.238276 0.000000
vt 0.860256 0.000000
vt 0.124112 0.000000
vt 0.401705 0.000000
vt 0.610137 0.000000
vt 0.943155 0.000000
vt 0.860730 0.000000
vt 0.609664 0.000000
vt 0.237802 0.000000
vt 0.861203 0.000000
vt 0.124586 0.000000
vt 0.609190 0.000000
vt 0.402179 0.000000
vt 0.942681 0.000000
vt 0.861677 0.000000
vt 0.608716 0.000000
vt 0.237328 0.000000
vt 0.862151 0.000000
vt 0.125059 0.000000
vt 0.608243 0.000000
vt 0.402653 0.000000
vt 0.862624 0.000000
vt 0.942207 0.000000
vt 0.607769 0.000000
vt 0.236855 0.000000
vt 0.863098 0.000000
vt 0.125533 0.000000
vt 0.607295 0.000000
vt 0.403126 0.000000
vt 0.863572 0.000000
vt 0.606821 0.000000
vt 0.941734 0.000000
vt 0.236381 0.000000
vt 0.864046 0.000000
vt 0.126007 0.000000
vt 0.606348 0.000000
vt 0.403600 0.000000
vt 0.864519 0.000000
vt 0.605874 0.000000
vt 0.941260 0.000000
vt 0.235907 0.000000
vt 0.864993 0.000000
vt 0.126480 0.000000
vt 0.605400 0.000000
vt 0.404074 0.000000
vt 0.865467 0.000000
vt 0.604927 0.000000
vt 0.235433 0.000000
vt 0.940786 0.000000
vt 0.865940 0.000000
vt 0.126954 0.000000
vt 0.604453 0.000000
vt 0.404548 0.000000
vt 0.866414 0.000000
vt 0.603979 0.000000
vt 0.234960 0.000000
vt 0.866888 0.000000
vt 0.127428 0.000000
vt 0.940313 0.000000
vt 0.603505 0.000000
vt 0.405021 0.000000
vt 0.867361 0.000000
vt 0.603032 0.000000
vt 0.234486 0.000000
vt 0.867835 0.000000
vt 0.127901 0.000000
vt 0.602558 0.000000
vt 0.939839 0.000000
vt 0.868309 0.000000
vt 0.405495 0.000000
vt 0.602084 0.000000
vt 0.234012 0.000000
vt 0.868783 0.000000
vt 0.128375 0.000000
vt 0.601611 0.000000
vt 0.869256 0.000000
vt 0.939365 0.000000
vt 0.405969 0.000000
vt 0.601137 0.000000
vt 0.869730 0.000000
vt 0.233539 0.000000
vt 0.128849 0.000000
vt 0.938892 0.000000
vt 0.870204 0.000000
vt 0.600663 0.000000
vt 0.406442 0.000000
vt 0.938418 0.000000
vt 0.870677 0.000000
vt 0.233065 0.000000
vt 0.129323 0.000000
vt 0.600190 0.000000
vt 0.871151 0.000000
vt 0.937944 0.000000
vt 0.599716 0.000000
vt 0.406916 0.000000
vt 0.871625 0.000000
vt 0.129796 0.000000
vt 0.937470 0.000000
vt 0.232591 0.000000
vt 0.599242 0.000000
vt 0.872099 0.000000
vt 0.936997 0.000000
vt 0.598768 0.000000
vt 0.407390 0.000000
vt 0.872572 0.000000
vt 0.130270 0.000000
vt 0.232117 0.000000
vt 0.936523 0.000000
vt 0.598295 0.000000
vt 0.873046 0.000000
vt 0.873520 0.000000
vt 0.936049 0.000000
vt 0.597821 0.000000
vt 0.407864 0.000000
vt 0.130744 0.000000
vt 0.231644 0.000000
vt 0.873993 0.000000
vt 0.597347 0.000000
vt 0.935576 0.000000
vt 0.874467 0.000000
vt 0.596874 0.000000
vt 0.935102 0.000000
vt 0.131217 0.000000
vt 0.408337 0.000000
vt 0.231170 0.000000
vt 0.874941 0.000000
vt 0.596400 0.000000
vt 0.934628 0.000000
vt 0.875414 0.000000
vt 0.131691 0.000000
vt 0.934154 0.000000
vt 0.595926 0.000000
vt 0.408811 0.000000
vt 0.875888 0.000000
vt 0.230696 0.000000
vt 0.876362 0.000000
vt 0.933681 0.000000
vt 0.595452 0.000000
vt 0.132165 0.000000
vt 0.876836 0.000000
vt 0.933207 0.000000
vt 0.409285 0.000000
vt 0.230223 0.000000
vt 0.594979 0.000000
vt 0.877309 0.000000
vt 0.932733 0.000000
vt 0.594505 0.000000
vt 0.132639 0.000000
vt 0.877783 0.000000
vt 0.229749 0.000000
vt 0.932260 0.000000
vt 0.409758 0.000000
vt 0.878257 0.000000
vt 0.594031 0.000000
vt 0.931786 0.000000
vt 0.878730 0.000000
vt 0.133112 0.000000
vt 0.593558 0.000000
vt 0.931312 0.000000
vt 0.229275 0.000000
vt 0.879204 0.000000
vt 0.410232 0.000000
vt 0.593084 0.000000
vt 0.879678 0.000000
vt 0.930838 0.000000
vt 0.133586 0.000000
vt 0.880152 0.000000
vt 0.592610 0.000000
vt 0.930365 0.000000
vt 0.228802 0.000000
vt 0.880625 0.000000
vt 0.410706 0.000000
vt 0.592136 0.000000
vt 0.929891 0.000000
vt 0.881099 0.000000
vt 0.134060 0.000000
vt 0.881573 0.000000
vt 0.929417 0.000000
vt 0.228328 0.000000
vt 0.591663 0.000000
vt 0.882046 0.000000
vt 0.411180 0.000000
vt 0.928944 0.000000
vt 0.882520 0.000000
vt 0.134533 0.000000
vt 0.591189 0.000000
vt 0.882994 0.000000
vt 0.928470 0.000000
vt 0.227854 0.000000
vt 0.883468 0.000000
vt 0.590715 0.000000
vt 0.927996 0.000000
vt 0.411653 0.000000
vt 0.883941 0.000000
vt 0.135007 0.000000
vt 0.927522 0.000000
vt 0.884415 0.000000
vt 0.590242 0.000000
vt 0.884889 0.000000
vt 0.227380 0.000000
vt 0.927049 0.000000
vt 0.885362 0.000000
vt 0.589768 0.000000
vt 0.135481 0.000000
vt 0.412127 0.000000
vt 0.926575 0.000000
vt 0.885836 0.000000
vt 0.886310 0.000000
vt 0.926101 0.000000
vt 0.589294 0.000000
vt 0.226907 0.000000
vt 0.886784 0.000000
vt 0.925628 0.000000
vt 0.135955 0.000000
vt 0.887257 0.000000
vt 0.412601 0.000000
vt 0.588820 0.000000
vt 0.925154 0.000000
vt 0.887731 0.000000
vt 0.888205 0.000000
vt 0.226433 0.000000
vt 0.924680 0.000000
vt 0.588347 0.000000
vt 0.888678 0.000000
vt 0.136428 0.000000
vt 0.924207 0.000000
vt 0.889152 0.000000
vt 0.413074 0.000000
vt 0.587873 0.000000
vt 0.923733 0.000000
vt 0.889626 0.000000
vt 0.890099 0.000000
vt 0.225959 0.000000
vt 0.923259 0.000000
vt 0.136902 0.000000
vt 0.890573 0.000000
vt 0.587399 0.000000
vt 0.922785 0.000000
vt 0.891047 0.000000
vt 0.891521 0.000000
vt 0.413548 0.000000
vt 0.922312 0.000000
vt 0.891994 0.000000
vt 0.586926 0.000000
vt 0.225486 0.000000
vt 0.921838 0.000000
vt 0.892468 0.000000
vt 0.137376 0.000000
vt 0.921364 0.000000
vt 0.892942 0.000000
vt 0.586452 0.000000
vt 0.893415 0.000000
vt 0.920891 0.000000
vt 0.893889 0.000000
vt 0.414022 0.000000
vt 0.920417 0.000000
vt 0.894363 0.000000
vt 0.225012 0.000000
vt 0.137849 0.000000
vt 0.894837 0.000000
vt 0.585978 0.000000
vt 0.919943 0.000000
vt 0.895310 0.000000
vt 0.919469 0.000000
vt 0.895784 0.000000
vt 0.918996 0.000000
vt 0.896258 0.000000
vt 0.585504 0.000000
vt 0.896731 0.000000
vt 0.918522 0.000000
vt 0.414495 0.000000
vt 0.224538 0.000000
vt 0.138323 0.000000
vt 0.897205 0.000000
vt 0.918048 0.000000
vt 0.897679 0.000000
vt 0.898153 0.000000
vt 0.917575 0.000000
vt 0.585031 0.000000
vt 0.898626 0.000000
vt 0.917101 0.000000
vt 0.899100 0.000000
vt 0.916627 0.000000
vt 0.899574 0.000000
vt 0.900047 0.000000
vt 0.916153 0.000000
vt 0.138797 0.000000
vt 0.224064 0.000000
vt 0.584557 0.000000
vt 0.900521 0.000000
vt 0.414969 0.000000
vt 0.915680 0.000000
vt 0.900995 0.000000
vt 0.915206 0.000000
vt 0.901469 0.000000
vt 0.901942 0.000000
vt 0.914732 0.000000
vt 0.902416 0.000000
vt 0.914259 0.000000
vt 0.902890 0.000000
vt 0.903363 0.000000
vt 0.584083 0.000000
vt 0.913785 0.000000
vt 0.903837 0.000000
vt 0.913311 0.000000
vt 0.904311 0.000000
vt 0.139270 0.000000
vt 0.912838 0.000000
vt 0.904784 0.000000
vt 0.905258 0.000000
vt 0.912364 0.000000
vt 0.223591 0.000000
vt 0.905732 0.000000
vt 0.911890 0.000000
vt 0.906206 0.000000
vt 0.906679 0.000000
vt 0.911416 0.000000
vt 0.907153 0.000000
vt 0.910943 0.000000
vt 0.907627 0.000000
vt 0.415443 0.000000
vt 0.910469 0.000000
vt 0.908100 0.000000
vt 0.908574 0.000000
vt 0.909995 0.000000
vt 0.909048 0.000000
vt 0.909522 0.000000
vt 0.583610 0.000000
vt 0.139744 0.000000
vt 0.583136 0.000000
vt 0.223117 0.000000
vt 0.415917 0.000000
vt 0.582662 0.000000
vt 0.140218 0.000000
vt 0.222643 0.000000
vt 0.582189 0.000000
vt 0.416390 0.000000
vt 0.140692 0.000000
vt 0.581715 0.000000
vt 0.222170 0.000000
vt 0.581241 0.000000
vt 0.141165 0.000000
vt 0.416864 0.000000
vt 0.221696 0.000000
vt 0.580767 0.000000
vt 0.141639 0.000000
vt 0.417338 0.000000
vt 0.580294 0.000000
vt 0.221222 0.000000
vt 0.142113 0.000000
vt 0.579820 0.000000
vt 0.417811 0.000000
vt 0.220748 0.000000
vt 0.579346 0.000000
vt 0.142586 0.000000
vt 0.578873 0.000000
vt 0.220275 0.000000
vt 0.418285 0.000000
vt 0.143060 0.000000
vt 0.578399 0.000000
vt 0.219801 0.000000
vt 0.143534 0.000000
vt 0.577925 0.000000
vt 0.418759 0.000000
vt 0.577451 0.000000
vt 0.219327 0.000000
vt 0.144008 0.000000
vt 0.419233 0.000000
vt 0.576978 0.000000
vt 0.144481 0.000000
vt 0.218854 0.000000
vt 0.576504 0.000000
vt 0.419706 0.000000
vt 0.144955 0.000000
vt 0.218380 0.000000
vt 0.576030 0.000000
vt 0.575557 0.000000
vt 0.145429 0.000000
vt 0.420180 0.000000
vt 0.217906 0.000000
vt 0.145902 0.000000
vt 0.217432 0.000000
vt 0.420654 0.000000
vt 0.575083 0.000000
vt 0.146376 0.000000
vt 0.216959 0.000000
vt 0.421127 0.000000
vt 0.574609 0.000000
vt 0.146850 0.000000
vt 0.216485 0.000000
vt 0.147324 0.000000
vt 0.421601 0.000000
vt 0.574135 0.000000
vt 0.216011 0.000000
vt 0.147797 0.000000
vt 0.422075 0.000000
vt 0.215538 0.000000
vt 0.573662 0.000000
vt 0.148271 0.000000
vt 0.148745 0.000000
vt 0.215064 0.000000
vt 0.422549 0.000000
vt 0.573188 0.000000
vt 0.149218 0.000000
vt 0.214590 0.000000
vt 0.423022 0.000000
vt 0.572714 0.000000
vt 0.149692 0.000000
vt 0.214117 0.000000
vt 0.423496 0.000000
vt 0.150166 0.000000
vt 0.213643 0.000000
vt 0.572241 0.000000
vt 0.150640 0.000000
vt 0.423970 0.000000
vt 0.213169 0.000000
vt 0.151113 0.000000
vt 0.571767 0.000000
vt 0.212695 0.000000
vt 0.151587 0.000000
vt 0.424443 0.000000
vt 0.571293 0.000000
vt 0.152061 0.000000
vt 0.212222 0.000000
vt 0.424917 0.000000
vt 0.152534 0.000000
vt 0.211748 0.000000
vt 0.570819 0.000000
vt 0.153008 0.000000
vt 0.425391 0.000000
vt 0.211274 0.000000
vt 0.153482 0.000000
vt 0.210801 0.000000
vt 0.425865 0.000000
vt 0.153955 0.000000
vt 0.570346 0.000000
vt 0.210327 0.000000
vt 0.154429 0.000000
vt 0.426338 0.000000
vt 0.209853 0.000000
vt 0.154903 0.000000
vt 0.569872 0.000000
vt 0.209379 0.000000
vt 0.426812 0.000000
vt 0.155377 0.000000
vt 0.208906 0.000000
vt 0.155850 0.000000
vt 0.427286 0.000000
vt 0.208432 0.000000
vt 0.569398 0.000000
vt 0.156324 0.000000
vt 0.207958 0.000000
vt 0.427759 0.000000
vt 0.156798 0.000000
vt 0.207485 0.000000
vt 0.157271 0.000000
vt 0.568925 0.000000
vt 0.207011 0.000000
vt 0.428233 0.000000
vt 0.157745 0.000000
vt 0.206537 0.000000
vt 0.158219 0.000000
vt 0.206063 0.000000
vt 0.428707 0.000000
vt 0.568451 0.000000
vt 0.158693 0.000000
vt 0.205590 0.000000
vt 0.159166 0.000000
vt 0.429180 0.000000
vt 0.205116 0.000000
vt 0.159640 0.000000
vt 0.567977 0.000000
vt 0.204642 0.000000
vt 0.429654 0.000000
vt 0.160114 0.000000
vt 0.204169 0.000000
vt 0.160587 0.000000
vt 0.203695 0.000000
vt 0.430128 0.000000
vt 0.567504 0.000000
vt 0.161061 0.000000
vt 0.203221 0.000000
vt 0.161535 0.000000
vt 0.202748 0.000000
vt 0.430602 0.000000
vt 0.162009 0.000000
vt 0.202274 0.000000
vt 0.567030 0.000000
vt 0.162482 0.000000
vt 0.201800 0.000000
vt 0.431075 0.000000
vt 0.162956 0.000000
vt 0.201326 0.000000
vt 0.200853 0.000000
vt 0.163430 0.000000
vt 0.566556 0.000000
vt 0.431549 0.000000
vt 0.200379 0.000000
vt 0.163903 0.000000
vt 0.199905 0.000000
vt 0.164377 0.000000
vt 0.432023 0.000000
vt 0.199432 0.000000
vt 0.164851 0.000000
vt 0.566082 0.000000
vt 0.198958 0.000000
vt 0.165324 0.000000
vt 0.198484 0.000000
vt 0.432496 0.000000
vt 0.165798 0.000000
vt 0.198010 0.000000
vt 0.166272 0.000000
vt 0.197537 0.000000
vt 0.166746 0.000000
vt 0.565609 0.000000
vt 0.432970 0.000000
vt 0.197063 0.000000
vt 0.167219 0.000000
vt 0.196589 0.000000
vt 0.167693 0.000000
vt 0.196116 0.000000
vt 0.433444 0.000000
vt 0.168167 0.000000
vt 0.195642 0.000000
vt 0.565135 0.000000
vt 0.168640 0.000000
vt 0.195168 0.000000
vt 0.169114 0.000000
vt 0.433918 0.000000
vt 0.194694 0.000000
vt 0.169588 0.000000
vt 0.194221 0.000000
vt 0.170062 0.000000
vt 0.193747 0.000000
vt 0.170535 0.000000
vt 0.564661 0.000000
vt 0.434391 0.000000
vt 0.193273 0.000000
vt 0.171009 0.000000
vt 0.192800 0.000000
vt 0.171483 0.000000
vt 0.192326 0.000000
vt 0.171956 0.000000
vt 0.191852 0.000000
vt 0.434865 0.000000
vt 0.172430 0.000000
vt 0.191378 0.000000
vt 0.172904 0.000000
vt 0.564188 0.000000
vt 0.190905 0.000000
vt 0.173378 0.000000
vt 0.190431 0.000000
vt 0.173851 0.000000
vt 0.189957 0.000000
vt 0.174325 0.000000
vt 0.435339 0.000000
vt 0.189484 0.000000
vt 0.174799 0.000000
vt 0.189010 0.000000
vt 0.175272 0.000000
vt 0.188536 0.000000
vt 0.175746 0.000000
vt 0.188063 0.000000
vt 0.176220 0.000000
vt 0.187589 0.000000
vt 0.563714 0.000000
vt 0.176694 0.000000
vt 0.187115 0.000000
vt 0.435812 0.000000
vt 0.177167 0.000000
vt 0.186641 0.000000
vt 0.177641 0.000000
vt 0.186168 0.000000
vt 0.178115 0.000000
vt 0.185694 0.000000
vt 0.178588 0.000000
vt 0.185220 0.000000
vt 0.179062 0.000000
vt 0.184747 0.000000
vt 0.179536 0.000000
vt 0.184273 0.000000
vt 0.180009 0.000000
vt 0.183799 0.000000
vt 0.180483 0.000000
vt 0.183325 0.000000
vt 0.180957 0.000000
vt 0.182852 0.000000
vt 0.181431 0.000000
vt 0.182378 0.000000
vt 0.181904 0.000000
vt 0.436286 0.000000
vt 0.563240 0.000000
vt 0.436760 0.000000
vt 0.562766 0.000000
vt 0.437234 0.000000
vt 0.437707 0.000000
vt 0.562293 0.000000
vt 0.438181 0.000000
vt 0.561819 0.000000
vt 0.438655 0.000000
vt 0.439128 0.000000
vt 0.561345 0.000000
vt 0.439602 0.000000
vt 0.560872 0.000000
vt 0.440076 0.000000
vt 0.440549 0.000000
vt 0.560398 0.000000
vt 0.441023 0.000000
vt 0.559924 0.000000
vt 0.441497 0.000000
vt 0.441971 0.000000
vt 0.559451 0.000000
vt 0.442444 0.000000
vt 0.558977 0.000000
vt 0.442918 0.000000
vt 0.443392 0.000000
vt 0.558503 0.000000
vt 0.443865 0.000000
vt 0.558029 0.000000
vt 0.444339 0.000000
vt 0.444813 0.000000
vt 0.557556 0.000000
vt 0.445287 0.000000
vt 0.557082 0.000000
vt 0.445760 0.000000
vt 0.446234 0.000000
vt 0.556608 0.000000
vt 0.446708 0.000000
vt 0.556135 0.000000
vt 0.447181 0.000000
vt 0.447655 0.000000
vt 0.555661 0.000000
vt 0.448129 0.000000
vt 0.555187 0.000000
vt 0.448603 0.000000
vt 0.449076 0.000000
vt 0.554713 0.000000
vt 0.449550 0.000000
vt 0.554240 0.000000
vt 0.450024 0.000000
vt 0.450497 0.000000
vt 0.553766 0.000000
vt 0.450971 0.000000
vt 0.553292 0.000000
vt 0.451445 0.000000
vt 0.451919 0.000000
vt 0.552819 0.000000
vt 0.452392 0.000000
vt 0.552345 0.000000
vt 0.452866 0.000000
vt 0.453340 0.000000
vt 0.551871 0.000000
vt 0.453813 0.000000
vt 0.454287 0.000000
vt 0.551397 0.000000
vt 0.454761 0.000000
vt 0.550924 0.000000
vt 0.455234 0.000000
vt 0.455708 0.000000
vt 0.550450 0.000000
vt 0.456182 0.000000
vt 0.549976 0.000000
vt 0.456656 0.000000
vt 0.549503 0.000000
vt 0.457129 0.000000
vt 0.457603 0.000000
vt 0.549029 0.000000
vt 0.458077 0.000000
vt 0.548555 0.000000
vt 0.458550 0.000000
vt 0.548081 0.000000
vt 0.459024 0.000000
vt 0.459498 0.000000
vt 0.547608 0.000000
vt 0.459972 0.000000
vt 0.547134 0.000000
vt 0.460445 0.000000
vt 0.546660 0.000000
vt 0.460919 0.000000
vt 0.461393 0.000000
vt 0.546187 0.000000
vt 0.461866 0.000000
vt 0.545713 0.000000
vt 0.462340 0.000000
vt 0.545239 0.000000
vt 0.544766 0.000000
vt 0.462814 0.000000
vt 0.544292 0.000000
vt 0.543818 0.000000
vt 0.543344 0.000000
vt 0.542871 0.000000
vt 0.542397 0.000000
vt 0.541923 0.000000
vt 0.463288 0.000000
vt 0.541450 0.000000
vt 0.540976 0.000000
vt 0.540502 0.000000
vt 0.540028 0.000000
vt 0.539555 0.000000
vt 0.463761 0.000000
vt 0.539081 0.000000
vt 0.538607 0.000000
vt 0.538134 0.000000
vt 0.537660 0.000000
vt 0.537186 0.000000
vt 0.464235 0.000000
vt 0.536712 0.000000
vt 0.536239 0.000000
vt 0.535765 0.000000
vt 0.535291 0.000000
vt 0.464709 0.000000
vt 0.534818 0.000000
vt 0.534344 0.000000
vt 0.533870 0.000000
vt 0.533396 0.000000
vt 0.532923 0.000000
vt 0.465182 0.000000
vt 0.532449 0.000000
vt 0.531975 0.000000
vt 0.531502 0.000000
vt 0.531028 0.000000
vt 0.465656 0.000000
vt 0.530554 0.000000
vt 0.530081 0.000000
vt 0.529607 0.000000
vt 0.466130 0.000000
vt 0.529133 0.000000
vt 0.528659 0.000000
vt 0.528186 0.000000
vt 0.527712 0.000000
vt 0.466604 0.000000
vt 0.527238 0.000000
vt 0.526765 0.000000
vt 0.526291 0.000000
vt 0.467077 0.000000
vt 0.525817 0.000000
vt 0.525343 0.000000
vt 0.524870 0.000000
vt 0.467551 0.000000
vt 0.524396 0.000000
vt 0.523922 0.000000
vt 0.523449 0.000000
vt 0.468025 0.000000
vt 0.522975 0.000000
vt 0.522501 0.000000
vt 0.522027 0.000000
vt 0.468498 0.000000
vt 0.521554 0.000000
vt 0.521080 0.000000
vt 0.520606 0.000000
vt 0.468972 0.000000
vt 0.520133 0.000000
vt 0.519659 0.000000
vt 0.519185 0.000000
vt 0.469446 0.000000
vt 0.518712 0.000000
vt 0.518238 0.000000
vt 0.469919 0.000000
vt 0.517764 0.000000
vt 0.517290 0.000000
vt 0.516817 0.000000
vt 0.470393 0.000000
vt 0.516343 0.000000
vt 0.515869 0.000000
vt 0.470867 0.000000
vt 0.515396 0.000000
vt 0.514922 0.000000
vt 0.471341 0.000000
vt 0.514448 0.000000
vt 0.513974 0.000000
vt 0.471814 0.000000
vt 0.513501 0.000000
vt 0.513027 0.000000
vt 0.472288 0.000000
vt 0.512553 0.000000
vt 0.472762 0.000000
vt 0.512080 0.000000
vt 0.511606 0.000000
vt 0.473235 0.000000
vt 0.511132 0.000000
vt 0.510658 0.000000
vt 0.473709 0.000000
vt 0.510185 0.000000
vt 0.509711 0.000000
vt 0.474183 0.000000
vt 0.509237 0.000000
vt 0.508764 0.000000
vt 0.474657 0.000000
vt 0.508290 0.000000
vt 0.475130 0.000000
vt 0.507816 0.000000
vt 0.507343 0.000000
vt 0.475604 0.000000
vt 0.506869 0.000000
vt 0.506395 0.000000
vt 0.476078 0.000000
vt 0.505921 0.000000
vt 0.505448 0.000000
vt 0.476551 0.000000
vt 0.504974 0.000000
vt 0.504500 0.000000
vt 0.477025 0.000000
vt 0.504027 0.000000
vt 0.477499 0.000000
vt 0.503553 0.000000
vt 0.503079 0.000000
vt 0.477973 0.000000
vt 0.502605 0.000000
vt 0.502132 0.000000
vt 0.478446 0.000000
vt 0.501658 0.000000
vt 0.501184 0.000000
vt 0.478920 0.000000
vt 0.500711 0.000000
vt 0.500237 0.000000
vt 0.479394 0.000000
vt 0.499763 0.000000
vt 0.499289 0.000000
vt 0.479867 0.000000
vt 0.498816 0.000000
vt 0.498342 0.000000
vt 0.480341 0.000000
vt 0.497868 0.000000
vt 0.480815 0.000000
vt 0.497395 0.000000
vt 0.496921 0.000000
vt 0.481288 0.000000
vt 0.496447 0.000000
vt 0.495973 0.000000
vt 0.481762 0.000000
vt 0.495500 0.000000
vt 0.495026 0.000000
vt 0.482236 0.000000
vt 0.494552 0.000000
vt 0.494079 0.000000
vt 0.482710 0.000000
vt 0.493605 0.000000
vt 0.493131 0.000000
vt 0.483183 0.000000
vt 0.492658 0.000000
vt 0.492184 0.000000
vt 0.491710 0.000000
vt 0.483657 0.000000
vt 0.491236 0.000000
vt 0.490763 0.000000
vt 0.484131 0.000000
vt 0.490289 0.000000
vt 0.489815 0.000000
vt 0.489342 0.000000
vt 0.484604 0.000000
vt 0.488868 0.000000
vt 0.488394 0.000000
vt 0.487920 0.000000
vt 0.485078 0.000000
vt 0.487447 0.000000
vt 0.486973 0.000000
vt 0.486499 0.000000
vt 0.486026 0.000000
vt 0.485552 0.000000
vt 0.000651 1.000000
vt 0.000000 1.000000
vt 0.001302 1.000000
vt 0.000651 0.000000
vt 0.001953 1.000000
vt 0.001302 0.000000
vt 0.002604 1.000000
vt 0.001953 0.000000
vt 0.003255 1.000000
vt 0.002604 0.000000
vt 0.003906 1.000000
vt 0.003255 0.000000
vt 0.004557 1.000000
vt 0.003906 0.000000
vt 0.005208 1.000000
vt 0.004557 0.000000
vt 0.005859 1.000000
vt 0.005208 0.000000
vt 0.006510 1.000000
vt 0.005859 0.000000
vt 0.007161 1.000000
vt 0.006510 0.000000
vt 0.007812 1.000000
vt 0.007161 0.000000
vt 0.008464 1.000000
vt 0.007812 0.000000
vt 0.009115 1.000000
vt 0.008464 0.000000
vt 0.009766 1.000000
vt 0.009115 0.000000
vt 0.010417 1.000000
vt 0.009766 0.000000
vt 0.011068 1.000000
vt 0.010417 0.000000
vt 0.011719 1.000000
vt 0.011068 0.000000
vt 0.012370 1.000000
vt 0.011719 0.000000
vt 0.013021 1.000000
vt 0.012370 0.000000
vt 0.013672 1.000000
vt 0.013021 0.000000
vt 0.014323 1.000000
vt 0.013672 0.000000
vt 0.014974 1.000000
vt 0.014323 0.000000
vt 0.015625 1.000000
vt 0.014974 0.000000
vt 0.016276 1.000000
vt 0.015625 0.000000
vt 0.016927 1.000000
vt 0.016276 0.000000
vt 0.017578 1.000000
vt 0.016927 0.000000
vt 0.018229 1.000000
vt 0.017578 0.000000
vt 0.018880 1.000000
vt 0.018229 0.000000
vt 0.019531 1.000000
vt 0.018880 0.000000
vt 0.020182 1.000000
vt 0.019531 0.000000
vt 0.020833 1.000000
vt 0.020182 0.000000
vt 0.021484 1.000000
vt 0.020833 0.000000
vt 0.022135 1.000000
vt 0.021484 0.000000
vt 0.022786 1.000000
vt 0.022135 0.000000
vt 0.023438 1.000000
vt 0.022786 0.000000
vt 0.024089 1.000000
vt 0.023438 0.000000
vt 0.024740 1.000000
vt 0.024089 0.000000
vt 0.025391 1.000000
vt 0.024740 0.000000
vt 0.026042 1.000000
vt 0.025391 0.000000
vt 0.026693 1.000000
vt 0.026042 0.000000
vt 0.027344 1.000000
vt 0.026693 0.000000
vt 0.027995 1.000000
vt 0.027344 0.000000
vt 0.028646 1.000000
vt 0.027995 0.000000
vt 0.029297 1.000000
vt 0.028646 0.000000
vt 0.029948 1.000000
vt 0.029297 0.000000
vt 0.030599 1.000000
vt 0.029948 0.000000
vt 0.031250 1.000000
vt 0.030599 0.000000
vt 0.031901 1.000000
vt 0.031250 0.000000
vt 0.032552 1.000000
vt 0.031901 0.000000
vt 0.033203 1.000000
vt 0.032552 0.000000
vt 0.033854 1.000000
vt 0.033203 0.000000
vt 0.034505 1.000000
vt 0.033854 0.000000
vt 0.035156 1.000000
vt 0.034505 0.000000
vt 0.035807 1.000000
vt 0.035156 0.000000
vt 0.036458 1.000000
vt 0.035807 0.000000
vt 0.037109 1.000000
vt 0.036458 0.000000
vt 0.037760 1.000000
vt 0.037109 0.000000
vt 0.038411 1.000000
vt 0.037760 0.000000
vt 0.039062 1.000000
vt 0.038411 0.000000
vt 0.039714 1.000000
vt 0.039062 0.000000
vt 0.040365 1.000000
vt 0.039714 0.000000
vt 0.041016 1.000000
vt 0.040365 0.000000
vt 0.041667 1.000000
vt 0.041016 0.000000
vt 0.042318 1.000000
vt 0.041667 0.000000
vt 0.042969 1.000000
vt 0.042318 0.000000
vt 0.043620 1.000000
vt 0.042969 0.000000
vt 0.044271 1.000000
vt 0.043620 0.000000
vt 0.044922 1.000000
vt 0.044271 0.000000
vt 0.045573 1.000000
vt 0.044922 0.000000
vt 0.046224 1.000000
vt 0.045573 0.000000
vt 0.046875 1.000000
vt 0.046224 0.000000
vt 0.047526 1.000000
vt 0.046875 0.000000
vt 0.048177 1.000000
vt 0.047526 0.000000
vt 0.048828 1.000000
vt 0.048177 0.000000
vt 0.049479 1.000000
vt 0.048828 0.000000
vt 0.050130 1.000000
vt 0.049479 0.000000
vt 0.050781 1.000000
vt 0.050130 0.000000
vt 0.051432 1.000000
vt 0.050781 0.000000
vt 0.052083 1.000000
vt 0.051432 0.000000
vt 0.052734 1.000000
vt 0.052083 0.000000
vt 0.053385 1.000000
vt 0.052734 0.000000
vt 0.054036 1.000000
vt 0.053385 0.000000
vt 0.054688 1.000000
vt 0.054036 0.000000
vt 0.055339 1.000000
vt 0.054688 0.000000
vt 0.055990 1.000000
vt 0.055339 0.000000
vt 0.056641 1.000000
vt 0.055990 0.000000
vt 0.057292 1.000000
vt 0.056641 0.000000
vt 0.057943 1.000000
vt 0.057292 0.000000
vt 0.058594 1.000000
vt 0.057943 0.000000
vt 0.059245 1.000000
vt 0.058594 0.000000
vt 0.059896 1.000000
vt 0.059245 0.000000
vt 0.060547 1.000000
vt 0.059896 0.000000
vt 0.061198 1.000000
vt 0.060547 0.000000
vt 0.061849 1.000000
vt 0.061198 0.000000
vt 0.062500 1.000000
vt 0.061849 0.000000
vt 0.063151 1.000000
vt 0.062500 0.000000
vt 0.063802 1.000000
vt 0.063151 0.000000
vt 0.064453 1.000000
vt 0.063802 0.000000
vt 0.065104 1.000000
vt 0.064453 0.000000
vt 0.065755 1.000000
vt 0.065104 0.000000
vt 0.066406 1.000000
vt 0.065755 0.000000
vt 0.067057 1.000000
vt 0.066406 0.000000
vt 0.067708 1.000000
vt 0.067057 0.000000
vt 0.068359 1.000000
vt 0.067708 0.000000
vt 0.069010 1.000000
vt 0.068359 0.000000
vt 0.069661 1.000000
vt 0.069010 0.000000
vt 0.070312 1.000000
vt 0.069661 0.000000
vt 0.070964 1.000000
vt 0.070312 0.000000
vt 0.071615 1.000000
vt 0.070964 0.000000
vt 0.072266 1.000000
vt 0.071615 0.000000
vt 0.072917 1.000000
vt 0.072266 0.000000
vt 0.073568 1.000000
vt 0.072917 0.000000
vt 0.074219 1.000000
vt 0.073568 0.000000
vt 0.074870 1.000000
vt 0.074219 0.000000
vt 0.075521 1.000000
vt 0.074870 0.000000
vt 0.076172 1.000000
vt 0.075521 0.000000
vt 0.076823 1.000000
vt 0.076172 0.000000
vt 0.077474 1.000000
vt 0.076823 0.000000
vt 0.078125 1.000000
vt 0.077474 0.000000
vt 0.078776 1.000000
vt 0.078125 0.000000
vt 0.079427 1.000000
vt 0.078776 0.000000
vt 0.080078 1.000000
vt 0.079427 0.000000
vt 0.080729 1.000000
vt 0.080078 0.000000
vt 0.081380 1.000000
vt 0.080729 0.000000
vt 0.082031 1.000000
vt 0.081380 0.000000
vt 0.082682 1.000000
vt 0.082031 0.000000
vt 0.083333 1.000000
vt 0.082682 0.000000
vt 0.083984 1.000000
vt 0.083333 0.000000
vt 0.084635 1.000000
vt 0.083984 0.000000
vt 0.085286 1.000000
vt 0.084635 0.000000
vt 0.085938 1.000000
vt 0.085286 0.000000
vt 0.086589 1.000000
vt 0.085938 0.000000
vt 0.087240 1.000000
vt 0.086589 0.000000
vt 0.087891 1.000000
vt 0.087240 0.000000
vt 0.088542 1.000000
vt 0.087891 0.000000
vt 0.089193 1.000000
vt 0.088542 0.000000
vt 0.089844 1.000000
vt 0.089193 0.000000
vt 0.090495 1.000000
vt 0.089844 0.000000
vt 0.091146 1.000000
vt 0.090495 0.000000
vt 0.091797 1.000000
vt 0.091146 0.000000
vt 0.092448 1.000000
vt 0.091797 0.000000
vt 0.093099 1.000000
vt 0.092448 0.000000
vt 0.093750 1.000000
vt 0.093099 0.000000
vt 0.094401 1.000000
vt 0.093750 0.000000
vt 0.095052 1.000000
vt 0.094401 0.000000
vt 0.095703 1.000000
vt 0.095052 0.000000
vt 0.096354 1.000000
vt 0.095703 0.000000
vt 0.097005 1.000000
vt 0.096354 0.000000
vt 0.097656 1.000000
vt 0.097005 0.000000
vt 0.098307 1.000000
vt 0.097656 0.000000
vt 0.098958 1.000000
vt 0.098307 0.000000
vt 0.099609 1.000000
vt 0.098958 0.000000
vt 0.100260 1.000000
vt 0.099609 0.000000
vt 0.100911 1.000000
vt 0.100260 0.000000
vt 0.101562 1.000000
vt 0.100911 0.000000
vt 0.102214 1.000000
vt 0.101562 0.000000
vt 0.102865 1.000000
vt 0.102214 0.000000
vt 0.103516 1.000000
vt 0.102865 0.000000
vt 0.104167 1.000000
vt 0.103516 0.000000
vt 0.104818 1.000000
vt 0.104167 0.000000
vt 0.105469 1.000000
vt 0.104818 0.000000
vt 0.106120 1.000000
vt 0.105469 0.000000
vt 0.106771 1.000000
vt 0.106120 0.000000
vt 0.107422 1.000000
vt 0.106771 0.000000
vt 0.108073 1.000000
vt 0.107422 0.000000
vt 0.108724 1.000000
vt 0.108073 0.000000
vt 0.109375 1.000000
vt 0.108724 0.000000
vt 0.110026 1.000000
vt 0.109375 0.000000
vt 0.110677 1.000000
vt 0.110026 0.000000
vt 0.111328 1.000000
vt 0.110677 0.000000
vt 0.111979 1.000000
vt 0.111328 0.000000
vt 0.112630 1.000000
vt 0.111979 0.000000
vt 0.113281 1.000000
vt 0.112630 0.000000
vt 0.113932 1.000000
vt 0.113281 0.000000
vt 0.114583 1.000000
vt 0.113932 0.000000
vt 0.115234 1.000000
vt 0.114583 0.000000
vt 0.115885 1.000000
vt 0.115234 0.000000
vt 0.116536 1.000000
vt 0.115885 0.000000
vt 0.117188 1.000000
vt 0.116536 0.000000
vt 0.117839 1.000000
vt 0.117188 0.000000
vt 0.118490 1.000000
vt 0.117839 0.000000
vt 0.119141 1.000000
vt 0.118490 0.000000
vt 0.119792 1.000000
vt 0.119141 0.000000
vt 0.120443 1.000000
vt 0.119792 0.000000
vt 0.121094 1.000000
vt 0.120443 0.000000
vt 0.121745 1.000000
vt 0.121094 0.000000
vt 0.122396 1.000000
vt 0.121745 0.000000
vt 0.123047 1.000000
vt 0.122396 0.000000
vt 0.123698 1.000000
vt 0.123047 0.000000
vt 0.124349 1.000000
vt 0.123698 0.000000
vt 0.125000 1.000000
vt 0.124349 0.000000
vt 0.125651 1.000000
vt 0.125000 0.000000
vt 0.126302 1.000000
vt 0.125651 0.000000
vt 0.126953 1.000000
vt 0.126302 0.000000
vt 0.127604 1.000000
vt 0.126953 0.000000
vt 0.128255 1.000000
vt 0.127604 0.000000
vt 0.128906 1.000000
vt 0.128255 0.000000
vt 0.129557 1.000000
vt 0.128906 0.000000
vt 0.130208 1.000000
vt 0.129557 0.000000
vt 0.130859 1.000000
vt 0.130208 0.000000
vt 0.131510 1.000000
vt 0.130859 0.000000
vt 0.132161 1.000000
vt 0.131510 0.000000
vt 0.132812 1.000000
vt 0.132161 0.000000
vt 0.133464 1.000000
vt 0.132812 0.000000
vt 0.134115 1.000000
vt 0.133464 0.000000
vt 0.134766 1.000000
vt 0.134115 0.000000
vt 0.135417 1.000000
vt 0.134766 0.000000
vt 0.136068 1.000000
vt 0.135417 0.000000
vt 0.136719 1.000000
vt 0.136068 0.000000
vt 0.137370 1.000000
vt 0.136719 0.000000
vt 0.138021 1.000000
vt 0.137370 0.000000
vt 0.138672 1.000000
vt 0.138021 0.000000
vt 0.139323 1.000000
vt 0.138672 0.000000
vt 0.139974 1.000000
vt 0.139323 0.000000
vt 0.140625 1.000000
vt 0.139974 0.000000
vt 0.141276 1.000000
vt 0.140625 0.000000
vt 0.141927 1.000000
vt 0.141276 0.000000
vt 0.142578 1.000000
vt 0.141927 0.000000
vt 0.143229 1.000000
vt 0.142578 0.000000
vt 0.143880 1.000000
vt 0.143229 0.000000
vt 0.144531 1.000000
vt 0.143880 0.000000
vt 0.145182 1.000000
vt 0.144531 0.000000
vt 0.145833 1.000000
vt 0.145182 0.000000
vt 0.146484 1.000000
vt 0.145833 0.000000
vt 0.147135 1.000000
vt 0.146484 0.000000
vt 0.147786 1.000000
vt 0.147135 0.000000
vt 0.148438 1.000000
vt 0.147786 0.000000
vt 0.149089 1.000000
vt 0.148438 0.000000
vt 0.149740 1.000000
vt 0.149089 0.000000
vt 0.150391 1.000000
vt 0.149740 0.000000
vt 0.151042 1.000000
vt 0.150391 0.000000
vt 0.151693 1.000000
vt 0.151042 0.000000
vt 0.152344 1.000000
vt 0.151693 0.000000
vt 0.152995 1.000000
vt 0.152344 0.000000
vt 0.153646 1.000000
vt 0.152995 0.000000
vt 0.154297 1.000000
vt 0.153646 0.000000
vt 0.154948 1.000000
vt 0.154297 0.000000
vt 0.155599 1.000000
vt 0.154948 0.000000
vt 0.156250 1.000000
vt 0.155599 0.000000
vt 0.156901 1.000000
vt 0.156250 0.000000
vt 0.157552 1.000000
vt 0.156901 0.000000
vt 0.158203 1.000000
vt 0.157552 0.000000
vt 0.158854 1.000000
vt 0.158203 0.000000
vt 0.159505 1.000000
vt 0.158854 0.000000
vt 0.160156 1.000000
vt 0.159505 0.000000
vt 0.160807 1.000000
vt 0.160156 0.000000
vt 0.161458 1.000000
vt 0.160807 0.000000
vt 0.162109 1.000000
vt 0.161458 0.000000
vt 0.162760 1.000000
vt 0.162109 0.000000
vt 0.163411 1.000000
vt 0.162760 0.000000
vt 0.164062 1.000000
vt 0.163411 0.000000
vt 0.164714 1.000000
vt 0.164062 0.000000
vt 0.165365 1.000000
vt 0.164714 0.000000
vt 0.166016 1.000000
vt 0.165365 0.000000
vt 0.166667 1.000000
vt 0.166016 0.000000
vt 0.167318 1.000000
vt 0.166667 0.000000
vt 0.167969 1.000000
vt 0.167318 0.000000
vt 0.168620 1.000000
vt 0.167969 0.000000
vt 0.169271 1.000000
vt 0.168620 0.000000
vt 0.169922 1.000000
vt 0.169271 0.000000
vt 0.170573 1.000000
vt 0.169922 0.000000
vt 0.171224 1.000000
vt 0.170573 0.000000
vt 0.171875 1.000000
vt 0.171224 0.000000
vt 0.172526 1.000000
vt 0.171875 0.000000
vt 0.173177 1.000000
vt 0.172526 0.000000
vt 0.173828 1.000000
vt 0.173177 0.000000
vt 0.174479 1.000000
vt 0.173828 0.000000
vt 0.175130 1.000000
vt 0.174479 0.000000
vt 0.175781 1.000000
vt 0.175130 0.000000
vt 0.176432 1.000000
vt 0.175781 0.000000
vt 0.177083 1.000000
vt 0.176432 0.000000
vt 0.177734 1.000000
vt 0.177083 0.000000
vt 0.178385 1.000000
vt 0.177734 0.000000
vt 0.179036 1.000000
vt 0.178385 0.000000
vt 0.179688 1.000000
vt 0.179036 0.000000
vt 0.180339 1.000000
vt 0.179688 0.000000
vt 0.180990 1.000000
vt 0.180339 0.000000
vt 0.181641 1.000000
vt 0.180990 0.000000
vt 0.182292 1.000000
vt 0.181641 0.000000
vt 0.182943 1.000000
vt 0.182292 0.000000
vt 0.183594 1.000000
vt 0.182943 0.000000
vt 0.184245 1.000000
vt 0.183594 0.000000
vt 0.184896 1.000000
vt 0.184245 0.000000
vt 0.185547 1.000000
vt 0.184896 0.000000
vt 0.186198 1.000000
vt 0.185547 0.000000
vt 0.186849 1.000000
vt 0.186198 0.000000
vt 0.187500 1.000000
vt 0.186849 0.000000
vt 0.188151 1.000000
vt 0.187500 0.000000
vt 0.188802 1.000000
vt 0.188151 0.000000
vt 0.189453 1.000000
vt 0.188802 0.000000
vt 0.190104 1.000000
vt 0.189453 0.000000
vt 0.190755 1.000000
vt 0.190104 0.000000
vt 0.191406 1.000000
vt 0.190755 0.000000
vt 0.192057 1.000000
vt 0.191406 0.000000
vt 0.192708 1.000000
vt 0.192057 0.000000
vt 0.193359 1.000000
vt 0.192708 0.000000
vt 0.194010 1.000000
vt 0.193359 0.000000
vt 0.194661 1.000000
vt 0.194010 0.000000
vt 0.195312 1.000000
vt 0.194661 0.000000
vt 0.195964 1.000000
vt 0.195312 0.000000
vt 0.196615 1.000000
vt 0.195964 0.000000
vt 0.197266 1.000000
vt 0.196615 0.000000
vt 0.197917 1.000000
vt 0.197266 0.000000
vt 0.198568 1.000000
vt 0.197917 0.000000
vt 0.199219 1.000000
vt 0.198568 0.000000
vt 0.199870 1.000000
vt 0.199219 0.000000
vt 0.200521 1.000000
vt 0.199870 0.000000
vt 0.201172 1.000000
vt 0.200521 0.000000
vt 0.201823 1.000000
vt 0.201172 0.000000
vt 0.202474 1.000000
vt 0.201823 0.000000
vt 0.203125 1.000000
vt 0.202474 0.000000
vt 0.203776 1.000000
vt 0.203125 0.000000
vt 0.204427 1.000000
vt 0.203776 0.000000
vt 0.205078 1.000000
vt 0.204427 0.000000
vt 0.205729 1.000000
vt 0.205078 0.000000
vt 0.206380 1.000000
vt 0.205729 0.000000
vt 0.207031 1.000000
vt 0.206380 0.000000
vt 0.207682 1.000000
vt 0.207031 0.000000
vt 0.208333 1.000000
vt 0.207682 0.000000
vt 0.208984 1.000000
vt 0.208333 0.000000
vt 0.209635 1.000000
vt 0.208984 0.000000
vt 0.210286 1.000000
vt 0.209635 0.000000
vt 0.210938 1.000000
vt 0.210286 0.000000
vt 0.211589 1.000000
vt 0.210938 0.000000
vt 0.212240 1.000000
vt 0.211589 0.000000
vt 0.212891 1.000000
vt 0.212240 0.000000
vt 0.213542 1.000000
vt 0.212891 0.000000
vt 0.214193 1.000000
vt 0.213542 0.000000
vt 0.214844 1.000000
vt 0.214193 0.000000
vt 0.215495 1.000000
vt 0.214844 0.000000
vt 0.216146 1.000000
vt 0.215495 0.000000
vt 0.216797 1.000000
vt 0.216146 0.000000
vt 0.217448 1.000000
vt 0.216797 0.000000
vt 0.218099 1.000000
vt 0.217448 0.000000
vt 0.218750 1.000000
vt 0.218099 0.000000
vt 0.219401 1.000000
vt 0.218750 0.000000
vt 0.220052 1.000000
vt 0.219401 0.000000
vt 0.220703 1.000000
vt 0.220052 0.000000
vt 0.221354 1.000000
vt 0.220703 0.000000
vt 0.222005 1.000000
vt 0.221354 0.000000
vt 0.222656 1.000000
vt 0.222005 0.000000
vt 0.223307 1.000000
vt 0.222656 0.000000
vt 0.223958 1.000000
vt 0.223307 0.000000
vt 0.224609 1.000000
vt 0.223958 0.000000
vt 0.225260 1.000000
vt 0.224609 0.000000
vt 0.225911 1.000000
vt 0.225260 0.000000
vt 0.226562 1.000000
vt 0.225911 0.000000
vt 0.227214 1.000000
vt 0.226562 0.000000
vt 0.227865 1.000000
vt 0.227214 0.000000
vt 0.228516 1.000000
vt 0.227865 0.000000
vt 0.229167 1.000000
vt 0.228516 0.000000
vt 0.229818 1.000000
vt 0.229167 0.000000
vt 0.230469 1.000000
vt 0.229818 0.000000
vt 0.231120 1.000000
vt 0.230469 0.000000
vt 0.231771 1.000000
vt 0.231120 0.000000
vt 0.232422 1.000000
vt 0.231771 0.000000
vt 0.233073 1.000000
vt 0.232422 0.000000
vt 0.233724 1.000000
vt 0.233073 0.000000
vt 0.234375 1.000000
vt 0.233724 0.000000
vt 0.235026 1.000000
vt 0.234375 0.000000
vt 0.235677 1.000000
vt 0.235026 0.000000
vt 0.236328 1.000000
vt 0.235677 0.000000
vt 0.236979 1.000000
vt 0.236328 0.000000
vt 0.237630 1.000000
vt 0.236979 0.000000
vt 0.238281 1.000000
vt 0.237630 0.000000
vt 0.238932 1.000000
vt 0.238281 0.000000
vt 0.239583 1.000000
vt 0.238932 0.000000
vt 0.240234 1.000000
vt 0.239583 0.000000
vt 0.240885 1.000000
vt 0.240234 0.000000
vt 0.241536 1.000000
vt 0.240885 0.000000
vt 0.242188 1.000000
vt 0.241536 0.000000
vt 0.242839 1.000000
vt 0.242188 0.000000
vt 0.243490 1.000000
vt 0.242839 0.000000
vt 0.244141 1.000000
vt 0.243490 0.000000
vt 0.244792 1.000000
vt 0.244141 0.000000
vt 0.245443 1.000000
vt 0.244792 0.000000
vt 0.246094 1.000000
vt 0.245443 0.000000
vt 0.246745 1.000000
vt 0.246094 0.000000
vt 0.247396 1.000000
vt 0.246745 0.000000
vt 0.248047 1.000000
vt 0.247396 0.000000
vt 0.248698 1.000000
vt 0.248047 0.000000
vt 0.249349 1.000000
vt 0.248698 0.000000
vt 0.250000 1.000000
vt 0.249349 0.000000
vt 0.250651 1.000000
vt 0.250000 0.000000
vt 0.251302 1.000000
vt 0.250651 0.000000
vt 0.251953 1.000000
vt 0.251302 0.000000
vt 0.252604 1.000000
vt 0.251953 0.000000
vt 0.253255 1.000000
vt 0.252604 0.000000
vt 0.253906 1.000000
vt 0.253255 0.000000
vt 0.254557 1.000000
vt 0.253906 0.000000
vt 0.255208 1.000000
vt 0.254557 0.000000
vt 0.255859 1.000000
vt 0.255208 0.000000
vt 0.256510 1.000000
vt 0.255859 0.000000
vt 0.257161 1.000000
vt 0.256510 0.000000
vt 0.257812 1.000000
vt 0.257161 0.000000
vt 0.258464 1.000000
vt 0.257812 0.000000
vt 0.259115 1.000000
vt 0.258464 0.000000
vt 0.259766 1.000000
vt 0.259115 0.000000
vt 0.260417 1.000000
vt 0.259766 0.000000
vt 0.261068 1.000000
vt 0.260417 0.000000
vt 0.261719 1.000000
vt 0.261068 0.000000
vt 0.262370 1.000000
vt 0.261719 0.000000
vt 0.263021 1.000000
vt 0.262370 0.000000
vt 0.263672 1.000000
vt 0.263021 0.000000
vt 0.264323 1.000000
vt 0.263672 0.000000
vt 0.264974 1.000000
vt 0.264323 0.000000
vt 0.265625 1.000000
vt 0.264974 0.000000
vt 0.266276 1.000000
vt 0.265625 0.000000
vt 0.266927 1.000000
vt 0.266276 0.000000
vt 0.267578 1.000000
vt 0.266927 0.000000
vt 0.268229 1.000000
vt 0.267578 0.000000
vt 0.268880 1.000000
vt 0.268229 0.000000
vt 0.269531 1.000000
vt 0.268880 0.000000
vt 0.270182 1.000000
vt 0.269531 0.000000
vt 0.270833 1.000000
vt 0.270182 0.000000
vt 0.271484 1.000000
vt 0.270833 0.000000
vt 0.272135 1.000000
vt 0.271484 0.000000
vt 0.272786 1.000000
vt 0.272135 0.000000
vt 0.273438 1.000000
vt 0.272786 0.000000
vt 0.274089 1.000000
vt 0.273438 0.000000
vt 0.274740 1.000000
vt 0.274089 0.000000
vt 0.275391 1.000000
vt 0.274740 0.000000
vt 0.276042 1.000000
vt 0.275391 0.000000
vt 0.276693 1.000000
vt 0.276042 0.000000
vt 0.277344 1.000000
vt 0.276693 0.000000
vt 0.277995 1.000000
vt 0.277344 0.000000
vt 0.278646 1.000000
vt 0.277995 0.000000
vt 0.279297 1.000000
vt 0.278646 0.000000
vt 0.279948 1.000000
vt 0.279297 0.000000
vt 0.280599 1.000000
vt 0.279948 0.000000
vt 0.281250 1.000000
vt 0.280599 0.000000
vt 0.281901 1.000000
vt 0.281250 0.000000
vt 0.282552 1.000000
vt 0.281901 0.000000
vt 0.283203 1.000000
vt 0.282552 0.000000
vt 0.283854 1.000000
vt 0.283203 0.000000
vt 0.284505 1.000000
vt 0.283854 0.000000
vt 0.285156 1.000000
vt 0.284505 0.000000
vt 0.285807 1.000000
vt 0.285156 0.000000
vt 0.286458 1.000000
vt 0.285807 0.000000
vt 0.287109 1.000000
vt 0.286458 0.000000
vt 0.287760 1.000000
vt 0.287109 0.000000
vt 0.288411 1.000000
vt 0.287760 0.000000
vt 0.289062 1.000000
vt 0.288411 0.000000
vt 0.289714 1.000000
vt 0.289062 0.000000
vt 0.290365 1.000000
vt 0.289714 0.000000
vt 0.291016 1.000000
vt 0.290365 0.000000
vt 0.291667 1.000000
vt 0.291016 0.000000
vt 0.292318 1.000000
vt 0.291667 0.000000
vt 0.292969 1.000000
vt 0.292318 0.000000
vt 0.293620 1.000000
vt 0.292969 0.000000
vt 0.294271 1.000000
vt 0.293620 0.000000
vt 0.294922 1.000000
vt 0.294271 0.000000
vt 0.295573 1.000000
vt 0.294922 0.000000
vt 0.296224 1.000000
vt 0.295573 0.000000
vt 0.296875 1.000000
vt 0.296224 0.000000
vt 0.297526 1.000000
vt 0.296875 0.000000
vt 0.298177 1.000000
vt 0.297526 0.000000
vt 0.298828 1.000000
vt 0.298177 0.000000
vt 0.299479 1.000000
vt 0.298828 0.000000
vt 0.300130 1.000000
vt 0.299479 0.000000
vt 0.300781 1.000000
vt 0.300130 0.000000
vt 0.301432 1.000000
vt 0.300781 0.000000
vt 0.302083 1.000000
vt 0.301432 0.000000
vt 0.302734 1.000000
vt 0.302083 0.000000
vt 0.303385 1.000000
vt 0.302734 0.000000
vt 0.304036 1.000000
vt 0.303385 0.000000
vt 0.304688 1.000000
vt 0.304036 0.000000
vt 0.305339 1.000000
vt 0.304688 0.000000
vt 0.305990 1.000000
vt 0.305339 0.000000
vt 0.306641 1.000000
vt 0.305990 0.000000
vt 0.307292 1.000000
vt 0.306641 0.000000
vt 0.307943 1.000000
vt 0.307292 0.000000
vt 0.308594 1.000000
vt 0.307943 0.000000
vt 0.309245 1.000000
vt 0.308594 0.000000
vt 0.309896 1.000000
vt 0.309245 0.000000
vt 0.310547 1.000000
vt 0.309896 0.000000
vt 0.311198 1.000000
vt 0.310547 0.000000
vt 0.311849 1.000000
vt 0.311198 0.000000
vt 0.312500 1.000000
vt 0.311849 0.000000
vt 0.313151 1.000000
vt 0.312500 0.000000
vt 0.313802 1.000000
vt 0.313151 0.000000
vt 0.314453 1.000000
vt 0.313802 0.000000
vt 0.315104 1.000000
vt 0.314453 0.000000
vt 0.315755 1.000000
vt 0.315104 0.000000
vt 0.316406 1.000000
vt 0.315755 0.000000
vt 0.317057 1.000000
vt 0.316406 0.000000
vt 0.317708 1.000000
vt 0.317057 0.000000
vt 0.318359 1.000000
vt 0.317708 0.000000
vt 0.319010 1.000000
vt 0.318359 0.000000
vt 0.319661 1.000000
vt 0.319010 0.000000
vt 0.320312 1.000000
vt 0.319661 0.000000
vt 0.320964 1.000000
vt 0.320312 0.000000
vt 0.321615 1.000000
vt 0.320964 0.000000
vt 0.322266 1.000000
vt 0.321615 0.000000
vt 0.322917 1.000000
vt 0.322266 0.000000
vt 0.323568 1.000000
vt 0.322917 0.000000
vt 0.324219 1.000000
vt 0.323568 0.000000
vt 0.324870 1.000000
vt 0.324219 0.000000
vt 0.325521 1.000000
vt 0.324870 0.000000
vt 0.326172 1.000000
vt 0.325521 0.000000
vt 0.326823 1.000000
vt 0.326172 0.000000
vt 0.327474 1.000000
vt 0.326823 0.000000
vt 0.328125 1.000000
vt 0.327474 0.000000
vt 0.328776 1.000000
vt 0.328125 0.000000
vt 0.329427 1.000000
vt 0.328776 0.000000
vt 0.330078 1.000000
vt 0.329427 0.000000
vt 0.330729 1.000000
vt 0.330078 0.000000
vt 0.331380 1.000000
vt 0.330729 0.000000
vt 0.332031 1.000000
vt 0.331380 0.000000
vt 0.332682 1.000000
vt 0.332031 0.000000
vt 0.333333 1.000000
vt 0.332682 0.000000
vt 0.333984 1.000000
vt 0.333333 0.000000
vt 0.334635 1.000000
vt 0.333984 0.000000
vt 0.335286 1.000000
vt 0.334635 0.000000
vt 0.335938 1.000000
vt 0.335286 0.000000
vt 0.336589 1.000000
vt 0.335938 0.000000
vt 0.337240 1.000000
vt 0.336589 0.000000
vt 0.337891 1.000000
vt 0.337240 0.000000
vt 0.338542 1.000000
vt 0.337891 0.000000
vt 0.339193 1.000000
vt 0.338542 0.000000
vt 0.339844 1.000000
vt 0.339193 0.000000
vt 0.340495 1.000000
vt 0.339844 0.000000
vt 0.341146 1.000000
vt 0.340495 0.000000
vt 0.341797 1.000000
vt 0.341146 0.000000
vt 0.342448 1.000000
vt 0.341797 0.000000
vt 0.343099 1.000000
vt 0.342448 0.000000
vt 0.343750 1.000000
vt 0.343099 0.000000
vt 0.344401 1.000000
vt 0.343750 0.000000
vt 0.345052 1.000000
vt 0.344401 0.000000
vt 0.345703 1.000000
vt 0.345052 0.000000
vt 0.346354 1.000000
vt 0.345703 0.000000
vt 0.347005 1.000000
vt 0.346354 0.000000
vt 0.347656 1.000000
vt 0.347005 0.000000
vt 0.348307 1.000000
vt 0.347656 0.000000
vt 0.348958 1.000000
vt 0.348307 0.000000
vt 0.349609 1.000000
vt 0.348958 0.000000
vt 0.350260 1.000000
vt 0.349609 0.000000
vt 0.350911 1.000000
vt 0.350260 0.000000
vt 0.351562 1.000000
vt 0.350911 0.000000
vt 0.352214 1.000000
vt 0.351562 0.000000
vt 0.352865 1.000000
vt 0.352214 0.000000
vt 0.353516 1.000000
vt 0.352865 0.000000
vt 0.354167 1.000000
vt 0.353516 0.000000
vt 0.354818 1.000000
vt 0.354167 0.000000
vt 0.355469 1.000000
vt 0.354818 0.000000
vt 0.356120 1.000000
vt 0.355469 0.000000
vt 0.356771 1.000000
vt 0.356120 0.000000
vt 0.357422 1.000000
vt 0.356771 0.000000
vt 0.358073 1.000000
vt 0.357422 0.000000
vt 0.358724 1.000000
vt 0.358073 0.000000
vt 0.359375 1.000000
vt 0.358724 0.000000
vt 0.360026 1.000000
vt 0.359375 0.000000
vt 0.360677 1.000000
vt 0.360026 0.000000
vt 0.361328 1.000000
vt 0.360677 0.000000
vt 0.361979 1.000000
vt 0.361328 0.000000
vt 0.362630 1.000000
vt 0.361979 0.000000
vt 0.363281 1.000000
vt 0.362630 0.000000
vt 0.363932 1.000000
vt 0.363281 0.000000
vt 0.364583 1.000000
vt 0.363932 0.000000
vt 0.365234 1.000000
vt 0.364583 0.000000
vt 0.365885 1.000000
vt 0.365234 0.000000
vt 0.366536 1.000000
vt 0.365885 0.000000
vt 0.367188 1.000000
vt 0.366536 0.000000
vt 0.367839 1.000000
vt 0.367188 0.000000
vt 0.368490 1.000000
vt 0.367839 0.000000
vt 0.369141 1.000000
vt 0.368490 0.000000
vt 0.369792 1.000000
vt 0.369141 0.000000
vt 0.370443 1.000000
vt 0.369792 0.000000
vt 0.371094 1.000000
vt 0.370443 0.000000
vt 0.371745 1.000000
vt 0.371094 0.000000
vt 0.372396 1.000000
vt 0.371745 0.000000
vt 0.373047 1.000000
vt 0.372396 0.000000
vt 0.373698 1.000000
vt 0.373047 0.000000
vt 0.374349 1.000000
vt 0.373698 0.000000
vt 0.375000 1.000000
vt 0.374349 0.000000
vt 0.375651 1.000000
vt 0.375000 0.000000
vt 0.376302 1.000000
vt 0.375651 0.000000
vt 0.376953 1.000000
vt 0.376302 0.000000
vt 0.377604 1.000000
vt 0.376953 0.000000
vt 0.378255 1.000000
vt 0.377604 0.000000
vt 0.378906 1.000000
vt 0.378255 0.000000
vt 0.379557 1.000000
vt 0.378906 0.000000
vt 0.380208 1.000000
vt 0.379557 0.000000
vt 0.380859 1.000000
vt 0.380208 0.000000
vt 0.381510 1.000000
vt 0.380859 0.000000
vt 0.382161 1.000000
vt 0.381510 0.000000
vt 0.382812 1.000000
vt 0.382161 0.000000
vt 0.383464 1.000000
vt 0.382812 0.000000
vt 0.384115 1.000000
vt 0.383464 0.000000
vt 0.384766 1.000000
vt 0.384115 0.000000
vt 0.385417 1.000000
vt 0.384766 0.000000
vt 0.386068 1.000000
vt 0.385417 0.000000
vt 0.386719 1.000000
vt 0.386068 0.000000
vt 0.387370 1.000000
vt 0.386719 0.000000
vt 0.388021 1.000000
vt 0.387370 0.000000
vt 0.388672 1.000000
vt 0.388021 0.000000
vt 0.389323 1.000000
vt 0.388672 0.000000
vt 0.389974 1.000000
vt 0.389323 0.000000
vt 0.390625 1.000000
vt 0.389974 0.000000
vt 0.391276 1.000000
vt 0.390625 0.000000
vt 0.391927 1.000000
vt 0.391276 0.000000
vt 0.392578 1.000000
vt 0.391927 0.000000
vt 0.393229 1.000000
vt 0.392578 0.000000
vt 0.393880 1.000000
vt 0.393229 0.000000
vt 0.394531 1.000000
vt 0.393880 0.000000
vt 0.395182 1.000000
vt 0.394531 0.000000
vt 0.395833 1.000000
vt 0.395182 0.000000
vt 0.396484 1.000000
vt 0.395833 0.000000
vt 0.397135 1.000000
vt 0.396484 0.000000
vt 0.397786 1.000000
vt 0.397135 0.000000
vt 0.398438 1.000000
vt 0.397786 0.000000
vt 0.399089 1.000000
vt 0.398438 0.000000
vt 0.399740 1.000000
vt 0.399089 0.000000
vt 0.400391 1.000000
vt 0.399740 0.000000
vt 0.401042 1.000000
vt 0.400391 0.000000
vt 0.401693 1.000000
vt 0.401042 0.000000
vt 0.402344 1.000000
vt 0.401693 0.000000
vt 0.402995 1.000000
vt 0.402344 0.000000
vt 0.403646 1.000000
vt 0.402995 0.000000
vt 0.404297 1.000000
vt 0.403646 0.000000
vt 0.404948 1.000000
vt 0.404297 0.000000
vt 0.405599 1.000000
vt 0.404948 0.000000
vt 0.406250 1.000000
vt 0.405599 0.000000
vt 0.406901 1.000000
vt 0.406250 0.000000
vt 0.407552 1.000000
vt 0.406901 0.000000
vt 0.408203 1.000000
vt 0.407552 0.000000
vt 0.408854 1.000000
vt 0.408203 0.000000
vt 0.409505 1.000000
vt 0.408854 0.000000
vt 0.410156 1.000000
vt 0.409505 0.000000
vt 0.410807 1.000000
vt 0.410156 0.000000
vt 0.411458 1.000000
vt 0.410807 0.000000
vt 0.412109 1.000000
vt 0.411458 0.000000
vt 0.412760 1.000000
vt 0.412109 0.000000
vt 0.413411 1.000000
vt 0.412760 0.000000
vt 0.414062 1.000000
vt 0.413411 0.000000
vt 0.414714 1.000000
vt 0.414062 0.000000
vt 0.415365 1.000000
vt 0.414714 0.000000
vt 0.416016 1.000000
vt 0.415365 0.000000
vt 0.416667 1.000000
vt 0.416016 0.000000
vt 0.417318 1.000000
vt 0.416667 0.000000
vt 0.417969 1.000000
vt 0.417318 0.000000
vt 0.418620 1.000000
vt 0.417969 0.000000
vt 0.419271 1.000000
vt 0.418620 0.000000
vt 0.419922 1.000000
vt 0.419271 0.000000
vt 0.420573 1.000000
vt 0.419922 0.000000
vt 0.421224 1.000000
vt 0.420573 0.000000
vt 0.421875 1.000000
vt 0.421224 0.000000
vt 0.422526 1.000000
vt 0.421875 0.000000
vt 0.423177 1.000000
vt 0.422526 0.000000
vt 0.423828 1.000000
vt 0.423177 0.000000
vt 0.424479 1.000000
vt 0.423828 0.000000
vt 0.425130 1.000000
vt 0.424479 0.000000
vt 0.425781 1.000000
vt 0.425130 0.000000
vt 0.426432 1.000000
vt 0.425781 0.000000
vt 0.427083 1.000000
vt 0.426432 0.000000
vt 0.427734 1.000000
vt 0.427083 0.000000
vt 0.428385 1.000000
vt 0.427734 0.000000
vt 0.429036 1.000000
vt 0.428385 0.000000
vt 0.429688 1.000000
vt 0.429036 0.000000
vt 0.430339 1.000000
vt 0.429688 0.000000
vt 0.430990 1.000000
vt 0.430339 0.000000
vt 0.431641 1.000000
vt 0.430990 0.000000
vt 0.432292 1.000000
vt 0.431641 0.000000
vt 0.432943 1.000000
vt 0.432292 0.000000
vt 0.433594 1.000000
vt 0.432943 0.000000
vt 0.434245 1.000000
vt 0.433594 0.000000
vt 0.434896 1.000000
vt 0.434245 0.000000
vt 0.435547 1.000000
vt 0.434896 0.000000
vt 0.436198 1.000000
vt 0.435547 0.000000
vt 0.436849 1.000000
vt 0.436198 0.000000
vt 0.437500 1.000000
vt 0.436849 0.000000
vt 0.438151 1.000000
vt 0.437500 0.000000
vt 0.438802 1.000000
vt 0.438151 0.000000
vt 0.439453 1.000000
vt 0.438802 0.000000
vt 0.440104 1.000000
vt 0.439453 0.000000
vt 0.440755 1.000000
vt 0.440104 0.000000
vt 0.441406 1.000000
vt 0.440755 0.000000
vt 0.442057 1.000000
vt 0.441406 0.000000
vt 0.442708 1.000000
vt 0.442057 0.000000
vt 0.443359 1.000000
vt 0.442708 0.000000
vt 0.444010 1.000000
vt 0.443359 0.000000
vt 0.444661 1.000000
vt 0.444010 0.000000
vt 0.445312 1.000000
vt 0.444661 0.000000
vt 0.445964 1.000000
vt 0.445312 0.000000
vt 0.446615 1.000000
vt 0.445964 0.000000
vt 0.447266 1.000000
vt 0.446615 0.000000
vt 0.447917 1.000000
vt 0.447266 0.000000
vt 0.448568 1.000000
vt 0.447917 0.000000
vt 0.449219 1.000000
vt 0.448568 0.000000
vt 0.449870 1.000000
vt 0.449219 0.000000
vt 0.450521 1.000000
vt 0.449870 0.000000
vt 0.451172 1.000000
vt 0.450521 0.000000
vt 0.451823 1.000000
vt 0.451172 0.000000
vt 0.452474 1.000000
vt 0.451823 0.000000
vt 0.453125 1.000000
vt 0.452474 0.000000
vt 0.453776 1.000000
vt 0.453125 0.000000
vt 0.454427 1.000000
vt 0.453776 0.000000
vt 0.455078 1.000000
vt 0.454427 0.000000
vt 0.455729 1.000000
vt 0.455078 0.000000
vt 0.456380 1.000000
vt 0.455729 0.000000
vt 0.457031 1.000000
vt 0.456380 0.000000
vt 0.457682 1.000000
vt 0.457031 0.000000
vt 0.458333 1.000000
vt 0.457682 0.000000
vt 0.458984 1.000000
vt 0.458333 0.000000
vt 0.459635 1.000000
vt 0.458984 0.000000
vt 0.460286 1.000000
vt 0.459635 0.000000
vt 0.460938 1.000000
vt 0.460286 0.000000
vt 0.461589 1.000000
vt 0.460938 0.000000
vt 0.462240 1.000000
vt 0.461589 0.000000
vt 0.462891 1.000000
vt 0.462240 0.000000
vt 0.463542 1.000000
vt 0.462891 0.000000
vt 0.464193 1.000000
vt 0.463542 0.000000
vt 0.464844 1.000000
vt 0.464193 0.000000
vt 0.465495 1.000000
vt 0.464844 0.000000
vt 0.466146 1.000000
vt 0.465495 0.000000
vt 0.466797 1.000000
vt 0.466146 0.000000
vt 0.467448 1.000000
vt 0.466797 0.000000
vt 0.468099 1.000000
vt 0.467448 0.000000
vt 0.468750 1.000000
vt 0.468099 0.000000
vt 0.469401 1.000000
vt 0.468750 0.000000
vt 0.470052 1.000000
vt 0.469401 0.000000
vt 0.470703 1.000000
vt 0.470052 0.000000
vt 0.471354 1.000000
vt 0.470703 0.000000
vt 0.472005 1.000000
vt 0.471354 0.000000
vt 0.472656 1.000000
vt 0.472005 0.000000
vt 0.473307 1.000000
vt 0.472656 0.000000
vt 0.473958 1.000000
vt 0.473307 0.000000
vt 0.474609 1.000000
vt 0.473958 0.000000
vt 0.475260 1.000000
vt 0.474609 0.000000
vt 0.475911 1.000000
vt 0.475260 0.000000
vt 0.476562 1.000000
vt 0.475911 0.000000
vt 0.477214 1.000000
vt 0.476562 0.000000
vt 0.477865 1.000000
vt 0.477214 0.000000
vt 0.478516 1.000000
vt 0.477865 0.000000
vt 0.479167 1.000000
vt 0.478516 0.000000
vt 0.479818 1.000000
vt 0.479167 0.000000
vt 0.480469 1.000000
vt 0.479818 0.000000
vt 0.481120 1.000000
vt 0.480469 0.000000
vt 0.481771 1.000000
vt 0.481120 0.000000
vt 0.482422 1.000000
vt 0.481771 0.000000
vt 0.483073 1.000000
vt 0.482422 0.000000
vt 0.483724 1.000000
vt 0.483073 0.000000
vt 0.484375 1.000000
vt 0.483724 0.000000
vt 0.485026 1.000000
vt 0.484375 0.000000
vt 0.485677 1.000000
vt 0.485026 0.000000
vt 0.486328 1.000000
vt 0.485677 0.000000
vt 0.486979 1.000000
vt 0.486328 0.000000
vt 0.487630 1.000000
vt 0.486979 0.000000
vt 0.488281 1.000000
vt 0.487630 0.000000
vt 0.488932 1.000000
vt 0.488281 0.000000
vt 0.489583 1.000000
vt 0.488932 0.000000
vt 0.490234 1.000000
vt 0.489583 0.000000
vt 0.490885 1.000000
vt 0.490234 0.000000
vt 0.491536 1.000000
vt 0.490885 0.000000
vt 0.492188 1.000000
vt 0.491536 0.000000
vt 0.492839 1.000000
vt 0.492188 0.000000
vt 0.493490 1.000000
vt 0.492839 0.000000
vt 0.494141 1.000000
vt 0.493490 0.000000
vt 0.494792 1.000000
vt 0.494141 0.000000
vt 0.495443 1.000000
vt 0.494792 0.000000
vt 0.496094 1.000000
vt 0.495443 0.000000
vt 0.496745 1.000000
vt 0.496094 0.000000
vt 0.497396 1.000000
vt 0.496745 0.000000
vt 0.498047 1.000000
vt 0.497396 0.000000
vt 0.498698 1.000000
vt 0.498047 0.000000
vt 0.499349 1.000000
vt 0.498698 0.000000
vt 0.500000 1.000000
vt 0.499349 0.000000
vt 0.500651 1.000000
vt 0.500000 0.000000
vt 0.501302 1.000000
vt 0.500651 0.000000
vt 0.501953 1.000000
vt 0.501302 0.000000
vt 0.502604 1.000000
vt 0.501953 0.000000
vt 0.503255 1.000000
vt 0.502604 0.000000
vt 0.503906 1.000000
vt 0.503255 0.000000
vt 0.504557 1.000000
vt 0.503906 0.000000
vt 0.505208 1.000000
vt 0.504557 0.000000
vt 0.505859 1.000000
vt 0.505208 0.000000
vt 0.506510 1.000000
vt 0.505859 0.000000
vt 0.507161 1.000000
vt 0.506510 0.000000
vt 0.507812 1.000000
vt 0.507161 0.000000
vt 0.508464 1.000000
vt 0.507812 0.000000
vt 0.509115 1.000000
vt 0.508464 0.000000
vt 0.509766 1.000000
vt 0.509115 0.000000
vt 0.510417 1.000000
vt 0.509766 0.000000
vt 0.511068 1.000000
vt 0.510417 0.000000
vt 0.511719 1.000000
vt 0.511068 0.000000
vt 0.512370 1.000000
vt 0.511719 0.000000
vt 0.513021 1.000000
vt 0.512370 0.000000
vt 0.513672 1.000000
vt 0.513021 0.000000
vt 0.514323 1.000000
vt 0.513672 0.000000
vt 0.514974 1.000000
vt 0.514323 0.000000
vt 0.515625 1.000000
vt 0.514974 0.000000
vt 0.516276 1.000000
vt 0.515625 0.000000
vt 0.516927 1.000000
vt 0.516276 0.000000
vt 0.517578 1.000000
vt 0.516927 0.000000
vt 0.518229 1.000000
vt 0.517578 0.000000
vt 0.518880 1.000000
vt 0.518229 0.000000
vt 0.519531 1.000000
vt 0.518880 0.000000
vt 0.520182 1.000000
vt 0.519531 0.000000
vt 0.520833 1.000000
vt 0.520182 0.000000
vt 0.521484 1.000000
vt 0.520833 0.000000
vt 0.522135 1.000000
vt 0.521484 0.000000
vt 0.522786 1.000000
vt 0.522135 0.000000
vt 0.523438 1.000000
vt 0.522786 0.000000
vt 0.524089 1.000000
vt 0.523438 0.000000
vt 0.524740 1.000000
vt 0.524089 0.000000
vt 0.525391 1.000000
vt 0.524740 0.000000
vt 0.526042 1.000000
vt 0.525391 0.000000
vt 0.526693 1.000000
vt 0.526042 0.000000
vt 0.527344 1.000000
vt 0.526693 0.000000
vt 0.527995 1.000000
vt 0.527344 0.000000
vt 0.528646 1.000000
vt 0.527995 0.000000
vt 0.529297 1.000000
vt 0.528646 0.000000
vt 0.529948 1.000000
vt 0.529297 0.000000
vt 0.530599 1.000000
vt 0.529948 0.000000
vt 0.531250 1.000000
vt 0.530599 0.000000
vt 0.531901 1.000000
vt 0.531250 0.000000
vt 0.532552 1.000000
vt 0.531901 0.000000
vt 0.533203 1.000000
vt 0.532552 0.000000
vt 0.533854 1.000000
vt 0.533203 0.000000
vt 0.534505 1.000000
vt 0.533854 0.000000
vt 0.535156 1.000000
vt 0.534505 0.000000
vt 0.535807 1.000000
vt 0.535156 0.000000
vt 0.536458 1.000000
vt 0.535807 0.000000
vt 0.537109 1.000000
vt 0.536458 0.000000
vt 0.537760 1.000000
vt 0.537109 0.000000
vt 0.538411 1.000000
vt 0.537760 0.000000
vt 0.539062 1.000000
vt 0.538411 0.000000
vt 0.539714 1.000000
vt 0.539062 0.000000
vt 0.540365 1.000000
vt 0.539714 0.000000
vt 0.541016 1.000000
vt 0.540365 0.000000
vt 0.541667 1.000000
vt 0.541016 0.000000
vt 0.542318 1.000000
vt 0.541667 0.000000
vt 0.542969 1.000000
vt 0.542318 0.000000
vt 0.543620 1.000000
vt 0.542969 0.000000
vt 0.544271 1.000000
vt 0.543620 0.000000
vt 0.544922 1.000000
vt 0.544271 0.000000
vt 0.545573 1.000000
vt 0.544922 0.000000
vt 0.546224 1.000000
vt 0.545573 0.000000
vt 0.546875 1.000000
vt 0.546224 0.000000
vt 0.547526 1.000000
vt 0.546875 0.000000
vt 0.548177 1.000000
vt 0.547526 0.000000
vt 0.548828 1.000000
vt 0.548177 0.000000
vt 0.549479 1.000000
vt 0.548828 0.000000
vt 0.550130 1.000000
vt 0.549479 0.000000
vt 0.550781 1.000000
vt 0.550130 0.000000
vt 0.551432 1.000000
vt 0.550781 0.000000
vt 0.552083 1.000000
vt 0.551432 0.000000
vt 0.552734 1.000000
vt 0.552083 0.000000
vt 0.553385 1.000000
vt 0.552734 0.000000
vt 0.554036 1.000000
vt 0.553385 0.000000
vt 0.554688 1.000000
vt 0.554036 0.000000
vt 0.555339 1.000000
vt 0.554688 0.000000
vt 0.555990 1.000000
vt 0.555339 0.000000
vt 0.556641 1.000000
vt 0.555990 0.000000
vt 0.557292 1.000000
vt 0.556641 0.000000
vt 0.557943 1.000000
vt 0.557292 0.000000
vt 0.558594 1.000000
vt 0.557943 0.000000
vt 0.559245 1.000000
vt 0.558594 0.000000
vt 0.559896 1.000000
vt 0.559245 0.000000
vt 0.560547 1.000000
vt 0.559896 0.000000
vt 0.561198 1.000000
vt 0.560547 0.000000
vt 0.561849 1.000000
vt 0.561198 0.000000
vt 0.562500 1.000000
vt 0.561849 0.000000
vt 0.563151 1.000000
vt 0.562500 0.000000
vt 0.563802 1.000000
vt 0.563151 0.000000
vt 0.564453 1.000000
vt 0.563802 0.000000
vt 0.565104 1.000000
vt 0.564453 0.000000
vt 0.565755 1.000000
vt 0.565104 0.000000
vt 0.566406 1.000000
vt 0.565755 0.000000
vt 0.567057 1.000000
vt 0.566406 0.000000
vt 0.567708 1.000000
vt 0.567057 0.000000
vt 0.568359 1.000000
vt 0.567708 0.000000
vt 0.569010 1.000000
vt 0.568359 0.000000
vt 0.569661 1.000000
vt 0.569010 0.000000
vt 0.570312 1.000000
vt 0.569661 0.000000
vt 0.570964 1.000000
vt 0.570312 0.000000
vt 0.571615 1.000000
vt 0.570964 0.000000
vt 0.572266 1.000000
vt 0.571615 0.000000
vt 0.572917 1.000000
vt 0.572266 0.000000
vt 0.573568 1.000000
vt 0.572917 0.000000
vt 0.574219 1.000000
vt 0.573568 0.000000
vt 0.574870 1.000000
vt 0.574219 0.000000
vt 0.575521 1.000000
vt 0.574870 0.000000
vt 0.576172 1.000000
vt 0.575521 0.000000
vt 0.576823 1.000000
vt 0.576172 0.000000
vt 0.577474 1.000000
vt 0.576823 0.000000
vt 0.578125 1.000000
vt 0.577474 0.000000
vt 0.578776 1.000000
vt 0.578125 0.000000
vt 0.579427 1.000000
vt 0.578776 0.000000
vt 0.580078 1.000000
vt 0.579427 0.000000
vt 0.580729 1.000000
vt 0.580078 0.000000
vt 0.581380 1.000000
vt 0.580729 0.000000
vt 0.582031 1.000000
vt 0.581380 0.000000
vt 0.582682 1.000000
vt 0.582031 0.000000
vt 0.583333 1.000000
vt 0.582682 0.000000
vt 0.583984 1.000000
vt 0.583333 0.000000
vt 0.584635 1.000000
vt 0.583984 0.000000
vt 0.585286 1.000000
vt 0.584635 0.000000
vt 0.585938 1.000000
vt 0.585286 0.000000
vt 0.586589 1.000000
vt 0.585938 0.000000
vt 0.587240 1.000000
vt 0.586589 0.000000
vt 0.587891 1.000000
vt 0.587240 0.000000
vt 0.588542 1.000000
vt 0.587891 0.000000
vt 0.589193 1.000000
vt 0.588542 0.000000
vt 0.589844 1.000000
vt 0.589193 0.000000
vt 0.590495 1.000000
vt 0.589844 0.000000
vt 0.591146 1.000000
vt 0.590495 0.000000
vt 0.591797 1.000000
vt 0.591146 0.000000
vt 0.592448 1.000000
vt 0.591797 0.000000
vt 0.593099 1.000000
vt 0.592448 0.000000
vt 0.593750 1.000000
vt 0.593099 0.000000
vt 0.594401 1.000000
vt 0.593750 0.000000
vt 0.595052 1.000000
vt 0.594401 0.000000
vt 0.595703 1.000000
vt 0.595052 0.000000
vt 0.596354 1.000000
vt 0.595703 0.000000
vt 0.597005 1.000000
vt 0.596354 0.000000
vt 0.597656 1.000000
vt 0.597005 0.000000
vt 0.598307 1.000000
vt 0.597656 0.000000
vt 0.598958 1.000000
vt 0.598307 0.000000
vt 0.599609 1.000000
vt 0.598958 0.000000
vt 0.600260 1.000000
vt 0.599609 0.000000
vt 0.600911 1.000000
vt 0.600260 0.000000
vt 0.601562 1.000000
vt 0.600911 0.000000
vt 0.602214 1.000000
vt 0.601562 0.000000
vt 0.602865 1.000000
vt 0.602214 0.000000
vt 0.603516 1.000000
vt 0.602865 0.000000
vt 0.604167 1.000000
vt 0.603516 0.000000
vt 0.604818 1.000000
vt 0.604167 0.000000
vt 0.605469 1.000000
vt 0.604818 0.000000
vt 0.606120 1.000000
vt 0.605469 0.000000
vt 0.606771 1.000000
vt 0.606120 0.000000
vt 0.607422 1.000000
vt 0.606771 0.000000
vt 0.608073 1.000000
vt 0.607422 0.000000
vt 0.608724 1.000000
vt 0.608073 0.000000
vt 0.609375 1.000000
vt 0.608724 0.000000
vt 0.610026 1.000000
vt 0.609375 0.000000
vt 0.610677 1.000000
vt 0.610026 0.000000
vt 0.611328 1.000000
vt 0.610677 0.000000
vt 0.611979 1.000000
vt 0.611328 0.000000
vt 0.612630 1.000000
vt 0.611979 0.000000
vt 0.613281 1.000000
vt 0.612630 0.000000
vt 0.613932 1.000000
vt 0.613281 0.000000
vt 0.614583 1.000000
vt 0.613932 0.000000
vt 0.615234 1.000000
vt 0.614583 0.000000
vt 0.615885 1.000000
vt 0.615234 0.000000
vt 0.616536 1.000000
vt 0.615885 0.000000
vt 0.617188 1.000000
vt 0.616536 0.000000
vt 0.617839 1.000000
vt 0.617188 0.000000
vt 0.618490 1.000000
vt 0.617839 0.000000
vt 0.619141 1.000000
vt 0.618490 0.000000
vt 0.619792 1.000000
vt 0.619141 0.000000
vt 0.620443 1.000000
vt 0.619792 0.000000
vt 0.621094 1.000000
vt 0.620443 0.000000
vt 0.621745 1.000000
vt 0.621094 0.000000
vt 0.622396 1.000000
vt 0.621745 0.000000
vt 0.623047 1.000000
vt 0.622396 0.000000
vt 0.623698 1.000000
vt 0.623047 0.000000
vt 0.624349 1.000000
vt 0.623698 0.000000
vt 0.625000 1.000000
vt 0.624349 0.000000
vt 0.625651 1.000000
vt 0.625000 0.000000
vt 0.626302 1.000000
vt 0.625651 0.000000
vt 0.626953 1.000000
vt 0.626302 0.000000
vt 0.627604 1.000000
vt 0.626953 0.000000
vt 0.628255 1.000000
vt 0.627604 0.000000
vt 0.628906 1.000000
vt 0.628255 0.000000
vt 0.629557 1.000000
vt 0.628906 0.000000
vt 0.630208 1.000000
vt 0.629557 0.000000
vt 0.630859 1.000000
vt 0.630208 0.000000
vt 0.631510 1.000000
vt 0.630859 0.000000
vt 0.632161 1.000000
vt 0.631510 0.000000
vt 0.632812 1.000000
vt 0.632161 0.000000
vt 0.633464 1.000000
vt 0.632812 0.000000
vt 0.634115 1.000000
vt 0.633464 0.000000
vt 0.634766 1.000000
vt 0.634115 0.000000
vt 0.635417 1.000000
vt 0.634766 0.000000
vt 0.636068 1.000000
vt 0.635417 0.000000
vt 0.636719 1.000000
vt 0.636068 0.000000
vt 0.637370 1.000000
vt 0.636719 0.000000
vt 0.638021 1.000000
vt 0.637370 0.000000
vt 0.638672 1.000000
vt 0.638021 0.000000
vt 0.639323 1.000000
vt 0.638672 0.000000
vt 0.639974 1.000000
vt 0.639323 0.000000
vt 0.640625 1.000000
vt 0.639974 0.000000
vt 0.641276 1.000000
vt 0.640625 0.000000
vt 0.641927 1.000000
vt 0.641276 0.000000
vt 0.642578 1.000000
vt 0.641927 0.000000
vt 0.643229 1.000000
vt 0.642578 0.000000
vt 0.643880 1.000000
vt 0.643229 0.000000
vt 0.644531 1.000000
vt 0.643880 0.000000
vt 0.645182 1.000000
vt 0.644531 0.000000
vt 0.645833 1.000000
vt 0.645182 0.000000
vt 0.646484 1.000000
vt 0.645833 0.000000
vt 0.647135 1.000000
vt 0.646484 0.000000
vt 0.647786 1.000000
vt 0.647135 0.000000
vt 0.648438 1.000000
vt 0.647786 0.000000
vt 0.649089 1.000000
vt 0.648438 0.000000
vt 0.649740 1.000000
vt 0.649089 0.000000
vt 0.650391 1.000000
vt 0.649740 0.000000
vt 0.651042 1.000000
vt 0.650391 0.000000
vt 0.651693 1.000000
vt 0.651042 0.000000
vt 0.652344 1.000000
vt 0.651693 0.000000
vt 0.652995 1.000000
vt 0.652344 0.000000
vt 0.653646 1.000000
vt 0.652995 0.000000
vt 0.654297 1.000000
vt 0.653646 0.000000
vt 0.654948 1.000000
vt 0.654297 0.000000
vt 0.655599 1.000000
vt 0.654948 0.000000
vt 0.656250 1.000000
vt 0.655599 0.000000
vt 0.656901 1.000000
vt 0.656250 0.000000
vt 0.657552 1.000000
vt 0.656901 0.000000
vt 0.658203 1.000000
vt 0.657552 0.000000
vt 0.658854 1.000000
vt 0.658203 0.000000
vt 0.659505 1.000000
vt 0.658854 0.000000
vt 0.660156 1.000000
vt 0.659505 0.000000
vt 0.660807 1.000000
vt 0.660156 0.000000
vt 0.661458 1.000000
vt 0.660807 0.000000
vt 0.662109 1.000000
vt 0.661458 0.000000
vt 0.662760 1.000000
vt 0.662109 0.000000
vt 0.663411 1.000000
vt 0.662760 0.000000
vt 0.664062 1.000000
vt 0.663411 0.000000
vt 0.664714 1.000000
vt 0.664062 0.000000
vt 0.665365 1.000000
vt 0.664714 0.000000
vt 0.666016 1.000000
vt 0.665365 0.000000
vt 0.666667 1.000000
vt 0.666016 0.000000
vt 0.667318 1.000000
vt 0.666667 0.000000
vt 0.667969 1.000000
vt 0.667318 0.000000
vt 0.668620 1.000000
vt 0.667969 0.000000
vt 0.669271 1.000000
vt 0.668620 0.000000
vt 0.669922 1.000000
vt 0.669271 0.000000
vt 0.670573 1.000000
vt 0.669922 0.000000
vt 0.671224 1.000000
vt 0.670573 0.000000
vt 0.671875 1.000000
vt 0.671224 0.000000
vt 0.672526 1.000000
vt 0.671875 0.000000
vt 0.673177 1.000000
vt 0.672526 0.000000
vt 0.673828 1.000000
vt 0.673177 0.000000
vt 0.674479 1.000000
vt 0.673828 0.000000
vt 0.675130 1.000000
vt 0.674479 0.000000
vt 0.675781 1.000000
vt 0.675130 0.000000
vt 0.676432 1.000000
vt 0.675781 0.000000
vt 0.677083 1.000000
vt 0.676432 0.000000
vt 0.677734 1.000000
vt 0.677083 0.000000
vt 0.678385 1.000000
vt 0.677734 0.000000
vt 0.679036 1.000000
vt 0.678385 0.000000
vt 0.679688 1.000000
vt 0.679036 0.000000
vt 0.680339 1.000000
vt 0.679688 0.000000
vt 0.680990 1.000000
vt 0.680339 0.000000
vt 0.681641 1.000000
vt 0.680990 0.000000
vt 0.682292 1.000000
vt 0.681641 0.000000
vt 0.682943 1.000000
vt 0.682292 0.000000
vt 0.683594 1.000000
vt 0.682943 0.000000
vt 0.684245 1.000000
vt 0.683594 0.000000
vt 0.684896 1.000000
vt 0.684245 0.000000
vt 0.685547 1.000000
vt 0.684896 0.000000
vt 0.686198 1.000000
vt 0.685547 0.000000
vt 0.686849 1.000000
vt 0.686198 0.000000
vt 0.687500 1.000000
vt 0.686849 0.000000
vt 0.688151 1.000000
vt 0.687500 0.000000
vt 0.688802 1.000000
vt 0.688151 0.000000
vt 0.689453 1.000000
vt 0.688802 0.000000
vt 0.690104 1.000000
vt 0.689453 0.000000
vt 0.690755 1.000000
vt 0.690104 0.000000
vt 0.691406 1.000000
vt 0.690755 0.000000
vt 0.692057 1.000000
vt 0.691406 0.000000
vt 0.692708 1.000000
vt 0.692057 0.000000
vt 0.693359 1.000000
vt 0.692708 0.000000
vt 0.694010 1.000000
vt 0.693359 0.000000
vt 0.694661 1.000000
vt 0.694010 0.000000
vt 0.695312 1.000000
vt 0.694661 0.000000
vt 0.695964 1.000000
vt 0.695312 0.000000
vt 0.696615 1.000000
vt 0.695964 0.000000
vt 0.697266 1.000000
vt 0.696615 0.000000
vt 0.697917 1.000000
vt 0.697266 0.000000
vt 0.698568 1.000000
vt 0.697917 0.000000
vt 0.699219 1.000000
vt 0.698568 0.000000
vt 0.699870 1.000000
vt 0.699219 0.000000
vt 0.700521 1.000000
vt 0.699870 0.000000
vt 0.701172 1.000000
vt 0.700521 0.000000
vt 0.701823 1.000000
vt 0.701172 0.000000
vt 0.702474 1.000000
vt 0.701823 0.000000
vt 0.703125 1.000000
vt 0.702474 0.000000
vt 0.703776 1.000000
vt 0.703125 0.000000
vt 0.704427 1.000000
vt 0.703776 0.000000
vt 0.705078 1.000000
vt 0.704427 0.000000
vt 0.705729 1.000000
vt 0.705078 0.000000
vt 0.706380 1.000000
vt 0.705729 0.000000
vt 0.707031 1.000000
vt 0.706380 0.000000
vt 0.707682 1.000000
vt 0.707031 0.000000
vt 0.708333 1.000000
vt 0.707682 0.000000
vt 0.708984 1.000000
vt 0.708333 0.000000
vt 0.709635 1.000000
vt 0.708984 0.000000
vt 0.710286 1.000000
vt 0.709635 0.000000
vt 0.710938 1.000000
vt 0.710286 0.000000
vt 0.711589 1.000000
vt 0.710938 0.000000
vt 0.712240 1.000000
vt 0.711589 0.000000
vt 0.712891 1.000000
vt 0.712240 0.000000
vt 0.713542 1.000000
vt 0.712891 0.000000
vt 0.714193 1.000000
vt 0.713542 0.000000
vt 0.714844 1.000000
vt 0.714193 0.000000
vt 0.715495 1.000000
vt 0.714844 0.000000
vt 0.716146 1.000000
vt 0.715495 0.000000
vt 0.716797 1.000000
vt 0.716146 0.000000
vt 0.717448 1.000000
vt 0.716797 0.000000
vt 0.718099 1.000000
vt 0.717448 0.000000
vt 0.718750 1.000000
vt 0.718099 0.000000
vt 0.719401 1.000000
vt 0.718750 0.000000
vt 0.720052 1.000000
vt 0.719401 0.000000
vt 0.720703 1.000000
vt 0.720052 0.000000
vt 0.721354 1.000000
vt 0.720703 0.000000
vt 0.722005 1.000000
vt 0.721354 0.000000
vt 0.722656 1.000000
vt 0.722005 0.000000
vt 0.723307 1.000000
vt 0.722656 0.000000
vt 0.723958 1.000000
vt 0.723307 0.000000
vt 0.724609 1.000000
vt 0.723958 0.000000
vt 0.725260 1.000000
vt 0.724609 0.000000
vt 0.725911 1.000000
vt 0.725260 0.000000
vt 0.726562 1.000000
vt 0.725911 0.000000
vt 0.727214 1.000000
vt 0.726562 0.000000
vt 0.727865 1.000000
vt 0.727214 0.000000
vt 0.728516 1.000000
vt 0.727865 0.000000
vt 0.729167 1.000000
vt 0.728516 0.000000
vt 0.729818 1.000000
vt 0.729167 0.000000
vt 0.730469 1.000000
vt 0.729818 0.000000
vt 0.731120 1.000000
vt 0.730469 0.000000
vt 0.731771 1.000000
vt 0.731120 0.000000
vt 0.732422 1.000000
vt 0.731771 0.000000
vt 0.733073 1.000000
vt 0.732422 0.000000
vt 0.733724 1.000000
vt 0.733073 0.000000
vt 0.734375 1.000000
vt 0.733724 0.000000
vt 0.735026 1.000000
vt 0.734375 0.000000
vt 0.735677 1.000000
vt 0.735026 0.000000
vt 0.736328 1.000000
vt 0.735677 0.000000
vt 0.736979 1.000000
vt 0.736328 0.000000
vt 0.737630 1.000000
vt 0.736979 0.000000
vt 0.738281 1.000000
vt 0.737630 0.000000
vt 0.738932 1.000000
vt 0.738281 0.000000
vt 0.739583 1.000000
vt 0.738932 0.000000
vt 0.740234 1.000000
vt 0.739583 0.000000
vt 0.740885 1.000000
vt 0.740234 0.000000
vt 0.741536 1.000000
vt 0.740885 0.000000
vt 0.742188 1.000000
vt 0.741536 0.000000
vt 0.742839 1.000000
vt 0.742188 0.000000
vt 0.743490 1.000000
vt 0.742839 0.000000
vt 0.744141 1.000000
vt 0.743490 0.000000
vt 0.744792 1.000000
vt 0.744141 0.000000
vt 0.745443 1.000000
vt 0.744792 0.000000
vt 0.746094 1.000000
vt 0.745443 0.000000
vt 0.746745 1.000000
vt 0.746094 0.000000
vt 0.747396 1.000000
vt 0.746745 0.000000
vt 0.748047 1.000000
vt 0.747396 0.000000
vt 0.748698 1.000000
vt 0.748047 0.000000
vt 0.749349 1.000000
vt 0.748698 0.000000
vt 0.750000 1.000000
vt 0.749349 0.000000
vt 0.750651 1.000000
vt 0.750000 0.000000
vt 0.751302 1.000000
vt 0.750651 0.000000
vt 0.751953 1.000000
vt 0.751302 0.000000
vt 0.752604 1.000000
vt 0.751953 0.000000
vt 0.753255 1.000000
vt 0.752604 0.000000
vt 0.753906 1.000000
vt 0.753255 0.000000
vt 0.754557 1.000000
vt 0.753906 0.000000
vt 0.755208 1.000000
vt 0.754557 0.000000
vt 0.755859 1.000000
vt 0.755208 0.000000
vt 0.756510 1.000000
vt 0.755859 0.000000
vt 0.757161 1.000000
vt 0.756510 0.000000
vt 0.757812 1.000000
vt 0.757161 0.000000
vt 0.758464 1.000000
vt 0.757812 0.000000
vt 0.759115 1.000000
vt 0.758464 0.000000
vt 0.759766 1.000000
vt 0.759115 0.000000
vt 0.760417 1.000000
vt 0.759766 0.000000
vt 0.761068 1.000000
vt 0.760417 0.000000
vt 0.761719 1.000000
vt 0.761068 0.000000
vt 0.762370 1.000000
vt 0.761719 0.000000
vt 0.763021 1.000000
vt 0.762370 0.000000
vt 0.763672 1.000000
vt 0.763021 0.000000
vt 0.764323 1.000000
vt 0.763672 0.000000
vt 0.764974 1.000000
vt 0.764323 0.000000
vt 0.765625 1.000000
vt 0.764974 0.000000
vt 0.766276 1.000000
vt 0.765625 0.000000
vt 0.766927 1.000000
vt 0.766276 0.000000
vt 0.767578 1.000000
vt 0.766927 0.000000
vt 0.768229 1.000000
vt 0.767578 0.000000
vt 0.768880 1.000000
vt 0.768229 0.000000
vt 0.769531 1.000000
vt 0.768880 0.000000
vt 0.770182 1.000000
vt 0.769531 0.000000
vt 0.770833 1.000000
vt 0.770182 0.000000
vt 0.771484 1.000000
vt 0.770833 0.000000
vt 0.772135 1.000000
vt 0.771484 0.000000
vt 0.772786 1.000000
vt 0.772135 0.000000
vt 0.773438 1.000000
vt 0.772786 0.000000
vt 0.774089 1.000000
vt 0.773438 0.000000
vt 0.774740 1.000000
vt 0.774089 0.000000
vt 0.775391 1.000000
vt 0.774740 0.000000
vt 0.776042 1.000000
vt 0.775391 0.000000
vt 0.776693 1.000000
vt 0.776042 0.000000
vt 0.777344 1.000000
vt 0.776693 0.000000
vt 0.777995 1.000000
vt 0.777344 0.000000
vt 0.778646 1.000000
vt 0.777995 0.000000
vt 0.779297 1.000000
vt 0.778646 0.000000
vt 0.779948 1.000000
vt 0.779297 0.000000
vt 0.780599 1.000000
vt 0.779948 0.000000
vt 0.781250 1.000000
vt 0.780599 0.000000
vt 0.781901 1.000000
vt 0.781250 0.000000
vt 0.782552 1.000000
vt 0.781901 0.000000
vt 0.783203 1.000000
vt 0.782552 0.000000
vt 0.783854 1.000000
vt 0.783203 0.000000
vt 0.784505 1.000000
vt 0.783854 0.000000
vt 0.785156 1.000000
vt 0.784505 0.000000
vt 0.785807 1.000000
vt 0.785156 0.000000
vt 0.786458 1.000000
vt 0.785807 0.000000
vt 0.787109 1.000000
vt 0.786458 0.000000
vt 0.787760 1.000000
vt 0.787109 0.000000
vt 0.788411 1.000000
vt 0.787760 0.000000
vt 0.789062 1.000000
vt 0.788411 0.000000
vt 0.789714 1.000000
vt 0.789062 0.000000
vt 0.790365 1.000000
vt 0.789714 0.000000
vt 0.791016 1.000000
vt 0.790365 0.000000
vt 0.791667 1.000000
vt 0.791016 0.000000
vt 0.792318 1.000000
vt 0.791667 0.000000
vt 0.792969 1.000000
vt 0.792318 0.000000
vt 0.793620 1.000000
vt 0.792969 0.000000
vt 0.794271 1.000000
vt 0.793620 0.000000
vt 0.794922 1.000000
vt 0.794271 0.000000
vt 0.795573 1.000000
vt 0.794922 0.000000
vt 0.796224 1.000000
vt 0.795573 0.000000
vt 0.796875 1.000000
vt 0.796224 0.000000
vt 0.797526 1.000000
vt 0.796875 0.000000
vt 0.798177 1.000000
vt 0.797526 0.000000
vt 0.798828 1.000000
vt 0.798177 0.000000
vt 0.799479 1.000000
vt 0.798828 0.000000
vt 0.800130 1.000000
vt 0.799479 0.000000
vt 0.800781 1.000000
vt 0.800130 0.000000
vt 0.801432 1.000000
vt 0.800781 0.000000
vt 0.802083 1.000000
vt 0.801432 0.000000
vt 0.802734 1.000000
vt 0.802083 0.000000
vt 0.803385 1.000000
vt 0.802734 0.000000
vt 0.804036 1.000000
vt 0.803385 0.000000
vt 0.804688 1.000000
vt 0.804036 0.000000
vt 0.805339 1.000000
vt 0.804688 0.000000
vt 0.805990 1.000000
vt 0.805339 0.000000
vt 0.806641 1.000000
vt 0.805990 0.000000
vt 0.807292 1.000000
vt 0.806641 0.000000
vt 0.807943 1.000000
vt 0.807292 0.000000
vt 0.808594 1.000000
vt 0.807943 0.000000
vt 0.809245 1.000000
vt 0.808594 0.000000
vt 0.809896 1.000000
vt 0.809245 0.000000
vt 0.810547 1.000000
vt 0.809896 0.000000
vt 0.811198 1.000000
vt 0.810547 0.000000
vt 0.811849 1.000000
vt 0.811198 0.000000
vt 0.812500 1.000000
vt 0.811849 0.000000
vt 0.813151 1.000000
vt 0.812500 0.000000
vt 0.813802 1.000000
vt 0.813151 0.000000
vt 0.814453 1.000000
vt 0.813802 0.000000
vt 0.815104 1.000000
vt 0.814453 0.000000
vt 0.815755 1.000000
vt 0.815104 0.000000
vt 0.816406 1.000000
vt 0.815755 0.000000
vt 0.817057 1.000000
vt 0.816406 0.000000
vt 0.817708 1.000000
vt 0.817057 0.000000
vt 0.818359 1.000000
vt 0.817708 0.000000
vt 0.819010 1.000000
vt 0.818359 0.000000
vt 0.819661 1.000000
vt 0.819010 0.000000
vt 0.820312 1.000000
vt 0.819661 0.000000
vt 0.820964 1.000000
vt 0.820312 0.000000
vt 0.821615 1.000000
vt 0.820964 0.000000
vt 0.822266 1.000000
vt 0.821615 0.000000
vt 0.822917 1.000000
vt 0.822266 0.000000
vt 0.823568 1.000000
vt 0.822917 0.000000
vt 0.824219 1.000000
vt 0.823568 0.000000
vt 0.824870 1.000000
vt 0.824219 0.000000
vt 0.825521 1.000000
vt 0.824870 0.000000
vt 0.826172 1.000000
vt 0.825521 0.000000
vt 0.826823 1.000000
vt 0.826172 0.000000
vt 0.827474 1.000000
vt 0.826823 0.000000
vt 0.828125 1.000000
vt 0.827474 0.000000
vt 0.828776 1.000000
vt 0.828125 0.000000
vt 0.829427 1.000000
vt 0.828776 0.000000
vt 0.830078 1.000000
vt 0.829427 0.000000
vt 0.830729 1.000000
vt 0.830078 0.000000
vt 0.831380 1.000000
vt 0.830729 0.000000
vt 0.832031 1.000000
vt 0.831380 0.000000
vt 0.832682 1.000000
vt 0.832031 0.000000
vt 0.833333 1.000000
vt 0.832682 0.000000
vt 0.833984 1.000000
vt 0.833333 0.000000
vt 0.834635 1.000000
vt 0.833984 0.000000
vt 0.835286 1.000000
vt 0.834635 0.000000
vt 0.835938 1.000000
vt 0.835286 0.000000
vt 0.836589 1.000000
vt 0.835938 0.000000
vt 0.837240 1.000000
vt 0.836589 0.000000
vt 0.837891 1.000000
vt 0.837240 0.000000
vt 0.838542 1.000000
vt 0.837891 0.000000
vt 0.839193 1.000000
vt 0.838542 0.000000
vt 0.839844 1.000000
vt 0.839193 0.000000
vt 0.840495 1.000000
vt 0.839844 0.000000
vt 0.841146 1.000000
vt 0.840495 0.000000
vt 0.841797 1.000000
vt 0.841146 0.000000
vt 0.842448 1.000000
vt 0.841797 0.000000
vt 0.843099 1.000000
vt 0.842448 0.000000
vt 0.843750 1.000000
vt 0.843099 0.000000
vt 0.844401 1.000000
vt 0.843750 0.000000
vt 0.845052 1.000000
vt 0.844401 0.000000
vt 0.845703 1.000000
vt 0.845052 0.000000
vt 0.846354 1.000000
vt 0.845703 0.000000
vt 0.847005 1.000000
vt 0.846354 0.000000
vt 0.847656 1.000000
vt 0.847005 0.000000
vt 0.848307 1.000000
vt 0.847656 0.000000
vt 0.848958 1.000000
vt 0.848307 0.000000
vt 0.849609 1.000000
vt 0.848958 0.000000
vt 0.850260 1.000000
vt 0.849609 0.000000
vt 0.850911 1.000000
vt 0.850260 0.000000
vt 0.851562 1.000000
vt 0.850911 0.000000
vt 0.852214 1.000000
vt 0.851562 0.000000
vt 0.852865 1.000000
vt 0.852214 0.000000
vt 0.853516 1.000000
vt 0.852865 0.000000
vt 0.854167 1.000000
vt 0.853516 0.000000
vt 0.854818 1.000000
vt 0.854167 0.000000
vt 0.855469 1.000000
vt 0.854818 0.000000
vt 0.856120 1.000000
vt 0.855469 0.000000
vt 0.856771 1.000000
vt 0.856120 0.000000
vt 0.857422 1.000000
vt 0.856771 0.000000
vt 0.858073 1.000000
vt 0.857422 0.000000
vt 0.858724 1.000000
vt 0.858073 0.000000
vt 0.859375 1.000000
vt 0.858724 0.000000
vt 0.860026 1.000000
vt 0.859375 0.000000
vt 0.860677 1.000000
vt 0.860026 0.000000
vt 0.861328 1.000000
vt 0.860677 0.000000
vt 0.861979 1.000000
vt 0.861328 0.000000
vt 0.862630 1.000000
vt 0.861979 0.000000
vt 0.863281 1.000000
vt 0.862630 0.000000
vt 0.863932 1.000000
vt 0.863281 0.000000
vt 0.864583 1.000000
vt 0.863932 0.000000
vt 0.865234 1.000000
vt 0.864583 0.000000
vt 0.865885 1.000000
vt 0.865234 0.000000
vt 0.866536 1.000000
vt 0.865885 0.000000
vt 0.867188 1.000000
vt 0.866536 0.000000
vt 0.867839 1.000000
vt 0.867188 0.000000
vt 0.868490 1.000000
vt 0.867839 0.000000
vt 0.869141 1.000000
vt 0.868490 0.000000
vt 0.869792 1.000000
vt 0.869141 0.000000
vt 0.870443 1.000000
vt 0.869792 0.000000
vt 0.871094 1.000000
vt 0.870443 0.000000
vt 0.871745 1.000000
vt 0.871094 0.000000
vt 0.872396 1.000000
vt 0.871745 0.000000
vt 0.873047 1.000000
vt 0.872396 0.000000
vt 0.873698 1.000000
vt 0.873047 0.000000
vt 0.874349 1.000000
vt 0.873698 0.000000
vt 0.875000 1.000000
vt 0.874349 0.000000
vt 0.875651 1.000000
vt 0.875000 0.000000
vt 0.876302 1.000000
vt 0.875651 0.000000
vt 0.876953 1.000000
vt 0.876302 0.000000
vt 0.877604 1.000000
vt 0.876953 0.000000
vt 0.878255 1.000000
vt 0.877604 0.000000
vt 0.878906 1.000000
vt 0.878255 0.000000
vt 0.879557 1.000000
vt 0.878906 0.000000
vt 0.880208 1.000000
vt 0.879557 0.000000
vt 0.880859 1.000000
vt 0.880208 0.000000
vt 0.881510 1.000000
vt 0.880859 0.000000
vt 0.882161 1.000000
vt 0.881510 0.000000
vt 0.882812 1.000000
vt 0.882161 0.000000
vt 0.883464 1.000000
vt 0.882812 0.000000
vt 0.884115 1.000000
vt 0.883464 0.000000
vt 0.884766 1.000000
vt 0.884115 0.000000
vt 0.885417 1.000000
vt 0.884766 0.000000
vt 0.886068 1.000000
vt 0.885417 0.000000
vt 0.886719 1.000000
vt 0.886068 0.000000
vt 0.887370 1.000000
vt 0.886719 0.000000
vt 0.888021 1.000000
vt 0.887370 0.000000
vt 0.888672 1.000000
vt 0.888021 0.000000
vt 0.889323 1.000000
vt 0.888672 0.000000
vt 0.889974 1.000000
vt 0.889323 0.000000
vt 0.890625 1.000000
vt 0.889974 0.000000
vt 0.891276 1.000000
vt 0.890625 0.000000
vt 0.891927 1.000000
vt 0.891276 0.000000
vt 0.892578 1.000000
vt 0.891927 0.000000
vt 0.893229 1.000000
vt 0.892578 0.000000
vt 0.893880 1.000000
vt 0.893229 0.000000
vt 0.894531 1.000000
vt 0.893880 0.000000
vt 0.895182 1.000000
vt 0.894531 0.000000
vt 0.895833 1.000000
vt 0.895182 0.000000
vt 0.896484 1.000000
vt 0.895833 0.000000
vt 0.897135 1.000000
vt 0.896484 0.000000
vt 0.897786 1.000000
vt 0.897135 0.000000
vt 0.898438 1.000000
vt 0.897786 0.000000
vt 0.899089 1.000000
vt 0.898438 0.000000
vt 0.899740 1.000000
vt 0.899089 0.000000
vt 0.900391 1.000000
vt 0.899740 0.000000
vt 0.901042 1.000000
vt 0.900391 0.000000
vt 0.901693 1.000000
vt 0.901042 0.000000
vt 0.902344 1.000000
vt 0.901693 0.000000
vt 0.902995 1.000000
vt 0.902344 0.000000
vt 0.903646 1.000000
vt 0.902995 0.000000
vt 0.904297 1.000000
vt 0.903646 0.000000
vt 0.904948 1.000000
vt 0.904297 0.000000
vt 0.905599 1.000000
vt 0.904948 0.000000
vt 0.906250 1.000000
vt 0.905599 0.000000
vt 0.906901 1.000000
vt 0.906250 0.000000
vt 0.907552 1.000000
vt 0.906901 0.000000
vt 0.908203 1.000000
vt 0.907552 0.000000
vt 0.908854 1.000000
vt 0.908203 0.000000
vt 0.909505 1.000000
vt 0.908854 0.000000
vt 0.910156 1.000000
vt 0.909505 0.000000
vt 0.910807 1.000000
vt 0.910156 0.000000
vt 0.911458 1.000000
vt 0.910807 0.000000
vt 0.912109 1.000000
vt 0.911458 0.000000
vt 0.912760 1.000000
vt 0.912109 0.000000
vt 0.913411 1.000000
vt 0.912760 0.000000
vt 0.914062 1.000000
vt 0.913411 0.000000
vt 0.914714 1.000000
vt 0.914062 0.000000
vt 0.915365 1.000000
vt 0.914714 0.000000
vt 0.916016 1.000000
vt 0.915365 0.000000
vt 0.916667 1.000000
vt 0.916016 0.000000
vt 0.917318 1.000000
vt 0.916667 0.000000
vt 0.917969 1.000000
vt 0.917318 0.000000
vt 0.918620 1.000000
vt 0.917969 0.000000
vt 0.919271 1.000000
vt 0.918620 0.000000
vt 0.919922 1.000000
vt 0.919271 0.000000
vt 0.920573 1.000000
vt 0.919922 0.000000
vt 0.921224 1.000000
vt 0.920573 0.000000
vt 0.921875 1.000000
vt 0.921224 0.000000
vt 0.922526 1.000000
vt 0.921875 0.000000
vt 0.923177 1.000000
vt 0.922526 0.000000
vt 0.923828 1.000000
vt 0.923177 0.000000
vt 0.924479 1.000000
vt 0.923828 0.000000
vt 0.925130 1.000000
vt 0.924479 0.000000
vt 0.925781 1.000000
vt 0.925130 0.000000
vt 0.926432 1.000000
vt 0.925781 0.000000
vt 0.927083 1.000000
vt 0.926432 0.000000
vt 0.927734 1.000000
vt 0.927083 0.000000
vt 0.928385 1.000000
vt 0.927734 0.000000
vt 0.929036 1.000000
vt 0.928385 0.000000
vt 0.929688 1.000000
vt 0.929036 0.000000
vt 0.930339 1.000000
vt 0.929688 0.000000
vt 0.930990 1.000000
vt 0.930339 0.000000
vt 0.931641 1.000000
vt 0.930990 0.000000
vt 0.932292 1.000000
vt 0.931641 0.000000
vt 0.932943 1.000000
vt 0.932292 0.000000
vt 0.933594 1.000000
vt 0.932943 0.000000
vt 0.934245 1.000000
vt 0.933594 0.000000
vt 0.934896 1.000000
vt 0.934245 0.000000
vt 0.935547 1.000000
vt 0.934896 0.000000
vt 0.936198 1.000000
vt 0.935547 0.000000
vt 0.936849 1.000000
vt 0.936198 0.000000
vt 0.937500 1.000000
vt 0.936849 0.000000
vt 0.938151 1.000000
vt 0.937500 0.000000
vt 0.938802 1.000000
vt 0.938151 0.000000
vt 0.939453 1.000000
vt 0.938802 0.000000
vt 0.940104 1.000000
vt 0.939453 0.000000
vt 0.940755 1.000000
vt 0.940104 0.000000
vt 0.941406 1.000000
vt 0.940755 0.000000
vt 0.942057 1.000000
vt 0.941406 0.000000
vt 0.942708 1.000000
vt 0.942057 0.000000
vt 0.943359 1.000000
vt 0.942708 0.000000
vt 0.944010 1.000000
vt 0.943359 0.000000
vt 0.944661 1.000000
vt 0.944010 0.000000
vt 0.945312 1.000000
vt 0.944661 0.000000
vt 0.945964 1.000000
vt 0.945312 0.000000
vt 0.946615 1.000000
vt 0.945964 0.000000
vt 0.947266 1.000000
vt 0.946615 0.000000
vt 0.947917 1.000000
vt 0.947266 0.000000
vt 0.948568 1.000000
vt 0.947917 0.000000
vt 0.949219 1.000000
vt 0.948568 0.000000
vt 0.949870 1.000000
vt 0.949219 0.000000
vt 0.950521 1.000000
vt 0.949870 0.000000
vt 0.951172 1.000000
vt 0.950521 0.000000
vt 0.951823 1.000000
vt 0.951172 0.000000
vt 0.952474 1.000000
vt 0.951823 0.000000
vt 0.953125 1.000000
vt 0.952474 0.000000
vt 0.953776 1.000000
vt 0.953125 0.000000
vt 0.954427 1.000000
vt 0.953776 0.000000
vt 0.955078 1.000000
vt 0.954427 0.000000
vt 0.955729 1.000000
vt 0.955078 0.000000
vt 0.956380 1.000000
vt 0.955729 0.000000
vt 0.957031 1.000000
vt 0.956380 0.000000
vt 0.957682 1.000000
vt 0.957031 0.000000
vt 0.958333 1.000000
vt 0.957682 0.000000
vt 0.958984 1.000000
vt 0.958333 0.000000
vt 0.959635 1.000000
vt 0.958984 0.000000
vt 0.960286 1.000000
vt 0.959635 0.000000
vt 0.960938 1.000000
vt 0.960286 0.000000
vt 0.961589 1.000000
vt 0.960938 0.000000
vt 0.962240 1.000000
vt 0.961589 0.000000
vt 0.962891 1.000000
vt 0.962240 0.000000
vt 0.963542 1.000000
vt 0.962891 0.000000
vt 0.964193 1.000000
vt 0.963542 0.000000
vt 0.964844 1.000000
vt 0.964193 0.000000
vt 0.965495 1.000000
vt 0.964844 0.000000
vt 0.966146 1.000000
vt 0.965495 0.000000
vt 0.966797 1.000000
vt 0.966146 0.000000
vt 0.967448 1.000000
vt 0.966797 0.000000
vt 0.968099 1.000000
vt 0.967448 0.000000
vt 0.968750 1.000000
vt 0.968099 0.000000
vt 0.969401 1.000000
vt 0.968750 0.000000
vt 0.970052 1.000000
vt 0.969401 0.000000
vt 0.970703 1.000000
vt 0.970052 0.000000
vt 0.971354 1.000000
vt 0.970703 0.000000
vt 0.972005 1.000000
vt 0.971354 0.000000
vt 0.972656 1.000000
vt 0.972005 0.000000
vt 0.973307 1.000000
vt 0.972656 0.000000
vt 0.973958 1.000000
vt 0.973307 0.000000
vt 0.974609 1.000000
vt 0.973958 0.000000
vt 0.975260 1.000000
vt 0.974609 0.000000
vt 0.975911 1.000000
vt 0.975260 0.000000
vt 0.976562 1.000000
vt 0.975911 0.000000
vt 0.977214 1.000000
vt 0.976562 0.000000
vt 0.977865 1.000000
vt 0.977214 0.000000
vt 0.978516 1.000000
vt 0.977865 0.000000
vt 0.979167 1.000000
vt 0.978516 0.000000
vt 0.979818 1.000000
vt 0.979167 0.000000
vt 0.980469 1.000000
vt 0.979818 0.000000
vt 0.981120 1.000000
vt 0.980469 0.000000
vt 0.981771 1.000000
vt 0.981120 0.000000
vt 0.982422 1.000000
vt 0.981771 0.000000
vt 0.983073 1.000000
vt 0.982422 0.000000
vt 0.983724 1.000000
vt 0.983073 0.000000
vt 0.984375 1.000000
vt 0.983724 0.000000
vt 0.985026 1.000000
vt 0.984375 0.000000
vt 0.985677 1.000000
vt 0.985026 0.000000
vt 0.986328 1.000000
vt 0.985677 0.000000
vt 0.986979 1.000000
vt 0.986328 0.000000
vt 0.987630 1.000000
vt 0.986979 0.000000
vt 0.988281 1.000000
vt 0.987630 0.000000
vt 0.988932 1.000000
vt 0.988281 0.000000
vt 0.989583 1.000000
vt 0.988932 0.000000
vt 0.990234 1.000000
vt 0.989583 0.000000
vt 0.990885 1.000000
vt 0.990234 0.000000
vt 0.991536 1.000000
vt 0.990885 0.000000
vt 0.992188 1.000000
vt 0.991536 0.000000
vt 0.992839 1.000000
vt 0.992188 0.000000
vt 0.993490 1.000000
vt 0.992839 0.000000
vt 0.994141 1.000000
vt 0.993490 0.000000
vt 0.994792 1.000000
vt 0.994141 0.000000
vt 0.995443 1.000000
vt 0.994792 0.000000
vt 0.996094 1.000000
vt 0.995443 0.000000
vt 0.996745 1.000000
vt 0.996094 0.000000
vt 0.997396 1.000000
vt 0.996745 0.000000
vt 0.998047 1.000000
vt 0.997396 0.000000
vt 0.998698 1.000000
vt 0.998047 0.000000
vt 0.999349 1.000000
vt 0.998698 0.000000
vt 1.000000 1.000000
vt 0.999349 0.000000
vt 0.001736 1.000000
vt 0.003472 1.000000
vt 0.001736 0.000000
vt 0.003472 0.000000
vt 0.006944 1.000000
vt 0.008681 1.000000
vt 0.006944 0.000000
vt 0.008681 0.000000
vt 0.012153 1.000000
vt 0.013889 1.000000
vt 0.012153 0.000000
vt 0.013889 0.000000
vt 0.017361 1.000000
vt 0.019097 1.000000
vt 0.017361 0.000000
vt 0.019097 0.000000
vt 0.022569 1.000000
vt 0.024306 1.000000
vt 0.022569 0.000000
vt 0.024306 0.000000
vt 0.027778 1.000000
vt 0.029514 1.000000
vt 0.027778 0.000000
vt 0.029514 0.000000
vt 0.032986 1.000000
vt 0.034722 1.000000
vt 0.032986 0.000000
vt 0.034722 0.000000
vt 0.038194 1.000000
vt 0.039931 1.000000
vt 0.038194 0.000000
vt 0.039931 0.000000
vt 0.043403 1.000000
vt 0.045139 1.000000
vt 0.043403 0.000000
vt 0.045139 0.000000
vt 0.048611 1.000000
vt 0.050347 1.000000
vt 0.048611 0.000000
vt 0.050347 0.000000
vt 0.053819 1.000000
vt 0.055556 1.000000
vt 0.053819 0.000000
vt 0.055556 0.000000
vt 0.059028 1.000000
vt 0.060764 1.000000
vt 0.059028 0.000000
vt 0.060764 0.000000
vt 0.064236 1.000000
vt 0.065972 1.000000
vt 0.064236 0.000000
vt 0.065972 0.000000
vt 0.069444 1.000000
vt 0.071181 1.000000
vt 0.069444 0.000000
vt 0.071181 0.000000
vt 0.074653 1.000000
vt 0.076389 1.000000
vt 0.074653 0.000000
vt 0.076389 0.000000
vt 0.079861 1.000000
vt 0.081597 1.000000
vt 0.079861 0.000000
vt 0.081597 0.000000
vt 0.085069 1.000000
vt 0.086806 1.000000
vt 0.085069 0.000000
vt 0.086806 0.000000
vt 0.090278 1.000000
vt 0.092014 1.000000
vt 0.090278 0.000000
vt 0.092014 0.000000
vt 0.095486 1.000000
vt 0.097222 1.000000
vt 0.095486 0.000000
vt 0.097222 0.000000
vt 0.100694 1.000000
vt 0.102431 1.000000
vt 0.100694 0.000000
vt 0.102431 0.000000
vt 0.105903 1.000000
vt 0.107639 1.000000
vt 0.105903 0.000000
vt 0.107639 0.000000
vt 0.111111 1.000000
vt 0.112847 1.000000
vt 0.111111 0.000000
vt 0.112847 0.000000
vt 0.116319 1.000000
vt 0.118056 1.000000
vt 0.116319 0.000000
vt 0.118056 0.000000
vt 0.121528 1.000000
vt 0.123264 1.000000
vt 0.121528 0.000000
vt 0.123264 0.000000
vt 0.126736 1.000000
vt 0.128472 1.000000
vt 0.126736 0.000000
vt 0.128472 0.000000
vt 0.131944 1.000000
vt 0.133681 1.000000
vt 0.131944 0.000000
vt 0.133681 0.000000
vt 0.137153 1.000000
vt 0.138889 1.000000
vt 0.137153 0.000000
vt 0.138889 0.000000
vt 0.142361 1.000000
vt 0.144097 1.000000
vt 0.142361 0.000000
vt 0.144097 0.000000
vt 0.147569 1.000000
vt 0.149306 1.000000
vt 0.147569 0.000000
vt 0.149306 0.000000
vt 0.152778 1.000000
vt 0.154514 1.000000
vt 0.152778 0.000000
vt 0.154514 0.000000
vt 0.157986 1.000000
vt 0.159722 1.000000
vt 0.157986 0.000000
vt 0.159722 0.000000
vt 0.163194 1.000000
vt 0.164931 1.000000
vt 0.163194 0.000000
vt 0.164931 0.000000
vt 0.168403 1.000000
vt 0.170139 1.000000
vt 0.168403 0.000000
vt 0.170139 0.000000
vt 0.173611 1.000000
vt 0.175347 1.000000
vt 0.173611 0.000000
vt 0.175347 0.000000
vt 0.178819 1.000000
vt 0.180556 1.000000
vt 0.178819 0.000000
vt 0.180556 0.000000
vt 0.184028 1.000000
vt 0.185764 1.000000
vt 0.184028 0.000000
vt 0.185764 0.000000
vt 0.189236 1.000000
vt 0.190972 1.000000
vt 0.189236 0.000000
vt 0.190972 0.000000
vt 0.194444 1.000000
vt 0.196181 1.000000
vt 0.194444 0.000000
vt 0.196181 0.000000
vt 0.199653 1.000000
vt 0.201389 1.000000
vt 0.199653 0.000000
vt 0.201389 0.000000
vt 0.204861 1.000000
vt 0.206597 1.000000
vt 0.204861 0.000000
vt 0.206597 0.000000
vt 0.210069 1.000000
vt 0.211806 1.000000
vt 0.210069 0.000000
vt 0.211806 0.000000
vt 0.215278 1.000000
vt 0.217014 1.000000
vt 0.215278 0.000000
vt 0.217014 0.000000
vt 0.220486 1.000000
vt 0.222222 1.000000
vt 0.220486 0.000000
vt 0.222222 0.000000
vt 0.225694 1.000000
vt 0.227431 1.000000
vt 0.225694 0.000000
vt 0.227431 0.000000
vt 0.230903 1.000000
vt 0.232639 1.000000
vt 0.230903 0.000000
vt 0.232639 0.000000
vt 0.236111 1.000000
vt 0.237847 1.000000
vt 0.236111 0.000000
vt 0.237847 0.000000
vt 0.241319 1.000000
vt 0.243056 1.000000
vt 0.241319 0.000000
vt 0.243056 0.000000
vt 0.246528 1.000000
vt 0.248264 1.000000
vt 0.246528 0.000000
vt 0.248264 0.000000
vt 0.251736 1.000000
vt 0.253472 1.000000
vt 0.251736 0.000000
vt 0.253472 0.000000
vt 0.256944 1.000000
vt 0.258681 1.000000
vt 0.256944 0.000000
vt 0.258681 0.000000
vt 0.262153 1.000000
vt 0.263889 1.000000
vt 0.262153 0.000000
vt 0.263889 0.000000
vt 0.267361 1.000000
vt 0.269097 1.000000
vt 0.267361 0.000000
vt 0.269097 0.000000
vt 0.272569 1.000000
vt 0.274306 1.000000
vt 0.272569 0.000000
vt 0.274306 0.000000
vt 0.277778 1.000000
vt 0.279514 1.000000
vt 0.277778 0.000000
vt 0.279514 0.000000
vt 0.282986 1.000000
vt 0.284722 1.000000
vt 0.282986 0.000000
vt 0.284722 0.000000
vt 0.288194 1.000000
vt 0.289931 1.000000
vt 0.288194 0.000000
vt 0.289931 0.000000
vt 0.293403 1.000000
vt 0.295139 1.000000
vt 0.293403 0.000000
vt 0.295139 0.000000
vt 0.298611 1.000000
vt 0.300347 1.000000
vt 0.298611 0.000000
vt 0.300347 0.000000
vt 0.303819 1.000000
vt 0.305556 1.000000
vt 0.303819 0.000000
vt 0.305556 0.000000
vt 0.309028 1.000000
vt 0.310764 1.000000
vt 0.309028 0.000000
vt 0.310764 0.000000
vt 0.314236 1.000000
vt 0.315972 1.000000
vt 0.314236 0.000000
vt 0.315972 0.000000
vt 0.319444 1.000000
vt 0.321181 1.000000
vt 0.319444 0.000000
vt 0.321181 0.000000
vt 0.324653 1.000000
vt 0.326389 1.000000
vt 0.324653 0.000000
vt 0.326389 0.000000
vt 0.329861 1.000000
vt 0.331597 1.000000
vt 0.329861 0.000000
vt 0.331597 0.000000
vt 0.335069 1.000000
vt 0.336806 1.000000
vt 0.335069 0.000000
vt 0.336806 0.000000
vt 0.340278 1.000000
vt 0.342014 1.000000
vt 0.340278 0.000000
vt 0.342014 0.000000
vt 0.345486 1.000000
vt 0.347222 1.000000
vt 0.345486 0.000000
vt 0.347222 0.000000
vt 0.350694 1.000000
vt 0.352431 1.000000
vt 0.350694 0.000000
vt 0.352431 0.000000
vt 0.355903 1.000000
vt 0.357639 1.000000
vt 0.355903 0.000000
vt 0.357639 0.000000
vt 0.361111 1.000000
vt 0.362847 1.000000
vt 0.361111 0.000000
vt 0.362847 0.000000
vt 0.366319 1.000000
vt 0.368056 1.000000
vt 0.366319 0.000000
vt 0.368056 0.000000
vt 0.371528 1.000000
vt 0.373264 1.000000
vt 0.371528 0.000000
vt 0.373264 0.000000
vt 0.376736 1.000000
vt 0.378472 1.000000
vt 0.376736 0.000000
vt 0.378472 0.000000
vt 0.381944 1.000000
vt 0.383681 1.000000
vt 0.381944 0.000000
vt 0.383681 0.000000
vt 0.387153 1.000000
vt 0.388889 1.000000
vt 0.387153 0.000000
vt 0.388889 0.000000
vt 0.392361 1.000000
vt 0.394097 1.000000
vt 0.392361 0.000000
vt 0.394097 0.000000
vt 0.397569 1.000000
vt 0.399306 1.000000
vt 0.397569 0.000000
vt 0.399306 0.000000
vt 0.402778 1.000000
vt 0.404514 1.000000
vt 0.402778 0.000000
vt 0.404514 0.000000
vt 0.407986 1.000000
vt 0.409722 1.000000
vt 0.407986 0.000000
vt 0.409722 0.000000
vt 0.413194 1.000000
vt 0.414931 1.000000
vt 0.413194 0.000000
vt 0.414931 0.000000
vt 0.418403 1.000000
vt 0.420139 1.000000
vt 0.418403 0.000000
vt 0.420139 0.000000
vt 0.423611 1.000000
vt 0.425347 1.000000
vt 0.423611 0.000000
vt 0.425347 0.000000
vt 0.428819 1.000000
vt 0.430556 1.000000
vt 0.428819 0.000000
vt 0.430556 0.000000
vt 0.434028 1.000000
vt 0.435764 1.000000
vt 0.434028 0.000000
vt 0.435764 0.000000
vt 0.439236 1.000000
vt 0.440972 1.000000
vt 0.439236 0.000000
vt 0.440972 0.000000
vt 0.444444 1.000000
vt 0.446181 1.000000
vt 0.444444 0.000000
vt 0.446181 0.000000
vt 0.449653 1.000000
vt 0.451389 1.000000
vt 0.449653 0.000000
vt 0.451389 0.000000
vt 0.454861 1.000000
vt 0.456597 1.000000
vt 0.454861 0.000000
vt 0.456597 0.000000
vt 0.460069 1.000000
vt 0.461806 1.000000
vt 0.460069 0.000000
vt 0.461806 0.000000
vt 0.465278 1.000000
vt 0.467014 1.000000
vt 0.465278 0.000000
vt 0.467014 0.000000
vt 0.470486 1.000000
vt 0.472222 1.000000
vt 0.470486 0.000000
vt 0.472222 0.000000
vt 0.475694 1.000000
vt 0.477431 1.000000
vt 0.475694 0.000000
vt 0.477431 0.000000
vt 0.480903 1.000000
vt 0.482639 1.000000
vt 0.480903 0.000000
vt 0.482639 0.000000
vt 0.486111 1.000000
vt 0.487847 1.000000
vt 0.486111 0.000000
vt 0.487847 0.000000
vt 0.491319 1.000000
vt 0.493056 1.000000
vt 0.491319 0.000000
vt 0.493056 0.000000
vt 0.496528 1.000000
vt 0.498264 1.000000
vt 0.496528 0.000000
vt 0.498264 0.000000
vt 0.501736 1.000000
vt 0.503472 1.000000
vt 0.501736 0.000000
vt 0.503472 0.000000
vt 0.506944 1.000000
vt 0.508681 1.000000
vt 0.506944 0.000000
vt 0.508681 0.000000
vt 0.512153 1.000000
vt 0.513889 1.000000
vt 0.512153 0.000000
vt 0.513889 0.000000
vt 0.517361 1.000000
vt 0.519097 1.000000
vt 0.517361 0.000000
vt 0.519097 0.000000
vt 0.522569 1.000000
vt 0.524306 1.000000
vt 0.522569 0.000000
vt 0.524306 0.000000
vt 0.527778 1.000000
vt 0.529514 1.000000
vt 0.527778 0.000000
vt 0.529514 0.000000
vt 0.532986 1.000000
vt 0.534722 1.000000
vt 0.532986 0.000000
vt 0.534722 0.000000
vt 0.538194 1.000000
vt 0.539931 1.000000
vt 0.538194 0.000000
vt 0.539931 0.000000
vt 0.543403 1.000000
vt 0.545139 1.000000
vt 0.543403 0.000000
vt 0.545139 0.000000
vt 0.548611 1.000000
vt 0.550347 1.000000
vt 0.548611 0.000000
vt 0.550347 0.000000
vt 0.553819 1.000000
vt 0.555556 1.000000
vt 0.553819 0.000000
vt 0.555556 0.000000
vt 0.559028 1.000000
vt 0.560764 1.000000
vt 0.559028 0.000000
vt 0.560764 0.000000
vt 0.564236 1.000000
vt 0.565972 1.000000
vt 0.564236 0.000000
vt 0.565972 0.000000
vt 0.569444 1.000000
vt 0.571181 1.000000
vt 0.569444 0.000000
vt 0.571181 0.000000
vt 0.574653 1.000000
vt 0.576389 1.000000
vt 0.574653 0.000000
vt 0.576389 0.000000
vt 0.579861 1.000000
vt 0.581597 1.000000
vt 0.579861 0.000000
vt 0.581597 0.000000
vt 0.585069 1.000000
vt 0.586806 1.000000
vt 0.585069 0.000000
vt 0.586806 0.000000
vt 0.590278 1.000000
vt 0.592014 1.000000
vt 0.590278 0.000000
vt 0.592014 0.000000
vt 0.595486 1.000000
vt 0.597222 1.000000
vt 0.595486 0.000000
vt 0.597222 0.000000
vt 0.600694 1.000000
vt 0.602431 1.000000
vt 0.600694 0.000000
vt 0.602431 0.000000
vt 0.605903 1.000000
vt 0.607639 1.000000
vt 0.605903 0.000000
vt 0.607639 0.000000
vt 0.611111 1.000000
vt 0.612847 1.000000
vt 0.611111 0.000000
vt 0.612847 0.000000
vt 0.616319 1.000000
vt 0.618056 1.000000
vt 0.616319 0.000000
vt 0.618056 0.000000
vt 0.621528 1.000000
vt 0.623264 1.000000
vt 0.621528 0.000000
vt 0.623264 0.000000
vt 0.626736 1.000000
vt 0.628472 1.000000
vt 0.626736 0.000000
vt 0.628472 0.000000
vt 0.631944 1.000000
vt 0.633681 1.000000
vt 0.631944 0.000000
vt 0.633681 0.000000
vt 0.637153 1.000000
vt 0.638889 1.000000
vt 0.637153 0.000000
vt 0.638889 0.000000
vt 0.642361 1.000000
vt 0.644097 1.000000
vt 0.642361 0.000000
vt 0.644097 0.000000
vt 0.647569 1.000000
vt 0.649306 1.000000
vt 0.647569 0.000000
vt 0.649306 0.000000
vt 0.652778 1.000000
vt 0.654514 1.000000
vt 0.652778 0.000000
vt 0.654514 0.000000
vt 0.657986 1.000000
vt 0.659722 1.000000
vt 0.657986 0.000000
vt 0.659722 0.000000
vt 0.663194 1.000000
vt 0.664931 1.000000
vt 0.663194 0.000000
vt 0.664931 0.000000
vt 0.668403 1.000000
vt 0.670139 1.000000
vt 0.668403 0.000000
vt 0.670139 0.000000
vt 0.673611 1.000000
vt 0.675347 1.000000
vt 0.673611 0.000000
vt 0.675347 0.000000
vt 0.678819 1.000000
vt 0.680556 1.000000
vt 0.678819 0.000000
vt 0.680556 0.000000
vt 0.684028 1.000000
vt 0.685764 1.000000
vt 0.684028 0.000000
vt 0.685764 0.000000
vt 0.689236 1.000000
vt 0.690972 1.000000
vt 0.689236 0.000000
vt 0.690972 0.000000
vt 0.694444 1.000000
vt 0.696181 1.000000
vt 0.694444 0.000000
vt 0.696181 0.000000
vt 0.699653 1.000000
vt 0.701389 1.000000
vt 0.699653 0.000000
vt 0.701389 0.000000
vt 0.704861 1.000000
vt 0.706597 1.000000
vt 0.704861 0.000000
vt 0.706597 0.000000
vt 0.710069 1.000000
vt 0.711806 1.000000
vt 0.710069 0.000000
vt 0.711806 0.000000
vt 0.715278 1.000000
vt 0.717014 1.000000
vt 0.715278 0.000000
vt 0.717014 0.000000
vt 0.720486 1.000000
vt 0.722222 1.000000
vt 0.720486 0.000000
vt 0.722222 0.000000
vt 0.725694 1.000000
vt 0.727431 1.000000
vt 0.725694 0.000000
vt 0.727431 0.000000
vt 0.730903 1.000000
vt 0.732639 1.000000
vt 0.730903 0.000000
vt 0.732639 0.000000
vt 0.736111 1.000000
vt 0.737847 1.000000
vt 0.736111 0.000000
vt 0.737847 0.000000
vt 0.741319 1.000000
vt 0.743056 1.000000
vt 0.741319 0.000000
vt 0.743056 0.000000
vt 0.746528 1.000000
vt 0.748264 1.000000
vt 0.746528 0.000000
vt 0.748264 0.000000
vt 0.751736 1.000000
vt 0.753472 1.000000
vt 0.751736 0.000000
vt 0.753472 0.000000
vt 0.756944 1.000000
vt 0.758681 1.000000
vt 0.756944 0.000000
vt 0.758681 0.000000
vt 0.762153 1.000000
vt 0.763889 1.000000
vt 0.762153 0.000000
vt 0.763889 0.000000
vt 0.767361 1.000000
vt 0.769097 1.000000
vt 0.767361 0.000000
vt 0.769097 0.000000
vt 0.772569 1.000000
vt 0.774306 1.000000
vt 0.772569 0.000000
vt 0.774306 0.000000
vt 0.777778 1.000000
vt 0.779514 1.000000
vt 0.777778 0.000000
vt 0.779514 0.000000
vt 0.782986 1.000000
vt 0.784722 1.000000
vt 0.782986 0.000000
vt 0.784722 0.000000
vt 0.788194 1.000000
vt 0.789931 1.000000
vt 0.788194 0.000000
vt 0.789931 0.000000
vt 0.793403 1.000000
vt 0.795139 1.000000
vt 0.793403 0.000000
vt 0.795139 0.000000
vt 0.798611 1.000000
vt 0.800347 1.000000
vt 0.798611 0.000000
vt 0.800347 0.000000
vt 0.803819 1.000000
vt 0.805556 1.000000
vt 0.803819 0.000000
vt 0.805556 0.000000
vt 0.809028 1.000000
vt 0.810764 1.000000
vt 0.809028 0.000000
vt 0.810764 0.000000
vt 0.814236 1.000000
vt 0.815972 1.000000
vt 0.814236 0.000000
vt 0.815972 0.000000
vt 0.819444 1.000000
vt 0.821181 1.000000
vt 0.819444 0.000000
vt 0.821181 0.000000
vt 0.824653 1.000000
vt 0.826389 1.000000
vt 0.824653 0.000000
vt 0.826389 0.000000
vt 0.829861 1.000000
vt 0.831597 1.000000
vt 0.829861 0.000000
vt 0.831597 0.000000
vt 0.835069 1.000000
vt 0.836806 1.000000
vt 0.835069 0.000000
vt 0.836806 0.000000
vt 0.840278 1.000000
vt 0.842014 1.000000
vt 0.840278 0.000000
vt 0.842014 0.000000
vt 0.845486 1.000000
vt 0.847222 1.000000
vt 0.845486 0.000000
vt 0.847222 0.000000
vt 0.850694 1.000000
vt 0.852431 1.000000
vt 0.850694 0.000000
vt 0.852431 0.000000
vt 0.855903 1.000000
vt 0.857639 1.000000
vt 0.855903 0.000000
vt 0.857639 0.000000
vt 0.861111 1.000000
vt 0.862847 1.000000
vt 0.861111 0.000000
vt 0.862847 0.000000
vt 0.866319 1.000000
vt 0.868056 1.000000
vt 0.866319 0.000000
vt 0.868056 0.000000
vt 0.871528 1.000000
vt 0.873264 1.000000
vt 0.871528 0.000000
vt 0.873264 0.000000
vt 0.876736 1.000000
vt 0.878472 1.000000
vt 0.876736 0.000000
vt 0.878472 0.000000
vt 0.881944 1.000000
vt 0.883681 1.000000
vt 0.881944 0.000000
vt 0.883681 0.000000
vt 0.887153 1.000000
vt 0.888889 1.000000
vt 0.887153 0.000000
vt 0.888889 0.000000
vt 0.892361 1.000000
vt 0.894097 1.000000
vt 0.892361 0.000000
vt 0.894097 0.000000
vt 0.897569 1.000000
vt 0.899306 1.000000
vt 0.897569 0.000000
vt 0.899306 0.000000
vt 0.902778 1.000000
vt 0.904514 1.000000
vt 0.902778 0.000000
vt 0.904514 0.000000
vt 0.907986 1.000000
vt 0.909722 1.000000
vt 0.907986 0.000000
vt 0.909722 0.000000
vt 0.913194 1.000000
vt 0.914931 1.000000
vt 0.913194 0.000000
vt 0.914931 0.000000
vt 0.918403 1.000000
vt 0.920139 1.000000
vt 0.918403 0.000000
vt 0.920139 0.000000
vt 0.923611 1.000000
vt 0.925347 1.000000
vt 0.923611 0.000000
vt 0.925347 0.000000
vt 0.928819 1.000000
vt 0.930556 1.000000
vt 0.928819 0.000000
vt 0.930556 0.000000
vt 0.934028 1.000000
vt 0.935764 1.000000
vt 0.934028 0.000000
vt 0.935764 0.000000
vt 0.939236 1.000000
vt 0.940972 1.000000
vt 0.939236 0.000000
vt 0.940972 0.000000
vt 0.944444 1.000000
vt 0.946181 1.000000
vt 0.944444 0.000000
vt 0.946181 0.000000
vt 0.949653 1.000000
vt 0.951389 1.000000
vt 0.949653 0.000000
vt 0.951389 0.000000
vt 0.954861 1.000000
vt 0.956597 1.000000
vt 0.954861 0.000000
vt 0.956597 0.000000
vt 0.960069 1.000000
vt 0.961806 1.000000
vt 0.960069 0.000000
vt 0.961806 0.000000
vt 0.965278 1.000000
vt 0.967014 1.000000
vt 0.965278 0.000000
vt 0.967014 0.000000
vt 0.970486 1.000000
vt 0.972222 1.000000
vt 0.970486 0.000000
vt 0.972222 0.000000
vt 0.975694 1.000000
vt 0.977431 1.000000
vt 0.975694 0.000000
vt 0.977431 0.000000
vt 0.980903 1.000000
vt 0.982639 1.000000
vt 0.980903 0.000000
vt 0.982639 0.000000
vt 0.986111 1.000000
vt 0.987847 1.000000
vt 0.986111 0.000000
vt 0.987847 0.000000
vt 0.991319 1.000000
vt 0.993056 1.000000
vt 0.991319 0.000000
vt 0.993056 0.000000
vt 0.996528 1.000000
vt 0.998264 1.000000
vt 0.996528 0.000000
vt 0.998264 0.000000
s 0
f 704/1/1 706/2/1 705/3/1
f 703/4/1 706/2/1 704/1/1
f 703/4/1 707/5/1 706/2/1
f 702/6/1 707/5/1 703/4/1
f 702/6/1 708/7/1 707/5/1
f 701/8/1 708/7/1 702/6/1
f 701/8/1 709/9/1 708/7/1
f 700/10/1 709/9/1 701/8/1
f 700/10/1 710/11/1 709/9/1
f 699/12/1 710/11/1 700/10/1
f 699/12/1 711/13/1 710/11/1
f 698/14/1 711/13/1 699/12/1
f 698/14/1 712/15/1 711/13/1
f 697/16/1 712/15/1 698/14/1
f 697/16/1 713/17/1 712/15/1
f 696/18/1 713/17/1 697/16/1
f 696/18/1 714/19/1 713/17/1
f 695/20/1 714/19/1 696/18/1
f 695/20/1 715/21/1 714/19/1
f 694/22/1 715/21/1 695/20/1
f 694/22/1 716/23/1 715/21/1
f 693/24/1 716/23/1 694/22/1
f 692/25/1 716/23/1 693/24/1
f 692/25/1 717/26/1 716/23/1
f 691/27/1 717/26/1 692/25/1
f 691/27/1 718/28/1 717/26/1
f 690/29/1 718/28/1 691/27/1
f 690/29/1 719/30/1 718/28/1
f 689/31/1 719/30/1 690/29/1
f 689/31/1 720/32/1 719/30/1
f 688/33/1 720/32/1 689/31/1
f 688/33/1 721/34/1 720/32/1
f 687/35/1 721/34/1 688/33/1
f 687/35/1 722/36/1 721/34/1
f 686/37/1 722/36/1 687/35/1
f 686/37/1 723/38/1 722/36/1
f 685/39/1 723/38/1 686/37/1
f 685/39/1 724/40/1 723/38/1
f 684/41/1 724/40/1 685/39/1
f 684/41/1 725/42/1 724/40/1
f 683/43/1 725/42/1 684/41/1
f 683/43/1 726/44/1 725/42/1
f 682/45/1 726/44/1 683/43/1
f 681/46/1 726/44/1 682/45/1
f 681/46/1 727/47/1 726/44/1
f 680/48/1 727/47/1 681/46/1
f 680/48/1 728/49/1 727/47/1
f 679/50/1 728/49/1 680/48/1
f 679/50/1 729/51/1 728/49/1
f 678/52/1 729/51/1 679/50/1
f 678/52/1 730/53/1 729/51/1
f 677/54/1 730/53/1 678/52/1
f 677/54/1 731/55/1 730/53/1
f 676/56/1 731/55/1 677/54/1
f 676/56/1 732/57/1 731/55/1
f 675/58/1 732/57/1 676/56/1
f 675/58/1 733/59/1 732/57/1
f 674/60/1 733/59/1 675/58/1
f 674/60/1 734/61/1 733/59/1
f 673/62/1 734/61/1 674/60/1
f 673/62/1 735/63/1 734/61/1
f 672/64/1 735/63/1 673/62/1
f 672/64/1 736/65/1 735/63/1
f 671/66/1 736/65/1 672/64/1
f 670/67/1 736/65/1 671/66/1
f 670/67/1 737/68/1 736/65/1
f 669/69/1 737/68/1 670/67/1
f 669/69/1 738/70/1 737/68/1
f 668/71/1 738/70/1 669/69/1
f 668/71/1 739/72/1 738/70/1
f 667/73/1 739/72/1 668/71/1
f 667/73/1 740/74/1 739/72/1
f 666/75/1 740/74/1 667/73/1
f 666/75/1 741/76/1 740/74/1
f 665/77/1 741/76/1 666/75/1
f 665/77/1 742/78/1 741/76/1
f 664/79/1 742/78/1 665/77/1
f 664/79/1 743/80/1 742/78/1
f 663/81/1 743/80/1 664/79/1
f 663/81/1 744/82/1 743/80/1
f 662/83/1 744/82/1 663/81/1
f 662/83/1 745/84/1 744/82/1
f 661/85/1 745/84/1 662/83/1
f 661/85/1 746/86/1 745/84/1
f 660/87/1 746/86/1 661/85/1
f 660/87/1 747/88/1 746/86/1
f 659/89/1 747/88/1 660/87/1
f 658/90/1 747/88/1 659/89/1
f 658/90/1 748/91/1 747/88/1
f 657/92/1 748/91/1 658/90/1
f 657/92/1 3/93/1 748/91/1
f 3/93/1 2/94/1 748/91/1
f 2/94/1 1/95/1 748/91/1
f 1/95/2 1536/96/2 748/91/2
f 1536/96/1 1535/97/1 748/91/1
f 1535/97/1 1534/98/1 748/91/1
f 1534/98/1 1533/99/1 748/91/1
f 1533/99/1 1532/100/1 748/91/1
f 1532/100/1 1531/101/1 748/91/1
f 1531/101/1 1530/102/1 748/91/1
f 1530/102/1 1529/103/1 748/91/1
f 1529/103/1 749/104/1 748/91/1
f 657/92/1 4/105/1 3/93/1
f 657/92/1 5/106/1 4/105/1
f 657/92/1 6/107/1 5/106/1
f 1528/108/1 749/104/1 1529/103/1
f 1527/109/1 749/104/1 1528/108/1
f 657/92/1 7/110/1 6/107/1
f 1526/111/1 749/104/1 1527/109/1
f 1525/112/2 749/104/2 1526/111/2
f 657/92/1 8/113/1 7/110/1
f 1524/114/1 749/104/1 1525/112/1
f 1523/115/3 749/104/3 1524/114/3
f 1522/116/1 749/104/1 1523/115/1
f 657/92/1 9/117/1 8/113/1
f 1521/118/1 749/104/1 1522/116/1
f 1520/119/1 749/104/1 1521/118/1
f 657/92/1 10/120/1 9/117/1
f 1519/121/1 749/104/1 1520/119/1
f 1518/122/1 749/104/1 1519/121/1
f 657/92/1 11/123/1 10/120/1
f 1517/124/1 749/104/1 1518/122/1
f 1516/125/1 749/104/1 1517/124/1
f 657/92/1 12/126/1 11/123/1
f 1515/127/1 749/104/1 1516/125/1
f 1514/128/1 749/104/1 1515/127/1
f 657/92/1 13/129/1 12/126/1
f 1513/130/1 749/104/1 1514/128/1
f 1512/131/1 749/104/1 1513/130/1
f 657/92/1 14/132/1 13/129/1
f 1511/133/1 749/104/1 1512/131/1
f 1510/134/1 749/104/1 1511/133/1
f 657/92/1 15/135/1 14/132/1
f 1509/136/1 749/104/1 1510/134/1
f 1508/137/1 749/104/1 1509/136/1
f 657/92/1 16/138/1 15/135/1
f 1507/139/1 749/104/1 1508/137/1
f 1506/140/1 749/104/1 1507/139/1
f 657/92/1 17/141/1 16/138/1
f 1505/142/1 749/104/1 1506/140/1
f 1504/143/1 749/104/1 1505/142/1
f 657/92/1 18/144/1 17/141/1
f 1503/145/1 749/104/1 1504/143/1
f 657/92/1 19/146/1 18/144/1
f 1502/147/1 749/104/1 1503/145/1
f 1501/148/1 749/104/1 1502/147/1
f 657/92/1 20/149/1 19/146/1
f 1500/150/1 749/104/1 1501/148/1
f 1499/151/1 749/104/1 1500/150/1
f 657/92/1 21/152/1 20/149/1
f 1498/153/1 749/104/1 1499/151/1
f 1497/154/1 749/104/1 1498/153/1
f 657/92/1 22/155/1 21/152/1
f 1496/156/1 749/104/1 1497/154/1
f 1495/157/1 749/104/1 1496/156/1
f 657/92/1 23/158/1 22/155/1
f 1494/159/1 749/104/1 1495/157/1
f 1493/160/1 749/104/1 1494/159/1
f 657/92/1 24/161/1 23/158/1
f 1492/162/1 749/104/1 1493/160/1
f 1491/163/1 749/104/1 1492/162/1
f 657/92/1 25/164/1 24/161/1
f 1490/165/1 749/104/1 1491/163/1
f 1489/166/1 749/104/1 1490/165/1
f 657/92/1 26/167/1 25/164/1
f 1488/168/1 749/104/1 1489/166/1
f 1487/169/1 749/104/1 1488/168/1
f 657/92/1 27/170/1 26/167/1
f 1486/171/1 749/104/1 1487/169/1
f 1485/172/1 749/104/1 1486/171/1
f 657/92/1 28/173/1 27/170/1
f 1484/174/1 749/104/1 1485/172/1
f 1483/175/1 749/104/1 1484/174/1
f 657/92/1 29/176/1 28/173/1
f 1482/177/1 749/104/1 1483/175/1
f 1481/178/1 749/104/1 1482/177/1
f 657/92/1 30/179/1 29/176/1
f 1480/180/1 749/104/1 1481/178/1
f 1479/181/1 749/104/1 1480/180/1
f 656/182/1 30/179/1 657/92/1
f 656/182/1 31/183/1 30/179/1
f 1478/184/1 749/104/1 1479/181/1
f 1477/185/1 749/104/1 1478/184/1
f 656/182/1 32/186/1 31/183/1
f 1476/187/1 749/104/1 1477/185/1
f 1475/188/1 749/104/1 1476/187/1
f 656/182/1 33/189/1 32/186/1
f 1474/190/1 749/104/1 1475/188/1
f 1473/191/1 749/104/1 1474/190/1
f 656/182/1 34/192/1 33/189/1
f 1472/193/1 749/104/1 1473/191/1
f 656/182/1 35/194/1 34/192/1
f 656/182/1 36/195/1 35/194/1
f 656/182/1 37/196/1 36/195/1
f 656/182/1 38/197/1 37/196/1
f 656/182/1 39/198/1 38/197/1
f 656/182/1 40/199/1 39/198/1
f 656/182/1 41/200/1 40/199/1
f 1471/201/1 749/104/1 1472/193/1
f 656/182/1 42/202/1 41/200/1
f 1471/201/1 750/203/1 749/104/1
f 656/182/1 43/204/1 42/202/1
f 656/182/1 44/205/1 43/204/1
f 656/182/1 45/206/1 44/205/1
f 656/182/1 46/207/1 45/206/1
f 656/182/1 47/208/1 46/207/1
f 1470/209/1 750/203/1 1471/201/1
f 656/182/1 48/210/1 47/208/1
f 656/182/1 49/211/1 48/210/1
f 656/182/1 50/212/1 49/211/1
f 656/182/1 51/213/1 50/212/1
f 656/182/1 52/214/1 51/213/1
f 656/182/1 53/215/1 52/214/1
f 1469/216/1 750/203/1 1470/209/1
f 656/182/1 54/217/1 53/215/1
f 656/182/1 55/218/1 54/217/1
f 656/182/1 56/219/1 55/218/1
f 656/182/1 57/220/1 56/219/1
f 656/182/1 58/221/1 57/220/1
f 656/182/1 59/222/1 58/221/1
f 1468/223/1 750/203/1 1469/216/1
f 656/182/1 60/224/1 59/222/1
f 656/182/1 61/225/1 60/224/1
f 656/182/1 62/226/1 61/225/1
f 656/182/1 63/227/1 62/226/1
f 656/182/1 64/228/1 63/227/1
f 1467/229/1 750/203/1 1468/223/1
f 656/182/1 65/230/1 64/228/1
f 655/231/1 65/230/1 656/182/1
f 655/231/1 66/232/1 65/230/1
f 1466/233/1 750/203/1 1467/229/1
f 1466/233/1 751/234/1 750/203/1
f 1465/235/1 751/234/1 1466/233/1
f 1464/236/1 751/234/1 1465/235/1
f 655/231/1 67/237/1 66/232/1
f 1463/238/1 751/234/1 1464/236/1
f 654/239/1 67/237/1 655/231/1
f 1462/240/1 751/234/1 1463/238/1
f 1461/241/1 751/234/1 1462/240/1
f 1461/241/1 752/242/1 751/234/1
f 654/239/1 68/243/1 67/237/1
f 1460/244/1 752/242/1 1461/241/1
f 1459/245/1 752/242/1 1460/244/1
f 653/246/1 68/243/1 654/239/1
f 1458/247/1 752/242/1 1459/245/1
f 653/246/1 69/248/1 68/243/1
f 1458/247/1 753/249/1 752/242/1
f 1457/250/1 753/249/1 1458/247/1
f 1456/251/1 753/249/1 1457/250/1
f 652/252/1 69/248/1 653/246/1
f 652/252/1 1601/253/1 69/248/1
f 1601/253/1 70/254/1 69/248/1
f 1455/255/1 753/249/1 1456/251/1
f 1454/256/1 753/249/1 1455/255/1
f 652/252/1 1602/257/1 1601/253/1
f 1600/258/1 70/254/1 1601/253/1
f 1454/256/1 754/259/1 753/249/1
f 1599/260/1 70/254/1 1600/258/1
f 652/252/1 1603/261/1 1602/257/1
f 1453/262/1 754/259/1 1454/256/1
f 1599/260/1 71/263/1 70/254/1
f 651/264/1 1603/261/1 652/252/1
f 1598/265/1 71/263/1 1599/260/1
f 651/264/1 1604/266/1 1603/261/1
f 1452/267/1 754/259/1 1453/262/1
f 1597/268/1 71/263/1 1598/265/1
f 651/264/1 1605/269/1 1604/266/1
f 1596/270/1 71/263/1 1597/268/1
f 1451/271/1 754/259/1 1452/267/1
f 1596/270/1 72/272/1 71/263/1
f 1451/271/1 755/273/1 754/259/1
f 651/264/1 1606/274/1 1605/269/1
f 1595/275/1 72/272/1 1596/270/1
f 650/276/1 1606/274/1 651/264/1
f 1450/277/1 755/273/1 1451/271/1
f 650/276/1 1607/278/1 1606/274/1
f 1594/279/1 72/272/1 1595/275/1
f 1449/280/1 755/273/1 1450/277/1
f 1593/281/1 72/272/1 1594/279/1
f 1593/281/1 73/282/1 72/272/1
f 650/276/1 1608/283/1 1607/278/1
f 1592/284/1 73/282/1 1593/281/1
f 1448/285/1 755/273/1 1449/280/1
f 1448/285/1 756/286/1 755/273/1
f 650/276/1 1609/287/1 1608/283/1
f 649/288/1 1609/287/1 650/276/1
f 1591/289/1 73/282/1 1592/284/1
f 1591/289/1 74/290/1 73/282/1
f 1447/291/1 756/286/1 1448/285/1
f 649/288/1 1610/292/1 1609/287/1
f 1590/293/1 74/290/1 1591/289/1
f 1589/294/1 74/290/1 1590/293/1
f 649/288/1 1611/295/1 1610/292/1
f 1446/296/1 756/286/1 1447/291/1
f 1588/297/1 74/290/1 1589/294/1
f 1446/296/1 757/298/1 756/286/1
f 1588/297/1 75/299/1 74/290/1
f 648/300/1 1611/295/1 649/288/1
f 648/300/1 1612/301/1 1611/295/1
f 1445/302/1 757/298/1 1446/296/1
f 1587/303/1 75/299/1 1588/297/1
f 648/300/1 1613/304/1 1612/301/1
f 1444/305/1 757/298/1 1445/302/1
f 1586/306/1 75/299/1 1587/303/1
f 1586/306/1 76/307/1 75/299/1
f 1585/308/1 76/307/1 1586/306/1
f 648/300/1 1614/309/1 1613/304/1
f 1443/310/1 757/298/1 1444/305/1
f 647/311/1 1614/309/1 648/300/1
f 1443/310/1 758/312/1 757/298/1
f 1584/313/1 76/307/1 1585/308/1
f 647/311/1 1615/314/1 1614/309/1
f 1442/315/1 758/312/1 1443/310/1
f 1584/313/1 77/316/1 76/307/1
f 1583/317/1 77/316/1 1584/313/1
f 647/311/1 1616/318/1 1615/314/1
f 1582/319/1 77/316/1 1583/317/1
f 1441/320/1 758/312/1 1442/315/1
f 646/321/1 1616/318/1 647/311/1
f 1581/322/1 77/316/1 1582/319/1
f 1581/322/1 78/323/1 77/316/1
f 1441/320/1 759/324/1 758/312/1
f 646/321/1 1617/325/1 1616/318/1
f 1440/326/1 759/324/1 1441/320/1
f 1580/327/1 78/323/1 1581/322/1
f 646/321/1 1618/328/1 1617/325/1
f 1579/329/1 78/323/1 1580/327/1
f 1439/330/1 759/324/1 1440/326/1
f 1579/329/1 79/331/1 78/323/1
f 645/332/1 1618/328/1 646/321/1
f 1578/333/1 79/331/1 1579/329/1
f 645/332/1 1619/334/1 1618/328/1
f 1438/335/1 759/324/1 1439/330/1
f 1438/335/1 760/336/1 759/324/1
f 1577/337/1 79/331/1 1578/333/1
f 1577/337/1 80/338/1 79/331/1
f 645/332/1 1620/339/1 1619/334/1
f 1576/340/1 80/338/1 1577/337/1
f 1437/341/1 760/336/1 1438/335/1
f 1575/342/1 80/338/1 1576/340/1
f 644/343/1 1620/339/1 645/332/1
f 644/343/1 1621/344/1 1620/339/1
f 1575/342/1 81/345/1 80/338/1
f 1436/346/1 760/336/1 1437/341/1
f 1436/346/1 761/347/1 760/336/1
f 1574/348/1 81/345/1 1575/342/1
f 644/343/1 1622/349/1 1621/344/1
f 1435/350/1 761/347/1 1436/346/1
f 1573/351/1 81/345/1 1574/348/1
f 1573/351/1 82/352/1 81/345/1
f 643/353/1 1622/349/1 644/343/1
f 643/353/1 1623/354/1 1622/349/1
f 1572/355/1 82/352/1 1573/351/1
f 1434/356/1 761/347/1 1435/350/1
f 1571/357/1 82/352/1 1572/355/1
f 1434/356/1 762/358/1 761/347/1
f 1571/357/1 83/359/1 82/352/1
f 643/353/1 1624/360/1 1623/354/1
f 1433/361/1 762/358/1 1434/356/1
f 1570/362/1 83/359/1 1571/357/1
f 642/363/1 1624/360/1 643/353/1
f 642/363/1 1625/364/1 1624/360/1
f 1569/365/1 83/359/1 1570/362/1
f 1569/365/1 84/366/1 83/359/1
f 1432/367/1 762/358/1 1433/361/1
f 1568/368/1 84/366/1 1569/365/1
f 1432/367/1 763/369/1 762/358/1
f 642/363/1 1626/370/1 1625/364/1
f 1431/371/1 763/369/1 1432/367/1
f 1568/368/1 85/372/1 84/366/1
f 1567/373/1 85/372/1 1568/368/1
f 641/374/1 1626/370/1 642/363/1
f 641/374/1 1627/375/1 1626/370/1
f 1566/376/1 85/372/1 1567/373/1
f 1430/377/1 763/369/1 1431/371/1
f 1566/376/1 86/378/1 85/372/1
f 1565/379/1 86/378/1 1566/376/1
f 1430/377/1 764/380/1 763/369/1
f 641/374/1 1628/381/1 1627/375/1
f 1429/382/1 764/380/1 1430/377/1
f 1564/383/1 86/378/1 1565/379/1
f 640/384/1 1628/381/1 641/374/1
f 1564/383/1 87/385/1 86/378/1
f 640/384/1 1629/386/1 1628/381/1
f 1428/387/1 764/380/1 1429/382/1
f 1563/388/1 87/385/1 1564/383/1
f 1562/389/1 87/385/1 1563/388/1
f 1562/389/1 88/390/1 87/385/1
f 1428/387/1 765/391/1 764/380/1
f 1427/392/1 765/391/1 1428/387/1
f 640/384/1 1630/393/1 1629/386/1
f 639/394/1 1630/393/1 640/384/1
f 1561/395/1 88/390/1 1562/389/1
f 1561/395/1 89/396/1 88/390/1
f 1426/397/1 765/391/1 1427/392/1
f 639/394/1 1631/398/1 1630/393/1
f 1560/399/1 89/396/1 1561/395/1
f 638/400/1 1631/398/1 639/394/1
f 1559/401/1 89/396/1 1560/399/1
f 1426/397/1 766/402/1 765/391/1
f 1425/403/1 766/402/1 1426/397/1
f 638/400/1 1632/404/1 1631/398/1
f 1559/401/1 90/405/1 89/396/1
f 1558/406/1 90/405/1 1559/401/1
f 1424/407/1 766/402/1 1425/403/1
f 1557/408/1 90/405/1 1558/406/1
f 638/400/1 1633/409/1 1632/404/1
f 1557/408/1 91/410/1 90/405/1
f 637/411/1 1633/409/1 638/400/1
f 1556/412/1 91/410/1 1557/408/1
f 1424/407/1 767/413/1 766/402/1
f 1423/414/1 767/413/1 1424/407/1
f 637/411/1 1634/415/1 1633/409/1
f 1556/412/1 92/416/1 91/410/1
f 1555/417/1 92/416/1 1556/412/1
f 636/418/1 1634/415/1 637/411/1
f 1422/419/1 767/413/1 1423/414/1
f 1554/420/1 92/416/1 1555/417/1
f 636/418/1 1635/421/1 1634/415/1
f 1554/420/1 93/422/1 92/416/1
f 1553/423/1 93/422/1 1554/420/1
f 1422/419/1 768/424/1 767/413/1
f 1421/425/1 768/424/1 1422/419/1
f 635/426/1 1635/421/1 636/418/1
f 635/426/1 1636/427/1 1635/421/1
f 1553/423/1 94/428/1 93/422/1
f 1552/429/1 94/428/1 1553/423/1
f 1420/430/1 768/424/1 1421/425/1
f 1551/431/1 94/428/1 1552/429/1
f 635/426/1 1637/432/1 1636/427/1
f 1551/431/1 95/433/1 94/428/1
f 634/434/1 1637/432/1 635/426/1
f 1420/430/1 769/435/1 768/424/1
f 1550/436/1 95/433/1 1551/431/1
f 1419/437/1 769/435/1 1420/430/1
f 634/434/1 1638/438/1 1637/432/1
f 1550/436/1 96/439/1 95/433/1
f 1549/440/1 96/439/1 1550/436/1
f 1418/441/1 769/435/1 1419/437/1
f 633/442/1 1638/438/1 634/434/1
f 1548/443/1 96/439/1 1549/440/1
f 1548/443/1 97/444/1 96/439/1
f 633/442/1 1639/445/1 1638/438/1
f 1418/441/1 770/446/1 769/435/1
f 1417/447/1 770/446/1 1418/441/1
f 1547/448/1 97/444/1 1548/443/1
f 1547/448/1 98/449/1 97/444/1
f 633/442/1 1640/450/1 1639/445/1
f 632/451/1 1640/450/1 633/442/1
f 1546/452/1 98/449/1 1547/448/1
f 1416/453/1 770/446/1 1417/447/1
f 1545/454/1 98/449/1 1546/452/1
f 1545/454/1 99/455/1 98/449/1
f 632/451/1 1641/456/1 1640/450/1
f 1415/457/1 770/446/1 1416/453/1
f 1415/457/1 771/458/1 770/446/1
f 631/459/1 1641/456/1 632/451/1
f 1544/460/1 99/455/1 1545/454/1
f 1544/460/1 100/461/1 99/455/1
f 631/459/1 1642/462/1 1641/456/1
f 1543/463/1 100/461/1 1544/460/1
f 1414/464/1 771/458/1 1415/457/1
f 1543/463/1 101/465/1 100/461/1
f 630/466/1 1642/462/1 631/459/1
f 1542/467/1 101/465/1 1543/463/1
f 630/466/1 1643/468/1 1642/462/1
f 1413/469/1 771/458/1 1414/464/1
f 1541/470/1 101/465/1 1542/467/1
f 1413/469/1 772/471/1 771/458/1
f 1541/470/1 102/472/1 101/465/1
f 629/473/1 1643/468/1 630/466/1
f 1540/474/1 102/472/1 1541/470/1
f 629/473/1 1644/475/1 1643/468/1
f 1412/476/1 772/471/1 1413/469/1
f 1540/474/1 103/477/1 102/472/1
f 1539/478/1 103/477/1 1540/474/1
f 1411/479/1 772/471/1 1412/476/1
f 629/473/1 1645/480/1 1644/475/1
f 1539/478/1 104/481/1 103/477/1
f 628/482/1 1645/480/1 629/473/1
f 1538/483/1 104/481/1 1539/478/1
f 1411/479/1 773/484/1 772/471/1
f 1537/485/1 104/481/1 1538/483/1
f 1410/486/1 773/484/1 1411/479/1
f 1537/485/1 105/487/1 104/481/1
f 628/482/1 1646/488/1 1645/480/1
f 627/489/1 1646/488/1 628/482/1
f 2112/490/1 105/487/1 1537/485/1
f 2112/490/1 106/491/1 105/487/1
f 1409/492/1 773/484/1 1410/486/1
f 627/489/1 1647/493/1 1646/488/1
f 2111/494/1 106/491/1 2112/490/1
f 1409/492/1 774/495/1 773/484/1
f 2111/494/1 107/496/1 106/491/1
f 626/497/1 1647/493/1 627/489/1
f 1408/498/1 774/495/1 1409/492/1
f 2110/499/1 107/496/1 2111/494/1
f 626/497/1 1648/500/1 1647/493/1
f 2110/499/1 108/501/1 107/496/1
f 2109/502/1 108/501/1 2110/499/1
f 625/503/1 1648/500/1 626/497/1
f 1407/504/1 774/495/1 1408/498/1
f 625/503/1 1649/505/1 1648/500/1
f 2108/506/1 108/501/1 2109/502/1
f 2108/506/1 109/507/1 108/501/1
f 1407/504/1 775/508/1 774/495/1
f 2107/509/1 109/507/1 2108/506/1
f 625/503/1 1650/510/1 1649/505/1
f 2107/509/1 110/511/1 109/507/1
f 624/512/1 1650/510/1 625/503/1
f 1406/513/1 775/508/1 1407/504/1
f 2106/514/1 110/511/1 2107/509/1
f 2106/514/1 111/515/1 110/511/1
f 624/512/1 1651/516/1 1650/510/1
f 2105/517/1 111/515/1 2106/514/1
f 1406/513/1 776/518/1 775/508/1
f 623/519/1 1651/516/1 624/512/1
f 1405/520/1 776/518/1 1406/513/1
f 2105/517/1 112/521/1 111/515/1
f 2104/522/1 112/521/1 2105/517/1
f 623/519/1 1652/523/1 1651/516/1
f 2104/522/1 113/524/1 112/521/1
f 2103/525/1 113/524/1 2104/522/1
f 622/526/1 1652/523/1 623/519/1
f 1404/527/1 776/518/1 1405/520/1
f 1404/527/1 777/528/1 776/518/1
f 622/526/1 1653/529/1 1652/523/1
f 2102/530/1 113/524/1 2103/525/1
f 2102/530/1 114/531/1 113/524/1
f 621/532/1 1653/529/1 622/526/1
f 2101/533/1 114/531/1 2102/530/1
f 1403/534/1 777/528/1 1404/527/1
f 2101/533/1 115/535/1 114/531/1
f 621/532/1 1654/536/1 1653/529/1
f 2100/537/1 115/535/1 2101/533/1
f 2100/537/1 116/538/1 115/535/1
f 620/539/1 1654/536/1 621/532/1
f 1403/534/1 778/540/1 777/528/1
f 1402/541/1 778/540/1 1403/534/1
f 2099/542/1 116/538/1 2100/537/1
f 620/539/1 1655/543/1 1654/536/1
f 2099/542/1 117/544/1 116/538/1
f 2098/545/1 117/544/1 2099/542/1
f 619/546/1 1655/543/1 620/539/1
f 2098/545/1 118/547/1 117/544/1
f 619/546/1 1656/548/1 1655/543/1
f 1401/549/1 778/540/1 1402/541/1
f 2097/550/1 118/547/1 2098/545/1
f 1401/549/1 779/551/1 778/540/1
f 2097/550/1 119/552/1 118/547/1
f 2096/553/1 119/552/1 2097/550/1
f 618/554/1 1656/548/1 619/546/1
f 618/554/1 1657/555/1 1656/548/1
f 1400/556/1 779/551/1 1401/549/1
f 2096/553/1 120/557/1 119/552/1
f 2095/558/1 120/557/1 2096/553/1
f 618/554/1 1658/559/1 1657/555/1
f 2095/558/1 121/560/1 120/557/1
f 617/561/1 1658/559/1 618/554/1
f 2094/562/1 121/560/1 2095/558/1
f 1400/556/1 780/563/1 779/551/1
f 1399/564/1 780/563/1 1400/556/1
f 2094/562/1 122/565/1 121/560/1
f 2093/566/1 122/565/1 2094/562/1
f 617/561/1 1659/567/1 1658/559/1
f 616/568/1 1659/567/1 617/561/1
f 2093/566/1 123/569/1 122/565/1
f 2092/570/1 123/569/1 2093/566/1
f 1398/571/1 780/563/1 1399/564/1
f 616/568/1 1660/572/1 1659/567/1
f 2092/570/1 124/573/1 123/569/1
f 2091/574/1 124/573/1 2092/570/1
f 1398/571/1 781/575/1 780/563/1
f 615/576/1 1660/572/1 616/568/1
f 2090/577/1 124/573/1 2091/574/1
f 2090/577/1 125/578/1 124/573/1
f 1397/579/1 781/575/1 1398/571/1
f 615/576/1 1661/580/1 1660/572/1
f 2089/581/1 125/578/1 2090/577/1
f 614/582/1 1661/580/1 615/576/1
f 2089/581/1 126/583/1 125/578/1
f 1397/579/1 782/584/1 781/575/1
f 1396/585/1 782/584/1 1397/579/1
f 614/582/1 1662/586/1 1661/580/1
f 2088/587/1 126/583/1 2089/581/1
f 2088/587/1 127/588/1 126/583/1
f 613/589/1 1662/586/1 614/582/1
f 2087/590/1 127/588/1 2088/587/1
f 2087/590/1 128/591/1 127/588/1
f 613/589/1 1663/592/1 1662/586/1
f 1395/593/1 782/584/1 1396/585/1
f 2086/594/1 128/591/1 2087/590/1
f 2086/594/1 129/595/1 128/591/1
f 1395/593/1 783/596/1 782/584/1
f 612/597/1 1663/592/1 613/589/1
f 2085/598/1 129/595/1 2086/594/1
f 612/597/1 1664/599/1 1663/592/1
f 2085/598/1 130/600/1 129/595/1
f 1394/601/1 783/596/1 1395/593/1
f 2084/602/1 130/600/1 2085/598/1
f 611/603/1 1664/599/1 612/597/1
f 2084/602/1 131/604/1 130/600/1
f 611/603/1 1665/605/1 1664/599/1
f 1394/601/1 784/606/1 783/596/1
f 2083/607/1 131/604/1 2084/602/1
f 2083/607/1 132/608/1 131/604/1
f 1393/609/1 784/606/1 1394/601/1
f 610/610/1 1665/605/1 611/603/1
f 2083/607/1 133/611/1 132/608/1
f 2082/612/1 133/611/1 2083/607/1
f 610/610/1 1666/613/1 1665/605/1
f 2082/612/1 134/614/1 133/611/1
f 2081/615/1 134/614/1 2082/612/1
f 1392/616/1 784/606/1 1393/609/1
f 610/610/1 1667/617/1 1666/613/1
f 609/618/1 1667/617/1 610/610/1
f 1392/616/1 785/619/1 784/606/1
f 2081/615/1 135/620/1 134/614/1
f 2080/621/1 135/620/1 2081/615/1
f 609/618/1 1668/622/1 1667/617/1
f 2080/621/1 136/623/1 135/620/1
f 2079/624/1 136/623/1 2080/621/1
f 608/625/1 1668/622/1 609/618/1
f 1391/626/1 785/619/1 1392/616/1
f 608/625/1 1669/627/1 1668/622/1
f 2079/624/1 137/628/1 136/623/1
f 2078/629/1 137/628/1 2079/624/1
f 1391/626/1 786/630/1 785/619/1
f 607/631/1 1669/627/1 608/625/1
f 2078/629/1 138/632/1 137/628/1
f 607/631/1 1670/633/1 1669/627/1
f 1390/634/1 786/630/1 1391/626/1
f 2077/635/1 138/632/1 2078/629/1
f 2077/635/1 139/636/1 138/632/1
f 2076/637/1 139/636/1 2077/635/1
f 607/631/1 1671/638/1 1670/633/1
f 606/639/1 1671/638/1 607/631/1
f 2076/637/1 140/640/1 139/636/1
f 1390/634/1 787/641/1 786/630/1
f 1389/642/1 787/641/1 1390/634/1
f 2075/643/1 140/640/1 2076/637/1
f 606/639/1 1672/644/1 1671/638/1
f 2075/643/1 141/645/1 140/640/1
f 605/646/1 1672/644/1 606/639/1
f 2074/647/1 141/645/1 2075/643/1
f 605/646/1 1673/648/1 1672/644/1
f 1388/649/1 787/641/1 1389/642/1
f 2074/647/1 142/650/1 141/645/1
f 2073/651/1 142/650/1 2074/647/1
f 1388/649/1 788/652/1 787/641/1
f 604/653/1 1673/648/1 605/646/1
f 2073/651/1 143/654/1 142/650/1
f 604/653/1 1674/655/1 1673/648/1
f 2072/656/1 143/654/1 2073/651/1
f 1387/657/1 788/652/1 1388/649/1
f 2072/656/1 144/658/1 143/654/1
f 604/653/1 1675/659/1 1674/655/1
f 2071/660/1 144/658/1 2072/656/1
f 603/661/1 1675/659/1 604/653/1
f 2071/660/1 145/662/1 144/658/1
f 1387/657/1 789/663/1 788/652/1
f 603/661/1 1676/664/1 1675/659/1
f 2070/665/1 145/662/1 2071/660/1
f 1386/666/1 789/663/1 1387/657/1
f 2070/665/1 146/667/1 145/662/1
f 602/668/1 1676/664/1 603/661/1
f 2069/669/1 146/667/1 2070/665/1
f 602/668/1 1677/670/1 1676/664/1
f 2069/669/1 147/671/1 146/667/1
f 2068/672/1 147/671/1 2069/669/1
f 1385/673/1 789/663/1 1386/666/1
f 1385/673/1 790/674/1 789/663/1
f 601/675/1 1677/670/1 602/668/1
f 601/675/1 1678/676/1 1677/670/1
f 2068/672/1 148/677/1 147/671/1
f 2067/678/1 148/677/1 2068/672/1
f 601/675/1 1679/679/1 1678/676/1
f 2067/678/1 149/680/1 148/677/1
f 600/681/1 1679/679/1 601/675/1
f 1384/682/1 790/674/1 1385/673/1
f 2066/683/1 149/680/1 2067/678/1
f 2066/683/1 150/684/1 149/680/1
f 600/681/1 1680/685/1 1679/679/1
f 1384/682/1 791/686/1 790/674/1
f 2065/687/1 150/684/1 2066/683/1
f 599/688/1 1680/685/1 600/681/1
f 2065/687/1 151/689/1 150/684/1
f 1383/690/1 791/686/1 1384/682/1
f 599/688/1 1681/691/1 1680/685/1
f 2064/692/1 151/689/1 2065/687/1
f 2064/692/1 152/693/1 151/689/1
f 599/688/1 1682/694/1 1681/691/1
f 598/695/1 1682/694/1 599/688/1
f 2063/696/1 152/693/1 2064/692/1
f 1383/690/1 792/697/1 791/686/1
f 1382/698/1 792/697/1 1383/690/1
f 2063/696/1 153/699/1 152/693/1
f 2062/700/1 153/699/1 2063/696/1
f 598/695/1 1683/701/1 1682/694/1
f 597/702/1 1683/701/1 598/695/1
f 2062/700/1 154/703/1 153/699/1
f 2061/704/1 154/703/1 2062/700/1
f 597/702/1 1684/705/1 1683/701/1
f 1381/706/1 792/697/1 1382/698/1
f 1381/706/1 793/707/1 792/697/1
f 2061/704/1 155/708/1 154/703/1
f 2060/709/1 155/708/1 2061/704/1
f 596/710/1 1684/705/1 597/702/1
f 596/710/1 1685/711/1 1684/705/1
f 2060/709/1 156/712/1 155/708/1
f 2059/713/1 156/712/1 2060/709/1
f 1380/714/1 793/707/1 1381/706/1
f 596/710/1 1686/715/1 1685/711/1
f 595/716/1 1686/715/1 596/710/1
f 2059/713/1 157/717/1 156/712/1
f 2058/718/1 157/717/1 2059/713/1
f 1380/714/1 794/719/1 793/707/1
f 2058/718/1 158/720/1 157/717/1
f 595/716/1 1687/721/1 1686/715/1
f 2057/722/1 158/720/1 2058/718/1
f 1379/723/1 794/719/1 1380/714/1
f 594/724/1 1687/721/1 595/716/1
f 2057/722/1 159/725/1 158/720/1
f 594/724/1 1688/726/1 1687/721/1
f 2056/727/1 159/725/1 2057/722/1
f 1379/723/1 795/728/1 794/719/1
f 593/729/1 1688/726/1 594/724/1
f 2056/727/1 160/730/1 159/725/1
f 1378/731/1 795/728/1 1379/723/1
f 2055/732/1 160/730/1 2056/727/1
f 593/729/1 1689/733/1 1688/726/1
f 2055/732/1 161/734/1 160/730/1
f 2054/735/1 161/734/1 2055/732/1
f 592/736/1 1689/733/1 593/729/1
f 592/736/1 1690/737/1 1689/733/1
f 1377/738/1 795/728/1 1378/731/1
f 1377/738/1 796/739/1 795/728/1
f 2054/735/1 162/740/1 161/734/1
f 2053/741/1 162/740/1 2054/735/1
f 592/736/1 1691/742/1 1690/737/1
f 591/743/1 1691/742/1 592/736/1
f 2053/741/1 163/744/1 162/740/1
f 2052/745/1 163/744/1 2053/741/1
f 1376/746/1 796/739/1 1377/738/1
f 591/743/1 1692/747/1 1691/742/1
f 2051/748/1 163/744/1 2052/745/1
f 2051/748/1 164/749/1 163/744/1
f 1376/746/1 797/750/1 796/739/1
f 590/751/1 1692/747/1 591/743/1
f 590/751/1 1693/752/1 1692/747/1
f 2050/753/1 164/749/1 2051/748/1
f 2050/753/1 165/754/1 164/749/1
f 1375/755/1 797/750/1 1376/746/1
f 589/756/1 1693/752/1 590/751/1
f 589/756/1 1694/757/1 1693/752/1
f 2049/758/1 165/754/1 2050/753/1
f 2049/758/1 166/759/1 165/754/1
f 1375/755/1 798/760/1 797/750/1
f 2048/761/1 166/759/1 2049/758/1
f 589/756/1 1695/762/1 1694/757/1
f 2048/761/1 167/763/1 166/759/1
f 1374/764/1 798/760/1 1375/755/1
f 588/765/1 1695/762/1 589/756/1
f 2048/761/1 168/766/1 167/763/1
f 588/765/1 1696/767/1 1695/762/1
f 587/768/1 1696/767/1 588/765/1
f 1374/764/1 799/769/1 798/760/1
f 1373/770/1 799/769/1 1374/764/1
f 2048/761/1 169/771/1 168/766/1
f 2047/772/1 169/771/1 2048/761/1
f 587/768/1 1697/773/1 1696/767/1
f 2047/772/1 170/774/1 169/771/1
f 586/775/1 1697/773/1 587/768/1
f 586/775/1 1698/776/1 1697/773/1
f 1372/777/1 799/769/1 1373/770/1
f 1372/777/1 800/778/1 799/769/1
f 2047/772/1 171/779/1 170/774/1
f 2046/780/1 171/779/1 2047/772/1
f 586/775/1 1699/781/1 1698/776/1
f 585/782/1 1699/781/1 586/775/1
f 2046/780/1 172/783/1 171/779/1
f 1371/784/1 800/778/1 1372/777/1
f 585/782/1 1700/785/1 1699/781/1
f 584/786/1 1700/785/1 585/782/1
f 2046/780/1 173/787/1 172/783/1
f 1371/784/1 801/788/1 800/778/1
f 2045/789/1 173/787/1 2046/780/1
f 584/786/1 1701/790/1 1700/785/1
f 1370/791/1 801/788/1 1371/784/1
f 2045/789/1 174/792/1 173/787/1
f 583/793/1 1701/790/1 584/786/1
f 583/793/1 1702/794/1 1701/790/1
f 2045/789/1 175/795/1 174/792/1
f 1370/791/1 802/796/1 801/788/1
f 2044/797/1 175/795/1 2045/789/1
f 583/793/1 1703/798/1 1702/794/1
f 582/799/1 1703/798/1 583/793/1
f 1369/800/1 802/796/1 1370/791/1
f 2044/797/1 176/801/1 175/795/1
f 582/799/1 1704/802/1 1703/798/1
f 581/803/1 1704/802/1 582/799/1
f 2044/797/1 177/804/1 176/801/1
f 1369/800/1 803/805/1 802/796/1
f 1368/806/1 803/805/1 1369/800/1
f 2043/807/1 177/804/1 2044/797/1
f 581/803/1 1705/808/1 1704/802/1
f 2043/807/1 178/809/1 177/804/1
f 580/810/1 1705/808/1 581/803/1
f 580/810/1 1706/811/1 1705/808/1
f 2043/807/1 179/812/1 178/809/1
f 1367/813/1 803/805/1 1368/806/1
f 1367/813/1 804/814/1 803/805/1
f 2042/815/1 179/812/1 2043/807/1
f 579/816/1 1706/811/1 580/810/1
f 579/816/1 1707/817/1 1706/811/1
f 2042/815/1 180/818/1 179/812/1
f 1366/819/1 804/814/1 1367/813/1
f 579/816/1 1708/820/1 1707/817/1
f 2042/815/1 181/821/1 180/818/1
f 578/822/1 1708/820/1 579/816/1
f 2041/823/1 181/821/1 2042/815/1
f 1366/819/1 805/824/1 804/814/1
f 578/822/1 1709/825/1 1708/820/1
f 2041/823/1 182/826/1 181/821/1
f 577/827/1 1709/825/1 578/822/1
f 1365/828/1 805/824/1 1366/819/1
f 577/827/1 1710/829/1 1709/825/1
f 2041/823/1 183/830/1 182/826/1
f 2040/831/1 183/830/1 2041/823/1
f 1365/828/1 806/832/1 805/824/1
f 576/833/1 1710/829/1 577/827/1
f 2040/831/1 184/834/1 183/830/1
f 576/833/1 1711/835/1 1710/829/1
f 1364/836/1 806/832/1 1365/828/1
f 575/837/1 1711/835/1 576/833/1
f 2040/831/1 185/838/1 184/834/1
f 575/837/1 1712/839/1 1711/835/1
f 2039/840/1 185/838/1 2040/831/1
f 1364/836/1 807/841/1 806/832/1
f 1363/842/1 807/841/1 1364/836/1
f 2039/840/1 186/843/1 185/838/1
f 574/844/1 1712/839/1 575/837/1
f 574/844/1 1713/845/1 1712/839/1
f 2039/840/1 187/846/1 186/843/1
f 573/847/1 1713/845/1 574/844/1
f 573/847/1 1714/848/1 1713/845/1
f 2038/849/1 187/846/1 2039/840/1
f 1362/850/1 807/841/1 1363/842/1
f 1362/850/1 808/851/1 807/841/1
f 2038/849/1 188/852/1 187/846/1
f 573/847/1 1715/853/1 1714/848/1
f 572/854/1 1715/853/1 573/847/1
f 2038/849/1 189/855/1 188/852/1
f 2037/856/1 189/855/1 2038/849/1
f 1361/857/1 808/851/1 1362/850/1
f 572/854/1 1716/858/1 1715/853/1
f 571/859/1 1716/858/1 572/854/1
f 1361/857/1 809/860/1 808/851/1
f 2037/856/1 190/861/1 189/855/1
f 571/859/1 1717/862/1 1716/858/1
f 570/863/1 1717/862/1 571/859/1
f 1360/864/1 809/860/1 1361/857/1
f 2036/865/1 190/861/1 2037/856/1
f 2036/865/1 191/866/1 190/861/1
f 570/863/1 1718/867/1 1717/862/1
f 569/868/1 1718/867/1 570/863/1
f 1360/864/1 810/869/1 809/860/1
f 2036/865/1 192/870/1 191/866/1
f 569/868/1 1719/871/1 1718/867/1
f 1359/872/1 810/869/1 1360/864/1
f 568/873/1 1719/871/1 569/868/1
f 2035/874/1 192/870/1 2036/865/1
f 2035/874/1 193/875/1 192/870/1
f 568/873/1 1720/876/1 1719/871/1
f 567/877/1 1720/876/1 568/873/1
f 1359/872/1 811/878/1 810/869/1
f 2035/874/1 194/879/1 193/875/1
f 1358/880/1 811/878/1 1359/872/1
f 567/877/1 1721/881/1 1720/876/1
f 2034/882/1 194/879/1 2035/874/1
f 566/883/1 1721/881/1 567/877/1
f 2034/882/1 195/884/1 194/879/1
f 566/883/1 1722/885/1 1721/881/1
f 1357/886/1 811/878/1 1358/880/1
f 1357/886/1 812/887/1 811/878/1
f 565/888/1 1722/885/1 566/883/1
f 2034/882/1 196/889/1 195/884/1
f 2033/890/1 196/889/1 2034/882/1
f 565/888/1 1723/891/1 1722/885/1
f 564/892/1 1723/891/1 565/888/1
f 2033/890/1 197/893/1 196/889/1
f 1356/894/1 812/887/1 1357/886/1
f 564/892/1 1724/895/1 1723/891/1
f 1356/894/1 813/896/1 812/887/1
f 563/897/1 1724/895/1 564/892/1
f 2032/898/1 197/893/1 2033/890/1
f 2032/898/1 198/899/1 197/893/1
f 563/897/1 1725/900/1 1724/895/1
f 562/901/1 1725/900/1 563/897/1
f 1355/902/1 813/896/1 1356/894/1
f 2032/898/1 199/903/1 198/899/1
f 562/901/1 1726/904/1 1725/900/1
f 1355/902/1 814/905/1 813/896/1
f 2031/906/1 199/903/1 2032/898/1
f 561/907/1 1726/904/1 562/901/1
f 2031/906/1 200/908/1 199/903/1
f 561/907/1 1727/909/1 1726/904/1
f 1354/910/1 814/905/1 1355/902/1
f 560/911/1 1727/909/1 561/907/1
f 560/911/1 1728/912/1 1727/909/1
f 2031/906/1 201/913/1 200/908/1
f 2030/914/1 201/913/1 2031/906/1
f 1354/910/1 815/915/1 814/905/1
f 559/916/1 1728/912/1 560/911/1
f 1353/917/1 815/915/1 1354/910/1
f 559/916/1 1729/918/1 1728/912/1
f 2030/914/1 202/919/1 201/913/1
f 558/920/1 1729/918/1 559/916/1
f 2029/921/1 202/919/1 2030/914/1
f 558/920/1 1730/922/1 1729/918/1
f 2029/921/1 203/923/1 202/919/1
f 1353/917/1 816/924/1 815/915/1
f 1352/925/1 816/924/1 1353/917/1
f 558/920/1 1731/926/1 1730/922/1
f 557/927/1 1731/926/1 558/920/1
f 2029/921/1 204/928/1 203/923/1
f 557/927/1 1732/929/1 1731/926/1
f 2028/930/1 204/928/1 2029/921/1
f 556/931/1 1732/929/1 557/927/1
f 556/931/1 1733/932/1 1732/929/1
f 1352/925/1 817/933/1 816/924/1
f 1351/934/1 817/933/1 1352/925/1
f 2028/930/1 205/935/1 204/928/1
f 556/931/1 1734/936/1 1733/932/1
f 555/937/1 1734/936/1 556/931/1
f 555/937/1 1735/938/1 1734/936/1
f 2027/939/1 205/935/1 2028/930/1
f 2027/939/1 206/940/1 205/935/1
f 555/937/1 1736/941/1 1735/938/1
f 554/942/1 1736/941/1 555/937/1
f 1350/943/1 817/933/1 1351/934/1
f 1350/943/1 818/944/1 817/933/1
f 554/942/1 1737/945/1 1736/941/1
f 2027/939/1 207/946/1 206/940/1
f 553/947/1 1737/945/1 554/942/1
f 553/947/1 1738/948/1 1737/945/1
f 2026/949/1 207/946/1 2027/939/1
f 2026/949/1 208/950/1 207/946/1
f 553/947/1 1739/951/1 1738/948/1
f 1349/952/1 818/944/1 1350/943/1
f 552/953/1 1739/951/1 553/947/1
f 552/953/1 1740/954/1 1739/951/1
f 1349/952/1 819/955/1 818/944/1
f 2026/949/1 209/956/1 208/950/1
f 2025/957/1 209/956/1 2026/949/1
f 552/953/1 1741/958/1 1740/954/1
f 551/959/1 1741/958/1 552/953/1
f 1348/960/1 819/955/1 1349/952/1
f 551/959/1 1742/961/1 1741/958/1
f 2025/957/1 210/962/1 209/956/1
f 551/959/1 1743/963/1 1742/961/1
f 550/964/1 1743/963/1 551/959/1
f 1348/960/1 820/965/1 819/955/1
f 2024/966/1 210/962/1 2025/957/1
f 2024/966/1 211/967/1 210/962/1
f 550/964/1 1744/968/1 1743/963/1
f 1347/969/1 820/965/1 1348/960/1
f 549/970/1 1744/968/1 550/964/1
f 549/970/1 1745/971/1 1744/968/1
f 2024/966/1 212/972/1 211/967/1
f 549/970/1 1746/973/1 1745/971/1
f 2023/974/1 212/972/1 2024/966/1
f 548/975/1 1746/973/1 549/970/1
f 1347/969/1 821/976/1 820/965/1
f 548/975/1 1747/977/1 1746/973/1
f 2023/974/1 213/978/1 212/972/1
f 1346/979/1 821/976/1 1347/969/1
f 548/975/1 1748/980/1 1747/977/1
f 547/981/1 1748/980/1 548/975/1
f 2023/974/1 214/982/1 213/978/1
f 547/981/1 1749/983/1 1748/980/1
f 2022/984/1 214/982/1 2023/974/1
f 546/985/1 1749/983/1 547/981/1
f 1346/979/1 822/986/1 821/976/1
f 546/985/1 1750/987/1 1749/983/1
f 1345/988/1 822/986/1 1346/979/1
f 2022/984/1 215/989/1 214/982/1
f 546/985/1 1751/990/1 1750/987/1
f 545/991/1 1751/990/1 546/985/1
f 2021/992/1 215/989/1 2022/984/1
f 2021/992/1 216/993/1 215/989/1
f 545/991/1 1752/994/1 1751/990/1
f 1344/995/1 822/986/1 1345/988/1
f 545/991/1 1753/996/1 1752/994/1
f 544/997/1 1753/996/1 545/991/1
f 1344/995/1 823/998/1 822/986/1
f 2021/992/1 217/999/1 216/993/1
f 544/997/1 1754/1000/1 1753/996/1
f 2020/1001/1 217/999/1 2021/992/1
f 1343/1002/1 823/998/1 1344/995/1
f 543/1003/1 1754/1000/1 544/997/1
f 543/1003/1 1755/1004/1 1754/1000/1
f 2020/1001/1 218/1005/1 217/999/1
f 543/1003/1 1756/1006/1 1755/1004/1
f 1342/1007/1 823/998/1 1343/1002/1
f 542/1008/1 1756/1006/1 543/1003/1
f 1342/1007/1 824/1009/1 823/998/1
f 2020/1001/1 219/1010/1 218/1005/1
f 542/1008/1 1757/1011/1 1756/1006/1
f 2019/1012/1 219/1010/1 2020/1001/1
f 1341/1013/1 824/1009/1 1342/1007/1
f 541/1014/1 1757/1011/1 542/1008/1
f 541/1014/1 1758/1015/1 1757/1011/1
f 2019/1012/1 220/1016/1 219/1010/1
f 541/1014/1 1759/1017/1 1758/1015/1
f 1340/1018/1 824/1009/1 1341/1013/1
f 1340/1018/1 825/1019/1 824/1009/1
f 540/1020/1 1759/1017/1 541/1014/1
f 2018/1021/1 220/1016/1 2019/1012/1
f 2018/1021/1 221/1022/1 220/1016/1
f 540/1020/1 1760/1023/1 1759/1017/1
f 1339/1024/1 825/1019/1 1340/1018/1
f 540/1020/1 1761/1025/1 1760/1023/1
f 539/1026/1 1761/1025/1 540/1020/1
f 2018/1021/1 222/1027/1 221/1022/1
f 539/1026/1 1762/1028/1 1761/1025/1
f 1338/1029/1 825/1019/1 1339/1024/1
f 2017/1030/1 222/1027/1 2018/1021/1
f 1338/1029/1 826/1031/1 825/1019/1
f 2017/1030/1 223/1032/1 222/1027/1
f 538/1033/1 1762/1028/1 539/1026/1
f 538/1033/1 1763/1034/1 1762/1028/1
f 1337/1035/1 826/1031/1 1338/1029/1
f 538/1033/1 1764/1036/1 1763/1034/1
f 2017/1030/1 224/1037/1 223/1032/1
f 537/1038/1 1764/1036/1 538/1033/1
f 2016/1039/1 224/1037/1 2017/1030/1
f 537/1038/1 1765/1040/1 1764/1036/1
f 1336/1041/1 826/1031/1 1337/1035/1
f 2016/1039/1 225/1042/1 224/1037/1
f 1336/1041/1 827/1043/1 826/1031/1
f 537/1038/1 1766/1044/1 1765/1040/1
f 536/1045/1 1766/1044/1 537/1038/1
f 1335/1046/1 827/1043/1 1336/1041/1
f 536/1045/1 1767/1047/1 1766/1044/1
f 2016/1039/1 226/1048/1 225/1042/1
f 2015/1049/1 226/1048/1 2016/1039/1
f 535/1050/1 1767/1047/1 536/1045/1
f 1334/1051/1 827/1043/1 1335/1046/1
f 535/1050/1 1768/1052/1 1767/1047/1
f 2015/1049/1 227/1053/1 226/1048/1
f 535/1050/1 1769/1054/1 1768/1052/1
f 1334/1051/1 828/1055/1 827/1043/1
f 534/1056/1 1769/1054/1 535/1050/1
f 1333/1057/1 828/1055/1 1334/1051/1
f 2014/1058/1 227/1053/1 2015/1049/1
f 534/1056/1 1770/1059/1 1769/1054/1
f 2014/1058/1 228/1060/1 227/1053/1
f 1332/1061/1 828/1055/1 1333/1057/1
f 533/1062/1 1770/1059/1 534/1056/1
f 533/1062/1 1771/1063/1 1770/1059/1
f 2014/1058/1 229/1064/1 228/1060/1
f 533/1062/1 1772/1065/1 1771/1063/1
f 1331/1066/1 828/1055/1 1332/1061/1
f 1331/1066/1 829/1067/1 828/1055/1
f 2013/1068/1 229/1064/1 2014/1058/1
f 532/1069/1 1772/1065/1 533/1062/1
f 532/1069/1 1773/1070/1 1772/1065/1
f 2013/1068/1 230/1071/1 229/1064/1
f 1330/1072/1 829/1067/1 1331/1066/1
f 532/1069/1 1774/1073/1 1773/1070/1
f 531/1074/1 1774/1073/1 532/1069/1
f 2013/1068/1 231/1075/1 230/1071/1
f 2012/1076/1 231/1075/1 2013/1068/1
f 1329/1077/1 829/1067/1 1330/1072/1
f 531/1074/1 1775/1078/1 1774/1073/1
f 1329/1077/1 830/1079/1 829/1067/1
f 530/1080/1 1775/1078/1 531/1074/1
f 530/1080/1 1776/1081/1 1775/1078/1
f 2012/1076/1 232/1082/1 231/1075/1
f 1328/1083/1 830/1079/1 1329/1077/1
f 530/1080/1 1777/1084/1 1776/1081/1
f 529/1085/1 1777/1084/1 530/1080/1
f 2011/1086/1 232/1082/1 2012/1076/1
f 2011/1086/1 233/1087/1 232/1082/1
f 1327/1088/1 830/1079/1 1328/1083/1
f 529/1085/1 1778/1089/1 1777/1084/1
f 1327/1088/1 831/1090/1 830/1079/1
f 528/1091/1 1778/1089/1 529/1085/1
f 2011/1086/1 234/1092/1 233/1087/1
f 1326/1093/1 831/1090/1 1327/1088/1
f 528/1091/1 1779/1094/1 1778/1089/1
f 2010/1095/1 234/1092/1 2011/1086/1
f 528/1091/1 1780/1096/1 1779/1094/1
f 527/1097/1 1780/1096/1 528/1091/1
f 1325/1098/1 831/1090/1 1326/1093/1
f 2010/1095/1 235/1099/1 234/1092/1
f 527/1097/1 1781/1100/1 1780/1096/1
f 1324/1101/1 831/1090/1 1325/1098/1
f 1324/1101/1 832/1102/1 831/1090/1
f 2010/1095/1 236/1103/1 235/1099/1
f 526/1104/1 1781/1100/1 527/1097/1
f 526/1104/1 1782/1105/1 1781/1100/1
f 2009/1106/1 236/1103/1 2010/1095/1
f 1323/1107/1 832/1102/1 1324/1101/1
f 526/1104/1 1783/1108/1 1782/1105/1
f 2009/1106/1 237/1109/1 236/1103/1
f 525/1110/1 1783/1108/1 526/1104/1
f 525/1110/1 1784/1111/1 1783/1108/1
f 1322/1112/1 832/1102/1 1323/1107/1
f 2009/1106/1 238/1113/1 237/1109/1
f 2008/1114/1 238/1113/1 2009/1106/1
f 1322/1112/1 833/1115/1 832/1102/1
f 524/1116/1 1784/1111/1 525/1110/1
f 524/1116/1 1785/1117/1 1784/1111/1
f 1321/1118/1 833/1115/1 1322/1112/1
f 2008/1114/1 239/1119/1 238/1113/1
f 524/1116/1 1786/1120/1 1785/1117/1
f 523/1121/1 1786/1120/1 524/1116/1
f 1320/1122/1 833/1115/1 1321/1118/1
f 523/1121/1 1787/1123/1 1786/1120/1
f 2007/1124/1 239/1119/1 2008/1114/1
f 2007/1124/1 240/1125/1 239/1119/1
f 1320/1122/1 834/1126/1 833/1115/1
f 523/1121/1 1788/1127/1 1787/1123/1
f 522/1128/1 1788/1127/1 523/1121/1
f 1319/1129/1 834/1126/1 1320/1122/1
f 2007/1124/1 241/1130/1 240/1125/1
f 522/1128/1 1789/1131/1 1788/1127/1
f 1318/1132/1 834/1126/1 1319/1129/1
f 2006/1133/1 241/1130/1 2007/1124/1
f 521/1134/1 1789/1131/1 522/1128/1
f 521/1134/1 1790/1135/1 1789/1131/1
f 2006/1133/1 242/1136/1 241/1130/1
f 1318/1132/1 835/1137/1 834/1126/1
f 1317/1138/1 835/1137/1 1318/1132/1
f 521/1134/1 1791/1139/1 1790/1135/1
f 520/1140/1 1791/1139/1 521/1134/1
f 2006/1133/1 243/1141/1 242/1136/1
f 1316/1142/1 835/1137/1 1317/1138/1
f 2005/1143/1 243/1141/1 2006/1133/1
f 520/1140/1 1792/1144/1 1791/1139/1
f 519/1145/1 1792/1144/1 520/1140/1
f 1316/1142/1 836/1146/1 835/1137/1
f 2005/1143/1 244/1147/1 243/1141/1
f 1315/1148/1 836/1146/1 1316/1142/1
f 519/1145/1 1793/1149/1 1792/1144/1
f 519/1145/1 1794/1150/1 1793/1149/1
f 518/1151/1 1794/1150/1 519/1145/1
f 2005/1143/1 245/1152/1 244/1147/1
f 1314/1153/1 836/1146/1 1315/1148/1
f 2004/1154/1 245/1152/1 2005/1143/1
f 1314/1153/1 837/1155/1 836/1146/1
f 518/1151/1 1795/1156/1 1794/1150/1
f 1313/1157/1 837/1155/1 1314/1153/1
f 2004/1154/1 246/1158/1 245/1152/1
f 517/1159/1 1795/1156/1 518/1151/1
f 1312/1160/1 837/1155/1 1313/1157/1
f 2003/1161/1 246/1158/1 2004/1154/1
f 517/1159/1 1796/1162/1 1795/1156/1
f 2003/1161/1 247/1163/1 246/1158/1
f 516/1164/1 1796/1162/1 517/1159/1
f 1312/1160/1 838/1165/1 837/1155/1
f 1311/1166/1 838/1165/1 1312/1160/1
f 516/1164/1 1797/1167/1 1796/1162/1
f 2003/1161/1 248/1168/1 247/1163/1
f 515/1169/1 1797/1167/1 516/1164/1
f 1310/1170/1 838/1165/1 1311/1166/1
f 2002/1171/1 248/1168/1 2003/1161/1
f 515/1169/1 1798/1172/1 1797/1167/1
f 2002/1171/1 249/1173/1 248/1168/1
f 1310/1170/1 839/1174/1 838/1165/1
f 1309/1175/1 839/1174/1 1310/1170/1
f 514/1176/1 1798/1172/1 515/1169/1
f 514/1176/1 1799/1177/1 1798/1172/1
f 2002/1171/1 250/1178/1 249/1173/1
f 1308/1179/1 839/1174/1 1309/1175/1
f 2001/1180/1 250/1178/1 2002/1171/1
f 514/1176/1 1800/1181/1 1799/1177/1
f 513/1182/1 1800/1181/1 514/1176/1
f 1308/1179/1 840/1183/1 839/1174/1
f 2001/1180/1 251/1184/1 250/1178/1
f 1307/1185/1 840/1183/1 1308/1179/1
f 513/1182/1 1801/1186/1 1800/1181/1
f 512/1187/1 1801/1186/1 513/1182/1
f 2001/1180/1 252/1188/1 251/1184/1
f 1306/1189/1 840/1183/1 1307/1185/1
f 2000/1190/1 252/1188/1 2001/1180/1
f 512/1187/1 1802/1191/1 1801/1186/1
f 1306/1189/1 841/1192/1 840/1183/1
f 1305/1193/1 841/1192/1 1306/1189/1
f 2000/1190/1 253/1194/1 252/1188/1
f 512/1187/1 1803/1195/1 1802/1191/1
f 511/1196/1 1803/1195/1 512/1187/1
f 1304/1197/1 841/1192/1 1305/1193/1
f 1999/1198/1 253/1194/1 2000/1190/1
f 1999/1198/1 254/1199/1 253/1194/1
f 511/1196/1 1804/1200/1 1803/1195/1
f 1304/1197/1 842/1201/1 841/1192/1
f 1303/1202/1 842/1201/1 1304/1197/1
f 1999/1198/1 255/1203/1 254/1199/1
f 511/1196/1 1805/1204/1 1804/1200/1
f 510/1205/1 1805/1204/1 511/1196/1
f 1302/1206/1 842/1201/1 1303/1202/1
f 1998/1207/1 255/1203/1 1999/1198/1
f 1998/1207/1 256/1208/1 255/1203/1
f 1302/1206/1 843/1209/1 842/1201/1
f 510/1205/1 1806/1210/1 1805/1204/1
f 1301/1211/1 843/1209/1 1302/1206/1
f 1998/1207/1 257/1212/1 256/1208/1
f 510/1205/1 1807/1213/1 1806/1210/1
f 509/1214/1 1807/1213/1 510/1205/1
f 1300/1215/1 843/1209/1 1301/1211/1
f 1997/1216/1 257/1212/1 1998/1207/1
f 1300/1215/1 844/1217/1 843/1209/1
f 509/1214/1 1808/1218/1 1807/1213/1
f 1997/1216/1 258/1219/1 257/1212/1
f 1299/1220/1 844/1217/1 1300/1215/1
f 508/1221/1 1808/1218/1 509/1214/1
f 508/1221/1 1809/1222/1 1808/1218/1
f 1298/1223/1 844/1217/1 1299/1220/1
f 1996/1224/1 258/1219/1 1997/1216/1
f 1298/1223/1 845/1225/1 844/1217/1
f 1996/1224/1 259/1226/1 258/1219/1
f 508/1221/1 1810/1227/1 1809/1222/1
f 1297/1228/1 845/1225/1 1298/1223/1
f 507/1229/1 1810/1227/1 508/1221/1
f 1296/1230/1 845/1225/1 1297/1228/1
f 507/1229/1 1811/1231/1 1810/1227/1
f 1995/1232/1 259/1226/1 1996/1224/1
f 1296/1230/1 846/1233/1 845/1225/1
f 1995/1232/1 260/1234/1 259/1226/1
f 1295/1235/1 846/1233/1 1296/1230/1
f 507/1229/1 1812/1236/1 1811/1231/1
f 506/1237/1 1812/1236/1 507/1229/1
f 1294/1238/1 846/1233/1 1295/1235/1
f 506/1237/1 1813/1239/1 1812/1236/1
f 1994/1240/1 260/1234/1 1995/1232/1
f 1294/1238/1 847/1241/1 846/1233/1
f 1994/1240/1 261/1242/1 260/1234/1
f 1293/1243/1 847/1241/1 1294/1238/1
f 506/1237/1 1814/1244/1 1813/1239/1
f 1292/1245/1 847/1241/1 1293/1243/1
f 505/1246/1 1814/1244/1 506/1237/1
f 505/1246/1 1815/1247/1 1814/1244/1
f 1994/1240/1 262/1248/1 261/1242/1
f 1292/1245/1 848/1249/1 847/1241/1
f 1993/1250/1 262/1248/1 1994/1240/1
f 1291/1251/1 848/1249/1 1292/1245/1
f 505/1246/1 1816/1252/1 1815/1247/1
f 1290/1253/1 848/1249/1 1291/1251/1
f 504/1254/1 1816/1252/1 505/1246/1
f 504/1254/1 1817/1255/1 1816/1252/1
f 1993/1250/1 263/1256/1 262/1248/1
f 1290/1253/1 849/1257/1 848/1249/1
f 1289/1258/1 849/1257/1 1290/1253/1
f 1992/1259/1 263/1256/1 1993/1250/1
f 504/1254/1 1818/1260/1 1817/1255/1
f 1288/1261/1 849/1257/1 1289/1258/1
f 503/1262/1 1818/1260/1 504/1254/1
f 503/1262/1 1819/1263/1 1818/1260/1
f 1992/1259/1 264/1264/1 263/1256/1
f 1287/1265/1 849/1257/1 1288/1261/1
f 1287/1265/1 850/1266/1 849/1257/1
f 1991/1267/1 264/1264/1 1992/1259/1
f 503/1262/1 1820/1268/1 1819/1263/1
f 1286/1269/1 850/1266/1 1287/1265/1
f 502/1270/1 1820/1268/1 503/1262/1
f 502/1270/1 1821/1271/1 1820/1268/1
f 1991/1267/1 265/1272/1 264/1264/1
f 1285/1273/1 850/1266/1 1286/1269/1
f 1285/1273/1 851/1274/1 850/1266/1
f 502/1270/1 1822/1275/1 1821/1271/1
f 1990/1276/1 265/1272/1 1991/1267/1
f 1284/1277/1 851/1274/1 1285/1273/1
f 501/1278/1 1822/1275/1 502/1270/1
f 501/1278/1 1823/1279/1 1822/1275/1
f 1990/1276/1 266/1280/1 265/1272/1
f 1283/1281/1 851/1274/1 1284/1277/1
f 1283/1281/1 852/1282/1 851/1274/1
f 501/1278/1 1824/1283/1 1823/1279/1
f 1282/1284/1 852/1282/1 1283/1281/1
f 1989/1285/1 266/1280/1 1990/1276/1
f 500/1286/1 1824/1283/1 501/1278/1
f 500/1286/1 1825/1287/1 1824/1283/1
f 1989/1285/1 267/1288/1 266/1280/1
f 1281/1289/1 852/1282/1 1282/1284/1
f 1281/1289/1 853/1290/1 852/1282/1
f 500/1286/1 1826/1291/1 1825/1287/1
f 1280/1292/1 853/1290/1 1281/1289/1
f 1988/1293/1 267/1288/1 1989/1285/1
f 499/1294/1 1826/1291/1 500/1286/1
f 499/1294/1 1827/1295/1 1826/1291/1
f 1988/1293/1 268/1296/1 267/1288/1
f 1279/1297/1 853/1290/1 1280/1292/1
f 1279/1297/1 854/1298/1 853/1290/1
f 499/1294/1 1828/1299/1 1827/1295/1
f 1278/1300/1 854/1298/1 1279/1297/1
f 498/1301/1 1828/1299/1 499/1294/1
f 1987/1302/1 268/1296/1 1988/1293/1
f 498/1301/1 1829/1303/1 1828/1299/1
f 1987/1302/1 269/1304/1 268/1296/1
f 1277/1305/1 854/1298/1 1278/1300/1
f 1277/1305/1 855/1306/1 854/1298/1
f 498/1301/1 1830/1307/1 1829/1303/1
f 1276/1308/1 855/1306/1 1277/1305/1
f 497/1309/1 1830/1307/1 498/1301/1
f 497/1309/1 1831/1310/1 1830/1307/1
f 1987/1302/1 270/1311/1 269/1304/1
f 1986/1312/1 270/1311/1 1987/1302/1
f 1275/1313/1 855/1306/1 1276/1308/1
f 1275/1313/1 856/1314/1 855/1306/1
f 497/1309/1 1832/1315/1 1831/1310/1
f 1274/1316/1 856/1314/1 1275/1313/1
f 496/1317/1 1832/1315/1 497/1309/1
f 496/1317/1 1833/1318/1 1832/1315/1
f 1986/1312/1 271/1319/1 270/1311/1
f 1273/1320/1 856/1314/1 1274/1316/1
f 1985/1321/1 271/1319/1 1986/1312/1
f 496/1317/1 1834/1322/1 1833/1318/1
f 1273/1320/1 857/1323/1 856/1314/1
f 1272/1324/1 857/1323/1 1273/1320/1
f 495/1325/1 1834/1322/1 496/1317/1
f 495/1325/1 1835/1326/1 1834/1322/1
f 1985/1321/1 272/1327/1 271/1319/1
f 1271/1328/1 857/1323/1 1272/1324/1
f 495/1325/1 1836/1329/1 1835/1326/1
f 1984/1330/1 272/1327/1 1985/1321/1
f 1271/1328/1 858/1331/1 857/1323/1
f 1270/1332/1 858/1331/1 1271/1328/1
f 495/1325/1 1837/1333/1 1836/1329/1
f 494/1334/1 1837/1333/1 495/1325/1
f 1984/1330/1 273/1335/1 272/1327/1
f 1983/1336/1 273/1335/1 1984/1330/1
f 494/1334/1 1838/1337/1 1837/1333/1
f 1269/1338/1 858/1331/1 1270/1332/1
f 1269/1338/1 859/1339/1 858/1331/1
f 1982/1340/1 273/1335/1 1983/1336/1
f 494/1334/1 1839/1341/1 1838/1337/1
f 493/1342/1 1839/1341/1 494/1334/1
f 1982/1340/1 274/1343/1 273/1335/1
f 1268/1344/1 859/1339/1 1269/1338/1
f 493/1342/1 1840/1345/1 1839/1341/1
f 1981/1346/1 274/1343/1 1982/1340/1
f 1267/1347/1 859/1339/1 1268/1344/1
f 1267/1347/1 860/1348/1 859/1339/1
f 493/1342/1 1841/1349/1 1840/1345/1
f 1981/1346/1 275/1350/1 274/1343/1
f 1980/1351/1 275/1350/1 1981/1346/1
f 492/1352/1 1841/1349/1 493/1342/1
f 1266/1353/1 860/1348/1 1267/1347/1
f 492/1352/1 1842/1354/1 1841/1349/1
f 1979/1355/1 275/1350/1 1980/1351/1
f 1265/1356/1 860/1348/1 1266/1353/1
f 1265/1356/1 861/1357/1 860/1348/1
f 492/1352/1 1843/1358/1 1842/1354/1
f 1979/1355/1 276/1359/1 275/1350/1
f 491/1360/1 1843/1358/1 492/1352/1
f 1978/1361/1 276/1359/1 1979/1355/1
f 1264/1362/1 861/1357/1 1265/1356/1
f 491/1360/1 1844/1363/1 1843/1358/1
f 491/1360/1 1845/1364/1 1844/1363/1
f 1977/1365/1 276/1359/1 1978/1361/1
f 1263/1366/1 861/1357/1 1264/1362/1
f 1263/1366/1 862/1367/1 861/1357/1
f 1977/1365/1 277/1368/1 276/1359/1
f 490/1369/1 1845/1364/1 491/1360/1
f 490/1369/1 1846/1370/1 1845/1364/1
f 1262/1371/1 862/1367/1 1263/1366/1
f 1976/1372/1 277/1368/1 1977/1365/1
f 490/1369/1 1847/1373/1 1846/1370/1
f 1261/1374/1 862/1367/1 1262/1371/1
f 1975/1375/1 277/1368/1 1976/1372/1
f 1975/1375/1 278/1376/1 277/1368/1
f 1261/1374/1 863/1377/1 862/1367/1
f 489/1378/1 1847/1373/1 490/1369/1
f 489/1378/1 1848/1379/1 1847/1373/1
f 1260/1380/1 863/1377/1 1261/1374/1
f 1974/1381/1 278/1376/1 1975/1375/1
f 489/1378/1 1849/1382/1 1848/1379/1
f 1974/1381/1 279/1383/1 278/1376/1
f 1973/1384/1 279/1383/1 1974/1381/1
f 1259/1385/1 863/1377/1 1260/1380/1
f 1259/1385/1 864/1386/1 863/1377/1
f 489/1378/1 1850/1387/1 1849/1382/1
f 488/1388/1 1850/1387/1 489/1378/1
f 488/1388/1 1851/1389/1 1850/1387/1
f 1972/1390/1 279/1383/1 1973/1384/1
f 1258/1391/1 864/1386/1 1259/1385/1
f 1972/1390/1 280/1392/1 279/1383/1
f 488/1388/1 1852/1393/1 1851/1389/1
f 1971/1394/1 280/1392/1 1972/1390/1
f 1258/1391/1 865/1395/1 864/1386/1
f 487/1396/1 1852/1393/1 488/1388/1
f 1257/1397/1 865/1395/1 1258/1391/1
f 487/1396/1 1853/1398/1 1852/1393/1
f 1970/1399/1 280/1392/1 1971/1394/1
f 1256/1400/1 865/1395/1 1257/1397/1
f 1970/1399/1 281/1401/1 280/1392/1
f 487/1396/1 1854/1402/1 1853/1398/1
f 486/1403/1 1854/1402/1 487/1396/1
f 1969/1404/1 281/1401/1 1970/1399/1
f 1256/1400/1 866/1405/1 865/1395/1
f 486/1403/1 1855/1406/1 1854/1402/1
f 1255/1407/1 866/1405/1 1256/1400/1
f 1968/1408/1 281/1401/1 1969/1404/1
f 486/1403/1 1856/1409/1 1855/1406/1
f 1968/1408/1 282/1410/1 281/1401/1
f 1254/1411/1 866/1405/1 1255/1407/1
f 1967/1412/1 282/1410/1 1968/1408/1
f 485/1413/1 1856/1409/1 486/1403/1
f 485/1413/1 1857/1414/1 1856/1409/1
f 1254/1411/1 867/1415/1 866/1405/1
f 1253/1416/1 867/1415/1 1254/1411/1
f 485/1413/1 1858/1417/1 1857/1414/1
f 1966/1418/1 282/1410/1 1967/1412/1
f 1966/1418/1 283/1419/1 282/1410/1
f 485/1413/1 1859/1420/1 1858/1417/1
f 1252/1421/1 867/1415/1 1253/1416/1
f 1965/1422/1 283/1419/1 1966/1418/1
f 484/1423/1 1859/1420/1 485/1413/1
f 484/1423/1 1860/1424/1 1859/1420/1
f 1252/1421/1 868/1425/1 867/1415/1
f 1251/1426/1 868/1425/1 1252/1421/1
f 1964/1427/1 283/1419/1 1965/1422/1
f 484/1423/1 1861/1428/1 1860/1424/1
f 1964/1427/1 284/1429/1 283/1419/1
f 484/1423/1 1862/1430/1 1861/1428/1
f 1963/1431/1 284/1429/1 1964/1427/1
f 483/1432/1 1862/1430/1 484/1423/1
f 1250/1433/1 868/1425/1 1251/1426/1
f 483/1432/1 1863/1434/1 1862/1430/1
f 1250/1433/1 869/1435/1 868/1425/1
f 1962/1436/1 284/1429/1 1963/1431/1
f 483/1432/1 1864/1437/1 1863/1434/1
f 1962/1436/1 285/1438/1 284/1429/1
f 1249/1439/1 869/1435/1 1250/1433/1
f 483/1432/1 1865/1440/1 1864/1437/1
f 1961/1441/1 285/1438/1 1962/1436/1
f 482/1442/1 1865/1440/1 483/1432/1
f 482/1442/1 1866/1443/1 1865/1440/1
f 1248/1444/1 869/1435/1 1249/1439/1
f 1960/1445/1 285/1438/1 1961/1441/1
f 1248/1444/1 870/1446/1 869/1435/1
f 482/1442/1 1867/1447/1 1866/1443/1
f 1960/1445/1 286/1448/1 285/1438/1
f 1959/1449/1 286/1448/1 1960/1445/1
f 482/1442/1 1868/1450/1 1867/1447/1
f 1247/1451/1 870/1446/1 1248/1444/1
f 482/1442/1 1869/1452/1 1868/1450/1
f 481/1453/1 1869/1452/1 482/1442/1
f 1958/1454/1 286/1448/1 1959/1449/1
f 481/1453/1 1870/1455/1 1869/1452/1
f 1246/1456/1 870/1446/1 1247/1451/1
f 1958/1454/1 287/1457/1 286/1448/1
f 1246/1456/1 871/1458/1 870/1446/1
f 1957/1459/1 287/1457/1 1958/1454/1
f 481/1453/1 1871/1460/1 1870/1455/1
f 481/1453/1 1872/1461/1 1871/1460/1
f 1956/1462/1 287/1457/1 1957/1459/1
f 1245/1463/1 871/1458/1 1246/1456/1
f 480/1464/1 1872/1461/1 481/1453/1
f 480/1464/1 1873/1465/1 1872/1461/1
f 1955/1466/1 287/1457/1 1956/1462/1
f 1955/1466/1 288/1467/1 287/1457/1
f 480/1464/1 1874/1468/1 1873/1465/1
f 1245/1463/1 872/1469/1 871/1458/1
f 1244/1470/1 872/1469/1 1245/1463/1
f 1954/1471/1 288/1467/1 1955/1466/1
f 480/1464/1 1875/1472/1 1874/1468/1
f 480/1464/1 1876/1473/1 1875/1472/1
f 479/1474/1 1876/1473/1 480/1464/1
f 1953/1475/1 288/1467/1 1954/1471/1
f 1243/1476/1 872/1469/1 1244/1470/1
f 479/1474/1 1877/1477/1 1876/1473/1
f 1953/1475/1 289/1478/1 288/1467/1
f 1952/1479/1 289/1478/1 1953/1475/1
f 479/1474/1 1878/1480/1 1877/1477/1
f 1243/1476/1 873/1481/1 872/1469/1
f 1242/1482/1 873/1481/1 1243/1476/1
f 1951/1483/1 289/1478/1 1952/1479/1
f 479/1474/1 1879/1484/1 1878/1480/1
f 479/1474/1 1880/1485/1 1879/1484/1
f 478/1486/1 1880/1485/1 479/1474/1
f 1950/1487/1 289/1478/1 1951/1483/1
f 1950/1487/1 290/1488/1 289/1478/1
f 478/1486/1 1881/1489/1 1880/1485/1
f 1241/1490/1 873/1481/1 1242/1482/1
f 1949/1491/1 290/1488/1 1950/1487/1
f 478/1486/1 1882/1492/1 1881/1489/1
f 478/1486/1 1883/1493/1 1882/1492/1
f 1241/1490/1 874/1494/1 873/1481/1
f 1948/1495/1 290/1488/1 1949/1491/1
f 478/1486/1 1884/1496/1 1883/1493/1
f 1240/1497/1 874/1494/1 1241/1490/1
f 477/1498/1 1884/1496/1 478/1486/1
f 1947/1499/1 290/1488/1 1948/1495/1
f 477/1498/1 1885/1500/1 1884/1496/1
f 1947/1499/1 291/1501/1 290/1488/1
f 1946/1502/1 291/1501/1 1947/1499/1
f 477/1498/1 1886/1503/1 1885/1500/1
f 1239/1504/1 874/1494/1 1240/1497/1
f 477/1498/1 1887/1505/1 1886/1503/1
f 1945/1506/1 291/1501/1 1946/1502/1
f 477/1498/1 1888/1507/1 1887/1505/1
f 1239/1504/1 875/1508/1 874/1494/1
f 1944/1509/1 291/1501/1 1945/1506/1
f 477/1498/1 1889/1510/1 1888/1507/1
f 476/1511/1 1889/1510/1 477/1498/1
f 1944/1509/1 292/1512/1 291/1501/1
f 476/1511/1 1890/1513/1 1889/1510/1
f 1238/1514/1 875/1508/1 1239/1504/1
f 1943/1515/1 292/1512/1 1944/1509/1
f 476/1511/1 1891/1516/1 1890/1513/1
f 1942/1517/1 292/1512/1 1943/1515/1
f 476/1511/1 1892/1518/1 1891/1516/1
f 1941/1519/1 292/1512/1 1942/1517/1
f 476/1511/1 1893/1520/1 1892/1518/1
f 1237/1521/1 875/1508/1 1238/1514/1
f 476/1511/1 1894/1522/1 1893/1520/1
f 1940/1523/1 292/1512/1 1941/1519/1
f 1237/1521/1 876/1524/1 875/1508/1
f 475/1525/1 1894/1522/1 476/1511/1
f 1940/1523/1 293/1526/1 292/1512/1
f 475/1525/1 1895/1527/1 1894/1522/1
f 1939/1528/1 293/1526/1 1940/1523/1
f 475/1525/1 1896/1529/1 1895/1527/1
f 475/1525/1 1897/1530/1 1896/1529/1
f 1938/1531/1 293/1526/1 1939/1528/1
f 1236/1532/1 876/1524/1 1237/1521/1
f 475/1525/1 1898/1533/1 1897/1530/1
f 1937/1534/1 293/1526/1 1938/1531/1
f 475/1525/1 1899/1535/1 1898/1533/1
f 1936/1536/1 293/1526/1 1937/1534/1
f 475/1525/1 1900/1537/1 1899/1535/1
f 475/1525/1 1901/1538/1 1900/1537/1
f 1935/1539/1 293/1526/1 1936/1536/1
f 1935/1539/1 294/1540/1 293/1526/1
f 474/1541/1 1901/1538/1 475/1525/1
f 1235/1542/1 876/1524/1 1236/1532/1
f 474/1541/1 1902/1543/1 1901/1538/1
f 1235/1542/1 877/1544/1 876/1524/1
f 1934/1545/1 294/1540/1 1935/1539/1
f 474/1541/1 1903/1546/1 1902/1543/1
f 1933/1547/1 294/1540/1 1934/1545/1
f 474/1541/1 1904/1548/1 1903/1546/1
f 474/1541/1 1905/1549/1 1904/1548/1
f 1932/1550/1 294/1540/1 1933/1547/1
f 474/1541/1 1906/1551/1 1905/1549/1
f 1931/1552/1 294/1540/1 1932/1550/1
f 474/1541/1 1907/1553/1 1906/1551/1
f 474/1541/1 1908/1554/1 1907/1553/1
f 1234/1555/1 877/1544/1 1235/1542/1
f 1930/1556/1 294/1540/1 1931/1552/1
f 474/1541/1 1909/1557/1 1908/1554/1
f 1929/1558/1 294/1540/1 1930/1556/1
f 474/1541/1 1910/1559/1 1909/1557/1
f 1929/1558/1 295/1560/1 294/1540/1
f 1928/1561/1 295/1560/1 1929/1558/1
f 474/1541/1 1911/1562/1 1910/1559/1
f 474/1541/1 1912/1563/1 1911/1562/1
f 1927/1564/1 295/1560/1 1928/1561/1
f 473/1565/1 1912/1563/1 474/1541/1
f 473/1565/1 1913/1566/1 1912/1563/1
f 1926/1567/1 295/1560/1 1927/1564/1
f 473/1565/1 1914/1568/1 1913/1566/1
f 473/1565/1 1915/1569/1 1914/1568/1
f 1925/1570/1 295/1560/1 1926/1567/1
f 473/1565/1 1916/1571/1 1915/1569/1
f 1924/1572/1 295/1560/1 1925/1570/1
f 473/1565/1 1917/1573/1 1916/1571/1
f 1234/1555/1 878/1574/1 877/1544/1
f 1923/1575/1 295/1560/1 1924/1572/1
f 473/1565/1 1918/1576/1 1917/1573/1
f 473/1565/1 1919/1577/1 1918/1576/1
f 1922/1578/1 295/1560/1 1923/1575/1
f 473/1565/1 1920/1579/1 1919/1577/1
f 1921/1580/1 295/1560/1 1922/1578/1
f 473/1565/1 1921/1580/1 1920/1579/1
f 473/1565/1 295/1560/1 1921/1580/1
f 1233/1581/1 878/1574/1 1234/1555/1
f 473/1565/1 296/1582/1 295/1560/1
f 1232/1583/1 878/1574/1 1233/1581/1
f 472/1584/1 296/1582/1 473/1565/1
f 1232/1583/1 879/1585/1 878/1574/1
f 1231/1586/1 879/1585/1 1232/1583/1
f 472/1584/1 297/1587/1 296/1582/1
f 471/1588/1 297/1587/1 472/1584/1
f 1230/1589/1 879/1585/1 1231/1586/1
f 1230/1589/1 880/1590/1 879/1585/1
f 471/1588/1 298/1591/1 297/1587/1
f 1229/1592/1 880/1590/1 1230/1589/1
f 470/1593/1 298/1591/1 471/1588/1
f 1228/1594/1 880/1590/1 1229/1592/1
f 470/1593/1 299/1595/1 298/1591/1
f 1228/1594/1 881/1596/1 880/1590/1
f 469/1597/1 299/1595/1 470/1593/1
f 1227/1598/1 881/1596/1 1228/1594/1
f 469/1597/1 300/1599/1 299/1595/1
f 1227/1598/1 882/1600/1 881/1596/1
f 1226/1601/1 882/1600/1 1227/1598/1
f 468/1602/1 300/1599/1 469/1597/1
f 468/1602/1 301/1603/1 300/1599/1
f 1225/1604/1 882/1600/1 1226/1601/1
f 1225/1604/1 883/1605/1 882/1600/1
f 467/1606/1 301/1603/1 468/1602/1
f 1224/1607/1 883/1605/1 1225/1604/1
f 467/1606/1 302/1608/1 301/1603/1
f 1223/1609/1 883/1605/1 1224/1607/1
f 466/1610/1 302/1608/1 467/1606/1
f 1223/1609/1 884/1611/1 883/1605/1
f 466/1610/1 303/1612/1 302/1608/1
f 1222/1613/1 884/1611/1 1223/1609/1
f 465/1614/1 303/1612/1 466/1610/1
f 465/1614/1 304/1615/1 303/1612/1
f 1221/1616/1 884/1611/1 1222/1613/1
f 1221/1616/1 885/1617/1 884/1611/1
f 1220/1618/1 885/1617/1 1221/1616/1
f 464/1619/1 304/1615/1 465/1614/1
f 464/1619/1 305/1620/1 304/1615/1
f 1220/1618/1 886/1621/1 885/1617/1
f 1219/1622/1 886/1621/1 1220/1618/1
f 464/1619/1 306/1623/1 305/1620/1
f 463/1624/1 306/1623/1 464/1619/1
f 1218/1625/1 886/1621/1 1219/1622/1
f 1218/1625/1 887/1626/1 886/1621/1
f 463/1624/1 307/1627/1 306/1623/1
f 462/1628/1 307/1627/1 463/1624/1
f 1217/1629/1 887/1626/1 1218/1625/1
f 1216/1630/1 887/1626/1 1217/1629/1
f 462/1628/1 308/1631/1 307/1627/1
f 1216/1630/1 888/1632/1 887/1626/1
f 461/1633/1 308/1631/1 462/1628/1
f 461/1633/1 309/1634/1 308/1631/1
f 460/1635/1 309/1634/1 461/1633/1
f 1216/1630/1 889/1636/1 888/1632/1
f 1215/1637/1 889/1636/1 1216/1630/1
f 460/1635/1 310/1638/1 309/1634/1
f 459/1639/1 310/1638/1 460/1635/1
f 1215/1637/1 890/1640/1 889/1636/1
f 1214/1641/1 890/1640/1 1215/1637/1
f 459/1639/1 311/1642/1 310/1638/1
f 458/1643/1 311/1642/1 459/1639/1
f 458/1643/1 312/1644/1 311/1642/1
f 1214/1641/1 891/1645/1 890/1640/1
f 1213/1646/1 891/1645/1 1214/1641/1
f 457/1647/1 312/1644/1 458/1643/1
f 457/1647/1 313/1648/1 312/1644/1
f 1213/1646/1 892/1649/1 891/1645/1
f 456/1650/1 313/1648/1 457/1647/1
f 1212/1651/1 892/1649/1 1213/1646/1
f 456/1650/1 314/1652/1 313/1648/1
f 456/1650/1 315/1653/1 314/1652/1
f 455/1654/1 315/1653/1 456/1650/1
f 1212/1651/1 893/1655/1 892/1649/1
f 1211/1656/1 893/1655/1 1212/1651/1
f 455/1654/1 316/1657/1 315/1653/1
f 454/1658/1 316/1657/1 455/1654/1
f 1211/1656/1 894/1659/1 893/1655/1
f 1210/1660/1 894/1659/1 1211/1656/1
f 454/1658/1 317/1661/1 316/1657/1
f 453/1662/1 317/1661/1 454/1658/1
f 1210/1660/1 895/1663/1 894/1659/1
f 453/1662/1 318/1664/1 317/1661/1
f 452/1665/1 318/1664/1 453/1662/1
f 1209/1666/1 895/1663/1 1210/1660/1
f 452/1665/1 319/1667/1 318/1664/1
f 1209/1666/1 896/1668/1 895/1663/1
f 451/1669/1 319/1667/1 452/1665/1
f 451/1669/1 320/1670/1 319/1667/1
f 1208/1671/1 896/1668/1 1209/1666/1
f 450/1672/1 320/1670/1 451/1669/1
f 450/1672/1 321/1673/1 320/1670/1
f 1208/1671/1 897/1674/1 896/1668/1
f 1207/1675/1 897/1674/1 1208/1671/1
f 450/1672/1 322/1676/1 321/1673/1
f 449/1677/1 322/1676/1 450/1672/1
f 1207/1675/1 898/1678/1 897/1674/1
f 449/1677/1 323/1679/1 322/1676/1
f 448/1680/1 323/1679/1 449/1677/1
f 1206/1681/1 898/1678/1 1207/1675/1
f 448/1680/1 324/1682/1 323/1679/1
f 1206/1681/1 899/1683/1 898/1678/1
f 447/1684/1 324/1682/1 448/1680/1
f 447/1684/1 325/1685/1 324/1682/1
f 446/1686/1 325/1685/1 447/1684/1
f 1206/1681/1 900/1687/1 899/1683/1
f 446/1686/1 326/1688/1 325/1685/1
f 1205/1689/1 900/1687/1 1206/1681/1
f 445/1690/1 326/1688/1 446/1686/1
f 445/1690/1 327/1691/1 326/1688/1
f 1205/1689/1 901/1692/1 900/1687/1
f 444/1693/1 327/1691/1 445/1690/1
f 444/1693/1 328/1694/1 327/1691/1
f 1204/1695/1 901/1692/1 1205/1689/1
f 443/1696/1 328/1694/1 444/1693/1
f 1204/1695/1 902/1697/1 901/1692/1
f 443/1696/1 329/1698/1 328/1694/1
f 442/1699/1 329/1698/1 443/1696/1
f 442/1699/1 330/1700/1 329/1698/1
f 1204/1695/1 903/1701/1 902/1697/1
f 441/1702/1 330/1700/1 442/1699/1
f 1203/1703/1 903/1701/1 1204/1695/1
f 441/1702/1 331/1704/1 330/1700/1
f 440/1705/1 331/1704/1 441/1702/1
f 1203/1703/1 904/1706/1 903/1701/1
f 440/1705/1 332/1707/1 331/1704/1
f 439/1708/1 332/1707/1 440/1705/1
f 439/1708/1 333/1709/1 332/1707/1
f 1202/1710/1 904/1706/1 1203/1703/1
f 438/1711/1 333/1709/1 439/1708/1
f 1202/1710/1 905/1712/1 904/1706/1
f 438/1711/1 334/1713/1 333/1709/1
f 437/1714/1 334/1713/1 438/1711/1
f 437/1714/1 335/1715/1 334/1713/1
f 436/1716/1 335/1715/1 437/1714/1
f 1202/1710/1 906/1717/1 905/1712/1
f 1201/1718/1 906/1717/1 1202/1710/1
f 436/1716/1 336/1719/1 335/1715/1
f 435/1720/1 336/1719/1 436/1716/1
f 435/1720/1 337/1721/1 336/1719/1
f 1201/1718/1 907/1722/1 906/1717/1
f 434/1723/1 337/1721/1 435/1720/1
f 434/1723/1 338/1724/1 337/1721/1
f 1200/1725/1 907/1722/1 1201/1718/1
f 433/1726/1 338/1724/1 434/1723/1
f 1200/1725/1 908/1727/1 907/1722/1
f 433/1726/1 339/1728/1 338/1724/1
f 432/1729/1 339/1728/1 433/1726/1
f 432/1729/1 340/1730/1 339/1728/1
f 431/1731/1 340/1730/1 432/1729/1
f 1200/1725/1 909/1732/1 908/1727/1
f 1199/1733/1 909/1732/1 1200/1725/1
f 431/1731/1 341/1734/1 340/1730/1
f 430/1735/1 341/1734/1 431/1731/1
f 430/1735/1 342/1736/1 341/1734/1
f 429/1737/1 342/1736/1 430/1735/1
f 1199/1733/1 910/1738/1 909/1732/1
f 429/1737/1 343/1739/1 342/1736/1
f 428/1740/1 343/1739/1 429/1737/1
f 1198/1741/1 910/1738/1 1199/1733/1
f 428/1740/1 344/1742/1 343/1739/1
f 427/1743/1 344/1742/1 428/1740/1
f 1198/1741/1 911/1744/1 910/1738/1
f 427/1743/1 345/1745/1 344/1742/1
f 426/1746/1 345/1745/1 427/1743/1
f 425/1747/1 345/1745/1 426/1746/1
f 425/1747/1 346/1748/1 345/1745/1
f 1197/1749/1 911/1744/1 1198/1741/1
f 1197/1749/1 912/1750/1 911/1744/1
f 424/1751/1 346/1748/1 425/1747/1
f 424/1751/1 347/1752/1 346/1748/1
f 423/1753/1 347/1752/1 424/1751/1
f 423/1753/1 348/1754/1 347/1752/1
f 1197/1749/1 913/1755/1 912/1750/1
f 422/1756/1 348/1754/1 423/1753/1
f 422/1756/1 349/1757/1 348/1754/1
f 1196/1758/1 913/1755/1 1197/1749/1
f 421/1759/1 349/1757/1 422/1756/1
f 421/1759/1 350/1760/1 349/1757/1
f 420/1761/1 350/1760/1 421/1759/1
f 1196/1758/1 914/1762/1 913/1755/1
f 420/1761/1 351/1763/1 350/1760/1
f 419/1764/1 351/1763/1 420/1761/1
f 419/1764/1 352/1765/1 351/1763/1
f 418/1766/1 352/1765/1 419/1764/1
f 418/1766/1 353/1767/1 352/1765/1
f 1195/1768/1 914/1762/1 1196/1758/1
f 1195/1768/1 915/1769/1 914/1762/1
f 417/1770/1 353/1767/1 418/1766/1
f 417/1770/1 354/1771/1 353/1767/1
f 416/1772/1 354/1771/1 417/1770/1
f 416/1772/1 355/1773/1 354/1771/1
f 415/1774/1 355/1773/1 416/1772/1
f 1195/1768/1 916/1775/1 915/1769/1
f 415/1774/1 356/1776/1 355/1773/1
f 414/1777/1 356/1776/1 415/1774/1
f 1194/1778/1 916/1775/1 1195/1768/1
f 414/1777/1 357/1779/1 356/1776/1
f 413/1780/1 357/1779/1 414/1777/1
f 413/1780/1 358/1781/1 357/1779/1
f 1194/1778/1 917/1782/1 916/1775/1
f 412/1783/1 358/1781/1 413/1780/1
f 412/1783/1 359/1784/1 358/1781/1
f 411/1785/1 359/1784/1 412/1783/1
f 411/1785/1 360/1786/1 359/1784/1
f 410/1787/1 360/1786/1 411/1785/1
f 410/1787/1 361/1788/1 360/1786/1
f 1193/1789/1 917/1782/1 1194/1778/1
f 1193/1789/1 918/1790/1 917/1782/1
f 409/1791/1 361/1788/1 410/1787/1
f 409/1791/1 362/1792/1 361/1788/1
f 408/1793/1 362/1792/1 409/1791/1
f 408/1793/1 363/1794/1 362/1792/1
f 407/1795/1 363/1794/1 408/1793/1
f 407/1795/1 364/1796/1 363/1794/1
f 406/1797/1 364/1796/1 407/1795/1
f 1193/1789/1 919/1798/1 918/1790/1
f 406/1797/1 365/1799/1 364/1796/1
f 405/1800/1 365/1799/1 406/1797/1
f 405/1800/1 366/1801/1 365/1799/1
f 1192/1802/1 919/1798/1 1193/1789/1
f 404/1803/1 366/1801/1 405/1800/1
f 404/1803/1 367/1804/1 366/1801/1
f 403/1805/1 367/1804/1 404/1803/1
f 403/1805/1 368/1806/1 367/1804/1
f 402/1807/1 368/1806/1 403/1805/1
f 402/1807/1 369/1808/1 368/1806/1
f 1192/1802/1 920/1809/1 919/1798/1
f 401/1810/1 369/1808/1 402/1807/1
f 401/1810/1 370/1811/1 369/1808/1
f 400/1812/1 370/1811/1 401/1810/1
f 400/1812/1 371/1813/1 370/1811/1
f 399/1814/1 371/1813/1 400/1812/1
f 399/1814/1 372/1815/1 371/1813/1
f 398/1816/1 372/1815/1 399/1814/1
f 398/1816/1 373/1817/1 372/1815/1
f 397/1818/1 373/1817/1 398/1816/1
f 1191/1819/1 920/1809/1 1192/1802/1
f 397/1818/1 374/1820/1 373/1817/1
f 396/1821/1 374/1820/1 397/1818/1
f 1191/1819/1 921/1822/1 920/1809/1
f 396/1821/1 375/1823/1 374/1820/1
f 395/1824/1 375/1823/1 396/1821/1
f 395/1824/1 376/1825/1 375/1823/1
f 394/1826/1 376/1825/1 395/1824/1
f 394/1826/1 377/1827/1 376/1825/1
f 393/1828/1 377/1827/1 394/1826/1
f 393/1828/1 378/1829/1 377/1827/1
f 392/1830/1 378/1829/1 393/1828/1
f 392/1830/1 379/1831/1 378/1829/1
f 391/1832/1 379/1831/1 392/1830/1
f 391/1832/1 380/1833/1 379/1831/1
f 390/1834/1 380/1833/1 391/1832/1
f 390/1834/1 381/1835/1 380/1833/1
f 389/1836/1 381/1835/1 390/1834/1
f 389/1836/1 382/1837/1 381/1835/1
f 388/1838/1 382/1837/1 389/1836/1
f 388/1838/1 383/1839/1 382/1837/1
f 387/1840/1 383/1839/1 388/1838/1
f 387/1840/1 384/1841/1 383/1839/1
f 386/1842/1 384/1841/1 387/1840/1
f 386/1842/1 385/1843/1 384/1841/1
f 1191/1819/1 922/1844/1 921/1822/1
f 1190/1845/1 922/1844/1 1191/1819/1
f 1190/1845/1 923/1846/1 922/1844/1
f 1189/1847/1 923/1846/1 1190/1845/1
f 1189/1847/1 924/1848/1 923/1846/1
f 1189/1847/1 925/1849/1 924/1848/1
f 1188/1850/1 925/1849/1 1189/1847/1
f 1188/1850/1 926/1851/1 925/1849/1
f 1187/1852/1 926/1851/1 1188/1850/1
f 1187/1852/1 927/1853/1 926/1851/1
f 1187/1852/1 928/1854/1 927/1853/1
f 1186/1855/1 928/1854/1 1187/1852/1
f 1186/1855/1 929/1856/1 928/1854/1
f 1185/1857/1 929/1856/1 1186/1855/1
f 1185/1857/1 930/1858/1 929/1856/1
f 1185/1857/1 931/1859/1 930/1858/1
f 1184/1860/1 931/1859/1 1185/1857/1
f 1184/1860/1 932/1861/1 931/1859/1
f 1183/1862/1 932/1861/1 1184/1860/1
f 1183/1862/1 933/1863/1 932/1861/1
f 1183/1862/1 934/1864/1 933/1863/1
f 1182/1865/1 934/1864/1 1183/1862/1
f 1182/1865/1 935/1866/1 934/1864/1
f 1181/1867/1 935/1866/1 1182/1865/1
f 1181/1867/1 936/1868/1 935/1866/1
f 1181/1867/1 937/1869/1 936/1868/1
f 1180/1870/1 937/1869/1 1181/1867/1
f 1180/1870/1 938/1871/1 937/1869/1
f 1179/1872/1 938/1871/1 1180/1870/1
f 1179/1872/1 939/1873/1 938/1871/1
f 1179/1872/1 940/1874/1 939/1873/1
f 1178/1875/1 940/1874/1 1179/1872/1
f 1178/1875/1 941/1876/1 940/1874/1
f 1177/1877/1 941/1876/1 1178/1875/1
f 1177/1877/1 942/1878/1 941/1876/1
f 1177/1877/1 943/1879/1 942/1878/1
f 1176/1880/1 943/1879/1 1177/1877/1
f 1176/1880/1 944/1881/1 943/1879/1
f 1175/1882/1 944/1881/1 1176/1880/1
f 1175/1882/1 945/1883/1 944/1881/1
f 1175/1882/1 946/1884/1 945/1883/1
f 1174/1885/1 946/1884/1 1175/1882/1
f 1174/1885/1 947/1886/1 946/1884/1
f 1173/1887/1 947/1886/1 1174/1885/1
f 1173/1887/1 948/1888/1 947/1886/1
f 1173/1887/1 949/1889/1 948/1888/1
f 1172/1890/1 949/1889/1 1173/1887/1
f 1172/1890/1 950/1891/1 949/1889/1
f 1171/1892/1 950/1891/1 1172/1890/1
f 1171/1892/1 951/1893/1 950/1891/1
f 1171/1892/1 952/1894/1 951/1893/1
f 1170/1895/1 952/1894/1 1171/1892/1
f 1170/1895/1 953/1896/1 952/1894/1
f 1169/1897/1 953/1896/1 1170/1895/1
f 1169/1897/1 954/1898/1 953/1896/1
f 1169/1897/1 955/1899/1 954/1898/1
f 1168/1900/1 955/1899/1 1169/1897/1
f 1168/1900/1 956/1901/1 955/1899/1
f 1167/1902/1 956/1901/1 1168/1900/1
f 1167/1902/1 957/1903/1 956/1901/1
f 1167/1902/1 958/1904/1 957/1903/1
f 1166/1905/1 958/1904/1 1167/1902/1
f 1166/1905/1 959/1906/1 958/1904/1
f 1166/1905/1 960/1907/1 959/1906/1
f 1165/1908/1 960/1907/1 1166/1905/1
f 1165/1908/1 961/1909/1 960/1907/1
f 1164/1910/1 961/1909/1 1165/1908/1
f 1164/1910/1 962/1911/1 961/1909/1
f 1164/1910/1 963/1912/1 962/1911/1
f 1163/1913/1 963/1912/1 1164/1910/1
f 1163/1913/1 964/1914/1 963/1912/1
f 1162/1915/1 964/1914/1 1163/1913/1
f 1162/1915/1 965/1916/1 964/1914/1
f 1161/1917/1 965/1916/1 1162/1915/1
f 1161/1917/1 966/1918/1 965/1916/1
f 1161/1917/1 967/1919/1 966/1918/1
f 1160/1920/1 967/1919/1 1161/1917/1
f 1160/1920/1 968/1921/1 967/1919/1
f 1159/1922/1 968/1921/1 1160/1920/1
f 1159/1922/1 969/1923/1 968/1921/1
f 1158/1924/1 969/1923/1 1159/1922/1
f 1158/1924/1 970/1925/1 969/1923/1
f 1158/1924/1 971/1926/1 970/1925/1
f 1157/1927/1 971/1926/1 1158/1924/1
f 1157/1927/1 972/1928/1 971/1926/1
f 1156/1929/1 972/1928/1 1157/1927/1
f 1156/1929/1 973/1930/1 972/1928/1
f 1155/1931/1 973/1930/1 1156/1929/1
f 1155/1931/1 974/1932/1 973/1930/1
f 1155/1931/1 975/1933/1 974/1932/1
f 1154/1934/1 975/1933/1 1155/1931/1
f 1154/1934/1 976/1935/1 975/1933/1
f 1153/1936/1 976/1935/1 1154/1934/1
f 1153/1936/1 977/1937/1 976/1935/1
f 1152/1938/1 977/1937/1 1153/1936/1
f 1151/1939/1 977/1937/1 1152/1938/1
f 1151/1939/1 978/1940/1 977/1937/1
f 1150/1941/1 978/1940/1 1151/1939/1
f 1149/1942/1 978/1940/1 1150/1941/1
f 1148/1943/1 978/1940/1 1149/1942/1
f 1147/1944/1 978/1940/1 1148/1943/1
f 1146/1945/1 978/1940/1 1147/1944/1
f 1145/1946/1 978/1940/1 1146/1945/1
f 1145/1946/1 979/1947/1 978/1940/1
f 1144/1948/1 979/1947/1 1145/1946/1
f 1143/1949/1 979/1947/1 1144/1948/1
f 1142/1950/1 979/1947/1 1143/1949/1
f 1141/1951/1 979/1947/1 1142/1950/1
f 1140/1952/1 979/1947/1 1141/1951/1
f 1140/1952/1 980/1953/1 979/1947/1
f 1139/1954/1 980/1953/1 1140/1952/1
f 1138/1955/1 980/1953/1 1139/1954/1
f 1137/1956/1 980/1953/1 1138/1955/1
f 1136/1957/1 980/1953/1 1137/1956/1
f 1135/1958/1 980/1953/1 1136/1957/1
f 1135/1958/1 981/1959/1 980/1953/1
f 1134/1960/1 981/1959/1 1135/1958/1
f 1133/1961/1 981/1959/1 1134/1960/1
f 1132/1962/1 981/1959/1 1133/1961/1
f 1131/1963/1 981/1959/1 1132/1962/1
f 1131/1963/1 982/1964/1 981/1959/1
f 1130/1965/1 982/1964/1 1131/1963/1
f 1129/1966/1 982/1964/1 1130/1965/1
f 1128/1967/1 982/1964/1 1129/1966/1
f 1127/1968/1 982/1964/1 1128/1967/1
f 1126/1969/1 982/1964/1 1127/1968/1
f 1126/1969/1 983/1970/1 982/1964/1
f 1125/1971/1 983/1970/1 1126/1969/1
f 1124/1972/1 983/1970/1 1125/1971/1
f 1123/1973/1 983/1970/1 1124/1972/1
f 1122/1974/1 983/1970/1 1123/1973/1
f 1122/1974/1 984/1975/1 983/1970/1
f 1121/1976/1 984/1975/1 1122/1974/1
f 1120/1977/1 984/1975/1 1121/1976/1
f 1119/1978/1 984/1975/1 1120/1977/1
f 1119/1978/1 985/1979/1 984/1975/1
f 1118/1980/1 985/1979/1 1119/1978/1
f 1117/1981/1 985/1979/1 1118/1980/1
f 1116/1982/1 985/1979/1 1117/1981/1
f 1115/1983/1 985/1979/1 1116/1982/1
f 1115/1983/1 986/1984/1 985/1979/1
f 1114/1985/1 986/1984/1 1115/1983/1
f 1113/1986/1 986/1984/1 1114/1985/1
f 1112/1987/1 986/1984/1 1113/1986/1
f 1112/1987/1 987/1988/1 986/1984/1
f 1111/1989/1 987/1988/1 1112/1987/1
f 1110/1990/1 987/1988/1 1111/1989/1
f 1109/1991/1 987/1988/1 1110/1990/1
f 1109/1991/1 988/1992/1 987/1988/1
f 1108/1993/1 988/1992/1 1109/1991/1
f 1107/1994/1 988/1992/1 1108/1993/1
f 1106/1995/1 988/1992/1 1107/1994/1
f 1106/1995/1 989/1996/1 988/1992/1
f 1105/1997/1 989/1996/1 1106/1995/1
f 1104/1998/1 989/1996/1 1105/1997/1
f 1103/1999/1 989/1996/1 1104/1998/1
f 1103/1999/1 990/2000/1 989/1996/1
f 1102/2001/1 990/2000/1 1103/1999/1
f 1101/2002/1 990/2000/1 1102/2001/1
f 1100/2003/1 990/2000/1 1101/2002/1
f 1100/2003/1 991/2004/1 990/2000/1
f 1099/2005/1 991/2004/1 1100/2003/1
f 1098/2006/1 991/2004/1 1099/2005/1
f 1097/2007/1 991/2004/1 1098/2006/1
f 1097/2007/1 992/2008/1 991/2004/1
f 1096/2009/1 992/2008/1 1097/2007/1
f 1095/2010/1 992/2008/1 1096/2009/1
f 1095/2010/1 993/2011/1 992/2008/1
f 1094/2012/1 993/2011/1 1095/2010/1
f 1093/2013/1 993/2011/1 1094/2012/1
f 1092/2014/1 993/2011/1 1093/2013/1
f 1092/2014/1 994/2015/1 993/2011/1
f 1091/2016/1 994/2015/1 1092/2014/1
f 1090/2017/1 994/2015/1 1091/2016/1
f 1090/2017/1 995/2018/1 994/2015/1
f 1089/2019/1 995/2018/1 1090/2017/1
f 1088/2020/1 995/2018/1 1089/2019/1
f 1088/2020/1 996/2021/1 995/2018/1
f 1087/2022/1 996/2021/1 1088/2020/1
f 1086/2023/1 996/2021/1 1087/2022/1
f 1086/2023/1 997/2024/1 996/2021/1
f 1085/2025/1 997/2024/1 1086/2023/1
f 1084/2026/1 997/2024/1 1085/2025/1
f 1084/2026/1 998/2027/1 997/2024/1
f 1083/2028/1 998/2027/1 1084/2026/1
f 1083/2028/1 999/2029/1 998/2027/1
f 1082/2030/1 999/2029/1 1083/2028/1
f 1081/2031/1 999/2029/1 1082/2030/1
f 1081/2031/1 1000/2032/1 999/2029/1
f 1080/2033/1 1000/2032/1 1081/2031/1
f 1079/2034/1 1000/2032/1 1080/2033/1
f 1079/2034/1 1001/2035/1 1000/2032/1
f 1078/2036/1 1001/2035/1 1079/2034/1
f 1077/2037/1 1001/2035/1 1078/2036/1
f 1077/2037/1 1002/2038/1 1001/2035/1
f 1076/2039/1 1002/2038/1 1077/2037/1
f 1075/2040/1 1002/2038/1 1076/2039/1
f 1075/2040/1 1003/2041/1 1002/2038/1
f 1074/2042/1 1003/2041/1 1075/2040/1
f 1074/2042/1 1004/2043/1 1003/2041/1
f 1073/2044/1 1004/2043/1 1074/2042/1
f 1072/2045/1 1004/2043/1 1073/2044/1
f 1072/2045/1 1005/2046/1 1004/2043/1
f 1071/2047/1 1005/2046/1 1072/2045/1
f 1070/2048/1 1005/2046/1 1071/2047/1
f 1070/2048/1 1006/2049/1 1005/2046/1
f 1069/2050/1 1006/2049/1 1070/2048/1
f 1068/2051/1 1006/2049/1 1069/2050/1
f 1068/2051/1 1007/2052/1 1006/2049/1
f 1067/2053/1 1007/2052/1 1068/2051/1
f 1066/2054/1 1007/2052/1 1067/2053/1
f 1066/2054/1 1008/2055/1 1007/2052/1
f 1065/2056/1 1008/2055/1 1066/2054/1
f 1065/2056/1 1009/2057/1 1008/2055/1
f 1064/2058/1 1009/2057/1 1065/2056/1
f 1063/2059/1 1009/2057/1 1064/2058/1
f 1063/2059/1 1010/2060/1 1009/2057/1
f 1062/2061/1 1010/2060/1 1063/2059/1
f 1061/2062/1 1010/2060/1 1062/2061/1
f 1061/2062/1 1011/2063/1 1010/2060/1
f 1060/2064/1 1011/2063/1 1061/2062/1
f 1059/2065/1 1011/2063/1 1060/2064/1
f 1059/2065/1 1012/2066/1 1011/2063/1
f 1058/2067/1 1012/2066/1 1059/2065/1
f 1057/2068/1 1012/2066/1 1058/2067/1
f 1057/2068/1 1013/2069/1 1012/2066/1
f 1056/2070/1 1013/2069/1 1057/2068/1
f 1055/2071/1 1013/2069/1 1056/2070/1
f 1055/2071/1 1014/2072/1 1013/2069/1
f 1054/2073/1 1014/2072/1 1055/2071/1
f 1053/2074/1 1014/2072/1 1054/2073/1
f 1053/2074/1 1015/2075/1 1014/2072/1
f 1052/2076/1 1015/2075/1 1053/2074/1
f 1052/2076/1 1016/2077/1 1015/2075/1
f 1051/2078/1 1016/2077/1 1052/2076/1
f 1050/2079/1 1016/2077/1 1051/2078/1
f 1050/2079/1 1017/2080/1 1016/2077/1
f 1049/2081/1 1017/2080/1 1050/2079/1
f 1048/2082/1 1017/2080/1 1049/2081/1
f 1048/2082/1 1018/2083/1 1017/2080/1
f 1047/2084/1 1018/2083/1 1048/2082/1
f 1046/2085/1 1018/2083/1 1047/2084/1
f 1046/2085/1 1019/2086/1 1018/2083/1
f 1045/2087/1 1019/2086/1 1046/2085/1
f 1044/2088/1 1019/2086/1 1045/2087/1
f 1044/2088/1 1020/2089/1 1019/2086/1
f 1043/2090/1 1020/2089/1 1044/2088/1
f 1042/2091/1 1020/2089/1 1043/2090/1
f 1042/2091/1 1021/2092/1 1020/2089/1
f 1041/2093/1 1021/2092/1 1042/2091/1
f 1040/2094/1 1021/2092/1 1041/2093/1
f 1039/2095/1 1021/2092/1 1040/2094/1
f 1039/2095/1 1022/2096/1 1021/2092/1
f 1038/2097/1 1022/2096/1 1039/2095/1
f 1037/2098/1 1022/2096/1 1038/2097/1
f 1037/2098/1 1023/2099/1 1022/2096/1
f 1036/2100/1 1023/2099/1 1037/2098/1
f 1035/2101/1 1023/2099/1 1036/2100/1
f 1034/2102/1 1023/2099/1 1035/2101/1
f 1034/2102/1 1024/2103/1 1023/2099/1
f 1033/2104/1 1024/2103/1 1034/2102/1
f 1032/2105/1 1024/2103/1 1033/2104/1
f 1031/2106/1 1024/2103/1 1032/2105/1
f 1031/2106/1 1025/2107/1 1024/2103/1
f 1030/2108/1 1025/2107/1 1031/2106/1
f 1029/2109/1 1025/2107/1 1030/2108/1
f 1028/2110/1 1025/2107/1 1029/2109/1
f 1027/2111/1 1025/2107/1 1028/2110/1
f 1026/2112/1 1025/2107/1 1027/2111/1
f 2816/1/4 2817/3/4 2818/2/4
f 2815/4/4 2816/1/4 2818/2/4
f 2815/4/4 2818/2/4 2819/5/4
f 2814/6/4 2815/4/4 2819/5/4
f 2814/6/4 2819/5/4 2820/7/4
f 2813/8/4 2814/6/4 2820/7/4
f 2813/8/4 2820/7/4 2821/9/4
f 2812/10/4 2813/8/4 2821/9/4
f 2812/10/4 2821/9/4 2822/11/4
f 2811/12/4 2812/10/4 2822/11/4
f 2811/12/4 2822/11/4 2823/13/4
f 2810/14/4 2811/12/4 2823/13/4
f 2810/14/4 2823/13/4 2824/15/4
f 2809/16/4 2810/14/4 2824/15/4
f 2809/16/4 2824/15/4 2825/17/4
f 2808/18/4 2809/16/4 2825/17/4
f 2808/18/4 2825/17/4 2826/19/4
f 2807/20/4 2808/18/4 2826/19/4
f 2807/20/4 2826/19/4 2827/21/4
f 2806/22/4 2807/20/4 2827/21/4
f 2806/22/4 2827/21/4 2828/23/4
f 2805/24/4 2806/22/4 2828/23/4
f 2804/25/4 2805/24/4 2828/23/4
f 2804/25/4 2828/23/4 2829/26/4
f 2803/27/4 2804/25/4 2829/26/4
f 2803/27/4 2829/26/4 2830/28/4
f 2802/29/4 2803/27/4 2830/28/4
f 2802/29/4 2830/28/4 2831/30/4
f 2801/31/4 2802/29/4 2831/30/4
f 2801/31/4 2831/30/4 2832/32/4
f 2800/33/4 2801/31/4 2832/32/4
f 2800/33/4 2832/32/4 2833/34/4
f 2799/35/4 2800/33/4 2833/34/4
f 2799/35/4 2833/34/4 2834/36/4
f 2798/37/4 2799/35/4 2834/36/4
f 2798/37/4 2834/36/4 2835/38/4
f 2797/39/4 2798/37/4 2835/38/4
f 2797/39/4 2835/38/4 2836/40/4
f 2796/41/4 2797/39/4 2836/40/4
f 2796/41/4 2836/40/4 2837/42/4
f 2795/43/4 2796/41/4 2837/42/4
f 2795/43/4 2837/42/4 2838/44/4
f 2794/45/4 2795/43/4 2838/44/4
f 2793/46/4 2794/45/4 2838/44/4
f 2793/46/4 2838/44/4 2839/47/4
f 2792/48/4 2793/46/4 2839/47/4
f 2792/48/4 2839/47/4 2840/49/4
f 2791/50/4 2792/48/4 2840/49/4
f 2791/50/4 2840/49/4 2841/51/4
f 2790/52/4 2791/50/4 2841/51/4
f 2790/52/4 2841/51/4 2842/53/4
f 2789/54/4 2790/52/4 2842/53/4
f 2789/54/4 2842/53/4 2843/55/4
f 2788/56/4 2789/54/4 2843/55/4
f 2788/56/4 2843/55/4 2844/57/4
f 2787/58/4 2788/56/4 2844/57/4
f 2787/58/4 2844/57/4 2845/59/4
f 2786/60/4 2787/58/4 2845/59/4
f 2786/60/4 2845/59/4 2846/61/4
f 2785/62/4 2786/60/4 2846/61/4
f 2785/62/4 2846/61/4 2847/63/4
f 2784/64/4 2785/62/4 2847/63/4
f 2784/64/4 2847/63/4 2848/65/4
f 2783/66/4 2784/64/4 2848/65/4
f 2782/67/4 2783/66/4 2848/65/4
f 2782/67/4 2848/65/4 2849/68/4
f 2781/69/4 2782/67/4 2849/68/4
f 2781/69/4 2849/68/4 2850/70/4
f 2780/71/4 2781/69/4 2850/70/4
f 2780/71/4 2850/70/4 2851/72/4
f 2779/73/4 2780/71/4 2851/72/4
f 2779/73/4 2851/72/4 2852/74/4
f 2778/75/4 2779/73/4 2852/74/4
f 2778/75/4 2852/74/4 2853/76/4
f 2777/77/4 2778/75/4 2853/76/4
f 2777/77/4 2853/76/4 2854/78/4
f 2776/79/4 2777/77/4 2854/78/4
f 2776/79/4 2854/78/4 2855/80/4
f 2775/81/4 2776/79/4 2855/80/4
f 2775/81/4 2855/80/4 2856/82/4
f 2774/83/4 2775/81/4 2856/82/4
f 2774/83/4 2856/82/4 2857/84/4
f 2773/85/4 2774/83/4 2857/84/4
f 2773/85/4 2857/84/4 2858/86/4
f 2772/87/4 2773/85/4 2858/86/4
f 2772/87/4 2858/86/4 2859/88/4
f 2771/89/4 2772/87/4 2859/88/4
f 2770/90/4 2771/89/4 2859/88/4
f 2770/90/4 2859/88/4 2860/91/4
f 2769/92/4 2770/90/4 2860/91/4
f 2769/92/4 2860/91/4 2115/93/4
f 2115/93/4 2860/91/4 2114/94/4
f 2114/94/4 2860/91/4 2113/95/4
f 2113/95/5 2860/91/5 3648/96/5
f 3648/96/4 2860/91/4 3647/97/4
f 3647/97/4 2860/91/4 3646/98/4
f 3646/98/4 2860/91/4 3645/99/4
f 3645/99/4 2860/91/4 3644/100/4
f 3644/100/4 2860/91/4 3643/101/4
f 3643/101/4 2860/91/4 3642/102/4
f 3642/102/4 2860/91/4 3641/103/4
f 3641/103/4 2860/91/4 2861/104/4
f 2769/92/4 2115/93/4 2116/105/4
f 2769/92/4 2116/105/4 2117/106/4
f 2769/92/4 2117/106/4 2118/107/4
f 3640/108/4 3641/103/4 2861/104/4
f 3639/109/4 3640/108/4 2861/104/4
f 2769/92/4 2118/107/4 2119/110/4
f 3638/111/4 3639/109/4 2861/104/4
f 3637/112/5 3638/111/5 2861/104/5
f 2769/92/4 2119/110/4 2120/113/4
f 3636/114/4 3637/112/4 2861/104/4
f 3635/115/6 3636/114/6 2861/104/6
f 3634/116/4 3635/115/4 2861/104/4
f 2769/92/4 2120/113/4 2121/117/4
f 3633/118/4 3634/116/4 2861/104/4
f 3632/119/4 3633/118/4 2861/104/4
f 2769/92/4 2121/117/4 2122/120/4
f 3631/121/4 3632/119/4 2861/104/4
f 3630/122/4 3631/121/4 2861/104/4
f 2769/92/4 2122/120/4 2123/123/4
f 3629/124/4 3630/122/4 2861/104/4
f 3628/125/4 3629/124/4 2861/104/4
f 2769/92/4 2123/123/4 2124/126/4
f 3627/127/4 3628/125/4 2861/104/4
f 3626/128/4 3627/127/4 2861/104/4
f 2769/92/4 2124/126/4 2125/129/4
f 3625/130/4 3626/128/4 2861/104/4
f 3624/131/4 3625/130/4 2861/104/4
f 2769/92/4 2125/129/4 2126/132/4
f 3623/133/4 3624/131/4 2861/104/4
f 3622/134/4 3623/133/4 2861/104/4
f 2769/92/4 2126/132/4 2127/135/4
f 3621/136/4 3622/134/4 2861/104/4
f 3620/137/4 3621/136/4 2861/104/4
f 2769/92/4 2127/135/4 2128/138/4
f 3619/139/4 3620/137/4 2861/104/4
f 3618/140/4 3619/139/4 2861/104/4
f 2769/92/4 2128/138/4 2129/141/4
f 3617/142/4 3618/140/4 2861/104/4
f 3616/143/4 3617/142/4 2861/104/4
f 2769/92/4 2129/141/4 2130/144/4
f 3615/145/4 3616/143/4 2861/104/4
f 2769/92/4 2130/144/4 2131/146/4
f 3614/147/4 3615/145/4 2861/104/4
f 3613/148/4 3614/147/4 2861/104/4
f 2769/92/4 2131/146/4 2132/149/4
f 3612/150/4 3613/148/4 2861/104/4
f 3611/151/4 3612/150/4 2861/104/4
f 2769/92/4 2132/149/4 2133/152/4
f 3610/153/4 3611/151/4 2861/104/4
f 3609/154/4 3610/153/4 2861/104/4
f 2769/92/4 2133/152/4 2134/155/4
f 3608/156/4 3609/154/4 2861/104/4
f 3607/157/4 3608/156/4 2861/104/4
f 2769/92/4 2134/155/4 2135/158/4
f 3606/159/4 3607/157/4 2861/104/4
f 3605/160/4 3606/159/4 2861/104/4
f 2769/92/4 2135/158/4 2136/161/4
f 3604/162/4 3605/160/4 2861/104/4
f 3603/163/4 3604/162/4 2861/104/4
f 2769/92/4 2136/161/4 2137/164/4
f 3602/165/4 3603/163/4 2861/104/4
f 3601/166/4 3602/165/4 2861/104/4
f 2769/92/4 2137/164/4 2138/167/4
f 3600/168/4 3601/166/4 2861/104/4
f 3599/169/4 3600/168/4 2861/104/4
f 2769/92/4 2138/167/4 2139/170/4
f 3598/171/4 3599/169/4 2861/104/4
f 3597/172/4 3598/171/4 2861/104/4
f 2769/92/4 2139/170/4 2140/173/4
f 3596/174/4 3597/172/4 2861/104/4
f 3595/175/4 3596/174/4 2861/104/4
f 2769/92/4 2140/173/4 2141/176/4
f 3594/177/4 3595/175/4 2861/104/4
f 3593/178/4 3594/177/4 2861/104/4
f 2769/92/4 2141/176/4 2142/179/4
f 3592/180/4 3593/178/4 2861/104/4
f 3591/181/4 3592/180/4 2861/104/4
f 2768/182/4 2769/92/4 2142/179/4
f 2768/182/4 2142/179/4 2143/183/4
f 3590/184/4 3591/181/4 2861/104/4
f 3589/185/4 3590/184/4 2861/104/4
f 2768/182/4 2143/183/4 2144/186/4
f 3588/187/4 3589/185/4 2861/104/4
f 3587/188/4 3588/187/4 2861/104/4
f 2768/182/4 2144/186/4 2145/189/4
f 3586/190/4 3587/188/4 2861/104/4
f 3585/191/4 3586/190/4 2861/104/4
f 2768/182/4 2145/189/4 2146/192/4
f 3584/193/4 3585/191/4 2861/104/4
f 2768/182/4 2146/192/4 2147/194/4
f 2768/182/4 2147/194/4 2148/195/4
f 2768/182/4 2148/195/4 2149/196/4
f 2768/182/4 2149/196/4 2150/197/4
f 2768/182/4 2150/197/4 2151/198/4
f 2768/182/4 2151/198/4 2152/199/4
f 2768/182/4 2152/199/4 2153/200/4
f 3583/201/4 3584/193/4 2861/104/4
f 2768/182/4 2153/200/4 2154/202/4
f 3583/201/4 2861/104/4 2862/203/4
f 2768/182/4 2154/202/4 2155/204/4
f 2768/182/4 2155/204/4 2156/205/4
f 2768/182/4 2156/205/4 2157/206/4
f 2768/182/4 2157/206/4 2158/207/4
f 2768/182/4 2158/207/4 2159/208/4
f 3582/209/4 3583/201/4 2862/203/4
f 2768/182/4 2159/208/4 2160/210/4
f 2768/182/4 2160/210/4 2161/211/4
f 2768/182/4 2161/211/4 2162/212/4
f 2768/182/4 2162/212/4 2163/213/4
f 2768/182/4 2163/213/4 2164/214/4
f 2768/182/4 2164/214/4 2165/215/4
f 3581/216/4 3582/209/4 2862/203/4
f 2768/182/4 2165/215/4 2166/217/4
f 2768/182/4 2166/217/4 2167/218/4
f 2768/182/4 2167/218/4 2168/219/4
f 2768/182/4 2168/219/4 2169/220/4
f 2768/182/4 2169/220/4 2170/221/4
f 2768/182/4 2170/221/4 2171/222/4
f 3580/223/4 3581/216/4 2862/203/4
f 2768/182/4 2171/222/4 2172/224/4
f 2768/182/4 2172/224/4 2173/225/4
f 2768/182/4 2173/225/4 2174/226/4
f 2768/182/4 2174/226/4 2175/227/4
f 2768/182/4 2175/227/4 2176/228/4
f 3579/229/4 3580/223/4 2862/203/4
f 2768/182/4 2176/228/4 2177/230/4
f 2767/231/4 2768/182/4 2177/230/4
f 2767/231/4 2177/230/4 2178/232/4
f 3578/233/4 3579/229/4 2862/203/4
f 3578/233/4 2862/203/4 2863/234/4
f 3577/235/4 3578/233/4 2863/234/4
f 3576/236/4 3577/235/4 2863/234/4
f 2767/231/4 2178/232/4 2179/237/4
f 3575/238/4 3576/236/4 2863/234/4
f 2766/239/4 2767/231/4 2179/237/4
f 3574/240/4 3575/238/4 2863/234/4
f 3573/241/4 3574/240/4 2863/234/4
f 3573/241/4 2863/234/4 2864/242/4
f 2766/239/4 2179/237/4 2180/243/4
f 3572/244/4 3573/241/4 2864/242/4
f 3571/245/4 3572/244/4 2864/242/4
f 2765/246/4 2766/239/4 2180/243/4
f 3570/247/4 3571/245/4 2864/242/4
f 2765/246/4 2180/243/4 2181/248/4
f 3570/247/4 2864/242/4 2865/249/4
f 3569/250/4 3570/247/4 2865/249/4
f 3568/251/4 3569/250/4 2865/249/4
f 2764/252/4 2765/246/4 2181/248/4
f 2764/252/4 2181/248/4 3713/253/4
f 3713/253/4 2181/248/4 2182/254/4
f 3567/255/4 3568/251/4 2865/249/4
f 3566/256/4 3567/255/4 2865/249/4
f 2764/252/4 3713/253/4 3714/257/4
f 3712/258/4 3713/253/4 2182/254/4
f 3566/256/4 2865/249/4 2866/259/4
f 3711/260/4 3712/258/4 2182/254/4
f 2764/252/4 3714/257/4 3715/261/4
f 3565/262/4 3566/256/4 2866/259/4
f 3711/260/4 2182/254/4 2183/263/4
f 2763/264/4 2764/252/4 3715/261/4
f 3710/265/4 3711/260/4 2183/263/4
f 2763/264/4 3715/261/4 3716/266/4
f 3564/267/4 3565/262/4 2866/259/4
f 3709/268/4 3710/265/4 2183/263/4
f 2763/264/4 3716/266/4 3717/269/4
f 3708/270/4 3709/268/4 2183/263/4
f 3563/271/4 3564/267/4 2866/259/4
f 3708/270/4 2183/263/4 2184/272/4
f 3563/271/4 2866/259/4 2867/273/4
f 2763/264/4 3717/269/4 3718/274/4
f 3707/275/4 3708/270/4 2184/272/4
f 2762/276/4 2763/264/4 3718/274/4
f 3562/277/4 3563/271/4 2867/273/4
f 2762/276/4 3718/274/4 3719/278/4
f 3706/279/4 3707/275/4 2184/272/4
f 3561/280/4 3562/277/4 2867/273/4
f 3705/281/4 3706/279/4 2184/272/4
f 3705/281/4 2184/272/4 2185/282/4
f 2762/276/4 3719/278/4 3720/283/4
f 3704/284/4 3705/281/4 2185/282/4
f 3560/285/4 3561/280/4 2867/273/4
f 3560/285/4 2867/273/4 2868/286/4
f 2762/276/4 3720/283/4 3721/287/4
f 2761/288/4 2762/276/4 3721/287/4
f 3703/289/4 3704/284/4 2185/282/4
f 3703/289/4 2185/282/4 2186/290/4
f 3559/291/4 3560/285/4 2868/286/4
f 2761/288/4 3721/287/4 3722/292/4
f 3702/293/4 3703/289/4 2186/290/4
f 3701/294/4 3702/293/4 2186/290/4
f 2761/288/4 3722/292/4 3723/295/4
f 3558/296/4 3559/291/4 2868/286/4
f 3700/297/4 3701/294/4 2186/290/4
f 3558/296/4 2868/286/4 2869/298/4
f 3700/297/4 2186/290/4 2187/299/4
f 2760/300/4 2761/288/4 3723/295/4
f 2760/300/4 3723/295/4 3724/301/4
f 3557/302/4 3558/296/4 2869/298/4
f 3699/303/4 3700/297/4 2187/299/4
f 2760/300/4 3724/301/4 3725/304/4
f 3556/305/4 3557/302/4 2869/298/4
f 3698/306/4 3699/303/4 2187/299/4
f 3698/306/4 2187/299/4 2188/307/4
f 3697/308/4 3698/306/4 2188/307/4
f 2760/300/4 3725/304/4 3726/309/4
f 3555/310/4 3556/305/4 2869/298/4
f 2759/311/4 2760/300/4 3726/309/4
f 3555/310/4 2869/298/4 2870/312/4
f 3696/313/4 3697/308/4 2188/307/4
f 2759/311/4 3726/309/4 3727/314/4
f 3554/315/4 3555/310/4 2870/312/4
f 3696/313/4 2188/307/4 2189/316/4
f 3695/317/4 3696/313/4 2189/316/4
f 2759/311/4 3727/314/4 3728/318/4
f 3694/319/4 3695/317/4 2189/316/4
f 3553/320/4 3554/315/4 2870/312/4
f 2758/321/4 2759/311/4 3728/318/4
f 3693/322/4 3694/319/4 2189/316/4
f 3693/322/4 2189/316/4 2190/323/4
f 3553/320/4 2870/312/4 2871/324/4
f 2758/321/4 3728/318/4 3729/325/4
f 3552/326/4 3553/320/4 2871/324/4
f 3692/327/4 3693/322/4 2190/323/4
f 2758/321/4 3729/325/4 3730/328/4
f 3691/329/4 3692/327/4 2190/323/4
f 3551/330/4 3552/326/4 2871/324/4
f 3691/329/4 2190/323/4 2191/331/4
f 2757/332/4 2758/321/4 3730/328/4
f 3690/333/4 3691/329/4 2191/331/4
f 2757/332/4 3730/328/4 3731/334/4
f 3550/335/4 3551/330/4 2871/324/4
f 3550/335/4 2871/324/4 2872/336/4
f 3689/337/4 3690/333/4 2191/331/4
f 3689/337/4 2191/331/4 2192/338/4
f 2757/332/4 3731/334/4 3732/339/4
f 3688/340/4 3689/337/4 2192/338/4
f 3549/341/4 3550/335/4 2872/336/4
f 3687/342/4 3688/340/4 2192/338/4
f 2756/343/4 2757/332/4 3732/339/4
f 2756/343/4 3732/339/4 3733/344/4
f 3687/342/4 2192/338/4 2193/345/4
f 3548/346/4 3549/341/4 2872/336/4
f 3548/346/4 2872/336/4 2873/347/4
f 3686/348/4 3687/342/4 2193/345/4
f 2756/343/4 3733/344/4 3734/349/4
f 3547/350/4 3548/346/4 2873/347/4
f 3685/351/4 3686/348/4 2193/345/4
f 3685/351/4 2193/345/4 2194/352/4
f 2755/353/4 2756/343/4 3734/349/4
f 2755/353/4 3734/349/4 3735/354/4
f 3684/355/4 3685/351/4 2194/352/4
f 3546/356/4 3547/350/4 2873/347/4
f 3683/357/4 3684/355/4 2194/352/4
f 3546/356/4 2873/347/4 2874/358/4
f 3683/357/4 2194/352/4 2195/359/4
f 2755/353/4 3735/354/4 3736/360/4
f 3545/361/4 3546/356/4 2874/358/4
f 3682/362/4 3683/357/4 2195/359/4
f 2754/363/4 2755/353/4 3736/360/4
f 2754/363/4 3736/360/4 3737/364/4
f 3681/365/4 3682/362/4 2195/359/4
f 3681/365/4 2195/359/4 2196/366/4
f 3544/367/4 3545/361/4 2874/358/4
f 3680/368/4 3681/365/4 2196/366/4
f 3544/367/4 2874/358/4 2875/369/4
f 2754/363/4 3737/364/4 3738/370/4
f 3543/371/4 3544/367/4 2875/369/4
f 3680/368/4 2196/366/4 2197/372/4
f 3679/373/4 3680/368/4 2197/372/4
f 2753/374/4 2754/363/4 3738/370/4
f 2753/374/4 3738/370/4 3739/375/4
f 3678/376/4 3679/373/4 2197/372/4
f 3542/377/4 3543/371/4 2875/369/4
f 3678/376/4 2197/372/4 2198/378/4
f 3677/379/4 3678/376/4 2198/378/4
f 3542/377/4 2875/369/4 2876/380/4
f 2753/374/4 3739/375/4 3740/381/4
f 3541/382/4 3542/377/4 2876/380/4
f 3676/383/4 3677/379/4 2198/378/4
f 2752/384/4 2753/374/4 3740/381/4
f 3676/383/4 2198/378/4 2199/385/4
f 2752/384/4 3740/381/4 3741/386/4
f 3540/387/4 3541/382/4 2876/380/4
f 3675/388/4 3676/383/4 2199/385/4
f 3674/389/4 3675/388/4 2199/385/4
f 3674/389/4 2199/385/4 2200/390/4
f 3540/387/4 2876/380/4 2877/391/4
f 3539/392/4 3540/387/4 2877/391/4
f 2752/384/4 3741/386/4 3742/393/4
f 2751/394/4 2752/384/4 3742/393/4
f 3673/395/4 3674/389/4 2200/390/4
f 3673/395/4 2200/390/4 2201/396/4
f 3538/397/4 3539/392/4 2877/391/4
f 2751/394/4 3742/393/4 3743/398/4
f 3672/399/4 3673/395/4 2201/396/4
f 2750/400/4 2751/394/4 3743/398/4
f 3671/401/4 3672/399/4 2201/396/4
f 3538/397/4 2877/391/4 2878/402/4
f 3537/403/4 3538/397/4 2878/402/4
f 2750/400/4 3743/398/4 3744/404/4
f 3671/401/4 2201/396/4 2202/405/4
f 3670/406/4 3671/401/4 2202/405/4
f 3536/407/4 3537/403/4 2878/402/4
f 3669/408/4 3670/406/4 2202/405/4
f 2750/400/4 3744/404/4 3745/409/4
f 3669/408/4 2202/405/4 2203/410/4
f 2749/411/4 2750/400/4 3745/409/4
f 3668/412/4 3669/408/4 2203/410/4
f 3536/407/4 2878/402/4 2879/413/4
f 3535/414/4 3536/407/4 2879/413/4
f 2749/411/4 3745/409/4 3746/415/4
f 3668/412/4 2203/410/4 2204/416/4
f 3667/417/4 3668/412/4 2204/416/4
f 2748/418/4 2749/411/4 3746/415/4
f 3534/419/4 3535/414/4 2879/413/4
f 3666/420/4 3667/417/4 2204/416/4
f 2748/418/4 3746/415/4 3747/421/4
f 3666/420/4 2204/416/4 2205/422/4
f 3665/423/4 3666/420/4 2205/422/4
f 3534/419/4 2879/413/4 2880/424/4
f 3533/425/4 3534/419/4 2880/424/4
f 2747/426/4 2748/418/4 3747/421/4
f 2747/426/4 3747/421/4 3748/427/4
f 3665/423/4 2205/422/4 2206/428/4
f 3664/429/4 3665/423/4 2206/428/4
f 3532/430/4 3533/425/4 2880/424/4
f 3663/431/4 3664/429/4 2206/428/4
f 2747/426/4 3748/427/4 3749/432/4
f 3663/431/4 2206/428/4 2207/433/4
f 2746/434/4 2747/426/4 3749/432/4
f 3532/430/4 2880/424/4 2881/435/4
f 3662/436/4 3663/431/4 2207/433/4
f 3531/437/4 3532/430/4 2881/435/4
f 2746/434/4 3749/432/4 3750/438/4
f 3662/436/4 2207/433/4 2208/439/4
f 3661/440/4 3662/436/4 2208/439/4
f 3530/441/4 3531/437/4 2881/435/4
f 2745/442/4 2746/434/4 3750/438/4
f 3660/443/4 3661/440/4 2208/439/4
f 3660/443/4 2208/439/4 2209/444/4
f 2745/442/4 3750/438/4 3751/445/4
f 3530/441/4 2881/435/4 2882/446/4
f 3529/447/4 3530/441/4 2882/446/4
f 3659/448/4 3660/443/4 2209/444/4
f 3659/448/4 2209/444/4 2210/449/4
f 2745/442/4 3751/445/4 3752/450/4
f 2744/451/4 2745/442/4 3752/450/4
f 3658/452/4 3659/448/4 2210/449/4
f 3528/453/4 3529/447/4 2882/446/4
f 3657/454/4 3658/452/4 2210/449/4
f 3657/454/4 2210/449/4 2211/455/4
f 2744/451/4 3752/450/4 3753/456/4
f 3527/457/4 3528/453/4 2882/446/4
f 3527/457/4 2882/446/4 2883/458/4
f 2743/459/4 2744/451/4 3753/456/4
f 3656/460/4 3657/454/4 2211/455/4
f 3656/460/4 2211/455/4 2212/461/4
f 2743/459/4 3753/456/4 3754/462/4
f 3655/463/4 3656/460/4 2212/461/4
f 3526/464/4 3527/457/4 2883/458/4
f 3655/463/4 2212/461/4 2213/465/4
f 2742/466/4 2743/459/4 3754/462/4
f 3654/467/4 3655/463/4 2213/465/4
f 2742/466/4 3754/462/4 3755/468/4
f 3525/469/4 3526/464/4 2883/458/4
f 3653/470/4 3654/467/4 2213/465/4
f 3525/469/4 2883/458/4 2884/471/4
f 3653/470/4 2213/465/4 2214/472/4
f 2741/473/4 2742/466/4 3755/468/4
f 3652/474/4 3653/470/4 2214/472/4
f 2741/473/4 3755/468/4 3756/475/4
f 3524/476/4 3525/469/4 2884/471/4
f 3652/474/4 2214/472/4 2215/477/4
f 3651/478/4 3652/474/4 2215/477/4
f 3523/479/4 3524/476/4 2884/471/4
f 2741/473/4 3756/475/4 3757/480/4
f 3651/478/4 2215/477/4 2216/481/4
f 2740/482/4 2741/473/4 3757/480/4
f 3650/483/4 3651/478/4 2216/481/4
f 3523/479/4 2884/471/4 2885/484/4
f 3649/485/4 3650/483/4 2216/481/4
f 3522/486/4 3523/479/4 2885/484/4
f 3649/485/4 2216/481/4 2217/487/4
f 2740/482/4 3757/480/4 3758/488/4
f 2739/489/4 2740/482/4 3758/488/4
f 4224/490/4 3649/485/4 2217/487/4
f 4224/490/4 2217/487/4 2218/491/4
f 3521/492/4 3522/486/4 2885/484/4
f 2739/489/4 3758/488/4 3759/493/4
f 4223/494/4 4224/490/4 2218/491/4
f 3521/492/4 2885/484/4 2886/495/4
f 4223/494/4 2218/491/4 2219/496/4
f 2738/497/4 2739/489/4 3759/493/4
f 3520/498/4 3521/492/4 2886/495/4
f 4222/499/4 4223/494/4 2219/496/4
f 2738/497/4 3759/493/4 3760/500/4
f 4222/499/4 2219/496/4 2220/501/4
f 4221/502/4 4222/499/4 2220/501/4
f 2737/503/4 2738/497/4 3760/500/4
f 3519/504/4 3520/498/4 2886/495/4
f 2737/503/4 3760/500/4 3761/505/4
f 4220/506/4 4221/502/4 2220/501/4
f 4220/506/4 2220/501/4 2221/507/4
f 3519/504/4 2886/495/4 2887/508/4
f 4219/509/4 4220/506/4 2221/507/4
f 2737/503/4 3761/505/4 3762/510/4
f 4219/509/4 2221/507/4 2222/511/4
f 2736/512/4 2737/503/4 3762/510/4
f 3518/513/4 3519/504/4 2887/508/4
f 4218/514/4 4219/509/4 2222/511/4
f 4218/514/4 2222/511/4 2223/515/4
f 2736/512/4 3762/510/4 3763/516/4
f 4217/517/4 4218/514/4 2223/515/4
f 3518/513/4 2887/508/4 2888/518/4
f 2735/519/4 2736/512/4 3763/516/4
f 3517/520/4 3518/513/4 2888/518/4
f 4217/517/4 2223/515/4 2224/521/4
f 4216/522/4 4217/517/4 2224/521/4
f 2735/519/4 3763/516/4 3764/523/4
f 4216/522/4 2224/521/4 2225/524/4
f 4215/525/4 4216/522/4 2225/524/4
f 2734/526/4 2735/519/4 3764/523/4
f 3516/527/4 3517/520/4 2888/518/4
f 3516/527/4 2888/518/4 2889/528/4
f 2734/526/4 3764/523/4 3765/529/4
f 4214/530/4 4215/525/4 2225/524/4
f 4214/530/4 2225/524/4 2226/531/4
f 2733/532/4 2734/526/4 3765/529/4
f 4213/533/4 4214/530/4 2226/531/4
f 3515/534/4 3516/527/4 2889/528/4
f 4213/533/4 2226/531/4 2227/535/4
f 2733/532/4 3765/529/4 3766/536/4
f 4212/537/4 4213/533/4 2227/535/4
f 4212/537/4 2227/535/4 2228/538/4
f 2732/539/4 2733/532/4 3766/536/4
f 3515/534/4 2889/528/4 2890/540/4
f 3514/541/4 3515/534/4 2890/540/4
f 4211/542/4 4212/537/4 2228/538/4
f 2732/539/4 3766/536/4 3767/543/4
f 4211/542/4 2228/538/4 2229/544/4
f 4210/545/4 4211/542/4 2229/544/4
f 2731/546/4 2732/539/4 3767/543/4
f 4210/545/4 2229/544/4 2230/547/4
f 2731/546/4 3767/543/4 3768/548/4
f 3513/549/4 3514/541/4 2890/540/4
f 4209/550/4 4210/545/4 2230/547/4
f 3513/549/4 2890/540/4 2891/551/4
f 4209/550/4 2230/547/4 2231/552/4
f 4208/553/4 4209/550/4 2231/552/4
f 2730/554/4 2731/546/4 3768/548/4
f 2730/554/4 3768/548/4 3769/555/4
f 3512/556/4 3513/549/4 2891/551/4
f 4208/553/4 2231/552/4 2232/557/4
f 4207/558/4 4208/553/4 2232/557/4
f 2730/554/4 3769/555/4 3770/559/4
f 4207/558/4 2232/557/4 2233/560/4
f 2729/561/4 2730/554/4 3770/559/4
f 4206/562/4 4207/558/4 2233/560/4
f 3512/556/4 2891/551/4 2892/563/4
f 3511/564/4 3512/556/4 2892/563/4
f 4206/562/4 2233/560/4 2234/565/4
f 4205/566/4 4206/562/4 2234/565/4
f 2729/561/4 3770/559/4 3771/567/4
f 2728/568/4 2729/561/4 3771/567/4
f 4205/566/4 2234/565/4 2235/569/4
f 4204/570/4 4205/566/4 2235/569/4
f 3510/571/4 3511/564/4 2892/563/4
f 2728/568/4 3771/567/4 3772/572/4
f 4204/570/4 2235/569/4 2236/573/4
f 4203/574/4 4204/570/4 2236/573/4
f 3510/571/4 2892/563/4 2893/575/4
f 2727/576/4 2728/568/4 3772/572/4
f 4202/577/4 4203/574/4 2236/573/4
f 4202/577/4 2236/573/4 2237/578/4
f 3509/579/4 3510/571/4 2893/575/4
f 2727/576/4 3772/572/4 3773/580/4
f 4201/581/4 4202/577/4 2237/578/4
f 2726/582/4 2727/576/4 3773/580/4
f 4201/581/4 2237/578/4 2238/583/4
f 3509/579/4 2893/575/4 2894/584/4
f 3508/585/4 3509/579/4 2894/584/4
f 2726/582/4 3773/580/4 3774/586/4
f 4200/587/4 4201/581/4 2238/583/4
f 4200/587/4 2238/583/4 2239/588/4
f 2725/589/4 2726/582/4 3774/586/4
f 4199/590/4 4200/587/4 2239/588/4
f 4199/590/4 2239/588/4 2240/591/4
f 2725/589/4 3774/586/4 3775/592/4
f 3507/593/4 3508/585/4 2894/584/4
f 4198/594/4 4199/590/4 2240/591/4
f 4198/594/4 2240/591/4 2241/595/4
f 3507/593/4 2894/584/4 2895/596/4
f 2724/597/4 2725/589/4 3775/592/4
f 4197/598/4 4198/594/4 2241/595/4
f 2724/597/4 3775/592/4 3776/599/4
f 4197/598/4 2241/595/4 2242/600/4
f 3506/601/4 3507/593/4 2895/596/4
f 4196/602/4 4197/598/4 2242/600/4
f 2723/603/4 2724/597/4 3776/599/4
f 4196/602/4 2242/600/4 2243/604/4
f 2723/603/4 3776/599/4 3777/605/4
f 3506/601/4 2895/596/4 2896/606/4
f 4195/607/4 4196/602/4 2243/604/4
f 4195/607/4 2243/604/4 2244/608/4
f 3505/609/4 3506/601/4 2896/606/4
f 2722/610/4 2723/603/4 3777/605/4
f 4195/607/4 2244/608/4 2245/611/4
f 4194/612/4 4195/607/4 2245/611/4
f 2722/610/4 3777/605/4 3778/613/4
f 4194/612/4 2245/611/4 2246/614/4
f 4193/615/4 4194/612/4 2246/614/4
f 3504/616/4 3505/609/4 2896/606/4
f 2722/610/4 3778/613/4 3779/617/4
f 2721/618/4 2722/610/4 3779/617/4
f 3504/616/4 2896/606/4 2897/619/4
f 4193/615/4 2246/614/4 2247/620/4
f 4192/621/4 4193/615/4 2247/620/4
f 2721/618/4 3779/617/4 3780/622/4
f 4192/621/4 2247/620/4 2248/623/4
f 4191/624/4 4192/621/4 2248/623/4
f 2720/625/4 2721/618/4 3780/622/4
f 3503/626/4 3504/616/4 2897/619/4
f 2720/625/4 3780/622/4 3781/627/4
f 4191/624/4 2248/623/4 2249/628/4
f 4190/629/4 4191/624/4 2249/628/4
f 3503/626/4 2897/619/4 2898/630/4
f 2719/631/4 2720/625/4 3781/627/4
f 4190/629/4 2249/628/4 2250/632/4
f 2719/631/4 3781/627/4 3782/633/4
f 3502/634/4 3503/626/4 2898/630/4
f 4189/635/4 4190/629/4 2250/632/4
f 4189/635/4 2250/632/4 2251/636/4
f 4188/637/4 4189/635/4 2251/636/4
f 2719/631/4 3782/633/4 3783/638/4
f 2718/639/4 2719/631/4 3783/638/4
f 4188/637/4 2251/636/4 2252/640/4
f 3502/634/4 2898/630/4 2899/641/4
f 3501/642/4 3502/634/4 2899/641/4
f 4187/643/4 4188/637/4 2252/640/4
f 2718/639/4 3783/638/4 3784/644/4
f 4187/643/4 2252/640/4 2253/645/4
f 2717/646/4 2718/639/4 3784/644/4
f 4186/647/4 4187/643/4 2253/645/4
f 2717/646/4 3784/644/4 3785/648/4
f 3500/649/4 3501/642/4 2899/641/4
f 4186/647/4 2253/645/4 2254/650/4
f 4185/651/4 4186/647/4 2254/650/4
f 3500/649/4 2899/641/4 2900/652/4
f 2716/653/4 2717/646/4 3785/648/4
f 4185/651/4 2254/650/4 2255/654/4
f 2716/653/4 3785/648/4 3786/655/4
f 4184/656/4 4185/651/4 2255/654/4
f 3499/657/4 3500/649/4 2900/652/4
f 4184/656/4 2255/654/4 2256/658/4
f 2716/653/4 3786/655/4 3787/659/4
f 4183/660/4 4184/656/4 2256/658/4
f 2715/661/4 2716/653/4 3787/659/4
f 4183/660/4 2256/658/4 2257/662/4
f 3499/657/4 2900/652/4 2901/663/4
f 2715/661/4 3787/659/4 3788/664/4
f 4182/665/4 4183/660/4 2257/662/4
f 3498/666/4 3499/657/4 2901/663/4
f 4182/665/4 2257/662/4 2258/667/4
f 2714/668/4 2715/661/4 3788/664/4
f 4181/669/4 4182/665/4 2258/667/4
f 2714/668/4 3788/664/4 3789/670/4
f 4181/669/4 2258/667/4 2259/671/4
f 4180/672/4 4181/669/4 2259/671/4
f 3497/673/4 3498/666/4 2901/663/4
f 3497/673/4 2901/663/4 2902/674/4
f 2713/675/4 2714/668/4 3789/670/4
f 2713/675/4 3789/670/4 3790/676/4
f 4180/672/4 2259/671/4 2260/677/4
f 4179/678/4 4180/672/4 2260/677/4
f 2713/675/4 3790/676/4 3791/679/4
f 4179/678/4 2260/677/4 2261/680/4
f 2712/681/4 2713/675/4 3791/679/4
f 3496/682/4 3497/673/4 2902/674/4
f 4178/683/4 4179/678/4 2261/680/4
f 4178/683/4 2261/680/4 2262/684/4
f 2712/681/4 3791/679/4 3792/685/4
f 3496/682/4 2902/674/4 2903/686/4
f 4177/687/4 4178/683/4 2262/684/4
f 2711/688/4 2712/681/4 3792/685/4
f 4177/687/4 2262/684/4 2263/689/4
f 3495/690/4 3496/682/4 2903/686/4
f 2711/688/4 3792/685/4 3793/691/4
f 4176/692/4 4177/687/4 2263/689/4
f 4176/692/4 2263/689/4 2264/693/4
f 2711/688/4 3793/691/4 3794/694/4
f 2710/695/4 2711/688/4 3794/694/4
f 4175/696/4 4176/692/4 2264/693/4
f 3495/690/4 2903/686/4 2904/697/4
f 3494/698/4 3495/690/4 2904/697/4
f 4175/696/4 2264/693/4 2265/699/4
f 4174/700/4 4175/696/4 2265/699/4
f 2710/695/4 3794/694/4 3795/701/4
f 2709/702/4 2710/695/4 3795/701/4
f 4174/700/4 2265/699/4 2266/703/4
f 4173/704/4 4174/700/4 2266/703/4
f 2709/702/4 3795/701/4 3796/705/4
f 3493/706/4 3494/698/4 2904/697/4
f 3493/706/4 2904/697/4 2905/707/4
f 4173/704/4 2266/703/4 2267/708/4
f 4172/709/4 4173/704/4 2267/708/4
f 2708/710/4 2709/702/4 3796/705/4
f 2708/710/4 3796/705/4 3797/711/4
f 4172/709/4 2267/708/4 2268/712/4
f 4171/713/4 4172/709/4 2268/712/4
f 3492/714/4 3493/706/4 2905/707/4
f 2708/710/4 3797/711/4 3798/715/4
f 2707/716/4 2708/710/4 3798/715/4
f 4171/713/4 2268/712/4 2269/717/4
f 4170/718/4 4171/713/4 2269/717/4
f 3492/714/4 2905/707/4 2906/719/4
f 4170/718/4 2269/717/4 2270/720/4
f 2707/716/4 3798/715/4 3799/721/4
f 4169/722/4 4170/718/4 2270/720/4
f 3491/723/4 3492/714/4 2906/719/4
f 2706/724/4 2707/716/4 3799/721/4
f 4169/722/4 2270/720/4 2271/725/4
f 2706/724/4 3799/721/4 3800/726/4
f 4168/727/4 4169/722/4 2271/725/4
f 3491/723/4 2906/719/4 2907/728/4
f 2705/729/4 2706/724/4 3800/726/4
f 4168/727/4 2271/725/4 2272/730/4
f 3490/731/4 3491/723/4 2907/728/4
f 4167/732/4 4168/727/4 2272/730/4
f 2705/729/4 3800/726/4 3801/733/4
f 4167/732/4 2272/730/4 2273/734/4
f 4166/735/4 4167/732/4 2273/734/4
f 2704/736/4 2705/729/4 3801/733/4
f 2704/736/4 3801/733/4 3802/737/4
f 3489/738/4 3490/731/4 2907/728/4
f 3489/738/4 2907/728/4 2908/739/4
f 4166/735/4 2273/734/4 2274/740/4
f 4165/741/4 4166/735/4 2274/740/4
f 2704/736/4 3802/737/4 3803/742/4
f 2703/743/4 2704/736/4 3803/742/4
f 4165/741/4 2274/740/4 2275/744/4
f 4164/745/4 4165/741/4 2275/744/4
f 3488/746/4 3489/738/4 2908/739/4
f 2703/743/4 3803/742/4 3804/747/4
f 4163/748/4 4164/745/4 2275/744/4
f 4163/748/4 2275/744/4 2276/749/4
f 3488/746/4 2908/739/4 2909/750/4
f 2702/751/4 2703/743/4 3804/747/4
f 2702/751/4 3804/747/4 3805/752/4
f 4162/753/4 4163/748/4 2276/749/4
f 4162/753/4 2276/749/4 2277/754/4
f 3487/755/4 3488/746/4 2909/750/4
f 2701/756/4 2702/751/4 3805/752/4
f 2701/756/4 3805/752/4 3806/757/4
f 4161/758/4 4162/753/4 2277/754/4
f 4161/758/4 2277/754/4 2278/759/4
f 3487/755/4 2909/750/4 2910/760/4
f 4160/761/4 4161/758/4 2278/759/4
f 2701/756/4 3806/757/4 3807/762/4
f 4160/761/4 2278/759/4 2279/763/4
f 3486/764/4 3487/755/4 2910/760/4
f 2700/765/4 2701/756/4 3807/762/4
f 4160/761/4 2279/763/4 2280/766/4
f 2700/765/4 3807/762/4 3808/767/4
f 2699/768/4 2700/765/4 3808/767/4
f 3486/764/4 2910/760/4 2911/769/4
f 3485/770/4 3486/764/4 2911/769/4
f 4160/761/4 2280/766/4 2281/771/4
f 4159/772/4 4160/761/4 2281/771/4
f 2699/768/4 3808/767/4 3809/773/4
f 4159/772/4 2281/771/4 2282/774/4
f 2698/775/4 2699/768/4 3809/773/4
f 2698/775/4 3809/773/4 3810/776/4
f 3484/777/4 3485/770/4 2911/769/4
f 3484/777/4 2911/769/4 2912/778/4
f 4159/772/4 2282/774/4 2283/779/4
f 4158/780/4 4159/772/4 2283/779/4
f 2698/775/4 3810/776/4 3811/781/4
f 2697/782/4 2698/775/4 3811/781/4
f 4158/780/4 2283/779/4 2284/783/4
f 3483/784/4 3484/777/4 2912/778/4
f 2697/782/4 3811/781/4 3812/785/4
f 2696/786/4 2697/782/4 3812/785/4
f 4158/780/4 2284/783/4 2285/787/4
f 3483/784/4 2912/778/4 2913/788/4
f 4157/789/4 4158/780/4 2285/787/4
f 2696/786/4 3812/785/4 3813/790/4
f 3482/791/4 3483/784/4 2913/788/4
f 4157/789/4 2285/787/4 2286/792/4
f 2695/793/4 2696/786/4 3813/790/4
f 2695/793/4 3813/790/4 3814/794/4
f 4157/789/4 2286/792/4 2287/795/4
f 3482/791/4 2913/788/4 2914/796/4
f 4156/797/4 4157/789/4 2287/795/4
f 2695/793/4 3814/794/4 3815/798/4
f 2694/799/4 2695/793/4 3815/798/4
f 3481/800/4 3482/791/4 2914/796/4
f 4156/797/4 2287/795/4 2288/801/4
f 2694/799/4 3815/798/4 3816/802/4
f 2693/803/4 2694/799/4 3816/802/4
f 4156/797/4 2288/801/4 2289/804/4
f 3481/800/4 2914/796/4 2915/805/4
f 3480/806/4 3481/800/4 2915/805/4
f 4155/807/4 4156/797/4 2289/804/4
f 2693/803/4 3816/802/4 3817/808/4
f 4155/807/4 2289/804/4 2290/809/4
f 2692/810/4 2693/803/4 3817/808/4
f 2692/810/4 3817/808/4 3818/811/4
f 4155/807/4 2290/809/4 2291/812/4
f 3479/813/4 3480/806/4 2915/805/4
f 3479/813/4 2915/805/4 2916/814/4
f 4154/815/4 4155/807/4 2291/812/4
f 2691/816/4 2692/810/4 3818/811/4
f 2691/816/4 3818/811/4 3819/817/4
f 4154/815/4 2291/812/4 2292/818/4
f 3478/819/4 3479/813/4 2916/814/4
f 2691/816/4 3819/817/4 3820/820/4
f 4154/815/4 2292/818/4 2293/821/4
f 2690/822/4 2691/816/4 3820/820/4
f 4153/823/4 4154/815/4 2293/821/4
f 3478/819/4 2916/814/4 2917/824/4
f 2690/822/4 3820/820/4 3821/825/4
f 4153/823/4 2293/821/4 2294/826/4
f 2689/827/4 2690/822/4 3821/825/4
f 3477/828/4 3478/819/4 2917/824/4
f 2689/827/4 3821/825/4 3822/829/4
f 4153/823/4 2294/826/4 2295/830/4
f 4152/831/4 4153/823/4 2295/830/4
f 3477/828/4 2917/824/4 2918/832/4
f 2688/833/4 2689/827/4 3822/829/4
f 4152/831/4 2295/830/4 2296/834/4
f 2688/833/4 3822/829/4 3823/835/4
f 3476/836/4 3477/828/4 2918/832/4
f 2687/837/4 2688/833/4 3823/835/4
f 4152/831/4 2296/834/4 2297/838/4
f 2687/837/4 3823/835/4 3824/839/4
f 4151/840/4 4152/831/4 2297/838/4
f 3476/836/4 2918/832/4 2919/841/4
f 3475/842/4 3476/836/4 2919/841/4
f 4151/840/4 2297/838/4 2298/843/4
f 2686/844/4 2687/837/4 3824/839/4
f 2686/844/4 3824/839/4 3825/845/4
f 4151/840/4 2298/843/4 2299/846/4
f 2685/847/4 2686/844/4 3825/845/4
f 2685/847/4 3825/845/4 3826/848/4
f 4150/849/4 4151/840/4 2299/846/4
f 3474/850/4 3475/842/4 2919/841/4
f 3474/850/4 2919/841/4 2920/851/4
f 4150/849/4 2299/846/4 2300/852/4
f 2685/847/4 3826/848/4 3827/853/4
f 2684/854/4 2685/847/4 3827/853/4
f 4150/849/4 2300/852/4 2301/855/4
f 4149/856/4 4150/849/4 2301/855/4
f 3473/857/4 3474/850/4 2920/851/4
f 2684/854/4 3827/853/4 3828/858/4
f 2683/859/4 2684/854/4 3828/858/4
f 3473/857/4 2920/851/4 2921/860/4
f 4149/856/4 2301/855/4 2302/861/4
f 2683/859/4 3828/858/4 3829/862/4
f 2682/863/4 2683/859/4 3829/862/4
f 3472/864/4 3473/857/4 2921/860/4
f 4148/865/4 4149/856/4 2302/861/4
f 4148/865/4 2302/861/4 2303/866/4
f 2682/863/4 3829/862/4 3830/867/4
f 2681/868/4 2682/863/4 3830/867/4
f 3472/864/4 2921/860/4 2922/869/4
f 4148/865/4 2303/866/4 2304/870/4
f 2681/868/4 3830/867/4 3831/871/4
f 3471/872/4 3472/864/4 2922/869/4
f 2680/873/4 2681/868/4 3831/871/4
f 4147/874/4 4148/865/4 2304/870/4
f 4147/874/4 2304/870/4 2305/875/4
f 2680/873/4 3831/871/4 3832/876/4
f 2679/877/4 2680/873/4 3832/876/4
f 3471/872/4 2922/869/4 2923/878/4
f 4147/874/4 2305/875/4 2306/879/4
f 3470/880/4 3471/872/4 2923/878/4
f 2679/877/4 3832/876/4 3833/881/4
f 4146/882/4 4147/874/4 2306/879/4
f 2678/883/4 2679/877/4 3833/881/4
f 4146/882/4 2306/879/4 2307/884/4
f 2678/883/4 3833/881/4 3834/885/4
f 3469/886/4 3470/880/4 2923/878/4
f 3469/886/4 2923/878/4 2924/887/4
f 2677/888/4 2678/883/4 3834/885/4
f 4146/882/4 2307/884/4 2308/889/4
f 4145/890/4 4146/882/4 2308/889/4
f 2677/888/4 3834/885/4 3835/891/4
f 2676/892/4 2677/888/4 3835/891/4
f 4145/890/4 2308/889/4 2309/893/4
f 3468/894/4 3469/886/4 2924/887/4
f 2676/892/4 3835/891/4 3836/895/4
f 3468/894/4 2924/887/4 2925/896/4
f 2675/897/4 2676/892/4 3836/895/4
f 4144/898/4 4145/890/4 2309/893/4
f 4144/898/4 2309/893/4 2310/899/4
f 2675/897/4 3836/895/4 3837/900/4
f 2674/901/4 2675/897/4 3837/900/4
f 3467/902/4 3468/894/4 2925/896/4
f 4144/898/4 2310/899/4 2311/903/4
f 2674/901/4 3837/900/4 3838/904/4
f 3467/902/4 2925/896/4 2926/905/4
f 4143/906/4 4144/898/4 2311/903/4
f 2673/907/4 2674/901/4 3838/904/4
f 4143/906/4 2311/903/4 2312/908/4
f 2673/907/4 3838/904/4 3839/909/4
f 3466/910/4 3467/902/4 2926/905/4
f 2672/911/4 2673/907/4 3839/909/4
f 2672/911/4 3839/909/4 3840/912/4
f 4143/906/4 2312/908/4 2313/913/4
f 4142/914/4 4143/906/4 2313/913/4
f 3466/910/4 2926/905/4 2927/915/4
f 2671/916/4 2672/911/4 3840/912/4
f 3465/917/4 3466/910/4 2927/915/4
f 2671/916/4 3840/912/4 3841/918/4
f 4142/914/4 2313/913/4 2314/919/4
f 2670/920/4 2671/916/4 3841/918/4
f 4141/921/4 4142/914/4 2314/919/4
f 2670/920/4 3841/918/4 3842/922/4
f 4141/921/4 2314/919/4 2315/923/4
f 3465/917/4 2927/915/4 2928/924/4
f 3464/925/4 3465/917/4 2928/924/4
f 2670/920/4 3842/922/4 3843/926/4
f 2669/927/4 2670/920/4 3843/926/4
f 4141/921/4 2315/923/4 2316/928/4
f 2669/927/4 3843/926/4 3844/929/4
f 4140/930/4 4141/921/4 2316/928/4
f 2668/931/4 2669/927/4 3844/929/4
f 2668/931/4 3844/929/4 3845/932/4
f 3464/925/4 2928/924/4 2929/933/4
f 3463/934/4 3464/925/4 2929/933/4
f 4140/930/4 2316/928/4 2317/935/4
f 2668/931/4 3845/932/4 3846/936/4
f 2667/937/4 2668/931/4 3846/936/4
f 2667/937/4 3846/936/4 3847/938/4
f 4139/939/4 4140/930/4 2317/935/4
f 4139/939/4 2317/935/4 2318/940/4
f 2667/937/4 3847/938/4 3848/941/4
f 2666/942/4 2667/937/4 3848/941/4
f 3462/943/4 3463/934/4 2929/933/4
f 3462/943/4 2929/933/4 2930/944/4
f 2666/942/4 3848/941/4 3849/945/4
f 4139/939/4 2318/940/4 2319/946/4
f 2665/947/4 2666/942/4 3849/945/4
f 2665/947/4 3849/945/4 3850/948/4
f 4138/949/4 4139/939/4 2319/946/4
f 4138/949/4 2319/946/4 2320/950/4
f 2665/947/4 3850/948/4 3851/951/4
f 3461/952/4 3462/943/4 2930/944/4
f 2664/953/4 2665/947/4 3851/951/4
f 2664/953/4 3851/951/4 3852/954/4
f 3461/952/4 2930/944/4 2931/955/4
f 4138/949/4 2320/950/4 2321/956/4
f 4137/957/4 4138/949/4 2321/956/4
f 2664/953/4 3852/954/4 3853/958/4
f 2663/959/4 2664/953/4 3853/958/4
f 3460/960/4 3461/952/4 2931/955/4
f 2663/959/4 3853/958/4 3854/961/4
f 4137/957/4 2321/956/4 2322/962/4
f 2663/959/4 3854/961/4 3855/963/4
f 2662/964/4 2663/959/4 3855/963/4
f 3460/960/4 2931/955/4 2932/965/4
f 4136/966/4 4137/957/4 2322/962/4
f 4136/966/4 2322/962/4 2323/967/4
f 2662/964/4 3855/963/4 3856/968/4
f 3459/969/4 3460/960/4 2932/965/4
f 2661/970/4 2662/964/4 3856/968/4
f 2661/970/4 3856/968/4 3857/971/4
f 4136/966/4 2323/967/4 2324/972/4
f 2661/970/4 3857/971/4 3858/973/4
f 4135/974/4 4136/966/4 2324/972/4
f 2660/975/4 2661/970/4 3858/973/4
f 3459/969/4 2932/965/4 2933/976/4
f 2660/975/4 3858/973/4 3859/977/4
f 4135/974/4 2324/972/4 2325/978/4
f 3458/979/4 3459/969/4 2933/976/4
f 2660/975/4 3859/977/4 3860/980/4
f 2659/981/4 2660/975/4 3860/980/4
f 4135/974/4 2325/978/4 2326/982/4
f 2659/981/4 3860/980/4 3861/983/4
f 4134/984/4 4135/974/4 2326/982/4
f 2658/985/4 2659/981/4 3861/983/4
f 3458/979/4 2933/976/4 2934/986/4
f 2658/985/4 3861/983/4 3862/987/4
f 3457/988/4 3458/979/4 2934/986/4
f 4134/984/4 2326/982/4 2327/989/4
f 2658/985/4 3862/987/4 3863/990/4
f 2657/991/4 2658/985/4 3863/990/4
f 4133/992/4 4134/984/4 2327/989/4
f 4133/992/4 2327/989/4 2328/993/4
f 2657/991/4 3863/990/4 3864/994/4
f 3456/995/4 3457/988/4 2934/986/4
f 2657/991/4 3864/994/4 3865/996/4
f 2656/997/4 2657/991/4 3865/996/4
f 3456/995/4 2934/986/4 2935/998/4
f 4133/992/4 2328/993/4 2329/999/4
f 2656/997/4 3865/996/4 3866/1000/4
f 4132/1001/4 4133/992/4 2329/999/4
f 3455/1002/4 3456/995/4 2935/998/4
f 2655/1003/4 2656/997/4 3866/1000/4
f 2655/1003/4 3866/1000/4 3867/1004/4
f 4132/1001/4 2329/999/4 2330/1005/4
f 2655/1003/4 3867/1004/4 3868/1006/4
f 3454/1007/4 3455/1002/4 2935/998/4
f 2654/1008/4 2655/1003/4 3868/1006/4
f 3454/1007/4 2935/998/4 2936/1009/4
f 4132/1001/4 2330/1005/4 2331/1010/4
f 2654/1008/4 3868/1006/4 3869/1011/4
f 4131/1012/4 4132/1001/4 2331/1010/4
f 3453/1013/4 3454/1007/4 2936/1009/4
f 2653/1014/4 2654/1008/4 3869/1011/4
f 2653/1014/4 3869/1011/4 3870/1015/4
f 4131/1012/4 2331/1010/4 2332/1016/4
f 2653/1014/4 3870/1015/4 3871/1017/4
f 3452/1018/4 3453/1013/4 2936/1009/4
f 3452/1018/4 2936/1009/4 2937/1019/4
f 2652/1020/4 2653/1014/4 3871/1017/4
f 4130/1021/4 4131/1012/4 2332/1016/4
f 4130/1021/4 2332/1016/4 2333/1022/4
f 2652/1020/4 3871/1017/4 3872/1023/4
f 3451/1024/4 3452/1018/4 2937/1019/4
f 2652/1020/4 3872/1023/4 3873/1025/4
f 2651/1026/4 2652/1020/4 3873/1025/4
f 4130/1021/4 2333/1022/4 2334/1027/4
f 2651/1026/4 3873/1025/4 3874/1028/4
f 3450/1029/4 3451/1024/4 2937/1019/4
f 4129/1030/4 4130/1021/4 2334/1027/4
f 3450/1029/4 2937/1019/4 2938/1031/4
f 4129/1030/4 2334/1027/4 2335/1032/4
f 2650/1033/4 2651/1026/4 3874/1028/4
f 2650/1033/4 3874/1028/4 3875/1034/4
f 3449/1035/4 3450/1029/4 2938/1031/4
f 2650/1033/4 3875/1034/4 3876/1036/4
f 4129/1030/4 2335/1032/4 2336/1037/4
f 2649/1038/4 2650/1033/4 3876/1036/4
f 4128/1039/4 4129/1030/4 2336/1037/4
f 2649/1038/4 3876/1036/4 3877/1040/4
f 3448/1041/4 3449/1035/4 2938/1031/4
f 4128/1039/4 2336/1037/4 2337/1042/4
f 3448/1041/4 2938/1031/4 2939/1043/4
f 2649/1038/4 3877/1040/4 3878/1044/4
f 2648/1045/4 2649/1038/4 3878/1044/4
f 3447/1046/4 3448/1041/4 2939/1043/4
f 2648/1045/4 3878/1044/4 3879/1047/4
f 4128/1039/4 2337/1042/4 2338/1048/4
f 4127/1049/4 4128/1039/4 2338/1048/4
f 2647/1050/4 2648/1045/4 3879/1047/4
f 3446/1051/4 3447/1046/4 2939/1043/4
f 2647/1050/4 3879/1047/4 3880/1052/4
f 4127/1049/4 2338/1048/4 2339/1053/4
f 2647/1050/4 3880/1052/4 3881/1054/4
f 3446/1051/4 2939/1043/4 2940/1055/4
f 2646/1056/4 2647/1050/4 3881/1054/4
f 3445/1057/4 3446/1051/4 2940/1055/4
f 4126/1058/4 4127/1049/4 2339/1053/4
f 2646/1056/4 3881/1054/4 3882/1059/4
f 4126/1058/4 2339/1053/4 2340/1060/4
f 3444/1061/4 3445/1057/4 2940/1055/4
f 2645/1062/4 2646/1056/4 3882/1059/4
f 2645/1062/4 3882/1059/4 3883/1063/4
f 4126/1058/4 2340/1060/4 2341/1064/4
f 2645/1062/4 3883/1063/4 3884/1065/4
f 3443/1066/4 3444/1061/4 2940/1055/4
f 3443/1066/4 2940/1055/4 2941/1067/4
f 4125/1068/4 4126/1058/4 2341/1064/4
f 2644/1069/4 2645/1062/4 3884/1065/4
f 2644/1069/4 3884/1065/4 3885/1070/4
f 4125/1068/4 2341/1064/4 2342/1071/4
f 3442/1072/4 3443/1066/4 2941/1067/4
f 2644/1069/4 3885/1070/4 3886/1073/4
f 2643/1074/4 2644/1069/4 3886/1073/4
f 4125/1068/4 2342/1071/4 2343/1075/4
f 4124/1076/4 4125/1068/4 2343/1075/4
f 3441/1077/4 3442/1072/4 2941/1067/4
f 2643/1074/4 3886/1073/4 3887/1078/4
f 3441/1077/4 2941/1067/4 2942/1079/4
f 2642/1080/4 2643/1074/4 3887/1078/4
f 2642/1080/4 3887/1078/4 3888/1081/4
f 4124/1076/4 2343/1075/4 2344/1082/4
f 3440/1083/4 3441/1077/4 2942/1079/4
f 2642/1080/4 3888/1081/4 3889/1084/4
f 2641/1085/4 2642/1080/4 3889/1084/4
f 4123/1086/4 4124/1076/4 2344/1082/4
f 4123/1086/4 2344/1082/4 2345/1087/4
f 3439/1088/4 3440/1083/4 2942/1079/4
f 2641/1085/4 3889/1084/4 3890/1089/4
f 3439/1088/4 2942/1079/4 2943/1090/4
f 2640/1091/4 2641/1085/4 3890/1089/4
f 4123/1086/4 2345/1087/4 2346/1092/4
f 3438/1093/4 3439/1088/4 2943/1090/4
f 2640/1091/4 3890/1089/4 3891/1094/4
f 4122/1095/4 4123/1086/4 2346/1092/4
f 2640/1091/4 3891/1094/4 3892/1096/4
f 2639/1097/4 2640/1091/4 3892/1096/4
f 3437/1098/4 3438/1093/4 2943/1090/4
f 4122/1095/4 2346/1092/4 2347/1099/4
f 2639/1097/4 3892/1096/4 3893/1100/4
f 3436/1101/4 3437/1098/4 2943/1090/4
f 3436/1101/4 2943/1090/4 2944/1102/4
f 4122/1095/4 2347/1099/4 2348/1103/4
f 2638/1104/4 2639/1097/4 3893/1100/4
f 2638/1104/4 3893/1100/4 3894/1105/4
f 4121/1106/4 4122/1095/4 2348/1103/4
f 3435/1107/4 3436/1101/4 2944/1102/4
f 2638/1104/4 3894/1105/4 3895/1108/4
f 4121/1106/4 2348/1103/4 2349/1109/4
f 2637/1110/4 2638/1104/4 3895/1108/4
f 2637/1110/4 3895/1108/4 3896/1111/4
f 3434/1112/4 3435/1107/4 2944/1102/4
f 4121/1106/4 2349/1109/4 2350/1113/4
f 4120/1114/4 4121/1106/4 2350/1113/4
f 3434/1112/4 2944/1102/4 2945/1115/4
f 2636/1116/4 2637/1110/4 3896/1111/4
f 2636/1116/4 3896/1111/4 3897/1117/4
f 3433/1118/4 3434/1112/4 2945/1115/4
f 4120/1114/4 2350/1113/4 2351/1119/4
f 2636/1116/4 3897/1117/4 3898/1120/4
f 2635/1121/4 2636/1116/4 3898/1120/4
f 3432/1122/4 3433/1118/4 2945/1115/4
f 2635/1121/4 3898/1120/4 3899/1123/4
f 4119/1124/4 4120/1114/4 2351/1119/4
f 4119/1124/4 2351/1119/4 2352/1125/4
f 3432/1122/4 2945/1115/4 2946/1126/4
f 2635/1121/4 3899/1123/4 3900/1127/4
f 2634/1128/4 2635/1121/4 3900/1127/4
f 3431/1129/4 3432/1122/4 2946/1126/4
f 4119/1124/4 2352/1125/4 2353/1130/4
f 2634/1128/4 3900/1127/4 3901/1131/4
f 3430/1132/4 3431/1129/4 2946/1126/4
f 4118/1133/4 4119/1124/4 2353/1130/4
f 2633/1134/4 2634/1128/4 3901/1131/4
f 2633/1134/4 3901/1131/4 3902/1135/4
f 4118/1133/4 2353/1130/4 2354/1136/4
f 3430/1132/4 2946/1126/4 2947/1137/4
f 3429/1138/4 3430/1132/4 2947/1137/4
f 2633/1134/4 3902/1135/4 3903/1139/4
f 2632/1140/4 2633/1134/4 3903/1139/4
f 4118/1133/4 2354/1136/4 2355/1141/4
f 3428/1142/4 3429/1138/4 2947/1137/4
f 4117/1143/4 4118/1133/4 2355/1141/4
f 2632/1140/4 3903/1139/4 3904/1144/4
f 2631/1145/4 2632/1140/4 3904/1144/4
f 3428/1142/4 2947/1137/4 2948/1146/4
f 4117/1143/4 2355/1141/4 2356/1147/4
f 3427/1148/4 3428/1142/4 2948/1146/4
f 2631/1145/4 3904/1144/4 3905/1149/4
f 2631/1145/4 3905/1149/4 3906/1150/4
f 2630/1151/4 2631/1145/4 3906/1150/4
f 4117/1143/4 2356/1147/4 2357/1152/4
f 3426/1153/4 3427/1148/4 2948/1146/4
f 4116/1154/4 4117/1143/4 2357/1152/4
f 3426/1153/4 2948/1146/4 2949/1155/4
f 2630/1151/4 3906/1150/4 3907/1156/4
f 3425/1157/4 3426/1153/4 2949/1155/4
f 4116/1154/4 2357/1152/4 2358/1158/4
f 2629/1159/4 2630/1151/4 3907/1156/4
f 3424/1160/4 3425/1157/4 2949/1155/4
f 4115/1161/4 4116/1154/4 2358/1158/4
f 2629/1159/4 3907/1156/4 3908/1162/4
f 4115/1161/4 2358/1158/4 2359/1163/4
f 2628/1164/4 2629/1159/4 3908/1162/4
f 3424/1160/4 2949/1155/4 2950/1165/4
f 3423/1166/4 3424/1160/4 2950/1165/4
f 2628/1164/4 3908/1162/4 3909/1167/4
f 4115/1161/4 2359/1163/4 2360/1168/4
f 2627/1169/4 2628/1164/4 3909/1167/4
f 3422/1170/4 3423/1166/4 2950/1165/4
f 4114/1171/4 4115/1161/4 2360/1168/4
f 2627/1169/4 3909/1167/4 3910/1172/4
f 4114/1171/4 2360/1168/4 2361/1173/4
f 3422/1170/4 2950/1165/4 2951/1174/4
f 3421/1175/4 3422/1170/4 2951/1174/4
f 2626/1176/4 2627/1169/4 3910/1172/4
f 2626/1176/4 3910/1172/4 3911/1177/4
f 4114/1171/4 2361/1173/4 2362/1178/4
f 3420/1179/4 3421/1175/4 2951/1174/4
f 4113/1180/4 4114/1171/4 2362/1178/4
f 2626/1176/4 3911/1177/4 3912/1181/4
f 2625/1182/4 2626/1176/4 3912/1181/4
f 3420/1179/4 2951/1174/4 2952/1183/4
f 4113/1180/4 2362/1178/4 2363/1184/4
f 3419/1185/4 3420/1179/4 2952/1183/4
f 2625/1182/4 3912/1181/4 3913/1186/4
f 2624/1187/4 2625/1182/4 3913/1186/4
f 4113/1180/4 2363/1184/4 2364/1188/4
f 3418/1189/4 3419/1185/4 2952/1183/4
f 4112/1190/4 4113/1180/4 2364/1188/4
f 2624/1187/4 3913/1186/4 3914/1191/4
f 3418/1189/4 2952/1183/4 2953/1192/4
f 3417/1193/4 3418/1189/4 2953/1192/4
f 4112/1190/4 2364/1188/4 2365/1194/4
f 2624/1187/4 3914/1191/4 3915/1195/4
f 2623/1196/4 2624/1187/4 3915/1195/4
f 3416/1197/4 3417/1193/4 2953/1192/4
f 4111/1198/4 4112/1190/4 2365/1194/4
f 4111/1198/4 2365/1194/4 2366/1199/4
f 2623/1196/4 3915/1195/4 3916/1200/4
f 3416/1197/4 2953/1192/4 2954/1201/4
f 3415/1202/4 3416/1197/4 2954/1201/4
f 4111/1198/4 2366/1199/4 2367/1203/4
f 2623/1196/4 3916/1200/4 3917/1204/4
f 2622/1205/4 2623/1196/4 3917/1204/4
f 3414/1206/4 3415/1202/4 2954/1201/4
f 4110/1207/4 4111/1198/4 2367/1203/4
f 4110/1207/4 2367/1203/4 2368/1208/4
f 3414/1206/4 2954/1201/4 2955/1209/4
f 2622/1205/4 3917/1204/4 3918/1210/4
f 3413/1211/4 3414/1206/4 2955/1209/4
f 4110/1207/4 2368/1208/4 2369/1212/4
f 2622/1205/4 3918/1210/4 3919/1213/4
f 2621/1214/4 2622/1205/4 3919/1213/4
f 3412/1215/4 3413/1211/4 2955/1209/4
f 4109/1216/4 4110/1207/4 2369/1212/4
f 3412/1215/4 2955/1209/4 2956/1217/4
f 2621/1214/4 3919/1213/4 3920/1218/4
f 4109/1216/4 2369/1212/4 2370/1219/4
f 3411/1220/4 3412/1215/4 2956/1217/4
f 2620/1221/4 2621/1214/4 3920/1218/4
f 2620/1221/4 3920/1218/4 3921/1222/4
f 3410/1223/4 3411/1220/4 2956/1217/4
f 4108/1224/4 4109/1216/4 2370/1219/4
f 3410/1223/4 2956/1217/4 2957/1225/4
f 4108/1224/4 2370/1219/4 2371/1226/4
f 2620/1221/4 3921/1222/4 3922/1227/4
f 3409/1228/4 3410/1223/4 2957/1225/4
f 2619/1229/4 2620/1221/4 3922/1227/4
f 3408/1230/4 3409/1228/4 2957/1225/4
f 2619/1229/4 3922/1227/4 3923/1231/4
f 4107/1232/4 4108/1224/4 2371/1226/4
f 3408/1230/4 2957/1225/4 2958/1233/4
f 4107/1232/4 2371/1226/4 2372/1234/4
f 3407/1235/4 3408/1230/4 2958/1233/4
f 2619/1229/4 3923/1231/4 3924/1236/4
f 2618/1237/4 2619/1229/4 3924/1236/4
f 3406/1238/4 3407/1235/4 2958/1233/4
f 2618/1237/4 3924/1236/4 3925/1239/4
f 4106/1240/4 4107/1232/4 2372/1234/4
f 3406/1238/4 2958/1233/4 2959/1241/4
f 4106/1240/4 2372/1234/4 2373/1242/4
f 3405/1243/4 3406/1238/4 2959/1241/4
f 2618/1237/4 3925/1239/4 3926/1244/4
f 3404/1245/4 3405/1243/4 2959/1241/4
f 2617/1246/4 2618/1237/4 3926/1244/4
f 2617/1246/4 3926/1244/4 3927/1247/4
f 4106/1240/4 2373/1242/4 2374/1248/4
f 3404/1245/4 2959/1241/4 2960/1249/4
f 4105/1250/4 4106/1240/4 2374/1248/4
f 3403/1251/4 3404/1245/4 2960/1249/4
f 2617/1246/4 3927/1247/4 3928/1252/4
f 3402/1253/4 3403/1251/4 2960/1249/4
f 2616/1254/4 2617/1246/4 3928/1252/4
f 2616/1254/4 3928/1252/4 3929/1255/4
f 4105/1250/4 2374/1248/4 2375/1256/4
f 3402/1253/4 2960/1249/4 2961/1257/4
f 3401/1258/4 3402/1253/4 2961/1257/4
f 4104/1259/4 4105/1250/4 2375/1256/4
f 2616/1254/4 3929/1255/4 3930/1260/4
f 3400/1261/4 3401/1258/4 2961/1257/4
f 2615/1262/4 2616/1254/4 3930/1260/4
f 2615/1262/4 3930/1260/4 3931/1263/4
f 4104/1259/4 2375/1256/4 2376/1264/4
f 3399/1265/4 3400/1261/4 2961/1257/4
f 3399/1265/4 2961/1257/4 2962/1266/4
f 4103/1267/4 4104/1259/4 2376/1264/4
f 2615/1262/4 3931/1263/4 3932/1268/4
f 3398/1269/4 3399/1265/4 2962/1266/4
f 2614/1270/4 2615/1262/4 3932/1268/4
f 2614/1270/4 3932/1268/4 3933/1271/4
f 4103/1267/4 2376/1264/4 2377/1272/4
f 3397/1273/4 3398/1269/4 2962/1266/4
f 3397/1273/4 2962/1266/4 2963/1274/4
f 2614/1270/4 3933/1271/4 3934/1275/4
f 4102/1276/4 4103/1267/4 2377/1272/4
f 3396/1277/4 3397/1273/4 2963/1274/4
f 2613/1278/4 2614/1270/4 3934/1275/4
f 2613/1278/4 3934/1275/4 3935/1279/4
f 4102/1276/4 2377/1272/4 2378/1280/4
f 3395/1281/4 3396/1277/4 2963/1274/4
f 3395/1281/4 2963/1274/4 2964/1282/4
f 2613/1278/4 3935/1279/4 3936/1283/4
f 3394/1284/4 3395/1281/4 2964/1282/4
f 4101/1285/4 4102/1276/4 2378/1280/4
f 2612/1286/4 2613/1278/4 3936/1283/4
f 2612/1286/4 3936/1283/4 3937/1287/4
f 4101/1285/4 2378/1280/4 2379/1288/4
f 3393/1289/4 3394/1284/4 2964/1282/4
f 3393/1289/4 2964/1282/4 2965/1290/4
f 2612/1286/4 3937/1287/4 3938/1291/4
f 3392/1292/4 3393/1289/4 2965/1290/4
f 4100/1293/4 4101/1285/4 2379/1288/4
f 2611/1294/4 2612/1286/4 3938/1291/4
f 2611/1294/4 3938/1291/4 3939/1295/4
f 4100/1293/4 2379/1288/4 2380/1296/4
f 3391/1297/4 3392/1292/4 2965/1290/4
f 3391/1297/4 2965/1290/4 2966/1298/4
f 2611/1294/4 3939/1295/4 3940/1299/4
f 3390/1300/4 3391/1297/4 2966/1298/4
f 2610/1301/4 2611/1294/4 3940/1299/4
f 4099/1302/4 4100/1293/4 2380/1296/4
f 2610/1301/4 3940/1299/4 3941/1303/4
f 4099/1302/4 2380/1296/4 2381/1304/4
f 3389/1305/4 3390/1300/4 2966/1298/4
f 3389/1305/4 2966/1298/4 2967/1306/4
f 2610/1301/4 3941/1303/4 3942/1307/4
f 3388/1308/4 3389/1305/4 2967/1306/4
f 2609/1309/4 2610/1301/4 3942/1307/4
f 2609/1309/4 3942/1307/4 3943/1310/4
f 4099/1302/4 2381/1304/4 2382/1311/4
f 4098/1312/4 4099/1302/4 2382/1311/4
f 3387/1313/4 3388/1308/4 2967/1306/4
f 3387/1313/4 2967/1306/4 2968/1314/4
f 2609/1309/4 3943/1310/4 3944/1315/4
f 3386/1316/4 3387/1313/4 2968/1314/4
f 2608/1317/4 2609/1309/4 3944/1315/4
f 2608/1317/4 3944/1315/4 3945/1318/4
f 4098/1312/4 2382/1311/4 2383/1319/4
f 3385/1320/4 3386/1316/4 2968/1314/4
f 4097/1321/4 4098/1312/4 2383/1319/4
f 2608/1317/4 3945/1318/4 3946/1322/4
f 3385/1320/4 2968/1314/4 2969/1323/4
f 3384/1324/4 3385/1320/4 2969/1323/4
f 2607/1325/4 2608/1317/4 3946/1322/4
f 2607/1325/4 3946/1322/4 3947/1326/4
f 4097/1321/4 2383/1319/4 2384/1327/4
f 3383/1328/4 3384/1324/4 2969/1323/4
f 2607/1325/4 3947/1326/4 3948/1329/4
f 4096/1330/4 4097/1321/4 2384/1327/4
f 3383/1328/4 2969/1323/4 2970/1331/4
f 3382/1332/4 3383/1328/4 2970/1331/4
f 2607/1325/4 3948/1329/4 3949/1333/4
f 2606/1334/4 2607/1325/4 3949/1333/4
f 4096/1330/4 2384/1327/4 2385/1335/4
f 4095/1336/4 4096/1330/4 2385/1335/4
f 2606/1334/4 3949/1333/4 3950/1337/4
f 3381/1338/4 3382/1332/4 2970/1331/4
f 3381/1338/4 2970/1331/4 2971/1339/4
f 4094/1340/4 4095/1336/4 2385/1335/4
f 2606/1334/4 3950/1337/4 3951/1341/4
f 2605/1342/4 2606/1334/4 3951/1341/4
f 4094/1340/4 2385/1335/4 2386/1343/4
f 3380/1344/4 3381/1338/4 2971/1339/4
f 2605/1342/4 3951/1341/4 3952/1345/4
f 4093/1346/4 4094/1340/4 2386/1343/4
f 3379/1347/4 3380/1344/4 2971/1339/4
f 3379/1347/4 2971/1339/4 2972/1348/4
f 2605/1342/4 3952/1345/4 3953/1349/4
f 4093/1346/4 2386/1343/4 2387/1350/4
f 4092/1351/4 4093/1346/4 2387/1350/4
f 2604/1352/4 2605/1342/4 3953/1349/4
f 3378/1353/4 3379/1347/4 2972/1348/4
f 2604/1352/4 3953/1349/4 3954/1354/4
f 4091/1355/4 4092/1351/4 2387/1350/4
f 3377/1356/4 3378/1353/4 2972/1348/4
f 3377/1356/4 2972/1348/4 2973/1357/4
f 2604/1352/4 3954/1354/4 3955/1358/4
f 4091/1355/4 2387/1350/4 2388/1359/4
f 2603/1360/4 2604/1352/4 3955/1358/4
f 4090/1361/4 4091/1355/4 2388/1359/4
f 3376/1362/4 3377/1356/4 2973/1357/4
f 2603/1360/4 3955/1358/4 3956/1363/4
f 2603/1360/4 3956/1363/4 3957/1364/4
f 4089/1365/4 4090/1361/4 2388/1359/4
f 3375/1366/4 3376/1362/4 2973/1357/4
f 3375/1366/4 2973/1357/4 2974/1367/4
f 4089/1365/4 2388/1359/4 2389/1368/4
f 2602/1369/4 2603/1360/4 3957/1364/4
f 2602/1369/4 3957/1364/4 3958/1370/4
f 3374/1371/4 3375/1366/4 2974/1367/4
f 4088/1372/4 4089/1365/4 2389/1368/4
f 2602/1369/4 3958/1370/4 3959/1373/4
f 3373/1374/4 3374/1371/4 2974/1367/4
f 4087/1375/4 4088/1372/4 2389/1368/4
f 4087/1375/4 2389/1368/4 2390/1376/4
f 3373/1374/4 2974/1367/4 2975/1377/4
f 2601/1378/4 2602/1369/4 3959/1373/4
f 2601/1378/4 3959/1373/4 3960/1379/4
f 3372/1380/4 3373/1374/4 2975/1377/4
f 4086/1381/4 4087/1375/4 2390/1376/4
f 2601/1378/4 3960/1379/4 3961/1382/4
f 4086/1381/4 2390/1376/4 2391/1383/4
f 4085/1384/4 4086/1381/4 2391/1383/4
f 3371/1385/4 3372/1380/4 2975/1377/4
f 3371/1385/4 2975/1377/4 2976/1386/4
f 2601/1378/4 3961/1382/4 3962/1387/4
f 2600/1388/4 2601/1378/4 3962/1387/4
f 2600/1388/4 3962/1387/4 3963/1389/4
f 4084/1390/4 4085/1384/4 2391/1383/4
f 3370/1391/4 3371/1385/4 2976/1386/4
f 4084/1390/4 2391/1383/4 2392/1392/4
f 2600/1388/4 3963/1389/4 3964/1393/4
f 4083/1394/4 4084/1390/4 2392/1392/4
f 3370/1391/4 2976/1386/4 2977/1395/4
f 2599/1396/4 2600/1388/4 3964/1393/4
f 3369/1397/4 3370/1391/4 2977/1395/4
f 2599/1396/4 3964/1393/4 3965/1398/4
f 4082/1399/4 4083/1394/4 2392/1392/4
f 3368/1400/4 3369/1397/4 2977/1395/4
f 4082/1399/4 2392/1392/4 2393/1401/4
f 2599/1396/4 3965/1398/4 3966/1402/4
f 2598/1403/4 2599/1396/4 3966/1402/4
f 4081/1404/4 4082/1399/4 2393/1401/4
f 3368/1400/4 2977/1395/4 2978/1405/4
f 2598/1403/4 3966/1402/4 3967/1406/4
f 3367/1407/4 3368/1400/4 2978/1405/4
f 4080/1408/4 4081/1404/4 2393/1401/4
f 2598/1403/4 3967/1406/4 3968/1409/4
f 4080/1408/4 2393/1401/4 2394/1410/4
f 3366/1411/4 3367/1407/4 2978/1405/4
f 4079/1412/4 4080/1408/4 2394/1410/4
f 2597/1413/4 2598/1403/4 3968/1409/4
f 2597/1413/4 3968/1409/4 3969/1414/4
f 3366/1411/4 2978/1405/4 2979/1415/4
f 3365/1416/4 3366/1411/4 2979/1415/4
f 2597/1413/4 3969/1414/4 3970/1417/4
f 4078/1418/4 4079/1412/4 2394/1410/4
f 4078/1418/4 2394/1410/4 2395/1419/4
f 2597/1413/4 3970/1417/4 3971/1420/4
f 3364/1421/4 3365/1416/4 2979/1415/4
f 4077/1422/4 4078/1418/4 2395/1419/4
f 2596/1423/4 2597/1413/4 3971/1420/4
f 2596/1423/4 3971/1420/4 3972/1424/4
f 3364/1421/4 2979/1415/4 2980/1425/4
f 3363/1426/4 3364/1421/4 2980/1425/4
f 4076/1427/4 4077/1422/4 2395/1419/4
f 2596/1423/4 3972/1424/4 3973/1428/4
f 4076/1427/4 2395/1419/4 2396/1429/4
f 2596/1423/4 3973/1428/4 3974/1430/4
f 4075/1431/4 4076/1427/4 2396/1429/4
f 2595/1432/4 2596/1423/4 3974/1430/4
f 3362/1433/4 3363/1426/4 2980/1425/4
f 2595/1432/4 3974/1430/4 3975/1434/4
f 3362/1433/4 2980/1425/4 2981/1435/4
f 4074/1436/4 4075/1431/4 2396/1429/4
f 2595/1432/4 3975/1434/4 3976/1437/4
f 4074/1436/4 2396/1429/4 2397/1438/4
f 3361/1439/4 3362/1433/4 2981/1435/4
f 2595/1432/4 3976/1437/4 3977/1440/4
f 4073/1441/4 4074/1436/4 2397/1438/4
f 2594/1442/4 2595/1432/4 3977/1440/4
f 2594/1442/4 3977/1440/4 3978/1443/4
f 3360/1444/4 3361/1439/4 2981/1435/4
f 4072/1445/4 4073/1441/4 2397/1438/4
f 3360/1444/4 2981/1435/4 2982/1446/4
f 2594/1442/4 3978/1443/4 3979/1447/4
f 4072/1445/4 2397/1438/4 2398/1448/4
f 4071/1449/4 4072/1445/4 2398/1448/4
f 2594/1442/4 3979/1447/4 3980/1450/4
f 3359/1451/4 3360/1444/4 2982/1446/4
f 2594/1442/4 3980/1450/4 3981/1452/4
f 2593/1453/4 2594/1442/4 3981/1452/4
f 4070/1454/4 4071/1449/4 2398/1448/4
f 2593/1453/4 3981/1452/4 3982/1455/4
f 3358/1456/4 3359/1451/4 2982/1446/4
f 4070/1454/4 2398/1448/4 2399/1457/4
f 3358/1456/4 2982/1446/4 2983/1458/4
f 4069/1459/4 4070/1454/4 2399/1457/4
f 2593/1453/4 3982/1455/4 3983/1460/4
f 2593/1453/4 3983/1460/4 3984/1461/4
f 4068/1462/4 4069/1459/4 2399/1457/4
f 3357/1463/4 3358/1456/4 2983/1458/4
f 2592/1464/4 2593/1453/4 3984/1461/4
f 2592/1464/4 3984/1461/4 3985/1465/4
f 4067/1466/4 4068/1462/4 2399/1457/4
f 4067/1466/4 2399/1457/4 2400/1467/4
f 2592/1464/4 3985/1465/4 3986/1468/4
f 3357/1463/4 2983/1458/4 2984/1469/4
f 3356/1470/4 3357/1463/4 2984/1469/4
f 4066/1471/4 4067/1466/4 2400/1467/4
f 2592/1464/4 3986/1468/4 3987/1472/4
f 2592/1464/4 3987/1472/4 3988/1473/4
f 2591/1474/4 2592/1464/4 3988/1473/4
f 4065/1475/4 4066/1471/4 2400/1467/4
f 3355/1476/4 3356/1470/4 2984/1469/4
f 2591/1474/4 3988/1473/4 3989/1477/4
f 4065/1475/4 2400/1467/4 2401/1478/4
f 4064/1479/4 4065/1475/4 2401/1478/4
f 2591/1474/4 3989/1477/4 3990/1480/4
f 3355/1476/4 2984/1469/4 2985/1481/4
f 3354/1482/4 3355/1476/4 2985/1481/4
f 4063/1483/4 4064/1479/4 2401/1478/4
f 2591/1474/4 3990/1480/4 3991/1484/4
f 2591/1474/4 3991/1484/4 3992/1485/4
f 2590/1486/4 2591/1474/4 3992/1485/4
f 4062/1487/4 4063/1483/4 2401/1478/4
f 4062/1487/4 2401/1478/4 2402/1488/4
f 2590/1486/4 3992/1485/4 3993/1489/4
f 3353/1490/4 3354/1482/4 2985/1481/4
f 4061/1491/4 4062/1487/4 2402/1488/4
f 2590/1486/4 3993/1489/4 3994/1492/4
f 2590/1486/4 3994/1492/4 3995/1493/4
f 3353/1490/4 2985/1481/4 2986/1494/4
f 4060/1495/4 4061/1491/4 2402/1488/4
f 2590/1486/4 3995/1493/4 3996/1496/4
f 3352/1497/4 3353/1490/4 2986/1494/4
f 2589/1498/4 2590/1486/4 3996/1496/4
f 4059/1499/4 4060/1495/4 2402/1488/4
f 2589/1498/4 3996/1496/4 3997/1500/4
f 4059/1499/4 2402/1488/4 2403/1501/4
f 4058/1502/4 4059/1499/4 2403/1501/4
f 2589/1498/4 3997/1500/4 3998/1503/4
f 3351/1504/4 3352/1497/4 2986/1494/4
f 2589/1498/4 3998/1503/4 3999/1505/4
f 4057/1506/4 4058/1502/4 2403/1501/4
f 2589/1498/4 3999/1505/4 4000/1507/4
f 3351/1504/4 2986/1494/4 2987/1508/4
f 4056/1509/4 4057/1506/4 2403/1501/4
f 2589/1498/4 4000/1507/4 4001/1510/4
f 2588/1511/4 2589/1498/4 4001/1510/4
f 4056/1509/4 2403/1501/4 2404/1512/4
f 2588/1511/4 4001/1510/4 4002/1513/4
f 3350/1514/4 3351/1504/4 2987/1508/4
f 4055/1515/4 4056/1509/4 2404/1512/4
f 2588/1511/4 4002/1513/4 4003/1516/4
f 4054/1517/4 4055/1515/4 2404/1512/4
f 2588/1511/4 4003/1516/4 4004/1518/4
f 4053/1519/4 4054/1517/4 2404/1512/4
f 2588/1511/4 4004/1518/4 4005/1520/4
f 3349/1521/4 3350/1514/4 2987/1508/4
f 2588/1511/4 4005/1520/4 4006/1522/4
f 4052/1523/4 4053/1519/4 2404/1512/4
f 3349/1521/4 2987/1508/4 2988/1524/4
f 2587/1525/4 2588/1511/4 4006/1522/4
f 4052/1523/4 2404/1512/4 2405/1526/4
f 2587/1525/4 4006/1522/4 4007/1527/4
f 4051/1528/4 4052/1523/4 2405/1526/4
f 2587/1525/4 4007/1527/4 4008/1529/4
f 2587/1525/4 4008/1529/4 4009/1530/4
f 4050/1531/4 4051/1528/4 2405/1526/4
f 3348/1532/4 3349/1521/4 2988/1524/4
f 2587/1525/4 4009/1530/4 4010/1533/4
f 4049/1534/4 4050/1531/4 2405/1526/4
f 2587/1525/4 4010/1533/4 4011/1535/4
f 4048/1536/4 4049/1534/4 2405/1526/4
f 2587/1525/4 4011/1535/4 4012/1537/4
f 2587/1525/4 4012/1537/4 4013/1538/4
f 4047/1539/4 4048/1536/4 2405/1526/4
f 4047/1539/4 2405/1526/4 2406/1540/4
f 2586/1541/4 2587/1525/4 4013/1538/4
f 3347/1542/4 3348/1532/4 2988/1524/4
f 2586/1541/4 4013/1538/4 4014/1543/4
f 3347/1542/4 2988/1524/4 2989/1544/4
f 4046/1545/4 4047/1539/4 2406/1540/4
f 2586/1541/4 4014/1543/4 4015/1546/4
f 4045/1547/4 4046/1545/4 2406/1540/4
f 2586/1541/4 4015/1546/4 4016/1548/4
f 2586/1541/4 4016/1548/4 4017/1549/4
f 4044/1550/4 4045/1547/4 2406/1540/4
f 2586/1541/4 4017/1549/4 4018/1551/4
f 4043/1552/4 4044/1550/4 2406/1540/4
f 2586/1541/4 4018/1551/4 4019/1553/4
f 2586/1541/4 4019/1553/4 4020/1554/4
f 3346/1555/4 3347/1542/4 2989/1544/4
f 4042/1556/4 4043/1552/4 2406/1540/4
f 2586/1541/4 4020/1554/4 4021/1557/4
f 4041/1558/4 4042/1556/4 2406/1540/4
f 2586/1541/4 4021/1557/4 4022/1559/4
f 4041/1558/4 2406/1540/4 2407/1560/4
f 4040/1561/4 4041/1558/4 2407/1560/4
f 2586/1541/4 4022/1559/4 4023/1562/4
f 2586/1541/4 4023/1562/4 4024/1563/4
f 4039/1564/4 4040/1561/4 2407/1560/4
f 2585/1565/4 2586/1541/4 4024/1563/4
f 2585/1565/4 4024/1563/4 4025/1566/4
f 4038/1567/4 4039/1564/4 2407/1560/4
f 2585/1565/4 4025/1566/4 4026/1568/4
f 2585/1565/4 4026/1568/4 4027/1569/4
f 4037/1570/4 4038/1567/4 2407/1560/4
f 2585/1565/4 4027/1569/4 4028/1571/4
f 4036/1572/4 4037/1570/4 2407/1560/4
f 2585/1565/4 4028/1571/4 4029/1573/4
f 3346/1555/4 2989/1544/4 2990/1574/4
f 4035/1575/4 4036/1572/4 2407/1560/4
f 2585/1565/4 4029/1573/4 4030/1576/4
f 2585/1565/4 4030/1576/4 4031/1577/4
f 4034/1578/4 4035/1575/4 2407/1560/4
f 2585/1565/4 4031/1577/4 4032/1579/4
f 4033/1580/4 4034/1578/4 2407/1560/4
f 2585/1565/4 4032/1579/4 4033/1580/4
f 2585/1565/4 4033/1580/4 2407/1560/4
f 3345/1581/4 3346/1555/4 2990/1574/4
f 2585/1565/4 2407/1560/4 2408/1582/4
f 3344/1583/4 3345/1581/4 2990/1574/4
f 2584/1584/4 2585/1565/4 2408/1582/4
f 3344/1583/4 2990/1574/4 2991/1585/4
f 3343/1586/4 3344/1583/4 2991/1585/4
f 2584/1584/4 2408/1582/4 2409/1587/4
f 2583/1588/4 2584/1584/4 2409/1587/4
f 3342/1589/4 3343/1586/4 2991/1585/4
f 3342/1589/4 2991/1585/4 2992/1590/4
f 2583/1588/4 2409/1587/4 2410/1591/4
f 3341/1592/4 3342/1589/4 2992/1590/4
f 2582/1593/4 2583/1588/4 2410/1591/4
f 3340/1594/4 3341/1592/4 2992/1590/4
f 2582/1593/4 2410/1591/4 2411/1595/4
f 3340/1594/4 2992/1590/4 2993/1596/4
f 2581/1597/4 2582/1593/4 2411/1595/4
f 3339/1598/4 3340/1594/4 2993/1596/4
f 2581/1597/4 2411/1595/4 2412/1599/4
f 3339/1598/4 2993/1596/4 2994/1600/4
f 3338/1601/4 3339/1598/4 2994/1600/4
f 2580/1602/4 2581/1597/4 2412/1599/4
f 2580/1602/4 2412/1599/4 2413/1603/4
f 3337/1604/4 3338/1601/4 2994/1600/4
f 3337/1604/4 2994/1600/4 2995/1605/4
f 2579/1606/4 2580/1602/4 2413/1603/4
f 3336/1607/4 3337/1604/4 2995/1605/4
f 2579/1606/4 2413/1603/4 2414/1608/4
f 3335/1609/4 3336/1607/4 2995/1605/4
f 2578/1610/4 2579/1606/4 2414/1608/4
f 3335/1609/4 2995/1605/4 2996/1611/4
f 2578/1610/4 2414/1608/4 2415/1612/4
f 3334/1613/4 3335/1609/4 2996/1611/4
f 2577/1614/4 2578/1610/4 2415/1612/4
f 2577/1614/4 2415/1612/4 2416/1615/4
f 3333/1616/4 3334/1613/4 2996/1611/4
f 3333/1616/4 2996/1611/4 2997/1617/4
f 3332/1618/4 3333/1616/4 2997/1617/4
f 2576/1619/4 2577/1614/4 2416/1615/4
f 2576/1619/4 2416/1615/4 2417/1620/4
f 3332/1618/4 2997/1617/4 2998/1621/4
f 3331/1622/4 3332/1618/4 2998/1621/4
f 2576/1619/4 2417/1620/4 2418/1623/4
f 2575/1624/4 2576/1619/4 2418/1623/4
f 3330/1625/4 3331/1622/4 2998/1621/4
f 3330/1625/4 2998/1621/4 2999/1626/4
f 2575/1624/4 2418/1623/4 2419/1627/4
f 2574/1628/4 2575/1624/4 2419/1627/4
f 3329/1629/4 3330/1625/4 2999/1626/4
f 3328/1630/4 3329/1629/4 2999/1626/4
f 2574/1628/4 2419/1627/4 2420/1631/4
f 3328/1630/4 2999/1626/4 3000/1632/4
f 2573/1633/4 2574/1628/4 2420/1631/4
f 2573/1633/4 2420/1631/4 2421/1634/4
f 2572/1635/4 2573/1633/4 2421/1634/4
f 3328/1630/4 3000/1632/4 3001/1636/4
f 3327/1637/4 3328/1630/4 3001/1636/4
f 2572/1635/4 2421/1634/4 2422/1638/4
f 2571/1639/4 2572/1635/4 2422/1638/4
f 3327/1637/4 3001/1636/4 3002/1640/4
f 3326/1641/4 3327/1637/4 3002/1640/4
f 2571/1639/4 2422/1638/4 2423/1642/4
f 2570/1643/4 2571/1639/4 2423/1642/4
f 2570/1643/4 2423/1642/4 2424/1644/4
f 3326/1641/4 3002/1640/4 3003/1645/4
f 3325/1646/4 3326/1641/4 3003/1645/4
f 2569/1647/4 2570/1643/4 2424/1644/4
f 2569/1647/4 2424/1644/4 2425/1648/4
f 3325/1646/4 3003/1645/4 3004/1649/4
f 2568/1650/4 2569/1647/4 2425/1648/4
f 3324/1651/4 3325/1646/4 3004/1649/4
f 2568/1650/4 2425/1648/4 2426/1652/4
f 2568/1650/4 2426/1652/4 2427/1653/4
f 2567/1654/4 2568/1650/4 2427/1653/4
f 3324/1651/4 3004/1649/4 3005/1655/4
f 3323/1656/4 3324/1651/4 3005/1655/4
f 2567/1654/4 2427/1653/4 2428/1657/4
f 2566/1658/4 2567/1654/4 2428/1657/4
f 3323/1656/4 3005/1655/4 3006/1659/4
f 3322/1660/4 3323/1656/4 3006/1659/4
f 2566/1658/4 2428/1657/4 2429/1661/4
f 2565/1662/4 2566/1658/4 2429/1661/4
f 3322/1660/4 3006/1659/4 3007/1663/4
f 2565/1662/4 2429/1661/4 2430/1664/4
f 2564/1665/4 2565/1662/4 2430/1664/4
f 3321/1666/4 3322/1660/4 3007/1663/4
f 2564/1665/4 2430/1664/4 2431/1667/4
f 3321/1666/4 3007/1663/4 3008/1668/4
f 2563/1669/4 2564/1665/4 2431/1667/4
f 2563/1669/4 2431/1667/4 2432/1670/4
f 3320/1671/4 3321/1666/4 3008/1668/4
f 2562/1672/4 2563/1669/4 2432/1670/4
f 2562/1672/4 2432/1670/4 2433/1673/4
f 3320/1671/4 3008/1668/4 3009/1674/4
f 3319/1675/4 3320/1671/4 3009/1674/4
f 2562/1672/4 2433/1673/4 2434/1676/4
f 2561/1677/4 2562/1672/4 2434/1676/4
f 3319/1675/4 3009/1674/4 3010/1678/4
f 2561/1677/4 2434/1676/4 2435/1679/4
f 2560/1680/4 2561/1677/4 2435/1679/4
f 3318/1681/4 3319/1675/4 3010/1678/4
f 2560/1680/4 2435/1679/4 2436/1682/4
f 3318/1681/4 3010/1678/4 3011/1683/4
f 2559/1684/4 2560/1680/4 2436/1682/4
f 2559/1684/4 2436/1682/4 2437/1685/4
f 2558/1686/4 2559/1684/4 2437/1685/4
f 3318/1681/4 3011/1683/4 3012/1687/4
f 2558/1686/4 2437/1685/4 2438/1688/4
f 3317/1689/4 3318/1681/4 3012/1687/4
f 2557/1690/4 2558/1686/4 2438/1688/4
f 2557/1690/4 2438/1688/4 2439/1691/4
f 3317/1689/4 3012/1687/4 3013/1692/4
f 2556/1693/4 2557/1690/4 2439/1691/4
f 2556/1693/4 2439/1691/4 2440/1694/4
f 3316/1695/4 3317/1689/4 3013/1692/4
f 2555/1696/4 2556/1693/4 2440/1694/4
f 3316/1695/4 3013/1692/4 3014/1697/4
f 2555/1696/4 2440/1694/4 2441/1698/4
f 2554/1699/4 2555/1696/4 2441/1698/4
f 2554/1699/4 2441/1698/4 2442/1700/4
f 3316/1695/4 3014/1697/4 3015/1701/4
f 2553/1702/4 2554/1699/4 2442/1700/4
f 3315/1703/4 3316/1695/4 3015/1701/4
f 2553/1702/4 2442/1700/4 2443/1704/4
f 2552/1705/4 2553/1702/4 2443/1704/4
f 3315/1703/4 3015/1701/4 3016/1706/4
f 2552/1705/4 2443/1704/4 2444/1707/4
f 2551/1708/4 2552/1705/4 2444/1707/4
f 2551/1708/4 2444/1707/4 2445/1709/4
f 3314/1710/4 3315/1703/4 3016/1706/4
f 2550/1711/4 2551/1708/4 2445/1709/4
f 3314/1710/4 3016/1706/4 3017/1712/4
f 2550/1711/4 2445/1709/4 2446/1713/4
f 2549/1714/4 2550/1711/4 2446/1713/4
f 2549/1714/4 2446/1713/4 2447/1715/4
f 2548/1716/4 2549/1714/4 2447/1715/4
f 3314/1710/4 3017/1712/4 3018/1717/4
f 3313/1718/4 3314/1710/4 3018/1717/4
f 2548/1716/4 2447/1715/4 2448/1719/4
f 2547/1720/4 2548/1716/4 2448/1719/4
f 2547/1720/4 2448/1719/4 2449/1721/4
f 3313/1718/4 3018/1717/4 3019/1722/4
f 2546/1723/4 2547/1720/4 2449/1721/4
f 2546/1723/4 2449/1721/4 2450/1724/4
f 3312/1725/4 3313/1718/4 3019/1722/4
f 2545/1726/4 2546/1723/4 2450/1724/4
f 3312/1725/4 3019/1722/4 3020/1727/4
f 2545/1726/4 2450/1724/4 2451/1728/4
f 2544/1729/4 2545/1726/4 2451/1728/4
f 2544/1729/4 2451/1728/4 2452/1730/4
f 2543/1731/4 2544/1729/4 2452/1730/4
f 3312/1725/4 3020/1727/4 3021/1732/4
f 3311/1733/4 3312/1725/4 3021/1732/4
f 2543/1731/4 2452/1730/4 2453/1734/4
f 2542/1735/4 2543/1731/4 2453/1734/4
f 2542/1735/4 2453/1734/4 2454/1736/4
f 2541/1737/4 2542/1735/4 2454/1736/4
f 3311/1733/4 3021/1732/4 3022/1738/4
f 2541/1737/4 2454/1736/4 2455/1739/4
f 2540/1740/4 2541/1737/4 2455/1739/4
f 3310/1741/4 3311/1733/4 3022/1738/4
f 2540/1740/4 2455/1739/4 2456/1742/4
f 2539/1743/4 2540/1740/4 2456/1742/4
f 3310/1741/4 3022/1738/4 3023/1744/4
f 2539/1743/4 2456/1742/4 2457/1745/4
f 2538/1746/4 2539/1743/4 2457/1745/4
f 2537/1747/4 2538/1746/4 2457/1745/4
f 2537/1747/4 2457/1745/4 2458/1748/4
f 3309/1749/4 3310/1741/4 3023/1744/4
f 3309/1749/4 3023/1744/4 3024/1750/4
f 2536/1751/4 2537/1747/4 2458/1748/4
f 2536/1751/4 2458/1748/4 2459/1752/4
f 2535/1753/4 2536/1751/4 2459/1752/4
f 2535/1753/4 2459/1752/4 2460/1754/4
f 3309/1749/4 3024/1750/4 3025/1755/4
f 2534/1756/4 2535/1753/4 2460/1754/4
f 2534/1756/4 2460/1754/4 2461/1757/4
f 3308/1758/4 3309/1749/4 3025/1755/4
f 2533/1759/4 2534/1756/4 2461/1757/4
f 2533/1759/4 2461/1757/4 2462/1760/4
f 2532/1761/4 2533/1759/4 2462/1760/4
f 3308/1758/4 3025/1755/4 3026/1762/4
f 2532/1761/4 2462/1760/4 2463/1763/4
f 2531/1764/4 2532/1761/4 2463/1763/4
f 2531/1764/4 2463/1763/4 2464/1765/4
f 2530/1766/4 2531/1764/4 2464/1765/4
f 2530/1766/4 2464/1765/4 2465/1767/4
f 3307/1768/4 3308/1758/4 3026/1762/4
f 3307/1768/4 3026/1762/4 3027/1769/4
f 2529/1770/4 2530/1766/4 2465/1767/4
f 2529/1770/4 2465/1767/4 2466/1771/4
f 2528/1772/4 2529/1770/4 2466/1771/4
f 2528/1772/4 2466/1771/4 2467/1773/4
f 2527/1774/4 2528/1772/4 2467/1773/4
f 3307/1768/4 3027/1769/4 3028/1775/4
f 2527/1774/4 2467/1773/4 2468/1776/4
f 2526/1777/4 2527/1774/4 2468/1776/4
f 3306/1778/4 3307/1768/4 3028/1775/4
f 2526/1777/4 2468/1776/4 2469/1779/4
f 2525/1780/4 2526/1777/4 2469/1779/4
f 2525/1780/4 2469/1779/4 2470/1781/4
f 3306/1778/4 3028/1775/4 3029/1782/4
f 2524/1783/4 2525/1780/4 2470/1781/4
f 2524/1783/4 2470/1781/4 2471/1784/4
f 2523/1785/4 2524/1783/4 2471/1784/4
f 2523/1785/4 2471/1784/4 2472/1786/4
f 2522/1787/4 2523/1785/4 2472/1786/4
f 2522/1787/4 2472/1786/4 2473/1788/4
f 3305/1789/4 3306/1778/4 3029/1782/4
f 3305/1789/4 3029/1782/4 3030/1790/4
f 2521/1791/4 2522/1787/4 2473/1788/4
f 2521/1791/4 2473/1788/4 2474/1792/4
f 2520/1793/4 2521/1791/4 2474/1792/4
f 2520/1793/4 2474/1792/4 2475/1794/4
f 2519/1795/4 2520/1793/4 2475/1794/4
f 2519/1795/4 2475/1794/4 2476/1796/4
f 2518/1797/4 2519/1795/4 2476/1796/4
f 3305/1789/4 3030/1790/4 3031/1798/4
f 2518/1797/4 2476/1796/4 2477/1799/4
f 2517/1800/4 2518/1797/4 2477/1799/4
f 2517/1800/4 2477/1799/4 2478/1801/4
f 3304/1802/4 3305/1789/4 3031/1798/4
f 2516/1803/4 2517/1800/4 2478/1801/4
f 2516/1803/4 2478/1801/4 2479/1804/4
f 2515/1805/4 2516/1803/4 2479/1804/4
f 2515/1805/4 2479/1804/4 2480/1806/4
f 2514/1807/4 2515/1805/4 2480/1806/4
f 2514/1807/4 2480/1806/4 2481/1808/4
f 3304/1802/4 3031/1798/4 3032/1809/4
f 2513/1810/4 2514/1807/4 2481/1808/4
f 2513/1810/4 2481/1808/4 2482/1811/4
f 2512/1812/4 2513/1810/4 2482/1811/4
f 2512/1812/4 2482/1811/4 2483/1813/4
f 2511/1814/4 2512/1812/4 2483/1813/4
f 2511/1814/4 2483/1813/4 2484/1815/4
f 2510/1816/4 2511/1814/4 2484/1815/4
f 2510/1816/4 2484/1815/4 2485/1817/4
f 2509/1818/4 2510/1816/4 2485/1817/4
f 3303/1819/4 3304/1802/4 3032/1809/4
f 2509/1818/4 2485/1817/4 2486/1820/4
f 2508/1821/4 2509/1818/4 2486/1820/4
f 3303/1819/4 3032/1809/4 3033/1822/4
f 2508/1821/4 2486/1820/4 2487/1823/4
f 2507/1824/4 2508/1821/4 2487/1823/4
f 2507/1824/4 2487/1823/4 2488/1825/4
f 2506/1826/4 2507/1824/4 2488/1825/4
f 2506/1826/4 2488/1825/4 2489/1827/4
f 2505/1828/4 2506/1826/4 2489/1827/4
f 2505/1828/4 2489/1827/4 2490/1829/4
f 2504/1830/4 2505/1828/4 2490/1829/4
f 2504/1830/4 2490/1829/4 2491/1831/4
f 2503/1832/4 2504/1830/4 2491/1831/4
f 2503/1832/4 2491/1831/4 2492/1833/4
f 2502/1834/4 2503/1832/4 2492/1833/4
f 2502/1834/4 2492/1833/4 2493/1835/4
f 2501/1836/4 2502/1834/4 2493/1835/4
f 2501/1836/4 2493/1835/4 2494/1837/4
f 2500/1838/4 2501/1836/4 2494/1837/4
f 2500/1838/4 2494/1837/4 2495/1839/4
f 2499/1840/4 2500/1838/4 2495/1839/4
f 2499/1840/4 2495/1839/4 2496/1841/4
f 2498/1842/4 2499/1840/4 2496/1841/4
f 2498/1842/4 2496/1841/4 2497/1843/4
f 3303/1819/4 3033/1822/4 3034/1844/4
f 3302/1845/4 3303/1819/4 3034/1844/4
f 3302/1845/4 3034/1844/4 3035/1846/4
f 3301/1847/4 3302/1845/4 3035/1846/4
f 3301/1847/4 3035/1846/4 3036/1848/4
f 3301/1847/4 3036/1848/4 3037/1849/4
f 3300/1850/4 3301/1847/4 3037/1849/4
f 3300/1850/4 3037/1849/4 3038/1851/4
f 3299/1852/4 3300/1850/4 3038/1851/4
f 3299/1852/4 3038/1851/4 3039/1853/4
f 3299/1852/4 3039/1853/4 3040/1854/4
f 3298/1855/4 3299/1852/4 3040/1854/4
f 3298/1855/4 3040/1854/4 3041/1856/4
f 3297/1857/4 3298/1855/4 3041/1856/4
f 3297/1857/4 3041/1856/4 3042/1858/4
f 3297/1857/4 3042/1858/4 3043/1859/4
f 3296/1860/4 3297/1857/4 3043/1859/4
f 3296/1860/4 3043/1859/4 3044/1861/4
f 3295/1862/4 3296/1860/4 3044/1861/4
f 3295/1862/4 3044/1861/4 3045/1863/4
f 3295/1862/4 3045/1863/4 3046/1864/4
f 3294/1865/4 3295/1862/4 3046/1864/4
f 3294/1865/4 3046/1864/4 3047/1866/4
f 3293/1867/4 3294/1865/4 3047/1866/4
f 3293/1867/4 3047/1866/4 3048/1868/4
f 3293/1867/4 3048/1868/4 3049/1869/4
f 3292/1870/4 3293/1867/4 3049/1869/4
f 3292/1870/4 3049/1869/4 3050/1871/4
f 3291/1872/4 3292/1870/4 3050/1871/4
f 3291/1872/4 3050/1871/4 3051/1873/4
f 3291/1872/4 3051/1873/4 3052/1874/4
f 3290/1875/4 3291/1872/4 3052/1874/4
f 3290/1875/4 3052/1874/4 3053/1876/4
f 3289/1877/4 3290/1875/4 3053/1876/4
f 3289/1877/4 3053/1876/4 3054/1878/4
f 3289/1877/4 3054/1878/4 3055/1879/4
f 3288/1880/4 3289/1877/4 3055/1879/4
f 3288/1880/4 3055/1879/4 3056/1881/4
f 3287/1882/4 3288/1880/4 3056/1881/4
f 3287/1882/4 3056/1881/4 3057/1883/4
f 3287/1882/4 3057/1883/4 3058/1884/4
f 3286/1885/4 3287/1882/4 3058/1884/4
f 3286/1885/4 3058/1884/4 3059/1886/4
f 3285/1887/4 3286/1885/4 3059/1886/4
f 3285/1887/4 3059/1886/4 3060/1888/4
f 3285/1887/4 3060/1888/4 3061/1889/4
f 3284/1890/4 3285/1887/4 3061/1889/4
f 3284/1890/4 3061/1889/4 3062/1891/4
f 3283/1892/4 3284/1890/4 3062/1891/4
f 3283/1892/4 3062/1891/4 3063/1893/4
f 3283/1892/4 3063/1893/4 3064/1894/4
f 3282/1895/4 3283/1892/4 3064/1894/4
f 3282/1895/4 3064/1894/4 3065/1896/4
f 3281/1897/4 3282/1895/4 3065/1896/4
f 3281/1897/4 3065/1896/4 3066/1898/4
f 3281/1897/4 3066/1898/4 3067/1899/4
f 3280/1900/4 3281/1897/4 3067/1899/4
f 3280/1900/4 3067/1899/4 3068/1901/4
f 3279/1902/4 3280/1900/4 3068/1901/4
f 3279/1902/4 3068/1901/4 3069/1903/4
f 3279/1902/4 3069/1903/4 3070/1904/4
f 3278/1905/4 3279/1902/4 3070/1904/4
f 3278/1905/4 3070/1904/4 3071/1906/4
f 3278/1905/4 3071/1906/4 3072/1907/4
f 3277/1908/4 3278/1905/4 3072/1907/4
f 3277/1908/4 3072/1907/4 3073/1909/4
f 3276/1910/4 3277/1908/4 3073/1909/4
f 3276/1910/4 3073/1909/4 3074/1911/4
f 3276/1910/4 3074/1911/4 3075/1912/4
f 3275/1913/4 3276/1910/4 3075/1912/4
f 3275/1913/4 3075/1912/4 3076/1914/4
f 3274/1915/4 3275/1913/4 3076/1914/4
f 3274/1915/4 3076/1914/4 3077/1916/4
f 3273/1917/4 3274/1915/4 3077/1916/4
f 3273/1917/4 3077/1916/4 3078/1918/4
f 3273/1917/4 3078/1918/4 3079/1919/4
f 3272/1920/4 3273/1917/4 3079/1919/4
f 3272/1920/4 3079/1919/4 3080/1921/4
f 3271/1922/4 3272/1920/4 3080/1921/4
f 3271/1922/4 3080/1921/4 3081/1923/4
f 3270/1924/4 3271/1922/4 3081/1923/4
f 3270/1924/4 3081/1923/4 3082/1925/4
f 3270/1924/4 3082/1925/4 3083/1926/4
f 3269/1927/4 3270/1924/4 3083/1926/4
f 3269/1927/4 3083/1926/4 3084/1928/4
f 3268/1929/4 3269/1927/4 3084/1928/4
f 3268/1929/4 3084/1928/4 3085/1930/4
f 3267/1931/4 3268/1929/4 3085/1930/4
f 3267/1931/4 3085/1930/4 3086/1932/4
f 3267/1931/4 3086/1932/4 3087/1933/4
f 3266/1934/4 3267/1931/4 3087/1933/4
f 3266/1934/4 3087/1933/4 3088/1935/4
f 3265/1936/4 3266/1934/4 3088/1935/4
f 3265/1936/4 3088/1935/4 3089/1937/4
f 3264/1938/4 3265/1936/4 3089/1937/4
f 3263/1939/4 3264/1938/4 3089/1937/4
f 3263/1939/4 3089/1937/4 3090/1940/4
f 3262/1941/4 3263/1939/4 3090/1940/4
f 3261/1942/4 3262/1941/4 3090/1940/4
f 3260/1943/4 3261/1942/4 3090/1940/4
f 3259/1944/4 3260/1943/4 3090/1940/4
f 3258/1945/4 3259/1944/4 3090/1940/4
f 3257/1946/4 3258/1945/4 3090/1940/4
f 3257/1946/4 3090/1940/4 3091/1947/4
f 3256/1948/4 3257/1946/4 3091/1947/4
f 3255/1949/4 3256/1948/4 3091/1947/4
f 3254/1950/4 3255/1949/4 3091/1947/4
f 3253/1951/4 3254/1950/4 3091/1947/4
f 3252/1952/4 3253/1951/4 3091/1947/4
f 3252/1952/4 3091/1947/4 3092/1953/4
f 3251/1954/4 3252/1952/4 3092/1953/4
f 3250/1955/4 3251/1954/4 3092/1953/4
f 3249/1956/4 3250/1955/4 3092/1953/4
f 3248/1957/4 3249/1956/4 3092/1953/4
f 3247/1958/4 3248/1957/4 3092/1953/4
f 3247/1958/4 3092/1953/4 3093/1959/4
f 3246/1960/4 3247/1958/4 3093/1959/4
f 3245/1961/4 3246/1960/4 3093/1959/4
f 3244/1962/4 3245/1961/4 3093/1959/4
f 3243/1963/4 3244/1962/4 3093/1959/4
f 3243/1963/4 3093/1959/4 3094/1964/4
f 3242/1965/4 3243/1963/4 3094/1964/4
f 3241/1966/4 3242/1965/4 3094/1964/4
f 3240/1967/4 3241/1966/4 3094/1964/4
f 3239/1968/4 3240/1967/4 3094/1964/4
f 3238/1969/4 3239/1968/4 3094/1964/4
f 3238/1969/4 3094/1964/4 3095/1970/4
f 3237/1971/4 3238/1969/4 3095/1970/4
f 3236/1972/4 3237/1971/4 3095/1970/4
f 3235/1973/4 3236/1972/4 3095/1970/4
f 3234/1974/4 3235/1973/4 3095/1970/4
f 3234/1974/4 3095/1970/4 3096/1975/4
f 3233/1976/4 3234/1974/4 3096/1975/4
f 3232/1977/4 3233/1976/4 3096/1975/4
f 3231/1978/4 3232/1977/4 3096/1975/4
f 3231/1978/4 3096/1975/4 3097/1979/4
f 3230/1980/4 3231/1978/4 3097/1979/4
f 3229/1981/4 3230/1980/4 3097/1979/4
f 3228/1982/4 3229/1981/4 3097/1979/4
f 3227/1983/4 3228/1982/4 3097/1979/4
f 3227/1983/4 3097/1979/4 3098/1984/4
f 3226/1985/4 3227/1983/4 3098/1984/4
f 3225/1986/4 3226/1985/4 3098/1984/4
f 3224/1987/4 3225/1986/4 3098/1984/4
f 3224/1987/4 3098/1984/4 3099/1988/4
f 3223/1989/4 3224/1987/4 3099/1988/4
f 3222/1990/4 3223/1989/4 3099/1988/4
f 3221/1991/4 3222/1990/4 3099/1988/4
f 3221/1991/4 3099/1988/4 3100/1992/4
f 3220/1993/4 3221/1991/4 3100/1992/4
f 3219/1994/4 3220/1993/4 3100/1992/4
f 3218/1995/4 3219/1994/4 3100/1992/4
f 3218/1995/4 3100/1992/4 3101/1996/4
f 3217/1997/4 3218/1995/4 3101/1996/4
f 3216/1998/4 3217/1997/4 3101/1996/4
f 3215/1999/4 3216/1998/4 3101/1996/4
f 3215/1999/4 3101/1996/4 3102/2000/4
f 3214/2001/4 3215/1999/4 3102/2000/4
f 3213/2002/4 3214/2001/4 3102/2000/4
f 3212/2003/4 3213/2002/4 3102/2000/4
f 3212/2003/4 3102/2000/4 3103/2004/4
f 3211/2005/4 3212/2003/4 3103/2004/4
f 3210/2006/4 3211/2005/4 3103/2004/4
f 3209/2007/4 3210/2006/4 3103/2004/4
f 3209/2007/4 3103/2004/4 3104/2008/4
f 3208/2009/4 3209/2007/4 3104/2008/4
f 3207/2010/4 3208/2009/4 3104/2008/4
f 3207/2010/4 3104/2008/4 3105/2011/4
f 3206/2012/4 3207/2010/4 3105/2011/4
f 3205/2013/4 3206/2012/4 3105/2011/4
f 3204/2014/4 3205/2013/4 3105/2011/4
f 3204/2014/4 3105/2011/4 3106/2015/4
f 3203/2016/4 3204/2014/4 3106/2015/4
f 3202/2017/4 3203/2016/4 3106/2015/4
f 3202/2017/4 3106/2015/4 3107/2018/4
f 3201/2019/4 3202/2017/4 3107/2018/4
f 3200/2020/4 3201/2019/4 3107/2018/4
f 3200/2020/4 3107/2018/4 3108/2021/4
f 3199/2022/4 3200/2020/4 3108/2021/4
f 3198/2023/4 3199/2022/4 3108/2021/4
f 3198/2023/4 3108/2021/4 3109/2024/4
f 3197/2025/4 3198/2023/4 3109/2024/4
f 3196/2026/4 3197/2025/4 3109/2024/4
f 3196/2026/4 3109/2024/4 3110/2027/4
f 3195/2028/4 3196/2026/4 3110/2027/4
f 3195/2028/4 3110/2027/4 3111/2029/4
f 3194/2030/4 3195/2028/4 3111/2029/4
f 3193/2031/4 3194/2030/4 3111/2029/4
f 3193/2031/4 3111/2029/4 3112/2032/4
f 3192/2033/4 3193/2031/4 3112/2032/4
f 3191/2034/4 3192/2033/4 3112/2032/4
f 3191/2034/4 3112/2032/4 3113/2035/4
f 3190/2036/4 3191/2034/4 3113/2035/4
f 3189/2037/4 3190/2036/4 3113/2035/4
f 3189/2037/4 3113/2035/4 3114/2038/4
f 3188/2039/4 3189/2037/4 3114/2038/4
f 3187/2040/4 3188/2039/4 3114/2038/4
f 3187/2040/4 3114/2038/4 3115/2041/4
f 3186/2042/4 3187/2040/4 3115/2041/4
f 3186/2042/4 3115/2041/4 3116/2043/4
f 3185/2044/4 3186/2042/4 3116/2043/4
f 3184/2045/4 3185/2044/4 3116/2043/4
f 3184/2045/4 3116/2043/4 3117/2046/4
f 3183/2047/4 3184/2045/4 3117/2046/4
f 3182/2048/4 3183/2047/4 3117/2046/4
f 3182/2048/4 3117/2046/4 3118/2049/4
f 3181/2050/4 3182/2048/4 3118/2049/4
f 3180/2051/4 3181/2050/4 3118/2049/4
f 3180/2051/4 3118/2049/4 3119/2052/4
f 3179/2053/4 3180/2051/4 3119/2052/4
f 3178/2054/4 3179/2053/4 3119/2052/4
f 3178/2054/4 3119/2052/4 3120/2055/4
f 3177/2056/4 3178/2054/4 3120/2055/4
f 3177/2056/4 3120/2055/4 3121/2057/4
f 3176/2058/4 3177/2056/4 3121/2057/4
f 3175/2059/4 3176/2058/4 3121/2057/4
f 3175/2059/4 3121/2057/4 3122/2060/4
f 3174/2061/4 3175/2059/4 3122/2060/4
f 3173/2062/4 3174/2061/4 3122/2060/4
f 3173/2062/4 3122/2060/4 3123/2063/4
f 3172/2064/4 3173/2062/4 3123/2063/4
f 3171/2065/4 3172/2064/4 3123/2063/4
f 3171/2065/4 3123/2063/4 3124/2066/4
f 3170/2067/4 3171/2065/4 3124/2066/4
f 3169/2068/4 3170/2067/4 3124/2066/4
f 3169/2068/4 3124/2066/4 3125/2069/4
f 3168/2070/4 3169/2068/4 3125/2069/4
f 3167/2071/4 3168/2070/4 3125/2069/4
f 3167/2071/4 3125/2069/4 3126/2072/4
f 3166/2073/4 3167/2071/4 3126/2072/4
f 3165/2074/4 3166/2073/4 3126/2072/4
f 3165/2074/4 3126/2072/4 3127/2075/4
f 3164/2076/4 3165/2074/4 3127/2075/4
f 3164/2076/4 3127/2075/4 3128/2077/4
f 3163/2078/4 3164/2076/4 3128/2077/4
f 3162/2079/4 3163/2078/4 3128/2077/4
f 3162/2079/4 3128/2077/4 3129/2080/4
f 3161/2081/4 3162/2079/4 3129/2080/4
f 3160/2082/4 3161/2081/4 3129/2080/4
f 3160/2082/4 3129/2080/4 3130/2083/4
f 3159/2084/4 3160/2082/4 3130/2083/4
f 3158/2085/4 3159/2084/4 3130/2083/4
f 3158/2085/4 3130/2083/4 3131/2086/4
f 3157/2087/4 3158/2085/4 3131/2086/4
f 3156/2088/4 3157/2087/4 3131/2086/4
f 3156/2088/4 3131/2086/4 3132/2089/4
f 3155/2090/4 3156/2088/4 3132/2089/4
f 3154/2091/4 3155/2090/4 3132/2089/4
f 3154/2091/4 3132/2089/4 3133/2092/4
f 3153/2093/4 3154/2091/4 3133/2092/4
f 3152/2094/4 3153/2093/4 3133/2092/4
f 3151/2095/4 3152/2094/4 3133/2092/4
f 3151/2095/4 3133/2092/4 3134/2096/4
f 3150/2097/4 3151/2095/4 3134/2096/4
f 3149/2098/4 3150/2097/4 3134/2096/4
f 3149/2098/4 3134/2096/4 3135/2099/4
f 3148/2100/4 3149/2098/4 3135/2099/4
f 3147/2101/4 3148/2100/4 3135/2099/4
f 3146/2102/4 3147/2101/4 3135/2099/4
f 3146/2102/4 3135/2099/4 3136/2103/4
f 3145/2104/4 3146/2102/4 3136/2103/4
f 3144/2105/4 3145/2104/4 3136/2103/4
f 3143/2106/4 3144/2105/4 3136/2103/4
f 3143/2106/4 3136/2103/4 3137/2107/4
f 3142/2108/4 3143/2106/4 3137/2107/4
f 3141/2109/4 3142/2108/4 3137/2107/4
f 3140/2110/4 3141/2109/4 3137/2107/4
f 3139/2111/4 3140/2110/4 3137/2107/4
f 3138/2112/4 3139/2111/4 3137/2107/4
s 1
f 4228/2113/7 4225/95/8 4226/2114/8
f 4230/2115/9 4227/2116/7 4228/2113/7
f 4232/2117/10 4229/2118/9 4230/2115/9
f 4234/2119/11 4231/2120/10 4232/2117/10
f 4236/2121/12 4233/2122/11 4234/2119/11
f 4238/2123/13 4235/2124/12 4236/2121/12
f 4240/2125/14 4237/2126/13 4238/2123/13
f 4242/2127/15 4239/2128/14 4240/2125/14
f 4244/2129/16 4241/2130/15 4242/2127/15
f 4246/2131/17 4243/2132/16 4244/2129/16
f 4248/2133/18 4245/2134/17 4246/2131/17
f 4250/2135/19 4247/2136/18 4248/2133/18
f 4252/2137/20 4249/2138/19 4250/2135/19
f 4254/2139/21 4251/2140/20 4252/2137/20
f 4256/2141/22 4253/2142/21 4254/2139/21
f 4258/2143/23 4255/2144/22 4256/2141/22
f 4260/2145/24 4257/2146/23 4258/2143/23
f 4262/2147/25 4259/2148/24 4260/2145/24
f 4264/2149/26 4261/2150/25 4262/2147/25
f 4266/2151/27 4263/2152/26 4264/2149/26
f 4268/2153/28 4265/2154/27 4266/2151/27
f 4270/2155/29 4267/2156/28 4268/2153/28
f 4272/2157/30 4269/2158/29 4270/2155/29
f 4274/2159/31 4271/2160/30 4272/2157/30
f 4276/2161/32 4273/2162/31 4274/2159/31
f 4278/2163/33 4275/2164/32 4276/2161/32
f 4280/2165/34 4277/2166/33 4278/2163/33
f 4282/2167/35 4279/2168/34 4280/2165/34
f 4284/2169/36 4281/2170/35 4282/2167/35
f 4286/2171/37 4283/2172/36 4284/2169/36
f 4288/2173/38 4285/2174/37 4286/2171/37
f 4290/2175/39 4287/2176/38 4288/2173/38
f 4292/2177/40 4289/2178/39 4290/2175/39
f 4294/2179/41 4291/2180/40 4292/2177/40
f 4296/2181/42 4293/2182/41 4294/2179/41
f 4298/2183/43 4295/2184/42 4296/2181/42
f 4300/2185/44 4297/2186/43 4298/2183/43
f 4302/2187/45 4299/2188/44 4300/2185/44
f 4304/2189/46 4301/2190/45 4302/2187/45
f 4306/2191/47 4303/2192/46 4304/2189/46
f 4308/2193/48 4305/2194/47 4306/2191/47
f 4310/2195/49 4307/2196/48 4308/2193/48
f 4312/2197/50 4309/2198/49 4310/2195/49
f 4314/2199/51 4311/2200/50 4312/2197/50
f 4316/2201/52 4313/2202/51 4314/2199/51
f 4318/2203/53 4315/2204/52 4316/2201/52
f 4320/2205/54 4317/2206/53 4318/2203/53
f 4322/2207/55 4319/2208/54 4320/2205/54
f 4324/2209/56 4321/2210/55 4322/2207/55
f 4326/2211/57 4323/2212/56 4324/2209/56
f 4328/2213/58 4325/2214/57 4326/2211/57
f 4330/2215/59 4327/2216/58 4328/2213/58
f 4332/2217/60 4329/2218/59 4330/2215/59
f 4334/2219/61 4331/2220/60 4332/2217/60
f 4336/2221/62 4333/2222/61 4334/2219/61
f 4338/2223/63 4335/2224/62 4336/2221/62
f 4340/2225/64 4337/2226/63 4338/2223/63
f 4342/2227/65 4339/2228/64 4340/2225/64
f 4344/2229/66 4341/2230/65 4342/2227/65
f 4346/2231/67 4343/2232/66 4344/2229/66
f 4348/2233/68 4345/2234/67 4346/2231/67
f 4350/2235/69 4347/2236/68 4348/2233/68
f 4352/2237/70 4349/2238/69 4350/2235/69
f 4354/2239/71 4351/2240/70 4352/2237/70
f 4356/2241/72 4353/2242/71 4354/2239/71
f 4358/2243/73 4355/2244/72 4356/2241/72
f 4360/2245/74 4357/2246/73 4358/2243/73
f 4362/2247/75 4359/2248/74 4360/2245/74
f 4364/2249/76 4361/2250/75 4362/2247/75
f 4366/2251/77 4363/2252/76 4364/2249/76
f 4368/2253/78 4365/2254/77 4366/2251/77
f 4370/2255/79 4367/2256/78 4368/2253/78
f 4372/2257/80 4369/2258/79 4370/2255/79
f 4374/2259/81 4371/2260/80 4372/2257/80
f 4376/2261/82 4373/2262/81 4374/2259/81
f 4378/2263/83 4375/2264/82 4376/2261/82
f 4380/2265/84 4377/2266/83 4378/2263/83
f 4382/2267/85 4379/2268/84 4380/2265/84
f 4384/2269/86 4381/2270/85 4382/2267/85
f 4386/2271/87 4383/2272/86 4384/2269/86
f 4388/2273/88 4385/2274/87 4386/2271/87
f 4390/2275/89 4387/2276/88 4388/2273/88
f 4392/2277/90 4389/2278/89 4390/2275/89
f 4394/2279/91 4391/2280/90 4392/2277/90
f 4396/2281/92 4393/2282/91 4394/2279/91
f 4398/2283/93 4395/2284/92 4396/2281/92
f 4400/2285/94 4397/2286/93 4398/2283/93
f 4402/2287/95 4399/2288/94 4400/2285/94
f 4404/2289/96 4401/2290/95 4402/2287/95
f 4406/2291/97 4403/2292/96 4404/2289/96
f 4408/2293/98 4405/2294/97 4406/2291/97
f 4410/2295/99 4407/2296/98 4408/2293/98
f 4412/2297/100 4409/2298/101 4410/2295/99
f 4414/2299/102 4411/2300/100 4412/2297/100
f 4416/2301/103 4413/2302/102 4414/2299/102
f 4418/2303/104 4415/2304/103 4416/2301/103
f 4420/2305/105 4417/2306/106 4418/2303/104
f 4422/2307/107 4419/2308/105 4420/2305/105
f 4424/2309/108 4421/2310/107 4422/2307/107
f 4426/2311/109 4423/2312/108 4424/2309/108
f 4428/2313/110 4425/2314/109 4426/2311/109
f 4430/2315/111 4427/2316/110 4428/2313/110
f 4432/2317/112 4429/2318/111 4430/2315/111
f 4434/2319/113 4431/2320/112 4432/2317/112
f 4436/2321/114 4433/2322/113 4434/2319/113
f 4438/2323/115 4435/2324/114 4436/2321/114
f 4440/2325/116 4437/2326/115 4438/2323/115
f 4442/2327/117 4439/2328/116 4440/2325/116
f 4444/2329/118 4441/2330/117 4442/2327/117
f 4446/2331/119 4443/2332/118 4444/2329/118
f 4448/2333/120 4445/2334/119 4446/2331/119
f 4450/2335/121 4447/2336/120 4448/2333/120
f 4452/2337/122 4449/2338/121 4450/2335/121
f 4454/2339/123 4451/2340/124 4452/2337/122
f 4456/2341/125 4453/2342/123 4454/2339/123
f 4458/2343/126 4455/2344/125 4456/2341/125
f 4460/2345/127 4457/2346/126 4458/2343/126
f 4462/2347/128 4459/2348/127 4460/2345/127
f 4464/2349/129 4461/2350/128 4462/2347/128
f 4466/2351/130 4463/2352/129 4464/2349/129
f 4468/2353/131 4465/2354/130 4466/2351/130
f 4470/2355/132 4467/2356/131 4468/2353/131
f 4472/2357/133 4469/2358/132 4470/2355/132
f 4474/2359/134 4471/2360/133 4472/2357/133
f 4476/2361/135 4473/2362/134 4474/2359/134
f 4478/2363/136 4475/2364/135 4476/2361/135
f 4480/2365/137 4477/2366/136 4478/2363/136
f 4482/2367/138 4479/2368/137 4480/2365/137
f 4484/2369/139 4481/2370/138 4482/2367/138
f 4486/2371/140 4483/2372/139 4484/2369/139
f 4488/2373/141 4485/2374/140 4486/2371/140
f 4490/2375/142 4487/2376/141 4488/2373/141
f 4492/2377/143 4489/2378/142 4490/2375/142
f 4494/2379/144 4491/2380/143 4492/2377/143
f 4496/2381/145 4493/2382/144 4494/2379/144
f 4498/2383/146 4495/2384/145 4496/2381/145
f 4500/2385/147 4497/2386/146 4498/2383/146
f 4502/2387/148 4499/2388/147 4500/2385/147
f 4504/2389/149 4501/2390/148 4502/2387/148
f 4506/2391/150 4503/2392/149 4504/2389/149
f 4508/2393/151 4505/2394/150 4506/2391/150
f 4510/2395/152 4507/2396/151 4508/2393/151
f 4512/2397/153 4509/2398/152 4510/2395/152
f 4514/2399/154 4511/2400/153 4512/2397/153
f 4516/2401/155 4513/2402/154 4514/2399/154
f 4518/2403/156 4515/2404/155 4516/2401/155
f 4520/2405/157 4517/2406/156 4518/2403/156
f 4522/2407/158 4519/2408/157 4520/2405/157
f 4524/2409/159 4521/2410/158 4522/2407/158
f 4526/2411/160 4523/2412/159 4524/2409/159
f 4528/2413/161 4525/2414/160 4526/2411/160
f 4530/2415/162 4527/2416/161 4528/2413/161
f 4532/2417/163 4529/2418/162 4530/2415/162
f 4534/2419/164 4531/2420/163 4532/2417/163
f 4536/2421/165 4533/2422/164 4534/2419/164
f 4538/2423/166 4535/2424/165 4536/2421/165
f 4540/2425/167 4537/2426/166 4538/2423/166
f 4542/2427/168 4539/2428/167 4540/2425/167
f 4544/2429/169 4541/2430/168 4542/2427/168
f 4546/2431/170 4543/2432/169 4544/2429/169
f 4548/2433/171 4545/2434/170 4546/2431/170
f 4550/2435/172 4547/2436/171 4548/2433/171
f 4552/2437/173 4549/2438/172 4550/2435/172
f 4554/2439/174 4551/2440/173 4552/2437/173
f 4556/2441/175 4553/2442/174 4554/2439/174
f 4558/2443/176 4555/2444/175 4556/2441/175
f 4560/2445/177 4557/2446/176 4558/2443/176
f 4562/2447/178 4559/2448/177 4560/2445/177
f 4564/2449/179 4561/2450/178 4562/2447/178
f 4566/2451/180 4563/2452/179 4564/2449/179
f 4568/2453/181 4565/2454/180 4566/2451/180
f 4570/2455/182 4567/2456/181 4568/2453/181
f 4572/2457/183 4569/2458/182 4570/2455/182
f 4574/2459/184 4571/2460/183 4572/2457/183
f 4576/2461/185 4573/2462/184 4574/2459/184
f 4578/2463/186 4575/2464/185 4576/2461/185
f 4580/2465/187 4577/2466/186 4578/2463/186
f 4582/2467/188 4579/2468/187 4580/2465/187
f 4584/2469/189 4581/2470/188 4582/2467/188
f 4586/2471/190 4583/2472/189 4584/2469/189
f 4588/2473/191 4585/2474/190 4586/2471/190
f 4590/2475/192 4587/2476/191 4588/2473/191
f 4592/2477/193 4589/2478/192 4590/2475/192
f 4594/2479/194 4591/2480/193 4592/2477/193
f 4596/2481/195 4593/2482/194 4594/2479/194
f 4598/2483/196 4595/2484/195 4596/2481/195
f 4600/2485/197 4597/2486/196 4598/2483/196
f 4602/2487/198 4599/2488/197 4600/2485/197
f 4604/2489/199 4601/2490/198 4602/2487/198
f 4606/2491/200 4603/2492/199 4604/2489/199
f 4608/2493/201 4605/2494/200 4606/2491/200
f 4610/2495/202 4607/2496/201 4608/2493/201
f 4612/2497/203 4609/2498/202 4610/2495/202
f 4614/2499/204 4611/2500/203 4612/2497/203
f 4616/2501/205 4613/2502/204 4614/2499/204
f 4618/2503/206 4615/2504/205 4616/2501/205
f 4620/2505/207 4617/2506/206 4618/2503/206
f 4622/2507/208 4619/2508/207 4620/2505/207
f 4624/2509/209 4621/2510/208 4622/2507/208
f 4626/2511/210 4623/2512/209 4624/2509/209
f 4628/2513/211 4625/2514/210 4626/2511/210
f 4630/2515/212 4627/2516/211 4628/2513/211
f 4632/2517/213 4629/2518/212 4630/2515/212
f 4634/2519/214 4631/2520/213 4632/2517/213
f 4636/2521/215 4633/2522/214 4634/2519/214
f 4638/2523/216 4635/2524/215 4636/2521/215
f 4640/2525/217 4637/2526/216 4638/2523/216
f 4642/2527/218 4639/2528/217 4640/2525/217
f 4644/2529/219 4641/2530/218 4642/2527/218
f 4646/2531/220 4643/2532/219 4644/2529/219
f 4648/2533/221 4645/2534/220 4646/2531/220
f 4650/2535/222 4647/2536/221 4648/2533/221
f 4652/2537/223 4649/2538/222 4650/2535/222
f 4654/2539/224 4651/2540/223 4652/2537/223
f 4656/2541/225 4653/2542/224 4654/2539/224
f 4658/2543/226 4655/2544/225 4656/2541/225
f 4660/2545/227 4657/2546/226 4658/2543/226
f 4662/2547/228 4659/2548/227 4660/2545/227
f 4664/2549/229 4661/2550/228 4662/2547/228
f 4666/2551/230 4663/2552/229 4664/2549/229
f 4668/2553/231 4665/2554/230 4666/2551/230
f 4670/2555/232 4667/2556/231 4668/2553/231
f 4672/2557/233 4669/2558/232 4670/2555/232
f 4674/2559/234 4671/2560/233 4672/2557/233
f 4676/2561/235 4673/2562/234 4674/2559/234
f 4678/2563/236 4675/2564/235 4676/2561/235
f 4680/2565/237 4677/2566/236 4678/2563/236
f 4682/2567/238 4679/2568/237 4680/2565/237
f 4684/2569/239 4681/2570/238 4682/2567/238
f 4686/2571/240 4683/2572/239 4684/2569/239
f 4688/2573/241 4685/2574/240 4686/2571/240
f 4690/2575/242 4687/2576/241 4688/2573/241
f 4692/2577/243 4689/2578/242 4690/2575/242
f 4694/2579/244 4691/2580/243 4692/2577/243
f 4696/2581/245 4693/2582/244 4694/2579/244
f 4698/2583/246 4695/2584/245 4696/2581/245
f 4700/2585/247 4697/2586/246 4698/2583/246
f 4702/2587/248 4699/2588/247 4700/2585/247
f 4704/2589/249 4701/2590/248 4702/2587/248
f 4706/2591/250 4703/2592/249 4704/2589/249
f 4708/2593/251 4705/2594/250 4706/2591/250
f 4710/2595/252 4707/2596/251 4708/2593/251
f 4712/2597/253 4709/2598/252 4710/2595/252
f 4714/2599/254 4711/2600/253 4712/2597/253
f 4716/2601/255 4713/2602/254 4714/2599/254
f 4718/2603/256 4715/2604/255 4716/2601/255
f 4720/2605/257 4717/2606/256 4718/2603/256
f 4722/2607/258 4719/2608/257 4720/2605/257
f 4724/2609/259 4721/2610/258 4722/2607/258
f 4726/2611/260 4723/2612/259 4724/2609/259
f 4728/2613/261 4725/2614/260 4726/2611/260
f 4730/2615/262 4727/2616/261 4728/2613/261
f 4732/2617/263 4729/2618/262 4730/2615/262
f 4734/2619/264 4731/2620/263 4732/2617/263
f 4736/2621/265 4733/2622/264 4734/2619/264
f 4738/2623/266 4735/2624/265 4736/2621/265
f 4740/2625/267 4737/2626/266 4738/2623/266
f 4742/2627/268 4739/2628/267 4740/2625/267
f 4744/2629/269 4741/2630/268 4742/2627/268
f 4746/2631/270 4743/2632/269 4744/2629/269
f 4748/2633/271 4745/2634/270 4746/2631/270
f 4750/2635/272 4747/2636/271 4748/2633/271
f 4752/2637/273 4749/2638/272 4750/2635/272
f 4754/2639/274 4751/2640/275 4752/2637/273
f 4756/2641/276 4753/2642/274 4754/2639/274
f 4758/2643/277 4755/2644/276 4756/2641/276
f 4760/2645/278 4757/2646/277 4758/2643/277
f 4762/2647/279 4759/2648/278 4760/2645/278
f 4764/2649/280 4761/2650/279 4762/2647/279
f 4766/2651/281 4763/2652/280 4764/2649/280
f 4768/2653/282 4765/2654/281 4766/2651/281
f 4770/2655/283 4767/2656/282 4768/2653/282
f 4772/2657/284 4769/2658/283 4770/2655/283
f 4774/2659/285 4771/2660/284 4772/2657/284
f 4776/2661/286 4773/2662/285 4774/2659/285
f 4778/2663/287 4775/2664/286 4776/2661/286
f 4780/2665/288 4777/2666/287 4778/2663/287
f 4782/2667/289 4779/2668/288 4780/2665/288
f 4784/2669/290 4781/2670/289 4782/2667/289
f 4786/2671/291 4783/2672/290 4784/2669/290
f 4788/2673/292 4785/2674/291 4786/2671/291
f 4790/2675/293 4787/2676/292 4788/2673/292
f 4792/2677/294 4789/2678/293 4790/2675/293
f 4794/2679/295 4791/2680/294 4792/2677/294
f 4796/2681/296 4793/2682/295 4794/2679/295
f 4798/2683/297 4795/2684/296 4796/2681/296
f 4800/2685/298 4797/2686/299 4798/2683/297
f 4802/2687/300 4799/2688/298 4800/2685/298
f 4804/2689/301 4801/2690/300 4802/2687/300
f 4806/2691/302 4803/2692/301 4804/2689/301
f 4808/2693/303 4805/2694/302 4806/2691/302
f 4810/2695/304 4807/2696/303 4808/2693/303
f 4812/2697/305 4809/2698/304 4810/2695/304
f 4814/2699/306 4811/2700/305 4812/2697/305
f 4816/2701/307 4813/2702/306 4814/2699/306
f 4818/2703/308 4815/2704/307 4816/2701/307
f 4820/2705/309 4817/2706/308 4818/2703/308
f 4822/2707/310 4819/2708/309 4820/2705/309
f 4824/2709/311 4821/2710/310 4822/2707/310
f 4826/2711/312 4823/2712/311 4824/2709/311
f 4828/2713/313 4825/2714/312 4826/2711/312
f 4830/2715/314 4827/2716/313 4828/2713/313
f 4832/2717/315 4829/2718/314 4830/2715/314
f 4834/2719/316 4831/2720/317 4832/2717/315
f 4836/2721/318 4833/2722/319 4834/2719/316
f 4838/2723/320 4835/2724/318 4836/2721/318
f 4840/2725/321 4837/2726/322 4838/2723/320
f 4842/2727/323 4839/2728/321 4840/2725/321
f 4844/2729/324 4841/2730/323 4842/2727/323
f 4846/2731/325 4843/2732/324 4844/2729/324
f 4848/2733/326 4845/2734/325 4846/2731/325
f 4850/2735/327 4847/2736/328 4848/2733/326
f 4852/2737/329 4849/2738/327 4850/2735/327
f 4854/2739/330 4851/2740/329 4852/2737/329
f 4856/2741/331 4853/2742/330 4854/2739/330
f 4858/2743/332 4855/2744/331 4856/2741/331
f 4860/2745/333 4857/2746/332 4858/2743/332
f 4862/2747/334 4859/2748/333 4860/2745/333
f 4864/2749/335 4861/2750/334 4862/2747/334
f 4866/2751/336 4863/2752/335 4864/2749/335
f 4868/2753/337 4865/2754/336 4866/2751/336
f 4870/2755/338 4867/2756/337 4868/2753/337
f 4872/2757/339 4869/2758/338 4870/2755/338
f 4874/2759/340 4871/2760/339 4872/2757/339
f 4876/2761/341 4873/2762/340 4874/2759/340
f 4878/2763/342 4875/2764/341 4876/2761/341
f 4880/2765/343 4877/2766/344 4878/2763/342
f 4882/2767/345 4879/2768/343 4880/2765/343
f 4884/2769/346 4881/2770/347 4882/2767/345
f 4886/2771/348 4883/2772/346 4884/2769/346
f 4888/2773/349 4885/2774/350 4886/2771/348
f 4890/2775/351 4887/2776/349 4888/2773/349
f 4892/2777/352 4889/2778/351 4890/2775/351
f 4894/2779/353 4891/2780/352 4892/2777/352
f 4896/2781/354 4893/2782/353 4894/2779/353
f 4898/2783/355 4895/2784/354 4896/2781/354
f 4900/2785/356 4897/2786/355 4898/2783/355
f 4902/2787/357 4899/2788/356 4900/2785/356
f 4904/2789/358 4901/2790/357 4902/2787/357
f 4906/2791/359 4903/2792/358 4904/2789/358
f 4908/2793/360 4905/2794/359 4906/2791/359
f 4910/2795/361 4907/2796/360 4908/2793/360
f 4912/2797/362 4909/2798/361 4910/2795/361
f 4914/2799/363 4911/2800/364 4912/2797/362
f 4916/2801/365 4913/2802/363 4914/2799/363
f 4918/2803/366 4915/2804/365 4916/2801/365
f 4920/2805/367 4917/2806/366 4918/2803/366
f 4922/2807/368 4919/2808/367 4920/2805/367
f 4924/2809/369 4921/2810/370 4922/2807/368
f 4926/2811/371 4923/2812/369 4924/2809/369
f 4928/2813/372 4925/2814/371 4926/2811/371
f 4930/2815/373 4927/2816/372 4928/2813/372
f 4932/2817/374 4929/2818/373 4930/2815/373
f 4934/2819/375 4931/2820/374 4932/2817/374
f 4936/2821/376 4933/2822/375 4934/2819/375
f 4938/2823/377 4935/2824/376 4936/2821/376
f 4940/2825/378 4937/2826/377 4938/2823/377
f 4942/2827/379 4939/2828/378 4940/2825/378
f 4944/2829/380 4941/2830/379 4942/2827/379
f 4946/2831/381 4943/2832/380 4944/2829/380
f 4948/2833/382 4945/2834/381 4946/2831/381
f 4950/2835/383 4947/2836/382 4948/2833/382
f 4952/2837/384 4949/2838/383 4950/2835/383
f 4954/2839/385 4951/2840/384 4952/2837/384
f 4956/2841/386 4953/2842/385 4954/2839/385
f 4958/2843/387 4955/2844/386 4956/2841/386
f 4960/2845/388 4957/2846/387 4958/2843/387
f 4962/2847/389 4959/2848/388 4960/2845/388
f 4964/2849/390 4961/2850/391 4962/2847/389
f 4966/2851/392 4963/2852/390 4964/2849/390
f 4968/2853/393 4965/2854/392 4966/2851/392
f 4970/2855/394 4967/2856/393 4968/2853/393
f 4972/2857/395 4969/2858/394 4970/2855/394
f 4974/2859/396 4971/2860/395 4972/2857/395
f 4976/2861/397 4973/2862/396 4974/2859/396
f 4978/2863/398 4975/2864/397 4976/2861/397
f 4980/2865/399 4977/2866/398 4978/2863/398
f 4982/2867/400 4979/2868/399 4980/2865/399
f 4984/2869/401 4981/2870/400 4982/2867/400
f 4986/2871/402 4983/2872/401 4984/2869/401
f 4988/2873/403 4985/2874/402 4986/2871/402
f 4990/2875/404 4987/2876/403 4988/2873/403
f 4992/2877/405 4989/2878/404 4990/2875/404
f 4994/2879/406 4991/2880/405 4992/2877/405
f 4996/2881/407 4993/2882/406 4994/2879/406
f 4998/2883/408 4995/2884/407 4996/2881/407
f 5000/2885/409 4997/2886/408 4998/2883/408
f 5002/2887/410 4999/2888/409 5000/2885/409
f 5004/2889/411 5001/2890/410 5002/2887/410
f 5006/2891/412 5003/2892/411 5004/2889/411
f 5008/2893/413 5005/2894/412 5006/2891/412
f 5010/2895/414 5007/2896/413 5008/2893/413
f 5012/2897/415 5009/2898/414 5010/2895/414
f 5014/2899/416 5011/2900/415 5012/2897/415
f 5016/2901/417 5013/2902/416 5014/2899/416
f 5018/2903/418 5015/2904/417 5016/2901/417
f 5020/2905/419 5017/2906/418 5018/2903/418
f 5022/2907/420 5019/2908/419 5020/2905/419
f 5024/2909/421 5021/2910/420 5022/2907/420
f 5026/2911/422 5023/2912/421 5024/2909/421
f 5028/2913/423 5025/2914/422 5026/2911/422
f 5030/2915/424 5027/2916/423 5028/2913/423
f 5032/2917/425 5029/2918/424 5030/2915/424
f 5034/2919/426 5031/2920/425 5032/2917/425
f 5036/2921/427 5033/2922/426 5034/2919/426
f 5038/2923/428 5035/2924/427 5036/2921/427
f 5040/2925/429 5037/2926/428 5038/2923/428
f 5042/2927/430 5039/2928/429 5040/2925/429
f 5044/2929/431 5041/2930/430 5042/2927/430
f 5046/2931/432 5043/2932/431 5044/2929/431
f 5048/2933/433 5045/2934/432 5046/2931/432
f 5050/2935/434 5047/2936/433 5048/2933/433
f 5052/2937/435 5049/2938/434 5050/2935/434
f 5054/2939/436 5051/2940/435 5052/2937/435
f 5056/2941/437 5053/2942/436 5054/2939/436
f 5058/2943/438 5055/2944/437 5056/2941/437
f 5060/2945/439 5057/2946/438 5058/2943/438
f 5062/2947/440 5059/2948/441 5060/2945/439
f 5064/2949/442 5061/2950/440 5062/2947/440
f 5066/2951/443 5063/2952/442 5064/2949/442
f 5068/2953/444 5065/2954/443 5066/2951/443
f 5070/2955/445 5067/2956/444 5068/2953/444
f 5072/2957/446 5069/2958/445 5070/2955/445
f 5074/2959/447 5071/2960/446 5072/2957/446
f 5076/2961/448 5073/2962/447 5074/2959/447
f 5078/2963/449 5075/2964/450 5076/2961/448
f 5080/2965/451 5077/2966/452 5078/2963/449
f 5082/2967/453 5079/2968/451 5080/2965/451
f 5084/2969/454 5081/2970/453 5082/2967/453
f 5086/2971/455 5083/2972/454 5084/2969/454
f 5088/2973/456 5085/2974/455 5086/2971/455
f 5090/2975/457 5087/2976/458 5088/2973/456
f 5092/2977/459 5089/2978/460 5090/2975/457
f 5094/2979/461 5091/2980/459 5092/2977/459
f 5096/2981/462 5093/2982/461 5094/2979/461
f 5098/2983/463 5095/2984/462 5096/2981/462
f 5100/2985/464 5097/2986/465 5098/2983/463
f 5102/2987/466 5099/2988/467 5100/2985/464
f 5104/2989/468 5101/2990/466 5102/2987/466
f 5106/2991/469 5103/2992/468 5104/2989/468
f 5108/2993/470 5105/2994/469 5106/2991/469
f 5110/2995/471 5107/2996/470 5108/2993/470
f 5112/2997/472 5109/2998/471 5110/2995/471
f 5114/2999/473 5111/3000/472 5112/2997/472
f 5116/3001/474 5113/3002/473 5114/2999/473
f 5118/3003/475 5115/3004/474 5116/3001/474
f 5120/3005/476 5117/3006/475 5118/3003/475
f 5122/3007/477 5119/3008/476 5120/3005/476
f 5124/3009/478 5121/3010/477 5122/3007/477
f 5126/3011/479 5123/3012/478 5124/3009/478
f 5128/3013/480 5125/3014/479 5126/3011/479
f 5130/3015/481 5127/3016/480 5128/3013/480
f 5132/3017/482 5129/3018/481 5130/3015/481
f 5134/3019/483 5131/3020/482 5132/3017/482
f 5136/3021/484 5133/3022/483 5134/3019/483
f 5138/3023/485 5135/3024/484 5136/3021/484
f 5140/3025/486 5137/3026/485 5138/3023/485
f 5142/3027/487 5139/3028/486 5140/3025/486
f 5144/3029/488 5141/3030/487 5142/3027/487
f 5146/3031/489 5143/3032/488 5144/3029/488
f 5148/3033/490 5145/3034/489 5146/3031/489
f 5150/3035/491 5147/3036/492 5148/3033/490
f 5152/3037/493 5149/3038/491 5150/3035/491
f 5154/3039/494 5151/3040/493 5152/3037/493
f 5156/3041/495 5153/3042/494 5154/3039/494
f 5158/3043/496 5155/3044/495 5156/3041/495
f 5160/3045/497 5157/3046/496 5158/3043/496
f 5162/3047/498 5159/3048/497 5160/3045/497
f 5164/3049/499 5161/3050/500 5162/3047/498
f 5166/3051/501 5163/3052/499 5164/3049/499
f 5168/3053/502 5165/3054/501 5166/3051/501
f 5170/3055/503 5167/3056/502 5168/3053/502
f 5172/3057/504 5169/3058/503 5170/3055/503
f 5174/3059/505 5171/3060/504 5172/3057/504
f 5176/3061/506 5173/3062/507 5174/3059/505
f 5178/3063/508 5175/3064/506 5176/3061/506
f 5180/3065/509 5177/3066/508 5178/3063/508
f 5182/3067/510 5179/3068/511 5180/3065/509
f 5184/3069/512 5181/3070/510 5182/3067/510
f 5186/3071/513 5183/3072/512 5184/3069/512
f 5188/3073/514 5185/3074/515 5186/3071/513
f 5190/3075/516 5187/3076/514 5188/3073/514
f 5192/3077/517 5189/3078/516 5190/3075/516
f 5194/3079/518 5191/3080/517 5192/3077/517
f 5196/3081/519 5193/3082/518 5194/3079/518
f 5198/3083/520 5195/3084/519 5196/3081/519
f 5200/3085/521 5197/3086/520 5198/3083/520
f 5202/3087/522 5199/3088/521 5200/3085/521
f 5204/3089/523 5201/3090/524 5202/3087/522
f 5206/3091/525 5203/3092/523 5204/3089/523
f 5208/3093/526 5205/3094/525 5206/3091/525
f 5210/3095/527 5207/3096/526 5208/3093/526
f 5212/3097/528 5209/3098/527 5210/3095/527
f 5214/3099/529 5211/3100/530 5212/3097/528
f 5216/3101/531 5213/3102/529 5214/3099/529
f 5218/3103/532 5215/3104/531 5216/3101/531
f 5220/3105/533 5217/3106/534 5218/3103/532
f 5222/3107/535 5219/3108/533 5220/3105/533
f 5224/3109/536 5221/3110/535 5222/3107/535
f 5226/3111/537 5223/3112/536 5224/3109/536
f 5228/3113/538 5225/3114/537 5226/3111/537
f 5230/3115/539 5227/3116/538 5228/3113/538
f 5232/3117/540 5229/3118/539 5230/3115/539
f 5234/3119/541 5231/3120/540 5232/3117/540
f 5236/3121/542 5233/3122/541 5234/3119/541
f 5238/3123/543 5235/3124/542 5236/3121/542
f 5240/3125/544 5237/3126/543 5238/3123/543
f 5242/3127/545 5239/3128/544 5240/3125/544
f 5244/3129/546 5241/3130/545 5242/3127/545
f 5246/3131/547 5243/3132/546 5244/3129/546
f 5248/3133/548 5245/3134/547 5246/3131/547
f 5250/3135/549 5247/3136/548 5248/3133/548
f 5252/3137/550 5249/3138/549 5250/3135/549
f 5254/3139/551 5251/3140/550 5252/3137/550
f 5256/3141/552 5253/3142/551 5254/3139/551
f 5258/3143/553 5255/3144/552 5256/3141/552
f 5260/3145/554 5257/3146/555 5258/3143/553
f 5262/3147/556 5259/3148/554 5260/3145/554
f 5264/3149/557 5261/3150/556 5262/3147/556
f 5266/3151/558 5263/3152/557 5264/3149/557
f 5268/3153/559 5265/3154/558 5266/3151/558
f 5270/3155/560 5267/3156/561 5268/3153/559
f 5272/3157/562 5269/3158/560 5270/3155/560
f 5274/3159/563 5271/3160/562 5272/3157/562
f 5276/3161/564 5273/3162/563 5274/3159/563
f 5278/3163/565 5275/3164/566 5276/3161/564
f 5280/3165/567 5277/3166/565 5278/3163/565
f 5282/3167/568 5279/3168/567 5280/3165/567
f 5284/3169/569 5281/3170/570 5282/3167/568
f 5286/3171/571 5283/3172/569 5284/3169/569
f 5288/3173/572 5285/3174/571 5286/3171/571
f 5290/3175/573 5287/3176/572 5288/3173/572
f 5292/3177/574 5289/3178/575 5290/3175/573
f 5294/3179/576 5291/3180/574 5292/3177/574
f 5296/3181/577 5293/3182/576 5294/3179/576
f 5298/3183/578 5295/3184/577 5296/3181/577
f 5300/3185/579 5297/3186/578 5298/3183/578
f 5302/3187/580 5299/3188/579 5300/3185/579
f 5304/3189/581 5301/3190/580 5302/3187/580
f 5306/3191/582 5303/3192/583 5304/3189/581
f 5308/3193/584 5305/3194/582 5306/3191/582
f 5310/3195/585 5307/3196/584 5308/3193/584
f 5312/3197/586 5309/3198/585 5310/3195/585
f 5314/3199/587 5311/3200/588 5312/3197/586
f 5316/3201/589 5313/3202/587 5314/3199/587
f 5318/3203/590 5315/3204/589 5316/3201/589
f 5320/3205/591 5317/3206/590 5318/3203/590
f 5322/3207/592 5319/3208/593 5320/3205/591
f 5324/3209/594 5321/3210/592 5322/3207/592
f 5326/3211/595 5323/3212/594 5324/3209/594
f 5328/3213/596 5325/3214/595 5326/3211/595
f 5330/3215/597 5327/3216/596 5328/3213/596
f 5332/3217/598 5329/3218/597 5330/3215/597
f 5334/3219/599 5331/3220/598 5332/3217/598
f 5336/3221/600 5333/3222/601 5334/3219/599
f 5338/3223/602 5335/3224/600 5336/3221/600
f 5340/3225/603 5337/3226/604 5338/3223/602
f 5342/3227/605 5339/3228/603 5340/3225/603
f 5344/3229/606 5341/3230/605 5342/3227/605
f 5346/3231/607 5343/3232/606 5344/3229/606
f 5348/3233/608 5345/3234/607 5346/3231/607
f 5350/3235/609 5347/3236/608 5348/3233/608
f 5352/3237/610 5349/3238/609 5350/3235/609
f 5354/3239/611 5351/3240/612 5352/3237/610
f 5356/3241/613 5353/3242/611 5354/3239/611
f 5358/3243/614 5355/3244/613 5356/3241/613
f 5360/3245/615 5357/3246/614 5358/3243/614
f 5362/3247/616 5359/3248/617 5360/3245/615
f 5364/3249/618 5361/3250/616 5362/3247/616
f 5366/3251/619 5363/3252/620 5364/3249/618
f 5368/3253/621 5365/3254/619 5366/3251/619
f 5370/3255/622 5367/3256/623 5368/3253/621
f 5372/3257/624 5369/3258/622 5370/3255/622
f 5374/3259/625 5371/3260/626 5372/3257/624
f 5376/3261/627 5373/3262/625 5374/3259/625
f 5378/3263/628 5375/3264/627 5376/3261/627
f 5380/3265/629 5377/3266/628 5378/3263/628
f 5382/3267/630 5379/3268/629 5380/3265/629
f 5384/3269/631 5381/3270/630 5382/3267/630
f 5386/3271/632 5383/3272/631 5384/3269/631
f 5388/3273/633 5385/3274/632 5386/3271/632
f 5390/3275/634 5387/3276/633 5388/3273/633
f 5392/3277/635 5389/3278/634 5390/3275/634
f 5394/3279/636 5391/3280/637 5392/3277/635
f 5396/3281/638 5393/3282/636 5394/3279/636
f 5398/3283/639 5395/3284/638 5396/3281/638
f 5400/3285/640 5397/3286/639 5398/3283/639
f 5402/3287/641 5399/3288/640 5400/3285/640
f 5404/3289/642 5401/3290/641 5402/3287/641
f 5406/3291/643 5403/3292/642 5404/3289/642
f 5408/3293/644 5405/3294/645 5406/3291/643
f 5410/3295/646 5407/3296/644 5408/3293/644
f 5412/3297/647 5409/3298/646 5410/3295/646
f 5414/3299/648 5411/3300/647 5412/3297/647
f 5416/3301/649 5413/3302/648 5414/3299/648
f 5418/3303/650 5415/3304/651 5416/3301/649
f 5420/3305/652 5417/3306/650 5418/3303/650
f 5422/3307/653 5419/3308/652 5420/3305/652
f 5424/3309/654 5421/3310/653 5422/3307/653
f 5426/3311/655 5423/3312/654 5424/3309/654
f 5428/3313/656 5425/3314/655 5426/3311/655
f 5430/3315/657 5427/3316/656 5428/3313/656
f 5432/3317/658 5429/3318/657 5430/3315/657
f 5434/3319/659 5431/3320/658 5432/3317/658
f 5436/3321/660 5433/3322/659 5434/3319/659
f 5438/3323/661 5435/3324/660 5436/3321/660
f 5440/3325/662 5437/3326/661 5438/3323/661
f 5442/3327/663 5439/3328/662 5440/3325/662
f 5444/3329/664 5441/3330/663 5442/3327/663
f 5446/3331/665 5443/3332/664 5444/3329/664
f 5448/3333/666 5445/3334/665 5446/3331/665
f 5450/3335/667 5447/3336/666 5448/3333/666
f 5452/3337/668 5449/3338/667 5450/3335/667
f 5454/3339/669 5451/3340/668 5452/3337/668
f 5456/3341/670 5453/3342/669 5454/3339/669
f 5458/3343/671 5455/3344/670 5456/3341/670
f 5460/3345/672 5457/3346/671 5458/3343/671
f 5462/3347/673 5459/3348/674 5460/3345/672
f 5464/3349/675 5461/3350/673 5462/3347/673
f 5466/3351/676 5463/3352/675 5464/3349/675
f 5468/3353/677 5465/3354/676 5466/3351/676
f 5470/3355/678 5467/3356/677 5468/3353/677
f 5472/3357/679 5469/3358/678 5470/3355/678
f 5474/3359/680 5471/3360/679 5472/3357/679
f 5476/3361/681 5473/3362/680 5474/3359/680
f 5478/3363/682 5475/3364/683 5476/3361/681
f 5480/3365/684 5477/3366/682 5478/3363/682
f 5482/3367/685 5479/3368/684 5480/3365/684
f 5484/3369/686 5481/3370/685 5482/3367/685
f 5486/3371/687 5483/3372/686 5484/3369/686
f 5488/3373/688 5485/3374/687 5486/3371/687
f 5490/3375/689 5487/3376/688 5488/3373/688
f 5492/3377/690 5489/3378/689 5490/3375/689
f 5494/3379/691 5491/3380/690 5492/3377/690
f 5496/3381/692 5493/3382/691 5494/3379/691
f 5498/3383/693 5495/3384/692 5496/3381/692
f 5500/3385/694 5497/3386/693 5498/3383/693
f 5502/3387/695 5499/3388/694 5500/3385/694
f 5504/3389/696 5501/3390/695 5502/3387/695
f 5506/3391/697 5503/3392/696 5504/3389/696
f 5508/3393/698 5505/3394/697 5506/3391/697
f 5510/3395/699 5507/3396/698 5508/3393/698
f 5512/3397/700 5509/3398/699 5510/3395/699
f 5514/3399/701 5511/3400/700 5512/3397/700
f 5516/3401/702 5513/3402/701 5514/3399/701
f 5518/3403/703 5515/3404/702 5516/3401/702
f 5520/3405/704 5517/3406/705 5518/3403/703
f 5522/3407/706 5519/3408/704 5520/3405/704
f 5524/3409/707 5521/3410/706 5522/3407/706
f 5526/3411/708 5523/3412/707 5524/3409/707
f 5528/3413/709 5525/3414/708 5526/3411/708
f 5530/3415/710 5527/3416/709 5528/3413/709
f 5532/3417/711 5529/3418/710 5530/3415/710
f 5534/3419/712 5531/3420/711 5532/3417/711
f 5536/3421/713 5533/3422/712 5534/3419/712
f 5538/3423/714 5535/3424/713 5536/3421/713
f 5540/3425/715 5537/3426/714 5538/3423/714
f 5542/3427/716 5539/3428/715 5540/3425/715
f 5544/3429/717 5541/3430/716 5542/3427/716
f 5546/3431/718 5543/3432/717 5544/3429/717
f 5548/3433/719 5545/3434/718 5546/3431/718
f 5550/3435/720 5547/3436/719 5548/3433/719
f 5552/3437/721 5549/3438/722 5550/3435/720
f 5554/3439/723 5551/3440/721 5552/3437/721
f 5556/3441/724 5553/3442/723 5554/3439/723
f 5558/3443/725 5555/3444/724 5556/3441/724
f 5560/3445/726 5557/3446/725 5558/3443/725
f 5562/3447/727 5559/3448/726 5560/3445/726
f 5564/3449/728 5561/3450/727 5562/3447/727
f 5566/3451/729 5563/3452/728 5564/3449/728
f 5568/3453/730 5565/3454/729 5566/3451/729
f 5570/3455/731 5567/3456/730 5568/3453/730
f 5572/3457/732 5569/3458/731 5570/3455/731
f 5574/3459/733 5571/3460/732 5572/3457/732
f 5576/3461/734 5573/3462/733 5574/3459/733
f 5578/3463/735 5575/3464/734 5576/3461/734
f 5580/3465/736 5577/3466/735 5578/3463/735
f 5582/3467/737 5579/3468/736 5580/3465/736
f 5584/3469/738 5581/3470/737 5582/3467/737
f 5586/3471/739 5583/3472/738 5584/3469/738
f 5588/3473/740 5585/3474/739 5586/3471/739
f 5590/3475/741 5587/3476/740 5588/3473/740
f 5592/3477/742 5589/3478/741 5590/3475/741
f 5594/3479/743 5591/3480/742 5592/3477/742
f 5596/3481/744 5593/3482/743 5594/3479/743
f 5598/3483/745 5595/3484/744 5596/3481/744
f 5600/3485/746 5597/3486/745 5598/3483/745
f 5602/3487/747 5599/3488/746 5600/3485/746
f 5604/3489/748 5601/3490/747 5602/3487/747
f 5606/3491/749 5603/3492/748 5604/3489/748
f 5608/3493/750 5605/3494/749 5606/3491/749
f 5610/3495/751 5607/3496/750 5608/3493/750
f 5612/3497/752 5609/3498/751 5610/3495/751
f 5614/3499/753 5611/3500/752 5612/3497/752
f 5616/3501/754 5613/3502/753 5614/3499/753
f 5618/3503/755 5615/3504/754 5616/3501/754
f 5620/3505/756 5617/3506/755 5618/3503/755
f 5622/3507/757 5619/3508/756 5620/3505/756
f 5624/3509/758 5621/3510/757 5622/3507/757
f 5626/3511/759 5623/3512/758 5624/3509/758
f 5628/3513/760 5625/3514/759 5626/3511/759
f 5630/3515/761 5627/3516/760 5628/3513/760
f 5632/3517/762 5629/3518/761 5630/3515/761
f 5634/3519/763 5631/3520/762 5632/3517/762
f 5636/3521/764 5633/3522/763 5634/3519/763
f 5638/3523/765 5635/3524/764 5636/3521/764
f 5640/3525/766 5637/3526/765 5638/3523/765
f 5642/3527/767 5639/3528/766 5640/3525/766
f 5644/3529/768 5641/3530/767 5642/3527/767
f 5646/3531/769 5643/3532/768 5644/3529/768
f 5648/3533/770 5645/3534/769 5646/3531/769
f 5650/3535/771 5647/3536/770 5648/3533/770
f 5652/3537/772 5649/3538/771 5650/3535/771
f 5654/3539/773 5651/3540/772 5652/3537/772
f 5656/3541/774 5653/3542/773 5654/3539/773
f 5658/3543/775 5655/3544/774 5656/3541/774
f 5660/3545/776 5657/3546/775 5658/3543/775
f 5662/3547/777 5659/3548/776 5660/3545/776
f 5664/3549/778 5661/3550/777 5662/3547/777
f 5666/3551/779 5663/3552/778 5664/3549/778
f 5668/3553/780 5665/3554/779 5666/3551/779
f 5670/3555/781 5667/3556/780 5668/3553/780
f 5672/3557/782 5669/3558/783 5670/3555/781
f 5674/3559/784 5671/3560/782 5672/3557/782
f 5676/3561/785 5673/3562/784 5674/3559/784
f 5678/3563/786 5675/3564/785 5676/3561/785
f 5680/3565/787 5677/3566/786 5678/3563/786
f 5682/3567/788 5679/3568/787 5680/3565/787
f 5684/3569/789 5681/3570/788 5682/3567/788
f 5686/3571/790 5683/3572/789 5684/3569/789
f 5688/3573/791 5685/3574/790 5686/3571/790
f 5690/3575/792 5687/3576/791 5688/3573/791
f 5692/3577/793 5689/3578/792 5690/3575/792
f 5694/3579/794 5691/3580/793 5692/3577/793
f 5696/3581/795 5693/3582/794 5694/3579/794
f 5698/3583/796 5695/3584/795 5696/3581/795
f 5700/3585/797 5697/3586/796 5698/3583/796
f 5702/3587/798 5699/3588/797 5700/3585/797
f 5704/3589/799 5701/3590/798 5702/3587/798
f 5706/3591/800 5703/3592/799 5704/3589/799
f 5708/3593/801 5705/3594/800 5706/3591/800
f 5710/3595/802 5707/3596/801 5708/3593/801
f 5712/3597/803 5709/3598/802 5710/3595/802
f 5714/3599/804 5711/3600/803 5712/3597/803
f 5716/3601/805 5713/3602/804 5714/3599/804
f 5718/3603/806 5715/3604/805 5716/3601/805
f 5720/3605/807 5717/3606/806 5718/3603/806
f 5722/3607/808 5719/3608/807 5720/3605/807
f 5724/3609/809 5721/3610/808 5722/3607/808
f 5726/3611/810 5723/3612/809 5724/3609/809
f 5728/3613/811 5725/3614/810 5726/3611/810
f 5730/3615/812 5727/3616/811 5728/3613/811
f 5732/3617/813 5729/3618/814 5730/3615/812
f 5734/3619/815 5731/3620/813 5732/3617/813
f 5736/3621/816 5733/3622/815 5734/3619/815
f 5738/3623/817 5735/3624/818 5736/3621/816
f 5740/3625/819 5737/3626/817 5738/3623/817
f 5742/3627/820 5739/3628/819 5740/3625/819
f 5744/3629/821 5741/3630/820 5742/3627/820
f 5746/3631/822 5743/3632/821 5744/3629/821
f 5748/3633/823 5745/3634/822 5746/3631/822
f 5750/3635/824 5747/3636/823 5748/3633/823
f 5752/3637/825 5749/3638/824 5750/3635/824
f 5754/3639/826 5751/3640/825 5752/3637/825
f 5756/3641/827 5753/3642/826 5754/3639/826
f 5758/3643/828 5755/3644/827 5756/3641/827
f 5760/3645/829 5757/3646/828 5758/3643/828
f 5762/3647/830 5759/3648/829 5760/3645/829
f 5764/3649/831 5761/3650/830 5762/3647/830
f 5766/3651/832 5763/3652/831 5764/3649/831
f 5768/3653/833 5765/3654/832 5766/3651/832
f 5770/3655/834 5767/3656/833 5768/3653/833
f 5772/3657/835 5769/3658/834 5770/3655/834
f 5774/3659/836 5771/3660/835 5772/3657/835
f 5776/3661/837 5773/3662/836 5774/3659/836
f 5778/3663/838 5775/3664/837 5776/3661/837
f 5780/3665/839 5777/3666/838 5778/3663/838
f 5782/3667/840 5779/3668/839 5780/3665/839
f 5784/3669/841 5781/3670/840 5782/3667/840
f 5786/3671/842 5783/3672/843 5784/3669/841
f 5788/3673/844 5785/3674/842 5786/3671/842
f 5790/3675/845 5787/3676/844 5788/3673/844
f 5792/3677/846 5789/3678/845 5790/3675/845
f 5794/3679/847 5791/3680/846 5792/3677/846
f 5796/3681/848 5793/3682/847 5794/3679/847
f 5798/3683/849 5795/3684/848 5796/3681/848
f 5800/3685/850 5797/3686/851 5798/3683/849
f 5802/3687/852 5799/3688/850 5800/3685/850
f 5804/3689/853 5801/3690/852 5802/3687/852
f 5806/3691/854 5803/3692/853 5804/3689/853
f 5808/3693/855 5805/3694/854 5806/3691/854
f 5810/3695/856 5807/3696/855 5808/3693/855
f 5812/3697/857 5809/3698/856 5810/3695/856
f 5814/3699/858 5811/3700/857 5812/3697/857
f 5816/3701/859 5813/3702/858 5814/3699/858
f 5818/3703/860 5815/3704/859 5816/3701/859
f 5820/3705/861 5817/3706/860 5818/3703/860
f 5822/3707/862 5819/3708/861 5820/3705/861
f 5824/3709/863 5821/3710/862 5822/3707/862
f 5826/3711/864 5823/3712/863 5824/3709/863
f 5828/3713/865 5825/3714/864 5826/3711/864
f 5830/3715/866 5827/3716/865 5828/3713/865
f 5832/3717/867 5829/3718/868 5830/3715/866
f 5834/3719/869 5831/3720/867 5832/3717/867
f 5836/3721/870 5833/3722/871 5834/3719/869
f 5838/3723/872 5835/3724/870 5836/3721/870
f 5840/3725/873 5837/3726/872 5838/3723/872
f 5842/3727/874 5839/3728/873 5840/3725/873
f 5844/3729/875 5841/3730/874 5842/3727/874
f 5846/3731/876 5843/3732/875 5844/3729/875
f 5848/3733/877 5845/3734/876 5846/3731/876
f 5850/3735/878 5847/3736/877 5848/3733/877
f 5852/3737/879 5849/3738/878 5850/3735/878
f 5854/3739/880 5851/3740/879 5852/3737/879
f 5856/3741/881 5853/3742/880 5854/3739/880
f 5858/3743/882 5855/3744/881 5856/3741/881
f 5860/3745/883 5857/3746/882 5858/3743/882
f 5862/3747/884 5859/3748/883 5860/3745/883
f 5864/3749/885 5861/3750/884 5862/3747/884
f 5866/3751/886 5863/3752/885 5864/3749/885
f 5868/3753/887 5865/3754/886 5866/3751/886
f 5870/3755/888 5867/3756/887 5868/3753/887
f 5872/3757/889 5869/3758/888 5870/3755/888
f 5874/3759/890 5871/3760/889 5872/3757/889
f 5876/3761/891 5873/3762/890 5874/3759/890
f 5878/3763/892 5875/3764/891 5876/3761/891
f 5880/3765/893 5877/3766/892 5878/3763/892
f 5882/3767/894 5879/3768/895 5880/3765/893
f 5884/3769/896 5881/3770/894 5882/3767/894
f 5886/3771/897 5883/3772/896 5884/3769/896
f 5888/3773/898 5885/3774/897 5886/3771/897
f 5890/3775/899 5887/3776/898 5888/3773/898
f 5892/3777/900 5889/3778/899 5890/3775/899
f 5894/3779/901 5891/3780/900 5892/3777/900
f 5896/3781/902 5893/3782/901 5894/3779/901
f 5898/3783/903 5895/3784/902 5896/3781/902
f 5900/3785/904 5897/3786/903 5898/3783/903
f 5902/3787/905 5899/3788/904 5900/3785/904
f 5904/3789/906 5901/3790/905 5902/3787/905
f 5906/3791/907 5903/3792/906 5904/3789/906
f 5908/3793/908 5905/3794/907 5906/3791/907
f 5910/3795/909 5907/3796/910 5908/3793/908
f 5912/3797/911 5909/3798/909 5910/3795/909
f 5914/3799/912 5911/3800/911 5912/3797/911
f 5916/3801/913 5913/3802/912 5914/3799/912
f 5918/3803/914 5915/3804/913 5916/3801/913
f 5920/3805/915 5917/3806/914 5918/3803/914
f 5922/3807/916 5919/3808/915 5920/3805/915
f 5924/3809/917 5921/3810/918 5922/3807/916
f 5926/3811/919 5923/3812/917 5924/3809/917
f 5928/3813/920 5925/3814/919 5926/3811/919
f 5930/3815/921 5927/3816/920 5928/3813/920
f 5932/3817/922 5929/3818/921 5930/3815/921
f 5934/3819/923 5931/3820/922 5932/3817/922
f 5936/3821/195 5933/3822/923 5934/3819/923
f 5938/3823/200 5935/3824/195 5936/3821/195
f 5940/3825/924 5937/3826/200 5938/3823/200
f 5942/3827/925 5939/3828/924 5940/3825/924
f 5944/3829/926 5941/3830/925 5942/3827/925
f 5946/3831/927 5943/3832/926 5944/3829/926
f 5948/3833/928 5945/3834/927 5946/3831/927
f 5950/3835/228 5947/3836/928 5948/3833/928
f 5952/3837/929 5949/3838/930 5950/3835/228
f 5954/3839/931 5951/3840/929 5952/3837/929
f 5956/3841/932 5953/3842/931 5954/3839/931
f 5958/3843/933 5955/3844/932 5956/3841/932
f 5960/3845/934 5957/3846/933 5958/3843/933
f 5962/3847/935 5959/3848/934 5960/3845/934
f 5964/3849/936 5961/3850/937 5962/3847/935
f 5966/3851/938 5963/3852/936 5964/3849/936
f 5968/3853/939 5965/3854/938 5966/3851/938
f 5970/3855/940 5967/3856/939 5968/3853/939
f 5972/3857/941 5969/3858/940 5970/3855/940
f 5974/3859/942 5971/3860/941 5972/3857/941
f 5976/3861/943 5973/3862/942 5974/3859/942
f 5978/3863/944 5975/3864/943 5976/3861/943
f 5980/3865/945 5977/3866/944 5978/3863/944
f 5982/3867/946 5979/3868/945 5980/3865/945
f 5984/3869/947 5981/3870/948 5982/3867/946
f 5986/3871/949 5983/3872/947 5984/3869/947
f 5988/3873/950 5985/3874/949 5986/3871/949
f 5990/3875/951 5987/3876/950 5988/3873/950
f 5992/3877/952 5989/3878/951 5990/3875/951
f 5994/3879/953 5991/3880/952 5992/3877/952
f 5996/3881/954 5993/3882/953 5994/3879/953
f 5998/3883/955 5995/3884/954 5996/3881/954
f 6000/3885/956 5997/3886/955 5998/3883/955
f 6002/3887/957 5999/3888/956 6000/3885/956
f 6004/3889/958 6001/3890/957 6002/3887/957
f 6006/3891/959 6003/3892/960 6004/3889/958
f 6008/3893/961 6005/3894/959 6006/3891/959
f 6010/3895/962 6007/3896/961 6008/3893/961
f 6012/3897/963 6009/3898/962 6010/3895/962
f 6014/3899/964 6011/3900/963 6012/3897/963
f 6016/3901/965 6013/3902/964 6014/3899/964
f 6018/3903/966 6015/3904/965 6016/3901/965
f 6020/3905/967 6017/3906/966 6018/3903/966
f 6022/3907/968 6019/3908/967 6020/3905/967
f 6024/3909/969 6021/3910/968 6022/3907/968
f 6026/3911/970 6023/3912/969 6024/3909/969
f 6028/3913/971 6025/3914/970 6026/3911/970
f 6030/3915/972 6027/3916/971 6028/3913/971
f 6032/3917/973 6029/3918/972 6030/3915/972
f 6034/3919/974 6031/3920/973 6032/3917/973
f 6036/3921/975 6033/3922/974 6034/3919/974
f 6038/3923/976 6035/3924/975 6036/3921/975
f 6040/3925/977 6037/3926/976 6038/3923/976
f 6042/3927/978 6039/3928/977 6040/3925/977
f 6044/3929/979 6041/3930/978 6042/3927/978
f 6046/3931/980 6043/3932/979 6044/3929/979
f 6048/3933/981 6045/3934/980 6046/3931/980
f 6050/3935/982 6047/3936/981 6048/3933/981
f 6052/3937/983 6049/3938/982 6050/3935/982
f 6054/3939/984 6051/3940/983 6052/3937/983
f 6056/3941/985 6053/3942/984 6054/3939/984
f 6058/3943/986 6055/3944/985 6056/3941/985
f 6060/3945/987 6057/3946/986 6058/3943/986
f 6062/3947/988 6059/3948/987 6060/3945/987
f 6064/3949/989 6061/3950/988 6062/3947/988
f 6066/3951/990 6063/3952/989 6064/3949/989
f 6068/3953/991 6065/3954/990 6066/3951/990
f 6070/3955/992 6067/3956/991 6068/3953/991
f 6072/3957/993 6069/3958/992 6070/3955/992
f 6074/3959/994 6071/3960/993 6072/3957/993
f 6076/3961/995 6073/3962/994 6074/3959/994
f 6078/3963/996 6075/3964/995 6076/3961/995
f 6080/3965/997 6077/3966/996 6078/3963/996
f 6082/3967/998 6079/3968/997 6080/3965/997
f 6084/3969/999 6081/3970/998 6082/3967/998
f 6086/3971/1000 6083/3972/999 6084/3969/999
f 6088/3973/1001 6085/3974/1000 6086/3971/1000
f 6090/3975/1002 6087/3976/1001 6088/3973/1001
f 6092/3977/1003 6089/3978/1002 6090/3975/1002
f 6094/3979/1004 6091/3980/1003 6092/3977/1003
f 6096/3981/1005 6093/3982/1004 6094/3979/1004
f 6098/3983/1006 6095/3984/1005 6096/3981/1005
f 6100/3985/1007 6097/3986/1006 6098/3983/1006
f 6102/3987/1008 6099/3988/1007 6100/3985/1007
f 6104/3989/1009 6101/3990/1008 6102/3987/1008
f 6106/3991/1010 6103/3992/1009 6104/3989/1009
f 6108/3993/1011 6105/3994/1010 6106/3991/1010
f 6110/3995/1012 6107/3996/1011 6108/3993/1011
f 6112/3997/1013 6109/3998/1012 6110/3995/1012
f 6114/3999/1014 6111/4000/1013 6112/3997/1013
f 6116/4001/1015 6113/4002/1014 6114/3999/1014
f 6118/4003/1016 6115/4004/1015 6116/4001/1015
f 6120/4005/1017 6117/4006/1016 6118/4003/1016
f 6122/4007/1018 6119/4008/1017 6120/4005/1017
f 6124/4009/1019 6121/4010/1018 6122/4007/1018
f 6126/4011/1020 6123/4012/1019 6124/4009/1019
f 6128/4013/1021 6125/4014/1020 6126/4011/1020
f 6130/4015/1022 6127/4016/1021 6128/4013/1021
f 6132/4017/1023 6129/4018/1022 6130/4015/1022
f 6134/4019/1024 6131/4020/1023 6132/4017/1023
f 6136/4021/1025 6133/4022/1024 6134/4019/1024
f 6138/4023/1026 6135/4024/1025 6136/4021/1025
f 6140/4025/1027 6137/4026/1026 6138/4023/1026
f 6142/4027/1028 6139/4028/1027 6140/4025/1027
f 6144/4029/1029 6141/4030/1028 6142/4027/1028
f 6146/4031/1030 6143/4032/1029 6144/4029/1029
f 6148/4033/1031 6145/4034/1030 6146/4031/1030
f 6150/4035/1032 6147/4036/1031 6148/4033/1031
f 6152/4037/1033 6149/4038/1032 6150/4035/1032
f 6154/4039/1034 6151/4040/1033 6152/4037/1033
f 6156/4041/1035 6153/4042/1034 6154/4039/1034
f 6158/4043/1036 6155/4044/1035 6156/4041/1035
f 6160/4045/1037 6157/4046/1036 6158/4043/1036
f 6162/4047/1038 6159/4048/1037 6160/4045/1037
f 6164/4049/1039 6161/4050/1038 6162/4047/1038
f 6166/4051/1040 6163/4052/1039 6164/4049/1039
f 6168/4053/1041 6165/4054/1040 6166/4051/1040
f 6170/4055/1042 6167/4056/1041 6168/4053/1041
f 6172/4057/1043 6169/4058/1042 6170/4055/1042
f 6174/4059/1044 6171/4060/1043 6172/4057/1043
f 6176/4061/1045 6173/4062/1044 6174/4059/1044
f 6178/4063/1046 6175/4064/1045 6176/4061/1045
f 6180/4065/1047 6177/4066/1046 6178/4063/1046
f 6182/4067/1048 6179/4068/1047 6180/4065/1047
f 6184/4069/1049 6181/4070/1048 6182/4067/1048
f 6186/4071/1050 6183/4072/1049 6184/4069/1049
f 6188/4073/1051 6185/4074/1050 6186/4071/1050
f 6190/4075/1052 6187/4076/1051 6188/4073/1051
f 6192/4077/1053 6189/4078/1052 6190/4075/1052
f 6194/4079/1054 6191/4080/1053 6192/4077/1053
f 6196/4081/1055 6193/4082/1054 6194/4079/1054
f 6198/4083/1056 6195/4084/1055 6196/4081/1055
f 6200/4085/1057 6197/4086/1056 6198/4083/1056
f 6202/4087/1058 6199/4088/1057 6200/4085/1057
f 6204/4089/1059 6201/4090/1058 6202/4087/1058
f 6206/4091/1060 6203/4092/1059 6204/4089/1059
f 6208/4093/1061 6205/4094/1060 6206/4091/1060
f 6210/4095/1062 6207/4096/1061 6208/4093/1061
f 6212/4097/1063 6209/4098/1062 6210/4095/1062
f 6214/4099/1064 6211/4100/1063 6212/4097/1063
f 6216/4101/1065 6213/4102/1064 6214/4099/1064
f 6218/4103/1066 6215/4104/1065 6216/4101/1065
f 6220/4105/1067 6217/4106/1066 6218/4103/1066
f 6222/4107/1068 6219/4108/1067 6220/4105/1067
f 6224/4109/1069 6221/4110/1068 6222/4107/1068
f 6226/4111/1070 6223/4112/1069 6224/4109/1069
f 6228/4113/1071 6225/4114/1070 6226/4111/1070
f 6230/4115/1072 6227/4116/1071 6228/4113/1071
f 6232/4117/1073 6229/4118/1072 6230/4115/1072
f 6234/4119/1074 6231/4120/1073 6232/4117/1073
f 6236/4121/1075 6233/4122/1074 6234/4119/1074
f 6238/4123/1076 6235/4124/1075 6236/4121/1075
f 6240/4125/1077 6237/4126/1076 6238/4123/1076
f 6242/4127/1078 6239/4128/1077 6240/4125/1077
f 6244/4129/1079 6241/4130/1078 6242/4127/1078
f 6246/4131/1080 6243/4132/1079 6244/4129/1079
f 6248/4133/1081 6245/4134/1080 6246/4131/1080
f 6250/4135/1082 6247/4136/1081 6248/4133/1081
f 6252/4137/1083 6249/4138/1082 6250/4135/1082
f 6254/4139/1084 6251/4140/1083 6252/4137/1083
f 6256/4141/1085 6253/4142/1084 6254/4139/1084
f 6258/4143/1086 6255/4144/1085 6256/4141/1085
f 6260/4145/1087 6257/4146/1086 6258/4143/1086
f 6262/4147/1088 6259/4148/1087 6260/4145/1087
f 6264/4149/1089 6261/4150/1088 6262/4147/1088
f 6266/4151/1090 6263/4152/1089 6264/4149/1089
f 6268/4153/1091 6265/4154/1090 6266/4151/1090
f 6270/4155/1092 6267/4156/1091 6268/4153/1091
f 6272/4157/1093 6269/4158/1092 6270/4155/1092
f 6274/4159/1094 6271/4160/1093 6272/4157/1093
f 6276/4161/1095 6273/4162/1094 6274/4159/1094
f 6278/4163/1096 6275/4164/1095 6276/4161/1095
f 6280/4165/1097 6277/4166/1096 6278/4163/1096
f 6282/4167/1098 6279/4168/1097 6280/4165/1097
f 6284/4169/1099 6281/4170/1098 6282/4167/1098
f 6286/4171/1100 6283/4172/1099 6284/4169/1099
f 6288/4173/1101 6285/4174/1100 6286/4171/1100
f 6290/4175/1102 6287/4176/1101 6288/4173/1101
f 6292/4177/1103 6289/4178/1102 6290/4175/1102
f 6294/4179/1104 6291/4180/1103 6292/4177/1103
f 6296/4181/1105 6293/4182/1104 6294/4179/1104
f 6298/4183/1106 6295/4184/1105 6296/4181/1105
f 6300/4185/1107 6297/4186/1106 6298/4183/1106
f 6302/4187/1108 6299/4188/1107 6300/4185/1107
f 6304/4189/1109 6301/4190/1108 6302/4187/1108
f 6306/4191/1110 6303/4192/1109 6304/4189/1109
f 6308/4193/1111 6305/4194/1110 6306/4191/1110
f 6310/4195/1112 6307/4196/1111 6308/4193/1111
f 6312/4197/1113 6309/4198/1112 6310/4195/1112
f 6314/4199/1114 6311/4200/1113 6312/4197/1113
f 6316/4201/1115 6313/4202/1114 6314/4199/1114
f 6318/4203/1116 6315/4204/1115 6316/4201/1115
f 6320/4205/1117 6317/4206/1116 6318/4203/1116
f 6322/4207/1118 6319/4208/1117 6320/4205/1117
f 6324/4209/1119 6321/4210/1118 6322/4207/1118
f 6326/4211/1120 6323/4212/1119 6324/4209/1119
f 6328/4213/1121 6325/4214/1120 6326/4211/1120
f 6330/4215/1122 6327/4216/1121 6328/4213/1121
f 6332/4217/1123 6329/4218/1122 6330/4215/1122
f 6334/4219/1124 6331/4220/1123 6332/4217/1123
f 6336/4221/1125 6333/4222/1124 6334/4219/1124
f 6338/4223/1126 6335/4224/1125 6336/4221/1125
f 6340/4225/1127 6337/4226/1126 6338/4223/1126
f 6342/4227/1128 6339/4228/1127 6340/4225/1127
f 6344/4229/1129 6341/4230/1128 6342/4227/1128
f 6346/4231/1130 6343/4232/1131 6344/4229/1129
f 6348/4233/1132 6345/4234/1130 6346/4231/1130
f 6350/4235/1133 6347/4236/1132 6348/4233/1132
f 6352/4237/1134 6349/4238/1133 6350/4235/1133
f 6354/4239/1135 6351/4240/1134 6352/4237/1134
f 6356/4241/1136 6353/4242/1135 6354/4239/1135
f 6358/4243/1137 6355/4244/1136 6356/4241/1136
f 6360/4245/1138 6357/4246/1137 6358/4243/1137
f 6362/4247/1139 6359/4248/1138 6360/4245/1138
f 6364/4249/1140 6361/4250/1139 6362/4247/1139
f 6366/4251/1141 6363/4252/1140 6364/4249/1140
f 6368/4253/1142 6365/4254/1143 6366/4251/1141
f 6370/4255/1144 6367/4256/1142 6368/4253/1142
f 6372/4257/1145 6369/4258/1144 6370/4255/1144
f 6374/4259/1146 6371/4260/1147 6372/4257/1145
f 6376/4261/1148 6373/4262/1149 6374/4259/1146
f 6378/4263/1150 6375/4264/1151 6376/4261/1148
f 6380/4265/1152 6377/4266/1153 6378/4263/1150
f 6382/4267/1154 6379/4268/1155 6380/4265/1152
f 6384/4269/1156 6381/4270/1154 6382/4267/1154
f 6386/4271/1157 6383/4272/1158 6384/4269/1156
f 6388/4273/1159 6385/4274/1157 6386/4271/1157
f 6390/4275/1160 6387/4276/1161 6388/4273/1159
f 6392/4277/1162 6389/4278/1160 6390/4275/1160
f 6394/4279/1163 6391/4280/1162 6392/4277/1162
f 6396/4281/1164 6393/4282/1163 6394/4279/1163
f 6398/4283/1165 6395/4284/1164 6396/4281/1164
f 6400/4285/1166 6397/4286/1165 6398/4283/1165
f 6402/4287/1167 6399/4288/1168 6400/4285/1166
f 6404/4289/1169 6401/4290/1167 6402/4287/1167
f 6406/4291/1170 6403/4292/1171 6404/4289/1169
f 6408/4293/1172 6405/4294/1170 6406/4291/1170
f 6410/4295/1173 6407/4296/1174 6408/4293/1172
f 6412/4297/1175 6409/4298/1176 6410/4295/1173
f 6414/4299/1177 6411/4300/1178 6412/4297/1175
f 6416/4301/1179 6413/4302/1177 6414/4299/1177
f 6418/4303/1180 6415/4304/1181 6416/4301/1179
f 6420/4305/1182 6417/4306/1180 6418/4303/1180
f 6422/4307/1183 6419/4308/1182 6420/4305/1182
f 6424/4309/1184 6421/4310/1185 6422/4307/1183
f 6426/4311/1186 6423/4312/1184 6424/4309/1184
f 6428/4313/1187 6425/4314/1186 6426/4311/1186
f 6430/4315/1188 6427/4316/1189 6428/4313/1187
f 6432/4317/1190 6429/4318/1191 6430/4315/1188
f 6434/4319/1192 6431/4320/1190 6432/4317/1190
f 6436/4321/1193 6433/4322/1192 6434/4319/1192
f 6438/4323/1194 6435/4324/1193 6436/4321/1193
f 6440/4325/1195 6437/4326/1196 6438/4323/1194
f 6442/4327/1197 6439/4328/1195 6440/4325/1195
f 6444/4329/1198 6441/4330/1197 6442/4327/1197
f 6446/4331/1199 6443/4332/1198 6444/4329/1198
f 6448/4333/1200 6445/4334/1199 6446/4331/1199
f 6450/4335/1201 6447/4336/1200 6448/4333/1200
f 6452/4337/1202 6449/4338/1201 6450/4335/1201
f 6454/4339/1203 6451/4340/1204 6452/4337/1202
f 6456/4341/1205 6453/4342/1203 6454/4339/1203
f 6458/4343/1206 6455/4344/1205 6456/4341/1205
f 6460/4345/1207 6457/4346/1208 6458/4343/1206
f 6462/4347/1209 6459/4348/1207 6460/4345/1207
f 6464/4349/1210 6461/4350/1209 6462/4347/1209
f 6466/4351/1211 6463/4352/1210 6464/4349/1210
f 6468/4353/1212 6465/4354/1211 6466/4351/1211
f 6470/4355/1213 6467/4356/1212 6468/4353/1212
f 6472/4357/1214 6469/4358/1213 6470/4355/1213
f 6474/4359/1215 6471/4360/1214 6472/4357/1214
f 6476/4361/1216 6473/4362/1215 6474/4359/1215
f 6478/4363/1217 6475/4364/1216 6476/4361/1216
f 6480/4365/1218 6477/4366/1217 6478/4363/1217
f 6482/4367/1219 6479/4368/1218 6480/4365/1218
f 6484/4369/1220 6481/4370/1219 6482/4367/1219
f 6486/4371/1221 6483/4372/1220 6484/4369/1220
f 6488/4373/1222 6485/4374/1221 6486/4371/1221
f 6490/4375/1223 6487/4376/1222 6488/4373/1222
f 6492/4377/1224 6489/4378/1223 6490/4375/1223
f 6494/4379/1225 6491/4380/1224 6492/4377/1224
f 6496/4381/1226 6493/4382/1225 6494/4379/1225
f 6498/4383/1227 6495/4384/1226 6496/4381/1226
f 6500/4385/1228 6497/4386/1227 6498/4383/1227
f 6502/4387/1229 6499/4388/1228 6500/4385/1228
f 6504/4389/1230 6501/4390/1229 6502/4387/1229
f 6506/4391/1231 6503/4392/1230 6504/4389/1230
f 6508/4393/1232 6505/4394/1231 6506/4391/1231
f 6510/4395/1233 6507/4396/1232 6508/4393/1232
f 6512/4397/1234 6509/4398/1233 6510/4395/1233
f 6514/4399/1235 6511/4400/1234 6512/4397/1234
f 6516/4401/1236 6513/4402/1235 6514/4399/1235
f 6518/4403/1237 6515/4404/1236 6516/4401/1236
f 6520/4405/1238 6517/4406/1237 6518/4403/1237
f 6522/4407/1239 6519/4408/1238 6520/4405/1238
f 6524/4409/1240 6521/4410/1239 6522/4407/1239
f 6526/4411/1241 6523/4412/1240 6524/4409/1240
f 6528/4413/1242 6525/4414/1241 6526/4411/1241
f 6530/4415/1243 6527/4416/1242 6528/4413/1242
f 6532/4417/1244 6529/4418/1243 6530/4415/1243
f 6534/4419/1245 6531/4420/1244 6532/4417/1244
f 6536/4421/1246 6533/4422/1245 6534/4419/1245
f 6538/4423/1247 6535/4424/1246 6536/4421/1246
f 6540/4425/1248 6537/4426/1247 6538/4423/1247
f 6542/4427/1249 6539/4428/1248 6540/4425/1248
f 6544/4429/1250 6541/4430/1249 6542/4427/1249
f 6546/4431/1251 6543/4432/1250 6544/4429/1250
f 6548/4433/1252 6545/4434/1251 6546/4431/1251
f 6550/4435/1253 6547/4436/1252 6548/4433/1252
f 6552/4437/1254 6549/4438/1253 6550/4435/1253
f 6554/4439/1255 6551/4440/1254 6552/4437/1254
f 6556/4441/1256 6553/4442/1255 6554/4439/1255
f 6558/4443/1257 6555/4444/1256 6556/4441/1256
f 6560/4445/1258 6557/4446/1257 6558/4443/1257
f 6562/4447/1259 6559/4448/1258 6560/4445/1258
f 6564/4449/1260 6561/4450/1259 6562/4447/1259
f 6566/4451/1261 6563/4452/1260 6564/4449/1260
f 6568/4453/1262 6565/4454/1261 6566/4451/1261
f 6570/4455/1263 6567/4456/1262 6568/4453/1262
f 6572/4457/1264 6569/4458/1263 6570/4455/1263
f 6574/4459/1265 6571/4460/1264 6572/4457/1264
f 6576/4461/1266 6573/4462/1265 6574/4459/1265
f 6578/4463/1267 6575/4464/1266 6576/4461/1266
f 6580/4465/1268 6577/4466/1267 6578/4463/1267
f 6582/4467/1269 6579/4468/1268 6580/4465/1268
f 6584/4469/1270 6581/4470/1269 6582/4467/1269
f 6586/4471/1271 6583/4472/1270 6584/4469/1270
f 6588/4473/1272 6585/4474/1271 6586/4471/1271
f 6590/4475/1273 6587/4476/1272 6588/4473/1272
f 6592/4477/1274 6589/4478/1273 6590/4475/1273
f 6594/4479/1275 6591/4480/1274 6592/4477/1274
f 6596/4481/1276 6593/4482/1275 6594/4479/1275
f 6598/4483/1277 6595/4484/1276 6596/4481/1276
f 6600/4485/1278 6597/4486/1277 6598/4483/1277
f 6602/4487/1279 6599/4488/1278 6600/4485/1278
f 6604/4489/1280 6601/4490/1279 6602/4487/1279
f 6606/4491/1281 6603/4492/1280 6604/4489/1280
f 6608/4493/1282 6605/4494/1281 6606/4491/1281
f 6610/4495/1283 6607/4496/1282 6608/4493/1282
f 6612/4497/1284 6609/4498/1285 6610/4495/1283
f 6614/4499/1286 6611/4500/1284 6612/4497/1284
f 6616/4501/1287 6613/4502/1286 6614/4499/1286
f 6618/4503/1288 6615/4504/1287 6616/4501/1287
f 6620/4505/1289 6617/4506/1288 6618/4503/1288
f 6622/4507/1290 6619/4508/1289 6620/4505/1289
f 6624/4509/1291 6621/4510/1290 6622/4507/1290
f 6626/4511/1292 6623/4512/1291 6624/4509/1291
f 6628/4513/1293 6625/4514/1292 6626/4511/1292
f 6630/4515/1294 6627/4516/1293 6628/4513/1293
f 6632/4517/1295 6629/4518/1294 6630/4515/1294
f 6634/4519/1296 6631/4520/1295 6632/4517/1295
f 6636/4521/1297 6633/4522/1296 6634/4519/1296
f 6638/4523/1298 6635/4524/1297 6636/4521/1297
f 6640/4525/1299 6637/4526/1298 6638/4523/1298
f 6642/4527/1300 6639/4528/1299 6640/4525/1299
f 6644/4529/1301 6641/4530/1300 6642/4527/1300
f 6646/4531/1302 6643/4532/1301 6644/4529/1301
f 6648/4533/1303 6645/4534/1302 6646/4531/1302
f 6650/4535/1304 6647/4536/1303 6648/4533/1303
f 6652/4537/1305 6649/4538/1304 6650/4535/1304
f 6654/4539/1306 6651/4540/1305 6652/4537/1305
f 6656/4541/1307 6653/4542/1306 6654/4539/1306
f 6658/4543/1308 6655/4544/1307 6656/4541/1307
f 6660/4545/1309 6657/4546/1310 6658/4543/1308
f 6662/4547/1311 6659/4548/1309 6660/4545/1309
f 6664/4549/1312 6661/4550/1311 6662/4547/1311
f 6666/4551/1313 6663/4552/1312 6664/4549/1312
f 6668/4553/1314 6665/4554/1313 6666/4551/1313
f 6670/4555/1315 6667/4556/1316 6668/4553/1314
f 6672/4557/1317 6669/4558/1315 6670/4555/1315
f 6674/4559/1318 6671/4560/1317 6672/4557/1317
f 6676/4561/1319 6673/4562/1318 6674/4559/1318
f 6678/4563/1320 6675/4564/1319 6676/4561/1319
f 6680/4565/1321 6677/4566/1320 6678/4563/1320
f 6682/4567/1322 6679/4568/1323 6680/4565/1321
f 6684/4569/1324 6681/4570/1322 6682/4567/1322
f 6686/4571/1325 6683/4572/1324 6684/4569/1324
f 6688/4573/1326 6685/4574/1327 6686/4571/1325
f 6690/4575/1328 6687/4576/1326 6688/4573/1326
f 6692/4577/1329 6689/4578/1328 6690/4575/1328
f 6694/4579/1330 6691/4580/1329 6692/4577/1329
f 6696/4581/1331 6693/4582/1332 6694/4579/1330
f 6698/4583/1333 6695/4584/1331 6696/4581/1331
f 6700/4585/1334 6697/4586/1333 6698/4583/1333
f 6702/4587/1335 6699/4588/1334 6700/4585/1334
f 6704/4589/1336 6701/4590/1337 6702/4587/1335
f 6706/4591/1338 6703/4592/1336 6704/4589/1336
f 6708/4593/1339 6705/4594/1338 6706/4591/1338
f 6710/4595/1340 6707/4596/1339 6708/4593/1339
f 6712/4597/1341 6709/4598/1340 6710/4595/1340
f 6714/4599/1342 6711/4600/1341 6712/4597/1341
f 6716/4601/1343 6713/4602/1342 6714/4599/1342
f 6718/4603/1344 6715/4604/1345 6716/4601/1343
f 6720/4605/1346 6717/4606/1344 6718/4603/1344
f 6722/4607/1347 6719/4608/1346 6720/4605/1346
f 6724/4609/1348 6721/4610/1347 6722/4607/1347
f 6726/4611/1349 6723/4612/1348 6724/4609/1348
f 6728/4613/1350 6725/4614/1349 6726/4611/1349
f 6730/4615/1351 6727/4616/1350 6728/4613/1350
f 6732/4617/1352 6729/4618/1351 6730/4615/1351
f 6734/4619/1353 6731/4620/1352 6732/4617/1352
f 6736/4621/1354 6733/4622/1353 6734/4619/1353
f 6738/4623/1355 6735/4624/1354 6736/4621/1354
f 6740/4625/1356 6737/4626/1355 6738/4623/1355
f 6742/4627/1357 6739/4628/1356 6740/4625/1356
f 6744/4629/1358 6741/4630/1357 6742/4627/1357
f 6746/4631/1359 6743/4632/1358 6744/4629/1358
f 6748/4633/1360 6745/4634/1361 6746/4631/1359
f 6750/4635/1362 6747/4636/1360 6748/4633/1360
f 6752/4637/1363 6749/4638/1362 6750/4635/1362
f 6754/4639/1364 6751/4640/1363 6752/4637/1363
f 6756/4641/1365 6753/4642/1364 6754/4639/1364
f 6758/4643/613 6755/4644/1365 6756/4641/1365
f 6760/4645/1366 6757/4646/613 6758/4643/613
f 6762/4647/1367 6759/4648/1366 6760/4645/1366
f 6764/4649/1368 6761/4650/1367 6762/4647/1367
f 6766/4651/1369 6763/4652/1368 6764/4649/1368
f 6768/4653/1370 6765/4654/1369 6766/4651/1369
f 6770/4655/1371 6767/4656/1370 6768/4653/1370
f 6772/4657/1372 6769/4658/1371 6770/4655/1371
f 6774/4659/1373 6771/4660/1374 6772/4657/1372
f 6776/4661/1375 6773/4662/1373 6774/4659/1373
f 6778/4663/1376 6775/4664/1375 6776/4661/1375
f 6780/4665/1377 6777/4666/1376 6778/4663/1376
f 6782/4667/1378 6779/4668/1377 6780/4665/1377
f 6784/4669/1379 6781/4670/1378 6782/4667/1378
f 6786/4671/1380 6783/4672/1379 6784/4669/1379
f 6788/4673/1381 6785/4674/1380 6786/4671/1380
f 6790/4675/1382 6787/4676/1381 6788/4673/1381
f 6792/4677/1383 6789/4678/1382 6790/4675/1382
f 6794/4679/1384 6791/4680/1385 6792/4677/1383
f 6796/4681/1386 6793/4682/1387 6794/4679/1384
f 6798/4683/1388 6795/4684/1386 6796/4681/1386
f 6800/4685/1389 6797/4686/1388 6798/4683/1388
f 6802/4687/1390 6799/4688/1391 6800/4685/1389
f 6804/4689/1392 6801/4690/1390 6802/4687/1390
f 6806/4691/589 6803/4692/1392 6804/4689/1392
f 6808/4693/1393 6805/4694/589 6806/4691/589
f 6810/4695/1394 6807/4696/1393 6808/4693/1393
f 6812/4697/1395 6809/4698/1394 6810/4695/1394
f 6814/4699/1179 6811/4700/1395 6812/4697/1395
f 6816/4701/1396 6813/4702/1181 6814/4699/1179
f 6818/4703/1397 6815/4704/1398 6816/4701/1396
f 6820/4705/1399 6817/4706/1397 6818/4703/1397
f 6822/4707/1400 6819/4708/1399 6820/4705/1399
f 6824/4709/1401 6821/4710/1400 6822/4707/1400
f 6826/4711/1402 6823/4712/1401 6824/4709/1401
f 6828/4713/1403 6825/4714/1402 6826/4711/1402
f 6830/4715/1404 6827/4716/1403 6828/4713/1403
f 6832/4717/1405 6829/4718/1404 6830/4715/1404
f 6834/4719/1406 6831/4720/1405 6832/4717/1405
f 6836/4721/1407 6833/4722/1406 6834/4719/1406
f 6838/4723/1408 6835/4724/1407 6836/4721/1407
f 6840/4725/574 6837/4726/1408 6838/4723/1408
f 6842/4727/1409 6839/4728/574 6840/4725/574
f 6844/4729/1410 6841/4730/1409 6842/4727/1409
f 6846/4731/1411 6843/4732/1410 6844/4729/1410
f 6848/4733/1412 6845/4734/1413 6846/4731/1411
f 6850/4735/1414 6847/4736/1412 6848/4733/1412
f 6852/4737/1415 6849/4738/1414 6850/4735/1414
f 6854/4739/1416 6851/4740/1415 6852/4737/1415
f 6856/4741/1417 6853/4742/1418 6854/4739/1416
f 6858/4743/1419 6855/4744/1417 6856/4741/1417
f 6860/4745/1420 6857/4746/1419 6858/4743/1419
f 6862/4747/1421 6859/4748/1420 6860/4745/1420
f 6864/4749/1422 6861/4750/1421 6862/4747/1421
f 6866/4751/1423 6863/4752/1422 6864/4749/1422
f 6868/4753/1424 6865/4754/1423 6866/4751/1423
f 6870/4755/1425 6867/4756/1424 6868/4753/1424
f 6872/4757/1426 6869/4758/1425 6870/4755/1425
f 6874/4759/1427 6871/4760/1426 6872/4757/1426
f 6876/4761/1428 6873/4762/1427 6874/4759/1427
f 6878/4763/1429 6875/4764/1428 6876/4761/1428
f 6880/4765/1430 6877/4766/1429 6878/4763/1429
f 6882/4767/1431 6879/4768/1430 6880/4765/1430
f 6884/4769/1432 6881/4770/1431 6882/4767/1431
f 6886/4771/1433 6883/4772/1432 6884/4769/1432
f 6888/4773/1434 6885/4774/1435 6886/4771/1433
f 6890/4775/1436 6887/4776/1434 6888/4773/1434
f 6892/4777/1437 6889/4778/1436 6890/4775/1436
f 6894/4779/1438 6891/4780/1437 6892/4777/1437
f 6896/4781/1439 6893/4782/1440 6894/4779/1438
f 6898/4783/1441 6895/4784/1439 6896/4781/1439
f 6900/4785/1442 6897/4786/1441 6898/4783/1441
f 6902/4787/1443 6899/4788/1442 6900/4785/1442
f 6904/4789/1444 6901/4790/1443 6902/4787/1443
f 6906/4791/551 6903/4792/1444 6904/4789/1444
f 6908/4793/1445 6905/4794/551 6906/4791/551
f 6910/4795/1446 6907/4796/1445 6908/4793/1445
f 6912/4797/1447 6909/4798/1446 6910/4795/1446
f 6914/4799/1448 6911/4800/1447 6912/4797/1447
f 6916/4801/1449 6913/4802/1448 6914/4799/1448
f 6918/4803/1450 6915/4804/1449 6916/4801/1449
f 6920/4805/1451 6917/4806/1450 6918/4803/1450
f 6922/4807/1452 6919/4808/1451 6920/4805/1451
f 6924/4809/1453 6921/4810/1452 6922/4807/1452
f 6926/4811/1454 6923/4812/1453 6924/4809/1453
f 6928/4813/1455 6925/4814/1454 6926/4811/1454
f 6930/4815/1456 6927/4816/1455 6928/4813/1455
f 6932/4817/1457 6929/4818/1456 6930/4815/1456
f 6934/4819/1458 6931/4820/1457 6932/4817/1457
f 6936/4821/1459 6933/4822/1458 6934/4819/1458
f 6938/4823/1460 6935/4824/1459 6936/4821/1459
f 6940/4825/1461 6937/4826/1460 6938/4823/1460
f 6942/4827/1462 6939/4828/1461 6940/4825/1461
f 6944/4829/1463 6941/4830/1462 6942/4827/1462
f 6946/4831/1464 6943/4832/1463 6944/4829/1463
f 6948/4833/1465 6945/4834/1464 6946/4831/1464
f 6950/4835/1466 6947/4836/1465 6948/4833/1465
f 6952/4837/1467 6949/4838/1466 6950/4835/1466
f 6954/4839/1468 6951/4840/1467 6952/4837/1467
f 6956/4841/1469 6953/4842/1468 6954/4839/1468
f 6958/4843/1470 6955/4844/1469 6956/4841/1469
f 6960/4845/1471 6957/4846/1470 6958/4843/1470
f 6962/4847/1472 6959/4848/1471 6960/4845/1471
f 6964/4849/1473 6961/4850/1472 6962/4847/1472
f 6966/4851/1474 6963/4852/1473 6964/4849/1473
f 6968/4853/1475 6965/4854/1474 6966/4851/1474
f 6970/4855/1476 6967/4856/1475 6968/4853/1475
f 6972/4857/1477 6969/4858/1476 6970/4855/1476
f 6974/4859/1478 6971/4860/1477 6972/4857/1477
f 6976/4861/1479 6973/4862/1478 6974/4859/1478
f 6978/4863/1480 6975/4864/1479 6976/4861/1479
f 6980/4865/1481 6977/4866/1482 6978/4863/1480
f 6982/4867/1483 6979/4868/1481 6980/4865/1481
f 6984/4869/1484 6981/4870/1483 6982/4867/1483
f 6986/4871/1485 6983/4872/1484 6984/4869/1484
f 6988/4873/1486 6985/4874/1485 6986/4871/1485
f 6990/4875/1487 6987/4876/1486 6988/4873/1486
f 6992/4877/1488 6989/4878/1487 6990/4875/1487
f 6994/4879/1489 6991/4880/1488 6992/4877/1488
f 6996/4881/1490 6993/4882/1489 6994/4879/1489
f 6998/4883/1491 6995/4884/1492 6996/4881/1490
f 7000/4885/1493 6997/4886/1494 6998/4883/1491
f 7002/4887/1495 6999/4888/1493 7000/4885/1493
f 7004/4889/1496 7001/4890/1495 7002/4887/1495
f 7006/4891/1497 7003/4892/1496 7004/4889/1496
f 7008/4893/1498 7005/4894/1497 7006/4891/1497
f 7010/4895/1499 7007/4896/1498 7008/4893/1498
f 7012/4897/1500 7009/4898/1499 7010/4895/1499
f 7014/4899/1501 7011/4900/1500 7012/4897/1500
f 7016/4901/1502 7013/4902/1501 7014/4899/1501
f 7018/4903/1503 7015/4904/1504 7016/4901/1502
f 7020/4905/1505 7017/4906/1506 7018/4903/1503
f 7022/4907/1507 7019/4908/1505 7020/4905/1505
f 7024/4909/1508 7021/4910/1507 7022/4907/1507
f 7026/4911/1509 7023/4912/1508 7024/4909/1508
f 7028/4913/1510 7025/4914/1509 7026/4911/1509
f 7030/4915/1511 7027/4916/1512 7028/4913/1510
f 7032/4917/1513 7029/4918/1511 7030/4915/1511
f 7034/4919/1514 7031/4920/1515 7032/4917/1513
f 7036/4921/1516 7033/4922/1514 7034/4919/1514
f 7038/4923/1517 7035/4924/1516 7036/4921/1516
f 7040/4925/1518 7037/4926/1517 7038/4923/1517
f 7042/4927/1519 7039/4928/1518 7040/4925/1518
f 7044/4929/1520 7041/4930/1519 7042/4927/1519
f 7046/4931/1521 7043/4932/1520 7044/4929/1520
f 7048/4933/1522 7045/4934/1521 7046/4931/1521
f 7050/4935/1523 7047/4936/1522 7048/4933/1522
f 7052/4937/1524 7049/4938/1523 7050/4935/1523
f 7054/4939/1525 7051/4940/1524 7052/4937/1524
f 7056/4941/1526 7053/4942/1525 7054/4939/1525
f 7058/4943/1527 7055/4944/1526 7056/4941/1526
f 7060/4945/1528 7057/4946/1527 7058/4943/1527
f 7062/4947/1529 7059/4948/1528 7060/4945/1528
f 7064/4949/1530 7061/4950/1529 7062/4947/1529
f 7066/4951/1531 7063/4952/1530 7064/4949/1530
f 7068/4953/1532 7065/4954/1531 7066/4951/1531
f 7070/4955/1533 7067/4956/1532 7068/4953/1532
f 7072/4957/1534 7069/4958/1533 7070/4955/1533
f 7074/4959/1535 7071/4960/1534 7072/4957/1534
f 7076/4961/1536 7073/4962/1535 7074/4959/1535
f 7078/4963/1537 7075/4964/1536 7076/4961/1536
f 7080/4965/1538 7077/4966/1537 7078/4963/1537
f 7082/4967/1539 7079/4968/1538 7080/4965/1538
f 7084/4969/1540 7081/4970/1539 7082/4967/1539
f 7086/4971/1541 7083/4972/1540 7084/4969/1540
f 7088/4973/1542 7085/4974/1541 7086/4971/1541
f 7090/4975/1543 7087/4976/1542 7088/4973/1542
f 7092/4977/1544 7089/4978/1543 7090/4975/1543
f 7094/4979/1545 7091/4980/1544 7092/4977/1544
f 7096/4981/1546 7093/4982/1545 7094/4979/1545
f 7098/4983/1547 7095/4984/1546 7096/4981/1546
f 7100/4985/1548 7097/4986/1547 7098/4983/1547
f 7102/4987/1549 7099/4988/1548 7100/4985/1548
f 7104/4989/1550 7101/4990/1549 7102/4987/1549
f 7106/4991/1551 7103/4992/1550 7104/4989/1550
f 7108/4993/1552 7105/4994/1551 7106/4991/1551
f 7110/4995/1553 7107/4996/1552 7108/4993/1552
f 7112/4997/1554 7109/4998/1553 7110/4995/1553
f 7114/4999/1555 7111/5000/1554 7112/4997/1554
f 7116/5001/1556 7113/5002/1555 7114/4999/1555
f 7118/5003/1557 7115/5004/1556 7116/5001/1556
f 7120/5005/1558 7117/5006/1557 7118/5003/1557
f 7122/5007/1559 7119/5008/1558 7120/5005/1558
f 7124/5009/1560 7121/5010/1559 7122/5007/1559
f 7126/5011/1561 7123/5012/1560 7124/5009/1560
f 7128/5013/1562 7125/5014/1561 7126/5011/1561
f 7130/5015/1563 7127/5016/1562 7128/5013/1562
f 7132/5017/1564 7129/5018/1563 7130/5015/1563
f 7134/5019/1565 7131/5020/1564 7132/5017/1564
f 7136/5021/1566 7133/5022/1565 7134/5019/1565
f 7138/5023/1567 7135/5024/1566 7136/5021/1566
f 7140/5025/1568 7137/5026/1567 7138/5023/1567
f 7142/5027/1569 7139/5028/1568 7140/5025/1568
f 7144/5029/1570 7141/5030/1569 7142/5027/1569
f 7146/5031/1571 7143/5032/1570 7144/5029/1570
f 7148/5033/1572 7145/5034/1571 7146/5031/1571
f 7150/5035/1573 7147/5036/1572 7148/5033/1572
f 7152/5037/1574 7149/5038/1573 7150/5035/1573
f 7154/5039/1575 7151/5040/1574 7152/5037/1574
f 7156/5041/1576 7153/5042/1575 7154/5039/1575
f 7158/5043/1577 7155/5044/1576 7156/5041/1576
f 7160/5045/1578 7157/5046/1577 7158/5043/1577
f 7162/5047/1579 7159/5048/1578 7160/5045/1578
f 7164/5049/1580 7161/5050/1579 7162/5047/1579
f 7166/5051/1581 7163/5052/1580 7164/5049/1580
f 7168/5053/1582 7165/5054/1581 7166/5051/1581
f 7170/5055/1583 7167/5056/1582 7168/5053/1582
f 7172/5057/1584 7169/5058/1583 7170/5055/1583
f 7174/5059/1585 7171/5060/1584 7172/5057/1584
f 7176/5061/1586 7173/5062/1585 7174/5059/1585
f 7178/5063/1587 7175/5064/1586 7176/5061/1586
f 7180/5065/1588 7177/5066/1587 7178/5063/1587
f 7182/5067/1589 7179/5068/1588 7180/5065/1588
f 7184/5069/1590 7181/5070/1589 7182/5067/1589
f 7186/5071/1591 7183/5072/1590 7184/5069/1590
f 7188/5073/1592 7185/5074/1591 7186/5071/1591
f 7190/5075/1593 7187/5076/1592 7188/5073/1592
f 7192/5077/1594 7189/5078/1593 7190/5075/1593
f 7194/5079/1595 7191/5080/1594 7192/5077/1594
f 7196/5081/1596 7193/5082/1595 7194/5079/1595
f 7198/5083/1597 7195/5084/1596 7196/5081/1596
f 7200/5085/1598 7197/5086/1597 7198/5083/1597
f 7202/5087/1599 7199/5088/1598 7200/5085/1598
f 7204/5089/1600 7201/5090/1599 7202/5087/1599
f 7206/5091/1601 7203/5092/1600 7204/5089/1600
f 7208/5093/1602 7205/5094/1601 7206/5091/1601
f 7210/5095/1603 7207/5096/1602 7208/5093/1602
f 7212/5097/1604 7209/5098/1603 7210/5095/1603
f 7214/5099/1605 7211/5100/1604 7212/5097/1604
f 7216/5101/1606 7213/5102/1605 7214/5099/1605
f 7218/5103/1607 7215/5104/1606 7216/5101/1606
f 7220/5105/1608 7217/5106/1607 7218/5103/1607
f 7222/5107/1609 7219/5108/1608 7220/5105/1608
f 7224/5109/1610 7221/5110/1609 7222/5107/1609
f 7226/5111/1097 7223/5112/1610 7224/5109/1610
f 7228/5113/1611 7225/5114/1097 7226/5111/1097
f 7230/5115/1612 7227/5116/1611 7228/5113/1611
f 7232/5117/1613 7229/5118/1612 7230/5115/1612
f 7234/5119/1614 7231/5120/1613 7232/5117/1613
f 7236/5121/1615 7233/5122/1614 7234/5119/1614
f 7238/5123/1616 7235/5124/1615 7236/5121/1615
f 7240/5125/1617 7237/5126/1616 7238/5123/1616
f 7242/5127/1618 7239/5128/1617 7240/5125/1617
f 7244/5129/1619 7241/5130/1618 7242/5127/1618
f 7246/5131/1620 7243/5132/1619 7244/5129/1619
f 7248/5133/1096 7245/5134/1620 7246/5131/1620
f 7250/5135/1621 7247/5136/1096 7248/5133/1096
f 7252/5137/1622 7249/5138/1621 7250/5135/1621
f 7254/5139/1623 7251/5140/1622 7252/5137/1622
f 7256/5141/1624 7253/5142/1623 7254/5139/1623
f 7258/5143/1625 7255/5144/1624 7256/5141/1624
f 7260/5145/1626 7257/5146/1625 7258/5143/1625
f 7262/5147/1627 7259/5148/1626 7260/5145/1626
f 7264/5149/1628 7261/5150/1627 7262/5147/1627
f 7266/5151/1629 7263/5152/1628 7264/5149/1628
f 7268/5153/1630 7265/5154/1629 7266/5151/1629
f 7270/5155/1631 7267/5156/1630 7268/5153/1630
f 7272/5157/1095 7269/5158/1631 7270/5155/1631
f 7274/5159/1632 7271/5160/1095 7272/5157/1095
f 7276/5161/1633 7273/5162/1632 7274/5159/1632
f 7278/5163/1634 7275/5164/1633 7276/5161/1633
f 7280/5165/1635 7277/5166/1634 7278/5163/1634
f 7282/5167/1636 7279/5168/1635 7280/5165/1635
f 7284/5169/1637 7281/5170/1636 7282/5167/1636
f 7286/5171/1638 7283/5172/1637 7284/5169/1637
f 7288/5173/1639 7285/5174/1638 7286/5171/1638
f 7290/5175/1640 7287/5176/1639 7288/5173/1639
f 7292/5177/1641 7289/5178/1640 7290/5175/1640
f 7294/5179/1642 7291/5180/1641 7292/5177/1641
f 7296/5181/1643 7293/5182/1642 7294/5179/1642
f 4226/5183/8 7295/5184/1643 7296/5181/1643
f 7300/5185/1644 7297/95/1645 7298/2114/1645
f 7302/5186/1646 7299/5187/1644 7300/5185/1644
f 7304/2127/1647 7301/5188/1646 7302/5186/1646
f 7306/5189/1648 7303/2130/1647 7304/2127/1647
f 7308/5190/1649 7305/5191/1648 7306/5189/1648
f 7310/2143/1650 7307/5192/1649 7308/5190/1649
f 7312/5193/1651 7309/2146/1650 7310/2143/1650
f 7314/5194/1652 7311/5195/1651 7312/5193/1651
f 7316/2159/1653 7313/5196/1652 7314/5194/1652
f 7318/5197/1654 7315/2162/1653 7316/2159/1653
f 7320/5198/1655 7317/5199/1656 7318/5197/1654
f 7322/2175/1657 7319/5200/1655 7320/5198/1655
f 7324/5201/1658 7321/2178/1657 7322/2175/1657
f 7326/5202/1659 7323/5203/1658 7324/5201/1658
f 7328/2191/1660 7325/5204/1659 7326/5202/1659
f 7330/5205/1661 7327/2194/1660 7328/2191/1660
f 7332/5206/1662 7329/5207/1661 7330/5205/1661
f 7334/2207/1663 7331/5208/1662 7332/5206/1662
f 7336/5209/1664 7333/2210/1663 7334/2207/1663
f 7338/5210/1665 7335/5211/1666 7336/5209/1664
f 7340/2223/1667 7337/5212/1665 7338/5210/1665
f 7342/5213/1668 7339/2226/1667 7340/2223/1667
f 7344/5214/1669 7341/5215/1668 7342/5213/1668
f 7346/2239/1670 7343/5216/1669 7344/5214/1669
f 7348/5217/1671 7345/2242/1670 7346/2239/1670
f 7350/5218/1672 7347/5219/1671 7348/5217/1671
f 7352/2255/1673 7349/5220/1672 7350/5218/1672
f 7354/5221/1674 7351/2258/1673 7352/2255/1673
f 7356/5222/1675 7353/5223/1674 7354/5221/1674
f 7358/2271/1676 7355/5224/1677 7356/5222/1675
f 7360/5225/1678 7357/2274/1676 7358/2271/1676
f 7362/5226/1679 7359/5227/1678 7360/5225/1678
f 7364/2287/1680 7361/5228/1681 7362/5226/1679
f 7366/5229/1682 7363/2290/1683 7364/2287/1680
f 7368/5230/1684 7365/5231/1682 7366/5229/1682
f 7370/2303/1685 7367/5232/1684 7368/5230/1684
f 7372/5233/1686 7369/2306/1685 7370/2303/1685
f 7374/5234/1687 7371/5235/1686 7372/5233/1686
f 7376/2319/1688 7373/5236/1689 7374/5234/1687
f 7378/5237/1690 7375/2322/1688 7376/2319/1688
f 7380/5238/1691 7377/5239/1690 7378/5237/1690
f 7382/2335/1692 7379/5240/1693 7380/5238/1691
f 7384/5241/1694 7381/2338/1692 7382/2335/1692
f 7386/5242/1695 7383/5243/1696 7384/5241/1694
f 7388/2351/1697 7385/5244/1695 7386/5242/1695
f 7390/5245/1698 7387/2354/1697 7388/2351/1697
f 7392/5246/1699 7389/5247/1698 7390/5245/1698
f 7394/2367/1700 7391/5248/1699 7392/5246/1699
f 7396/5249/1701 7393/2370/1700 7394/2367/1700
f 7398/5250/1702 7395/5251/1701 7396/5249/1701
f 7400/2383/1703 7397/5252/1702 7398/5250/1702
f 7402/5253/1704 7399/2386/1703 7400/2383/1703
f 7404/5254/1705 7401/5255/1704 7402/5253/1704
f 7406/2399/1706 7403/5256/1705 7404/5254/1705
f 7408/5257/1707 7405/2402/1706 7406/2399/1706
f 7410/5258/1708 7407/5259/1707 7408/5257/1707
f 7412/2415/1709 7409/5260/1708 7410/5258/1708
f 7414/5261/1710 7411/2418/1709 7412/2415/1709
f 7416/5262/1711 7413/5263/1710 7414/5261/1710
f 7418/2431/457 7415/5264/1711 7416/5262/1711
f 7420/5265/1712 7417/2434/457 7418/2431/457
f 7422/5266/1713 7419/5267/1714 7420/5265/1712
f 7424/2447/1715 7421/5268/1713 7422/5266/1713
f 7426/5269/1716 7423/2450/1715 7424/2447/1715
f 7428/5270/1717 7425/5271/1716 7426/5269/1716
f 7430/2463/1718 7427/5272/1717 7428/5270/1717
f 7432/5273/1719 7429/2466/1718 7430/2463/1718
f 7434/5274/1720 7431/5275/1719 7432/5273/1719
f 7436/2479/1721 7433/5276/1720 7434/5274/1720
f 7438/5277/1722 7435/2482/1721 7436/2479/1721
f 7440/5278/1723 7437/5279/1722 7438/5277/1722
f 7442/2495/1724 7439/5280/1723 7440/5278/1723
f 7444/5281/1725 7441/2498/1724 7442/2495/1724
f 7446/5282/1726 7443/5283/1725 7444/5281/1725
f 7448/2511/1727 7445/5284/1726 7446/5282/1726
f 7450/5285/1728 7447/2514/1727 7448/2511/1727
f 7452/5286/1729 7449/5287/1728 7450/5285/1728
f 7454/2527/1730 7451/5288/1729 7452/5286/1729
f 7456/5289/1731 7453/2530/1730 7454/2527/1730
f 7458/5290/1732 7455/5291/1731 7456/5289/1731
f 7460/2543/1733 7457/5292/1732 7458/5290/1732
f 7462/5293/1734 7459/2546/1733 7460/2543/1733
f 7464/5294/1735 7461/5295/1734 7462/5293/1734
f 7466/2559/1736 7463/5296/1735 7464/5294/1735
f 7468/5297/1737 7465/2562/1736 7466/2559/1736
f 7470/5298/1738 7467/5299/1737 7468/5297/1737
f 7472/2575/1739 7469/5300/1738 7470/5298/1738
f 7474/5301/1740 7471/2578/1739 7472/2575/1739
f 7476/5302/1741 7473/5303/1740 7474/5301/1740
f 7478/2591/1742 7475/5304/1741 7476/5302/1741
f 7480/5305/1743 7477/2594/1742 7478/2591/1742
f 7482/5306/1744 7479/5307/1743 7480/5305/1743
f 7484/2607/1745 7481/5308/1744 7482/5306/1744
f 7486/5309/1746 7483/2610/1745 7484/2607/1745
f 7488/5310/1747 7485/5311/1746 7486/5309/1746
f 7490/2623/1748 7487/5312/1747 7488/5310/1747
f 7492/5313/1749 7489/2626/1748 7490/2623/1748
f 7494/5314/1750 7491/5315/1749 7492/5313/1749
f 7496/2639/1751 7493/5316/1750 7494/5314/1750
f 7498/5317/1752 7495/2642/1751 7496/2639/1751
f 7500/5318/1753 7497/5319/1752 7498/5317/1752
f 7502/2655/1754 7499/5320/1753 7500/5318/1753
f 7504/5321/1755 7501/2658/1754 7502/2655/1754
f 7506/5322/1756 7503/5323/1755 7504/5321/1755
f 7508/2671/1757 7505/5324/1756 7506/5322/1756
f 7510/5325/1758 7507/2674/1757 7508/2671/1757
f 7512/5326/1759 7509/5327/1758 7510/5325/1758
f 7514/2687/1760 7511/5328/1759 7512/5326/1759
f 7516/5329/1761 7513/2690/1760 7514/2687/1760
f 7518/5330/1762 7515/5331/1761 7516/5329/1761
f 7520/2703/1763 7517/5332/1762 7518/5330/1762
f 7522/5333/1764 7519/2706/1763 7520/2703/1763
f 7524/5334/1765 7521/5335/1764 7522/5333/1764
f 7526/2719/1766 7523/5336/1765 7524/5334/1765
f 7528/5337/1767 7525/2722/1766 7526/2719/1766
f 7530/5338/1768 7527/5339/1767 7528/5337/1767
f 7532/2735/1769 7529/5340/1768 7530/5338/1768
f 7534/5341/1770 7531/2738/1771 7532/2735/1769
f 7536/5342/1772 7533/5343/1770 7534/5341/1770
f 7538/2751/1773 7535/5344/1772 7536/5342/1772
f 7540/5345/1774 7537/2754/1773 7538/2751/1773
f 7542/5346/1775 7539/5347/1774 7540/5345/1774
f 7544/2767/1776 7541/5348/1775 7542/5346/1775
f 7546/5349/1777 7543/2770/1776 7544/2767/1776
f 7548/5350/1778 7545/5351/1777 7546/5349/1777
f 7550/2783/1779 7547/5352/1778 7548/5350/1778
f 7552/5353/1780 7549/2786/1779 7550/2783/1779
f 7554/5354/1781 7551/5355/1780 7552/5353/1780
f 7556/2799/1782 7553/5356/1781 7554/5354/1781
f 7558/5357/1783 7555/2802/1782 7556/2799/1782
f 7560/5358/1784 7557/5359/1783 7558/5357/1783
f 7562/2815/1785 7559/5360/1784 7560/5358/1784
f 7564/5361/1786 7561/2818/1785 7562/2815/1785
f 7566/5362/1787 7563/5363/1786 7564/5361/1786
f 7568/2831/1788 7565/5364/1787 7566/5362/1787
f 7570/5365/1789 7567/2834/1788 7568/2831/1788
f 7572/5366/1790 7569/5367/1789 7570/5365/1789
f 7574/2847/1791 7571/5368/1790 7572/5366/1790
f 7576/5369/1792 7573/2850/1791 7574/2847/1791
f 7578/5370/1793 7575/5371/1792 7576/5369/1792
f 7580/2863/1794 7577/5372/1793 7578/5370/1793
f 7582/5373/1795 7579/2866/1796 7580/2863/1794
f 7584/5374/1797 7581/5375/1795 7582/5373/1795
f 7586/2879/1798 7583/5376/1797 7584/5374/1797
f 7588/5377/1799 7585/2882/1798 7586/2879/1798
f 7590/5378/1800 7587/5379/1799 7588/5377/1799
f 7592/2895/1801 7589/5380/1802 7590/5378/1800
f 7594/5381/1803 7591/2898/1801 7592/2895/1801
f 7596/5382/1804 7593/5383/1803 7594/5381/1803
f 7598/2911/1805 7595/5384/1806 7596/5382/1804
f 7600/5385/1807 7597/2914/1805 7598/2911/1805
f 7602/5386/1808 7599/5387/1809 7600/5385/1807
f 7604/2927/1810 7601/5388/1808 7602/5386/1808
f 7606/5389/1811 7603/2930/1810 7604/2927/1810
f 7608/5390/1812 7605/5391/1811 7606/5389/1811
f 7610/2943/1813 7607/5392/1812 7608/5390/1812
f 7612/5393/1814 7609/2946/1813 7610/2943/1813
f 7614/5394/1815 7611/5395/1814 7612/5393/1814
f 7616/2959/1816 7613/5396/1815 7614/5394/1815
f 7618/5397/1817 7615/2962/1816 7616/2959/1816
f 7620/5398/1818 7617/5399/1817 7618/5397/1817
f 7622/2975/1819 7619/5400/1818 7620/5398/1818
f 7624/5401/1820 7621/2978/1819 7622/2975/1819
f 7626/5402/1821 7623/5403/1820 7624/5401/1820
f 7628/2991/1822 7625/5404/1821 7626/5402/1821
f 7630/5405/1823 7627/2994/1822 7628/2991/1822
f 7632/5406/1824 7629/5407/1825 7630/5405/1823
f 7634/3007/1826 7631/5408/1827 7632/5406/1824
f 7636/5409/1828 7633/3010/1826 7634/3007/1826
f 7638/5410/1829 7635/5411/1828 7636/5409/1828
f 7640/3023/1830 7637/5412/1829 7638/5410/1829
f 7642/5413/1831 7639/3026/1832 7640/3023/1830
f 7644/5414/1833 7641/5415/1831 7642/5413/1831
f 7646/3039/1834 7643/5416/1833 7644/5414/1833
f 7648/5417/1835 7645/3042/1834 7646/3039/1834
f 7650/5418/1836 7647/5419/1837 7648/5417/1835
f 7652/3055/1838 7649/5420/1836 7650/5418/1836
f 7654/5421/1839 7651/3058/1838 7652/3055/1838
f 7656/5422/1840 7653/5423/1839 7654/5421/1839
f 7658/3071/247 7655/5424/1840 7656/5422/1840
f 7660/5425/1841 7657/3074/247 7658/3071/247
f 7662/5426/1842 7659/5427/1841 7660/5425/1841
f 7664/3087/1843 7661/5428/1842 7662/5426/1842
f 7666/5429/1844 7663/3090/1843 7664/3087/1843
f 7668/5430/1845 7665/5431/1844 7666/5429/1844
f 7670/3103/1846 7667/5432/237 7668/5430/1845
f 7672/5433/1847 7669/3106/1846 7670/3103/1846
f 7674/5434/1848 7671/5435/1847 7672/5433/1847
f 7676/3119/1849 7673/5436/1848 7674/5434/1848
f 7678/5437/1850 7675/3122/1851 7676/3119/1849
f 7680/5438/1852 7677/5439/1850 7678/5437/1850
f 7682/3135/1853 7679/5440/1852 7680/5438/1852
f 7684/5441/1854 7681/3138/1855 7682/3135/1853
f 7686/5442/1856 7683/5443/1854 7684/5441/1854
f 7688/3151/1857 7685/5444/1856 7686/5442/1856
f 7690/5445/1858 7687/3154/1857 7688/3151/1857
f 7692/5446/926 7689/5447/1858 7690/5445/1858
f 7694/3167/1859 7691/5448/926 7692/5446/926
f 7696/5449/1860 7693/3170/1859 7694/3167/1859
f 7698/5450/1861 7695/5451/1860 7696/5449/1860
f 7700/3183/1862 7697/5452/1863 7698/5450/1861
f 7702/5453/1864 7699/3186/1862 7700/3183/1862
f 7704/5454/1865 7701/5455/1864 7702/5453/1864
f 7706/3199/1866 7703/5456/1865 7704/5454/1865
f 7708/5457/1867 7705/3202/1866 7706/3199/1866
f 7710/5458/1868 7707/5459/1867 7708/5457/1867
f 7712/3215/1869 7709/5460/1868 7710/5458/1868
f 7714/5461/1870 7711/3218/1869 7712/3215/1869
f 7716/5462/1871 7713/5463/1870 7714/5461/1870
f 7718/3231/1872 7715/5464/1871 7716/5462/1871
f 7720/5465/1873 7717/3234/1872 7718/3231/1872
f 7722/5466/182 7719/5467/1873 7720/5465/1873
f 7724/3247/1874 7721/5468/1875 7722/5466/182
f 7726/5469/1876 7723/3250/1874 7724/3247/1874
f 7728/5470/177 7725/5471/1876 7726/5469/1876
f 7730/3263/1877 7727/5472/177 7728/5470/177
f 7732/5473/1878 7729/3266/1877 7730/3263/1877
f 7734/5474/1879 7731/5475/1878 7732/5473/1878
f 7736/3279/171 7733/5476/1879 7734/5474/1879
f 7738/5477/1880 7735/3282/171 7736/3279/171
f 7740/5478/1881 7737/5479/1880 7738/5477/1880
f 7742/3295/1882 7739/5480/1881 7740/5478/1881
f 7744/5481/1883 7741/3298/1882 7742/3295/1882
f 7746/5482/1884 7743/5483/1883 7744/5481/1883
f 7748/3311/1885 7745/5484/1886 7746/5482/1884
f 7750/5485/1887 7747/3314/1885 7748/3311/1885
f 7752/5486/1888 7749/5487/1887 7750/5485/1887
f 7754/3327/1889 7751/5488/1890 7752/5486/1888
f 7756/5489/1891 7753/3330/1889 7754/3327/1889
f 7758/5490/1892 7755/5491/1891 7756/5489/1891
f 7760/3343/1893 7757/5492/1894 7758/5490/1892
f 7762/5493/1895 7759/3346/1896 7760/3343/1893
f 7764/5494/1897 7761/5495/1895 7762/5493/1895
f 7766/3359/1898 7763/5496/1897 7764/5494/1897
f 7768/5497/1899 7765/3362/1898 7766/3359/1898
f 7770/5498/1900 7767/5499/1899 7768/5497/1899
f 7772/3375/1901 7769/5500/1900 7770/5498/1900
f 7774/5501/1902 7771/3378/1901 7772/3375/1901
f 7776/5502/1903 7773/5503/1902 7774/5501/1902
f 7778/3391/1904 7775/5504/1905 7776/5502/1903
f 7780/5505/1906 7777/3394/1904 7778/3391/1904
f 7782/5506/1907 7779/5507/1906 7780/5505/1906
f 7784/3407/1908 7781/5508/1907 7782/5506/1907
f 7786/5509/1909 7783/3410/1908 7784/3407/1908
f 7788/5510/145 7785/5511/1909 7786/5509/1909
f 7790/3423/1910 7787/5512/145 7788/5510/145
f 7792/5513/903 7789/3426/1910 7790/3423/1910
f 7794/5514/1911 7791/5515/903 7792/5513/903
f 7796/3439/1912 7793/5516/1911 7794/5514/1911
f 7798/5517/1913 7795/3442/1912 7796/3439/1912
f 7800/5518/1914 7797/5519/1913 7798/5517/1913
f 7802/3455/1915 7799/5520/1914 7800/5518/1914
f 7804/5521/1916 7801/3458/1915 7802/3455/1915
f 7806/5522/1917 7803/5523/1916 7804/5521/1916
f 7808/3471/1918 7805/5524/1917 7806/5522/1917
f 7810/5525/1919 7807/3474/1918 7808/3471/1918
f 7812/5526/1920 7809/5527/1919 7810/5525/1919
f 7814/3487/1921 7811/5528/1920 7812/5526/1920
f 7816/5529/1922 7813/3490/1921 7814/3487/1921
f 7818/5530/1923 7815/5531/1924 7816/5529/1922
f 7820/3503/1925 7817/5532/1923 7818/5530/1923
f 7822/5533/1926 7819/3506/1925 7820/3503/1925
f 7824/5534/1927 7821/5535/1926 7822/5533/1926
f 7826/3519/1928 7823/5536/1927 7824/5534/1927
f 7828/5537/1929 7825/3522/1928 7826/3519/1928
f 7830/5538/1930 7827/5539/1929 7828/5537/1929
f 7832/3535/1931 7829/5540/1930 7830/5538/1930
f 7834/5541/1932 7831/3538/1933 7832/3535/1931
f 7836/5542/1934 7833/5543/1932 7834/5541/1932
f 7838/3551/1935 7835/5544/1934 7836/5542/1934
f 7840/5545/1936 7837/3554/1937 7838/3551/1935
f 7842/5546/1938 7839/5547/1936 7840/5545/1936
f 7844/3567/1939 7841/5548/1938 7842/5546/1938
f 7846/5549/1940 7843/3570/1941 7844/3567/1939
f 7848/5550/1942 7845/5551/1940 7846/5549/1940
f 7850/3583/1943 7847/5552/1942 7848/5550/1942
f 7852/5553/1944 7849/3586/1943 7850/3583/1943
f 7854/5554/1945 7851/5555/1944 7852/5553/1944
f 7856/3599/1946 7853/5556/1947 7854/5554/1945
f 7858/5557/1948 7855/3602/1946 7856/3599/1946
f 7860/5558/1949 7857/5559/1948 7858/5557/1948
f 7862/3615/1950 7859/5560/1949 7860/5558/1949
f 7864/5561/1951 7861/3618/1950 7862/3615/1950
f 7866/5562/1952 7863/5563/1951 7864/5561/1951
f 7868/3631/1953 7865/5564/1952 7866/5562/1952
f 7870/5565/1954 7867/3634/1953 7868/3631/1953
f 7872/5566/1955 7869/5567/1956 7870/5565/1954
f 7874/3647/1957 7871/5568/1955 7872/5566/1955
f 7876/5569/1958 7873/3650/1957 7874/3647/1957
f 7878/5570/1959 7875/5571/1958 7876/5569/1958
f 7880/3663/1960 7877/5572/1959 7878/5570/1959
f 7882/5573/1961 7879/3666/1960 7880/3663/1960
f 7884/5574/1962 7881/5575/1961 7882/5573/1961
f 7886/3679/1963 7883/5576/1962 7884/5574/1962
f 7888/5577/1964 7885/3682/1963 7886/3679/1963
f 7890/5578/1965 7887/5579/1964 7888/5577/1964
f 7892/3695/1966 7889/5580/1965 7890/5578/1965
f 7894/5581/1967 7891/3698/1966 7892/3695/1966
f 7896/5582/1968 7893/5583/1967 7894/5581/1967
f 7898/3711/1969 7895/5584/1970 7896/5582/1968
f 7900/5585/1971 7897/3714/1969 7898/3711/1969
f 7902/5586/1972 7899/5587/1971 7900/5585/1971
f 7904/3727/1973 7901/5588/1972 7902/5586/1972
f 7906/5589/1974 7903/3730/1975 7904/3727/1973
f 7908/5590/1976 7905/5591/1974 7906/5589/1974
f 7910/3743/1977 7907/5592/1978 7908/5590/1976
f 7912/5593/1979 7909/3746/1977 7910/3743/1977
f 7914/5594/1980 7911/5595/1981 7912/5593/1979
f 7916/3759/1982 7913/5596/1980 7914/5594/1980
f 7918/5597/1983 7915/3762/1982 7916/3759/1982
f 7920/5598/1984 7917/5599/1983 7918/5597/1983
f 7922/3775/1985 7919/5600/1986 7920/5598/1984
f 7924/5601/1987 7921/3778/1985 7922/3775/1985
f 7926/5602/1988 7923/5603/1987 7924/5601/1987
f 7928/3791/1989 7925/5604/1988 7926/5602/1988
f 7930/5605/1990 7927/3794/1989 7928/3791/1989
f 7932/5606/1991 7929/5607/1990 7930/5605/1990
f 7934/3807/1992 7931/5608/1991 7932/5606/1991
f 7936/5609/1993 7933/3810/1992 7934/3807/1992
f 7938/5610/1994 7935/5611/1995 7936/5609/1993
f 7940/3823/1996 7937/5612/1994 7938/5610/1994
f 7942/5613/1997 7939/3826/1996 7940/3823/1996
f 7944/5614/1998 7941/5615/1997 7942/5613/1997
f 7946/3839/1999 7943/5616/1998 7944/5614/1998
f 7948/5617/2000 7945/3842/1999 7946/3839/1999
f 7950/5618/2001 7947/5619/2002 7948/5617/2000
f 7952/3855/2003 7949/5620/2004 7950/5618/2001
f 7954/5621/2005 7951/3858/2003 7952/3855/2003
f 7956/5622/2006 7953/5623/2005 7954/5621/2005
f 7958/3871/2007 7955/5624/2006 7956/5622/2006
f 7960/5625/2008 7957/3874/2007 7958/3871/2007
f 7962/5626/2009 7959/5627/2008 7960/5625/2008
f 7964/3887/2010 7961/5628/2009 7962/5626/2009
f 7966/5629/2011 7963/3890/2010 7964/3887/2010
f 7968/5630/2012 7965/5631/2011 7966/5629/2011
f 7970/3903/2013 7967/5632/2012 7968/5630/2012
f 7972/5633/2014 7969/3906/2013 7970/3903/2013
f 7974/5634/2015 7971/5635/2014 7972/5633/2014
f 7976/3919/2016 7973/5636/2015 7974/5634/2015
f 7978/5637/2017 7975/3922/2016 7976/3919/2016
f 7980/5638/2018 7977/5639/2017 7978/5637/2017
f 7982/3935/2019 7979/5640/2020 7980/5638/2018
f 7984/5641/2021 7981/3938/2019 7982/3935/2019
f 7986/5642/2022 7983/5643/2021 7984/5641/2021
f 7988/3951/2023 7985/5644/2022 7986/5642/2022
f 7990/5645/2024 7987/3954/2023 7988/3951/2023
f 7992/5646/2025 7989/5647/2026 7990/5645/2024
f 7994/3967/2027 7991/5648/2025 7992/5646/2025
f 7996/5649/2028 7993/3970/2027 7994/3967/2027
f 7998/5650/2029 7995/5651/2030 7996/5649/2028
f 8000/3983/2031 7997/5652/2029 7998/5650/2029
f 8002/5653/2032 7999/3986/2031 8000/3983/2031
f 8004/5654/2033 8001/5655/2032 8002/5653/2032
f 8006/3999/2034 8003/5656/2033 8004/5654/2033
f 8008/5657/2035 8005/4002/2034 8006/3999/2034
f 8010/5658/2036 8007/5659/2035 8008/5657/2035
f 8012/4015/2037 8009/5660/2036 8010/5658/2036
f 8014/5661/2038 8011/4018/2037 8012/4015/2037
f 8016/5662/2039 8013/5663/2038 8014/5661/2038
f 8018/4031/2040 8015/5664/2039 8016/5662/2039
f 8020/5665/2041 8017/4034/2040 8018/4031/2040
f 8022/5666/2042 8019/5667/2041 8020/5665/2041
f 8024/4047/2043 8021/5668/2042 8022/5666/2042
f 8026/5669/2044 8023/4050/2043 8024/4047/2043
f 8028/5670/2045 8025/5671/2046 8026/5669/2044
f 8030/4063/2047 8027/5672/2045 8028/5670/2045
f 8032/5673/2048 8029/4066/2049 8030/4063/2047
f 8034/5674/2050 8031/5675/2048 8032/5673/2048
f 8036/4079/2051 8033/5676/2050 8034/5674/2050
f 8038/5677/2052 8035/4082/2051 8036/4079/2051
f 8040/5678/2053 8037/5679/2052 8038/5677/2052
f 8042/4095/2054 8039/5680/2053 8040/5678/2053
f 8044/5681/2055 8041/4098/2054 8042/4095/2054
f 8046/5682/2056 8043/5683/2055 8044/5681/2055
f 8048/4111/2057 8045/5684/2056 8046/5682/2056
f 8050/5685/2058 8047/4114/2057 8048/4111/2057
f 8052/5686/2059 8049/5687/2058 8050/5685/2058
f 8054/4127/2060 8051/5688/2059 8052/5686/2059
f 8056/5689/2061 8053/4130/2060 8054/4127/2060
f 8058/5690/2062 8055/5691/2061 8056/5689/2061
f 8060/4143/2063 8057/5692/2062 8058/5690/2062
f 8062/5693/2064 8059/4146/2063 8060/4143/2063
f 8064/5694/2065 8061/5695/2064 8062/5693/2064
f 8066/4159/2066 8063/5696/2065 8064/5694/2065
f 8068/5697/2067 8065/4162/2066 8066/4159/2066
f 8070/5698/2068 8067/5699/2067 8068/5697/2067
f 8072/4175/2069 8069/5700/2068 8070/5698/2068
f 8074/5701/2070 8071/4178/2069 8072/4175/2069
f 8076/5702/2071 8073/5703/2070 8074/5701/2070
f 8078/4191/2072 8075/5704/2071 8076/5702/2071
f 8080/5705/2073 8077/4194/2072 8078/4191/2072
f 8082/5706/2074 8079/5707/2073 8080/5705/2073
f 8084/4207/2075 8081/5708/2074 8082/5706/2074
f 8086/5709/2076 8083/4210/2075 8084/4207/2075
f 8088/5710/717 8085/5711/2076 8086/5709/2076
f 8090/4223/2077 8087/5712/717 8088/5710/717
f 8092/5713/2078 8089/4226/2077 8090/4223/2077
f 8094/5714/2079 8091/5715/2080 8092/5713/2078
f 8096/4239/2081 8093/5716/2082 8094/5714/2079
f 8098/5717/2083 8095/4242/2081 8096/4239/2081
f 8100/5718/2084 8097/5719/2085 8098/5717/2083
f 8102/4255/2086 8099/5720/2087 8100/5718/2084
f 8104/5721/2088 8101/4258/2086 8102/4255/2086
f 8106/5722/2089 8103/5723/2088 8104/5721/2088
f 8108/4271/2090 8105/5724/2089 8106/5722/2089
f 8110/5725/2091 8107/4274/2092 8108/4271/2090
f 8112/5726/2093 8109/5727/2091 8110/5725/2091
f 8114/4287/2094 8111/5728/2093 8112/5726/2093
f 8116/5729/2095 8113/4290/2096 8114/4287/2094
f 8118/5730/2097 8115/5731/1296 8116/5729/2095
f 8120/4303/2098 8117/5732/2097 8118/5730/2097
f 8122/5733/2099 8119/4306/2098 8120/4303/2098
f 8124/5734/2100 8121/5735/2101 8122/5733/2099
f 8126/4319/2102 8123/5736/2100 8124/5734/2100
f 8128/5737/2103 8125/4322/2102 8126/4319/2102
f 8130/5738/2104 8127/5739/2103 8128/5737/2103
f 8132/4335/2105 8129/5740/2104 8130/5738/2104
f 8134/5741/2106 8131/4338/2107 8132/4335/2105
f 8136/5742/2108 8133/5743/2106 8134/5741/2106
f 8138/4351/2109 8135/5744/2108 8136/5742/2108
f 8140/5745/2110 8137/4354/2109 8138/4351/2109
f 8142/5746/2111 8139/5747/2110 8140/5745/2110
f 8144/4367/2112 8141/5748/2111 8142/5746/2111
f 8146/5749/2113 8143/4370/2114 8144/4367/2112
f 8148/5750/2115 8145/5751/2116 8146/5749/2113
f 8150/4383/2117 8147/5752/2115 8148/5750/2115
f 8152/5753/2118 8149/4386/2119 8150/4383/2117
f 8154/5754/2120 8151/5755/2118 8152/5753/2118
f 8156/4399/2121 8153/5756/2120 8154/5754/2120
f 8158/5757/2122 8155/4402/2121 8156/4399/2121
f 8160/5758/2123 8157/5759/2122 8158/5757/2122
f 8162/4415/2124 8159/5760/2123 8160/5758/2123
f 8164/5761/2125 8161/4418/2124 8162/4415/2124
f 8166/5762/2126 8163/5763/2125 8164/5761/2125
f 8168/4431/2127 8165/5764/2126 8166/5762/2126
f 8170/5765/2128 8167/4434/2127 8168/4431/2127
f 8172/5766/2129 8169/5767/2128 8170/5765/2128
f 8174/4447/2130 8171/5768/2129 8172/5766/2129
f 8176/5769/2131 8173/4450/2130 8174/4447/2130
f 8178/5770/2132 8175/5771/2131 8176/5769/2131
f 8180/4463/1335 8177/5772/2132 8178/5770/2132
f 8182/5773/2133 8179/4466/1335 8180/4463/1335
f 8184/5774/2134 8181/5775/2133 8182/5773/2133
f 8186/4479/2135 8183/5776/2134 8184/5774/2134
f 8188/5777/2136 8185/4482/2135 8186/4479/2135
f 8190/5778/2137 8187/5779/2136 8188/5777/2136
f 8192/4495/2138 8189/5780/2137 8190/5778/2137
f 8194/5781/2139 8191/4498/2138 8192/4495/2138
f 8196/5782/2140 8193/5783/2139 8194/5781/2139
f 8198/4511/2141 8195/5784/2142 8196/5782/2140
f 8200/5785/2143 8197/4514/2141 8198/4511/2141
f 8202/5786/2144 8199/5787/2143 8200/5785/2143
f 8204/4527/2145 8201/5788/2144 8202/5786/2144
f 8206/5789/2146 8203/4530/2145 8204/4527/2145
f 8208/5790/2147 8205/5791/2146 8206/5789/2146
f 8210/4543/2148 8207/5792/2147 8208/5790/2147
f 8212/5793/2149 8209/4546/2148 8210/4543/2148
f 8214/5794/2150 8211/5795/2149 8212/5793/2149
f 8216/4559/2151 8213/5796/2150 8214/5794/2150
f 8218/5797/2152 8215/4562/2151 8216/4559/2151
f 8220/5798/2153 8217/5799/2152 8218/5797/2152
f 8222/4575/1348 8219/5800/2153 8220/5798/2153
f 8224/5801/2154 8221/4578/1348 8222/4575/1348
f 8226/5802/2155 8223/5803/2154 8224/5801/2154
f 8228/4591/2156 8225/5804/2155 8226/5802/2155
f 8230/5805/2157 8227/4594/2156 8228/4591/2156
f 8232/5806/2158 8229/5807/2157 8230/5805/2157
f 8234/4607/2159 8231/5808/2158 8232/5806/2158
f 8236/5809/2160 8233/4610/2159 8234/4607/2159
f 8238/5810/2161 8235/5811/2160 8236/5809/2160
f 8240/4623/2162 8237/5812/2161 8238/5810/2161
f 8242/5813/2163 8239/4626/2164 8240/4623/2162
f 8244/5814/2165 8241/5815/2163 8242/5813/2163
f 8246/4639/2166 8243/5816/2165 8244/5814/2165
f 8248/5817/2167 8245/4642/2166 8246/4639/2166
f 8250/5818/2168 8247/5819/2167 8248/5817/2167
f 8252/4655/2169 8249/5820/2168 8250/5818/2168
f 8254/5821/2170 8251/4658/2169 8252/4655/2169
f 8256/5822/2171 8253/5823/2170 8254/5821/2170
f 8258/4671/2172 8255/5824/2171 8256/5822/2171
f 8260/5825/2173 8257/4674/2172 8258/4671/2172
f 8262/5826/2174 8259/5827/2173 8260/5825/2173
f 8264/4687/2175 8261/5828/2174 8262/5826/2174
f 8266/5829/2176 8263/4690/2175 8264/4687/2175
f 8268/5830/2177 8265/5831/2176 8266/5829/2176
f 8270/4703/2178 8267/5832/2177 8268/5830/2177
f 8272/5833/2179 8269/4706/2178 8270/4703/2178
f 8274/5834/2180 8271/5835/2179 8272/5833/2179
f 8276/4719/2181 8273/5836/2180 8274/5834/2180
f 8278/5837/2182 8275/4722/2181 8276/4719/2181
f 8280/5838/2183 8277/5839/2182 8278/5837/2182
f 8282/4735/2184 8279/5840/2183 8280/5838/2183
f 8284/5841/2185 8281/4738/2184 8282/4735/2184
f 8286/5842/2186 8283/5843/2185 8284/5841/2185
f 8288/4751/2187 8285/5844/2186 8286/5842/2186
f 8290/5845/2188 8287/4754/2187 8288/4751/2187
f 8292/5846/2189 8289/5847/2188 8290/5845/2188
f 8294/4767/2190 8291/5848/2189 8292/5846/2189
f 8296/5849/2191 8293/4770/2190 8294/4767/2190
f 8298/5850/1370 8295/5851/2191 8296/5849/2191
f 8300/4783/2192 8297/5852/1370 8298/5850/1370
f 8302/5853/2193 8299/4786/2192 8300/4783/2192
f 8304/5854/2194 8301/5855/2193 8302/5853/2193
f 8306/4799/2195 8303/5856/2194 8304/5854/2194
f 8308/5857/2196 8305/4802/2195 8306/4799/2195
f 8310/5858/2197 8307/5859/2196 8308/5857/2196
f 8312/4815/2198 8309/5860/2197 8310/5858/2197
f 8314/5861/2199 8311/4818/2198 8312/4815/2198
f 8316/5862/2200 8313/5863/2199 8314/5861/2199
f 8318/4831/2201 8315/5864/2200 8316/5862/2200
f 8320/5865/2202 8317/4834/2201 8318/4831/2201
f 8322/5866/2203 8319/5867/2202 8320/5865/2202
f 8324/4847/2204 8321/5868/2203 8322/5866/2203
f 8326/5869/2205 8323/4850/2204 8324/4847/2204
f 8328/5870/2206 8325/5871/2205 8326/5869/2205
f 8330/4863/2207 8327/5872/2206 8328/5870/2206
f 8332/5873/2208 8329/4866/2207 8330/4863/2207
f 8334/5874/2209 8331/5875/2208 8332/5873/2208
f 8336/4879/2210 8333/5876/2209 8334/5874/2209
f 8338/5877/2211 8335/4882/2210 8336/4879/2210
f 8340/5878/2212 8337/5879/2211 8338/5877/2211
f 8342/4895/2213 8339/5880/2212 8340/5878/2212
f 8344/5881/2214 8341/4898/2213 8342/4895/2213
f 8346/5882/2215 8343/5883/2214 8344/5881/2214
f 8348/4911/2216 8345/5884/2215 8346/5882/2215
f 8350/5885/2217 8347/4914/2216 8348/4911/2216
f 8352/5886/2218 8349/5887/2217 8350/5885/2217
f 8354/4927/2219 8351/5888/2218 8352/5886/2218
f 8356/5889/2220 8353/4930/2219 8354/4927/2219
f 8358/5890/2221 8355/5891/2220 8356/5889/2220
f 8360/4943/2222 8357/5892/2221 8358/5890/2221
f 8362/5893/2223 8359/4946/2222 8360/4943/2222
f 8364/5894/2224 8361/5895/2225 8362/5893/2223
f 8366/4959/2226 8363/5896/2224 8364/5894/2224
f 8368/5897/2227 8365/4962/2226 8366/4959/2226
f 8370/5898/2228 8367/5899/2229 8368/5897/2227
f 8372/4975/2230 8369/5900/2228 8370/5898/2228
f 8374/5901/2231 8371/4978/2230 8372/4975/2230
f 8376/5902/2232 8373/5903/2231 8374/5901/2231
f 8378/4991/2233 8375/5904/2232 8376/5902/2232
f 8380/5905/2234 8377/4994/2233 8378/4991/2233
f 8382/5906/2235 8379/5907/2234 8380/5905/2234
f 8384/5007/2236 8381/5908/2235 8382/5906/2235
f 8386/5909/2237 8383/5010/2236 8384/5007/2236
f 8388/5910/2238 8385/5911/2237 8386/5909/2237
f 8390/5023/2239 8387/5912/2238 8388/5910/2238
f 8392/5913/2240 8389/5026/2239 8390/5023/2239
f 8394/5914/2241 8391/5915/2240 8392/5913/2240
f 8396/5039/2242 8393/5916/2241 8394/5914/2241
f 8398/5917/2243 8395/5042/2242 8396/5039/2242
f 8400/5918/2244 8397/5919/2245 8398/5917/2243
f 8402/5055/2246 8399/5920/2244 8400/5918/2244
f 8404/5921/2247 8401/5058/2246 8402/5055/2246
f 8406/5922/2248 8403/5923/2247 8404/5921/2247
f 8408/5071/2249 8405/5924/2248 8406/5922/2248
f 8410/5925/2250 8407/5074/2249 8408/5071/2249
f 8412/5926/2251 8409/5927/2252 8410/5925/2250
f 8414/5087/2253 8411/5928/2251 8412/5926/2251
f 8416/5929/2254 8413/5090/2253 8414/5087/2253
f 8418/5930/2255 8415/5931/2256 8416/5929/2254
f 8420/5103/2257 8417/5932/2255 8418/5930/2255
f 8422/5933/2258 8419/5106/2257 8420/5103/2257
f 8424/5934/2259 8421/5935/2258 8422/5933/2258
f 8426/5119/2260 8423/5936/2259 8424/5934/2259
f 8428/5937/2261 8425/5122/2260 8426/5119/2260
f 8430/5938/2262 8427/5939/2261 8428/5937/2261
f 8432/5135/2263 8429/5940/2262 8430/5938/2262
f 8434/5941/2264 8431/5138/2263 8432/5135/2263
f 8436/5942/2265 8433/5943/2264 8434/5941/2264
f 8438/5151/2266 8435/5944/2265 8436/5942/2265
f 8440/5945/2267 8437/5154/2266 8438/5151/2266
f 8442/5946/1439 8439/5947/2267 8440/5945/2267
f 8444/5167/2268 8441/5948/1439 8442/5946/1439
f 8446/5949/2269 8443/5170/2268 8444/5167/2268
f 8448/5950/2270 8445/5951/2269 8446/5949/2269
f 7298/5183/1645 8447/5952/2270 8448/5950/2270
f 4228/2113/7 4227/2116/7 4225/95/8
f 4230/2115/9 4229/2118/9 4227/2116/7
f 4232/2117/10 4231/2120/10 4229/2118/9
f 4234/2119/11 4233/2122/11 4231/2120/10
f 4236/2121/12 4235/2124/12 4233/2122/11
f 4238/2123/13 4237/2126/13 4235/2124/12
f 4240/2125/14 4239/2128/14 4237/2126/13
f 4242/2127/15 4241/2130/15 4239/2128/14
f 4244/2129/16 4243/2132/16 4241/2130/15
f 4246/2131/17 4245/2134/17 4243/2132/16
f 4248/2133/18 4247/2136/18 4245/2134/17
f 4250/2135/19 4249/2138/19 4247/2136/18
f 4252/2137/20 4251/2140/20 4249/2138/19
f 4254/2139/21 4253/2142/21 4251/2140/20
f 4256/2141/22 4255/2144/22 4253/2142/21
f 4258/2143/23 4257/2146/23 4255/2144/22
f 4260/2145/24 4259/2148/24 4257/2146/23
f 4262/2147/25 4261/2150/25 4259/2148/24
f 4264/2149/26 4263/2152/26 4261/2150/25
f 4266/2151/27 4265/2154/27 4263/2152/26
f 4268/2153/28 4267/2156/28 4265/2154/27
f 4270/2155/29 4269/2158/29 4267/2156/28
f 4272/2157/30 4271/2160/30 4269/2158/29
f 4274/2159/31 4273/2162/31 4271/2160/30
f 4276/2161/32 4275/2164/32 4273/2162/31
f 4278/2163/33 4277/2166/33 4275/2164/32
f 4280/2165/34 4279/2168/34 4277/2166/33
f 4282/2167/35 4281/2170/35 4279/2168/34
f 4284/2169/36 4283/2172/36 4281/2170/35
f 4286/2171/37 4285/2174/37 4283/2172/36
f 4288/2173/38 4287/2176/38 4285/2174/37
f 4290/2175/39 4289/2178/39 4287/2176/38
f 4292/2177/40 4291/2180/40 4289/2178/39
f 4294/2179/41 4293/2182/41 4291/2180/40
f 4296/2181/42 4295/2184/42 4293/2182/41
f 4298/2183/43 4297/2186/43 4295/2184/42
f 4300/2185/44 4299/2188/44 4297/2186/43
f 4302/2187/45 4301/2190/45 4299/2188/44
f 4304/2189/46 4303/2192/46 4301/2190/45
f 4306/2191/47 4305/2194/47 4303/2192/46
f 4308/2193/48 4307/2196/48 4305/2194/47
f 4310/2195/49 4309/2198/49 4307/2196/48
f 4312/2197/50 4311/2200/50 4309/2198/49
f 4314/2199/51 4313/2202/51 4311/2200/50
f 4316/2201/52 4315/2204/52 4313/2202/51
f 4318/2203/53 4317/2206/53 4315/2204/52
f 4320/2205/54 4319/2208/54 4317/2206/53
f 4322/2207/55 4321/2210/55 4319/2208/54
f 4324/2209/56 4323/2212/56 4321/2210/55
f 4326/2211/57 4325/2214/57 4323/2212/56
f 4328/2213/58 4327/2216/58 4325/2214/57
f 4330/2215/59 4329/2218/59 4327/2216/58
f 4332/2217/60 4331/2220/60 4329/2218/59
f 4334/2219/61 4333/2222/61 4331/2220/60
f 4336/2221/62 4335/2224/62 4333/2222/61
f 4338/2223/63 4337/2226/63 4335/2224/62
f 4340/2225/64 4339/2228/64 4337/2226/63
f 4342/2227/65 4341/2230/65 4339/2228/64
f 4344/2229/66 4343/2232/66 4341/2230/65
f 4346/2231/67 4345/2234/67 4343/2232/66
f 4348/2233/68 4347/2236/68 4345/2234/67
f 4350/2235/69 4349/2238/69 4347/2236/68
f 4352/2237/70 4351/2240/70 4349/2238/69
f 4354/2239/71 4353/2242/71 4351/2240/70
f 4356/2241/72 4355/2244/72 4353/2242/71
f 4358/2243/73 4357/2246/73 4355/2244/72
f 4360/2245/74 4359/2248/74 4357/2246/73
f 4362/2247/75 4361/2250/75 4359/2248/74
f 4364/2249/76 4363/2252/76 4361/2250/75
f 4366/2251/77 4365/2254/77 4363/2252/76
f 4368/2253/78 4367/2256/78 4365/2254/77
f 4370/2255/79 4369/2258/79 4367/2256/78
f 4372/2257/80 4371/2260/80 4369/2258/79
f 4374/2259/81 4373/2262/81 4371/2260/80
f 4376/2261/82 4375/2264/82 4373/2262/81
f 4378/2263/83 4377/2266/83 4375/2264/82
f 4380/2265/84 4379/2268/84 4377/2266/83
f 4382/2267/85 4381/2270/85 4379/2268/84
f 4384/2269/86 4383/2272/86 4381/2270/85
f 4386/2271/87 4385/2274/87 4383/2272/86
f 4388/2273/88 4387/2276/88 4385/2274/87
f 4390/2275/89 4389/2278/89 4387/2276/88
f 4392/2277/90 4391/2280/90 4389/2278/89
f 4394/2279/91 4393/2282/91 4391/2280/90
f 4396/2281/92 4395/2284/92 4393/2282/91
f 4398/2283/93 4397/2286/93 4395/2284/92
f 4400/2285/94 4399/2288/94 4397/2286/93
f 4402/2287/95 4401/2290/95 4399/2288/94
f 4404/2289/96 4403/2292/96 4401/2290/95
f 4406/2291/97 4405/2294/97 4403/2292/96
f 4408/2293/98 4407/2296/98 4405/2294/97
f 4410/2295/99 4409/2298/101 4407/2296/98
f 4412/2297/100 4411/2300/100 4409/2298/101
f 4414/2299/102 4413/2302/102 4411/2300/100
f 4416/2301/103 4415/2304/103 4413/2302/102
f 4418/2303/104 4417/2306/106 4415/2304/103
f 4420/2305/105 4419/2308/105 4417/2306/106
f 4422/2307/107 4421/2310/107 4419/2308/105
f 4424/2309/108 4423/2312/108 4421/2310/107
f 4426/2311/109 4425/2314/109 4423/2312/108
f 4428/2313/110 4427/2316/110 4425/2314/109
f 4430/2315/111 4429/2318/111 4427/2316/110
f 4432/2317/112 4431/2320/112 4429/2318/111
f 4434/2319/113 4433/2322/113 4431/2320/112
f 4436/2321/114 4435/2324/114 4433/2322/113
f 4438/2323/115 4437/2326/115 4435/2324/114
f 4440/2325/116 4439/2328/116 4437/2326/115
f 4442/2327/117 4441/2330/117 4439/2328/116
f 4444/2329/118 4443/2332/118 4441/2330/117
f 4446/2331/119 4445/2334/119 4443/2332/118
f 4448/2333/120 4447/2336/120 4445/2334/119
f 4450/2335/121 4449/2338/121 4447/2336/120
f 4452/2337/122 4451/2340/124 4449/2338/121
f 4454/2339/123 4453/2342/123 4451/2340/124
f 4456/2341/125 4455/2344/125 4453/2342/123
f 4458/2343/126 4457/2346/126 4455/2344/125
f 4460/2345/127 4459/2348/127 4457/2346/126
f 4462/2347/128 4461/2350/128 4459/2348/127
f 4464/2349/129 4463/2352/129 4461/2350/128
f 4466/2351/130 4465/2354/130 4463/2352/129
f 4468/2353/131 4467/2356/131 4465/2354/130
f 4470/2355/132 4469/2358/132 4467/2356/131
f 4472/2357/133 4471/2360/133 4469/2358/132
f 4474/2359/134 4473/2362/134 4471/2360/133
f 4476/2361/135 4475/2364/135 4473/2362/134
f 4478/2363/136 4477/2366/136 4475/2364/135
f 4480/2365/137 4479/2368/137 4477/2366/136
f 4482/2367/138 4481/2370/138 4479/2368/137
f 4484/2369/139 4483/2372/139 4481/2370/138
f 4486/2371/140 4485/2374/140 4483/2372/139
f 4488/2373/141 4487/2376/141 4485/2374/140
f 4490/2375/142 4489/2378/142 4487/2376/141
f 4492/2377/143 4491/2380/143 4489/2378/142
f 4494/2379/144 4493/2382/144 4491/2380/143
f 4496/2381/145 4495/2384/145 4493/2382/144
f 4498/2383/146 4497/2386/146 4495/2384/145
f 4500/2385/147 4499/2388/147 4497/2386/146
f 4502/2387/148 4501/2390/148 4499/2388/147
f 4504/2389/149 4503/2392/149 4501/2390/148
f 4506/2391/150 4505/2394/150 4503/2392/149
f 4508/2393/151 4507/2396/151 4505/2394/150
f 4510/2395/152 4509/2398/152 4507/2396/151
f 4512/2397/153 4511/2400/153 4509/2398/152
f 4514/2399/154 4513/2402/154 4511/2400/153
f 4516/2401/155 4515/2404/155 4513/2402/154
f 4518/2403/156 4517/2406/156 4515/2404/155
f 4520/2405/157 4519/2408/157 4517/2406/156
f 4522/2407/158 4521/2410/158 4519/2408/157
f 4524/2409/159 4523/2412/159 4521/2410/158
f 4526/2411/160 4525/2414/160 4523/2412/159
f 4528/2413/161 4527/2416/161 4525/2414/160
f 4530/2415/162 4529/2418/162 4527/2416/161
f 4532/2417/163 4531/2420/163 4529/2418/162
f 4534/2419/164 4533/2422/164 4531/2420/163
f 4536/2421/165 4535/2424/165 4533/2422/164
f 4538/2423/166 4537/2426/166 4535/2424/165
f 4540/2425/167 4539/2428/167 4537/2426/166
f 4542/2427/168 4541/2430/168 4539/2428/167
f 4544/2429/169 4543/2432/169 4541/2430/168
f 4546/2431/170 4545/2434/170 4543/2432/169
f 4548/2433/171 4547/2436/171 4545/2434/170
f 4550/2435/172 4549/2438/172 4547/2436/171
f 4552/2437/173 4551/2440/173 4549/2438/172
f 4554/2439/174 4553/2442/174 4551/2440/173
f 4556/2441/175 4555/2444/175 4553/2442/174
f 4558/2443/176 4557/2446/176 4555/2444/175
f 4560/2445/177 4559/2448/177 4557/2446/176
f 4562/2447/178 4561/2450/178 4559/2448/177
f 4564/2449/179 4563/2452/179 4561/2450/178
f 4566/2451/180 4565/2454/180 4563/2452/179
f 4568/2453/181 4567/2456/181 4565/2454/180
f 4570/2455/182 4569/2458/182 4567/2456/181
f 4572/2457/183 4571/2460/183 4569/2458/182
f 4574/2459/184 4573/2462/184 4571/2460/183
f 4576/2461/185 4575/2464/185 4573/2462/184
f 4578/2463/186 4577/2466/186 4575/2464/185
f 4580/2465/187 4579/2468/187 4577/2466/186
f 4582/2467/188 4581/2470/188 4579/2468/187
f 4584/2469/189 4583/2472/189 4581/2470/188
f 4586/2471/190 4585/2474/190 4583/2472/189
f 4588/2473/191 4587/2476/191 4585/2474/190
f 4590/2475/192 4589/2478/192 4587/2476/191
f 4592/2477/193 4591/2480/193 4589/2478/192
f 4594/2479/194 4593/2482/194 4591/2480/193
f 4596/2481/195 4595/2484/195 4593/2482/194
f 4598/2483/196 4597/2486/196 4595/2484/195
f 4600/2485/197 4599/2488/197 4597/2486/196
f 4602/2487/198 4601/2490/198 4599/2488/197
f 4604/2489/199 4603/2492/199 4601/2490/198
f 4606/2491/200 4605/2494/200 4603/2492/199
f 4608/2493/201 4607/2496/201 4605/2494/200
f 4610/2495/202 4609/2498/202 4607/2496/201
f 4612/2497/203 4611/2500/203 4609/2498/202
f 4614/2499/204 4613/2502/204 4611/2500/203
f 4616/2501/205 4615/2504/205 4613/2502/204
f 4618/2503/206 4617/2506/206 4615/2504/205
f 4620/2505/207 4619/2508/207 4617/2506/206
f 4622/2507/208 4621/2510/208 4619/2508/207
f 4624/2509/209 4623/2512/209 4621/2510/208
f 4626/2511/210 4625/2514/210 4623/2512/209
f 4628/2513/211 4627/2516/211 4625/2514/210
f 4630/2515/212 4629/2518/212 4627/2516/211
f 4632/2517/213 4631/2520/213 4629/2518/212
f 4634/2519/214 4633/2522/214 4631/2520/213
f 4636/2521/215 4635/2524/215 4633/2522/214
f 4638/2523/216 4637/2526/216 4635/2524/215
f 4640/2525/217 4639/2528/217 4637/2526/216
f 4642/2527/218 4641/2530/218 4639/2528/217
f 4644/2529/219 4643/2532/219 4641/2530/218
f 4646/2531/220 4645/2534/220 4643/2532/219
f 4648/2533/221 4647/2536/221 4645/2534/220
f 4650/2535/222 4649/2538/222 4647/2536/221
f 4652/2537/223 4651/2540/223 4649/2538/222
f 4654/2539/224 4653/2542/224 4651/2540/223
f 4656/2541/225 4655/2544/225 4653/2542/224
f 4658/2543/226 4657/2546/226 4655/2544/225
f 4660/2545/227 4659/2548/227 4657/2546/226
f 4662/2547/228 4661/2550/228 4659/2548/227
f 4664/2549/229 4663/2552/229 4661/2550/228
f 4666/2551/230 4665/2554/230 4663/2552/229
f 4668/2553/231 4667/2556/231 4665/2554/230
f 4670/2555/232 4669/2558/232 4667/2556/231
f 4672/2557/233 4671/2560/233 4669/2558/232
f 4674/2559/234 4673/2562/234 4671/2560/233
f 4676/2561/235 4675/2564/235 4673/2562/234
f 4678/2563/236 4677/2566/236 4675/2564/235
f 4680/2565/237 4679/2568/237 4677/2566/236
f 4682/2567/238 4681/2570/238 4679/2568/237
f 4684/2569/239 4683/2572/239 4681/2570/238
f 4686/2571/240 4685/2574/240 4683/2572/239
f 4688/2573/241 4687/2576/241 4685/2574/240
f 4690/2575/242 4689/2578/242 4687/2576/241
f 4692/2577/243 4691/2580/243 4689/2578/242
f 4694/2579/244 4693/2582/244 4691/2580/243
f 4696/2581/245 4695/2584/245 4693/2582/244
f 4698/2583/246 4697/2586/246 4695/2584/245
f 4700/2585/247 4699/2588/247 4697/2586/246
f 4702/2587/248 4701/2590/248 4699/2588/247
f 4704/2589/249 4703/2592/249 4701/2590/248
f 4706/2591/250 4705/2594/250 4703/2592/249
f 4708/2593/251 4707/2596/251 4705/2594/250
f 4710/2595/252 4709/2598/252 4707/2596/251
f 4712/2597/253 4711/2600/253 4709/2598/252
f 4714/2599/254 4713/2602/254 4711/2600/253
f 4716/2601/255 4715/2604/255 4713/2602/254
f 4718/2603/256 4717/2606/256 4715/2604/255
f 4720/2605/257 4719/2608/257 4717/2606/256
f 4722/2607/258 4721/2610/258 4719/2608/257
f 4724/2609/259 4723/2612/259 4721/2610/258
f 4726/2611/260 4725/2614/260 4723/2612/259
f 4728/2613/261 4727/2616/261 4725/2614/260
f 4730/2615/262 4729/2618/262 4727/2616/261
f 4732/2617/263 4731/2620/263 4729/2618/262
f 4734/2619/264 4733/2622/264 4731/2620/263
f 4736/2621/265 4735/2624/265 4733/2622/264
f 4738/2623/266 4737/2626/266 4735/2624/265
f 4740/2625/267 4739/2628/267 4737/2626/266
f 4742/2627/268 4741/2630/268 4739/2628/267
f 4744/2629/269 4743/2632/269 4741/2630/268
f 4746/2631/270 4745/2634/270 4743/2632/269
f 4748/2633/271 4747/2636/271 4745/2634/270
f 4750/2635/272 4749/2638/272 4747/2636/271
f 4752/2637/273 4751/2640/275 4749/2638/272
f 4754/2639/274 4753/2642/274 4751/2640/275
f 4756/2641/276 4755/2644/276 4753/2642/274
f 4758/2643/277 4757/2646/277 4755/2644/276
f 4760/2645/278 4759/2648/278 4757/2646/277
f 4762/2647/279 4761/2650/279 4759/2648/278
f 4764/2649/280 4763/2652/280 4761/2650/279
f 4766/2651/281 4765/2654/281 4763/2652/280
f 4768/2653/282 4767/2656/282 4765/2654/281
f 4770/2655/283 4769/2658/283 4767/2656/282
f 4772/2657/284 4771/2660/284 4769/2658/283
f 4774/2659/285 4773/2662/285 4771/2660/284
f 4776/2661/286 4775/2664/286 4773/2662/285
f 4778/2663/287 4777/2666/287 4775/2664/286
f 4780/2665/288 4779/2668/288 4777/2666/287
f 4782/2667/289 4781/2670/289 4779/2668/288
f 4784/2669/290 4783/2672/290 4781/2670/289
f 4786/2671/291 4785/2674/291 4783/2672/290
f 4788/2673/292 4787/2676/292 4785/2674/291
f 4790/2675/293 4789/2678/293 4787/2676/292
f 4792/2677/294 4791/2680/294 4789/2678/293
f 4794/2679/295 4793/2682/295 4791/2680/294
f 4796/2681/296 4795/2684/296 4793/2682/295
f 4798/2683/297 4797/2686/299 4795/2684/296
f 4800/2685/298 4799/2688/298 4797/2686/299
f 4802/2687/300 4801/2690/300 4799/2688/298
f 4804/2689/301 4803/2692/301 4801/2690/300
f 4806/2691/302 4805/2694/302 4803/2692/301
f 4808/2693/303 4807/2696/303 4805/2694/302
f 4810/2695/304 4809/2698/304 4807/2696/303
f 4812/2697/305 4811/2700/305 4809/2698/304
f 4814/2699/306 4813/2702/306 4811/2700/305
f 4816/2701/307 4815/2704/307 4813/2702/306
f 4818/2703/308 4817/2706/308 4815/2704/307
f 4820/2705/309 4819/2708/309 4817/2706/308
f 4822/2707/310 4821/2710/310 4819/2708/309
f 4824/2709/311 4823/2712/311 4821/2710/310
f 4826/2711/312 4825/2714/312 4823/2712/311
f 4828/2713/313 4827/2716/313 4825/2714/312
f 4830/2715/314 4829/2718/314 4827/2716/313
f 4832/2717/315 4831/2720/317 4829/2718/314
f 4834/2719/316 4833/2722/319 4831/2720/317
f 4836/2721/318 4835/2724/318 4833/2722/319
f 4838/2723/320 4837/2726/322 4835/2724/318
f 4840/2725/321 4839/2728/321 4837/2726/322
f 4842/2727/323 4841/2730/323 4839/2728/321
f 4844/2729/324 4843/2732/324 4841/2730/323
f 4846/2731/325 4845/2734/325 4843/2732/324
f 4848/2733/326 4847/2736/328 4845/2734/325
f 4850/2735/327 4849/2738/327 4847/2736/328
f 4852/2737/329 4851/2740/329 4849/2738/327
f 4854/2739/330 4853/2742/330 4851/2740/329
f 4856/2741/331 4855/2744/331 4853/2742/330
f 4858/2743/332 4857/2746/332 4855/2744/331
f 4860/2745/333 4859/2748/333 4857/2746/332
f 4862/2747/334 4861/2750/334 4859/2748/333
f 4864/2749/335 4863/2752/335 4861/2750/334
f 4866/2751/336 4865/2754/336 4863/2752/335
f 4868/2753/337 4867/2756/337 4865/2754/336
f 4870/2755/338 4869/2758/338 4867/2756/337
f 4872/2757/339 4871/2760/339 4869/2758/338
f 4874/2759/340 4873/2762/340 4871/2760/339
f 4876/2761/341 4875/2764/341 4873/2762/340
f 4878/2763/342 4877/2766/344 4875/2764/341
f 4880/2765/343 4879/2768/343 4877/2766/344
f 4882/2767/345 4881/2770/347 4879/2768/343
f 4884/2769/346 4883/2772/346 4881/2770/347
f 4886/2771/348 4885/2774/350 4883/2772/346
f 4888/2773/349 4887/2776/349 4885/2774/350
f 4890/2775/351 4889/2778/351 4887/2776/349
f 4892/2777/352 4891/2780/352 4889/2778/351
f 4894/2779/353 4893/2782/353 4891/2780/352
f 4896/2781/354 4895/2784/354 4893/2782/353
f 4898/2783/355 4897/2786/355 4895/2784/354
f 4900/2785/356 4899/2788/356 4897/2786/355
f 4902/2787/357 4901/2790/357 4899/2788/356
f 4904/2789/358 4903/2792/358 4901/2790/357
f 4906/2791/359 4905/2794/359 4903/2792/358
f 4908/2793/360 4907/2796/360 4905/2794/359
f 4910/2795/361 4909/2798/361 4907/2796/360
f 4912/2797/362 4911/2800/364 4909/2798/361
f 4914/2799/363 4913/2802/363 4911/2800/364
f 4916/2801/365 4915/2804/365 4913/2802/363
f 4918/2803/366 4917/2806/366 4915/2804/365
f 4920/2805/367 4919/2808/367 4917/2806/366
f 4922/2807/368 4921/2810/370 4919/2808/367
f 4924/2809/369 4923/2812/369 4921/2810/370
f 4926/2811/371 4925/2814/371 4923/2812/369
f 4928/2813/372 4927/2816/372 4925/2814/371
f 4930/2815/373 4929/2818/373 4927/2816/372
f 4932/2817/374 4931/2820/374 4929/2818/373
f 4934/2819/375 4933/2822/375 4931/2820/374
f 4936/2821/376 4935/2824/376 4933/2822/375
f 4938/2823/377 4937/2826/377 4935/2824/376
f 4940/2825/378 4939/2828/378 4937/2826/377
f 4942/2827/379 4941/2830/379 4939/2828/378
f 4944/2829/380 4943/2832/380 4941/2830/379
f 4946/2831/381 4945/2834/381 4943/2832/380
f 4948/2833/382 4947/2836/382 4945/2834/381
f 4950/2835/383 4949/2838/383 4947/2836/382
f 4952/2837/384 4951/2840/384 4949/2838/383
f 4954/2839/385 4953/2842/385 4951/2840/384
f 4956/2841/386 4955/2844/386 4953/2842/385
f 4958/2843/387 4957/2846/387 4955/2844/386
f 4960/2845/388 4959/2848/388 4957/2846/387
f 4962/2847/389 4961/2850/391 4959/2848/388
f 4964/2849/390 4963/2852/390 4961/2850/391
f 4966/2851/392 4965/2854/392 4963/2852/390
f 4968/2853/393 4967/2856/393 4965/2854/392
f 4970/2855/394 4969/2858/394 4967/2856/393
f 4972/2857/395 4971/2860/395 4969/2858/394
f 4974/2859/396 4973/2862/396 4971/2860/395
f 4976/2861/397 4975/2864/397 4973/2862/396
f 4978/2863/398 4977/2866/398 4975/2864/397
f 4980/2865/399 4979/2868/399 4977/2866/398
f 4982/2867/400 4981/2870/400 4979/2868/399
f 4984/2869/401 4983/2872/401 4981/2870/400
f 4986/2871/402 4985/2874/402 4983/2872/401
f 4988/2873/403 4987/2876/403 4985/2874/402
f 4990/2875/404 4989/2878/404 4987/2876/403
f 4992/2877/405 4991/2880/405 4989/2878/404
f 4994/2879/406 4993/2882/406 4991/2880/405
f 4996/2881/407 4995/2884/407 4993/2882/406
f 4998/2883/408 4997/2886/408 4995/2884/407
f 5000/2885/409 4999/2888/409 4997/2886/408
f 5002/2887/410 5001/2890/410 4999/2888/409
f 5004/2889/411 5003/2892/411 5001/2890/410
f 5006/2891/412 5005/2894/412 5003/2892/411
f 5008/2893/413 5007/2896/413 5005/2894/412
f 5010/2895/414 5009/2898/414 5007/2896/413
f 5012/2897/415 5011/2900/415 5009/2898/414
f 5014/2899/416 5013/2902/416 5011/2900/415
f 5016/2901/417 5015/2904/417 5013/2902/416
f 5018/2903/418 5017/2906/418 5015/2904/417
f 5020/2905/419 5019/2908/419 5017/2906/418
f 5022/2907/420 5021/2910/420 5019/2908/419
f 5024/2909/421 5023/2912/421 5021/2910/420
f 5026/2911/422 5025/2914/422 5023/2912/421
f 5028/2913/423 5027/2916/423 5025/2914/422
f 5030/2915/424 5029/2918/424 5027/2916/423
f 5032/2917/425 5031/2920/425 5029/2918/424
f 5034/2919/426 5033/2922/426 5031/2920/425
f 5036/2921/427 5035/2924/427 5033/2922/426
f 5038/2923/428 5037/2926/428 5035/2924/427
f 5040/2925/429 5039/2928/429 5037/2926/428
f 5042/2927/430 5041/2930/430 5039/2928/429
f 5044/2929/431 5043/2932/431 5041/2930/430
f 5046/2931/432 5045/2934/432 5043/2932/431
f 5048/2933/433 5047/2936/433 5045/2934/432
f 5050/2935/434 5049/2938/434 5047/2936/433
f 5052/2937/435 5051/2940/435 5049/2938/434
f 5054/2939/436 5053/2942/436 5051/2940/435
f 5056/2941/437 5055/2944/437 5053/2942/436
f 5058/2943/438 5057/2946/438 5055/2944/437
f 5060/2945/439 5059/2948/441 5057/2946/438
f 5062/2947/440 5061/2950/440 5059/2948/441
f 5064/2949/442 5063/2952/442 5061/2950/440
f 5066/2951/443 5065/2954/443 5063/2952/442
f 5068/2953/444 5067/2956/444 5065/2954/443
f 5070/2955/445 5069/2958/445 5067/2956/444
f 5072/2957/446 5071/2960/446 5069/2958/445
f 5074/2959/447 5073/2962/447 5071/2960/446
f 5076/2961/448 5075/2964/450 5073/2962/447
f 5078/2963/449 5077/2966/452 5075/2964/450
f 5080/2965/451 5079/2968/451 5077/2966/452
f 5082/2967/453 5081/2970/453 5079/2968/451
f 5084/2969/454 5083/2972/454 5081/2970/453
f 5086/2971/455 5085/2974/455 5083/2972/454
f 5088/2973/456 5087/2976/458 5085/2974/455
f 5090/2975/457 5089/2978/460 5087/2976/458
f 5092/2977/459 5091/2980/459 5089/2978/460
f 5094/2979/461 5093/2982/461 5091/2980/459
f 5096/2981/462 5095/2984/462 5093/2982/461
f 5098/2983/463 5097/2986/465 5095/2984/462
f 5100/2985/464 5099/2988/467 5097/2986/465
f 5102/2987/466 5101/2990/466 5099/2988/467
f 5104/2989/468 5103/2992/468 5101/2990/466
f 5106/2991/469 5105/2994/469 5103/2992/468
f 5108/2993/470 5107/2996/470 5105/2994/469
f 5110/2995/471 5109/2998/471 5107/2996/470
f 5112/2997/472 5111/3000/472 5109/2998/471
f 5114/2999/473 5113/3002/473 5111/3000/472
f 5116/3001/474 5115/3004/474 5113/3002/473
f 5118/3003/475 5117/3006/475 5115/3004/474
f 5120/3005/476 5119/3008/476 5117/3006/475
f 5122/3007/477 5121/3010/477 5119/3008/476
f 5124/3009/478 5123/3012/478 5121/3010/477
f 5126/3011/479 5125/3014/479 5123/3012/478
f 5128/3013/480 5127/3016/480 5125/3014/479
f 5130/3015/481 5129/3018/481 5127/3016/480
f 5132/3017/482 5131/3020/482 5129/3018/481
f 5134/3019/483 5133/3022/483 5131/3020/482
f 5136/3021/484 5135/3024/484 5133/3022/483
f 5138/3023/485 5137/3026/485 5135/3024/484
f 5140/3025/486 5139/3028/486 5137/3026/485
f 5142/3027/487 5141/3030/487 5139/3028/486
f 5144/3029/488 5143/3032/488 5141/3030/487
f 5146/3031/489 5145/3034/489 5143/3032/488
f 5148/3033/490 5147/3036/492 5145/3034/489
f 5150/3035/491 5149/3038/491 5147/3036/492
f 5152/3037/493 5151/3040/493 5149/3038/491
f 5154/3039/494 5153/3042/494 5151/3040/493
f 5156/3041/495 5155/3044/495 5153/3042/494
f 5158/3043/496 5157/3046/496 5155/3044/495
f 5160/3045/497 5159/3048/497 5157/3046/496
f 5162/3047/498 5161/3050/500 5159/3048/497
f 5164/3049/499 5163/3052/499 5161/3050/500
f 5166/3051/501 5165/3054/501 5163/3052/499
f 5168/3053/502 5167/3056/502 5165/3054/501
f 5170/3055/503 5169/3058/503 5167/3056/502
f 5172/3057/504 5171/3060/504 5169/3058/503
f 5174/3059/505 5173/3062/507 5171/3060/504
f 5176/3061/506 5175/3064/506 5173/3062/507
f 5178/3063/508 5177/3066/508 5175/3064/506
f 5180/3065/509 5179/3068/511 5177/3066/508
f 5182/3067/510 5181/3070/510 5179/3068/511
f 5184/3069/512 5183/3072/512 5181/3070/510
f 5186/3071/513 5185/3074/515 5183/3072/512
f 5188/3073/514 5187/3076/514 5185/3074/515
f 5190/3075/516 5189/3078/516 5187/3076/514
f 5192/3077/517 5191/3080/517 5189/3078/516
f 5194/3079/518 5193/3082/518 5191/3080/517
f 5196/3081/519 5195/3084/519 5193/3082/518
f 5198/3083/520 5197/3086/520 5195/3084/519
f 5200/3085/521 5199/3088/521 5197/3086/520
f 5202/3087/522 5201/3090/524 5199/3088/521
f 5204/3089/523 5203/3092/523 5201/3090/524
f 5206/3091/525 5205/3094/525 5203/3092/523
f 5208/3093/526 5207/3096/526 5205/3094/525
f 5210/3095/527 5209/3098/527 5207/3096/526
f 5212/3097/528 5211/3100/530 5209/3098/527
f 5214/3099/529 5213/3102/529 5211/3100/530
f 5216/3101/531 5215/3104/531 5213/3102/529
f 5218/3103/532 5217/3106/534 5215/3104/531
f 5220/3105/533 5219/3108/533 5217/3106/534
f 5222/3107/535 5221/3110/535 5219/3108/533
f 5224/3109/536 5223/3112/536 5221/3110/535
f 5226/3111/537 5225/3114/537 5223/3112/536
f 5228/3113/538 5227/3116/538 5225/3114/537
f 5230/3115/539 5229/3118/539 5227/3116/538
f 5232/3117/540 5231/3120/540 5229/3118/539
f 5234/3119/541 5233/3122/541 5231/3120/540
f 5236/3121/542 5235/3124/542 5233/3122/541
f 5238/3123/543 5237/3126/543 5235/3124/542
f 5240/3125/544 5239/3128/544 5237/3126/543
f 5242/3127/545 5241/3130/545 5239/3128/544
f 5244/3129/546 5243/3132/546 5241/3130/545
f 5246/3131/547 5245/3134/547 5243/3132/546
f 5248/3133/548 5247/3136/548 5245/3134/547
f 5250/3135/549 5249/3138/549 5247/3136/548
f 5252/3137/550 5251/3140/550 5249/3138/549
f 5254/3139/551 5253/3142/551 5251/3140/550
f 5256/3141/552 5255/3144/552 5253/3142/551
f 5258/3143/553 5257/3146/555 5255/3144/552
f 5260/3145/554 5259/3148/554 5257/3146/555
f 5262/3147/556 5261/3150/556 5259/3148/554
f 5264/3149/557 5263/3152/557 5261/3150/556
f 5266/3151/558 5265/3154/558 5263/3152/557
f 5268/3153/559 5267/3156/561 5265/3154/558
f 5270/3155/560 5269/3158/560 5267/3156/561
f 5272/3157/562 5271/3160/562 5269/3158/560
f 5274/3159/563 5273/3162/563 5271/3160/562
f 5276/3161/564 5275/3164/566 5273/3162/563
f 5278/3163/565 5277/3166/565 5275/3164/566
f 5280/3165/567 5279/3168/567 5277/3166/565
f 5282/3167/568 5281/3170/570 5279/3168/567
f 5284/3169/569 5283/3172/569 5281/3170/570
f 5286/3171/571 5285/3174/571 5283/3172/569
f 5288/3173/572 5287/3176/572 5285/3174/571
f 5290/3175/573 5289/3178/575 5287/3176/572
f 5292/3177/574 5291/3180/574 5289/3178/575
f 5294/3179/576 5293/3182/576 5291/3180/574
f 5296/3181/577 5295/3184/577 5293/3182/576
f 5298/3183/578 5297/3186/578 5295/3184/577
f 5300/3185/579 5299/3188/579 5297/3186/578
f 5302/3187/580 5301/3190/580 5299/3188/579
f 5304/3189/581 5303/3192/583 5301/3190/580
f 5306/3191/582 5305/3194/582 5303/3192/583
f 5308/3193/584 5307/3196/584 5305/3194/582
f 5310/3195/585 5309/3198/585 5307/3196/584
f 5312/3197/586 5311/3200/588 5309/3198/585
f 5314/3199/587 5313/3202/587 5311/3200/588
f 5316/3201/589 5315/3204/589 5313/3202/587
f 5318/3203/590 5317/3206/590 5315/3204/589
f 5320/3205/591 5319/3208/593 5317/3206/590
f 5322/3207/592 5321/3210/592 5319/3208/593
f 5324/3209/594 5323/3212/594 5321/3210/592
f 5326/3211/595 5325/3214/595 5323/3212/594
f 5328/3213/596 5327/3216/596 5325/3214/595
f 5330/3215/597 5329/3218/597 5327/3216/596
f 5332/3217/598 5331/3220/598 5329/3218/597
f 5334/3219/599 5333/3222/601 5331/3220/598
f 5336/3221/600 5335/3224/600 5333/3222/601
f 5338/3223/602 5337/3226/604 5335/3224/600
f 5340/3225/603 5339/3228/603 5337/3226/604
f 5342/3227/605 5341/3230/605 5339/3228/603
f 5344/3229/606 5343/3232/606 5341/3230/605
f 5346/3231/607 5345/3234/607 5343/3232/606
f 5348/3233/608 5347/3236/608 5345/3234/607
f 5350/3235/609 5349/3238/609 5347/3236/608
f 5352/3237/610 5351/3240/612 5349/3238/609
f 5354/3239/611 5353/3242/611 5351/3240/612
f 5356/3241/613 5355/3244/613 5353/3242/611
f 5358/3243/614 5357/3246/614 5355/3244/613
f 5360/3245/615 5359/3248/617 5357/3246/614
f 5362/3247/616 5361/3250/616 5359/3248/617
f 5364/3249/618 5363/3252/620 5361/3250/616
f 5366/3251/619 5365/3254/619 5363/3252/620
f 5368/3253/621 5367/3256/623 5365/3254/619
f 5370/3255/622 5369/3258/622 5367/3256/623
f 5372/3257/624 5371/3260/626 5369/3258/622
f 5374/3259/625 5373/3262/625 5371/3260/626
f 5376/3261/627 5375/3264/627 5373/3262/625
f 5378/3263/628 5377/3266/628 5375/3264/627
f 5380/3265/629 5379/3268/629 5377/3266/628
f 5382/3267/630 5381/3270/630 5379/3268/629
f 5384/3269/631 5383/3272/631 5381/3270/630
f 5386/3271/632 5385/3274/632 5383/3272/631
f 5388/3273/633 5387/3276/633 5385/3274/632
f 5390/3275/634 5389/3278/634 5387/3276/633
f 5392/3277/635 5391/3280/637 5389/3278/634
f 5394/3279/636 5393/3282/636 5391/3280/637
f 5396/3281/638 5395/3284/638 5393/3282/636
f 5398/3283/639 5397/3286/639 5395/3284/638
f 5400/3285/640 5399/3288/640 5397/3286/639
f 5402/3287/641 5401/3290/641 5399/3288/640
f 5404/3289/642 5403/3292/642 5401/3290/641
f 5406/3291/643 5405/3294/645 5403/3292/642
f 5408/3293/644 5407/3296/644 5405/3294/645
f 5410/3295/646 5409/3298/646 5407/3296/644
f 5412/3297/647 5411/3300/647 5409/3298/646
f 5414/3299/648 5413/3302/648 5411/3300/647
f 5416/3301/649 5415/3304/651 5413/3302/648
f 5418/3303/650 5417/3306/650 5415/3304/651
f 5420/3305/652 5419/3308/652 5417/3306/650
f 5422/3307/653 5421/3310/653 5419/3308/652
f 5424/3309/654 5423/3312/654 5421/3310/653
f 5426/3311/655 5425/3314/655 5423/3312/654
f 5428/3313/656 5427/3316/656 5425/3314/655
f 5430/3315/657 5429/3318/657 5427/3316/656
f 5432/3317/658 5431/3320/658 5429/3318/657
f 5434/3319/659 5433/3322/659 5431/3320/658
f 5436/3321/660 5435/3324/660 5433/3322/659
f 5438/3323/661 5437/3326/661 5435/3324/660
f 5440/3325/662 5439/3328/662 5437/3326/661
f 5442/3327/663 5441/3330/663 5439/3328/662
f 5444/3329/664 5443/3332/664 5441/3330/663
f 5446/3331/665 5445/3334/665 5443/3332/664
f 5448/3333/666 5447/3336/666 5445/3334/665
f 5450/3335/667 5449/3338/667 5447/3336/666
f 5452/3337/668 5451/3340/668 5449/3338/667
f 5454/3339/669 5453/3342/669 5451/3340/668
f 5456/3341/670 5455/3344/670 5453/3342/669
f 5458/3343/671 5457/3346/671 5455/3344/670
f 5460/3345/672 5459/3348/674 5457/3346/671
f 5462/3347/673 5461/3350/673 5459/3348/674
f 5464/3349/675 5463/3352/675 5461/3350/673
f 5466/3351/676 5465/3354/676 5463/3352/675
f 5468/3353/677 5467/3356/677 5465/3354/676
f 5470/3355/678 5469/3358/678 5467/3356/677
f 5472/3357/679 5471/3360/679 5469/3358/678
f 5474/3359/680 5473/3362/680 5471/3360/679
f 5476/3361/681 5475/3364/683 5473/3362/680
f 5478/3363/682 5477/3366/682 5475/3364/683
f 5480/3365/684 5479/3368/684 5477/3366/682
f 5482/3367/685 5481/3370/685 5479/3368/684
f 5484/3369/686 5483/3372/686 5481/3370/685
f 5486/3371/687 5485/3374/687 5483/3372/686
f 5488/3373/688 5487/3376/688 5485/3374/687
f 5490/3375/689 5489/3378/689 5487/3376/688
f 5492/3377/690 5491/3380/690 5489/3378/689
f 5494/3379/691 5493/3382/691 5491/3380/690
f 5496/3381/692 5495/3384/692 5493/3382/691
f 5498/3383/693 5497/3386/693 5495/3384/692
f 5500/3385/694 5499/3388/694 5497/3386/693
f 5502/3387/695 5501/3390/695 5499/3388/694
f 5504/3389/696 5503/3392/696 5501/3390/695
f 5506/3391/697 5505/3394/697 5503/3392/696
f 5508/3393/698 5507/3396/698 5505/3394/697
f 5510/3395/699 5509/3398/699 5507/3396/698
f 5512/3397/700 5511/3400/700 5509/3398/699
f 5514/3399/701 5513/3402/701 5511/3400/700
f 5516/3401/702 5515/3404/702 5513/3402/701
f 5518/3403/703 5517/3406/705 5515/3404/702
f 5520/3405/704 5519/3408/704 5517/3406/705
f 5522/3407/706 5521/3410/706 5519/3408/704
f 5524/3409/707 5523/3412/707 5521/3410/706
f 5526/3411/708 5525/3414/708 5523/3412/707
f 5528/3413/709 5527/3416/709 5525/3414/708
f 5530/3415/710 5529/3418/710 5527/3416/709
f 5532/3417/711 5531/3420/711 5529/3418/710
f 5534/3419/712 5533/3422/712 5531/3420/711
f 5536/3421/713 5535/3424/713 5533/3422/712
f 5538/3423/714 5537/3426/714 5535/3424/713
f 5540/3425/715 5539/3428/715 5537/3426/714
f 5542/3427/716 5541/3430/716 5539/3428/715
f 5544/3429/717 5543/3432/717 5541/3430/716
f 5546/3431/718 5545/3434/718 5543/3432/717
f 5548/3433/719 5547/3436/719 5545/3434/718
f 5550/3435/720 5549/3438/722 5547/3436/719
f 5552/3437/721 5551/3440/721 5549/3438/722
f 5554/3439/723 5553/3442/723 5551/3440/721
f 5556/3441/724 5555/3444/724 5553/3442/723
f 5558/3443/725 5557/3446/725 5555/3444/724
f 5560/3445/726 5559/3448/726 5557/3446/725
f 5562/3447/727 5561/3450/727 5559/3448/726
f 5564/3449/728 5563/3452/728 5561/3450/727
f 5566/3451/729 5565/3454/729 5563/3452/728
f 5568/3453/730 5567/3456/730 5565/3454/729
f 5570/3455/731 5569/3458/731 5567/3456/730
f 5572/3457/732 5571/3460/732 5569/3458/731
f 5574/3459/733 5573/3462/733 5571/3460/732
f 5576/3461/734 5575/3464/734 5573/3462/733
f 5578/3463/735 5577/3466/735 5575/3464/734
f 5580/3465/736 5579/3468/736 5577/3466/735
f 5582/3467/737 5581/3470/737 5579/3468/736
f 5584/3469/738 5583/3472/738 5581/3470/737
f 5586/3471/739 5585/3474/739 5583/3472/738
f 5588/3473/740 5587/3476/740 5585/3474/739
f 5590/3475/741 5589/3478/741 5587/3476/740
f 5592/3477/742 5591/3480/742 5589/3478/741
f 5594/3479/743 5593/3482/743 5591/3480/742
f 5596/3481/744 5595/3484/744 5593/3482/743
f 5598/3483/745 5597/3486/745 5595/3484/744
f 5600/3485/746 5599/3488/746 5597/3486/745
f 5602/3487/747 5601/3490/747 5599/3488/746
f 5604/3489/748 5603/3492/748 5601/3490/747
f 5606/3491/749 5605/3494/749 5603/3492/748
f 5608/3493/750 5607/3496/750 5605/3494/749
f 5610/3495/751 5609/3498/751 5607/3496/750
f 5612/3497/752 5611/3500/752 5609/3498/751
f 5614/3499/753 5613/3502/753 5611/3500/752
f 5616/3501/754 5615/3504/754 5613/3502/753
f 5618/3503/755 5617/3506/755 5615/3504/754
f 5620/3505/756 5619/3508/756 5617/3506/755
f 5622/3507/757 5621/3510/757 5619/3508/756
f 5624/3509/758 5623/3512/758 5621/3510/757
f 5626/3511/759 5625/3514/759 5623/3512/758
f 5628/3513/760 5627/3516/760 5625/3514/759
f 5630/3515/761 5629/3518/761 5627/3516/760
f 5632/3517/762 5631/3520/762 5629/3518/761
f 5634/3519/763 5633/3522/763 5631/3520/762
f 5636/3521/764 5635/3524/764 5633/3522/763
f 5638/3523/765 5637/3526/765 5635/3524/764
f 5640/3525/766 5639/3528/766 5637/3526/765
f 5642/3527/767 5641/3530/767 5639/3528/766
f 5644/3529/768 5643/3532/768 5641/3530/767
f 5646/3531/769 5645/3534/769 5643/3532/768
f 5648/3533/770 5647/3536/770 5645/3534/769
f 5650/3535/771 5649/3538/771 5647/3536/770
f 5652/3537/772 5651/3540/772 5649/3538/771
f 5654/3539/773 5653/3542/773 5651/3540/772
f 5656/3541/774 5655/3544/774 5653/3542/773
f 5658/3543/775 5657/3546/775 5655/3544/774
f 5660/3545/776 5659/3548/776 5657/3546/775
f 5662/3547/777 5661/3550/777 5659/3548/776
f 5664/3549/778 5663/3552/778 5661/3550/777
f 5666/3551/779 5665/3554/779 5663/3552/778
f 5668/3553/780 5667/3556/780 5665/3554/779
f 5670/3555/781 5669/3558/783 5667/3556/780
f 5672/3557/782 5671/3560/782 5669/3558/783
f 5674/3559/784 5673/3562/784 5671/3560/782
f 5676/3561/785 5675/3564/785 5673/3562/784
f 5678/3563/786 5677/3566/786 5675/3564/785
f 5680/3565/787 5679/3568/787 5677/3566/786
f 5682/3567/788 5681/3570/788 5679/3568/787
f 5684/3569/789 5683/3572/789 5681/3570/788
f 5686/3571/790 5685/3574/790 5683/3572/789
f 5688/3573/791 5687/3576/791 5685/3574/790
f 5690/3575/792 5689/3578/792 5687/3576/791
f 5692/3577/793 5691/3580/793 5689/3578/792
f 5694/3579/794 5693/3582/794 5691/3580/793
f 5696/3581/795 5695/3584/795 5693/3582/794
f 5698/3583/796 5697/3586/796 5695/3584/795
f 5700/3585/797 5699/3588/797 5697/3586/796
f 5702/3587/798 5701/3590/798 5699/3588/797
f 5704/3589/799 5703/3592/799 5701/3590/798
f 5706/3591/800 5705/3594/800 5703/3592/799
f 5708/3593/801 5707/3596/801 5705/3594/800
f 5710/3595/802 5709/3598/802 5707/3596/801
f 5712/3597/803 5711/3600/803 5709/3598/802
f 5714/3599/804 5713/3602/804 5711/3600/803
f 5716/3601/805 5715/3604/805 5713/3602/804
f 5718/3603/806 5717/3606/806 5715/3604/805
f 5720/3605/807 5719/3608/807 5717/3606/806
f 5722/3607/808 5721/3610/808 5719/3608/807
f 5724/3609/809 5723/3612/809 5721/3610/808
f 5726/3611/810 5725/3614/810 5723/3612/809
f 5728/3613/811 5727/3616/811 5725/3614/810
f 5730/3615/812 5729/3618/814 5727/3616/811
f 5732/3617/813 5731/3620/813 5729/3618/814
f 5734/3619/815 5733/3622/815 5731/3620/813
f 5736/3621/816 5735/3624/818 5733/3622/815
f 5738/3623/817 5737/3626/817 5735/3624/818
f 5740/3625/819 5739/3628/819 5737/3626/817
f 5742/3627/820 5741/3630/820 5739/3628/819
f 5744/3629/821 5743/3632/821 5741/3630/820
f 5746/3631/822 5745/3634/822 5743/3632/821
f 5748/3633/823 5747/3636/823 5745/3634/822
f 5750/3635/824 5749/3638/824 5747/3636/823
f 5752/3637/825 5751/3640/825 5749/3638/824
f 5754/3639/826 5753/3642/826 5751/3640/825
f 5756/3641/827 5755/3644/827 5753/3642/826
f 5758/3643/828 5757/3646/828 5755/3644/827
f 5760/3645/829 5759/3648/829 5757/3646/828
f 5762/3647/830 5761/3650/830 5759/3648/829
f 5764/3649/831 5763/3652/831 5761/3650/830
f 5766/3651/832 5765/3654/832 5763/3652/831
f 5768/3653/833 5767/3656/833 5765/3654/832
f 5770/3655/834 5769/3658/834 5767/3656/833
f 5772/3657/835 5771/3660/835 5769/3658/834
f 5774/3659/836 5773/3662/836 5771/3660/835
f 5776/3661/837 5775/3664/837 5773/3662/836
f 5778/3663/838 5777/3666/838 5775/3664/837
f 5780/3665/839 5779/3668/839 5777/3666/838
f 5782/3667/840 5781/3670/840 5779/3668/839
f 5784/3669/841 5783/3672/843 5781/3670/840
f 5786/3671/842 5785/3674/842 5783/3672/843
f 5788/3673/844 5787/3676/844 5785/3674/842
f 5790/3675/845 5789/3678/845 5787/3676/844
f 5792/3677/846 5791/3680/846 5789/3678/845
f 5794/3679/847 5793/3682/847 5791/3680/846
f 5796/3681/848 5795/3684/848 5793/3682/847
f 5798/3683/849 5797/3686/851 5795/3684/848
f 5800/3685/850 5799/3688/850 5797/3686/851
f 5802/3687/852 5801/3690/852 5799/3688/850
f 5804/3689/853 5803/3692/853 5801/3690/852
f 5806/3691/854 5805/3694/854 5803/3692/853
f 5808/3693/855 5807/3696/855 5805/3694/854
f 5810/3695/856 5809/3698/856 5807/3696/855
f 5812/3697/857 5811/3700/857 5809/3698/856
f 5814/3699/858 5813/3702/858 5811/3700/857
f 5816/3701/859 5815/3704/859 5813/3702/858
f 5818/3703/860 5817/3706/860 5815/3704/859
f 5820/3705/861 5819/3708/861 5817/3706/860
f 5822/3707/862 5821/3710/862 5819/3708/861
f 5824/3709/863 5823/3712/863 5821/3710/862
f 5826/3711/864 5825/3714/864 5823/3712/863
f 5828/3713/865 5827/3716/865 5825/3714/864
f 5830/3715/866 5829/3718/868 5827/3716/865
f 5832/3717/867 5831/3720/867 5829/3718/868
f 5834/3719/869 5833/3722/871 5831/3720/867
f 5836/3721/870 5835/3724/870 5833/3722/871
f 5838/3723/872 5837/3726/872 5835/3724/870
f 5840/3725/873 5839/3728/873 5837/3726/872
f 5842/3727/874 5841/3730/874 5839/3728/873
f 5844/3729/875 5843/3732/875 5841/3730/874
f 5846/3731/876 5845/3734/876 5843/3732/875
f 5848/3733/877 5847/3736/877 5845/3734/876
f 5850/3735/878 5849/3738/878 5847/3736/877
f 5852/3737/879 5851/3740/879 5849/3738/878
f 5854/3739/880 5853/3742/880 5851/3740/879
f 5856/3741/881 5855/3744/881 5853/3742/880
f 5858/3743/882 5857/3746/882 5855/3744/881
f 5860/3745/883 5859/3748/883 5857/3746/882
f 5862/3747/884 5861/3750/884 5859/3748/883
f 5864/3749/885 5863/3752/885 5861/3750/884
f 5866/3751/886 5865/3754/886 5863/3752/885
f 5868/3753/887 5867/3756/887 5865/3754/886
f 5870/3755/888 5869/3758/888 5867/3756/887
f 5872/3757/889 5871/3760/889 5869/3758/888
f 5874/3759/890 5873/3762/890 5871/3760/889
f 5876/3761/891 5875/3764/891 5873/3762/890
f 5878/3763/892 5877/3766/892 5875/3764/891
f 5880/3765/893 5879/3768/895 5877/3766/892
f 5882/3767/894 5881/3770/894 5879/3768/895
f 5884/3769/896 5883/3772/896 5881/3770/894
f 5886/3771/897 5885/3774/897 5883/3772/896
f 5888/3773/898 5887/3776/898 5885/3774/897
f 5890/3775/899 5889/3778/899 5887/3776/898
f 5892/3777/900 5891/3780/900 5889/3778/899
f 5894/3779/901 5893/3782/901 5891/3780/900
f 5896/3781/902 5895/3784/902 5893/3782/901
f 5898/3783/903 5897/3786/903 5895/3784/902
f 5900/3785/904 5899/3788/904 5897/3786/903
f 5902/3787/905 5901/3790/905 5899/3788/904
f 5904/3789/906 5903/3792/906 5901/3790/905
f 5906/3791/907 5905/3794/907 5903/3792/906
f 5908/3793/908 5907/3796/910 5905/3794/907
f 5910/3795/909 5909/3798/909 5907/3796/910
f 5912/3797/911 5911/3800/911 5909/3798/909
f 5914/3799/912 5913/3802/912 5911/3800/911
f 5916/3801/913 5915/3804/913 5913/3802/912
f 5918/3803/914 5917/3806/914 5915/3804/913
f 5920/3805/915 5919/3808/915 5917/3806/914
f 5922/3807/916 5921/3810/918 5919/3808/915
f 5924/3809/917 5923/3812/917 5921/3810/918
f 5926/3811/919 5925/3814/919 5923/3812/917
f 5928/3813/920 5927/3816/920 5925/3814/919
f 5930/3815/921 5929/3818/921 5927/3816/920
f 5932/3817/922 5931/3820/922 5929/3818/921
f 5934/3819/923 5933/3822/923 5931/3820/922
f 5936/3821/195 5935/3824/195 5933/3822/923
f 5938/3823/200 5937/3826/200 5935/3824/195
f 5940/3825/924 5939/3828/924 5937/3826/200
f 5942/3827/925 5941/3830/925 5939/3828/924
f 5944/3829/926 5943/3832/926 5941/3830/925
f 5946/3831/927 5945/3834/927 5943/3832/926
f 5948/3833/928 5947/3836/928 5945/3834/927
f 5950/3835/228 5949/3838/930 5947/3836/928
f 5952/3837/929 5951/3840/929 5949/3838/930
f 5954/3839/931 5953/3842/931 5951/3840/929
f 5956/3841/932 5955/3844/932 5953/3842/931
f 5958/3843/933 5957/3846/933 5955/3844/932
f 5960/3845/934 5959/3848/934 5957/3846/933
f 5962/3847/935 5961/3850/937 5959/3848/934
f 5964/3849/936 5963/3852/936 5961/3850/937
f 5966/3851/938 5965/3854/938 5963/3852/936
f 5968/3853/939 5967/3856/939 5965/3854/938
f 5970/3855/940 5969/3858/940 5967/3856/939
f 5972/3857/941 5971/3860/941 5969/3858/940
f 5974/3859/942 5973/3862/942 5971/3860/941
f 5976/3861/943 5975/3864/943 5973/3862/942
f 5978/3863/944 5977/3866/944 5975/3864/943
f 5980/3865/945 5979/3868/945 5977/3866/944
f 5982/3867/946 5981/3870/948 5979/3868/945
f 5984/3869/947 5983/3872/947 5981/3870/948
f 5986/3871/949 5985/3874/949 5983/3872/947
f 5988/3873/950 5987/3876/950 5985/3874/949
f 5990/3875/951 5989/3878/951 5987/3876/950
f 5992/3877/952 5991/3880/952 5989/3878/951
f 5994/3879/953 5993/3882/953 5991/3880/952
f 5996/3881/954 5995/3884/954 5993/3882/953
f 5998/3883/955 5997/3886/955 5995/3884/954
f 6000/3885/956 5999/3888/956 5997/3886/955
f 6002/3887/957 6001/3890/957 5999/3888/956
f 6004/3889/958 6003/3892/960 6001/3890/957
f 6006/3891/959 6005/3894/959 6003/3892/960
f 6008/3893/961 6007/3896/961 6005/3894/959
f 6010/3895/962 6009/3898/962 6007/3896/961
f 6012/3897/963 6011/3900/963 6009/3898/962
f 6014/3899/964 6013/3902/964 6011/3900/963
f 6016/3901/965 6015/3904/965 6013/3902/964
f 6018/3903/966 6017/3906/966 6015/3904/965
f 6020/3905/967 6019/3908/967 6017/3906/966
f 6022/3907/968 6021/3910/968 6019/3908/967
f 6024/3909/969 6023/3912/969 6021/3910/968
f 6026/3911/970 6025/3914/970 6023/3912/969
f 6028/3913/971 6027/3916/971 6025/3914/970
f 6030/3915/972 6029/3918/972 6027/3916/971
f 6032/3917/973 6031/3920/973 6029/3918/972
f 6034/3919/974 6033/3922/974 6031/3920/973
f 6036/3921/975 6035/3924/975 6033/3922/974
f 6038/3923/976 6037/3926/976 6035/3924/975
f 6040/3925/977 6039/3928/977 6037/3926/976
f 6042/3927/978 6041/3930/978 6039/3928/977
f 6044/3929/979 6043/3932/979 6041/3930/978
f 6046/3931/980 6045/3934/980 6043/3932/979
f 6048/3933/981 6047/3936/981 6045/3934/980
f 6050/3935/982 6049/3938/982 6047/3936/981
f 6052/3937/983 6051/3940/983 6049/3938/982
f 6054/3939/984 6053/3942/984 6051/3940/983
f 6056/3941/985 6055/3944/985 6053/3942/984
f 6058/3943/986 6057/3946/986 6055/3944/985
f 6060/3945/987 6059/3948/987 6057/3946/986
f 6062/3947/988 6061/3950/988 6059/3948/987
f 6064/3949/989 6063/3952/989 6061/3950/988
f 6066/3951/990 6065/3954/990 6063/3952/989
f 6068/3953/991 6067/3956/991 6065/3954/990
f 6070/3955/992 6069/3958/992 6067/3956/991
f 6072/3957/993 6071/3960/993 6069/3958/992
f 6074/3959/994 6073/3962/994 6071/3960/993
f 6076/3961/995 6075/3964/995 6073/3962/994
f 6078/3963/996 6077/3966/996 6075/3964/995
f 6080/3965/997 6079/3968/997 6077/3966/996
f 6082/3967/998 6081/3970/998 6079/3968/997
f 6084/3969/999 6083/3972/999 6081/3970/998
f 6086/3971/1000 6085/3974/1000 6083/3972/999
f 6088/3973/1001 6087/3976/1001 6085/3974/1000
f 6090/3975/1002 6089/3978/1002 6087/3976/1001
f 6092/3977/1003 6091/3980/1003 6089/3978/1002
f 6094/3979/1004 6093/3982/1004 6091/3980/1003
f 6096/3981/1005 6095/3984/1005 6093/3982/1004
f 6098/3983/1006 6097/3986/1006 6095/3984/1005
f 6100/3985/1007 6099/3988/1007 6097/3986/1006
f 6102/3987/1008 6101/3990/1008 6099/3988/1007
f 6104/3989/1009 6103/3992/1009 6101/3990/1008
f 6106/3991/1010 6105/3994/1010 6103/3992/1009
f 6108/3993/1011 6107/3996/1011 6105/3994/1010
f 6110/3995/1012 6109/3998/1012 6107/3996/1011
f 6112/3997/1013 6111/4000/1013 6109/3998/1012
f 6114/3999/1014 6113/4002/1014 6111/4000/1013
f 6116/4001/1015 6115/4004/1015 6113/4002/1014
f 6118/4003/1016 6117/4006/1016 6115/4004/1015
f 6120/4005/1017 6119/4008/1017 6117/4006/1016
f 6122/4007/1018 6121/4010/1018 6119/4008/1017
f 6124/4009/1019 6123/4012/1019 6121/4010/1018
f 6126/4011/1020 6125/4014/1020 6123/4012/1019
f 6128/4013/1021 6127/4016/1021 6125/4014/1020
f 6130/4015/1022 6129/4018/1022 6127/4016/1021
f 6132/4017/1023 6131/4020/1023 6129/4018/1022
f 6134/4019/1024 6133/4022/1024 6131/4020/1023
f 6136/4021/1025 6135/4024/1025 6133/4022/1024
f 6138/4023/1026 6137/4026/1026 6135/4024/1025
f 6140/4025/1027 6139/4028/1027 6137/4026/1026
f 6142/4027/1028 6141/4030/1028 6139/4028/1027
f 6144/4029/1029 6143/4032/1029 6141/4030/1028
f 6146/4031/1030 6145/4034/1030 6143/4032/1029
f 6148/4033/1031 6147/4036/1031 6145/4034/1030
f 6150/4035/1032 6149/4038/1032 6147/4036/1031
f 6152/4037/1033 6151/4040/1033 6149/4038/1032
f 6154/4039/1034 6153/4042/1034 6151/4040/1033
f 6156/4041/1035 6155/4044/1035 6153/4042/1034
f 6158/4043/1036 6157/4046/1036 6155/4044/1035
f 6160/4045/1037 6159/4048/1037 6157/4046/1036
f 6162/4047/1038 6161/4050/1038 6159/4048/1037
f 6164/4049/1039 6163/4052/1039 6161/4050/1038
f 6166/4051/1040 6165/4054/1040 6163/4052/1039
f 6168/4053/1041 6167/4056/1041 6165/4054/1040
f 6170/4055/1042 6169/4058/1042 6167/4056/1041
f 6172/4057/1043 6171/4060/1043 6169/4058/1042
f 6174/4059/1044 6173/4062/1044 6171/4060/1043
f 6176/4061/1045 6175/4064/1045 6173/4062/1044
f 6178/4063/1046 6177/4066/1046 6175/4064/1045
f 6180/4065/1047 6179/4068/1047 6177/4066/1046
f 6182/4067/1048 6181/4070/1048 6179/4068/1047
f 6184/4069/1049 6183/4072/1049 6181/4070/1048
f 6186/4071/1050 6185/4074/1050 6183/4072/1049
f 6188/4073/1051 6187/4076/1051 6185/4074/1050
f 6190/4075/1052 6189/4078/1052 6187/4076/1051
f 6192/4077/1053 6191/4080/1053 6189/4078/1052
f 6194/4079/1054 6193/4082/1054 6191/4080/1053
f 6196/4081/1055 6195/4084/1055 6193/4082/1054
f 6198/4083/1056 6197/4086/1056 6195/4084/1055
f 6200/4085/1057 6199/4088/1057 6197/4086/1056
f 6202/4087/1058 6201/4090/1058 6199/4088/1057
f 6204/4089/1059 6203/4092/1059 6201/4090/1058
f 6206/4091/1060 6205/4094/1060 6203/4092/1059
f 6208/4093/1061 6207/4096/1061 6205/4094/1060
f 6210/4095/1062 6209/4098/1062 6207/4096/1061
f 6212/4097/1063 6211/4100/1063 6209/4098/1062
f 6214/4099/1064 6213/4102/1064 6211/4100/1063
f 6216/4101/1065 6215/4104/1065 6213/4102/1064
f 6218/4103/1066 6217/4106/1066 6215/4104/1065
f 6220/4105/1067 6219/4108/1067 6217/4106/1066
f 6222/4107/1068 6221/4110/1068 6219/4108/1067
f 6224/4109/1069 6223/4112/1069 6221/4110/1068
f 6226/4111/1070 6225/4114/1070 6223/4112/1069
f 6228/4113/1071 6227/4116/1071 6225/4114/1070
f 6230/4115/1072 6229/4118/1072 6227/4116/1071
f 6232/4117/1073 6231/4120/1073 6229/4118/1072
f 6234/4119/1074 6233/4122/1074 6231/4120/1073
f 6236/4121/1075 6235/4124/1075 6233/4122/1074
f 6238/4123/1076 6237/4126/1076 6235/4124/1075
f 6240/4125/1077 6239/4128/1077 6237/4126/1076
f 6242/4127/1078 6241/4130/1078 6239/4128/1077
f 6244/4129/1079 6243/4132/1079 6241/4130/1078
f 6246/4131/1080 6245/4134/1080 6243/4132/1079
f 6248/4133/1081 6247/4136/1081 6245/4134/1080
f 6250/4135/1082 6249/4138/1082 6247/4136/1081
f 6252/4137/1083 6251/4140/1083 6249/4138/1082
f 6254/4139/1084 6253/4142/1084 6251/4140/1083
f 6256/4141/1085 6255/4144/1085 6253/4142/1084
f 6258/4143/1086 6257/4146/1086 6255/4144/1085
f 6260/4145/1087 6259/4148/1087 6257/4146/1086
f 6262/4147/1088 6261/4150/1088 6259/4148/1087
f 6264/4149/1089 6263/4152/1089 6261/4150/1088
f 6266/4151/1090 6265/4154/1090 6263/4152/1089
f 6268/4153/1091 6267/4156/1091 6265/4154/1090
f 6270/4155/1092 6269/4158/1092 6267/4156/1091
f 6272/4157/1093 6271/4160/1093 6269/4158/1092
f 6274/4159/1094 6273/4162/1094 6271/4160/1093
f 6276/4161/1095 6275/4164/1095 6273/4162/1094
f 6278/4163/1096 6277/4166/1096 6275/4164/1095
f 6280/4165/1097 6279/4168/1097 6277/4166/1096
f 6282/4167/1098 6281/4170/1098 6279/4168/1097
f 6284/4169/1099 6283/4172/1099 6281/4170/1098
f 6286/4171/1100 6285/4174/1100 6283/4172/1099
f 6288/4173/1101 6287/4176/1101 6285/4174/1100
f 6290/4175/1102 6289/4178/1102 6287/4176/1101
f 6292/4177/1103 6291/4180/1103 6289/4178/1102
f 6294/4179/1104 6293/4182/1104 6291/4180/1103
f 6296/4181/1105 6295/4184/1105 6293/4182/1104
f 6298/4183/1106 6297/4186/1106 6295/4184/1105
f 6300/4185/1107 6299/4188/1107 6297/4186/1106
f 6302/4187/1108 6301/4190/1108 6299/4188/1107
f 6304/4189/1109 6303/4192/1109 6301/4190/1108
f 6306/4191/1110 6305/4194/1110 6303/4192/1109
f 6308/4193/1111 6307/4196/1111 6305/4194/1110
f 6310/4195/1112 6309/4198/1112 6307/4196/1111
f 6312/4197/1113 6311/4200/1113 6309/4198/1112
f 6314/4199/1114 6313/4202/1114 6311/4200/1113
f 6316/4201/1115 6315/4204/1115 6313/4202/1114
f 6318/4203/1116 6317/4206/1116 6315/4204/1115
f 6320/4205/1117 6319/4208/1117 6317/4206/1116
f 6322/4207/1118 6321/4210/1118 6319/4208/1117
f 6324/4209/1119 6323/4212/1119 6321/4210/1118
f 6326/4211/1120 6325/4214/1120 6323/4212/1119
f 6328/4213/1121 6327/4216/1121 6325/4214/1120
f 6330/4215/1122 6329/4218/1122 6327/4216/1121
f 6332/4217/1123 6331/4220/1123 6329/4218/1122
f 6334/4219/1124 6333/4222/1124 6331/4220/1123
f 6336/4221/1125 6335/4224/1125 6333/4222/1124
f 6338/4223/1126 6337/4226/1126 6335/4224/1125
f 6340/4225/1127 6339/4228/1127 6337/4226/1126
f 6342/4227/1128 6341/4230/1128 6339/4228/1127
f 6344/4229/1129 6343/4232/1131 6341/4230/1128
f 6346/4231/1130 6345/4234/1130 6343/4232/1131
f 6348/4233/1132 6347/4236/1132 6345/4234/1130
f 6350/4235/1133 6349/4238/1133 6347/4236/1132
f 6352/4237/1134 6351/4240/1134 6349/4238/1133
f 6354/4239/1135 6353/4242/1135 6351/4240/1134
f 6356/4241/1136 6355/4244/1136 6353/4242/1135
f 6358/4243/1137 6357/4246/1137 6355/4244/1136
f 6360/4245/1138 6359/4248/1138 6357/4246/1137
f 6362/4247/1139 6361/4250/1139 6359/4248/1138
f 6364/4249/1140 6363/4252/1140 6361/4250/1139
f 6366/4251/1141 6365/4254/1143 6363/4252/1140
f 6368/4253/1142 6367/4256/1142 6365/4254/1143
f 6370/4255/1144 6369/4258/1144 6367/4256/1142
f 6372/4257/1145 6371/4260/1147 6369/4258/1144
f 6374/4259/1146 6373/4262/1149 6371/4260/1147
f 6376/4261/1148 6375/4264/1151 6373/4262/1149
f 6378/4263/1150 6377/4266/1153 6375/4264/1151
f 6380/4265/1152 6379/4268/1155 6377/4266/1153
f 6382/4267/1154 6381/4270/1154 6379/4268/1155
f 6384/4269/1156 6383/4272/1158 6381/4270/1154
f 6386/4271/1157 6385/4274/1157 6383/4272/1158
f 6388/4273/1159 6387/4276/1161 6385/4274/1157
f 6390/4275/1160 6389/4278/1160 6387/4276/1161
f 6392/4277/1162 6391/4280/1162 6389/4278/1160
f 6394/4279/1163 6393/4282/1163 6391/4280/1162
f 6396/4281/1164 6395/4284/1164 6393/4282/1163
f 6398/4283/1165 6397/4286/1165 6395/4284/1164
f 6400/4285/1166 6399/4288/1168 6397/4286/1165
f 6402/4287/1167 6401/4290/1167 6399/4288/1168
f 6404/4289/1169 6403/4292/1171 6401/4290/1167
f 6406/4291/1170 6405/4294/1170 6403/4292/1171
f 6408/4293/1172 6407/4296/1174 6405/4294/1170
f 6410/4295/1173 6409/4298/1176 6407/4296/1174
f 6412/4297/1175 6411/4300/1178 6409/4298/1176
f 6414/4299/1177 6413/4302/1177 6411/4300/1178
f 6416/4301/1179 6415/4304/1181 6413/4302/1177
f 6418/4303/1180 6417/4306/1180 6415/4304/1181
f 6420/4305/1182 6419/4308/1182 6417/4306/1180
f 6422/4307/1183 6421/4310/1185 6419/4308/1182
f 6424/4309/1184 6423/4312/1184 6421/4310/1185
f 6426/4311/1186 6425/4314/1186 6423/4312/1184
f 6428/4313/1187 6427/4316/1189 6425/4314/1186
f 6430/4315/1188 6429/4318/1191 6427/4316/1189
f 6432/4317/1190 6431/4320/1190 6429/4318/1191
f 6434/4319/1192 6433/4322/1192 6431/4320/1190
f 6436/4321/1193 6435/4324/1193 6433/4322/1192
f 6438/4323/1194 6437/4326/1196 6435/4324/1193
f 6440/4325/1195 6439/4328/1195 6437/4326/1196
f 6442/4327/1197 6441/4330/1197 6439/4328/1195
f 6444/4329/1198 6443/4332/1198 6441/4330/1197
f 6446/4331/1199 6445/4334/1199 6443/4332/1198
f 6448/4333/1200 6447/4336/1200 6445/4334/1199
f 6450/4335/1201 6449/4338/1201 6447/4336/1200
f 6452/4337/1202 6451/4340/1204 6449/4338/1201
f 6454/4339/1203 6453/4342/1203 6451/4340/1204
f 6456/4341/1205 6455/4344/1205 6453/4342/1203
f 6458/4343/1206 6457/4346/1208 6455/4344/1205
f 6460/4345/1207 6459/4348/1207 6457/4346/1208
f 6462/4347/1209 6461/4350/1209 6459/4348/1207
f 6464/4349/1210 6463/4352/1210 6461/4350/1209
f 6466/4351/1211 6465/4354/1211 6463/4352/1210
f 6468/4353/1212 6467/4356/1212 6465/4354/1211
f 6470/4355/1213 6469/4358/1213 6467/4356/1212
f 6472/4357/1214 6471/4360/1214 6469/4358/1213
f 6474/4359/1215 6473/4362/1215 6471/4360/1214
f 6476/4361/1216 6475/4364/1216 6473/4362/1215
f 6478/4363/1217 6477/4366/1217 6475/4364/1216
f 6480/4365/1218 6479/4368/1218 6477/4366/1217
f 6482/4367/1219 6481/4370/1219 6479/4368/1218
f 6484/4369/1220 6483/4372/1220 6481/4370/1219
f 6486/4371/1221 6485/4374/1221 6483/4372/1220
f 6488/4373/1222 6487/4376/1222 6485/4374/1221
f 6490/4375/1223 6489/4378/1223 6487/4376/1222
f 6492/4377/1224 6491/4380/1224 6489/4378/1223
f 6494/4379/1225 6493/4382/1225 6491/4380/1224
f 6496/4381/1226 6495/4384/1226 6493/4382/1225
f 6498/4383/1227 6497/4386/1227 6495/4384/1226
f 6500/4385/1228 6499/4388/1228 6497/4386/1227
f 6502/4387/1229 6501/4390/1229 6499/4388/1228
f 6504/4389/1230 6503/4392/1230 6501/4390/1229
f 6506/4391/1231 6505/4394/1231 6503/4392/1230
f 6508/4393/1232 6507/4396/1232 6505/4394/1231
f 6510/4395/1233 6509/4398/1233 6507/4396/1232
f 6512/4397/1234 6511/4400/1234 6509/4398/1233
f 6514/4399/1235 6513/4402/1235 6511/4400/1234
f 6516/4401/1236 6515/4404/1236 6513/4402/1235
f 6518/4403/1237 6517/4406/1237 6515/4404/1236
f 6520/4405/1238 6519/4408/1238 6517/4406/1237
f 6522/4407/1239 6521/4410/1239 6519/4408/1238
f 6524/4409/1240 6523/4412/1240 6521/4410/1239
f 6526/4411/1241 6525/4414/1241 6523/4412/1240
f 6528/4413/1242 6527/4416/1242 6525/4414/1241
f 6530/4415/1243 6529/4418/1243 6527/4416/1242
f 6532/4417/1244 6531/4420/1244 6529/4418/1243
f 6534/4419/1245 6533/4422/1245 6531/4420/1244
f 6536/4421/1246 6535/4424/1246 6533/4422/1245
f 6538/4423/1247 6537/4426/1247 6535/4424/1246
f 6540/4425/1248 6539/4428/1248 6537/4426/1247
f 6542/4427/1249 6541/4430/1249 6539/4428/1248
f 6544/4429/1250 6543/4432/1250 6541/4430/1249
f 6546/4431/1251 6545/4434/1251 6543/4432/1250
f 6548/4433/1252 6547/4436/1252 6545/4434/1251
f 6550/4435/1253 6549/4438/1253 6547/4436/1252
f 6552/4437/1254 6551/4440/1254 6549/4438/1253
f 6554/4439/1255 6553/4442/1255 6551/4440/1254
f 6556/4441/1256 6555/4444/1256 6553/4442/1255
f 6558/4443/1257 6557/4446/1257 6555/4444/1256
f 6560/4445/1258 6559/4448/1258 6557/4446/1257
f 6562/4447/1259 6561/4450/1259 6559/4448/1258
f 6564/4449/1260 6563/4452/1260 6561/4450/1259
f 6566/4451/1261 6565/4454/1261 6563/4452/1260
f 6568/4453/1262 6567/4456/1262 6565/4454/1261
f 6570/4455/1263 6569/4458/1263 6567/4456/1262
f 6572/4457/1264 6571/4460/1264 6569/4458/1263
f 6574/4459/1265 6573/4462/1265 6571/4460/1264
f 6576/4461/1266 6575/4464/1266 6573/4462/1265
f 6578/4463/1267 6577/4466/1267 6575/4464/1266
f 6580/4465/1268 6579/4468/1268 6577/4466/1267
f 6582/4467/1269 6581/4470/1269 6579/4468/1268
f 6584/4469/1270 6583/4472/1270 6581/4470/1269
f 6586/4471/1271 6585/4474/1271 6583/4472/1270
f 6588/4473/1272 6587/4476/1272 6585/4474/1271
f 6590/4475/1273 6589/4478/1273 6587/4476/1272
f 6592/4477/1274 6591/4480/1274 6589/4478/1273
f 6594/4479/1275 6593/4482/1275 6591/4480/1274
f 6596/4481/1276 6595/4484/1276 6593/4482/1275
f 6598/4483/1277 6597/4486/1277 6595/4484/1276
f 6600/4485/1278 6599/4488/1278 6597/4486/1277
f 6602/4487/1279 6601/4490/1279 6599/4488/1278
f 6604/4489/1280 6603/4492/1280 6601/4490/1279
f 6606/4491/1281 6605/4494/1281 6603/4492/1280
f 6608/4493/1282 6607/4496/1282 6605/4494/1281
f 6610/4495/1283 6609/4498/1285 6607/4496/1282
f 6612/4497/1284 6611/4500/1284 6609/4498/1285
f 6614/4499/1286 6613/4502/1286 6611/4500/1284
f 6616/4501/1287 6615/4504/1287 6613/4502/1286
f 6618/4503/1288 6617/4506/1288 6615/4504/1287
f 6620/4505/1289 6619/4508/1289 6617/4506/1288
f 6622/4507/1290 6621/4510/1290 6619/4508/1289
f 6624/4509/1291 6623/4512/1291 6621/4510/1290
f 6626/4511/1292 6625/4514/1292 6623/4512/1291
f 6628/4513/1293 6627/4516/1293 6625/4514/1292
f 6630/4515/1294 6629/4518/1294 6627/4516/1293
f 6632/4517/1295 6631/4520/1295 6629/4518/1294
f 6634/4519/1296 6633/4522/1296 6631/4520/1295
f 6636/4521/1297 6635/4524/1297 6633/4522/1296
f 6638/4523/1298 6637/4526/1298 6635/4524/1297
f 6640/4525/1299 6639/4528/1299 6637/4526/1298
f 6642/4527/1300 6641/4530/1300 6639/4528/1299
f 6644/4529/1301 6643/4532/1301 6641/4530/1300
f 6646/4531/1302 6645/4534/1302 6643/4532/1301
f 6648/4533/1303 6647/4536/1303 6645/4534/1302
f 6650/4535/1304 6649/4538/1304 6647/4536/1303
f 6652/4537/1305 6651/4540/1305 6649/4538/1304
f 6654/4539/1306 6653/4542/1306 6651/4540/1305
f 6656/4541/1307 6655/4544/1307 6653/4542/1306
f 6658/4543/1308 6657/4546/1310 6655/4544/1307
f 6660/4545/1309 6659/4548/1309 6657/4546/1310
f 6662/4547/1311 6661/4550/1311 6659/4548/1309
f 6664/4549/1312 6663/4552/1312 6661/4550/1311
f 6666/4551/1313 6665/4554/1313 6663/4552/1312
f 6668/4553/1314 6667/4556/1316 6665/4554/1313
f 6670/4555/1315 6669/4558/1315 6667/4556/1316
f 6672/4557/1317 6671/4560/1317 6669/4558/1315
f 6674/4559/1318 6673/4562/1318 6671/4560/1317
f 6676/4561/1319 6675/4564/1319 6673/4562/1318
f 6678/4563/1320 6677/4566/1320 6675/4564/1319
f 6680/4565/1321 6679/4568/1323 6677/4566/1320
f 6682/4567/1322 6681/4570/1322 6679/4568/1323
f 6684/4569/1324 6683/4572/1324 6681/4570/1322
f 6686/4571/1325 6685/4574/1327 6683/4572/1324
f 6688/4573/1326 6687/4576/1326 6685/4574/1327
f 6690/4575/1328 6689/4578/1328 6687/4576/1326
f 6692/4577/1329 6691/4580/1329 6689/4578/1328
f 6694/4579/1330 6693/4582/1332 6691/4580/1329
f 6696/4581/1331 6695/4584/1331 6693/4582/1332
f 6698/4583/1333 6697/4586/1333 6695/4584/1331
f 6700/4585/1334 6699/4588/1334 6697/4586/1333
f 6702/4587/1335 6701/4590/1337 6699/4588/1334
f 6704/4589/1336 6703/4592/1336 6701/4590/1337
f 6706/4591/1338 6705/4594/1338 6703/4592/1336
f 6708/4593/1339 6707/4596/1339 6705/4594/1338
f 6710/4595/1340 6709/4598/1340 6707/4596/1339
f 6712/4597/1341 6711/4600/1341 6709/4598/1340
f 6714/4599/1342 6713/4602/1342 6711/4600/1341
f 6716/4601/1343 6715/4604/1345 6713/4602/1342
f 6718/4603/1344 6717/4606/1344 6715/4604/1345
f 6720/4605/1346 6719/4608/1346 6717/4606/1344
f 6722/4607/1347 6721/4610/1347 6719/4608/1346
f 6724/4609/1348 6723/4612/1348 6721/4610/1347
f 6726/4611/1349 6725/4614/1349 6723/4612/1348
f 6728/4613/1350 6727/4616/1350 6725/4614/1349
f 6730/4615/1351 6729/4618/1351 6727/4616/1350
f 6732/4617/1352 6731/4620/1352 6729/4618/1351
f 6734/4619/1353 6733/4622/1353 6731/4620/1352
f 6736/4621/1354 6735/4624/1354 6733/4622/1353
f 6738/4623/1355 6737/4626/1355 6735/4624/1354
f 6740/4625/1356 6739/4628/1356 6737/4626/1355
f 6742/4627/1357 6741/4630/1357 6739/4628/1356
f 6744/4629/1358 6743/4632/1358 6741/4630/1357
f 6746/4631/1359 6745/4634/1361 6743/4632/1358
f 6748/4633/1360 6747/4636/1360 6745/4634/1361
f 6750/4635/1362 6749/4638/1362 6747/4636/1360
f 6752/4637/1363 6751/4640/1363 6749/4638/1362
f 6754/4639/1364 6753/4642/1364 6751/4640/1363
f 6756/4641/1365 6755/4644/1365 6753/4642/1364
f 6758/4643/613 6757/4646/613 6755/4644/1365
f 6760/4645/1366 6759/4648/1366 6757/4646/613
f 6762/4647/1367 6761/4650/1367 6759/4648/1366
f 6764/4649/1368 6763/4652/1368 6761/4650/1367
f 6766/4651/1369 6765/4654/1369 6763/4652/1368
f 6768/4653/1370 6767/4656/1370 6765/4654/1369
f 6770/4655/1371 6769/4658/1371 6767/4656/1370
f 6772/4657/1372 6771/4660/1374 6769/4658/1371
f 6774/4659/1373 6773/4662/1373 6771/4660/1374
f 6776/4661/1375 6775/4664/1375 6773/4662/1373
f 6778/4663/1376 6777/4666/1376 6775/4664/1375
f 6780/4665/1377 6779/4668/1377 6777/4666/1376
f 6782/4667/1378 6781/4670/1378 6779/4668/1377
f 6784/4669/1379 6783/4672/1379 6781/4670/1378
f 6786/4671/1380 6785/4674/1380 6783/4672/1379
f 6788/4673/1381 6787/4676/1381 6785/4674/1380
f 6790/4675/1382 6789/4678/1382 6787/4676/1381
f 6792/4677/1383 6791/4680/1385 6789/4678/1382
f 6794/4679/1384 6793/4682/1387 6791/4680/1385
f 6796/4681/1386 6795/4684/1386 6793/4682/1387
f 6798/4683/1388 6797/4686/1388 6795/4684/1386
f 6800/4685/1389 6799/4688/1391 6797/4686/1388
f 6802/4687/1390 6801/4690/1390 6799/4688/1391
f 6804/4689/1392 6803/4692/1392 6801/4690/1390
f 6806/4691/589 6805/4694/589 6803/4692/1392
f 6808/4693/1393 6807/4696/1393 6805/4694/589
f 6810/4695/1394 6809/4698/1394 6807/4696/1393
f 6812/4697/1395 6811/4700/1395 6809/4698/1394
f 6814/4699/1179 6813/4702/1181 6811/4700/1395
f 6816/4701/1396 6815/4704/1398 6813/4702/1181
f 6818/4703/1397 6817/4706/1397 6815/4704/1398
f 6820/4705/1399 6819/4708/1399 6817/4706/1397
f 6822/4707/1400 6821/4710/1400 6819/4708/1399
f 6824/4709/1401 6823/4712/1401 6821/4710/1400
f 6826/4711/1402 6825/4714/1402 6823/4712/1401
f 6828/4713/1403 6827/4716/1403 6825/4714/1402
f 6830/4715/1404 6829/4718/1404 6827/4716/1403
f 6832/4717/1405 6831/4720/1405 6829/4718/1404
f 6834/4719/1406 6833/4722/1406 6831/4720/1405
f 6836/4721/1407 6835/4724/1407 6833/4722/1406
f 6838/4723/1408 6837/4726/1408 6835/4724/1407
f 6840/4725/574 6839/4728/574 6837/4726/1408
f 6842/4727/1409 6841/4730/1409 6839/4728/574
f 6844/4729/1410 6843/4732/1410 6841/4730/1409
f 6846/4731/1411 6845/4734/1413 6843/4732/1410
f 6848/4733/1412 6847/4736/1412 6845/4734/1413
f 6850/4735/1414 6849/4738/1414 6847/4736/1412
f 6852/4737/1415 6851/4740/1415 6849/4738/1414
f 6854/4739/1416 6853/4742/1418 6851/4740/1415
f 6856/4741/1417 6855/4744/1417 6853/4742/1418
f 6858/4743/1419 6857/4746/1419 6855/4744/1417
f 6860/4745/1420 6859/4748/1420 6857/4746/1419
f 6862/4747/1421 6861/4750/1421 6859/4748/1420
f 6864/4749/1422 6863/4752/1422 6861/4750/1421
f 6866/4751/1423 6865/4754/1423 6863/4752/1422
f 6868/4753/1424 6867/4756/1424 6865/4754/1423
f 6870/4755/1425 6869/4758/1425 6867/4756/1424
f 6872/4757/1426 6871/4760/1426 6869/4758/1425
f 6874/4759/1427 6873/4762/1427 6871/4760/1426
f 6876/4761/1428 6875/4764/1428 6873/4762/1427
f 6878/4763/1429 6877/4766/1429 6875/4764/1428
f 6880/4765/1430 6879/4768/1430 6877/4766/1429
f 6882/4767/1431 6881/4770/1431 6879/4768/1430
f 6884/4769/1432 6883/4772/1432 6881/4770/1431
f 6886/4771/1433 6885/4774/1435 6883/4772/1432
f 6888/4773/1434 6887/4776/1434 6885/4774/1435
f 6890/4775/1436 6889/4778/1436 6887/4776/1434
f 6892/4777/1437 6891/4780/1437 6889/4778/1436
f 6894/4779/1438 6893/4782/1440 6891/4780/1437
f 6896/4781/1439 6895/4784/1439 6893/4782/1440
f 6898/4783/1441 6897/4786/1441 6895/4784/1439
f 6900/4785/1442 6899/4788/1442 6897/4786/1441
f 6902/4787/1443 6901/4790/1443 6899/4788/1442
f 6904/4789/1444 6903/4792/1444 6901/4790/1443
f 6906/4791/551 6905/4794/551 6903/4792/1444
f 6908/4793/1445 6907/4796/1445 6905/4794/551
f 6910/4795/1446 6909/4798/1446 6907/4796/1445
f 6912/4797/1447 6911/4800/1447 6909/4798/1446
f 6914/4799/1448 6913/4802/1448 6911/4800/1447
f 6916/4801/1449 6915/4804/1449 6913/4802/1448
f 6918/4803/1450 6917/4806/1450 6915/4804/1449
f 6920/4805/1451 6919/4808/1451 6917/4806/1450
f 6922/4807/1452 6921/4810/1452 6919/4808/1451
f 6924/4809/1453 6923/4812/1453 6921/4810/1452
f 6926/4811/1454 6925/4814/1454 6923/4812/1453
f 6928/4813/1455 6927/4816/1455 6925/4814/1454
f 6930/4815/1456 6929/4818/1456 6927/4816/1455
f 6932/4817/1457 6931/4820/1457 6929/4818/1456
f 6934/4819/1458 6933/4822/1458 6931/4820/1457
f 6936/4821/1459 6935/4824/1459 6933/4822/1458
f 6938/4823/1460 6937/4826/1460 6935/4824/1459
f 6940/4825/1461 6939/4828/1461 6937/4826/1460
f 6942/4827/1462 6941/4830/1462 6939/4828/1461
f 6944/4829/1463 6943/4832/1463 6941/4830/1462
f 6946/4831/1464 6945/4834/1464 6943/4832/1463
f 6948/4833/1465 6947/4836/1465 6945/4834/1464
f 6950/4835/1466 6949/4838/1466 6947/4836/1465
f 6952/4837/1467 6951/4840/1467 6949/4838/1466
f 6954/4839/1468 6953/4842/1468 6951/4840/1467
f 6956/4841/1469 6955/4844/1469 6953/4842/1468
f 6958/4843/1470 6957/4846/1470 6955/4844/1469
f 6960/4845/1471 6959/4848/1471 6957/4846/1470
f 6962/4847/1472 6961/4850/1472 6959/4848/1471
f 6964/4849/1473 6963/4852/1473 6961/4850/1472
f 6966/4851/1474 6965/4854/1474 6963/4852/1473
f 6968/4853/1475 6967/4856/1475 6965/4854/1474
f 6970/4855/1476 6969/4858/1476 6967/4856/1475
f 6972/4857/1477 6971/4860/1477 6969/4858/1476
f 6974/4859/1478 6973/4862/1478 6971/4860/1477
f 6976/4861/1479 6975/4864/1479 6973/4862/1478
f 6978/4863/1480 6977/4866/1482 6975/4864/1479
f 6980/4865/1481 6979/4868/1481 6977/4866/1482
f 6982/4867/1483 6981/4870/1483 6979/4868/1481
f 6984/4869/1484 6983/4872/1484 6981/4870/1483
f 6986/4871/1485 6985/4874/1485 6983/4872/1484
f 6988/4873/1486 6987/4876/1486 6985/4874/1485
f 6990/4875/1487 6989/4878/1487 6987/4876/1486
f 6992/4877/1488 6991/4880/1488 6989/4878/1487
f 6994/4879/1489 6993/4882/1489 6991/4880/1488
f 6996/4881/1490 6995/4884/1492 6993/4882/1489
f 6998/4883/1491 6997/4886/1494 6995/4884/1492
f 7000/4885/1493 6999/4888/1493 6997/4886/1494
f 7002/4887/1495 7001/4890/1495 6999/4888/1493
f 7004/4889/1496 7003/4892/1496 7001/4890/1495
f 7006/4891/1497 7005/4894/1497 7003/4892/1496
f 7008/4893/1498 7007/4896/1498 7005/4894/1497
f 7010/4895/1499 7009/4898/1499 7007/4896/1498
f 7012/4897/1500 7011/4900/1500 7009/4898/1499
f 7014/4899/1501 7013/4902/1501 7011/4900/1500
f 7016/4901/1502 7015/4904/1504 7013/4902/1501
f 7018/4903/1503 7017/4906/1506 7015/4904/1504
f 7020/4905/1505 7019/4908/1505 7017/4906/1506
f 7022/4907/1507 7021/4910/1507 7019/4908/1505
f 7024/4909/1508 7023/4912/1508 7021/4910/1507
f 7026/4911/1509 7025/4914/1509 7023/4912/1508
f 7028/4913/1510 7027/4916/1512 7025/4914/1509
f 7030/4915/1511 7029/4918/1511 7027/4916/1512
f 7032/4917/1513 7031/4920/1515 7029/4918/1511
f 7034/4919/1514 7033/4922/1514 7031/4920/1515
f 7036/4921/1516 7035/4924/1516 7033/4922/1514
f 7038/4923/1517 7037/4926/1517 7035/4924/1516
f 7040/4925/1518 7039/4928/1518 7037/4926/1517
f 7042/4927/1519 7041/4930/1519 7039/4928/1518
f 7044/4929/1520 7043/4932/1520 7041/4930/1519
f 7046/4931/1521 7045/4934/1521 7043/4932/1520
f 7048/4933/1522 7047/4936/1522 7045/4934/1521
f 7050/4935/1523 7049/4938/1523 7047/4936/1522
f 7052/4937/1524 7051/4940/1524 7049/4938/1523
f 7054/4939/1525 7053/4942/1525 7051/4940/1524
f 7056/4941/1526 7055/4944/1526 7053/4942/1525
f 7058/4943/1527 7057/4946/1527 7055/4944/1526
f 7060/4945/1528 7059/4948/1528 7057/4946/1527
f 7062/4947/1529 7061/4950/1529 7059/4948/1528
f 7064/4949/1530 7063/4952/1530 7061/4950/1529
f 7066/4951/1531 7065/4954/1531 7063/4952/1530
f 7068/4953/1532 7067/4956/1532 7065/4954/1531
f 7070/4955/1533 7069/4958/1533 7067/4956/1532
f 7072/4957/1534 7071/4960/1534 7069/4958/1533
f 7074/4959/1535 7073/4962/1535 7071/4960/1534
f 7076/4961/1536 7075/4964/1536 7073/4962/1535
f 7078/4963/1537 7077/4966/1537 7075/4964/1536
f 7080/4965/1538 7079/4968/1538 7077/4966/1537
f 7082/4967/1539 7081/4970/1539 7079/4968/1538
f 7084/4969/1540 7083/4972/1540 7081/4970/1539
f 7086/4971/1541 7085/4974/1541 7083/4972/1540
f 7088/4973/1542 7087/4976/1542 7085/4974/1541
f 7090/4975/1543 7089/4978/1543 7087/4976/1542
f 7092/4977/1544 7091/4980/1544 7089/4978/1543
f 7094/4979/1545 7093/4982/1545 7091/4980/1544
f 7096/4981/1546 7095/4984/1546 7093/4982/1545
f 7098/4983/1547 7097/4986/1547 7095/4984/1546
f 7100/4985/1548 7099/4988/1548 7097/4986/1547
f 7102/4987/1549 7101/4990/1549 7099/4988/1548
f 7104/4989/1550 7103/4992/1550 7101/4990/1549
f 7106/4991/1551 7105/4994/1551 7103/4992/1550
f 7108/4993/1552 7107/4996/1552 7105/4994/1551
f 7110/4995/1553 7109/4998/1553 7107/4996/1552
f 7112/4997/1554 7111/5000/1554 7109/4998/1553
f 7114/4999/1555 7113/5002/1555 7111/5000/1554
f 7116/5001/1556 7115/5004/1556 7113/5002/1555
f 7118/5003/1557 7117/5006/1557 7115/5004/1556
f 7120/5005/1558 7119/5008/1558 7117/5006/1557
f 7122/5007/1559 7121/5010/1559 7119/5008/1558
f 7124/5009/1560 7123/5012/1560 7121/5010/1559
f 7126/5011/1561 7125/5014/1561 7123/5012/1560
f 7128/5013/1562 7127/5016/1562 7125/5014/1561
f 7130/5015/1563 7129/5018/1563 7127/5016/1562
f 7132/5017/1564 7131/5020/1564 7129/5018/1563
f 7134/5019/1565 7133/5022/1565 7131/5020/1564
f 7136/5021/1566 7135/5024/1566 7133/5022/1565
f 7138/5023/1567 7137/5026/1567 7135/5024/1566
f 7140/5025/1568 7139/5028/1568 7137/5026/1567
f 7142/5027/1569 7141/5030/1569 7139/5028/1568
f 7144/5029/1570 7143/5032/1570 7141/5030/1569
f 7146/5031/1571 7145/5034/1571 7143/5032/1570
f 7148/5033/1572 7147/5036/1572 7145/5034/1571
f 7150/5035/1573 7149/5038/1573 7147/5036/1572
f 7152/5037/1574 7151/5040/1574 7149/5038/1573
f 7154/5039/1575 7153/5042/1575 7151/5040/1574
f 7156/5041/1576 7155/5044/1576 7153/5042/1575
f 7158/5043/1577 7157/5046/1577 7155/5044/1576
f 7160/5045/1578 7159/5048/1578 7157/5046/1577
f 7162/5047/1579 7161/5050/1579 7159/5048/1578
f 7164/5049/1580 7163/5052/1580 7161/5050/1579
f 7166/5051/1581 7165/5054/1581 7163/5052/1580
f 7168/5053/1582 7167/5056/1582 7165/5054/1581
f 7170/5055/1583 7169/5058/1583 7167/5056/1582
f 7172/5057/1584 7171/5060/1584 7169/5058/1583
f 7174/5059/1585 7173/5062/1585 7171/5060/1584
f 7176/5061/1586 7175/5064/1586 7173/5062/1585
f 7178/5063/1587 7177/5066/1587 7175/5064/1586
f 7180/5065/1588 7179/5068/1588 7177/5066/1587
f 7182/5067/1589 7181/5070/1589 7179/5068/1588
f 7184/5069/1590 7183/5072/1590 7181/5070/1589
f 7186/5071/1591 7185/5074/1591 7183/5072/1590
f 7188/5073/1592 7187/5076/1592 7185/5074/1591
f 7190/5075/1593 7189/5078/1593 7187/5076/1592
f 7192/5077/1594 7191/5080/1594 7189/5078/1593
f 7194/5079/1595 7193/5082/1595 7191/5080/1594
f 7196/5081/1596 7195/5084/1596 7193/5082/1595
f 7198/5083/1597 7197/5086/1597 7195/5084/1596
f 7200/5085/1598 7199/5088/1598 7197/5086/1597
f 7202/5087/1599 7201/5090/1599 7199/5088/1598
f 7204/5089/1600 7203/5092/1600 7201/5090/1599
f 7206/5091/1601 7205/5094/1601 7203/5092/1600
f 7208/5093/1602 7207/5096/1602 7205/5094/1601
f 7210/5095/1603 7209/5098/1603 7207/5096/1602
f 7212/5097/1604 7211/5100/1604 7209/5098/1603
f 7214/5099/1605 7213/5102/1605 7211/5100/1604
f 7216/5101/1606 7215/5104/1606 7213/5102/1605
f 7218/5103/1607 7217/5106/1607 7215/5104/1606
f 7220/5105/1608 7219/5108/1608 7217/5106/1607
f 7222/5107/1609 7221/5110/1609 7219/5108/1608
f 7224/5109/1610 7223/5112/1610 7221/5110/1609
f 7226/5111/1097 7225/5114/1097 7223/5112/1610
f 7228/5113/1611 7227/5116/1611 7225/5114/1097
f 7230/5115/1612 7229/5118/1612 7227/5116/1611
f 7232/5117/1613 7231/5120/1613 7229/5118/1612
f 7234/5119/1614 7233/5122/1614 7231/5120/1613
f 7236/5121/1615 7235/5124/1615 7233/5122/1614
f 7238/5123/1616 7237/5126/1616 7235/5124/1615
f 7240/5125/1617 7239/5128/1617 7237/5126/1616
f 7242/5127/1618 7241/5130/1618 7239/5128/1617
f 7244/5129/1619 7243/5132/1619 7241/5130/1618
f 7246/5131/1620 7245/5134/1620 7243/5132/1619
f 7248/5133/1096 7247/5136/1096 7245/5134/1620
f 7250/5135/1621 7249/5138/1621 7247/5136/1096
f 7252/5137/1622 7251/5140/1622 7249/5138/1621
f 7254/5139/1623 7253/5142/1623 7251/5140/1622
f 7256/5141/1624 7255/5144/1624 7253/5142/1623
f 7258/5143/1625 7257/5146/1625 7255/5144/1624
f 7260/5145/1626 7259/5148/1626 7257/5146/1625
f 7262/5147/1627 7261/5150/1627 7259/5148/1626
f 7264/5149/1628 7263/5152/1628 7261/5150/1627
f 7266/5151/1629 7265/5154/1629 7263/5152/1628
f 7268/5153/1630 7267/5156/1630 7265/5154/1629
f 7270/5155/1631 7269/5158/1631 7267/5156/1630
f 7272/5157/1095 7271/5160/1095 7269/5158/1631
f 7274/5159/1632 7273/5162/1632 7271/5160/1095
f 7276/5161/1633 7275/5164/1633 7273/5162/1632
f 7278/5163/1634 7277/5166/1634 7275/5164/1633
f 7280/5165/1635 7279/5168/1635 7277/5166/1634
f 7282/5167/1636 7281/5170/1636 7279/5168/1635
f 7284/5169/1637 7283/5172/1637 7281/5170/1636
f 7286/5171/1638 7285/5174/1638 7283/5172/1637
f 7288/5173/1639 7287/5176/1639 7285/5174/1638
f 7290/5175/1640 7289/5178/1640 7287/5176/1639
f 7292/5177/1641 7291/5180/1641 7289/5178/1640
f 7294/5179/1642 7293/5182/1642 7291/5180/1641
f 7296/5181/1643 7295/5184/1643 7293/5182/1642
f 4226/5183/8 4225/490/8 7295/5184/1643
f 7300/5185/1644 7299/5187/1644 7297/95/1645
f 7302/5186/1646 7301/5188/1646 7299/5187/1644
f 7304/2127/1647 7303/2130/1647 7301/5188/1646
f 7306/5189/1648 7305/5191/1648 7303/2130/1647
f 7308/5190/1649 7307/5192/1649 7305/5191/1648
f 7310/2143/1650 7309/2146/1650 7307/5192/1649
f 7312/5193/1651 7311/5195/1651 7309/2146/1650
f 7314/5194/1652 7313/5196/1652 7311/5195/1651
f 7316/2159/1653 7315/2162/1653 7313/5196/1652
f 7318/5197/1654 7317/5199/1656 7315/2162/1653
f 7320/5198/1655 7319/5200/1655 7317/5199/1656
f 7322/2175/1657 7321/2178/1657 7319/5200/1655
f 7324/5201/1658 7323/5203/1658 7321/2178/1657
f 7326/5202/1659 7325/5204/1659 7323/5203/1658
f 7328/2191/1660 7327/2194/1660 7325/5204/1659
f 7330/5205/1661 7329/5207/1661 7327/2194/1660
f 7332/5206/1662 7331/5208/1662 7329/5207/1661
f 7334/2207/1663 7333/2210/1663 7331/5208/1662
f 7336/5209/1664 7335/5211/1666 7333/2210/1663
f 7338/5210/1665 7337/5212/1665 7335/5211/1666
f 7340/2223/1667 7339/2226/1667 7337/5212/1665
f 7342/5213/1668 7341/5215/1668 7339/2226/1667
f 7344/5214/1669 7343/5216/1669 7341/5215/1668
f 7346/2239/1670 7345/2242/1670 7343/5216/1669
f 7348/5217/1671 7347/5219/1671 7345/2242/1670
f 7350/5218/1672 7349/5220/1672 7347/5219/1671
f 7352/2255/1673 7351/2258/1673 7349/5220/1672
f 7354/5221/1674 7353/5223/1674 7351/2258/1673
f 7356/5222/1675 7355/5224/1677 7353/5223/1674
f 7358/2271/1676 7357/2274/1676 7355/5224/1677
f 7360/5225/1678 7359/5227/1678 7357/2274/1676
f 7362/5226/1679 7361/5228/1681 7359/5227/1678
f 7364/2287/1680 7363/2290/1683 7361/5228/1681
f 7366/5229/1682 7365/5231/1682 7363/2290/1683
f 7368/5230/1684 7367/5232/1684 7365/5231/1682
f 7370/2303/1685 7369/2306/1685 7367/5232/1684
f 7372/5233/1686 7371/5235/1686 7369/2306/1685
f 7374/5234/1687 7373/5236/1689 7371/5235/1686
f 7376/2319/1688 7375/2322/1688 7373/5236/1689
f 7378/5237/1690 7377/5239/1690 7375/2322/1688
f 7380/5238/1691 7379/5240/1693 7377/5239/1690
f 7382/2335/1692 7381/2338/1692 7379/5240/1693
f 7384/5241/1694 7383/5243/1696 7381/2338/1692
f 7386/5242/1695 7385/5244/1695 7383/5243/1696
f 7388/2351/1697 7387/2354/1697 7385/5244/1695
f 7390/5245/1698 7389/5247/1698 7387/2354/1697
f 7392/5246/1699 7391/5248/1699 7389/5247/1698
f 7394/2367/1700 7393/2370/1700 7391/5248/1699
f 7396/5249/1701 7395/5251/1701 7393/2370/1700
f 7398/5250/1702 7397/5252/1702 7395/5251/1701
f 7400/2383/1703 7399/2386/1703 7397/5252/1702
f 7402/5253/1704 7401/5255/1704 7399/2386/1703
f 7404/5254/1705 7403/5256/1705 7401/5255/1704
f 7406/2399/1706 7405/2402/1706 7403/5256/1705
f 7408/5257/1707 7407/5259/1707 7405/2402/1706
f 7410/5258/1708 7409/5260/1708 7407/5259/1707
f 7412/2415/1709 7411/2418/1709 7409/5260/1708
f 7414/5261/1710 7413/5263/1710 7411/2418/1709
f 7416/5262/1711 7415/5264/1711 7413/5263/1710
f 7418/2431/457 7417/2434/457 7415/5264/1711
f 7420/5265/1712 7419/5267/1714 7417/2434/457
f 7422/5266/1713 7421/5268/1713 7419/5267/1714
f 7424/2447/1715 7423/2450/1715 7421/5268/1713
f 7426/5269/1716 7425/5271/1716 7423/2450/1715
f 7428/5270/1717 7427/5272/1717 7425/5271/1716
f 7430/2463/1718 7429/2466/1718 7427/5272/1717
f 7432/5273/1719 7431/5275/1719 7429/2466/1718
f 7434/5274/1720 7433/5276/1720 7431/5275/1719
f 7436/2479/1721 7435/2482/1721 7433/5276/1720
f 7438/5277/1722 7437/5279/1722 7435/2482/1721
f 7440/5278/1723 7439/5280/1723 7437/5279/1722
f 7442/2495/1724 7441/2498/1724 7439/5280/1723
f 7444/5281/1725 7443/5283/1725 7441/2498/1724
f 7446/5282/1726 7445/5284/1726 7443/5283/1725
f 7448/2511/1727 7447/2514/1727 7445/5284/1726
f 7450/5285/1728 7449/5287/1728 7447/2514/1727
f 7452/5286/1729 7451/5288/1729 7449/5287/1728
f 7454/2527/1730 7453/2530/1730 7451/5288/1729
f 7456/5289/1731 7455/5291/1731 7453/2530/1730
f 7458/5290/1732 7457/5292/1732 7455/5291/1731
f 7460/2543/1733 7459/2546/1733 7457/5292/1732
f 7462/5293/1734 7461/5295/1734 7459/2546/1733
f 7464/5294/1735 7463/5296/1735 7461/5295/1734
f 7466/2559/1736 7465/2562/1736 7463/5296/1735
f 7468/5297/1737 7467/5299/1737 7465/2562/1736
f 7470/5298/1738 7469/5300/1738 7467/5299/1737
f 7472/2575/1739 7471/2578/1739 7469/5300/1738
f 7474/5301/1740 7473/5303/1740 7471/2578/1739
f 7476/5302/1741 7475/5304/1741 7473/5303/1740
f 7478/2591/1742 7477/2594/1742 7475/5304/1741
f 7480/5305/1743 7479/5307/1743 7477/2594/1742
f 7482/5306/1744 7481/5308/1744 7479/5307/1743
f 7484/2607/1745 7483/2610/1745 7481/5308/1744
f 7486/5309/1746 7485/5311/1746 7483/2610/1745
f 7488/5310/1747 7487/5312/1747 7485/5311/1746
f 7490/2623/1748 7489/2626/1748 7487/5312/1747
f 7492/5313/1749 7491/5315/1749 7489/2626/1748
f 7494/5314/1750 7493/5316/1750 7491/5315/1749
f 7496/2639/1751 7495/2642/1751 7493/5316/1750
f 7498/5317/1752 7497/5319/1752 7495/2642/1751
f 7500/5318/1753 7499/5320/1753 7497/5319/1752
f 7502/2655/1754 7501/2658/1754 7499/5320/1753
f 7504/5321/1755 7503/5323/1755 7501/2658/1754
f 7506/5322/1756 7505/5324/1756 7503/5323/1755
f 7508/2671/1757 7507/2674/1757 7505/5324/1756
f 7510/5325/1758 7509/5327/1758 7507/2674/1757
f 7512/5326/1759 7511/5328/1759 7509/5327/1758
f 7514/2687/1760 7513/2690/1760 7511/5328/1759
f 7516/5329/1761 7515/5331/1761 7513/2690/1760
f 7518/5330/1762 7517/5332/1762 7515/5331/1761
f 7520/2703/1763 7519/2706/1763 7517/5332/1762
f 7522/5333/1764 7521/5335/1764 7519/2706/1763
f 7524/5334/1765 7523/5336/1765 7521/5335/1764
f 7526/2719/1766 7525/2722/1766 7523/5336/1765
f 7528/5337/1767 7527/5339/1767 7525/2722/1766
f 7530/5338/1768 7529/5340/1768 7527/5339/1767
f 7532/2735/1769 7531/2738/1771 7529/5340/1768
f 7534/5341/1770 7533/5343/1770 7531/2738/1771
f 7536/5342/1772 7535/5344/1772 7533/5343/1770
f 7538/2751/1773 7537/2754/1773 7535/5344/1772
f 7540/5345/1774 7539/5347/1774 7537/2754/1773
f 7542/5346/1775 7541/5348/1775 7539/5347/1774
f 7544/2767/1776 7543/2770/1776 7541/5348/1775
f 7546/5349/1777 7545/5351/1777 7543/2770/1776
f 7548/5350/1778 7547/5352/1778 7545/5351/1777
f 7550/2783/1779 7549/2786/1779 7547/5352/1778
f 7552/5353/1780 7551/5355/1780 7549/2786/1779
f 7554/5354/1781 7553/5356/1781 7551/5355/1780
f 7556/2799/1782 7555/2802/1782 7553/5356/1781
f 7558/5357/1783 7557/5359/1783 7555/2802/1782
f 7560/5358/1784 7559/5360/1784 7557/5359/1783
f 7562/2815/1785 7561/2818/1785 7559/5360/1784
f 7564/5361/1786 7563/5363/1786 7561/2818/1785
f 7566/5362/1787 7565/5364/1787 7563/5363/1786
f 7568/2831/1788 7567/2834/1788 7565/5364/1787
f 7570/5365/1789 7569/5367/1789 7567/2834/1788
f 7572/5366/1790 7571/5368/1790 7569/5367/1789
f 7574/2847/1791 7573/2850/1791 7571/5368/1790
f 7576/5369/1792 7575/5371/1792 7573/2850/1791
f 7578/5370/1793 7577/5372/1793 7575/5371/1792
f 7580/2863/1794 7579/2866/1796 7577/5372/1793
f 7582/5373/1795 7581/5375/1795 7579/2866/1796
f 7584/5374/1797 7583/5376/1797 7581/5375/1795
f 7586/2879/1798 7585/2882/1798 7583/5376/1797
f 7588/5377/1799 7587/5379/1799 7585/2882/1798
f 7590/5378/1800 7589/5380/1802 7587/5379/1799
f 7592/2895/1801 7591/2898/1801 7589/5380/1802
f 7594/5381/1803 7593/5383/1803 7591/2898/1801
f 7596/5382/1804 7595/5384/1806 7593/5383/1803
f 7598/2911/1805 7597/2914/1805 7595/5384/1806
f 7600/5385/1807 7599/5387/1809 7597/2914/1805
f 7602/5386/1808 7601/5388/1808 7599/5387/1809
f 7604/2927/1810 7603/2930/1810 7601/5388/1808
f 7606/5389/1811 7605/5391/1811 7603/2930/1810
f 7608/5390/1812 7607/5392/1812 7605/5391/1811
f 7610/2943/1813 7609/2946/1813 7607/5392/1812
f 7612/5393/1814 7611/5395/1814 7609/2946/1813
f 7614/5394/1815 7613/5396/1815 7611/5395/1814
f 7616/2959/1816 7615/2962/1816 7613/5396/1815
f 7618/5397/1817 7617/5399/1817 7615/2962/1816
f 7620/5398/1818 7619/5400/1818 7617/5399/1817
f 7622/2975/1819 7621/2978/1819 7619/5400/1818
f 7624/5401/1820 7623/5403/1820 7621/2978/1819
f 7626/5402/1821 7625/5404/1821 7623/5403/1820
f 7628/2991/1822 7627/2994/1822 7625/5404/1821
f 7630/5405/1823 7629/5407/1825 7627/2994/1822
f 7632/5406/1824 7631/5408/1827 7629/5407/1825
f 7634/3007/1826 7633/3010/1826 7631/5408/1827
f 7636/5409/1828 7635/5411/1828 7633/3010/1826
f 7638/5410/1829 7637/5412/1829 7635/5411/1828
f 7640/3023/1830 7639/3026/1832 7637/5412/1829
f 7642/5413/1831 7641/5415/1831 7639/3026/1832
f 7644/5414/1833 7643/5416/1833 7641/5415/1831
f 7646/3039/1834 7645/3042/1834 7643/5416/1833
f 7648/5417/1835 7647/5419/1837 7645/3042/1834
f 7650/5418/1836 7649/5420/1836 7647/5419/1837
f 7652/3055/1838 7651/3058/1838 7649/5420/1836
f 7654/5421/1839 7653/5423/1839 7651/3058/1838
f 7656/5422/1840 7655/5424/1840 7653/5423/1839
f 7658/3071/247 7657/3074/247 7655/5424/1840
f 7660/5425/1841 7659/5427/1841 7657/3074/247
f 7662/5426/1842 7661/5428/1842 7659/5427/1841
f 7664/3087/1843 7663/3090/1843 7661/5428/1842
f 7666/5429/1844 7665/5431/1844 7663/3090/1843
f 7668/5430/1845 7667/5432/237 7665/5431/1844
f 7670/3103/1846 7669/3106/1846 7667/5432/237
f 7672/5433/1847 7671/5435/1847 7669/3106/1846
f 7674/5434/1848 7673/5436/1848 7671/5435/1847
f 7676/3119/1849 7675/3122/1851 7673/5436/1848
f 7678/5437/1850 7677/5439/1850 7675/3122/1851
f 7680/5438/1852 7679/5440/1852 7677/5439/1850
f 7682/3135/1853 7681/3138/1855 7679/5440/1852
f 7684/5441/1854 7683/5443/1854 7681/3138/1855
f 7686/5442/1856 7685/5444/1856 7683/5443/1854
f 7688/3151/1857 7687/3154/1857 7685/5444/1856
f 7690/5445/1858 7689/5447/1858 7687/3154/1857
f 7692/5446/926 7691/5448/926 7689/5447/1858
f 7694/3167/1859 7693/3170/1859 7691/5448/926
f 7696/5449/1860 7695/5451/1860 7693/3170/1859
f 7698/5450/1861 7697/5452/1863 7695/5451/1860
f 7700/3183/1862 7699/3186/1862 7697/5452/1863
f 7702/5453/1864 7701/5455/1864 7699/3186/1862
f 7704/5454/1865 7703/5456/1865 7701/5455/1864
f 7706/3199/1866 7705/3202/1866 7703/5456/1865
f 7708/5457/1867 7707/5459/1867 7705/3202/1866
f 7710/5458/1868 7709/5460/1868 7707/5459/1867
f 7712/3215/1869 7711/3218/1869 7709/5460/1868
f 7714/5461/1870 7713/5463/1870 7711/3218/1869
f 7716/5462/1871 7715/5464/1871 7713/5463/1870
f 7718/3231/1872 7717/3234/1872 7715/5464/1871
f 7720/5465/1873 7719/5467/1873 7717/3234/1872
f 7722/5466/182 7721/5468/1875 7719/5467/1873
f 7724/3247/1874 7723/3250/1874 7721/5468/1875
f 7726/5469/1876 7725/5471/1876 7723/3250/1874
f 7728/5470/177 7727/5472/177 7725/5471/1876
f 7730/3263/1877 7729/3266/1877 7727/5472/177
f 7732/5473/1878 7731/5475/1878 7729/3266/1877
f 7734/5474/1879 7733/5476/1879 7731/5475/1878
f 7736/3279/171 7735/3282/171 7733/5476/1879
f 7738/5477/1880 7737/5479/1880 7735/3282/171
f 7740/5478/1881 7739/5480/1881 7737/5479/1880
f 7742/3295/1882 7741/3298/1882 7739/5480/1881
f 7744/5481/1883 7743/5483/1883 7741/3298/1882
f 7746/5482/1884 7745/5484/1886 7743/5483/1883
f 7748/3311/1885 7747/3314/1885 7745/5484/1886
f 7750/5485/1887 7749/5487/1887 7747/3314/1885
f 7752/5486/1888 7751/5488/1890 7749/5487/1887
f 7754/3327/1889 7753/3330/1889 7751/5488/1890
f 7756/5489/1891 7755/5491/1891 7753/3330/1889
f 7758/5490/1892 7757/5492/1894 7755/5491/1891
f 7760/3343/1893 7759/3346/1896 7757/5492/1894
f 7762/5493/1895 7761/5495/1895 7759/3346/1896
f 7764/5494/1897 7763/5496/1897 7761/5495/1895
f 7766/3359/1898 7765/3362/1898 7763/5496/1897
f 7768/5497/1899 7767/5499/1899 7765/3362/1898
f 7770/5498/1900 7769/5500/1900 7767/5499/1899
f 7772/3375/1901 7771/3378/1901 7769/5500/1900
f 7774/5501/1902 7773/5503/1902 7771/3378/1901
f 7776/5502/1903 7775/5504/1905 7773/5503/1902
f 7778/3391/1904 7777/3394/1904 7775/5504/1905
f 7780/5505/1906 7779/5507/1906 7777/3394/1904
f 7782/5506/1907 7781/5508/1907 7779/5507/1906
f 7784/3407/1908 7783/3410/1908 7781/5508/1907
f 7786/5509/1909 7785/5511/1909 7783/3410/1908
f 7788/5510/145 7787/5512/145 7785/5511/1909
f 7790/3423/1910 7789/3426/1910 7787/5512/145
f 7792/5513/903 7791/5515/903 7789/3426/1910
f 7794/5514/1911 7793/5516/1911 7791/5515/903
f 7796/3439/1912 7795/3442/1912 7793/5516/1911
f 7798/5517/1913 7797/5519/1913 7795/3442/1912
f 7800/5518/1914 7799/5520/1914 7797/5519/1913
f 7802/3455/1915 7801/3458/1915 7799/5520/1914
f 7804/5521/1916 7803/5523/1916 7801/3458/1915
f 7806/5522/1917 7805/5524/1917 7803/5523/1916
f 7808/3471/1918 7807/3474/1918 7805/5524/1917
f 7810/5525/1919 7809/5527/1919 7807/3474/1918
f 7812/5526/1920 7811/5528/1920 7809/5527/1919
f 7814/3487/1921 7813/3490/1921 7811/5528/1920
f 7816/5529/1922 7815/5531/1924 7813/3490/1921
f 7818/5530/1923 7817/5532/1923 7815/5531/1924
f 7820/3503/1925 7819/3506/1925 7817/5532/1923
f 7822/5533/1926 7821/5535/1926 7819/3506/1925
f 7824/5534/1927 7823/5536/1927 7821/5535/1926
f 7826/3519/1928 7825/3522/1928 7823/5536/1927
f 7828/5537/1929 7827/5539/1929 7825/3522/1928
f 7830/5538/1930 7829/5540/1930 7827/5539/1929
f 7832/3535/1931 7831/3538/1933 7829/5540/1930
f 7834/5541/1932 7833/5543/1932 7831/3538/1933
f 7836/5542/1934 7835/5544/1934 7833/5543/1932
f 7838/3551/1935 7837/3554/1937 7835/5544/1934
f 7840/5545/1936 7839/5547/1936 7837/3554/1937
f 7842/5546/1938 7841/5548/1938 7839/5547/1936
f 7844/3567/1939 7843/3570/1941 7841/5548/1938
f 7846/5549/1940 7845/5551/1940 7843/3570/1941
f 7848/5550/1942 7847/5552/1942 7845/5551/1940
f 7850/3583/1943 7849/3586/1943 7847/5552/1942
f 7852/5553/1944 7851/5555/1944 7849/3586/1943
f 7854/5554/1945 7853/5556/1947 7851/5555/1944
f 7856/3599/1946 7855/3602/1946 7853/5556/1947
f 7858/5557/1948 7857/5559/1948 7855/3602/1946
f 7860/5558/1949 7859/5560/1949 7857/5559/1948
f 7862/3615/1950 7861/3618/1950 7859/5560/1949
f 7864/5561/1951 7863/5563/1951 7861/3618/1950
f 7866/5562/1952 7865/5564/1952 7863/5563/1951
f 7868/3631/1953 7867/3634/1953 7865/5564/1952
f 7870/5565/1954 7869/5567/1956 7867/3634/1953
f 7872/5566/1955 7871/5568/1955 7869/5567/1956
f 7874/3647/1957 7873/3650/1957 7871/5568/1955
f 7876/5569/1958 7875/5571/1958 7873/3650/1957
f 7878/5570/1959 7877/5572/1959 7875/5571/1958
f 7880/3663/1960 7879/3666/1960 7877/5572/1959
f 7882/5573/1961 7881/5575/1961 7879/3666/1960
f 7884/5574/1962 7883/5576/1962 7881/5575/1961
f 7886/3679/1963 7885/3682/1963 7883/5576/1962
f 7888/5577/1964 7887/5579/1964 7885/3682/1963
f 7890/5578/1965 7889/5580/1965 7887/5579/1964
f 7892/3695/1966 7891/3698/1966 7889/5580/1965
f 7894/5581/1967 7893/5583/1967 7891/3698/1966
f 7896/5582/1968 7895/5584/1970 7893/5583/1967
f 7898/3711/1969 7897/3714/1969 7895/5584/1970
f 7900/5585/1971 7899/5587/1971 7897/3714/1969
f 7902/5586/1972 7901/5588/1972 7899/5587/1971
f 7904/3727/1973 7903/3730/1975 7901/5588/1972
f 7906/5589/1974 7905/5591/1974 7903/3730/1975
f 7908/5590/1976 7907/5592/1978 7905/5591/1974
f 7910/3743/1977 7909/3746/1977 7907/5592/1978
f 7912/5593/1979 7911/5595/1981 7909/3746/1977
f 7914/5594/1980 7913/5596/1980 7911/5595/1981
f 7916/3759/1982 7915/3762/1982 7913/5596/1980
f 7918/5597/1983 7917/5599/1983 7915/3762/1982
f 7920/5598/1984 7919/5600/1986 7917/5599/1983
f 7922/3775/1985 7921/3778/1985 7919/5600/1986
f 7924/5601/1987 7923/5603/1987 7921/3778/1985
f 7926/5602/1988 7925/5604/1988 7923/5603/1987
f 7928/3791/1989 7927/3794/1989 7925/5604/1988
f 7930/5605/1990 7929/5607/1990 7927/3794/1989
f 7932/5606/1991 7931/5608/1991 7929/5607/1990
f 7934/3807/1992 7933/3810/1992 7931/5608/1991
f 7936/5609/1993 7935/5611/1995 7933/3810/1992
f 7938/5610/1994 7937/5612/1994 7935/5611/1995
f 7940/3823/1996 7939/3826/1996 7937/5612/1994
f 7942/5613/1997 7941/5615/1997 7939/3826/1996
f 7944/5614/1998 7943/5616/1998 7941/5615/1997
f 7946/3839/1999 7945/3842/1999 7943/5616/1998
f 7948/5617/2000 7947/5619/2002 7945/3842/1999
f 7950/5618/2001 7949/5620/2004 7947/5619/2002
f 7952/3855/2003 7951/3858/2003 7949/5620/2004
f 7954/5621/2005 7953/5623/2005 7951/3858/2003
f 7956/5622/2006 7955/5624/2006 7953/5623/2005
f 7958/3871/2007 7957/3874/2007 7955/5624/2006
f 7960/5625/2008 7959/5627/2008 7957/3874/2007
f 7962/5626/2009 7961/5628/2009 7959/5627/2008
f 7964/3887/2010 7963/3890/2010 7961/5628/2009
f 7966/5629/2011 7965/5631/2011 7963/3890/2010
f 7968/5630/2012 7967/5632/2012 7965/5631/2011
f 7970/3903/2013 7969/3906/2013 7967/5632/2012
f 7972/5633/2014 7971/5635/2014 7969/3906/2013
f 7974/5634/2015 7973/5636/2015 7971/5635/2014
f 7976/3919/2016 7975/3922/2016 7973/5636/2015
f 7978/5637/2017 7977/5639/2017 7975/3922/2016
f 7980/5638/2018 7979/5640/2020 7977/5639/2017
f 7982/3935/2019 7981/3938/2019 7979/5640/2020
f 7984/5641/2021 7983/5643/2021 7981/3938/2019
f 7986/5642/2022 7985/5644/2022 7983/5643/2021
f 7988/3951/2023 7987/3954/2023 7985/5644/2022
f 7990/5645/2024 7989/5647/2026 7987/3954/2023
f 7992/5646/2025 7991/5648/2025 7989/5647/2026
f 7994/3967/2027 7993/3970/2027 7991/5648/2025
f 7996/5649/2028 7995/5651/2030 7993/3970/2027
f 7998/5650/2029 7997/5652/2029 7995/5651/2030
f 8000/3983/2031 7999/3986/2031 7997/5652/2029
f 8002/5653/2032 8001/5655/2032 7999/3986/2031
f 8004/5654/2033 8003/5656/2033 8001/5655/2032
f 8006/3999/2034 8005/4002/2034 8003/5656/2033
f 8008/5657/2035 8007/5659/2035 8005/4002/2034
f 8010/5658/2036 8009/5660/2036 8007/5659/2035
f 8012/4015/2037 8011/4018/2037 8009/5660/2036
f 8014/5661/2038 8013/5663/2038 8011/4018/2037
f 8016/5662/2039 8015/5664/2039 8013/5663/2038
f 8018/4031/2040 8017/4034/2040 8015/5664/2039
f 8020/5665/2041 8019/5667/2041 8017/4034/2040
f 8022/5666/2042 8021/5668/2042 8019/5667/2041
f 8024/4047/2043 8023/4050/2043 8021/5668/2042
f 8026/5669/2044 8025/5671/2046 8023/4050/2043
f 8028/5670/2045 8027/5672/2045 8025/5671/2046
f 8030/4063/2047 8029/4066/2049 8027/5672/2045
f 8032/5673/2048 8031/5675/2048 8029/4066/2049
f 8034/5674/2050 8033/5676/2050 8031/5675/2048
f 8036/4079/2051 8035/4082/2051 8033/5676/2050
f 8038/5677/2052 8037/5679/2052 8035/4082/2051
f 8040/5678/2053 8039/5680/2053 8037/5679/2052
f 8042/4095/2054 8041/4098/2054 8039/5680/2053
f 8044/5681/2055 8043/5683/2055 8041/4098/2054
f 8046/5682/2056 8045/5684/2056 8043/5683/2055
f 8048/4111/2057 8047/4114/2057 8045/5684/2056
f 8050/5685/2058 8049/5687/2058 8047/4114/2057
f 8052/5686/2059 8051/5688/2059 8049/5687/2058
f 8054/4127/2060 8053/4130/2060 8051/5688/2059
f 8056/5689/2061 8055/5691/2061 8053/4130/2060
f 8058/5690/2062 8057/5692/2062 8055/5691/2061
f 8060/4143/2063 8059/4146/2063 8057/5692/2062
f 8062/5693/2064 8061/5695/2064 8059/4146/2063
f 8064/5694/2065 8063/5696/2065 8061/5695/2064
f 8066/4159/2066 8065/4162/2066 8063/5696/2065
f 8068/5697/2067 8067/5699/2067 8065/4162/2066
f 8070/5698/2068 8069/5700/2068 8067/5699/2067
f 8072/4175/2069 8071/4178/2069 8069/5700/2068
f 8074/5701/2070 8073/5703/2070 8071/4178/2069
f 8076/5702/2071 8075/5704/2071 8073/5703/2070
f 8078/4191/2072 8077/4194/2072 8075/5704/2071
f 8080/5705/2073 8079/5707/2073 8077/4194/2072
f 8082/5706/2074 8081/5708/2074 8079/5707/2073
f 8084/4207/2075 8083/4210/2075 8081/5708/2074
f 8086/5709/2076 8085/5711/2076 8083/4210/2075
f 8088/5710/717 8087/5712/717 8085/5711/2076
f 8090/4223/2077 8089/4226/2077 8087/5712/717
f 8092/5713/2078 8091/5715/2080 8089/4226/2077
f 8094/5714/2079 8093/5716/2082 8091/5715/2080
f 8096/4239/2081 8095/4242/2081 8093/5716/2082
f 8098/5717/2083 8097/5719/2085 8095/4242/2081
f 8100/5718/2084 8099/5720/2087 8097/5719/2085
f 8102/4255/2086 8101/4258/2086 8099/5720/2087
f 8104/5721/2088 8103/5723/2088 8101/4258/2086
f 8106/5722/2089 8105/5724/2089 8103/5723/2088
f 8108/4271/2090 8107/4274/2092 8105/5724/2089
f 8110/5725/2091 8109/5727/2091 8107/4274/2092
f 8112/5726/2093 8111/5728/2093 8109/5727/2091
f 8114/4287/2094 8113/4290/2096 8111/5728/2093
f 8116/5729/2095 8115/5731/1296 8113/4290/2096
f 8118/5730/2097 8117/5732/2097 8115/5731/1296
f 8120/4303/2098 8119/4306/2098 8117/5732/2097
f 8122/5733/2099 8121/5735/2101 8119/4306/2098
f 8124/5734/2100 8123/5736/2100 8121/5735/2101
f 8126/4319/2102 8125/4322/2102 8123/5736/2100
f 8128/5737/2103 8127/5739/2103 8125/4322/2102
f 8130/5738/2104 8129/5740/2104 8127/5739/2103
f 8132/4335/2105 8131/4338/2107 8129/5740/2104
f 8134/5741/2106 8133/5743/2106 8131/4338/2107
f 8136/5742/2108 8135/5744/2108 8133/5743/2106
f 8138/4351/2109 8137/4354/2109 8135/5744/2108
f 8140/5745/2110 8139/5747/2110 8137/4354/2109
f 8142/5746/2111 8141/5748/2111 8139/5747/2110
f 8144/4367/2112 8143/4370/2114 8141/5748/2111
f 8146/5749/2113 8145/5751/2116 8143/4370/2114
f 8148/5750/2115 8147/5752/2115 8145/5751/2116
f 8150/4383/2117 8149/4386/2119 8147/5752/2115
f 8152/5753/2118 8151/5755/2118 8149/4386/2119
f 8154/5754/2120 8153/5756/2120 8151/5755/2118
f 8156/4399/2121 8155/4402/2121 8153/5756/2120
f 8158/5757/2122 8157/5759/2122 8155/4402/2121
f 8160/5758/2123 8159/5760/2123 8157/5759/2122
f 8162/4415/2124 8161/4418/2124 8159/5760/2123
f 8164/5761/2125 8163/5763/2125 8161/4418/2124
f 8166/5762/2126 8165/5764/2126 8163/5763/2125
f 8168/4431/2127 8167/4434/2127 8165/5764/2126
f 8170/5765/2128 8169/5767/2128 8167/4434/2127
f 8172/5766/2129 8171/5768/2129 8169/5767/2128
f 8174/4447/2130 8173/4450/2130 8171/5768/2129
f 8176/5769/2131 8175/5771/2131 8173/4450/2130
f 8178/5770/2132 8177/5772/2132 8175/5771/2131
f 8180/4463/1335 8179/4466/1335 8177/5772/2132
f 8182/5773/2133 8181/5775/2133 8179/4466/1335
f 8184/5774/2134 8183/5776/2134 8181/5775/2133
f 8186/4479/2135 8185/4482/2135 8183/5776/2134
f 8188/5777/2136 8187/5779/2136 8185/4482/2135
f 8190/5778/2137 8189/5780/2137 8187/5779/2136
f 8192/4495/2138 8191/4498/2138 8189/5780/2137
f 8194/5781/2139 8193/5783/2139 8191/4498/2138
f 8196/5782/2140 8195/5784/2142 8193/5783/2139
f 8198/4511/2141 8197/4514/2141 8195/5784/2142
f 8200/5785/2143 8199/5787/2143 8197/4514/2141
f 8202/5786/2144 8201/5788/2144 8199/5787/2143
f 8204/4527/2145 8203/4530/2145 8201/5788/2144
f 8206/5789/2146 8205/5791/2146 8203/4530/2145
f 8208/5790/2147 8207/5792/2147 8205/5791/2146
f 8210/4543/2148 8209/4546/2148 8207/5792/2147
f 8212/5793/2149 8211/5795/2149 8209/4546/2148
f 8214/5794/2150 8213/5796/2150 8211/5795/2149
f 8216/4559/2151 8215/4562/2151 8213/5796/2150
f 8218/5797/2152 8217/5799/2152 8215/4562/2151
f 8220/5798/2153 8219/5800/2153 8217/5799/2152
f 8222/4575/1348 8221/4578/1348 8219/5800/2153
f 8224/5801/2154 8223/5803/2154 8221/4578/1348
f 8226/5802/2155 8225/5804/2155 8223/5803/2154
f 8228/4591/2156 8227/4594/2156 8225/5804/2155
f 8230/5805/2157 8229/5807/2157 8227/4594/2156
f 8232/5806/2158 8231/5808/2158 8229/5807/2157
f 8234/4607/2159 8233/4610/2159 8231/5808/2158
f 8236/5809/2160 8235/5811/2160 8233/4610/2159
f 8238/5810/2161 8237/5812/2161 8235/5811/2160
f 8240/4623/2162 8239/4626/2164 8237/5812/2161
f 8242/5813/2163 8241/5815/2163 8239/4626/2164
f 8244/5814/2165 8243/5816/2165 8241/5815/2163
f 8246/4639/2166 8245/4642/2166 8243/5816/2165
f 8248/5817/2167 8247/5819/2167 8245/4642/2166
f 8250/5818/2168 8249/5820/2168 8247/5819/2167
f 8252/4655/2169 8251/4658/2169 8249/5820/2168
f 8254/5821/2170 8253/5823/2170 8251/4658/2169
f 8256/5822/2171 8255/5824/2171 8253/5823/2170
f 8258/4671/2172 8257/4674/2172 8255/5824/2171
f 8260/5825/2173 8259/5827/2173 8257/4674/2172
f 8262/5826/2174 8261/5828/2174 8259/5827/2173
f 8264/4687/2175 8263/4690/2175 8261/5828/2174
f 8266/5829/2176 8265/5831/2176 8263/4690/2175
f 8268/5830/2177 8267/5832/2177 8265/5831/2176
f 8270/4703/2178 8269/4706/2178 8267/5832/2177
f 8272/5833/2179 8271/5835/2179 8269/4706/2178
f 8274/5834/2180 8273/5836/2180 8271/5835/2179
f 8276/4719/2181 8275/4722/2181 8273/5836/2180
f 8278/5837/2182 8277/5839/2182 8275/4722/2181
f 8280/5838/2183 8279/5840/2183 8277/5839/2182
f 8282/4735/2184 8281/4738/2184 8279/5840/2183
f 8284/5841/2185 8283/5843/2185 8281/4738/2184
f 8286/5842/2186 8285/5844/2186 8283/5843/2185
f 8288/4751/2187 8287/4754/2187 8285/5844/2186
f 8290/5845/2188 8289/5847/2188 8287/4754/2187
f 8292/5846/2189 8291/5848/2189 8289/5847/2188
f 8294/4767/2190 8293/4770/2190 8291/5848/2189
f 8296/5849/2191 8295/5851/2191 8293/4770/2190
f 8298/5850/1370 8297/5852/1370 8295/5851/2191
f 8300/4783/2192 8299/4786/2192 8297/5852/1370
f 8302/5853/2193 8301/5855/2193 8299/4786/2192
f 8304/5854/2194 8303/5856/2194 8301/5855/2193
f 8306/4799/2195 8305/4802/2195 8303/5856/2194
f 8308/5857/2196 8307/5859/2196 8305/4802/2195
f 8310/5858/2197 8309/5860/2197 8307/5859/2196
f 8312/4815/2198 8311/4818/2198 8309/5860/2197
f 8314/5861/2199 8313/5863/2199 8311/4818/2198
f 8316/5862/2200 8315/5864/2200 8313/5863/2199
f 8318/4831/2201 8317/4834/2201 8315/5864/2200
f 8320/5865/2202 8319/5867/2202 8317/4834/2201
f 8322/5866/2203 8321/5868/2203 8319/5867/2202
f 8324/4847/2204 8323/4850/2204 8321/5868/2203
f 8326/5869/2205 8325/5871/2205 8323/4850/2204
f 8328/5870/2206 8327/5872/2206 8325/5871/2205
f 8330/4863/2207 8329/4866/2207 8327/5872/2206
f 8332/5873/2208 8331/5875/2208 8329/4866/2207
f 8334/5874/2209 8333/5876/2209 8331/5875/2208
f 8336/4879/2210 8335/4882/2210 8333/5876/2209
f 8338/5877/2211 8337/5879/2211 8335/4882/2210
f 8340/5878/2212 8339/5880/2212 8337/5879/2211
f 8342/4895/2213 8341/4898/2213 8339/5880/2212
f 8344/5881/2214 8343/5883/2214 8341/4898/2213
f 8346/5882/2215 8345/5884/2215 8343/5883/2214
f 8348/4911/2216 8347/4914/2216 8345/5884/2215
f 8350/5885/2217 8349/5887/2217 8347/4914/2216
f 8352/5886/2218 8351/5888/2218 8349/5887/2217
f 8354/4927/2219 8353/4930/2219 8351/5888/2218
f 8356/5889/2220 8355/5891/2220 8353/4930/2219
f 8358/5890/2221 8357/5892/2221 8355/5891/2220
f 8360/4943/2222 8359/4946/2222 8357/5892/2221
f 8362/5893/2223 8361/5895/2225 8359/4946/2222
f 8364/5894/2224 8363/5896/2224 8361/5895/2225
f 8366/4959/2226 8365/4962/2226 8363/5896/2224
f 8368/5897/2227 8367/5899/2229 8365/4962/2226
f 8370/5898/2228 8369/5900/2228 8367/5899/2229
f 8372/4975/2230 8371/4978/2230 8369/5900/2228
f 8374/5901/2231 8373/5903/2231 8371/4978/2230
f 8376/5902/2232 8375/5904/2232 8373/5903/2231
f 8378/4991/2233 8377/4994/2233 8375/5904/2232
f 8380/5905/2234 8379/5907/2234 8377/4994/2233
f 8382/5906/2235 8381/5908/2235 8379/5907/2234
f 8384/5007/2236 8383/5010/2236 8381/5908/2235
f 8386/5909/2237 8385/5911/2237 8383/5010/2236
f 8388/5910/2238 8387/5912/2238 8385/5911/2237
f 8390/5023/2239 8389/5026/2239 8387/5912/2238
f 8392/5913/2240 8391/5915/2240 8389/5026/2239
f 8394/5914/2241 8393/5916/2241 8391/5915/2240
f 8396/5039/2242 8395/5042/2242 8393/5916/2241
f 8398/5917/2243 8397/5919/2245 8395/5042/2242
f 8400/5918/2244 8399/5920/2244 8397/5919/2245
f 8402/5055/2246 8401/5058/2246 8399/5920/2244
f 8404/5921/2247 8403/5923/2247 8401/5058/2246
f 8406/5922/2248 8405/5924/2248 8403/5923/2247
f 8408/5071/2249 8407/5074/2249 8405/5924/2248
f 8410/5925/2250 8409/5927/2252 8407/5074/2249
f 8412/5926/2251 8411/5928/2251 8409/5927/2252
f 8414/5087/2253 8413/5090/2253 8411/5928/2251
f 8416/5929/2254 8415/5931/2256 8413/5090/2253
f 8418/5930/2255 8417/5932/2255 8415/5931/2256
f 8420/5103/2257 8419/5106/2257 8417/5932/2255
f 8422/5933/2258 8421/5935/2258 8419/5106/2257
f 8424/5934/2259 8423/5936/2259 8421/5935/2258
f 8426/5119/2260 8425/5122/2260 8423/5936/2259
f 8428/5937/2261 8427/5939/2261 8425/5122/2260
f 8430/5938/2262 8429/5940/2262 8427/5939/2261
f 8432/5135/2263 8431/5138/2263 8429/5940/2262
f 8434/5941/2264 8433/5943/2264 8431/5138/2263
f 8436/5942/2265 8435/5944/2265 8433/5943/2264
f 8438/5151/2266 8437/5154/2266 8435/5944/2265
f 8440/5945/2267 8439/5947/2267 8437/5154/2266
f 8442/5946/1439 8441/5948/1439 8439/5947/2267
f 8444/5167/2268 8443/5170/2268 8441/5948/1439
f 8446/5949/2269 8445/5951/2269 8443/5170/2268
f 8448/5950/2270 8447/5952/2270 8445/5951/2269
f 7298/5183/1645 7297/490/1645 8447/5952/2270
