# Blender 4.3.0
# www.blender.org
mtllib upperTeeth.mtl
o 上歯
v -1.018262 0.892956 1.828719
v -0.937756 0.858944 1.770645
v -0.869201 0.888506 1.830864
v -0.788695 0.854494 1.772789
v -0.720140 0.884056 1.833008
v -0.639634 0.850044 1.774934
v -0.571079 0.879605 1.835153
v -0.490573 0.845593 1.777079
v -0.422018 0.875156 1.837298
v -0.341512 0.841143 1.779223
v -0.272957 0.870705 1.839443
v -0.192451 0.836694 1.781368
v -0.123896 0.866256 1.841587
v -0.043390 0.832242 1.783513
v 0.324593 1.029541 1.826189
v -1.044434 1.019737 1.747531
v -1.006300 0.857694 1.782691
v -1.033452 1.043761 1.803388
v -0.973274 0.861506 1.860737
v -0.895827 1.027026 1.781532
v -0.917854 0.876893 1.797241
v -0.906328 1.011123 1.720227
v -0.948277 1.009199 1.692151
v -0.972733 0.834521 1.775253
v -0.932187 0.734394 1.866275
v -0.914483 0.743620 1.864169
v -0.910874 0.728509 1.847047
v -0.929242 0.721803 1.848522
v -0.930096 0.872527 1.848420
v -1.029238 1.027865 1.730651
v -0.989919 1.053429 1.830228
v -0.912091 1.042181 1.789082
v -1.014869 1.008576 1.701614
v -0.924361 1.043895 1.822855
v -0.895373 1.015287 1.749676
v -0.857239 0.853244 1.784836
v -0.884391 1.039310 1.805533
v -0.824213 0.857055 1.862882
v -0.746766 1.022576 1.783677
v -0.768793 0.872443 1.799386
v -0.757267 1.006673 1.722372
v -0.799216 1.004748 1.694295
v -0.823672 0.830071 1.777398
v -0.783126 0.729944 1.868420
v -0.765422 0.739170 1.866314
v -0.761813 0.724059 1.849192
v -0.780181 0.717353 1.850667
v -0.781035 0.868077 1.850565
v -0.880177 1.023415 1.732796
v -0.840858 1.048979 1.832373
v -0.763030 1.037731 1.791227
v -0.865808 1.004126 1.703759
v -0.775300 1.039445 1.824999
v -0.746312 1.010837 1.751821
v -0.708178 0.848793 1.786981
v -0.735330 1.034860 1.807678
v -0.675152 0.852605 1.865026
v -0.597705 1.018126 1.785821
v -0.619732 0.867992 1.801531
v -0.608206 1.002222 1.724517
v -0.650155 1.000298 1.696440
v -0.674611 0.825621 1.779543
v -0.634065 0.725494 1.870564
v -0.616361 0.734720 1.868459
v -0.612752 0.719608 1.851337
v -0.631120 0.712903 1.852812
v -0.631974 0.863627 1.852709
v -0.731116 1.018965 1.734941
v -0.691797 1.044529 1.834517
v -0.613969 1.033280 1.793371
v -0.716747 0.999675 1.705904
v -0.626239 1.034994 1.827144
v -0.597251 1.006387 1.753965
v -0.559117 0.844343 1.789125
v -0.586269 1.030410 1.809822
v -0.526091 0.848155 1.867171
v -0.448644 1.013675 1.787966
v -0.470671 0.863542 1.803675
v -0.459145 0.997772 1.726662
v -0.501094 0.995848 1.698585
v -0.525550 0.821170 1.781687
v -0.485004 0.721044 1.872709
v -0.467300 0.730269 1.870603
v -0.463691 0.715158 1.853482
v -0.482059 0.708453 1.854956
v -0.482913 0.859177 1.854854
v -0.582055 1.014515 1.737086
v -0.542736 1.040078 1.836662
v -0.464908 1.028830 1.795516
v -0.567686 0.995225 1.708048
v -0.477178 1.030544 1.829289
v -0.448190 1.001937 1.756110
v -0.410056 0.839893 1.791270
v -0.437208 1.025960 1.811967
v -0.377030 0.843704 1.869316
v -0.299583 1.009225 1.790111
v -0.321610 0.859092 1.805820
v -0.310084 0.993322 1.728806
v -0.352033 0.991398 1.700729
v -0.376489 0.816720 1.783832
v -0.343624 0.729777 1.874891
v -0.319016 0.732385 1.872328
v -0.313410 0.709619 1.860526
v -0.328328 0.716648 1.844021
v -0.351535 0.725812 1.849947
v -0.333853 0.854727 1.856999
v -0.432994 1.010064 1.739230
v -0.393675 1.035628 1.838807
v -0.315847 1.024380 1.797661
v -0.418625 0.990775 1.710193
v -0.328117 1.026094 1.831433
v -0.299129 0.997486 1.758255
v -0.260995 0.835442 1.793415
v -0.288147 1.021510 1.814112
v -0.227969 0.839254 1.871460
v -0.150522 1.004775 1.792255
v -0.172549 0.854642 1.807965
v -0.161023 0.988872 1.730951
v -0.202972 0.986947 1.702874
v -0.227428 0.812270 1.785977
v -0.171070 0.708684 1.878230
v -0.164349 0.705169 1.862671
v -0.174060 0.697963 1.858192
v -0.200663 0.716341 1.862770
v -0.184792 0.850276 1.859143
v -0.283933 1.005614 1.741375
v -0.244614 1.031178 1.840951
v -0.166786 1.019930 1.799805
v -0.269564 0.986325 1.712338
v -0.179056 1.021644 1.833578
v -0.150068 0.993036 1.760399
v -0.111934 0.830992 1.795559
v -0.139086 1.017059 1.816256
v -0.078908 0.834804 1.873605
v -0.001461 1.000325 1.794400
v -0.023488 0.850191 1.810110
v -0.011962 0.984421 1.733096
v -0.053911 0.982497 1.705019
v -0.078367 0.807820 1.788121
v -0.045502 0.720877 1.879181
v -0.020894 0.723484 1.876617
v -0.015288 0.700719 1.864815
v -0.030206 0.707747 1.848310
v -0.053413 0.716911 1.854236
v -0.035731 0.845826 1.861288
v -0.134872 1.001164 1.743520
v -0.095553 1.026728 1.843096
v -0.017725 1.015480 1.801950
v -0.120503 0.981874 1.714482
v -0.029995 1.017194 1.835723
v 1.044591 1.029195 1.777946
v 1.033024 1.017434 1.718406
v 1.006299 0.857685 1.782694
v 1.018244 0.892893 1.828743
v 1.015805 1.041796 1.823465
v 0.972752 1.051748 1.831364
v 0.973170 0.861120 1.860805
v 0.896610 1.023355 1.742612
v 0.917966 0.883708 1.819180
v 0.930180 0.848892 1.780054
v 0.923609 1.007090 1.703442
v 0.989199 1.010212 1.691239
v 0.939408 0.746700 1.866253
v 0.913538 0.724219 1.865250
v 0.910042 0.730073 1.851703
v 0.947854 0.743733 1.841345
v 0.918822 0.725526 1.842221
v 0.938167 0.883954 1.851078
v 0.901957 1.039762 1.791723
v 1.029489 1.045536 1.787497
v 0.924353 1.043985 1.822821
v 0.895530 1.024744 1.780090
v 0.883963 1.012984 1.720550
v 0.857239 0.853235 1.784839
v 0.869184 0.888444 1.830887
v 0.866745 1.037346 1.825610
v 0.823691 1.047298 1.833509
v 0.824109 0.856671 1.862949
v 0.751222 1.011926 1.736983
v 0.746764 1.022573 1.783670
v 0.768905 0.879258 1.821324
v 0.781120 0.844440 1.782199
v 0.774548 1.002640 1.705587
v 0.839459 0.997951 1.694806
v 0.790347 0.742250 1.868397
v 0.764477 0.719769 1.867395
v 0.760981 0.725623 1.853847
v 0.798795 0.739284 1.843489
v 0.769761 0.721076 1.844366
v 0.789106 0.879505 1.853222
v 0.762711 1.037776 1.793468
v 0.813716 1.012440 1.702456
v 0.880428 1.041086 1.789642
v 0.775292 1.039535 1.824965
v 0.745821 1.014159 1.749672
v 0.708178 0.848786 1.786983
v 0.720122 0.883993 1.833032
v 0.717683 1.032895 1.827754
v 0.674630 1.042848 1.835653
v 0.675048 0.852220 1.865094
v 0.597396 1.017396 1.785380
v 0.619844 0.874806 1.823470
v 0.632059 0.839988 1.784344
v 0.608206 1.002314 1.724485
v 0.701455 0.998373 1.700057
v 0.654588 0.992579 1.697028
v 0.641286 0.737800 1.870542
v 0.615415 0.715318 1.869540
v 0.611920 0.721172 1.855992
v 0.649733 0.734833 1.845634
v 0.620700 0.716626 1.846510
v 0.640045 0.875056 1.855367
v 0.725698 1.008230 1.713531
v 0.611144 1.033046 1.793516
v 0.638943 1.007499 1.709703
v 0.739780 1.034459 1.793277
v 0.626231 1.035084 1.827110
v 0.597408 1.015844 1.784380
v 0.592195 1.006949 1.740266
v 0.559117 0.844336 1.789127
v 0.571061 0.879543 1.835177
v 0.581838 1.034346 1.813227
v 0.555948 1.037850 1.832006
v 0.525987 0.847770 1.867239
v 0.448467 1.003002 1.753639
v 0.470783 0.870356 1.825614
v 0.482998 0.835539 1.786489
v 0.463966 1.000861 1.720878
v 0.505527 0.988128 1.699172
v 0.492225 0.733350 1.872687
v 0.466354 0.710868 1.871684
v 0.462859 0.716722 1.858137
v 0.500672 0.730383 1.847779
v 0.471639 0.712175 1.848655
v 0.490984 0.870603 1.857512
v 0.454773 1.026411 1.798157
v 0.567825 0.995679 1.708110
v 0.477088 1.026633 1.830366
v 0.443910 1.020180 1.795711
v 0.448192 1.001939 1.756115
v 0.410056 0.839885 1.791272
v 0.422000 0.875092 1.837322
v 0.429341 1.031763 1.817853
v 0.357188 1.027689 1.842867
v 0.404008 1.030608 1.836651
v 0.376926 0.843319 1.869383
v 0.304039 0.998575 1.743417
v 0.299911 1.014828 1.788683
v 0.321722 0.865908 1.827759
v 0.333937 0.831088 1.788634
v 0.327365 0.989289 1.712021
v 0.392276 0.984601 1.701240
v 0.343164 0.728899 1.874831
v 0.317294 0.706418 1.873829
v 0.313798 0.712272 1.860281
v 0.351611 0.725932 1.849923
v 0.322578 0.707725 1.850800
v 0.341923 0.866154 1.859656
v 0.369497 1.003158 1.714778
v 0.430810 0.998666 1.721199
v 0.299286 1.006943 1.788669
v 0.260995 0.835434 1.793417
v 0.272939 0.870643 1.839466
v 0.283716 1.025445 1.817517
v 0.247214 1.030320 1.840841
v 0.227865 0.838870 1.871528
v 0.150520 1.004772 1.792248
v 0.172661 0.861456 1.829903
v 0.184876 0.826639 1.790778
v 0.161023 0.988963 1.730919
v 0.207405 0.979228 1.703462
v 0.194103 0.724450 1.876976
v 0.168233 0.701968 1.875974
v 0.164737 0.707821 1.862426
v 0.202550 0.721482 1.852068
v 0.173517 0.703275 1.852944
v 0.192862 0.861701 1.861802
v 0.166467 1.019975 1.802047
v 0.191760 0.994148 1.716137
v 0.269704 0.986779 1.712399
v 0.179048 1.021734 1.833544
v 0.150070 0.993038 1.760404
v 0.111933 0.830983 1.795562
v 0.123879 0.866195 1.841610
v 0.121120 1.019515 1.835212
v 0.078804 0.834419 1.873673
v 0.002243 0.996653 1.755481
v 0.023600 0.857006 1.832048
v 0.035815 0.822189 1.792922
v 0.029243 0.980389 1.716310
v 0.094833 0.983510 1.704107
v 0.045042 0.719999 1.879121
v 0.019171 0.697517 1.878118
v 0.015676 0.703372 1.864570
v 0.053488 0.717032 1.854213
v 0.024456 0.698825 1.855089
v 0.043801 0.857253 1.863946
v 0.007590 1.013061 1.804591
v 0.143104 1.017776 1.801184
v 0.132688 0.989765 1.725489
v 0.029905 1.013282 1.836800
v -0.985503 0.812663 1.846313
v -0.836442 0.808213 1.848457
v -0.687381 0.803763 1.850602
v -0.538320 0.799313 1.852747
v -0.389259 0.794862 1.854891
v -0.324446 0.702092 1.866650
v -0.240198 0.790413 1.857036
v -0.091137 0.785961 1.859181
v -0.026325 0.693191 1.870939
v 0.972752 0.834573 1.775220
v 0.985319 0.812329 1.846466
v 0.823691 0.830124 1.777364
v 0.836258 0.807879 1.848611
v 0.674630 0.825674 1.779508
v 0.687197 0.803430 1.850756
v 0.525569 0.821222 1.781654
v 0.538136 0.798979 1.852900
v 0.524821 1.007796 1.712543
v 0.521278 1.038331 1.837904
v 0.376508 0.816773 1.783798
v 0.389075 0.794527 1.855046
v 0.227447 0.812323 1.785942
v 0.240014 0.790077 1.857190
v 0.294055 1.006943 1.745627
v 0.078386 0.807872 1.788087
v 0.090953 0.785627 1.859335
v 0.074095 1.024981 1.844338
v -1.196579 0.882890 1.906417
v -1.197089 0.799639 1.768189
v -1.344694 1.026304 1.782874
v 1.196513 0.882712 1.906427
v 1.197086 0.799583 1.768209
v -1.266317 1.073461 1.877623
v -1.320766 1.039474 1.847211
v -1.246895 0.804802 1.855566
v -1.242177 0.869556 1.887410
v -1.227629 1.070437 1.884877
v -1.173965 1.078713 1.861964
v -1.129427 0.812812 1.890227
v -1.201988 1.020764 1.675764
v -1.145764 1.039090 1.712552
v -1.116131 0.827223 1.803364
v -1.149031 0.825611 1.768506
v -1.330114 1.004803 1.735870
v -1.257193 1.001384 1.675514
v -1.224292 0.767860 1.814059
v -1.110755 0.661607 1.876443
v -1.078435 0.623752 1.856555
v -1.072896 0.647277 1.841172
v -1.080948 0.613114 1.826670
v -1.113084 0.623429 1.827266
v -1.127859 0.639135 1.857461
v -1.107720 0.841150 1.839832
v -1.321259 1.049814 1.828183
v -1.186632 1.087063 1.840846
v -1.149545 1.063050 1.737414
v -1.271133 1.026304 1.695764
v -1.125975 1.068862 1.780349
v 1.272623 1.068177 1.876812
v 1.304010 1.048417 1.860314
v 1.331370 1.038875 1.828929
v 1.246892 0.804790 1.855568
v 1.242174 0.869555 1.887411
v 1.227649 1.070474 1.884867
v 1.190151 1.082518 1.868953
v 1.129257 0.812252 1.890217
v 1.201952 1.020860 1.675762
v 1.145972 1.037979 1.711886
v 1.124661 0.836986 1.788036
v 1.160306 0.818428 1.765549
v 1.240755 1.003906 1.673660
v 1.337122 1.013867 1.751176
v 1.297283 1.001110 1.696976
v 1.092390 0.644581 1.870698
v 1.071700 0.637952 1.840595
v 1.081570 0.616957 1.826574
v 1.127954 0.639314 1.857509
v 1.100252 0.610520 1.828125
v 1.107741 0.841380 1.839790
v 1.344437 1.031192 1.789385
v 1.149538 1.062350 1.732869
v 1.268678 1.022120 1.689560
v 1.241522 1.081681 1.860743
v 1.124703 1.063288 1.781684
v -1.156935 0.742447 1.896087
v -1.088120 0.604380 1.842995
v 1.224348 0.767937 1.814043
v 1.156594 0.741957 1.896062
v 1.082321 0.607224 1.847973
v 1.157029 1.084636 1.836385
v -1.149703 0.893143 1.711151
v -1.065879 0.869019 1.652821
v -0.988056 0.883070 1.723092
v -0.904233 0.858946 1.664761
v -0.979488 1.026285 1.627488
v -0.826409 0.872998 1.735032
v -0.742586 0.848873 1.676702
v -0.664762 0.862925 1.746973
v -0.580939 0.838801 1.688642
v -0.503115 0.852852 1.758913
v -0.419292 0.828729 1.700583
v -0.494548 0.996067 1.663309
v -0.341468 0.842781 1.770854
v -0.257645 0.818655 1.712523
v -0.332901 0.985994 1.675250
v -0.179822 0.832709 1.782794
v -0.095998 0.808583 1.724464
v -0.171254 0.975922 1.687190
v -1.168056 1.034309 1.655608
v -1.135111 0.867441 1.659852
v -1.160635 1.046354 1.715754
v -1.107587 0.854599 1.739060
v -1.022104 1.030208 1.700041
v -1.047606 0.880690 1.683732
v -1.028532 1.027189 1.636237
v -1.068432 1.032168 1.605661
v -1.101484 0.845226 1.650118
v -1.076504 0.740905 1.723766
v -1.051737 0.743234 1.723397
v -1.045686 0.723126 1.707648
v -1.059293 0.733753 1.691955
v -1.082707 0.742239 1.698070
v -1.063479 0.866561 1.732070
v -1.151583 1.045186 1.641742
v -1.118942 1.049160 1.746784
v -1.038610 1.044030 1.709405
v -1.135526 1.031662 1.610422
v -1.053191 1.039331 1.741953
v -1.005344 1.031206 1.666200
v -0.973465 0.857368 1.671793
v -0.998988 1.036281 1.727695
v -0.945940 0.844527 1.751001
v -0.861808 1.019103 1.663875
v -0.860457 1.020135 1.711981
v -0.885959 0.870618 1.695672
v -0.946525 1.016041 1.613837
v -0.883217 1.012681 1.630174
v -0.939837 0.835153 1.662058
v -0.914857 0.730833 1.735707
v -0.890091 0.733161 1.735338
v -0.884039 0.713053 1.719589
v -0.897646 0.723680 1.703895
v -0.921061 0.732167 1.710011
v -0.901832 0.856488 1.744010
v -0.957295 1.039087 1.758724
v -0.876737 1.033516 1.723483
v -0.901026 1.028480 1.634485
v -0.891544 1.029259 1.753894
v -0.844762 1.014164 1.679489
v -0.811818 0.847295 1.683733
v -0.837341 1.026209 1.739635
v -0.784293 0.834454 1.762941
v -0.698810 1.010063 1.723922
v -0.724312 0.860545 1.707613
v -0.705238 1.007044 1.660118
v -0.745138 1.012023 1.629542
v -0.778190 0.825081 1.673999
v -0.730131 0.703518 1.747003
v -0.722392 0.702981 1.731529
v -0.731880 0.697108 1.725065
v -0.758438 0.714991 1.731496
v -0.740185 0.846415 1.755951
v -0.828289 1.025041 1.665623
v -0.795648 1.029015 1.770665
v -0.715316 1.023885 1.733286
v -0.812232 1.011517 1.634302
v -0.729897 1.019186 1.765834
v -0.683115 1.004092 1.691429
v -0.650171 0.837223 1.695674
v -0.675694 1.016136 1.751575
v -0.622647 0.824381 1.774882
v -0.537163 0.999990 1.735862
v -0.562665 0.850472 1.719553
v -0.543591 0.996972 1.672058
v -0.583492 1.001950 1.641482
v -0.616544 0.815008 1.685939
v -0.591563 0.710688 1.759588
v -0.566797 0.713016 1.759219
v -0.560745 0.692908 1.743470
v -0.574352 0.703535 1.727776
v -0.597767 0.712021 1.733892
v -0.578539 0.836343 1.767891
v -0.666642 1.014968 1.677564
v -0.634001 1.018942 1.782605
v -0.553669 1.013812 1.745226
v -0.650585 1.001444 1.646243
v -0.568251 1.009114 1.777775
v -0.520403 1.000989 1.702021
v -0.488524 0.827150 1.707614
v -0.514632 1.003088 1.763571
v -0.471535 1.000687 1.796744
v -0.461000 0.814308 1.786822
v -0.376868 0.988886 1.699696
v -0.375516 0.989918 1.747803
v -0.401018 0.840400 1.731494
v -0.461584 0.985824 1.649659
v -0.398276 0.982463 1.665995
v -0.454897 0.804936 1.697879
v -0.422466 0.687480 1.769341
v -0.404510 0.696406 1.770299
v -0.399954 0.684917 1.750760
v -0.418486 0.678605 1.749649
v -0.416892 0.826270 1.779832
v -0.480709 1.012005 1.780980
v -0.392022 1.003740 1.757167
v -0.413587 0.996715 1.668656
v -0.406604 0.999041 1.789715
v -0.358756 0.990916 1.713962
v -0.326877 0.817078 1.719554
v -0.352985 0.993015 1.775512
v -0.309888 0.990614 1.808685
v -0.299353 0.804236 1.798763
v -0.215221 0.978813 1.711637
v -0.213869 0.979845 1.759743
v -0.239371 0.830326 1.743434
v -0.299937 0.975751 1.661599
v -0.236629 0.972390 1.677935
v -0.293250 0.794863 1.709820
v -0.268269 0.690542 1.783468
v -0.243028 0.667364 1.779670
v -0.238307 0.674845 1.762701
v -0.259668 0.673348 1.758582
v -0.255245 0.816197 1.791772
v -0.319062 1.001933 1.792920
v -0.230375 0.993667 1.769107
v -0.251941 0.986642 1.680597
v -0.244957 0.988969 1.801656
v -0.197110 0.980843 1.725902
v -0.165230 0.807005 1.731495
v -0.190754 0.985919 1.787397
v -0.137706 0.794163 1.810703
v -0.053574 0.968741 1.723577
v -0.052222 0.969772 1.771683
v -0.077724 0.820253 1.755375
v -0.138290 0.965678 1.673540
v -0.074982 0.962318 1.689876
v -0.131603 0.784790 1.721761
v -0.106622 0.680470 1.795409
v -0.081381 0.657291 1.791610
v -0.076660 0.664772 1.774642
v -0.098021 0.663276 1.770523
v -0.093598 0.806126 1.803712
v -0.149061 0.988724 1.818427
v -0.068502 0.983153 1.783186
v -0.092792 0.978117 1.694187
v -0.083310 0.978896 1.813596
v 1.170194 1.037502 1.687227
v 1.162043 1.037445 1.642664
v 1.135110 0.867430 1.659853
v 1.149687 0.893075 1.711163
v 1.144475 1.039892 1.736137
v 1.101926 1.046772 1.748680
v 1.107494 0.854203 1.739056
v 1.019690 1.026605 1.664355
v 1.049147 0.882984 1.706537
v 1.059147 0.857066 1.660490
v 1.033789 1.032575 1.629973
v 1.119884 1.031097 1.605448
v 1.072767 1.027952 1.604404
v 1.076054 0.740043 1.723561
v 1.050544 0.717450 1.719751
v 1.046012 0.725785 1.707918
v 1.082778 0.742363 1.698067
v 1.054178 0.723488 1.697161
v 1.071530 0.877461 1.736439
v 1.143169 1.039821 1.617725
v 1.028726 1.040830 1.712163
v 1.155538 1.051148 1.700840
v 1.053179 1.039426 1.741939
v 1.004625 1.034068 1.710205
v 1.005715 1.027905 1.666149
v 0.973463 0.857358 1.671793
v 0.988040 0.883002 1.723104
v 0.991460 1.040554 1.735132
v 0.945848 0.844134 1.750996
v 0.860129 1.019499 1.711424
v 0.887500 0.872913 1.718478
v 0.897500 0.846992 1.672431
v 0.883137 1.016810 1.629635
v 0.947070 1.016542 1.614095
v 0.914407 0.729971 1.735502
v 0.888898 0.707378 1.731692
v 0.884365 0.715712 1.719859
v 0.921132 0.732292 1.710007
v 0.892531 0.713416 1.709101
v 0.909883 0.867391 1.748379
v 0.979283 1.028401 1.627498
v 0.874160 1.033614 1.721625
v 0.864263 1.025003 1.657828
v 0.891593 1.025210 1.754165
v 0.842978 1.023995 1.722146
v 0.844068 1.017832 1.678090
v 0.811817 0.847287 1.683734
v 0.826394 0.872932 1.735044
v 0.829813 1.030482 1.747072
v 0.784201 0.834061 1.762937
v 0.700149 1.009091 1.675851
v 0.698482 1.009427 1.723364
v 0.725853 0.862842 1.730419
v 0.735853 0.836919 1.684371
v 0.717088 1.012163 1.646464
v 0.796590 1.010952 1.629328
v 0.749726 1.004478 1.628272
v 0.752761 0.719899 1.747442
v 0.727251 0.697305 1.743632
v 0.722718 0.705639 1.731798
v 0.759485 0.722219 1.721948
v 0.730884 0.703343 1.721042
v 0.748236 0.857317 1.760320
v 0.819876 1.019676 1.641606
v 0.712512 1.023542 1.733565
v 0.729946 1.015138 1.766106
v 0.684702 1.011167 1.723775
v 0.677671 1.008454 1.679920
v 0.650171 0.837215 1.695675
v 0.664746 0.862859 1.746985
v 0.659534 1.009675 1.771958
v 0.616985 1.016555 1.784502
v 0.622554 0.823988 1.774877
v 0.538503 0.999018 1.687791
v 0.536836 0.999354 1.735305
v 0.564206 0.852768 1.742359
v 0.574206 0.826847 1.696312
v 0.559714 0.996892 1.653709
v 0.623776 0.996397 1.637976
v 0.591113 0.709825 1.759382
v 0.565604 0.687232 1.755573
v 0.561071 0.695567 1.743739
v 0.597838 0.712147 1.733888
v 0.569237 0.693270 1.732982
v 0.586589 0.847241 1.772260
v 0.655553 1.009137 1.651281
v 0.547160 1.013445 1.734399
v 0.660263 1.021298 1.747287
v 0.568238 1.009209 1.777760
v 0.521470 0.994021 1.703375
v 0.488523 0.827141 1.707615
v 0.503100 0.852786 1.758925
v 0.497887 0.999602 1.783898
v 0.455339 1.006482 1.796442
v 0.460907 0.813916 1.786818
v 0.376856 0.988946 1.699732
v 0.375513 0.989916 1.747796
v 0.402560 0.842694 1.754299
v 0.412560 0.816773 1.708252
v 0.398067 0.986819 1.665650
v 0.462129 0.986324 1.649917
v 0.429466 0.699752 1.771323
v 0.403957 0.677160 1.767513
v 0.399425 0.685494 1.755680
v 0.436191 0.702074 1.745829
v 0.407590 0.683198 1.744922
v 0.424942 0.837173 1.784201
v 0.391861 1.003327 1.759388
v 0.436756 0.998215 1.661997
v 0.516985 1.009896 1.748666
v 0.501735 0.997267 1.669731
v 0.406591 0.999136 1.789701
v 0.361408 0.991022 1.747656
v 0.354377 0.988309 1.703801
v 0.326877 0.817070 1.719555
v 0.341453 0.842717 1.770866
v 0.336240 0.989530 1.795839
v 0.293692 0.996409 1.808383
v 0.299260 0.803844 1.798758
v 0.213542 0.979209 1.759186
v 0.240912 0.832623 1.766240
v 0.250912 0.806701 1.720193
v 0.220294 0.976922 1.695926
v 0.311649 0.980734 1.665150
v 0.264785 0.974260 1.664093
v 0.267820 0.689680 1.783264
v 0.242310 0.667087 1.779454
v 0.237777 0.675422 1.767620
v 0.274544 0.692001 1.757769
v 0.245943 0.673125 1.756863
v 0.263296 0.827101 1.796141
v 0.336616 0.988422 1.678714
v 0.227572 0.993324 1.769387
v 0.249829 0.985873 1.680509
v 0.336969 1.001153 1.771168
v 0.244945 0.989063 1.801641
v 0.200313 0.977067 1.758870
v 0.192161 0.977009 1.714306
v 0.165229 0.806996 1.731496
v 0.179806 0.832639 1.782806
v 0.174593 0.979457 1.807779
v 0.132045 0.986337 1.820323
v 0.137613 0.793770 1.810699
v 0.049808 0.966169 1.735998
v 0.079265 0.822550 1.778180
v 0.089266 0.796630 1.732133
v 0.063907 0.972140 1.701616
v 0.150003 0.970661 1.677090
v 0.102885 0.967517 1.676046
v 0.106173 0.679608 1.795204
v 0.080663 0.657015 1.791394
v 0.076131 0.665349 1.779560
v 0.112898 0.681929 1.769710
v 0.084296 0.663052 1.768803
v 0.101649 0.817028 1.808082
v 0.173288 0.979386 1.689368
v 0.058845 0.980395 1.783806
v 0.185656 0.990712 1.772483
v 0.083298 0.978991 1.813582
v -1.119563 0.810010 1.714330
v -1.057245 0.714862 1.711395
v -0.957916 0.799937 1.726271
v -0.895598 0.704789 1.723335
v -0.796269 0.789865 1.738211
v -0.634622 0.779792 1.750152
v -0.572304 0.684644 1.747216
v -0.472975 0.769719 1.762092
v -0.311329 0.759647 1.774033
v -0.149682 0.749575 1.785973
v 1.101500 0.845286 1.650093
v 1.119395 0.809646 1.714426
v 0.939853 0.835213 1.662034
v 0.957749 0.799576 1.726365
v 0.954634 1.037211 1.760125
v 0.778206 0.825140 1.673975
v 0.796102 0.789501 1.738307
v 0.792987 1.027139 1.772065
v 0.616560 0.815068 1.685915
v 0.634454 0.779428 1.750247
v 0.454912 0.804995 1.697855
v 0.472808 0.769355 1.762187
v 0.293265 0.794922 1.709796
v 0.311160 0.759282 1.774127
v 0.131618 0.784849 1.721737
v 0.149514 0.749212 1.786068
vn -0.8796 -0.1306 0.4575
vn -0.7020 0.6420 0.3082
vn -0.9485 0.2176 -0.2301
vn -0.4689 0.1728 -0.8662
vn -0.7982 -0.4479 -0.4029
vn 0.6753 0.1160 0.7284
vn 0.9806 -0.1420 -0.1351
vn 0.9325 0.3573 0.0529
vn 0.4756 0.6319 0.6119
vn -0.4522 0.7530 -0.4780
vn -0.8205 -0.3582 0.4455
vn 0.7468 -0.6449 -0.1627
vn -0.2020 -0.9722 -0.1187
vn -0.2000 -0.5424 -0.8160
vn -0.2170 0.0555 0.9746
vn 0.6891 -0.1160 0.7153
vn 0.5384 -0.3738 -0.7553
vn 0.4290 0.8997 -0.0812
vn -0.1753 0.7736 0.6090
vn 0.7438 0.3094 -0.5925
vn 0.7467 -0.6449 -0.1627
vn -0.9485 0.2177 -0.2301
vn -0.7995 -0.4440 -0.4046
vn 0.6730 0.1212 0.7297
vn 0.9803 -0.1421 -0.1373
vn -0.8281 -0.3266 0.4555
vn -0.7135 -0.6753 -0.1869
vn 0.1037 -0.6622 -0.7421
vn 0.0459 -0.9311 0.3619
vn -0.2178 0.0582 0.9743
vn 0.6470 0.0243 0.7621
vn 0.8467 -0.5318 -0.0173
vn 0.5411 -0.3694 -0.7555
vn -0.7977 -0.4477 -0.4040
vn 0.6732 0.1217 0.7293
vn -0.8022 -0.3368 0.4929
vn 0.3083 -0.4235 0.8519
vn -0.7401 -0.6402 0.2060
vn 0.0684 -0.9595 -0.2731
vn -0.2178 0.0516 0.9746
vn 0.8916 -0.4502 -0.0493
vn 0.5403 -0.3733 -0.7541
vn -0.8281 -0.3266 0.4556
vn -0.7135 -0.6753 -0.1870
vn 0.5398 0.5339 0.6508
vn 0.8927 -0.1428 0.4274
vn 0.9537 0.2976 0.0425
vn 0.8270 -0.3270 0.4574
vn 0.8013 -0.4307 -0.4153
vn -0.9369 -0.3227 -0.1342
vn -0.1428 -0.8539 -0.5004
vn -0.3572 -0.6941 0.6250
vn 0.6864 -0.7024 -0.1885
vn 0.4362 -0.3638 0.8230
vn 0.2367 0.0381 0.9708
vn -0.9786 -0.0235 0.2045
vn -0.6746 -0.3067 -0.6714
vn -0.5310 0.1333 0.8369
vn 0.4577 0.8891 -0.0104
vn -0.7477 0.6547 0.1110
vn -0.0032 0.7914 0.6113
vn -0.9329 0.3468 0.0969
vn -0.8088 0.3958 -0.4350
vn -0.9790 -0.0235 0.2023
vn 0.8270 -0.3269 0.4574
vn 0.8026 -0.4323 -0.4111
vn 0.2366 0.0381 0.9708
vn -0.6768 -0.3082 -0.6685
vn -0.5310 0.1333 0.8368
vn 0.4664 0.8846 -0.0037
vn -0.0805 0.7037 -0.7059
vn -0.4521 0.8909 -0.0437
vn 0.0026 0.7847 0.6199
vn -0.5073 0.6234 0.5950
vn -0.5049 0.2150 -0.8360
vn 0.8957 0.3353 -0.2920
vn 0.8861 -0.1475 0.4394
vn 0.7987 -0.4409 -0.4095
vn 0.7211 0.6861 0.0960
vn 0.5279 0.5294 0.6641
vn -0.9508 0.3031 0.0647
vn -0.7698 0.2675 -0.5796
vn -0.9804 -0.0203 0.1958
vn -0.1862 0.0381 -0.9818
vn 0.1864 -0.5344 -0.8244
vn -0.6864 -0.3139 -0.6561
vn 0.2661 0.1702 -0.9488
vn -0.9369 -0.3227 -0.1343
vn -0.1428 -0.8539 -0.5005
vn -0.4964 0.8676 -0.0312
vn 0.0077 0.7928 0.6095
vn -0.2564 0.7003 -0.6662
vn 0.6069 0.7326 0.3081
vn 0.8852 -0.1357 0.4449
vn 0.9379 0.3462 0.0227
vn -0.1752 0.0546 -0.9830
vn 0.1856 -0.5349 -0.8243
vn -0.6837 -0.3202 -0.6558
vn 0.4884 0.2219 -0.8440
vn 0.8017 -0.4401 -0.4044
vn 0.0027 0.8113 -0.5846
vn 0.7935 0.4186 -0.4418
vn 0.2384 0.0404 0.9703
vn -0.9777 -0.0272 0.2085
vn -0.5320 0.1306 0.8366
vn -0.7391 0.6622 0.1236
vn -0.0481 0.8015 0.5960
vn 0.3008 0.7751 0.5556
vn 0.9219 0.2831 -0.2643
vn 0.8814 -0.1391 0.4514
vn 0.7975 -0.4416 -0.4111
vn 0.8339 0.5482 0.0641
vn 0.5609 0.7554 0.3386
vn -0.1392 0.6312 0.7631
vn -0.5440 0.7336 0.4072
vn -0.5409 0.1214 0.8323
vn -0.8276 0.5610 0.0171
vn -0.8110 0.3978 -0.4289
vn -0.9791 -0.0233 0.2019
vn 0.6159 0.3723 -0.6944
vn 0.2395 0.0361 0.9702
vn -0.6769 -0.3082 -0.6685
vn -0.0593 0.8030 -0.5931
vn -0.4983 0.2156 -0.8398
vn 0.5886 0.7307 0.3460
vn 0.8861 -0.1297 0.4449
vn 0.9665 0.2460 0.0731
vn -0.9351 0.3503 0.0540
vn -0.7704 0.2751 -0.5751
vn -0.9805 -0.0201 0.1957
vn -0.1470 0.0547 -0.9876
vn -0.6864 -0.3138 -0.6561
vn 0.4678 0.2030 -0.8602
vn 0.8032 -0.4371 -0.4047
vn -0.9369 -0.3228 -0.1342
vn 0.2377 0.0461 0.9702
vn -0.5237 0.1414 0.8401
vn 0.7266 0.5237 -0.4447
vn -0.2547 0.6969 -0.6704
vn -0.4493 0.8921 -0.0471
vn 0.1787 0.7688 0.6140
vn -0.4761 0.6349 0.6085
vn 0.9410 0.2330 -0.2455
vn 0.8843 -0.1459 0.4436
vn 0.7962 -0.4401 -0.4153
vn 0.7089 0.7007 0.0804
vn 0.4902 0.6266 0.6059
vn 0.2372 0.0382 0.9707
vn -0.9787 -0.0246 0.2039
vn -0.7416 0.6618 0.1099
vn -0.0294 0.7962 0.6043
vn -0.9393 0.3299 -0.0945
vn -0.8246 -0.4299 0.3677
vn -0.7925 0.1956 0.5777
vn -0.0081 0.0282 0.9996
vn 0.0557 0.5524 0.8317
vn -0.3880 0.7026 0.5965
vn 0.8780 0.0314 -0.4777
vn 0.4650 -0.2139 -0.8591
vn 0.6684 0.2986 -0.6812
vn -0.6182 0.7847 0.0455
vn -0.1724 -0.2515 0.9524
vn -0.5763 -0.1694 0.7995
vn 0.6315 -0.4073 0.6598
vn 0.5354 -0.5890 -0.6054
vn 0.9970 0.0615 -0.0465
vn -0.5895 -0.6552 0.4724
vn -0.5135 -0.6887 -0.5119
vn 0.1159 -0.9734 0.1976
vn 0.9780 0.1500 0.1446
vn 0.6018 0.0974 0.7927
vn -0.2471 -0.4267 -0.8700
vn 0.2659 0.8550 -0.4452
vn -0.3938 0.6839 -0.6142
vn 0.0431 0.9987 0.0262
vn 0.1938 0.2894 -0.9374
vn 0.7789 0.6258 -0.0408
vn -0.8486 0.0234 -0.5285
vn -0.3080 -0.0437 -0.9504
vn 0.4915 0.6336 0.5975
vn -0.0052 0.5091 0.8607
vn 0.0078 0.0251 0.9997
vn 0.4469 0.6203 0.6445
vn -0.6871 0.2467 -0.6834
vn -0.2109 0.3014 -0.9299
vn -0.8083 -0.0370 -0.5876
vn 0.6536 -0.0132 -0.7568
vn 0.7644 -0.5595 -0.3203
vn 0.2583 -0.4485 -0.8556
vn 0.9002 0.1403 -0.4122
vn 0.1979 0.9758 0.0933
vn 0.1761 -0.2518 0.9516
vn 0.8239 -0.4298 0.3694
vn 0.5814 -0.1712 0.7954
vn -0.5795 -0.4707 -0.6653
vn -0.3980 -0.8410 0.3665
vn -0.9995 -0.0328 -0.0000
vn 0.3053 -0.8327 -0.4620
vn 0.6091 -0.6447 0.4619
vn -0.3711 -0.2585 0.8919
vn -0.6026 0.0960 0.7923
vn -0.3464 -0.2462 -0.9052
vn -0.9830 0.1431 0.1150
vn -0.3300 0.8300 -0.4497
vn -0.5177 0.8071 0.2838
vn 0.3444 0.6524 -0.6751
vn 0.1377 -0.0397 -0.9897
vn -0.3147 0.7250 0.6127
vn -0.9115 -0.1930 0.3632
vn -0.7115 0.5882 0.3844
vn -0.9264 0.2875 -0.2432
vn -0.4041 0.3563 -0.8425
vn -0.7762 -0.3301 -0.5372
vn 0.6220 -0.0472 0.7816
vn 0.9851 -0.1411 -0.0985
vn 0.9321 0.3114 0.1847
vn 0.4417 0.4825 0.7564
vn -0.4053 0.8465 -0.3452
vn -0.8632 -0.3861 0.3252
vn -0.7094 -0.6027 -0.3654
vn 0.1448 -0.5035 -0.8518
vn 0.0053 -0.9855 0.1693
vn -0.2847 -0.1311 0.9496
vn 0.5923 -0.1478 0.7921
vn 0.8371 -0.5428 -0.0685
vn 0.5868 -0.2271 -0.7772
vn 0.4481 0.8845 0.1298
vn -0.2051 0.6413 0.7394
vn 0.7884 0.3991 -0.4681
vn -0.9137 -0.1896 0.3595
vn -0.7022 0.6132 0.3619
vn -0.7763 0.5767 -0.2545
vn -0.4965 0.5215 -0.6939
vn -0.7751 -0.3241 -0.5424
vn 0.9850 -0.1348 -0.1075
vn 0.9275 0.3025 0.2198
vn 0.4403 0.4812 0.7580
vn 0.5922 -0.1478 0.7921
vn 0.8371 -0.5428 -0.0684
vn 0.5834 -0.2138 -0.7836
vn 0.4628 0.8698 0.1709
vn 0.2282 0.8465 -0.4810
vn -0.2103 0.6516 0.7288
vn 0.8596 0.4166 -0.2959
vn -0.0658 0.2632 -0.9625
vn 0.5944 0.1821 -0.7833
vn -0.7745 -0.3340 -0.5372
vn 0.6223 -0.0467 0.7814
vn -0.8402 -0.4043 0.3614
vn 0.2408 -0.5941 0.7675
vn -0.7630 -0.6460 0.0240
vn 0.0719 -0.8873 -0.4556
vn -0.2848 -0.1375 0.9487
vn 0.8854 -0.4578 -0.0804
vn 0.5858 -0.2312 -0.7768
vn -0.2051 0.6412 0.7394
vn -0.7762 -0.3301 -0.5371
vn 0.9321 0.3114 0.1848
vn 0.4416 0.4825 0.7564
vn 0.5868 -0.2271 -0.7773
vn -0.9146 -0.1933 0.3552
vn -0.7757 0.5043 0.3795
vn -0.7775 0.5687 -0.2686
vn -0.4928 0.5287 -0.6912
vn -0.7740 -0.3282 -0.5414
vn 0.6267 -0.0559 0.7773
vn 0.9852 -0.1352 -0.1053
vn 0.9275 0.2995 0.2236
vn 0.4456 0.4934 0.7470
vn -0.8554 -0.4152 0.3096
vn 0.7458 -0.6215 -0.2399
vn -0.2089 -0.9224 -0.3249
vn -0.1506 -0.3590 -0.9211
vn -0.2846 -0.1386 0.9486
vn 0.6353 -0.2771 0.7209
vn 0.5806 -0.2181 -0.7845
vn -0.2037 0.9104 0.3603
vn 0.4494 0.8813 0.1460
vn 0.2484 0.8149 -0.5237
vn 0.8601 0.4148 -0.2968
vn -0.0665 0.2659 -0.9617
vn 0.6002 0.1601 -0.7837
vn -0.2066 0.3723 0.9048
vn -0.4928 0.5287 -0.6911
vn -0.7746 -0.3266 -0.5415
vn 0.6259 -0.0590 0.7777
vn -0.8627 -0.4056 0.3022
vn 0.7770 -0.4884 -0.3972
vn -0.3829 -0.7796 -0.4956
vn -0.1471 -0.3542 -0.9235
vn -0.2828 -0.1383 0.9492
vn 0.3656 -0.7736 0.5176
vn 0.5805 -0.2181 -0.7845
vn -0.2037 0.9104 0.3602
vn -0.0666 0.2659 -0.9617
vn -0.7746 -0.3267 -0.5415
vn 0.6235 -0.0552 0.7799
vn -0.2821 -0.1334 0.9501
vn 0.4629 0.8698 0.1709
vn 0.5755 0.4091 0.7081
vn 0.9192 -0.2035 0.3371
vn 0.9478 0.3096 0.0762
vn -0.2532 0.3946 -0.8833
vn 0.1361 -0.3521 -0.9260
vn -0.7221 -0.2017 -0.6618
vn 0.1904 0.3203 -0.9280
vn 0.8622 -0.3868 0.3271
vn 0.7767 -0.3232 -0.5406
vn -0.9387 -0.3173 -0.1348
vn -0.1638 -0.7406 -0.6516
vn -0.3012 -0.8153 0.4945
vn 0.6828 -0.6297 -0.3706
vn 0.4987 -0.5076 0.7026
vn 0.3036 -0.1495 0.9410
vn -0.9599 -0.0966 0.2631
vn -0.4730 -0.0525 0.8795
vn 0.4403 0.8855 0.1483
vn -0.7434 0.6013 0.2929
vn 0.0269 0.6529 0.7570
vn 0.4714 0.5754 -0.6684
vn 0.8302 0.4782 -0.2865
vn 0.9120 -0.1922 0.3623
vn 0.7745 -0.3250 -0.5427
vn 0.8308 0.5443 0.1164
vn 0.5639 0.6808 0.4675
vn -0.9500 0.2184 0.2233
vn -0.7668 0.5480 -0.3342
vn -0.9639 -0.0895 0.2509
vn 0.8622 -0.3868 0.3270
vn -0.9387 -0.3174 -0.1348
vn 0.3055 -0.1426 0.9415
vn -0.7184 -0.1855 -0.6704
vn -0.4691 -0.0500 0.8817
vn -0.5004 0.8359 0.2254
vn 0.1651 0.6063 0.7779
vn -0.5028 0.3654 -0.7834
vn 0.4655 0.5579 -0.6870
vn 0.8460 0.4551 -0.2777
vn 0.7751 -0.3259 -0.5413
vn 0.8363 0.5345 0.1220
vn 0.5634 0.6787 0.4711
vn -0.9425 0.2450 0.2271
vn -0.8846 0.3830 -0.2661
vn -0.9620 -0.0939 0.2564
vn -0.2239 0.2802 -0.9335
vn 0.1367 -0.3531 -0.9255
vn -0.7242 -0.2004 -0.6599
vn 0.1756 0.3553 -0.9181
vn -0.1637 -0.7406 -0.6516
vn 0.4936 0.5750 -0.6525
vn -0.5060 0.8351 0.2158
vn -0.5858 0.5155 -0.6254
vn 0.5844 0.3889 0.7122
vn 0.9193 -0.2030 0.3371
vn 0.8721 0.4840 0.0721
vn -0.9457 0.1979 0.2579
vn -0.8487 0.4233 -0.3172
vn -0.9619 -0.0929 0.2571
vn 0.2917 0.9440 0.1540
vn 0.7942 0.4848 -0.3664
vn 0.7761 -0.3222 -0.5420
vn -0.7170 -0.1886 -0.6710
vn 0.4395 0.5627 -0.7002
vn -0.5003 0.8622 0.0800
vn 0.0265 0.6375 0.7700
vn -0.5192 0.4223 -0.7430
vn 0.9175 0.3054 -0.2547
vn 0.9160 -0.2069 0.3437
vn 0.7737 -0.3265 -0.5429
vn 0.7045 0.6857 0.1830
vn 0.5701 0.3898 0.7232
vn -0.9293 0.2924 0.2256
vn -0.8436 0.4503 -0.2925
vn -0.9619 -0.0927 0.2571
vn -0.1459 0.8288 -0.5401
vn -0.4656 0.8694 0.1656
vn 0.0339 0.6504 0.7588
vn -0.4743 0.4765 0.7403
vn -0.5658 0.3624 -0.7407
vn -0.9487 0.2554 0.1865
vn -0.8128 0.3546 -0.4622
vn -0.9638 -0.0883 0.2515
vn -0.2552 0.2278 -0.9397
vn -0.7255 -0.1969 -0.6594
vn 0.1961 0.3642 -0.9104
vn 0.2911 0.9444 0.1529
vn 0.7961 0.4922 -0.3521
vn 0.7767 -0.3233 -0.5406
vn -0.5178 0.8368 0.1781
vn 0.0289 0.6363 0.7709
vn -0.3166 0.8081 -0.4967
vn -0.1638 -0.7407 -0.6516
vn 0.6828 -0.6297 -0.3705
vn 0.4402 0.8856 0.1483
vn -0.2741 -0.5300 0.8025
vn 0.2048 0.3088 -0.9288
vn -0.2076 -0.5312 -0.8214
vn -0.4198 -0.3343 0.8438
vn -0.2098 -0.5483 -0.8096
vn -0.4197 -0.3343 0.8439
vn 0.7095 0.3488 -0.6123
vn -0.4919 0.6357 0.5949
vn -0.7940 0.4895 -0.3605
vn -0.4784 0.2324 -0.8468
vn 0.1511 0.3054 -0.9402
vn 0.1815 -0.5220 -0.8334
vn 0.7088 0.3515 -0.6116
vn 0.2074 0.0464 -0.9772
vn 0.1817 -0.5258 -0.8310
vn 0.5741 0.4070 -0.7104
vn -0.5060 0.6219 0.5976
vn -0.5277 0.5307 0.6633
vn -0.9361 0.2573 -0.2397
vn -0.6311 0.3662 -0.6838
vn 0.2712 0.6851 0.6761
vn 0.1733 0.0477 -0.9837
vn 0.6038 0.3687 -0.7067
vn -0.5277 0.5306 0.6633
vn -0.7920 0.4934 -0.3597
vn -0.4784 0.2325 -0.8468
vn 0.1370 0.3107 -0.9406
vn -0.7677 -0.5536 -0.3228
vn 0.0857 -0.2883 0.9537
vn 0.8468 0.4067 0.3429
vn 0.6850 0.3073 0.6606
vn 0.9123 0.4051 -0.0593
vn -0.8460 0.5315 -0.0437
vn 0.2745 0.4818 -0.8322
vn -0.1580 -0.3500 -0.9233
vn -0.4833 -0.4833 0.7299
vn -0.1576 -0.3467 -0.9246
vn -0.4833 -0.4833 0.7300
vn -0.1613 -0.3690 -0.9153
vn -0.3383 -0.6711 0.6597
vn -0.5357 -0.4661 0.7041
vn -0.5357 -0.4661 0.7042
vn 0.8291 0.4131 -0.3768
vn -0.4591 0.4891 0.7416
vn -0.9568 0.2625 -0.1248
vn -0.6488 0.5164 -0.5590
vn -0.4655 0.4085 0.7851
vn 0.0400 0.2982 -0.9537
vn 0.1314 -0.3435 -0.9299
vn -0.4752 0.4928 0.7289
vn 0.0409 0.2796 -0.9593
vn 0.1314 -0.3436 -0.9299
vn 0.5518 0.5172 -0.6543
vn 0.1172 0.2261 -0.9670
vn 0.5046 0.5559 -0.6606
vn -0.4728 0.4746 0.7424
vn -0.9568 0.2625 -0.1247
vt 0.229443 0.240896
vt 0.229388 0.253096
vt 0.224641 0.252111
vt 0.655410 0.283797
vt 0.640421 0.283619
vt 0.654352 0.280341
vt 0.027531 0.835547
vt 0.029956 0.836478
vt 0.027774 0.850351
vt 0.807998 0.219248
vt 0.821541 0.216783
vt 0.822088 0.220120
vt 0.944739 0.368229
vt 0.945586 0.364125
vt 0.946663 0.370633
vt 0.225918 0.238886
vt 0.229674 0.232178
vt 0.629144 0.289997
vt 0.627413 0.289021
vt 0.638965 0.287266
vt 0.805637 0.222918
vt 0.794871 0.217609
vt 0.028333 0.822468
vt 0.032923 0.836481
vt 0.955638 0.363671
vt 0.948825 0.361331
vt 0.957421 0.364387
vt 0.957299 0.369883
vt 0.954304 0.361144
vt 0.307544 0.093807
vt 0.319744 0.093862
vt 0.318759 0.098609
vt 0.655410 0.347155
vt 0.640421 0.346977
vt 0.654352 0.343699
vt 0.154118 0.835547
vt 0.156543 0.836478
vt 0.154362 0.850351
vt 0.807998 0.472585
vt 0.821541 0.470120
vt 0.822088 0.473457
vt 0.944739 0.434955
vt 0.945586 0.430851
vt 0.946663 0.437359
vt 0.305534 0.097332
vt 0.298826 0.093576
vt 0.629144 0.353355
vt 0.627413 0.352379
vt 0.638965 0.350624
vt 0.805637 0.476256
vt 0.794871 0.470947
vt 0.154920 0.822468
vt 0.159511 0.836481
vt 0.955638 0.430397
vt 0.948825 0.428057
vt 0.957421 0.431113
vt 0.957299 0.436609
vt 0.954304 0.427870
vt 0.307544 0.157107
vt 0.319744 0.157162
vt 0.318759 0.161908
vt 0.655410 0.473871
vt 0.640421 0.473693
vt 0.654352 0.470415
vt 0.807353 0.732362
vt 0.808284 0.729936
vt 0.822158 0.732118
vt 0.807998 0.282582
vt 0.821541 0.280117
vt 0.822088 0.283455
vt 0.944739 0.101325
vt 0.945586 0.097222
vt 0.946663 0.103730
vt 0.305534 0.160632
vt 0.298826 0.156875
vt 0.629144 0.480072
vt 0.627413 0.479095
vt 0.638965 0.477340
vt 0.805637 0.286253
vt 0.794871 0.280944
vt 0.794275 0.731559
vt 0.808287 0.726969
vt 0.955638 0.096767
vt 0.948825 0.094427
vt 0.957421 0.097483
vt 0.957299 0.102979
vt 0.954304 0.094240
vt 0.307544 0.220406
vt 0.319744 0.220461
vt 0.318759 0.225208
vt 0.655410 0.220439
vt 0.640421 0.220261
vt 0.654352 0.216983
vt 0.217412 0.835547
vt 0.219837 0.836478
vt 0.217655 0.850351
vt 0.807998 0.535919
vt 0.821541 0.533454
vt 0.822088 0.536792
vt 0.944739 0.168051
vt 0.945586 0.163948
vt 0.946663 0.170456
vt 0.305534 0.223931
vt 0.298826 0.220175
vt 0.629144 0.226639
vt 0.627413 0.225663
vt 0.638965 0.223908
vt 0.805637 0.539590
vt 0.794871 0.534281
vt 0.218214 0.822468
vt 0.222804 0.836481
vt 0.955638 0.163493
vt 0.948825 0.161153
vt 0.957421 0.164209
vt 0.957299 0.169705
vt 0.954304 0.160966
vt 0.032792 0.336494
vt 0.032737 0.348695
vt 0.027991 0.347709
vt 0.033080 0.683933
vt 0.033258 0.668943
vt 0.036536 0.682875
vt 0.090824 0.835547
vt 0.093250 0.836478
vt 0.091068 0.850351
vt 0.807998 0.345916
vt 0.821541 0.343451
vt 0.822088 0.346789
vt 0.944739 0.501681
vt 0.945586 0.497577
vt 0.946663 0.504085
vt 0.029267 0.334484
vt 0.033024 0.327776
vt 0.029488 0.658088
vt 0.027443 0.657204
vt 0.027305 0.655426
vt 0.805637 0.349587
vt 0.795692 0.344339
vt 0.091475 0.822238
vt 0.096217 0.836481
vt 0.955638 0.497123
vt 0.948825 0.494783
vt 0.957421 0.497839
vt 0.957299 0.503335
vt 0.954304 0.494596
vt 0.307544 0.030507
vt 0.319744 0.030562
vt 0.318759 0.035309
vt 0.655410 0.537229
vt 0.640421 0.537051
vt 0.654352 0.533773
vt 0.807353 0.669068
vt 0.808284 0.666643
vt 0.822158 0.668824
vt 0.807998 0.409250
vt 0.821541 0.406786
vt 0.822088 0.410123
vt 0.944739 0.234777
vt 0.945586 0.230673
vt 0.946663 0.237182
vt 0.305534 0.034032
vt 0.298826 0.030276
vt 0.290126 0.026882
vt 0.291686 0.028813
vt 0.288895 0.027456
vt 0.805637 0.412921
vt 0.794148 0.408318
vt 0.794045 0.668417
vt 0.808288 0.663675
vt 0.955638 0.230219
vt 0.948825 0.227879
vt 0.957421 0.230935
vt 0.957299 0.236431
vt 0.954304 0.227692
vt 0.096092 0.336495
vt 0.096037 0.348695
vt 0.091290 0.347709
vt 0.655410 0.410513
vt 0.640420 0.410335
vt 0.654352 0.407057
vt 0.280706 0.835547
vt 0.283131 0.836478
vt 0.280949 0.850351
vt 0.807998 0.599253
vt 0.821541 0.596789
vt 0.822088 0.600126
vt 0.944739 0.301503
vt 0.945586 0.297399
vt 0.946663 0.303908
vt 0.092567 0.334484
vt 0.096323 0.327776
vt 0.629566 0.414105
vt 0.628681 0.416149
vt 0.626903 0.416288
vt 0.805637 0.602924
vt 0.795692 0.597676
vt 0.281356 0.822238
vt 0.286098 0.836481
vt 0.955638 0.296945
vt 0.948825 0.294605
vt 0.957421 0.297661
vt 0.957299 0.303157
vt 0.954304 0.294418
vt 0.096476 0.517192
vt 0.097191 0.505160
vt 0.099886 0.515826
vt 0.159285 0.662831
vt 0.160561 0.668997
vt 0.155731 0.673016
vt 0.543853 0.407282
vt 0.543852 0.408495
vt 0.542665 0.407608
vt 0.192422 0.165724
vt 0.195396 0.165795
vt 0.192290 0.166613
vt 0.196555 0.167283
vt 0.090234 0.489695
vt 0.091516 0.489613
vt 0.092955 0.500459
vt 0.095874 0.497980
vt 0.723118 0.739695
vt 0.725579 0.753584
vt 0.723093 0.753294
vt 0.723802 0.738948
vt 0.728545 0.753504
vt 0.887462 0.626108
vt 0.876656 0.627860
vt 0.881984 0.623198
vt 0.413246 0.517192
vt 0.413961 0.505160
vt 0.416656 0.515826
vt 0.822226 0.096046
vt 0.822155 0.099712
vt 0.808455 0.096976
vt 0.412480 0.662830
vt 0.413757 0.668997
vt 0.408926 0.673016
vt 0.163126 0.572420
vt 0.161913 0.572418
vt 0.162800 0.571231
vt 0.488331 0.821965
vt 0.488260 0.824939
vt 0.487442 0.821833
vt 0.486771 0.826098
vt 0.407004 0.489694
vt 0.408286 0.489613
vt 0.409725 0.500459
vt 0.412645 0.497980
vt 0.794565 0.099437
vt 0.808164 0.099461
vt 0.793819 0.098753
vt 0.808374 0.094009
vt 0.887461 0.826223
vt 0.883292 0.834551
vt 0.877477 0.827906
vt 0.881984 0.823313
vt 0.876134 0.829218
vt 0.877977 0.825111
vt 0.877271 0.833223
vt 0.879822 0.835342
vt 0.220388 0.684234
vt 0.219029 0.673016
vt 0.223860 0.668997
vt 0.216816 0.683859
vt 0.286538 0.517192
vt 0.287253 0.505159
vt 0.289897 0.516898
vt 0.599663 0.766949
vt 0.596200 0.767285
vt 0.598936 0.753584
vt 0.571842 0.476510
vt 0.555456 0.476506
vt 0.558087 0.473133
vt 0.572101 0.480140
vt 0.222584 0.662830
vt 0.543853 0.470641
vt 0.543852 0.471855
vt 0.542665 0.470967
vt 0.657907 0.821965
vt 0.657836 0.824939
vt 0.657018 0.821833
vt 0.656347 0.826098
vt 0.280296 0.489695
vt 0.281578 0.489613
vt 0.283017 0.500459
vt 0.285936 0.497980
vt 0.596475 0.739695
vt 0.596450 0.753294
vt 0.597159 0.738949
vt 0.601902 0.753504
vt 0.887989 0.693093
vt 0.877131 0.694574
vt 0.881984 0.689903
vt 0.572675 0.474707
vt 0.571642 0.471751
vt 0.034810 0.517157
vt 0.033837 0.505160
vt 0.036531 0.515826
vt 0.283976 0.600409
vt 0.283980 0.584022
vt 0.287353 0.586654
vt 0.280346 0.600668
vt 0.351670 0.684383
vt 0.350458 0.668997
vt 0.352772 0.665096
vt 0.883356 0.767500
vt 0.889107 0.764501
vt 0.887404 0.767523
vt 0.349181 0.662830
vt 0.345627 0.673016
vt 0.289845 0.572420
vt 0.288631 0.572419
vt 0.289519 0.571231
vt 0.770959 0.821965
vt 0.770887 0.824939
vt 0.770070 0.821833
vt 0.769399 0.826098
vt 0.026880 0.489694
vt 0.028162 0.489613
vt 0.029600 0.500459
vt 0.032520 0.497980
vt 0.659796 0.739695
vt 0.662258 0.753584
vt 0.659772 0.753294
vt 0.660480 0.738949
vt 0.665224 0.753504
vt 0.876656 0.761271
vt 0.881361 0.756680
vt 0.884919 0.757164
vt 0.283398 0.683672
vt 0.282328 0.673016
vt 0.287159 0.668997
vt 0.280115 0.683859
vt 0.351019 0.517137
vt 0.350607 0.505159
vt 0.353251 0.516898
vt 0.542465 0.766746
vt 0.540211 0.767031
vt 0.538581 0.753504
vt 0.536860 0.767228
vt 0.532878 0.767285
vt 0.535615 0.753584
vt 0.888478 0.566190
vt 0.886538 0.557858
vt 0.888370 0.559908
vt 0.285883 0.662830
vt 0.099767 0.572420
vt 0.098553 0.572419
vt 0.099441 0.571231
vt 0.544856 0.821965
vt 0.544785 0.824939
vt 0.543967 0.821833
vt 0.543296 0.826098
vt 0.343650 0.489695
vt 0.344932 0.489613
vt 0.346371 0.500459
vt 0.349290 0.497980
vt 0.533153 0.739695
vt 0.533129 0.753294
vt 0.533837 0.738949
vt 0.883681 0.567330
vt 0.877892 0.558725
vt 0.877271 0.566403
vt 0.879822 0.568522
vt 0.224872 0.517157
vt 0.223899 0.505160
vt 0.226594 0.515826
vt 0.822226 0.159367
vt 0.822155 0.163033
vt 0.808454 0.160297
vt 0.030538 0.600409
vt 0.030542 0.584022
vt 0.033916 0.586654
vt 0.026909 0.600668
vt 0.478268 0.684383
vt 0.477056 0.668997
vt 0.479369 0.665097
vt 0.475779 0.662831
vt 0.472225 0.673016
vt 0.036407 0.572420
vt 0.035194 0.572418
vt 0.036081 0.571231
vt 0.714433 0.821965
vt 0.714362 0.824939
vt 0.713544 0.821833
vt 0.712873 0.826098
vt 0.216942 0.489695
vt 0.218224 0.489613
vt 0.219663 0.500459
vt 0.222582 0.497980
vt 0.794565 0.162759
vt 0.808164 0.162783
vt 0.793819 0.162075
vt 0.808374 0.157331
vt 0.888855 0.430972
vt 0.880897 0.434743
vt 0.877477 0.427676
vt 0.883650 0.423231
vt 0.876134 0.428987
vt 0.877977 0.424880
vt 0.032342 0.601242
vt 0.035298 0.600209
vt 0.093501 0.683672
vt 0.092432 0.673016
vt 0.097262 0.668997
vt 0.090219 0.683908
vt 0.159769 0.517241
vt 0.160545 0.505160
vt 0.163186 0.516944
vt 0.095986 0.662830
vt 0.226486 0.572420
vt 0.225272 0.572418
vt 0.226160 0.571231
vt 0.601382 0.821965
vt 0.601311 0.824939
vt 0.600493 0.821833
vt 0.599822 0.826098
vt 0.153588 0.489695
vt 0.154870 0.489613
vt 0.156309 0.500459
vt 0.159228 0.497980
vt 0.794565 0.036116
vt 0.808454 0.033654
vt 0.808164 0.036140
vt 0.793819 0.035431
vt 0.808374 0.030688
vt 0.887948 0.493022
vt 0.876656 0.494450
vt 0.881361 0.489859
vt 0.030124 0.167537
vt 0.030004 0.145279
vt 0.035689 0.166048
vt 0.120527 0.037147
vt 0.137620 0.037661
vt 0.137180 0.040822
vt 0.106009 0.242159
vt 0.109865 0.243525
vt 0.105256 0.263207
vt 0.353484 0.821500
vt 0.357414 0.823948
vt 0.350387 0.822155
vt 0.033232 0.138328
vt 0.034967 0.149370
vt 0.095622 0.027838
vt 0.095071 0.026790
vt 0.098164 0.027057
vt 0.028716 0.128498
vt 0.026914 0.128282
vt 0.028111 0.125344
vt 0.118151 0.028391
vt 0.113845 0.031037
vt 0.110396 0.223900
vt 0.213536 0.039304
vt 0.193036 0.040827
vt 0.213888 0.036615
vt 0.354296 0.838576
vt 0.344553 0.833394
vt 0.359598 0.830427
vt 0.344925 0.825382
vt 0.352518 0.840615
vt 0.346785 0.839051
vt 0.358351 0.837842
vt 0.232872 0.028458
vt 0.234597 0.035045
vt 0.233046 0.036319
vt 0.234654 0.027261
vt 0.361217 0.830177
vt 0.029410 0.070151
vt 0.032603 0.052975
vt 0.032913 0.070885
vt 0.233692 0.098961
vt 0.234299 0.104800
vt 0.214279 0.099510
vt 0.039043 0.262737
vt 0.037441 0.239221
vt 0.040035 0.244189
vt 0.033140 0.262961
vt 0.422843 0.821961
vt 0.420278 0.824184
vt 0.418486 0.822918
vt 0.036297 0.040717
vt 0.040000 0.051202
vt 0.037401 0.053437
vt 0.094533 0.125902
vt 0.095722 0.125549
vt 0.095005 0.128174
vt 0.193703 0.100461
vt 0.192551 0.101424
vt 0.191957 0.100343
vt 0.169344 0.224056
vt 0.167267 0.227489
vt 0.168378 0.222382
vt 0.036339 0.026935
vt 0.036844 0.029593
vt 0.034829 0.029868
vt 0.097687 0.129353
vt 0.101670 0.144448
vt 0.103030 0.137755
vt 0.106744 0.149453
vt 0.213926 0.103590
vt 0.194516 0.099106
vt 0.214226 0.096599
vt 0.419291 0.837888
vt 0.415081 0.829896
vt 0.426305 0.840269
vt 0.430406 0.836152
vt 0.429669 0.839232
vt 0.432096 0.836416
vt 0.416472 0.825924
vt 0.285234 0.336162
vt 0.285463 0.348358
vt 0.280847 0.347605
vt 0.488669 0.030353
vt 0.473312 0.030168
vt 0.487416 0.026825
vt 0.944864 0.619180
vt 0.945179 0.616889
vt 0.949091 0.618439
vt 0.724986 0.345769
vt 0.738963 0.343539
vt 0.739180 0.346946
vt 0.561034 0.909714
vt 0.563200 0.906080
vt 0.562079 0.912566
vt 0.281839 0.334374
vt 0.285399 0.327550
vt 0.460985 0.033956
vt 0.460903 0.035882
vt 0.458540 0.035766
vt 0.722601 0.349368
vt 0.712436 0.343966
vt 0.092909 0.753708
vt 0.090511 0.752722
vt 0.090810 0.739610
vt 0.095873 0.753659
vt 0.572827 0.908997
vt 0.567167 0.904537
vt 0.574218 0.910405
vt 0.572294 0.915553
vt 0.572368 0.906250
vt 0.392179 0.030852
vt 0.404376 0.030623
vt 0.403623 0.035240
vt 0.488740 0.093316
vt 0.473312 0.093464
vt 0.487960 0.090139
vt 0.944864 0.562937
vt 0.945179 0.560646
vt 0.949091 0.562197
vt 0.034223 0.753323
vt 0.036452 0.767300
vt 0.033045 0.767517
vt 0.390391 0.034247
vt 0.383567 0.030688
vt 0.460985 0.097253
vt 0.460903 0.099178
vt 0.458540 0.099063
vt 0.030623 0.750937
vt 0.036026 0.740772
vt 0.156148 0.753708
vt 0.153749 0.752722
vt 0.154049 0.739610
vt 0.159112 0.753659
vt 0.639703 0.908969
vt 0.636049 0.915856
vt 0.633940 0.904537
vt 0.629355 0.915105
vt 0.627988 0.910499
vt 0.640991 0.910405
vt 0.639902 0.914396
vt 0.639141 0.906250
vt 0.633302 0.917460
vt 0.637447 0.916869
vt 0.392179 0.094014
vt 0.404376 0.093785
vt 0.403623 0.098402
vt 0.488669 0.283540
vt 0.473312 0.283355
vt 0.487416 0.280012
vt 0.944864 0.675423
vt 0.945179 0.673131
vt 0.949091 0.674682
vt 0.724987 0.472323
vt 0.738963 0.470093
vt 0.739180 0.473500
vt 0.761353 0.909714
vt 0.763518 0.906080
vt 0.762398 0.912566
vt 0.390391 0.097410
vt 0.383567 0.093850
vt 0.374820 0.090256
vt 0.376567 0.092338
vt 0.373837 0.090870
vt 0.722601 0.475922
vt 0.710884 0.471053
vt 0.219386 0.753708
vt 0.216988 0.752722
vt 0.217287 0.739610
vt 0.222350 0.753659
vt 0.773145 0.908997
vt 0.767486 0.904537
vt 0.774536 0.910405
vt 0.772612 0.915553
vt 0.772687 0.906250
vt 0.392179 0.157176
vt 0.404376 0.156948
vt 0.403623 0.161564
vt 0.488669 0.156946
vt 0.473312 0.156761
vt 0.487416 0.153418
vt 0.944864 0.731665
vt 0.945179 0.729374
vt 0.949091 0.730925
vt 0.724986 0.409046
vt 0.738963 0.406816
vt 0.739180 0.410223
vt 0.694580 0.909714
vt 0.696746 0.906080
vt 0.695625 0.912566
vt 0.390391 0.160572
vt 0.383567 0.157012
vt 0.460985 0.160550
vt 0.460904 0.162475
vt 0.458540 0.162360
vt 0.722601 0.412645
vt 0.712436 0.407243
vt 0.282625 0.753708
vt 0.280226 0.752722
vt 0.280526 0.739610
vt 0.285589 0.753659
vt 0.706373 0.908997
vt 0.700713 0.904537
vt 0.707763 0.910405
vt 0.705840 0.915553
vt 0.705914 0.906250
vt 0.158910 0.336162
vt 0.159323 0.348339
vt 0.154522 0.347605
vt 0.488740 0.219909
vt 0.473312 0.220058
vt 0.487960 0.216733
vt 0.944864 0.900394
vt 0.945179 0.898102
vt 0.949090 0.899653
vt 0.724986 0.598877
vt 0.738963 0.596648
vt 0.739180 0.600055
vt 0.155514 0.334374
vt 0.159074 0.327550
vt 0.461316 0.226316
vt 0.459309 0.225339
vt 0.471827 0.223700
vt 0.722601 0.602477
vt 0.711611 0.596995
vt 0.345863 0.753708
vt 0.343465 0.752722
vt 0.343920 0.739837
vt 0.348827 0.753659
vt 0.945704 0.035109
vt 0.949491 0.028190
vt 0.956458 0.031467
vt 0.955599 0.038434
vt 0.950992 0.039802
vt 0.950899 0.026799
vt 0.954890 0.027887
vt 0.946743 0.028648
vt 0.957954 0.034487
vt 0.957363 0.030342
vt 0.944739 0.032285
vt 0.222072 0.336162
vt 0.222486 0.348339
vt 0.217684 0.347605
vt 0.488740 0.409799
vt 0.473312 0.409948
vt 0.487960 0.406623
vt 0.944864 0.787908
vt 0.945179 0.785617
vt 0.949091 0.787167
vt 0.724986 0.662154
vt 0.738963 0.659925
vt 0.739180 0.663332
vt 0.218677 0.334374
vt 0.222236 0.327550
vt 0.461315 0.416206
vt 0.459852 0.415269
vt 0.471827 0.413590
vt 0.722601 0.665754
vt 0.710441 0.660486
vt 0.472340 0.753708
vt 0.469942 0.752722
vt 0.470397 0.739837
vt 0.475304 0.753659
vt 0.499135 0.905210
vt 0.506054 0.908997
vt 0.502777 0.915964
vt 0.495810 0.915105
vt 0.494442 0.910499
vt 0.507445 0.910405
vt 0.506357 0.914396
vt 0.505595 0.906250
vt 0.499756 0.917460
vt 0.503902 0.916869
vt 0.501958 0.904246
vt 0.392179 0.220339
vt 0.404376 0.220110
vt 0.403623 0.224726
vt 0.488740 0.346503
vt 0.473312 0.346651
vt 0.487960 0.343326
vt 0.944864 0.844151
vt 0.945179 0.841860
vt 0.949091 0.843410
vt 0.724986 0.535600
vt 0.738963 0.533370
vt 0.739180 0.536778
vt 0.390391 0.223734
vt 0.383567 0.220174
vt 0.461316 0.352909
vt 0.459852 0.351972
vt 0.471827 0.350293
vt 0.722601 0.539199
vt 0.710441 0.533932
vt 0.409102 0.753708
vt 0.406704 0.752722
vt 0.407159 0.739837
vt 0.412066 0.753659
vt 0.840021 0.908969
vt 0.836367 0.915856
vt 0.834259 0.904537
vt 0.829674 0.915105
vt 0.828306 0.910499
vt 0.841309 0.910405
vt 0.840221 0.914396
vt 0.839460 0.906250
vt 0.833621 0.917460
vt 0.837766 0.916869
vt 0.572417 0.347066
vt 0.560309 0.346277
vt 0.571272 0.343758
vt 0.656207 0.159385
vt 0.639469 0.159572
vt 0.642213 0.156176
vt 0.656137 0.163260
vt 0.285413 0.412714
vt 0.287559 0.417848
vt 0.282644 0.421731
vt 0.627735 0.153711
vt 0.627759 0.154915
vt 0.626459 0.154061
vt 0.289735 0.403822
vt 0.288661 0.405328
vt 0.289075 0.402681
vt 0.876492 0.198840
vt 0.879148 0.197920
vt 0.879362 0.199328
vt 0.542908 0.352989
vt 0.544900 0.352120
vt 0.555594 0.350498
vt 0.551179 0.348906
vt 0.711325 0.226160
vt 0.725434 0.223693
vt 0.725346 0.226216
vt 0.710594 0.225482
vt 0.725357 0.220729
vt 0.435886 0.916443
vt 0.437751 0.905685
vt 0.440391 0.912272
vt 0.428853 0.914367
vt 0.427772 0.912360
vt 0.428052 0.908377
vt 0.347352 0.433112
vt 0.346002 0.421731
vt 0.350917 0.417848
vt 0.343633 0.432428
vt 0.572387 0.219173
vt 0.560309 0.219500
vt 0.572395 0.217062
vt 0.738825 0.286268
vt 0.739463 0.289784
vt 0.725434 0.287036
vt 0.348771 0.412714
vt 0.416633 0.572507
vt 0.415430 0.572531
vt 0.416283 0.571231
vt 0.353093 0.403822
vt 0.352020 0.405328
vt 0.352434 0.402681
vt 0.876492 0.142257
vt 0.879148 0.141337
vt 0.879362 0.142745
vt 0.542908 0.226213
vt 0.544900 0.225343
vt 0.555594 0.223721
vt 0.551179 0.222130
vt 0.711325 0.289503
vt 0.725345 0.289558
vt 0.710594 0.288824
vt 0.725357 0.284072
vt 0.370841 0.916096
vt 0.370834 0.906127
vt 0.373200 0.913227
vt 0.362697 0.906081
vt 0.365403 0.904882
vt 0.361866 0.914212
vt 0.030558 0.433112
vt 0.029209 0.421731
vt 0.034124 0.417848
vt 0.026840 0.432428
vt 0.572387 0.155785
vt 0.560309 0.156112
vt 0.572395 0.153674
vt 0.536896 0.683707
vt 0.533380 0.684345
vt 0.536129 0.670316
vt 0.656211 0.032749
vt 0.639469 0.032798
vt 0.642213 0.029402
vt 0.656137 0.036486
vt 0.031978 0.412714
vt 0.627735 0.026938
vt 0.627759 0.028141
vt 0.626459 0.027288
vt 0.036300 0.403822
vt 0.035227 0.405328
vt 0.035641 0.402681
vt 0.876492 0.255424
vt 0.879147 0.254503
vt 0.879362 0.255911
vt 0.542908 0.162824
vt 0.544900 0.161955
vt 0.555594 0.160333
vt 0.551179 0.158742
vt 0.533662 0.656207
vt 0.533606 0.670227
vt 0.534340 0.655476
vt 0.539093 0.670238
vt 0.094945 0.914367
vt 0.103707 0.906128
vt 0.103714 0.916096
vt 0.106074 0.913227
vt 0.093864 0.912360
vt 0.096139 0.905847
vt 0.572417 0.283677
vt 0.560309 0.282888
vt 0.572425 0.280452
vt 0.600239 0.683707
vt 0.596723 0.684345
vt 0.599472 0.670316
vt 0.236675 0.915573
vt 0.234172 0.917304
vt 0.230793 0.916449
vt 0.238469 0.915645
vt 0.158696 0.412714
vt 0.160842 0.417848
vt 0.155927 0.421731
vt 0.353246 0.572507
vt 0.352043 0.572531
vt 0.352896 0.571231
vt 0.163018 0.403822
vt 0.161944 0.405328
vt 0.162358 0.402681
vt 0.876492 0.312007
vt 0.879148 0.311086
vt 0.879362 0.312494
vt 0.542908 0.289601
vt 0.544900 0.288731
vt 0.555594 0.287110
vt 0.551179 0.285518
vt 0.597005 0.656207
vt 0.596949 0.670227
vt 0.597683 0.655476
vt 0.602435 0.670238
vt 0.228280 0.914050
vt 0.236430 0.906317
vt 0.240046 0.912271
vt 0.232211 0.904495
vt 0.229238 0.906115
vt 0.403602 0.285732
vt 0.392781 0.286798
vt 0.388898 0.281883
vt 0.403526 0.289168
vt 0.476743 0.516966
vt 0.477532 0.504858
vt 0.479966 0.516992
vt 0.739237 0.032694
vt 0.739463 0.036413
vt 0.725434 0.033665
vt 0.383763 0.284029
vt 0.627735 0.090325
vt 0.627759 0.091528
vt 0.626459 0.090675
vt 0.374872 0.279707
vt 0.376378 0.280781
vt 0.373731 0.280367
vt 0.876492 0.368590
vt 0.879148 0.367669
vt 0.879362 0.369077
vt 0.470819 0.487457
vt 0.471689 0.489449
vt 0.473310 0.500143
vt 0.474902 0.495728
vt 0.711325 0.036131
vt 0.725345 0.036187
vt 0.710594 0.035453
vt 0.725357 0.030701
vt 0.034716 0.916793
vt 0.028721 0.909711
vt 0.036923 0.906479
vt 0.039702 0.912271
vt 0.035992 0.904777
vt 0.039301 0.907895
vt 0.031867 0.904495
vt 0.028894 0.906115
vt 0.572417 0.030124
vt 0.560309 0.029335
vt 0.572425 0.026899
vt 0.738825 0.096240
vt 0.739463 0.099756
vt 0.725434 0.097007
vt 0.474209 0.600982
vt 0.474160 0.584241
vt 0.477556 0.586985
vt 0.470472 0.600909
vt 0.303456 0.915573
vt 0.300953 0.917304
vt 0.297574 0.916449
vt 0.305251 0.915645
vt 0.222054 0.412713
vt 0.224200 0.417848
vt 0.219285 0.421732
vt 0.480020 0.572507
vt 0.478817 0.572531
vt 0.479670 0.571231
vt 0.226376 0.403822
vt 0.225302 0.405328
vt 0.225717 0.402681
vt 0.876492 0.085674
vt 0.879148 0.084754
vt 0.879362 0.086162
vt 0.542908 0.036048
vt 0.544900 0.035178
vt 0.555594 0.033557
vt 0.551179 0.031965
vt 0.711325 0.099474
vt 0.725345 0.099530
vt 0.710594 0.098796
vt 0.725357 0.094044
vt 0.304052 0.906127
vt 0.306828 0.912271
vt 0.296219 0.907314
vt 0.294408 0.908312
vt 0.297623 0.904900
vt 0.572417 0.093513
vt 0.560309 0.092724
vt 0.571272 0.090205
vt 0.537733 0.600978
vt 0.537547 0.584241
vt 0.540943 0.586985
vt 0.533858 0.600909
vt 0.095337 0.412714
vt 0.097483 0.417848
vt 0.092568 0.421731
vt 0.543407 0.572507
vt 0.542204 0.572531
vt 0.543057 0.571231
vt 0.099659 0.403822
vt 0.098585 0.405328
vt 0.098999 0.402681
vt 0.876492 0.029091
vt 0.879148 0.028171
vt 0.879362 0.029579
vt 0.542908 0.099436
vt 0.544900 0.098567
vt 0.555594 0.096945
vt 0.551179 0.095354
vt 0.711325 0.162817
vt 0.725434 0.160350
vt 0.725345 0.162873
vt 0.710594 0.162139
vt 0.725357 0.157386
vt 0.168760 0.916443
vt 0.170625 0.905685
vt 0.173265 0.912272
vt 0.161727 0.914367
vt 0.160646 0.912360
vt 0.160926 0.908377
vt 0.821841 0.225547
vt 0.517783 0.971564
vt 0.517138 0.972471
vt 0.517053 0.971550
vt 0.033012 0.850177
vt 0.036482 0.849570
vt 0.655516 0.288384
vt 0.642433 0.289049
vt 0.655837 0.280410
vt 0.232222 0.222683
vt 0.232894 0.223887
vt 0.319541 0.090175
vt 0.300344 0.090471
vt 0.793964 0.218392
vt 0.232779 0.233696
vt 0.027404 0.823551
vt 0.954980 0.371884
vt 0.949927 0.373067
vt 0.821841 0.478884
vt 0.681015 0.971564
vt 0.680370 0.972471
vt 0.680285 0.971550
vt 0.159599 0.850177
vt 0.163069 0.849570
vt 0.655516 0.351742
vt 0.642433 0.352407
vt 0.655837 0.343768
vt 0.289331 0.091028
vt 0.290535 0.090355
vt 0.319541 0.153474
vt 0.300344 0.153771
vt 0.793964 0.471730
vt 0.153992 0.823551
vt 0.954980 0.438610
vt 0.949926 0.439793
vt 0.821841 0.288881
vt 0.789837 0.971564
vt 0.789191 0.972471
vt 0.789106 0.971550
vt 0.821984 0.726880
vt 0.821377 0.723410
vt 0.655516 0.478458
vt 0.642433 0.479123
vt 0.655837 0.470484
vt 0.289331 0.154327
vt 0.290535 0.153655
vt 0.319541 0.216774
vt 0.300344 0.217070
vt 0.793964 0.281727
vt 0.795358 0.732488
vt 0.954980 0.104980
vt 0.949926 0.106163
vt 0.821841 0.542218
vt 0.626604 0.971564
vt 0.625959 0.972471
vt 0.625874 0.971550
vt 0.222893 0.850177
vt 0.226363 0.849570
vt 0.655516 0.225026
vt 0.642433 0.225691
vt 0.655837 0.217052
vt 0.289331 0.217627
vt 0.290535 0.216955
vt 0.036425 0.348491
vt 0.036128 0.329295
vt 0.793964 0.535064
vt 0.217285 0.823551
vt 0.233075 0.252893
vt 0.954980 0.171706
vt 0.949927 0.172889
vt 0.821841 0.352215
vt 0.793387 0.344777
vt 0.793719 0.343676
vt 0.096306 0.850177
vt 0.099776 0.849570
vt 0.029610 0.667488
vt 0.028493 0.684039
vt 0.027828 0.670956
vt 0.036467 0.684360
vt 0.034252 0.320400
vt 0.036039 0.320886
vt 0.035503 0.318344
vt 0.092237 0.821500
vt 0.093183 0.822977
vt 0.319541 0.026875
vt 0.300344 0.027171
vt 0.795146 0.345752
vt 0.090698 0.823551
vt 0.954980 0.505336
vt 0.949927 0.506519
vt 0.821841 0.415550
vt 0.629566 0.540821
vt 0.638965 0.540699
vt 0.627109 0.542823
vt 0.821984 0.663586
vt 0.821377 0.660116
vt 0.655516 0.541816
vt 0.642433 0.542481
vt 0.655837 0.533842
vt 0.462727 0.972471
vt 0.462642 0.971550
vt 0.463389 0.971708
vt 0.793652 0.667434
vt 0.099724 0.348491
vt 0.099428 0.329295
vt 0.795358 0.669194
vt 0.954980 0.238432
vt 0.949926 0.239615
vt 0.821841 0.605553
vt 0.793387 0.598114
vt 0.793719 0.597013
vt 0.286187 0.850177
vt 0.289657 0.849570
vt 0.638965 0.413982
vt 0.655516 0.415100
vt 0.642433 0.415765
vt 0.655837 0.407126
vt 0.097552 0.320400
vt 0.099339 0.320886
vt 0.098803 0.318344
vt 0.282119 0.821500
vt 0.283064 0.822977
vt 0.159389 0.684289
vt 0.154648 0.683465
vt 0.795146 0.599089
vt 0.280579 0.823551
vt 0.954980 0.305158
vt 0.949927 0.306341
vt 0.092397 0.517127
vt 0.091177 0.503639
vt 0.731112 0.766944
vt 0.723726 0.767295
vt 0.727579 0.767389
vt 0.571653 0.407157
vt 0.571913 0.410409
vt 0.558088 0.409774
vt 0.572237 0.415421
vt 0.555456 0.413147
vt 0.163078 0.684259
vt 0.162875 0.665096
vt 0.162152 0.657619
vt 0.162956 0.655563
vt 0.888526 0.632565
vt 0.889370 0.628422
vt 0.099819 0.517217
vt 0.203095 0.166461
vt 0.877083 0.632244
vt 0.885288 0.635327
vt 0.412584 0.684289
vt 0.407843 0.683465
vt 0.879822 0.635227
vt 0.885690 0.623540
vt 0.877977 0.624996
vt 0.409168 0.517127
vt 0.407947 0.503639
vt 0.821814 0.091443
vt 0.163248 0.600297
vt 0.159999 0.600479
vt 0.160634 0.586654
vt 0.154478 0.600545
vt 0.157261 0.584022
vt 0.416273 0.684259
vt 0.416071 0.665096
vt 0.415347 0.657619
vt 0.416152 0.655563
vt 0.888526 0.832680
vt 0.889370 0.828537
vt 0.416589 0.517217
vt 0.487594 0.832638
vt 0.282460 0.517127
vt 0.281239 0.503639
vt 0.156158 0.601401
vt 0.885448 0.835680
vt 0.885690 0.823655
vt 0.224067 0.684525
vt 0.604469 0.766944
vt 0.226368 0.684365
vt 0.226174 0.665096
vt 0.225451 0.657619
vt 0.226255 0.655563
vt 0.889218 0.696670
vt 0.887971 0.699940
vt 0.657170 0.832638
vt 0.880897 0.701564
vt 0.348063 0.684338
vt 0.344544 0.683465
vt 0.876134 0.697383
vt 0.878104 0.700939
vt 0.600957 0.767646
vt 0.883892 0.702817
vt 0.886311 0.701720
vt 0.885690 0.690245
vt 0.877977 0.691701
vt 0.029043 0.517127
vt 0.027823 0.503638
vt 0.031641 0.517408
vt 0.667746 0.766918
vt 0.660404 0.767295
vt 0.664258 0.767389
vt 0.289970 0.600219
vt 0.287686 0.600493
vt 0.352048 0.657619
vt 0.352853 0.655563
vt 0.887117 0.758047
vt 0.889370 0.761832
vt 0.770222 0.832638
vt 0.348412 0.517365
vt 0.878581 0.767880
vt 0.876665 0.765572
vt 0.883892 0.769522
vt 0.284170 0.601318
vt 0.877884 0.758332
vt 0.286477 0.684368
vt 0.344613 0.516810
vt 0.344593 0.503639
vt 0.099889 0.600297
vt 0.096639 0.600480
vt 0.097275 0.586654
vt 0.091119 0.600545
vt 0.093901 0.584022
vt 0.289675 0.684259
vt 0.289473 0.665096
vt 0.288750 0.657619
vt 0.289554 0.655563
vt 0.889370 0.561717
vt 0.544119 0.832638
vt 0.474661 0.684338
vt 0.471142 0.683465
vt 0.876310 0.563149
vt 0.092798 0.601401
vt 0.885448 0.568860
vt 0.884273 0.556574
vt 0.880207 0.556776
vt 0.220690 0.517211
vt 0.217885 0.503638
vt 0.821814 0.154764
vt 0.478646 0.657619
vt 0.479450 0.655563
vt 0.887117 0.424521
vt 0.889370 0.428306
vt 0.713696 0.832638
vt 0.155752 0.517127
vt 0.154531 0.503639
vt 0.878104 0.434119
vt 0.883892 0.435997
vt 0.887404 0.433997
vt 0.096580 0.684368
vt 0.821789 0.028166
vt 0.822165 0.035507
vt 0.822260 0.031654
vt 0.226610 0.600219
vt 0.223358 0.600479
vt 0.223994 0.586654
vt 0.218346 0.600804
vt 0.220620 0.584022
vt 0.099779 0.684259
vt 0.099576 0.665097
vt 0.098853 0.657619
vt 0.099657 0.655563
vt 0.888478 0.499485
vt 0.889370 0.495012
vt 0.600645 0.832638
vt 0.885288 0.501917
vt 0.877083 0.498834
vt 0.040906 0.166422
vt 0.038102 0.151422
vt 0.879822 0.501817
vt 0.885613 0.490240
vt 0.877884 0.491511
vt 0.137729 0.032420
vt 0.136675 0.026888
vt 0.102808 0.243186
vt 0.026797 0.165997
vt 0.026970 0.140003
vt 0.111047 0.263157
vt 0.210051 0.032281
vt 0.096188 0.030443
vt 0.099202 0.030870
vt 0.033737 0.167828
vt 0.030651 0.128474
vt 0.109098 0.222648
vt 0.110207 0.222115
vt 0.192306 0.039717
vt 0.195087 0.038242
vt 0.110222 0.035269
vt 0.108436 0.226010
vt 0.359834 0.825196
vt 0.343931 0.836960
vt 0.040505 0.071150
vt 0.036836 0.071094
vt 0.101936 0.168182
vt 0.097018 0.148073
vt 0.169343 0.263243
vt 0.165561 0.263344
vt 0.166773 0.245277
vt 0.105643 0.167899
vt 0.233953 0.108425
vt 0.214306 0.106555
vt 0.234094 0.094702
vt 0.031792 0.244798
vt 0.029677 0.263188
vt 0.232667 0.111258
vt 0.429148 0.823145
vt 0.431486 0.825739
vt 0.425670 0.821500
vt 0.169586 0.238079
vt 0.038816 0.036899
vt 0.042502 0.223070
vt 0.195957 0.102468
vt 0.289245 0.348148
vt 0.288547 0.329002
vt 0.422491 0.840651
vt 0.234759 0.097345
vt 0.038653 0.264087
vt 0.432670 0.828966
vt 0.415632 0.835454
vt 0.739175 0.352280
vt 0.710100 0.344163
vt 0.710592 0.343686
vt 0.096220 0.767374
vt 0.092253 0.767597
vt 0.099713 0.766619
vt 0.471827 0.033810
vt 0.488103 0.035368
vt 0.475188 0.035528
vt 0.488870 0.026872
vt 0.286689 0.320333
vt 0.288682 0.320353
vt 0.288499 0.317940
vt 0.090976 0.738514
vt 0.092544 0.740289
vt 0.404166 0.026841
vt 0.385019 0.027539
vt 0.711892 0.345357
vt 0.090077 0.740896
vt 0.567647 0.917133
vt 0.562992 0.915505
vt 0.027711 0.767511
vt 0.161542 0.767150
vt 0.488184 0.096299
vt 0.471827 0.097107
vt 0.155492 0.767597
vt 0.158016 0.767555
vt 0.475188 0.098825
vt 0.035829 0.738437
vt 0.036305 0.738928
vt 0.376350 0.029397
vt 0.376370 0.027404
vt 0.373958 0.027587
vt 0.154214 0.738514
vt 0.155782 0.740289
vt 0.629973 0.906080
vt 0.034635 0.740229
vt 0.153316 0.740896
vt 0.404166 0.090004
vt 0.385019 0.090701
vt 0.739175 0.478834
vt 0.460985 0.287143
vt 0.471827 0.286997
vt 0.459116 0.288979
vt 0.222697 0.767373
vt 0.218730 0.767597
vt 0.226190 0.766619
vt 0.488103 0.288555
vt 0.475188 0.288715
vt 0.488870 0.280059
vt 0.299333 0.971283
vt 0.300103 0.971044
vt 0.300021 0.972067
vt 0.217850 0.738946
vt 0.404166 0.153166
vt 0.385019 0.153864
vt 0.216554 0.740896
vt 0.767965 0.917133
vt 0.763311 0.915505
vt 0.739175 0.415557
vt 0.710100 0.407440
vt 0.710592 0.406963
vt 0.285936 0.767374
vt 0.281969 0.767597
vt 0.289428 0.766619
vt 0.471827 0.160403
vt 0.488103 0.161962
vt 0.475188 0.162122
vt 0.488870 0.153465
vt 0.376350 0.155722
vt 0.376370 0.153729
vt 0.373958 0.153912
vt 0.280691 0.738514
vt 0.282259 0.740289
vt 0.162946 0.347198
vt 0.162223 0.329002
vt 0.711892 0.408634
vt 0.279793 0.740896
vt 0.701192 0.917133
vt 0.696538 0.915505
vt 0.738695 0.605248
vt 0.351258 0.767150
vt 0.488184 0.222893
vt 0.345208 0.767597
vt 0.347731 0.767555
vt 0.475188 0.225418
vt 0.245736 0.972027
vt 0.244906 0.971282
vt 0.245676 0.971044
vt 0.946667 0.038055
vt 0.161765 0.318248
vt 0.162462 0.319231
vt 0.226108 0.347198
vt 0.225385 0.329002
vt 0.710699 0.597670
vt 0.343032 0.740896
vt 0.162909 0.348554
vt 0.738695 0.668525
vt 0.477735 0.767150
vt 0.488184 0.412783
vt 0.471685 0.767597
vt 0.474208 0.767555
vt 0.475188 0.415308
vt 0.404166 0.216328
vt 0.385019 0.217026
vt 0.496189 0.906173
vt 0.223527 0.320333
vt 0.225520 0.320353
vt 0.470266 0.738437
vt 0.471321 0.739235
vt 0.225336 0.317940
vt 0.711892 0.661742
vt 0.469509 0.740896
vt 0.226072 0.348554
vt 0.739175 0.542111
vt 0.414496 0.767150
vt 0.488184 0.349486
vt 0.408446 0.767597
vt 0.410970 0.767555
vt 0.475188 0.352012
vt 0.830291 0.906080
vt 0.376350 0.218884
vt 0.376370 0.216891
vt 0.407027 0.738437
vt 0.408082 0.739235
vt 0.373958 0.217074
vt 0.711892 0.535188
vt 0.406270 0.740896
vt 0.285093 0.433270
vt 0.281479 0.432176
vt 0.572427 0.351187
vt 0.558945 0.352373
vt 0.287699 0.433153
vt 0.738865 0.218131
vt 0.739378 0.225541
vt 0.739223 0.221643
vt 0.655805 0.153609
vt 0.656087 0.155751
vt 0.289885 0.433129
vt 0.289785 0.413744
vt 0.430575 0.916314
vt 0.432973 0.917463
vt 0.572729 0.343862
vt 0.886556 0.197386
vt 0.430709 0.905363
vt 0.572504 0.222893
vt 0.558944 0.225597
vt 0.433604 0.904246
vt 0.438814 0.915645
vt 0.439990 0.907895
vt 0.351044 0.433322
vt 0.738835 0.281518
vt 0.416733 0.600653
vt 0.413521 0.600850
vt 0.414169 0.586985
vt 0.407969 0.600889
vt 0.410773 0.584241
vt 0.353254 0.433026
vt 0.368294 0.917129
vt 0.353143 0.413744
vt 0.886556 0.140802
vt 0.572504 0.159504
vt 0.558944 0.162209
vt 0.368406 0.904246
vt 0.739487 0.284966
vt 0.360705 0.911364
vt 0.373290 0.907833
vt 0.034264 0.433153
vt 0.541647 0.683717
vt 0.655881 0.026839
vt 0.656087 0.028978
vt 0.036450 0.433129
vt 0.101168 0.917129
vt 0.036350 0.413743
vt 0.886556 0.253969
vt 0.158377 0.433240
vt 0.154490 0.432643
vt 0.101280 0.904246
vt 0.098648 0.904495
vt 0.538198 0.684369
vt 0.094063 0.908312
vt 0.106164 0.907833
vt 0.572427 0.287799
vt 0.558944 0.288985
vt 0.160982 0.433153
vt 0.605034 0.683747
vt 0.353346 0.600653
vt 0.350194 0.600924
vt 0.350782 0.586985
vt 0.344583 0.600889
vt 0.347386 0.584241
vt 0.163178 0.433026
vt 0.163068 0.413744
vt 0.886556 0.310552
vt 0.472621 0.516976
vt 0.471435 0.503493
vt 0.234843 0.904246
vt 0.601541 0.684369
vt 0.227142 0.911364
vt 0.239646 0.907895
vt 0.404345 0.282646
vt 0.738865 0.028102
vt 0.655881 0.090225
vt 0.656152 0.093377
vt 0.642213 0.092789
vt 0.656117 0.098988
vt 0.639469 0.096185
vt 0.404076 0.279547
vt 0.384793 0.279657
vt 0.028357 0.915115
vt 0.032283 0.917463
vt 0.886556 0.367135
vt 0.221736 0.433240
vt 0.217848 0.432643
vt 0.026797 0.911364
vt 0.038124 0.915645
vt 0.572427 0.034246
vt 0.558945 0.035432
vt 0.224317 0.433446
vt 0.738866 0.091445
vt 0.226526 0.433129
vt 0.478933 0.600694
vt 0.226426 0.413744
vt 0.295362 0.914521
vt 0.886556 0.084219
vt 0.095017 0.433270
vt 0.091403 0.432176
vt 0.301624 0.904246
vt 0.739487 0.094938
vt 0.294209 0.912360
vt 0.306427 0.907895
vt 0.572427 0.097634
vt 0.558945 0.098820
vt 0.097623 0.433153
vt 0.738865 0.154788
vt 0.739378 0.162198
vt 0.739223 0.158300
vt 0.543509 0.600577
vt 0.541367 0.600858
vt 0.099809 0.433129
vt 0.099709 0.413743
vt 0.163449 0.916314
vt 0.165847 0.917463
vt 0.572729 0.090309
vt 0.886556 0.027636
vt 0.163582 0.905363
vt 0.166478 0.904246
vt 0.171687 0.915645
vt 0.172864 0.907895
vt 0.517854 0.972469
vt 0.681086 0.972469
vt 0.789908 0.972469
vt 0.626675 0.972469
vt 0.090223 0.516623
vt 0.406993 0.516623
vt 0.280285 0.516623
vt 0.026863 0.516551
vt 0.216931 0.516623
vt 0.153571 0.516551
vt 0.098825 0.262235
vt 0.233391 0.040908
vt 0.094258 0.028856
vt 0.095910 0.167288
vt 0.108681 0.165597
vt 0.488337 0.099719
vt 0.488337 0.226312
vt 0.244955 0.972428
vt 0.488337 0.416202
vt 0.488337 0.352906
vt 0.572164 0.353485
vt 0.572088 0.226712
vt 0.364805 0.916799
vt 0.572088 0.163324
vt 0.097679 0.916799
vt 0.572164 0.290097
vt 0.470323 0.516713
vt 0.572164 0.036544
vt 0.572164 0.099932
s 1
usemtl マテリアル.003
f 1/1/1 18/2/2 16/3/3
f 33/4/4 17/5/5 16/6/3
f 29/7/6 21/8/7 20/9/8
f 29/10/6 20/11/8 34/12/9
f 16/13/3 18/14/2 30/15/10
f 17/16/5 302/17/11 1/1/1
f 27/18/12 28/19/13 24/20/14
f 24/20/14 28/19/13 17/5/5
f 29/10/6 19/21/15 26/22/16
f 21/8/7 29/7/6 27/23/12
f 21/8/7 27/23/12 2/24/17
f 32/25/18 30/15/10 31/26/19
f 20/27/8 22/28/20 32/25/18
f 20/27/8 32/25/18 34/29/9
f 3/30/1 37/31/2 35/32/3
f 52/33/4 36/34/5 35/35/3
f 48/36/6 40/37/7 39/38/8
f 48/39/6 39/40/8 53/41/9
f 35/42/3 37/43/2 49/44/10
f 36/45/5 303/46/11 3/30/1
f 46/47/12 47/48/13 43/49/14
f 43/49/14 47/48/13 36/34/5
f 48/39/6 38/50/15 45/51/16
f 40/37/7 48/36/6 46/52/12
f 40/37/7 46/52/12 4/53/17
f 51/54/18 49/44/10 50/55/19
f 39/56/8 41/57/20 51/54/18
f 39/56/8 51/54/18 53/58/9
f 5/59/1 56/60/2 54/61/3
f 71/62/4 55/63/5 54/64/3
f 67/65/6 59/66/7 58/67/8
f 67/68/6 58/69/8 72/70/9
f 54/71/3 56/72/2 68/73/10
f 55/74/5 304/75/11 5/59/1
f 65/76/21 66/77/13 62/78/14
f 62/78/14 66/77/13 55/63/5
f 67/68/6 57/79/15 64/80/16
f 59/66/7 67/65/6 65/81/21
f 59/66/7 65/81/21 6/82/17
f 70/83/18 68/73/10 69/84/19
f 58/85/8 60/86/20 70/83/18
f 58/85/8 70/83/18 72/87/9
f 7/88/1 75/89/2 73/90/3
f 90/91/4 74/92/5 73/93/3
f 86/94/6 78/95/7 77/96/8
f 86/97/6 77/98/8 91/99/9
f 73/100/3 75/101/2 87/102/10
f 74/103/5 305/104/11 7/88/1
f 84/105/21 85/106/13 81/107/14
f 81/107/14 85/106/13 74/92/5
f 86/97/6 76/108/15 83/109/16
f 78/95/7 86/94/6 84/110/21
f 78/95/7 84/110/21 8/111/17
f 89/112/18 87/102/10 88/113/19
f 77/114/8 79/115/20 89/112/18
f 77/114/8 89/112/18 91/116/9
f 9/117/1 94/118/2 92/119/22
f 110/120/4 93/121/23 92/122/22
f 106/123/24 97/124/25 96/125/8
f 106/126/24 96/127/8 111/128/9
f 92/129/22 94/130/2 107/131/10
f 93/132/23 306/133/26 9/117/1
f 105/134/27 104/135/28 307/136/29
f 106/126/24 95/137/30 102/138/31
f 97/124/25 106/123/24 103/139/32
f 97/124/25 103/139/32 10/140/33
f 109/141/18 107/131/10 108/142/19
f 96/143/8 98/144/20 109/141/18
f 96/143/8 109/141/18 111/145/9
f 11/146/1 114/147/2 112/148/3
f 129/149/4 113/150/34 112/151/3
f 125/152/35 117/153/25 116/154/8
f 125/155/35 116/156/8 130/157/9
f 112/158/3 114/159/2 126/160/10
f 113/161/34 308/162/36 11/146/1
f 121/163/37 124/164/38 123/165/39
f 125/155/35 115/166/40 121/167/37
f 117/153/25 125/152/35 122/168/41
f 117/153/25 122/168/41 12/169/42
f 128/170/18 126/160/10 127/171/19
f 116/172/8 118/173/20 128/170/18
f 116/172/8 128/170/18 130/174/9
f 13/175/1 133/176/2 131/177/3
f 149/178/4 132/179/23 131/180/3
f 145/181/24 136/182/25 135/183/8
f 145/184/24 135/185/8 150/186/9
f 131/187/3 133/188/2 146/189/10
f 132/190/23 309/191/43 13/175/1
f 144/192/44 143/193/28 310/194/29
f 145/184/24 134/195/30 141/196/31
f 136/182/25 145/181/24 142/197/32
f 136/182/25 142/197/32 14/198/33
f 148/199/18 146/189/10 147/200/19
f 135/201/8 137/202/20 148/199/18
f 135/201/8 148/199/18 150/203/9
f 155/204/45 154/205/46 151/206/47
f 312/207/48 153/208/49 154/209/46
f 165/210/50 167/211/51 164/212/52
f 167/213/51 166/214/53 164/215/52
f 164/215/52 166/214/53 163/216/54
f 164/217/52 163/218/54 157/219/55
f 157/219/55 163/218/54 312/220/48
f 157/219/55 312/220/48 154/205/46
f 165/221/50 159/222/56 160/223/57
f 159/222/56 164/224/52 168/225/58
f 170/226/59 169/227/60 156/228/61
f 176/229/45 175/230/46 172/231/47
f 180/232/62 179/233/63 181/234/64
f 314/235/65 174/236/66 175/237/46
f 187/238/50 189/239/51 186/240/52
f 189/241/51 188/242/53 186/243/52
f 186/243/52 188/242/53 185/244/54
f 186/245/52 185/246/54 178/247/67
f 178/247/67 185/246/54 314/248/65
f 178/247/67 314/248/65 175/230/46
f 187/249/50 181/234/64 182/250/68
f 181/234/64 186/251/52 190/252/69
f 193/253/70 192/254/71 191/255/72
f 193/253/70 191/255/72 177/256/73
f 191/255/72 180/257/62 194/258/74
f 179/259/63 192/254/71 183/260/75
f 195/261/76 197/262/77 196/263/78
f 216/264/79 197/262/77 195/261/76
f 198/265/80 197/266/77 216/267/79
f 201/268/81 204/269/82 202/270/83
f 206/271/84 315/272/85 203/273/86
f 206/271/84 205/274/87 315/272/85
f 316/275/65 196/263/78 197/262/77
f 209/276/88 211/277/89 208/278/52
f 211/279/89 210/280/53 208/281/52
f 208/281/52 210/280/53 207/282/54
f 208/283/52 207/284/54 200/285/55
f 200/285/55 207/284/54 316/286/65
f 200/285/55 316/286/65 197/266/77
f 209/287/88 202/270/83 203/288/86
f 202/270/83 208/289/52 212/290/58
f 216/291/79 214/292/90 199/293/91
f 215/294/92 206/271/84 204/295/82
f 222/296/93 221/297/94 218/298/95
f 229/299/96 317/300/97 227/301/98
f 229/299/96 237/302/99 317/300/97
f 237/303/99 220/304/100 317/305/97
f 319/306/101 219/307/102 237/308/99
f 318/309/48 220/304/100 221/310/94
f 232/311/88 234/312/51 231/313/52
f 234/314/51 233/315/53 231/316/52
f 231/316/52 233/315/53 230/317/54
f 231/318/52 230/319/54 224/320/103
f 224/320/103 230/319/54 318/321/48
f 224/320/103 318/321/48 221/297/94
f 232/322/88 226/323/104 227/324/98
f 226/323/104 231/325/52 235/326/105
f 319/306/101 236/327/106 320/328/107
f 223/329/108 319/306/101 320/328/107
f 240/330/109 242/331/110 241/332/111
f 239/333/112 242/331/110 240/330/109
f 243/334/113 242/335/110 239/336/112
f 244/337/114 15/338/115 258/339/116
f 248/340/117 247/341/118 249/342/119
f 260/343/120 243/344/113 239/345/112
f 322/346/65 241/332/111 242/331/110
f 255/347/50 257/348/51 254/349/52
f 257/350/51 256/351/53 254/352/52
f 254/352/52 256/351/53 253/353/54
f 254/354/52 253/355/54 246/356/121
f 246/356/121 253/355/54 322/357/65
f 246/356/121 322/357/65 242/335/110
f 255/358/50 249/342/119 250/359/122
f 249/342/119 254/360/52 258/339/116
f 243/344/113 259/361/123 15/362/115
f 247/363/118 259/361/123 251/364/124
f 264/365/125 263/366/126 261/367/127
f 267/368/128 270/369/129 268/370/130
f 271/371/131 323/372/97 269/373/132
f 271/371/131 280/374/133 323/372/97
f 280/375/133 262/376/134 323/377/97
f 324/378/65 262/376/134 263/379/126
f 274/380/135 276/381/89 273/382/52
f 276/383/89 275/384/53 273/385/52
f 273/385/52 275/384/53 272/386/54
f 273/387/52 272/388/54 266/389/136
f 266/389/136 272/388/54 324/390/65
f 266/389/136 324/390/65 263/366/126
f 274/391/135 268/370/130 269/392/132
f 268/370/130 273/393/52 277/394/137
f 325/395/138 279/396/139 278/397/140
f 325/395/138 278/397/140 265/398/141
f 278/397/140 267/399/128 281/400/142
f 279/401/139 271/371/131 270/402/129
f 282/403/143 284/404/144 283/405/145
f 299/406/146 284/404/144 282/403/143
f 285/407/147 284/408/144 299/409/146
f 327/410/48 283/405/145 284/404/144
f 294/411/88 296/412/89 293/413/52
f 296/414/89 295/415/53 293/416/52
f 293/416/52 295/415/53 292/417/54
f 293/418/52 292/419/54 286/420/148
f 286/420/148 292/419/54 327/421/48
f 286/420/148 327/421/48 284/408/144
f 294/422/88 288/423/149 289/424/57
f 288/423/149 293/425/52 297/426/105
f 299/427/146 298/428/150 328/429/151
f 331/430/152 336/431/153 335/432/154
f 329/433/155 338/434/156 334/435/157
f 343/436/158 344/437/159 342/438/160
f 335/439/154 334/440/157 355/441/161
f 336/431/153 386/442/162 337/443/163
f 349/444/164 351/445/165 350/446/166
f 353/447/167 352/448/168 387/449/169
f 354/450/170 340/451/171 350/446/166
f 344/437/159 343/436/158 351/452/165
f 344/453/159 351/454/165 330/455/172
f 357/456/173 358/457/174 356/458/175
f 358/457/174 331/459/152 355/441/161
f 342/460/160 341/461/176 357/456/173
f 342/460/160 357/456/173 359/462/177
f 345/463/178 358/464/174 346/465/179
f 345/463/178 331/466/152 358/464/174
f 339/467/180 359/462/177 356/458/175
f 365/468/181 332/469/182 360/470/183
f 369/471/184 368/472/185 370/473/186
f 374/474/187 388/475/188 333/476/189
f 374/474/187 373/477/190 388/475/188
f 360/478/183 384/479/191 365/480/181
f 389/481/192 363/482/193 364/483/194
f 377/484/195 390/485/196 376/486/197
f 377/487/195 379/488/198 390/489/196
f 379/490/198 378/491/199 390/492/196
f 390/493/196 378/494/199 375/495/200
f 376/486/197 375/496/200 367/497/201
f 367/497/201 375/496/200 389/498/192
f 367/497/201 389/498/192 332/499/182
f 377/487/195 370/473/186 371/500/202
f 370/473/186 376/501/197 380/502/203
f 384/479/191 382/503/204 391/504/205
f 368/505/185 383/506/206 372/507/207
f 383/506/206 374/508/187 372/507/207
f 384/479/191 366/509/208 365/480/181
f 392/510/209 412/511/210 410/512/211
f 428/513/212 411/514/213 410/515/211
f 424/516/214 415/517/215 414/518/216
f 424/519/214 414/520/216 429/521/217
f 410/522/211 412/523/210 425/524/218
f 411/525/213 707/526/219 392/510/209
f 423/527/220 422/528/221 708/529/222
f 424/519/214 413/530/223 420/531/224
f 415/532/215 424/533/214 421/534/225
f 415/532/215 421/534/225 393/535/226
f 427/536/227 425/524/218 426/537/228
f 414/538/216 416/539/229 427/536/227
f 414/538/216 427/536/227 429/540/217
f 394/541/230 432/542/231 430/543/232
f 396/544/233 431/545/234 430/546/232
f 445/547/214 436/548/235 435/549/236
f 445/550/214 435/551/236 449/552/237
f 431/553/234 709/554/219 394/541/230
f 444/555/220 443/556/221 710/557/222
f 445/550/214 433/558/223 441/559/238
f 436/560/235 445/561/214 442/562/239
f 436/560/235 442/562/239 395/563/240
f 447/564/241 448/565/242 446/566/243
f 448/565/242 396/567/233 430/568/232
f 435/569/236 434/570/244 447/564/241
f 435/569/236 447/564/241 449/571/237
f 437/572/245 448/565/242 438/573/246
f 437/572/245 396/567/233 448/565/242
f 397/574/209 452/575/210 450/576/211
f 467/577/212 451/578/247 450/579/211
f 463/580/248 455/581/215 454/582/216
f 463/583/248 454/584/216 468/585/217
f 450/586/211 452/587/210 464/588/218
f 451/589/247 711/590/249 397/574/209
f 459/591/250 462/592/251 461/593/252
f 463/583/248 453/594/253 459/595/250
f 455/596/215 463/597/248 460/598/254
f 455/596/215 460/598/254 398/599/255
f 466/600/227 464/588/218 465/601/256
f 454/602/216 456/603/229 466/600/227
f 454/602/216 466/600/227 468/604/217
f 399/605/209 471/606/210 469/607/211
f 487/608/212 470/609/257 469/610/211
f 483/611/214 474/612/215 473/613/258
f 483/614/214 473/615/258 488/616/259
f 469/617/211 471/618/210 484/619/218
f 470/620/257 712/621/219 399/605/209
f 482/622/220 481/623/221 713/624/222
f 483/614/214 472/625/223 479/626/238
f 474/627/215 483/628/214 480/629/239
f 474/627/215 480/629/239 400/630/260
f 486/631/227 484/619/218 485/632/228
f 473/633/258 475/634/229 486/631/227
f 473/633/258 486/631/227 488/635/259
f 401/636/261 491/637/262 489/638/263
f 403/639/264 490/640/265 489/641/263
f 504/642/266 496/643/267 495/644/268
f 504/645/266 495/646/268 508/647/269
f 490/648/265 714/649/270 401/636/261
f 502/650/271 503/651/272 499/652/273
f 499/652/273 503/651/272 490/640/265
f 504/645/266 493/653/274 501/654/275
f 496/655/267 504/656/266 502/657/271
f 496/655/267 502/657/271 402/658/276
f 505/659/277 506/660/278 507/661/279
f 507/661/279 403/662/264 489/663/263
f 495/664/268 494/665/280 506/660/278
f 495/664/268 506/660/278 508/666/269
f 497/667/281 507/661/279 498/668/282
f 497/667/281 403/662/264 507/661/279
f 492/669/283 508/666/269 505/659/277
f 404/670/261 511/671/262 509/672/263
f 406/673/284 510/674/285 509/675/263
f 524/676/286 516/677/267 515/678/268
f 524/679/286 515/680/268 528/681/269
f 510/682/285 715/683/287 404/670/261
f 522/684/288 523/685/289 519/686/290
f 519/686/290 523/685/289 510/674/285
f 524/679/286 513/687/291 521/688/292
f 516/689/267 524/690/286 522/691/288
f 516/689/267 522/691/288 405/692/293
f 525/693/294 526/694/278 527/695/279
f 527/695/279 406/696/284 509/697/263
f 515/698/268 514/699/280 526/694/278
f 515/698/268 526/694/278 528/700/269
f 517/701/295 527/695/279 518/702/282
f 517/701/295 406/696/284 527/695/279
f 512/703/283 528/700/269 525/693/294
f 407/704/230 531/705/231 529/706/232
f 409/707/233 530/708/296 529/709/232
f 543/710/297 535/711/267 534/712/236
f 543/713/297 534/714/236 547/715/237
f 530/716/296 716/717/287 407/704/230
f 541/718/288 542/719/289 538/720/290
f 538/720/290 542/719/289 530/708/296
f 543/713/297 532/721/298 540/722/292
f 535/723/267 543/724/297 541/725/288
f 535/723/267 541/725/288 408/726/293
f 545/727/299 546/728/242 544/729/243
f 546/728/242 409/730/233 529/731/232
f 534/732/236 533/733/244 545/727/299
f 534/732/236 545/727/299 547/734/237
f 536/735/245 546/728/242 537/736/246
f 536/735/245 409/730/233 546/728/242
f 552/737/300 551/738/301 548/739/302
f 560/740/303 717/741/304 557/742/305
f 560/740/303 559/743/306 717/741/304
f 718/744/307 550/745/308 551/746/301
f 563/747/309 565/748/310 562/749/311
f 565/750/310 564/751/312 562/752/311
f 562/753/311 564/754/312 561/755/313
f 562/756/311 561/757/313 554/758/314
f 554/758/314 561/757/313 718/759/307
f 554/758/314 718/759/307 551/738/301
f 563/760/309 556/761/315 557/762/305
f 556/761/315 562/763/311 566/764/316
f 569/765/317 568/766/318 553/767/319
f 567/768/320 559/769/306 560/770/303
f 572/771/321 574/772/322 573/773/323
f 571/774/324 574/772/322 572/771/321
f 575/775/325 574/776/322 571/777/324
f 577/778/326 590/779/327 578/780/328
f 720/781/329 573/773/323 574/772/322
f 584/782/330 586/783/310 583/784/311
f 586/785/310 585/786/312 583/787/311
f 583/788/311 585/789/312 582/790/313
f 583/791/311 582/792/313 576/793/331
f 576/793/331 582/792/313 720/794/329
f 576/793/331 720/794/329 574/776/322
f 584/795/330 578/780/328 579/796/332
f 578/780/328 583/797/311 587/798/333
f 575/799/325 589/800/334 721/801/335
f 580/802/336 590/803/327 588/804/337
f 593/805/338 595/806/322 594/807/339
f 592/808/340 595/806/322 593/805/338
f 596/809/341 595/810/322 592/811/340
f 599/812/342 598/813/343 600/814/344
f 604/815/345 722/816/346 601/817/347
f 604/815/345 603/818/348 722/816/346
f 723/819/307 594/807/339 595/806/322
f 607/820/330 609/821/349 606/822/311
f 609/823/349 608/824/312 606/825/311
f 606/826/311 608/827/312 605/828/313
f 606/829/311 605/830/313 597/831/331
f 597/831/331 605/830/313 723/832/307
f 597/831/331 723/832/307 595/810/322
f 607/833/330 600/814/344 601/834/347
f 600/814/344 606/835/311 610/836/333
f 611/837/350 612/838/351 596/839/341
f 596/839/341 612/838/351 724/840/335
f 611/837/350 603/841/348 602/842/352
f 618/843/353 617/844/354 614/845/355
f 622/846/356 621/847/357 623/848/358
f 635/849/359 614/850/355 615/851/360
f 614/850/355 635/849/359 618/852/353
f 726/853/307 616/854/361 617/855/354
f 629/856/309 631/857/310 628/858/311
f 631/859/310 630/860/312 628/861/311
f 628/862/311 630/863/312 627/864/313
f 628/865/311 627/866/313 620/867/314
f 620/867/314 627/866/313 726/868/307
f 620/867/314 726/868/307 617/844/354
f 629/869/309 623/848/358 624/870/362
f 623/848/358 628/871/311 632/872/316
f 633/873/363 634/874/364 635/849/359
f 635/849/359 634/874/364 619/875/365
f 621/876/357 634/874/364 625/877/366
f 637/878/367 639/879/368 638/880/369
f 657/881/370 639/879/368 637/878/367
f 640/882/371 639/883/368 657/884/370
f 644/885/372 643/886/373 645/887/374
f 728/888/329 638/880/369 639/879/368
f 651/889/309 653/890/310 650/891/311
f 653/892/310 652/893/312 650/894/311
f 650/895/311 652/896/312 649/897/313
f 650/898/311 649/899/313 642/900/314
f 642/900/314 649/899/313 728/901/329
f 642/900/314 728/901/329 639/883/368
f 651/902/309 645/887/374 646/903/362
f 645/887/374 650/904/311 654/905/316
f 657/906/370 656/907/375 655/908/376
f 657/906/370 655/908/376 641/909/377
f 655/908/376 644/910/372 659/911/378
f 643/912/373 656/907/375 647/913/379
f 664/914/353 663/915/354 660/916/355
f 667/917/380 670/918/381 668/919/382
f 672/920/383 729/921/346 669/922/384
f 672/920/383 671/923/385 729/921/346
f 682/924/386 660/925/355 661/926/387
f 660/925/355 682/924/386 664/927/353
f 730/928/329 662/929/388 663/930/354
f 675/931/309 677/932/310 674/933/311
f 677/934/310 676/935/312 674/936/311
f 674/937/311 676/938/312 673/939/313
f 674/940/311 673/941/313 666/942/314
f 666/942/314 673/941/313 730/943/329
f 666/942/314 730/943/329 663/915/354
f 675/944/309 668/919/382 669/945/384
f 668/919/382 674/946/311 678/947/316
f 682/924/386 680/948/389 665/949/390
f 681/950/391 672/951/383 670/952/381
f 688/953/300 687/954/301 684/955/302
f 696/956/303 731/957/304 693/958/305
f 696/956/303 695/959/306 731/957/304
f 732/960/329 686/961/308 687/962/301
f 699/963/309 701/964/392 698/965/311
f 701/966/392 700/967/393 698/968/311
f 698/969/311 700/970/393 697/971/313
f 698/972/311 697/973/313 690/974/314
f 690/974/314 697/973/313 732/975/329
f 690/974/314 732/975/329 687/954/301
f 699/976/309 692/977/315 693/978/305
f 692/977/315 698/979/311 702/980/316
f 705/981/394 704/982/318 689/983/319
f 703/984/320 695/985/306 696/986/303
f 16/3/3 17/16/5 1/1/1
f 31/987/19 29/10/6 34/12/9
f 27/988/12 25/989/395 28/990/13
f 22/991/20 21/8/7 2/24/17
f 20/9/8 21/8/7 22/991/20
f 22/991/20 2/24/17 23/992/396
f 33/4/4 24/20/14 17/5/5
f 23/993/396 24/20/14 33/4/4
f 23/993/396 2/994/17 24/20/14
f 16/6/3 30/995/10 33/4/4
f 17/16/5 28/996/13 302/17/11
f 302/17/11 28/996/13 25/997/395
f 50/998/19 3/30/1 38/999/15
f 2/994/17 27/18/12 24/20/14
f 26/22/16 19/21/15 25/1000/395
f 19/1001/15 1/1/1 302/17/11
f 19/1001/15 302/17/11 25/997/395
f 27/23/12 29/7/6 26/1002/16
f 30/15/10 32/25/18 23/1003/396
f 18/14/2 31/26/19 30/15/10
f 22/28/20 23/1003/396 32/25/18
f 33/1004/4 30/15/10 23/1003/396
f 34/29/9 32/25/18 31/26/19
f 35/32/3 36/45/5 3/30/1
f 50/1005/19 48/39/6 53/41/9
f 46/1006/12 44/1007/395 47/1008/13
f 41/1009/20 40/37/7 4/53/17
f 39/38/8 40/37/7 41/1009/20
f 41/1009/20 4/53/17 42/1010/396
f 52/33/4 43/49/14 36/34/5
f 42/1011/396 43/49/14 52/33/4
f 42/1011/396 4/1012/17 43/49/14
f 35/35/3 49/1013/10 52/33/4
f 36/45/5 47/1014/13 303/46/11
f 303/46/11 47/1014/13 44/1015/395
f 69/1016/19 5/59/1 57/1017/15
f 4/1012/17 46/47/12 43/49/14
f 45/51/16 38/50/15 44/1018/395
f 38/999/15 3/30/1 303/46/11
f 38/999/15 303/46/11 44/1015/395
f 46/52/12 48/36/6 45/1019/16
f 49/44/10 51/54/18 42/1020/396
f 37/43/2 50/55/19 49/44/10
f 41/57/20 42/1020/396 51/54/18
f 52/1021/4 49/44/10 42/1020/396
f 53/58/9 51/54/18 50/55/19
f 54/61/3 55/74/5 5/59/1
f 69/1022/19 67/68/6 72/70/9
f 65/1023/21 63/1024/395 66/1025/13
f 60/1026/20 59/66/7 6/82/17
f 58/67/8 59/66/7 60/1026/20
f 60/1026/20 6/82/17 61/1027/396
f 71/62/4 62/78/14 55/63/5
f 61/1028/396 62/78/14 71/62/4
f 61/1028/396 6/1029/17 62/78/14
f 54/64/3 68/1030/10 71/62/4
f 55/74/5 66/1031/13 304/75/11
f 304/75/11 66/1031/13 63/1032/395
f 88/1033/19 7/88/1 76/1034/15
f 6/1029/17 65/76/21 62/78/14
f 64/80/16 57/79/15 63/1035/395
f 57/1017/15 5/59/1 304/75/11
f 57/1017/15 304/75/11 63/1032/395
f 65/81/21 67/65/6 64/1036/16
f 68/73/10 70/83/18 61/1037/396
f 56/72/2 69/84/19 68/73/10
f 60/86/20 61/1037/396 70/83/18
f 71/1038/4 68/73/10 61/1037/396
f 72/87/9 70/83/18 69/84/19
f 73/90/3 74/103/5 7/88/1
f 88/1039/19 86/97/6 91/99/9
f 84/1040/21 82/1041/395 85/1042/13
f 79/1043/20 78/95/7 8/111/17
f 77/96/8 78/95/7 79/1043/20
f 79/1043/20 8/111/17 80/1044/396
f 90/91/4 81/107/14 74/92/5
f 80/1045/396 81/107/14 90/91/4
f 80/1045/396 8/1046/17 81/107/14
f 73/93/3 87/1047/10 90/91/4
f 74/103/5 85/1048/13 305/104/11
f 305/104/11 85/1048/13 82/1049/395
f 108/1050/19 9/117/1 95/1051/30
f 8/1046/17 84/105/21 81/107/14
f 83/109/16 76/108/15 82/1052/395
f 76/1034/15 7/88/1 305/104/11
f 76/1034/15 305/104/11 82/1049/395
f 84/110/21 86/94/6 83/1053/16
f 31/1054/19 1/1/1 19/1001/15
f 87/102/10 89/112/18 80/1055/396
f 75/101/2 88/113/19 87/102/10
f 79/115/20 80/1055/396 89/112/18
f 90/1056/4 87/102/10 80/1055/396
f 91/116/9 89/112/18 88/113/19
f 92/119/22 93/132/23 9/117/1
f 108/1057/19 106/126/24 111/128/9
f 102/138/31 307/1058/29 103/1059/32
f 98/1060/20 97/124/25 10/140/33
f 96/125/8 97/124/25 98/1060/20
f 98/1060/20 10/140/33 99/1061/396
f 110/120/4 100/1062/397 93/121/23
f 99/1063/396 100/1062/397 110/120/4
f 99/1063/396 10/1064/33 100/1062/397
f 92/122/22 107/1065/10 110/120/4
f 93/132/23 105/1066/27 306/133/26
f 306/133/26 105/1066/27 101/1067/398
f 105/134/27 100/1062/397 104/135/28
f 307/1068/29 101/1067/398 105/1066/27
f 103/139/32 307/1069/29 104/1070/28
f 10/1064/33 104/135/28 100/1062/397
f 10/140/33 103/139/32 104/1070/28
f 127/1071/19 11/146/1 115/1072/40
f 102/138/31 95/137/30 101/1073/398
f 95/1051/30 9/117/1 306/133/26
f 95/1051/30 306/133/26 101/1067/398
f 103/139/32 106/123/24 102/1074/31
f 107/131/10 109/141/18 99/1075/396
f 94/130/2 108/142/19 107/131/10
f 98/144/20 99/1075/396 109/141/18
f 110/1076/4 107/131/10 99/1075/396
f 111/145/9 109/141/18 108/142/19
f 112/148/3 113/161/34 11/146/1
f 127/1077/19 125/155/35 130/157/9
f 124/1078/38 120/1079/399 123/1080/39
f 118/1081/20 117/153/25 12/169/42
f 116/154/8 117/153/25 118/1081/20
f 118/1081/20 12/169/42 119/1082/396
f 129/149/4 120/1079/399 113/150/34
f 119/1083/396 120/1079/399 129/149/4
f 119/1083/396 12/1084/42 120/1079/399
f 112/151/3 126/1085/10 129/149/4
f 113/161/34 124/164/38 308/162/36
f 121/1086/37 123/1087/39 122/1088/41
f 12/1084/42 123/1080/39 120/1079/399
f 12/169/42 122/168/41 123/1089/39
f 121/163/37 308/162/36 124/164/38
f 115/1072/40 11/146/1 308/162/36
f 147/1090/19 13/175/1 134/1091/30
f 122/168/41 125/152/35 121/1092/37
f 126/160/10 128/170/18 119/1093/396
f 114/159/2 127/171/19 126/160/10
f 118/173/20 119/1093/396 128/170/18
f 129/1094/4 126/160/10 119/1093/396
f 130/174/9 128/170/18 127/171/19
f 131/177/3 132/190/23 13/175/1
f 147/1095/19 145/184/24 150/186/9
f 141/196/31 310/1096/29 142/1097/32
f 137/1098/20 136/182/25 14/198/33
f 135/183/8 136/182/25 137/1098/20
f 137/1098/20 14/198/33 138/1099/396
f 149/178/4 139/1100/397 132/179/23
f 138/1101/396 139/1100/397 149/178/4
f 138/1101/396 14/1102/33 139/1100/397
f 131/180/3 146/1103/10 149/178/4
f 132/190/23 144/1104/44 309/191/43
f 309/191/43 144/1104/44 140/1105/400
f 144/192/44 139/1100/397 143/193/28
f 310/1106/29 140/1105/400 144/1104/44
f 142/197/32 310/1107/29 143/1108/28
f 14/1102/33 143/193/28 139/1100/397
f 14/198/33 142/197/32 143/1108/28
f 154/209/46 152/1109/401 151/1110/47
f 141/196/31 134/195/30 140/1111/400
f 134/1091/30 13/175/1 309/191/43
f 134/1091/30 309/191/43 140/1105/400
f 142/197/32 145/181/24 141/1112/31
f 146/189/10 148/199/18 138/1113/396
f 133/188/2 147/200/19 146/189/10
f 137/202/20 138/1113/396 148/199/18
f 149/1114/4 146/189/10 138/1113/396
f 150/203/9 148/199/18 147/200/19
f 156/1115/61 168/1116/58 157/219/55
f 156/1115/61 157/219/55 155/204/45
f 171/1117/402 159/222/56 168/225/58
f 155/204/45 157/219/55 154/205/46
f 159/222/56 158/1118/403 160/223/57
f 158/1118/403 159/222/56 169/1119/60
f 158/1120/403 161/1121/404 160/1122/57
f 160/1122/57 162/1123/405 311/1124/406
f 153/208/49 162/1125/405 152/1109/401
f 311/1126/406 166/1127/53 167/1128/51
f 152/1129/401 170/226/59 151/1130/47
f 151/206/47 170/1131/59 155/204/45
f 163/216/54 166/214/53 312/1132/48
f 312/207/48 166/1127/53 153/208/49
f 311/1124/406 167/211/51 160/1122/57
f 158/1133/403 170/226/59 162/1134/405
f 168/1116/58 164/217/52 157/219/55
f 159/222/56 165/221/50 164/224/52
f 167/211/51 165/210/50 160/1122/57
f 175/237/46 173/1135/407 172/1136/47
f 152/1129/401 162/1134/405 170/226/59
f 161/1137/404 158/1133/403 162/1134/405
f 170/226/59 156/228/61 155/1138/45
f 156/228/61 169/227/60 171/1139/402
f 177/1140/73 190/1141/69 178/247/67
f 177/1140/73 178/247/67 176/229/45
f 194/1142/74 181/234/64 190/252/69
f 176/229/45 178/247/67 175/230/46
f 181/234/64 179/233/63 182/250/68
f 179/1143/63 183/1144/75 182/1145/68
f 182/1145/68 184/1146/408 313/1147/409
f 174/236/66 184/1148/408 173/1135/407
f 313/1149/409 188/1150/53 189/1151/51
f 173/1152/407 193/253/70 172/1153/47
f 172/231/47 193/1154/70 176/229/45
f 185/244/54 188/242/53 314/1155/65
f 314/235/65 188/1150/53 174/236/66
f 313/1147/409 189/239/51 182/1145/68
f 199/1156/91 212/1157/58 200/285/55
f 190/1141/69 186/245/52 178/247/67
f 181/234/64 187/249/50 186/251/52
f 189/239/51 187/238/50 182/1145/68
f 173/1152/407 192/254/71 193/253/70
f 180/257/62 191/255/72 179/259/63
f 191/255/72 192/254/71 179/259/63
f 183/1144/75 192/1158/71 184/1146/408
f 184/1159/408 192/254/71 173/1152/407
f 193/253/70 177/256/73 176/1160/45
f 177/256/73 191/255/72 194/258/74
f 213/1161/410 195/261/76 196/263/78
f 199/1156/91 200/285/55 198/265/80
f 217/1162/411 202/270/83 212/290/58
f 198/265/80 200/285/55 197/266/77
f 202/270/83 204/269/82 203/288/86
f 196/263/78 205/1163/87 213/1161/410
f 206/271/84 203/273/86 204/295/82
f 315/1164/85 210/1165/53 211/1166/89
f 195/1167/76 213/1168/410 216/291/79
f 207/282/54 210/280/53 316/1169/65
f 316/275/65 210/1165/53 196/263/78
f 315/272/85 211/277/89 203/273/86
f 216/291/79 215/1170/92 214/292/90
f 212/1157/58 208/283/52 200/285/55
f 202/270/83 209/287/88 208/289/52
f 211/277/89 209/276/88 203/273/86
f 221/310/94 219/1171/102 218/1172/95
f 201/1173/81 214/292/90 204/1174/82
f 217/1162/411 214/1175/90 201/268/81
f 214/292/90 215/1170/92 204/1174/82
f 206/1176/84 215/1170/92 205/1177/87
f 215/1170/92 213/1168/410 205/1177/87
f 216/291/79 199/293/91 198/1178/80
f 199/293/91 214/292/90 217/1179/411
f 320/1180/107 235/1181/105 224/320/103
f 237/303/99 219/1171/102 220/304/100
f 320/1180/107 224/320/103 223/1182/108
f 221/297/94 223/1182/108 224/320/103
f 238/1183/412 226/323/104 235/326/105
f 226/323/104 225/1184/413 227/324/98
f 225/1184/413 226/323/104 236/1185/106
f 225/1186/413 228/1187/414 227/301/98
f 317/305/97 233/1188/53 234/1189/51
f 229/299/96 227/301/98 228/1187/414
f 219/307/102 222/1190/93 218/1191/95
f 219/307/102 319/306/101 222/1190/93
f 230/317/54 233/315/53 318/1192/48
f 318/309/48 233/1188/53 220/304/100
f 317/300/97 234/312/51 227/301/98
f 242/335/110 245/1193/415 246/356/121
f 235/1181/105 231/318/52 224/320/103
f 226/323/104 232/322/88 231/325/52
f 234/312/51 232/311/88 227/301/98
f 223/329/108 222/1190/93 319/306/101
f 236/327/106 319/306/101 228/1194/414
f 236/327/106 228/1194/414 225/1195/413
f 229/1196/96 319/306/101 237/308/99
f 228/1187/414 319/1197/101 229/299/96
f 238/1198/412 320/328/107 236/327/106
f 260/1199/120 240/330/109 241/332/111
f 244/1200/114 246/356/121 245/1193/415
f 244/1200/114 258/1201/116 246/356/121
f 15/338/115 249/342/119 258/339/116
f 249/342/119 247/341/118 250/359/122
f 247/1202/118 251/1203/124 250/1204/122
f 250/1204/122 252/1205/416 321/1206/409
f 241/332/111 252/1207/416 260/1199/120
f 321/1208/409 256/1209/53 257/1210/51
f 260/343/120 239/345/112 240/1211/109
f 253/353/54 256/351/53 322/1212/65
f 322/346/65 256/1209/53 241/332/111
f 321/1206/409 257/348/51 250/1204/122
f 263/379/126 325/1213/138 261/1214/127
f 258/1201/116 254/354/52 246/356/121
f 249/342/119 255/358/50 254/360/52
f 257/348/51 255/347/50 250/1204/122
f 260/343/120 259/361/123 243/344/113
f 259/361/123 248/1215/117 15/362/115
f 248/1215/117 259/361/123 247/363/118
f 251/1203/124 259/1216/123 252/1205/416
f 252/1217/416 259/361/123 260/343/120
f 245/1218/415 15/362/115 244/1219/114
f 245/1218/415 243/344/113 15/362/115
f 265/1220/141 277/1221/137 266/389/136
f 280/375/133 325/1213/138 262/376/134
f 263/366/126 265/1220/141 266/389/136
f 281/1222/142 268/370/130 277/394/137
f 268/370/130 270/369/129 269/392/132
f 323/377/97 275/1223/53 276/1224/89
f 271/371/131 269/373/132 270/402/129
f 325/395/138 264/1225/125 261/1226/127
f 272/386/54 275/384/53 324/1227/65
f 324/378/65 275/1223/53 262/376/134
f 323/372/97 276/381/89 269/373/132
f 328/1228/151 297/1229/105 286/420/148
f 277/1221/137 273/387/52 266/389/136
f 268/370/130 274/391/135 273/393/52
f 276/381/89 274/380/135 269/373/132
f 265/398/141 264/1225/125 325/395/138
f 267/399/128 278/397/140 270/1230/129
f 278/397/140 279/396/139 270/1230/129
f 271/1231/131 279/396/139 280/1232/133
f 279/396/139 325/395/138 280/1232/133
f 265/398/141 278/397/140 281/400/142
f 300/1233/417 282/403/143 283/405/145
f 328/1228/151 286/420/148 285/407/147
f 301/1234/418 288/423/149 297/426/105
f 285/407/147 286/420/148 284/408/144
f 288/423/149 287/1235/419 289/424/57
f 287/1235/419 288/423/149 298/1236/150
f 287/1237/419 290/1238/420 289/1239/57
f 289/1239/57 291/1240/421 326/1241/406
f 283/405/145 291/1242/421 300/1233/417
f 326/1243/406 295/1244/53 296/1245/89
f 300/1246/417 299/427/146 282/1247/143
f 292/417/54 295/415/53 327/1248/48
f 327/410/48 295/1244/53 283/405/145
f 326/1241/406 296/412/89 289/1239/57
f 298/428/150 291/1249/421 287/1250/419
f 297/1229/105 293/418/52 286/420/148
f 288/423/149 294/422/88 293/425/52
f 296/412/89 294/411/88 289/1239/57
f 334/1251/157 337/443/163 329/1252/155
f 300/1246/417 291/1249/421 299/427/146
f 290/1253/420 287/1250/419 291/1249/421
f 285/1254/147 299/427/146 328/429/151
f 301/1255/418 328/429/151 298/428/150
f 335/432/154 336/431/153 337/443/163
f 339/1256/180 329/433/155 340/451/171
f 337/443/163 386/442/162 329/1252/155
f 339/1256/180 354/450/170 359/1257/177
f 342/438/160 354/1258/170 343/436/158
f 346/465/179 344/453/159 330/455/172
f 336/431/153 345/1259/178 347/1260/422
f 342/438/160 344/437/159 341/1261/176
f 345/463/178 330/455/172 347/1262/422
f 353/1263/167 349/444/164 348/1264/423
f 335/432/154 355/1265/161 331/430/152
f 336/431/153 353/447/167 386/442/162
f 386/442/162 353/447/167 348/1266/423
f 349/1267/164 387/1268/169 351/452/165
f 353/447/167 347/1260/422 352/448/168
f 351/454/165 387/1269/169 352/1270/168
f 330/455/172 352/1270/168 347/1262/422
f 330/455/172 351/454/165 352/1270/168
f 348/1264/423 340/451/171 386/1271/162
f 350/446/166 340/451/171 349/444/164
f 340/451/171 329/433/155 386/1271/162
f 355/441/161 356/458/175 358/457/174
f 351/452/165 343/436/158 350/1272/166
f 343/436/158 354/1258/170 350/1272/166
f 338/1273/156 356/458/175 334/440/157
f 341/461/176 346/1274/179 358/457/174
f 341/461/176 358/457/174 357/456/173
f 359/462/177 357/456/173 356/458/175
f 364/483/194 362/1275/424 361/1276/425
f 364/483/194 360/470/183 332/469/182
f 391/1277/205 380/1278/203 367/497/201
f 332/469/182 389/481/192 364/483/194
f 381/1279/426 362/1280/424 363/1281/193
f 391/1277/205 367/497/201 366/1282/208
f 332/499/182 366/1282/208 367/497/201
f 371/500/202 372/1283/207 333/1284/189
f 370/473/186 368/472/185 371/500/202
f 385/1285/427 370/473/186 380/502/203
f 363/1286/193 373/477/190 381/1287/426
f 374/1288/187 333/1284/189 372/1283/207
f 384/479/191 362/1289/424 381/1290/426
f 362/1289/424 360/478/183 361/1291/425
f 388/1292/188 378/491/199 379/490/198
f 375/495/200 378/494/199 389/481/192
f 389/481/192 378/1293/199 363/482/193
f 376/486/197 390/485/196 375/496/200
f 388/475/188 379/1294/198 333/476/189
f 371/500/202 379/1295/198 377/487/195
f 380/1278/203 376/486/197 367/497/201
f 370/473/186 377/487/195 376/501/197
f 384/479/191 383/506/206 382/503/204
f 426/1296/228 392/510/209 413/1297/223
f 369/1298/184 382/503/204 368/505/185
f 385/1285/427 382/1299/204 369/471/184
f 382/503/204 383/506/206 368/505/185
f 374/474/187 383/1300/206 373/477/190
f 383/506/206 381/1290/426 373/1301/190
f 366/509/208 384/479/191 391/504/205
f 385/1302/427 391/504/205 382/503/204
f 410/512/211 411/525/213 392/510/209
f 426/1303/228 424/519/214 429/521/217
f 420/531/224 708/1304/222 421/1305/225
f 416/1306/229 415/532/215 393/535/226
f 414/1307/216 415/532/215 416/1306/229
f 416/1306/229 393/535/226 417/1308/428
f 428/513/212 418/1309/429 411/514/213
f 417/1310/428 418/1309/429 428/513/212
f 417/1310/428 393/1311/226 418/1309/429
f 410/515/211 425/1312/218 428/513/212
f 411/525/213 423/1313/220 707/526/219
f 707/526/219 423/1313/220 419/1314/430
f 423/527/220 418/1309/429 422/528/221
f 708/1315/222 419/1314/430 423/1313/220
f 421/534/225 708/1316/222 422/1317/221
f 393/1311/226 422/528/221 418/1309/429
f 393/535/226 421/534/225 422/1317/221
f 446/1318/243 394/541/230 433/1319/223
f 420/531/224 413/530/223 419/1320/430
f 413/1297/223 392/510/209 707/526/219
f 413/1297/223 707/526/219 419/1314/430
f 421/534/225 424/533/214 420/1321/224
f 425/524/218 427/536/227 417/1322/428
f 412/523/210 426/537/228 425/524/218
f 416/539/229 417/1322/428 427/536/227
f 428/1323/212 425/524/218 417/1322/428
f 429/540/217 427/536/227 426/537/228
f 430/543/232 431/553/234 394/541/230
f 446/1324/243 445/550/214 449/552/237
f 438/1325/246 436/560/235 395/563/240
f 431/545/234 437/1326/245 439/1327/431
f 435/1328/236 436/560/235 434/1329/244
f 437/1326/245 395/1330/240 439/1327/431
f 441/559/238 710/1331/222 442/1332/239
f 431/553/234 444/1333/220 709/554/219
f 709/554/219 444/1333/220 440/1334/432
f 444/555/220 439/1327/431 443/556/221
f 710/1335/222 440/1334/432 444/1333/220
f 442/562/239 710/1336/222 443/1337/221
f 395/1330/240 443/556/221 439/1327/431
f 395/563/240 442/562/239 443/1337/221
f 448/565/242 432/1338/231 446/566/243
f 441/559/238 433/558/223 440/1339/432
f 433/1319/223 394/541/230 709/554/219
f 433/1319/223 709/554/219 440/1334/432
f 442/562/239 445/561/214 441/1340/238
f 465/1341/256 397/574/209 453/1342/253
f 434/570/244 438/573/246 448/565/242
f 434/570/244 448/565/242 447/564/241
f 449/571/237 447/564/241 446/566/243
f 450/576/211 451/589/247 397/574/209
f 465/1343/256 463/583/248 468/585/217
f 462/1344/251 458/1345/433 461/1346/252
f 456/1347/229 455/596/215 398/599/255
f 454/1348/216 455/596/215 456/1347/229
f 456/1347/229 398/599/255 457/1349/428
f 467/577/212 458/1345/433 451/578/247
f 457/1350/428 458/1345/433 467/577/212
f 457/1350/428 398/1351/255 458/1345/433
f 450/579/211 464/1352/218 467/577/212
f 451/589/247 462/592/251 711/590/249
f 459/1353/250 461/1354/252 460/1355/254
f 398/1351/255 461/1346/252 458/1345/433
f 398/599/255 460/598/254 461/1356/252
f 459/591/250 711/590/249 462/592/251
f 453/1342/253 397/574/209 711/590/249
f 485/1357/228 399/605/209 472/1358/223
f 460/598/254 463/597/248 459/1359/250
f 464/588/218 466/600/227 457/1360/428
f 452/587/210 465/601/256 464/588/218
f 456/603/229 457/1360/428 466/600/227
f 467/1361/212 464/588/218 457/1360/428
f 468/604/217 466/600/227 465/601/256
f 469/607/211 470/620/257 399/605/209
f 485/1362/228 483/614/214 488/616/259
f 479/626/238 713/1363/222 480/1364/239
f 475/1365/229 474/627/215 400/630/260
f 473/1366/258 474/627/215 475/1365/229
f 475/1365/229 400/630/260 476/1367/428
f 487/608/212 477/1368/429 470/609/257
f 476/1369/428 477/1368/429 487/608/212
f 476/1369/428 400/1370/260 477/1368/429
f 469/610/211 484/1371/218 487/608/212
f 470/620/257 482/1372/220 712/621/219
f 712/621/219 482/1372/220 478/1373/432
f 482/622/220 477/1368/429 481/623/221
f 713/1374/222 478/1373/432 482/1372/220
f 480/629/239 713/1375/222 481/1376/221
f 400/1370/260 481/623/221 477/1368/429
f 400/630/260 480/629/239 481/1376/221
f 492/1377/283 401/636/261 493/1378/274
f 479/626/238 472/625/223 478/1379/432
f 472/1358/223 399/605/209 712/621/219
f 472/1358/223 712/621/219 478/1373/432
f 480/629/239 483/628/214 479/1380/238
f 484/619/218 486/631/227 476/1381/428
f 471/618/210 485/632/228 484/619/218
f 475/634/229 476/1381/428 486/631/227
f 487/1382/212 484/619/218 476/1381/428
f 488/635/259 486/631/227 485/632/228
f 489/638/263 490/648/265 401/636/261
f 492/1383/283 504/645/266 508/647/269
f 498/1384/282 496/655/267 402/658/276
f 490/640/265 497/1385/281 499/652/273
f 495/1386/268 496/655/267 494/1387/280
f 497/1385/281 402/1388/276 499/652/273
f 502/1389/271 500/1390/434 503/1391/272
f 491/1392/262 505/659/277 489/663/263
f 490/648/265 503/1393/272 714/649/270
f 714/649/270 503/1393/272 500/1394/434
f 512/1395/283 404/670/261 513/1396/291
f 402/1388/276 502/650/271 499/652/273
f 501/654/275 493/653/274 500/1397/434
f 493/1378/274 401/636/261 714/649/270
f 493/1378/274 714/649/270 500/1394/434
f 502/657/271 504/656/266 501/1398/275
f 505/659/277 507/661/279 489/663/263
f 494/665/280 498/668/282 507/661/279
f 494/665/280 507/661/279 506/660/278
f 508/666/269 506/660/278 505/659/277
f 492/1377/283 505/1399/277 491/637/262
f 509/672/263 510/682/285 404/670/261
f 512/1400/283 524/679/286 528/681/269
f 518/1401/282 516/689/267 405/692/293
f 510/674/285 517/1402/295 519/686/290
f 515/1403/268 516/689/267 514/1404/280
f 517/1402/295 405/1405/293 519/686/290
f 544/1406/243 407/704/230 532/1407/298
f 511/1408/262 525/693/294 509/697/263
f 510/682/285 523/1409/289 715/683/287
f 715/683/287 523/1409/289 520/1410/435
f 522/691/288 521/1411/292 523/1412/289
f 521/1413/292 520/1410/435 523/1409/289
f 405/1405/293 522/684/288 519/686/290
f 521/688/292 513/687/291 520/1414/435
f 513/1396/291 404/670/261 715/683/287
f 513/1396/291 715/683/287 520/1410/435
f 522/691/288 524/690/286 521/1415/292
f 525/693/294 527/695/279 509/697/263
f 514/699/280 518/702/282 527/695/279
f 514/699/280 527/695/279 526/694/278
f 528/700/269 526/694/278 525/693/294
f 512/1395/283 525/1416/294 511/671/262
f 529/706/232 530/716/296 407/704/230
f 544/1417/243 543/713/297 547/715/237
f 537/1418/246 535/723/267 408/726/293
f 530/708/296 536/1419/245 538/720/290
f 534/1420/236 535/723/267 533/1421/244
f 536/1419/245 408/1422/293 538/720/290
f 546/728/242 531/1423/231 544/729/243
f 530/716/296 542/1424/289 716/717/287
f 716/717/287 542/1424/289 539/1425/436
f 541/725/288 540/1426/292 542/1427/289
f 540/1428/292 539/1425/436 542/1424/289
f 408/1422/293 541/718/288 538/720/290
f 540/722/292 532/721/298 539/1429/436
f 532/1407/298 407/704/230 716/717/287
f 532/1407/298 716/717/287 539/1425/436
f 541/725/288 543/724/297 540/1430/292
f 551/746/301 549/1431/437 548/1432/302
f 533/733/244 537/736/246 546/728/242
f 533/733/244 546/728/242 545/727/299
f 547/734/237 545/727/299 544/729/243
f 553/1433/319 566/1434/316 554/758/314
f 567/1435/320 549/1431/437 550/745/308
f 553/1433/319 554/758/314 552/737/300
f 570/1436/438 556/761/315 566/764/316
f 552/737/300 554/758/314 551/738/301
f 556/761/315 555/1437/439 557/762/305
f 555/1437/439 556/761/315 568/1438/318
f 555/1439/439 558/1440/440 557/742/305
f 550/745/308 559/1441/306 567/1435/320
f 560/740/303 557/742/305 558/1440/440
f 717/1442/304 564/751/312 565/750/310
f 549/1443/437 569/765/317 548/1444/302
f 549/1443/437 567/768/320 569/765/317
f 548/739/302 569/1445/317 552/737/300
f 561/755/313 564/754/312 718/1446/307
f 718/744/307 564/751/312 550/745/308
f 717/741/304 565/748/310 557/742/305
f 558/1447/440 569/765/317 567/768/320
f 566/1434/316 562/756/311 554/758/314
f 556/761/315 563/760/309 562/763/311
f 565/748/310 563/747/309 557/742/305
f 721/1448/335 587/1449/333 576/793/331
f 568/766/318 558/1447/440 555/1450/439
f 560/770/303 558/1447/440 567/768/320
f 569/765/317 553/767/319 552/1451/300
f 553/767/319 568/766/318 570/1452/438
f 588/1453/337 572/771/321 573/773/323
f 574/776/322 721/1448/335 576/793/331
f 591/1454/441 578/780/328 587/798/333
f 578/780/328 590/779/327 579/796/332
f 590/1455/327 580/1456/336 579/1457/332
f 579/1457/332 581/1458/442 719/1459/443
f 573/773/323 581/1460/442 588/1453/337
f 571/1461/324 588/804/337 575/799/325
f 719/1462/443 585/786/312 586/785/310
f 582/790/313 585/789/312 720/1463/329
f 720/781/329 585/786/312 573/773/323
f 719/1459/443 586/783/310 579/1457/332
f 589/800/334 588/804/337 590/803/327
f 587/1449/333 583/791/311 576/793/331
f 578/780/328 584/795/330 583/797/311
f 586/783/310 584/782/330 579/1457/332
f 724/1464/335 610/1465/333 597/831/331
f 577/1466/326 589/800/334 590/803/327
f 591/1454/441 589/1467/334 577/778/326
f 580/802/336 588/804/337 581/1468/442
f 591/1469/441 721/801/335 589/800/334
f 611/1470/350 593/805/338 594/807/339
f 595/810/322 724/1464/335 597/831/331
f 613/1471/441 600/814/344 610/836/333
f 600/814/344 598/813/343 601/834/347
f 598/1472/343 602/1473/352 601/817/347
f 594/807/339 603/1474/348 611/1470/350
f 604/815/345 601/817/347 602/1473/352
f 592/1475/340 611/837/350 596/839/341
f 722/1476/346 608/824/312 609/823/349
f 605/828/313 608/827/312 723/1477/307
f 723/819/307 608/824/312 594/807/339
f 722/816/346 609/821/349 601/817/347
f 617/855/354 615/1478/360 614/1479/355
f 610/1465/333 606/829/311 597/831/331
f 600/814/344 607/833/330 606/835/311
f 609/821/349 607/820/330 601/817/347
f 612/838/351 611/837/350 602/842/352
f 599/1480/342 612/838/351 598/1481/343
f 613/1471/441 612/1482/351 599/812/342
f 612/838/351 602/842/352 598/1481/343
f 604/1483/345 602/842/352 603/841/348
f 613/1484/441 724/840/335 612/838/351
f 619/1485/365 632/1486/316 620/867/314
f 633/1487/363 615/1478/360 616/854/361
f 619/1485/365 620/867/314 618/843/353
f 636/1488/444 623/848/358 632/872/316
f 618/843/353 620/867/314 617/844/354
f 623/848/358 621/847/357 624/870/362
f 621/1489/357 625/1490/366 624/1491/362
f 624/1491/362 626/1492/445 725/1493/446
f 616/854/361 626/1494/445 633/1487/363
f 725/1495/446 630/860/312 631/859/310
f 615/851/360 633/873/363 635/849/359
f 627/864/313 630/863/312 726/1496/307
f 726/853/307 630/860/312 616/854/361
f 725/1493/446 631/857/310 624/1491/362
f 641/1497/377 654/1498/316 642/900/314
f 632/1486/316 628/865/311 620/867/314
f 623/848/358 629/869/309 628/871/311
f 631/857/310 629/856/309 624/1491/362
f 622/1499/356 634/874/364 621/876/357
f 636/1488/444 634/1500/364 622/846/356
f 625/877/366 633/873/363 626/1501/445
f 625/877/366 634/874/364 633/873/363
f 635/849/359 619/875/365 618/852/353
f 619/875/365 634/874/364 636/1502/444
f 658/1503/447 637/878/367 638/880/369
f 641/1497/377 642/900/314 640/882/371
f 659/1504/378 645/887/374 654/905/316
f 640/882/371 642/900/314 639/883/368
f 645/887/374 643/886/373 646/903/362
f 643/1505/373 647/1506/379 646/1507/362
f 646/1507/362 648/1508/448 727/1509/446
f 638/880/369 648/1510/448 658/1503/447
f 727/1511/446 652/893/312 653/892/310
f 658/1512/447 657/906/370 637/1513/367
f 649/897/313 652/896/312 728/1514/329
f 728/888/329 652/893/312 638/880/369
f 727/1509/446 653/890/310 646/1507/362
f 663/930/354 661/1515/387 660/1516/355
f 654/1498/316 650/898/311 642/900/314
f 645/887/374 651/902/309 650/904/311
f 653/890/310 651/889/309 646/1507/362
f 658/1512/447 656/907/375 657/906/370
f 644/910/372 655/908/376 643/912/373
f 655/908/376 656/907/375 643/912/373
f 647/913/379 656/907/375 648/1517/448
f 648/1517/448 656/907/375 658/1512/447
f 657/906/370 641/909/377 640/1518/371
f 641/909/377 655/908/376 659/911/378
f 665/1519/390 678/1520/316 666/942/314
f 679/1521/449 661/1515/387 662/929/388
f 665/1519/390 666/942/314 664/914/353
f 683/1522/450 668/919/382 678/947/316
f 664/914/353 666/942/314 663/915/354
f 668/919/382 670/918/381 669/945/384
f 662/929/388 671/1523/385 679/1521/449
f 672/920/383 669/922/384 670/1524/381
f 729/1525/346 676/935/312 677/934/310
f 661/926/387 679/1526/449 682/924/386
f 673/939/313 676/938/312 730/1527/329
f 730/928/329 676/935/312 662/929/388
f 729/921/346 677/932/310 669/922/384
f 682/924/386 681/950/391 680/948/389
f 678/1520/316 674/940/311 666/942/314
f 668/919/382 675/944/309 674/946/311
f 677/932/310 675/931/309 669/922/384
f 687/962/301 685/1528/437 684/1529/302
f 667/1530/380 680/948/389 670/952/381
f 683/1522/450 680/1531/389 667/917/380
f 680/948/389 681/950/391 670/952/381
f 672/951/383 681/950/391 671/1532/385
f 681/950/391 679/1526/449 671/1532/385
f 682/924/386 665/949/390 664/927/353
f 665/949/390 680/948/389 683/1533/450
f 689/1534/319 702/1535/316 690/974/314
f 703/1536/320 685/1528/437 686/961/308
f 689/1534/319 690/974/314 688/953/300
f 706/1537/438 692/977/315 702/980/316
f 688/953/300 690/974/314 687/954/301
f 692/977/315 691/1538/451 693/978/305
f 691/1538/451 692/977/315 704/1539/318
f 691/1540/451 694/1541/440 693/958/305
f 686/961/308 695/1542/306 703/1536/320
f 696/956/303 693/958/305 694/1541/440
f 731/1543/304 700/967/393 701/966/392
f 685/1544/437 705/981/394 684/1545/302
f 685/1544/437 703/984/320 705/981/394
f 684/955/302 705/1546/394 688/953/300
f 697/971/313 700/970/393 732/1547/329
f 732/960/329 700/967/393 686/961/308
f 731/957/304 701/964/392 693/958/305
f 694/1548/440 705/981/394 703/984/320
f 702/1535/316 698/972/311 690/974/314
f 692/977/315 699/976/309 698/979/311
f 701/964/392 699/963/309 693/958/305
f 704/982/318 694/1548/440 691/1549/451
f 696/986/303 694/1548/440 703/984/320
f 705/981/394 689/983/319 688/1550/300
f 689/983/319 704/982/318 706/1551/438
f 31/987/19 19/21/15 29/10/6
f 27/988/12 26/1552/16 25/989/395
f 50/998/19 37/31/2 3/30/1
f 50/1005/19 38/50/15 48/39/6
f 46/1006/12 45/1553/16 44/1007/395
f 69/1016/19 56/60/2 5/59/1
f 69/1022/19 57/79/15 67/68/6
f 65/1023/21 64/1554/16 63/1024/395
f 88/1033/19 75/89/2 7/88/1
f 88/1039/19 76/108/15 86/97/6
f 84/1040/21 83/1555/16 82/1041/395
f 108/1050/19 94/118/2 9/117/1
f 31/1054/19 18/2/2 1/1/1
f 108/1057/19 95/137/30 106/126/24
f 102/138/31 101/1073/398 307/1058/29
f 105/134/27 93/121/23 100/1062/397
f 127/1071/19 114/147/2 11/146/1
f 127/1077/19 115/166/40 125/155/35
f 124/1078/38 113/150/34 120/1079/399
f 121/163/37 115/1072/40 308/162/36
f 147/1090/19 133/176/2 13/175/1
f 147/1095/19 134/195/30 145/184/24
f 141/196/31 140/1111/400 310/1096/29
f 144/192/44 132/179/23 139/1100/397
f 154/209/46 153/208/49 152/1109/401
f 156/1115/61 171/1556/402 168/1116/58
f 171/1117/402 169/1119/60 159/222/56
f 160/1122/57 161/1121/404 162/1123/405
f 153/208/49 311/1126/406 162/1125/405
f 311/1126/406 153/208/49 166/1127/53
f 158/1133/403 169/227/60 170/226/59
f 175/237/46 174/236/66 173/1135/407
f 177/1140/73 194/1557/74 190/1141/69
f 194/1142/74 180/232/62 181/234/64
f 182/1145/68 183/1144/75 184/1146/408
f 174/236/66 313/1149/409 184/1148/408
f 313/1149/409 174/236/66 188/1150/53
f 199/1156/91 217/1558/411 212/1157/58
f 217/1162/411 201/268/81 202/270/83
f 196/263/78 315/1164/85 205/1163/87
f 315/1164/85 196/263/78 210/1165/53
f 216/291/79 213/1168/410 215/1170/92
f 221/310/94 220/304/100 219/1171/102
f 320/1180/107 238/1559/412 235/1181/105
f 221/297/94 222/296/93 223/1182/108
f 238/1183/412 236/1185/106 226/323/104
f 317/305/97 220/304/100 233/1188/53
f 242/335/110 243/334/113 245/1193/415
f 15/338/115 248/340/117 249/342/119
f 250/1204/122 251/1203/124 252/1205/416
f 241/332/111 321/1208/409 252/1207/416
f 321/1208/409 241/332/111 256/1209/53
f 263/379/126 262/376/134 325/1213/138
f 265/1220/141 281/1560/142 277/1221/137
f 263/366/126 264/365/125 265/1220/141
f 281/1222/142 267/368/128 268/370/130
f 323/377/97 262/376/134 275/1223/53
f 328/1228/151 301/1561/418 297/1229/105
f 301/1234/418 298/1236/150 288/423/149
f 289/1239/57 290/1238/420 291/1240/421
f 283/405/145 326/1243/406 291/1242/421
f 326/1243/406 283/405/145 295/1244/53
f 298/428/150 299/427/146 291/1249/421
f 334/1251/157 335/432/154 337/443/163
f 339/1256/180 338/434/156 329/433/155
f 339/1256/180 340/451/171 354/450/170
f 342/438/160 359/1562/177 354/1258/170
f 346/465/179 341/1563/176 344/453/159
f 336/431/153 331/430/152 345/1259/178
f 345/463/178 346/465/179 330/455/172
f 353/1263/167 387/1564/169 349/444/164
f 353/447/167 336/431/153 347/1260/422
f 348/1264/423 349/444/164 340/451/171
f 355/441/161 334/440/157 356/458/175
f 338/1273/156 339/467/180 356/458/175
f 364/483/194 363/482/193 362/1275/424
f 364/483/194 361/1276/425 360/470/183
f 391/1277/205 385/1565/427 380/1278/203
f 332/499/182 365/1566/181 366/1282/208
f 371/500/202 368/472/185 372/1283/207
f 385/1285/427 369/471/184 370/473/186
f 363/1286/193 388/475/188 373/477/190
f 384/479/191 360/478/183 362/1289/424
f 388/1292/188 363/1281/193 378/491/199
f 371/500/202 333/1284/189 379/1295/198
f 384/479/191 381/1290/426 383/506/206
f 426/1296/228 412/511/210 392/510/209
f 426/1303/228 413/530/223 424/519/214
f 420/531/224 419/1320/430 708/1304/222
f 423/527/220 411/514/213 418/1309/429
f 446/1318/243 432/542/231 394/541/230
f 446/1324/243 433/558/223 445/550/214
f 438/1325/246 434/1329/244 436/560/235
f 431/545/234 396/544/233 437/1326/245
f 437/1326/245 438/1567/246 395/1330/240
f 441/559/238 440/1339/432 710/1331/222
f 444/555/220 431/545/234 439/1327/431
f 448/565/242 430/568/232 432/1338/231
f 465/1341/256 452/575/210 397/574/209
f 465/1343/256 453/594/253 463/583/248
f 462/1344/251 451/578/247 458/1345/433
f 459/591/250 453/1342/253 711/590/249
f 485/1357/228 471/606/210 399/605/209
f 485/1362/228 472/625/223 483/614/214
f 479/626/238 478/1379/432 713/1363/222
f 482/622/220 470/609/257 477/1368/429
f 492/1377/283 491/637/262 401/636/261
f 492/1383/283 493/653/274 504/645/266
f 498/1384/282 494/1387/280 496/655/267
f 490/640/265 403/639/264 497/1385/281
f 497/1385/281 498/1568/282 402/1388/276
f 502/1389/271 501/1569/275 500/1390/434
f 512/1395/283 511/671/262 404/670/261
f 512/1400/283 513/687/291 524/679/286
f 518/1401/282 514/1404/280 516/689/267
f 510/674/285 406/673/284 517/1402/295
f 517/1402/295 518/1570/282 405/1405/293
f 544/1406/243 531/705/231 407/704/230
f 544/1417/243 532/721/298 543/713/297
f 537/1418/246 533/1421/244 535/723/267
f 530/708/296 409/707/233 536/1419/245
f 536/1419/245 537/1571/246 408/1422/293
f 546/728/242 529/731/232 531/1423/231
f 551/746/301 550/745/308 549/1431/437
f 553/1433/319 570/1572/438 566/1434/316
f 570/1436/438 568/1438/318 556/761/315
f 550/745/308 717/1442/304 559/1441/306
f 717/1442/304 550/745/308 564/751/312
f 558/1447/440 568/766/318 569/765/317
f 721/1448/335 591/1573/441 587/1449/333
f 574/776/322 575/775/325 721/1448/335
f 591/1454/441 577/778/326 578/780/328
f 579/1457/332 580/1456/336 581/1458/442
f 573/773/323 719/1462/443 581/1460/442
f 571/1461/324 572/1574/321 588/804/337
f 719/1462/443 573/773/323 585/786/312
f 589/800/334 575/799/325 588/804/337
f 724/1464/335 613/1575/441 610/1465/333
f 595/810/322 596/809/341 724/1464/335
f 613/1471/441 599/812/342 600/814/344
f 594/807/339 722/1476/346 603/1474/348
f 592/1475/340 593/1576/338 611/837/350
f 722/1476/346 594/807/339 608/824/312
f 617/855/354 616/854/361 615/1478/360
f 619/1485/365 636/1577/444 632/1486/316
f 636/1488/444 622/846/356 623/848/358
f 624/1491/362 625/1490/366 626/1492/445
f 616/854/361 725/1495/446 626/1494/445
f 725/1495/446 616/854/361 630/860/312
f 641/1497/377 659/1578/378 654/1498/316
f 659/1504/378 644/885/372 645/887/374
f 646/1507/362 647/1506/379 648/1508/448
f 638/880/369 727/1511/446 648/1510/448
f 727/1511/446 638/880/369 652/893/312
f 663/930/354 662/929/388 661/1515/387
f 665/1519/390 683/1579/450 678/1520/316
f 683/1522/450 667/917/380 668/919/382
f 662/929/388 729/1525/346 671/1523/385
f 729/1525/346 662/929/388 676/935/312
f 682/924/386 679/1526/449 681/950/391
f 687/962/301 686/961/308 685/1528/437
f 689/1534/319 706/1580/438 702/1535/316
f 706/1537/438 704/1539/318 692/977/315
f 686/961/308 731/1543/304 695/1542/306
f 731/1543/304 686/961/308 700/967/393
f 694/1548/440 704/982/318 705/981/394
