# Blender 4.2.2 LTS
# www.blender.org
mtllib i.mtl
o テキスト
v -0.150000 0.448374 -0.052481
v -0.150000 0.448089 -0.052483
v -0.150000 0.447804 -0.052486
v -0.150000 0.447519 -0.052491
v -0.150000 0.447233 -0.052499
v -0.150000 0.446948 -0.052509
v -0.150000 0.446663 -0.052522
v -0.150000 0.446378 -0.052536
v -0.150000 0.446092 -0.052553
v -0.150000 0.445807 -0.052572
v -0.150000 0.445522 -0.052593
v -0.150000 0.445237 -0.052616
v -0.150000 0.444951 -0.052642
v -0.150000 0.444666 -0.052670
v -0.150000 0.444381 -0.052700
v -0.150000 0.444096 -0.052732
v -0.150000 0.443810 -0.052767
v -0.150000 0.443525 -0.052803
v -0.150000 0.443240 -0.052842
v -0.150000 0.442955 -0.052884
v -0.150000 0.442669 -0.052927
v -0.150000 0.442384 -0.052973
v -0.150000 0.442099 -0.053021
v -0.150000 0.441814 -0.053071
v -0.150000 0.441529 -0.053123
v -0.150000 0.441243 -0.053178
v -0.150000 0.440958 -0.053235
v -0.150000 0.440673 -0.053294
v -0.150000 0.440388 -0.053355
v -0.150000 0.440102 -0.053418
v -0.150000 0.439817 -0.053484
v -0.150000 0.439532 -0.053552
v -0.150000 0.439247 -0.053622
v -0.150000 0.438961 -0.053695
v -0.150000 0.438676 -0.053769
v -0.150000 0.438391 -0.053846
v -0.150000 0.438106 -0.053925
v -0.150000 0.437820 -0.054007
v -0.150000 0.437535 -0.054090
v -0.150000 0.437250 -0.054176
v -0.150000 0.436965 -0.054264
v -0.150000 0.436679 -0.054354
v -0.150000 0.436394 -0.054447
v -0.150000 0.436109 -0.054542
v -0.150000 0.435824 -0.054638
v -0.150000 0.435539 -0.054738
v -0.150000 0.435253 -0.054839
v -0.150000 0.434968 -0.054943
v -0.150000 0.434683 -0.055048
v -0.150000 0.434398 -0.055157
v -0.150000 0.434112 -0.055267
v -0.150000 0.433827 -0.055379
v -0.150000 0.433542 -0.055494
v -0.150000 0.433257 -0.055611
v -0.150000 0.432971 -0.055730
v -0.150000 0.432686 -0.055852
v -0.150000 0.432401 -0.055975
v -0.150000 0.432116 -0.056101
v -0.150000 0.431830 -0.056229
v -0.150000 0.431545 -0.056360
v -0.150000 0.431260 -0.056492
v -0.150000 0.430975 -0.056627
v -0.150000 0.430689 -0.056764
v -0.150000 0.430404 -0.056904
v -0.150000 0.430120 -0.057045
v -0.150000 0.426106 -0.058748
v -0.150000 0.422122 -0.060433
v -0.150000 0.418169 -0.062100
v -0.150000 0.414245 -0.063750
v -0.150000 0.410352 -0.065382
v -0.150000 0.406488 -0.066997
v -0.150000 0.402655 -0.068595
v -0.150000 0.398852 -0.070174
v -0.150000 0.395079 -0.071737
v -0.150000 0.391336 -0.073281
v -0.150000 0.387623 -0.074808
v -0.150000 0.383940 -0.076318
v -0.150000 0.380287 -0.077810
v -0.150000 0.376665 -0.079284
v -0.150000 0.373072 -0.080741
v -0.150000 0.369509 -0.082181
v -0.150000 0.365977 -0.083602
v -0.150000 0.362475 -0.085007
v -0.150000 0.359002 -0.086393
v -0.150000 0.355560 -0.087762
v -0.150000 0.352148 -0.089114
v -0.150000 0.348766 -0.090448
v -0.150000 0.345414 -0.091765
v -0.150000 0.342092 -0.093064
v -0.150000 0.338800 -0.094345
v -0.150000 0.335539 -0.095609
v -0.150000 0.332307 -0.096855
v -0.150000 0.329105 -0.098084
v -0.150000 0.325934 -0.099295
v -0.150000 0.322793 -0.100489
v -0.150000 0.319681 -0.101665
v -0.150000 0.316600 -0.102824
v -0.150000 0.313549 -0.103965
v -0.150000 0.310528 -0.105088
v -0.150000 0.307537 -0.106194
v -0.150000 0.304576 -0.107283
v -0.150000 0.301645 -0.108353
v -0.150000 0.298745 -0.109407
v -0.150000 0.295874 -0.110442
v -0.150000 0.293033 -0.111461
v -0.150000 0.290223 -0.112461
v -0.150000 0.287443 -0.113444
v -0.150000 0.284692 -0.114410
v -0.150000 0.281972 -0.115358
v -0.150000 0.279282 -0.116288
v -0.150000 0.276622 -0.117201
v -0.150000 0.273992 -0.118097
v -0.150000 0.271392 -0.118975
v -0.150000 0.268822 -0.119835
v -0.150000 0.266282 -0.120678
v -0.150000 0.263773 -0.121503
v -0.150000 0.261293 -0.122310
v -0.150000 0.258844 -0.123100
v -0.150000 0.256424 -0.123873
v -0.150000 0.254035 -0.124628
v -0.150000 0.251676 -0.125365
v -0.150000 0.249347 -0.126085
v -0.150000 0.247047 -0.126788
v -0.150000 0.244778 -0.127472
v -0.150000 0.242540 -0.128140
v -0.150000 0.240331 -0.128789
v -0.150000 0.238152 -0.129422
v -0.150000 0.236003 -0.130036
v -0.150000 0.233885 -0.130633
v -0.150000 0.232308 -0.131111
v -0.150000 0.230750 -0.131581
v -0.150000 0.229212 -0.132043
v -0.150000 0.227692 -0.132498
v -0.150000 0.226192 -0.132946
v -0.150000 0.224711 -0.133386
v -0.150000 0.223250 -0.133818
v -0.150000 0.221807 -0.134243
v -0.150000 0.220384 -0.134660
v -0.150000 0.218980 -0.135070
v -0.150000 0.217595 -0.135473
v -0.150000 0.216230 -0.135868
v -0.150000 0.214883 -0.136255
v -0.150000 0.213556 -0.136635
v -0.150000 0.212248 -0.137007
v -0.150000 0.210960 -0.137372
v -0.150000 0.209690 -0.137729
v -0.150000 0.208440 -0.138079
v -0.150000 0.207209 -0.138421
v -0.150000 0.205997 -0.138755
v -0.150000 0.204805 -0.139083
v -0.150000 0.203631 -0.139402
v -0.150000 0.202477 -0.139714
v -0.150000 0.201342 -0.140019
v -0.150000 0.200227 -0.140316
v -0.150000 0.199130 -0.140606
v -0.150000 0.198053 -0.140888
v -0.150000 0.196995 -0.141162
v -0.150000 0.195956 -0.141429
v -0.150000 0.194936 -0.141688
v -0.150000 0.193936 -0.141940
v -0.150000 0.192955 -0.142185
v -0.150000 0.191993 -0.142422
v -0.150000 0.191050 -0.142651
v -0.150000 0.190127 -0.142873
v -0.150000 0.189222 -0.143087
v -0.150000 0.188337 -0.143294
v -0.150000 0.187472 -0.143493
v -0.150000 0.186625 -0.143685
v -0.150000 0.185798 -0.143869
v -0.150000 0.184989 -0.144046
v -0.150000 0.184200 -0.144215
v -0.150000 0.183431 -0.144377
v -0.150000 0.182680 -0.144531
v -0.150000 0.181949 -0.144678
v -0.150000 0.181237 -0.144817
v -0.150000 0.180544 -0.144949
v -0.150000 0.179870 -0.145073
v -0.150000 0.179216 -0.145189
v -0.150000 0.178581 -0.145298
v -0.150000 0.177965 -0.145400
v -0.150000 0.177368 -0.145494
v -0.150000 0.176790 -0.145580
v -0.150000 0.176232 -0.145659
v -0.150000 0.175693 -0.145731
v -0.150000 0.175173 -0.145795
v -0.150000 0.174672 -0.145851
v -0.150000 0.174191 -0.145900
v -0.150000 0.173728 -0.145941
v -0.150000 0.173285 -0.145975
v -0.150000 0.172862 -0.146002
v -0.150000 0.172457 -0.146020
v -0.150000 0.172072 -0.146032
v -0.150000 0.171706 -0.146035
v -0.150000 0.171242 -0.146033
v -0.150000 0.170777 -0.146028
v -0.150000 0.170311 -0.146018
v -0.150000 0.169845 -0.146004
v -0.150000 0.169378 -0.145987
v -0.150000 0.168910 -0.145965
v -0.150000 0.168441 -0.145940
v -0.150000 0.167971 -0.145911
v -0.150000 0.167500 -0.145877
v -0.150000 0.167029 -0.145840
v -0.150000 0.166557 -0.145799
v -0.150000 0.166084 -0.145755
v -0.150000 0.165610 -0.145706
v -0.150000 0.165135 -0.145653
v -0.150000 0.164659 -0.145597
v -0.150000 0.164183 -0.145536
v -0.150000 0.163706 -0.145472
v -0.150000 0.163227 -0.145404
v -0.150000 0.162748 -0.145331
v -0.150000 0.162269 -0.145255
v -0.150000 0.161788 -0.145176
v -0.150000 0.161307 -0.145092
v -0.150000 0.160824 -0.145004
v -0.150000 0.160341 -0.144912
v -0.150000 0.159857 -0.144817
v -0.150000 0.159372 -0.144717
v -0.150000 0.158887 -0.144614
v -0.150000 0.158400 -0.144507
v -0.150000 0.157913 -0.144396
v -0.150000 0.157425 -0.144281
v -0.150000 0.156936 -0.144162
v -0.150000 0.156446 -0.144039
v -0.150000 0.155955 -0.143912
v -0.150000 0.155464 -0.143781
v -0.150000 0.154972 -0.143647
v -0.150000 0.154478 -0.143508
v -0.150000 0.153984 -0.143366
v -0.150000 0.153490 -0.143220
v -0.150000 0.152994 -0.143070
v -0.150000 0.152498 -0.142916
v -0.150000 0.152000 -0.142758
v -0.150000 0.151502 -0.142596
v -0.150000 0.151003 -0.142430
v -0.150000 0.150503 -0.142261
v -0.150000 0.150002 -0.142087
v -0.150000 0.149501 -0.141910
v -0.150000 0.148999 -0.141728
v -0.150000 0.148495 -0.141543
v -0.150000 0.147991 -0.141354
v -0.150000 0.147487 -0.141161
v -0.150000 0.146981 -0.140964
v -0.150000 0.146474 -0.140763
v -0.150000 0.145967 -0.140558
v -0.150000 0.145459 -0.140350
v -0.150000 0.144950 -0.140137
v -0.150000 0.144440 -0.139921
v -0.150000 0.143929 -0.139701
v -0.150000 0.143418 -0.139476
v -0.150000 0.142905 -0.139248
v -0.150000 0.142392 -0.139016
v -0.150000 0.141878 -0.138780
v -0.150000 0.141363 -0.138540
v -0.150000 0.140847 -0.138297
v -0.150000 0.140331 -0.138049
v -0.150000 0.139318 -0.137465
v -0.150000 0.138313 -0.136891
v -0.150000 0.137315 -0.136326
v -0.150000 0.136324 -0.135769
v -0.150000 0.135341 -0.135223
v -0.150000 0.134365 -0.134685
v -0.150000 0.133396 -0.134156
v -0.150000 0.132434 -0.133637
v -0.150000 0.131479 -0.133127
v -0.150000 0.130532 -0.132626
v -0.150000 0.129592 -0.132134
v -0.150000 0.128659 -0.131652
v -0.150000 0.127733 -0.131178
v -0.150000 0.126815 -0.130714
v -0.150000 0.125904 -0.130259
v -0.150000 0.125000 -0.129813
v -0.150000 0.124103 -0.129377
v -0.150000 0.123214 -0.128949
v -0.150000 0.122332 -0.128531
v -0.150000 0.121457 -0.128122
v -0.150000 0.120589 -0.127722
v -0.150000 0.119729 -0.127331
v -0.150000 0.118876 -0.126950
v -0.150000 0.118030 -0.126578
v -0.150000 0.117191 -0.126215
v -0.150000 0.116360 -0.125861
v -0.150000 0.115536 -0.125516
v -0.150000 0.114719 -0.125180
v -0.150000 0.113909 -0.124854
v -0.150000 0.113106 -0.124537
v -0.150000 0.112311 -0.124229
v -0.150000 0.111523 -0.123930
v -0.150000 0.110742 -0.123641
v -0.150000 0.109969 -0.123360
v -0.150000 0.109203 -0.123089
v -0.150000 0.108444 -0.122827
v -0.150000 0.107692 -0.122575
v -0.150000 0.106947 -0.122331
v -0.150000 0.106210 -0.122097
v -0.150000 0.105480 -0.121871
v -0.150000 0.104757 -0.121655
v -0.150000 0.104042 -0.121449
v -0.150000 0.103333 -0.121251
v -0.150000 0.102632 -0.121063
v -0.150000 0.101938 -0.120883
v -0.150000 0.101252 -0.120713
v -0.150000 0.100572 -0.120552
v -0.150000 0.099900 -0.120401
v -0.150000 0.099235 -0.120258
v -0.150000 0.098578 -0.120125
v -0.150000 0.097927 -0.120001
v -0.150000 0.097284 -0.119886
v -0.150000 0.096648 -0.119780
v -0.150000 0.096020 -0.119684
v -0.150000 0.095398 -0.119596
v -0.150000 0.094784 -0.119518
v -0.150000 0.094177 -0.119449
v -0.150000 0.093577 -0.119390
v -0.150000 0.092985 -0.119339
v -0.150000 0.092400 -0.119298
v -0.150000 0.091822 -0.119266
v -0.150000 0.091251 -0.119243
v -0.150000 0.090688 -0.119229
v -0.150000 0.090131 -0.119224
v -0.150000 0.089491 -0.119227
v -0.150000 0.088854 -0.119236
v -0.150000 0.088221 -0.119252
v -0.150000 0.087591 -0.119273
v -0.150000 0.086964 -0.119301
v -0.150000 0.086341 -0.119334
v -0.150000 0.085721 -0.119374
v -0.150000 0.085104 -0.119420
v -0.150000 0.084491 -0.119472
v -0.150000 0.083881 -0.119531
v -0.150000 0.083274 -0.119595
v -0.150000 0.082671 -0.119665
v -0.150000 0.082071 -0.119742
v -0.150000 0.081474 -0.119825
v -0.150000 0.080881 -0.119914
v -0.150000 0.080291 -0.120009
v -0.150000 0.079704 -0.120110
v -0.150000 0.079121 -0.120217
v -0.150000 0.078541 -0.120330
v -0.150000 0.077965 -0.120450
v -0.150000 0.077391 -0.120575
v -0.150000 0.076821 -0.120707
v -0.150000 0.076255 -0.120845
v -0.150000 0.075692 -0.120989
v -0.150000 0.075132 -0.121139
v -0.150000 0.074575 -0.121295
v -0.150000 0.074022 -0.121458
v -0.150000 0.073472 -0.121626
v -0.150000 0.072926 -0.121801
v -0.150000 0.072383 -0.121982
v -0.150000 0.071843 -0.122169
v -0.150000 0.071306 -0.122362
v -0.150000 0.070773 -0.122561
v -0.150000 0.070243 -0.122766
v -0.150000 0.069717 -0.122978
v -0.150000 0.069194 -0.123195
v -0.150000 0.068674 -0.123419
v -0.150000 0.068158 -0.123649
v -0.150000 0.067645 -0.123884
v -0.150000 0.067135 -0.124126
v -0.150000 0.066629 -0.124375
v -0.150000 0.066125 -0.124629
v -0.150000 0.065626 -0.124889
v -0.150000 0.065129 -0.125156
v -0.150000 0.064636 -0.125429
v -0.150000 0.064147 -0.125707
v -0.150000 0.063660 -0.125992
v -0.150000 0.063177 -0.126284
v -0.150000 0.062698 -0.126581
v -0.150000 0.062221 -0.126884
v -0.150000 0.061749 -0.127193
v -0.150000 0.061279 -0.127509
v -0.150000 0.060813 -0.127831
v -0.150000 0.060350 -0.128159
v -0.150000 0.059890 -0.128493
v -0.150000 0.059434 -0.128833
v -0.150000 0.058981 -0.129179
v -0.150000 0.058531 -0.129531
v -0.150000 0.058085 -0.129890
v -0.150000 0.057642 -0.130254
v -0.150000 0.057203 -0.130625
v -0.150000 0.056767 -0.131002
v -0.150000 0.056334 -0.131385
v -0.150000 0.055904 -0.131774
v -0.150000 0.055480 -0.132168
v -0.150000 0.055062 -0.132565
v -0.150000 0.054651 -0.132966
v -0.150000 0.054246 -0.133370
v -0.150000 0.053849 -0.133777
v -0.150000 0.053457 -0.134187
v -0.150000 0.053073 -0.134601
v -0.150000 0.052695 -0.135019
v -0.150000 0.052324 -0.135439
v -0.150000 0.051960 -0.135863
v -0.150000 0.051602 -0.136290
v -0.150000 0.051251 -0.136721
v -0.150000 0.050907 -0.137155
v -0.150000 0.050570 -0.137592
v -0.150000 0.050239 -0.138033
v -0.150000 0.049914 -0.138477
v -0.150000 0.049597 -0.138924
v -0.150000 0.049286 -0.139375
v -0.150000 0.048982 -0.139829
v -0.150000 0.048684 -0.140286
v -0.150000 0.048394 -0.140747
v -0.150000 0.048109 -0.141211
v -0.150000 0.047832 -0.141678
v -0.150000 0.047561 -0.142149
v -0.150000 0.047297 -0.142623
v -0.150000 0.047040 -0.143101
v -0.150000 0.046789 -0.143581
v -0.150000 0.046545 -0.144066
v -0.150000 0.046308 -0.144553
v -0.150000 0.046077 -0.145044
v -0.150000 0.045853 -0.145538
v -0.150000 0.045636 -0.146035
v -0.150000 0.045425 -0.146536
v -0.150000 0.045222 -0.147040
v -0.150000 0.045024 -0.147548
v -0.150000 0.044834 -0.148059
v -0.150000 0.044650 -0.148573
v -0.150000 0.044473 -0.149090
v -0.150000 0.044302 -0.149611
v -0.150000 0.044139 -0.150135
v -0.150000 0.043982 -0.150663
v -0.150000 0.043831 -0.151194
v -0.150000 0.043687 -0.151728
v -0.150000 0.043550 -0.152266
v -0.150000 0.043420 -0.152807
v -0.150000 0.043296 -0.153351
v -0.150000 0.043179 -0.153899
v -0.150000 0.043069 -0.154450
v -0.150000 0.042965 -0.155004
v -0.150000 0.042868 -0.155561
v -0.150000 0.042778 -0.156122
v -0.150000 0.042695 -0.156687
v -0.150000 0.042618 -0.157254
v -0.150000 0.042548 -0.157825
v -0.150000 0.042484 -0.158400
v -0.150000 0.042427 -0.158977
v -0.150000 0.042377 -0.159559
v -0.150000 0.042334 -0.160143
v -0.150000 0.042297 -0.160731
v -0.150000 0.042267 -0.161322
v -0.150000 0.042243 -0.161916
v -0.150000 0.042227 -0.162514
v -0.150000 0.042217 -0.163115
v -0.150000 0.042213 -0.163719
v -0.150000 0.042226 -0.165484
v -0.150000 0.042262 -0.167248
v -0.150000 0.042324 -0.169011
v -0.150000 0.042409 -0.170774
v -0.150000 0.042520 -0.172537
v -0.150000 0.042655 -0.174298
v -0.150000 0.042814 -0.176060
v -0.150000 0.042998 -0.177820
v -0.150000 0.043206 -0.179580
v -0.150000 0.043439 -0.181340
v -0.150000 0.043696 -0.183099
v -0.150000 0.043978 -0.184857
v -0.150000 0.044285 -0.186615
v -0.150000 0.044615 -0.188372
v -0.150000 0.044971 -0.190129
v -0.150000 0.045351 -0.191885
v -0.150000 0.045755 -0.193641
v -0.150000 0.046184 -0.195396
v -0.150000 0.046638 -0.197151
v -0.150000 0.047116 -0.198905
v -0.150000 0.047618 -0.200658
v -0.150000 0.048145 -0.202411
v -0.150000 0.048697 -0.204163
v -0.150000 0.049273 -0.205915
v -0.150000 0.049873 -0.207666
v -0.150000 0.050498 -0.209417
v -0.150000 0.051148 -0.211167
v -0.150000 0.051822 -0.212916
v -0.150000 0.052520 -0.214665
v -0.150000 0.053244 -0.216414
v -0.150000 0.053991 -0.218161
v -0.150000 0.054763 -0.219909
v -0.150000 0.055560 -0.221655
v -0.150000 0.056381 -0.223402
v -0.150000 0.057227 -0.225147
v -0.150000 0.058097 -0.226892
v -0.150000 0.058991 -0.228637
v -0.150000 0.059911 -0.230381
v -0.150000 0.060854 -0.232124
v -0.150000 0.061823 -0.233867
v -0.150000 0.062815 -0.235609
v -0.150000 0.063833 -0.237351
v -0.150000 0.064874 -0.239092
v -0.150000 0.065941 -0.240833
v -0.150000 0.067031 -0.242573
v -0.150000 0.068147 -0.244312
v -0.150000 0.069286 -0.246051
v -0.150000 0.070451 -0.247790
v -0.150000 0.071639 -0.249527
v -0.150000 0.072853 -0.251265
v -0.150000 0.074091 -0.253001
v -0.150000 0.075353 -0.254737
v -0.150000 0.076640 -0.256473
v -0.150000 0.077951 -0.258208
v -0.150000 0.079287 -0.259943
v -0.150000 0.080647 -0.261676
v -0.150000 0.082032 -0.263410
v -0.150000 0.083442 -0.265143
v -0.150000 0.084876 -0.266875
v -0.150000 0.086334 -0.268607
v -0.150000 0.087817 -0.270338
v -0.150000 0.089325 -0.272068
v -0.150000 0.090857 -0.273798
v -0.150000 0.092413 -0.275528
v -0.150000 0.095154 -0.278541
v -0.150000 0.097921 -0.281518
v -0.150000 0.100714 -0.284460
v -0.150000 0.103535 -0.287367
v -0.150000 0.106381 -0.290238
v -0.150000 0.109254 -0.293074
v -0.150000 0.112154 -0.295875
v -0.150000 0.115079 -0.298640
v -0.150000 0.118032 -0.301370
v -0.150000 0.121011 -0.304064
v -0.150000 0.124016 -0.306723
v -0.150000 0.127048 -0.309347
v -0.150000 0.130106 -0.311935
v -0.150000 0.133191 -0.314488
v -0.150000 0.136302 -0.317006
v -0.150000 0.139440 -0.319488
v -0.150000 0.142604 -0.321935
v -0.150000 0.145794 -0.324346
v -0.150000 0.149011 -0.326722
v -0.150000 0.152255 -0.329063
v -0.150000 0.155525 -0.331368
v -0.150000 0.158821 -0.333638
v -0.150000 0.162144 -0.335873
v -0.150000 0.165493 -0.338072
v -0.150000 0.168869 -0.340236
v -0.150000 0.172271 -0.342364
v -0.150000 0.175700 -0.344458
v -0.150000 0.179155 -0.346515
v -0.150000 0.182637 -0.348538
v -0.150000 0.186145 -0.350524
v -0.150000 0.189679 -0.352476
v -0.150000 0.193240 -0.354392
v -0.150000 0.196828 -0.356273
v -0.150000 0.200442 -0.358119
v -0.150000 0.204082 -0.359929
v -0.150000 0.207749 -0.361703
v -0.150000 0.211442 -0.363443
v -0.150000 0.215162 -0.365147
v -0.150000 0.218908 -0.366815
v -0.150000 0.222681 -0.368449
v -0.150000 0.226480 -0.370046
v -0.150000 0.230306 -0.371609
v -0.150000 0.234158 -0.373136
v -0.150000 0.238036 -0.374628
v -0.150000 0.241941 -0.376084
v -0.150000 0.245873 -0.377505
v -0.150000 0.249831 -0.378891
v -0.150000 0.253815 -0.380241
v -0.150000 0.257826 -0.381556
v -0.150000 0.261863 -0.382835
v -0.150000 0.265927 -0.384079
v -0.150000 0.270017 -0.385288
v -0.150000 0.274134 -0.386461
v -0.150000 0.278277 -0.387599
v -0.150000 0.282446 -0.388702
v -0.150000 0.286643 -0.389769
v -0.150000 0.290865 -0.390801
v -0.150000 0.295114 -0.391798
v -0.150000 0.299390 -0.392759
v -0.150000 0.303691 -0.393684
v -0.150000 0.308020 -0.394575
v -0.150000 0.312375 -0.395430
v -0.150000 0.316756 -0.396249
v -0.150000 0.321164 -0.397034
v -0.150000 0.323597 -0.397511
v -0.150000 0.326048 -0.397981
v -0.150000 0.328517 -0.398444
v -0.150000 0.331004 -0.398899
v -0.150000 0.333509 -0.399346
v -0.150000 0.336031 -0.399786
v -0.150000 0.338571 -0.400219
v -0.150000 0.341130 -0.400644
v -0.150000 0.343705 -0.401061
v -0.150000 0.346299 -0.401471
v -0.150000 0.348911 -0.401873
v -0.150000 0.351540 -0.402268
v -0.150000 0.354187 -0.402655
v -0.150000 0.356853 -0.403035
v -0.150000 0.359535 -0.403407
v -0.150000 0.362236 -0.403772
v -0.150000 0.364955 -0.404129
v -0.150000 0.367691 -0.404479
v -0.150000 0.370445 -0.404821
v -0.150000 0.373217 -0.405156
v -0.150000 0.376007 -0.405483
v -0.150000 0.378815 -0.405803
v -0.150000 0.381640 -0.406115
v -0.150000 0.384484 -0.406419
v -0.150000 0.387345 -0.406716
v -0.150000 0.390224 -0.407006
v -0.150000 0.393121 -0.407288
v -0.150000 0.396035 -0.407562
v -0.150000 0.398968 -0.407829
v -0.150000 0.401918 -0.408089
v -0.150000 0.404886 -0.408341
v -0.150000 0.407872 -0.408585
v -0.150000 0.410876 -0.408822
v -0.150000 0.413898 -0.409052
v -0.150000 0.416937 -0.409273
v -0.150000 0.419994 -0.409488
v -0.150000 0.423069 -0.409695
v -0.150000 0.426162 -0.409894
v -0.150000 0.429273 -0.410086
v -0.150000 0.432402 -0.410270
v -0.150000 0.435548 -0.410447
v -0.150000 0.438712 -0.410616
v -0.150000 0.441894 -0.410778
v -0.150000 0.445094 -0.410932
v -0.150000 0.448312 -0.411078
v -0.150000 0.451547 -0.411217
v -0.150000 0.454801 -0.411349
v -0.150000 0.458072 -0.411473
v -0.150000 0.461361 -0.411590
v -0.150000 0.464668 -0.411699
v -0.150000 0.467992 -0.411800
v -0.150000 0.471335 -0.411894
v -0.150000 0.474695 -0.411981
v -0.150000 0.478073 -0.412060
v -0.150000 0.481469 -0.412131
v -0.150000 0.484883 -0.412195
v -0.150000 0.488314 -0.412252
v -0.150000 0.491764 -0.412300
v -0.150000 0.495231 -0.412342
v -0.150000 0.498716 -0.412376
v -0.150000 0.502219 -0.412402
v -0.150000 0.505740 -0.412421
v -0.150000 0.509278 -0.412432
v -0.150000 0.512835 -0.412436
v -0.150000 0.618939 -0.411295
v -0.150000 0.619918 -0.411295
v -0.150000 0.620893 -0.411296
v -0.150000 0.621865 -0.411297
v -0.150000 0.622834 -0.411299
v -0.150000 0.623799 -0.411302
v -0.150000 0.624762 -0.411305
v -0.150000 0.625720 -0.411309
v -0.150000 0.626676 -0.411313
v -0.150000 0.627628 -0.411317
v -0.150000 0.628576 -0.411323
v -0.150000 0.629522 -0.411329
v -0.150000 0.630464 -0.411335
v -0.150000 0.631403 -0.411342
v -0.150000 0.632338 -0.411350
v -0.150000 0.633270 -0.411358
v -0.150000 0.634198 -0.411366
v -0.150000 0.635124 -0.411375
v -0.150000 0.636046 -0.411385
v -0.150000 0.636964 -0.411395
v -0.150000 0.637880 -0.411406
v -0.150000 0.638792 -0.411418
v -0.150000 0.639700 -0.411430
v -0.150000 0.640606 -0.411442
v -0.150000 0.641507 -0.411455
v -0.150000 0.642406 -0.411469
v -0.150000 0.643301 -0.411483
v -0.150000 0.644193 -0.411498
v -0.150000 0.645082 -0.411513
v -0.150000 0.645967 -0.411529
v -0.150000 0.646849 -0.411546
v -0.150000 0.647727 -0.411563
v -0.150000 0.648602 -0.411580
v -0.150000 0.649474 -0.411598
v -0.150000 0.650343 -0.411617
v -0.150000 0.651208 -0.411636
v -0.150000 0.652070 -0.411656
v -0.150000 0.652928 -0.411676
v -0.150000 0.653783 -0.411697
v -0.150000 0.654635 -0.411719
v -0.150000 0.655483 -0.411741
v -0.150000 0.656329 -0.411763
v -0.150000 0.657170 -0.411786
v -0.150000 0.658009 -0.411810
v -0.150000 0.658844 -0.411834
v -0.150000 0.659675 -0.411859
v -0.150000 0.660504 -0.411884
v -0.150000 0.661329 -0.411910
v -0.150000 0.662151 -0.411937
v -0.150000 0.662969 -0.411964
v -0.150000 0.663784 -0.411991
v -0.150000 0.664596 -0.412019
v -0.150000 0.665404 -0.412048
v -0.150000 0.666209 -0.412077
v -0.150000 0.667011 -0.412107
v -0.150000 0.667809 -0.412137
v -0.150000 0.668604 -0.412168
v -0.150000 0.669395 -0.412200
v -0.150000 0.670184 -0.412232
v -0.150000 0.670969 -0.412264
v -0.150000 0.671750 -0.412298
v -0.150000 0.672528 -0.412331
v -0.150000 0.673303 -0.412366
v -0.150000 0.674075 -0.412400
v -0.150000 0.674843 -0.412436
v -0.150000 0.676146 -0.412500
v -0.150000 0.677450 -0.412586
v -0.150000 0.678757 -0.412694
v -0.150000 0.680066 -0.412824
v -0.150000 0.681378 -0.412975
v -0.150000 0.682691 -0.413148
v -0.150000 0.684007 -0.413342
v -0.150000 0.685325 -0.413559
v -0.150000 0.686645 -0.413797
v -0.150000 0.687968 -0.414057
v -0.150000 0.689293 -0.414339
v -0.150000 0.690620 -0.414642
v -0.150000 0.691949 -0.414967
v -0.150000 0.693280 -0.415314
v -0.150000 0.694614 -0.415682
v -0.150000 0.695950 -0.416072
v -0.150000 0.697288 -0.416484
v -0.150000 0.698628 -0.416918
v -0.150000 0.699971 -0.417373
v -0.150000 0.701316 -0.417851
v -0.150000 0.702663 -0.418349
v -0.150000 0.704012 -0.418870
v -0.150000 0.705363 -0.419412
v -0.150000 0.706717 -0.419976
v -0.150000 0.708073 -0.420562
v -0.150000 0.709431 -0.421170
v -0.150000 0.710792 -0.421799
v -0.150000 0.712154 -0.422450
v -0.150000 0.713519 -0.423122
v -0.150000 0.714886 -0.423817
v -0.150000 0.716255 -0.424533
v -0.150000 0.717627 -0.425271
v -0.150000 0.719001 -0.426030
v -0.150000 0.720377 -0.426812
v -0.150000 0.721755 -0.427615
v -0.150000 0.723135 -0.428439
v -0.150000 0.724518 -0.429286
v -0.150000 0.725903 -0.430154
v -0.150000 0.727290 -0.431044
v -0.150000 0.728679 -0.431956
v -0.150000 0.730071 -0.432889
v -0.150000 0.731465 -0.433844
v -0.150000 0.732861 -0.434821
v -0.150000 0.734259 -0.435820
v -0.150000 0.735660 -0.436840
v -0.150000 0.737062 -0.437882
v -0.150000 0.738467 -0.438946
v -0.150000 0.739874 -0.440031
v -0.150000 0.741284 -0.441138
v -0.150000 0.742695 -0.442267
v -0.150000 0.744109 -0.443418
v -0.150000 0.745525 -0.444590
v -0.150000 0.746944 -0.445784
v -0.150000 0.748364 -0.447000
v -0.150000 0.749787 -0.448238
v -0.150000 0.751212 -0.449497
v -0.150000 0.752639 -0.450778
v -0.150000 0.754069 -0.452081
v -0.150000 0.755501 -0.453405
v -0.150000 0.756934 -0.454751
v -0.150000 0.758371 -0.456119
v -0.150000 0.759809 -0.457509
v -0.150000 0.761250 -0.458920
v -0.150000 0.762693 -0.460354
v -0.150000 0.762941 -0.460601
v -0.150000 0.763188 -0.460845
v -0.150000 0.763434 -0.461085
v -0.150000 0.763677 -0.461321
v -0.150000 0.763920 -0.461553
v -0.150000 0.764160 -0.461781
v -0.150000 0.764399 -0.462005
v -0.150000 0.764636 -0.462225
v -0.150000 0.764871 -0.462442
v -0.150000 0.765105 -0.462654
v -0.150000 0.765337 -0.462863
v -0.150000 0.765567 -0.463068
v -0.150000 0.765796 -0.463269
v -0.150000 0.766023 -0.463466
v -0.150000 0.766248 -0.463659
v -0.150000 0.766472 -0.463848
v -0.150000 0.766694 -0.464033
v -0.150000 0.766914 -0.464214
v -0.150000 0.767133 -0.464392
v -0.150000 0.767350 -0.464565
v -0.150000 0.767565 -0.464735
v -0.150000 0.767779 -0.464901
v -0.150000 0.767991 -0.465062
v -0.150000 0.768201 -0.465220
v -0.150000 0.768410 -0.465374
v -0.150000 0.768617 -0.465525
v -0.150000 0.768822 -0.465671
v -0.150000 0.769025 -0.465813
v -0.150000 0.769227 -0.465952
v -0.150000 0.769428 -0.466086
v -0.150000 0.769626 -0.466217
v -0.150000 0.769823 -0.466343
v -0.150000 0.770018 -0.466466
v -0.150000 0.770212 -0.466585
v -0.150000 0.770404 -0.466700
v -0.150000 0.770594 -0.466811
v -0.150000 0.770783 -0.466919
v -0.150000 0.770970 -0.467022
v -0.150000 0.771155 -0.467121
v -0.150000 0.771339 -0.467217
v -0.150000 0.771520 -0.467309
v -0.150000 0.771701 -0.467396
v -0.150000 0.771879 -0.467480
v -0.150000 0.772056 -0.467560
v -0.150000 0.772231 -0.467636
v -0.150000 0.772405 -0.467708
v -0.150000 0.772577 -0.467777
v -0.150000 0.772747 -0.467841
v -0.150000 0.772915 -0.467901
v -0.150000 0.773082 -0.467958
v -0.150000 0.773247 -0.468010
v -0.150000 0.773411 -0.468059
v -0.150000 0.773573 -0.468104
v -0.150000 0.773733 -0.468145
v -0.150000 0.773891 -0.468182
v -0.150000 0.774048 -0.468215
v -0.150000 0.774203 -0.468244
v -0.150000 0.774357 -0.468270
v -0.150000 0.774509 -0.468291
v -0.150000 0.774659 -0.468309
v -0.150000 0.774807 -0.468322
v -0.150000 0.774954 -0.468332
v -0.150000 0.775099 -0.468338
v -0.150000 0.775242 -0.468340
v -0.150000 0.775614 -0.468334
v -0.150000 0.775980 -0.468316
v -0.150000 0.776339 -0.468286
v -0.150000 0.776693 -0.468244
v -0.150000 0.777041 -0.468190
v -0.150000 0.777383 -0.468124
v -0.150000 0.777720 -0.468047
v -0.150000 0.778050 -0.467957
v -0.150000 0.778375 -0.467855
v -0.150000 0.778694 -0.467741
v -0.150000 0.779007 -0.467615
v -0.150000 0.779314 -0.467478
v -0.150000 0.779615 -0.467328
v -0.150000 0.779910 -0.467166
v -0.150000 0.780200 -0.466993
v -0.150000 0.780484 -0.466807
v -0.150000 0.780761 -0.466609
v -0.150000 0.781033 -0.466400
v -0.150000 0.781299 -0.466178
v -0.150000 0.781560 -0.465945
v -0.150000 0.781814 -0.465699
v -0.150000 0.782063 -0.465441
v -0.150000 0.782306 -0.465172
v -0.150000 0.782542 -0.464891
v -0.150000 0.782773 -0.464597
v -0.150000 0.782999 -0.464292
v -0.150000 0.783218 -0.463974
v -0.150000 0.783432 -0.463645
v -0.150000 0.783639 -0.463304
v -0.150000 0.783841 -0.462950
v -0.150000 0.784037 -0.462585
v -0.150000 0.784227 -0.462208
v -0.150000 0.784411 -0.461818
v -0.150000 0.784590 -0.461417
v -0.150000 0.784762 -0.461004
v -0.150000 0.784929 -0.460579
v -0.150000 0.785090 -0.460142
v -0.150000 0.785245 -0.459692
v -0.150000 0.785394 -0.459231
v -0.150000 0.785537 -0.458758
v -0.150000 0.785675 -0.458273
v -0.150000 0.785806 -0.457776
v -0.150000 0.785932 -0.457267
v -0.150000 0.786052 -0.456746
v -0.150000 0.786166 -0.456213
v -0.150000 0.786274 -0.455668
v -0.150000 0.786377 -0.455111
v -0.150000 0.786473 -0.454542
v -0.150000 0.786564 -0.453961
v -0.150000 0.786649 -0.453368
v -0.150000 0.786728 -0.452764
v -0.150000 0.786801 -0.452147
v -0.150000 0.786868 -0.451518
v -0.150000 0.786929 -0.450877
v -0.150000 0.786985 -0.450224
v -0.150000 0.787035 -0.449560
v -0.150000 0.787079 -0.448883
v -0.150000 0.787117 -0.448194
v -0.150000 0.787149 -0.447494
v -0.150000 0.787175 -0.446781
v -0.150000 0.787196 -0.446056
v -0.150000 0.787210 -0.445320
v -0.150000 0.787219 -0.444571
v -0.150000 0.787222 -0.443811
v -0.150000 0.787212 -0.442685
v -0.150000 0.787181 -0.441553
v -0.150000 0.787129 -0.440415
v -0.150000 0.787057 -0.439272
v -0.150000 0.786964 -0.438122
v -0.150000 0.786851 -0.436967
v -0.150000 0.786717 -0.435806
v -0.150000 0.786562 -0.434639
v -0.150000 0.786387 -0.433466
v -0.150000 0.786191 -0.432287
v -0.150000 0.785975 -0.431103
v -0.150000 0.785738 -0.429913
v -0.150000 0.785480 -0.428716
v -0.150000 0.785202 -0.427514
v -0.150000 0.784903 -0.426306
v -0.150000 0.784584 -0.425093
v -0.150000 0.784243 -0.423873
v -0.150000 0.783883 -0.422648
v -0.150000 0.783501 -0.421416
v -0.150000 0.783100 -0.420179
v -0.150000 0.782677 -0.418936
v -0.150000 0.782234 -0.417687
v -0.150000 0.781770 -0.416433
v -0.150000 0.781286 -0.415172
v -0.150000 0.780781 -0.413906
v -0.150000 0.780255 -0.412634
v -0.150000 0.779709 -0.411356
v -0.150000 0.779142 -0.410072
v -0.150000 0.778555 -0.408782
v -0.150000 0.777947 -0.407486
v -0.150000 0.777318 -0.406185
v -0.150000 0.776669 -0.404877
v -0.150000 0.775999 -0.403564
v -0.150000 0.775308 -0.402245
v -0.150000 0.774597 -0.400920
v -0.150000 0.773865 -0.399590
v -0.150000 0.773113 -0.398253
v -0.150000 0.772340 -0.396911
v -0.150000 0.771547 -0.395562
v -0.150000 0.770732 -0.394208
v -0.150000 0.769898 -0.392848
v -0.150000 0.769042 -0.391482
v -0.150000 0.768166 -0.390111
v -0.150000 0.767270 -0.388733
v -0.150000 0.766352 -0.387350
v -0.150000 0.765414 -0.385961
v -0.150000 0.764456 -0.384565
v -0.150000 0.763477 -0.383165
v -0.150000 0.762477 -0.381758
v -0.150000 0.761457 -0.380345
v -0.150000 0.760416 -0.378927
v -0.150000 0.759355 -0.377502
v -0.150000 0.758272 -0.376072
v -0.150000 0.757170 -0.374636
v -0.150000 0.756046 -0.373194
v -0.150000 0.754902 -0.371747
v -0.150000 0.753738 -0.370293
v -0.150000 0.752553 -0.368834
v -0.150000 0.751347 -0.367368
v -0.150000 0.750120 -0.365897
v -0.150000 0.748873 -0.364420
v -0.150000 0.747606 -0.362938
v -0.150000 0.746318 -0.361449
v -0.150000 0.745009 -0.359954
v -0.150000 0.743281 -0.357885
v -0.150000 0.741558 -0.355848
v -0.150000 0.739839 -0.353844
v -0.150000 0.738123 -0.351872
v -0.150000 0.736411 -0.349933
v -0.150000 0.734704 -0.348027
v -0.150000 0.733000 -0.346153
v -0.150000 0.731300 -0.344312
v -0.150000 0.729604 -0.342503
v -0.150000 0.727912 -0.340727
v -0.150000 0.726224 -0.338983
v -0.150000 0.724539 -0.337272
v -0.150000 0.722859 -0.335594
v -0.150000 0.721182 -0.333948
v -0.150000 0.719510 -0.332335
v -0.150000 0.717841 -0.330754
v -0.150000 0.716176 -0.329206
v -0.150000 0.714515 -0.327691
v -0.150000 0.712858 -0.326208
v -0.150000 0.711205 -0.324758
v -0.150000 0.709556 -0.323340
v -0.150000 0.707910 -0.321955
v -0.150000 0.706269 -0.320603
v -0.150000 0.704631 -0.319283
v -0.150000 0.702998 -0.317996
v -0.150000 0.701368 -0.316741
v -0.150000 0.699742 -0.315519
v -0.150000 0.698120 -0.314330
v -0.150000 0.696502 -0.313173
v -0.150000 0.694888 -0.312048
v -0.150000 0.693278 -0.310957
v -0.150000 0.691671 -0.309897
v -0.150000 0.690069 -0.308871
v -0.150000 0.688470 -0.307877
v -0.150000 0.686876 -0.306915
v -0.150000 0.685285 -0.305987
v -0.150000 0.683698 -0.305090
v -0.150000 0.682115 -0.304227
v -0.150000 0.680536 -0.303396
v -0.150000 0.678961 -0.302597
v -0.150000 0.677390 -0.301831
v -0.150000 0.675822 -0.301098
v -0.150000 0.674259 -0.300398
v -0.150000 0.672700 -0.299729
v -0.150000 0.671144 -0.299094
v -0.150000 0.669592 -0.298491
v -0.150000 0.668044 -0.297921
v -0.150000 0.666500 -0.297383
v -0.150000 0.664960 -0.296878
v -0.150000 0.663424 -0.296405
v -0.150000 0.661892 -0.295965
v -0.150000 0.660364 -0.295558
v -0.150000 0.658839 -0.295183
v -0.150000 0.657319 -0.294841
v -0.150000 0.655802 -0.294532
v -0.150000 0.654289 -0.294255
v -0.150000 0.652780 -0.294010
v -0.150000 0.651275 -0.293798
v -0.150000 0.649774 -0.293619
v -0.150000 0.648277 -0.293472
v -0.150000 0.646784 -0.293358
v -0.150000 0.645294 -0.293277
v -0.150000 0.643809 -0.293228
v -0.150000 0.642327 -0.293212
v -0.150000 0.641457 -0.293214
v -0.150000 0.640591 -0.293222
v -0.150000 0.639731 -0.293234
v -0.150000 0.638876 -0.293252
v -0.150000 0.638026 -0.293274
v -0.150000 0.637182 -0.293302
v -0.150000 0.636343 -0.293334
v -0.150000 0.635509 -0.293372
v -0.150000 0.634680 -0.293415
v -0.150000 0.633857 -0.293462
v -0.150000 0.633039 -0.293515
v -0.150000 0.632226 -0.293573
v -0.150000 0.631419 -0.293635
v -0.150000 0.630617 -0.293703
v -0.150000 0.629820 -0.293776
v -0.150000 0.629029 -0.293853
v -0.150000 0.628243 -0.293936
v -0.150000 0.627462 -0.294024
v -0.150000 0.626686 -0.294117
v -0.150000 0.625916 -0.294214
v -0.150000 0.625151 -0.294317
v -0.150000 0.624391 -0.294425
v -0.150000 0.623637 -0.294538
v -0.150000 0.622888 -0.294656
v -0.150000 0.622144 -0.294778
v -0.150000 0.621405 -0.294906
v -0.150000 0.620672 -0.295039
v -0.150000 0.619944 -0.295177
v -0.150000 0.619221 -0.295320
v -0.150000 0.618504 -0.295468
v -0.150000 0.617792 -0.295621
v -0.150000 0.617085 -0.295779
v -0.150000 0.616384 -0.295942
v -0.150000 0.615687 -0.296110
v -0.150000 0.614996 -0.296283
v -0.150000 0.614311 -0.296461
v -0.150000 0.613630 -0.296644
v -0.150000 0.612955 -0.296832
v -0.150000 0.612286 -0.297025
v -0.150000 0.611621 -0.297223
v -0.150000 0.610962 -0.297426
v -0.150000 0.610308 -0.297634
v -0.150000 0.609660 -0.297847
v -0.150000 0.609016 -0.298065
v -0.150000 0.608378 -0.298288
v -0.150000 0.607746 -0.298516
v -0.150000 0.607118 -0.298749
v -0.150000 0.606496 -0.298987
v -0.150000 0.605879 -0.299231
v -0.150000 0.605268 -0.299479
v -0.150000 0.604661 -0.299732
v -0.150000 0.604061 -0.299990
v -0.150000 0.603465 -0.300253
v -0.150000 0.602874 -0.300522
v -0.150000 0.602289 -0.300795
v -0.150000 0.601710 -0.301073
v -0.150000 0.601135 -0.301356
v -0.150000 0.600566 -0.301645
v -0.150000 0.600002 -0.301938
v -0.150000 0.599443 -0.302236
v -0.150000 0.598890 -0.302540
v -0.150000 0.598342 -0.302848
v -0.150000 0.597799 -0.303161
v -0.150000 0.597262 -0.303480
v -0.150000 0.595378 -0.304099
v -0.150000 0.593471 -0.304708
v -0.150000 0.591540 -0.305308
v -0.150000 0.589585 -0.305898
v -0.150000 0.587607 -0.306478
v -0.150000 0.585605 -0.307048
v -0.150000 0.583579 -0.307608
v -0.150000 0.581530 -0.308159
v -0.150000 0.579457 -0.308700
v -0.150000 0.577360 -0.309232
v -0.150000 0.575240 -0.309753
v -0.150000 0.573096 -0.310265
v -0.150000 0.570928 -0.310767
v -0.150000 0.568737 -0.311259
v -0.150000 0.566521 -0.311742
v -0.150000 0.564283 -0.312215
v -0.150000 0.562020 -0.312678
v -0.150000 0.559734 -0.313131
v -0.150000 0.557424 -0.313575
v -0.150000 0.555091 -0.314009
v -0.150000 0.552734 -0.314433
v -0.150000 0.550353 -0.314847
v -0.150000 0.547948 -0.315252
v -0.150000 0.545520 -0.315646
v -0.150000 0.543068 -0.316031
v -0.150000 0.540593 -0.316407
v -0.150000 0.538094 -0.316772
v -0.150000 0.535571 -0.317128
v -0.150000 0.533024 -0.317474
v -0.150000 0.530454 -0.317811
v -0.150000 0.527860 -0.318137
v -0.150000 0.525243 -0.318454
v -0.150000 0.522601 -0.318761
v -0.150000 0.519936 -0.319059
v -0.150000 0.517248 -0.319346
v -0.150000 0.514535 -0.319624
v -0.150000 0.511800 -0.319892
v -0.150000 0.509040 -0.320150
v -0.150000 0.506257 -0.320399
v -0.150000 0.503450 -0.320638
v -0.150000 0.500619 -0.320867
v -0.150000 0.497765 -0.321086
v -0.150000 0.494887 -0.321296
v -0.150000 0.491985 -0.321496
v -0.150000 0.489060 -0.321686
v -0.150000 0.486110 -0.321866
v -0.150000 0.483138 -0.322037
v -0.150000 0.480141 -0.322198
v -0.150000 0.477121 -0.322349
v -0.150000 0.474078 -0.322490
v -0.150000 0.471010 -0.322622
v -0.150000 0.467919 -0.322744
v -0.150000 0.464804 -0.322856
v -0.150000 0.461666 -0.322958
v -0.150000 0.458504 -0.323051
v -0.150000 0.455318 -0.323134
v -0.150000 0.452108 -0.323207
v -0.150000 0.448875 -0.323270
v -0.150000 0.445618 -0.323324
v -0.150000 0.442338 -0.323368
v -0.150000 0.439034 -0.323402
v -0.150000 0.435706 -0.323426
v -0.150000 0.432354 -0.323441
v -0.150000 0.428979 -0.323446
v -0.150000 0.425973 -0.323439
v -0.150000 0.422982 -0.323420
v -0.150000 0.420005 -0.323389
v -0.150000 0.417042 -0.323345
v -0.150000 0.414093 -0.323289
v -0.150000 0.411158 -0.323220
v -0.150000 0.408238 -0.323138
v -0.150000 0.405332 -0.323044
v -0.150000 0.402440 -0.322938
v -0.150000 0.399562 -0.322819
v -0.150000 0.396699 -0.322687
v -0.150000 0.393849 -0.322543
v -0.150000 0.391014 -0.322386
v -0.150000 0.388193 -0.322217
v -0.150000 0.385387 -0.322035
v -0.150000 0.382594 -0.321841
v -0.150000 0.379816 -0.321634
v -0.150000 0.377052 -0.321415
v -0.150000 0.374302 -0.321183
v -0.150000 0.371566 -0.320939
v -0.150000 0.368845 -0.320682
v -0.150000 0.366137 -0.320412
v -0.150000 0.363444 -0.320130
v -0.150000 0.360765 -0.319836
v -0.150000 0.358101 -0.319529
v -0.150000 0.355450 -0.319209
v -0.150000 0.352814 -0.318877
v -0.150000 0.350192 -0.318532
v -0.150000 0.347584 -0.318175
v -0.150000 0.344991 -0.317805
v -0.150000 0.342411 -0.317423
v -0.150000 0.339846 -0.317028
v -0.150000 0.337295 -0.316621
v -0.150000 0.334758 -0.316201
v -0.150000 0.332236 -0.315768
v -0.150000 0.329727 -0.315323
v -0.150000 0.327233 -0.314866
v -0.150000 0.324753 -0.314396
v -0.150000 0.322287 -0.313913
v -0.150000 0.319836 -0.313418
v -0.150000 0.317398 -0.312910
v -0.150000 0.314975 -0.312390
v -0.150000 0.312566 -0.311858
v -0.150000 0.310171 -0.311312
v -0.150000 0.307791 -0.310755
v -0.150000 0.305424 -0.310184
v -0.150000 0.303072 -0.309601
v -0.150000 0.300734 -0.309006
v -0.150000 0.298411 -0.308398
v -0.150000 0.296101 -0.307778
v -0.150000 0.293806 -0.307145
v -0.150000 0.291525 -0.306499
v -0.150000 0.289258 -0.305841
v -0.150000 0.287005 -0.305171
v -0.150000 0.284767 -0.304487
v -0.150000 0.282542 -0.303792
v -0.150000 0.280332 -0.303084
v -0.150000 0.278136 -0.302363
v -0.150000 0.275955 -0.301630
v -0.150000 0.273787 -0.300884
v -0.150000 0.271634 -0.300125
v -0.150000 0.269495 -0.299355
v -0.150000 0.267370 -0.298571
v -0.150000 0.265260 -0.297775
v -0.150000 0.263491 -0.297096
v -0.150000 0.261750 -0.296413
v -0.150000 0.260037 -0.295725
v -0.150000 0.258352 -0.295034
v -0.150000 0.256694 -0.294339
v -0.150000 0.255065 -0.293641
v -0.150000 0.253463 -0.292938
v -0.150000 0.251890 -0.292231
v -0.150000 0.250344 -0.291521
v -0.150000 0.248826 -0.290806
v -0.150000 0.247335 -0.290088
v -0.150000 0.245873 -0.289366
v -0.150000 0.244439 -0.288639
v -0.150000 0.243032 -0.287909
v -0.150000 0.241653 -0.287175
v -0.150000 0.240302 -0.286438
v -0.150000 0.238979 -0.285696
v -0.150000 0.237684 -0.284950
v -0.150000 0.236417 -0.284201
v -0.150000 0.235177 -0.283447
v -0.150000 0.233966 -0.282690
v -0.150000 0.232782 -0.281929
v -0.150000 0.231626 -0.281163
v -0.150000 0.230498 -0.280394
v -0.150000 0.229397 -0.279621
v -0.150000 0.228325 -0.278845
v -0.150000 0.227281 -0.278064
v -0.150000 0.226264 -0.277279
v -0.150000 0.225275 -0.276491
v -0.150000 0.224314 -0.275698
v -0.150000 0.223381 -0.274902
v -0.150000 0.222476 -0.274102
v -0.150000 0.221598 -0.273297
v -0.150000 0.220749 -0.272489
v -0.150000 0.219927 -0.271677
v -0.150000 0.219133 -0.270862
v -0.150000 0.218367 -0.270042
v -0.150000 0.217629 -0.269218
v -0.150000 0.216919 -0.268391
v -0.150000 0.216236 -0.267559
v -0.150000 0.215582 -0.266724
v -0.150000 0.214955 -0.265885
v -0.150000 0.214356 -0.265042
v -0.150000 0.213785 -0.264194
v -0.150000 0.213242 -0.263344
v -0.150000 0.212727 -0.262489
v -0.150000 0.212239 -0.261630
v -0.150000 0.211780 -0.260767
v -0.150000 0.211348 -0.259901
v -0.150000 0.210944 -0.259030
v -0.150000 0.210568 -0.258156
v -0.150000 0.210220 -0.257278
v -0.150000 0.209900 -0.256396
v -0.150000 0.209607 -0.255510
v -0.150000 0.209343 -0.254620
v -0.150000 0.209106 -0.253726
v -0.150000 0.208897 -0.252828
v -0.150000 0.208716 -0.251926
v -0.150000 0.208563 -0.251021
v -0.150000 0.208437 -0.250111
v -0.150000 0.208340 -0.249198
v -0.150000 0.208270 -0.248281
v -0.150000 0.208228 -0.247360
v -0.150000 0.208214 -0.246435
v -0.150000 0.208220 -0.246042
v -0.150000 0.208235 -0.245648
v -0.150000 0.208261 -0.245252
v -0.150000 0.208297 -0.244855
v -0.150000 0.208343 -0.244456
v -0.150000 0.208400 -0.244057
v -0.150000 0.208467 -0.243655
v -0.150000 0.208544 -0.243253
v -0.150000 0.208632 -0.242849
v -0.150000 0.208730 -0.242443
v -0.150000 0.208838 -0.242036
v -0.150000 0.208957 -0.241628
v -0.150000 0.209085 -0.241219
v -0.150000 0.209224 -0.240808
v -0.150000 0.209374 -0.240395
v -0.150000 0.209534 -0.239981
v -0.150000 0.209704 -0.239566
v -0.150000 0.209884 -0.239150
v -0.150000 0.210075 -0.238732
v -0.150000 0.210276 -0.238312
v -0.150000 0.210487 -0.237892
v -0.150000 0.210709 -0.237470
v -0.150000 0.210940 -0.237046
v -0.150000 0.211183 -0.236621
v -0.150000 0.211435 -0.236195
v -0.150000 0.211698 -0.235767
v -0.150000 0.211971 -0.235338
v -0.150000 0.212254 -0.234908
v -0.150000 0.212548 -0.234476
v -0.150000 0.212852 -0.234042
v -0.150000 0.213167 -0.233608
v -0.150000 0.213491 -0.233172
v -0.150000 0.213826 -0.232734
v -0.150000 0.214171 -0.232295
v -0.150000 0.214527 -0.231855
v -0.150000 0.214893 -0.231414
v -0.150000 0.215269 -0.230971
v -0.150000 0.215655 -0.230526
v -0.150000 0.216052 -0.230080
v -0.150000 0.216459 -0.229633
v -0.150000 0.216877 -0.229185
v -0.150000 0.217304 -0.228735
v -0.150000 0.217742 -0.228283
v -0.150000 0.218191 -0.227830
v -0.150000 0.218649 -0.227376
v -0.150000 0.219118 -0.226921
v -0.150000 0.219597 -0.226464
v -0.150000 0.220087 -0.226005
v -0.150000 0.220587 -0.225546
v -0.150000 0.221097 -0.225085
v -0.150000 0.221617 -0.224622
v -0.150000 0.222148 -0.224158
v -0.150000 0.222689 -0.223693
v -0.150000 0.223241 -0.223226
v -0.150000 0.223802 -0.222758
v -0.150000 0.224374 -0.222289
v -0.150000 0.224957 -0.221818
v -0.150000 0.225549 -0.221345
v -0.150000 0.226152 -0.220872
v -0.150000 0.226765 -0.220397
v -0.150000 0.227389 -0.219920
v -0.150000 0.228023 -0.219442
v -0.150000 0.228667 -0.218963
v -0.150000 0.229321 -0.218483
v -0.150000 0.229406 -0.218415
v -0.150000 0.229590 -0.218285
v -0.150000 0.229872 -0.218092
v -0.150000 0.230253 -0.217836
v -0.150000 0.230732 -0.217517
v -0.150000 0.231310 -0.217136
v -0.150000 0.231987 -0.216691
v -0.150000 0.232762 -0.216183
v -0.150000 0.233635 -0.215612
v -0.150000 0.234608 -0.214979
v -0.150000 0.235679 -0.214282
v -0.150000 0.236848 -0.213522
v -0.150000 0.238117 -0.212700
v -0.150000 0.239483 -0.211814
v -0.150000 0.240949 -0.210866
v -0.150000 0.242513 -0.209855
v -0.150000 0.244175 -0.208780
v -0.150000 0.245937 -0.207643
v -0.150000 0.247796 -0.206443
v -0.150000 0.249755 -0.205180
v -0.150000 0.251812 -0.203853
v -0.150000 0.253968 -0.202464
v -0.150000 0.256222 -0.201012
v -0.150000 0.258575 -0.199497
v -0.150000 0.261026 -0.197919
v -0.150000 0.263576 -0.196278
v -0.150000 0.266225 -0.194575
v -0.150000 0.268972 -0.192808
v -0.150000 0.271818 -0.190978
v -0.150000 0.274762 -0.189085
v -0.150000 0.277805 -0.187130
v -0.150000 0.280947 -0.185111
v -0.150000 0.284187 -0.183030
v -0.150000 0.287526 -0.180885
v -0.150000 0.290964 -0.178678
v -0.150000 0.294500 -0.176407
v -0.150000 0.298134 -0.174074
v -0.150000 0.301868 -0.171678
v -0.150000 0.305699 -0.169219
v -0.150000 0.309630 -0.166696
v -0.150000 0.313659 -0.164111
v -0.150000 0.317787 -0.161463
v -0.150000 0.322013 -0.158752
v -0.150000 0.326338 -0.155978
v -0.150000 0.330761 -0.153141
v -0.150000 0.335284 -0.150241
v -0.150000 0.339904 -0.147279
v -0.150000 0.344624 -0.144253
v -0.150000 0.349441 -0.141164
v -0.150000 0.354358 -0.138012
v -0.150000 0.359373 -0.134798
v -0.150000 0.364487 -0.131520
v -0.150000 0.369699 -0.128180
v -0.150000 0.375010 -0.124776
v -0.150000 0.380420 -0.121310
v -0.150000 0.385928 -0.117780
v -0.150000 0.391534 -0.114188
v -0.150000 0.397240 -0.110533
v -0.150000 0.403044 -0.106814
v -0.150000 0.408946 -0.103033
v -0.150000 0.414947 -0.099189
v -0.150000 0.421047 -0.095282
v -0.150000 0.427246 -0.091312
v -0.150000 0.433543 -0.087279
v -0.150000 0.434268 -0.086800
v -0.150000 0.434981 -0.086324
v -0.150000 0.435684 -0.085853
v -0.150000 0.436375 -0.085385
v -0.150000 0.437054 -0.084921
v -0.150000 0.437722 -0.084461
v -0.150000 0.438379 -0.084005
v -0.150000 0.439024 -0.083553
v -0.150000 0.439658 -0.083105
v -0.150000 0.440280 -0.082661
v -0.150000 0.440891 -0.082220
v -0.150000 0.441491 -0.081784
v -0.150000 0.442079 -0.081351
v -0.150000 0.442656 -0.080923
v -0.150000 0.443221 -0.080498
v -0.150000 0.443775 -0.080077
v -0.150000 0.444317 -0.079660
v -0.150000 0.444848 -0.079247
v -0.150000 0.445368 -0.078838
v -0.150000 0.445876 -0.078433
v -0.150000 0.446373 -0.078031
v -0.150000 0.446858 -0.077634
v -0.150000 0.447332 -0.077240
v -0.150000 0.447795 -0.076850
v -0.150000 0.448246 -0.076465
v -0.150000 0.448686 -0.076083
v -0.150000 0.449114 -0.075705
v -0.150000 0.449531 -0.075331
v -0.150000 0.449936 -0.074961
v -0.150000 0.450330 -0.074594
v -0.150000 0.450713 -0.074232
v -0.150000 0.451084 -0.073873
v -0.150000 0.451444 -0.073519
v -0.150000 0.451792 -0.073168
v -0.150000 0.452129 -0.072821
v -0.150000 0.452454 -0.072478
v -0.150000 0.452768 -0.072139
v -0.150000 0.453071 -0.071804
v -0.150000 0.453362 -0.071473
v -0.150000 0.453642 -0.071146
v -0.150000 0.453910 -0.070823
v -0.150000 0.454167 -0.070503
v -0.150000 0.454413 -0.070187
v -0.150000 0.454647 -0.069876
v -0.150000 0.454870 -0.069568
v -0.150000 0.455081 -0.069264
v -0.150000 0.455281 -0.068964
v -0.150000 0.455469 -0.068668
v -0.150000 0.455646 -0.068376
v -0.150000 0.455812 -0.068088
v -0.150000 0.455966 -0.067803
v -0.150000 0.456109 -0.067523
v -0.150000 0.456240 -0.067246
v -0.150000 0.456360 -0.066973
v -0.150000 0.456468 -0.066705
v -0.150000 0.456566 -0.066440
v -0.150000 0.456651 -0.066179
v -0.150000 0.456725 -0.065922
v -0.150000 0.456788 -0.065668
v -0.150000 0.456840 -0.065419
v -0.150000 0.456880 -0.065174
v -0.150000 0.456908 -0.064932
v -0.150000 0.456925 -0.064695
v -0.150000 0.456931 -0.064461
v -0.150000 0.456929 -0.064089
v -0.150000 0.456923 -0.063724
v -0.150000 0.456912 -0.063364
v -0.150000 0.456898 -0.063010
v -0.150000 0.456879 -0.062662
v -0.150000 0.456856 -0.062320
v -0.150000 0.456829 -0.061984
v -0.150000 0.456797 -0.061653
v -0.150000 0.456762 -0.061329
v -0.150000 0.456722 -0.061010
v -0.150000 0.456678 -0.060697
v -0.150000 0.456630 -0.060390
v -0.150000 0.456578 -0.060089
v -0.150000 0.456522 -0.059793
v -0.150000 0.456461 -0.059504
v -0.150000 0.456396 -0.059220
v -0.150000 0.456327 -0.058942
v -0.150000 0.456254 -0.058670
v -0.150000 0.456177 -0.058404
v -0.150000 0.456095 -0.058144
v -0.150000 0.456010 -0.057889
v -0.150000 0.455920 -0.057641
v -0.150000 0.455826 -0.057398
v -0.150000 0.455728 -0.057161
v -0.150000 0.455625 -0.056930
v -0.150000 0.455519 -0.056705
v -0.150000 0.455408 -0.056485
v -0.150000 0.455293 -0.056272
v -0.150000 0.455174 -0.056064
v -0.150000 0.455051 -0.055862
v -0.150000 0.454923 -0.055666
v -0.150000 0.454792 -0.055476
v -0.150000 0.454656 -0.055292
v -0.150000 0.454516 -0.055114
v -0.150000 0.454372 -0.054941
v -0.150000 0.454224 -0.054774
v -0.150000 0.454071 -0.054614
v -0.150000 0.453914 -0.054459
v -0.150000 0.453754 -0.054309
v -0.150000 0.453589 -0.054166
v -0.150000 0.453419 -0.054029
v -0.150000 0.453246 -0.053897
v -0.150000 0.453068 -0.053771
v -0.150000 0.452887 -0.053651
v -0.150000 0.452701 -0.053537
v -0.150000 0.452511 -0.053429
v -0.150000 0.452316 -0.053327
v -0.150000 0.452118 -0.053230
v -0.150000 0.451915 -0.053140
v -0.150000 0.451708 -0.053055
v -0.150000 0.451497 -0.052976
v -0.150000 0.451282 -0.052903
v -0.150000 0.451063 -0.052835
v -0.150000 0.450839 -0.052774
v -0.150000 0.450612 -0.052718
v -0.150000 0.450380 -0.052669
v -0.150000 0.450144 -0.052625
v -0.150000 0.449903 -0.052587
v -0.150000 0.449659 -0.052555
v -0.150000 0.449410 -0.052528
v -0.150000 0.449158 -0.052508
v -0.150000 0.448901 -0.052493
v -0.150000 0.448640 -0.052484
v -0.150000 0.629778 0.161438
v -0.150000 0.630025 0.161440
v -0.150000 0.630269 0.161448
v -0.150000 0.630509 0.161460
v -0.150000 0.630745 0.161478
v -0.150000 0.630977 0.161500
v -0.150000 0.631205 0.161528
v -0.150000 0.631429 0.161560
v -0.150000 0.631649 0.161598
v -0.150000 0.631866 0.161641
v -0.150000 0.632078 0.161688
v -0.150000 0.632287 0.161741
v -0.150000 0.632492 0.161799
v -0.150000 0.632692 0.161861
v -0.150000 0.632889 0.161929
v -0.150000 0.633082 0.162002
v -0.150000 0.633272 0.162079
v -0.150000 0.633457 0.162162
v -0.150000 0.633638 0.162250
v -0.150000 0.633816 0.162343
v -0.150000 0.633989 0.162440
v -0.150000 0.634159 0.162543
v -0.150000 0.634324 0.162651
v -0.150000 0.634486 0.162764
v -0.150000 0.634644 0.162881
v -0.150000 0.634798 0.163004
v -0.150000 0.634948 0.163132
v -0.150000 0.635095 0.163265
v -0.150000 0.635237 0.163403
v -0.150000 0.635375 0.163546
v -0.150000 0.635510 0.163694
v -0.150000 0.635641 0.163847
v -0.150000 0.635767 0.164005
v -0.150000 0.635890 0.164168
v -0.150000 0.636009 0.164335
v -0.150000 0.636124 0.164508
v -0.150000 0.636235 0.164686
v -0.150000 0.636342 0.164869
v -0.150000 0.636446 0.165057
v -0.150000 0.636545 0.165250
v -0.150000 0.636641 0.165449
v -0.150000 0.636732 0.165652
v -0.150000 0.636820 0.165860
v -0.150000 0.636904 0.166073
v -0.150000 0.636984 0.166291
v -0.150000 0.637060 0.166514
v -0.150000 0.637132 0.166742
v -0.150000 0.637200 0.166975
v -0.150000 0.637265 0.167213
v -0.150000 0.637325 0.167457
v -0.150000 0.637382 0.167705
v -0.150000 0.637434 0.167958
v -0.150000 0.637483 0.168216
v -0.150000 0.637528 0.168479
v -0.150000 0.637569 0.168748
v -0.150000 0.637606 0.169021
v -0.150000 0.637639 0.169299
v -0.150000 0.637668 0.169582
v -0.150000 0.637694 0.169871
v -0.150000 0.637715 0.170164
v -0.150000 0.637733 0.170462
v -0.150000 0.637746 0.170766
v -0.150000 0.637756 0.171074
v -0.150000 0.637762 0.171387
v -0.150000 0.637764 0.171706
v -0.150000 0.637755 0.173012
v -0.150000 0.637730 0.174328
v -0.150000 0.637687 0.175654
v -0.150000 0.637628 0.176989
v -0.150000 0.637551 0.178334
v -0.150000 0.637458 0.179689
v -0.150000 0.637347 0.181054
v -0.150000 0.637220 0.182428
v -0.150000 0.637076 0.183813
v -0.150000 0.636914 0.185207
v -0.150000 0.636736 0.186610
v -0.150000 0.636540 0.188024
v -0.150000 0.636328 0.189447
v -0.150000 0.636099 0.190880
v -0.150000 0.635852 0.192323
v -0.150000 0.635589 0.193775
v -0.150000 0.635309 0.195237
v -0.150000 0.635011 0.196709
v -0.150000 0.634697 0.198191
v -0.150000 0.634366 0.199682
v -0.150000 0.634017 0.201183
v -0.150000 0.633652 0.202694
v -0.150000 0.633270 0.204215
v -0.150000 0.632870 0.205746
v -0.150000 0.632454 0.207286
v -0.150000 0.632021 0.208836
v -0.150000 0.631571 0.210395
v -0.150000 0.631103 0.211965
v -0.150000 0.630619 0.213544
v -0.150000 0.630118 0.215133
v -0.150000 0.629600 0.216732
v -0.150000 0.629064 0.218340
v -0.150000 0.628512 0.219958
v -0.150000 0.627943 0.221586
v -0.150000 0.627357 0.223224
v -0.150000 0.626754 0.224871
v -0.150000 0.626133 0.226528
v -0.150000 0.625496 0.228195
v -0.150000 0.624842 0.229872
v -0.150000 0.624171 0.231558
v -0.150000 0.623483 0.233255
v -0.150000 0.622778 0.234961
v -0.150000 0.622056 0.236676
v -0.150000 0.621316 0.238402
v -0.150000 0.620560 0.240137
v -0.150000 0.619787 0.241882
v -0.150000 0.618997 0.243636
v -0.150000 0.618190 0.245401
v -0.150000 0.617366 0.247175
v -0.150000 0.616525 0.248959
v -0.150000 0.615667 0.250753
v -0.150000 0.614792 0.252556
v -0.150000 0.613900 0.254369
v -0.150000 0.612991 0.256192
v -0.150000 0.612065 0.258025
v -0.150000 0.611122 0.259867
v -0.150000 0.610162 0.261719
v -0.150000 0.609185 0.263581
v -0.150000 0.608191 0.265453
v -0.150000 0.607180 0.267334
v -0.150000 0.606152 0.269225
v -0.150000 0.605107 0.271126
v -0.150000 0.604045 0.273037
v -0.150000 0.602966 0.274957
v -0.150000 0.601068 0.278224
v -0.150000 0.599152 0.281465
v -0.150000 0.597219 0.284680
v -0.150000 0.595267 0.287868
v -0.150000 0.593299 0.291030
v -0.150000 0.591313 0.294167
v -0.150000 0.589309 0.297276
v -0.150000 0.587288 0.300360
v -0.150000 0.585249 0.303418
v -0.150000 0.583193 0.306449
v -0.150000 0.581119 0.309454
v -0.150000 0.579027 0.312433
v -0.150000 0.576918 0.315386
v -0.150000 0.574792 0.318313
v -0.150000 0.572648 0.321213
v -0.150000 0.570486 0.324087
v -0.150000 0.568307 0.326935
v -0.150000 0.566110 0.329757
v -0.150000 0.563896 0.332553
v -0.150000 0.561664 0.335322
v -0.150000 0.559415 0.338066
v -0.150000 0.557148 0.340783
v -0.150000 0.554864 0.343474
v -0.150000 0.552562 0.346139
v -0.150000 0.550242 0.348777
v -0.150000 0.547905 0.351390
v -0.150000 0.545550 0.353976
v -0.150000 0.543178 0.356536
v -0.150000 0.540788 0.359070
v -0.150000 0.538381 0.361578
v -0.150000 0.535956 0.364059
v -0.150000 0.533514 0.366515
v -0.150000 0.531054 0.368944
v -0.150000 0.528577 0.371347
v -0.150000 0.526082 0.373723
v -0.150000 0.523569 0.376074
v -0.150000 0.521039 0.378399
v -0.150000 0.518491 0.380697
v -0.150000 0.515926 0.382969
v -0.150000 0.513343 0.385215
v -0.150000 0.510743 0.387434
v -0.150000 0.508125 0.389628
v -0.150000 0.505490 0.391795
v -0.150000 0.502837 0.393936
v -0.150000 0.500166 0.396051
v -0.150000 0.497478 0.398140
v -0.150000 0.494772 0.400203
v -0.150000 0.492049 0.402239
v -0.150000 0.489309 0.404249
v -0.150000 0.486550 0.406233
v -0.150000 0.483775 0.408191
v -0.150000 0.480981 0.410123
v -0.150000 0.478170 0.412028
v -0.150000 0.475342 0.413908
v -0.150000 0.472496 0.415761
v -0.150000 0.469632 0.417588
v -0.150000 0.466751 0.419389
v -0.150000 0.463853 0.421163
v -0.150000 0.460936 0.422911
v -0.150000 0.458003 0.424634
v -0.150000 0.455052 0.426330
v -0.150000 0.452083 0.428000
v -0.150000 0.449096 0.429643
v -0.150000 0.446092 0.431261
v -0.150000 0.443633 0.432570
v -0.150000 0.441177 0.433858
v -0.150000 0.438722 0.435125
v -0.150000 0.436270 0.436372
v -0.150000 0.433820 0.437599
v -0.150000 0.431372 0.438805
v -0.150000 0.428927 0.439990
v -0.150000 0.426483 0.441154
v -0.150000 0.424042 0.442298
v -0.150000 0.421603 0.443422
v -0.150000 0.419166 0.444524
v -0.150000 0.416732 0.445607
v -0.150000 0.414300 0.446668
v -0.150000 0.411870 0.447709
v -0.150000 0.409442 0.448729
v -0.150000 0.407017 0.449729
v -0.150000 0.404593 0.450708
v -0.150000 0.402172 0.451667
v -0.150000 0.399753 0.452604
v -0.150000 0.397337 0.453522
v -0.150000 0.394922 0.454418
v -0.150000 0.392510 0.455294
v -0.150000 0.390100 0.456150
v -0.150000 0.387693 0.456984
v -0.150000 0.385287 0.457799
v -0.150000 0.382884 0.458592
v -0.150000 0.380483 0.459365
v -0.150000 0.378084 0.460117
v -0.150000 0.375687 0.460849
v -0.150000 0.373293 0.461560
v -0.150000 0.370901 0.462251
v -0.150000 0.368511 0.462921
v -0.150000 0.366124 0.463570
v -0.150000 0.363738 0.464199
v -0.150000 0.361355 0.464807
v -0.150000 0.358974 0.465394
v -0.150000 0.356595 0.465961
v -0.150000 0.354219 0.466507
v -0.150000 0.351844 0.467033
v -0.150000 0.349472 0.467538
v -0.150000 0.347103 0.468022
v -0.150000 0.344735 0.468486
v -0.150000 0.342370 0.468929
v -0.150000 0.340007 0.469352
v -0.150000 0.337646 0.469754
v -0.150000 0.335287 0.470135
v -0.150000 0.332930 0.470496
v -0.150000 0.330576 0.470836
v -0.150000 0.328224 0.471155
v -0.150000 0.325875 0.471454
v -0.150000 0.323527 0.471732
v -0.150000 0.321182 0.471990
v -0.150000 0.318839 0.472227
v -0.150000 0.316498 0.472443
v -0.150000 0.314159 0.472639
v -0.150000 0.311823 0.472814
v -0.150000 0.309489 0.472969
v -0.150000 0.307157 0.473103
v -0.150000 0.304827 0.473216
v -0.150000 0.302499 0.473309
v -0.150000 0.300174 0.473381
v -0.150000 0.297851 0.473433
v -0.150000 0.295530 0.473464
v -0.150000 0.293212 0.473474
v -0.150000 0.291349 0.473470
v -0.150000 0.289503 0.473457
v -0.150000 0.287675 0.473435
v -0.150000 0.285865 0.473405
v -0.150000 0.284072 0.473366
v -0.150000 0.282297 0.473319
v -0.150000 0.280539 0.473262
v -0.150000 0.278799 0.473198
v -0.150000 0.277076 0.473124
v -0.150000 0.275371 0.473042
v -0.150000 0.273684 0.472952
v -0.150000 0.272014 0.472852
v -0.150000 0.270361 0.472744
v -0.150000 0.268726 0.472628
v -0.150000 0.267109 0.472503
v -0.150000 0.265509 0.472369
v -0.150000 0.263927 0.472226
v -0.150000 0.262362 0.472075
v -0.150000 0.260815 0.471915
v -0.150000 0.259285 0.471747
v -0.150000 0.257773 0.471570
v -0.150000 0.256279 0.471384
v -0.150000 0.254802 0.471190
v -0.150000 0.253342 0.470987
v -0.150000 0.251901 0.470776
v -0.150000 0.250476 0.470556
v -0.150000 0.249070 0.470327
v -0.150000 0.247680 0.470089
v -0.150000 0.246309 0.469843
v -0.150000 0.244955 0.469588
v -0.150000 0.243618 0.469325
v -0.150000 0.242299 0.469053
v -0.150000 0.240997 0.468772
v -0.150000 0.239713 0.468483
v -0.150000 0.238447 0.468185
v -0.150000 0.237198 0.467879
v -0.150000 0.235967 0.467564
v -0.150000 0.234753 0.467240
v -0.150000 0.233557 0.466907
v -0.150000 0.232378 0.466566
v -0.150000 0.231217 0.466217
v -0.150000 0.230074 0.465858
v -0.150000 0.228948 0.465491
v -0.150000 0.227839 0.465116
v -0.150000 0.226748 0.464731
v -0.150000 0.225675 0.464339
v -0.150000 0.224619 0.463937
v -0.150000 0.223581 0.463527
v -0.150000 0.222560 0.463108
v -0.150000 0.221557 0.462681
v -0.150000 0.220571 0.462245
v -0.150000 0.219603 0.461800
v -0.150000 0.218653 0.461347
v -0.150000 0.217720 0.460885
v -0.150000 0.216804 0.460414
v -0.150000 0.215907 0.459935
v -0.150000 0.215026 0.459447
v -0.150000 0.214163 0.458950
v -0.150000 0.213318 0.458445
v -0.150000 0.212491 0.457931
v -0.150000 0.211680 0.457409
v -0.150000 0.210888 0.456878
v -0.150000 0.210113 0.456338
v -0.150000 0.209355 0.455790
v -0.150000 0.208595 0.455254
v -0.150000 0.207846 0.454714
v -0.150000 0.207110 0.454172
v -0.150000 0.206385 0.453626
v -0.150000 0.205672 0.453078
v -0.150000 0.204972 0.452526
v -0.150000 0.204283 0.451971
v -0.150000 0.203606 0.451414
v -0.150000 0.202942 0.450853
v -0.150000 0.202289 0.450289
v -0.150000 0.201648 0.449722
v -0.150000 0.201019 0.449152
v -0.150000 0.200402 0.448579
v -0.150000 0.199798 0.448003
v -0.150000 0.199205 0.447423
v -0.150000 0.198624 0.446841
v -0.150000 0.198055 0.446256
v -0.150000 0.197498 0.445667
v -0.150000 0.196953 0.445076
v -0.150000 0.196420 0.444481
v -0.150000 0.195899 0.443884
v -0.150000 0.195390 0.443283
v -0.150000 0.194893 0.442679
v -0.150000 0.194408 0.442073
v -0.150000 0.193935 0.441463
v -0.150000 0.193474 0.440850
v -0.150000 0.193024 0.440234
v -0.150000 0.192587 0.439615
v -0.150000 0.192162 0.438993
v -0.150000 0.191749 0.438367
v -0.150000 0.191348 0.437739
v -0.150000 0.190958 0.437108
v -0.150000 0.190581 0.436473
v -0.150000 0.190216 0.435836
v -0.150000 0.189862 0.435196
v -0.150000 0.189521 0.434552
v -0.150000 0.189192 0.433905
v -0.150000 0.188874 0.433256
v -0.150000 0.188569 0.432603
v -0.150000 0.188275 0.431947
v -0.150000 0.187994 0.431288
v -0.150000 0.187724 0.430626
v -0.150000 0.187467 0.429961
v -0.150000 0.187221 0.429293
v -0.150000 0.186988 0.428622
v -0.150000 0.186766 0.427948
v -0.150000 0.186557 0.427271
v -0.150000 0.186359 0.426590
v -0.150000 0.186173 0.425907
v -0.150000 0.186000 0.425220
v -0.150000 0.185838 0.424531
v -0.150000 0.185688 0.423838
v -0.150000 0.185551 0.423143
v -0.150000 0.185425 0.422444
v -0.150000 0.185311 0.421742
v -0.150000 0.185209 0.421037
v -0.150000 0.185119 0.420329
v -0.150000 0.185042 0.419618
v -0.150000 0.184976 0.418904
v -0.150000 0.184922 0.418187
v -0.150000 0.184880 0.417467
v -0.150000 0.184850 0.416744
v -0.150000 0.184832 0.416017
v -0.150000 0.184826 0.415288
v -0.150000 0.184831 0.414365
v -0.150000 0.184848 0.413450
v -0.150000 0.184875 0.412542
v -0.150000 0.184913 0.411643
v -0.150000 0.184962 0.410751
v -0.150000 0.185022 0.409867
v -0.150000 0.185092 0.408990
v -0.150000 0.185174 0.408122
v -0.150000 0.185266 0.407261
v -0.150000 0.185369 0.406408
v -0.150000 0.185483 0.405563
v -0.150000 0.185608 0.404726
v -0.150000 0.185744 0.403896
v -0.150000 0.185891 0.403075
v -0.150000 0.186048 0.402261
v -0.150000 0.186217 0.401455
v -0.150000 0.186396 0.400656
v -0.150000 0.186586 0.399866
v -0.150000 0.186787 0.399083
v -0.150000 0.186999 0.398308
v -0.150000 0.187221 0.397541
v -0.150000 0.187455 0.396782
v -0.150000 0.187699 0.396030
v -0.150000 0.187955 0.395287
v -0.150000 0.188221 0.394551
v -0.150000 0.188498 0.393823
v -0.150000 0.188786 0.393102
v -0.150000 0.189085 0.392390
v -0.150000 0.189394 0.391685
v -0.150000 0.189715 0.390988
v -0.150000 0.190046 0.390299
v -0.150000 0.190388 0.389618
v -0.150000 0.190741 0.388944
v -0.150000 0.191105 0.388279
v -0.150000 0.191480 0.387621
v -0.150000 0.191865 0.386971
v -0.150000 0.192262 0.386328
v -0.150000 0.192669 0.385694
v -0.150000 0.193088 0.385067
v -0.150000 0.193517 0.384448
v -0.150000 0.193957 0.383837
v -0.150000 0.194407 0.383234
v -0.150000 0.194869 0.382638
v -0.150000 0.195342 0.382050
v -0.150000 0.195825 0.381471
v -0.150000 0.196319 0.380898
v -0.150000 0.196824 0.380334
v -0.150000 0.197340 0.379778
v -0.150000 0.197867 0.379229
v -0.150000 0.198405 0.378688
v -0.150000 0.198954 0.378155
v -0.150000 0.199513 0.377629
v -0.150000 0.200083 0.377112
v -0.150000 0.200665 0.376602
v -0.150000 0.201257 0.376100
v -0.150000 0.201860 0.375606
v -0.150000 0.202473 0.375120
v -0.150000 0.203098 0.374641
v -0.150000 0.203733 0.374171
v -0.150000 0.204380 0.373708
v -0.150000 0.205037 0.373252
v -0.150000 0.205705 0.372805
v -0.150000 0.206384 0.372366
v -0.150000 0.207074 0.371934
v -0.150000 0.207961 0.371361
v -0.150000 0.208841 0.370785
v -0.150000 0.209712 0.370204
v -0.150000 0.210577 0.369619
v -0.150000 0.211433 0.369029
v -0.150000 0.212281 0.368436
v -0.150000 0.213122 0.367838
v -0.150000 0.213955 0.367237
v -0.150000 0.214780 0.366631
v -0.150000 0.215597 0.366020
v -0.150000 0.216406 0.365406
v -0.150000 0.217208 0.364788
v -0.150000 0.218002 0.364165
v -0.150000 0.218788 0.363538
v -0.150000 0.219566 0.362907
v -0.150000 0.220337 0.362272
v -0.150000 0.221099 0.361632
v -0.150000 0.221854 0.360989
v -0.150000 0.222601 0.360341
v -0.150000 0.223340 0.359689
v -0.150000 0.224072 0.359033
v -0.150000 0.224795 0.358373
v -0.150000 0.225511 0.357708
v -0.150000 0.226219 0.357040
v -0.150000 0.226920 0.356367
v -0.150000 0.227612 0.355690
v -0.150000 0.228297 0.355009
v -0.150000 0.228974 0.354323
v -0.150000 0.229643 0.353634
v -0.150000 0.230304 0.352940
v -0.150000 0.230957 0.352242
v -0.150000 0.231603 0.351540
v -0.150000 0.232241 0.350834
v -0.150000 0.232871 0.350124
v -0.150000 0.233493 0.349409
v -0.150000 0.234108 0.348690
v -0.150000 0.234714 0.347967
v -0.150000 0.235313 0.347240
v -0.150000 0.235904 0.346509
v -0.150000 0.236487 0.345773
v -0.150000 0.237063 0.345034
v -0.150000 0.237631 0.344290
v -0.150000 0.238190 0.343542
v -0.150000 0.238743 0.342790
v -0.150000 0.239287 0.342033
v -0.150000 0.239823 0.341273
v -0.150000 0.240352 0.340508
v -0.150000 0.240873 0.339739
v -0.150000 0.241386 0.338966
v -0.150000 0.241891 0.338189
v -0.150000 0.242389 0.337407
v -0.150000 0.242878 0.336622
v -0.150000 0.243360 0.335832
v -0.150000 0.243834 0.335038
v -0.150000 0.244300 0.334240
v -0.150000 0.244759 0.333437
v -0.150000 0.245210 0.332631
v -0.150000 0.245653 0.331820
v -0.150000 0.246088 0.331005
v -0.150000 0.246515 0.330186
v -0.150000 0.246934 0.329363
v -0.150000 0.247346 0.328536
v -0.150000 0.247750 0.327704
v -0.150000 0.248146 0.326868
v -0.150000 0.248554 0.325989
v -0.150000 0.248957 0.325100
v -0.150000 0.249356 0.324200
v -0.150000 0.249750 0.323290
v -0.150000 0.250140 0.322368
v -0.150000 0.250526 0.321437
v -0.150000 0.250907 0.320494
v -0.150000 0.251284 0.319542
v -0.150000 0.251656 0.318578
v -0.150000 0.252023 0.317604
v -0.150000 0.252387 0.316619
v -0.150000 0.252745 0.315624
v -0.150000 0.253100 0.314618
v -0.150000 0.253449 0.313602
v -0.150000 0.253795 0.312575
v -0.150000 0.254136 0.311537
v -0.150000 0.254472 0.310489
v -0.150000 0.254804 0.309430
v -0.150000 0.255132 0.308361
v -0.150000 0.255455 0.307281
v -0.150000 0.255774 0.306191
v -0.150000 0.256088 0.305090
v -0.150000 0.256398 0.303978
v -0.150000 0.256703 0.302856
v -0.150000 0.257004 0.301723
v -0.150000 0.257300 0.300580
v -0.150000 0.257592 0.299426
v -0.150000 0.257879 0.298261
v -0.150000 0.258162 0.297086
v -0.150000 0.258441 0.295900
v -0.150000 0.258715 0.294704
v -0.150000 0.258985 0.293497
v -0.150000 0.259250 0.292279
v -0.150000 0.259511 0.291051
v -0.150000 0.259767 0.289813
v -0.150000 0.260019 0.288563
v -0.150000 0.260266 0.287304
v -0.150000 0.260509 0.286033
v -0.150000 0.260747 0.284752
v -0.150000 0.260981 0.283461
v -0.150000 0.261211 0.282158
v -0.150000 0.261436 0.280846
v -0.150000 0.261656 0.279522
v -0.150000 0.261873 0.278188
v -0.150000 0.262084 0.276844
v -0.150000 0.262291 0.275489
v -0.150000 0.262494 0.274123
v -0.150000 0.262693 0.272747
v -0.150000 0.262886 0.271360
v -0.150000 0.263076 0.269962
v -0.150000 0.263261 0.268554
v -0.150000 0.263441 0.267136
v -0.150000 0.263617 0.265707
v -0.150000 0.263789 0.264267
v -0.150000 0.263956 0.262816
v -0.150000 0.264119 0.261356
v -0.150000 0.264277 0.259884
v -0.150000 0.264431 0.258402
v -0.150000 0.264580 0.256909
v -0.150000 0.264725 0.255406
v -0.150000 0.264865 0.253892
v -0.150000 0.265001 0.252368
v -0.150000 0.265133 0.250833
v -0.150000 0.265260 0.249287
v -0.150000 0.265315 0.248739
v -0.150000 0.265375 0.248199
v -0.150000 0.265439 0.247668
v -0.150000 0.265507 0.247146
v -0.150000 0.265579 0.246632
v -0.150000 0.265656 0.246127
v -0.150000 0.265736 0.245630
v -0.150000 0.265821 0.245142
v -0.150000 0.265910 0.244663
v -0.150000 0.266003 0.244192
v -0.150000 0.266101 0.243730
v -0.150000 0.266202 0.243277
v -0.150000 0.266308 0.242832
v -0.150000 0.266418 0.242396
v -0.150000 0.266532 0.241969
v -0.150000 0.266650 0.241550
v -0.150000 0.266772 0.241140
v -0.150000 0.266899 0.240739
v -0.150000 0.267030 0.240346
v -0.150000 0.267165 0.239961
v -0.150000 0.267304 0.239586
v -0.150000 0.267447 0.239219
v -0.150000 0.267595 0.238860
v -0.150000 0.267746 0.238511
v -0.150000 0.267902 0.238170
v -0.150000 0.268062 0.237837
v -0.150000 0.268226 0.237513
v -0.150000 0.268395 0.237198
v -0.150000 0.268567 0.236892
v -0.150000 0.268744 0.236594
v -0.150000 0.268925 0.236305
v -0.150000 0.269110 0.236024
v -0.150000 0.269299 0.235752
v -0.150000 0.269493 0.235489
v -0.150000 0.269690 0.235234
v -0.150000 0.269892 0.234988
v -0.150000 0.270098 0.234750
v -0.150000 0.270308 0.234522
v -0.150000 0.270523 0.234301
v -0.150000 0.270741 0.234090
v -0.150000 0.270964 0.233887
v -0.150000 0.271191 0.233693
v -0.150000 0.271422 0.233507
v -0.150000 0.271657 0.233330
v -0.150000 0.271897 0.233162
v -0.150000 0.272140 0.233002
v -0.150000 0.272388 0.232851
v -0.150000 0.272640 0.232708
v -0.150000 0.272896 0.232574
v -0.150000 0.273156 0.232449
v -0.150000 0.273421 0.232333
v -0.150000 0.273689 0.232225
v -0.150000 0.273962 0.232125
v -0.150000 0.274239 0.232035
v -0.150000 0.274520 0.231953
v -0.150000 0.274806 0.231879
v -0.150000 0.275095 0.231815
v -0.150000 0.275389 0.231758
v -0.150000 0.275687 0.231711
v -0.150000 0.275989 0.231672
v -0.150000 0.276295 0.231642
v -0.150000 0.276606 0.231620
v -0.150000 0.276920 0.231607
v -0.150000 0.277239 0.231603
v -0.150000 0.277435 0.231608
v -0.150000 0.277631 0.231625
v -0.150000 0.277827 0.231652
v -0.150000 0.278023 0.231690
v -0.150000 0.278220 0.231739
v -0.150000 0.278416 0.231799
v -0.150000 0.278612 0.231869
v -0.150000 0.278808 0.231951
v -0.150000 0.279004 0.232043
v -0.150000 0.279200 0.232146
v -0.150000 0.279396 0.232260
v -0.150000 0.279592 0.232385
v -0.150000 0.279788 0.232521
v -0.150000 0.279984 0.232668
v -0.150000 0.280181 0.232825
v -0.150000 0.280377 0.232994
v -0.150000 0.280573 0.233173
v -0.150000 0.280769 0.233363
v -0.150000 0.280965 0.233564
v -0.150000 0.281161 0.233776
v -0.150000 0.281357 0.233998
v -0.150000 0.281553 0.234232
v -0.150000 0.281749 0.234476
v -0.150000 0.281945 0.234732
v -0.150000 0.282142 0.234998
v -0.150000 0.282338 0.235275
v -0.150000 0.282534 0.235563
v -0.150000 0.282730 0.235861
v -0.150000 0.282926 0.236171
v -0.150000 0.283122 0.236492
v -0.150000 0.283318 0.236823
v -0.150000 0.283514 0.237165
v -0.150000 0.283710 0.237518
v -0.150000 0.283906 0.237882
v -0.150000 0.284102 0.238257
v -0.150000 0.284299 0.238642
v -0.150000 0.284495 0.239039
v -0.150000 0.284691 0.239446
v -0.150000 0.284887 0.239865
v -0.150000 0.285083 0.240294
v -0.150000 0.285279 0.240734
v -0.150000 0.285475 0.241184
v -0.150000 0.285671 0.241646
v -0.150000 0.285867 0.242119
v -0.150000 0.286063 0.242602
v -0.150000 0.286260 0.243096
v -0.150000 0.286456 0.243601
v -0.150000 0.286652 0.244117
v -0.150000 0.286848 0.244644
v -0.150000 0.287044 0.245182
v -0.150000 0.287240 0.245731
v -0.150000 0.287436 0.246290
v -0.150000 0.287632 0.246860
v -0.150000 0.287828 0.247442
v -0.150000 0.288024 0.248034
v -0.150000 0.288221 0.248636
v -0.150000 0.288417 0.249250
v -0.150000 0.288613 0.249875
v -0.150000 0.288809 0.250510
v -0.150000 0.289005 0.251157
v -0.150000 0.289201 0.251814
v -0.150000 0.289397 0.252482
v -0.150000 0.289593 0.253161
v -0.150000 0.289789 0.253851
v -0.150000 0.290305 0.255555
v -0.150000 0.290818 0.257246
v -0.150000 0.291329 0.258923
v -0.150000 0.291837 0.260587
v -0.150000 0.292342 0.262237
v -0.150000 0.292846 0.263873
v -0.150000 0.293346 0.265496
v -0.150000 0.293844 0.267105
v -0.150000 0.294340 0.268700
v -0.150000 0.294833 0.270282
v -0.150000 0.295324 0.271850
v -0.150000 0.295812 0.273404
v -0.150000 0.296298 0.274945
v -0.150000 0.296781 0.276472
v -0.150000 0.297261 0.277986
v -0.150000 0.297740 0.279485
v -0.150000 0.298215 0.280971
v -0.150000 0.298688 0.282444
v -0.150000 0.299159 0.283903
v -0.150000 0.299627 0.285348
v -0.150000 0.300093 0.286780
v -0.150000 0.300556 0.288197
v -0.150000 0.301016 0.289602
v -0.150000 0.301474 0.290992
v -0.150000 0.301930 0.292369
v -0.150000 0.302383 0.293733
v -0.150000 0.302833 0.295082
v -0.150000 0.303281 0.296418
v -0.150000 0.303727 0.297741
v -0.150000 0.304170 0.299049
v -0.150000 0.304610 0.300344
v -0.150000 0.305048 0.301626
v -0.150000 0.305484 0.302894
v -0.150000 0.305917 0.304148
v -0.150000 0.306347 0.305388
v -0.150000 0.306775 0.306615
v -0.150000 0.307201 0.307828
v -0.150000 0.307624 0.309028
v -0.150000 0.308044 0.310214
v -0.150000 0.308462 0.311386
v -0.150000 0.308878 0.312545
v -0.150000 0.309291 0.313689
v -0.150000 0.309701 0.314821
v -0.150000 0.310109 0.315938
v -0.150000 0.310514 0.317042
v -0.150000 0.310917 0.318133
v -0.150000 0.311318 0.319209
v -0.150000 0.311716 0.320273
v -0.150000 0.312111 0.321322
v -0.150000 0.312504 0.322358
v -0.150000 0.312894 0.323380
v -0.150000 0.313282 0.324388
v -0.150000 0.313668 0.325383
v -0.150000 0.314050 0.326364
v -0.150000 0.314431 0.327332
v -0.150000 0.314809 0.328286
v -0.150000 0.315184 0.329226
v -0.150000 0.315557 0.330152
v -0.150000 0.315927 0.331065
v -0.150000 0.316295 0.331964
v -0.150000 0.316660 0.332850
v -0.150000 0.317023 0.333722
v -0.150000 0.317383 0.334580
v -0.150000 0.317741 0.335425
v -0.150000 0.318011 0.336009
v -0.150000 0.318286 0.336583
v -0.150000 0.318567 0.337148
v -0.150000 0.318853 0.337705
v -0.150000 0.319144 0.338252
v -0.150000 0.319441 0.338789
v -0.150000 0.319743 0.339318
v -0.150000 0.320050 0.339837
v -0.150000 0.320362 0.340347
v -0.150000 0.320680 0.340848
v -0.150000 0.321003 0.341340
v -0.150000 0.321331 0.341823
v -0.150000 0.321664 0.342296
v -0.150000 0.322003 0.342760
v -0.150000 0.322347 0.343215
v -0.150000 0.322697 0.343661
v -0.150000 0.323052 0.344098
v -0.150000 0.323412 0.344525
v -0.150000 0.323777 0.344943
v -0.150000 0.324147 0.345352
v -0.150000 0.324523 0.345752
v -0.150000 0.324905 0.346143
v -0.150000 0.325291 0.346524
v -0.150000 0.325683 0.346896
v -0.150000 0.326080 0.347260
v -0.150000 0.326482 0.347613
v -0.150000 0.326890 0.347958
v -0.150000 0.327303 0.348294
v -0.150000 0.327721 0.348620
v -0.150000 0.328145 0.348937
v -0.150000 0.328573 0.349245
v -0.150000 0.329007 0.349544
v -0.150000 0.329447 0.349833
v -0.150000 0.329892 0.350114
v -0.150000 0.330342 0.350385
v -0.150000 0.330797 0.350647
v -0.150000 0.331257 0.350899
v -0.150000 0.331723 0.351143
v -0.150000 0.332194 0.351377
v -0.150000 0.332671 0.351603
v -0.150000 0.333153 0.351819
v -0.150000 0.333640 0.352025
v -0.150000 0.334132 0.352223
v -0.150000 0.334630 0.352412
v -0.150000 0.335132 0.352591
v -0.150000 0.335641 0.352761
v -0.150000 0.336154 0.352922
v -0.150000 0.336673 0.353073
v -0.150000 0.337197 0.353216
v -0.150000 0.337726 0.353349
v -0.150000 0.338261 0.353473
v -0.150000 0.338801 0.353588
v -0.150000 0.339346 0.353694
v -0.150000 0.339897 0.353790
v -0.150000 0.340453 0.353878
v -0.150000 0.341014 0.353956
v -0.150000 0.341580 0.354025
v -0.150000 0.342152 0.354084
v -0.150000 0.342729 0.354135
v -0.150000 0.343311 0.354176
v -0.150000 0.343899 0.354209
v -0.150000 0.344492 0.354232
v -0.150000 0.345090 0.354245
v -0.150000 0.345693 0.354250
v -0.150000 0.346535 0.354246
v -0.150000 0.347386 0.354234
v -0.150000 0.348244 0.354214
v -0.150000 0.349111 0.354185
v -0.150000 0.349987 0.354149
v -0.150000 0.350871 0.354104
v -0.150000 0.351763 0.354052
v -0.150000 0.352663 0.353991
v -0.150000 0.353572 0.353923
v -0.150000 0.354489 0.353846
v -0.150000 0.355415 0.353761
v -0.150000 0.356349 0.353668
v -0.150000 0.357291 0.353567
v -0.150000 0.358242 0.353458
v -0.150000 0.359201 0.353341
v -0.150000 0.360168 0.353216
v -0.150000 0.361144 0.353083
v -0.150000 0.362128 0.352941
v -0.150000 0.363121 0.352792
v -0.150000 0.364121 0.352634
v -0.150000 0.365131 0.352469
v -0.150000 0.366148 0.352295
v -0.150000 0.367174 0.352113
v -0.150000 0.368208 0.351924
v -0.150000 0.369251 0.351726
v -0.150000 0.370302 0.351520
v -0.150000 0.371361 0.351306
v -0.150000 0.372429 0.351083
v -0.150000 0.373505 0.350853
v -0.150000 0.374589 0.350615
v -0.150000 0.375682 0.350368
v -0.150000 0.376783 0.350114
v -0.150000 0.377892 0.349852
v -0.150000 0.379010 0.349581
v -0.150000 0.380136 0.349302
v -0.150000 0.381271 0.349015
v -0.150000 0.382413 0.348721
v -0.150000 0.383565 0.348418
v -0.150000 0.384724 0.348107
v -0.150000 0.385892 0.347788
v -0.150000 0.387068 0.347461
v -0.150000 0.388253 0.347125
v -0.150000 0.389446 0.346782
v -0.150000 0.390647 0.346431
v -0.150000 0.391857 0.346071
v -0.150000 0.393075 0.345704
v -0.150000 0.394301 0.345328
v -0.150000 0.395536 0.344944
v -0.150000 0.396779 0.344553
v -0.150000 0.398031 0.344153
v -0.150000 0.399291 0.343745
v -0.150000 0.400559 0.343329
v -0.150000 0.401835 0.342905
v -0.150000 0.403120 0.342473
v -0.150000 0.404414 0.342032
v -0.150000 0.405715 0.341584
v -0.150000 0.407025 0.341128
v -0.150000 0.408344 0.340663
v -0.150000 0.409670 0.340191
v -0.150000 0.411005 0.339710
v -0.150000 0.412349 0.339221
v -0.150000 0.413700 0.338725
v -0.150000 0.415061 0.338220
v -0.150000 0.416429 0.337707
v -0.150000 0.417729 0.337223
v -0.150000 0.419026 0.336736
v -0.150000 0.420320 0.336244
v -0.150000 0.421612 0.335748
v -0.150000 0.422901 0.335248
v -0.150000 0.424187 0.334744
v -0.150000 0.425470 0.334235
v -0.150000 0.426751 0.333723
v -0.150000 0.428028 0.333206
v -0.150000 0.429303 0.332685
v -0.150000 0.430575 0.332160
v -0.150000 0.431845 0.331630
v -0.150000 0.433111 0.331097
v -0.150000 0.434375 0.330559
v -0.150000 0.435636 0.330017
v -0.150000 0.436894 0.329471
v -0.150000 0.438149 0.328921
v -0.150000 0.439402 0.328366
v -0.150000 0.440652 0.327808
v -0.150000 0.441899 0.327245
v -0.150000 0.443143 0.326678
v -0.150000 0.444384 0.326107
v -0.150000 0.445623 0.325531
v -0.150000 0.446859 0.324952
v -0.150000 0.448092 0.324368
v -0.150000 0.449322 0.323780
v -0.150000 0.450550 0.323188
v -0.150000 0.451775 0.322592
v -0.150000 0.452997 0.321992
v -0.150000 0.454216 0.321387
v -0.150000 0.455432 0.320778
v -0.150000 0.456646 0.320165
v -0.150000 0.457857 0.319548
v -0.150000 0.459065 0.318927
v -0.150000 0.460270 0.318302
v -0.150000 0.461472 0.317672
v -0.150000 0.462672 0.317038
v -0.150000 0.463869 0.316400
v -0.150000 0.465063 0.315758
v -0.150000 0.466254 0.315112
v -0.150000 0.467443 0.314461
v -0.150000 0.468629 0.313806
v -0.150000 0.469812 0.313148
v -0.150000 0.470992 0.312484
v -0.150000 0.472169 0.311817
v -0.150000 0.473344 0.311146
v -0.150000 0.474516 0.310470
v -0.150000 0.475685 0.309790
v -0.150000 0.476851 0.309106
v -0.150000 0.478014 0.308418
v -0.150000 0.479175 0.307726
v -0.150000 0.480333 0.307030
v -0.150000 0.481488 0.306329
v -0.150000 0.482640 0.305624
v -0.150000 0.483790 0.304915
v -0.150000 0.484937 0.304202
v -0.150000 0.486080 0.303484
v -0.150000 0.487222 0.302763
v -0.150000 0.488360 0.302037
v -0.150000 0.489496 0.301307
v -0.150000 0.490629 0.300573
v -0.150000 0.491759 0.299835
v -0.150000 0.492886 0.299092
v -0.150000 0.494010 0.298346
v -0.150000 0.496286 0.296824
v -0.150000 0.498548 0.295291
v -0.150000 0.500797 0.293746
v -0.150000 0.503033 0.292189
v -0.150000 0.505256 0.290620
v -0.150000 0.507465 0.289039
v -0.150000 0.509662 0.287445
v -0.150000 0.511846 0.285840
v -0.150000 0.514016 0.284223
v -0.150000 0.516174 0.282594
v -0.150000 0.518318 0.280953
v -0.150000 0.520449 0.279300
v -0.150000 0.522568 0.277635
v -0.150000 0.524673 0.275958
v -0.150000 0.526765 0.274269
v -0.150000 0.528843 0.272568
v -0.150000 0.530909 0.270856
v -0.150000 0.532962 0.269131
v -0.150000 0.535002 0.267394
v -0.150000 0.537028 0.265645
v -0.150000 0.539042 0.263884
v -0.150000 0.541042 0.262111
v -0.150000 0.543029 0.260327
v -0.150000 0.545003 0.258530
v -0.150000 0.546964 0.256721
v -0.150000 0.548912 0.254901
v -0.150000 0.550847 0.253068
v -0.150000 0.552769 0.251223
v -0.150000 0.554678 0.249367
v -0.150000 0.556573 0.247498
v -0.150000 0.558456 0.245618
v -0.150000 0.560325 0.243725
v -0.150000 0.562182 0.241820
v -0.150000 0.564025 0.239904
v -0.150000 0.565855 0.237975
v -0.150000 0.567672 0.236035
v -0.150000 0.569476 0.234083
v -0.150000 0.571267 0.232118
v -0.150000 0.573045 0.230142
v -0.150000 0.574809 0.228153
v -0.150000 0.576561 0.226153
v -0.150000 0.578299 0.224141
v -0.150000 0.580025 0.222117
v -0.150000 0.581737 0.220080
v -0.150000 0.583436 0.218032
v -0.150000 0.585123 0.215972
v -0.150000 0.586796 0.213900
v -0.150000 0.588456 0.211815
v -0.150000 0.590102 0.209719
v -0.150000 0.591736 0.207611
v -0.150000 0.593357 0.205491
v -0.150000 0.594965 0.203359
v -0.150000 0.596559 0.201215
v -0.150000 0.598140 0.199059
v -0.150000 0.599709 0.196891
v -0.150000 0.601264 0.194711
v -0.150000 0.602806 0.192519
v -0.150000 0.604335 0.190315
v -0.150000 0.605851 0.188099
v -0.150000 0.607354 0.185871
v -0.150000 0.608844 0.183631
v -0.150000 0.610320 0.181379
v -0.150000 0.611784 0.179115
v -0.150000 0.613234 0.176840
v -0.150000 0.613572 0.176362
v -0.150000 0.613907 0.175892
v -0.150000 0.614239 0.175430
v -0.150000 0.614569 0.174975
v -0.150000 0.614897 0.174527
v -0.150000 0.615222 0.174087
v -0.150000 0.615544 0.173655
v -0.150000 0.615864 0.173230
v -0.150000 0.616181 0.172812
v -0.150000 0.616496 0.172403
v -0.150000 0.616808 0.172000
v -0.150000 0.617118 0.171605
v -0.150000 0.617426 0.171218
v -0.150000 0.617731 0.170838
v -0.150000 0.618033 0.170466
v -0.150000 0.618333 0.170101
v -0.150000 0.618630 0.169744
v -0.150000 0.618925 0.169394
v -0.150000 0.619217 0.169052
v -0.150000 0.619507 0.168717
v -0.150000 0.619794 0.168390
v -0.150000 0.620079 0.168071
v -0.150000 0.620362 0.167759
v -0.150000 0.620641 0.167454
v -0.150000 0.620919 0.167157
v -0.150000 0.621193 0.166867
v -0.150000 0.621466 0.166585
v -0.150000 0.621735 0.166311
v -0.150000 0.622003 0.166044
v -0.150000 0.622267 0.165784
v -0.150000 0.622530 0.165532
v -0.150000 0.622790 0.165288
v -0.150000 0.623047 0.165051
v -0.150000 0.623302 0.164822
v -0.150000 0.623554 0.164600
v -0.150000 0.623803 0.164386
v -0.150000 0.624051 0.164179
v -0.150000 0.624295 0.163979
v -0.150000 0.624537 0.163788
v -0.150000 0.624777 0.163603
v -0.150000 0.625014 0.163427
v -0.150000 0.625249 0.163258
v -0.150000 0.625481 0.163096
v -0.150000 0.625711 0.162942
v -0.150000 0.625938 0.162795
v -0.150000 0.626163 0.162656
v -0.150000 0.626385 0.162524
v -0.150000 0.626604 0.162400
v -0.150000 0.626822 0.162284
v -0.150000 0.627036 0.162175
v -0.150000 0.627248 0.162073
v -0.150000 0.627458 0.161979
v -0.150000 0.627665 0.161893
v -0.150000 0.627870 0.161814
v -0.150000 0.628072 0.161742
v -0.150000 0.628271 0.161678
v -0.150000 0.628468 0.161622
v -0.150000 0.628663 0.161573
v -0.150000 0.628855 0.161532
v -0.150000 0.629044 0.161498
v -0.150000 0.629231 0.161471
v -0.150000 0.629416 0.161453
v -0.150000 0.629598 0.161441
v 0.150000 0.448374 -0.052481
v 0.150000 0.448089 -0.052483
v 0.150000 0.447804 -0.052486
v 0.150000 0.447519 -0.052492
v 0.150000 0.447233 -0.052499
v 0.150000 0.446948 -0.052509
v 0.150000 0.446663 -0.052522
v 0.150000 0.446378 -0.052536
v 0.150000 0.446092 -0.052553
v 0.150000 0.445807 -0.052572
v 0.150000 0.445522 -0.052593
v 0.150000 0.445237 -0.052616
v 0.150000 0.444951 -0.052642
v 0.150000 0.444666 -0.052670
v 0.150000 0.444381 -0.052700
v 0.150000 0.444096 -0.052732
v 0.150000 0.443810 -0.052767
v 0.150000 0.443525 -0.052803
v 0.150000 0.443240 -0.052842
v 0.150000 0.442955 -0.052884
v 0.150000 0.442669 -0.052927
v 0.150000 0.442384 -0.052973
v 0.150000 0.442099 -0.053021
v 0.150000 0.441814 -0.053071
v 0.150000 0.441529 -0.053123
v 0.150000 0.441243 -0.053178
v 0.150000 0.440958 -0.053235
v 0.150000 0.440673 -0.053294
v 0.150000 0.440388 -0.053355
v 0.150000 0.440102 -0.053418
v 0.150000 0.439817 -0.053484
v 0.150000 0.439532 -0.053552
v 0.150000 0.439247 -0.053622
v 0.150000 0.438961 -0.053695
v 0.150000 0.438676 -0.053769
v 0.150000 0.438391 -0.053846
v 0.150000 0.438106 -0.053925
v 0.150000 0.437820 -0.054007
v 0.150000 0.437535 -0.054090
v 0.150000 0.437250 -0.054176
v 0.150000 0.436965 -0.054264
v 0.150000 0.436679 -0.054354
v 0.150000 0.436394 -0.054447
v 0.150000 0.436109 -0.054542
v 0.150000 0.435824 -0.054638
v 0.150000 0.435539 -0.054738
v 0.150000 0.435253 -0.054839
v 0.150000 0.434968 -0.054943
v 0.150000 0.434683 -0.055048
v 0.150000 0.434398 -0.055157
v 0.150000 0.434112 -0.055267
v 0.150000 0.433827 -0.055379
v 0.150000 0.433542 -0.055494
v 0.150000 0.433257 -0.055611
v 0.150000 0.432971 -0.055730
v 0.150000 0.432686 -0.055852
v 0.150000 0.432401 -0.055975
v 0.150000 0.432116 -0.056101
v 0.150000 0.431830 -0.056229
v 0.150000 0.431545 -0.056360
v 0.150000 0.431260 -0.056492
v 0.150000 0.430975 -0.056627
v 0.150000 0.430689 -0.056764
v 0.150000 0.430404 -0.056904
v 0.150000 0.430120 -0.057045
v 0.150000 0.426106 -0.058748
v 0.150000 0.422122 -0.060433
v 0.150000 0.418169 -0.062100
v 0.150000 0.414245 -0.063750
v 0.150000 0.410352 -0.065382
v 0.150000 0.406488 -0.066997
v 0.150000 0.402655 -0.068595
v 0.150000 0.398852 -0.070174
v 0.150000 0.395079 -0.071737
v 0.150000 0.391336 -0.073281
v 0.150000 0.387623 -0.074808
v 0.150000 0.383940 -0.076318
v 0.150000 0.380287 -0.077810
v 0.150000 0.376665 -0.079284
v 0.150000 0.373072 -0.080741
v 0.150000 0.369509 -0.082181
v 0.150000 0.365977 -0.083602
v 0.150000 0.362475 -0.085007
v 0.150000 0.359002 -0.086393
v 0.150000 0.355560 -0.087762
v 0.150000 0.352148 -0.089114
v 0.150000 0.348766 -0.090448
v 0.150000 0.345414 -0.091765
v 0.150000 0.342092 -0.093064
v 0.150000 0.338800 -0.094345
v 0.150000 0.335539 -0.095609
v 0.150000 0.332307 -0.096855
v 0.150000 0.329105 -0.098084
v 0.150000 0.325934 -0.099295
v 0.150000 0.322793 -0.100489
v 0.150000 0.319681 -0.101665
v 0.150000 0.316600 -0.102824
v 0.150000 0.313549 -0.103965
v 0.150000 0.310528 -0.105088
v 0.150000 0.307537 -0.106194
v 0.150000 0.304576 -0.107283
v 0.150000 0.301645 -0.108353
v 0.150000 0.298745 -0.109407
v 0.150000 0.295874 -0.110442
v 0.150000 0.293033 -0.111461
v 0.150000 0.290223 -0.112461
v 0.150000 0.287443 -0.113444
v 0.150000 0.284692 -0.114410
v 0.150000 0.281972 -0.115358
v 0.150000 0.279282 -0.116288
v 0.150000 0.276622 -0.117201
v 0.150000 0.273992 -0.118097
v 0.150000 0.271392 -0.118975
v 0.150000 0.268822 -0.119835
v 0.150000 0.266282 -0.120678
v 0.150000 0.263773 -0.121503
v 0.150000 0.261293 -0.122310
v 0.150000 0.258844 -0.123100
v 0.150000 0.256424 -0.123873
v 0.150000 0.254035 -0.124628
v 0.150000 0.251676 -0.125365
v 0.150000 0.249347 -0.126085
v 0.150000 0.247047 -0.126788
v 0.150000 0.244778 -0.127472
v 0.150000 0.242540 -0.128140
v 0.150000 0.240331 -0.128789
v 0.150000 0.238152 -0.129422
v 0.150000 0.236003 -0.130036
v 0.150000 0.233885 -0.130633
v 0.150000 0.232308 -0.131111
v 0.150000 0.230750 -0.131581
v 0.150000 0.229212 -0.132043
v 0.150000 0.227692 -0.132498
v 0.150000 0.226192 -0.132946
v 0.150000 0.224711 -0.133386
v 0.150000 0.223250 -0.133818
v 0.150000 0.221807 -0.134243
v 0.150000 0.220384 -0.134660
v 0.150000 0.218980 -0.135070
v 0.150000 0.217595 -0.135473
v 0.150000 0.216230 -0.135868
v 0.150000 0.214883 -0.136255
v 0.150000 0.213556 -0.136635
v 0.150000 0.212248 -0.137007
v 0.150000 0.210960 -0.137372
v 0.150000 0.209690 -0.137729
v 0.150000 0.208440 -0.138079
v 0.150000 0.207209 -0.138421
v 0.150000 0.205997 -0.138755
v 0.150000 0.204805 -0.139083
v 0.150000 0.203631 -0.139402
v 0.150000 0.202477 -0.139714
v 0.150000 0.201342 -0.140019
v 0.150000 0.200227 -0.140316
v 0.150000 0.199130 -0.140606
v 0.150000 0.198053 -0.140888
v 0.150000 0.196995 -0.141162
v 0.150000 0.195956 -0.141429
v 0.150000 0.194936 -0.141688
v 0.150000 0.193936 -0.141940
v 0.150000 0.192955 -0.142185
v 0.150000 0.191993 -0.142422
v 0.150000 0.191050 -0.142651
v 0.150000 0.190127 -0.142873
v 0.150000 0.189222 -0.143087
v 0.150000 0.188337 -0.143294
v 0.150000 0.187472 -0.143493
v 0.150000 0.186625 -0.143685
v 0.150000 0.185798 -0.143869
v 0.150000 0.184989 -0.144046
v 0.150000 0.184200 -0.144215
v 0.150000 0.183431 -0.144377
v 0.150000 0.182680 -0.144531
v 0.150000 0.181949 -0.144678
v 0.150000 0.181237 -0.144817
v 0.150000 0.180544 -0.144949
v 0.150000 0.179870 -0.145073
v 0.150000 0.179216 -0.145189
v 0.150000 0.178581 -0.145298
v 0.150000 0.177965 -0.145400
v 0.150000 0.177368 -0.145494
v 0.150000 0.176790 -0.145580
v 0.150000 0.176232 -0.145659
v 0.150000 0.175693 -0.145731
v 0.150000 0.175173 -0.145795
v 0.150000 0.174672 -0.145851
v 0.150000 0.174191 -0.145900
v 0.150000 0.173728 -0.145941
v 0.150000 0.173285 -0.145975
v 0.150000 0.172862 -0.146002
v 0.150000 0.172457 -0.146020
v 0.150000 0.172072 -0.146032
v 0.150000 0.171706 -0.146035
v 0.150000 0.171242 -0.146033
v 0.150000 0.170777 -0.146028
v 0.150000 0.170311 -0.146018
v 0.150000 0.169845 -0.146004
v 0.150000 0.169378 -0.145987
v 0.150000 0.168910 -0.145965
v 0.150000 0.168441 -0.145940
v 0.150000 0.167971 -0.145911
v 0.150000 0.167500 -0.145877
v 0.150000 0.167029 -0.145840
v 0.150000 0.166557 -0.145799
v 0.150000 0.166084 -0.145755
v 0.150000 0.165610 -0.145706
v 0.150000 0.165135 -0.145653
v 0.150000 0.164659 -0.145597
v 0.150000 0.164183 -0.145536
v 0.150000 0.163706 -0.145472
v 0.150000 0.163227 -0.145404
v 0.150000 0.162748 -0.145331
v 0.150000 0.162269 -0.145255
v 0.150000 0.161788 -0.145176
v 0.150000 0.161307 -0.145092
v 0.150000 0.160824 -0.145004
v 0.150000 0.160341 -0.144912
v 0.150000 0.159857 -0.144817
v 0.150000 0.159372 -0.144717
v 0.150000 0.158887 -0.144614
v 0.150000 0.158400 -0.144507
v 0.150000 0.157913 -0.144396
v 0.150000 0.157425 -0.144281
v 0.150000 0.156936 -0.144162
v 0.150000 0.156446 -0.144039
v 0.150000 0.155955 -0.143912
v 0.150000 0.155464 -0.143781
v 0.150000 0.154972 -0.143647
v 0.150000 0.154478 -0.143508
v 0.150000 0.153984 -0.143366
v 0.150000 0.153490 -0.143220
v 0.150000 0.152994 -0.143070
v 0.150000 0.152498 -0.142916
v 0.150000 0.152000 -0.142758
v 0.150000 0.151502 -0.142596
v 0.150000 0.151003 -0.142430
v 0.150000 0.150503 -0.142261
v 0.150000 0.150002 -0.142087
v 0.150000 0.149501 -0.141910
v 0.150000 0.148999 -0.141728
v 0.150000 0.148495 -0.141543
v 0.150000 0.147991 -0.141354
v 0.150000 0.147487 -0.141161
v 0.150000 0.146981 -0.140964
v 0.150000 0.146474 -0.140763
v 0.150000 0.145967 -0.140558
v 0.150000 0.145459 -0.140350
v 0.150000 0.144950 -0.140137
v 0.150000 0.144440 -0.139921
v 0.150000 0.143929 -0.139701
v 0.150000 0.143418 -0.139476
v 0.150000 0.142905 -0.139248
v 0.150000 0.142392 -0.139016
v 0.150000 0.141878 -0.138780
v 0.150000 0.141363 -0.138540
v 0.150000 0.140847 -0.138297
v 0.150000 0.140331 -0.138049
v 0.150000 0.139318 -0.137465
v 0.150000 0.138313 -0.136891
v 0.150000 0.137315 -0.136326
v 0.150000 0.136324 -0.135769
v 0.150000 0.135341 -0.135223
v 0.150000 0.134365 -0.134685
v 0.150000 0.133396 -0.134156
v 0.150000 0.132434 -0.133637
v 0.150000 0.131479 -0.133127
v 0.150000 0.130532 -0.132626
v 0.150000 0.129592 -0.132134
v 0.150000 0.128659 -0.131652
v 0.150000 0.127733 -0.131178
v 0.150000 0.126815 -0.130714
v 0.150000 0.125904 -0.130259
v 0.150000 0.125000 -0.129813
v 0.150000 0.124103 -0.129377
v 0.150000 0.123214 -0.128949
v 0.150000 0.122332 -0.128531
v 0.150000 0.121457 -0.128122
v 0.150000 0.120589 -0.127722
v 0.150000 0.119729 -0.127331
v 0.150000 0.118876 -0.126950
v 0.150000 0.118030 -0.126578
v 0.150000 0.117191 -0.126215
v 0.150000 0.116360 -0.125861
v 0.150000 0.115536 -0.125516
v 0.150000 0.114719 -0.125180
v 0.150000 0.113909 -0.124854
v 0.150000 0.113106 -0.124537
v 0.150000 0.112311 -0.124229
v 0.150000 0.111523 -0.123930
v 0.150000 0.110742 -0.123641
v 0.150000 0.109969 -0.123360
v 0.150000 0.109203 -0.123089
v 0.150000 0.108444 -0.122827
v 0.150000 0.107692 -0.122575
v 0.150000 0.106947 -0.122331
v 0.150000 0.106210 -0.122097
v 0.150000 0.105480 -0.121871
v 0.150000 0.104757 -0.121655
v 0.150000 0.104042 -0.121449
v 0.150000 0.103333 -0.121251
v 0.150000 0.102632 -0.121063
v 0.150000 0.101938 -0.120883
v 0.150000 0.101252 -0.120713
v 0.150000 0.100572 -0.120552
v 0.150000 0.099900 -0.120401
v 0.150000 0.099235 -0.120258
v 0.150000 0.098578 -0.120125
v 0.150000 0.097927 -0.120001
v 0.150000 0.097284 -0.119886
v 0.150000 0.096648 -0.119780
v 0.150000 0.096020 -0.119684
v 0.150000 0.095398 -0.119596
v 0.150000 0.094784 -0.119518
v 0.150000 0.094177 -0.119449
v 0.150000 0.093577 -0.119390
v 0.150000 0.092985 -0.119339
v 0.150000 0.092400 -0.119298
v 0.150000 0.091822 -0.119266
v 0.150000 0.091251 -0.119243
v 0.150000 0.090688 -0.119229
v 0.150000 0.090131 -0.119224
v 0.150000 0.089491 -0.119227
v 0.150000 0.088854 -0.119236
v 0.150000 0.088221 -0.119252
v 0.150000 0.087591 -0.119273
v 0.150000 0.086964 -0.119301
v 0.150000 0.086341 -0.119335
v 0.150000 0.085721 -0.119374
v 0.150000 0.085104 -0.119420
v 0.150000 0.084491 -0.119472
v 0.150000 0.083881 -0.119531
v 0.150000 0.083274 -0.119595
v 0.150000 0.082671 -0.119665
v 0.150000 0.082071 -0.119742
v 0.150000 0.081474 -0.119825
v 0.150000 0.080881 -0.119914
v 0.150000 0.080291 -0.120009
v 0.150000 0.079704 -0.120110
v 0.150000 0.079121 -0.120217
v 0.150000 0.078541 -0.120330
v 0.150000 0.077965 -0.120450
v 0.150000 0.077391 -0.120575
v 0.150000 0.076821 -0.120707
v 0.150000 0.076255 -0.120845
v 0.150000 0.075692 -0.120989
v 0.150000 0.075132 -0.121139
v 0.150000 0.074575 -0.121295
v 0.150000 0.074022 -0.121458
v 0.150000 0.073472 -0.121626
v 0.150000 0.072926 -0.121801
v 0.150000 0.072383 -0.121982
v 0.150000 0.071843 -0.122169
v 0.150000 0.071306 -0.122362
v 0.150000 0.070773 -0.122561
v 0.150000 0.070243 -0.122766
v 0.150000 0.069717 -0.122978
v 0.150000 0.069194 -0.123195
v 0.150000 0.068674 -0.123419
v 0.150000 0.068158 -0.123649
v 0.150000 0.067645 -0.123884
v 0.150000 0.067135 -0.124127
v 0.150000 0.066629 -0.124375
v 0.150000 0.066125 -0.124629
v 0.150000 0.065626 -0.124889
v 0.150000 0.065129 -0.125156
v 0.150000 0.064636 -0.125429
v 0.150000 0.064147 -0.125707
v 0.150000 0.063660 -0.125992
v 0.150000 0.063177 -0.126284
v 0.150000 0.062698 -0.126581
v 0.150000 0.062221 -0.126884
v 0.150000 0.061749 -0.127193
v 0.150000 0.061279 -0.127509
v 0.150000 0.060813 -0.127831
v 0.150000 0.060350 -0.128159
v 0.150000 0.059890 -0.128493
v 0.150000 0.059434 -0.128833
v 0.150000 0.058981 -0.129179
v 0.150000 0.058531 -0.129531
v 0.150000 0.058085 -0.129890
v 0.150000 0.057642 -0.130254
v 0.150000 0.057203 -0.130625
v 0.150000 0.056767 -0.131002
v 0.150000 0.056334 -0.131385
v 0.150000 0.055904 -0.131774
v 0.150000 0.055480 -0.132168
v 0.150000 0.055062 -0.132565
v 0.150000 0.054651 -0.132966
v 0.150000 0.054246 -0.133370
v 0.150000 0.053849 -0.133777
v 0.150000 0.053457 -0.134187
v 0.150000 0.053073 -0.134601
v 0.150000 0.052695 -0.135019
v 0.150000 0.052324 -0.135439
v 0.150000 0.051960 -0.135863
v 0.150000 0.051602 -0.136290
v 0.150000 0.051251 -0.136721
v 0.150000 0.050907 -0.137155
v 0.150000 0.050570 -0.137592
v 0.150000 0.050239 -0.138033
v 0.150000 0.049914 -0.138477
v 0.150000 0.049597 -0.138924
v 0.150000 0.049286 -0.139375
v 0.150000 0.048982 -0.139829
v 0.150000 0.048684 -0.140286
v 0.150000 0.048394 -0.140747
v 0.150000 0.048110 -0.141211
v 0.150000 0.047832 -0.141678
v 0.150000 0.047561 -0.142149
v 0.150000 0.047297 -0.142623
v 0.150000 0.047040 -0.143101
v 0.150000 0.046789 -0.143581
v 0.150000 0.046545 -0.144066
v 0.150000 0.046308 -0.144553
v 0.150000 0.046077 -0.145044
v 0.150000 0.045853 -0.145538
v 0.150000 0.045636 -0.146035
v 0.150000 0.045425 -0.146536
v 0.150000 0.045222 -0.147040
v 0.150000 0.045024 -0.147548
v 0.150000 0.044834 -0.148059
v 0.150000 0.044650 -0.148573
v 0.150000 0.044473 -0.149090
v 0.150000 0.044302 -0.149611
v 0.150000 0.044139 -0.150135
v 0.150000 0.043982 -0.150663
v 0.150000 0.043831 -0.151194
v 0.150000 0.043687 -0.151728
v 0.150000 0.043550 -0.152266
v 0.150000 0.043420 -0.152807
v 0.150000 0.043296 -0.153351
v 0.150000 0.043179 -0.153899
v 0.150000 0.043069 -0.154450
v 0.150000 0.042965 -0.155004
v 0.150000 0.042868 -0.155561
v 0.150000 0.042778 -0.156122
v 0.150000 0.042695 -0.156687
v 0.150000 0.042618 -0.157254
v 0.150000 0.042548 -0.157825
v 0.150000 0.042484 -0.158400
v 0.150000 0.042427 -0.158977
v 0.150000 0.042377 -0.159559
v 0.150000 0.042334 -0.160143
v 0.150000 0.042297 -0.160731
v 0.150000 0.042267 -0.161322
v 0.150000 0.042243 -0.161916
v 0.150000 0.042227 -0.162514
v 0.150000 0.042217 -0.163115
v 0.150000 0.042213 -0.163719
v 0.150000 0.042226 -0.165484
v 0.150000 0.042262 -0.167248
v 0.150000 0.042324 -0.169011
v 0.150000 0.042409 -0.170774
v 0.150000 0.042520 -0.172537
v 0.150000 0.042655 -0.174298
v 0.150000 0.042814 -0.176060
v 0.150000 0.042998 -0.177820
v 0.150000 0.043206 -0.179580
v 0.150000 0.043439 -0.181340
v 0.150000 0.043696 -0.183099
v 0.150000 0.043978 -0.184857
v 0.150000 0.044285 -0.186615
v 0.150000 0.044615 -0.188372
v 0.150000 0.044971 -0.190129
v 0.150000 0.045351 -0.191885
v 0.150000 0.045755 -0.193641
v 0.150000 0.046184 -0.195396
v 0.150000 0.046638 -0.197151
v 0.150000 0.047116 -0.198905
v 0.150000 0.047618 -0.200658
v 0.150000 0.048145 -0.202411
v 0.150000 0.048697 -0.204163
v 0.150000 0.049273 -0.205915
v 0.150000 0.049873 -0.207666
v 0.150000 0.050498 -0.209417
v 0.150000 0.051148 -0.211167
v 0.150000 0.051822 -0.212916
v 0.150000 0.052520 -0.214665
v 0.150000 0.053244 -0.216414
v 0.150000 0.053991 -0.218161
v 0.150000 0.054763 -0.219909
v 0.150000 0.055560 -0.221655
v 0.150000 0.056381 -0.223402
v 0.150000 0.057227 -0.225147
v 0.150000 0.058097 -0.226892
v 0.150000 0.058992 -0.228637
v 0.150000 0.059911 -0.230381
v 0.150000 0.060854 -0.232124
v 0.150000 0.061823 -0.233867
v 0.150000 0.062815 -0.235609
v 0.150000 0.063833 -0.237351
v 0.150000 0.064874 -0.239092
v 0.150000 0.065941 -0.240833
v 0.150000 0.067031 -0.242573
v 0.150000 0.068147 -0.244312
v 0.150000 0.069286 -0.246051
v 0.150000 0.070451 -0.247790
v 0.150000 0.071639 -0.249527
v 0.150000 0.072853 -0.251265
v 0.150000 0.074091 -0.253001
v 0.150000 0.075353 -0.254737
v 0.150000 0.076640 -0.256473
v 0.150000 0.077951 -0.258208
v 0.150000 0.079287 -0.259943
v 0.150000 0.080647 -0.261676
v 0.150000 0.082032 -0.263410
v 0.150000 0.083442 -0.265143
v 0.150000 0.084876 -0.266875
v 0.150000 0.086334 -0.268607
v 0.150000 0.087817 -0.270338
v 0.150000 0.089325 -0.272068
v 0.150000 0.090857 -0.273798
v 0.150000 0.092413 -0.275528
v 0.150000 0.095154 -0.278541
v 0.150000 0.097921 -0.281518
v 0.150000 0.100714 -0.284460
v 0.150000 0.103535 -0.287367
v 0.150000 0.106381 -0.290238
v 0.150000 0.109254 -0.293074
v 0.150000 0.112154 -0.295875
v 0.150000 0.115080 -0.298640
v 0.150000 0.118032 -0.301370
v 0.150000 0.121011 -0.304064
v 0.150000 0.124016 -0.306723
v 0.150000 0.127048 -0.309347
v 0.150000 0.130106 -0.311935
v 0.150000 0.133191 -0.314488
v 0.150000 0.136302 -0.317006
v 0.150000 0.139440 -0.319488
v 0.150000 0.142604 -0.321935
v 0.150000 0.145794 -0.324346
v 0.150000 0.149011 -0.326722
v 0.150000 0.152255 -0.329063
v 0.150000 0.155525 -0.331368
v 0.150000 0.158821 -0.333638
v 0.150000 0.162144 -0.335873
v 0.150000 0.165493 -0.338072
v 0.150000 0.168869 -0.340236
v 0.150000 0.172271 -0.342364
v 0.150000 0.175700 -0.344458
v 0.150000 0.179155 -0.346515
v 0.150000 0.182637 -0.348538
v 0.150000 0.186145 -0.350524
v 0.150000 0.189679 -0.352476
v 0.150000 0.193240 -0.354392
v 0.150000 0.196828 -0.356273
v 0.150000 0.200442 -0.358119
v 0.150000 0.204082 -0.359929
v 0.150000 0.207749 -0.361703
v 0.150000 0.211442 -0.363443
v 0.150000 0.215162 -0.365147
v 0.150000 0.218908 -0.366815
v 0.150000 0.222681 -0.368449
v 0.150000 0.226480 -0.370046
v 0.150000 0.230306 -0.371609
v 0.150000 0.234158 -0.373136
v 0.150000 0.238036 -0.374628
v 0.150000 0.241941 -0.376084
v 0.150000 0.245873 -0.377505
v 0.150000 0.249831 -0.378891
v 0.150000 0.253815 -0.380241
v 0.150000 0.257826 -0.381556
v 0.150000 0.261863 -0.382835
v 0.150000 0.265927 -0.384079
v 0.150000 0.270017 -0.385288
v 0.150000 0.274134 -0.386461
v 0.150000 0.278277 -0.387599
v 0.150000 0.282446 -0.388702
v 0.150000 0.286643 -0.389769
v 0.150000 0.290865 -0.390801
v 0.150000 0.295114 -0.391798
v 0.150000 0.299390 -0.392759
v 0.150000 0.303691 -0.393684
v 0.150000 0.308020 -0.394575
v 0.150000 0.312375 -0.395430
v 0.150000 0.316756 -0.396249
v 0.150000 0.321164 -0.397034
v 0.150000 0.323597 -0.397511
v 0.150000 0.326048 -0.397981
v 0.150000 0.328517 -0.398444
v 0.150000 0.331004 -0.398899
v 0.150000 0.333509 -0.399346
v 0.150000 0.336031 -0.399786
v 0.150000 0.338571 -0.400219
v 0.150000 0.341130 -0.400644
v 0.150000 0.343705 -0.401061
v 0.150000 0.346299 -0.401471
v 0.150000 0.348911 -0.401873
v 0.150000 0.351540 -0.402268
v 0.150000 0.354187 -0.402655
v 0.150000 0.356853 -0.403035
v 0.150000 0.359535 -0.403407
v 0.150000 0.362236 -0.403772
v 0.150000 0.364955 -0.404129
v 0.150000 0.367691 -0.404479
v 0.150000 0.370445 -0.404821
v 0.150000 0.373217 -0.405156
v 0.150000 0.376007 -0.405483
v 0.150000 0.378815 -0.405803
v 0.150000 0.381640 -0.406115
v 0.150000 0.384484 -0.406419
v 0.150000 0.387345 -0.406716
v 0.150000 0.390224 -0.407006
v 0.150000 0.393121 -0.407288
v 0.150000 0.396035 -0.407562
v 0.150000 0.398968 -0.407829
v 0.150000 0.401918 -0.408089
v 0.150000 0.404886 -0.408341
v 0.150000 0.407872 -0.408585
v 0.150000 0.410876 -0.408822
v 0.150000 0.413898 -0.409052
v 0.150000 0.416937 -0.409273
v 0.150000 0.419994 -0.409488
v 0.150000 0.423069 -0.409695
v 0.150000 0.426162 -0.409894
v 0.150000 0.429273 -0.410086
v 0.150000 0.432402 -0.410270
v 0.150000 0.435548 -0.410447
v 0.150000 0.438712 -0.410616
v 0.150000 0.441894 -0.410778
v 0.150000 0.445094 -0.410932
v 0.150000 0.448312 -0.411078
v 0.150000 0.451547 -0.411217
v 0.150000 0.454801 -0.411349
v 0.150000 0.458072 -0.411473
v 0.150000 0.461361 -0.411590
v 0.150000 0.464668 -0.411699
v 0.150000 0.467992 -0.411800
v 0.150000 0.471335 -0.411894
v 0.150000 0.474695 -0.411981
v 0.150000 0.478073 -0.412060
v 0.150000 0.481469 -0.412131
v 0.150000 0.484883 -0.412195
v 0.150000 0.488314 -0.412252
v 0.150000 0.491764 -0.412300
v 0.150000 0.495231 -0.412342
v 0.150000 0.498716 -0.412376
v 0.150000 0.502219 -0.412402
v 0.150000 0.505740 -0.412421
v 0.150000 0.509278 -0.412432
v 0.150000 0.512835 -0.412436
v 0.150000 0.618939 -0.411295
v 0.150000 0.619918 -0.411295
v 0.150000 0.620893 -0.411296
v 0.150000 0.621865 -0.411297
v 0.150000 0.622834 -0.411299
v 0.150000 0.623799 -0.411302
v 0.150000 0.624762 -0.411305
v 0.150000 0.625720 -0.411309
v 0.150000 0.626676 -0.411313
v 0.150000 0.627628 -0.411317
v 0.150000 0.628576 -0.411323
v 0.150000 0.629522 -0.411329
v 0.150000 0.630464 -0.411335
v 0.150000 0.631403 -0.411342
v 0.150000 0.632338 -0.411350
v 0.150000 0.633270 -0.411358
v 0.150000 0.634198 -0.411366
v 0.150000 0.635124 -0.411375
v 0.150000 0.636046 -0.411385
v 0.150000 0.636964 -0.411395
v 0.150000 0.637880 -0.411406
v 0.150000 0.638792 -0.411418
v 0.150000 0.639700 -0.411430
v 0.150000 0.640606 -0.411442
v 0.150000 0.641507 -0.411455
v 0.150000 0.642406 -0.411469
v 0.150000 0.643301 -0.411483
v 0.150000 0.644193 -0.411498
v 0.150000 0.645082 -0.411513
v 0.150000 0.645967 -0.411529
v 0.150000 0.646849 -0.411546
v 0.150000 0.647727 -0.411563
v 0.150000 0.648602 -0.411580
v 0.150000 0.649474 -0.411598
v 0.150000 0.650343 -0.411617
v 0.150000 0.651208 -0.411636
v 0.150000 0.652070 -0.411656
v 0.150000 0.652928 -0.411676
v 0.150000 0.653783 -0.411697
v 0.150000 0.654635 -0.411719
v 0.150000 0.655483 -0.411741
v 0.150000 0.656329 -0.411763
v 0.150000 0.657170 -0.411786
v 0.150000 0.658009 -0.411810
v 0.150000 0.658844 -0.411834
v 0.150000 0.659675 -0.411859
v 0.150000 0.660504 -0.411884
v 0.150000 0.661329 -0.411910
v 0.150000 0.662151 -0.411937
v 0.150000 0.662969 -0.411964
v 0.150000 0.663784 -0.411991
v 0.150000 0.664596 -0.412019
v 0.150000 0.665404 -0.412048
v 0.150000 0.666209 -0.412077
v 0.150000 0.667011 -0.412107
v 0.150000 0.667809 -0.412137
v 0.150000 0.668604 -0.412168
v 0.150000 0.669395 -0.412200
v 0.150000 0.670184 -0.412232
v 0.150000 0.670969 -0.412264
v 0.150000 0.671750 -0.412298
v 0.150000 0.672528 -0.412331
v 0.150000 0.673303 -0.412366
v 0.150000 0.674075 -0.412400
v 0.150000 0.674843 -0.412436
v 0.150000 0.676146 -0.412500
v 0.150000 0.677450 -0.412586
v 0.150000 0.678757 -0.412694
v 0.150000 0.680066 -0.412824
v 0.150000 0.681378 -0.412975
v 0.150000 0.682691 -0.413148
v 0.150000 0.684007 -0.413342
v 0.150000 0.685325 -0.413559
v 0.150000 0.686645 -0.413797
v 0.150000 0.687968 -0.414057
v 0.150000 0.689293 -0.414339
v 0.150000 0.690620 -0.414642
v 0.150000 0.691949 -0.414967
v 0.150000 0.693280 -0.415314
v 0.150000 0.694614 -0.415682
v 0.150000 0.695950 -0.416072
v 0.150000 0.697288 -0.416484
v 0.150000 0.698628 -0.416918
v 0.150000 0.699971 -0.417373
v 0.150000 0.701316 -0.417851
v 0.150000 0.702663 -0.418349
v 0.150000 0.704012 -0.418870
v 0.150000 0.705363 -0.419412
v 0.150000 0.706717 -0.419976
v 0.150000 0.708073 -0.420562
v 0.150000 0.709431 -0.421170
v 0.150000 0.710792 -0.421799
v 0.150000 0.712154 -0.422450
v 0.150000 0.713519 -0.423122
v 0.150000 0.714886 -0.423817
v 0.150000 0.716255 -0.424533
v 0.150000 0.717627 -0.425271
v 0.150000 0.719001 -0.426030
v 0.150000 0.720377 -0.426812
v 0.150000 0.721755 -0.427615
v 0.150000 0.723135 -0.428439
v 0.150000 0.724518 -0.429286
v 0.150000 0.725903 -0.430154
v 0.150000 0.727290 -0.431044
v 0.150000 0.728679 -0.431956
v 0.150000 0.730071 -0.432889
v 0.150000 0.731465 -0.433844
v 0.150000 0.732861 -0.434821
v 0.150000 0.734259 -0.435820
v 0.150000 0.735660 -0.436840
v 0.150000 0.737062 -0.437882
v 0.150000 0.738467 -0.438946
v 0.150000 0.739874 -0.440031
v 0.150000 0.741284 -0.441138
v 0.150000 0.742695 -0.442267
v 0.150000 0.744109 -0.443418
v 0.150000 0.745525 -0.444590
v 0.150000 0.746944 -0.445784
v 0.150000 0.748364 -0.447000
v 0.150000 0.749787 -0.448238
v 0.150000 0.751212 -0.449497
v 0.150000 0.752639 -0.450778
v 0.150000 0.754069 -0.452081
v 0.150000 0.755501 -0.453405
v 0.150000 0.756934 -0.454751
v 0.150000 0.758371 -0.456119
v 0.150000 0.759809 -0.457509
v 0.150000 0.761250 -0.458920
v 0.150000 0.762693 -0.460354
v 0.150000 0.762941 -0.460601
v 0.150000 0.763188 -0.460845
v 0.150000 0.763434 -0.461085
v 0.150000 0.763677 -0.461321
v 0.150000 0.763920 -0.461553
v 0.150000 0.764160 -0.461781
v 0.150000 0.764399 -0.462005
v 0.150000 0.764636 -0.462225
v 0.150000 0.764871 -0.462442
v 0.150000 0.765105 -0.462654
v 0.150000 0.765337 -0.462863
v 0.150000 0.765567 -0.463068
v 0.150000 0.765796 -0.463269
v 0.150000 0.766023 -0.463466
v 0.150000 0.766248 -0.463659
v 0.150000 0.766472 -0.463848
v 0.150000 0.766694 -0.464033
v 0.150000 0.766914 -0.464214
v 0.150000 0.767133 -0.464392
v 0.150000 0.767350 -0.464565
v 0.150000 0.767565 -0.464735
v 0.150000 0.767779 -0.464901
v 0.150000 0.767991 -0.465062
v 0.150000 0.768201 -0.465220
v 0.150000 0.768410 -0.465374
v 0.150000 0.768617 -0.465525
v 0.150000 0.768822 -0.465671
v 0.150000 0.769025 -0.465813
v 0.150000 0.769227 -0.465952
v 0.150000 0.769428 -0.466086
v 0.150000 0.769626 -0.466217
v 0.150000 0.769823 -0.466343
v 0.150000 0.770018 -0.466466
v 0.150000 0.770212 -0.466585
v 0.150000 0.770404 -0.466700
v 0.150000 0.770594 -0.466811
v 0.150000 0.770783 -0.466919
v 0.150000 0.770970 -0.467022
v 0.150000 0.771155 -0.467121
v 0.150000 0.771339 -0.467217
v 0.150000 0.771520 -0.467309
v 0.150000 0.771701 -0.467396
v 0.150000 0.771879 -0.467480
v 0.150000 0.772056 -0.467560
v 0.150000 0.772231 -0.467636
v 0.150000 0.772405 -0.467708
v 0.150000 0.772577 -0.467777
v 0.150000 0.772747 -0.467841
v 0.150000 0.772915 -0.467901
v 0.150000 0.773082 -0.467958
v 0.150000 0.773247 -0.468010
v 0.150000 0.773411 -0.468059
v 0.150000 0.773573 -0.468104
v 0.150000 0.773733 -0.468145
v 0.150000 0.773891 -0.468182
v 0.150000 0.774048 -0.468215
v 0.150000 0.774203 -0.468244
v 0.150000 0.774357 -0.468270
v 0.150000 0.774509 -0.468291
v 0.150000 0.774659 -0.468309
v 0.150000 0.774807 -0.468322
v 0.150000 0.774954 -0.468332
v 0.150000 0.775099 -0.468338
v 0.150000 0.775242 -0.468340
v 0.150000 0.775614 -0.468334
v 0.150000 0.775980 -0.468316
v 0.150000 0.776339 -0.468286
v 0.150000 0.776693 -0.468244
v 0.150000 0.777041 -0.468190
v 0.150000 0.777383 -0.468124
v 0.150000 0.777720 -0.468047
v 0.150000 0.778050 -0.467957
v 0.150000 0.778375 -0.467855
v 0.150000 0.778694 -0.467741
v 0.150000 0.779007 -0.467615
v 0.150000 0.779314 -0.467478
v 0.150000 0.779615 -0.467328
v 0.150000 0.779910 -0.467166
v 0.150000 0.780200 -0.466993
v 0.150000 0.780484 -0.466807
v 0.150000 0.780761 -0.466609
v 0.150000 0.781033 -0.466400
v 0.150000 0.781299 -0.466178
v 0.150000 0.781560 -0.465945
v 0.150000 0.781814 -0.465699
v 0.150000 0.782063 -0.465441
v 0.150000 0.782306 -0.465172
v 0.150000 0.782542 -0.464891
v 0.150000 0.782773 -0.464597
v 0.150000 0.782999 -0.464292
v 0.150000 0.783218 -0.463974
v 0.150000 0.783432 -0.463645
v 0.150000 0.783639 -0.463304
v 0.150000 0.783841 -0.462950
v 0.150000 0.784037 -0.462585
v 0.150000 0.784227 -0.462208
v 0.150000 0.784411 -0.461818
v 0.150000 0.784590 -0.461417
v 0.150000 0.784762 -0.461004
v 0.150000 0.784929 -0.460579
v 0.150000 0.785090 -0.460142
v 0.150000 0.785245 -0.459692
v 0.150000 0.785394 -0.459231
v 0.150000 0.785537 -0.458758
v 0.150000 0.785675 -0.458273
v 0.150000 0.785806 -0.457776
v 0.150000 0.785932 -0.457267
v 0.150000 0.786052 -0.456746
v 0.150000 0.786166 -0.456213
v 0.150000 0.786274 -0.455668
v 0.150000 0.786377 -0.455111
v 0.150000 0.786473 -0.454542
v 0.150000 0.786564 -0.453961
v 0.150000 0.786649 -0.453368
v 0.150000 0.786728 -0.452764
v 0.150000 0.786801 -0.452147
v 0.150000 0.786868 -0.451518
v 0.150000 0.786929 -0.450877
v 0.150000 0.786985 -0.450224
v 0.150000 0.787035 -0.449560
v 0.150000 0.787079 -0.448883
v 0.150000 0.787117 -0.448194
v 0.150000 0.787149 -0.447494
v 0.150000 0.787175 -0.446781
v 0.150000 0.787196 -0.446056
v 0.150000 0.787210 -0.445320
v 0.150000 0.787219 -0.444571
v 0.150000 0.787222 -0.443811
v 0.150000 0.787212 -0.442685
v 0.150000 0.787181 -0.441553
v 0.150000 0.787129 -0.440415
v 0.150000 0.787057 -0.439272
v 0.150000 0.786964 -0.438122
v 0.150000 0.786851 -0.436967
v 0.150000 0.786717 -0.435806
v 0.150000 0.786562 -0.434639
v 0.150000 0.786387 -0.433466
v 0.150000 0.786191 -0.432287
v 0.150000 0.785975 -0.431103
v 0.150000 0.785738 -0.429913
v 0.150000 0.785480 -0.428716
v 0.150000 0.785202 -0.427514
v 0.150000 0.784903 -0.426306
v 0.150000 0.784584 -0.425093
v 0.150000 0.784243 -0.423873
v 0.150000 0.783883 -0.422648
v 0.150000 0.783501 -0.421416
v 0.150000 0.783100 -0.420179
v 0.150000 0.782677 -0.418936
v 0.150000 0.782234 -0.417687
v 0.150000 0.781770 -0.416433
v 0.150000 0.781286 -0.415172
v 0.150000 0.780781 -0.413906
v 0.150000 0.780255 -0.412634
v 0.150000 0.779709 -0.411356
v 0.150000 0.779142 -0.410072
v 0.150000 0.778555 -0.408782
v 0.150000 0.777947 -0.407486
v 0.150000 0.777318 -0.406185
v 0.150000 0.776669 -0.404877
v 0.150000 0.775999 -0.403564
v 0.150000 0.775308 -0.402245
v 0.150000 0.774597 -0.400920
v 0.150000 0.773865 -0.399590
v 0.150000 0.773113 -0.398253
v 0.150000 0.772340 -0.396911
v 0.150000 0.771547 -0.395562
v 0.150000 0.770732 -0.394208
v 0.150000 0.769898 -0.392848
v 0.150000 0.769042 -0.391482
v 0.150000 0.768166 -0.390111
v 0.150000 0.767270 -0.388733
v 0.150000 0.766352 -0.387350
v 0.150000 0.765414 -0.385961
v 0.150000 0.764456 -0.384565
v 0.150000 0.763477 -0.383165
v 0.150000 0.762477 -0.381758
v 0.150000 0.761457 -0.380345
v 0.150000 0.760416 -0.378927
v 0.150000 0.759355 -0.377502
v 0.150000 0.758272 -0.376072
v 0.150000 0.757170 -0.374636
v 0.150000 0.756046 -0.373194
v 0.150000 0.754902 -0.371747
v 0.150000 0.753738 -0.370293
v 0.150000 0.752553 -0.368834
v 0.150000 0.751347 -0.367368
v 0.150000 0.750120 -0.365897
v 0.150000 0.748873 -0.364420
v 0.150000 0.747606 -0.362938
v 0.150000 0.746318 -0.361449
v 0.150000 0.745009 -0.359954
v 0.150000 0.743281 -0.357885
v 0.150000 0.741558 -0.355848
v 0.150000 0.739839 -0.353844
v 0.150000 0.738123 -0.351872
v 0.150000 0.736411 -0.349933
v 0.150000 0.734704 -0.348027
v 0.150000 0.733000 -0.346153
v 0.150000 0.731300 -0.344312
v 0.150000 0.729604 -0.342503
v 0.150000 0.727912 -0.340727
v 0.150000 0.726224 -0.338983
v 0.150000 0.724539 -0.337272
v 0.150000 0.722859 -0.335594
v 0.150000 0.721182 -0.333948
v 0.150000 0.719510 -0.332335
v 0.150000 0.717841 -0.330754
v 0.150000 0.716176 -0.329206
v 0.150000 0.714515 -0.327691
v 0.150000 0.712858 -0.326208
v 0.150000 0.711205 -0.324758
v 0.150000 0.709556 -0.323340
v 0.150000 0.707910 -0.321955
v 0.150000 0.706269 -0.320603
v 0.150000 0.704631 -0.319283
v 0.150000 0.702998 -0.317996
v 0.150000 0.701368 -0.316741
v 0.150000 0.699742 -0.315519
v 0.150000 0.698120 -0.314330
v 0.150000 0.696502 -0.313173
v 0.150000 0.694888 -0.312048
v 0.150000 0.693278 -0.310957
v 0.150000 0.691671 -0.309897
v 0.150000 0.690069 -0.308871
v 0.150000 0.688470 -0.307877
v 0.150000 0.686876 -0.306915
v 0.150000 0.685285 -0.305987
v 0.150000 0.683698 -0.305090
v 0.150000 0.682115 -0.304227
v 0.150000 0.680536 -0.303396
v 0.150000 0.678961 -0.302597
v 0.150000 0.677390 -0.301831
v 0.150000 0.675822 -0.301098
v 0.150000 0.674259 -0.300398
v 0.150000 0.672700 -0.299729
v 0.150000 0.671144 -0.299094
v 0.150000 0.669592 -0.298491
v 0.150000 0.668044 -0.297921
v 0.150000 0.666500 -0.297383
v 0.150000 0.664960 -0.296878
v 0.150000 0.663424 -0.296405
v 0.150000 0.661892 -0.295965
v 0.150000 0.660364 -0.295558
v 0.150000 0.658839 -0.295183
v 0.150000 0.657319 -0.294841
v 0.150000 0.655802 -0.294532
v 0.150000 0.654289 -0.294255
v 0.150000 0.652780 -0.294010
v 0.150000 0.651275 -0.293798
v 0.150000 0.649774 -0.293619
v 0.150000 0.648277 -0.293472
v 0.150000 0.646784 -0.293358
v 0.150000 0.645294 -0.293277
v 0.150000 0.643809 -0.293228
v 0.150000 0.642327 -0.293212
v 0.150000 0.641457 -0.293214
v 0.150000 0.640591 -0.293222
v 0.150000 0.639731 -0.293234
v 0.150000 0.638876 -0.293252
v 0.150000 0.638026 -0.293274
v 0.150000 0.637182 -0.293302
v 0.150000 0.636343 -0.293334
v 0.150000 0.635509 -0.293372
v 0.150000 0.634680 -0.293415
v 0.150000 0.633857 -0.293462
v 0.150000 0.633039 -0.293515
v 0.150000 0.632226 -0.293573
v 0.150000 0.631419 -0.293635
v 0.150000 0.630617 -0.293703
v 0.150000 0.629820 -0.293776
v 0.150000 0.629029 -0.293853
v 0.150000 0.628243 -0.293936
v 0.150000 0.627462 -0.294024
v 0.150000 0.626686 -0.294117
v 0.150000 0.625916 -0.294214
v 0.150000 0.625151 -0.294317
v 0.150000 0.624391 -0.294425
v 0.150000 0.623637 -0.294538
v 0.150000 0.622888 -0.294656
v 0.150000 0.622144 -0.294778
v 0.150000 0.621405 -0.294906
v 0.150000 0.620672 -0.295039
v 0.150000 0.619944 -0.295177
v 0.150000 0.619221 -0.295320
v 0.150000 0.618504 -0.295468
v 0.150000 0.617792 -0.295621
v 0.150000 0.617085 -0.295779
v 0.150000 0.616384 -0.295942
v 0.150000 0.615687 -0.296110
v 0.150000 0.614996 -0.296283
v 0.150000 0.614311 -0.296461
v 0.150000 0.613630 -0.296644
v 0.150000 0.612955 -0.296832
v 0.150000 0.612286 -0.297025
v 0.150000 0.611621 -0.297223
v 0.150000 0.610962 -0.297426
v 0.150000 0.610308 -0.297634
v 0.150000 0.609660 -0.297847
v 0.150000 0.609016 -0.298065
v 0.150000 0.608378 -0.298288
v 0.150000 0.607746 -0.298516
v 0.150000 0.607118 -0.298749
v 0.150000 0.606496 -0.298987
v 0.150000 0.605879 -0.299231
v 0.150000 0.605268 -0.299479
v 0.150000 0.604661 -0.299732
v 0.150000 0.604061 -0.299990
v 0.150000 0.603465 -0.300253
v 0.150000 0.602874 -0.300522
v 0.150000 0.602289 -0.300795
v 0.150000 0.601710 -0.301073
v 0.150000 0.601135 -0.301356
v 0.150000 0.600566 -0.301645
v 0.150000 0.600002 -0.301938
v 0.150000 0.599443 -0.302236
v 0.150000 0.598890 -0.302540
v 0.150000 0.598342 -0.302848
v 0.150000 0.597799 -0.303161
v 0.150000 0.597262 -0.303480
v 0.150000 0.595378 -0.304099
v 0.150000 0.593471 -0.304708
v 0.150000 0.591540 -0.305308
v 0.150000 0.589585 -0.305898
v 0.150000 0.587607 -0.306478
v 0.150000 0.585605 -0.307048
v 0.150000 0.583579 -0.307608
v 0.150000 0.581530 -0.308159
v 0.150000 0.579457 -0.308700
v 0.150000 0.577360 -0.309232
v 0.150000 0.575240 -0.309753
v 0.150000 0.573096 -0.310265
v 0.150000 0.570928 -0.310767
v 0.150000 0.568737 -0.311259
v 0.150000 0.566521 -0.311742
v 0.150000 0.564283 -0.312215
v 0.150000 0.562020 -0.312678
v 0.150000 0.559734 -0.313131
v 0.150000 0.557424 -0.313575
v 0.150000 0.555091 -0.314009
v 0.150000 0.552734 -0.314433
v 0.150000 0.550353 -0.314847
v 0.150000 0.547948 -0.315252
v 0.150000 0.545520 -0.315646
v 0.150000 0.543068 -0.316031
v 0.150000 0.540593 -0.316407
v 0.150000 0.538094 -0.316772
v 0.150000 0.535571 -0.317128
v 0.150000 0.533024 -0.317474
v 0.150000 0.530454 -0.317811
v 0.150000 0.527860 -0.318137
v 0.150000 0.525243 -0.318454
v 0.150000 0.522601 -0.318761
v 0.150000 0.519936 -0.319059
v 0.150000 0.517248 -0.319346
v 0.150000 0.514535 -0.319624
v 0.150000 0.511800 -0.319892
v 0.150000 0.509040 -0.320150
v 0.150000 0.506257 -0.320399
v 0.150000 0.503450 -0.320638
v 0.150000 0.500619 -0.320867
v 0.150000 0.497765 -0.321086
v 0.150000 0.494887 -0.321296
v 0.150000 0.491985 -0.321496
v 0.150000 0.489060 -0.321686
v 0.150000 0.486110 -0.321866
v 0.150000 0.483138 -0.322037
v 0.150000 0.480141 -0.322198
v 0.150000 0.477121 -0.322349
v 0.150000 0.474078 -0.322490
v 0.150000 0.471010 -0.322622
v 0.150000 0.467919 -0.322744
v 0.150000 0.464804 -0.322856
v 0.150000 0.461666 -0.322958
v 0.150000 0.458504 -0.323051
v 0.150000 0.455318 -0.323134
v 0.150000 0.452108 -0.323207
v 0.150000 0.448875 -0.323270
v 0.150000 0.445618 -0.323324
v 0.150000 0.442338 -0.323368
v 0.150000 0.439034 -0.323402
v 0.150000 0.435706 -0.323426
v 0.150000 0.432354 -0.323441
v 0.150000 0.428979 -0.323446
v 0.150000 0.425973 -0.323439
v 0.150000 0.422982 -0.323420
v 0.150000 0.420005 -0.323389
v 0.150000 0.417042 -0.323345
v 0.150000 0.414093 -0.323289
v 0.150000 0.411158 -0.323220
v 0.150000 0.408238 -0.323138
v 0.150000 0.405332 -0.323044
v 0.150000 0.402440 -0.322938
v 0.150000 0.399562 -0.322819
v 0.150000 0.396699 -0.322687
v 0.150000 0.393849 -0.322543
v 0.150000 0.391014 -0.322386
v 0.150000 0.388193 -0.322217
v 0.150000 0.385387 -0.322035
v 0.150000 0.382594 -0.321841
v 0.150000 0.379816 -0.321634
v 0.150000 0.377052 -0.321415
v 0.150000 0.374302 -0.321183
v 0.150000 0.371566 -0.320939
v 0.150000 0.368845 -0.320682
v 0.150000 0.366137 -0.320412
v 0.150000 0.363444 -0.320130
v 0.150000 0.360765 -0.319836
v 0.150000 0.358101 -0.319529
v 0.150000 0.355450 -0.319209
v 0.150000 0.352814 -0.318877
v 0.150000 0.350192 -0.318532
v 0.150000 0.347584 -0.318175
v 0.150000 0.344991 -0.317805
v 0.150000 0.342411 -0.317423
v 0.150000 0.339846 -0.317028
v 0.150000 0.337295 -0.316621
v 0.150000 0.334758 -0.316201
v 0.150000 0.332236 -0.315768
v 0.150000 0.329727 -0.315323
v 0.150000 0.327233 -0.314866
v 0.150000 0.324753 -0.314396
v 0.150000 0.322287 -0.313913
v 0.150000 0.319836 -0.313418
v 0.150000 0.317398 -0.312910
v 0.150000 0.314975 -0.312390
v 0.150000 0.312566 -0.311858
v 0.150000 0.310171 -0.311312
v 0.150000 0.307791 -0.310755
v 0.150000 0.305424 -0.310184
v 0.150000 0.303072 -0.309601
v 0.150000 0.300734 -0.309006
v 0.150000 0.298411 -0.308398
v 0.150000 0.296101 -0.307778
v 0.150000 0.293806 -0.307145
v 0.150000 0.291525 -0.306499
v 0.150000 0.289258 -0.305841
v 0.150000 0.287005 -0.305171
v 0.150000 0.284767 -0.304487
v 0.150000 0.282542 -0.303792
v 0.150000 0.280332 -0.303084
v 0.150000 0.278136 -0.302363
v 0.150000 0.275955 -0.301630
v 0.150000 0.273787 -0.300884
v 0.150000 0.271634 -0.300125
v 0.150000 0.269495 -0.299355
v 0.150000 0.267370 -0.298571
v 0.150000 0.265260 -0.297775
v 0.150000 0.263491 -0.297096
v 0.150000 0.261750 -0.296413
v 0.150000 0.260037 -0.295725
v 0.150000 0.258352 -0.295034
v 0.150000 0.256694 -0.294339
v 0.150000 0.255065 -0.293641
v 0.150000 0.253463 -0.292938
v 0.150000 0.251890 -0.292231
v 0.150000 0.250344 -0.291521
v 0.150000 0.248826 -0.290806
v 0.150000 0.247335 -0.290088
v 0.150000 0.245873 -0.289366
v 0.150000 0.244439 -0.288639
v 0.150000 0.243032 -0.287909
v 0.150000 0.241653 -0.287175
v 0.150000 0.240302 -0.286438
v 0.150000 0.238979 -0.285696
v 0.150000 0.237684 -0.284950
v 0.150000 0.236417 -0.284201
v 0.150000 0.235177 -0.283447
v 0.150000 0.233966 -0.282690
v 0.150000 0.232782 -0.281929
v 0.150000 0.231626 -0.281163
v 0.150000 0.230498 -0.280394
v 0.150000 0.229397 -0.279621
v 0.150000 0.228325 -0.278845
v 0.150000 0.227281 -0.278064
v 0.150000 0.226264 -0.277279
v 0.150000 0.225275 -0.276491
v 0.150000 0.224314 -0.275698
v 0.150000 0.223381 -0.274902
v 0.150000 0.222476 -0.274102
v 0.150000 0.221598 -0.273297
v 0.150000 0.220749 -0.272489
v 0.150000 0.219927 -0.271677
v 0.150000 0.219133 -0.270862
v 0.150000 0.218367 -0.270042
v 0.150000 0.217629 -0.269218
v 0.150000 0.216919 -0.268391
v 0.150000 0.216236 -0.267559
v 0.150000 0.215582 -0.266724
v 0.150000 0.214955 -0.265885
v 0.150000 0.214356 -0.265042
v 0.150000 0.213785 -0.264194
v 0.150000 0.213242 -0.263344
v 0.150000 0.212727 -0.262489
v 0.150000 0.212239 -0.261630
v 0.150000 0.211780 -0.260767
v 0.150000 0.211348 -0.259901
v 0.150000 0.210944 -0.259030
v 0.150000 0.210568 -0.258156
v 0.150000 0.210220 -0.257278
v 0.150000 0.209900 -0.256396
v 0.150000 0.209607 -0.255510
v 0.150000 0.209343 -0.254620
v 0.150000 0.209106 -0.253726
v 0.150000 0.208897 -0.252828
v 0.150000 0.208716 -0.251926
v 0.150000 0.208563 -0.251021
v 0.150000 0.208437 -0.250111
v 0.150000 0.208340 -0.249198
v 0.150000 0.208270 -0.248281
v 0.150000 0.208228 -0.247360
v 0.150000 0.208214 -0.246435
v 0.150000 0.208220 -0.246042
v 0.150000 0.208235 -0.245648
v 0.150000 0.208261 -0.245252
v 0.150000 0.208297 -0.244855
v 0.150000 0.208343 -0.244456
v 0.150000 0.208400 -0.244057
v 0.150000 0.208467 -0.243655
v 0.150000 0.208544 -0.243253
v 0.150000 0.208632 -0.242849
v 0.150000 0.208730 -0.242443
v 0.150000 0.208838 -0.242036
v 0.150000 0.208957 -0.241628
v 0.150000 0.209085 -0.241219
v 0.150000 0.209224 -0.240808
v 0.150000 0.209374 -0.240395
v 0.150000 0.209534 -0.239981
v 0.150000 0.209704 -0.239566
v 0.150000 0.209884 -0.239150
v 0.150000 0.210075 -0.238732
v 0.150000 0.210276 -0.238312
v 0.150000 0.210487 -0.237892
v 0.150000 0.210709 -0.237470
v 0.150000 0.210940 -0.237046
v 0.150000 0.211183 -0.236621
v 0.150000 0.211435 -0.236195
v 0.150000 0.211698 -0.235767
v 0.150000 0.211971 -0.235338
v 0.150000 0.212254 -0.234908
v 0.150000 0.212548 -0.234476
v 0.150000 0.212852 -0.234042
v 0.150000 0.213167 -0.233608
v 0.150000 0.213491 -0.233172
v 0.150000 0.213826 -0.232734
v 0.150000 0.214171 -0.232295
v 0.150000 0.214527 -0.231855
v 0.150000 0.214893 -0.231414
v 0.150000 0.215269 -0.230971
v 0.150000 0.215655 -0.230526
v 0.150000 0.216052 -0.230080
v 0.150000 0.216459 -0.229633
v 0.150000 0.216877 -0.229185
v 0.150000 0.217304 -0.228735
v 0.150000 0.217742 -0.228283
v 0.150000 0.218191 -0.227830
v 0.150000 0.218649 -0.227376
v 0.150000 0.219118 -0.226921
v 0.150000 0.219597 -0.226464
v 0.150000 0.220087 -0.226005
v 0.150000 0.220587 -0.225546
v 0.150000 0.221097 -0.225085
v 0.150000 0.221617 -0.224622
v 0.150000 0.222148 -0.224158
v 0.150000 0.222689 -0.223693
v 0.150000 0.223241 -0.223226
v 0.150000 0.223802 -0.222758
v 0.150000 0.224374 -0.222289
v 0.150000 0.224957 -0.221818
v 0.150000 0.225549 -0.221345
v 0.150000 0.226152 -0.220872
v 0.150000 0.226765 -0.220397
v 0.150000 0.227389 -0.219920
v 0.150000 0.228023 -0.219442
v 0.150000 0.228667 -0.218963
v 0.150000 0.229321 -0.218483
v 0.150000 0.229406 -0.218415
v 0.150000 0.229590 -0.218285
v 0.150000 0.229872 -0.218092
v 0.150000 0.230253 -0.217836
v 0.150000 0.230732 -0.217517
v 0.150000 0.231310 -0.217136
v 0.150000 0.231987 -0.216691
v 0.150000 0.232762 -0.216183
v 0.150000 0.233635 -0.215612
v 0.150000 0.234608 -0.214979
v 0.150000 0.235679 -0.214282
v 0.150000 0.236848 -0.213522
v 0.150000 0.238117 -0.212700
v 0.150000 0.239483 -0.211814
v 0.150000 0.240949 -0.210866
v 0.150000 0.242513 -0.209855
v 0.150000 0.244175 -0.208780
v 0.150000 0.245937 -0.207643
v 0.150000 0.247796 -0.206443
v 0.150000 0.249755 -0.205180
v 0.150000 0.251812 -0.203853
v 0.150000 0.253968 -0.202464
v 0.150000 0.256222 -0.201012
v 0.150000 0.258575 -0.199497
v 0.150000 0.261026 -0.197919
v 0.150000 0.263576 -0.196278
v 0.150000 0.266225 -0.194575
v 0.150000 0.268972 -0.192808
v 0.150000 0.271818 -0.190978
v 0.150000 0.274762 -0.189085
v 0.150000 0.277805 -0.187130
v 0.150000 0.280947 -0.185111
v 0.150000 0.284187 -0.183030
v 0.150000 0.287526 -0.180885
v 0.150000 0.290964 -0.178678
v 0.150000 0.294500 -0.176407
v 0.150000 0.298134 -0.174074
v 0.150000 0.301868 -0.171678
v 0.150000 0.305699 -0.169219
v 0.150000 0.309630 -0.166696
v 0.150000 0.313659 -0.164111
v 0.150000 0.317787 -0.161463
v 0.150000 0.322013 -0.158752
v 0.150000 0.326338 -0.155978
v 0.150000 0.330761 -0.153141
v 0.150000 0.335284 -0.150241
v 0.150000 0.339904 -0.147279
v 0.150000 0.344624 -0.144253
v 0.150000 0.349441 -0.141164
v 0.150000 0.354358 -0.138012
v 0.150000 0.359373 -0.134798
v 0.150000 0.364487 -0.131520
v 0.150000 0.369699 -0.128180
v 0.150000 0.375010 -0.124776
v 0.150000 0.380420 -0.121310
v 0.150000 0.385928 -0.117780
v 0.150000 0.391534 -0.114188
v 0.150000 0.397240 -0.110533
v 0.150000 0.403044 -0.106814
v 0.150000 0.408946 -0.103033
v 0.150000 0.414947 -0.099189
v 0.150000 0.421047 -0.095282
v 0.150000 0.427246 -0.091312
v 0.150000 0.433543 -0.087279
v 0.150000 0.434268 -0.086800
v 0.150000 0.434981 -0.086324
v 0.150000 0.435684 -0.085853
v 0.150000 0.436375 -0.085385
v 0.150000 0.437054 -0.084921
v 0.150000 0.437722 -0.084461
v 0.150000 0.438379 -0.084005
v 0.150000 0.439024 -0.083553
v 0.150000 0.439658 -0.083105
v 0.150000 0.440280 -0.082661
v 0.150000 0.440891 -0.082220
v 0.150000 0.441491 -0.081784
v 0.150000 0.442079 -0.081351
v 0.150000 0.442656 -0.080923
v 0.150000 0.443221 -0.080498
v 0.150000 0.443775 -0.080077
v 0.150000 0.444317 -0.079660
v 0.150000 0.444848 -0.079247
v 0.150000 0.445368 -0.078838
v 0.150000 0.445876 -0.078433
v 0.150000 0.446373 -0.078031
v 0.150000 0.446858 -0.077634
v 0.150000 0.447332 -0.077240
v 0.150000 0.447795 -0.076850
v 0.150000 0.448246 -0.076465
v 0.150000 0.448686 -0.076083
v 0.150000 0.449114 -0.075705
v 0.150000 0.449531 -0.075331
v 0.150000 0.449936 -0.074961
v 0.150000 0.450330 -0.074594
v 0.150000 0.450713 -0.074232
v 0.150000 0.451084 -0.073873
v 0.150000 0.451444 -0.073519
v 0.150000 0.451792 -0.073168
v 0.150000 0.452129 -0.072821
v 0.150000 0.452454 -0.072478
v 0.150000 0.452768 -0.072139
v 0.150000 0.453071 -0.071804
v 0.150000 0.453362 -0.071473
v 0.150000 0.453642 -0.071146
v 0.150000 0.453910 -0.070823
v 0.150000 0.454167 -0.070503
v 0.150000 0.454413 -0.070187
v 0.150000 0.454647 -0.069876
v 0.150000 0.454870 -0.069568
v 0.150000 0.455081 -0.069264
v 0.150000 0.455281 -0.068964
v 0.150000 0.455469 -0.068668
v 0.150000 0.455646 -0.068376
v 0.150000 0.455812 -0.068088
v 0.150000 0.455966 -0.067803
v 0.150000 0.456109 -0.067523
v 0.150000 0.456240 -0.067246
v 0.150000 0.456360 -0.066973
v 0.150000 0.456468 -0.066705
v 0.150000 0.456566 -0.066440
v 0.150000 0.456651 -0.066179
v 0.150000 0.456725 -0.065922
v 0.150000 0.456788 -0.065668
v 0.150000 0.456840 -0.065419
v 0.150000 0.456880 -0.065174
v 0.150000 0.456908 -0.064932
v 0.150000 0.456925 -0.064695
v 0.150000 0.456931 -0.064461
v 0.150000 0.456929 -0.064090
v 0.150000 0.456923 -0.063724
v 0.150000 0.456912 -0.063364
v 0.150000 0.456898 -0.063010
v 0.150000 0.456879 -0.062662
v 0.150000 0.456856 -0.062320
v 0.150000 0.456829 -0.061984
v 0.150000 0.456797 -0.061653
v 0.150000 0.456762 -0.061329
v 0.150000 0.456722 -0.061010
v 0.150000 0.456678 -0.060697
v 0.150000 0.456630 -0.060390
v 0.150000 0.456578 -0.060089
v 0.150000 0.456522 -0.059793
v 0.150000 0.456461 -0.059504
v 0.150000 0.456396 -0.059220
v 0.150000 0.456327 -0.058942
v 0.150000 0.456254 -0.058670
v 0.150000 0.456177 -0.058404
v 0.150000 0.456095 -0.058144
v 0.150000 0.456010 -0.057889
v 0.150000 0.455920 -0.057641
v 0.150000 0.455826 -0.057398
v 0.150000 0.455728 -0.057161
v 0.150000 0.455625 -0.056930
v 0.150000 0.455519 -0.056705
v 0.150000 0.455408 -0.056485
v 0.150000 0.455293 -0.056272
v 0.150000 0.455174 -0.056064
v 0.150000 0.455051 -0.055862
v 0.150000 0.454923 -0.055666
v 0.150000 0.454792 -0.055476
v 0.150000 0.454656 -0.055292
v 0.150000 0.454516 -0.055114
v 0.150000 0.454372 -0.054941
v 0.150000 0.454224 -0.054774
v 0.150000 0.454071 -0.054614
v 0.150000 0.453914 -0.054459
v 0.150000 0.453754 -0.054309
v 0.150000 0.453589 -0.054166
v 0.150000 0.453419 -0.054029
v 0.150000 0.453246 -0.053897
v 0.150000 0.453068 -0.053771
v 0.150000 0.452887 -0.053651
v 0.150000 0.452701 -0.053537
v 0.150000 0.452511 -0.053429
v 0.150000 0.452316 -0.053327
v 0.150000 0.452118 -0.053230
v 0.150000 0.451915 -0.053140
v 0.150000 0.451708 -0.053055
v 0.150000 0.451497 -0.052976
v 0.150000 0.451282 -0.052903
v 0.150000 0.451063 -0.052835
v 0.150000 0.450839 -0.052774
v 0.150000 0.450612 -0.052718
v 0.150000 0.450380 -0.052669
v 0.150000 0.450144 -0.052625
v 0.150000 0.449903 -0.052587
v 0.150000 0.449659 -0.052555
v 0.150000 0.449410 -0.052528
v 0.150000 0.449158 -0.052508
v 0.150000 0.448901 -0.052493
v 0.150000 0.448640 -0.052484
v 0.150000 0.629778 0.161438
v 0.150000 0.630025 0.161440
v 0.150000 0.630269 0.161448
v 0.150000 0.630509 0.161460
v 0.150000 0.630745 0.161478
v 0.150000 0.630977 0.161500
v 0.150000 0.631205 0.161528
v 0.150000 0.631429 0.161560
v 0.150000 0.631649 0.161598
v 0.150000 0.631866 0.161641
v 0.150000 0.632078 0.161688
v 0.150000 0.632287 0.161741
v 0.150000 0.632492 0.161799
v 0.150000 0.632692 0.161861
v 0.150000 0.632889 0.161929
v 0.150000 0.633082 0.162002
v 0.150000 0.633272 0.162079
v 0.150000 0.633457 0.162162
v 0.150000 0.633638 0.162250
v 0.150000 0.633816 0.162343
v 0.150000 0.633989 0.162440
v 0.150000 0.634159 0.162543
v 0.150000 0.634324 0.162651
v 0.150000 0.634486 0.162764
v 0.150000 0.634644 0.162881
v 0.150000 0.634798 0.163004
v 0.150000 0.634948 0.163132
v 0.150000 0.635095 0.163265
v 0.150000 0.635237 0.163403
v 0.150000 0.635375 0.163546
v 0.150000 0.635510 0.163694
v 0.150000 0.635641 0.163847
v 0.150000 0.635767 0.164005
v 0.150000 0.635890 0.164168
v 0.150000 0.636009 0.164335
v 0.150000 0.636124 0.164508
v 0.150000 0.636235 0.164686
v 0.150000 0.636342 0.164869
v 0.150000 0.636446 0.165057
v 0.150000 0.636545 0.165250
v 0.150000 0.636641 0.165449
v 0.150000 0.636732 0.165652
v 0.150000 0.636820 0.165860
v 0.150000 0.636904 0.166073
v 0.150000 0.636984 0.166291
v 0.150000 0.637060 0.166514
v 0.150000 0.637132 0.166742
v 0.150000 0.637200 0.166975
v 0.150000 0.637265 0.167213
v 0.150000 0.637325 0.167457
v 0.150000 0.637382 0.167705
v 0.150000 0.637434 0.167958
v 0.150000 0.637483 0.168216
v 0.150000 0.637528 0.168479
v 0.150000 0.637569 0.168748
v 0.150000 0.637606 0.169021
v 0.150000 0.637639 0.169299
v 0.150000 0.637668 0.169582
v 0.150000 0.637694 0.169871
v 0.150000 0.637715 0.170164
v 0.150000 0.637733 0.170462
v 0.150000 0.637746 0.170766
v 0.150000 0.637756 0.171074
v 0.150000 0.637762 0.171387
v 0.150000 0.637764 0.171706
v 0.150000 0.637755 0.173012
v 0.150000 0.637730 0.174328
v 0.150000 0.637687 0.175654
v 0.150000 0.637628 0.176989
v 0.150000 0.637551 0.178334
v 0.150000 0.637458 0.179689
v 0.150000 0.637347 0.181054
v 0.150000 0.637220 0.182428
v 0.150000 0.637076 0.183813
v 0.150000 0.636914 0.185207
v 0.150000 0.636736 0.186610
v 0.150000 0.636540 0.188024
v 0.150000 0.636328 0.189447
v 0.150000 0.636099 0.190880
v 0.150000 0.635852 0.192323
v 0.150000 0.635589 0.193775
v 0.150000 0.635309 0.195237
v 0.150000 0.635011 0.196709
v 0.150000 0.634697 0.198191
v 0.150000 0.634366 0.199682
v 0.150000 0.634017 0.201183
v 0.150000 0.633652 0.202694
v 0.150000 0.633270 0.204215
v 0.150000 0.632870 0.205746
v 0.150000 0.632454 0.207286
v 0.150000 0.632021 0.208836
v 0.150000 0.631571 0.210395
v 0.150000 0.631103 0.211965
v 0.150000 0.630619 0.213544
v 0.150000 0.630118 0.215133
v 0.150000 0.629600 0.216732
v 0.150000 0.629064 0.218340
v 0.150000 0.628512 0.219958
v 0.150000 0.627943 0.221586
v 0.150000 0.627357 0.223224
v 0.150000 0.626754 0.224871
v 0.150000 0.626133 0.226528
v 0.150000 0.625496 0.228195
v 0.150000 0.624842 0.229872
v 0.150000 0.624171 0.231558
v 0.150000 0.623483 0.233255
v 0.150000 0.622778 0.234961
v 0.150000 0.622056 0.236676
v 0.150000 0.621316 0.238402
v 0.150000 0.620560 0.240137
v 0.150000 0.619787 0.241882
v 0.150000 0.618997 0.243636
v 0.150000 0.618190 0.245401
v 0.150000 0.617366 0.247175
v 0.150000 0.616525 0.248959
v 0.150000 0.615667 0.250753
v 0.150000 0.614792 0.252556
v 0.150000 0.613900 0.254369
v 0.150000 0.612991 0.256192
v 0.150000 0.612065 0.258025
v 0.150000 0.611122 0.259867
v 0.150000 0.610162 0.261719
v 0.150000 0.609185 0.263581
v 0.150000 0.608191 0.265453
v 0.150000 0.607180 0.267334
v 0.150000 0.606152 0.269225
v 0.150000 0.605107 0.271126
v 0.150000 0.604045 0.273037
v 0.150000 0.602966 0.274957
v 0.150000 0.601068 0.278224
v 0.150000 0.599152 0.281465
v 0.150000 0.597219 0.284680
v 0.150000 0.595267 0.287868
v 0.150000 0.593299 0.291030
v 0.150000 0.591313 0.294167
v 0.150000 0.589309 0.297276
v 0.150000 0.587288 0.300360
v 0.150000 0.585249 0.303418
v 0.150000 0.583193 0.306449
v 0.150000 0.581119 0.309454
v 0.150000 0.579027 0.312433
v 0.150000 0.576918 0.315386
v 0.150000 0.574792 0.318313
v 0.150000 0.572648 0.321213
v 0.150000 0.570486 0.324087
v 0.150000 0.568307 0.326935
v 0.150000 0.566110 0.329757
v 0.150000 0.563896 0.332553
v 0.150000 0.561664 0.335322
v 0.150000 0.559415 0.338066
v 0.150000 0.557148 0.340783
v 0.150000 0.554864 0.343474
v 0.150000 0.552562 0.346139
v 0.150000 0.550242 0.348777
v 0.150000 0.547905 0.351390
v 0.150000 0.545550 0.353976
v 0.150000 0.543178 0.356536
v 0.150000 0.540788 0.359070
v 0.150000 0.538381 0.361578
v 0.150000 0.535956 0.364059
v 0.150000 0.533514 0.366515
v 0.150000 0.531054 0.368944
v 0.150000 0.528577 0.371347
v 0.150000 0.526082 0.373723
v 0.150000 0.523569 0.376074
v 0.150000 0.521039 0.378399
v 0.150000 0.518491 0.380697
v 0.150000 0.515926 0.382969
v 0.150000 0.513343 0.385215
v 0.150000 0.510743 0.387434
v 0.150000 0.508125 0.389628
v 0.150000 0.505490 0.391795
v 0.150000 0.502837 0.393936
v 0.150000 0.500166 0.396051
v 0.150000 0.497478 0.398140
v 0.150000 0.494772 0.400203
v 0.150000 0.492049 0.402239
v 0.150000 0.489309 0.404249
v 0.150000 0.486550 0.406233
v 0.150000 0.483775 0.408191
v 0.150000 0.480981 0.410123
v 0.150000 0.478170 0.412028
v 0.150000 0.475342 0.413908
v 0.150000 0.472496 0.415761
v 0.150000 0.469632 0.417588
v 0.150000 0.466751 0.419389
v 0.150000 0.463853 0.421163
v 0.150000 0.460936 0.422911
v 0.150000 0.458003 0.424634
v 0.150000 0.455052 0.426330
v 0.150000 0.452083 0.428000
v 0.150000 0.449096 0.429643
v 0.150000 0.446092 0.431261
v 0.150000 0.443633 0.432570
v 0.150000 0.441177 0.433858
v 0.150000 0.438722 0.435125
v 0.150000 0.436270 0.436372
v 0.150000 0.433820 0.437599
v 0.150000 0.431372 0.438805
v 0.150000 0.428927 0.439990
v 0.150000 0.426483 0.441154
v 0.150000 0.424042 0.442298
v 0.150000 0.421603 0.443422
v 0.150000 0.419166 0.444524
v 0.150000 0.416732 0.445607
v 0.150000 0.414300 0.446668
v 0.150000 0.411870 0.447709
v 0.150000 0.409442 0.448729
v 0.150000 0.407017 0.449729
v 0.150000 0.404593 0.450708
v 0.150000 0.402172 0.451667
v 0.150000 0.399753 0.452604
v 0.150000 0.397337 0.453522
v 0.150000 0.394922 0.454418
v 0.150000 0.392510 0.455294
v 0.150000 0.390100 0.456150
v 0.150000 0.387693 0.456984
v 0.150000 0.385287 0.457799
v 0.150000 0.382884 0.458592
v 0.150000 0.380483 0.459365
v 0.150000 0.378084 0.460117
v 0.150000 0.375687 0.460849
v 0.150000 0.373293 0.461560
v 0.150000 0.370901 0.462251
v 0.150000 0.368511 0.462921
v 0.150000 0.366124 0.463570
v 0.150000 0.363738 0.464199
v 0.150000 0.361355 0.464807
v 0.150000 0.358974 0.465394
v 0.150000 0.356595 0.465961
v 0.150000 0.354219 0.466507
v 0.150000 0.351844 0.467033
v 0.150000 0.349472 0.467538
v 0.150000 0.347103 0.468022
v 0.150000 0.344735 0.468486
v 0.150000 0.342370 0.468929
v 0.150000 0.340007 0.469352
v 0.150000 0.337646 0.469754
v 0.150000 0.335287 0.470135
v 0.150000 0.332930 0.470496
v 0.150000 0.330576 0.470836
v 0.150000 0.328224 0.471155
v 0.150000 0.325875 0.471454
v 0.150000 0.323527 0.471732
v 0.150000 0.321182 0.471990
v 0.150000 0.318839 0.472227
v 0.150000 0.316498 0.472443
v 0.150000 0.314159 0.472639
v 0.150000 0.311823 0.472814
v 0.150000 0.309489 0.472969
v 0.150000 0.307157 0.473103
v 0.150000 0.304827 0.473216
v 0.150000 0.302499 0.473309
v 0.150000 0.300174 0.473381
v 0.150000 0.297851 0.473433
v 0.150000 0.295530 0.473464
v 0.150000 0.293212 0.473474
v 0.150000 0.291349 0.473470
v 0.150000 0.289503 0.473457
v 0.150000 0.287675 0.473435
v 0.150000 0.285865 0.473405
v 0.150000 0.284072 0.473366
v 0.150000 0.282297 0.473319
v 0.150000 0.280539 0.473262
v 0.150000 0.278799 0.473198
v 0.150000 0.277076 0.473124
v 0.150000 0.275371 0.473042
v 0.150000 0.273684 0.472952
v 0.150000 0.272014 0.472852
v 0.150000 0.270361 0.472744
v 0.150000 0.268726 0.472628
v 0.150000 0.267109 0.472503
v 0.150000 0.265509 0.472369
v 0.150000 0.263927 0.472226
v 0.150000 0.262362 0.472075
v 0.150000 0.260815 0.471915
v 0.150000 0.259285 0.471747
v 0.150000 0.257773 0.471570
v 0.150000 0.256279 0.471384
v 0.150000 0.254802 0.471190
v 0.150000 0.253342 0.470987
v 0.150000 0.251901 0.470776
v 0.150000 0.250476 0.470556
v 0.150000 0.249070 0.470327
v 0.150000 0.247680 0.470089
v 0.150000 0.246309 0.469843
v 0.150000 0.244955 0.469588
v 0.150000 0.243618 0.469325
v 0.150000 0.242299 0.469053
v 0.150000 0.240997 0.468772
v 0.150000 0.239713 0.468483
v 0.150000 0.238447 0.468185
v 0.150000 0.237198 0.467879
v 0.150000 0.235967 0.467564
v 0.150000 0.234753 0.467240
v 0.150000 0.233557 0.466907
v 0.150000 0.232378 0.466566
v 0.150000 0.231217 0.466217
v 0.150000 0.230074 0.465858
v 0.150000 0.228948 0.465491
v 0.150000 0.227839 0.465116
v 0.150000 0.226748 0.464731
v 0.150000 0.225675 0.464339
v 0.150000 0.224619 0.463937
v 0.150000 0.223581 0.463527
v 0.150000 0.222560 0.463108
v 0.150000 0.221557 0.462681
v 0.150000 0.220571 0.462245
v 0.150000 0.219603 0.461800
v 0.150000 0.218653 0.461347
v 0.150000 0.217720 0.460885
v 0.150000 0.216804 0.460414
v 0.150000 0.215907 0.459935
v 0.150000 0.215026 0.459447
v 0.150000 0.214163 0.458950
v 0.150000 0.213318 0.458445
v 0.150000 0.212491 0.457931
v 0.150000 0.211680 0.457409
v 0.150000 0.210888 0.456878
v 0.150000 0.210113 0.456338
v 0.150000 0.209355 0.455790
v 0.150000 0.208595 0.455254
v 0.150000 0.207846 0.454714
v 0.150000 0.207110 0.454172
v 0.150000 0.206385 0.453626
v 0.150000 0.205672 0.453078
v 0.150000 0.204972 0.452526
v 0.150000 0.204283 0.451971
v 0.150000 0.203606 0.451414
v 0.150000 0.202942 0.450853
v 0.150000 0.202289 0.450289
v 0.150000 0.201648 0.449722
v 0.150000 0.201019 0.449152
v 0.150000 0.200402 0.448579
v 0.150000 0.199798 0.448003
v 0.150000 0.199205 0.447423
v 0.150000 0.198624 0.446841
v 0.150000 0.198055 0.446256
v 0.150000 0.197498 0.445667
v 0.150000 0.196953 0.445076
v 0.150000 0.196420 0.444481
v 0.150000 0.195899 0.443884
v 0.150000 0.195390 0.443283
v 0.150000 0.194893 0.442679
v 0.150000 0.194408 0.442073
v 0.150000 0.193935 0.441463
v 0.150000 0.193474 0.440850
v 0.150000 0.193024 0.440234
v 0.150000 0.192587 0.439615
v 0.150000 0.192162 0.438993
v 0.150000 0.191749 0.438367
v 0.150000 0.191348 0.437739
v 0.150000 0.190958 0.437108
v 0.150000 0.190581 0.436473
v 0.150000 0.190216 0.435836
v 0.150000 0.189862 0.435196
v 0.150000 0.189521 0.434552
v 0.150000 0.189192 0.433905
v 0.150000 0.188874 0.433256
v 0.150000 0.188569 0.432603
v 0.150000 0.188275 0.431947
v 0.150000 0.187994 0.431288
v 0.150000 0.187724 0.430626
v 0.150000 0.187467 0.429961
v 0.150000 0.187221 0.429293
v 0.150000 0.186988 0.428622
v 0.150000 0.186766 0.427948
v 0.150000 0.186557 0.427271
v 0.150000 0.186359 0.426590
v 0.150000 0.186173 0.425907
v 0.150000 0.186000 0.425220
v 0.150000 0.185838 0.424531
v 0.150000 0.185688 0.423838
v 0.150000 0.185551 0.423143
v 0.150000 0.185425 0.422444
v 0.150000 0.185311 0.421742
v 0.150000 0.185209 0.421037
v 0.150000 0.185119 0.420329
v 0.150000 0.185042 0.419618
v 0.150000 0.184976 0.418904
v 0.150000 0.184922 0.418187
v 0.150000 0.184880 0.417467
v 0.150000 0.184850 0.416744
v 0.150000 0.184832 0.416017
v 0.150000 0.184826 0.415288
v 0.150000 0.184831 0.414365
v 0.150000 0.184848 0.413450
v 0.150000 0.184875 0.412542
v 0.150000 0.184913 0.411643
v 0.150000 0.184962 0.410751
v 0.150000 0.185022 0.409867
v 0.150000 0.185092 0.408990
v 0.150000 0.185174 0.408122
v 0.150000 0.185266 0.407261
v 0.150000 0.185369 0.406408
v 0.150000 0.185483 0.405563
v 0.150000 0.185608 0.404726
v 0.150000 0.185744 0.403896
v 0.150000 0.185891 0.403075
v 0.150000 0.186048 0.402261
v 0.150000 0.186217 0.401455
v 0.150000 0.186396 0.400656
v 0.150000 0.186586 0.399866
v 0.150000 0.186787 0.399083
v 0.150000 0.186999 0.398308
v 0.150000 0.187221 0.397541
v 0.150000 0.187455 0.396782
v 0.150000 0.187699 0.396030
v 0.150000 0.187955 0.395287
v 0.150000 0.188221 0.394551
v 0.150000 0.188498 0.393823
v 0.150000 0.188786 0.393102
v 0.150000 0.189085 0.392390
v 0.150000 0.189394 0.391685
v 0.150000 0.189715 0.390988
v 0.150000 0.190046 0.390299
v 0.150000 0.190388 0.389618
v 0.150000 0.190741 0.388944
v 0.150000 0.191105 0.388279
v 0.150000 0.191480 0.387621
v 0.150000 0.191865 0.386971
v 0.150000 0.192262 0.386328
v 0.150000 0.192669 0.385694
v 0.150000 0.193088 0.385067
v 0.150000 0.193517 0.384448
v 0.150000 0.193957 0.383837
v 0.150000 0.194407 0.383234
v 0.150000 0.194869 0.382638
v 0.150000 0.195342 0.382050
v 0.150000 0.195825 0.381471
v 0.150000 0.196319 0.380898
v 0.150000 0.196824 0.380334
v 0.150000 0.197340 0.379778
v 0.150000 0.197867 0.379229
v 0.150000 0.198405 0.378688
v 0.150000 0.198954 0.378155
v 0.150000 0.199513 0.377629
v 0.150000 0.200083 0.377112
v 0.150000 0.200665 0.376602
v 0.150000 0.201257 0.376100
v 0.150000 0.201860 0.375606
v 0.150000 0.202473 0.375120
v 0.150000 0.203098 0.374641
v 0.150000 0.203733 0.374171
v 0.150000 0.204380 0.373708
v 0.150000 0.205037 0.373252
v 0.150000 0.205705 0.372805
v 0.150000 0.206384 0.372366
v 0.150000 0.207074 0.371934
v 0.150000 0.207961 0.371361
v 0.150000 0.208841 0.370785
v 0.150000 0.209712 0.370204
v 0.150000 0.210577 0.369619
v 0.150000 0.211433 0.369029
v 0.150000 0.212281 0.368436
v 0.150000 0.213122 0.367838
v 0.150000 0.213955 0.367237
v 0.150000 0.214780 0.366631
v 0.150000 0.215597 0.366020
v 0.150000 0.216406 0.365406
v 0.150000 0.217208 0.364788
v 0.150000 0.218002 0.364165
v 0.150000 0.218788 0.363538
v 0.150000 0.219566 0.362907
v 0.150000 0.220337 0.362272
v 0.150000 0.221099 0.361632
v 0.150000 0.221854 0.360989
v 0.150000 0.222601 0.360341
v 0.150000 0.223340 0.359689
v 0.150000 0.224072 0.359033
v 0.150000 0.224795 0.358373
v 0.150000 0.225511 0.357708
v 0.150000 0.226219 0.357040
v 0.150000 0.226920 0.356367
v 0.150000 0.227612 0.355690
v 0.150000 0.228297 0.355009
v 0.150000 0.228974 0.354323
v 0.150000 0.229643 0.353634
v 0.150000 0.230304 0.352940
v 0.150000 0.230957 0.352242
v 0.150000 0.231603 0.351540
v 0.150000 0.232241 0.350834
v 0.150000 0.232871 0.350124
v 0.150000 0.233493 0.349409
v 0.150000 0.234108 0.348690
v 0.150000 0.234714 0.347967
v 0.150000 0.235313 0.347240
v 0.150000 0.235904 0.346509
v 0.150000 0.236487 0.345773
v 0.150000 0.237063 0.345034
v 0.150000 0.237631 0.344290
v 0.150000 0.238190 0.343542
v 0.150000 0.238743 0.342790
v 0.150000 0.239287 0.342033
v 0.150000 0.239823 0.341273
v 0.150000 0.240352 0.340508
v 0.150000 0.240873 0.339739
v 0.150000 0.241386 0.338966
v 0.150000 0.241891 0.338189
v 0.150000 0.242389 0.337407
v 0.150000 0.242878 0.336622
v 0.150000 0.243360 0.335832
v 0.150000 0.243834 0.335038
v 0.150000 0.244300 0.334240
v 0.150000 0.244759 0.333437
v 0.150000 0.245210 0.332631
v 0.150000 0.245653 0.331820
v 0.150000 0.246088 0.331005
v 0.150000 0.246515 0.330186
v 0.150000 0.246934 0.329363
v 0.150000 0.247346 0.328536
v 0.150000 0.247750 0.327704
v 0.150000 0.248146 0.326868
v 0.150000 0.248554 0.325989
v 0.150000 0.248957 0.325100
v 0.150000 0.249356 0.324200
v 0.150000 0.249750 0.323290
v 0.150000 0.250140 0.322368
v 0.150000 0.250526 0.321437
v 0.150000 0.250907 0.320494
v 0.150000 0.251284 0.319542
v 0.150000 0.251656 0.318578
v 0.150000 0.252023 0.317604
v 0.150000 0.252387 0.316619
v 0.150000 0.252745 0.315624
v 0.150000 0.253100 0.314618
v 0.150000 0.253449 0.313602
v 0.150000 0.253795 0.312575
v 0.150000 0.254136 0.311537
v 0.150000 0.254472 0.310489
v 0.150000 0.254804 0.309430
v 0.150000 0.255132 0.308361
v 0.150000 0.255455 0.307281
v 0.150000 0.255774 0.306191
v 0.150000 0.256088 0.305090
v 0.150000 0.256398 0.303978
v 0.150000 0.256703 0.302856
v 0.150000 0.257004 0.301723
v 0.150000 0.257300 0.300580
v 0.150000 0.257592 0.299426
v 0.150000 0.257879 0.298261
v 0.150000 0.258162 0.297086
v 0.150000 0.258441 0.295900
v 0.150000 0.258715 0.294704
v 0.150000 0.258985 0.293497
v 0.150000 0.259250 0.292279
v 0.150000 0.259511 0.291051
v 0.150000 0.259767 0.289813
v 0.150000 0.260019 0.288563
v 0.150000 0.260266 0.287304
v 0.150000 0.260509 0.286033
v 0.150000 0.260747 0.284752
v 0.150000 0.260981 0.283461
v 0.150000 0.261211 0.282158
v 0.150000 0.261436 0.280846
v 0.150000 0.261656 0.279522
v 0.150000 0.261873 0.278188
v 0.150000 0.262084 0.276844
v 0.150000 0.262291 0.275489
v 0.150000 0.262494 0.274123
v 0.150000 0.262693 0.272747
v 0.150000 0.262886 0.271360
v 0.150000 0.263076 0.269962
v 0.150000 0.263261 0.268554
v 0.150000 0.263441 0.267136
v 0.150000 0.263617 0.265707
v 0.150000 0.263789 0.264267
v 0.150000 0.263956 0.262816
v 0.150000 0.264119 0.261356
v 0.150000 0.264277 0.259884
v 0.150000 0.264431 0.258402
v 0.150000 0.264580 0.256909
v 0.150000 0.264725 0.255406
v 0.150000 0.264865 0.253892
v 0.150000 0.265001 0.252368
v 0.150000 0.265133 0.250833
v 0.150000 0.265260 0.249287
v 0.150000 0.265315 0.248739
v 0.150000 0.265375 0.248199
v 0.150000 0.265439 0.247668
v 0.150000 0.265507 0.247146
v 0.150000 0.265579 0.246632
v 0.150000 0.265656 0.246127
v 0.150000 0.265736 0.245630
v 0.150000 0.265821 0.245142
v 0.150000 0.265910 0.244663
v 0.150000 0.266003 0.244192
v 0.150000 0.266101 0.243730
v 0.150000 0.266202 0.243277
v 0.150000 0.266308 0.242832
v 0.150000 0.266418 0.242396
v 0.150000 0.266532 0.241969
v 0.150000 0.266650 0.241550
v 0.150000 0.266772 0.241140
v 0.150000 0.266899 0.240739
v 0.150000 0.267030 0.240346
v 0.150000 0.267165 0.239961
v 0.150000 0.267304 0.239586
v 0.150000 0.267447 0.239219
v 0.150000 0.267595 0.238860
v 0.150000 0.267746 0.238511
v 0.150000 0.267902 0.238170
v 0.150000 0.268062 0.237837
v 0.150000 0.268226 0.237513
v 0.150000 0.268395 0.237198
v 0.150000 0.268567 0.236892
v 0.150000 0.268744 0.236594
v 0.150000 0.268925 0.236305
v 0.150000 0.269110 0.236024
v 0.150000 0.269299 0.235752
v 0.150000 0.269493 0.235489
v 0.150000 0.269690 0.235234
v 0.150000 0.269892 0.234988
v 0.150000 0.270098 0.234750
v 0.150000 0.270308 0.234522
v 0.150000 0.270523 0.234301
v 0.150000 0.270741 0.234090
v 0.150000 0.270964 0.233887
v 0.150000 0.271191 0.233693
v 0.150000 0.271422 0.233507
v 0.150000 0.271657 0.233330
v 0.150000 0.271897 0.233162
v 0.150000 0.272140 0.233002
v 0.150000 0.272388 0.232851
v 0.150000 0.272640 0.232708
v 0.150000 0.272896 0.232574
v 0.150000 0.273156 0.232449
v 0.150000 0.273421 0.232333
v 0.150000 0.273689 0.232225
v 0.150000 0.273962 0.232125
v 0.150000 0.274239 0.232035
v 0.150000 0.274520 0.231953
v 0.150000 0.274806 0.231879
v 0.150000 0.275095 0.231815
v 0.150000 0.275389 0.231758
v 0.150000 0.275687 0.231711
v 0.150000 0.275989 0.231672
v 0.150000 0.276295 0.231642
v 0.150000 0.276606 0.231620
v 0.150000 0.276920 0.231607
v 0.150000 0.277239 0.231603
v 0.150000 0.277435 0.231608
v 0.150000 0.277631 0.231625
v 0.150000 0.277827 0.231652
v 0.150000 0.278023 0.231690
v 0.150000 0.278220 0.231739
v 0.150000 0.278416 0.231799
v 0.150000 0.278612 0.231869
v 0.150000 0.278808 0.231951
v 0.150000 0.279004 0.232043
v 0.150000 0.279200 0.232146
v 0.150000 0.279396 0.232260
v 0.150000 0.279592 0.232385
v 0.150000 0.279788 0.232521
v 0.150000 0.279984 0.232668
v 0.150000 0.280181 0.232825
v 0.150000 0.280377 0.232994
v 0.150000 0.280573 0.233173
v 0.150000 0.280769 0.233363
v 0.150000 0.280965 0.233564
v 0.150000 0.281161 0.233776
v 0.150000 0.281357 0.233998
v 0.150000 0.281553 0.234232
v 0.150000 0.281749 0.234476
v 0.150000 0.281945 0.234732
v 0.150000 0.282142 0.234998
v 0.150000 0.282338 0.235275
v 0.150000 0.282534 0.235563
v 0.150000 0.282730 0.235861
v 0.150000 0.282926 0.236171
v 0.150000 0.283122 0.236492
v 0.150000 0.283318 0.236823
v 0.150000 0.283514 0.237165
v 0.150000 0.283710 0.237518
v 0.150000 0.283906 0.237882
v 0.150000 0.284102 0.238257
v 0.150000 0.284299 0.238642
v 0.150000 0.284495 0.239039
v 0.150000 0.284691 0.239446
v 0.150000 0.284887 0.239865
v 0.150000 0.285083 0.240294
v 0.150000 0.285279 0.240734
v 0.150000 0.285475 0.241184
v 0.150000 0.285671 0.241646
v 0.150000 0.285867 0.242119
v 0.150000 0.286063 0.242602
v 0.150000 0.286260 0.243096
v 0.150000 0.286456 0.243601
v 0.150000 0.286652 0.244117
v 0.150000 0.286848 0.244644
v 0.150000 0.287044 0.245182
v 0.150000 0.287240 0.245731
v 0.150000 0.287436 0.246290
v 0.150000 0.287632 0.246860
v 0.150000 0.287828 0.247442
v 0.150000 0.288024 0.248034
v 0.150000 0.288221 0.248636
v 0.150000 0.288417 0.249250
v 0.150000 0.288613 0.249875
v 0.150000 0.288809 0.250510
v 0.150000 0.289005 0.251157
v 0.150000 0.289201 0.251814
v 0.150000 0.289397 0.252482
v 0.150000 0.289593 0.253161
v 0.150000 0.289789 0.253851
v 0.150000 0.290305 0.255555
v 0.150000 0.290818 0.257246
v 0.150000 0.291329 0.258923
v 0.150000 0.291837 0.260587
v 0.150000 0.292342 0.262237
v 0.150000 0.292846 0.263873
v 0.150000 0.293346 0.265496
v 0.150000 0.293844 0.267105
v 0.150000 0.294340 0.268700
v 0.150000 0.294833 0.270282
v 0.150000 0.295324 0.271850
v 0.150000 0.295812 0.273404
v 0.150000 0.296298 0.274945
v 0.150000 0.296781 0.276472
v 0.150000 0.297261 0.277986
v 0.150000 0.297740 0.279485
v 0.150000 0.298215 0.280971
v 0.150000 0.298688 0.282444
v 0.150000 0.299159 0.283903
v 0.150000 0.299627 0.285348
v 0.150000 0.300093 0.286780
v 0.150000 0.300556 0.288197
v 0.150000 0.301016 0.289602
v 0.150000 0.301474 0.290992
v 0.150000 0.301930 0.292369
v 0.150000 0.302383 0.293733
v 0.150000 0.302833 0.295082
v 0.150000 0.303281 0.296418
v 0.150000 0.303727 0.297741
v 0.150000 0.304170 0.299049
v 0.150000 0.304610 0.300344
v 0.150000 0.305048 0.301626
v 0.150000 0.305484 0.302894
v 0.150000 0.305917 0.304148
v 0.150000 0.306347 0.305388
v 0.150000 0.306775 0.306615
v 0.150000 0.307201 0.307828
v 0.150000 0.307624 0.309028
v 0.150000 0.308044 0.310214
v 0.150000 0.308462 0.311386
v 0.150000 0.308878 0.312545
v 0.150000 0.309291 0.313689
v 0.150000 0.309701 0.314821
v 0.150000 0.310109 0.315938
v 0.150000 0.310514 0.317042
v 0.150000 0.310917 0.318133
v 0.150000 0.311318 0.319209
v 0.150000 0.311716 0.320273
v 0.150000 0.312111 0.321322
v 0.150000 0.312504 0.322358
v 0.150000 0.312894 0.323380
v 0.150000 0.313282 0.324388
v 0.150000 0.313668 0.325383
v 0.150000 0.314050 0.326364
v 0.150000 0.314431 0.327332
v 0.150000 0.314809 0.328286
v 0.150000 0.315184 0.329226
v 0.150000 0.315557 0.330152
v 0.150000 0.315927 0.331065
v 0.150000 0.316295 0.331964
v 0.150000 0.316660 0.332850
v 0.150000 0.317023 0.333722
v 0.150000 0.317383 0.334580
v 0.150000 0.317741 0.335425
v 0.150000 0.318011 0.336009
v 0.150000 0.318286 0.336583
v 0.150000 0.318567 0.337148
v 0.150000 0.318853 0.337705
v 0.150000 0.319144 0.338252
v 0.150000 0.319441 0.338789
v 0.150000 0.319743 0.339318
v 0.150000 0.320050 0.339837
v 0.150000 0.320362 0.340347
v 0.150000 0.320680 0.340848
v 0.150000 0.321003 0.341340
v 0.150000 0.321331 0.341823
v 0.150000 0.321664 0.342296
v 0.150000 0.322003 0.342760
v 0.150000 0.322347 0.343215
v 0.150000 0.322697 0.343661
v 0.150000 0.323052 0.344098
v 0.150000 0.323412 0.344525
v 0.150000 0.323777 0.344943
v 0.150000 0.324147 0.345352
v 0.150000 0.324523 0.345752
v 0.150000 0.324905 0.346143
v 0.150000 0.325291 0.346524
v 0.150000 0.325683 0.346896
v 0.150000 0.326080 0.347260
v 0.150000 0.326482 0.347613
v 0.150000 0.326890 0.347958
v 0.150000 0.327303 0.348294
v 0.150000 0.327721 0.348620
v 0.150000 0.328145 0.348937
v 0.150000 0.328573 0.349245
v 0.150000 0.329007 0.349544
v 0.150000 0.329447 0.349833
v 0.150000 0.329892 0.350114
v 0.150000 0.330342 0.350385
v 0.150000 0.330797 0.350647
v 0.150000 0.331257 0.350899
v 0.150000 0.331723 0.351143
v 0.150000 0.332194 0.351377
v 0.150000 0.332671 0.351603
v 0.150000 0.333153 0.351819
v 0.150000 0.333640 0.352025
v 0.150000 0.334132 0.352223
v 0.150000 0.334630 0.352412
v 0.150000 0.335132 0.352591
v 0.150000 0.335641 0.352761
v 0.150000 0.336154 0.352922
v 0.150000 0.336673 0.353073
v 0.150000 0.337197 0.353216
v 0.150000 0.337726 0.353349
v 0.150000 0.338261 0.353473
v 0.150000 0.338801 0.353588
v 0.150000 0.339346 0.353694
v 0.150000 0.339897 0.353790
v 0.150000 0.340453 0.353878
v 0.150000 0.341014 0.353956
v 0.150000 0.341580 0.354025
v 0.150000 0.342152 0.354084
v 0.150000 0.342729 0.354135
v 0.150000 0.343311 0.354176
v 0.150000 0.343899 0.354209
v 0.150000 0.344492 0.354232
v 0.150000 0.345090 0.354245
v 0.150000 0.345693 0.354250
v 0.150000 0.346535 0.354246
v 0.150000 0.347386 0.354234
v 0.150000 0.348244 0.354214
v 0.150000 0.349111 0.354185
v 0.150000 0.349987 0.354149
v 0.150000 0.350871 0.354104
v 0.150000 0.351763 0.354052
v 0.150000 0.352663 0.353991
v 0.150000 0.353572 0.353923
v 0.150000 0.354489 0.353846
v 0.150000 0.355415 0.353761
v 0.150000 0.356349 0.353668
v 0.150000 0.357291 0.353567
v 0.150000 0.358242 0.353458
v 0.150000 0.359201 0.353341
v 0.150000 0.360168 0.353216
v 0.150000 0.361144 0.353083
v 0.150000 0.362128 0.352941
v 0.150000 0.363121 0.352792
v 0.150000 0.364121 0.352634
v 0.150000 0.365131 0.352469
v 0.150000 0.366148 0.352295
v 0.150000 0.367174 0.352113
v 0.150000 0.368208 0.351924
v 0.150000 0.369251 0.351726
v 0.150000 0.370302 0.351520
v 0.150000 0.371361 0.351306
v 0.150000 0.372429 0.351083
v 0.150000 0.373505 0.350853
v 0.150000 0.374589 0.350615
v 0.150000 0.375682 0.350368
v 0.150000 0.376783 0.350114
v 0.150000 0.377892 0.349852
v 0.150000 0.379010 0.349581
v 0.150000 0.380136 0.349302
v 0.150000 0.381271 0.349015
v 0.150000 0.382413 0.348721
v 0.150000 0.383565 0.348418
v 0.150000 0.384724 0.348107
v 0.150000 0.385892 0.347788
v 0.150000 0.387068 0.347461
v 0.150000 0.388253 0.347125
v 0.150000 0.389446 0.346782
v 0.150000 0.390647 0.346431
v 0.150000 0.391857 0.346071
v 0.150000 0.393075 0.345704
v 0.150000 0.394301 0.345328
v 0.150000 0.395536 0.344944
v 0.150000 0.396779 0.344553
v 0.150000 0.398031 0.344153
v 0.150000 0.399291 0.343745
v 0.150000 0.400559 0.343329
v 0.150000 0.401835 0.342905
v 0.150000 0.403120 0.342473
v 0.150000 0.404414 0.342032
v 0.150000 0.405715 0.341584
v 0.150000 0.407025 0.341128
v 0.150000 0.408344 0.340663
v 0.150000 0.409670 0.340191
v 0.150000 0.411005 0.339710
v 0.150000 0.412349 0.339221
v 0.150000 0.413700 0.338725
v 0.150000 0.415061 0.338220
v 0.150000 0.416429 0.337707
v 0.150000 0.417729 0.337223
v 0.150000 0.419026 0.336736
v 0.150000 0.420320 0.336244
v 0.150000 0.421612 0.335748
v 0.150000 0.422901 0.335248
v 0.150000 0.424187 0.334744
v 0.150000 0.425470 0.334235
v 0.150000 0.426751 0.333723
v 0.150000 0.428028 0.333206
v 0.150000 0.429303 0.332685
v 0.150000 0.430575 0.332160
v 0.150000 0.431845 0.331630
v 0.150000 0.433111 0.331097
v 0.150000 0.434375 0.330559
v 0.150000 0.435636 0.330017
v 0.150000 0.436894 0.329471
v 0.150000 0.438149 0.328921
v 0.150000 0.439402 0.328366
v 0.150000 0.440652 0.327808
v 0.150000 0.441899 0.327245
v 0.150000 0.443143 0.326678
v 0.150000 0.444384 0.326107
v 0.150000 0.445623 0.325531
v 0.150000 0.446859 0.324952
v 0.150000 0.448092 0.324368
v 0.150000 0.449322 0.323780
v 0.150000 0.450550 0.323188
v 0.150000 0.451775 0.322592
v 0.150000 0.452997 0.321992
v 0.150000 0.454216 0.321387
v 0.150000 0.455432 0.320778
v 0.150000 0.456646 0.320165
v 0.150000 0.457857 0.319548
v 0.150000 0.459065 0.318927
v 0.150000 0.460270 0.318302
v 0.150000 0.461472 0.317672
v 0.150000 0.462672 0.317038
v 0.150000 0.463869 0.316400
v 0.150000 0.465063 0.315758
v 0.150000 0.466254 0.315112
v 0.150000 0.467443 0.314461
v 0.150000 0.468629 0.313806
v 0.150000 0.469812 0.313148
v 0.150000 0.470992 0.312484
v 0.150000 0.472169 0.311817
v 0.150000 0.473344 0.311146
v 0.150000 0.474516 0.310470
v 0.150000 0.475685 0.309790
v 0.150000 0.476851 0.309106
v 0.150000 0.478014 0.308418
v 0.150000 0.479175 0.307726
v 0.150000 0.480333 0.307030
v 0.150000 0.481488 0.306329
v 0.150000 0.482640 0.305624
v 0.150000 0.483790 0.304915
v 0.150000 0.484937 0.304202
v 0.150000 0.486080 0.303484
v 0.150000 0.487222 0.302763
v 0.150000 0.488360 0.302037
v 0.150000 0.489496 0.301307
v 0.150000 0.490629 0.300573
v 0.150000 0.491759 0.299835
v 0.150000 0.492886 0.299092
v 0.150000 0.494010 0.298346
v 0.150000 0.496286 0.296824
v 0.150000 0.498548 0.295291
v 0.150000 0.500797 0.293746
v 0.150000 0.503033 0.292189
v 0.150000 0.505256 0.290620
v 0.150000 0.507465 0.289039
v 0.150000 0.509662 0.287445
v 0.150000 0.511846 0.285840
v 0.150000 0.514016 0.284223
v 0.150000 0.516174 0.282594
v 0.150000 0.518318 0.280953
v 0.150000 0.520449 0.279300
v 0.150000 0.522568 0.277635
v 0.150000 0.524673 0.275958
v 0.150000 0.526765 0.274269
v 0.150000 0.528843 0.272568
v 0.150000 0.530909 0.270856
v 0.150000 0.532962 0.269131
v 0.150000 0.535002 0.267394
v 0.150000 0.537028 0.265645
v 0.150000 0.539042 0.263884
v 0.150000 0.541042 0.262111
v 0.150000 0.543029 0.260327
v 0.150000 0.545003 0.258530
v 0.150000 0.546964 0.256721
v 0.150000 0.548912 0.254901
v 0.150000 0.550847 0.253068
v 0.150000 0.552769 0.251223
v 0.150000 0.554678 0.249367
v 0.150000 0.556573 0.247498
v 0.150000 0.558456 0.245618
v 0.150000 0.560325 0.243725
v 0.150000 0.562182 0.241820
v 0.150000 0.564025 0.239904
v 0.150000 0.565855 0.237975
v 0.150000 0.567672 0.236035
v 0.150000 0.569476 0.234083
v 0.150000 0.571267 0.232118
v 0.150000 0.573045 0.230142
v 0.150000 0.574809 0.228153
v 0.150000 0.576561 0.226153
v 0.150000 0.578299 0.224141
v 0.150000 0.580025 0.222117
v 0.150000 0.581737 0.220080
v 0.150000 0.583436 0.218032
v 0.150000 0.585123 0.215972
v 0.150000 0.586796 0.213900
v 0.150000 0.588456 0.211815
v 0.150000 0.590102 0.209719
v 0.150000 0.591736 0.207611
v 0.150000 0.593357 0.205491
v 0.150000 0.594965 0.203359
v 0.150000 0.596559 0.201215
v 0.150000 0.598140 0.199059
v 0.150000 0.599709 0.196891
v 0.150000 0.601264 0.194711
v 0.150000 0.602806 0.192519
v 0.150000 0.604335 0.190315
v 0.150000 0.605851 0.188099
v 0.150000 0.607354 0.185871
v 0.150000 0.608844 0.183631
v 0.150000 0.610320 0.181379
v 0.150000 0.611784 0.179115
v 0.150000 0.613234 0.176840
v 0.150000 0.613572 0.176362
v 0.150000 0.613907 0.175892
v 0.150000 0.614239 0.175430
v 0.150000 0.614569 0.174975
v 0.150000 0.614897 0.174527
v 0.150000 0.615222 0.174087
v 0.150000 0.615544 0.173655
v 0.150000 0.615864 0.173230
v 0.150000 0.616181 0.172812
v 0.150000 0.616496 0.172403
v 0.150000 0.616808 0.172000
v 0.150000 0.617118 0.171605
v 0.150000 0.617426 0.171218
v 0.150000 0.617731 0.170838
v 0.150000 0.618033 0.170466
v 0.150000 0.618333 0.170101
v 0.150000 0.618630 0.169744
v 0.150000 0.618925 0.169394
v 0.150000 0.619217 0.169052
v 0.150000 0.619507 0.168717
v 0.150000 0.619794 0.168390
v 0.150000 0.620079 0.168071
v 0.150000 0.620362 0.167759
v 0.150000 0.620641 0.167454
v 0.150000 0.620919 0.167157
v 0.150000 0.621193 0.166867
v 0.150000 0.621466 0.166585
v 0.150000 0.621735 0.166311
v 0.150000 0.622003 0.166044
v 0.150000 0.622267 0.165784
v 0.150000 0.622530 0.165532
v 0.150000 0.622790 0.165288
v 0.150000 0.623047 0.165051
v 0.150000 0.623302 0.164822
v 0.150000 0.623554 0.164600
v 0.150000 0.623803 0.164386
v 0.150000 0.624051 0.164179
v 0.150000 0.624295 0.163979
v 0.150000 0.624537 0.163788
v 0.150000 0.624777 0.163603
v 0.150000 0.625014 0.163427
v 0.150000 0.625249 0.163258
v 0.150000 0.625481 0.163096
v 0.150000 0.625711 0.162942
v 0.150000 0.625938 0.162795
v 0.150000 0.626163 0.162656
v 0.150000 0.626385 0.162524
v 0.150000 0.626604 0.162400
v 0.150000 0.626822 0.162284
v 0.150000 0.627036 0.162175
v 0.150000 0.627248 0.162073
v 0.150000 0.627458 0.161979
v 0.150000 0.627665 0.161893
v 0.150000 0.627870 0.161814
v 0.150000 0.628072 0.161742
v 0.150000 0.628271 0.161678
v 0.150000 0.628468 0.161622
v 0.150000 0.628663 0.161573
v 0.150000 0.628855 0.161532
v 0.150000 0.629044 0.161498
v 0.150000 0.629231 0.161471
v 0.150000 0.629416 0.161453
v 0.150000 0.629598 0.161441
v 0.150000 0.629778 0.161438
v -0.150000 0.629778 0.161438
v 0.150000 0.630025 0.161440
v -0.150000 0.630025 0.161440
v 0.150000 0.630269 0.161448
v -0.150000 0.630269 0.161448
v 0.150000 0.630509 0.161460
v -0.150000 0.630509 0.161460
v 0.150000 0.630745 0.161478
v -0.150000 0.630745 0.161478
v 0.150000 0.630977 0.161500
v -0.150000 0.630977 0.161500
v 0.150000 0.631205 0.161528
v -0.150000 0.631205 0.161528
v 0.150000 0.631429 0.161560
v -0.150000 0.631429 0.161560
v 0.150000 0.631649 0.161598
v -0.150000 0.631649 0.161598
v 0.150000 0.631866 0.161641
v -0.150000 0.631866 0.161641
v 0.150000 0.632078 0.161688
v -0.150000 0.632078 0.161688
v 0.150000 0.632287 0.161741
v -0.150000 0.632287 0.161741
v 0.150000 0.632492 0.161799
v -0.150000 0.632492 0.161799
v 0.150000 0.632692 0.161861
v -0.150000 0.632692 0.161861
v 0.150000 0.632889 0.161929
v -0.150000 0.632889 0.161929
v 0.150000 0.633082 0.162002
v -0.150000 0.633082 0.162002
v 0.150000 0.633272 0.162079
v -0.150000 0.633272 0.162079
v 0.150000 0.633457 0.162162
v -0.150000 0.633457 0.162162
v 0.150000 0.633638 0.162250
v -0.150000 0.633638 0.162250
v 0.150000 0.633816 0.162343
v -0.150000 0.633816 0.162343
v 0.150000 0.633989 0.162440
v -0.150000 0.633989 0.162440
v 0.150000 0.634159 0.162543
v -0.150000 0.634159 0.162543
v 0.150000 0.634324 0.162651
v -0.150000 0.634324 0.162651
v 0.150000 0.634486 0.162764
v -0.150000 0.634486 0.162764
v 0.150000 0.634644 0.162881
v -0.150000 0.634644 0.162881
v 0.150000 0.634798 0.163004
v -0.150000 0.634798 0.163004
v 0.150000 0.634948 0.163132
v -0.150000 0.634948 0.163132
v 0.150000 0.635095 0.163265
v -0.150000 0.635095 0.163265
v 0.150000 0.635237 0.163403
v -0.150000 0.635237 0.163403
v 0.150000 0.635375 0.163546
v -0.150000 0.635375 0.163546
v 0.150000 0.635510 0.163694
v -0.150000 0.635510 0.163694
v 0.150000 0.635641 0.163847
v -0.150000 0.635641 0.163847
v 0.150000 0.635767 0.164005
v -0.150000 0.635767 0.164005
v 0.150000 0.635890 0.164168
v -0.150000 0.635890 0.164168
v 0.150000 0.636009 0.164335
v -0.150000 0.636009 0.164335
v 0.150000 0.636124 0.164508
v -0.150000 0.636124 0.164508
v 0.150000 0.636235 0.164686
v -0.150000 0.636235 0.164686
v 0.150000 0.636342 0.164869
v -0.150000 0.636342 0.164869
v 0.150000 0.636446 0.165057
v -0.150000 0.636446 0.165057
v 0.150000 0.636545 0.165250
v -0.150000 0.636545 0.165250
v 0.150000 0.636641 0.165449
v -0.150000 0.636641 0.165449
v 0.150000 0.636732 0.165652
v -0.150000 0.636732 0.165652
v 0.150000 0.636820 0.165860
v -0.150000 0.636820 0.165860
v 0.150000 0.636904 0.166073
v -0.150000 0.636904 0.166073
v 0.150000 0.636984 0.166291
v -0.150000 0.636984 0.166291
v 0.150000 0.637060 0.166514
v -0.150000 0.637060 0.166514
v 0.150000 0.637132 0.166742
v -0.150000 0.637132 0.166742
v 0.150000 0.637200 0.166975
v -0.150000 0.637200 0.166975
v 0.150000 0.637265 0.167213
v -0.150000 0.637265 0.167213
v 0.150000 0.637325 0.167457
v -0.150000 0.637325 0.167457
v 0.150000 0.637382 0.167705
v -0.150000 0.637382 0.167705
v 0.150000 0.637434 0.167958
v -0.150000 0.637434 0.167958
v 0.150000 0.637483 0.168216
v -0.150000 0.637483 0.168216
v 0.150000 0.637528 0.168479
v -0.150000 0.637528 0.168479
v 0.150000 0.637569 0.168748
v -0.150000 0.637569 0.168748
v 0.150000 0.637606 0.169021
v -0.150000 0.637606 0.169021
v 0.150000 0.637639 0.169299
v -0.150000 0.637639 0.169299
v 0.150000 0.637668 0.169582
v -0.150000 0.637668 0.169582
v 0.150000 0.637694 0.169871
v -0.150000 0.637694 0.169871
v 0.150000 0.637715 0.170164
v -0.150000 0.637715 0.170164
v 0.150000 0.637733 0.170462
v -0.150000 0.637733 0.170462
v 0.150000 0.637746 0.170766
v -0.150000 0.637746 0.170766
v 0.150000 0.637756 0.171074
v -0.150000 0.637756 0.171074
v 0.150000 0.637762 0.171387
v -0.150000 0.637762 0.171387
v 0.150000 0.637764 0.171706
v -0.150000 0.637764 0.171706
v 0.150000 0.637755 0.173012
v -0.150000 0.637755 0.173012
v 0.150000 0.637730 0.174328
v -0.150000 0.637730 0.174328
v 0.150000 0.637687 0.175654
v -0.150000 0.637687 0.175654
v 0.150000 0.637628 0.176989
v -0.150000 0.637628 0.176989
v 0.150000 0.637551 0.178334
v -0.150000 0.637551 0.178334
v 0.150000 0.637458 0.179689
v -0.150000 0.637458 0.179689
v 0.150000 0.637347 0.181054
v -0.150000 0.637347 0.181054
v 0.150000 0.637220 0.182428
v -0.150000 0.637220 0.182428
v 0.150000 0.637076 0.183813
v -0.150000 0.637076 0.183813
v 0.150000 0.636914 0.185207
v -0.150000 0.636914 0.185207
v 0.150000 0.636736 0.186610
v -0.150000 0.636736 0.186610
v 0.150000 0.636540 0.188024
v -0.150000 0.636540 0.188024
v 0.150000 0.636328 0.189447
v -0.150000 0.636328 0.189447
v 0.150000 0.636099 0.190880
v -0.150000 0.636099 0.190880
v 0.150000 0.635852 0.192323
v -0.150000 0.635852 0.192323
v 0.150000 0.635589 0.193775
v -0.150000 0.635589 0.193775
v 0.150000 0.635309 0.195237
v -0.150000 0.635309 0.195237
v 0.150000 0.635011 0.196709
v -0.150000 0.635011 0.196709
v 0.150000 0.634697 0.198191
v -0.150000 0.634697 0.198191
v 0.150000 0.634366 0.199682
v -0.150000 0.634366 0.199682
v 0.150000 0.634017 0.201183
v -0.150000 0.634017 0.201183
v 0.150000 0.633652 0.202694
v -0.150000 0.633652 0.202694
v 0.150000 0.633270 0.204215
v -0.150000 0.633270 0.204215
v 0.150000 0.632870 0.205746
v -0.150000 0.632870 0.205746
v 0.150000 0.632454 0.207286
v -0.150000 0.632454 0.207286
v 0.150000 0.632021 0.208836
v -0.150000 0.632021 0.208836
v 0.150000 0.631571 0.210395
v -0.150000 0.631571 0.210395
v 0.150000 0.631103 0.211965
v -0.150000 0.631103 0.211965
v 0.150000 0.630619 0.213544
v -0.150000 0.630619 0.213544
v 0.150000 0.630118 0.215133
v -0.150000 0.630118 0.215133
v 0.150000 0.629600 0.216732
v -0.150000 0.629600 0.216732
v 0.150000 0.629064 0.218340
v -0.150000 0.629064 0.218340
v 0.150000 0.628512 0.219958
v -0.150000 0.628512 0.219958
v 0.150000 0.627943 0.221586
v -0.150000 0.627943 0.221586
v 0.150000 0.627357 0.223224
v -0.150000 0.627357 0.223224
v 0.150000 0.626754 0.224871
v -0.150000 0.626754 0.224871
v 0.150000 0.626133 0.226528
v -0.150000 0.626133 0.226528
v 0.150000 0.625496 0.228195
v -0.150000 0.625496 0.228195
v 0.150000 0.624842 0.229872
v -0.150000 0.624842 0.229872
v 0.150000 0.624171 0.231558
v -0.150000 0.624171 0.231558
v 0.150000 0.623483 0.233255
v -0.150000 0.623483 0.233255
v 0.150000 0.622778 0.234961
v -0.150000 0.622778 0.234961
v 0.150000 0.622056 0.236676
v -0.150000 0.622056 0.236676
v 0.150000 0.621316 0.238402
v -0.150000 0.621316 0.238402
v 0.150000 0.620560 0.240137
v -0.150000 0.620560 0.240137
v 0.150000 0.619787 0.241882
v -0.150000 0.619787 0.241882
v 0.150000 0.618997 0.243636
v -0.150000 0.618997 0.243636
v 0.150000 0.618190 0.245401
v -0.150000 0.618190 0.245401
v 0.150000 0.617366 0.247175
v -0.150000 0.617366 0.247175
v 0.150000 0.616525 0.248959
v -0.150000 0.616525 0.248959
v 0.150000 0.615667 0.250753
v -0.150000 0.615667 0.250753
v 0.150000 0.614792 0.252556
v -0.150000 0.614792 0.252556
v 0.150000 0.613900 0.254369
v -0.150000 0.613900 0.254369
v 0.150000 0.612991 0.256192
v -0.150000 0.612991 0.256192
v 0.150000 0.612065 0.258025
v -0.150000 0.612065 0.258025
v 0.150000 0.611122 0.259867
v -0.150000 0.611122 0.259867
v 0.150000 0.610162 0.261719
v -0.150000 0.610162 0.261719
v 0.150000 0.609185 0.263581
v -0.150000 0.609185 0.263581
v 0.150000 0.608191 0.265453
v -0.150000 0.608191 0.265453
v 0.150000 0.607180 0.267334
v -0.150000 0.607180 0.267334
v 0.150000 0.606152 0.269225
v -0.150000 0.606152 0.269225
v 0.150000 0.605107 0.271126
v -0.150000 0.605107 0.271126
v 0.150000 0.604045 0.273037
v -0.150000 0.604045 0.273037
v 0.150000 0.602966 0.274957
v -0.150000 0.602966 0.274957
v 0.150000 0.601068 0.278224
v -0.150000 0.601068 0.278224
v 0.150000 0.599152 0.281465
v -0.150000 0.599152 0.281465
v 0.150000 0.597219 0.284680
v -0.150000 0.597219 0.284680
v 0.150000 0.595267 0.287868
v -0.150000 0.595267 0.287868
v 0.150000 0.593299 0.291030
v -0.150000 0.593299 0.291030
v 0.150000 0.591313 0.294167
v -0.150000 0.591313 0.294167
v 0.150000 0.589309 0.297276
v -0.150000 0.589309 0.297276
v 0.150000 0.587288 0.300360
v -0.150000 0.587288 0.300360
v 0.150000 0.585249 0.303418
v -0.150000 0.585249 0.303418
v 0.150000 0.583193 0.306449
v -0.150000 0.583193 0.306449
v 0.150000 0.581119 0.309454
v -0.150000 0.581119 0.309454
v 0.150000 0.579027 0.312433
v -0.150000 0.579027 0.312433
v 0.150000 0.576918 0.315386
v -0.150000 0.576918 0.315386
v 0.150000 0.574792 0.318313
v -0.150000 0.574792 0.318313
v 0.150000 0.572648 0.321213
v -0.150000 0.572648 0.321213
v 0.150000 0.570486 0.324087
v -0.150000 0.570486 0.324087
v 0.150000 0.568307 0.326935
v -0.150000 0.568307 0.326935
v 0.150000 0.566110 0.329757
v -0.150000 0.566110 0.329757
v 0.150000 0.563896 0.332553
v -0.150000 0.563896 0.332553
v 0.150000 0.561664 0.335322
v -0.150000 0.561664 0.335322
v 0.150000 0.559415 0.338066
v -0.150000 0.559415 0.338066
v 0.150000 0.557148 0.340783
v -0.150000 0.557148 0.340783
v 0.150000 0.554864 0.343474
v -0.150000 0.554864 0.343474
v 0.150000 0.552562 0.346139
v -0.150000 0.552562 0.346139
v 0.150000 0.550242 0.348777
v -0.150000 0.550242 0.348777
v 0.150000 0.547905 0.351390
v -0.150000 0.547905 0.351390
v 0.150000 0.545550 0.353976
v -0.150000 0.545550 0.353976
v 0.150000 0.543178 0.356536
v -0.150000 0.543178 0.356536
v 0.150000 0.540788 0.359070
v -0.150000 0.540788 0.359070
v 0.150000 0.538381 0.361578
v -0.150000 0.538381 0.361578
v 0.150000 0.535956 0.364059
v -0.150000 0.535956 0.364059
v 0.150000 0.533514 0.366515
v -0.150000 0.533514 0.366515
v 0.150000 0.531054 0.368944
v -0.150000 0.531054 0.368944
v 0.150000 0.528577 0.371347
v -0.150000 0.528577 0.371347
v 0.150000 0.526082 0.373723
v -0.150000 0.526082 0.373723
v 0.150000 0.523569 0.376074
v -0.150000 0.523569 0.376074
v 0.150000 0.521039 0.378399
v -0.150000 0.521039 0.378399
v 0.150000 0.518491 0.380697
v -0.150000 0.518491 0.380697
v 0.150000 0.515926 0.382969
v -0.150000 0.515926 0.382969
v 0.150000 0.513343 0.385215
v -0.150000 0.513343 0.385215
v 0.150000 0.510743 0.387434
v -0.150000 0.510743 0.387434
v 0.150000 0.508125 0.389628
v -0.150000 0.508125 0.389628
v 0.150000 0.505490 0.391795
v -0.150000 0.505490 0.391795
v 0.150000 0.502837 0.393936
v -0.150000 0.502837 0.393936
v 0.150000 0.500166 0.396051
v -0.150000 0.500166 0.396051
v 0.150000 0.497478 0.398140
v -0.150000 0.497478 0.398140
v 0.150000 0.494772 0.400203
v -0.150000 0.494772 0.400203
v 0.150000 0.492049 0.402239
v -0.150000 0.492049 0.402239
v 0.150000 0.489309 0.404249
v -0.150000 0.489309 0.404249
v 0.150000 0.486550 0.406233
v -0.150000 0.486550 0.406233
v 0.150000 0.483775 0.408191
v -0.150000 0.483775 0.408191
v 0.150000 0.480981 0.410123
v -0.150000 0.480981 0.410123
v 0.150000 0.478170 0.412028
v -0.150000 0.478170 0.412028
v 0.150000 0.475342 0.413908
v -0.150000 0.475342 0.413908
v 0.150000 0.472496 0.415761
v -0.150000 0.472496 0.415761
v 0.150000 0.469632 0.417588
v -0.150000 0.469632 0.417588
v 0.150000 0.466751 0.419389
v -0.150000 0.466751 0.419389
v 0.150000 0.463853 0.421163
v -0.150000 0.463853 0.421163
v 0.150000 0.460936 0.422911
v -0.150000 0.460936 0.422911
v 0.150000 0.458003 0.424634
v -0.150000 0.458003 0.424634
v 0.150000 0.455052 0.426330
v -0.150000 0.455052 0.426330
v 0.150000 0.452083 0.428000
v -0.150000 0.452083 0.428000
v 0.150000 0.449096 0.429643
v -0.150000 0.449096 0.429643
v 0.150000 0.446092 0.431261
v -0.150000 0.446092 0.431261
v 0.150000 0.443633 0.432570
v -0.150000 0.443633 0.432570
v 0.150000 0.441177 0.433858
v -0.150000 0.441177 0.433858
v 0.150000 0.438722 0.435125
v -0.150000 0.438722 0.435125
v 0.150000 0.436270 0.436372
v -0.150000 0.436270 0.436372
v 0.150000 0.433820 0.437599
v -0.150000 0.433820 0.437599
v 0.150000 0.431372 0.438805
v -0.150000 0.431372 0.438805
v 0.150000 0.428927 0.439990
v -0.150000 0.428927 0.439990
v 0.150000 0.426483 0.441154
v -0.150000 0.426483 0.441154
v 0.150000 0.424042 0.442298
v -0.150000 0.424042 0.442298
v 0.150000 0.421603 0.443422
v -0.150000 0.421603 0.443422
v 0.150000 0.419166 0.444524
v -0.150000 0.419166 0.444524
v 0.150000 0.416732 0.445607
v -0.150000 0.416732 0.445607
v 0.150000 0.414300 0.446668
v -0.150000 0.414300 0.446668
v 0.150000 0.411870 0.447709
v -0.150000 0.411870 0.447709
v 0.150000 0.409442 0.448729
v -0.150000 0.409442 0.448729
v 0.150000 0.407017 0.449729
v -0.150000 0.407017 0.449729
v 0.150000 0.404593 0.450708
v -0.150000 0.404593 0.450708
v 0.150000 0.402172 0.451667
v -0.150000 0.402172 0.451667
v 0.150000 0.399753 0.452604
v -0.150000 0.399753 0.452604
v 0.150000 0.397337 0.453522
v -0.150000 0.397337 0.453522
v 0.150000 0.394922 0.454418
v -0.150000 0.394922 0.454418
v 0.150000 0.392510 0.455294
v -0.150000 0.392510 0.455294
v 0.150000 0.390100 0.456150
v -0.150000 0.390100 0.456150
v 0.150000 0.387693 0.456984
v -0.150000 0.387693 0.456984
v 0.150000 0.385287 0.457799
v -0.150000 0.385287 0.457799
v 0.150000 0.382884 0.458592
v -0.150000 0.382884 0.458592
v 0.150000 0.380483 0.459365
v -0.150000 0.380483 0.459365
v 0.150000 0.378084 0.460117
v -0.150000 0.378084 0.460117
v 0.150000 0.375687 0.460849
v -0.150000 0.375687 0.460849
v 0.150000 0.373293 0.461560
v -0.150000 0.373293 0.461560
v 0.150000 0.370901 0.462251
v -0.150000 0.370901 0.462251
v 0.150000 0.368511 0.462921
v -0.150000 0.368511 0.462921
v 0.150000 0.366124 0.463570
v -0.150000 0.366124 0.463570
v 0.150000 0.363738 0.464199
v -0.150000 0.363738 0.464199
v 0.150000 0.361355 0.464807
v -0.150000 0.361355 0.464807
v 0.150000 0.358974 0.465394
v -0.150000 0.358974 0.465394
v 0.150000 0.356595 0.465961
v -0.150000 0.356595 0.465961
v 0.150000 0.354219 0.466507
v -0.150000 0.354219 0.466507
v 0.150000 0.351844 0.467033
v -0.150000 0.351844 0.467033
v 0.150000 0.349472 0.467538
v -0.150000 0.349472 0.467538
v 0.150000 0.347103 0.468022
v -0.150000 0.347103 0.468022
v 0.150000 0.344735 0.468486
v -0.150000 0.344735 0.468486
v 0.150000 0.342370 0.468929
v -0.150000 0.342370 0.468929
v 0.150000 0.340007 0.469352
v -0.150000 0.340007 0.469352
v 0.150000 0.337646 0.469754
v -0.150000 0.337646 0.469754
v 0.150000 0.335287 0.470135
v -0.150000 0.335287 0.470135
v 0.150000 0.332930 0.470496
v -0.150000 0.332930 0.470496
v 0.150000 0.330576 0.470836
v -0.150000 0.330576 0.470836
v 0.150000 0.328224 0.471155
v -0.150000 0.328224 0.471155
v 0.150000 0.325875 0.471454
v -0.150000 0.325875 0.471454
v 0.150000 0.323527 0.471732
v -0.150000 0.323527 0.471732
v 0.150000 0.321182 0.471990
v -0.150000 0.321182 0.471990
v 0.150000 0.318839 0.472227
v -0.150000 0.318839 0.472227
v 0.150000 0.316498 0.472443
v -0.150000 0.316498 0.472443
v 0.150000 0.314159 0.472639
v -0.150000 0.314159 0.472639
v 0.150000 0.311823 0.472814
v -0.150000 0.311823 0.472814
v 0.150000 0.309489 0.472969
v -0.150000 0.309489 0.472969
v 0.150000 0.307157 0.473103
v -0.150000 0.307157 0.473103
v 0.150000 0.304827 0.473216
v -0.150000 0.304827 0.473216
v 0.150000 0.302499 0.473309
v -0.150000 0.302499 0.473309
v 0.150000 0.300174 0.473381
v -0.150000 0.300174 0.473381
v 0.150000 0.297851 0.473433
v -0.150000 0.297851 0.473433
v 0.150000 0.295530 0.473464
v -0.150000 0.295530 0.473464
v 0.150000 0.293212 0.473474
v -0.150000 0.293212 0.473474
v 0.150000 0.291349 0.473470
v -0.150000 0.291349 0.473470
v 0.150000 0.289503 0.473457
v -0.150000 0.289503 0.473457
v 0.150000 0.287675 0.473435
v -0.150000 0.287675 0.473435
v 0.150000 0.285865 0.473405
v -0.150000 0.285865 0.473405
v 0.150000 0.284072 0.473366
v -0.150000 0.284072 0.473366
v 0.150000 0.282297 0.473319
v -0.150000 0.282297 0.473319
v 0.150000 0.280539 0.473262
v -0.150000 0.280539 0.473262
v 0.150000 0.278799 0.473198
v -0.150000 0.278799 0.473198
v 0.150000 0.277076 0.473124
v -0.150000 0.277076 0.473124
v 0.150000 0.275371 0.473042
v -0.150000 0.275371 0.473042
v 0.150000 0.273684 0.472952
v -0.150000 0.273684 0.472952
v 0.150000 0.272014 0.472852
v -0.150000 0.272014 0.472852
v 0.150000 0.270361 0.472744
v -0.150000 0.270361 0.472744
v 0.150000 0.268726 0.472628
v -0.150000 0.268726 0.472628
v 0.150000 0.267109 0.472503
v -0.150000 0.267109 0.472503
v 0.150000 0.265509 0.472369
v -0.150000 0.265509 0.472369
v 0.150000 0.263927 0.472226
v -0.150000 0.263927 0.472226
v 0.150000 0.262362 0.472075
v -0.150000 0.262362 0.472075
v 0.150000 0.260815 0.471915
v -0.150000 0.260815 0.471915
v 0.150000 0.259285 0.471747
v -0.150000 0.259285 0.471747
v 0.150000 0.257773 0.471570
v -0.150000 0.257773 0.471570
v 0.150000 0.256279 0.471384
v -0.150000 0.256279 0.471384
v 0.150000 0.254802 0.471190
v -0.150000 0.254802 0.471190
v 0.150000 0.253342 0.470987
v -0.150000 0.253342 0.470987
v 0.150000 0.251901 0.470776
v -0.150000 0.251901 0.470776
v 0.150000 0.250476 0.470556
v -0.150000 0.250476 0.470556
v 0.150000 0.249070 0.470327
v -0.150000 0.249070 0.470327
v 0.150000 0.247680 0.470089
v -0.150000 0.247680 0.470089
v 0.150000 0.246309 0.469843
v -0.150000 0.246309 0.469843
v 0.150000 0.244955 0.469588
v -0.150000 0.244955 0.469588
v 0.150000 0.243618 0.469325
v -0.150000 0.243618 0.469325
v 0.150000 0.242299 0.469053
v -0.150000 0.242299 0.469053
v 0.150000 0.240997 0.468772
v -0.150000 0.240997 0.468772
v 0.150000 0.239713 0.468483
v -0.150000 0.239713 0.468483
v 0.150000 0.238447 0.468185
v -0.150000 0.238447 0.468185
v 0.150000 0.237198 0.467879
v -0.150000 0.237198 0.467879
v 0.150000 0.235967 0.467564
v -0.150000 0.235967 0.467564
v 0.150000 0.234753 0.467240
v -0.150000 0.234753 0.467240
v 0.150000 0.233557 0.466907
v -0.150000 0.233557 0.466907
v 0.150000 0.232378 0.466566
v -0.150000 0.232378 0.466566
v 0.150000 0.231217 0.466217
v -0.150000 0.231217 0.466217
v 0.150000 0.230074 0.465858
v -0.150000 0.230074 0.465858
v 0.150000 0.228948 0.465491
v -0.150000 0.228948 0.465491
v 0.150000 0.227839 0.465116
v -0.150000 0.227839 0.465116
v 0.150000 0.226748 0.464731
v -0.150000 0.226748 0.464731
v 0.150000 0.225675 0.464339
v -0.150000 0.225675 0.464339
v 0.150000 0.224619 0.463937
v -0.150000 0.224619 0.463937
v 0.150000 0.223581 0.463527
v -0.150000 0.223581 0.463527
v 0.150000 0.222560 0.463108
v -0.150000 0.222560 0.463108
v 0.150000 0.221557 0.462681
v -0.150000 0.221557 0.462681
v 0.150000 0.220571 0.462245
v -0.150000 0.220571 0.462245
v 0.150000 0.219603 0.461800
v -0.150000 0.219603 0.461800
v 0.150000 0.218653 0.461347
v -0.150000 0.218653 0.461347
v 0.150000 0.217720 0.460885
v -0.150000 0.217720 0.460885
v 0.150000 0.216804 0.460414
v -0.150000 0.216804 0.460414
v 0.150000 0.215907 0.459935
v -0.150000 0.215907 0.459935
v 0.150000 0.215026 0.459447
v -0.150000 0.215026 0.459447
v 0.150000 0.214163 0.458950
v -0.150000 0.214163 0.458950
v 0.150000 0.213318 0.458445
v -0.150000 0.213318 0.458445
v 0.150000 0.212491 0.457931
v -0.150000 0.212491 0.457931
v 0.150000 0.211680 0.457409
v -0.150000 0.211680 0.457409
v 0.150000 0.210888 0.456878
v -0.150000 0.210888 0.456878
v 0.150000 0.210113 0.456338
v -0.150000 0.210113 0.456338
v 0.150000 0.209355 0.455790
v -0.150000 0.209355 0.455790
v 0.150000 0.208595 0.455254
v -0.150000 0.208595 0.455254
v 0.150000 0.207846 0.454714
v -0.150000 0.207846 0.454714
v 0.150000 0.207110 0.454172
v -0.150000 0.207110 0.454172
v 0.150000 0.206385 0.453626
v -0.150000 0.206385 0.453626
v 0.150000 0.205672 0.453078
v -0.150000 0.205672 0.453078
v 0.150000 0.204972 0.452526
v -0.150000 0.204972 0.452526
v 0.150000 0.204283 0.451971
v -0.150000 0.204283 0.451971
v 0.150000 0.203606 0.451414
v -0.150000 0.203606 0.451414
v 0.150000 0.202942 0.450853
v -0.150000 0.202942 0.450853
v 0.150000 0.202289 0.450289
v -0.150000 0.202289 0.450289
v 0.150000 0.201648 0.449722
v -0.150000 0.201648 0.449722
v 0.150000 0.201019 0.449152
v -0.150000 0.201019 0.449152
v 0.150000 0.200402 0.448579
v -0.150000 0.200402 0.448579
v 0.150000 0.199798 0.448003
v -0.150000 0.199798 0.448003
v 0.150000 0.199205 0.447423
v -0.150000 0.199205 0.447423
v 0.150000 0.198624 0.446841
v -0.150000 0.198624 0.446841
v 0.150000 0.198055 0.446256
v -0.150000 0.198055 0.446256
v 0.150000 0.197498 0.445667
v -0.150000 0.197498 0.445667
v 0.150000 0.196953 0.445076
v -0.150000 0.196953 0.445076
v 0.150000 0.196420 0.444481
v -0.150000 0.196420 0.444481
v 0.150000 0.195899 0.443884
v -0.150000 0.195899 0.443884
v 0.150000 0.195390 0.443283
v -0.150000 0.195390 0.443283
v 0.150000 0.194893 0.442679
v -0.150000 0.194893 0.442679
v 0.150000 0.194408 0.442073
v -0.150000 0.194408 0.442073
v 0.150000 0.193935 0.441463
v -0.150000 0.193935 0.441463
v 0.150000 0.193474 0.440850
v -0.150000 0.193474 0.440850
v 0.150000 0.193024 0.440234
v -0.150000 0.193024 0.440234
v 0.150000 0.192587 0.439615
v -0.150000 0.192587 0.439615
v 0.150000 0.192162 0.438993
v -0.150000 0.192162 0.438993
v 0.150000 0.191749 0.438367
v -0.150000 0.191749 0.438367
v 0.150000 0.191348 0.437739
v -0.150000 0.191348 0.437739
v 0.150000 0.190958 0.437108
v -0.150000 0.190958 0.437108
v 0.150000 0.190581 0.436473
v -0.150000 0.190581 0.436473
v 0.150000 0.190216 0.435836
v -0.150000 0.190216 0.435836
v 0.150000 0.189862 0.435196
v -0.150000 0.189862 0.435196
v 0.150000 0.189521 0.434552
v -0.150000 0.189521 0.434552
v 0.150000 0.189192 0.433905
v -0.150000 0.189192 0.433905
v 0.150000 0.188874 0.433256
v -0.150000 0.188874 0.433256
v 0.150000 0.188569 0.432603
v -0.150000 0.188569 0.432603
v 0.150000 0.188275 0.431947
v -0.150000 0.188275 0.431947
v 0.150000 0.187994 0.431288
v -0.150000 0.187994 0.431288
v 0.150000 0.187724 0.430626
v -0.150000 0.187724 0.430626
v 0.150000 0.187467 0.429961
v -0.150000 0.187467 0.429961
v 0.150000 0.187221 0.429293
v -0.150000 0.187221 0.429293
v 0.150000 0.186988 0.428622
v -0.150000 0.186988 0.428622
v 0.150000 0.186766 0.427948
v -0.150000 0.186766 0.427948
v 0.150000 0.186557 0.427271
v -0.150000 0.186557 0.427271
v 0.150000 0.186359 0.426590
v -0.150000 0.186359 0.426590
v 0.150000 0.186173 0.425907
v -0.150000 0.186173 0.425907
v 0.150000 0.186000 0.425220
v -0.150000 0.186000 0.425220
v 0.150000 0.185838 0.424531
v -0.150000 0.185838 0.424531
v 0.150000 0.185688 0.423838
v -0.150000 0.185688 0.423838
v 0.150000 0.185551 0.423143
v -0.150000 0.185551 0.423143
v 0.150000 0.185425 0.422444
v -0.150000 0.185425 0.422444
v 0.150000 0.185311 0.421742
v -0.150000 0.185311 0.421742
v 0.150000 0.185209 0.421037
v -0.150000 0.185209 0.421037
v 0.150000 0.185119 0.420329
v -0.150000 0.185119 0.420329
v 0.150000 0.185042 0.419618
v -0.150000 0.185042 0.419618
v 0.150000 0.184976 0.418904
v -0.150000 0.184976 0.418904
v 0.150000 0.184922 0.418187
v -0.150000 0.184922 0.418187
v 0.150000 0.184880 0.417467
v -0.150000 0.184880 0.417467
v 0.150000 0.184850 0.416744
v -0.150000 0.184850 0.416744
v 0.150000 0.184832 0.416017
v -0.150000 0.184832 0.416017
v 0.150000 0.184826 0.415288
v -0.150000 0.184826 0.415288
v 0.150000 0.184831 0.414365
v -0.150000 0.184831 0.414365
v 0.150000 0.184848 0.413450
v -0.150000 0.184848 0.413450
v 0.150000 0.184875 0.412542
v -0.150000 0.184875 0.412542
v 0.150000 0.184913 0.411643
v -0.150000 0.184913 0.411643
v 0.150000 0.184962 0.410751
v -0.150000 0.184962 0.410751
v 0.150000 0.185022 0.409867
v -0.150000 0.185022 0.409867
v 0.150000 0.185092 0.408990
v -0.150000 0.185092 0.408990
v 0.150000 0.185174 0.408122
v -0.150000 0.185174 0.408122
v 0.150000 0.185266 0.407261
v -0.150000 0.185266 0.407261
v 0.150000 0.185369 0.406408
v -0.150000 0.185369 0.406408
v 0.150000 0.185483 0.405563
v -0.150000 0.185483 0.405563
v 0.150000 0.185608 0.404726
v -0.150000 0.185608 0.404726
v 0.150000 0.185744 0.403896
v -0.150000 0.185744 0.403896
v 0.150000 0.185891 0.403075
v -0.150000 0.185891 0.403075
v 0.150000 0.186048 0.402261
v -0.150000 0.186048 0.402261
v 0.150000 0.186217 0.401455
v -0.150000 0.186217 0.401455
v 0.150000 0.186396 0.400656
v -0.150000 0.186396 0.400656
v 0.150000 0.186586 0.399866
v -0.150000 0.186586 0.399866
v 0.150000 0.186787 0.399083
v -0.150000 0.186787 0.399083
v 0.150000 0.186999 0.398308
v -0.150000 0.186999 0.398308
v 0.150000 0.187221 0.397541
v -0.150000 0.187221 0.397541
v 0.150000 0.187455 0.396782
v -0.150000 0.187455 0.396782
v 0.150000 0.187699 0.396030
v -0.150000 0.187699 0.396030
v 0.150000 0.187955 0.395287
v -0.150000 0.187955 0.395287
v 0.150000 0.188221 0.394551
v -0.150000 0.188221 0.394551
v 0.150000 0.188498 0.393823
v -0.150000 0.188498 0.393823
v 0.150000 0.188786 0.393102
v -0.150000 0.188786 0.393102
v 0.150000 0.189085 0.392390
v -0.150000 0.189085 0.392390
v 0.150000 0.189394 0.391685
v -0.150000 0.189394 0.391685
v 0.150000 0.189715 0.390988
v -0.150000 0.189715 0.390988
v 0.150000 0.190046 0.390299
v -0.150000 0.190046 0.390299
v 0.150000 0.190388 0.389618
v -0.150000 0.190388 0.389618
v 0.150000 0.190741 0.388944
v -0.150000 0.190741 0.388944
v 0.150000 0.191105 0.388279
v -0.150000 0.191105 0.388279
v 0.150000 0.191480 0.387621
v -0.150000 0.191480 0.387621
v 0.150000 0.191865 0.386971
v -0.150000 0.191865 0.386971
v 0.150000 0.192262 0.386328
v -0.150000 0.192262 0.386328
v 0.150000 0.192669 0.385694
v -0.150000 0.192669 0.385694
v 0.150000 0.193088 0.385067
v -0.150000 0.193088 0.385067
v 0.150000 0.193517 0.384448
v -0.150000 0.193517 0.384448
v 0.150000 0.193957 0.383837
v -0.150000 0.193957 0.383837
v 0.150000 0.194407 0.383234
v -0.150000 0.194407 0.383234
v 0.150000 0.194869 0.382638
v -0.150000 0.194869 0.382638
v 0.150000 0.195342 0.382050
v -0.150000 0.195342 0.382050
v 0.150000 0.195825 0.381471
v -0.150000 0.195825 0.381471
v 0.150000 0.196319 0.380898
v -0.150000 0.196319 0.380898
v 0.150000 0.196824 0.380334
v -0.150000 0.196824 0.380334
v 0.150000 0.197340 0.379778
v -0.150000 0.197340 0.379778
v 0.150000 0.197867 0.379229
v -0.150000 0.197867 0.379229
v 0.150000 0.198405 0.378688
v -0.150000 0.198405 0.378688
v 0.150000 0.198954 0.378155
v -0.150000 0.198954 0.378155
v 0.150000 0.199513 0.377629
v -0.150000 0.199513 0.377629
v 0.150000 0.200083 0.377112
v -0.150000 0.200083 0.377112
v 0.150000 0.200665 0.376602
v -0.150000 0.200665 0.376602
v 0.150000 0.201257 0.376100
v -0.150000 0.201257 0.376100
v 0.150000 0.201860 0.375606
v -0.150000 0.201860 0.375606
v 0.150000 0.202473 0.375120
v -0.150000 0.202473 0.375120
v 0.150000 0.203098 0.374641
v -0.150000 0.203098 0.374641
v 0.150000 0.203733 0.374171
v -0.150000 0.203733 0.374171
v 0.150000 0.204380 0.373708
v -0.150000 0.204380 0.373708
v 0.150000 0.205037 0.373252
v -0.150000 0.205037 0.373252
v 0.150000 0.205705 0.372805
v -0.150000 0.205705 0.372805
v 0.150000 0.206384 0.372366
v -0.150000 0.206384 0.372366
v 0.150000 0.207074 0.371934
v -0.150000 0.207074 0.371934
v 0.150000 0.207961 0.371361
v -0.150000 0.207961 0.371361
v 0.150000 0.208841 0.370785
v -0.150000 0.208841 0.370785
v 0.150000 0.209712 0.370204
v -0.150000 0.209712 0.370204
v 0.150000 0.210577 0.369619
v -0.150000 0.210577 0.369619
v 0.150000 0.211433 0.369029
v -0.150000 0.211433 0.369029
v 0.150000 0.212281 0.368436
v -0.150000 0.212281 0.368436
v 0.150000 0.213122 0.367838
v -0.150000 0.213122 0.367838
v 0.150000 0.213955 0.367237
v -0.150000 0.213955 0.367237
v 0.150000 0.214780 0.366631
v -0.150000 0.214780 0.366631
v 0.150000 0.215597 0.366020
v -0.150000 0.215597 0.366020
v 0.150000 0.216406 0.365406
v -0.150000 0.216406 0.365406
v 0.150000 0.217208 0.364788
v -0.150000 0.217208 0.364788
v 0.150000 0.218002 0.364165
v -0.150000 0.218002 0.364165
v 0.150000 0.218788 0.363538
v -0.150000 0.218788 0.363538
v 0.150000 0.219566 0.362907
v -0.150000 0.219566 0.362907
v 0.150000 0.220337 0.362272
v -0.150000 0.220337 0.362272
v 0.150000 0.221099 0.361632
v -0.150000 0.221099 0.361632
v 0.150000 0.221854 0.360989
v -0.150000 0.221854 0.360989
v 0.150000 0.222601 0.360341
v -0.150000 0.222601 0.360341
v 0.150000 0.223340 0.359689
v -0.150000 0.223340 0.359689
v 0.150000 0.224072 0.359033
v -0.150000 0.224072 0.359033
v 0.150000 0.224795 0.358373
v -0.150000 0.224795 0.358373
v 0.150000 0.225511 0.357708
v -0.150000 0.225511 0.357708
v 0.150000 0.226219 0.357040
v -0.150000 0.226219 0.357040
v 0.150000 0.226920 0.356367
v -0.150000 0.226920 0.356367
v 0.150000 0.227612 0.355690
v -0.150000 0.227612 0.355690
v 0.150000 0.228297 0.355009
v -0.150000 0.228297 0.355009
v 0.150000 0.228974 0.354323
v -0.150000 0.228974 0.354323
v 0.150000 0.229643 0.353634
v -0.150000 0.229643 0.353634
v 0.150000 0.230304 0.352940
v -0.150000 0.230304 0.352940
v 0.150000 0.230957 0.352242
v -0.150000 0.230957 0.352242
v 0.150000 0.231603 0.351540
v -0.150000 0.231603 0.351540
v 0.150000 0.232241 0.350834
v -0.150000 0.232241 0.350834
v 0.150000 0.232871 0.350124
v -0.150000 0.232871 0.350124
v 0.150000 0.233493 0.349409
v -0.150000 0.233493 0.349409
v 0.150000 0.234108 0.348690
v -0.150000 0.234108 0.348690
v 0.150000 0.234714 0.347967
v -0.150000 0.234714 0.347967
v 0.150000 0.235313 0.347240
v -0.150000 0.235313 0.347240
v 0.150000 0.235904 0.346509
v -0.150000 0.235904 0.346509
v 0.150000 0.236487 0.345773
v -0.150000 0.236487 0.345773
v 0.150000 0.237063 0.345034
v -0.150000 0.237063 0.345034
v 0.150000 0.237631 0.344290
v -0.150000 0.237631 0.344290
v 0.150000 0.238190 0.343542
v -0.150000 0.238190 0.343542
v 0.150000 0.238743 0.342790
v -0.150000 0.238743 0.342790
v 0.150000 0.239287 0.342033
v -0.150000 0.239287 0.342033
v 0.150000 0.239823 0.341273
v -0.150000 0.239823 0.341273
v 0.150000 0.240352 0.340508
v -0.150000 0.240352 0.340508
v 0.150000 0.240873 0.339739
v -0.150000 0.240873 0.339739
v 0.150000 0.241386 0.338966
v -0.150000 0.241386 0.338966
v 0.150000 0.241891 0.338189
v -0.150000 0.241891 0.338189
v 0.150000 0.242389 0.337407
v -0.150000 0.242389 0.337407
v 0.150000 0.242878 0.336622
v -0.150000 0.242878 0.336622
v 0.150000 0.243360 0.335832
v -0.150000 0.243360 0.335832
v 0.150000 0.243834 0.335038
v -0.150000 0.243834 0.335038
v 0.150000 0.244300 0.334240
v -0.150000 0.244300 0.334240
v 0.150000 0.244759 0.333437
v -0.150000 0.244759 0.333437
v 0.150000 0.245210 0.332631
v -0.150000 0.245210 0.332631
v 0.150000 0.245653 0.331820
v -0.150000 0.245653 0.331820
v 0.150000 0.246088 0.331005
v -0.150000 0.246088 0.331005
v 0.150000 0.246515 0.330186
v -0.150000 0.246515 0.330186
v 0.150000 0.246934 0.329363
v -0.150000 0.246934 0.329363
v 0.150000 0.247346 0.328536
v -0.150000 0.247346 0.328536
v 0.150000 0.247750 0.327704
v -0.150000 0.247750 0.327704
v 0.150000 0.248146 0.326868
v -0.150000 0.248146 0.326868
v 0.150000 0.248554 0.325989
v -0.150000 0.248554 0.325989
v 0.150000 0.248957 0.325100
v -0.150000 0.248957 0.325100
v 0.150000 0.249356 0.324200
v -0.150000 0.249356 0.324200
v 0.150000 0.249750 0.323290
v -0.150000 0.249750 0.323290
v 0.150000 0.250140 0.322368
v -0.150000 0.250140 0.322368
v 0.150000 0.250526 0.321437
v -0.150000 0.250526 0.321437
v 0.150000 0.250907 0.320494
v -0.150000 0.250907 0.320494
v 0.150000 0.251284 0.319542
v -0.150000 0.251284 0.319542
v 0.150000 0.251656 0.318578
v -0.150000 0.251656 0.318578
v 0.150000 0.252023 0.317604
v -0.150000 0.252023 0.317604
v 0.150000 0.252387 0.316619
v -0.150000 0.252387 0.316619
v 0.150000 0.252745 0.315624
v -0.150000 0.252745 0.315624
v 0.150000 0.253100 0.314618
v -0.150000 0.253100 0.314618
v 0.150000 0.253449 0.313602
v -0.150000 0.253449 0.313602
v 0.150000 0.253795 0.312575
v -0.150000 0.253795 0.312575
v 0.150000 0.254136 0.311537
v -0.150000 0.254136 0.311537
v 0.150000 0.254472 0.310489
v -0.150000 0.254472 0.310489
v 0.150000 0.254804 0.309430
v -0.150000 0.254804 0.309430
v 0.150000 0.255132 0.308361
v -0.150000 0.255132 0.308361
v 0.150000 0.255455 0.307281
v -0.150000 0.255455 0.307281
v 0.150000 0.255774 0.306191
v -0.150000 0.255774 0.306191
v 0.150000 0.256088 0.305090
v -0.150000 0.256088 0.305090
v 0.150000 0.256398 0.303978
v -0.150000 0.256398 0.303978
v 0.150000 0.256703 0.302856
v -0.150000 0.256703 0.302856
v 0.150000 0.257004 0.301723
v -0.150000 0.257004 0.301723
v 0.150000 0.257300 0.300580
v -0.150000 0.257300 0.300580
v 0.150000 0.257592 0.299426
v -0.150000 0.257592 0.299426
v 0.150000 0.257879 0.298261
v -0.150000 0.257879 0.298261
v 0.150000 0.258162 0.297086
v -0.150000 0.258162 0.297086
v 0.150000 0.258441 0.295900
v -0.150000 0.258441 0.295900
v 0.150000 0.258715 0.294704
v -0.150000 0.258715 0.294704
v 0.150000 0.258985 0.293497
v -0.150000 0.258985 0.293497
v 0.150000 0.259250 0.292279
v -0.150000 0.259250 0.292279
v 0.150000 0.259511 0.291051
v -0.150000 0.259511 0.291051
v 0.150000 0.259767 0.289813
v -0.150000 0.259767 0.289813
v 0.150000 0.260019 0.288563
v -0.150000 0.260019 0.288563
v 0.150000 0.260266 0.287304
v -0.150000 0.260266 0.287304
v 0.150000 0.260509 0.286033
v -0.150000 0.260509 0.286033
v 0.150000 0.260747 0.284752
v -0.150000 0.260747 0.284752
v 0.150000 0.260981 0.283461
v -0.150000 0.260981 0.283461
v 0.150000 0.261211 0.282158
v -0.150000 0.261211 0.282158
v 0.150000 0.261436 0.280846
v -0.150000 0.261436 0.280846
v 0.150000 0.261656 0.279522
v -0.150000 0.261656 0.279522
v 0.150000 0.261873 0.278188
v -0.150000 0.261873 0.278188
v 0.150000 0.262084 0.276844
v -0.150000 0.262084 0.276844
v 0.150000 0.262291 0.275489
v -0.150000 0.262291 0.275489
v 0.150000 0.262494 0.274123
v -0.150000 0.262494 0.274123
v 0.150000 0.262693 0.272747
v -0.150000 0.262693 0.272747
v 0.150000 0.262886 0.271360
v -0.150000 0.262886 0.271360
v 0.150000 0.263076 0.269962
v -0.150000 0.263076 0.269962
v 0.150000 0.263261 0.268554
v -0.150000 0.263261 0.268554
v 0.150000 0.263441 0.267136
v -0.150000 0.263441 0.267136
v 0.150000 0.263617 0.265707
v -0.150000 0.263617 0.265707
v 0.150000 0.263789 0.264267
v -0.150000 0.263789 0.264267
v 0.150000 0.263956 0.262816
v -0.150000 0.263956 0.262816
v 0.150000 0.264119 0.261356
v -0.150000 0.264119 0.261356
v 0.150000 0.264277 0.259884
v -0.150000 0.264277 0.259884
v 0.150000 0.264431 0.258402
v -0.150000 0.264431 0.258402
v 0.150000 0.264580 0.256909
v -0.150000 0.264580 0.256909
v 0.150000 0.264725 0.255406
v -0.150000 0.264725 0.255406
v 0.150000 0.264865 0.253892
v -0.150000 0.264865 0.253892
v 0.150000 0.265001 0.252368
v -0.150000 0.265001 0.252368
v 0.150000 0.265133 0.250833
v -0.150000 0.265133 0.250833
v 0.150000 0.265260 0.249287
v -0.150000 0.265260 0.249287
v 0.150000 0.265315 0.248739
v -0.150000 0.265315 0.248739
v 0.150000 0.265375 0.248199
v -0.150000 0.265375 0.248199
v 0.150000 0.265439 0.247668
v -0.150000 0.265439 0.247668
v 0.150000 0.265507 0.247146
v -0.150000 0.265507 0.247146
v 0.150000 0.265579 0.246632
v -0.150000 0.265579 0.246632
v 0.150000 0.265656 0.246127
v -0.150000 0.265656 0.246127
v 0.150000 0.265736 0.245630
v -0.150000 0.265736 0.245630
v 0.150000 0.265821 0.245142
v -0.150000 0.265821 0.245142
v 0.150000 0.265910 0.244663
v -0.150000 0.265910 0.244663
v 0.150000 0.266003 0.244192
v -0.150000 0.266003 0.244192
v 0.150000 0.266101 0.243730
v -0.150000 0.266101 0.243730
v 0.150000 0.266202 0.243277
v -0.150000 0.266202 0.243277
v 0.150000 0.266308 0.242832
v -0.150000 0.266308 0.242832
v 0.150000 0.266418 0.242396
v -0.150000 0.266418 0.242396
v 0.150000 0.266532 0.241969
v -0.150000 0.266532 0.241969
v 0.150000 0.266650 0.241550
v -0.150000 0.266650 0.241550
v 0.150000 0.266772 0.241140
v -0.150000 0.266772 0.241140
v 0.150000 0.266899 0.240739
v -0.150000 0.266899 0.240739
v 0.150000 0.267030 0.240346
v -0.150000 0.267030 0.240346
v 0.150000 0.267165 0.239961
v -0.150000 0.267165 0.239961
v 0.150000 0.267304 0.239586
v -0.150000 0.267304 0.239586
v 0.150000 0.267447 0.239219
v -0.150000 0.267447 0.239219
v 0.150000 0.267595 0.238860
v -0.150000 0.267595 0.238860
v 0.150000 0.267746 0.238511
v -0.150000 0.267746 0.238511
v 0.150000 0.267902 0.238170
v -0.150000 0.267902 0.238170
v 0.150000 0.268062 0.237837
v -0.150000 0.268062 0.237837
v 0.150000 0.268226 0.237513
v -0.150000 0.268226 0.237513
v 0.150000 0.268395 0.237198
v -0.150000 0.268395 0.237198
v 0.150000 0.268567 0.236892
v -0.150000 0.268567 0.236892
v 0.150000 0.268744 0.236594
v -0.150000 0.268744 0.236594
v 0.150000 0.268925 0.236305
v -0.150000 0.268925 0.236305
v 0.150000 0.269110 0.236024
v -0.150000 0.269110 0.236024
v 0.150000 0.269299 0.235752
v -0.150000 0.269299 0.235752
v 0.150000 0.269493 0.235489
v -0.150000 0.269493 0.235489
v 0.150000 0.269690 0.235234
v -0.150000 0.269690 0.235234
v 0.150000 0.269892 0.234988
v -0.150000 0.269892 0.234988
v 0.150000 0.270098 0.234750
v -0.150000 0.270098 0.234750
v 0.150000 0.270308 0.234522
v -0.150000 0.270308 0.234522
v 0.150000 0.270523 0.234301
v -0.150000 0.270523 0.234301
v 0.150000 0.270741 0.234090
v -0.150000 0.270741 0.234090
v 0.150000 0.270964 0.233887
v -0.150000 0.270964 0.233887
v 0.150000 0.271191 0.233693
v -0.150000 0.271191 0.233693
v 0.150000 0.271422 0.233507
v -0.150000 0.271422 0.233507
v 0.150000 0.271657 0.233330
v -0.150000 0.271657 0.233330
v 0.150000 0.271897 0.233162
v -0.150000 0.271897 0.233162
v 0.150000 0.272140 0.233002
v -0.150000 0.272140 0.233002
v 0.150000 0.272388 0.232851
v -0.150000 0.272388 0.232851
v 0.150000 0.272640 0.232708
v -0.150000 0.272640 0.232708
v 0.150000 0.272896 0.232574
v -0.150000 0.272896 0.232574
v 0.150000 0.273156 0.232449
v -0.150000 0.273156 0.232449
v 0.150000 0.273421 0.232333
v -0.150000 0.273421 0.232333
v 0.150000 0.273689 0.232225
v -0.150000 0.273689 0.232225
v 0.150000 0.273962 0.232125
v -0.150000 0.273962 0.232125
v 0.150000 0.274239 0.232035
v -0.150000 0.274239 0.232035
v 0.150000 0.274520 0.231953
v -0.150000 0.274520 0.231953
v 0.150000 0.274806 0.231879
v -0.150000 0.274806 0.231879
v 0.150000 0.275095 0.231815
v -0.150000 0.275095 0.231815
v 0.150000 0.275389 0.231758
v -0.150000 0.275389 0.231758
v 0.150000 0.275687 0.231711
v -0.150000 0.275687 0.231711
v 0.150000 0.275989 0.231672
v -0.150000 0.275989 0.231672
v 0.150000 0.276295 0.231642
v -0.150000 0.276295 0.231642
v 0.150000 0.276606 0.231620
v -0.150000 0.276606 0.231620
v 0.150000 0.276920 0.231607
v -0.150000 0.276920 0.231607
v 0.150000 0.277239 0.231603
v -0.150000 0.277239 0.231603
v 0.150000 0.277435 0.231608
v -0.150000 0.277435 0.231608
v 0.150000 0.277631 0.231625
v -0.150000 0.277631 0.231625
v 0.150000 0.277827 0.231652
v -0.150000 0.277827 0.231652
v 0.150000 0.278023 0.231690
v -0.150000 0.278023 0.231690
v 0.150000 0.278220 0.231739
v -0.150000 0.278220 0.231739
v 0.150000 0.278416 0.231799
v -0.150000 0.278416 0.231799
v 0.150000 0.278612 0.231869
v -0.150000 0.278612 0.231869
v 0.150000 0.278808 0.231951
v -0.150000 0.278808 0.231951
v 0.150000 0.279004 0.232043
v -0.150000 0.279004 0.232043
v 0.150000 0.279200 0.232146
v -0.150000 0.279200 0.232146
v 0.150000 0.279396 0.232260
v -0.150000 0.279396 0.232260
v 0.150000 0.279592 0.232385
v -0.150000 0.279592 0.232385
v 0.150000 0.279788 0.232521
v -0.150000 0.279788 0.232521
v 0.150000 0.279984 0.232668
v -0.150000 0.279984 0.232668
v 0.150000 0.280181 0.232825
v -0.150000 0.280181 0.232825
v 0.150000 0.280377 0.232994
v -0.150000 0.280377 0.232994
v 0.150000 0.280573 0.233173
v -0.150000 0.280573 0.233173
v 0.150000 0.280769 0.233363
v -0.150000 0.280769 0.233363
v 0.150000 0.280965 0.233564
v -0.150000 0.280965 0.233564
v 0.150000 0.281161 0.233776
v -0.150000 0.281161 0.233776
v 0.150000 0.281357 0.233998
v -0.150000 0.281357 0.233998
v 0.150000 0.281553 0.234232
v -0.150000 0.281553 0.234232
v 0.150000 0.281749 0.234476
v -0.150000 0.281749 0.234476
v 0.150000 0.281945 0.234732
v -0.150000 0.281945 0.234732
v 0.150000 0.282142 0.234998
v -0.150000 0.282142 0.234998
v 0.150000 0.282338 0.235275
v -0.150000 0.282338 0.235275
v 0.150000 0.282534 0.235563
v -0.150000 0.282534 0.235563
v 0.150000 0.282730 0.235861
v -0.150000 0.282730 0.235861
v 0.150000 0.282926 0.236171
v -0.150000 0.282926 0.236171
v 0.150000 0.283122 0.236492
v -0.150000 0.283122 0.236492
v 0.150000 0.283318 0.236823
v -0.150000 0.283318 0.236823
v 0.150000 0.283514 0.237165
v -0.150000 0.283514 0.237165
v 0.150000 0.283710 0.237518
v -0.150000 0.283710 0.237518
v 0.150000 0.283906 0.237882
v -0.150000 0.283906 0.237882
v 0.150000 0.284102 0.238257
v -0.150000 0.284102 0.238257
v 0.150000 0.284299 0.238642
v -0.150000 0.284299 0.238642
v 0.150000 0.284495 0.239039
v -0.150000 0.284495 0.239039
v 0.150000 0.284691 0.239446
v -0.150000 0.284691 0.239446
v 0.150000 0.284887 0.239865
v -0.150000 0.284887 0.239865
v 0.150000 0.285083 0.240294
v -0.150000 0.285083 0.240294
v 0.150000 0.285279 0.240734
v -0.150000 0.285279 0.240734
v 0.150000 0.285475 0.241184
v -0.150000 0.285475 0.241184
v 0.150000 0.285671 0.241646
v -0.150000 0.285671 0.241646
v 0.150000 0.285867 0.242119
v -0.150000 0.285867 0.242119
v 0.150000 0.286063 0.242602
v -0.150000 0.286063 0.242602
v 0.150000 0.286260 0.243096
v -0.150000 0.286260 0.243096
v 0.150000 0.286456 0.243601
v -0.150000 0.286456 0.243601
v 0.150000 0.286652 0.244117
v -0.150000 0.286652 0.244117
v 0.150000 0.286848 0.244644
v -0.150000 0.286848 0.244644
v 0.150000 0.287044 0.245182
v -0.150000 0.287044 0.245182
v 0.150000 0.287240 0.245731
v -0.150000 0.287240 0.245731
v 0.150000 0.287436 0.246290
v -0.150000 0.287436 0.246290
v 0.150000 0.287632 0.246860
v -0.150000 0.287632 0.246860
v 0.150000 0.287828 0.247442
v -0.150000 0.287828 0.247442
v 0.150000 0.288024 0.248034
v -0.150000 0.288024 0.248034
v 0.150000 0.288221 0.248636
v -0.150000 0.288221 0.248636
v 0.150000 0.288417 0.249250
v -0.150000 0.288417 0.249250
v 0.150000 0.288613 0.249875
v -0.150000 0.288613 0.249875
v 0.150000 0.288809 0.250510
v -0.150000 0.288809 0.250510
v 0.150000 0.289005 0.251157
v -0.150000 0.289005 0.251157
v 0.150000 0.289201 0.251814
v -0.150000 0.289201 0.251814
v 0.150000 0.289397 0.252482
v -0.150000 0.289397 0.252482
v 0.150000 0.289593 0.253161
v -0.150000 0.289593 0.253161
v 0.150000 0.289789 0.253851
v -0.150000 0.289789 0.253851
v 0.150000 0.290305 0.255555
v -0.150000 0.290305 0.255555
v 0.150000 0.290818 0.257246
v -0.150000 0.290818 0.257246
v 0.150000 0.291329 0.258923
v -0.150000 0.291329 0.258923
v 0.150000 0.291837 0.260587
v -0.150000 0.291837 0.260587
v 0.150000 0.292342 0.262237
v -0.150000 0.292342 0.262237
v 0.150000 0.292846 0.263873
v -0.150000 0.292846 0.263873
v 0.150000 0.293346 0.265496
v -0.150000 0.293346 0.265496
v 0.150000 0.293844 0.267105
v -0.150000 0.293844 0.267105
v 0.150000 0.294340 0.268700
v -0.150000 0.294340 0.268700
v 0.150000 0.294833 0.270282
v -0.150000 0.294833 0.270282
v 0.150000 0.295324 0.271850
v -0.150000 0.295324 0.271850
v 0.150000 0.295812 0.273404
v -0.150000 0.295812 0.273404
v 0.150000 0.296298 0.274945
v -0.150000 0.296298 0.274945
v 0.150000 0.296781 0.276472
v -0.150000 0.296781 0.276472
v 0.150000 0.297261 0.277986
v -0.150000 0.297261 0.277986
v 0.150000 0.297740 0.279485
v -0.150000 0.297740 0.279485
v 0.150000 0.298215 0.280971
v -0.150000 0.298215 0.280971
v 0.150000 0.298688 0.282444
v -0.150000 0.298688 0.282444
v 0.150000 0.299159 0.283903
v -0.150000 0.299159 0.283903
v 0.150000 0.299627 0.285348
v -0.150000 0.299627 0.285348
v 0.150000 0.300093 0.286780
v -0.150000 0.300093 0.286780
v 0.150000 0.300556 0.288197
v -0.150000 0.300556 0.288197
v 0.150000 0.301016 0.289602
v -0.150000 0.301016 0.289602
v 0.150000 0.301474 0.290992
v -0.150000 0.301474 0.290992
v 0.150000 0.301930 0.292369
v -0.150000 0.301930 0.292369
v 0.150000 0.302383 0.293733
v -0.150000 0.302383 0.293733
v 0.150000 0.302833 0.295082
v -0.150000 0.302833 0.295082
v 0.150000 0.303281 0.296418
v -0.150000 0.303281 0.296418
v 0.150000 0.303727 0.297741
v -0.150000 0.303727 0.297741
v 0.150000 0.304170 0.299049
v -0.150000 0.304170 0.299049
v 0.150000 0.304610 0.300344
v -0.150000 0.304610 0.300344
v 0.150000 0.305048 0.301626
v -0.150000 0.305048 0.301626
v 0.150000 0.305484 0.302894
v -0.150000 0.305484 0.302894
v 0.150000 0.305917 0.304148
v -0.150000 0.305917 0.304148
v 0.150000 0.306347 0.305388
v -0.150000 0.306347 0.305388
v 0.150000 0.306775 0.306615
v -0.150000 0.306775 0.306615
v 0.150000 0.307201 0.307828
v -0.150000 0.307201 0.307828
v 0.150000 0.307624 0.309028
v -0.150000 0.307624 0.309028
v 0.150000 0.308044 0.310214
v -0.150000 0.308044 0.310214
v 0.150000 0.308462 0.311386
v -0.150000 0.308462 0.311386
v 0.150000 0.308878 0.312545
v -0.150000 0.308878 0.312545
v 0.150000 0.309291 0.313689
v -0.150000 0.309291 0.313689
v 0.150000 0.309701 0.314821
v -0.150000 0.309701 0.314821
v 0.150000 0.310109 0.315938
v -0.150000 0.310109 0.315938
v 0.150000 0.310514 0.317042
v -0.150000 0.310514 0.317042
v 0.150000 0.310917 0.318133
v -0.150000 0.310917 0.318133
v 0.150000 0.311318 0.319209
v -0.150000 0.311318 0.319209
v 0.150000 0.311716 0.320273
v -0.150000 0.311716 0.320273
v 0.150000 0.312111 0.321322
v -0.150000 0.312111 0.321322
v 0.150000 0.312504 0.322358
v -0.150000 0.312504 0.322358
v 0.150000 0.312894 0.323380
v -0.150000 0.312894 0.323380
v 0.150000 0.313282 0.324388
v -0.150000 0.313282 0.324388
v 0.150000 0.313668 0.325383
v -0.150000 0.313668 0.325383
v 0.150000 0.314050 0.326364
v -0.150000 0.314050 0.326364
v 0.150000 0.314431 0.327332
v -0.150000 0.314431 0.327332
v 0.150000 0.314809 0.328286
v -0.150000 0.314809 0.328286
v 0.150000 0.315184 0.329226
v -0.150000 0.315184 0.329226
v 0.150000 0.315557 0.330152
v -0.150000 0.315557 0.330152
v 0.150000 0.315927 0.331065
v -0.150000 0.315927 0.331065
v 0.150000 0.316295 0.331964
v -0.150000 0.316295 0.331964
v 0.150000 0.316660 0.332850
v -0.150000 0.316660 0.332850
v 0.150000 0.317023 0.333722
v -0.150000 0.317023 0.333722
v 0.150000 0.317383 0.334580
v -0.150000 0.317383 0.334580
v 0.150000 0.317741 0.335425
v -0.150000 0.317741 0.335425
v 0.150000 0.318011 0.336009
v -0.150000 0.318011 0.336009
v 0.150000 0.318286 0.336583
v -0.150000 0.318286 0.336583
v 0.150000 0.318567 0.337148
v -0.150000 0.318567 0.337148
v 0.150000 0.318853 0.337705
v -0.150000 0.318853 0.337705
v 0.150000 0.319144 0.338252
v -0.150000 0.319144 0.338252
v 0.150000 0.319441 0.338789
v -0.150000 0.319441 0.338789
v 0.150000 0.319743 0.339318
v -0.150000 0.319743 0.339318
v 0.150000 0.320050 0.339837
v -0.150000 0.320050 0.339837
v 0.150000 0.320362 0.340347
v -0.150000 0.320362 0.340347
v 0.150000 0.320680 0.340848
v -0.150000 0.320680 0.340848
v 0.150000 0.321003 0.341340
v -0.150000 0.321003 0.341340
v 0.150000 0.321331 0.341823
v -0.150000 0.321331 0.341823
v 0.150000 0.321664 0.342296
v -0.150000 0.321664 0.342296
v 0.150000 0.322003 0.342760
v -0.150000 0.322003 0.342760
v 0.150000 0.322347 0.343215
v -0.150000 0.322347 0.343215
v 0.150000 0.322697 0.343661
v -0.150000 0.322697 0.343661
v 0.150000 0.323052 0.344098
v -0.150000 0.323052 0.344098
v 0.150000 0.323412 0.344525
v -0.150000 0.323412 0.344525
v 0.150000 0.323777 0.344943
v -0.150000 0.323777 0.344943
v 0.150000 0.324147 0.345352
v -0.150000 0.324147 0.345352
v 0.150000 0.324523 0.345752
v -0.150000 0.324523 0.345752
v 0.150000 0.324905 0.346143
v -0.150000 0.324905 0.346143
v 0.150000 0.325291 0.346524
v -0.150000 0.325291 0.346524
v 0.150000 0.325683 0.346896
v -0.150000 0.325683 0.346896
v 0.150000 0.326080 0.347260
v -0.150000 0.326080 0.347260
v 0.150000 0.326482 0.347613
v -0.150000 0.326482 0.347613
v 0.150000 0.326890 0.347958
v -0.150000 0.326890 0.347958
v 0.150000 0.327303 0.348294
v -0.150000 0.327303 0.348294
v 0.150000 0.327721 0.348620
v -0.150000 0.327721 0.348620
v 0.150000 0.328145 0.348937
v -0.150000 0.328145 0.348937
v 0.150000 0.328573 0.349245
v -0.150000 0.328573 0.349245
v 0.150000 0.329007 0.349544
v -0.150000 0.329007 0.349544
v 0.150000 0.329447 0.349833
v -0.150000 0.329447 0.349833
v 0.150000 0.329892 0.350114
v -0.150000 0.329892 0.350114
v 0.150000 0.330342 0.350385
v -0.150000 0.330342 0.350385
v 0.150000 0.330797 0.350647
v -0.150000 0.330797 0.350647
v 0.150000 0.331257 0.350899
v -0.150000 0.331257 0.350899
v 0.150000 0.331723 0.351143
v -0.150000 0.331723 0.351143
v 0.150000 0.332194 0.351377
v -0.150000 0.332194 0.351377
v 0.150000 0.332671 0.351603
v -0.150000 0.332671 0.351603
v 0.150000 0.333153 0.351819
v -0.150000 0.333153 0.351819
v 0.150000 0.333640 0.352025
v -0.150000 0.333640 0.352025
v 0.150000 0.334132 0.352223
v -0.150000 0.334132 0.352223
v 0.150000 0.334630 0.352412
v -0.150000 0.334630 0.352412
v 0.150000 0.335132 0.352591
v -0.150000 0.335132 0.352591
v 0.150000 0.335641 0.352761
v -0.150000 0.335641 0.352761
v 0.150000 0.336154 0.352922
v -0.150000 0.336154 0.352922
v 0.150000 0.336673 0.353073
v -0.150000 0.336673 0.353073
v 0.150000 0.337197 0.353216
v -0.150000 0.337197 0.353216
v 0.150000 0.337726 0.353349
v -0.150000 0.337726 0.353349
v 0.150000 0.338261 0.353473
v -0.150000 0.338261 0.353473
v 0.150000 0.338801 0.353588
v -0.150000 0.338801 0.353588
v 0.150000 0.339346 0.353694
v -0.150000 0.339346 0.353694
v 0.150000 0.339897 0.353790
v -0.150000 0.339897 0.353790
v 0.150000 0.340453 0.353878
v -0.150000 0.340453 0.353878
v 0.150000 0.341014 0.353956
v -0.150000 0.341014 0.353956
v 0.150000 0.341580 0.354025
v -0.150000 0.341580 0.354025
v 0.150000 0.342152 0.354084
v -0.150000 0.342152 0.354084
v 0.150000 0.342729 0.354135
v -0.150000 0.342729 0.354135
v 0.150000 0.343311 0.354176
v -0.150000 0.343311 0.354176
v 0.150000 0.343899 0.354209
v -0.150000 0.343899 0.354209
v 0.150000 0.344492 0.354232
v -0.150000 0.344492 0.354232
v 0.150000 0.345090 0.354245
v -0.150000 0.345090 0.354245
v 0.150000 0.345693 0.354250
v -0.150000 0.345693 0.354250
v 0.150000 0.346535 0.354246
v -0.150000 0.346535 0.354246
v 0.150000 0.347386 0.354234
v -0.150000 0.347386 0.354234
v 0.150000 0.348244 0.354214
v -0.150000 0.348244 0.354214
v 0.150000 0.349111 0.354185
v -0.150000 0.349111 0.354185
v 0.150000 0.349987 0.354149
v -0.150000 0.349987 0.354149
v 0.150000 0.350871 0.354104
v -0.150000 0.350871 0.354104
v 0.150000 0.351763 0.354052
v -0.150000 0.351763 0.354052
v 0.150000 0.352663 0.353991
v -0.150000 0.352663 0.353991
v 0.150000 0.353572 0.353923
v -0.150000 0.353572 0.353923
v 0.150000 0.354489 0.353846
v -0.150000 0.354489 0.353846
v 0.150000 0.355415 0.353761
v -0.150000 0.355415 0.353761
v 0.150000 0.356349 0.353668
v -0.150000 0.356349 0.353668
v 0.150000 0.357291 0.353567
v -0.150000 0.357291 0.353567
v 0.150000 0.358242 0.353458
v -0.150000 0.358242 0.353458
v 0.150000 0.359201 0.353341
v -0.150000 0.359201 0.353341
v 0.150000 0.360168 0.353216
v -0.150000 0.360168 0.353216
v 0.150000 0.361144 0.353083
v -0.150000 0.361144 0.353083
v 0.150000 0.362128 0.352941
v -0.150000 0.362128 0.352941
v 0.150000 0.363121 0.352792
v -0.150000 0.363121 0.352792
v 0.150000 0.364121 0.352634
v -0.150000 0.364121 0.352634
v 0.150000 0.365131 0.352469
v -0.150000 0.365131 0.352469
v 0.150000 0.366148 0.352295
v -0.150000 0.366148 0.352295
v 0.150000 0.367174 0.352113
v -0.150000 0.367174 0.352113
v 0.150000 0.368208 0.351924
v -0.150000 0.368208 0.351924
v 0.150000 0.369251 0.351726
v -0.150000 0.369251 0.351726
v 0.150000 0.370302 0.351520
v -0.150000 0.370302 0.351520
v 0.150000 0.371361 0.351306
v -0.150000 0.371361 0.351306
v 0.150000 0.372429 0.351083
v -0.150000 0.372429 0.351083
v 0.150000 0.373505 0.350853
v -0.150000 0.373505 0.350853
v 0.150000 0.374589 0.350615
v -0.150000 0.374589 0.350615
v 0.150000 0.375682 0.350368
v -0.150000 0.375682 0.350368
v 0.150000 0.376783 0.350114
v -0.150000 0.376783 0.350114
v 0.150000 0.377892 0.349852
v -0.150000 0.377892 0.349852
v 0.150000 0.379010 0.349581
v -0.150000 0.379010 0.349581
v 0.150000 0.380136 0.349302
v -0.150000 0.380136 0.349302
v 0.150000 0.381271 0.349015
v -0.150000 0.381271 0.349015
v 0.150000 0.382413 0.348721
v -0.150000 0.382413 0.348721
v 0.150000 0.383565 0.348418
v -0.150000 0.383565 0.348418
v 0.150000 0.384724 0.348107
v -0.150000 0.384724 0.348107
v 0.150000 0.385892 0.347788
v -0.150000 0.385892 0.347788
v 0.150000 0.387068 0.347461
v -0.150000 0.387068 0.347461
v 0.150000 0.388253 0.347125
v -0.150000 0.388253 0.347125
v 0.150000 0.389446 0.346782
v -0.150000 0.389446 0.346782
v 0.150000 0.390647 0.346431
v -0.150000 0.390647 0.346431
v 0.150000 0.391857 0.346071
v -0.150000 0.391857 0.346071
v 0.150000 0.393075 0.345704
v -0.150000 0.393075 0.345704
v 0.150000 0.394301 0.345328
v -0.150000 0.394301 0.345328
v 0.150000 0.395536 0.344944
v -0.150000 0.395536 0.344944
v 0.150000 0.396779 0.344553
v -0.150000 0.396779 0.344553
v 0.150000 0.398031 0.344153
v -0.150000 0.398031 0.344153
v 0.150000 0.399291 0.343745
v -0.150000 0.399291 0.343745
v 0.150000 0.400559 0.343329
v -0.150000 0.400559 0.343329
v 0.150000 0.401835 0.342905
v -0.150000 0.401835 0.342905
v 0.150000 0.403120 0.342473
v -0.150000 0.403120 0.342473
v 0.150000 0.404414 0.342032
v -0.150000 0.404414 0.342032
v 0.150000 0.405715 0.341584
v -0.150000 0.405715 0.341584
v 0.150000 0.407025 0.341128
v -0.150000 0.407025 0.341128
v 0.150000 0.408344 0.340663
v -0.150000 0.408344 0.340663
v 0.150000 0.409670 0.340191
v -0.150000 0.409670 0.340191
v 0.150000 0.411005 0.339710
v -0.150000 0.411005 0.339710
v 0.150000 0.412349 0.339221
v -0.150000 0.412349 0.339221
v 0.150000 0.413700 0.338725
v -0.150000 0.413700 0.338725
v 0.150000 0.415061 0.338220
v -0.150000 0.415061 0.338220
v 0.150000 0.416429 0.337707
v -0.150000 0.416429 0.337707
v 0.150000 0.417729 0.337223
v -0.150000 0.417729 0.337223
v 0.150000 0.419026 0.336736
v -0.150000 0.419026 0.336736
v 0.150000 0.420320 0.336244
v -0.150000 0.420320 0.336244
v 0.150000 0.421612 0.335748
v -0.150000 0.421612 0.335748
v 0.150000 0.422901 0.335248
v -0.150000 0.422901 0.335248
v 0.150000 0.424187 0.334744
v -0.150000 0.424187 0.334744
v 0.150000 0.425470 0.334235
v -0.150000 0.425470 0.334235
v 0.150000 0.426751 0.333723
v -0.150000 0.426751 0.333723
v 0.150000 0.428028 0.333206
v -0.150000 0.428028 0.333206
v 0.150000 0.429303 0.332685
v -0.150000 0.429303 0.332685
v 0.150000 0.430575 0.332160
v -0.150000 0.430575 0.332160
v 0.150000 0.431845 0.331630
v -0.150000 0.431845 0.331630
v 0.150000 0.433111 0.331097
v -0.150000 0.433111 0.331097
v 0.150000 0.434375 0.330559
v -0.150000 0.434375 0.330559
v 0.150000 0.435636 0.330017
v -0.150000 0.435636 0.330017
v 0.150000 0.436894 0.329471
v -0.150000 0.436894 0.329471
v 0.150000 0.438149 0.328921
v -0.150000 0.438149 0.328921
v 0.150000 0.439402 0.328366
v -0.150000 0.439402 0.328366
v 0.150000 0.440652 0.327808
v -0.150000 0.440652 0.327808
v 0.150000 0.441899 0.327245
v -0.150000 0.441899 0.327245
v 0.150000 0.443143 0.326678
v -0.150000 0.443143 0.326678
v 0.150000 0.444384 0.326107
v -0.150000 0.444384 0.326107
v 0.150000 0.445623 0.325531
v -0.150000 0.445623 0.325531
v 0.150000 0.446859 0.324952
v -0.150000 0.446859 0.324952
v 0.150000 0.448092 0.324368
v -0.150000 0.448092 0.324368
v 0.150000 0.449322 0.323780
v -0.150000 0.449322 0.323780
v 0.150000 0.450550 0.323188
v -0.150000 0.450550 0.323188
v 0.150000 0.451775 0.322592
v -0.150000 0.451775 0.322592
v 0.150000 0.452997 0.321992
v -0.150000 0.452997 0.321992
v 0.150000 0.454216 0.321387
v -0.150000 0.454216 0.321387
v 0.150000 0.455432 0.320778
v -0.150000 0.455432 0.320778
v 0.150000 0.456646 0.320165
v -0.150000 0.456646 0.320165
v 0.150000 0.457857 0.319548
v -0.150000 0.457857 0.319548
v 0.150000 0.459065 0.318927
v -0.150000 0.459065 0.318927
v 0.150000 0.460270 0.318302
v -0.150000 0.460270 0.318302
v 0.150000 0.461472 0.317672
v -0.150000 0.461472 0.317672
v 0.150000 0.462672 0.317038
v -0.150000 0.462672 0.317038
v 0.150000 0.463869 0.316400
v -0.150000 0.463869 0.316400
v 0.150000 0.465063 0.315758
v -0.150000 0.465063 0.315758
v 0.150000 0.466254 0.315112
v -0.150000 0.466254 0.315112
v 0.150000 0.467443 0.314461
v -0.150000 0.467443 0.314461
v 0.150000 0.468629 0.313806
v -0.150000 0.468629 0.313806
v 0.150000 0.469812 0.313148
v -0.150000 0.469812 0.313148
v 0.150000 0.470992 0.312484
v -0.150000 0.470992 0.312484
v 0.150000 0.472169 0.311817
v -0.150000 0.472169 0.311817
v 0.150000 0.473344 0.311146
v -0.150000 0.473344 0.311146
v 0.150000 0.474516 0.310470
v -0.150000 0.474516 0.310470
v 0.150000 0.475685 0.309790
v -0.150000 0.475685 0.309790
v 0.150000 0.476851 0.309106
v -0.150000 0.476851 0.309106
v 0.150000 0.478014 0.308418
v -0.150000 0.478014 0.308418
v 0.150000 0.479175 0.307726
v -0.150000 0.479175 0.307726
v 0.150000 0.480333 0.307030
v -0.150000 0.480333 0.307030
v 0.150000 0.481488 0.306329
v -0.150000 0.481488 0.306329
v 0.150000 0.482640 0.305624
v -0.150000 0.482640 0.305624
v 0.150000 0.483790 0.304915
v -0.150000 0.483790 0.304915
v 0.150000 0.484937 0.304202
v -0.150000 0.484937 0.304202
v 0.150000 0.486080 0.303484
v -0.150000 0.486080 0.303484
v 0.150000 0.487222 0.302763
v -0.150000 0.487222 0.302763
v 0.150000 0.488360 0.302037
v -0.150000 0.488360 0.302037
v 0.150000 0.489496 0.301307
v -0.150000 0.489496 0.301307
v 0.150000 0.490629 0.300573
v -0.150000 0.490629 0.300573
v 0.150000 0.491759 0.299835
v -0.150000 0.491759 0.299835
v 0.150000 0.492886 0.299092
v -0.150000 0.492886 0.299092
v 0.150000 0.494010 0.298346
v -0.150000 0.494010 0.298346
v 0.150000 0.496286 0.296824
v -0.150000 0.496286 0.296824
v 0.150000 0.498548 0.295291
v -0.150000 0.498548 0.295291
v 0.150000 0.500797 0.293746
v -0.150000 0.500797 0.293746
v 0.150000 0.503033 0.292189
v -0.150000 0.503033 0.292189
v 0.150000 0.505256 0.290620
v -0.150000 0.505256 0.290620
v 0.150000 0.507465 0.289039
v -0.150000 0.507465 0.289039
v 0.150000 0.509662 0.287445
v -0.150000 0.509662 0.287445
v 0.150000 0.511846 0.285840
v -0.150000 0.511846 0.285840
v 0.150000 0.514016 0.284223
v -0.150000 0.514016 0.284223
v 0.150000 0.516174 0.282594
v -0.150000 0.516174 0.282594
v 0.150000 0.518318 0.280953
v -0.150000 0.518318 0.280953
v 0.150000 0.520449 0.279300
v -0.150000 0.520449 0.279300
v 0.150000 0.522568 0.277635
v -0.150000 0.522568 0.277635
v 0.150000 0.524673 0.275958
v -0.150000 0.524673 0.275958
v 0.150000 0.526765 0.274269
v -0.150000 0.526765 0.274269
v 0.150000 0.528843 0.272568
v -0.150000 0.528843 0.272568
v 0.150000 0.530909 0.270856
v -0.150000 0.530909 0.270856
v 0.150000 0.532962 0.269131
v -0.150000 0.532962 0.269131
v 0.150000 0.535002 0.267394
v -0.150000 0.535002 0.267394
v 0.150000 0.537028 0.265645
v -0.150000 0.537028 0.265645
v 0.150000 0.539042 0.263884
v -0.150000 0.539042 0.263884
v 0.150000 0.541042 0.262111
v -0.150000 0.541042 0.262111
v 0.150000 0.543029 0.260327
v -0.150000 0.543029 0.260327
v 0.150000 0.545003 0.258530
v -0.150000 0.545003 0.258530
v 0.150000 0.546964 0.256721
v -0.150000 0.546964 0.256721
v 0.150000 0.548912 0.254901
v -0.150000 0.548912 0.254901
v 0.150000 0.550847 0.253068
v -0.150000 0.550847 0.253068
v 0.150000 0.552769 0.251223
v -0.150000 0.552769 0.251223
v 0.150000 0.554678 0.249367
v -0.150000 0.554678 0.249367
v 0.150000 0.556573 0.247498
v -0.150000 0.556573 0.247498
v 0.150000 0.558456 0.245618
v -0.150000 0.558456 0.245618
v 0.150000 0.560325 0.243725
v -0.150000 0.560325 0.243725
v 0.150000 0.562182 0.241820
v -0.150000 0.562182 0.241820
v 0.150000 0.564025 0.239904
v -0.150000 0.564025 0.239904
v 0.150000 0.565855 0.237975
v -0.150000 0.565855 0.237975
v 0.150000 0.567672 0.236035
v -0.150000 0.567672 0.236035
v 0.150000 0.569476 0.234083
v -0.150000 0.569476 0.234083
v 0.150000 0.571267 0.232118
v -0.150000 0.571267 0.232118
v 0.150000 0.573045 0.230142
v -0.150000 0.573045 0.230142
v 0.150000 0.574809 0.228153
v -0.150000 0.574809 0.228153
v 0.150000 0.576561 0.226153
v -0.150000 0.576561 0.226153
v 0.150000 0.578299 0.224141
v -0.150000 0.578299 0.224141
v 0.150000 0.580025 0.222117
v -0.150000 0.580025 0.222117
v 0.150000 0.581737 0.220080
v -0.150000 0.581737 0.220080
v 0.150000 0.583436 0.218032
v -0.150000 0.583436 0.218032
v 0.150000 0.585123 0.215972
v -0.150000 0.585123 0.215972
v 0.150000 0.586796 0.213900
v -0.150000 0.586796 0.213900
v 0.150000 0.588456 0.211815
v -0.150000 0.588456 0.211815
v 0.150000 0.590102 0.209719
v -0.150000 0.590102 0.209719
v 0.150000 0.591736 0.207611
v -0.150000 0.591736 0.207611
v 0.150000 0.593357 0.205491
v -0.150000 0.593357 0.205491
v 0.150000 0.594965 0.203359
v -0.150000 0.594965 0.203359
v 0.150000 0.596559 0.201215
v -0.150000 0.596559 0.201215
v 0.150000 0.598140 0.199059
v -0.150000 0.598140 0.199059
v 0.150000 0.599709 0.196891
v -0.150000 0.599709 0.196891
v 0.150000 0.601264 0.194711
v -0.150000 0.601264 0.194711
v 0.150000 0.602806 0.192519
v -0.150000 0.602806 0.192519
v 0.150000 0.604335 0.190315
v -0.150000 0.604335 0.190315
v 0.150000 0.605851 0.188099
v -0.150000 0.605851 0.188099
v 0.150000 0.607354 0.185871
v -0.150000 0.607354 0.185871
v 0.150000 0.608844 0.183631
v -0.150000 0.608844 0.183631
v 0.150000 0.610320 0.181379
v -0.150000 0.610320 0.181379
v 0.150000 0.611784 0.179115
v -0.150000 0.611784 0.179115
v 0.150000 0.613234 0.176840
v -0.150000 0.613234 0.176840
v 0.150000 0.613572 0.176362
v -0.150000 0.613572 0.176362
v 0.150000 0.613907 0.175892
v -0.150000 0.613907 0.175892
v 0.150000 0.614239 0.175430
v -0.150000 0.614239 0.175430
v 0.150000 0.614569 0.174975
v -0.150000 0.614569 0.174975
v 0.150000 0.614897 0.174527
v -0.150000 0.614897 0.174527
v 0.150000 0.615222 0.174087
v -0.150000 0.615222 0.174087
v 0.150000 0.615544 0.173655
v -0.150000 0.615544 0.173655
v 0.150000 0.615864 0.173230
v -0.150000 0.615864 0.173230
v 0.150000 0.616181 0.172812
v -0.150000 0.616181 0.172812
v 0.150000 0.616496 0.172403
v -0.150000 0.616496 0.172403
v 0.150000 0.616808 0.172000
v -0.150000 0.616808 0.172000
v 0.150000 0.617118 0.171605
v -0.150000 0.617118 0.171605
v 0.150000 0.617426 0.171218
v -0.150000 0.617426 0.171218
v 0.150000 0.617731 0.170838
v -0.150000 0.617731 0.170838
v 0.150000 0.618033 0.170466
v -0.150000 0.618033 0.170466
v 0.150000 0.618333 0.170101
v -0.150000 0.618333 0.170101
v 0.150000 0.618630 0.169744
v -0.150000 0.618630 0.169744
v 0.150000 0.618925 0.169394
v -0.150000 0.618925 0.169394
v 0.150000 0.619217 0.169052
v -0.150000 0.619217 0.169052
v 0.150000 0.619507 0.168717
v -0.150000 0.619507 0.168717
v 0.150000 0.619794 0.168390
v -0.150000 0.619794 0.168390
v 0.150000 0.620079 0.168071
v -0.150000 0.620079 0.168071
v 0.150000 0.620362 0.167759
v -0.150000 0.620362 0.167759
v 0.150000 0.620641 0.167454
v -0.150000 0.620641 0.167454
v 0.150000 0.620919 0.167157
v -0.150000 0.620919 0.167157
v 0.150000 0.621193 0.166867
v -0.150000 0.621193 0.166867
v 0.150000 0.621466 0.166585
v -0.150000 0.621466 0.166585
v 0.150000 0.621735 0.166311
v -0.150000 0.621735 0.166311
v 0.150000 0.622003 0.166044
v -0.150000 0.622003 0.166044
v 0.150000 0.622267 0.165784
v -0.150000 0.622267 0.165784
v 0.150000 0.622530 0.165532
v -0.150000 0.622530 0.165532
v 0.150000 0.622790 0.165288
v -0.150000 0.622790 0.165288
v 0.150000 0.623047 0.165051
v -0.150000 0.623047 0.165051
v 0.150000 0.623302 0.164822
v -0.150000 0.623302 0.164822
v 0.150000 0.623554 0.164600
v -0.150000 0.623554 0.164600
v 0.150000 0.623803 0.164386
v -0.150000 0.623803 0.164386
v 0.150000 0.624051 0.164179
v -0.150000 0.624051 0.164179
v 0.150000 0.624295 0.163979
v -0.150000 0.624295 0.163979
v 0.150000 0.624537 0.163788
v -0.150000 0.624537 0.163788
v 0.150000 0.624777 0.163603
v -0.150000 0.624777 0.163603
v 0.150000 0.625014 0.163427
v -0.150000 0.625014 0.163427
v 0.150000 0.625249 0.163258
v -0.150000 0.625249 0.163258
v 0.150000 0.625481 0.163096
v -0.150000 0.625481 0.163096
v 0.150000 0.625711 0.162942
v -0.150000 0.625711 0.162942
v 0.150000 0.625938 0.162795
v -0.150000 0.625938 0.162795
v 0.150000 0.626163 0.162656
v -0.150000 0.626163 0.162656
v 0.150000 0.626385 0.162524
v -0.150000 0.626385 0.162524
v 0.150000 0.626604 0.162400
v -0.150000 0.626604 0.162400
v 0.150000 0.626822 0.162284
v -0.150000 0.626822 0.162284
v 0.150000 0.627036 0.162175
v -0.150000 0.627036 0.162175
v 0.150000 0.627248 0.162073
v -0.150000 0.627248 0.162073
v 0.150000 0.627458 0.161979
v -0.150000 0.627458 0.161979
v 0.150000 0.627665 0.161893
v -0.150000 0.627665 0.161893
v 0.150000 0.627870 0.161814
v -0.150000 0.627870 0.161814
v 0.150000 0.628072 0.161742
v -0.150000 0.628072 0.161742
v 0.150000 0.628271 0.161678
v -0.150000 0.628271 0.161678
v 0.150000 0.628468 0.161622
v -0.150000 0.628468 0.161622
v 0.150000 0.628663 0.161573
v -0.150000 0.628663 0.161573
v 0.150000 0.628855 0.161532
v -0.150000 0.628855 0.161532
v 0.150000 0.629044 0.161498
v -0.150000 0.629044 0.161498
v 0.150000 0.629231 0.161471
v -0.150000 0.629231 0.161471
v 0.150000 0.629416 0.161453
v -0.150000 0.629416 0.161453
v 0.150000 0.629598 0.161441
v -0.150000 0.629598 0.161441
v 0.150000 0.448374 -0.052481
v -0.150000 0.448374 -0.052481
v 0.150000 0.448089 -0.052483
v -0.150000 0.448089 -0.052483
v 0.150000 0.447804 -0.052486
v -0.150000 0.447804 -0.052486
v 0.150000 0.447519 -0.052492
v -0.150000 0.447519 -0.052491
v 0.150000 0.447233 -0.052499
v -0.150000 0.447233 -0.052499
v 0.150000 0.446948 -0.052509
v -0.150000 0.446948 -0.052509
v 0.150000 0.446663 -0.052522
v -0.150000 0.446663 -0.052522
v 0.150000 0.446378 -0.052536
v -0.150000 0.446378 -0.052536
v 0.150000 0.446092 -0.052553
v -0.150000 0.446092 -0.052553
v 0.150000 0.445807 -0.052572
v -0.150000 0.445807 -0.052572
v 0.150000 0.445522 -0.052593
v -0.150000 0.445522 -0.052593
v 0.150000 0.445237 -0.052616
v -0.150000 0.445237 -0.052616
v 0.150000 0.444951 -0.052642
v -0.150000 0.444951 -0.052642
v 0.150000 0.444666 -0.052670
v -0.150000 0.444666 -0.052670
v 0.150000 0.444381 -0.052700
v -0.150000 0.444381 -0.052700
v 0.150000 0.444096 -0.052732
v -0.150000 0.444096 -0.052732
v 0.150000 0.443810 -0.052767
v -0.150000 0.443810 -0.052767
v 0.150000 0.443525 -0.052803
v -0.150000 0.443525 -0.052803
v 0.150000 0.443240 -0.052842
v -0.150000 0.443240 -0.052842
v 0.150000 0.442955 -0.052884
v -0.150000 0.442955 -0.052884
v 0.150000 0.442669 -0.052927
v -0.150000 0.442669 -0.052927
v 0.150000 0.442384 -0.052973
v -0.150000 0.442384 -0.052973
v 0.150000 0.442099 -0.053021
v -0.150000 0.442099 -0.053021
v 0.150000 0.441814 -0.053071
v -0.150000 0.441814 -0.053071
v 0.150000 0.441529 -0.053123
v -0.150000 0.441529 -0.053123
v 0.150000 0.441243 -0.053178
v -0.150000 0.441243 -0.053178
v 0.150000 0.440958 -0.053235
v -0.150000 0.440958 -0.053235
v 0.150000 0.440673 -0.053294
v -0.150000 0.440673 -0.053294
v 0.150000 0.440388 -0.053355
v -0.150000 0.440388 -0.053355
v 0.150000 0.440102 -0.053418
v -0.150000 0.440102 -0.053418
v 0.150000 0.439817 -0.053484
v -0.150000 0.439817 -0.053484
v 0.150000 0.439532 -0.053552
v -0.150000 0.439532 -0.053552
v 0.150000 0.439247 -0.053622
v -0.150000 0.439247 -0.053622
v 0.150000 0.438961 -0.053695
v -0.150000 0.438961 -0.053695
v 0.150000 0.438676 -0.053769
v -0.150000 0.438676 -0.053769
v 0.150000 0.438391 -0.053846
v -0.150000 0.438391 -0.053846
v 0.150000 0.438106 -0.053925
v -0.150000 0.438106 -0.053925
v 0.150000 0.437820 -0.054007
v -0.150000 0.437820 -0.054007
v 0.150000 0.437535 -0.054090
v -0.150000 0.437535 -0.054090
v 0.150000 0.437250 -0.054176
v -0.150000 0.437250 -0.054176
v 0.150000 0.436965 -0.054264
v -0.150000 0.436965 -0.054264
v 0.150000 0.436679 -0.054354
v -0.150000 0.436679 -0.054354
v 0.150000 0.436394 -0.054447
v -0.150000 0.436394 -0.054447
v 0.150000 0.436109 -0.054542
v -0.150000 0.436109 -0.054542
v 0.150000 0.435824 -0.054638
v -0.150000 0.435824 -0.054638
v 0.150000 0.435539 -0.054738
v -0.150000 0.435539 -0.054738
v 0.150000 0.435253 -0.054839
v -0.150000 0.435253 -0.054839
v 0.150000 0.434968 -0.054943
v -0.150000 0.434968 -0.054943
v 0.150000 0.434683 -0.055048
v -0.150000 0.434683 -0.055048
v 0.150000 0.434398 -0.055157
v -0.150000 0.434398 -0.055157
v 0.150000 0.434112 -0.055267
v -0.150000 0.434112 -0.055267
v 0.150000 0.433827 -0.055379
v -0.150000 0.433827 -0.055379
v 0.150000 0.433542 -0.055494
v -0.150000 0.433542 -0.055494
v 0.150000 0.433257 -0.055611
v -0.150000 0.433257 -0.055611
v 0.150000 0.432971 -0.055730
v -0.150000 0.432971 -0.055730
v 0.150000 0.432686 -0.055852
v -0.150000 0.432686 -0.055852
v 0.150000 0.432401 -0.055975
v -0.150000 0.432401 -0.055975
v 0.150000 0.432116 -0.056101
v -0.150000 0.432116 -0.056101
v 0.150000 0.431830 -0.056229
v -0.150000 0.431830 -0.056229
v 0.150000 0.431545 -0.056360
v -0.150000 0.431545 -0.056360
v 0.150000 0.431260 -0.056492
v -0.150000 0.431260 -0.056492
v 0.150000 0.430975 -0.056627
v -0.150000 0.430975 -0.056627
v 0.150000 0.430689 -0.056764
v -0.150000 0.430689 -0.056764
v 0.150000 0.430404 -0.056904
v -0.150000 0.430404 -0.056904
v 0.150000 0.430120 -0.057045
v -0.150000 0.430120 -0.057045
v 0.150000 0.426106 -0.058748
v -0.150000 0.426106 -0.058748
v 0.150000 0.422122 -0.060433
v -0.150000 0.422122 -0.060433
v 0.150000 0.418169 -0.062100
v -0.150000 0.418169 -0.062100
v 0.150000 0.414245 -0.063750
v -0.150000 0.414245 -0.063750
v 0.150000 0.410352 -0.065382
v -0.150000 0.410352 -0.065382
v 0.150000 0.406488 -0.066997
v -0.150000 0.406488 -0.066997
v 0.150000 0.402655 -0.068595
v -0.150000 0.402655 -0.068595
v 0.150000 0.398852 -0.070174
v -0.150000 0.398852 -0.070174
v 0.150000 0.395079 -0.071737
v -0.150000 0.395079 -0.071737
v 0.150000 0.391336 -0.073281
v -0.150000 0.391336 -0.073281
v 0.150000 0.387623 -0.074808
v -0.150000 0.387623 -0.074808
v 0.150000 0.383940 -0.076318
v -0.150000 0.383940 -0.076318
v 0.150000 0.380287 -0.077810
v -0.150000 0.380287 -0.077810
v 0.150000 0.376665 -0.079284
v -0.150000 0.376665 -0.079284
v 0.150000 0.373072 -0.080741
v -0.150000 0.373072 -0.080741
v 0.150000 0.369509 -0.082181
v -0.150000 0.369509 -0.082181
v 0.150000 0.365977 -0.083602
v -0.150000 0.365977 -0.083602
v 0.150000 0.362475 -0.085007
v -0.150000 0.362475 -0.085007
v 0.150000 0.359002 -0.086393
v -0.150000 0.359002 -0.086393
v 0.150000 0.355560 -0.087762
v -0.150000 0.355560 -0.087762
v 0.150000 0.352148 -0.089114
v -0.150000 0.352148 -0.089114
v 0.150000 0.348766 -0.090448
v -0.150000 0.348766 -0.090448
v 0.150000 0.345414 -0.091765
v -0.150000 0.345414 -0.091765
v 0.150000 0.342092 -0.093064
v -0.150000 0.342092 -0.093064
v 0.150000 0.338800 -0.094345
v -0.150000 0.338800 -0.094345
v 0.150000 0.335539 -0.095609
v -0.150000 0.335539 -0.095609
v 0.150000 0.332307 -0.096855
v -0.150000 0.332307 -0.096855
v 0.150000 0.329105 -0.098084
v -0.150000 0.329105 -0.098084
v 0.150000 0.325934 -0.099295
v -0.150000 0.325934 -0.099295
v 0.150000 0.322793 -0.100489
v -0.150000 0.322793 -0.100489
v 0.150000 0.319681 -0.101665
v -0.150000 0.319681 -0.101665
v 0.150000 0.316600 -0.102824
v -0.150000 0.316600 -0.102824
v 0.150000 0.313549 -0.103965
v -0.150000 0.313549 -0.103965
v 0.150000 0.310528 -0.105088
v -0.150000 0.310528 -0.105088
v 0.150000 0.307537 -0.106194
v -0.150000 0.307537 -0.106194
v 0.150000 0.304576 -0.107283
v -0.150000 0.304576 -0.107283
v 0.150000 0.301645 -0.108353
v -0.150000 0.301645 -0.108353
v 0.150000 0.298745 -0.109407
v -0.150000 0.298745 -0.109407
v 0.150000 0.295874 -0.110442
v -0.150000 0.295874 -0.110442
v 0.150000 0.293033 -0.111461
v -0.150000 0.293033 -0.111461
v 0.150000 0.290223 -0.112461
v -0.150000 0.290223 -0.112461
v 0.150000 0.287443 -0.113444
v -0.150000 0.287443 -0.113444
v 0.150000 0.284692 -0.114410
v -0.150000 0.284692 -0.114410
v 0.150000 0.281972 -0.115358
v -0.150000 0.281972 -0.115358
v 0.150000 0.279282 -0.116288
v -0.150000 0.279282 -0.116288
v 0.150000 0.276622 -0.117201
v -0.150000 0.276622 -0.117201
v 0.150000 0.273992 -0.118097
v -0.150000 0.273992 -0.118097
v 0.150000 0.271392 -0.118975
v -0.150000 0.271392 -0.118975
v 0.150000 0.268822 -0.119835
v -0.150000 0.268822 -0.119835
v 0.150000 0.266282 -0.120678
v -0.150000 0.266282 -0.120678
v 0.150000 0.263773 -0.121503
v -0.150000 0.263773 -0.121503
v 0.150000 0.261293 -0.122310
v -0.150000 0.261293 -0.122310
v 0.150000 0.258844 -0.123100
v -0.150000 0.258844 -0.123100
v 0.150000 0.256424 -0.123873
v -0.150000 0.256424 -0.123873
v 0.150000 0.254035 -0.124628
v -0.150000 0.254035 -0.124628
v 0.150000 0.251676 -0.125365
v -0.150000 0.251676 -0.125365
v 0.150000 0.249347 -0.126085
v -0.150000 0.249347 -0.126085
v 0.150000 0.247047 -0.126788
v -0.150000 0.247047 -0.126788
v 0.150000 0.244778 -0.127472
v -0.150000 0.244778 -0.127472
v 0.150000 0.242540 -0.128140
v -0.150000 0.242540 -0.128140
v 0.150000 0.240331 -0.128789
v -0.150000 0.240331 -0.128789
v 0.150000 0.238152 -0.129422
v -0.150000 0.238152 -0.129422
v 0.150000 0.236003 -0.130036
v -0.150000 0.236003 -0.130036
v 0.150000 0.233885 -0.130633
v -0.150000 0.233885 -0.130633
v 0.150000 0.232308 -0.131111
v -0.150000 0.232308 -0.131111
v 0.150000 0.230750 -0.131581
v -0.150000 0.230750 -0.131581
v 0.150000 0.229212 -0.132043
v -0.150000 0.229212 -0.132043
v 0.150000 0.227692 -0.132498
v -0.150000 0.227692 -0.132498
v 0.150000 0.226192 -0.132946
v -0.150000 0.226192 -0.132946
v 0.150000 0.224711 -0.133386
v -0.150000 0.224711 -0.133386
v 0.150000 0.223250 -0.133818
v -0.150000 0.223250 -0.133818
v 0.150000 0.221807 -0.134243
v -0.150000 0.221807 -0.134243
v 0.150000 0.220384 -0.134660
v -0.150000 0.220384 -0.134660
v 0.150000 0.218980 -0.135070
v -0.150000 0.218980 -0.135070
v 0.150000 0.217595 -0.135473
v -0.150000 0.217595 -0.135473
v 0.150000 0.216230 -0.135868
v -0.150000 0.216230 -0.135868
v 0.150000 0.214883 -0.136255
v -0.150000 0.214883 -0.136255
v 0.150000 0.213556 -0.136635
v -0.150000 0.213556 -0.136635
v 0.150000 0.212248 -0.137007
v -0.150000 0.212248 -0.137007
v 0.150000 0.210960 -0.137372
v -0.150000 0.210960 -0.137372
v 0.150000 0.209690 -0.137729
v -0.150000 0.209690 -0.137729
v 0.150000 0.208440 -0.138079
v -0.150000 0.208440 -0.138079
v 0.150000 0.207209 -0.138421
v -0.150000 0.207209 -0.138421
v 0.150000 0.205997 -0.138755
v -0.150000 0.205997 -0.138755
v 0.150000 0.204805 -0.139083
v -0.150000 0.204805 -0.139083
v 0.150000 0.203631 -0.139402
v -0.150000 0.203631 -0.139402
v 0.150000 0.202477 -0.139714
v -0.150000 0.202477 -0.139714
v 0.150000 0.201342 -0.140019
v -0.150000 0.201342 -0.140019
v 0.150000 0.200227 -0.140316
v -0.150000 0.200227 -0.140316
v 0.150000 0.199130 -0.140606
v -0.150000 0.199130 -0.140606
v 0.150000 0.198053 -0.140888
v -0.150000 0.198053 -0.140888
v 0.150000 0.196995 -0.141162
v -0.150000 0.196995 -0.141162
v 0.150000 0.195956 -0.141429
v -0.150000 0.195956 -0.141429
v 0.150000 0.194936 -0.141688
v -0.150000 0.194936 -0.141688
v 0.150000 0.193936 -0.141940
v -0.150000 0.193936 -0.141940
v 0.150000 0.192955 -0.142185
v -0.150000 0.192955 -0.142185
v 0.150000 0.191993 -0.142422
v -0.150000 0.191993 -0.142422
v 0.150000 0.191050 -0.142651
v -0.150000 0.191050 -0.142651
v 0.150000 0.190127 -0.142873
v -0.150000 0.190127 -0.142873
v 0.150000 0.189222 -0.143087
v -0.150000 0.189222 -0.143087
v 0.150000 0.188337 -0.143294
v -0.150000 0.188337 -0.143294
v 0.150000 0.187472 -0.143493
v -0.150000 0.187472 -0.143493
v 0.150000 0.186625 -0.143685
v -0.150000 0.186625 -0.143685
v 0.150000 0.185798 -0.143869
v -0.150000 0.185798 -0.143869
v 0.150000 0.184989 -0.144046
v -0.150000 0.184989 -0.144046
v 0.150000 0.184200 -0.144215
v -0.150000 0.184200 -0.144215
v 0.150000 0.183431 -0.144377
v -0.150000 0.183431 -0.144377
v 0.150000 0.182680 -0.144531
v -0.150000 0.182680 -0.144531
v 0.150000 0.181949 -0.144678
v -0.150000 0.181949 -0.144678
v 0.150000 0.181237 -0.144817
v -0.150000 0.181237 -0.144817
v 0.150000 0.180544 -0.144949
v -0.150000 0.180544 -0.144949
v 0.150000 0.179870 -0.145073
v -0.150000 0.179870 -0.145073
v 0.150000 0.179216 -0.145189
v -0.150000 0.179216 -0.145189
v 0.150000 0.178581 -0.145298
v -0.150000 0.178581 -0.145298
v 0.150000 0.177965 -0.145400
v -0.150000 0.177965 -0.145400
v 0.150000 0.177368 -0.145494
v -0.150000 0.177368 -0.145494
v 0.150000 0.176790 -0.145580
v -0.150000 0.176790 -0.145580
v 0.150000 0.176232 -0.145659
v -0.150000 0.176232 -0.145659
v 0.150000 0.175693 -0.145731
v -0.150000 0.175693 -0.145731
v 0.150000 0.175173 -0.145795
v -0.150000 0.175173 -0.145795
v 0.150000 0.174672 -0.145851
v -0.150000 0.174672 -0.145851
v 0.150000 0.174191 -0.145900
v -0.150000 0.174191 -0.145900
v 0.150000 0.173728 -0.145941
v -0.150000 0.173728 -0.145941
v 0.150000 0.173285 -0.145975
v -0.150000 0.173285 -0.145975
v 0.150000 0.172862 -0.146002
v -0.150000 0.172862 -0.146002
v 0.150000 0.172457 -0.146020
v -0.150000 0.172457 -0.146020
v 0.150000 0.172072 -0.146032
v -0.150000 0.172072 -0.146032
v 0.150000 0.171706 -0.146035
v -0.150000 0.171706 -0.146035
v 0.150000 0.171242 -0.146033
v -0.150000 0.171242 -0.146033
v 0.150000 0.170777 -0.146028
v -0.150000 0.170777 -0.146028
v 0.150000 0.170311 -0.146018
v -0.150000 0.170311 -0.146018
v 0.150000 0.169845 -0.146004
v -0.150000 0.169845 -0.146004
v 0.150000 0.169378 -0.145987
v -0.150000 0.169378 -0.145987
v 0.150000 0.168910 -0.145965
v -0.150000 0.168910 -0.145965
v 0.150000 0.168441 -0.145940
v -0.150000 0.168441 -0.145940
v 0.150000 0.167971 -0.145911
v -0.150000 0.167971 -0.145911
v 0.150000 0.167500 -0.145877
v -0.150000 0.167500 -0.145877
v 0.150000 0.167029 -0.145840
v -0.150000 0.167029 -0.145840
v 0.150000 0.166557 -0.145799
v -0.150000 0.166557 -0.145799
v 0.150000 0.166084 -0.145755
v -0.150000 0.166084 -0.145755
v 0.150000 0.165610 -0.145706
v -0.150000 0.165610 -0.145706
v 0.150000 0.165135 -0.145653
v -0.150000 0.165135 -0.145653
v 0.150000 0.164659 -0.145597
v -0.150000 0.164659 -0.145597
v 0.150000 0.164183 -0.145536
v -0.150000 0.164183 -0.145536
v 0.150000 0.163706 -0.145472
v -0.150000 0.163706 -0.145472
v 0.150000 0.163227 -0.145404
v -0.150000 0.163227 -0.145404
v 0.150000 0.162748 -0.145331
v -0.150000 0.162748 -0.145331
v 0.150000 0.162269 -0.145255
v -0.150000 0.162269 -0.145255
v 0.150000 0.161788 -0.145176
v -0.150000 0.161788 -0.145176
v 0.150000 0.161307 -0.145092
v -0.150000 0.161307 -0.145092
v 0.150000 0.160824 -0.145004
v -0.150000 0.160824 -0.145004
v 0.150000 0.160341 -0.144912
v -0.150000 0.160341 -0.144912
v 0.150000 0.159857 -0.144817
v -0.150000 0.159857 -0.144817
v 0.150000 0.159372 -0.144717
v -0.150000 0.159372 -0.144717
v 0.150000 0.158887 -0.144614
v -0.150000 0.158887 -0.144614
v 0.150000 0.158400 -0.144507
v -0.150000 0.158400 -0.144507
v 0.150000 0.157913 -0.144396
v -0.150000 0.157913 -0.144396
v 0.150000 0.157425 -0.144281
v -0.150000 0.157425 -0.144281
v 0.150000 0.156936 -0.144162
v -0.150000 0.156936 -0.144162
v 0.150000 0.156446 -0.144039
v -0.150000 0.156446 -0.144039
v 0.150000 0.155955 -0.143912
v -0.150000 0.155955 -0.143912
v 0.150000 0.155464 -0.143781
v -0.150000 0.155464 -0.143781
v 0.150000 0.154972 -0.143647
v -0.150000 0.154972 -0.143647
v 0.150000 0.154478 -0.143508
v -0.150000 0.154478 -0.143508
v 0.150000 0.153984 -0.143366
v -0.150000 0.153984 -0.143366
v 0.150000 0.153490 -0.143220
v -0.150000 0.153490 -0.143220
v 0.150000 0.152994 -0.143070
v -0.150000 0.152994 -0.143070
v 0.150000 0.152498 -0.142916
v -0.150000 0.152498 -0.142916
v 0.150000 0.152000 -0.142758
v -0.150000 0.152000 -0.142758
v 0.150000 0.151502 -0.142596
v -0.150000 0.151502 -0.142596
v 0.150000 0.151003 -0.142430
v -0.150000 0.151003 -0.142430
v 0.150000 0.150503 -0.142261
v -0.150000 0.150503 -0.142261
v 0.150000 0.150002 -0.142087
v -0.150000 0.150002 -0.142087
v 0.150000 0.149501 -0.141910
v -0.150000 0.149501 -0.141910
v 0.150000 0.148999 -0.141728
v -0.150000 0.148999 -0.141728
v 0.150000 0.148495 -0.141543
v -0.150000 0.148495 -0.141543
v 0.150000 0.147991 -0.141354
v -0.150000 0.147991 -0.141354
v 0.150000 0.147487 -0.141161
v -0.150000 0.147487 -0.141161
v 0.150000 0.146981 -0.140964
v -0.150000 0.146981 -0.140964
v 0.150000 0.146474 -0.140763
v -0.150000 0.146474 -0.140763
v 0.150000 0.145967 -0.140558
v -0.150000 0.145967 -0.140558
v 0.150000 0.145459 -0.140350
v -0.150000 0.145459 -0.140350
v 0.150000 0.144950 -0.140137
v -0.150000 0.144950 -0.140137
v 0.150000 0.144440 -0.139921
v -0.150000 0.144440 -0.139921
v 0.150000 0.143929 -0.139701
v -0.150000 0.143929 -0.139701
v 0.150000 0.143418 -0.139476
v -0.150000 0.143418 -0.139476
v 0.150000 0.142905 -0.139248
v -0.150000 0.142905 -0.139248
v 0.150000 0.142392 -0.139016
v -0.150000 0.142392 -0.139016
v 0.150000 0.141878 -0.138780
v -0.150000 0.141878 -0.138780
v 0.150000 0.141363 -0.138540
v -0.150000 0.141363 -0.138540
v 0.150000 0.140847 -0.138297
v -0.150000 0.140847 -0.138297
v 0.150000 0.140331 -0.138049
v -0.150000 0.140331 -0.138049
v 0.150000 0.139318 -0.137465
v -0.150000 0.139318 -0.137465
v 0.150000 0.138313 -0.136891
v -0.150000 0.138313 -0.136891
v 0.150000 0.137315 -0.136326
v -0.150000 0.137315 -0.136326
v 0.150000 0.136324 -0.135769
v -0.150000 0.136324 -0.135769
v 0.150000 0.135341 -0.135223
v -0.150000 0.135341 -0.135223
v 0.150000 0.134365 -0.134685
v -0.150000 0.134365 -0.134685
v 0.150000 0.133396 -0.134156
v -0.150000 0.133396 -0.134156
v 0.150000 0.132434 -0.133637
v -0.150000 0.132434 -0.133637
v 0.150000 0.131479 -0.133127
v -0.150000 0.131479 -0.133127
v 0.150000 0.130532 -0.132626
v -0.150000 0.130532 -0.132626
v 0.150000 0.129592 -0.132134
v -0.150000 0.129592 -0.132134
v 0.150000 0.128659 -0.131652
v -0.150000 0.128659 -0.131652
v 0.150000 0.127733 -0.131178
v -0.150000 0.127733 -0.131178
v 0.150000 0.126815 -0.130714
v -0.150000 0.126815 -0.130714
v 0.150000 0.125904 -0.130259
v -0.150000 0.125904 -0.130259
v 0.150000 0.125000 -0.129813
v -0.150000 0.125000 -0.129813
v 0.150000 0.124103 -0.129377
v -0.150000 0.124103 -0.129377
v 0.150000 0.123214 -0.128949
v -0.150000 0.123214 -0.128949
v 0.150000 0.122332 -0.128531
v -0.150000 0.122332 -0.128531
v 0.150000 0.121457 -0.128122
v -0.150000 0.121457 -0.128122
v 0.150000 0.120589 -0.127722
v -0.150000 0.120589 -0.127722
v 0.150000 0.119729 -0.127331
v -0.150000 0.119729 -0.127331
v 0.150000 0.118876 -0.126950
v -0.150000 0.118876 -0.126950
v 0.150000 0.118030 -0.126578
v -0.150000 0.118030 -0.126578
v 0.150000 0.117191 -0.126215
v -0.150000 0.117191 -0.126215
v 0.150000 0.116360 -0.125861
v -0.150000 0.116360 -0.125861
v 0.150000 0.115536 -0.125516
v -0.150000 0.115536 -0.125516
v 0.150000 0.114719 -0.125180
v -0.150000 0.114719 -0.125180
v 0.150000 0.113909 -0.124854
v -0.150000 0.113909 -0.124854
v 0.150000 0.113106 -0.124537
v -0.150000 0.113106 -0.124537
v 0.150000 0.112311 -0.124229
v -0.150000 0.112311 -0.124229
v 0.150000 0.111523 -0.123930
v -0.150000 0.111523 -0.123930
v 0.150000 0.110742 -0.123641
v -0.150000 0.110742 -0.123641
v 0.150000 0.109969 -0.123360
v -0.150000 0.109969 -0.123360
v 0.150000 0.109203 -0.123089
v -0.150000 0.109203 -0.123089
v 0.150000 0.108444 -0.122827
v -0.150000 0.108444 -0.122827
v 0.150000 0.107692 -0.122575
v -0.150000 0.107692 -0.122575
v 0.150000 0.106947 -0.122331
v -0.150000 0.106947 -0.122331
v 0.150000 0.106210 -0.122097
v -0.150000 0.106210 -0.122097
v 0.150000 0.105480 -0.121871
v -0.150000 0.105480 -0.121871
v 0.150000 0.104757 -0.121655
v -0.150000 0.104757 -0.121655
v 0.150000 0.104042 -0.121449
v -0.150000 0.104042 -0.121449
v 0.150000 0.103333 -0.121251
v -0.150000 0.103333 -0.121251
v 0.150000 0.102632 -0.121063
v -0.150000 0.102632 -0.121063
v 0.150000 0.101938 -0.120883
v -0.150000 0.101938 -0.120883
v 0.150000 0.101252 -0.120713
v -0.150000 0.101252 -0.120713
v 0.150000 0.100572 -0.120552
v -0.150000 0.100572 -0.120552
v 0.150000 0.099900 -0.120401
v -0.150000 0.099900 -0.120401
v 0.150000 0.099235 -0.120258
v -0.150000 0.099235 -0.120258
v 0.150000 0.098578 -0.120125
v -0.150000 0.098578 -0.120125
v 0.150000 0.097927 -0.120001
v -0.150000 0.097927 -0.120001
v 0.150000 0.097284 -0.119886
v -0.150000 0.097284 -0.119886
v 0.150000 0.096648 -0.119780
v -0.150000 0.096648 -0.119780
v 0.150000 0.096020 -0.119684
v -0.150000 0.096020 -0.119684
v 0.150000 0.095398 -0.119596
v -0.150000 0.095398 -0.119596
v 0.150000 0.094784 -0.119518
v -0.150000 0.094784 -0.119518
v 0.150000 0.094177 -0.119449
v -0.150000 0.094177 -0.119449
v 0.150000 0.093577 -0.119390
v -0.150000 0.093577 -0.119390
v 0.150000 0.092985 -0.119339
v -0.150000 0.092985 -0.119339
v 0.150000 0.092400 -0.119298
v -0.150000 0.092400 -0.119298
v 0.150000 0.091822 -0.119266
v -0.150000 0.091822 -0.119266
v 0.150000 0.091251 -0.119243
v -0.150000 0.091251 -0.119243
v 0.150000 0.090688 -0.119229
v -0.150000 0.090688 -0.119229
v 0.150000 0.090131 -0.119224
v -0.150000 0.090131 -0.119224
v 0.150000 0.089491 -0.119227
v -0.150000 0.089491 -0.119227
v 0.150000 0.088854 -0.119236
v -0.150000 0.088854 -0.119236
v 0.150000 0.088221 -0.119252
v -0.150000 0.088221 -0.119252
v 0.150000 0.087591 -0.119273
v -0.150000 0.087591 -0.119273
v 0.150000 0.086964 -0.119301
v -0.150000 0.086964 -0.119301
v 0.150000 0.086341 -0.119335
v -0.150000 0.086341 -0.119334
v 0.150000 0.085721 -0.119374
v -0.150000 0.085721 -0.119374
v 0.150000 0.085104 -0.119420
v -0.150000 0.085104 -0.119420
v 0.150000 0.084491 -0.119472
v -0.150000 0.084491 -0.119472
v 0.150000 0.083881 -0.119531
v -0.150000 0.083881 -0.119531
v 0.150000 0.083274 -0.119595
v -0.150000 0.083274 -0.119595
v 0.150000 0.082671 -0.119665
v -0.150000 0.082671 -0.119665
v 0.150000 0.082071 -0.119742
v -0.150000 0.082071 -0.119742
v 0.150000 0.081474 -0.119825
v -0.150000 0.081474 -0.119825
v 0.150000 0.080881 -0.119914
v -0.150000 0.080881 -0.119914
v 0.150000 0.080291 -0.120009
v -0.150000 0.080291 -0.120009
v 0.150000 0.079704 -0.120110
v -0.150000 0.079704 -0.120110
v 0.150000 0.079121 -0.120217
v -0.150000 0.079121 -0.120217
v 0.150000 0.078541 -0.120330
v -0.150000 0.078541 -0.120330
v 0.150000 0.077965 -0.120450
v -0.150000 0.077965 -0.120450
v 0.150000 0.077391 -0.120575
v -0.150000 0.077391 -0.120575
v 0.150000 0.076821 -0.120707
v -0.150000 0.076821 -0.120707
v 0.150000 0.076255 -0.120845
v -0.150000 0.076255 -0.120845
v 0.150000 0.075692 -0.120989
v -0.150000 0.075692 -0.120989
v 0.150000 0.075132 -0.121139
v -0.150000 0.075132 -0.121139
v 0.150000 0.074575 -0.121295
v -0.150000 0.074575 -0.121295
v 0.150000 0.074022 -0.121458
v -0.150000 0.074022 -0.121458
v 0.150000 0.073472 -0.121626
v -0.150000 0.073472 -0.121626
v 0.150000 0.072926 -0.121801
v -0.150000 0.072926 -0.121801
v 0.150000 0.072383 -0.121982
v -0.150000 0.072383 -0.121982
v 0.150000 0.071843 -0.122169
v -0.150000 0.071843 -0.122169
v 0.150000 0.071306 -0.122362
v -0.150000 0.071306 -0.122362
v 0.150000 0.070773 -0.122561
v -0.150000 0.070773 -0.122561
v 0.150000 0.070243 -0.122766
v -0.150000 0.070243 -0.122766
v 0.150000 0.069717 -0.122978
v -0.150000 0.069717 -0.122978
v 0.150000 0.069194 -0.123195
v -0.150000 0.069194 -0.123195
v 0.150000 0.068674 -0.123419
v -0.150000 0.068674 -0.123419
v 0.150000 0.068158 -0.123649
v -0.150000 0.068158 -0.123649
v 0.150000 0.067645 -0.123884
v -0.150000 0.067645 -0.123884
v 0.150000 0.067135 -0.124127
v -0.150000 0.067135 -0.124126
v 0.150000 0.066629 -0.124375
v -0.150000 0.066629 -0.124375
v 0.150000 0.066125 -0.124629
v -0.150000 0.066125 -0.124629
v 0.150000 0.065626 -0.124889
v -0.150000 0.065626 -0.124889
v 0.150000 0.065129 -0.125156
v -0.150000 0.065129 -0.125156
v 0.150000 0.064636 -0.125429
v -0.150000 0.064636 -0.125429
v 0.150000 0.064147 -0.125707
v -0.150000 0.064147 -0.125707
v 0.150000 0.063660 -0.125992
v -0.150000 0.063660 -0.125992
v 0.150000 0.063177 -0.126284
v -0.150000 0.063177 -0.126284
v 0.150000 0.062698 -0.126581
v -0.150000 0.062698 -0.126581
v 0.150000 0.062221 -0.126884
v -0.150000 0.062221 -0.126884
v 0.150000 0.061749 -0.127193
v -0.150000 0.061749 -0.127193
v 0.150000 0.061279 -0.127509
v -0.150000 0.061279 -0.127509
v 0.150000 0.060813 -0.127831
v -0.150000 0.060813 -0.127831
v 0.150000 0.060350 -0.128159
v -0.150000 0.060350 -0.128159
v 0.150000 0.059890 -0.128493
v -0.150000 0.059890 -0.128493
v 0.150000 0.059434 -0.128833
v -0.150000 0.059434 -0.128833
v 0.150000 0.058981 -0.129179
v -0.150000 0.058981 -0.129179
v 0.150000 0.058531 -0.129531
v -0.150000 0.058531 -0.129531
v 0.150000 0.058085 -0.129890
v -0.150000 0.058085 -0.129890
v 0.150000 0.057642 -0.130254
v -0.150000 0.057642 -0.130254
v 0.150000 0.057203 -0.130625
v -0.150000 0.057203 -0.130625
v 0.150000 0.056767 -0.131002
v -0.150000 0.056767 -0.131002
v 0.150000 0.056334 -0.131385
v -0.150000 0.056334 -0.131385
v 0.150000 0.055904 -0.131774
v -0.150000 0.055904 -0.131774
v 0.150000 0.055480 -0.132168
v -0.150000 0.055480 -0.132168
v 0.150000 0.055062 -0.132565
v -0.150000 0.055062 -0.132565
v 0.150000 0.054651 -0.132966
v -0.150000 0.054651 -0.132966
v 0.150000 0.054246 -0.133370
v -0.150000 0.054246 -0.133370
v 0.150000 0.053849 -0.133777
v -0.150000 0.053849 -0.133777
v 0.150000 0.053457 -0.134187
v -0.150000 0.053457 -0.134187
v 0.150000 0.053073 -0.134601
v -0.150000 0.053073 -0.134601
v 0.150000 0.052695 -0.135019
v -0.150000 0.052695 -0.135019
v 0.150000 0.052324 -0.135439
v -0.150000 0.052324 -0.135439
v 0.150000 0.051960 -0.135863
v -0.150000 0.051960 -0.135863
v 0.150000 0.051602 -0.136290
v -0.150000 0.051602 -0.136290
v 0.150000 0.051251 -0.136721
v -0.150000 0.051251 -0.136721
v 0.150000 0.050907 -0.137155
v -0.150000 0.050907 -0.137155
v 0.150000 0.050570 -0.137592
v -0.150000 0.050570 -0.137592
v 0.150000 0.050239 -0.138033
v -0.150000 0.050239 -0.138033
v 0.150000 0.049914 -0.138477
v -0.150000 0.049914 -0.138477
v 0.150000 0.049597 -0.138924
v -0.150000 0.049597 -0.138924
v 0.150000 0.049286 -0.139375
v -0.150000 0.049286 -0.139375
v 0.150000 0.048982 -0.139829
v -0.150000 0.048982 -0.139829
v 0.150000 0.048684 -0.140286
v -0.150000 0.048684 -0.140286
v 0.150000 0.048394 -0.140747
v -0.150000 0.048394 -0.140747
v 0.150000 0.048110 -0.141211
v -0.150000 0.048109 -0.141211
v 0.150000 0.047832 -0.141678
v -0.150000 0.047832 -0.141678
v 0.150000 0.047561 -0.142149
v -0.150000 0.047561 -0.142149
v 0.150000 0.047297 -0.142623
v -0.150000 0.047297 -0.142623
v 0.150000 0.047040 -0.143101
v -0.150000 0.047040 -0.143101
v 0.150000 0.046789 -0.143581
v -0.150000 0.046789 -0.143581
v 0.150000 0.046545 -0.144066
v -0.150000 0.046545 -0.144066
v 0.150000 0.046308 -0.144553
v -0.150000 0.046308 -0.144553
v 0.150000 0.046077 -0.145044
v -0.150000 0.046077 -0.145044
v 0.150000 0.045853 -0.145538
v -0.150000 0.045853 -0.145538
v 0.150000 0.045636 -0.146035
v -0.150000 0.045636 -0.146035
v 0.150000 0.045425 -0.146536
v -0.150000 0.045425 -0.146536
v 0.150000 0.045222 -0.147040
v -0.150000 0.045222 -0.147040
v 0.150000 0.045024 -0.147548
v -0.150000 0.045024 -0.147548
v 0.150000 0.044834 -0.148059
v -0.150000 0.044834 -0.148059
v 0.150000 0.044650 -0.148573
v -0.150000 0.044650 -0.148573
v 0.150000 0.044473 -0.149090
v -0.150000 0.044473 -0.149090
v 0.150000 0.044302 -0.149611
v -0.150000 0.044302 -0.149611
v 0.150000 0.044139 -0.150135
v -0.150000 0.044139 -0.150135
v 0.150000 0.043982 -0.150663
v -0.150000 0.043982 -0.150663
v 0.150000 0.043831 -0.151194
v -0.150000 0.043831 -0.151194
v 0.150000 0.043687 -0.151728
v -0.150000 0.043687 -0.151728
v 0.150000 0.043550 -0.152266
v -0.150000 0.043550 -0.152266
v 0.150000 0.043420 -0.152807
v -0.150000 0.043420 -0.152807
v 0.150000 0.043296 -0.153351
v -0.150000 0.043296 -0.153351
v 0.150000 0.043179 -0.153899
v -0.150000 0.043179 -0.153899
v 0.150000 0.043069 -0.154450
v -0.150000 0.043069 -0.154450
v 0.150000 0.042965 -0.155004
v -0.150000 0.042965 -0.155004
v 0.150000 0.042868 -0.155561
v -0.150000 0.042868 -0.155561
v 0.150000 0.042778 -0.156122
v -0.150000 0.042778 -0.156122
v 0.150000 0.042695 -0.156687
v -0.150000 0.042695 -0.156687
v 0.150000 0.042618 -0.157254
v -0.150000 0.042618 -0.157254
v 0.150000 0.042548 -0.157825
v -0.150000 0.042548 -0.157825
v 0.150000 0.042484 -0.158400
v -0.150000 0.042484 -0.158400
v 0.150000 0.042427 -0.158977
v -0.150000 0.042427 -0.158977
v 0.150000 0.042377 -0.159559
v -0.150000 0.042377 -0.159559
v 0.150000 0.042334 -0.160143
v -0.150000 0.042334 -0.160143
v 0.150000 0.042297 -0.160731
v -0.150000 0.042297 -0.160731
v 0.150000 0.042267 -0.161322
v -0.150000 0.042267 -0.161322
v 0.150000 0.042243 -0.161916
v -0.150000 0.042243 -0.161916
v 0.150000 0.042227 -0.162514
v -0.150000 0.042227 -0.162514
v 0.150000 0.042217 -0.163115
v -0.150000 0.042217 -0.163115
v 0.150000 0.042213 -0.163719
v -0.150000 0.042213 -0.163719
v 0.150000 0.042226 -0.165484
v -0.150000 0.042226 -0.165484
v 0.150000 0.042262 -0.167248
v -0.150000 0.042262 -0.167248
v 0.150000 0.042324 -0.169011
v -0.150000 0.042324 -0.169011
v 0.150000 0.042409 -0.170774
v -0.150000 0.042409 -0.170774
v 0.150000 0.042520 -0.172537
v -0.150000 0.042520 -0.172537
v 0.150000 0.042655 -0.174298
v -0.150000 0.042655 -0.174298
v 0.150000 0.042814 -0.176060
v -0.150000 0.042814 -0.176060
v 0.150000 0.042998 -0.177820
v -0.150000 0.042998 -0.177820
v 0.150000 0.043206 -0.179580
v -0.150000 0.043206 -0.179580
v 0.150000 0.043439 -0.181340
v -0.150000 0.043439 -0.181340
v 0.150000 0.043696 -0.183099
v -0.150000 0.043696 -0.183099
v 0.150000 0.043978 -0.184857
v -0.150000 0.043978 -0.184857
v 0.150000 0.044285 -0.186615
v -0.150000 0.044285 -0.186615
v 0.150000 0.044615 -0.188372
v -0.150000 0.044615 -0.188372
v 0.150000 0.044971 -0.190129
v -0.150000 0.044971 -0.190129
v 0.150000 0.045351 -0.191885
v -0.150000 0.045351 -0.191885
v 0.150000 0.045755 -0.193641
v -0.150000 0.045755 -0.193641
v 0.150000 0.046184 -0.195396
v -0.150000 0.046184 -0.195396
v 0.150000 0.046638 -0.197151
v -0.150000 0.046638 -0.197151
v 0.150000 0.047116 -0.198905
v -0.150000 0.047116 -0.198905
v 0.150000 0.047618 -0.200658
v -0.150000 0.047618 -0.200658
v 0.150000 0.048145 -0.202411
v -0.150000 0.048145 -0.202411
v 0.150000 0.048697 -0.204163
v -0.150000 0.048697 -0.204163
v 0.150000 0.049273 -0.205915
v -0.150000 0.049273 -0.205915
v 0.150000 0.049873 -0.207666
v -0.150000 0.049873 -0.207666
v 0.150000 0.050498 -0.209417
v -0.150000 0.050498 -0.209417
v 0.150000 0.051148 -0.211167
v -0.150000 0.051148 -0.211167
v 0.150000 0.051822 -0.212916
v -0.150000 0.051822 -0.212916
v 0.150000 0.052520 -0.214665
v -0.150000 0.052520 -0.214665
v 0.150000 0.053244 -0.216414
v -0.150000 0.053244 -0.216414
v 0.150000 0.053991 -0.218161
v -0.150000 0.053991 -0.218161
v 0.150000 0.054763 -0.219909
v -0.150000 0.054763 -0.219909
v 0.150000 0.055560 -0.221655
v -0.150000 0.055560 -0.221655
v 0.150000 0.056381 -0.223402
v -0.150000 0.056381 -0.223402
v 0.150000 0.057227 -0.225147
v -0.150000 0.057227 -0.225147
v 0.150000 0.058097 -0.226892
v -0.150000 0.058097 -0.226892
v 0.150000 0.058992 -0.228637
v -0.150000 0.058991 -0.228637
v 0.150000 0.059911 -0.230381
v -0.150000 0.059911 -0.230381
v 0.150000 0.060854 -0.232124
v -0.150000 0.060854 -0.232124
v 0.150000 0.061823 -0.233867
v -0.150000 0.061823 -0.233867
v 0.150000 0.062815 -0.235609
v -0.150000 0.062815 -0.235609
v 0.150000 0.063833 -0.237351
v -0.150000 0.063833 -0.237351
v 0.150000 0.064874 -0.239092
v -0.150000 0.064874 -0.239092
v 0.150000 0.065941 -0.240833
v -0.150000 0.065941 -0.240833
v 0.150000 0.067031 -0.242573
v -0.150000 0.067031 -0.242573
v 0.150000 0.068147 -0.244312
v -0.150000 0.068147 -0.244312
v 0.150000 0.069286 -0.246051
v -0.150000 0.069286 -0.246051
v 0.150000 0.070451 -0.247790
v -0.150000 0.070451 -0.247790
v 0.150000 0.071639 -0.249527
v -0.150000 0.071639 -0.249527
v 0.150000 0.072853 -0.251265
v -0.150000 0.072853 -0.251265
v 0.150000 0.074091 -0.253001
v -0.150000 0.074091 -0.253001
v 0.150000 0.075353 -0.254737
v -0.150000 0.075353 -0.254737
v 0.150000 0.076640 -0.256473
v -0.150000 0.076640 -0.256473
v 0.150000 0.077951 -0.258208
v -0.150000 0.077951 -0.258208
v 0.150000 0.079287 -0.259943
v -0.150000 0.079287 -0.259943
v 0.150000 0.080647 -0.261676
v -0.150000 0.080647 -0.261676
v 0.150000 0.082032 -0.263410
v -0.150000 0.082032 -0.263410
v 0.150000 0.083442 -0.265143
v -0.150000 0.083442 -0.265143
v 0.150000 0.084876 -0.266875
v -0.150000 0.084876 -0.266875
v 0.150000 0.086334 -0.268607
v -0.150000 0.086334 -0.268607
v 0.150000 0.087817 -0.270338
v -0.150000 0.087817 -0.270338
v 0.150000 0.089325 -0.272068
v -0.150000 0.089325 -0.272068
v 0.150000 0.090857 -0.273798
v -0.150000 0.090857 -0.273798
v 0.150000 0.092413 -0.275528
v -0.150000 0.092413 -0.275528
v 0.150000 0.095154 -0.278541
v -0.150000 0.095154 -0.278541
v 0.150000 0.097921 -0.281518
v -0.150000 0.097921 -0.281518
v 0.150000 0.100714 -0.284460
v -0.150000 0.100714 -0.284460
v 0.150000 0.103535 -0.287367
v -0.150000 0.103535 -0.287367
v 0.150000 0.106381 -0.290238
v -0.150000 0.106381 -0.290238
v 0.150000 0.109254 -0.293074
v -0.150000 0.109254 -0.293074
v 0.150000 0.112154 -0.295875
v -0.150000 0.112154 -0.295875
v 0.150000 0.115080 -0.298640
v -0.150000 0.115079 -0.298640
v 0.150000 0.118032 -0.301370
v -0.150000 0.118032 -0.301370
v 0.150000 0.121011 -0.304064
v -0.150000 0.121011 -0.304064
v 0.150000 0.124016 -0.306723
v -0.150000 0.124016 -0.306723
v 0.150000 0.127048 -0.309347
v -0.150000 0.127048 -0.309347
v 0.150000 0.130106 -0.311935
v -0.150000 0.130106 -0.311935
v 0.150000 0.133191 -0.314488
v -0.150000 0.133191 -0.314488
v 0.150000 0.136302 -0.317006
v -0.150000 0.136302 -0.317006
v 0.150000 0.139440 -0.319488
v -0.150000 0.139440 -0.319488
v 0.150000 0.142604 -0.321935
v -0.150000 0.142604 -0.321935
v 0.150000 0.145794 -0.324346
v -0.150000 0.145794 -0.324346
v 0.150000 0.149011 -0.326722
v -0.150000 0.149011 -0.326722
v 0.150000 0.152255 -0.329063
v -0.150000 0.152255 -0.329063
v 0.150000 0.155525 -0.331368
v -0.150000 0.155525 -0.331368
v 0.150000 0.158821 -0.333638
v -0.150000 0.158821 -0.333638
v 0.150000 0.162144 -0.335873
v -0.150000 0.162144 -0.335873
v 0.150000 0.165493 -0.338072
v -0.150000 0.165493 -0.338072
v 0.150000 0.168869 -0.340236
v -0.150000 0.168869 -0.340236
v 0.150000 0.172271 -0.342364
v -0.150000 0.172271 -0.342364
v 0.150000 0.175700 -0.344458
v -0.150000 0.175700 -0.344458
v 0.150000 0.179155 -0.346515
v -0.150000 0.179155 -0.346515
v 0.150000 0.182637 -0.348538
v -0.150000 0.182637 -0.348538
v 0.150000 0.186145 -0.350524
v -0.150000 0.186145 -0.350524
v 0.150000 0.189679 -0.352476
v -0.150000 0.189679 -0.352476
v 0.150000 0.193240 -0.354392
v -0.150000 0.193240 -0.354392
v 0.150000 0.196828 -0.356273
v -0.150000 0.196828 -0.356273
v 0.150000 0.200442 -0.358119
v -0.150000 0.200442 -0.358119
v 0.150000 0.204082 -0.359929
v -0.150000 0.204082 -0.359929
v 0.150000 0.207749 -0.361703
v -0.150000 0.207749 -0.361703
v 0.150000 0.211442 -0.363443
v -0.150000 0.211442 -0.363443
v 0.150000 0.215162 -0.365147
v -0.150000 0.215162 -0.365147
v 0.150000 0.218908 -0.366815
v -0.150000 0.218908 -0.366815
v 0.150000 0.222681 -0.368449
v -0.150000 0.222681 -0.368449
v 0.150000 0.226480 -0.370046
v -0.150000 0.226480 -0.370046
v 0.150000 0.230306 -0.371609
v -0.150000 0.230306 -0.371609
v 0.150000 0.234158 -0.373136
v -0.150000 0.234158 -0.373136
v 0.150000 0.238036 -0.374628
v -0.150000 0.238036 -0.374628
v 0.150000 0.241941 -0.376084
v -0.150000 0.241941 -0.376084
v 0.150000 0.245873 -0.377505
v -0.150000 0.245873 -0.377505
v 0.150000 0.249831 -0.378891
v -0.150000 0.249831 -0.378891
v 0.150000 0.253815 -0.380241
v -0.150000 0.253815 -0.380241
v 0.150000 0.257826 -0.381556
v -0.150000 0.257826 -0.381556
v 0.150000 0.261863 -0.382835
v -0.150000 0.261863 -0.382835
v 0.150000 0.265927 -0.384079
v -0.150000 0.265927 -0.384079
v 0.150000 0.270017 -0.385288
v -0.150000 0.270017 -0.385288
v 0.150000 0.274134 -0.386461
v -0.150000 0.274134 -0.386461
v 0.150000 0.278277 -0.387599
v -0.150000 0.278277 -0.387599
v 0.150000 0.282446 -0.388702
v -0.150000 0.282446 -0.388702
v 0.150000 0.286643 -0.389769
v -0.150000 0.286643 -0.389769
v 0.150000 0.290865 -0.390801
v -0.150000 0.290865 -0.390801
v 0.150000 0.295114 -0.391798
v -0.150000 0.295114 -0.391798
v 0.150000 0.299390 -0.392759
v -0.150000 0.299390 -0.392759
v 0.150000 0.303691 -0.393684
v -0.150000 0.303691 -0.393684
v 0.150000 0.308020 -0.394575
v -0.150000 0.308020 -0.394575
v 0.150000 0.312375 -0.395430
v -0.150000 0.312375 -0.395430
v 0.150000 0.316756 -0.396249
v -0.150000 0.316756 -0.396249
v 0.150000 0.321164 -0.397034
v -0.150000 0.321164 -0.397034
v 0.150000 0.323597 -0.397511
v -0.150000 0.323597 -0.397511
v 0.150000 0.326048 -0.397981
v -0.150000 0.326048 -0.397981
v 0.150000 0.328517 -0.398444
v -0.150000 0.328517 -0.398444
v 0.150000 0.331004 -0.398899
v -0.150000 0.331004 -0.398899
v 0.150000 0.333509 -0.399346
v -0.150000 0.333509 -0.399346
v 0.150000 0.336031 -0.399786
v -0.150000 0.336031 -0.399786
v 0.150000 0.338571 -0.400219
v -0.150000 0.338571 -0.400219
v 0.150000 0.341130 -0.400644
v -0.150000 0.341130 -0.400644
v 0.150000 0.343705 -0.401061
v -0.150000 0.343705 -0.401061
v 0.150000 0.346299 -0.401471
v -0.150000 0.346299 -0.401471
v 0.150000 0.348911 -0.401873
v -0.150000 0.348911 -0.401873
v 0.150000 0.351540 -0.402268
v -0.150000 0.351540 -0.402268
v 0.150000 0.354187 -0.402655
v -0.150000 0.354187 -0.402655
v 0.150000 0.356853 -0.403035
v -0.150000 0.356853 -0.403035
v 0.150000 0.359535 -0.403407
v -0.150000 0.359535 -0.403407
v 0.150000 0.362236 -0.403772
v -0.150000 0.362236 -0.403772
v 0.150000 0.364955 -0.404129
v -0.150000 0.364955 -0.404129
v 0.150000 0.367691 -0.404479
v -0.150000 0.367691 -0.404479
v 0.150000 0.370445 -0.404821
v -0.150000 0.370445 -0.404821
v 0.150000 0.373217 -0.405156
v -0.150000 0.373217 -0.405156
v 0.150000 0.376007 -0.405483
v -0.150000 0.376007 -0.405483
v 0.150000 0.378815 -0.405803
v -0.150000 0.378815 -0.405803
v 0.150000 0.381640 -0.406115
v -0.150000 0.381640 -0.406115
v 0.150000 0.384484 -0.406419
v -0.150000 0.384484 -0.406419
v 0.150000 0.387345 -0.406716
v -0.150000 0.387345 -0.406716
v 0.150000 0.390224 -0.407006
v -0.150000 0.390224 -0.407006
v 0.150000 0.393121 -0.407288
v -0.150000 0.393121 -0.407288
v 0.150000 0.396035 -0.407562
v -0.150000 0.396035 -0.407562
v 0.150000 0.398968 -0.407829
v -0.150000 0.398968 -0.407829
v 0.150000 0.401918 -0.408089
v -0.150000 0.401918 -0.408089
v 0.150000 0.404886 -0.408341
v -0.150000 0.404886 -0.408341
v 0.150000 0.407872 -0.408585
v -0.150000 0.407872 -0.408585
v 0.150000 0.410876 -0.408822
v -0.150000 0.410876 -0.408822
v 0.150000 0.413898 -0.409052
v -0.150000 0.413898 -0.409052
v 0.150000 0.416937 -0.409273
v -0.150000 0.416937 -0.409273
v 0.150000 0.419994 -0.409488
v -0.150000 0.419994 -0.409488
v 0.150000 0.423069 -0.409695
v -0.150000 0.423069 -0.409695
v 0.150000 0.426162 -0.409894
v -0.150000 0.426162 -0.409894
v 0.150000 0.429273 -0.410086
v -0.150000 0.429273 -0.410086
v 0.150000 0.432402 -0.410270
v -0.150000 0.432402 -0.410270
v 0.150000 0.435548 -0.410447
v -0.150000 0.435548 -0.410447
v 0.150000 0.438712 -0.410616
v -0.150000 0.438712 -0.410616
v 0.150000 0.441894 -0.410778
v -0.150000 0.441894 -0.410778
v 0.150000 0.445094 -0.410932
v -0.150000 0.445094 -0.410932
v 0.150000 0.448312 -0.411078
v -0.150000 0.448312 -0.411078
v 0.150000 0.451547 -0.411217
v -0.150000 0.451547 -0.411217
v 0.150000 0.454801 -0.411349
v -0.150000 0.454801 -0.411349
v 0.150000 0.458072 -0.411473
v -0.150000 0.458072 -0.411473
v 0.150000 0.461361 -0.411590
v -0.150000 0.461361 -0.411590
v 0.150000 0.464668 -0.411699
v -0.150000 0.464668 -0.411699
v 0.150000 0.467992 -0.411800
v -0.150000 0.467992 -0.411800
v 0.150000 0.471335 -0.411894
v -0.150000 0.471335 -0.411894
v 0.150000 0.474695 -0.411981
v -0.150000 0.474695 -0.411981
v 0.150000 0.478073 -0.412060
v -0.150000 0.478073 -0.412060
v 0.150000 0.481469 -0.412131
v -0.150000 0.481469 -0.412131
v 0.150000 0.484883 -0.412195
v -0.150000 0.484883 -0.412195
v 0.150000 0.488314 -0.412252
v -0.150000 0.488314 -0.412252
v 0.150000 0.491764 -0.412300
v -0.150000 0.491764 -0.412300
v 0.150000 0.495231 -0.412342
v -0.150000 0.495231 -0.412342
v 0.150000 0.498716 -0.412376
v -0.150000 0.498716 -0.412376
v 0.150000 0.502219 -0.412402
v -0.150000 0.502219 -0.412402
v 0.150000 0.505740 -0.412421
v -0.150000 0.505740 -0.412421
v 0.150000 0.509278 -0.412432
v -0.150000 0.509278 -0.412432
v 0.150000 0.512835 -0.412436
v -0.150000 0.512835 -0.412436
v 0.150000 0.618939 -0.411295
v -0.150000 0.618939 -0.411295
v 0.150000 0.619918 -0.411295
v -0.150000 0.619918 -0.411295
v 0.150000 0.620893 -0.411296
v -0.150000 0.620893 -0.411296
v 0.150000 0.621865 -0.411297
v -0.150000 0.621865 -0.411297
v 0.150000 0.622834 -0.411299
v -0.150000 0.622834 -0.411299
v 0.150000 0.623799 -0.411302
v -0.150000 0.623799 -0.411302
v 0.150000 0.624762 -0.411305
v -0.150000 0.624762 -0.411305
v 0.150000 0.625720 -0.411309
v -0.150000 0.625720 -0.411309
v 0.150000 0.626676 -0.411313
v -0.150000 0.626676 -0.411313
v 0.150000 0.627628 -0.411317
v -0.150000 0.627628 -0.411317
v 0.150000 0.628576 -0.411323
v -0.150000 0.628576 -0.411323
v 0.150000 0.629522 -0.411329
v -0.150000 0.629522 -0.411329
v 0.150000 0.630464 -0.411335
v -0.150000 0.630464 -0.411335
v 0.150000 0.631403 -0.411342
v -0.150000 0.631403 -0.411342
v 0.150000 0.632338 -0.411350
v -0.150000 0.632338 -0.411350
v 0.150000 0.633270 -0.411358
v -0.150000 0.633270 -0.411358
v 0.150000 0.634198 -0.411366
v -0.150000 0.634198 -0.411366
v 0.150000 0.635124 -0.411375
v -0.150000 0.635124 -0.411375
v 0.150000 0.636046 -0.411385
v -0.150000 0.636046 -0.411385
v 0.150000 0.636964 -0.411395
v -0.150000 0.636964 -0.411395
v 0.150000 0.637880 -0.411406
v -0.150000 0.637880 -0.411406
v 0.150000 0.638792 -0.411418
v -0.150000 0.638792 -0.411418
v 0.150000 0.639700 -0.411430
v -0.150000 0.639700 -0.411430
v 0.150000 0.640606 -0.411442
v -0.150000 0.640606 -0.411442
v 0.150000 0.641507 -0.411455
v -0.150000 0.641507 -0.411455
v 0.150000 0.642406 -0.411469
v -0.150000 0.642406 -0.411469
v 0.150000 0.643301 -0.411483
v -0.150000 0.643301 -0.411483
v 0.150000 0.644193 -0.411498
v -0.150000 0.644193 -0.411498
v 0.150000 0.645082 -0.411513
v -0.150000 0.645082 -0.411513
v 0.150000 0.645967 -0.411529
v -0.150000 0.645967 -0.411529
v 0.150000 0.646849 -0.411546
v -0.150000 0.646849 -0.411546
v 0.150000 0.647727 -0.411563
v -0.150000 0.647727 -0.411563
v 0.150000 0.648602 -0.411580
v -0.150000 0.648602 -0.411580
v 0.150000 0.649474 -0.411598
v -0.150000 0.649474 -0.411598
v 0.150000 0.650343 -0.411617
v -0.150000 0.650343 -0.411617
v 0.150000 0.651208 -0.411636
v -0.150000 0.651208 -0.411636
v 0.150000 0.652070 -0.411656
v -0.150000 0.652070 -0.411656
v 0.150000 0.652928 -0.411676
v -0.150000 0.652928 -0.411676
v 0.150000 0.653783 -0.411697
v -0.150000 0.653783 -0.411697
v 0.150000 0.654635 -0.411719
v -0.150000 0.654635 -0.411719
v 0.150000 0.655483 -0.411741
v -0.150000 0.655483 -0.411741
v 0.150000 0.656329 -0.411763
v -0.150000 0.656329 -0.411763
v 0.150000 0.657170 -0.411786
v -0.150000 0.657170 -0.411786
v 0.150000 0.658009 -0.411810
v -0.150000 0.658009 -0.411810
v 0.150000 0.658844 -0.411834
v -0.150000 0.658844 -0.411834
v 0.150000 0.659675 -0.411859
v -0.150000 0.659675 -0.411859
v 0.150000 0.660504 -0.411884
v -0.150000 0.660504 -0.411884
v 0.150000 0.661329 -0.411910
v -0.150000 0.661329 -0.411910
v 0.150000 0.662151 -0.411937
v -0.150000 0.662151 -0.411937
v 0.150000 0.662969 -0.411964
v -0.150000 0.662969 -0.411964
v 0.150000 0.663784 -0.411991
v -0.150000 0.663784 -0.411991
v 0.150000 0.664596 -0.412019
v -0.150000 0.664596 -0.412019
v 0.150000 0.665404 -0.412048
v -0.150000 0.665404 -0.412048
v 0.150000 0.666209 -0.412077
v -0.150000 0.666209 -0.412077
v 0.150000 0.667011 -0.412107
v -0.150000 0.667011 -0.412107
v 0.150000 0.667809 -0.412137
v -0.150000 0.667809 -0.412137
v 0.150000 0.668604 -0.412168
v -0.150000 0.668604 -0.412168
v 0.150000 0.669395 -0.412200
v -0.150000 0.669395 -0.412200
v 0.150000 0.670184 -0.412232
v -0.150000 0.670184 -0.412232
v 0.150000 0.670969 -0.412264
v -0.150000 0.670969 -0.412264
v 0.150000 0.671750 -0.412298
v -0.150000 0.671750 -0.412298
v 0.150000 0.672528 -0.412331
v -0.150000 0.672528 -0.412331
v 0.150000 0.673303 -0.412366
v -0.150000 0.673303 -0.412366
v 0.150000 0.674075 -0.412400
v -0.150000 0.674075 -0.412400
v 0.150000 0.674843 -0.412436
v -0.150000 0.674843 -0.412436
v 0.150000 0.676146 -0.412500
v -0.150000 0.676146 -0.412500
v 0.150000 0.677450 -0.412586
v -0.150000 0.677450 -0.412586
v 0.150000 0.678757 -0.412694
v -0.150000 0.678757 -0.412694
v 0.150000 0.680066 -0.412824
v -0.150000 0.680066 -0.412824
v 0.150000 0.681378 -0.412975
v -0.150000 0.681378 -0.412975
v 0.150000 0.682691 -0.413148
v -0.150000 0.682691 -0.413148
v 0.150000 0.684007 -0.413342
v -0.150000 0.684007 -0.413342
v 0.150000 0.685325 -0.413559
v -0.150000 0.685325 -0.413559
v 0.150000 0.686645 -0.413797
v -0.150000 0.686645 -0.413797
v 0.150000 0.687968 -0.414057
v -0.150000 0.687968 -0.414057
v 0.150000 0.689293 -0.414339
v -0.150000 0.689293 -0.414339
v 0.150000 0.690620 -0.414642
v -0.150000 0.690620 -0.414642
v 0.150000 0.691949 -0.414967
v -0.150000 0.691949 -0.414967
v 0.150000 0.693280 -0.415314
v -0.150000 0.693280 -0.415314
v 0.150000 0.694614 -0.415682
v -0.150000 0.694614 -0.415682
v 0.150000 0.695950 -0.416072
v -0.150000 0.695950 -0.416072
v 0.150000 0.697288 -0.416484
v -0.150000 0.697288 -0.416484
v 0.150000 0.698628 -0.416918
v -0.150000 0.698628 -0.416918
v 0.150000 0.699971 -0.417373
v -0.150000 0.699971 -0.417373
v 0.150000 0.701316 -0.417851
v -0.150000 0.701316 -0.417851
v 0.150000 0.702663 -0.418349
v -0.150000 0.702663 -0.418349
v 0.150000 0.704012 -0.418870
v -0.150000 0.704012 -0.418870
v 0.150000 0.705363 -0.419412
v -0.150000 0.705363 -0.419412
v 0.150000 0.706717 -0.419976
v -0.150000 0.706717 -0.419976
v 0.150000 0.708073 -0.420562
v -0.150000 0.708073 -0.420562
v 0.150000 0.709431 -0.421170
v -0.150000 0.709431 -0.421170
v 0.150000 0.710792 -0.421799
v -0.150000 0.710792 -0.421799
v 0.150000 0.712154 -0.422450
v -0.150000 0.712154 -0.422450
v 0.150000 0.713519 -0.423122
v -0.150000 0.713519 -0.423122
v 0.150000 0.714886 -0.423817
v -0.150000 0.714886 -0.423817
v 0.150000 0.716255 -0.424533
v -0.150000 0.716255 -0.424533
v 0.150000 0.717627 -0.425271
v -0.150000 0.717627 -0.425271
v 0.150000 0.719001 -0.426030
v -0.150000 0.719001 -0.426030
v 0.150000 0.720377 -0.426812
v -0.150000 0.720377 -0.426812
v 0.150000 0.721755 -0.427615
v -0.150000 0.721755 -0.427615
v 0.150000 0.723135 -0.428439
v -0.150000 0.723135 -0.428439
v 0.150000 0.724518 -0.429286
v -0.150000 0.724518 -0.429286
v 0.150000 0.725903 -0.430154
v -0.150000 0.725903 -0.430154
v 0.150000 0.727290 -0.431044
v -0.150000 0.727290 -0.431044
v 0.150000 0.728679 -0.431956
v -0.150000 0.728679 -0.431956
v 0.150000 0.730071 -0.432889
v -0.150000 0.730071 -0.432889
v 0.150000 0.731465 -0.433844
v -0.150000 0.731465 -0.433844
v 0.150000 0.732861 -0.434821
v -0.150000 0.732861 -0.434821
v 0.150000 0.734259 -0.435820
v -0.150000 0.734259 -0.435820
v 0.150000 0.735660 -0.436840
v -0.150000 0.735660 -0.436840
v 0.150000 0.737062 -0.437882
v -0.150000 0.737062 -0.437882
v 0.150000 0.738467 -0.438946
v -0.150000 0.738467 -0.438946
v 0.150000 0.739874 -0.440031
v -0.150000 0.739874 -0.440031
v 0.150000 0.741284 -0.441138
v -0.150000 0.741284 -0.441138
v 0.150000 0.742695 -0.442267
v -0.150000 0.742695 -0.442267
v 0.150000 0.744109 -0.443418
v -0.150000 0.744109 -0.443418
v 0.150000 0.745525 -0.444590
v -0.150000 0.745525 -0.444590
v 0.150000 0.746944 -0.445784
v -0.150000 0.746944 -0.445784
v 0.150000 0.748364 -0.447000
v -0.150000 0.748364 -0.447000
v 0.150000 0.749787 -0.448238
v -0.150000 0.749787 -0.448238
v 0.150000 0.751212 -0.449497
v -0.150000 0.751212 -0.449497
v 0.150000 0.752639 -0.450778
v -0.150000 0.752639 -0.450778
v 0.150000 0.754069 -0.452081
v -0.150000 0.754069 -0.452081
v 0.150000 0.755501 -0.453405
v -0.150000 0.755501 -0.453405
v 0.150000 0.756934 -0.454751
v -0.150000 0.756934 -0.454751
v 0.150000 0.758371 -0.456119
v -0.150000 0.758371 -0.456119
v 0.150000 0.759809 -0.457509
v -0.150000 0.759809 -0.457509
v 0.150000 0.761250 -0.458920
v -0.150000 0.761250 -0.458920
v 0.150000 0.762693 -0.460354
v -0.150000 0.762693 -0.460354
v 0.150000 0.762941 -0.460601
v -0.150000 0.762941 -0.460601
v 0.150000 0.763188 -0.460845
v -0.150000 0.763188 -0.460845
v 0.150000 0.763434 -0.461085
v -0.150000 0.763434 -0.461085
v 0.150000 0.763677 -0.461321
v -0.150000 0.763677 -0.461321
v 0.150000 0.763920 -0.461553
v -0.150000 0.763920 -0.461553
v 0.150000 0.764160 -0.461781
v -0.150000 0.764160 -0.461781
v 0.150000 0.764399 -0.462005
v -0.150000 0.764399 -0.462005
v 0.150000 0.764636 -0.462225
v -0.150000 0.764636 -0.462225
v 0.150000 0.764871 -0.462442
v -0.150000 0.764871 -0.462442
v 0.150000 0.765105 -0.462654
v -0.150000 0.765105 -0.462654
v 0.150000 0.765337 -0.462863
v -0.150000 0.765337 -0.462863
v 0.150000 0.765567 -0.463068
v -0.150000 0.765567 -0.463068
v 0.150000 0.765796 -0.463269
v -0.150000 0.765796 -0.463269
v 0.150000 0.766023 -0.463466
v -0.150000 0.766023 -0.463466
v 0.150000 0.766248 -0.463659
v -0.150000 0.766248 -0.463659
v 0.150000 0.766472 -0.463848
v -0.150000 0.766472 -0.463848
v 0.150000 0.766694 -0.464033
v -0.150000 0.766694 -0.464033
v 0.150000 0.766914 -0.464214
v -0.150000 0.766914 -0.464214
v 0.150000 0.767133 -0.464392
v -0.150000 0.767133 -0.464392
v 0.150000 0.767350 -0.464565
v -0.150000 0.767350 -0.464565
v 0.150000 0.767565 -0.464735
v -0.150000 0.767565 -0.464735
v 0.150000 0.767779 -0.464901
v -0.150000 0.767779 -0.464901
v 0.150000 0.767991 -0.465062
v -0.150000 0.767991 -0.465062
v 0.150000 0.768201 -0.465220
v -0.150000 0.768201 -0.465220
v 0.150000 0.768410 -0.465374
v -0.150000 0.768410 -0.465374
v 0.150000 0.768617 -0.465525
v -0.150000 0.768617 -0.465525
v 0.150000 0.768822 -0.465671
v -0.150000 0.768822 -0.465671
v 0.150000 0.769025 -0.465813
v -0.150000 0.769025 -0.465813
v 0.150000 0.769227 -0.465952
v -0.150000 0.769227 -0.465952
v 0.150000 0.769428 -0.466086
v -0.150000 0.769428 -0.466086
v 0.150000 0.769626 -0.466217
v -0.150000 0.769626 -0.466217
v 0.150000 0.769823 -0.466343
v -0.150000 0.769823 -0.466343
v 0.150000 0.770018 -0.466466
v -0.150000 0.770018 -0.466466
v 0.150000 0.770212 -0.466585
v -0.150000 0.770212 -0.466585
v 0.150000 0.770404 -0.466700
v -0.150000 0.770404 -0.466700
v 0.150000 0.770594 -0.466811
v -0.150000 0.770594 -0.466811
v 0.150000 0.770783 -0.466919
v -0.150000 0.770783 -0.466919
v 0.150000 0.770970 -0.467022
v -0.150000 0.770970 -0.467022
v 0.150000 0.771155 -0.467121
v -0.150000 0.771155 -0.467121
v 0.150000 0.771339 -0.467217
v -0.150000 0.771339 -0.467217
v 0.150000 0.771520 -0.467309
v -0.150000 0.771520 -0.467309
v 0.150000 0.771701 -0.467396
v -0.150000 0.771701 -0.467396
v 0.150000 0.771879 -0.467480
v -0.150000 0.771879 -0.467480
v 0.150000 0.772056 -0.467560
v -0.150000 0.772056 -0.467560
v 0.150000 0.772231 -0.467636
v -0.150000 0.772231 -0.467636
v 0.150000 0.772405 -0.467708
v -0.150000 0.772405 -0.467708
v 0.150000 0.772577 -0.467777
v -0.150000 0.772577 -0.467777
v 0.150000 0.772747 -0.467841
v -0.150000 0.772747 -0.467841
v 0.150000 0.772915 -0.467901
v -0.150000 0.772915 -0.467901
v 0.150000 0.773082 -0.467958
v -0.150000 0.773082 -0.467958
v 0.150000 0.773247 -0.468010
v -0.150000 0.773247 -0.468010
v 0.150000 0.773411 -0.468059
v -0.150000 0.773411 -0.468059
v 0.150000 0.773573 -0.468104
v -0.150000 0.773573 -0.468104
v 0.150000 0.773733 -0.468145
v -0.150000 0.773733 -0.468145
v 0.150000 0.773891 -0.468182
v -0.150000 0.773891 -0.468182
v 0.150000 0.774048 -0.468215
v -0.150000 0.774048 -0.468215
v 0.150000 0.774203 -0.468244
v -0.150000 0.774203 -0.468244
v 0.150000 0.774357 -0.468270
v -0.150000 0.774357 -0.468270
v 0.150000 0.774509 -0.468291
v -0.150000 0.774509 -0.468291
v 0.150000 0.774659 -0.468309
v -0.150000 0.774659 -0.468309
v 0.150000 0.774807 -0.468322
v -0.150000 0.774807 -0.468322
v 0.150000 0.774954 -0.468332
v -0.150000 0.774954 -0.468332
v 0.150000 0.775099 -0.468338
v -0.150000 0.775099 -0.468338
v 0.150000 0.775242 -0.468340
v -0.150000 0.775242 -0.468340
v 0.150000 0.775614 -0.468334
v -0.150000 0.775614 -0.468334
v 0.150000 0.775980 -0.468316
v -0.150000 0.775980 -0.468316
v 0.150000 0.776339 -0.468286
v -0.150000 0.776339 -0.468286
v 0.150000 0.776693 -0.468244
v -0.150000 0.776693 -0.468244
v 0.150000 0.777041 -0.468190
v -0.150000 0.777041 -0.468190
v 0.150000 0.777383 -0.468124
v -0.150000 0.777383 -0.468124
v 0.150000 0.777720 -0.468047
v -0.150000 0.777720 -0.468047
v 0.150000 0.778050 -0.467957
v -0.150000 0.778050 -0.467957
v 0.150000 0.778375 -0.467855
v -0.150000 0.778375 -0.467855
v 0.150000 0.778694 -0.467741
v -0.150000 0.778694 -0.467741
v 0.150000 0.779007 -0.467615
v -0.150000 0.779007 -0.467615
v 0.150000 0.779314 -0.467478
v -0.150000 0.779314 -0.467478
v 0.150000 0.779615 -0.467328
v -0.150000 0.779615 -0.467328
v 0.150000 0.779910 -0.467166
v -0.150000 0.779910 -0.467166
v 0.150000 0.780200 -0.466993
v -0.150000 0.780200 -0.466993
v 0.150000 0.780484 -0.466807
v -0.150000 0.780484 -0.466807
v 0.150000 0.780761 -0.466609
v -0.150000 0.780761 -0.466609
v 0.150000 0.781033 -0.466400
v -0.150000 0.781033 -0.466400
v 0.150000 0.781299 -0.466178
v -0.150000 0.781299 -0.466178
v 0.150000 0.781560 -0.465945
v -0.150000 0.781560 -0.465945
v 0.150000 0.781814 -0.465699
v -0.150000 0.781814 -0.465699
v 0.150000 0.782063 -0.465441
v -0.150000 0.782063 -0.465441
v 0.150000 0.782306 -0.465172
v -0.150000 0.782306 -0.465172
v 0.150000 0.782542 -0.464891
v -0.150000 0.782542 -0.464891
v 0.150000 0.782773 -0.464597
v -0.150000 0.782773 -0.464597
v 0.150000 0.782999 -0.464292
v -0.150000 0.782999 -0.464292
v 0.150000 0.783218 -0.463974
v -0.150000 0.783218 -0.463974
v 0.150000 0.783432 -0.463645
v -0.150000 0.783432 -0.463645
v 0.150000 0.783639 -0.463304
v -0.150000 0.783639 -0.463304
v 0.150000 0.783841 -0.462950
v -0.150000 0.783841 -0.462950
v 0.150000 0.784037 -0.462585
v -0.150000 0.784037 -0.462585
v 0.150000 0.784227 -0.462208
v -0.150000 0.784227 -0.462208
v 0.150000 0.784411 -0.461818
v -0.150000 0.784411 -0.461818
v 0.150000 0.784590 -0.461417
v -0.150000 0.784590 -0.461417
v 0.150000 0.784762 -0.461004
v -0.150000 0.784762 -0.461004
v 0.150000 0.784929 -0.460579
v -0.150000 0.784929 -0.460579
v 0.150000 0.785090 -0.460142
v -0.150000 0.785090 -0.460142
v 0.150000 0.785245 -0.459692
v -0.150000 0.785245 -0.459692
v 0.150000 0.785394 -0.459231
v -0.150000 0.785394 -0.459231
v 0.150000 0.785537 -0.458758
v -0.150000 0.785537 -0.458758
v 0.150000 0.785675 -0.458273
v -0.150000 0.785675 -0.458273
v 0.150000 0.785806 -0.457776
v -0.150000 0.785806 -0.457776
v 0.150000 0.785932 -0.457267
v -0.150000 0.785932 -0.457267
v 0.150000 0.786052 -0.456746
v -0.150000 0.786052 -0.456746
v 0.150000 0.786166 -0.456213
v -0.150000 0.786166 -0.456213
v 0.150000 0.786274 -0.455668
v -0.150000 0.786274 -0.455668
v 0.150000 0.786377 -0.455111
v -0.150000 0.786377 -0.455111
v 0.150000 0.786473 -0.454542
v -0.150000 0.786473 -0.454542
v 0.150000 0.786564 -0.453961
v -0.150000 0.786564 -0.453961
v 0.150000 0.786649 -0.453368
v -0.150000 0.786649 -0.453368
v 0.150000 0.786728 -0.452764
v -0.150000 0.786728 -0.452764
v 0.150000 0.786801 -0.452147
v -0.150000 0.786801 -0.452147
v 0.150000 0.786868 -0.451518
v -0.150000 0.786868 -0.451518
v 0.150000 0.786929 -0.450877
v -0.150000 0.786929 -0.450877
v 0.150000 0.786985 -0.450224
v -0.150000 0.786985 -0.450224
v 0.150000 0.787035 -0.449560
v -0.150000 0.787035 -0.449560
v 0.150000 0.787079 -0.448883
v -0.150000 0.787079 -0.448883
v 0.150000 0.787117 -0.448194
v -0.150000 0.787117 -0.448194
v 0.150000 0.787149 -0.447494
v -0.150000 0.787149 -0.447494
v 0.150000 0.787175 -0.446781
v -0.150000 0.787175 -0.446781
v 0.150000 0.787196 -0.446056
v -0.150000 0.787196 -0.446056
v 0.150000 0.787210 -0.445320
v -0.150000 0.787210 -0.445320
v 0.150000 0.787219 -0.444571
v -0.150000 0.787219 -0.444571
v 0.150000 0.787222 -0.443811
v -0.150000 0.787222 -0.443811
v 0.150000 0.787212 -0.442685
v -0.150000 0.787212 -0.442685
v 0.150000 0.787181 -0.441553
v -0.150000 0.787181 -0.441553
v 0.150000 0.787129 -0.440415
v -0.150000 0.787129 -0.440415
v 0.150000 0.787057 -0.439272
v -0.150000 0.787057 -0.439272
v 0.150000 0.786964 -0.438122
v -0.150000 0.786964 -0.438122
v 0.150000 0.786851 -0.436967
v -0.150000 0.786851 -0.436967
v 0.150000 0.786717 -0.435806
v -0.150000 0.786717 -0.435806
v 0.150000 0.786562 -0.434639
v -0.150000 0.786562 -0.434639
v 0.150000 0.786387 -0.433466
v -0.150000 0.786387 -0.433466
v 0.150000 0.786191 -0.432287
v -0.150000 0.786191 -0.432287
v 0.150000 0.785975 -0.431103
v -0.150000 0.785975 -0.431103
v 0.150000 0.785738 -0.429913
v -0.150000 0.785738 -0.429913
v 0.150000 0.785480 -0.428716
v -0.150000 0.785480 -0.428716
v 0.150000 0.785202 -0.427514
v -0.150000 0.785202 -0.427514
v 0.150000 0.784903 -0.426306
v -0.150000 0.784903 -0.426306
v 0.150000 0.784584 -0.425093
v -0.150000 0.784584 -0.425093
v 0.150000 0.784243 -0.423873
v -0.150000 0.784243 -0.423873
v 0.150000 0.783883 -0.422648
v -0.150000 0.783883 -0.422648
v 0.150000 0.783501 -0.421416
v -0.150000 0.783501 -0.421416
v 0.150000 0.783100 -0.420179
v -0.150000 0.783100 -0.420179
v 0.150000 0.782677 -0.418936
v -0.150000 0.782677 -0.418936
v 0.150000 0.782234 -0.417687
v -0.150000 0.782234 -0.417687
v 0.150000 0.781770 -0.416433
v -0.150000 0.781770 -0.416433
v 0.150000 0.781286 -0.415172
v -0.150000 0.781286 -0.415172
v 0.150000 0.780781 -0.413906
v -0.150000 0.780781 -0.413906
v 0.150000 0.780255 -0.412634
v -0.150000 0.780255 -0.412634
v 0.150000 0.779709 -0.411356
v -0.150000 0.779709 -0.411356
v 0.150000 0.779142 -0.410072
v -0.150000 0.779142 -0.410072
v 0.150000 0.778555 -0.408782
v -0.150000 0.778555 -0.408782
v 0.150000 0.777947 -0.407486
v -0.150000 0.777947 -0.407486
v 0.150000 0.777318 -0.406185
v -0.150000 0.777318 -0.406185
v 0.150000 0.776669 -0.404877
v -0.150000 0.776669 -0.404877
v 0.150000 0.775999 -0.403564
v -0.150000 0.775999 -0.403564
v 0.150000 0.775308 -0.402245
v -0.150000 0.775308 -0.402245
v 0.150000 0.774597 -0.400920
v -0.150000 0.774597 -0.400920
v 0.150000 0.773865 -0.399590
v -0.150000 0.773865 -0.399590
v 0.150000 0.773113 -0.398253
v -0.150000 0.773113 -0.398253
v 0.150000 0.772340 -0.396911
v -0.150000 0.772340 -0.396911
v 0.150000 0.771547 -0.395562
v -0.150000 0.771547 -0.395562
v 0.150000 0.770732 -0.394208
v -0.150000 0.770732 -0.394208
v 0.150000 0.769898 -0.392848
v -0.150000 0.769898 -0.392848
v 0.150000 0.769042 -0.391482
v -0.150000 0.769042 -0.391482
v 0.150000 0.768166 -0.390111
v -0.150000 0.768166 -0.390111
v 0.150000 0.767270 -0.388733
v -0.150000 0.767270 -0.388733
v 0.150000 0.766352 -0.387350
v -0.150000 0.766352 -0.387350
v 0.150000 0.765414 -0.385961
v -0.150000 0.765414 -0.385961
v 0.150000 0.764456 -0.384565
v -0.150000 0.764456 -0.384565
v 0.150000 0.763477 -0.383165
v -0.150000 0.763477 -0.383165
v 0.150000 0.762477 -0.381758
v -0.150000 0.762477 -0.381758
v 0.150000 0.761457 -0.380345
v -0.150000 0.761457 -0.380345
v 0.150000 0.760416 -0.378927
v -0.150000 0.760416 -0.378927
v 0.150000 0.759355 -0.377502
v -0.150000 0.759355 -0.377502
v 0.150000 0.758272 -0.376072
v -0.150000 0.758272 -0.376072
v 0.150000 0.757170 -0.374636
v -0.150000 0.757170 -0.374636
v 0.150000 0.756046 -0.373194
v -0.150000 0.756046 -0.373194
v 0.150000 0.754902 -0.371747
v -0.150000 0.754902 -0.371747
v 0.150000 0.753738 -0.370293
v -0.150000 0.753738 -0.370293
v 0.150000 0.752553 -0.368834
v -0.150000 0.752553 -0.368834
v 0.150000 0.751347 -0.367368
v -0.150000 0.751347 -0.367368
v 0.150000 0.750120 -0.365897
v -0.150000 0.750120 -0.365897
v 0.150000 0.748873 -0.364420
v -0.150000 0.748873 -0.364420
v 0.150000 0.747606 -0.362938
v -0.150000 0.747606 -0.362938
v 0.150000 0.746318 -0.361449
v -0.150000 0.746318 -0.361449
v 0.150000 0.745009 -0.359954
v -0.150000 0.745009 -0.359954
v 0.150000 0.743281 -0.357885
v -0.150000 0.743281 -0.357885
v 0.150000 0.741558 -0.355848
v -0.150000 0.741558 -0.355848
v 0.150000 0.739839 -0.353844
v -0.150000 0.739839 -0.353844
v 0.150000 0.738123 -0.351872
v -0.150000 0.738123 -0.351872
v 0.150000 0.736411 -0.349933
v -0.150000 0.736411 -0.349933
v 0.150000 0.734704 -0.348027
v -0.150000 0.734704 -0.348027
v 0.150000 0.733000 -0.346153
v -0.150000 0.733000 -0.346153
v 0.150000 0.731300 -0.344312
v -0.150000 0.731300 -0.344312
v 0.150000 0.729604 -0.342503
v -0.150000 0.729604 -0.342503
v 0.150000 0.727912 -0.340727
v -0.150000 0.727912 -0.340727
v 0.150000 0.726224 -0.338983
v -0.150000 0.726224 -0.338983
v 0.150000 0.724539 -0.337272
v -0.150000 0.724539 -0.337272
v 0.150000 0.722859 -0.335594
v -0.150000 0.722859 -0.335594
v 0.150000 0.721182 -0.333948
v -0.150000 0.721182 -0.333948
v 0.150000 0.719510 -0.332335
v -0.150000 0.719510 -0.332335
v 0.150000 0.717841 -0.330754
v -0.150000 0.717841 -0.330754
v 0.150000 0.716176 -0.329206
v -0.150000 0.716176 -0.329206
v 0.150000 0.714515 -0.327691
v -0.150000 0.714515 -0.327691
v 0.150000 0.712858 -0.326208
v -0.150000 0.712858 -0.326208
v 0.150000 0.711205 -0.324758
v -0.150000 0.711205 -0.324758
v 0.150000 0.709556 -0.323340
v -0.150000 0.709556 -0.323340
v 0.150000 0.707910 -0.321955
v -0.150000 0.707910 -0.321955
v 0.150000 0.706269 -0.320603
v -0.150000 0.706269 -0.320603
v 0.150000 0.704631 -0.319283
v -0.150000 0.704631 -0.319283
v 0.150000 0.702998 -0.317996
v -0.150000 0.702998 -0.317996
v 0.150000 0.701368 -0.316741
v -0.150000 0.701368 -0.316741
v 0.150000 0.699742 -0.315519
v -0.150000 0.699742 -0.315519
v 0.150000 0.698120 -0.314330
v -0.150000 0.698120 -0.314330
v 0.150000 0.696502 -0.313173
v -0.150000 0.696502 -0.313173
v 0.150000 0.694888 -0.312048
v -0.150000 0.694888 -0.312048
v 0.150000 0.693278 -0.310957
v -0.150000 0.693278 -0.310957
v 0.150000 0.691671 -0.309897
v -0.150000 0.691671 -0.309897
v 0.150000 0.690069 -0.308871
v -0.150000 0.690069 -0.308871
v 0.150000 0.688470 -0.307877
v -0.150000 0.688470 -0.307877
v 0.150000 0.686876 -0.306915
v -0.150000 0.686876 -0.306915
v 0.150000 0.685285 -0.305987
v -0.150000 0.685285 -0.305987
v 0.150000 0.683698 -0.305090
v -0.150000 0.683698 -0.305090
v 0.150000 0.682115 -0.304227
v -0.150000 0.682115 -0.304227
v 0.150000 0.680536 -0.303396
v -0.150000 0.680536 -0.303396
v 0.150000 0.678961 -0.302597
v -0.150000 0.678961 -0.302597
v 0.150000 0.677390 -0.301831
v -0.150000 0.677390 -0.301831
v 0.150000 0.675822 -0.301098
v -0.150000 0.675822 -0.301098
v 0.150000 0.674259 -0.300398
v -0.150000 0.674259 -0.300398
v 0.150000 0.672700 -0.299729
v -0.150000 0.672700 -0.299729
v 0.150000 0.671144 -0.299094
v -0.150000 0.671144 -0.299094
v 0.150000 0.669592 -0.298491
v -0.150000 0.669592 -0.298491
v 0.150000 0.668044 -0.297921
v -0.150000 0.668044 -0.297921
v 0.150000 0.666500 -0.297383
v -0.150000 0.666500 -0.297383
v 0.150000 0.664960 -0.296878
v -0.150000 0.664960 -0.296878
v 0.150000 0.663424 -0.296405
v -0.150000 0.663424 -0.296405
v 0.150000 0.661892 -0.295965
v -0.150000 0.661892 -0.295965
v 0.150000 0.660364 -0.295558
v -0.150000 0.660364 -0.295558
v 0.150000 0.658839 -0.295183
v -0.150000 0.658839 -0.295183
v 0.150000 0.657319 -0.294841
v -0.150000 0.657319 -0.294841
v 0.150000 0.655802 -0.294532
v -0.150000 0.655802 -0.294532
v 0.150000 0.654289 -0.294255
v -0.150000 0.654289 -0.294255
v 0.150000 0.652780 -0.294010
v -0.150000 0.652780 -0.294010
v 0.150000 0.651275 -0.293798
v -0.150000 0.651275 -0.293798
v 0.150000 0.649774 -0.293619
v -0.150000 0.649774 -0.293619
v 0.150000 0.648277 -0.293472
v -0.150000 0.648277 -0.293472
v 0.150000 0.646784 -0.293358
v -0.150000 0.646784 -0.293358
v 0.150000 0.645294 -0.293277
v -0.150000 0.645294 -0.293277
v 0.150000 0.643809 -0.293228
v -0.150000 0.643809 -0.293228
v 0.150000 0.642327 -0.293212
v -0.150000 0.642327 -0.293212
v 0.150000 0.641457 -0.293214
v -0.150000 0.641457 -0.293214
v 0.150000 0.640591 -0.293222
v -0.150000 0.640591 -0.293222
v 0.150000 0.639731 -0.293234
v -0.150000 0.639731 -0.293234
v 0.150000 0.638876 -0.293252
v -0.150000 0.638876 -0.293252
v 0.150000 0.638026 -0.293274
v -0.150000 0.638026 -0.293274
v 0.150000 0.637182 -0.293302
v -0.150000 0.637182 -0.293302
v 0.150000 0.636343 -0.293334
v -0.150000 0.636343 -0.293334
v 0.150000 0.635509 -0.293372
v -0.150000 0.635509 -0.293372
v 0.150000 0.634680 -0.293415
v -0.150000 0.634680 -0.293415
v 0.150000 0.633857 -0.293462
v -0.150000 0.633857 -0.293462
v 0.150000 0.633039 -0.293515
v -0.150000 0.633039 -0.293515
v 0.150000 0.632226 -0.293573
v -0.150000 0.632226 -0.293573
v 0.150000 0.631419 -0.293635
v -0.150000 0.631419 -0.293635
v 0.150000 0.630617 -0.293703
v -0.150000 0.630617 -0.293703
v 0.150000 0.629820 -0.293776
v -0.150000 0.629820 -0.293776
v 0.150000 0.629029 -0.293853
v -0.150000 0.629029 -0.293853
v 0.150000 0.628243 -0.293936
v -0.150000 0.628243 -0.293936
v 0.150000 0.627462 -0.294024
v -0.150000 0.627462 -0.294024
v 0.150000 0.626686 -0.294117
v -0.150000 0.626686 -0.294117
v 0.150000 0.625916 -0.294214
v -0.150000 0.625916 -0.294214
v 0.150000 0.625151 -0.294317
v -0.150000 0.625151 -0.294317
v 0.150000 0.624391 -0.294425
v -0.150000 0.624391 -0.294425
v 0.150000 0.623637 -0.294538
v -0.150000 0.623637 -0.294538
v 0.150000 0.622888 -0.294656
v -0.150000 0.622888 -0.294656
v 0.150000 0.622144 -0.294778
v -0.150000 0.622144 -0.294778
v 0.150000 0.621405 -0.294906
v -0.150000 0.621405 -0.294906
v 0.150000 0.620672 -0.295039
v -0.150000 0.620672 -0.295039
v 0.150000 0.619944 -0.295177
v -0.150000 0.619944 -0.295177
v 0.150000 0.619221 -0.295320
v -0.150000 0.619221 -0.295320
v 0.150000 0.618504 -0.295468
v -0.150000 0.618504 -0.295468
v 0.150000 0.617792 -0.295621
v -0.150000 0.617792 -0.295621
v 0.150000 0.617085 -0.295779
v -0.150000 0.617085 -0.295779
v 0.150000 0.616384 -0.295942
v -0.150000 0.616384 -0.295942
v 0.150000 0.615687 -0.296110
v -0.150000 0.615687 -0.296110
v 0.150000 0.614996 -0.296283
v -0.150000 0.614996 -0.296283
v 0.150000 0.614311 -0.296461
v -0.150000 0.614311 -0.296461
v 0.150000 0.613630 -0.296644
v -0.150000 0.613630 -0.296644
v 0.150000 0.612955 -0.296832
v -0.150000 0.612955 -0.296832
v 0.150000 0.612286 -0.297025
v -0.150000 0.612286 -0.297025
v 0.150000 0.611621 -0.297223
v -0.150000 0.611621 -0.297223
v 0.150000 0.610962 -0.297426
v -0.150000 0.610962 -0.297426
v 0.150000 0.610308 -0.297634
v -0.150000 0.610308 -0.297634
v 0.150000 0.609660 -0.297847
v -0.150000 0.609660 -0.297847
v 0.150000 0.609016 -0.298065
v -0.150000 0.609016 -0.298065
v 0.150000 0.608378 -0.298288
v -0.150000 0.608378 -0.298288
v 0.150000 0.607746 -0.298516
v -0.150000 0.607746 -0.298516
v 0.150000 0.607118 -0.298749
v -0.150000 0.607118 -0.298749
v 0.150000 0.606496 -0.298987
v -0.150000 0.606496 -0.298987
v 0.150000 0.605879 -0.299231
v -0.150000 0.605879 -0.299231
v 0.150000 0.605268 -0.299479
v -0.150000 0.605268 -0.299479
v 0.150000 0.604661 -0.299732
v -0.150000 0.604661 -0.299732
v 0.150000 0.604061 -0.299990
v -0.150000 0.604061 -0.299990
v 0.150000 0.603465 -0.300253
v -0.150000 0.603465 -0.300253
v 0.150000 0.602874 -0.300522
v -0.150000 0.602874 -0.300522
v 0.150000 0.602289 -0.300795
v -0.150000 0.602289 -0.300795
v 0.150000 0.601710 -0.301073
v -0.150000 0.601710 -0.301073
v 0.150000 0.601135 -0.301356
v -0.150000 0.601135 -0.301356
v 0.150000 0.600566 -0.301645
v -0.150000 0.600566 -0.301645
v 0.150000 0.600002 -0.301938
v -0.150000 0.600002 -0.301938
v 0.150000 0.599443 -0.302236
v -0.150000 0.599443 -0.302236
v 0.150000 0.598890 -0.302540
v -0.150000 0.598890 -0.302540
v 0.150000 0.598342 -0.302848
v -0.150000 0.598342 -0.302848
v 0.150000 0.597799 -0.303161
v -0.150000 0.597799 -0.303161
v 0.150000 0.597262 -0.303480
v -0.150000 0.597262 -0.303480
v 0.150000 0.595378 -0.304099
v -0.150000 0.595378 -0.304099
v 0.150000 0.593471 -0.304708
v -0.150000 0.593471 -0.304708
v 0.150000 0.591540 -0.305308
v -0.150000 0.591540 -0.305308
v 0.150000 0.589585 -0.305898
v -0.150000 0.589585 -0.305898
v 0.150000 0.587607 -0.306478
v -0.150000 0.587607 -0.306478
v 0.150000 0.585605 -0.307048
v -0.150000 0.585605 -0.307048
v 0.150000 0.583579 -0.307608
v -0.150000 0.583579 -0.307608
v 0.150000 0.581530 -0.308159
v -0.150000 0.581530 -0.308159
v 0.150000 0.579457 -0.308700
v -0.150000 0.579457 -0.308700
v 0.150000 0.577360 -0.309232
v -0.150000 0.577360 -0.309232
v 0.150000 0.575240 -0.309753
v -0.150000 0.575240 -0.309753
v 0.150000 0.573096 -0.310265
v -0.150000 0.573096 -0.310265
v 0.150000 0.570928 -0.310767
v -0.150000 0.570928 -0.310767
v 0.150000 0.568737 -0.311259
v -0.150000 0.568737 -0.311259
v 0.150000 0.566521 -0.311742
v -0.150000 0.566521 -0.311742
v 0.150000 0.564283 -0.312215
v -0.150000 0.564283 -0.312215
v 0.150000 0.562020 -0.312678
v -0.150000 0.562020 -0.312678
v 0.150000 0.559734 -0.313131
v -0.150000 0.559734 -0.313131
v 0.150000 0.557424 -0.313575
v -0.150000 0.557424 -0.313575
v 0.150000 0.555091 -0.314009
v -0.150000 0.555091 -0.314009
v 0.150000 0.552734 -0.314433
v -0.150000 0.552734 -0.314433
v 0.150000 0.550353 -0.314847
v -0.150000 0.550353 -0.314847
v 0.150000 0.547948 -0.315252
v -0.150000 0.547948 -0.315252
v 0.150000 0.545520 -0.315646
v -0.150000 0.545520 -0.315646
v 0.150000 0.543068 -0.316031
v -0.150000 0.543068 -0.316031
v 0.150000 0.540593 -0.316407
v -0.150000 0.540593 -0.316407
v 0.150000 0.538094 -0.316772
v -0.150000 0.538094 -0.316772
v 0.150000 0.535571 -0.317128
v -0.150000 0.535571 -0.317128
v 0.150000 0.533024 -0.317474
v -0.150000 0.533024 -0.317474
v 0.150000 0.530454 -0.317811
v -0.150000 0.530454 -0.317811
v 0.150000 0.527860 -0.318137
v -0.150000 0.527860 -0.318137
v 0.150000 0.525243 -0.318454
v -0.150000 0.525243 -0.318454
v 0.150000 0.522601 -0.318761
v -0.150000 0.522601 -0.318761
v 0.150000 0.519936 -0.319059
v -0.150000 0.519936 -0.319059
v 0.150000 0.517248 -0.319346
v -0.150000 0.517248 -0.319346
v 0.150000 0.514535 -0.319624
v -0.150000 0.514535 -0.319624
v 0.150000 0.511800 -0.319892
v -0.150000 0.511800 -0.319892
v 0.150000 0.509040 -0.320150
v -0.150000 0.509040 -0.320150
v 0.150000 0.506257 -0.320399
v -0.150000 0.506257 -0.320399
v 0.150000 0.503450 -0.320638
v -0.150000 0.503450 -0.320638
v 0.150000 0.500619 -0.320867
v -0.150000 0.500619 -0.320867
v 0.150000 0.497765 -0.321086
v -0.150000 0.497765 -0.321086
v 0.150000 0.494887 -0.321296
v -0.150000 0.494887 -0.321296
v 0.150000 0.491985 -0.321496
v -0.150000 0.491985 -0.321496
v 0.150000 0.489060 -0.321686
v -0.150000 0.489060 -0.321686
v 0.150000 0.486110 -0.321866
v -0.150000 0.486110 -0.321866
v 0.150000 0.483138 -0.322037
v -0.150000 0.483138 -0.322037
v 0.150000 0.480141 -0.322198
v -0.150000 0.480141 -0.322198
v 0.150000 0.477121 -0.322349
v -0.150000 0.477121 -0.322349
v 0.150000 0.474078 -0.322490
v -0.150000 0.474078 -0.322490
v 0.150000 0.471010 -0.322622
v -0.150000 0.471010 -0.322622
v 0.150000 0.467919 -0.322744
v -0.150000 0.467919 -0.322744
v 0.150000 0.464804 -0.322856
v -0.150000 0.464804 -0.322856
v 0.150000 0.461666 -0.322958
v -0.150000 0.461666 -0.322958
v 0.150000 0.458504 -0.323051
v -0.150000 0.458504 -0.323051
v 0.150000 0.455318 -0.323134
v -0.150000 0.455318 -0.323134
v 0.150000 0.452108 -0.323207
v -0.150000 0.452108 -0.323207
v 0.150000 0.448875 -0.323270
v -0.150000 0.448875 -0.323270
v 0.150000 0.445618 -0.323324
v -0.150000 0.445618 -0.323324
v 0.150000 0.442338 -0.323368
v -0.150000 0.442338 -0.323368
v 0.150000 0.439034 -0.323402
v -0.150000 0.439034 -0.323402
v 0.150000 0.435706 -0.323426
v -0.150000 0.435706 -0.323426
v 0.150000 0.432354 -0.323441
v -0.150000 0.432354 -0.323441
v 0.150000 0.428979 -0.323446
v -0.150000 0.428979 -0.323446
v 0.150000 0.425973 -0.323439
v -0.150000 0.425973 -0.323439
v 0.150000 0.422982 -0.323420
v -0.150000 0.422982 -0.323420
v 0.150000 0.420005 -0.323389
v -0.150000 0.420005 -0.323389
v 0.150000 0.417042 -0.323345
v -0.150000 0.417042 -0.323345
v 0.150000 0.414093 -0.323289
v -0.150000 0.414093 -0.323289
v 0.150000 0.411158 -0.323220
v -0.150000 0.411158 -0.323220
v 0.150000 0.408238 -0.323138
v -0.150000 0.408238 -0.323138
v 0.150000 0.405332 -0.323044
v -0.150000 0.405332 -0.323044
v 0.150000 0.402440 -0.322938
v -0.150000 0.402440 -0.322938
v 0.150000 0.399562 -0.322819
v -0.150000 0.399562 -0.322819
v 0.150000 0.396699 -0.322687
v -0.150000 0.396699 -0.322687
v 0.150000 0.393849 -0.322543
v -0.150000 0.393849 -0.322543
v 0.150000 0.391014 -0.322386
v -0.150000 0.391014 -0.322386
v 0.150000 0.388193 -0.322217
v -0.150000 0.388193 -0.322217
v 0.150000 0.385387 -0.322035
v -0.150000 0.385387 -0.322035
v 0.150000 0.382594 -0.321841
v -0.150000 0.382594 -0.321841
v 0.150000 0.379816 -0.321634
v -0.150000 0.379816 -0.321634
v 0.150000 0.377052 -0.321415
v -0.150000 0.377052 -0.321415
v 0.150000 0.374302 -0.321183
v -0.150000 0.374302 -0.321183
v 0.150000 0.371566 -0.320939
v -0.150000 0.371566 -0.320939
v 0.150000 0.368845 -0.320682
v -0.150000 0.368845 -0.320682
v 0.150000 0.366137 -0.320412
v -0.150000 0.366137 -0.320412
v 0.150000 0.363444 -0.320130
v -0.150000 0.363444 -0.320130
v 0.150000 0.360765 -0.319836
v -0.150000 0.360765 -0.319836
v 0.150000 0.358101 -0.319529
v -0.150000 0.358101 -0.319529
v 0.150000 0.355450 -0.319209
v -0.150000 0.355450 -0.319209
v 0.150000 0.352814 -0.318877
v -0.150000 0.352814 -0.318877
v 0.150000 0.350192 -0.318532
v -0.150000 0.350192 -0.318532
v 0.150000 0.347584 -0.318175
v -0.150000 0.347584 -0.318175
v 0.150000 0.344991 -0.317805
v -0.150000 0.344991 -0.317805
v 0.150000 0.342411 -0.317423
v -0.150000 0.342411 -0.317423
v 0.150000 0.339846 -0.317028
v -0.150000 0.339846 -0.317028
v 0.150000 0.337295 -0.316621
v -0.150000 0.337295 -0.316621
v 0.150000 0.334758 -0.316201
v -0.150000 0.334758 -0.316201
v 0.150000 0.332236 -0.315768
v -0.150000 0.332236 -0.315768
v 0.150000 0.329727 -0.315323
v -0.150000 0.329727 -0.315323
v 0.150000 0.327233 -0.314866
v -0.150000 0.327233 -0.314866
v 0.150000 0.324753 -0.314396
v -0.150000 0.324753 -0.314396
v 0.150000 0.322287 -0.313913
v -0.150000 0.322287 -0.313913
v 0.150000 0.319836 -0.313418
v -0.150000 0.319836 -0.313418
v 0.150000 0.317398 -0.312910
v -0.150000 0.317398 -0.312910
v 0.150000 0.314975 -0.312390
v -0.150000 0.314975 -0.312390
v 0.150000 0.312566 -0.311858
v -0.150000 0.312566 -0.311858
v 0.150000 0.310171 -0.311312
v -0.150000 0.310171 -0.311312
v 0.150000 0.307791 -0.310755
v -0.150000 0.307791 -0.310755
v 0.150000 0.305424 -0.310184
v -0.150000 0.305424 -0.310184
v 0.150000 0.303072 -0.309601
v -0.150000 0.303072 -0.309601
v 0.150000 0.300734 -0.309006
v -0.150000 0.300734 -0.309006
v 0.150000 0.298411 -0.308398
v -0.150000 0.298411 -0.308398
v 0.150000 0.296101 -0.307778
v -0.150000 0.296101 -0.307778
v 0.150000 0.293806 -0.307145
v -0.150000 0.293806 -0.307145
v 0.150000 0.291525 -0.306499
v -0.150000 0.291525 -0.306499
v 0.150000 0.289258 -0.305841
v -0.150000 0.289258 -0.305841
v 0.150000 0.287005 -0.305171
v -0.150000 0.287005 -0.305171
v 0.150000 0.284767 -0.304487
v -0.150000 0.284767 -0.304487
v 0.150000 0.282542 -0.303792
v -0.150000 0.282542 -0.303792
v 0.150000 0.280332 -0.303084
v -0.150000 0.280332 -0.303084
v 0.150000 0.278136 -0.302363
v -0.150000 0.278136 -0.302363
v 0.150000 0.275955 -0.301630
v -0.150000 0.275955 -0.301630
v 0.150000 0.273787 -0.300884
v -0.150000 0.273787 -0.300884
v 0.150000 0.271634 -0.300125
v -0.150000 0.271634 -0.300125
v 0.150000 0.269495 -0.299355
v -0.150000 0.269495 -0.299355
v 0.150000 0.267370 -0.298571
v -0.150000 0.267370 -0.298571
v 0.150000 0.265260 -0.297775
v -0.150000 0.265260 -0.297775
v 0.150000 0.263491 -0.297096
v -0.150000 0.263491 -0.297096
v 0.150000 0.261750 -0.296413
v -0.150000 0.261750 -0.296413
v 0.150000 0.260037 -0.295725
v -0.150000 0.260037 -0.295725
v 0.150000 0.258352 -0.295034
v -0.150000 0.258352 -0.295034
v 0.150000 0.256694 -0.294339
v -0.150000 0.256694 -0.294339
v 0.150000 0.255065 -0.293641
v -0.150000 0.255065 -0.293641
v 0.150000 0.253463 -0.292938
v -0.150000 0.253463 -0.292938
v 0.150000 0.251890 -0.292231
v -0.150000 0.251890 -0.292231
v 0.150000 0.250344 -0.291521
v -0.150000 0.250344 -0.291521
v 0.150000 0.248826 -0.290806
v -0.150000 0.248826 -0.290806
v 0.150000 0.247335 -0.290088
v -0.150000 0.247335 -0.290088
v 0.150000 0.245873 -0.289366
v -0.150000 0.245873 -0.289366
v 0.150000 0.244439 -0.288639
v -0.150000 0.244439 -0.288639
v 0.150000 0.243032 -0.287909
v -0.150000 0.243032 -0.287909
v 0.150000 0.241653 -0.287175
v -0.150000 0.241653 -0.287175
v 0.150000 0.240302 -0.286438
v -0.150000 0.240302 -0.286438
v 0.150000 0.238979 -0.285696
v -0.150000 0.238979 -0.285696
v 0.150000 0.237684 -0.284950
v -0.150000 0.237684 -0.284950
v 0.150000 0.236417 -0.284201
v -0.150000 0.236417 -0.284201
v 0.150000 0.235177 -0.283447
v -0.150000 0.235177 -0.283447
v 0.150000 0.233966 -0.282690
v -0.150000 0.233966 -0.282690
v 0.150000 0.232782 -0.281929
v -0.150000 0.232782 -0.281929
v 0.150000 0.231626 -0.281163
v -0.150000 0.231626 -0.281163
v 0.150000 0.230498 -0.280394
v -0.150000 0.230498 -0.280394
v 0.150000 0.229397 -0.279621
v -0.150000 0.229397 -0.279621
v 0.150000 0.228325 -0.278845
v -0.150000 0.228325 -0.278845
v 0.150000 0.227281 -0.278064
v -0.150000 0.227281 -0.278064
v 0.150000 0.226264 -0.277279
v -0.150000 0.226264 -0.277279
v 0.150000 0.225275 -0.276491
v -0.150000 0.225275 -0.276491
v 0.150000 0.224314 -0.275698
v -0.150000 0.224314 -0.275698
v 0.150000 0.223381 -0.274902
v -0.150000 0.223381 -0.274902
v 0.150000 0.222476 -0.274102
v -0.150000 0.222476 -0.274102
v 0.150000 0.221598 -0.273297
v -0.150000 0.221598 -0.273297
v 0.150000 0.220749 -0.272489
v -0.150000 0.220749 -0.272489
v 0.150000 0.219927 -0.271677
v -0.150000 0.219927 -0.271677
v 0.150000 0.219133 -0.270862
v -0.150000 0.219133 -0.270862
v 0.150000 0.218367 -0.270042
v -0.150000 0.218367 -0.270042
v 0.150000 0.217629 -0.269218
v -0.150000 0.217629 -0.269218
v 0.150000 0.216919 -0.268391
v -0.150000 0.216919 -0.268391
v 0.150000 0.216236 -0.267559
v -0.150000 0.216236 -0.267559
v 0.150000 0.215582 -0.266724
v -0.150000 0.215582 -0.266724
v 0.150000 0.214955 -0.265885
v -0.150000 0.214955 -0.265885
v 0.150000 0.214356 -0.265042
v -0.150000 0.214356 -0.265042
v 0.150000 0.213785 -0.264194
v -0.150000 0.213785 -0.264194
v 0.150000 0.213242 -0.263344
v -0.150000 0.213242 -0.263344
v 0.150000 0.212727 -0.262489
v -0.150000 0.212727 -0.262489
v 0.150000 0.212239 -0.261630
v -0.150000 0.212239 -0.261630
v 0.150000 0.211780 -0.260767
v -0.150000 0.211780 -0.260767
v 0.150000 0.211348 -0.259901
v -0.150000 0.211348 -0.259901
v 0.150000 0.210944 -0.259030
v -0.150000 0.210944 -0.259030
v 0.150000 0.210568 -0.258156
v -0.150000 0.210568 -0.258156
v 0.150000 0.210220 -0.257278
v -0.150000 0.210220 -0.257278
v 0.150000 0.209900 -0.256396
v -0.150000 0.209900 -0.256396
v 0.150000 0.209607 -0.255510
v -0.150000 0.209607 -0.255510
v 0.150000 0.209343 -0.254620
v -0.150000 0.209343 -0.254620
v 0.150000 0.209106 -0.253726
v -0.150000 0.209106 -0.253726
v 0.150000 0.208897 -0.252828
v -0.150000 0.208897 -0.252828
v 0.150000 0.208716 -0.251926
v -0.150000 0.208716 -0.251926
v 0.150000 0.208563 -0.251021
v -0.150000 0.208563 -0.251021
v 0.150000 0.208437 -0.250111
v -0.150000 0.208437 -0.250111
v 0.150000 0.208340 -0.249198
v -0.150000 0.208340 -0.249198
v 0.150000 0.208270 -0.248281
v -0.150000 0.208270 -0.248281
v 0.150000 0.208228 -0.247360
v -0.150000 0.208228 -0.247360
v 0.150000 0.208214 -0.246435
v -0.150000 0.208214 -0.246435
v 0.150000 0.208220 -0.246042
v -0.150000 0.208220 -0.246042
v 0.150000 0.208235 -0.245648
v -0.150000 0.208235 -0.245648
v 0.150000 0.208261 -0.245252
v -0.150000 0.208261 -0.245252
v 0.150000 0.208297 -0.244855
v -0.150000 0.208297 -0.244855
v 0.150000 0.208343 -0.244456
v -0.150000 0.208343 -0.244456
v 0.150000 0.208400 -0.244057
v -0.150000 0.208400 -0.244057
v 0.150000 0.208467 -0.243655
v -0.150000 0.208467 -0.243655
v 0.150000 0.208544 -0.243253
v -0.150000 0.208544 -0.243253
v 0.150000 0.208632 -0.242849
v -0.150000 0.208632 -0.242849
v 0.150000 0.208730 -0.242443
v -0.150000 0.208730 -0.242443
v 0.150000 0.208838 -0.242036
v -0.150000 0.208838 -0.242036
v 0.150000 0.208957 -0.241628
v -0.150000 0.208957 -0.241628
v 0.150000 0.209085 -0.241219
v -0.150000 0.209085 -0.241219
v 0.150000 0.209224 -0.240808
v -0.150000 0.209224 -0.240808
v 0.150000 0.209374 -0.240395
v -0.150000 0.209374 -0.240395
v 0.150000 0.209534 -0.239981
v -0.150000 0.209534 -0.239981
v 0.150000 0.209704 -0.239566
v -0.150000 0.209704 -0.239566
v 0.150000 0.209884 -0.239150
v -0.150000 0.209884 -0.239150
v 0.150000 0.210075 -0.238732
v -0.150000 0.210075 -0.238732
v 0.150000 0.210276 -0.238312
v -0.150000 0.210276 -0.238312
v 0.150000 0.210487 -0.237892
v -0.150000 0.210487 -0.237892
v 0.150000 0.210709 -0.237470
v -0.150000 0.210709 -0.237470
v 0.150000 0.210940 -0.237046
v -0.150000 0.210940 -0.237046
v 0.150000 0.211183 -0.236621
v -0.150000 0.211183 -0.236621
v 0.150000 0.211435 -0.236195
v -0.150000 0.211435 -0.236195
v 0.150000 0.211698 -0.235767
v -0.150000 0.211698 -0.235767
v 0.150000 0.211971 -0.235338
v -0.150000 0.211971 -0.235338
v 0.150000 0.212254 -0.234908
v -0.150000 0.212254 -0.234908
v 0.150000 0.212548 -0.234476
v -0.150000 0.212548 -0.234476
v 0.150000 0.212852 -0.234042
v -0.150000 0.212852 -0.234042
v 0.150000 0.213167 -0.233608
v -0.150000 0.213167 -0.233608
v 0.150000 0.213491 -0.233172
v -0.150000 0.213491 -0.233172
v 0.150000 0.213826 -0.232734
v -0.150000 0.213826 -0.232734
v 0.150000 0.214171 -0.232295
v -0.150000 0.214171 -0.232295
v 0.150000 0.214527 -0.231855
v -0.150000 0.214527 -0.231855
v 0.150000 0.214893 -0.231414
v -0.150000 0.214893 -0.231414
v 0.150000 0.215269 -0.230971
v -0.150000 0.215269 -0.230971
v 0.150000 0.215655 -0.230526
v -0.150000 0.215655 -0.230526
v 0.150000 0.216052 -0.230080
v -0.150000 0.216052 -0.230080
v 0.150000 0.216459 -0.229633
v -0.150000 0.216459 -0.229633
v 0.150000 0.216877 -0.229185
v -0.150000 0.216877 -0.229185
v 0.150000 0.217304 -0.228735
v -0.150000 0.217304 -0.228735
v 0.150000 0.217742 -0.228283
v -0.150000 0.217742 -0.228283
v 0.150000 0.218191 -0.227830
v -0.150000 0.218191 -0.227830
v 0.150000 0.218649 -0.227376
v -0.150000 0.218649 -0.227376
v 0.150000 0.219118 -0.226921
v -0.150000 0.219118 -0.226921
v 0.150000 0.219597 -0.226464
v -0.150000 0.219597 -0.226464
v 0.150000 0.220087 -0.226005
v -0.150000 0.220087 -0.226005
v 0.150000 0.220587 -0.225546
v -0.150000 0.220587 -0.225546
v 0.150000 0.221097 -0.225085
v -0.150000 0.221097 -0.225085
v 0.150000 0.221617 -0.224622
v -0.150000 0.221617 -0.224622
v 0.150000 0.222148 -0.224158
v -0.150000 0.222148 -0.224158
v 0.150000 0.222689 -0.223693
v -0.150000 0.222689 -0.223693
v 0.150000 0.223241 -0.223226
v -0.150000 0.223241 -0.223226
v 0.150000 0.223802 -0.222758
v -0.150000 0.223802 -0.222758
v 0.150000 0.224374 -0.222289
v -0.150000 0.224374 -0.222289
v 0.150000 0.224957 -0.221818
v -0.150000 0.224957 -0.221818
v 0.150000 0.225549 -0.221345
v -0.150000 0.225549 -0.221345
v 0.150000 0.226152 -0.220872
v -0.150000 0.226152 -0.220872
v 0.150000 0.226765 -0.220397
v -0.150000 0.226765 -0.220397
v 0.150000 0.227389 -0.219920
v -0.150000 0.227389 -0.219920
v 0.150000 0.228023 -0.219442
v -0.150000 0.228023 -0.219442
v 0.150000 0.228667 -0.218963
v -0.150000 0.228667 -0.218963
v 0.150000 0.229321 -0.218483
v -0.150000 0.229321 -0.218483
v 0.150000 0.229406 -0.218415
v -0.150000 0.229406 -0.218415
v 0.150000 0.229590 -0.218285
v -0.150000 0.229590 -0.218285
v 0.150000 0.229872 -0.218092
v -0.150000 0.229872 -0.218092
v 0.150000 0.230253 -0.217836
v -0.150000 0.230253 -0.217836
v 0.150000 0.230732 -0.217517
v -0.150000 0.230732 -0.217517
v 0.150000 0.231310 -0.217136
v -0.150000 0.231310 -0.217136
v 0.150000 0.231987 -0.216691
v -0.150000 0.231987 -0.216691
v 0.150000 0.232762 -0.216183
v -0.150000 0.232762 -0.216183
v 0.150000 0.233635 -0.215612
v -0.150000 0.233635 -0.215612
v 0.150000 0.234608 -0.214979
v -0.150000 0.234608 -0.214979
v 0.150000 0.235679 -0.214282
v -0.150000 0.235679 -0.214282
v 0.150000 0.236848 -0.213522
v -0.150000 0.236848 -0.213522
v 0.150000 0.238117 -0.212700
v -0.150000 0.238117 -0.212700
v 0.150000 0.239483 -0.211814
v -0.150000 0.239483 -0.211814
v 0.150000 0.240949 -0.210866
v -0.150000 0.240949 -0.210866
v 0.150000 0.242513 -0.209855
v -0.150000 0.242513 -0.209855
v 0.150000 0.244175 -0.208780
v -0.150000 0.244175 -0.208780
v 0.150000 0.245937 -0.207643
v -0.150000 0.245937 -0.207643
v 0.150000 0.247796 -0.206443
v -0.150000 0.247796 -0.206443
v 0.150000 0.249755 -0.205180
v -0.150000 0.249755 -0.205180
v 0.150000 0.251812 -0.203853
v -0.150000 0.251812 -0.203853
v 0.150000 0.253968 -0.202464
v -0.150000 0.253968 -0.202464
v 0.150000 0.256222 -0.201012
v -0.150000 0.256222 -0.201012
v 0.150000 0.258575 -0.199497
v -0.150000 0.258575 -0.199497
v 0.150000 0.261026 -0.197919
v -0.150000 0.261026 -0.197919
v 0.150000 0.263576 -0.196278
v -0.150000 0.263576 -0.196278
v 0.150000 0.266225 -0.194575
v -0.150000 0.266225 -0.194575
v 0.150000 0.268972 -0.192808
v -0.150000 0.268972 -0.192808
v 0.150000 0.271818 -0.190978
v -0.150000 0.271818 -0.190978
v 0.150000 0.274762 -0.189085
v -0.150000 0.274762 -0.189085
v 0.150000 0.277805 -0.187130
v -0.150000 0.277805 -0.187130
v 0.150000 0.280947 -0.185111
v -0.150000 0.280947 -0.185111
v 0.150000 0.284187 -0.183030
v -0.150000 0.284187 -0.183030
v 0.150000 0.287526 -0.180885
v -0.150000 0.287526 -0.180885
v 0.150000 0.290964 -0.178678
v -0.150000 0.290964 -0.178678
v 0.150000 0.294500 -0.176407
v -0.150000 0.294500 -0.176407
v 0.150000 0.298134 -0.174074
v -0.150000 0.298134 -0.174074
v 0.150000 0.301868 -0.171678
v -0.150000 0.301868 -0.171678
v 0.150000 0.305699 -0.169219
v -0.150000 0.305699 -0.169219
v 0.150000 0.309630 -0.166696
v -0.150000 0.309630 -0.166696
v 0.150000 0.313659 -0.164111
v -0.150000 0.313659 -0.164111
v 0.150000 0.317787 -0.161463
v -0.150000 0.317787 -0.161463
v 0.150000 0.322013 -0.158752
v -0.150000 0.322013 -0.158752
v 0.150000 0.326338 -0.155978
v -0.150000 0.326338 -0.155978
v 0.150000 0.330761 -0.153141
v -0.150000 0.330761 -0.153141
v 0.150000 0.335284 -0.150241
v -0.150000 0.335284 -0.150241
v 0.150000 0.339904 -0.147279
v -0.150000 0.339904 -0.147279
v 0.150000 0.344624 -0.144253
v -0.150000 0.344624 -0.144253
v 0.150000 0.349441 -0.141164
v -0.150000 0.349441 -0.141164
v 0.150000 0.354358 -0.138012
v -0.150000 0.354358 -0.138012
v 0.150000 0.359373 -0.134798
v -0.150000 0.359373 -0.134798
v 0.150000 0.364487 -0.131520
v -0.150000 0.364487 -0.131520
v 0.150000 0.369699 -0.128180
v -0.150000 0.369699 -0.128180
v 0.150000 0.375010 -0.124776
v -0.150000 0.375010 -0.124776
v 0.150000 0.380420 -0.121310
v -0.150000 0.380420 -0.121310
v 0.150000 0.385928 -0.117780
v -0.150000 0.385928 -0.117780
v 0.150000 0.391534 -0.114188
v -0.150000 0.391534 -0.114188
v 0.150000 0.397240 -0.110533
v -0.150000 0.397240 -0.110533
v 0.150000 0.403044 -0.106814
v -0.150000 0.403044 -0.106814
v 0.150000 0.408946 -0.103033
v -0.150000 0.408946 -0.103033
v 0.150000 0.414947 -0.099189
v -0.150000 0.414947 -0.099189
v 0.150000 0.421047 -0.095282
v -0.150000 0.421047 -0.095282
v 0.150000 0.427246 -0.091312
v -0.150000 0.427246 -0.091312
v 0.150000 0.433543 -0.087279
v -0.150000 0.433543 -0.087279
v 0.150000 0.434268 -0.086800
v -0.150000 0.434268 -0.086800
v 0.150000 0.434981 -0.086324
v -0.150000 0.434981 -0.086324
v 0.150000 0.435684 -0.085853
v -0.150000 0.435684 -0.085853
v 0.150000 0.436375 -0.085385
v -0.150000 0.436375 -0.085385
v 0.150000 0.437054 -0.084921
v -0.150000 0.437054 -0.084921
v 0.150000 0.437722 -0.084461
v -0.150000 0.437722 -0.084461
v 0.150000 0.438379 -0.084005
v -0.150000 0.438379 -0.084005
v 0.150000 0.439024 -0.083553
v -0.150000 0.439024 -0.083553
v 0.150000 0.439658 -0.083105
v -0.150000 0.439658 -0.083105
v 0.150000 0.440280 -0.082661
v -0.150000 0.440280 -0.082661
v 0.150000 0.440891 -0.082220
v -0.150000 0.440891 -0.082220
v 0.150000 0.441491 -0.081784
v -0.150000 0.441491 -0.081784
v 0.150000 0.442079 -0.081351
v -0.150000 0.442079 -0.081351
v 0.150000 0.442656 -0.080923
v -0.150000 0.442656 -0.080923
v 0.150000 0.443221 -0.080498
v -0.150000 0.443221 -0.080498
v 0.150000 0.443775 -0.080077
v -0.150000 0.443775 -0.080077
v 0.150000 0.444317 -0.079660
v -0.150000 0.444317 -0.079660
v 0.150000 0.444848 -0.079247
v -0.150000 0.444848 -0.079247
v 0.150000 0.445368 -0.078838
v -0.150000 0.445368 -0.078838
v 0.150000 0.445876 -0.078433
v -0.150000 0.445876 -0.078433
v 0.150000 0.446373 -0.078031
v -0.150000 0.446373 -0.078031
v 0.150000 0.446858 -0.077634
v -0.150000 0.446858 -0.077634
v 0.150000 0.447332 -0.077240
v -0.150000 0.447332 -0.077240
v 0.150000 0.447795 -0.076850
v -0.150000 0.447795 -0.076850
v 0.150000 0.448246 -0.076465
v -0.150000 0.448246 -0.076465
v 0.150000 0.448686 -0.076083
v -0.150000 0.448686 -0.076083
v 0.150000 0.449114 -0.075705
v -0.150000 0.449114 -0.075705
v 0.150000 0.449531 -0.075331
v -0.150000 0.449531 -0.075331
v 0.150000 0.449936 -0.074961
v -0.150000 0.449936 -0.074961
v 0.150000 0.450330 -0.074594
v -0.150000 0.450330 -0.074594
v 0.150000 0.450713 -0.074232
v -0.150000 0.450713 -0.074232
v 0.150000 0.451084 -0.073873
v -0.150000 0.451084 -0.073873
v 0.150000 0.451444 -0.073519
v -0.150000 0.451444 -0.073519
v 0.150000 0.451792 -0.073168
v -0.150000 0.451792 -0.073168
v 0.150000 0.452129 -0.072821
v -0.150000 0.452129 -0.072821
v 0.150000 0.452454 -0.072478
v -0.150000 0.452454 -0.072478
v 0.150000 0.452768 -0.072139
v -0.150000 0.452768 -0.072139
v 0.150000 0.453071 -0.071804
v -0.150000 0.453071 -0.071804
v 0.150000 0.453362 -0.071473
v -0.150000 0.453362 -0.071473
v 0.150000 0.453642 -0.071146
v -0.150000 0.453642 -0.071146
v 0.150000 0.453910 -0.070823
v -0.150000 0.453910 -0.070823
v 0.150000 0.454167 -0.070503
v -0.150000 0.454167 -0.070503
v 0.150000 0.454413 -0.070187
v -0.150000 0.454413 -0.070187
v 0.150000 0.454647 -0.069876
v -0.150000 0.454647 -0.069876
v 0.150000 0.454870 -0.069568
v -0.150000 0.454870 -0.069568
v 0.150000 0.455081 -0.069264
v -0.150000 0.455081 -0.069264
v 0.150000 0.455281 -0.068964
v -0.150000 0.455281 -0.068964
v 0.150000 0.455469 -0.068668
v -0.150000 0.455469 -0.068668
v 0.150000 0.455646 -0.068376
v -0.150000 0.455646 -0.068376
v 0.150000 0.455812 -0.068088
v -0.150000 0.455812 -0.068088
v 0.150000 0.455966 -0.067803
v -0.150000 0.455966 -0.067803
v 0.150000 0.456109 -0.067523
v -0.150000 0.456109 -0.067523
v 0.150000 0.456240 -0.067246
v -0.150000 0.456240 -0.067246
v 0.150000 0.456360 -0.066973
v -0.150000 0.456360 -0.066973
v 0.150000 0.456468 -0.066705
v -0.150000 0.456468 -0.066705
v 0.150000 0.456566 -0.066440
v -0.150000 0.456566 -0.066440
v 0.150000 0.456651 -0.066179
v -0.150000 0.456651 -0.066179
v 0.150000 0.456725 -0.065922
v -0.150000 0.456725 -0.065922
v 0.150000 0.456788 -0.065668
v -0.150000 0.456788 -0.065668
v 0.150000 0.456840 -0.065419
v -0.150000 0.456840 -0.065419
v 0.150000 0.456880 -0.065174
v -0.150000 0.456880 -0.065174
v 0.150000 0.456908 -0.064932
v -0.150000 0.456908 -0.064932
v 0.150000 0.456925 -0.064695
v -0.150000 0.456925 -0.064695
v 0.150000 0.456931 -0.064461
v -0.150000 0.456931 -0.064461
v 0.150000 0.456929 -0.064090
v -0.150000 0.456929 -0.064089
v 0.150000 0.456923 -0.063724
v -0.150000 0.456923 -0.063724
v 0.150000 0.456912 -0.063364
v -0.150000 0.456912 -0.063364
v 0.150000 0.456898 -0.063010
v -0.150000 0.456898 -0.063010
v 0.150000 0.456879 -0.062662
v -0.150000 0.456879 -0.062662
v 0.150000 0.456856 -0.062320
v -0.150000 0.456856 -0.062320
v 0.150000 0.456829 -0.061984
v -0.150000 0.456829 -0.061984
v 0.150000 0.456797 -0.061653
v -0.150000 0.456797 -0.061653
v 0.150000 0.456762 -0.061329
v -0.150000 0.456762 -0.061329
v 0.150000 0.456722 -0.061010
v -0.150000 0.456722 -0.061010
v 0.150000 0.456678 -0.060697
v -0.150000 0.456678 -0.060697
v 0.150000 0.456630 -0.060390
v -0.150000 0.456630 -0.060390
v 0.150000 0.456578 -0.060089
v -0.150000 0.456578 -0.060089
v 0.150000 0.456522 -0.059793
v -0.150000 0.456522 -0.059793
v 0.150000 0.456461 -0.059504
v -0.150000 0.456461 -0.059504
v 0.150000 0.456396 -0.059220
v -0.150000 0.456396 -0.059220
v 0.150000 0.456327 -0.058942
v -0.150000 0.456327 -0.058942
v 0.150000 0.456254 -0.058670
v -0.150000 0.456254 -0.058670
v 0.150000 0.456177 -0.058404
v -0.150000 0.456177 -0.058404
v 0.150000 0.456095 -0.058144
v -0.150000 0.456095 -0.058144
v 0.150000 0.456010 -0.057889
v -0.150000 0.456010 -0.057889
v 0.150000 0.455920 -0.057641
v -0.150000 0.455920 -0.057641
v 0.150000 0.455826 -0.057398
v -0.150000 0.455826 -0.057398
v 0.150000 0.455728 -0.057161
v -0.150000 0.455728 -0.057161
v 0.150000 0.455625 -0.056930
v -0.150000 0.455625 -0.056930
v 0.150000 0.455519 -0.056705
v -0.150000 0.455519 -0.056705
v 0.150000 0.455408 -0.056485
v -0.150000 0.455408 -0.056485
v 0.150000 0.455293 -0.056272
v -0.150000 0.455293 -0.056272
v 0.150000 0.455174 -0.056064
v -0.150000 0.455174 -0.056064
v 0.150000 0.455051 -0.055862
v -0.150000 0.455051 -0.055862
v 0.150000 0.454923 -0.055666
v -0.150000 0.454923 -0.055666
v 0.150000 0.454792 -0.055476
v -0.150000 0.454792 -0.055476
v 0.150000 0.454656 -0.055292
v -0.150000 0.454656 -0.055292
v 0.150000 0.454516 -0.055114
v -0.150000 0.454516 -0.055114
v 0.150000 0.454372 -0.054941
v -0.150000 0.454372 -0.054941
v 0.150000 0.454224 -0.054774
v -0.150000 0.454224 -0.054774
v 0.150000 0.454071 -0.054614
v -0.150000 0.454071 -0.054614
v 0.150000 0.453914 -0.054459
v -0.150000 0.453914 -0.054459
v 0.150000 0.453754 -0.054309
v -0.150000 0.453754 -0.054309
v 0.150000 0.453589 -0.054166
v -0.150000 0.453589 -0.054166
v 0.150000 0.453419 -0.054029
v -0.150000 0.453419 -0.054029
v 0.150000 0.453246 -0.053897
v -0.150000 0.453246 -0.053897
v 0.150000 0.453068 -0.053771
v -0.150000 0.453068 -0.053771
v 0.150000 0.452887 -0.053651
v -0.150000 0.452887 -0.053651
v 0.150000 0.452701 -0.053537
v -0.150000 0.452701 -0.053537
v 0.150000 0.452511 -0.053429
v -0.150000 0.452511 -0.053429
v 0.150000 0.452316 -0.053327
v -0.150000 0.452316 -0.053327
v 0.150000 0.452118 -0.053230
v -0.150000 0.452118 -0.053230
v 0.150000 0.451915 -0.053140
v -0.150000 0.451915 -0.053140
v 0.150000 0.451708 -0.053055
v -0.150000 0.451708 -0.053055
v 0.150000 0.451497 -0.052976
v -0.150000 0.451497 -0.052976
v 0.150000 0.451282 -0.052903
v -0.150000 0.451282 -0.052903
v 0.150000 0.451063 -0.052835
v -0.150000 0.451063 -0.052835
v 0.150000 0.450839 -0.052774
v -0.150000 0.450839 -0.052774
v 0.150000 0.450612 -0.052718
v -0.150000 0.450612 -0.052718
v 0.150000 0.450380 -0.052669
v -0.150000 0.450380 -0.052669
v 0.150000 0.450144 -0.052625
v -0.150000 0.450144 -0.052625
v 0.150000 0.449903 -0.052587
v -0.150000 0.449903 -0.052587
v 0.150000 0.449659 -0.052555
v -0.150000 0.449659 -0.052555
v 0.150000 0.449410 -0.052528
v -0.150000 0.449410 -0.052528
v 0.150000 0.449158 -0.052508
v -0.150000 0.449158 -0.052508
v 0.150000 0.448901 -0.052493
v -0.150000 0.448901 -0.052493
v 0.150000 0.448640 -0.052484
v -0.150000 0.448640 -0.052484
vn -1.0000 -0.0000 -0.0000
vn 1.0000 -0.0000 -0.0000
vn -0.0000 0.0204 -0.9998
vn -0.0000 -0.0054 -1.0000
vn -0.0000 0.0415 -0.9991
vn -0.0000 0.0205 -0.9998
vn -0.0000 0.0632 -0.9980
vn -0.0000 0.0854 -0.9963
vn -0.0000 0.1084 -0.9941
vn -0.0000 0.0855 -0.9963
vn -0.0000 0.1318 -0.9913
vn -0.0000 0.1560 -0.9878
vn -0.0000 0.1320 -0.9913
vn -0.0000 0.1807 -0.9835
vn -0.0000 0.1561 -0.9877
vn -0.0000 0.2059 -0.9786
vn -0.0000 0.2317 -0.9728
vn -0.0000 0.2060 -0.9786
vn -0.0000 0.2579 -0.9662
vn -0.0000 0.2845 -0.9587
vn -0.0000 0.3116 -0.9502
vn -0.0000 0.3388 -0.9408
vn -0.0000 0.3115 -0.9503
vn -0.0000 0.3663 -0.9305
vn -0.0000 0.3388 -0.9409
vn -0.0000 0.3940 -0.9191
vn -0.0000 0.3664 -0.9305
vn -0.0000 0.4217 -0.9067
vn -0.0000 0.3939 -0.9191
vn -0.0000 0.4495 -0.8933
vn -0.0000 0.4771 -0.8788
vn -0.0000 0.5046 -0.8633
vn -0.0000 0.4772 -0.8788
vn -0.0000 0.5318 -0.8469
vn -0.0000 0.5586 -0.8294
vn -0.0000 0.5317 -0.8469
vn -0.0000 0.5849 -0.8111
vn -0.0000 0.5586 -0.8295
vn -0.0000 0.6108 -0.7918
vn -0.0000 0.5850 -0.8110
vn -0.0000 0.6360 -0.7717
vn -0.0000 0.6605 -0.7508
vn -0.0000 0.6843 -0.7292
vn -0.0000 0.7071 -0.7071
vn -0.0000 0.6842 -0.7293
vn -0.0000 0.7290 -0.6845
vn -0.0000 0.7070 -0.7072
vn -0.0000 0.7501 -0.6613
vn -0.0000 0.7291 -0.6844
vn -0.0000 0.7702 -0.6378
vn -0.0000 0.7893 -0.6140
vn -0.0000 0.8074 -0.5899
vn -0.0000 0.8245 -0.5659
vn -0.0000 0.8074 -0.5900
vn -0.0000 0.8405 -0.5418
vn -0.0000 0.8245 -0.5658
vn -0.0000 0.8556 -0.5177
vn -0.0000 0.8696 -0.4937
vn -0.0000 0.8827 -0.4698
vn -0.0000 0.8949 -0.4463
vn -0.0000 0.9062 -0.4229
vn -0.0000 0.8949 -0.4462
vn -0.0000 0.9165 -0.4000
vn -0.0000 0.9260 -0.3774
vn -0.0000 0.9166 -0.3999
vn -0.0000 0.9348 -0.3552
vn -0.0000 0.9261 -0.3774
vn -0.0000 0.9428 -0.3334
vn -0.0000 0.9501 -0.3121
vn -0.0000 0.9567 -0.2912
vn -0.0000 0.9626 -0.2708
vn -0.0000 0.9680 -0.2510
vn -0.0000 0.9626 -0.2709
vn -0.0000 0.9728 -0.2317
vn -0.0000 0.9771 -0.2129
vn -0.0000 0.9809 -0.1945
vn -0.0000 0.9843 -0.1767
vn -0.0000 0.9872 -0.1594
vn -0.0000 0.9898 -0.1427
vn -0.0000 0.9920 -0.1264
vn -0.0000 0.9939 -0.1105
vn -0.0000 0.9955 -0.0951
vn -0.0000 0.9968 -0.0802
vn -0.0000 0.9955 -0.0952
vn -0.0000 0.9978 -0.0658
vn -0.0000 0.9968 -0.0803
vn -0.0000 0.9987 -0.0518
vn -0.0000 0.9993 -0.0383
vn -0.0000 0.9997 -0.0252
vn -0.0000 0.9999 -0.0124
vn -0.0000 1.0000 0.0002
vn -0.0000 0.9999 0.0130
vn -0.0000 0.9997 0.0257
vn -0.0000 0.9993 0.0383
vn -0.0000 0.9987 0.0506
vn -0.0000 0.9980 0.0628
vn -0.0000 0.9972 0.0747
vn -0.0000 0.9963 0.0865
vn -0.0000 0.9952 0.0980
vn -0.0000 0.9940 0.1094
vn -0.0000 0.9927 0.1206
vn -0.0000 0.9913 0.1315
vn -0.0000 0.9898 0.1423
vn -0.0000 0.9883 0.1528
vn -0.0000 0.9866 0.1632
vn -0.0000 0.9849 0.1734
vn -0.0000 0.9830 0.1834
vn -0.0000 0.9812 0.1932
vn -0.0000 0.9792 0.2028
vn -0.0000 0.9772 0.2122
vn -0.0000 0.9752 0.2215
vn -0.0000 0.9731 0.2305
vn -0.0000 0.9709 0.2394
vn -0.0000 0.9687 0.2481
vn -0.0000 0.9665 0.2567
vn -0.0000 0.9642 0.2651
vn -0.0000 0.9619 0.2733
vn -0.0000 0.9596 0.2813
vn -0.0000 0.9573 0.2893
vn -0.0000 0.9549 0.2970
vn -0.0000 0.9525 0.3046
vn -0.0000 0.9501 0.3120
vn -0.0000 0.9476 0.3193
vn -0.0000 0.9452 0.3265
vn -0.0000 0.9427 0.3335
vn -0.0000 0.9403 0.3404
vn -0.0000 0.9378 0.3472
vn -0.0000 0.9353 0.3538
vn -0.0000 0.9329 0.3603
vn -0.0000 0.9304 0.3666
vn -0.0000 0.9279 0.3729
vn -0.0000 0.9254 0.3790
vn -0.0000 0.9229 0.3850
vn -0.0000 0.9205 0.3908
vn -0.0000 0.9180 0.3966
vn -0.0000 0.9155 0.4023
vn -0.0000 0.9131 0.4078
vn -0.0000 0.9106 0.4133
vn -0.0000 0.9082 0.4186
vn -0.0000 0.9057 0.4239
vn -0.0000 0.9033 0.4290
vn -0.0000 0.9009 0.4341
vn -0.0000 0.8985 0.4390
vn -0.0000 0.8961 0.4439
vn -0.0000 0.8937 0.4486
vn -0.0000 0.8914 0.4533
vn -0.0000 0.8890 0.4579
vn -0.0000 0.8867 0.4624
vn -0.0000 0.8843 0.4668
vn -0.0000 0.8820 0.4712
vn -0.0000 0.8797 0.4755
vn -0.0000 0.8775 0.4796
vn -0.0000 0.8797 0.4754
vn -0.0000 0.8752 0.4838
vn -0.0000 0.8730 0.4878
vn -0.0000 0.8683 0.4961
vn -0.0000 0.8627 0.5057
vn -0.0000 0.8589 0.5122
vn -0.0000 0.8550 0.5187
vn -0.0000 0.8510 0.5252
vn -0.0000 0.8469 0.5318
vn -0.0000 0.8427 0.5383
vn -0.0000 0.8385 0.5449
vn -0.0000 0.8342 0.5515
vn -0.0000 0.8298 0.5581
vn -0.0000 0.8253 0.5647
vn -0.0000 0.8207 0.5713
vn -0.0000 0.8161 0.5779
vn -0.0000 0.8114 0.5845
vn -0.0000 0.8066 0.5911
vn -0.0000 0.8017 0.5977
vn -0.0000 0.7967 0.6044
vn -0.0000 0.8017 0.5978
vn -0.0000 0.7917 0.6110
vn -0.0000 0.7865 0.6176
vn -0.0000 0.7813 0.6242
vn -0.0000 0.7760 0.6308
vn -0.0000 0.7706 0.6373
vn -0.0000 0.7651 0.6439
vn -0.0000 0.7596 0.6504
vn -0.0000 0.7539 0.6570
vn -0.0000 0.7595 0.6505
vn -0.0000 0.7482 0.6635
vn -0.0000 0.7424 0.6700
vn -0.0000 0.7365 0.6765
vn -0.0000 0.7305 0.6829
vn -0.0000 0.7245 0.6893
vn -0.0000 0.7183 0.6957
vn -0.0000 0.7121 0.7021
vn -0.0000 0.7058 0.7084
vn -0.0000 0.6994 0.7147
vn -0.0000 0.6930 0.7209
vn -0.0000 0.6865 0.7272
vn -0.0000 0.6799 0.7333
vn -0.0000 0.6732 0.7395
vn -0.0000 0.6664 0.7456
vn -0.0000 0.6596 0.7516
vn -0.0000 0.6527 0.7576
vn -0.0000 0.6458 0.7635
vn -0.0000 0.6387 0.7694
vn -0.0000 0.6316 0.7753
vn -0.0000 0.6245 0.7811
vn -0.0000 0.6172 0.7868
vn -0.0000 0.6244 0.7811
vn -0.0000 0.6099 0.7925
vn -0.0000 0.6026 0.7981
vn -0.0000 0.5952 0.8036
vn -0.0000 0.5877 0.8091
vn -0.0000 0.5802 0.8145
vn -0.0000 0.5726 0.8198
vn -0.0000 0.5650 0.8251
vn -0.0000 0.5573 0.8303
vn -0.0000 0.5496 0.8355
vn -0.0000 0.5418 0.8405
vn -0.0000 0.5495 0.8355
vn -0.0000 0.5340 0.8455
vn -0.0000 0.5261 0.8504
vn -0.0000 0.5339 0.8455
vn -0.0000 0.5182 0.8553
vn -0.0000 0.5102 0.8600
vn -0.0000 0.5023 0.8647
vn -0.0000 0.4943 0.8693
vn -0.0000 0.4862 0.8738
vn -0.0000 0.4782 0.8783
vn -0.0000 0.4720 0.8816
vn -0.0000 0.4781 0.8783
vn -0.0000 0.4671 0.8842
vn -0.0000 0.4616 0.8871
vn -0.0000 0.4561 0.8900
vn -0.0000 0.4504 0.8928
vn -0.0000 0.4561 0.8899
vn -0.0000 0.4448 0.8956
vn -0.0000 0.4505 0.8928
vn -0.0000 0.4390 0.8985
vn -0.0000 0.4332 0.9013
vn -0.0000 0.4273 0.9041
vn -0.0000 0.4213 0.9069
vn -0.0000 0.4153 0.9097
vn -0.0000 0.4214 0.9069
vn -0.0000 0.4093 0.9124
vn -0.0000 0.4031 0.9152
vn -0.0000 0.3969 0.9179
vn -0.0000 0.3906 0.9206
vn -0.0000 0.3842 0.9232
vn -0.0000 0.3778 0.9259
vn -0.0000 0.3843 0.9232
vn -0.0000 0.3713 0.9285
vn -0.0000 0.3779 0.9259
vn -0.0000 0.3648 0.9311
vn -0.0000 0.3714 0.9285
vn -0.0000 0.3582 0.9337
vn -0.0000 0.3515 0.9362
vn -0.0000 0.3447 0.9387
vn -0.0000 0.3379 0.9412
vn -0.0000 0.3310 0.9436
vn -0.0000 0.3241 0.9460
vn -0.0000 0.3171 0.9484
vn -0.0000 0.3100 0.9507
vn -0.0000 0.3029 0.9530
vn -0.0000 0.2957 0.9553
vn -0.0000 0.3028 0.9530
vn -0.0000 0.2884 0.9575
vn -0.0000 0.2956 0.9553
vn -0.0000 0.2810 0.9597
vn -0.0000 0.2736 0.9618
vn -0.0000 0.2662 0.9639
vn -0.0000 0.2586 0.9660
vn -0.0000 0.2510 0.9680
vn -0.0000 0.2434 0.9699
vn -0.0000 0.2357 0.9718
vn -0.0000 0.2279 0.9737
vn -0.0000 0.2200 0.9755
vn -0.0000 0.2122 0.9772
vn -0.0000 0.2201 0.9755
vn -0.0000 0.2042 0.9789
vn -0.0000 0.1962 0.9806
vn -0.0000 0.2043 0.9789
vn -0.0000 0.1882 0.9821
vn -0.0000 0.1963 0.9806
vn -0.0000 0.1801 0.9837
vn -0.0000 0.1719 0.9851
vn -0.0000 0.1637 0.9865
vn -0.0000 0.1554 0.9878
vn -0.0000 0.1471 0.9891
vn -0.0000 0.1555 0.9878
vn -0.0000 0.1388 0.9903
vn -0.0000 0.1472 0.9891
vn -0.0000 0.1304 0.9915
vn -0.0000 0.1219 0.9925
vn -0.0000 0.1134 0.9935
vn -0.0000 0.1220 0.9925
vn -0.0000 0.1049 0.9945
vn -0.0000 0.1135 0.9935
vn -0.0000 0.0963 0.9953
vn -0.0000 0.1050 0.9945
vn -0.0000 0.0877 0.9961
vn -0.0000 0.0964 0.9953
vn -0.0000 0.0791 0.9969
vn -0.0000 0.0878 0.9961
vn -0.0000 0.0704 0.9975
vn -0.0000 0.0617 0.9981
vn -0.0000 0.0530 0.9986
vn -0.0000 0.0442 0.9990
vn -0.0000 0.0354 0.9994
vn -0.0000 0.0266 0.9996
vn -0.0000 0.0178 0.9998
vn -0.0000 0.0089 1.0000
vn -0.0000 0.0011 1.0000
vn -0.0000 -0.0047 1.0000
vn -0.0000 -0.0094 1.0000
vn -0.0000 -0.0046 1.0000
vn -0.0000 -0.0143 0.9999
vn -0.0000 -0.0192 0.9998
vn -0.0000 -0.0142 0.9999
vn -0.0000 -0.0242 0.9997
vn -0.0000 -0.0293 0.9996
vn -0.0000 -0.0346 0.9994
vn -0.0000 -0.0399 0.9992
vn -0.0000 -0.0453 0.9990
vn -0.0000 -0.0508 0.9987
vn -0.0000 -0.0565 0.9984
vn -0.0000 -0.0509 0.9987
vn -0.0000 -0.0623 0.9981
vn -0.0000 -0.0682 0.9977
vn -0.0000 -0.0741 0.9972
vn -0.0000 -0.0803 0.9968
vn -0.0000 -0.0742 0.9972
vn -0.0000 -0.0865 0.9963
vn -0.0000 -0.0929 0.9957
vn -0.0000 -0.0866 0.9962
vn -0.0000 -0.0994 0.9950
vn -0.0000 -0.1061 0.9944
vn -0.0000 -0.1128 0.9936
vn -0.0000 -0.1197 0.9928
vn -0.0000 -0.1129 0.9936
vn -0.0000 -0.1268 0.9919
vn -0.0000 -0.1198 0.9928
vn -0.0000 -0.1341 0.9910
vn -0.0000 -0.1269 0.9919
vn -0.0000 -0.1414 0.9899
vn -0.0000 -0.1490 0.9888
vn -0.0000 -0.1566 0.9877
vn -0.0000 -0.1645 0.9864
vn -0.0000 -0.1567 0.9876
vn -0.0000 -0.1726 0.9850
vn -0.0000 -0.1808 0.9835
vn -0.0000 -0.1725 0.9850
vn -0.0000 -0.1891 0.9820
vn -0.0000 -0.1807 0.9835
vn -0.0000 -0.1976 0.9803
vn -0.0000 -0.2064 0.9785
vn -0.0000 -0.2153 0.9765
vn -0.0000 -0.2244 0.9745
vn -0.0000 -0.2153 0.9766
vn -0.0000 -0.2337 0.9723
vn -0.0000 -0.2432 0.9700
vn -0.0000 -0.2528 0.9675
vn -0.0000 -0.2627 0.9649
vn -0.0000 -0.2529 0.9675
vn -0.0000 -0.2728 0.9621
vn -0.0000 -0.2628 0.9648
vn -0.0000 -0.2832 0.9591
vn -0.0000 -0.2729 0.9620
vn -0.0000 -0.2937 0.9559
vn -0.0000 -0.3045 0.9525
vn -0.0000 -0.3154 0.9490
vn -0.0000 -0.3044 0.9525
vn -0.0000 -0.3266 0.9452
vn -0.0000 -0.3380 0.9412
vn -0.0000 -0.3496 0.9369
vn -0.0000 -0.3615 0.9324
vn -0.0000 -0.3735 0.9276
vn -0.0000 -0.3614 0.9324
vn -0.0000 -0.3857 0.9226
vn -0.0000 -0.3983 0.9173
vn -0.0000 -0.3858 0.9226
vn -0.0000 -0.4110 0.9116
vn -0.0000 -0.4239 0.9057
vn -0.0000 -0.4371 0.8994
vn -0.0000 -0.4240 0.9057
vn -0.0000 -0.4505 0.8928
vn -0.0000 -0.4640 0.8858
vn -0.0000 -0.4778 0.8785
vn -0.0000 -0.4641 0.8858
vn -0.0000 -0.4918 0.8707
vn -0.0000 -0.5059 0.8626
vn -0.0000 -0.5202 0.8540
vn -0.0000 -0.5347 0.8450
vn -0.0000 -0.5202 0.8541
vn -0.0000 -0.5493 0.8356
vn -0.0000 -0.5346 0.8451
vn -0.0000 -0.5641 0.8257
vn -0.0000 -0.5790 0.8153
vn -0.0000 -0.5640 0.8257
vn -0.0000 -0.5814 0.8136
vn -0.0000 -0.5789 0.8154
vn -0.0000 -0.5805 0.8143
vn -0.0000 -0.5814 0.8137
vn -0.0000 -0.5888 0.8083
vn -0.0000 -0.5804 0.8143
vn -0.0000 -0.5973 0.8020
vn -0.0000 -0.6058 0.7956
vn -0.0000 -0.5972 0.8021
vn -0.0000 -0.6143 0.7891
vn -0.0000 -0.6057 0.7957
vn -0.0000 -0.6230 0.7822
vn -0.0000 -0.6317 0.7752
vn -0.0000 -0.6229 0.7823
vn -0.0000 -0.6405 0.7680
vn -0.0000 -0.6316 0.7753
vn -0.0000 -0.6493 0.7605
vn -0.0000 -0.6404 0.7680
vn -0.0000 -0.6582 0.7528
vn -0.0000 -0.6493 0.7606
vn -0.0000 -0.6672 0.7449
vn -0.0000 -0.6582 0.7529
vn -0.0000 -0.6762 0.7367
vn -0.0000 -0.6671 0.7450
vn -0.0000 -0.6852 0.7283
vn -0.0000 -0.6761 0.7368
vn -0.0000 -0.6943 0.7197
vn -0.0000 -0.6852 0.7284
vn -0.0000 -0.7034 0.7108
vn -0.0000 -0.6942 0.7197
vn -0.0000 -0.7126 0.7016
vn -0.0000 -0.7217 0.6922
vn -0.0000 -0.7125 0.7017
vn -0.0000 -0.7309 0.6825
vn -0.0000 -0.7400 0.6726
vn -0.0000 -0.7492 0.6623
vn -0.0000 -0.7584 0.6518
vn -0.0000 -0.7492 0.6624
vn -0.0000 -0.7675 0.6410
vn -0.0000 -0.7583 0.6519
vn -0.0000 -0.7766 0.6300
vn -0.0000 -0.7675 0.6411
vn -0.0000 -0.7856 0.6187
vn -0.0000 -0.7946 0.6071
vn -0.0000 -0.7857 0.6187
vn -0.0000 -0.8036 0.5952
vn -0.0000 -0.8125 0.5830
vn -0.0000 -0.8213 0.5705
vn -0.0000 -0.8124 0.5831
vn -0.0000 -0.8300 0.5578
vn -0.0000 -0.8212 0.5706
vn -0.0000 -0.8386 0.5448
vn -0.0000 -0.8299 0.5579
vn -0.0000 -0.8470 0.5316
vn -0.0000 -0.8385 0.5449
vn -0.0000 -0.8554 0.5180
vn -0.0000 -0.8636 0.5042
vn -0.0000 -0.8716 0.4901
vn -0.0000 -0.8795 0.4758
vn -0.0000 -0.8873 0.4613
vn -0.0000 -0.8948 0.4464
vn -0.0000 -0.8873 0.4612
vn -0.0000 -0.9022 0.4314
vn -0.0000 -0.9093 0.4161
vn -0.0000 -0.9162 0.4007
vn -0.0000 -0.9229 0.3850
vn -0.0000 -0.9162 0.4006
vn -0.0000 -0.9294 0.3691
vn -0.0000 -0.9229 0.3849
vn -0.0000 -0.9356 0.3530
vn -0.0000 -0.9416 0.3368
vn -0.0000 -0.9473 0.3205
vn -0.0000 -0.9527 0.3040
vn -0.0000 -0.9578 0.2873
vn -0.0000 -0.9527 0.3039
vn -0.0000 -0.9627 0.2706
vn -0.0000 -0.9673 0.2537
vn -0.0000 -0.9716 0.2368
vn -0.0000 -0.9755 0.2198
vn -0.0000 -0.9792 0.2028
vn -0.0000 -0.9826 0.1857
vn -0.0000 -0.9857 0.1686
vn -0.0000 -0.9885 0.1515
vn -0.0000 -0.9909 0.1344
vn -0.0000 -0.9931 0.1174
vn -0.0000 -0.9949 0.1004
vn -0.0000 -0.9965 0.0834
vn -0.0000 -0.9950 0.1004
vn -0.0000 -0.9978 0.0665
vn -0.0000 -0.9988 0.0497
vn -0.0000 -0.9995 0.0330
vn -0.0000 -0.9999 0.0165
vn -0.0000 -1.0000 0.0011
vn -0.0000 -0.9999 -0.0118
vn -0.0000 -1.0000 0.0012
vn -0.0000 -0.9997 -0.0239
vn -0.0000 -0.9999 -0.0119
vn -0.0000 -0.9993 -0.0361
vn -0.0000 -0.9988 -0.0485
vn -0.0000 -0.9981 -0.0611
vn -0.0000 -0.9973 -0.0739
vn -0.0000 -0.9962 -0.0869
vn -0.0000 -0.9950 -0.1000
vn -0.0000 -0.9935 -0.1134
vn -0.0000 -0.9919 -0.1270
vn -0.0000 -0.9901 -0.1407
vn -0.0000 -0.9919 -0.1269
vn -0.0000 -0.9880 -0.1546
vn -0.0000 -0.9857 -0.1686
vn -0.0000 -0.9831 -0.1829
vn -0.0000 -0.9804 -0.1973
vn -0.0000 -0.9773 -0.2118
vn -0.0000 -0.9804 -0.1972
vn -0.0000 -0.9740 -0.2265
vn -0.0000 -0.9705 -0.2413
vn -0.0000 -0.9666 -0.2562
vn -0.0000 -0.9625 -0.2713
vn -0.0000 -0.9581 -0.2864
vn -0.0000 -0.9534 -0.3017
vn -0.0000 -0.9484 -0.3170
vn -0.0000 -0.9431 -0.3324
vn -0.0000 -0.9375 -0.3479
vn -0.0000 -0.9316 -0.3634
vn -0.0000 -0.9376 -0.3478
vn -0.0000 -0.9254 -0.3789
vn -0.0000 -0.9189 -0.3945
vn -0.0000 -0.9121 -0.4100
vn -0.0000 -0.9049 -0.4256
vn -0.0000 -0.8975 -0.4411
vn -0.0000 -0.8897 -0.4566
vn -0.0000 -0.8816 -0.4720
vn -0.0000 -0.8732 -0.4873
vn -0.0000 -0.8645 -0.5026
vn -0.0000 -0.8555 -0.5178
vn -0.0000 -0.8462 -0.5328
vn -0.0000 -0.8367 -0.5477
vn -0.0000 -0.8463 -0.5328
vn -0.0000 -0.8268 -0.5625
vn -0.0000 -0.8167 -0.5770
vn -0.0000 -0.8268 -0.5624
vn -0.0000 -0.8063 -0.5914
vn -0.0000 -0.7957 -0.6057
vn -0.0000 -0.7849 -0.6197
vn -0.0000 -0.7738 -0.6335
vn -0.0000 -0.7624 -0.6471
vn -0.0000 -0.7509 -0.6604
vn -0.0000 -0.7625 -0.6470
vn -0.0000 -0.7393 -0.6734
vn -0.0000 -0.7274 -0.6863
vn -0.0000 -0.7392 -0.6735
vn -0.0000 -0.7153 -0.6988
vn -0.0000 -0.7031 -0.7111
vn -0.0000 -0.6908 -0.7231
vn -0.0000 -0.6783 -0.7348
vn -0.0000 -0.6907 -0.7231
vn -0.0000 -0.6657 -0.7462
vn -0.0000 -0.6530 -0.7573
vn -0.0000 -0.6403 -0.7681
vn -0.0000 -0.6531 -0.7573
vn -0.0000 -0.6275 -0.7786
vn -0.0000 -0.6146 -0.7888
vn -0.0000 -0.6017 -0.7987
vn -0.0000 -0.5888 -0.8083
vn -0.0000 -0.5758 -0.8176
vn -0.0000 -0.5629 -0.8265
vn -0.0000 -0.5499 -0.8352
vn -0.0000 -0.5370 -0.8436
vn -0.0000 -0.5364 -0.8440
vn -0.0000 -0.5371 -0.8435
vn -0.0000 -0.5452 -0.8383
vn -0.0000 -0.5514 -0.8343
vn -0.0000 -0.5576 -0.8301
vn -0.0000 -0.5514 -0.8342
vn -0.0000 -0.5638 -0.8259
vn -0.0000 -0.5700 -0.8216
vn -0.0000 -0.5763 -0.8173
vn -0.0000 -0.5825 -0.8128
vn -0.0000 -0.5763 -0.8172
vn -0.0000 -0.5826 -0.8128
vn -0.0000 -0.5951 -0.8036
vn -0.0000 -0.6014 -0.7989
vn -0.0000 -0.6077 -0.7942
vn -0.0000 -0.6014 -0.7990
vn -0.0000 -0.6140 -0.7893
vn -0.0000 -0.6203 -0.7843
vn -0.0000 -0.6267 -0.7793
vn -0.0000 -0.6330 -0.7742
vn -0.0000 -0.6393 -0.7690
vn -0.0000 -0.6456 -0.7637
vn -0.0000 -0.6393 -0.7689
vn -0.0000 -0.6519 -0.7583
vn -0.0000 -0.6457 -0.7636
vn -0.0000 -0.6583 -0.7528
vn -0.0000 -0.6520 -0.7582
vn -0.0000 -0.6646 -0.7472
vn -0.0000 -0.6709 -0.7416
vn -0.0000 -0.6772 -0.7358
vn -0.0000 -0.6834 -0.7300
vn -0.0000 -0.6897 -0.7241
vn -0.0000 -0.6835 -0.7300
vn -0.0000 -0.6960 -0.7181
vn -0.0000 -0.7022 -0.7120
vn -0.0000 -0.7084 -0.7058
vn -0.0000 -0.7146 -0.6995
vn -0.0000 -0.7208 -0.6932
vn -0.0000 -0.7269 -0.6867
vn -0.0000 -0.7330 -0.6802
vn -0.0000 -0.7391 -0.6736
vn -0.0000 -0.7451 -0.6669
vn -0.0000 -0.7512 -0.6601
vn -0.0000 -0.7571 -0.6533
vn -0.0000 -0.7631 -0.6463
vn -0.0000 -0.7690 -0.6393
vn -0.0000 -0.7748 -0.6322
vn -0.0000 -0.7806 -0.6250
vn -0.0000 -0.7864 -0.6177
vn -0.0000 -0.7921 -0.6104
vn -0.0000 -0.7978 -0.6029
vn -0.0000 -0.8034 -0.5954
vn -0.0000 -0.8089 -0.5879
vn -0.0000 -0.8034 -0.5955
vn -0.0000 -0.8144 -0.5802
vn -0.0000 -0.8199 -0.5725
vn -0.0000 -0.8253 -0.5648
vn -0.0000 -0.8306 -0.5569
vn -0.0000 -0.8358 -0.5490
vn -0.0000 -0.8410 -0.5410
vn -0.0000 -0.8461 -0.5330
vn -0.0000 -0.8512 -0.5249
vn -0.0000 -0.8561 -0.5167
vn -0.0000 -0.8610 -0.5085
vn -0.0000 -0.8561 -0.5168
vn -0.0000 -0.8659 -0.5003
vn -0.0000 -0.8706 -0.4920
vn -0.0000 -0.8753 -0.4836
vn -0.0000 -0.8799 -0.4752
vn -0.0000 -0.8844 -0.4668
vn -0.0000 -0.8888 -0.4583
vn -0.0000 -0.8932 -0.4497
vn -0.0000 -0.8974 -0.4412
vn -0.0000 -0.8932 -0.4498
vn -0.0000 -0.9016 -0.4326
vn -0.0000 -0.9054 -0.4246
vn -0.0000 -0.9089 -0.4170
vn -0.0000 -0.9125 -0.4091
vn -0.0000 -0.9159 -0.4013
vn -0.0000 -0.9193 -0.3937
vn -0.0000 -0.9225 -0.3861
vn -0.0000 -0.9256 -0.3786
vn -0.0000 -0.9285 -0.3712
vn -0.0000 -0.9314 -0.3639
vn -0.0000 -0.9342 -0.3567
vn -0.0000 -0.9369 -0.3496
vn -0.0000 -0.9395 -0.3426
vn -0.0000 -0.9420 -0.3357
vn -0.0000 -0.9444 -0.3288
vn -0.0000 -0.9467 -0.3221
vn -0.0000 -0.9444 -0.3289
vn -0.0000 -0.9489 -0.3155
vn -0.0000 -0.9511 -0.3089
vn -0.0000 -0.9532 -0.3024
vn -0.0000 -0.9552 -0.2961
vn -0.0000 -0.9532 -0.3025
vn -0.0000 -0.9571 -0.2898
vn -0.0000 -0.9590 -0.2836
vn -0.0000 -0.9607 -0.2774
vn -0.0000 -0.9625 -0.2714
vn -0.0000 -0.9641 -0.2655
vn -0.0000 -0.9657 -0.2596
vn -0.0000 -0.9641 -0.2654
vn -0.0000 -0.9673 -0.2538
vn -0.0000 -0.9687 -0.2481
vn -0.0000 -0.9702 -0.2424
vn -0.0000 -0.9715 -0.2369
vn -0.0000 -0.9729 -0.2314
vn -0.0000 -0.9741 -0.2260
vn -0.0000 -0.9753 -0.2207
vn -0.0000 -0.9765 -0.2154
vn -0.0000 -0.9776 -0.2102
vn -0.0000 -0.9787 -0.2051
vn -0.0000 -0.9798 -0.2001
vn -0.0000 -0.9808 -0.1951
vn -0.0000 -0.9817 -0.1902
vn -0.0000 -0.9827 -0.1854
vn -0.0000 -0.9836 -0.1806
vn -0.0000 -0.9844 -0.1759
vn -0.0000 -0.9852 -0.1713
vn -0.0000 -0.9860 -0.1667
vn -0.0000 -0.9868 -0.1622
vn -0.0000 -0.9875 -0.1577
vn -0.0000 -0.9882 -0.1534
vn -0.0000 -0.9888 -0.1490
vn -0.0000 -0.9895 -0.1447
vn -0.0000 -0.9901 -0.1405
vn -0.0000 -0.9895 -0.1448
vn -0.0000 -0.9907 -0.1364
vn -0.0000 -0.9912 -0.1323
vn -0.0000 -0.9917 -0.1282
vn -0.0000 -0.9923 -0.1242
vn -0.0000 -0.9927 -0.1203
vn -0.0000 -0.9932 -0.1164
vn -0.0000 -0.9936 -0.1126
vn -0.0000 -0.9941 -0.1088
vn -0.0000 -0.9945 -0.1050
vn -0.0000 -0.9949 -0.1014
vn -0.0000 -0.9952 -0.0977
vn -0.0000 -0.9956 -0.0941
vn -0.0000 -0.9959 -0.0906
vn -0.0000 -0.9962 -0.0871
vn -0.0000 -0.9965 -0.0836
vn -0.0000 -0.9958 -0.0914
vn -0.0000 -0.9944 -0.1055
vn -0.0000 -0.9934 -0.1148
vn -0.0000 -0.9922 -0.1244
vn -0.0000 -0.9909 -0.1343
vn -0.0000 -0.9895 -0.1445
vn -0.0000 -0.9879 -0.1550
vn -0.0000 -0.9862 -0.1658
vn -0.0000 -0.9842 -0.1769
vn -0.0000 -0.9821 -0.1884
vn -0.0000 -0.9798 -0.2002
vn -0.0000 -0.9772 -0.2124
vn -0.0000 -0.9744 -0.2249
vn -0.0000 -0.9713 -0.2378
vn -0.0000 -0.9680 -0.2511
vn -0.0000 -0.9643 -0.2648
vn -0.0000 -0.9603 -0.2789
vn -0.0000 -0.9560 -0.2934
vn -0.0000 -0.9603 -0.2788
vn -0.0000 -0.9513 -0.3083
vn -0.0000 -0.9462 -0.3236
vn -0.0000 -0.9407 -0.3393
vn -0.0000 -0.9346 -0.3556
vn -0.0000 -0.9282 -0.3722
vn -0.0000 -0.9211 -0.3893
vn -0.0000 -0.9281 -0.3722
vn -0.0000 -0.9135 -0.4068
vn -0.0000 -0.9053 -0.4247
vn -0.0000 -0.9135 -0.4067
vn -0.0000 -0.8965 -0.4430
vn -0.0000 -0.8870 -0.4618
vn -0.0000 -0.8768 -0.4809
vn -0.0000 -0.8658 -0.5004
vn -0.0000 -0.8540 -0.5203
vn -0.0000 -0.8414 -0.5405
vn -0.0000 -0.8540 -0.5202
vn -0.0000 -0.8278 -0.5610
vn -0.0000 -0.8414 -0.5404
vn -0.0000 -0.8134 -0.5816
vn -0.0000 -0.8279 -0.5609
vn -0.0000 -0.7981 -0.6025
vn -0.0000 -0.7817 -0.6236
vn -0.0000 -0.7981 -0.6026
vn -0.0000 -0.7644 -0.6447
vn -0.0000 -0.7818 -0.6236
vn -0.0000 -0.7460 -0.6659
vn -0.0000 -0.7266 -0.6870
vn -0.0000 -0.7460 -0.6660
vn -0.0000 -0.7062 -0.7080
vn -0.0000 -0.7266 -0.6871
vn -0.0000 -0.6847 -0.7289
vn -0.0000 -0.7061 -0.7081
vn -0.0000 -0.6621 -0.7494
vn -0.0000 -0.6846 -0.7289
vn -0.0000 -0.6385 -0.7696
vn -0.0000 -0.6620 -0.7495
vn -0.0000 -0.6139 -0.7894
vn -0.0000 -0.6385 -0.7697
vn -0.0000 -0.5883 -0.8086
vn -0.0000 -0.5619 -0.8272
vn -0.0000 -0.5884 -0.8086
vn -0.0000 -0.5346 -0.8451
vn -0.0000 -0.5065 -0.8622
vn -0.0000 -0.5347 -0.8451
vn -0.0000 -0.4778 -0.8785
vn -0.0000 -0.4484 -0.8938
vn -0.0000 -0.4777 -0.8785
vn -0.0000 -0.4185 -0.9082
vn -0.0000 -0.4484 -0.8939
vn -0.0000 -0.3881 -0.9216
vn -0.0000 -0.4184 -0.9083
vn -0.0000 -0.3574 -0.9339
vn -0.0000 -0.3265 -0.9452
vn -0.0000 -0.3575 -0.9339
vn -0.0000 -0.2955 -0.9553
vn -0.0000 -0.3266 -0.9452
vn -0.0000 -0.2646 -0.9644
vn -0.0000 -0.2956 -0.9553
vn -0.0000 -0.2338 -0.9723
vn -0.0000 -0.2030 -0.9792
vn -0.0000 -0.2337 -0.9723
vn -0.0000 -0.1726 -0.9850
vn -0.0000 -0.1425 -0.9898
vn -0.0000 -0.1128 -0.9936
vn -0.0000 -0.1426 -0.9898
vn -0.0000 -0.0837 -0.9965
vn -0.0000 -0.1130 -0.9936
vn -0.0000 -0.0552 -0.9985
vn -0.0000 -0.0839 -0.9965
vn -0.0000 -0.0274 -0.9996
vn -0.0000 0.0070 -1.0000
vn -0.0000 -0.0273 -0.9996
vn -0.0000 0.0552 -0.9985
vn -0.0000 0.0071 -1.0000
vn -0.0000 0.1101 -0.9939
vn -0.0000 0.0553 -0.9985
vn -0.0000 0.1638 -0.9865
vn -0.0000 0.2161 -0.9764
vn -0.0000 0.1639 -0.9865
vn -0.0000 0.2667 -0.9638
vn -0.0000 0.2163 -0.9763
vn -0.0000 0.3152 -0.9490
vn -0.0000 0.2669 -0.9637
vn -0.0000 0.3612 -0.9325
vn -0.0000 0.3153 -0.9490
vn -0.0000 0.4049 -0.9144
vn -0.0000 0.3614 -0.9324
vn -0.0000 0.4460 -0.8950
vn -0.0000 0.4050 -0.9143
vn -0.0000 0.4844 -0.8749
vn -0.0000 0.5201 -0.8541
vn -0.0000 0.4844 -0.8748
vn -0.0000 0.5534 -0.8329
vn -0.0000 0.5202 -0.8541
vn -0.0000 0.5842 -0.8116
vn -0.0000 0.6126 -0.7904
vn -0.0000 0.6389 -0.7693
vn -0.0000 0.6127 -0.7903
vn -0.0000 0.6631 -0.7485
vn -0.0000 0.6390 -0.7692
vn -0.0000 0.6854 -0.7282
vn -0.0000 0.6632 -0.7485
vn -0.0000 0.7059 -0.7083
vn -0.0000 0.6855 -0.7281
vn -0.0000 0.7248 -0.6889
vn -0.0000 0.7060 -0.7082
vn -0.0000 0.7422 -0.6702
vn -0.0000 0.7249 -0.6889
vn -0.0000 0.7582 -0.6520
vn -0.0000 0.7423 -0.6701
vn -0.0000 0.7730 -0.6344
vn -0.0000 0.7865 -0.6175
vn -0.0000 0.7991 -0.6012
vn -0.0000 0.7866 -0.6175
vn -0.0000 0.8107 -0.5855
vn -0.0000 0.8213 -0.5704
vn -0.0000 0.8312 -0.5559
vn -0.0000 0.8214 -0.5704
vn -0.0000 0.8404 -0.5420
vn -0.0000 0.8313 -0.5559
vn -0.0000 0.8489 -0.5285
vn -0.0000 0.8404 -0.5419
vn -0.0000 0.8568 -0.5157
vn -0.0000 0.8641 -0.5033
vn -0.0000 0.8568 -0.5156
vn -0.0000 0.8709 -0.4914
vn -0.0000 0.8773 -0.4800
vn -0.0000 0.8832 -0.4690
vn -0.0000 0.8887 -0.4585
vn -0.0000 0.8939 -0.4483
vn -0.0000 0.8887 -0.4584
vn -0.0000 0.8987 -0.4386
vn -0.0000 0.9032 -0.4292
vn -0.0000 0.8987 -0.4385
vn -0.0000 0.9075 -0.4201
vn -0.0000 0.9032 -0.4291
vn -0.0000 0.9115 -0.4114
vn -0.0000 0.9152 -0.4030
vn -0.0000 0.9187 -0.3949
vn -0.0000 0.9220 -0.3871
vn -0.0000 0.9251 -0.3796
vn -0.0000 0.9281 -0.3724
vn -0.0000 0.9252 -0.3796
vn -0.0000 0.9309 -0.3654
vn -0.0000 0.9281 -0.3723
vn -0.0000 0.9335 -0.3586
vn -0.0000 0.9309 -0.3653
vn -0.0000 0.9360 -0.3520
vn -0.0000 0.9383 -0.3457
vn -0.0000 0.9406 -0.3396
vn -0.0000 0.9427 -0.3337
vn -0.0000 0.9447 -0.3280
vn -0.0000 0.9466 -0.3224
vn -0.0000 0.9484 -0.3171
vn -0.0000 0.9501 -0.3119
vn -0.0000 0.9518 -0.3068
vn -0.0000 0.9533 -0.3020
vn -0.0000 0.9548 -0.2972
vn -0.0000 0.9533 -0.3019
vn -0.0000 0.9562 -0.2926
vn -0.0000 0.9576 -0.2881
vn -0.0000 0.9589 -0.2838
vn -0.0000 0.9601 -0.2796
vn -0.0000 0.9614 -0.2752
vn -0.0000 0.9596 -0.2813
vn -0.0000 0.9570 -0.2900
vn -0.0000 0.9568 -0.2909
vn -0.0000 0.9565 -0.2917
vn -0.0000 0.9568 -0.2908
vn -0.0000 0.9560 -0.2935
vn -0.0000 0.9557 -0.2944
vn -0.0000 0.9554 -0.2953
vn -0.0000 0.9551 -0.2962
vn -0.0000 0.9545 -0.2981
vn -0.0000 0.9542 -0.2991
vn -0.0000 0.9539 -0.3001
vn -0.0000 0.9536 -0.3011
vn -0.0000 0.9533 -0.3022
vn -0.0000 0.9529 -0.3032
vn -0.0000 0.9533 -0.3021
vn -0.0000 0.9526 -0.3043
vn -0.0000 0.9522 -0.3054
vn -0.0000 0.9519 -0.3065
vn -0.0000 0.9522 -0.3053
vn -0.0000 0.9515 -0.3076
vn -0.0000 0.9519 -0.3064
vn -0.0000 0.9512 -0.3087
vn -0.0000 0.9508 -0.3099
vn -0.0000 0.9504 -0.3111
vn -0.0000 0.9500 -0.3123
vn -0.0000 0.9504 -0.3110
vn -0.0000 0.9496 -0.3135
vn -0.0000 0.9500 -0.3122
vn -0.0000 0.9492 -0.3147
vn -0.0000 0.9488 -0.3160
vn -0.0000 0.9483 -0.3173
vn -0.0000 0.9479 -0.3186
vn -0.0000 0.9474 -0.3200
vn -0.0000 0.9470 -0.3213
vn -0.0000 0.9465 -0.3227
vn -0.0000 0.9460 -0.3242
vn -0.0000 0.9455 -0.3256
vn -0.0000 0.9450 -0.3271
vn -0.0000 0.9445 -0.3286
vn -0.0000 0.9439 -0.3302
vn -0.0000 0.9434 -0.3317
vn -0.0000 0.9428 -0.3333
vn -0.0000 0.9422 -0.3350
vn -0.0000 0.9416 -0.3367
vn -0.0000 0.9410 -0.3384
vn -0.0000 0.9404 -0.3402
vn -0.0000 0.9397 -0.3420
vn -0.0000 0.9390 -0.3438
vn -0.0000 0.9384 -0.3457
vn -0.0000 0.9376 -0.3476
vn -0.0000 0.9384 -0.3456
vn -0.0000 0.9369 -0.3495
vn -0.0000 0.9377 -0.3476
vn -0.0000 0.9362 -0.3516
vn -0.0000 0.9354 -0.3536
vn -0.0000 0.9346 -0.3557
vn -0.0000 0.9338 -0.3579
vn -0.0000 0.9329 -0.3601
vn -0.0000 0.9320 -0.3624
vn -0.0000 0.9311 -0.3647
vn -0.0000 0.9302 -0.3671
vn -0.0000 0.9292 -0.3695
vn -0.0000 0.9282 -0.3720
vn -0.0000 0.9272 -0.3746
vn -0.0000 0.9261 -0.3772
vn -0.0000 0.9250 -0.3800
vn -0.0000 0.9239 -0.3827
vn -0.0000 0.9227 -0.3856
vn -0.0000 0.9214 -0.3886
vn -0.0000 0.9143 -0.4050
vn -0.0000 0.9047 -0.4260
vn -0.0000 0.8988 -0.4384
vn -0.0000 0.9047 -0.4261
vn -0.0000 0.8925 -0.4510
vn -0.0000 0.8860 -0.4636
vn -0.0000 0.8792 -0.4764
vn -0.0000 0.8860 -0.4637
vn -0.0000 0.8721 -0.4894
vn -0.0000 0.8792 -0.4765
vn -0.0000 0.8646 -0.5024
vn -0.0000 0.8646 -0.5025
vn -0.0000 0.8487 -0.5289
vn -0.0000 0.8402 -0.5423
vn -0.0000 0.8314 -0.5557
vn -0.0000 0.8222 -0.5692
vn -0.0000 0.8126 -0.5828
vn -0.0000 0.8222 -0.5693
vn -0.0000 0.8027 -0.5964
vn -0.0000 0.7923 -0.6101
vn -0.0000 0.7816 -0.6237
vn -0.0000 0.7705 -0.6374
vn -0.0000 0.7816 -0.6238
vn -0.0000 0.7590 -0.6511
vn -0.0000 0.7471 -0.6647
vn -0.0000 0.7348 -0.6782
vn -0.0000 0.7472 -0.6646
vn -0.0000 0.7222 -0.6917
vn -0.0000 0.7349 -0.6782
vn -0.0000 0.7091 -0.7051
vn -0.0000 0.6957 -0.7183
vn -0.0000 0.6818 -0.7315
vn -0.0000 0.6957 -0.7184
vn -0.0000 0.6676 -0.7445
vn -0.0000 0.6531 -0.7573
vn -0.0000 0.6382 -0.7699
vn -0.0000 0.6229 -0.7823
vn -0.0000 0.6073 -0.7945
vn -0.0000 0.5914 -0.8064
vn -0.0000 0.5751 -0.8181
vn -0.0000 0.5913 -0.8064
vn -0.0000 0.5418 -0.8405
vn -0.0000 0.5585 -0.8295
vn -0.0000 0.5248 -0.8512
vn -0.0000 0.5075 -0.8617
vn -0.0000 0.5247 -0.8513
vn -0.0000 0.4900 -0.8717
vn -0.0000 0.5074 -0.8617
vn -0.0000 0.4723 -0.8814
vn -0.0000 0.4544 -0.8908
vn -0.0000 0.4722 -0.8815
vn -0.0000 0.4364 -0.8998
vn -0.0000 0.4182 -0.9083
vn -0.0000 0.4000 -0.9165
vn -0.0000 0.4183 -0.9083
vn -0.0000 0.3817 -0.9243
vn -0.0000 0.3634 -0.9316
vn -0.0000 0.3450 -0.9386
vn -0.0000 0.3633 -0.9317
vn -0.0000 0.3265 -0.9452
vn -0.0000 0.3449 -0.9386
vn -0.0000 0.3081 -0.9513
vn -0.0000 0.3266 -0.9452
vn -0.0000 0.2898 -0.9571
vn -0.0000 0.3081 -0.9514
vn -0.0000 0.2715 -0.9624
vn -0.0000 0.2897 -0.9571
vn -0.0000 0.2533 -0.9674
vn -0.0000 0.2351 -0.9720
vn -0.0000 0.2532 -0.9674
vn -0.0000 0.2171 -0.9762
vn -0.0000 0.1992 -0.9800
vn -0.0000 0.2171 -0.9761
vn -0.0000 0.1815 -0.9834
vn -0.0000 0.1993 -0.9799
vn -0.0000 0.1640 -0.9865
vn -0.0000 0.1466 -0.9892
vn -0.0000 0.1294 -0.9916
vn -0.0000 0.1124 -0.9937
vn -0.0000 0.1293 -0.9916
vn -0.0000 0.0955 -0.9954
vn -0.0000 0.0790 -0.9969
vn -0.0000 0.0957 -0.9954
vn -0.0000 0.0628 -0.9980
vn -0.0000 0.0791 -0.9969
vn -0.0000 0.0467 -0.9989
vn -0.0000 0.0309 -0.9995
vn -0.0000 0.0154 -0.9999
vn -0.0000 0.0014 -1.0000
vn -0.0000 0.0152 -0.9999
vn -0.0000 -0.0096 -1.0000
vn -0.0000 -0.0189 -0.9998
vn -0.0000 -0.0095 -1.0000
vn -0.0000 -0.0281 -0.9996
vn -0.0000 -0.0371 -0.9993
vn -0.0000 -0.0459 -0.9989
vn -0.0000 -0.0370 -0.9993
vn -0.0000 -0.0545 -0.9985
vn -0.0000 -0.0458 -0.9989
vn -0.0000 -0.0629 -0.9980
vn -0.0000 -0.0713 -0.9975
vn -0.0000 -0.0794 -0.9968
vn -0.0000 -0.0712 -0.9975
vn -0.0000 -0.0874 -0.9962
vn -0.0000 -0.0793 -0.9968
vn -0.0000 -0.0951 -0.9955
vn -0.0000 -0.0873 -0.9962
vn -0.0000 -0.1028 -0.9947
vn -0.0000 -0.1102 -0.9939
vn -0.0000 -0.1176 -0.9931
vn -0.0000 -0.1248 -0.9922
vn -0.0000 -0.1318 -0.9913
vn -0.0000 -0.1388 -0.9903
vn -0.0000 -0.1456 -0.9894
vn -0.0000 -0.1522 -0.9883
vn -0.0000 -0.1455 -0.9894
vn -0.0000 -0.1587 -0.9873
vn -0.0000 -0.1521 -0.9884
vn -0.0000 -0.1651 -0.9863
vn -0.0000 -0.1713 -0.9852
vn -0.0000 -0.1775 -0.9841
vn -0.0000 -0.1835 -0.9830
vn -0.0000 -0.1894 -0.9819
vn -0.0000 -0.1952 -0.9808
vn -0.0000 -0.1895 -0.9819
vn -0.0000 -0.2009 -0.9796
vn -0.0000 -0.2065 -0.9785
vn -0.0000 -0.2119 -0.9773
vn -0.0000 -0.2173 -0.9761
vn -0.0000 -0.2225 -0.9749
vn -0.0000 -0.2277 -0.9737
vn -0.0000 -0.2226 -0.9749
vn -0.0000 -0.2328 -0.9725
vn -0.0000 -0.2377 -0.9713
vn -0.0000 -0.2426 -0.9701
vn -0.0000 -0.2378 -0.9713
vn -0.0000 -0.2474 -0.9689
vn -0.0000 -0.2427 -0.9701
vn -0.0000 -0.2521 -0.9677
vn -0.0000 -0.2567 -0.9665
vn -0.0000 -0.2613 -0.9653
vn -0.0000 -0.2568 -0.9665
vn -0.0000 -0.2657 -0.9640
vn -0.0000 -0.2701 -0.9628
vn -0.0000 -0.2744 -0.9616
vn -0.0000 -0.2786 -0.9604
vn -0.0000 -0.2828 -0.9592
vn -0.0000 -0.2868 -0.9580
vn -0.0000 -0.2908 -0.9568
vn -0.0000 -0.2869 -0.9580
vn -0.0000 -0.2948 -0.9556
vn -0.0000 -0.2909 -0.9568
vn -0.0000 -0.2987 -0.9544
vn -0.0000 -0.3025 -0.9532
vn -0.0000 -0.2986 -0.9544
vn -0.0000 -0.3062 -0.9520
vn -0.0000 -0.3099 -0.9508
vn -0.0000 -0.3135 -0.9496
vn -0.0000 -0.3170 -0.9484
vn -0.0000 -0.3205 -0.9472
vn -0.0000 -0.3239 -0.9461
vn -0.0000 -0.3273 -0.9449
vn -0.0000 -0.3240 -0.9461
vn -0.0000 -0.3306 -0.9438
vn -0.0000 -0.3339 -0.9426
vn -0.0000 -0.3307 -0.9438
vn -0.0000 -0.3371 -0.9415
vn -0.0000 -0.3403 -0.9403
vn -0.0000 -0.3434 -0.9392
vn -0.0000 -0.3465 -0.9381
vn -0.0000 -0.3495 -0.9369
vn -0.0000 -0.3497 -0.9368
vn -0.0000 -0.3495 -0.9370
vn -0.0000 -0.3502 -0.9367
vn -0.0000 -0.3535 -0.9354
vn -0.0000 -0.3568 -0.9342
vn -0.0000 -0.3601 -0.9329
vn -0.0000 -0.3634 -0.9316
vn -0.0000 -0.3667 -0.9303
vn -0.0000 -0.3700 -0.9290
vn -0.0000 -0.3733 -0.9277
vn -0.0000 -0.3766 -0.9264
vn -0.0000 -0.3734 -0.9277
vn -0.0000 -0.3800 -0.9250
vn -0.0000 -0.3833 -0.9236
vn -0.0000 -0.3799 -0.9250
vn -0.0000 -0.3866 -0.9223
vn -0.0000 -0.3899 -0.9209
vn -0.0000 -0.3932 -0.9195
vn -0.0000 -0.3965 -0.9180
vn -0.0000 -0.3998 -0.9166
vn -0.0000 -0.4031 -0.9152
vn -0.0000 -0.4064 -0.9137
vn -0.0000 -0.4097 -0.9122
vn -0.0000 -0.4130 -0.9107
vn -0.0000 -0.4163 -0.9092
vn -0.0000 -0.4196 -0.9077
vn -0.0000 -0.4229 -0.9062
vn -0.0000 -0.4262 -0.9046
vn -0.0000 -0.4295 -0.9031
vn -0.0000 -0.4328 -0.9015
vn -0.0000 -0.4360 -0.8999
vn -0.0000 -0.4393 -0.8983
vn -0.0000 -0.4361 -0.8999
vn -0.0000 -0.4426 -0.8967
vn -0.0000 -0.4394 -0.8983
vn -0.0000 -0.4459 -0.8951
vn -0.0000 -0.4492 -0.8934
vn -0.0000 -0.4524 -0.8918
vn -0.0000 -0.4557 -0.8901
vn -0.0000 -0.4525 -0.8918
vn -0.0000 -0.4590 -0.8884
vn -0.0000 -0.4623 -0.8867
vn -0.0000 -0.4655 -0.8850
vn -0.0000 -0.4622 -0.8868
vn -0.0000 -0.4688 -0.8833
vn -0.0000 -0.4720 -0.8816
vn -0.0000 -0.4753 -0.8798
vn -0.0000 -0.4785 -0.8781
vn -0.0000 -0.4817 -0.8763
vn -0.0000 -0.4850 -0.8745
vn -0.0000 -0.4882 -0.8727
vn -0.0000 -0.4914 -0.8709
vn -0.0000 -0.4947 -0.8691
vn -0.0000 -0.4979 -0.8673
vn -0.0000 -0.5011 -0.8654
vn -0.0000 -0.5043 -0.8635
vn -0.0000 -0.5075 -0.8617
vn -0.0000 -0.5107 -0.8598
vn -0.0000 -0.5139 -0.8579
vn -0.0000 -0.5170 -0.8560
vn -0.0000 -0.5202 -0.8540
vn -0.0000 -0.5234 -0.8521
vn -0.0000 -0.5265 -0.8501
vn -0.0000 -0.5297 -0.8482
vn -0.0000 -0.5328 -0.8462
vn -0.0000 -0.5360 -0.8442
vn -0.0000 -0.5329 -0.8462
vn -0.0000 -0.5391 -0.8422
vn -0.0000 -0.5423 -0.8402
vn -0.0000 -0.5454 -0.8382
vn -0.0000 -0.5485 -0.8362
vn -0.0000 -0.5516 -0.8341
vn -0.0000 -0.5485 -0.8361
vn -0.0000 -0.5545 -0.8322
vn -0.0000 -0.5584 -0.8296
vn -0.0000 -0.5637 -0.8260
vn -0.0000 -0.5584 -0.8295
vn -0.0000 -0.5689 -0.8224
vn -0.0000 -0.5741 -0.8188
vn -0.0000 -0.5793 -0.8151
vn -0.0000 -0.5845 -0.8114
vn -0.0000 -0.5897 -0.8076
vn -0.0000 -0.5949 -0.8038
vn -0.0000 -0.6000 -0.8000
vn -0.0000 -0.6052 -0.7961
vn -0.0000 -0.6103 -0.7922
vn -0.0000 -0.6154 -0.7882
vn -0.0000 -0.6205 -0.7842
vn -0.0000 -0.6256 -0.7801
vn -0.0000 -0.6307 -0.7760
vn -0.0000 -0.6358 -0.7719
vn -0.0000 -0.6408 -0.7677
vn -0.0000 -0.6458 -0.7635
vn -0.0000 -0.6508 -0.7592
vn -0.0000 -0.6558 -0.7549
vn -0.0000 -0.6608 -0.7506
vn -0.0000 -0.6706 -0.7418
vn -0.0000 -0.6755 -0.7373
vn -0.0000 -0.6804 -0.7328
vn -0.0000 -0.6852 -0.7283
vn -0.0000 -0.6901 -0.7237
vn -0.0000 -0.6853 -0.7283
vn -0.0000 -0.6949 -0.7191
vn -0.0000 -0.6996 -0.7145
vn -0.0000 -0.7044 -0.7098
vn -0.0000 -0.7091 -0.7051
vn -0.0000 -0.7138 -0.7004
vn -0.0000 -0.7184 -0.6956
vn -0.0000 -0.7231 -0.6908
vn -0.0000 -0.7276 -0.6860
vn -0.0000 -0.7322 -0.6811
vn -0.0000 -0.7277 -0.6859
vn -0.0000 -0.7367 -0.6762
vn -0.0000 -0.7412 -0.6712
vn -0.0000 -0.7457 -0.6663
vn -0.0000 -0.7501 -0.6613
vn -0.0000 -0.7545 -0.6563
vn -0.0000 -0.7589 -0.6512
vn -0.0000 -0.7632 -0.6462
vn -0.0000 -0.7675 -0.6410
vn -0.0000 -0.7632 -0.6461
vn -0.0000 -0.7718 -0.6359
vn -0.0000 -0.7760 -0.6308
vn -0.0000 -0.7801 -0.6256
vn -0.0000 -0.7843 -0.6204
vn -0.0000 -0.7884 -0.6152
vn -0.0000 -0.7924 -0.6099
vn -0.0000 -0.7965 -0.6047
vn -0.0000 -0.8005 -0.5994
vn -0.0000 -0.8044 -0.5941
vn -0.0000 -0.8083 -0.5888
vn -0.0000 -0.8122 -0.5834
vn -0.0000 -0.8160 -0.5781
vn -0.0000 -0.8198 -0.5727
vn -0.0000 -0.8235 -0.5673
vn -0.0000 -0.8272 -0.5619
vn -0.0000 -0.8308 -0.5565
vn -0.0000 -0.8344 -0.5511
vn -0.0000 -0.8380 -0.5457
vn -0.0000 -0.8415 -0.5402
vn -0.0000 -0.8302 -0.5574
vn -0.0000 -0.8155 -0.5787
vn -0.0000 -0.8132 -0.5820
vn -0.0000 -0.8108 -0.5853
vn -0.0000 -0.8057 -0.5923
vn -0.0000 -0.8031 -0.5959
vn -0.0000 -0.8003 -0.5996
vn -0.0000 -0.7975 -0.6034
vn -0.0000 -0.7945 -0.6073
vn -0.0000 -0.7914 -0.6113
vn -0.0000 -0.7945 -0.6072
vn -0.0000 -0.7883 -0.6153
vn -0.0000 -0.7914 -0.6112
vn -0.0000 -0.7850 -0.6195
vn -0.0000 -0.7816 -0.6238
vn -0.0000 -0.7780 -0.6282
vn -0.0000 -0.7815 -0.6238
vn -0.0000 -0.7743 -0.6328
vn -0.0000 -0.7705 -0.6374
vn -0.0000 -0.7665 -0.6422
vn -0.0000 -0.7582 -0.6521
vn -0.0000 -0.7537 -0.6572
vn -0.0000 -0.7490 -0.6626
vn -0.0000 -0.7441 -0.6680
vn -0.0000 -0.7390 -0.6737
vn -0.0000 -0.7442 -0.6680
vn -0.0000 -0.7338 -0.6794
vn -0.0000 -0.7282 -0.6854
vn -0.0000 -0.7337 -0.6794
vn -0.0000 -0.7224 -0.6915
vn -0.0000 -0.7163 -0.6977
vn -0.0000 -0.7100 -0.7042
vn -0.0000 -0.7033 -0.7109
vn -0.0000 -0.6963 -0.7177
vn -0.0000 -0.6890 -0.7247
vn -0.0000 -0.6964 -0.7177
vn -0.0000 -0.6814 -0.7319
vn -0.0000 -0.6733 -0.7394
vn -0.0000 -0.6813 -0.7320
vn -0.0000 -0.6648 -0.7470
vn -0.0000 -0.6732 -0.7394
vn -0.0000 -0.6559 -0.7549
vn -0.0000 -0.6465 -0.7629
vn -0.0000 -0.6559 -0.7548
vn -0.0000 -0.6366 -0.7712
vn -0.0000 -0.6466 -0.7629
vn -0.0000 -0.6262 -0.7796
vn -0.0000 -0.6152 -0.7884
vn -0.0000 -0.6262 -0.7797
vn -0.0000 -0.6035 -0.7973
vn -0.0000 -0.6151 -0.7884
vn -0.0000 -0.5912 -0.8065
vn -0.0000 -0.6035 -0.7974
vn -0.0000 -0.5782 -0.8159
vn -0.0000 -0.5645 -0.8255
vn -0.0000 -0.5345 -0.8452
vn -0.0000 -0.5182 -0.8553
vn -0.0000 -0.5008 -0.8655
vn -0.0000 -0.5181 -0.8553
vn -0.0000 -0.4825 -0.8759
vn -0.0000 -0.5008 -0.8656
vn -0.0000 -0.4630 -0.8864
vn -0.0000 -0.4423 -0.8969
vn -0.0000 -0.4630 -0.8863
vn -0.0000 -0.4205 -0.9073
vn -0.0000 -0.4424 -0.8968
vn -0.0000 -0.3974 -0.9176
vn -0.0000 -0.3728 -0.9279
vn -0.0000 -0.3973 -0.9177
vn -0.0000 -0.3468 -0.9380
vn -0.0000 -0.3192 -0.9477
vn -0.0000 -0.3468 -0.9379
vn -0.0000 -0.2901 -0.9570
vn -0.0000 -0.3193 -0.9476
vn -0.0000 -0.2594 -0.9658
vn -0.0000 -0.2902 -0.9570
vn -0.0000 -0.2271 -0.9739
vn -0.0000 -0.2595 -0.9657
vn -0.0000 -0.1931 -0.9812
vn -0.0000 -0.2272 -0.9739
vn -0.0000 -0.1576 -0.9875
vn -0.0000 -0.1932 -0.9812
vn -0.0000 -0.1205 -0.9927
vn -0.0000 -0.0816 -0.9967
vn -0.0000 -0.1203 -0.9927
vn -0.0000 -0.0412 -0.9992
vn -0.0000 -0.0817 -0.9967
vn -0.0000 -0.0414 -0.9991
vn -0.0000 -0.0078 1.0000
vn -0.0000 0.0035 1.0000
vn -0.0000 -0.0156 0.9999
vn -0.0000 -0.0234 0.9997
vn -0.0000 -0.0312 0.9995
vn -0.0000 -0.0390 0.9992
vn -0.0000 -0.0468 0.9989
vn -0.0000 -0.0546 0.9985
vn -0.0000 -0.0624 0.9981
vn -0.0000 -0.0701 0.9975
vn -0.0000 -0.0779 0.9970
vn -0.0000 -0.0856 0.9963
vn -0.0000 -0.0933 0.9956
vn -0.0000 -0.1010 0.9949
vn -0.0000 -0.1087 0.9941
vn -0.0000 -0.1164 0.9932
vn -0.0000 -0.1240 0.9923
vn -0.0000 -0.1317 0.9913
vn -0.0000 -0.1393 0.9903
vn -0.0000 -0.1316 0.9913
vn -0.0000 -0.1468 0.9892
vn -0.0000 -0.1392 0.9903
vn -0.0000 -0.1544 0.9880
vn -0.0000 -0.1619 0.9868
vn -0.0000 -0.1543 0.9880
vn -0.0000 -0.1694 0.9855
vn -0.0000 -0.1769 0.9842
vn -0.0000 -0.1694 0.9856
vn -0.0000 -0.1843 0.9829
vn -0.0000 -0.1768 0.9842
vn -0.0000 -0.1917 0.9815
vn -0.0000 -0.1842 0.9829
vn -0.0000 -0.1991 0.9800
vn -0.0000 -0.1990 0.9800
vn -0.0000 -0.2137 0.9769
vn -0.0000 -0.2210 0.9753
vn -0.0000 -0.2282 0.9736
vn -0.0000 -0.2354 0.9719
vn -0.0000 -0.2425 0.9701
vn -0.0000 -0.2496 0.9683
vn -0.0000 -0.2567 0.9665
vn -0.0000 -0.2637 0.9646
vn -0.0000 -0.2707 0.9627
vn -0.0000 -0.2638 0.9646
vn -0.0000 -0.2777 0.9607
vn -0.0000 -0.2846 0.9586
vn -0.0000 -0.2915 0.9566
vn -0.0000 -0.2846 0.9587
vn -0.0000 -0.2983 0.9545
vn -0.0000 -0.2914 0.9566
vn -0.0000 -0.3050 0.9523
vn -0.0000 -0.3118 0.9502
vn -0.0000 -0.3184 0.9479
vn -0.0000 -0.3117 0.9502
vn -0.0000 -0.3251 0.9457
vn -0.0000 -0.3316 0.9434
vn -0.0000 -0.3382 0.9411
vn -0.0000 -0.3447 0.9387
vn -0.0000 -0.3511 0.9363
vn -0.0000 -0.3575 0.9339
vn -0.0000 -0.3638 0.9315
vn -0.0000 -0.3701 0.9290
vn -0.0000 -0.3764 0.9265
vn -0.0000 -0.3826 0.9239
vn -0.0000 -0.3763 0.9265
vn -0.0000 -0.3887 0.9214
vn -0.0000 -0.3825 0.9239
vn -0.0000 -0.3948 0.9188
vn -0.0000 -0.4008 0.9162
vn -0.0000 -0.3947 0.9188
vn -0.0000 -0.4068 0.9135
vn -0.0000 -0.4127 0.9109
vn -0.0000 -0.4186 0.9082
vn -0.0000 -0.4244 0.9055
vn -0.0000 -0.4302 0.9027
vn -0.0000 -0.4359 0.9000
vn -0.0000 -0.4421 0.8970
vn -0.0000 -0.4181 0.9084
vn -0.0000 -0.3900 0.9208
vn -0.0000 -0.4182 0.9084
vn -0.0000 -0.3891 0.9212
vn -0.0000 -0.3881 0.9216
vn -0.0000 -0.3872 0.9220
vn -0.0000 -0.3862 0.9224
vn -0.0000 -0.3851 0.9229
vn -0.0000 -0.3841 0.9233
vn -0.0000 -0.3831 0.9237
vn -0.0000 -0.3820 0.9242
vn -0.0000 -0.3809 0.9246
vn -0.0000 -0.3798 0.9251
vn -0.0000 -0.3787 0.9255
vn -0.0000 -0.3776 0.9260
vn -0.0000 -0.3752 0.9269
vn -0.0000 -0.3740 0.9274
vn -0.0000 -0.3728 0.9279
vn -0.0000 -0.3715 0.9284
vn -0.0000 -0.3702 0.9289
vn -0.0000 -0.3689 0.9295
vn -0.0000 -0.3676 0.9300
vn -0.0000 -0.3663 0.9305
vn -0.0000 -0.3649 0.9311
vn -0.0000 -0.3635 0.9316
vn -0.0000 -0.3620 0.9322
vn -0.0000 -0.3606 0.9327
vn -0.0000 -0.3591 0.9333
vn -0.0000 -0.3576 0.9339
vn -0.0000 -0.3560 0.9345
vn -0.0000 -0.3544 0.9351
vn -0.0000 -0.3528 0.9357
vn -0.0000 -0.3494 0.9370
vn -0.0000 -0.3477 0.9376
vn -0.0000 -0.3459 0.9383
vn -0.0000 -0.3441 0.9389
vn -0.0000 -0.3423 0.9396
vn -0.0000 -0.3404 0.9403
vn -0.0000 -0.3422 0.9396
vn -0.0000 -0.3384 0.9410
vn -0.0000 -0.3364 0.9417
vn -0.0000 -0.3344 0.9424
vn -0.0000 -0.3323 0.9432
vn -0.0000 -0.3302 0.9439
vn -0.0000 -0.3280 0.9447
vn -0.0000 -0.3257 0.9455
vn -0.0000 -0.3234 0.9462
vn -0.0000 -0.3211 0.9471
vn -0.0000 -0.3187 0.9479
vn -0.0000 -0.3211 0.9470
vn -0.0000 -0.3162 0.9487
vn -0.0000 -0.3136 0.9495
vn -0.0000 -0.3110 0.9504
vn -0.0000 -0.3083 0.9513
vn -0.0000 -0.3056 0.9522
vn -0.0000 -0.3027 0.9531
vn -0.0000 -0.2998 0.9540
vn -0.0000 -0.2968 0.9549
vn -0.0000 -0.2905 0.9569
vn -0.0000 -0.2873 0.9578
vn -0.0000 -0.2906 0.9569
vn -0.0000 -0.2839 0.9589
vn -0.0000 -0.2804 0.9599
vn -0.0000 -0.2768 0.9609
vn -0.0000 -0.2731 0.9620
vn -0.0000 -0.2806 0.9598
vn -0.0000 -0.2894 0.9572
vn -0.0000 -0.2884 0.9575
vn -0.0000 -0.2874 0.9578
vn -0.0000 -0.2864 0.9581
vn -0.0000 -0.2853 0.9584
vn -0.0000 -0.2842 0.9588
vn -0.0000 -0.2831 0.9591
vn -0.0000 -0.2820 0.9594
vn -0.0000 -0.2808 0.9598
vn -0.0000 -0.2796 0.9601
vn -0.0000 -0.2784 0.9605
vn -0.0000 -0.2771 0.9608
vn -0.0000 -0.2758 0.9612
vn -0.0000 -0.2745 0.9616
vn -0.0000 -0.2744 0.9616
vn -0.0000 -0.2716 0.9624
vn -0.0000 -0.2701 0.9628
vn -0.0000 -0.2686 0.9633
vn -0.0000 -0.2670 0.9637
vn -0.0000 -0.2654 0.9641
vn -0.0000 -0.2619 0.9651
vn -0.0000 -0.2601 0.9656
vn -0.0000 -0.2583 0.9661
vn -0.0000 -0.2563 0.9666
vn -0.0000 -0.2582 0.9661
vn -0.0000 -0.2543 0.9671
vn -0.0000 -0.2522 0.9677
vn -0.0000 -0.2500 0.9682
vn -0.0000 -0.2478 0.9688
vn -0.0000 -0.2454 0.9694
vn -0.0000 -0.2430 0.9700
vn -0.0000 -0.2404 0.9707
vn -0.0000 -0.2378 0.9713
vn -0.0000 -0.2350 0.9720
vn -0.0000 -0.2321 0.9727
vn -0.0000 -0.2291 0.9734
vn -0.0000 -0.2259 0.9741
vn -0.0000 -0.2226 0.9749
vn -0.0000 -0.2259 0.9742
vn -0.0000 -0.2192 0.9757
vn -0.0000 -0.2155 0.9765
vn -0.0000 -0.2191 0.9757
vn -0.0000 -0.2117 0.9773
vn -0.0000 -0.2077 0.9782
vn -0.0000 -0.2034 0.9791
vn -0.0000 -0.2076 0.9782
vn -0.0000 -0.1989 0.9800
vn -0.0000 -0.1942 0.9810
vn -0.0000 -0.1892 0.9819
vn -0.0000 -0.1839 0.9829
vn -0.0000 -0.1783 0.9840
vn -0.0000 -0.1723 0.9850
vn -0.0000 -0.1659 0.9861
vn -0.0000 -0.1591 0.9873
vn -0.0000 -0.1519 0.9884
vn -0.0000 -0.1441 0.9896
vn -0.0000 -0.1357 0.9908
vn -0.0000 -0.1267 0.9919
vn -0.0000 -0.1357 0.9907
vn -0.0000 -0.1170 0.9931
vn -0.0000 -0.1065 0.9943
vn -0.0000 -0.0951 0.9955
vn -0.0000 -0.0826 0.9966
vn -0.0000 -0.0691 0.9976
vn -0.0000 -0.0827 0.9966
vn -0.0000 -0.0542 0.9985
vn -0.0000 -0.0379 0.9993
vn -0.0000 -0.0198 0.9998
vn -0.0000 -0.0378 0.9993
vn -0.0000 -0.0030 1.0000
vn -0.0000 -0.0197 0.9998
vn -0.0000 0.0084 1.0000
vn -0.0000 0.0168 0.9999
vn -0.0000 0.0251 0.9997
vn -0.0000 0.0334 0.9994
vn -0.0000 0.0417 0.9991
vn -0.0000 0.0499 0.9988
vn -0.0000 0.0416 0.9991
vn -0.0000 0.0581 0.9983
vn -0.0000 0.0498 0.9988
vn -0.0000 0.0662 0.9978
vn -0.0000 0.0580 0.9983
vn -0.0000 0.0743 0.9972
vn -0.0000 0.0824 0.9966
vn -0.0000 0.0904 0.9959
vn -0.0000 0.0983 0.9952
vn -0.0000 0.1062 0.9943
vn -0.0000 0.0984 0.9952
vn -0.0000 0.1141 0.9935
vn -0.0000 0.1063 0.9943
vn -0.0000 0.1297 0.9916
vn -0.0000 0.1374 0.9905
vn -0.0000 0.1297 0.9915
vn -0.0000 0.1451 0.9894
vn -0.0000 0.1375 0.9905
vn -0.0000 0.1527 0.9883
vn -0.0000 0.1603 0.9871
vn -0.0000 0.1678 0.9858
vn -0.0000 0.1753 0.9845
vn -0.0000 0.1827 0.9832
vn -0.0000 0.1900 0.9818
vn -0.0000 0.1973 0.9803
vn -0.0000 0.2046 0.9789
vn -0.0000 0.2117 0.9773
vn -0.0000 0.2045 0.9789
vn -0.0000 0.2188 0.9758
vn -0.0000 0.2259 0.9742
vn -0.0000 0.2329 0.9725
vn -0.0000 0.2398 0.9708
vn -0.0000 0.2467 0.9691
vn -0.0000 0.2535 0.9673
vn -0.0000 0.2466 0.9691
vn -0.0000 0.2603 0.9655
vn -0.0000 0.2669 0.9637
vn -0.0000 0.2602 0.9656
vn -0.0000 0.2736 0.9619
vn -0.0000 0.2802 0.9600
vn -0.0000 0.2866 0.9580
vn -0.0000 0.2801 0.9600
vn -0.0000 0.2931 0.9561
vn -0.0000 0.2867 0.9580
vn -0.0000 0.2995 0.9541
vn -0.0000 0.3058 0.9521
vn -0.0000 0.3121 0.9501
vn -0.0000 0.3183 0.9480
vn -0.0000 0.3244 0.9459
vn -0.0000 0.3305 0.9438
vn -0.0000 0.3365 0.9417
vn -0.0000 0.3425 0.9395
vn -0.0000 0.3366 0.9417
vn -0.0000 0.3484 0.9374
vn -0.0000 0.3542 0.9352
vn -0.0000 0.3484 0.9373
vn -0.0000 0.3600 0.9329
vn -0.0000 0.3657 0.9307
vn -0.0000 0.3600 0.9330
vn -0.0000 0.3769 0.9262
vn -0.0000 0.3825 0.9240
vn -0.0000 0.3770 0.9262
vn -0.0000 0.3880 0.9217
vn -0.0000 0.3825 0.9239
vn -0.0000 0.3934 0.9194
vn -0.0000 0.3988 0.9170
vn -0.0000 0.3934 0.9193
vn -0.0000 0.4041 0.9147
vn -0.0000 0.4145 0.9100
vn -0.0000 0.4094 0.9124
vn -0.0000 0.4197 0.9077
vn -0.0000 0.4146 0.9100
vn -0.0000 0.4247 0.9053
vn -0.0000 0.4298 0.9029
vn -0.0000 0.4248 0.9053
vn -0.0000 0.4662 0.8847
vn -0.0000 0.4978 0.8673
vn -0.0000 0.4945 0.8692
vn -0.0000 0.4912 0.8711
vn -0.0000 0.4877 0.8730
vn -0.0000 0.4842 0.8749
vn -0.0000 0.4806 0.8769
vn -0.0000 0.4842 0.8750
vn -0.0000 0.4770 0.8789
vn -0.0000 0.4732 0.8809
vn -0.0000 0.4694 0.8830
vn -0.0000 0.4655 0.8850
vn -0.0000 0.4615 0.8871
vn -0.0000 0.4574 0.8893
vn -0.0000 0.4532 0.8914
vn -0.0000 0.4574 0.8892
vn -0.0000 0.4489 0.8936
vn -0.0000 0.4446 0.8957
vn -0.0000 0.4401 0.8980
vn -0.0000 0.4355 0.9002
vn -0.0000 0.4308 0.9025
vn -0.0000 0.4260 0.9047
vn -0.0000 0.4210 0.9070
vn -0.0000 0.4160 0.9094
vn -0.0000 0.4108 0.9117
vn -0.0000 0.4055 0.9141
vn -0.0000 0.4000 0.9165
vn -0.0000 0.3945 0.9189
vn -0.0000 0.3887 0.9214
vn -0.0000 0.3828 0.9238
vn -0.0000 0.3888 0.9213
vn -0.0000 0.3768 0.9263
vn -0.0000 0.3829 0.9238
vn -0.0000 0.3706 0.9288
vn -0.0000 0.3769 0.9263
vn -0.0000 0.3643 0.9313
vn -0.0000 0.3707 0.9288
vn -0.0000 0.3578 0.9338
vn -0.0000 0.3511 0.9363
vn -0.0000 0.3442 0.9389
vn -0.0000 0.3372 0.9414
vn -0.0000 0.3299 0.9440
vn -0.0000 0.3225 0.9466
vn -0.0000 0.3148 0.9491
vn -0.0000 0.3070 0.9517
vn -0.0000 0.2989 0.9543
vn -0.0000 0.2905 0.9569
vn -0.0000 0.2820 0.9594
vn -0.0000 0.2732 0.9620
vn -0.0000 0.2641 0.9645
vn -0.0000 0.2548 0.9670
vn -0.0000 0.2642 0.9645
vn -0.0000 0.2453 0.9695
vn -0.0000 0.2549 0.9670
vn -0.0000 0.2354 0.9719
vn -0.0000 0.2253 0.9743
vn -0.0000 0.2148 0.9767
vn -0.0000 0.2041 0.9790
vn -0.0000 0.1930 0.9812
vn -0.0000 0.1816 0.9834
vn -0.0000 0.1699 0.9855
vn -0.0000 0.1817 0.9834
vn -0.0000 0.1579 0.9875
vn -0.0000 0.1454 0.9894
vn -0.0000 0.1327 0.9912
vn -0.0000 0.1195 0.9928
vn -0.0000 0.1060 0.9944
vn -0.0000 0.0921 0.9958
vn -0.0000 0.0778 0.9970
vn -0.0000 0.0630 0.9980
vn -0.0000 0.0479 0.9989
vn -0.0000 0.0324 0.9995
vn -0.0000 0.0163 0.9999
vn -0.0000 0.0323 0.9995
vn -0.0000 0.0017 1.0000
vn -0.0000 -0.0096 1.0000
vn -0.0000 -0.0193 0.9998
vn -0.0000 -0.0291 0.9996
vn -0.0000 -0.0490 0.9988
vn -0.0000 -0.0591 0.9983
vn -0.0000 -0.0692 0.9976
vn -0.0000 -0.0795 0.9968
vn -0.0000 -0.0898 0.9960
vn -0.0000 -0.1002 0.9950
vn -0.0000 -0.1108 0.9938
vn -0.0000 -0.1213 0.9926
vn -0.0000 -0.1107 0.9939
vn -0.0000 -0.1320 0.9913
vn -0.0000 -0.1427 0.9898
vn -0.0000 -0.1320 0.9912
vn -0.0000 -0.1535 0.9881
vn -0.0000 -0.1428 0.9898
vn -0.0000 -0.1644 0.9864
vn -0.0000 -0.1754 0.9845
vn -0.0000 -0.1863 0.9825
vn -0.0000 -0.1753 0.9845
vn -0.0000 -0.1974 0.9803
vn -0.0000 -0.2085 0.9780
vn -0.0000 -0.2197 0.9756
vn -0.0000 -0.2309 0.9730
vn -0.0000 -0.2421 0.9703
vn -0.0000 -0.2534 0.9674
vn -0.0000 -0.2421 0.9702
vn -0.0000 -0.2647 0.9643
vn -0.0000 -0.2760 0.9612
vn -0.0000 -0.2987 0.9543
vn -0.0000 -0.3101 0.9507
vn -0.0000 -0.3215 0.9469
vn -0.0000 -0.3329 0.9430
vn -0.0000 -0.3443 0.9389
vn -0.0000 -0.3557 0.9346
vn -0.0000 -0.3670 0.9302
vn -0.0000 -0.3556 0.9346
vn -0.0000 -0.3784 0.9257
vn -0.0000 -0.3897 0.9210
vn -0.0000 -0.3783 0.9257
vn -0.0000 -0.4009 0.9161
vn -0.0000 -0.3896 0.9210
vn -0.0000 -0.4122 0.9111
vn -0.0000 -0.4234 0.9060
vn -0.0000 -0.4345 0.9007
vn -0.0000 -0.4234 0.9059
vn -0.0000 -0.4456 0.8952
vn -0.0000 -0.4567 0.8896
vn -0.0000 -0.4677 0.8839
vn -0.0000 -0.4786 0.8780
vn -0.0000 -0.4676 0.8839
vn -0.0000 -0.4894 0.8720
vn -0.0000 -0.5002 0.8659
vn -0.0000 -0.4894 0.8721
vn -0.0000 -0.5109 0.8597
vn -0.0000 -0.5215 0.8533
vn -0.0000 -0.5108 0.8597
vn -0.0000 -0.5320 0.8468
vn -0.0000 -0.5214 0.8533
vn -0.0000 -0.5424 0.8401
vn -0.0000 -0.5319 0.8468
vn -0.0000 -0.5526 0.8334
vn -0.0000 -0.5423 0.8402
vn -0.0000 -0.5628 0.8266
vn -0.0000 -0.5527 0.8334
vn -0.0000 -0.5729 0.8196
vn -0.0000 -0.5629 0.8266
vn -0.0000 -0.5829 0.8126
vn -0.0000 -0.5730 0.8196
vn -0.0000 -0.5928 0.8054
vn -0.0000 -0.5829 0.8125
vn -0.0000 -0.6025 0.7981
vn -0.0000 -0.6121 0.7908
vn -0.0000 -0.6216 0.7833
vn -0.0000 -0.6310 0.7758
vn -0.0000 -0.6402 0.7682
vn -0.0000 -0.6309 0.7758
vn -0.0000 -0.6670 0.7450
vn -0.0000 -0.6758 0.7371
vn -0.0000 -0.6846 0.7289
vn -0.0000 -0.6934 0.7205
vn -0.0000 -0.7022 0.7119
vn -0.0000 -0.7110 0.7032
vn -0.0000 -0.7198 0.6942
vn -0.0000 -0.7285 0.6851
vn -0.0000 -0.7197 0.6942
vn -0.0000 -0.7371 0.6758
vn -0.0000 -0.7284 0.6851
vn -0.0000 -0.7457 0.6663
vn -0.0000 -0.7542 0.6567
vn -0.0000 -0.7626 0.6468
vn -0.0000 -0.7710 0.6368
vn -0.0000 -0.7793 0.6266
vn -0.0000 -0.7875 0.6163
vn -0.0000 -0.7956 0.6058
vn -0.0000 -0.8036 0.5951
vn -0.0000 -0.8115 0.5843
vn -0.0000 -0.8193 0.5733
vn -0.0000 -0.8270 0.5622
vn -0.0000 -0.8346 0.5509
vn -0.0000 -0.8420 0.5395
vn -0.0000 -0.8493 0.5280
vn -0.0000 -0.8564 0.5163
vn -0.0000 -0.8634 0.5045
vn -0.0000 -0.8703 0.4926
vn -0.0000 -0.8770 0.4806
vn -0.0000 -0.8835 0.4684
vn -0.0000 -0.8899 0.4562
vn -0.0000 -0.8835 0.4685
vn -0.0000 -0.8961 0.4439
vn -0.0000 -0.9021 0.4315
vn -0.0000 -0.9080 0.4191
vn -0.0000 -0.9136 0.4065
vn -0.0000 -0.9191 0.3939
vn -0.0000 -0.9245 0.3813
vn -0.0000 -0.9296 0.3686
vn -0.0000 -0.9346 0.3558
vn -0.0000 -0.9393 0.3431
vn -0.0000 -0.9439 0.3303
vn -0.0000 -0.9483 0.3175
vn -0.0000 -0.9525 0.3046
vn -0.0000 -0.9565 0.2918
vn -0.0000 -0.9603 0.2790
vn -0.0000 -0.9639 0.2662
vn -0.0000 -0.9674 0.2534
vn -0.0000 -0.9706 0.2407
vn -0.0000 -0.9737 0.2279
vn -0.0000 -0.9766 0.2153
vn -0.0000 -0.9793 0.2026
vn -0.0000 -0.9818 0.1900
vn -0.0000 -0.9841 0.1775
vn -0.0000 -0.9863 0.1650
vn -0.0000 -0.9883 0.1527
vn -0.0000 -0.9901 0.1403
vn -0.0000 -0.9918 0.1281
vn -0.0000 -0.9933 0.1160
vn -0.0000 -0.9946 0.1039
vn -0.0000 -0.9958 0.0919
vn -0.0000 -0.9968 0.0801
vn -0.0000 -0.9977 0.0683
vn -0.0000 -0.9984 0.0566
vn -0.0000 -0.9990 0.0451
vn -0.0000 -0.9994 0.0336
vn -0.0000 -0.9998 0.0223
vn -0.0000 -0.9999 0.0111
vn -0.0000 -1.0000 -0.0007
vn -0.0000 -0.9999 -0.0139
vn -0.0000 -0.9996 -0.0278
vn -0.0000 -0.9991 -0.0417
vn -0.0000 -0.9985 -0.0555
vn -0.0000 -0.9976 -0.0694
vn -0.0000 -0.9965 -0.0832
vn -0.0000 -0.9953 -0.0970
vn -0.0000 -0.9939 -0.1107
vn -0.0000 -0.9904 -0.1380
vn -0.0000 -0.9885 -0.1515
vn -0.0000 -0.9863 -0.1650
vn -0.0000 -0.9840 -0.1784
vn -0.0000 -0.9815 -0.1917
vn -0.0000 -0.9788 -0.2049
vn -0.0000 -0.9760 -0.2180
vn -0.0000 -0.9730 -0.2310
vn -0.0000 -0.9698 -0.2438
vn -0.0000 -0.9665 -0.2566
vn -0.0000 -0.9631 -0.2692
vn -0.0000 -0.9595 -0.2817
vn -0.0000 -0.9558 -0.2941
vn -0.0000 -0.9519 -0.3063
vn -0.0000 -0.9480 -0.3184
vn -0.0000 -0.9439 -0.3303
vn -0.0000 -0.9397 -0.3421
vn -0.0000 -0.9353 -0.3537
vn -0.0000 -0.9309 -0.3652
vn -0.0000 -0.9353 -0.3538
vn -0.0000 -0.9264 -0.3766
vn -0.0000 -0.9218 -0.3877
vn -0.0000 -0.9171 -0.3987
vn -0.0000 -0.9123 -0.4096
vn -0.0000 -0.9074 -0.4203
vn -0.0000 -0.9025 -0.4308
vn -0.0000 -0.8924 -0.4513
vn -0.0000 -0.8974 -0.4411
vn -0.0000 -0.8872 -0.4613
vn -0.0000 -0.8821 -0.4712
vn -0.0000 -0.8768 -0.4808
vn -0.0000 -0.8820 -0.4712
vn -0.0000 -0.8715 -0.4903
vn -0.0000 -0.8662 -0.4997
vn -0.0000 -0.8715 -0.4904
vn -0.0000 -0.8608 -0.5089
vn -0.0000 -0.8554 -0.5179
vn -0.0000 -0.8500 -0.5268
vn -0.0000 -0.8446 -0.5354
vn -0.0000 -0.8391 -0.5440
vn -0.0000 -0.8446 -0.5355
vn -0.0000 -0.8336 -0.5523
vn -0.0000 -0.8281 -0.5606
vn -0.0000 -0.8226 -0.5686
vn -0.0000 -0.8171 -0.5765
vn -0.0000 -0.8116 -0.5842
vn -0.0000 -0.8061 -0.5918
vn -0.0000 -0.8116 -0.5843
vn -0.0000 -0.8005 -0.5993
vn -0.0000 -0.8060 -0.5919
vn -0.0000 -0.7950 -0.6066
vn -0.0000 -0.7895 -0.6137
vn -0.0000 -0.7840 -0.6207
vn -0.0000 -0.7785 -0.6276
vn -0.0000 -0.7731 -0.6343
vn -0.0000 -0.7676 -0.6409
vn -0.0000 -0.7622 -0.6474
vn -0.0000 -0.7567 -0.6537
vn -0.0000 -0.7514 -0.6599
vn -0.0000 -0.7568 -0.6537
vn -0.0000 -0.7415 -0.6709
vn -0.0000 -0.7361 -0.6768
vn -0.0000 -0.7288 -0.6847
vn -0.0000 -0.7215 -0.6925
vn -0.0000 -0.7140 -0.7002
vn -0.0000 -0.7063 -0.7079
vn -0.0000 -0.6986 -0.7155
vn -0.0000 -0.6908 -0.7230
vn -0.0000 -0.6829 -0.7305
vn -0.0000 -0.6749 -0.7379
vn -0.0000 -0.6667 -0.7453
vn -0.0000 -0.6585 -0.7526
vn -0.0000 -0.6502 -0.7597
vn -0.0000 -0.6418 -0.7669
vn -0.0000 -0.6333 -0.7739
vn -0.0000 -0.6248 -0.7808
vn -0.0000 -0.6161 -0.7877
vn -0.0000 -0.6074 -0.7944
vn -0.0000 -0.5985 -0.8011
vn -0.0000 -0.5807 -0.8141
vn -0.0000 -0.5717 -0.8205
vn -0.0000 -0.5626 -0.8267
vn -0.0000 -0.5535 -0.8329
vn -0.0000 -0.5443 -0.8389
vn -0.0000 -0.5350 -0.8448
vn -0.0000 -0.5257 -0.8507
vn -0.0000 -0.5164 -0.8564
vn -0.0000 -0.5070 -0.8620
vn -0.0000 -0.4976 -0.8674
vn -0.0000 -0.4881 -0.8728
vn -0.0000 -0.4786 -0.8780
vn -0.0000 -0.4691 -0.8831
vn -0.0000 -0.4596 -0.8881
vn -0.0000 -0.4500 -0.8930
vn -0.0000 -0.4404 -0.8978
vn -0.0000 -0.4309 -0.9024
vn -0.0000 -0.4213 -0.9069
vn -0.0000 -0.4117 -0.9113
vn -0.0000 -0.4021 -0.9156
vn -0.0000 -0.3925 -0.9198
vn -0.0000 -0.3829 -0.9238
vn -0.0000 -0.3638 -0.9315
vn -0.0000 -0.3542 -0.9352
vn -0.0000 -0.3447 -0.9387
vn -0.0000 -0.3352 -0.9422
vn -0.0000 -0.3257 -0.9455
vn -0.0000 -0.3162 -0.9487
vn -0.0000 -0.3068 -0.9518
vn -0.0000 -0.2974 -0.9547
vn -0.0000 -0.2881 -0.9576
vn -0.0000 -0.2788 -0.9604
vn -0.0000 -0.2695 -0.9630
vn -0.0000 -0.2602 -0.9655
vn -0.0000 -0.2511 -0.9680
vn -0.0000 -0.2603 -0.9655
vn -0.0000 -0.2419 -0.9703
vn -0.0000 -0.2238 -0.9746
vn -0.0000 -0.2329 -0.9725
vn -0.0000 -0.2148 -0.9766
vn -0.0000 -0.2059 -0.9786
vn -0.0000 -0.2149 -0.9766
vn -0.0000 -0.1971 -0.9804
vn -0.0000 -0.1883 -0.9821
vn -0.0000 -0.1795 -0.9837
vn -0.0000 -0.1839 -0.9829
vn -0.0000 -0.1905 -0.9817
vn -0.0000 -0.1862 -0.9825
vn -0.0000 -0.1821 -0.9833
vn -0.0000 -0.1779 -0.9840
vn -0.0000 -0.1820 -0.9833
vn -0.0000 -0.1739 -0.9848
vn -0.0000 -0.1698 -0.9855
vn -0.0000 -0.1738 -0.9848
vn -0.0000 -0.1658 -0.9862
vn -0.0000 -0.1619 -0.9868
vn -0.0000 -0.1580 -0.9874
vn -0.0000 -0.1542 -0.9880
vn -0.0000 -0.1504 -0.9886
vn -0.0000 -0.1466 -0.9892
vn -0.0000 -0.1429 -0.9897
vn -0.0000 -0.1393 -0.9903
vn -0.0000 -0.1356 -0.9908
vn -0.0000 -0.1321 -0.9912
vn -0.0000 -0.1285 -0.9917
vn -0.0000 -0.1250 -0.9922
vn -0.0000 -0.1216 -0.9926
vn -0.0000 -0.1182 -0.9930
vn -0.0000 -0.1148 -0.9934
vn -0.0000 -0.1114 -0.9938
vn -0.0000 -0.1081 -0.9941
vn -0.0000 -0.1115 -0.9938
vn -0.0000 -0.1049 -0.9945
vn -0.0000 -0.1017 -0.9948
vn -0.0000 -0.0985 -0.9951
vn -0.0000 -0.0953 -0.9954
vn -0.0000 -0.0922 -0.9957
vn -0.0000 -0.0891 -0.9960
vn -0.0000 -0.0861 -0.9963
vn -0.0000 -0.0831 -0.9965
vn -0.0000 -0.0801 -0.9968
vn -0.0000 -0.0772 -0.9970
vn -0.0000 -0.0742 -0.9972
vn -0.0000 -0.0714 -0.9974
vn -0.0000 -0.0743 -0.9972
vn -0.0000 -0.0685 -0.9976
vn -0.0000 -0.0714 -0.9975
vn -0.0000 -0.0657 -0.9978
vn -0.0000 -0.0602 -0.9982
vn -0.0000 -0.0574 -0.9983
vn -0.0000 -0.0547 -0.9985
vn -0.0000 -0.0521 -0.9986
vn -0.0000 -0.0494 -0.9988
vn -0.0000 -0.0468 -0.9989
vn -0.0000 -0.0442 -0.9990
vn -0.0000 -0.0417 -0.9991
vn -0.0000 -0.0392 -0.9992
vn -0.0000 -0.0367 -0.9993
vn -0.0000 -0.0342 -0.9994
vn -0.0000 -0.0317 -0.9995
vn -0.0000 -0.0293 -0.9996
vn -0.0000 -0.0269 -0.9996
vn -0.0000 -0.0245 -0.9997
vn -0.0000 -0.0222 -0.9998
vn -0.0000 -0.0199 -0.9998
vn -0.0000 -0.0176 -0.9998
vn -0.0000 -0.0153 -0.9999
vn -0.0000 -0.0131 -0.9999
vn -0.0000 -0.0108 -0.9999
vn -0.0000 -0.0086 -1.0000
vn -0.0000 -0.0064 -1.0000
vn -0.0000 -0.0043 -1.0000
vn -0.0000 -0.0021 -1.0000
vn -0.0000 0.0049 -1.0000
vn -0.0000 0.0053 -1.0000
vn -0.0000 0.0048 -1.0000
vn -0.0000 -0.0005 -1.0000
vn -0.0000 0.0052 -1.0000
vn -0.0000 -0.0011 -1.0000
vn -0.0000 -0.0006 -1.0000
vn -0.0000 -0.0017 -1.0000
vn -0.0000 -0.0023 -1.0000
vn -0.0000 -0.0029 -1.0000
vn -0.0000 -0.0034 -1.0000
vn -0.0000 -0.0040 -1.0000
vn -0.0000 -0.0035 -1.0000
vn -0.0000 -0.0047 -1.0000
vn -0.0000 -0.0041 -1.0000
vn -0.0000 -0.0053 -1.0000
vn -0.0000 -0.0059 -1.0000
vn -0.0000 -0.0065 -1.0000
vn -0.0000 -0.0071 -1.0000
vn -0.0000 -0.0077 -1.0000
vn -0.0000 -0.0084 -1.0000
vn -0.0000 -0.0090 -1.0000
vn -0.0000 -0.0102 -0.9999
vn -0.0000 -0.0109 -0.9999
vn -0.0000 -0.0116 -0.9999
vn -0.0000 -0.0122 -0.9999
vn -0.0000 -0.0115 -0.9999
vn -0.0000 -0.0128 -0.9999
vn -0.0000 -0.0135 -0.9999
vn -0.0000 -0.0129 -0.9999
vn -0.0000 -0.0142 -0.9999
vn -0.0000 -0.0148 -0.9999
vn -0.0000 -0.0155 -0.9999
vn -0.0000 -0.0149 -0.9999
vn -0.0000 -0.0161 -0.9999
vn -0.0000 -0.0156 -0.9999
vn -0.0000 -0.0168 -0.9999
vn -0.0000 -0.0163 -0.9999
vn -0.0000 -0.0169 -0.9999
vn -0.0000 -0.0182 -0.9998
vn -0.0000 -0.0190 -0.9998
vn -0.0000 -0.0183 -0.9998
vn -0.0000 -0.0197 -0.9998
vn -0.0000 -0.0204 -0.9998
vn -0.0000 -0.0211 -0.9998
vn -0.0000 -0.0218 -0.9998
vn -0.0000 -0.0225 -0.9997
vn -0.0000 -0.0219 -0.9998
vn -0.0000 -0.0233 -0.9997
vn -0.0000 -0.0226 -0.9997
vn -0.0000 -0.0241 -0.9997
vn -0.0000 -0.0248 -0.9997
vn -0.0000 -0.0240 -0.9997
vn -0.0000 -0.0256 -0.9997
vn -0.0000 -0.0263 -0.9997
vn -0.0000 -0.0271 -0.9996
vn -0.0000 -0.0278 -0.9996
vn -0.0000 -0.0286 -0.9996
vn -0.0000 -0.0294 -0.9996
vn -0.0000 -0.0302 -0.9995
vn -0.0000 -0.0310 -0.9995
vn -0.0000 -0.0318 -0.9995
vn -0.0000 -0.0309 -0.9995
vn -0.0000 -0.0326 -0.9995
vn -0.0000 -0.0335 -0.9994
vn -0.0000 -0.0343 -0.9994
vn -0.0000 -0.0333 -0.9994
vn -0.0000 -0.0351 -0.9994
vn -0.0000 -0.0359 -0.9994
vn -0.0000 -0.0350 -0.9994
vn -0.0000 -0.0358 -0.9994
vn -0.0000 -0.0376 -0.9993
vn -0.0000 -0.0385 -0.9993
vn -0.0000 -0.0393 -0.9992
vn -0.0000 -0.0384 -0.9993
vn -0.0000 -0.0402 -0.9992
vn -0.0000 -0.0411 -0.9992
vn -0.0000 -0.0401 -0.9992
vn -0.0000 -0.0419 -0.9991
vn -0.0000 -0.0410 -0.9992
vn -0.0000 -0.0428 -0.9991
vn -0.0000 -0.0437 -0.9990
vn -0.0000 -0.0429 -0.9991
vn -0.0000 -0.0446 -0.9990
vn -0.0000 -0.0456 -0.9990
vn -0.0000 -0.0477 -0.9989
vn -0.0000 -0.0455 -0.9990
vn -0.0000 -0.0576 -0.9983
vn -0.0000 -0.0740 -0.9973
vn -0.0000 -0.0903 -0.9959
vn -0.0000 -0.1065 -0.9943
vn -0.0000 -0.1226 -0.9925
vn -0.0000 -0.1385 -0.9904
vn -0.0000 -0.1852 -0.9827
vn -0.0000 -0.2004 -0.9797
vn -0.0000 -0.2154 -0.9765
vn -0.0000 -0.2302 -0.9731
vn -0.0000 -0.2448 -0.9696
vn -0.0000 -0.2592 -0.9658
vn -0.0000 -0.2734 -0.9619
vn -0.0000 -0.2873 -0.9578
vn -0.0000 -0.3010 -0.9536
vn -0.0000 -0.3145 -0.9492
vn -0.0000 -0.3278 -0.9447
vn -0.0000 -0.3146 -0.9492
vn -0.0000 -0.3409 -0.9401
vn -0.0000 -0.3536 -0.9354
vn -0.0000 -0.3662 -0.9305
vn -0.0000 -0.3537 -0.9354
vn -0.0000 -0.3785 -0.9256
vn -0.0000 -0.3906 -0.9206
vn -0.0000 -0.4025 -0.9154
vn -0.0000 -0.4141 -0.9102
vn -0.0000 -0.4024 -0.9155
vn -0.0000 -0.4254 -0.9050
vn -0.0000 -0.4141 -0.9103
vn -0.0000 -0.4366 -0.8997
vn -0.0000 -0.4475 -0.8943
vn -0.0000 -0.4582 -0.8889
vn -0.0000 -0.4686 -0.8834
vn -0.0000 -0.4788 -0.8779
vn -0.0000 -0.4888 -0.8724
vn -0.0000 -0.4986 -0.8668
vn -0.0000 -0.5082 -0.8612
vn -0.0000 -0.5175 -0.8557
vn -0.0000 -0.5081 -0.8613
vn -0.0000 -0.5266 -0.8501
vn -0.0000 -0.5356 -0.8445
vn -0.0000 -0.5267 -0.8501
vn -0.0000 -0.5528 -0.8333
vn -0.0000 -0.5612 -0.8277
vn -0.0000 -0.5693 -0.8221
vn -0.0000 -0.5772 -0.8166
vn -0.0000 -0.5850 -0.8110
vn -0.0000 -0.5926 -0.8055
vn -0.0000 -0.6072 -0.7945
vn -0.0000 -0.6142 -0.7891
vn -0.0000 -0.6212 -0.7837
vn -0.0000 -0.6143 -0.7891
vn -0.0000 -0.6279 -0.7783
vn -0.0000 -0.6345 -0.7730
vn -0.0000 -0.6409 -0.7676
vn -0.0000 -0.6345 -0.7729
vn -0.0000 -0.6471 -0.7624
vn -0.0000 -0.6533 -0.7571
vn -0.0000 -0.6593 -0.7519
vn -0.0000 -0.6532 -0.7571
vn -0.0000 -0.6651 -0.7468
vn -0.0000 -0.6592 -0.7519
vn -0.0000 -0.6708 -0.7417
vn -0.0000 -0.6763 -0.7366
vn -0.0000 -0.6818 -0.7316
vn -0.0000 -0.6871 -0.7266
vn -0.0000 -0.6923 -0.7217
vn -0.0000 -0.6973 -0.7168
vn -0.0000 -0.6923 -0.7216
vn -0.0000 -0.7023 -0.7119
vn -0.0000 -0.7052 -0.7090
vn -0.0000 -0.7039 -0.7103
vn -0.0000 -0.7051 -0.7091
vn -0.0000 -0.7006 -0.7136
vn -0.0000 -0.6972 -0.7168
vn -0.0000 -0.7006 -0.7135
vn -0.0000 -0.6937 -0.7202
vn -0.0000 -0.6938 -0.7202
vn -0.0000 -0.6865 -0.7272
vn -0.0000 -0.6903 -0.7236
vn -0.0000 -0.6827 -0.7307
vn -0.0000 -0.6865 -0.7271
vn -0.0000 -0.6788 -0.7343
vn -0.0000 -0.6748 -0.7380
vn -0.0000 -0.6789 -0.7343
vn -0.0000 -0.6707 -0.7417
vn -0.0000 -0.6664 -0.7456
vn -0.0000 -0.6575 -0.7535
vn -0.0000 -0.6528 -0.7575
vn -0.0000 -0.6576 -0.7533
vn -0.0000 -0.6481 -0.7616
vn -0.0000 -0.6529 -0.7574
vn -0.0000 -0.6431 -0.7658
vn -0.0000 -0.6380 -0.7700
vn -0.0000 -0.6432 -0.7657
vn -0.0000 -0.6328 -0.7743
vn -0.0000 -0.6381 -0.7699
vn -0.0000 -0.6219 -0.7831
vn -0.0000 -0.6273 -0.7788
vn -0.0000 -0.6216 -0.7833
vn -0.0000 -0.6100 -0.7924
vn -0.0000 -0.6158 -0.7879
vn -0.0000 -0.6037 -0.7972
vn -0.0000 -0.6099 -0.7925
vn -0.0000 -0.5973 -0.8020
vn -0.0000 -0.6036 -0.7973
vn -0.0000 -0.5908 -0.8069
vn -0.0000 -0.5971 -0.8022
vn -0.0000 -0.5838 -0.8119
vn -0.0000 -0.5905 -0.8070
vn -0.0000 -0.5766 -0.8170
vn -0.0000 -0.5837 -0.8120
vn -0.0000 -0.5691 -0.8222
vn -0.0000 -0.5614 -0.8275
vn -0.0000 -0.5536 -0.8328
vn -0.0000 -0.5616 -0.8274
vn -0.0000 -0.5368 -0.8437
vn -0.0000 -0.5279 -0.8493
vn -0.0000 -0.5369 -0.8436
vn -0.0000 -0.5187 -0.8549
vn -0.0000 -0.5282 -0.8491
vn -0.0000 -0.5091 -0.8607
vn -0.0000 -0.5189 -0.8548
vn -0.0000 -0.4991 -0.8665
vn -0.0000 -0.5093 -0.8606
vn -0.0000 -0.4889 -0.8723
vn -0.0000 -0.4995 -0.8663
vn -0.0000 -0.4784 -0.8782
vn -0.0000 -0.4891 -0.8722
vn -0.0000 -0.4674 -0.8841
vn -0.0000 -0.4437 -0.8962
vn -0.0000 -0.4559 -0.8900
vn -0.0000 -0.4314 -0.9022
vn -0.0000 -0.4439 -0.8961
vn -0.0000 -0.4186 -0.9082
vn -0.0000 -0.4052 -0.9142
vn -0.0000 -0.3914 -0.9202
vn -0.0000 -0.4048 -0.9144
vn -0.0000 -0.3767 -0.9263
vn -0.0000 -0.3909 -0.9204
vn -0.0000 -0.3615 -0.9324
vn -0.0000 -0.3765 -0.9264
vn -0.0000 -0.3459 -0.9383
vn -0.0000 -0.3612 -0.9325
vn -0.0000 -0.3297 -0.9441
vn -0.0000 -0.3454 -0.9385
vn -0.0000 -0.3126 -0.9499
vn -0.0000 -0.3289 -0.9444
vn -0.0000 -0.3121 -0.9501
vn -0.0000 -0.2764 -0.9611
vn -0.0000 -0.2572 -0.9664
vn -0.0000 -0.2766 -0.9610
vn -0.0000 -0.2376 -0.9714
vn -0.0000 -0.2575 -0.9663
vn -0.0000 -0.2170 -0.9762
vn -0.0000 -0.1957 -0.9807
vn -0.0000 -0.1963 -0.9805
vn -0.0000 -0.1514 -0.9885
vn -0.0000 -0.1742 -0.9847
vn -0.0000 -0.1281 -0.9918
vn -0.0000 -0.1038 -0.9946
vn -0.0000 -0.0787 -0.9969
vn -0.0000 -0.0529 -0.9986
vn -0.0000 -0.0791 -0.9969
vn -0.0000 -0.0264 -0.9997
vn -0.0000 -0.0536 -0.9986
vn -0.0000 0.0327 -0.9995
vn -0.0000 0.0011 -1.0000
vn -0.0000 0.0663 -0.9978
vn -0.0000 0.0325 -0.9995
vn -0.0000 0.1005 -0.9949
vn -0.0000 0.0659 -0.9978
vn -0.0000 0.1356 -0.9908
vn -0.0000 0.1001 -0.9950
vn -0.0000 0.1711 -0.9853
vn -0.0000 0.1353 -0.9908
vn -0.0000 0.2072 -0.9783
vn -0.0000 0.2438 -0.9698
vn -0.0000 0.2073 -0.9783
vn -0.0000 0.2808 -0.9598
vn -0.0000 0.2439 -0.9698
vn -0.0000 0.3177 -0.9482
vn -0.0000 0.3546 -0.9350
vn -0.0000 0.3179 -0.9481
vn -0.0000 0.3911 -0.9203
vn -0.0000 0.3547 -0.9350
vn -0.0000 0.4272 -0.9042
vn -0.0000 0.3912 -0.9203
vn -0.0000 0.4627 -0.8865
vn -0.0000 0.4273 -0.9041
vn -0.0000 0.4974 -0.8675
vn -0.0000 0.5310 -0.8473
vn -0.0000 0.5637 -0.8260
vn -0.0000 0.5951 -0.8036
vn -0.0000 0.6253 -0.7804
vn -0.0000 0.6540 -0.7565
vn -0.0000 0.6252 -0.7805
vn -0.0000 0.6812 -0.7321
vn -0.0000 0.6539 -0.7566
vn -0.0000 0.6813 -0.7321
vn -0.0000 0.7313 -0.6820
vn -0.0000 0.7542 -0.6567
vn -0.0000 0.7755 -0.6313
vn -0.0000 0.7954 -0.6061
vn -0.0000 0.8138 -0.5811
vn -0.0000 0.8310 -0.5563
vn -0.0000 0.8139 -0.5810
vn -0.0000 0.8468 -0.5319
vn -0.0000 0.8614 -0.5079
vn -0.0000 0.8748 -0.4844
vn -0.0000 0.8872 -0.4614
vn -0.0000 0.8749 -0.4844
vn -0.0000 0.8985 -0.4389
vn -0.0000 0.8872 -0.4613
vn -0.0000 0.9089 -0.4170
vn -0.0000 0.9183 -0.3958
vn -0.0000 0.9088 -0.4171
vn -0.0000 0.9270 -0.3752
vn -0.0000 0.9183 -0.3959
vn -0.0000 0.9269 -0.3753
vn -0.0000 0.9419 -0.3358
vn -0.0000 0.9484 -0.3170
vn -0.0000 0.9543 -0.2988
vn -0.0000 0.9596 -0.2812
vn -0.0000 0.9645 -0.2643
vn -0.0000 0.9688 -0.2479
vn -0.0000 0.9644 -0.2643
vn -0.0000 0.9727 -0.2321
vn -0.0000 0.9762 -0.2168
vn -0.0000 0.9794 -0.2020
vn -0.0000 0.9822 -0.1877
vn -0.0000 0.9848 -0.1740
vn -0.0000 0.9870 -0.1607
vn -0.0000 0.9847 -0.1740
vn -0.0000 0.9890 -0.1479
vn -0.0000 0.9908 -0.1356
vn -0.0000 0.9923 -0.1236
vn -0.0000 0.9908 -0.1355
vn -0.0000 0.9937 -0.1121
vn -0.0000 0.9949 -0.1009
vn -0.0000 0.9959 -0.0901
vn -0.0000 0.9968 -0.0797
vn -0.0000 0.9976 -0.0696
vn -0.0000 0.9982 -0.0599
vn -0.0000 0.9987 -0.0505
vn -0.0000 0.9991 -0.0414
vn -0.0000 0.9995 -0.0326
vn -0.0000 0.9997 -0.0240
vn -0.0000 0.9999 -0.0158
vn -0.0000 1.0000 -0.0078
vn -0.0000 1.0000 0.0026
vn -0.0000 0.9998 0.0182
vn -0.0000 0.9993 0.0363
vn -0.0000 0.9985 0.0541
vn -0.0000 0.9974 0.0717
vn -0.0000 0.9960 0.0891
vn -0.0000 0.9943 0.1062
vn -0.0000 0.9960 0.0890
vn -0.0000 0.9924 0.1230
vn -0.0000 0.9902 0.1395
vn -0.0000 0.9878 0.1558
vn -0.0000 0.9851 0.1718
vn -0.0000 0.9823 0.1875
vn -0.0000 0.9792 0.2030
vn -0.0000 0.9759 0.2181
vn -0.0000 0.9792 0.2029
vn -0.0000 0.9725 0.2329
vn -0.0000 0.9759 0.2180
vn -0.0000 0.9689 0.2474
vn -0.0000 0.9652 0.2616
vn -0.0000 0.9613 0.2755
vn -0.0000 0.9573 0.2891
vn -0.0000 0.9532 0.3024
vn -0.0000 0.9490 0.3154
vn -0.0000 0.9446 0.3281
vn -0.0000 0.9489 0.3154
vn -0.0000 0.9402 0.3406
vn -0.0000 0.9357 0.3527
vn -0.0000 0.9312 0.3645
vn -0.0000 0.9266 0.3761
vn -0.0000 0.9312 0.3646
vn -0.0000 0.9219 0.3874
vn -0.0000 0.9172 0.3984
vn -0.0000 0.9124 0.4092
vn -0.0000 0.9077 0.4197
vn -0.0000 0.9029 0.4299
vn -0.0000 0.8981 0.4399
vn -0.0000 0.8932 0.4496
vn -0.0000 0.8884 0.4591
vn -0.0000 0.8835 0.4684
vn -0.0000 0.8787 0.4774
vn -0.0000 0.8739 0.4862
vn -0.0000 0.8690 0.4948
vn -0.0000 0.8642 0.5031
vn -0.0000 0.8594 0.5113
vn -0.0000 0.8546 0.5192
vn -0.0000 0.8499 0.5270
vn -0.0000 0.8452 0.5345
vn -0.0000 0.8405 0.5419
vn -0.0000 0.8358 0.5491
vn -0.0000 0.8311 0.5561
vn -0.0000 0.8265 0.5629
vn -0.0000 0.8220 0.5696
vn -0.0000 0.8174 0.5761
vn -0.0000 0.8219 0.5696
vn -0.0000 0.8129 0.5824
vn -0.0000 0.8084 0.5886
vn -0.0000 0.8040 0.5946
vn -0.0000 0.7996 0.6005
vn -0.0000 0.7953 0.6062
vn -0.0000 0.7910 0.6118
vn -0.0000 0.7867 0.6173
vn -0.0000 0.7825 0.6226
vn -0.0000 0.7784 0.6278
vn -0.0000 0.7742 0.6329
vn -0.0000 0.7783 0.6278
vn -0.0000 0.7701 0.6379
vn -0.0000 0.7661 0.6427
vn -0.0000 0.7621 0.6475
vn -0.0000 0.7582 0.6521
vn -0.0000 0.7542 0.6566
vn -0.0000 0.7581 0.6521
vn -0.0000 0.7600 0.6499
vn -0.0000 0.7656 0.6434
vn -0.0000 0.7601 0.6499
vn -0.0000 0.7612 0.6485
vn -0.0000 0.7656 0.6433
vn -0.0000 0.7567 0.6538
vn -0.0000 0.7521 0.6591
vn -0.0000 0.7473 0.6645
vn -0.0000 0.7373 0.6756
vn -0.0000 0.7321 0.6812
vn -0.0000 0.7373 0.6755
vn -0.0000 0.7267 0.6869
vn -0.0000 0.7212 0.6927
vn -0.0000 0.7155 0.6986
vn -0.0000 0.7097 0.7046
vn -0.0000 0.7036 0.7106
vn -0.0000 0.6974 0.7167
vn -0.0000 0.6909 0.7229
vn -0.0000 0.6843 0.7292
vn -0.0000 0.6775 0.7355
vn -0.0000 0.6704 0.7420
vn -0.0000 0.6632 0.7485
vn -0.0000 0.6557 0.7551
vn -0.0000 0.6479 0.7617
vn -0.0000 0.6399 0.7684
vn -0.0000 0.6317 0.7752
vn -0.0000 0.6400 0.7684
vn -0.0000 0.6232 0.7820
vn -0.0000 0.6145 0.7889
vn -0.0000 0.6055 0.7959
vn -0.0000 0.5961 0.8029
vn -0.0000 0.5865 0.8099
vn -0.0000 0.5766 0.8170
vn -0.0000 0.5664 0.8241
vn -0.0000 0.5558 0.8313
vn -0.0000 0.5449 0.8385
vn -0.0000 0.5337 0.8457
vn -0.0000 0.5450 0.8385
vn -0.0000 0.5222 0.8528
vn -0.0000 0.5337 0.8456
vn -0.0000 0.5103 0.8600
vn -0.0000 0.4980 0.8672
vn -0.0000 0.4854 0.8743
vn -0.0000 0.4723 0.8814
vn -0.0000 0.4589 0.8885
vn -0.0000 0.4451 0.8955
vn -0.0000 0.4310 0.9024
vn -0.0000 0.4452 0.8955
vn -0.0000 0.4164 0.9092
vn -0.0000 0.4014 0.9159
vn -0.0000 0.3860 0.9225
vn -0.0000 0.3702 0.9290
vn -0.0000 0.3540 0.9353
vn -0.0000 0.3373 0.9414
vn -0.0000 0.3539 0.9353
vn -0.0000 0.3203 0.9473
vn -0.0000 0.2850 0.9585
vn -0.0000 0.2668 0.9638
vn -0.0000 0.2481 0.9687
vn -0.0000 0.2291 0.9734
vn -0.0000 0.2482 0.9687
vn -0.0000 0.2098 0.9778
vn -0.0000 0.2292 0.9734
vn -0.0000 0.1901 0.9818
vn -0.0000 0.2098 0.9777
vn -0.0000 0.1700 0.9854
vn -0.0000 0.1497 0.9887
vn -0.0000 0.1290 0.9916
vn -0.0000 0.1496 0.9887
vn -0.0000 0.1080 0.9941
vn -0.0000 0.0868 0.9962
vn -0.0000 0.0654 0.9979
vn -0.0000 0.0438 0.9990
vn -0.0000 0.0220 0.9998
vn -0.0000 0.0041 1.0000
vn -0.0000 -0.0058 1.0000
vn -0.0000 -0.0116 0.9999
vn -0.0000 -0.0176 0.9998
vn -0.0000 -0.0117 0.9999
vn -0.0000 -0.0235 0.9997
vn -0.0000 -0.0296 0.9996
vn -0.0000 -0.0357 0.9994
vn -0.0000 -0.0419 0.9991
vn -0.0000 -0.0482 0.9988
vn -0.0000 -0.0420 0.9991
vn -0.0000 -0.0610 0.9981
vn -0.0000 -0.0675 0.9977
vn -0.0000 -0.0741 0.9973
vn -0.0000 -0.0808 0.9967
vn -0.0000 -0.0875 0.9962
vn -0.0000 -0.0807 0.9967
vn -0.0000 -0.0943 0.9955
vn -0.0000 -0.1012 0.9949
vn -0.0000 -0.1082 0.9941
vn -0.0000 -0.1152 0.9933
vn -0.0000 -0.1081 0.9941
vn -0.0000 -0.1223 0.9925
vn -0.0000 -0.1295 0.9916
vn -0.0000 -0.1224 0.9925
vn -0.0000 -0.1368 0.9906
vn -0.0000 -0.1442 0.9896
vn -0.0000 -0.1516 0.9884
vn -0.0000 -0.1442 0.9895
vn -0.0000 -0.1668 0.9860
vn -0.0000 -0.1744 0.9847
vn -0.0000 -0.1667 0.9860
vn -0.0000 -0.1822 0.9833
vn -0.0000 -0.1900 0.9818
vn -0.0000 -0.1979 0.9802
vn -0.0000 -0.1901 0.9818
vn -0.0000 -0.2059 0.9786
vn -0.0000 -0.1980 0.9802
vn -0.0000 -0.2140 0.9768
vn -0.0000 -0.2222 0.9750
vn -0.0000 -0.2304 0.9731
vn -0.0000 -0.2387 0.9711
vn -0.0000 -0.2470 0.9690
vn -0.0000 -0.2555 0.9668
vn -0.0000 -0.2471 0.9690
vn -0.0000 -0.2641 0.9645
vn -0.0000 -0.2726 0.9621
vn -0.0000 -0.2813 0.9596
vn -0.0000 -0.2900 0.9570
vn -0.0000 -0.2988 0.9543
vn -0.0000 -0.3077 0.9515
vn -0.0000 -0.3166 0.9486
vn -0.0000 -0.3256 0.9455
vn -0.0000 -0.3347 0.9423
vn -0.0000 -0.3438 0.9390
vn -0.0000 -0.3346 0.9424
vn -0.0000 -0.3529 0.9356
vn -0.0000 -0.3437 0.9391
vn -0.0000 -0.3621 0.9321
vn -0.0000 -0.3529 0.9357
vn -0.0000 -0.3714 0.9285
vn -0.0000 -0.3807 0.9247
vn -0.0000 -0.3901 0.9208
vn -0.0000 -0.3808 0.9247
vn -0.0000 -0.3995 0.9168
vn -0.0000 -0.4089 0.9126
vn -0.0000 -0.3995 0.9167
vn -0.0000 -0.4184 0.9083
vn -0.0000 -0.4279 0.9038
vn -0.0000 -0.4375 0.8992
vn -0.0000 -0.4471 0.8945
vn -0.0000 -0.4374 0.8992
vn -0.0000 -0.4470 0.8945
vn -0.0000 -0.4663 0.8846
vn -0.0000 -0.4566 0.8897
vn -0.0000 -0.4759 0.8795
vn -0.0000 -0.4855 0.8742
vn -0.0000 -0.4952 0.8688
vn -0.0000 -0.4856 0.8742
vn -0.0000 -0.5049 0.8632
vn -0.0000 -0.4134 0.9106
vn -0.0000 -0.5048 0.8632
vn -0.0000 -0.3004 0.9538
vn -0.0000 -0.2927 0.9562
vn -0.0000 -0.2851 0.9585
vn -0.0000 -0.2703 0.9628
vn -0.0000 -0.2631 0.9648
vn -0.0000 -0.2561 0.9667
vn -0.0000 -0.2491 0.9685
vn -0.0000 -0.2560 0.9667
vn -0.0000 -0.2423 0.9702
vn -0.0000 -0.2355 0.9719
vn -0.0000 -0.2422 0.9702
vn -0.0000 -0.2289 0.9734
vn -0.0000 -0.2224 0.9749
vn -0.0000 -0.2160 0.9764
vn -0.0000 -0.2224 0.9750
vn -0.0000 -0.2098 0.9778
vn -0.0000 -0.2036 0.9791
vn -0.0000 -0.2097 0.9778
vn -0.0000 -0.1975 0.9803
vn -0.0000 -0.1916 0.9815
vn -0.0000 -0.1857 0.9826
vn -0.0000 -0.1799 0.9837
vn -0.0000 -0.1743 0.9847
vn -0.0000 -0.1687 0.9857
vn -0.0000 -0.1632 0.9866
vn -0.0000 -0.1578 0.9875
vn -0.0000 -0.1525 0.9883
vn -0.0000 -0.1473 0.9891
vn -0.0000 -0.1422 0.9898
vn -0.0000 -0.1372 0.9905
vn -0.0000 -0.1322 0.9912
vn -0.0000 -0.1273 0.9919
vn -0.0000 -0.1225 0.9925
vn -0.0000 -0.1274 0.9919
vn -0.0000 -0.1178 0.9930
vn -0.0000 -0.1132 0.9936
vn -0.0000 -0.1086 0.9941
vn -0.0000 -0.1041 0.9946
vn -0.0000 -0.0997 0.9950
vn -0.0000 -0.0954 0.9954
vn -0.0000 -0.0911 0.9958
vn -0.0000 -0.0869 0.9962
vn -0.0000 -0.0786 0.9969
vn -0.0000 -0.0746 0.9972
vn -0.0000 -0.0707 0.9975
vn -0.0000 -0.0668 0.9978
vn -0.0000 -0.0630 0.9980
vn -0.0000 -0.0592 0.9982
vn -0.0000 -0.0629 0.9980
vn -0.0000 -0.0555 0.9985
vn -0.0000 -0.0518 0.9987
vn -0.0000 -0.0554 0.9985
vn -0.0000 -0.0446 0.9990
vn -0.0000 -0.0411 0.9992
vn -0.0000 -0.0377 0.9993
vn -0.0000 -0.0343 0.9994
vn -0.0000 -0.0309 0.9995
vn -0.0000 -0.0276 0.9996
vn -0.0000 -0.0244 0.9997
vn -0.0000 -0.0212 0.9998
vn -0.0000 -0.0180 0.9998
vn -0.0000 -0.0149 0.9999
vn -0.0000 -0.0119 0.9999
vn -0.0000 -0.0088 1.0000
vn -0.0000 -0.0118 0.9999
vn -0.0000 -0.0059 1.0000
vn -0.0000 -0.0029 1.0000
vn -0.0000 0.0003 1.0000
vn -0.0000 0.0042 1.0000
vn -0.0000 0.0127 0.9999
vn -0.0000 0.0170 0.9999
vn -0.0000 0.0213 0.9998
vn -0.0000 0.0257 0.9997
vn -0.0000 0.0301 0.9995
vn -0.0000 0.0346 0.9994
vn -0.0000 0.0391 0.9992
vn -0.0000 0.0436 0.9990
vn -0.0000 0.0482 0.9988
vn -0.0000 0.0528 0.9986
vn -0.0000 0.0575 0.9983
vn -0.0000 0.0623 0.9981
vn -0.0000 0.0670 0.9978
vn -0.0000 0.0718 0.9974
vn -0.0000 0.0767 0.9971
vn -0.0000 0.0816 0.9967
vn -0.0000 0.0865 0.9963
vn -0.0000 0.0915 0.9958
vn -0.0000 0.0965 0.9953
vn -0.0000 0.1016 0.9948
vn -0.0000 0.1067 0.9943
vn -0.0000 0.1119 0.9937
vn -0.0000 0.1171 0.9931
vn -0.0000 0.1224 0.9925
vn -0.0000 0.1277 0.9918
vn -0.0000 0.1330 0.9911
vn -0.0000 0.1384 0.9904
vn -0.0000 0.1439 0.9896
vn -0.0000 0.1494 0.9888
vn -0.0000 0.1549 0.9879
vn -0.0000 0.1605 0.9870
vn -0.0000 0.1661 0.9861
vn -0.0000 0.1718 0.9851
vn -0.0000 0.1775 0.9841
vn -0.0000 0.1833 0.9831
vn -0.0000 0.1891 0.9820
vn -0.0000 0.1950 0.9808
vn -0.0000 0.1891 0.9819
vn -0.0000 0.2009 0.9796
vn -0.0000 0.2069 0.9784
vn -0.0000 0.2129 0.9771
vn -0.0000 0.2190 0.9757
vn -0.0000 0.2251 0.9743
vn -0.0000 0.2312 0.9729
vn -0.0000 0.2374 0.9714
vn -0.0000 0.2436 0.9699
vn -0.0000 0.2499 0.9683
vn -0.0000 0.2437 0.9699
vn -0.0000 0.2563 0.9666
vn -0.0000 0.2627 0.9649
vn -0.0000 0.2691 0.9631
vn -0.0000 0.2755 0.9613
vn -0.0000 0.2886 0.9575
vn -0.0000 0.2952 0.9554
vn -0.0000 0.2886 0.9574
vn -0.0000 0.3018 0.9534
vn -0.0000 0.3085 0.9512
vn -0.0000 0.3152 0.9490
vn -0.0000 0.3220 0.9467
vn -0.0000 0.3288 0.9444
vn -0.0000 0.3220 0.9468
vn -0.0000 0.3356 0.9420
vn -0.0000 0.3494 0.9370
vn -0.0000 0.3557 0.9346
vn -0.0000 0.3619 0.9322
vn -0.0000 0.3688 0.9295
vn -0.0000 0.3620 0.9322
vn -0.0000 0.3758 0.9267
vn -0.0000 0.3831 0.9237
vn -0.0000 0.3759 0.9267
vn -0.0000 0.3904 0.9206
vn -0.0000 0.3980 0.9174
vn -0.0000 0.4057 0.9140
vn -0.0000 0.4136 0.9104
vn -0.0000 0.4217 0.9067
vn -0.0000 0.4300 0.9028
vn -0.0000 0.4385 0.8987
vn -0.0000 0.4472 0.8944
vn -0.0000 0.4562 0.8899
vn -0.0000 0.4473 0.8944
vn -0.0000 0.4653 0.8852
vn -0.0000 0.4746 0.8802
vn -0.0000 0.4940 0.8695
vn -0.0000 0.5040 0.8637
vn -0.0000 0.5142 0.8576
vn -0.0000 0.5247 0.8513
vn -0.0000 0.5143 0.8576
vn -0.0000 0.5355 0.8446
vn -0.0000 0.5464 0.8375
vn -0.0000 0.5354 0.8446
vn -0.0000 0.5576 0.8301
vn -0.0000 0.5691 0.8223
vn -0.0000 0.5808 0.8141
vn -0.0000 0.5927 0.8054
vn -0.0000 0.6049 0.7963
vn -0.0000 0.6299 0.7767
vn -0.0000 0.6173 0.7868
vn -0.0000 0.6427 0.7661
vn -0.0000 0.6558 0.7550
vn -0.0000 0.6690 0.7433
vn -0.0000 0.6824 0.7309
vn -0.0000 0.6690 0.7432
vn -0.0000 0.6961 0.7180
vn -0.0000 0.6825 0.7309
vn -0.0000 0.7098 0.7044
vn -0.0000 0.7237 0.6901
vn -0.0000 0.7377 0.6751
vn -0.0000 0.7518 0.6594
vn -0.0000 0.7660 0.6429
vn -0.0000 0.7801 0.6256
vn -0.0000 0.7659 0.6429
vn -0.0000 0.7942 0.6076
vn -0.0000 0.7801 0.6257
vn -0.0000 0.8083 0.5887
vn -0.0000 0.8223 0.5691
vn -0.0000 0.8083 0.5888
vn -0.0000 0.8361 0.5485
vn -0.0000 0.8498 0.5272
vn -0.0000 0.8631 0.5050
vn -0.0000 0.8497 0.5272
vn -0.0000 0.8762 0.4819
vn -0.0000 0.8889 0.4581
vn -0.0000 0.8762 0.4820
vn -0.0000 0.9012 0.4335
vn -0.0000 0.9130 0.4080
vn -0.0000 0.9242 0.3819
vn -0.0000 0.9349 0.3550
vn -0.0000 0.9449 0.3274
vn -0.0000 0.9542 0.2993
vn -0.0000 0.9627 0.2706
vn -0.0000 0.9704 0.2414
vn -0.0000 0.9773 0.2118
vn -0.0000 0.9833 0.1819
vn -0.0000 0.9884 0.1517
vn -0.0000 0.9926 0.1213
vn -0.0000 0.9959 0.0909
vn -0.0000 0.9926 0.1214
vn -0.0000 0.9982 0.0605
vn -0.0000 0.9995 0.0301
vn -0.0000 1.0000 0.0009
vn -0.0000 0.9997 -0.0261
vn -0.0000 0.9986 -0.0521
vn -0.0000 0.9970 -0.0777
vn -0.0000 0.9947 -0.1030
vn -0.0000 0.9918 -0.1280
vn -0.0000 0.9883 -0.1526
vn -0.0000 0.9843 -0.1766
vn -0.0000 0.9883 -0.1525
vn -0.0000 0.9797 -0.2002
vn -0.0000 0.9747 -0.2233
vn -0.0000 0.9693 -0.2459
vn -0.0000 0.9747 -0.2234
vn -0.0000 0.9634 -0.2680
vn -0.0000 0.9572 -0.2894
vn -0.0000 0.9506 -0.3104
vn -0.0000 0.9572 -0.2895
vn -0.0000 0.9437 -0.3307
vn -0.0000 0.9506 -0.3103
vn -0.0000 0.9366 -0.3505
vn -0.0000 0.9292 -0.3696
vn -0.0000 0.9366 -0.3504
vn -0.0000 0.9216 -0.3882
vn -0.0000 0.9138 -0.4062
vn -0.0000 0.9058 -0.4236
vn -0.0000 0.8978 -0.4405
vn -0.0000 0.8896 -0.4568
vn -0.0000 0.8813 -0.4725
vn -0.0000 0.8730 -0.4878
vn -0.0000 0.8730 -0.4877
vn -0.0000 0.8562 -0.5166
vn -0.0000 0.8478 -0.5303
vn -0.0000 0.8394 -0.5434
vn -0.0000 0.8479 -0.5302
vn -0.0000 0.8311 -0.5561
vn -0.0000 0.8395 -0.5434
vn -0.0000 0.8228 -0.5684
vn -0.0000 0.8311 -0.5562
vn -0.0000 0.8145 -0.5802
vn -0.0000 0.8227 -0.5684
vn -0.0000 0.8062 -0.5916
vn -0.0000 0.7981 -0.6026
vn -0.0000 0.7900 -0.6131
vn -0.0000 0.7820 -0.6233
vn -0.0000 0.7740 -0.6331
vn -0.0000 0.7662 -0.6426
vn -0.0000 0.7740 -0.6332
vn -0.0000 0.7584 -0.6517
vn -0.0000 0.7508 -0.6605
vn -0.0000 0.7432 -0.6690
vn -0.0000 0.7358 -0.6772
vn -0.0000 0.7433 -0.6690
vn -0.0000 0.7285 -0.6851
vn -0.0000 0.7213 -0.6926
vn -0.0000 0.7141 -0.7000
vn -0.0000 0.7212 -0.6927
vn -0.0000 0.7002 -0.7139
vn -0.0000 0.6935 -0.7205
vn -0.0000 0.6868 -0.7269
vn -0.0000 0.6802 -0.7330
vn -0.0000 0.6868 -0.7268
vn -0.0000 0.6738 -0.7389
vn -0.0000 0.6674 -0.7447
vn -0.0000 0.6612 -0.7502
vn -0.0000 0.6551 -0.7556
vn -0.0000 0.6491 -0.7607
vn -0.0000 0.6431 -0.7657
vn -0.0000 0.6490 -0.7608
vn -0.0000 0.6373 -0.7706
vn -0.0000 0.6316 -0.7753
vn -0.0000 0.6260 -0.7798
vn -0.0000 0.6205 -0.7842
vn -0.0000 0.6151 -0.7884
vn -0.0000 0.6098 -0.7926
vn -0.0000 0.6046 -0.7965
vn -0.0000 0.6098 -0.7925
vn -0.0000 0.5995 -0.8004
vn -0.0000 0.5944 -0.8042
vn -0.0000 0.6060 -0.7955
vn -0.0000 0.5992 -0.8006
vn -0.0000 0.6061 -0.7954
vn -0.0000 0.5714 -0.8206
vn -0.0000 0.5993 -0.8005
vn -0.0000 0.5613 -0.8276
vn -0.0000 0.5714 -0.8207
vn -0.0000 0.5559 -0.8312
vn -0.0000 0.5612 -0.8277
vn -0.0000 0.5526 -0.8335
vn -0.0000 0.5503 -0.8350
vn -0.0000 0.5487 -0.8360
vn -0.0000 0.5474 -0.8369
vn -0.0000 0.5487 -0.8361
vn -0.0000 0.5464 -0.8375
vn -0.0000 0.5456 -0.8380
vn -0.0000 0.5450 -0.8385
vn -0.0000 0.5444 -0.8388
vn -0.0000 0.5439 -0.8391
vn -0.0000 0.5435 -0.8394
vn -0.0000 0.5432 -0.8396
vn -0.0000 0.5429 -0.8398
vn -0.0000 0.5426 -0.8400
vn -0.0000 0.5424 -0.8402
vn -0.0000 0.5421 -0.8403
vn -0.0000 0.5424 -0.8401
vn -0.0000 0.5419 -0.8404
vn -0.0000 0.5416 -0.8406
vn -0.0000 0.5414 -0.8407
vn -0.0000 0.5413 -0.8408
vn -0.0000 0.5412 -0.8409
vn -0.0000 0.5411 -0.8410
vn -0.0000 0.5410 -0.8410
vn -0.0000 0.5409 -0.8411
vn -0.0000 0.5408 -0.8412
vn -0.0000 0.5407 -0.8412
vn -0.0000 0.5406 -0.8413
vn -0.0000 0.5405 -0.8413
vn -0.0000 0.5404 -0.8414
vn -0.0000 0.5403 -0.8415
vn -0.0000 0.5402 -0.8415
vn -0.0000 0.5401 -0.8416
vn -0.0000 0.5400 -0.8416
vn -0.0000 0.5400 -0.8417
vn -0.0000 0.5399 -0.8417
vn -0.0000 0.5398 -0.8418
vn -0.0000 0.5397 -0.8418
vn -0.0000 0.5397 -0.8419
vn -0.0000 0.5396 -0.8419
vn -0.0000 0.5395 -0.8420
vn -0.0000 0.5394 -0.8420
vn -0.0000 0.5394 -0.8421
vn -0.0000 0.5393 -0.8421
vn -0.0000 0.5454 -0.8382
vn -0.0000 0.5529 -0.8332
vn -0.0000 0.5590 -0.8292
vn -0.0000 0.5621 -0.8270
vn -0.0000 0.5654 -0.8248
vn -0.0000 0.5687 -0.8226
vn -0.0000 0.5721 -0.8202
vn -0.0000 0.5756 -0.8178
vn -0.0000 0.5792 -0.8152
vn -0.0000 0.5756 -0.8177
vn -0.0000 0.5829 -0.8126
vn -0.0000 0.5866 -0.8098
vn -0.0000 0.5828 -0.8126
vn -0.0000 0.5905 -0.8070
vn -0.0000 0.5866 -0.8099
vn -0.0000 0.5945 -0.8041
vn -0.0000 0.5986 -0.8010
vn -0.0000 0.6029 -0.7978
vn -0.0000 0.6072 -0.7945
vn -0.0000 0.6117 -0.7911
vn -0.0000 0.6163 -0.7875
vn -0.0000 0.6211 -0.7837
vn -0.0000 0.6310 -0.7758
vn -0.0000 0.6362 -0.7715
vn -0.0000 0.6416 -0.7670
vn -0.0000 0.6471 -0.7624
vn -0.0000 0.6529 -0.7575
vn -0.0000 0.6587 -0.7524
vn -0.0000 0.6528 -0.7575
vn -0.0000 0.6648 -0.7470
vn -0.0000 0.6711 -0.7414
vn -0.0000 0.6776 -0.7354
vn -0.0000 0.6912 -0.7227
vn -0.0000 0.6984 -0.7158
vn -0.0000 0.7057 -0.7085
vn -0.0000 0.6984 -0.7157
vn -0.0000 0.7134 -0.7008
vn -0.0000 0.7294 -0.6841
vn -0.0000 0.7379 -0.6750
vn -0.0000 0.7294 -0.6840
vn -0.0000 0.7465 -0.6653
vn -0.0000 0.7556 -0.6551
vn -0.0000 0.7466 -0.6653
vn -0.0000 0.7648 -0.6442
vn -0.0000 0.7555 -0.6551
vn -0.0000 0.7744 -0.6327
vn -0.0000 0.7843 -0.6204
vn -0.0000 0.7944 -0.6074
vn -0.0000 0.8049 -0.5934
vn -0.0000 0.7944 -0.6073
vn -0.0000 0.8157 -0.5785
vn -0.0000 0.8267 -0.5627
vn -0.0000 0.8380 -0.5457
vn -0.0000 0.8267 -0.5626
vn -0.0000 0.8495 -0.5276
vn -0.0000 0.8613 -0.5082
vn -0.0000 0.8732 -0.4873
vn -0.0000 0.8853 -0.4651
vn -0.0000 0.8732 -0.4874
vn -0.0000 0.8974 -0.4413
vn -0.0000 0.8852 -0.4651
vn -0.0000 0.9095 -0.4158
vn -0.0000 0.9215 -0.3885
vn -0.0000 0.9333 -0.3592
vn -0.0000 0.9556 -0.2947
vn -0.0000 0.9658 -0.2592
vn -0.0000 0.9752 -0.2214
vn -0.0000 0.9834 -0.1813
vn -0.0000 0.9903 -0.1391
vn -0.0000 0.9955 -0.0947
vn -0.0000 0.9988 -0.0482
vn -0.0000 1.0000 -0.0094
vn -0.0000 0.9999 0.0114
vn -0.0000 0.9997 0.0231
vn -0.0000 0.9994 0.0351
vn -0.0000 0.9989 0.0476
vn -0.0000 0.9973 0.0737
vn -0.0000 0.9962 0.0874
vn -0.0000 0.9948 0.1016
vn -0.0000 0.9932 0.1162
vn -0.0000 0.9914 0.1312
vn -0.0000 0.9892 0.1467
vn -0.0000 0.9867 0.1627
vn -0.0000 0.9838 0.1792
vn -0.0000 0.9806 0.1962
vn -0.0000 0.9769 0.2137
vn -0.0000 0.9728 0.2317
vn -0.0000 0.9682 0.2502
vn -0.0000 0.9631 0.2693
vn -0.0000 0.9574 0.2889
vn -0.0000 0.9511 0.3089
vn -0.0000 0.9574 0.2888
vn -0.0000 0.9442 0.3294
vn -0.0000 0.9366 0.3505
vn -0.0000 0.9442 0.3295
vn -0.0000 0.9282 0.3720
vn -0.0000 0.9191 0.3940
vn -0.0000 0.9092 0.4164
vn -0.0000 0.8984 0.4392
vn -0.0000 0.8867 0.4623
vn -0.0000 0.8741 0.4857
vn -0.0000 0.8605 0.5094
vn -0.0000 0.8459 0.5333
vn -0.0000 0.8303 0.5572
vn -0.0000 0.8137 0.5813
vn -0.0000 0.8303 0.5573
vn -0.0000 0.7960 0.6053
vn -0.0000 0.7772 0.6292
vn -0.0000 0.7574 0.6530
vn -0.0000 0.7365 0.6764
vn -0.0000 0.7146 0.6995
vn -0.0000 0.6917 0.7222
vn -0.0000 0.6679 0.7443
vn -0.0000 0.6917 0.7221
vn -0.0000 0.6432 0.7657
vn -0.0000 0.6176 0.7865
vn -0.0000 0.5914 0.8064
vn -0.0000 0.6177 0.7865
vn -0.0000 0.5644 0.8255
vn -0.0000 0.5369 0.8437
vn -0.0000 0.5645 0.8255
vn -0.0000 0.5089 0.8608
vn -0.0000 0.4805 0.8770
vn -0.0000 0.4518 0.8921
vn -0.0000 0.4230 0.9062
vn -0.0000 0.3940 0.9191
vn -0.0000 0.4229 0.9062
vn -0.0000 0.3650 0.9310
vn -0.0000 0.3361 0.9418
vn -0.0000 0.3075 0.9516
vn -0.0000 0.3362 0.9418
vn -0.0000 0.2791 0.9603
vn -0.0000 0.3075 0.9515
vn -0.0000 0.2234 0.9747
vn -0.0000 0.1695 0.9855
vn -0.0000 0.1434 0.9897
vn -0.0000 0.1179 0.9930
vn -0.0000 0.0930 0.9957
vn -0.0000 0.0688 0.9976
vn -0.0000 0.0452 0.9990
vn -0.0000 0.0223 0.9998
vt 0.609756 0.000000
vt 0.610518 0.000000
vt 0.610137 0.000000
vt 0.609375 0.000000
vt 0.608994 0.000000
vt 0.610899 0.000000
vt 0.608613 0.000000
vt 0.608232 0.000000
vt 0.611281 0.000000
vt 0.607851 0.000000
vt 0.607469 0.000000
vt 0.611662 0.000000
vt 0.607088 0.000000
vt 0.606707 0.000000
vt 0.612043 0.000000
vt 0.606326 0.000000
vt 0.605945 0.000000
vt 0.612424 0.000000
vt 0.605564 0.000000
vt 0.605183 0.000000
vt 0.612805 0.000000
vt 0.604802 0.000000
vt 0.604421 0.000000
vt 0.613186 0.000000
vt 0.604040 0.000000
vt 0.603659 0.000000
vt 0.613567 0.000000
vt 0.603277 0.000000
vt 0.602896 0.000000
vt 0.613948 0.000000
vt 0.602515 0.000000
vt 0.602134 0.000000
vt 0.614329 0.000000
vt 0.601753 0.000000
vt 0.601372 0.000000
vt 0.614710 0.000000
vt 0.600991 0.000000
vt 0.600610 0.000000
vt 0.600229 0.000000
vt 0.615091 0.000000
vt 0.599848 0.000000
vt 0.599466 0.000000
vt 0.615473 0.000000
vt 0.599085 0.000000
vt 0.598704 0.000000
vt 0.615854 0.000000
vt 0.598323 0.000000
vt 0.597942 0.000000
vt 0.616235 0.000000
vt 0.597561 0.000000
vt 0.597180 0.000000
vt 0.616616 0.000000
vt 0.596799 0.000000
vt 0.596418 0.000000
vt 0.616997 0.000000
vt 0.596037 0.000000
vt 0.595656 0.000000
vt 0.617378 0.000000
vt 0.595274 0.000000
vt 0.594893 0.000000
vt 0.617759 0.000000
vt 0.594512 0.000000
vt 0.594131 0.000000
vt 0.618140 0.000000
vt 0.593750 0.000000
vt 0.593369 0.000000
vt 0.618521 0.000000
vt 0.592988 0.000000
vt 0.592607 0.000000
vt 0.618902 0.000000
vt 0.592226 0.000000
vt 0.591844 0.000000
vt 0.591463 0.000000
vt 0.619284 0.000000
vt 0.591082 0.000000
vt 0.590701 0.000000
vt 0.619665 0.000000
vt 0.590320 0.000000
vt 0.589939 0.000000
vt 0.620046 0.000000
vt 0.589558 0.000000
vt 0.589177 0.000000
vt 0.620427 0.000000
vt 0.588796 0.000000
vt 0.588415 0.000000
vt 0.620808 0.000000
vt 0.588034 0.000000
vt 0.587652 0.000000
vt 0.621189 0.000000
vt 0.587271 0.000000
vt 0.586890 0.000000
vt 0.621570 0.000000
vt 0.586509 0.000000
vt 0.586128 0.000000
vt 0.621951 0.000000
vt 0.585747 0.000000
vt 1.000000 0.000000
vt 0.622332 0.000000
vt 0.999619 0.000000
vt 0.999238 0.000000
vt 0.998857 0.000000
vt 0.622713 0.000000
vt 0.998476 0.000000
vt 0.998094 0.000000
vt 0.997713 0.000000
vt 0.623094 0.000000
vt 0.997332 0.000000
vt 0.996951 0.000000
vt 0.996570 0.000000
vt 0.623476 0.000000
vt 0.996189 0.000000
vt 0.995808 0.000000
vt 0.995427 0.000000
vt 0.623857 0.000000
vt 0.995046 0.000000
vt 0.994665 0.000000
vt 0.994284 0.000000
vt 0.624238 0.000000
vt 0.993902 0.000000
vt 0.993521 0.000000
vt 0.993140 0.000000
vt 0.624619 0.000000
vt 0.992759 0.000000
vt 0.992378 0.000000
vt 0.625000 0.000000
vt 0.991997 0.000000
vt 0.991616 0.000000
vt 0.991235 0.000000
vt 0.625381 0.000000
vt 0.990854 0.000000
vt 0.990473 0.000000
vt 0.990091 0.000000
vt 0.625762 0.000000
vt 0.989710 0.000000
vt 0.989329 0.000000
vt 0.988948 0.000000
vt 0.626143 0.000000
vt 0.988567 0.000000
vt 0.988186 0.000000
vt 0.987805 0.000000
vt 0.626524 0.000000
vt 0.987424 0.000000
vt 0.987043 0.000000
vt 0.626906 0.000000
vt 0.986662 0.000000
vt 0.986281 0.000000
vt 0.985899 0.000000
vt 0.627287 0.000000
vt 0.985518 0.000000
vt 0.985137 0.000000
vt 0.984756 0.000000
vt 0.627668 0.000000
vt 0.984375 0.000000
vt 0.983994 0.000000
vt 0.983613 0.000000
vt 0.628049 0.000000
vt 0.983232 0.000000
vt 0.982851 0.000000
vt 0.628430 0.000000
vt 0.982469 0.000000
vt 0.982088 0.000000
vt 0.981707 0.000000
vt 0.628811 0.000000
vt 0.981326 0.000000
vt 0.980945 0.000000
vt 0.980564 0.000000
vt 0.629192 0.000000
vt 0.980183 0.000000
vt 0.979802 0.000000
vt 0.629573 0.000000
vt 0.979421 0.000000
vt 0.979040 0.000000
vt 0.978659 0.000000
vt 0.629954 0.000000
vt 0.978277 0.000000
vt 0.977896 0.000000
vt 0.977515 0.000000
vt 0.630335 0.000000
vt 0.977134 0.000000
vt 0.976753 0.000000
vt 0.976372 0.000000
vt 0.630716 0.000000
vt 0.975991 0.000000
vt 0.975610 0.000000
vt 0.631098 0.000000
vt 0.631479 0.000000
vt 0.975229 0.000000
vt 0.631860 0.000000
vt 0.974848 0.000000
vt 0.632241 0.000000
vt 0.632622 0.000000
vt 0.974466 0.000000
vt 0.633003 0.000000
vt 0.974085 0.000000
vt 0.633384 0.000000
vt 0.633765 0.000000
vt 0.973704 0.000000
vt 0.634146 0.000000
vt 0.973323 0.000000
vt 0.634527 0.000000
vt 0.634909 0.000000
vt 0.972942 0.000000
vt 0.972561 0.000000
vt 0.635290 0.000000
vt 0.972180 0.000000
vt 0.635671 0.000000
vt 0.971799 0.000000
vt 0.636052 0.000000
vt 0.971418 0.000000
vt 0.636433 0.000000
vt 0.971037 0.000000
vt 0.970656 0.000000
vt 0.636814 0.000000
vt 0.970274 0.000000
vt 0.637195 0.000000
vt 0.969893 0.000000
vt 0.637576 0.000000
vt 0.969512 0.000000
vt 0.637957 0.000000
vt 0.969131 0.000000
vt 0.638338 0.000000
vt 0.968750 0.000000
vt 0.968369 0.000000
vt 0.638719 0.000000
vt 0.967988 0.000000
vt 0.639101 0.000000
vt 0.967607 0.000000
vt 0.639482 0.000000
vt 0.967226 0.000000
vt 0.639863 0.000000
vt 0.966844 0.000000
vt 0.966463 0.000000
vt 0.640244 0.000000
vt 0.966082 0.000000
vt 0.640625 0.000000
vt 0.965701 0.000000
vt 0.641006 0.000000
vt 0.965320 0.000000
vt 0.641387 0.000000
vt 0.964939 0.000000
vt 0.641768 0.000000
vt 0.964558 0.000000
vt 0.964177 0.000000
vt 0.642149 0.000000
vt 0.963796 0.000000
vt 0.642531 0.000000
vt 0.963415 0.000000
vt 0.642912 0.000000
vt 0.963034 0.000000
vt 0.643293 0.000000
vt 0.962652 0.000000
vt 0.643674 0.000000
vt 0.962271 0.000000
vt 0.961890 0.000000
vt 0.644055 0.000000
vt 0.961509 0.000000
vt 0.644436 0.000000
vt 0.961128 0.000000
vt 0.644817 0.000000
vt 0.960747 0.000000
vt 0.645198 0.000000
vt 0.960366 0.000000
vt 0.645579 0.000000
vt 0.959985 0.000000
vt 0.959604 0.000000
vt 0.645960 0.000000
vt 0.959223 0.000000
vt 0.646341 0.000000
vt 0.958841 0.000000
vt 0.646723 0.000000
vt 0.958460 0.000000
vt 0.647104 0.000000
vt 0.958079 0.000000
vt 0.647485 0.000000
vt 0.957698 0.000000
vt 0.957317 0.000000
vt 0.647866 0.000000
vt 0.956936 0.000000
vt 0.648247 0.000000
vt 0.956555 0.000000
vt 0.648628 0.000000
vt 0.956174 0.000000
vt 0.649009 0.000000
vt 0.955793 0.000000
vt 0.649390 0.000000
vt 0.955412 0.000000
vt 0.955031 0.000000
vt 0.649771 0.000000
vt 0.954649 0.000000
vt 0.650152 0.000000
vt 0.954268 0.000000
vt 0.650534 0.000000
vt 0.953887 0.000000
vt 0.650915 0.000000
vt 0.953506 0.000000
vt 0.651296 0.000000
vt 0.953125 0.000000
vt 0.952744 0.000000
vt 0.651677 0.000000
vt 0.952363 0.000000
vt 0.652058 0.000000
vt 0.951982 0.000000
vt 0.652439 0.000000
vt 0.951601 0.000000
vt 0.652820 0.000000
vt 0.951219 0.000000
vt 0.950838 0.000000
vt 0.653201 0.000000
vt 0.950457 0.000000
vt 0.950076 0.000000
vt 0.949695 0.000000
vt 0.653582 0.000000
vt 0.949314 0.000000
vt 0.948933 0.000000
vt 0.653963 0.000000
vt 0.948552 0.000000
vt 0.948171 0.000000
vt 0.947790 0.000000
vt 0.654344 0.000000
vt 0.947409 0.000000
vt 0.947027 0.000000
vt 0.654726 0.000000
vt 0.946646 0.000000
vt 0.946265 0.000000
vt 0.655107 0.000000
vt 0.945884 0.000000
vt 0.945503 0.000000
vt 0.945122 0.000000
vt 0.655488 0.000000
vt 0.944741 0.000000
vt 0.944360 0.000000
vt 0.655869 0.000000
vt 0.943979 0.000000
vt 0.943598 0.000000
vt 0.943216 0.000000
vt 0.656250 0.000000
vt 0.942835 0.000000
vt 0.942454 0.000000
vt 0.656631 0.000000
vt 0.942073 0.000000
vt 0.941692 0.000000
vt 0.941311 0.000000
vt 0.657012 0.000000
vt 0.940930 0.000000
vt 0.940549 0.000000
vt 0.657393 0.000000
vt 0.940168 0.000000
vt 0.939787 0.000000
vt 0.657774 0.000000
vt 0.939406 0.000000
vt 0.939024 0.000000
vt 0.938643 0.000000
vt 0.658156 0.000000
vt 0.938262 0.000000
vt 0.937881 0.000000
vt 0.658537 0.000000
vt 0.937500 0.000000
vt 0.937119 0.000000
vt 0.936738 0.000000
vt 0.658918 0.000000
vt 0.936357 0.000000
vt 0.935976 0.000000
vt 0.659299 0.000000
vt 0.935594 0.000000
vt 0.935213 0.000000
vt 0.659680 0.000000
vt 0.934832 0.000000
vt 0.934451 0.000000
vt 0.660061 0.000000
vt 0.934070 0.000000
vt 0.933689 0.000000
vt 0.660442 0.000000
vt 0.933308 0.000000
vt 0.932927 0.000000
vt 0.660823 0.000000
vt 0.932546 0.000000
vt 0.932165 0.000000
vt 0.661204 0.000000
vt 0.931784 0.000000
vt 0.931402 0.000000
vt 0.661585 0.000000
vt 0.931021 0.000000
vt 0.930640 0.000000
vt 0.661966 0.000000
vt 0.930259 0.000000
vt 0.929878 0.000000
vt 0.662348 0.000000
vt 0.929497 0.000000
vt 0.929116 0.000000
vt 0.662729 0.000000
vt 0.928735 0.000000
vt 0.928354 0.000000
vt 0.663110 0.000000
vt 0.927973 0.000000
vt 0.663491 0.000000
vt 0.927591 0.000000
vt 0.927210 0.000000
vt 0.663872 0.000000
vt 0.926829 0.000000
vt 0.926448 0.000000
vt 0.664253 0.000000
vt 0.926067 0.000000
vt 0.925686 0.000000
vt 0.664634 0.000000
vt 0.925305 0.000000
vt 0.924924 0.000000
vt 0.665015 0.000000
vt 0.924543 0.000000
vt 0.924162 0.000000
vt 0.665396 0.000000
vt 0.923781 0.000000
vt 0.665777 0.000000
vt 0.923399 0.000000
vt 0.923018 0.000000
vt 0.666159 0.000000
vt 0.922637 0.000000
vt 0.922256 0.000000
vt 0.666540 0.000000
vt 0.921875 0.000000
vt 0.921494 0.000000
vt 0.666921 0.000000
vt 0.921113 0.000000
vt 0.920732 0.000000
vt 0.667302 0.000000
vt 0.920351 0.000000
vt 0.919969 0.000000
vt 0.667683 0.000000
vt 0.919588 0.000000
vt 0.919207 0.000000
vt 0.668064 0.000000
vt 0.918826 0.000000
vt 0.918445 0.000000
vt 0.668445 0.000000
vt 0.918064 0.000000
vt 0.917683 0.000000
vt 0.668826 0.000000
vt 0.917302 0.000000
vt 0.916921 0.000000
vt 0.669207 0.000000
vt 0.916540 0.000000
vt 0.916159 0.000000
vt 0.669588 0.000000
vt 0.915777 0.000000
vt 0.915396 0.000000
vt 0.669969 0.000000
vt 0.915015 0.000000
vt 0.914634 0.000000
vt 0.670351 0.000000
vt 0.914253 0.000000
vt 0.913872 0.000000
vt 0.913491 0.000000
vt 0.670732 0.000000
vt 0.913110 0.000000
vt 0.912729 0.000000
vt 0.671113 0.000000
vt 0.912348 0.000000
vt 0.911966 0.000000
vt 0.671494 0.000000
vt 0.911585 0.000000
vt 0.911204 0.000000
vt 0.910823 0.000000
vt 0.671875 0.000000
vt 0.910442 0.000000
vt 0.910061 0.000000
vt 0.672256 0.000000
vt 0.909680 0.000000
vt 0.909299 0.000000
vt 0.672637 0.000000
vt 0.908918 0.000000
vt 0.908537 0.000000
vt 0.908156 0.000000
vt 0.673018 0.000000
vt 0.907774 0.000000
vt 0.907393 0.000000
vt 0.673399 0.000000
vt 0.907012 0.000000
vt 0.906631 0.000000
vt 0.906250 0.000000
vt 0.673781 0.000000
vt 0.905869 0.000000
vt 0.905488 0.000000
vt 0.674162 0.000000
vt 0.905107 0.000000
vt 0.904726 0.000000
vt 0.904344 0.000000
vt 0.674543 0.000000
vt 0.903963 0.000000
vt 0.903582 0.000000
vt 0.903201 0.000000
vt 0.674924 0.000000
vt 0.902820 0.000000
vt 0.902439 0.000000
vt 0.902058 0.000000
vt 0.675305 0.000000
vt 0.901677 0.000000
vt 0.901296 0.000000
vt 0.900915 0.000000
vt 0.900534 0.000000
vt 0.675686 0.000000
vt 0.900152 0.000000
vt 0.899771 0.000000
vt 0.899390 0.000000
vt 0.899009 0.000000
vt 0.676067 0.000000
vt 0.898628 0.000000
vt 0.898247 0.000000
vt 0.897866 0.000000
vt 0.897485 0.000000
vt 0.897104 0.000000
vt 0.676448 0.000000
vt 0.896723 0.000000
vt 0.896341 0.000000
vt 0.895960 0.000000
vt 0.895579 0.000000
vt 0.676829 0.000000
vt 0.895198 0.000000
vt 0.894817 0.000000
vt 0.894436 0.000000
vt 0.894055 0.000000
vt 0.893674 0.000000
vt 0.677210 0.000000
vt 0.893293 0.000000
vt 0.892912 0.000000
vt 0.892531 0.000000
vt 0.892149 0.000000
vt 0.891768 0.000000
vt 0.677591 0.000000
vt 0.891387 0.000000
vt 0.891006 0.000000
vt 0.890625 0.000000
vt 0.890244 0.000000
vt 0.889863 0.000000
vt 0.677973 0.000000
vt 0.889482 0.000000
vt 0.889101 0.000000
vt 0.888719 0.000000
vt 0.888338 0.000000
vt 0.887957 0.000000
vt 0.887576 0.000000
vt 0.678354 0.000000
vt 0.887195 0.000000
vt 0.886814 0.000000
vt 0.886433 0.000000
vt 0.886052 0.000000
vt 0.885671 0.000000
vt 0.885290 0.000000
vt 0.678735 0.000000
vt 0.884909 0.000000
vt 0.884527 0.000000
vt 0.884146 0.000000
vt 0.883765 0.000000
vt 0.883384 0.000000
vt 0.883003 0.000000
vt 0.882622 0.000000
vt 0.679116 0.000000
vt 0.882241 0.000000
vt 0.881860 0.000000
vt 0.881479 0.000000
vt 0.881098 0.000000
vt 0.880716 0.000000
vt 0.880335 0.000000
vt 0.879954 0.000000
vt 0.879573 0.000000
vt 0.679497 0.000000
vt 0.879192 0.000000
vt 0.878811 0.000000
vt 0.878430 0.000000
vt 0.878049 0.000000
vt 0.877668 0.000000
vt 0.877287 0.000000
vt 0.876906 0.000000
vt 0.679878 0.000000
vt 0.876524 0.000000
vt 0.876143 0.000000
vt 0.875762 0.000000
vt 0.875381 0.000000
vt 0.875000 0.000000
vt 0.874619 0.000000
vt 0.680259 0.000000
vt 0.874238 0.000000
vt 0.873857 0.000000
vt 0.873476 0.000000
vt 0.873094 0.000000
vt 0.872713 0.000000
vt 0.872332 0.000000
vt 0.680640 0.000000
vt 0.871951 0.000000
vt 0.871570 0.000000
vt 0.871189 0.000000
vt 0.870808 0.000000
vt 0.870427 0.000000
vt 0.870046 0.000000
vt 0.681021 0.000000
vt 0.869665 0.000000
vt 0.869284 0.000000
vt 0.868902 0.000000
vt 0.868521 0.000000
vt 0.868140 0.000000
vt 0.867759 0.000000
vt 0.681402 0.000000
vt 0.867378 0.000000
vt 0.866997 0.000000
vt 0.866616 0.000000
vt 0.866235 0.000000
vt 0.865854 0.000000
vt 0.681784 0.000000
vt 0.865473 0.000000
vt 0.865091 0.000000
vt 0.864710 0.000000
vt 0.864329 0.000000
vt 0.863948 0.000000
vt 0.682165 0.000000
vt 0.863567 0.000000
vt 0.863186 0.000000
vt 0.862805 0.000000
vt 0.862424 0.000000
vt 0.862043 0.000000
vt 0.682546 0.000000
vt 0.861662 0.000000
vt 0.861281 0.000000
vt 0.860899 0.000000
vt 0.860518 0.000000
vt 0.860137 0.000000
vt 0.682927 0.000000
vt 0.859756 0.000000
vt 0.859375 0.000000
vt 0.858994 0.000000
vt 0.858613 0.000000
vt 0.858232 0.000000
vt 0.683308 0.000000
vt 0.857851 0.000000
vt 0.857469 0.000000
vt 0.857088 0.000000
vt 0.856707 0.000000
vt 0.856326 0.000000
vt 0.683689 0.000000
vt 0.855945 0.000000
vt 0.855564 0.000000
vt 0.855183 0.000000
vt 0.684070 0.000000
vt 0.854802 0.000000
vt 0.854421 0.000000
vt 0.854040 0.000000
vt 0.853659 0.000000
vt 0.853277 0.000000
vt 0.684451 0.000000
vt 0.852896 0.000000
vt 0.852515 0.000000
vt 0.852134 0.000000
vt 0.851753 0.000000
vt 0.851372 0.000000
vt 0.850991 0.000000
vt 0.850610 0.000000
vt 0.850229 0.000000
vt 0.849848 0.000000
vt 0.684832 0.000000
vt 0.849466 0.000000
vt 0.849085 0.000000
vt 0.848704 0.000000
vt 0.848323 0.000000
vt 0.847942 0.000000
vt 0.847561 0.000000
vt 0.847180 0.000000
vt 0.846799 0.000000
vt 0.846418 0.000000
vt 0.846037 0.000000
vt 0.685213 0.000000
vt 0.845656 0.000000
vt 0.845274 0.000000
vt 0.844893 0.000000
vt 0.844512 0.000000
vt 0.844131 0.000000
vt 0.843750 0.000000
vt 0.843369 0.000000
vt 0.842988 0.000000
vt 0.842607 0.000000
vt 0.685594 0.000000
vt 0.842226 0.000000
vt 0.841844 0.000000
vt 0.841463 0.000000
vt 0.841082 0.000000
vt 0.840701 0.000000
vt 0.840320 0.000000
vt 0.839939 0.000000
vt 0.839558 0.000000
vt 0.839177 0.000000
vt 0.685976 0.000000
vt 0.838796 0.000000
vt 0.838415 0.000000
vt 0.838034 0.000000
vt 0.837652 0.000000
vt 0.837271 0.000000
vt 0.836890 0.000000
vt 0.836509 0.000000
vt 0.836128 0.000000
vt 0.835747 0.000000
vt 0.686357 0.000000
vt 0.835366 0.000000
vt 0.834985 0.000000
vt 0.834604 0.000000
vt 0.834223 0.000000
vt 0.833841 0.000000
vt 0.833460 0.000000
vt 0.833079 0.000000
vt 0.832698 0.000000
vt 0.832317 0.000000
vt 0.686738 0.000000
vt 0.831936 0.000000
vt 0.831555 0.000000
vt 0.831174 0.000000
vt 0.830793 0.000000
vt 0.830412 0.000000
vt 0.830031 0.000000
vt 0.829649 0.000000
vt 0.829268 0.000000
vt 0.687119 0.000000
vt 0.828887 0.000000
vt 0.828506 0.000000
vt 0.828125 0.000000
vt 0.827744 0.000000
vt 0.827363 0.000000
vt 0.826982 0.000000
vt 0.687500 0.000000
vt 0.826601 0.000000
vt 0.826219 0.000000
vt 0.825838 0.000000
vt 0.825457 0.000000
vt 0.825076 0.000000
vt 0.824695 0.000000
vt 0.687881 0.000000
vt 0.824314 0.000000
vt 0.823933 0.000000
vt 0.823552 0.000000
vt 0.823171 0.000000
vt 0.822790 0.000000
vt 0.822409 0.000000
vt 0.688262 0.000000
vt 0.822027 0.000000
vt 0.821646 0.000000
vt 0.821265 0.000000
vt 0.820884 0.000000
vt 0.820503 0.000000
vt 0.820122 0.000000
vt 0.819741 0.000000
vt 0.688643 0.000000
vt 0.819360 0.000000
vt 0.818979 0.000000
vt 0.818598 0.000000
vt 0.818216 0.000000
vt 0.817835 0.000000
vt 0.817454 0.000000
vt 0.817073 0.000000
vt 0.816692 0.000000
vt 0.816311 0.000000
vt 0.689024 0.000000
vt 0.815930 0.000000
vt 0.815549 0.000000
vt 0.815168 0.000000
vt 0.814787 0.000000
vt 0.814406 0.000000
vt 0.814024 0.000000
vt 0.813643 0.000000
vt 0.813262 0.000000
vt 0.812881 0.000000
vt 0.812500 0.000000
vt 0.689406 0.000000
vt 0.812119 0.000000
vt 0.811738 0.000000
vt 0.811357 0.000000
vt 0.810976 0.000000
vt 0.810594 0.000000
vt 0.810213 0.000000
vt 0.809832 0.000000
vt 0.809451 0.000000
vt 0.809070 0.000000
vt 0.808689 0.000000
vt 0.808308 0.000000
vt 0.807927 0.000000
vt 0.807546 0.000000
vt 0.807165 0.000000
vt 0.806784 0.000000
vt 0.689787 0.000000
vt 0.806402 0.000000
vt 0.806021 0.000000
vt 0.805640 0.000000
vt 0.805259 0.000000
vt 0.804878 0.000000
vt 0.804497 0.000000
vt 0.804116 0.000000
vt 0.803735 0.000000
vt 0.803354 0.000000
vt 0.802973 0.000000
vt 0.802591 0.000000
vt 0.802210 0.000000
vt 0.801829 0.000000
vt 0.801448 0.000000
vt 0.690168 0.000000
vt 0.801067 0.000000
vt 0.800686 0.000000
vt 0.800305 0.000000
vt 0.799924 0.000000
vt 0.799543 0.000000
vt 0.799162 0.000000
vt 0.798781 0.000000
vt 0.798399 0.000000
vt 0.690549 0.000000
vt 0.798018 0.000000
vt 0.797637 0.000000
vt 0.797256 0.000000
vt 0.796875 0.000000
vt 0.796494 0.000000
vt 0.796113 0.000000
vt 0.795732 0.000000
vt 0.690930 0.000000
vt 0.795351 0.000000
vt 0.794969 0.000000
vt 0.794588 0.000000
vt 0.794207 0.000000
vt 0.793826 0.000000
vt 0.793445 0.000000
vt 0.691311 0.000000
vt 0.793064 0.000000
vt 0.792683 0.000000
vt 0.792302 0.000000
vt 0.791921 0.000000
vt 0.791540 0.000000
vt 0.791159 0.000000
vt 0.691692 0.000000
vt 0.790777 0.000000
vt 0.790396 0.000000
vt 0.790015 0.000000
vt 0.789634 0.000000
vt 0.789253 0.000000
vt 0.692073 0.000000
vt 0.788872 0.000000
vt 0.788491 0.000000
vt 0.788110 0.000000
vt 0.787729 0.000000
vt 0.787348 0.000000
vt 0.692454 0.000000
vt 0.786966 0.000000
vt 0.786585 0.000000
vt 0.786204 0.000000
vt 0.785823 0.000000
vt 0.692835 0.000000
vt 0.785442 0.000000
vt 0.785061 0.000000
vt 0.784680 0.000000
vt 0.784299 0.000000
vt 0.693216 0.000000
vt 0.783918 0.000000
vt 0.783537 0.000000
vt 0.783156 0.000000
vt 0.782774 0.000000
vt 0.693598 0.000000
vt 0.782393 0.000000
vt 0.782012 0.000000
vt 0.781631 0.000000
vt 0.693979 0.000000
vt 0.781250 0.000000
vt 0.780869 0.000000
vt 0.780488 0.000000
vt 0.780107 0.000000
vt 0.694360 0.000000
vt 0.779726 0.000000
vt 0.779344 0.000000
vt 0.778963 0.000000
vt 0.694741 0.000000
vt 0.778582 0.000000
vt 0.778201 0.000000
vt 0.777820 0.000000
vt 0.695122 0.000000
vt 0.777439 0.000000
vt 0.777058 0.000000
vt 0.776677 0.000000
vt 0.695503 0.000000
vt 0.776296 0.000000
vt 0.775915 0.000000
vt 0.775534 0.000000
vt 0.695884 0.000000
vt 0.775152 0.000000
vt 0.774771 0.000000
vt 0.696265 0.000000
vt 0.774390 0.000000
vt 0.774009 0.000000
vt 0.773628 0.000000
vt 0.696646 0.000000
vt 0.773247 0.000000
vt 0.772866 0.000000
vt 0.697027 0.000000
vt 0.772485 0.000000
vt 0.772104 0.000000
vt 0.697409 0.000000
vt 0.771723 0.000000
vt 0.771341 0.000000
vt 0.697790 0.000000
vt 0.770960 0.000000
vt 0.770579 0.000000
vt 0.698171 0.000000
vt 0.770198 0.000000
vt 0.769817 0.000000
vt 0.698552 0.000000
vt 0.769436 0.000000
vt 0.769055 0.000000
vt 0.698933 0.000000
vt 0.768674 0.000000
vt 0.768293 0.000000
vt 0.699314 0.000000
vt 0.767912 0.000000
vt 0.767531 0.000000
vt 0.699695 0.000000
vt 0.767149 0.000000
vt 0.766768 0.000000
vt 0.700076 0.000000
vt 0.766387 0.000000
vt 0.700457 0.000000
vt 0.766006 0.000000
vt 0.765625 0.000000
vt 0.700838 0.000000
vt 0.765244 0.000000
vt 0.701219 0.000000
vt 0.764863 0.000000
vt 0.764482 0.000000
vt 0.701601 0.000000
vt 0.764101 0.000000
vt 0.701982 0.000000
vt 0.763719 0.000000
vt 0.763338 0.000000
vt 0.702363 0.000000
vt 0.762957 0.000000
vt 0.702744 0.000000
vt 0.762576 0.000000
vt 0.703125 0.000000
vt 0.762195 0.000000
vt 0.703506 0.000000
vt 0.761814 0.000000
vt 0.761433 0.000000
vt 0.703887 0.000000
vt 0.761052 0.000000
vt 0.704268 0.000000
vt 0.760671 0.000000
vt 0.704649 0.000000
vt 0.760290 0.000000
vt 0.705031 0.000000
vt 0.759909 0.000000
vt 0.705412 0.000000
vt 0.759527 0.000000
vt 0.705793 0.000000
vt 0.759146 0.000000
vt 0.706174 0.000000
vt 0.758765 0.000000
vt 0.706555 0.000000
vt 0.758384 0.000000
vt 0.706936 0.000000
vt 0.758003 0.000000
vt 0.707317 0.000000
vt 0.757622 0.000000
vt 0.707698 0.000000
vt 0.757241 0.000000
vt 0.708079 0.000000
vt 0.756860 0.000000
vt 0.708460 0.000000
vt 0.756479 0.000000
vt 0.708841 0.000000
vt 0.709223 0.000000
vt 0.756098 0.000000
vt 0.709604 0.000000
vt 0.755716 0.000000
vt 0.755335 0.000000
vt 0.709985 0.000000
vt 0.754954 0.000000
vt 0.710366 0.000000
vt 0.754573 0.000000
vt 0.710747 0.000000
vt 0.754192 0.000000
vt 0.711128 0.000000
vt 0.753811 0.000000
vt 0.711509 0.000000
vt 0.753430 0.000000
vt 0.711890 0.000000
vt 0.753049 0.000000
vt 0.712271 0.000000
vt 0.752668 0.000000
vt 0.712652 0.000000
vt 0.752287 0.000000
vt 0.713034 0.000000
vt 0.751906 0.000000
vt 0.713415 0.000000
vt 0.751524 0.000000
vt 0.713796 0.000000
vt 0.751143 0.000000
vt 0.714177 0.000000
vt 0.750762 0.000000
vt 0.714558 0.000000
vt 0.750381 0.000000
vt 0.714939 0.000000
vt 0.750000 0.000000
vt 0.715320 0.000000
vt 0.749619 0.000000
vt 0.715701 0.000000
vt 0.749238 0.000000
vt 0.716082 0.000000
vt 0.748857 0.000000
vt 0.716463 0.000000
vt 0.748476 0.000000
vt 0.716844 0.000000
vt 0.748094 0.000000
vt 0.717226 0.000000
vt 0.747713 0.000000
vt 0.747332 0.000000
vt 0.717607 0.000000
vt 0.746951 0.000000
vt 0.717988 0.000000
vt 0.746570 0.000000
vt 0.718369 0.000000
vt 0.746189 0.000000
vt 0.718750 0.000000
vt 0.745808 0.000000
vt 0.719131 0.000000
vt 0.745427 0.000000
vt 0.719512 0.000000
vt 0.745046 0.000000
vt 0.719893 0.000000
vt 0.744665 0.000000
vt 0.720274 0.000000
vt 0.744284 0.000000
vt 0.720656 0.000000
vt 0.743902 0.000000
vt 0.721037 0.000000
vt 0.743521 0.000000
vt 0.721418 0.000000
vt 0.743140 0.000000
vt 0.721799 0.000000
vt 0.742759 0.000000
vt 0.722180 0.000000
vt 0.742378 0.000000
vt 0.722561 0.000000
vt 0.741997 0.000000
vt 0.722942 0.000000
vt 0.741616 0.000000
vt 0.723323 0.000000
vt 0.741235 0.000000
vt 0.723704 0.000000
vt 0.740854 0.000000
vt 0.724085 0.000000
vt 0.740473 0.000000
vt 0.724466 0.000000
vt 0.740091 0.000000
vt 0.739710 0.000000
vt 0.724848 0.000000
vt 0.739329 0.000000
vt 0.725229 0.000000
vt 0.738948 0.000000
vt 0.725610 0.000000
vt 0.738567 0.000000
vt 0.725991 0.000000
vt 0.738186 0.000000
vt 0.726372 0.000000
vt 0.737805 0.000000
vt 0.726753 0.000000
vt 0.737424 0.000000
vt 0.727134 0.000000
vt 0.737043 0.000000
vt 0.727515 0.000000
vt 0.736662 0.000000
vt 0.727896 0.000000
vt 0.736281 0.000000
vt 0.728277 0.000000
vt 0.735899 0.000000
vt 0.728659 0.000000
vt 0.735518 0.000000
vt 0.729040 0.000000
vt 0.735137 0.000000
vt 0.729421 0.000000
vt 0.734756 0.000000
vt 0.729802 0.000000
vt 0.734375 0.000000
vt 0.730183 0.000000
vt 0.733994 0.000000
vt 0.730564 0.000000
vt 0.733613 0.000000
vt 0.730945 0.000000
vt 0.733232 0.000000
vt 0.731326 0.000000
vt 0.732851 0.000000
vt 0.731707 0.000000
vt 0.732469 0.000000
vt 0.732088 0.000000
vt 0.341463 0.000000
vt 0.342226 0.000000
vt 0.341844 0.000000
vt 0.341082 0.000000
vt 0.342607 0.000000
vt 0.340701 0.000000
vt 0.340320 0.000000
vt 0.342988 0.000000
vt 0.339939 0.000000
vt 0.339558 0.000000
vt 0.343369 0.000000
vt 0.339177 0.000000
vt 0.338796 0.000000
vt 0.343750 0.000000
vt 0.338415 0.000000
vt 0.338034 0.000000
vt 0.344131 0.000000
vt 0.337652 0.000000
vt 0.337271 0.000000
vt 0.344512 0.000000
vt 0.336890 0.000000
vt 0.336509 0.000000
vt 0.344893 0.000000
vt 0.336128 0.000000
vt 0.335747 0.000000
vt 0.345274 0.000000
vt 0.335366 0.000000
vt 0.345656 0.000000
vt 0.334985 0.000000
vt 0.334604 0.000000
vt 0.346037 0.000000
vt 0.334223 0.000000
vt 0.333841 0.000000
vt 0.346418 0.000000
vt 0.333460 0.000000
vt 0.333079 0.000000
vt 0.346799 0.000000
vt 0.332698 0.000000
vt 0.332317 0.000000
vt 0.347180 0.000000
vt 0.331936 0.000000
vt 0.331555 0.000000
vt 0.347561 0.000000
vt 0.331174 0.000000
vt 0.330793 0.000000
vt 0.347942 0.000000
vt 0.330412 0.000000
vt 0.330031 0.000000
vt 0.348323 0.000000
vt 0.329649 0.000000
vt 0.348704 0.000000
vt 0.329268 0.000000
vt 0.328887 0.000000
vt 0.349085 0.000000
vt 0.328506 0.000000
vt 0.328125 0.000000
vt 0.349466 0.000000
vt 0.327744 0.000000
vt 0.327363 0.000000
vt 0.349848 0.000000
vt 0.326982 0.000000
vt 0.326601 0.000000
vt 0.350229 0.000000
vt 0.326219 0.000000
vt 0.325838 0.000000
vt 0.350610 0.000000
vt 0.325457 0.000000
vt 0.325076 0.000000
vt 0.350991 0.000000
vt 0.324695 0.000000
vt 0.324314 0.000000
vt 0.351372 0.000000
vt 0.323933 0.000000
vt 0.351753 0.000000
vt 0.323552 0.000000
vt 0.323171 0.000000
vt 0.352134 0.000000
vt 0.322790 0.000000
vt 0.322409 0.000000
vt 0.352515 0.000000
vt 0.322027 0.000000
vt 0.321646 0.000000
vt 0.352896 0.000000
vt 0.321265 0.000000
vt 0.320884 0.000000
vt 0.353277 0.000000
vt 0.320503 0.000000
vt 0.320122 0.000000
vt 0.353659 0.000000
vt 0.319741 0.000000
vt 0.319360 0.000000
vt 0.354040 0.000000
vt 0.318979 0.000000
vt 0.318598 0.000000
vt 0.354421 0.000000
vt 0.318216 0.000000
vt 0.354802 0.000000
vt 0.317835 0.000000
vt 0.317454 0.000000
vt 0.355183 0.000000
vt 0.317073 0.000000
vt 0.316692 0.000000
vt 0.316311 0.000000
vt 0.315930 0.000000
vt 0.315549 0.000000
vt 0.355564 0.000000
vt 0.315168 0.000000
vt 0.314787 0.000000
vt 0.314406 0.000000
vt 0.314024 0.000000
vt 0.313643 0.000000
vt 0.355945 0.000000
vt 0.313262 0.000000
vt 0.312881 0.000000
vt 0.312500 0.000000
vt 0.312119 0.000000
vt 0.356326 0.000000
vt 0.311738 0.000000
vt 0.311357 0.000000
vt 0.310976 0.000000
vt 0.310594 0.000000
vt 0.310213 0.000000
vt 0.356707 0.000000
vt 0.309832 0.000000
vt 0.309451 0.000000
vt 0.309070 0.000000
vt 0.308689 0.000000
vt 0.357088 0.000000
vt 0.308308 0.000000
vt 0.307927 0.000000
vt 0.307546 0.000000
vt 0.307165 0.000000
vt 0.306784 0.000000
vt 0.357469 0.000000
vt 0.306402 0.000000
vt 0.306021 0.000000
vt 0.305640 0.000000
vt 0.305259 0.000000
vt 0.357851 0.000000
vt 0.304878 0.000000
vt 0.304497 0.000000
vt 0.304116 0.000000
vt 0.303735 0.000000
vt 0.358232 0.000000
vt 0.303354 0.000000
vt 0.302973 0.000000
vt 0.302591 0.000000
vt 0.302210 0.000000
vt 0.301829 0.000000
vt 0.358613 0.000000
vt 0.301448 0.000000
vt 0.301067 0.000000
vt 0.300686 0.000000
vt 0.300305 0.000000
vt 0.358994 0.000000
vt 0.299924 0.000000
vt 0.299543 0.000000
vt 0.299162 0.000000
vt 0.298781 0.000000
vt 0.359375 0.000000
vt 0.298399 0.000000
vt 0.298018 0.000000
vt 0.297637 0.000000
vt 0.297256 0.000000
vt 0.359756 0.000000
vt 0.296875 0.000000
vt 0.296494 0.000000
vt 0.296113 0.000000
vt 0.295732 0.000000
vt 0.360137 0.000000
vt 0.295351 0.000000
vt 0.294969 0.000000
vt 0.294588 0.000000
vt 0.294207 0.000000
vt 0.360518 0.000000
vt 0.293826 0.000000
vt 0.293445 0.000000
vt 0.293064 0.000000
vt 0.292683 0.000000
vt 0.360899 0.000000
vt 0.361281 0.000000
vt 0.292302 0.000000
vt 0.361662 0.000000
vt 0.291921 0.000000
vt 0.362043 0.000000
vt 0.291540 0.000000
vt 0.362424 0.000000
vt 0.362805 0.000000
vt 0.291159 0.000000
vt 0.363186 0.000000
vt 0.290777 0.000000
vt 0.363567 0.000000
vt 0.290396 0.000000
vt 0.363948 0.000000
vt 0.290015 0.000000
vt 0.364329 0.000000
vt 0.364710 0.000000
vt 0.289634 0.000000
vt 0.365091 0.000000
vt 0.289253 0.000000
vt 0.365473 0.000000
vt 0.288872 0.000000
vt 0.365854 0.000000
vt 0.288491 0.000000
vt 0.366235 0.000000
vt 0.288110 0.000000
vt 0.366616 0.000000
vt 0.287729 0.000000
vt 0.366997 0.000000
vt 0.287348 0.000000
vt 0.367378 0.000000
vt 0.286966 0.000000
vt 0.286585 0.000000
vt 0.367759 0.000000
vt 0.286204 0.000000
vt 0.368140 0.000000
vt 0.285823 0.000000
vt 0.368521 0.000000
vt 0.285442 0.000000
vt 0.368902 0.000000
vt 0.285061 0.000000
vt 0.369284 0.000000
vt 0.284680 0.000000
vt 0.284299 0.000000
vt 0.369665 0.000000
vt 0.283918 0.000000
vt 0.370046 0.000000
vt 0.283537 0.000000
vt 0.370427 0.000000
vt 0.283156 0.000000
vt 0.370808 0.000000
vt 0.282774 0.000000
vt 0.371189 0.000000
vt 0.282393 0.000000
vt 0.282012 0.000000
vt 0.371570 0.000000
vt 0.281631 0.000000
vt 0.371951 0.000000
vt 0.281250 0.000000
vt 0.372332 0.000000
vt 0.280869 0.000000
vt 0.372713 0.000000
vt 0.280488 0.000000
vt 0.280107 0.000000
vt 0.373094 0.000000
vt 0.279726 0.000000
vt 0.373476 0.000000
vt 0.279344 0.000000
vt 0.373857 0.000000
vt 0.278963 0.000000
vt 0.374238 0.000000
vt 0.278582 0.000000
vt 0.374619 0.000000
vt 0.278201 0.000000
vt 0.277820 0.000000
vt 0.375000 0.000000
vt 0.277439 0.000000
vt 0.375381 0.000000
vt 0.277058 0.000000
vt 0.375762 0.000000
vt 0.276677 0.000000
vt 0.376143 0.000000
vt 0.276296 0.000000
vt 0.376524 0.000000
vt 0.275915 0.000000
vt 0.275534 0.000000
vt 0.376906 0.000000
vt 0.275152 0.000000
vt 0.377287 0.000000
vt 0.274771 0.000000
vt 0.377668 0.000000
vt 0.274390 0.000000
vt 0.378049 0.000000
vt 0.274009 0.000000
vt 0.273628 0.000000
vt 0.378430 0.000000
vt 0.273247 0.000000
vt 0.378811 0.000000
vt 0.272866 0.000000
vt 0.379192 0.000000
vt 0.272485 0.000000
vt 0.379573 0.000000
vt 0.272104 0.000000
vt 0.379954 0.000000
vt 0.271723 0.000000
vt 0.271341 0.000000
vt 0.380335 0.000000
vt 0.270960 0.000000
vt 0.380716 0.000000
vt 0.270579 0.000000
vt 0.381098 0.000000
vt 0.270198 0.000000
vt 0.381479 0.000000
vt 0.269817 0.000000
vt 0.381860 0.000000
vt 0.269436 0.000000
vt 0.269055 0.000000
vt 0.382241 0.000000
vt 0.268674 0.000000
vt 0.382622 0.000000
vt 0.268293 0.000000
vt 0.383003 0.000000
vt 0.267912 0.000000
vt 0.267531 0.000000
vt 0.383384 0.000000
vt 0.267149 0.000000
vt 0.266768 0.000000
vt 0.383765 0.000000
vt 0.266387 0.000000
vt 0.266006 0.000000
vt 0.384146 0.000000
vt 0.265625 0.000000
vt 0.265244 0.000000
vt 0.384527 0.000000
vt 0.264863 0.000000
vt 0.264482 0.000000
vt 0.384909 0.000000
vt 0.264101 0.000000
vt 0.263719 0.000000
vt 0.385290 0.000000
vt 0.263338 0.000000
vt 0.262957 0.000000
vt 0.385671 0.000000
vt 0.262576 0.000000
vt 0.262195 0.000000
vt 0.386052 0.000000
vt 0.261814 0.000000
vt 0.261433 0.000000
vt 0.386433 0.000000
vt 0.261052 0.000000
vt 0.260671 0.000000
vt 0.386814 0.000000
vt 0.260290 0.000000
vt 0.387195 0.000000
vt 0.259909 0.000000
vt 0.259527 0.000000
vt 0.387576 0.000000
vt 0.259146 0.000000
vt 0.258765 0.000000
vt 0.387957 0.000000
vt 0.258384 0.000000
vt 0.258003 0.000000
vt 0.388338 0.000000
vt 0.257622 0.000000
vt 0.388719 0.000000
vt 0.257241 0.000000
vt 0.256860 0.000000
vt 0.389101 0.000000
vt 0.256479 0.000000
vt 0.256098 0.000000
vt 0.389482 0.000000
vt 0.255716 0.000000
vt 0.255335 0.000000
vt 0.389863 0.000000
vt 0.254954 0.000000
vt 0.390244 0.000000
vt 0.254573 0.000000
vt 0.254192 0.000000
vt 0.390625 0.000000
vt 0.253811 0.000000
vt 0.253430 0.000000
vt 0.391006 0.000000
vt 0.253049 0.000000
vt 0.391387 0.000000
vt 0.252668 0.000000
vt 0.391768 0.000000
vt 0.392149 0.000000
vt 0.252287 0.000000
vt 0.392531 0.000000
vt 0.251906 0.000000
vt 0.392912 0.000000
vt 0.251524 0.000000
vt 0.393293 0.000000
vt 0.251143 0.000000
vt 0.393674 0.000000
vt 0.250762 0.000000
vt 0.394055 0.000000
vt 0.250381 0.000000
vt 0.394436 0.000000
vt 0.250000 0.000000
vt 0.394817 0.000000
vt 0.249619 0.000000
vt 0.395198 0.000000
vt 0.249238 0.000000
vt 0.395579 0.000000
vt 0.395960 0.000000
vt 0.248857 0.000000
vt 0.396341 0.000000
vt 0.248476 0.000000
vt 0.396723 0.000000
vt 0.248095 0.000000
vt 0.397104 0.000000
vt 0.247713 0.000000
vt 0.397485 0.000000
vt 0.247332 0.000000
vt 0.397866 0.000000
vt 0.398247 0.000000
vt 0.246951 0.000000
vt 0.398628 0.000000
vt 0.246570 0.000000
vt 0.399009 0.000000
vt 0.246189 0.000000
vt 0.399390 0.000000
vt 0.245808 0.000000
vt 0.399771 0.000000
vt 0.400152 0.000000
vt 0.245427 0.000000
vt 0.400534 0.000000
vt 0.245046 0.000000
vt 0.400915 0.000000
vt 0.244665 0.000000
vt 0.401296 0.000000
vt 0.401677 0.000000
vt 0.244284 0.000000
vt 0.402058 0.000000
vt 0.243902 0.000000
vt 0.402439 0.000000
vt 0.402820 0.000000
vt 0.403201 0.000000
vt 0.403582 0.000000
vt 0.403963 0.000000
vt 0.404344 0.000000
vt 0.404726 0.000000
vt 0.405107 0.000000
vt 0.405488 0.000000
vt 0.405869 0.000000
vt 0.406250 0.000000
vt 0.406631 0.000000
vt 0.407012 0.000000
vt 0.407393 0.000000
vt 0.407774 0.000000
vt 0.408156 0.000000
vt 0.408537 0.000000
vt 0.408918 0.000000
vt 0.409299 0.000000
vt 0.409680 0.000000
vt 0.410061 0.000000
vt 0.410442 0.000000
vt 0.410823 0.000000
vt 0.411204 0.000000
vt 0.411585 0.000000
vt 0.411966 0.000000
vt 0.412348 0.000000
vt 0.412729 0.000000
vt 0.413110 0.000000
vt 0.413491 0.000000
vt 0.413872 0.000000
vt 0.414253 0.000000
vt 0.414634 0.000000
vt 0.415015 0.000000
vt 0.415396 0.000000
vt 0.415777 0.000000
vt 0.416159 0.000000
vt 0.416540 0.000000
vt 0.416921 0.000000
vt 0.417302 0.000000
vt 0.417683 0.000000
vt 0.418064 0.000000
vt 0.418445 0.000000
vt 0.418826 0.000000
vt 0.419207 0.000000
vt 0.419588 0.000000
vt 0.419969 0.000000
vt 0.420351 0.000000
vt 0.420732 0.000000
vt 0.421113 0.000000
vt 0.421494 0.000000
vt 0.421875 0.000000
vt 0.422256 0.000000
vt 0.422637 0.000000
vt 0.423018 0.000000
vt 0.423399 0.000000
vt 0.423781 0.000000
vt 0.424162 0.000000
vt 0.424543 0.000000
vt 0.424924 0.000000
vt 0.425305 0.000000
vt 0.425686 0.000000
vt 0.426067 0.000000
vt 0.426448 0.000000
vt 0.426829 0.000000
vt 0.427210 0.000000
vt 0.427591 0.000000
vt 0.427973 0.000000
vt 0.428354 0.000000
vt 0.428735 0.000000
vt 0.429116 0.000000
vt 0.243521 0.000000
vt 0.429497 0.000000
vt 0.243140 0.000000
vt 0.429878 0.000000
vt 0.430259 0.000000
vt 0.242759 0.000000
vt 0.430640 0.000000
vt 0.242378 0.000000
vt 0.431021 0.000000
vt 0.241997 0.000000
vt 0.431402 0.000000
vt 0.241616 0.000000
vt 0.431784 0.000000
vt 0.432165 0.000000
vt 0.241235 0.000000
vt 0.432546 0.000000
vt 0.240854 0.000000
vt 0.432927 0.000000
vt 0.240473 0.000000
vt 0.433308 0.000000
vt 0.240091 0.000000
vt 0.433689 0.000000
vt 0.239710 0.000000
vt 0.434070 0.000000
vt 0.239329 0.000000
vt 0.434451 0.000000
vt 0.238948 0.000000
vt 0.434832 0.000000
vt 0.238567 0.000000
vt 0.435213 0.000000
vt 0.435594 0.000000
vt 0.238186 0.000000
vt 0.435976 0.000000
vt 0.237805 0.000000
vt 0.436357 0.000000
vt 0.237424 0.000000
vt 0.560976 0.000000
vt 0.561738 0.000000
vt 0.561357 0.000000
vt 0.562119 0.000000
vt 0.560594 0.000000
vt 0.562500 0.000000
vt 0.562881 0.000000
vt 0.560213 0.000000
vt 0.563262 0.000000
vt 0.559832 0.000000
vt 0.563643 0.000000
vt 0.564024 0.000000
vt 0.559451 0.000000
vt 0.564406 0.000000
vt 0.564787 0.000000
vt 0.559070 0.000000
vt 0.565168 0.000000
vt 0.558689 0.000000
vt 0.565549 0.000000
vt 0.565930 0.000000
vt 0.558308 0.000000
vt 0.566311 0.000000
vt 0.566692 0.000000
vt 0.557927 0.000000
vt 0.567073 0.000000
vt 0.557546 0.000000
vt 0.567454 0.000000
vt 0.567835 0.000000
vt 0.557165 0.000000
vt 0.568216 0.000000
vt 0.568598 0.000000
vt 0.556784 0.000000
vt 0.568979 0.000000
vt 0.556402 0.000000
vt 0.569360 0.000000
vt 0.569741 0.000000
vt 0.556021 0.000000
vt 0.570122 0.000000
vt 0.570503 0.000000
vt 0.555640 0.000000
vt 0.570884 0.000000
vt 0.555259 0.000000
vt 0.571265 0.000000
vt 0.571646 0.000000
vt 0.554878 0.000000
vt 0.572027 0.000000
vt 0.436738 0.000000
vt 0.572409 0.000000
vt 0.554497 0.000000
vt 0.572790 0.000000
vt 0.554116 0.000000
vt 0.573171 0.000000
vt 0.573552 0.000000
vt 0.553735 0.000000
vt 0.237043 0.000000
vt 0.573933 0.000000
vt 0.574314 0.000000
vt 0.553354 0.000000
vt 0.574695 0.000000
vt 0.552973 0.000000
vt 0.575076 0.000000
vt 0.575457 0.000000
vt 0.552591 0.000000
vt 0.575838 0.000000
vt 0.576219 0.000000
vt 0.552210 0.000000
vt 0.576601 0.000000
vt 0.551829 0.000000
vt 0.576982 0.000000
vt 0.577363 0.000000
vt 0.551448 0.000000
vt 0.577744 0.000000
vt 0.551067 0.000000
vt 0.578125 0.000000
vt 0.578506 0.000000
vt 0.550686 0.000000
vt 0.578887 0.000000
vt 0.579268 0.000000
vt 0.550305 0.000000
vt 0.579649 0.000000
vt 0.549924 0.000000
vt 0.580031 0.000000
vt 0.437119 0.000000
vt 0.580412 0.000000
vt 0.549543 0.000000
vt 0.580793 0.000000
vt 0.236662 0.000000
vt 0.581174 0.000000
vt 0.549162 0.000000
vt 0.581555 0.000000
vt 0.548781 0.000000
vt 0.581936 0.000000
vt 0.582317 0.000000
vt 0.548399 0.000000
vt 0.582698 0.000000
vt 0.583079 0.000000
vt 0.548018 0.000000
vt 0.583460 0.000000
vt 0.547637 0.000000
vt 0.583841 0.000000
vt 0.584223 0.000000
vt 0.547256 0.000000
vt 0.584604 0.000000
vt 0.584985 0.000000
vt 0.546875 0.000000
vt 0.585366 0.000000
vt 0.437500 0.000000
vt 0.546494 0.000000
vt 0.000000 0.000000
vt 0.000381 0.000000
vt 0.236280 0.000000
vt 0.546113 0.000000
vt 0.000762 0.000000
vt 0.001143 0.000000
vt 0.545732 0.000000
vt 0.001524 0.000000
vt 0.545351 0.000000
vt 0.001905 0.000000
vt 0.002287 0.000000
vt 0.544969 0.000000
vt 0.002668 0.000000
vt 0.003049 0.000000
vt 0.544588 0.000000
vt 0.003430 0.000000
vt 0.544207 0.000000
vt 0.003811 0.000000
vt 0.437881 0.000000
vt 0.004192 0.000000
vt 0.543826 0.000000
vt 0.004573 0.000000
vt 0.235899 0.000000
vt 0.004954 0.000000
vt 0.543445 0.000000
vt 0.005335 0.000000
vt 0.005716 0.000000
vt 0.543064 0.000000
vt 0.006098 0.000000
vt 0.006479 0.000000
vt 0.542683 0.000000
vt 0.006860 0.000000
vt 0.007241 0.000000
vt 0.542302 0.000000
vt 0.007622 0.000000
vt 0.008003 0.000000
vt 0.541921 0.000000
vt 0.008384 0.000000
vt 0.438262 0.000000
vt 0.008765 0.000000
vt 0.541540 0.000000
vt 0.235518 0.000000
vt 0.009146 0.000000
vt 0.009527 0.000000
vt 0.541159 0.000000
vt 0.009909 0.000000
vt 0.010290 0.000000
vt 0.540777 0.000000
vt 0.010671 0.000000
vt 0.011052 0.000000
vt 0.540396 0.000000
vt 0.011433 0.000000
vt 0.011814 0.000000
vt 0.540015 0.000000
vt 0.012195 0.000000
vt 0.012576 0.000000
vt 0.438643 0.000000
vt 0.539634 0.000000
vt 0.012957 0.000000
vt 0.235137 0.000000
vt 0.013338 0.000000
vt 0.013720 0.000000
vt 0.539253 0.000000
vt 0.014101 0.000000
vt 0.014482 0.000000
vt 0.538872 0.000000
vt 0.014863 0.000000
vt 0.015244 0.000000
vt 0.538491 0.000000
vt 0.015625 0.000000
vt 0.016006 0.000000
vt 0.016387 0.000000
vt 0.538110 0.000000
vt 0.016768 0.000000
vt 0.017149 0.000000
vt 0.439024 0.000000
vt 0.537729 0.000000
vt 0.234756 0.000000
vt 0.017530 0.000000
vt 0.017912 0.000000
vt 0.537348 0.000000
vt 0.018293 0.000000
vt 0.018674 0.000000
vt 0.019055 0.000000
vt 0.536966 0.000000
vt 0.019436 0.000000
vt 0.019817 0.000000
vt 0.536585 0.000000
vt 0.020198 0.000000
vt 0.020579 0.000000
vt 0.020960 0.000000
vt 0.021341 0.000000
vt 0.234375 0.000000
vt 0.021723 0.000000
vt 0.439406 0.000000
vt 0.022104 0.000000
vt 0.022485 0.000000
vt 0.022866 0.000000
vt 0.023247 0.000000
vt 0.023628 0.000000
vt 0.024009 0.000000
vt 0.024390 0.000000
vt 0.024771 0.000000
vt 0.233994 0.000000
vt 0.439787 0.000000
vt 0.536204 0.000000
vt 0.233613 0.000000
vt 0.025152 0.000000
vt 0.440168 0.000000
vt 0.233232 0.000000
vt 0.440549 0.000000
vt 0.025534 0.000000
vt 0.535823 0.000000
vt 0.440930 0.000000
vt 0.232851 0.000000
vt 0.025915 0.000000
vt 0.441311 0.000000
vt 0.232470 0.000000
vt 0.535442 0.000000
vt 0.026296 0.000000
vt 0.441692 0.000000
vt 0.232088 0.000000
vt 0.442073 0.000000
vt 0.231707 0.000000
vt 0.026677 0.000000
vt 0.535061 0.000000
vt 0.442454 0.000000
vt 0.231326 0.000000
vt 0.027058 0.000000
vt 0.442835 0.000000
vt 0.230945 0.000000
vt 0.534680 0.000000
vt 0.027439 0.000000
vt 0.443216 0.000000
vt 0.230564 0.000000
vt 0.443598 0.000000
vt 0.230183 0.000000
vt 0.027820 0.000000
vt 0.534299 0.000000
vt 0.443979 0.000000
vt 0.229802 0.000000
vt 0.028201 0.000000
vt 0.444360 0.000000
vt 0.229421 0.000000
vt 0.533918 0.000000
vt 0.028582 0.000000
vt 0.444741 0.000000
vt 0.229040 0.000000
vt 0.445122 0.000000
vt 0.028963 0.000000
vt 0.228659 0.000000
vt 0.533537 0.000000
vt 0.445503 0.000000
vt 0.228277 0.000000
vt 0.029345 0.000000
vt 0.445884 0.000000
vt 0.227896 0.000000
vt 0.533156 0.000000
vt 0.029726 0.000000
vt 0.446265 0.000000
vt 0.227515 0.000000
vt 0.446646 0.000000
vt 0.030107 0.000000
vt 0.227134 0.000000
vt 0.532774 0.000000
vt 0.447027 0.000000
vt 0.226753 0.000000
vt 0.030488 0.000000
vt 0.447409 0.000000
vt 0.226372 0.000000
vt 0.532393 0.000000
vt 0.030869 0.000000
vt 0.447790 0.000000
vt 0.225991 0.000000
vt 0.448171 0.000000
vt 0.031250 0.000000
vt 0.225610 0.000000
vt 0.532012 0.000000
vt 0.448552 0.000000
vt 0.031631 0.000000
vt 0.225229 0.000000
vt 0.448933 0.000000
vt 0.224848 0.000000
vt 0.531631 0.000000
vt 0.032012 0.000000
vt 0.449314 0.000000
vt 0.224466 0.000000
vt 0.032393 0.000000
vt 0.449695 0.000000
vt 0.531250 0.000000
vt 0.224085 0.000000
vt 0.450076 0.000000
vt 0.032774 0.000000
vt 0.223704 0.000000
vt 0.450457 0.000000
vt 0.530869 0.000000
vt 0.223323 0.000000
vt 0.033155 0.000000
vt 0.450838 0.000000
vt 0.222942 0.000000
vt 0.033537 0.000000
vt 0.451219 0.000000
vt 0.530488 0.000000
vt 0.222561 0.000000
vt 0.451601 0.000000
vt 0.033918 0.000000
vt 0.222180 0.000000
vt 0.530107 0.000000
vt 0.451982 0.000000
vt 0.034299 0.000000
vt 0.221799 0.000000
vt 0.452363 0.000000
vt 0.221418 0.000000
vt 0.034680 0.000000
vt 0.529726 0.000000
vt 0.452744 0.000000
vt 0.221037 0.000000
vt 0.035061 0.000000
vt 0.453125 0.000000
vt 0.220655 0.000000
vt 0.529344 0.000000
vt 0.453506 0.000000
vt 0.035442 0.000000
vt 0.220274 0.000000
vt 0.453887 0.000000
vt 0.528963 0.000000
vt 0.219893 0.000000
vt 0.035823 0.000000
vt 0.454268 0.000000
vt 0.219512 0.000000
vt 0.036204 0.000000
vt 0.454649 0.000000
vt 0.528582 0.000000
vt 0.219131 0.000000
vt 0.455031 0.000000
vt 0.036585 0.000000
vt 0.528201 0.000000
vt 0.455412 0.000000
vt 0.218750 0.000000
vt 0.036966 0.000000
vt 0.455793 0.000000
vt 0.527820 0.000000
vt 0.037348 0.000000
vt 0.456174 0.000000
vt 0.218369 0.000000
vt 0.037729 0.000000
vt 0.456555 0.000000
vt 0.527439 0.000000
vt 0.217988 0.000000
vt 0.456936 0.000000
vt 0.038110 0.000000
vt 0.527058 0.000000
vt 0.457317 0.000000
vt 0.038491 0.000000
vt 0.217607 0.000000
vt 0.457698 0.000000
vt 0.526677 0.000000
vt 0.038872 0.000000
vt 0.458079 0.000000
vt 0.217226 0.000000
vt 0.039253 0.000000
vt 0.458460 0.000000
vt 0.526296 0.000000
vt 0.458841 0.000000
vt 0.039634 0.000000
vt 0.216845 0.000000
vt 0.525915 0.000000
vt 0.459223 0.000000
vt 0.040015 0.000000
vt 0.459604 0.000000
vt 0.525534 0.000000
vt 0.216463 0.000000
vt 0.040396 0.000000
vt 0.459985 0.000000
vt 0.525152 0.000000
vt 0.040777 0.000000
vt 0.460366 0.000000
vt 0.216082 0.000000
vt 0.460747 0.000000
vt 0.041159 0.000000
vt 0.524771 0.000000
vt 0.461128 0.000000
vt 0.215701 0.000000
vt 0.041540 0.000000
vt 0.524390 0.000000
vt 0.461509 0.000000
vt 0.041921 0.000000
vt 0.215320 0.000000
vt 0.461890 0.000000
vt 0.524009 0.000000
vt 0.042302 0.000000
vt 0.462271 0.000000
vt 0.523628 0.000000
vt 0.214939 0.000000
vt 0.042683 0.000000
vt 0.462652 0.000000
vt 0.523247 0.000000
vt 0.463034 0.000000
vt 0.043064 0.000000
vt 0.214558 0.000000
vt 0.463415 0.000000
vt 0.522866 0.000000
vt 0.043445 0.000000
vt 0.463796 0.000000
vt 0.043826 0.000000
vt 0.522485 0.000000
vt 0.214177 0.000000
vt 0.464177 0.000000
vt 0.044207 0.000000
vt 0.522104 0.000000
vt 0.464558 0.000000
vt 0.213796 0.000000
vt 0.464939 0.000000
vt 0.044588 0.000000
vt 0.521723 0.000000
vt 0.465320 0.000000
vt 0.044970 0.000000
vt 0.521341 0.000000
vt 0.465701 0.000000
vt 0.213415 0.000000
vt 0.466082 0.000000
vt 0.045351 0.000000
vt 0.520960 0.000000
vt 0.466463 0.000000
vt 0.045732 0.000000
vt 0.520579 0.000000
vt 0.213034 0.000000
vt 0.466844 0.000000
vt 0.467226 0.000000
vt 0.520198 0.000000
vt 0.046113 0.000000
vt 0.467607 0.000000
vt 0.212652 0.000000
vt 0.519817 0.000000
vt 0.046494 0.000000
vt 0.467988 0.000000
vt 0.519436 0.000000
vt 0.468369 0.000000
vt 0.046875 0.000000
vt 0.519055 0.000000
vt 0.468750 0.000000
vt 0.212271 0.000000
vt 0.047256 0.000000
vt 0.469131 0.000000
vt 0.518674 0.000000
vt 0.469512 0.000000
vt 0.047637 0.000000
vt 0.518293 0.000000
vt 0.211890 0.000000
vt 0.469893 0.000000
vt 0.517912 0.000000
vt 0.048018 0.000000
vt 0.470274 0.000000
vt 0.517531 0.000000
vt 0.470656 0.000000
vt 0.048399 0.000000
vt 0.517149 0.000000
vt 0.211509 0.000000
vt 0.471037 0.000000
vt 0.516768 0.000000
vt 0.471418 0.000000
vt 0.048780 0.000000
vt 0.516387 0.000000
vt 0.471799 0.000000
vt 0.516006 0.000000
vt 0.211128 0.000000
vt 0.472180 0.000000
vt 0.049162 0.000000
vt 0.515625 0.000000
vt 0.472561 0.000000
vt 0.515244 0.000000
vt 0.049543 0.000000
vt 0.514863 0.000000
vt 0.472942 0.000000
vt 0.514482 0.000000
vt 0.049924 0.000000
vt 0.514101 0.000000
vt 0.473323 0.000000
vt 0.210747 0.000000
vt 0.513719 0.000000
vt 0.513338 0.000000
vt 0.512957 0.000000
vt 0.512576 0.000000
vt 0.473704 0.000000
vt 0.512195 0.000000
vt 0.050305 0.000000
vt 0.511814 0.000000
vt 0.474085 0.000000
vt 0.511433 0.000000
vt 0.050686 0.000000
vt 0.511052 0.000000
vt 0.474466 0.000000
vt 0.510671 0.000000
vt 0.210366 0.000000
vt 0.474848 0.000000
vt 0.051067 0.000000
vt 0.510290 0.000000
vt 0.509909 0.000000
vt 0.475229 0.000000
vt 0.509527 0.000000
vt 0.051448 0.000000
vt 0.509146 0.000000
vt 0.475610 0.000000
vt 0.508765 0.000000
vt 0.475991 0.000000
vt 0.051829 0.000000
vt 0.508384 0.000000
vt 0.508003 0.000000
vt 0.209985 0.000000
vt 0.476372 0.000000
vt 0.507622 0.000000
vt 0.052210 0.000000
vt 0.507241 0.000000
vt 0.476753 0.000000
vt 0.506860 0.000000
vt 0.477134 0.000000
vt 0.506479 0.000000
vt 0.052591 0.000000
vt 0.506098 0.000000
vt 0.477515 0.000000
vt 0.505716 0.000000
vt 0.477896 0.000000
vt 0.505335 0.000000
vt 0.052973 0.000000
vt 0.209604 0.000000
vt 0.504954 0.000000
vt 0.478277 0.000000
vt 0.504573 0.000000
vt 0.504192 0.000000
vt 0.478659 0.000000
vt 0.053354 0.000000
vt 0.503811 0.000000
vt 0.479040 0.000000
vt 0.503430 0.000000
vt 0.503049 0.000000
vt 0.479421 0.000000
vt 0.053735 0.000000
vt 0.502668 0.000000
vt 0.502287 0.000000
vt 0.479802 0.000000
vt 0.501906 0.000000
vt 0.209223 0.000000
vt 0.480183 0.000000
vt 0.501524 0.000000
vt 0.054116 0.000000
vt 0.501143 0.000000
vt 0.480564 0.000000
vt 0.500762 0.000000
vt 0.500381 0.000000
vt 0.480945 0.000000
vt 0.054497 0.000000
vt 0.500000 0.000000
vt 0.481326 0.000000
vt 0.499619 0.000000
vt 0.499238 0.000000
vt 0.481707 0.000000
vt 0.498857 0.000000
vt 0.498476 0.000000
vt 0.054878 0.000000
vt 0.482088 0.000000
vt 0.498094 0.000000
vt 0.482469 0.000000
vt 0.497713 0.000000
vt 0.208841 0.000000
vt 0.497332 0.000000
vt 0.482851 0.000000
vt 0.496951 0.000000
vt 0.055259 0.000000
vt 0.483232 0.000000
vt 0.496570 0.000000
vt 0.496189 0.000000
vt 0.483613 0.000000
vt 0.495808 0.000000
vt 0.495427 0.000000
vt 0.483994 0.000000
vt 0.495046 0.000000
vt 0.484375 0.000000
vt 0.494665 0.000000
vt 0.494284 0.000000
vt 0.055640 0.000000
vt 0.484756 0.000000
vt 0.493902 0.000000
vt 0.493521 0.000000
vt 0.485137 0.000000
vt 0.493140 0.000000
vt 0.485518 0.000000
vt 0.492759 0.000000
vt 0.492378 0.000000
vt 0.485899 0.000000
vt 0.491997 0.000000
vt 0.491616 0.000000
vt 0.486281 0.000000
vt 0.491235 0.000000
vt 0.486662 0.000000
vt 0.490854 0.000000
vt 0.490473 0.000000
vt 0.056021 0.000000
vt 0.487043 0.000000
vt 0.490091 0.000000
vt 0.489710 0.000000
vt 0.487424 0.000000
vt 0.489329 0.000000
vt 0.487805 0.000000
vt 0.488948 0.000000
vt 0.488567 0.000000
vt 0.488186 0.000000
vt 0.208460 0.000000
vt 0.056402 0.000000
vt 0.056784 0.000000
vt 0.057165 0.000000
vt 0.208079 0.000000
vt 0.057546 0.000000
vt 0.057927 0.000000
vt 0.058308 0.000000
vt 0.207698 0.000000
vt 0.058689 0.000000
vt 0.059070 0.000000
vt 0.059451 0.000000
vt 0.059832 0.000000
vt 0.207317 0.000000
vt 0.060213 0.000000
vt 0.060595 0.000000
vt 0.060976 0.000000
vt 0.206936 0.000000
vt 0.061357 0.000000
vt 0.061738 0.000000
vt 0.062119 0.000000
vt 0.062500 0.000000
vt 0.206555 0.000000
vt 0.062881 0.000000
vt 0.063262 0.000000
vt 0.063643 0.000000
vt 0.064024 0.000000
vt 0.206174 0.000000
vt 0.064405 0.000000
vt 0.064787 0.000000
vt 0.065168 0.000000
vt 0.065549 0.000000
vt 0.065930 0.000000
vt 0.205793 0.000000
vt 0.066311 0.000000
vt 0.066692 0.000000
vt 0.067073 0.000000
vt 0.067454 0.000000
vt 0.067835 0.000000
vt 0.205412 0.000000
vt 0.068216 0.000000
vt 0.068598 0.000000
vt 0.068979 0.000000
vt 0.069360 0.000000
vt 0.069741 0.000000
vt 0.205030 0.000000
vt 0.070122 0.000000
vt 0.070503 0.000000
vt 0.070884 0.000000
vt 0.071265 0.000000
vt 0.071646 0.000000
vt 0.072027 0.000000
vt 0.072409 0.000000
vt 0.072790 0.000000
vt 0.204649 0.000000
vt 0.073171 0.000000
vt 0.073552 0.000000
vt 0.073933 0.000000
vt 0.074314 0.000000
vt 0.074695 0.000000
vt 0.075076 0.000000
vt 0.075457 0.000000
vt 0.075838 0.000000
vt 0.204268 0.000000
vt 0.076220 0.000000
vt 0.076601 0.000000
vt 0.076982 0.000000
vt 0.077363 0.000000
vt 0.077744 0.000000
vt 0.078125 0.000000
vt 0.078506 0.000000
vt 0.203887 0.000000
vt 0.078887 0.000000
vt 0.079268 0.000000
vt 0.079649 0.000000
vt 0.080030 0.000000
vt 0.080412 0.000000
vt 0.080793 0.000000
vt 0.081174 0.000000
vt 0.203506 0.000000
vt 0.081555 0.000000
vt 0.081936 0.000000
vt 0.082317 0.000000
vt 0.082698 0.000000
vt 0.083079 0.000000
vt 0.083460 0.000000
vt 0.083841 0.000000
vt 0.203125 0.000000
vt 0.084223 0.000000
vt 0.084604 0.000000
vt 0.084985 0.000000
vt 0.085366 0.000000
vt 0.085747 0.000000
vt 0.086128 0.000000
vt 0.202744 0.000000
vt 0.086509 0.000000
vt 0.086890 0.000000
vt 0.087271 0.000000
vt 0.087652 0.000000
vt 0.088034 0.000000
vt 0.088415 0.000000
vt 0.088796 0.000000
vt 0.202363 0.000000
vt 0.089177 0.000000
vt 0.089558 0.000000
vt 0.089939 0.000000
vt 0.090320 0.000000
vt 0.090701 0.000000
vt 0.091082 0.000000
vt 0.201982 0.000000
vt 0.091463 0.000000
vt 0.091845 0.000000
vt 0.092226 0.000000
vt 0.092607 0.000000
vt 0.092988 0.000000
vt 0.093369 0.000000
vt 0.093750 0.000000
vt 0.201601 0.000000
vt 0.094131 0.000000
vt 0.094512 0.000000
vt 0.094893 0.000000
vt 0.095274 0.000000
vt 0.095655 0.000000
vt 0.096037 0.000000
vt 0.201220 0.000000
vt 0.096418 0.000000
vt 0.096799 0.000000
vt 0.097180 0.000000
vt 0.097561 0.000000
vt 0.097942 0.000000
vt 0.200838 0.000000
vt 0.098323 0.000000
vt 0.098704 0.000000
vt 0.099085 0.000000
vt 0.099466 0.000000
vt 0.200457 0.000000
vt 0.099848 0.000000
vt 0.100229 0.000000
vt 0.100610 0.000000
vt 0.200076 0.000000
vt 0.100991 0.000000
vt 0.101372 0.000000
vt 0.101753 0.000000
vt 0.199695 0.000000
vt 0.102134 0.000000
vt 0.102515 0.000000
vt 0.102896 0.000000
vt 0.199314 0.000000
vt 0.103277 0.000000
vt 0.103659 0.000000
vt 0.104040 0.000000
vt 0.104421 0.000000
vt 0.198933 0.000000
vt 0.104802 0.000000
vt 0.105183 0.000000
vt 0.105564 0.000000
vt 0.198552 0.000000
vt 0.105945 0.000000
vt 0.106326 0.000000
vt 0.106707 0.000000
vt 0.198171 0.000000
vt 0.107088 0.000000
vt 0.107470 0.000000
vt 0.107851 0.000000
vt 0.108232 0.000000
vt 0.197790 0.000000
vt 0.108613 0.000000
vt 0.108994 0.000000
vt 0.109375 0.000000
vt 0.109756 0.000000
vt 0.197409 0.000000
vt 0.110137 0.000000
vt 0.110518 0.000000
vt 0.110899 0.000000
vt 0.197027 0.000000
vt 0.111280 0.000000
vt 0.111662 0.000000
vt 0.112043 0.000000
vt 0.112424 0.000000
vt 0.196646 0.000000
vt 0.112805 0.000000
vt 0.113186 0.000000
vt 0.113567 0.000000
vt 0.113948 0.000000
vt 0.196265 0.000000
vt 0.114329 0.000000
vt 0.114710 0.000000
vt 0.115091 0.000000
vt 0.115473 0.000000
vt 0.195884 0.000000
vt 0.115854 0.000000
vt 0.116235 0.000000
vt 0.116616 0.000000
vt 0.116997 0.000000
vt 0.117378 0.000000
vt 0.195503 0.000000
vt 0.117759 0.000000
vt 0.118140 0.000000
vt 0.118521 0.000000
vt 0.118902 0.000000
vt 0.195122 0.000000
vt 0.119284 0.000000
vt 0.119665 0.000000
vt 0.120046 0.000000
vt 0.120427 0.000000
vt 0.194741 0.000000
vt 0.120808 0.000000
vt 0.121189 0.000000
vt 0.121570 0.000000
vt 0.194360 0.000000
vt 0.121951 0.000000
vt 0.122332 0.000000
vt 0.122713 0.000000
vt 0.193979 0.000000
vt 0.123095 0.000000
vt 0.123476 0.000000
vt 0.193598 0.000000
vt 0.123857 0.000000
vt 0.124238 0.000000
vt 0.124619 0.000000
vt 0.193216 0.000000
vt 0.125000 0.000000
vt 0.125381 0.000000
vt 0.192835 0.000000
vt 0.125762 0.000000
vt 0.126143 0.000000
vt 0.192454 0.000000
vt 0.126524 0.000000
vt 0.126905 0.000000
vt 0.127287 0.000000
vt 0.192073 0.000000
vt 0.127668 0.000000
vt 0.128049 0.000000
vt 0.191692 0.000000
vt 0.128430 0.000000
vt 0.128811 0.000000
vt 0.191311 0.000000
vt 0.129192 0.000000
vt 0.129573 0.000000
vt 0.129954 0.000000
vt 0.190930 0.000000
vt 0.130335 0.000000
vt 0.130716 0.000000
vt 0.190549 0.000000
vt 0.131098 0.000000
vt 0.131479 0.000000
vt 0.190168 0.000000
vt 0.131860 0.000000
vt 0.132241 0.000000
vt 0.189787 0.000000
vt 0.132622 0.000000
vt 0.133003 0.000000
vt 0.133384 0.000000
vt 0.189405 0.000000
vt 0.133765 0.000000
vt 0.134146 0.000000
vt 0.189024 0.000000
vt 0.134527 0.000000
vt 0.134909 0.000000
vt 0.188643 0.000000
vt 0.135290 0.000000
vt 0.135671 0.000000
vt 0.188262 0.000000
vt 0.136052 0.000000
vt 0.136433 0.000000
vt 0.136814 0.000000
vt 0.187881 0.000000
vt 0.137195 0.000000
vt 0.137576 0.000000
vt 0.187500 0.000000
vt 0.137957 0.000000
vt 0.138338 0.000000
vt 0.187119 0.000000
vt 0.138720 0.000000
vt 0.139101 0.000000
vt 0.186738 0.000000
vt 0.139482 0.000000
vt 0.139863 0.000000
vt 0.186357 0.000000
vt 0.140244 0.000000
vt 0.140625 0.000000
vt 0.185976 0.000000
vt 0.141006 0.000000
vt 0.141387 0.000000
vt 0.185595 0.000000
vt 0.141768 0.000000
vt 0.142149 0.000000
vt 0.185213 0.000000
vt 0.142530 0.000000
vt 0.142912 0.000000
vt 0.184832 0.000000
vt 0.143293 0.000000
vt 0.143674 0.000000
vt 0.184451 0.000000
vt 0.144055 0.000000
vt 0.144436 0.000000
vt 0.184070 0.000000
vt 0.144817 0.000000
vt 0.145198 0.000000
vt 0.183689 0.000000
vt 0.145579 0.000000
vt 0.145960 0.000000
vt 0.183308 0.000000
vt 0.146341 0.000000
vt 0.146723 0.000000
vt 0.182927 0.000000
vt 0.147104 0.000000
vt 0.147485 0.000000
vt 0.182546 0.000000
vt 0.147866 0.000000
vt 0.148247 0.000000
vt 0.182165 0.000000
vt 0.148628 0.000000
vt 0.149009 0.000000
vt 0.181784 0.000000
vt 0.149390 0.000000
vt 0.149771 0.000000
vt 0.181402 0.000000
vt 0.150152 0.000000
vt 0.150534 0.000000
vt 0.181021 0.000000
vt 0.150915 0.000000
vt 0.151296 0.000000
vt 0.180640 0.000000
vt 0.151677 0.000000
vt 0.152058 0.000000
vt 0.180259 0.000000
vt 0.152439 0.000000
vt 0.152820 0.000000
vt 0.179878 0.000000
vt 0.153201 0.000000
vt 0.153582 0.000000
vt 0.179497 0.000000
vt 0.153963 0.000000
vt 0.179116 0.000000
vt 0.154345 0.000000
vt 0.154726 0.000000
vt 0.178735 0.000000
vt 0.155107 0.000000
vt 0.155488 0.000000
vt 0.178354 0.000000
vt 0.155869 0.000000
vt 0.156250 0.000000
vt 0.177973 0.000000
vt 0.156631 0.000000
vt 0.157012 0.000000
vt 0.177591 0.000000
vt 0.157393 0.000000
vt 0.157774 0.000000
vt 0.177210 0.000000
vt 0.158155 0.000000
vt 0.158537 0.000000
vt 0.176829 0.000000
vt 0.158918 0.000000
vt 0.159299 0.000000
vt 0.176448 0.000000
vt 0.159680 0.000000
vt 0.160061 0.000000
vt 0.176067 0.000000
vt 0.160442 0.000000
vt 0.160823 0.000000
vt 0.175686 0.000000
vt 0.161204 0.000000
vt 0.161585 0.000000
vt 0.175305 0.000000
vt 0.161966 0.000000
vt 0.162348 0.000000
vt 0.174924 0.000000
vt 0.162729 0.000000
vt 0.174543 0.000000
vt 0.163110 0.000000
vt 0.163491 0.000000
vt 0.174162 0.000000
vt 0.163872 0.000000
vt 0.164253 0.000000
vt 0.173780 0.000000
vt 0.164634 0.000000
vt 0.165015 0.000000
vt 0.173399 0.000000
vt 0.165396 0.000000
vt 0.165777 0.000000
vt 0.173018 0.000000
vt 0.166159 0.000000
vt 0.166540 0.000000
vt 0.172637 0.000000
vt 0.166921 0.000000
vt 0.167302 0.000000
vt 0.172256 0.000000
vt 0.167683 0.000000
vt 0.168064 0.000000
vt 0.171875 0.000000
vt 0.168445 0.000000
vt 0.168826 0.000000
vt 0.171494 0.000000
vt 0.169207 0.000000
vt 0.169588 0.000000
vt 0.171113 0.000000
vt 0.169970 0.000000
vt 0.170351 0.000000
vt 0.170732 0.000000
vt 0.000919 1.000000
vt 0.000000 1.000000
vt 0.001838 1.000000
vt 0.000919 0.000000
vt 0.002757 1.000000
vt 0.001838 0.000000
vt 0.003676 1.000000
vt 0.002757 0.000000
vt 0.004596 1.000000
vt 0.003676 0.000000
vt 0.005515 1.000000
vt 0.004596 0.000000
vt 0.006434 1.000000
vt 0.005515 0.000000
vt 0.007353 1.000000
vt 0.006434 0.000000
vt 0.008272 1.000000
vt 0.007353 0.000000
vt 0.009191 1.000000
vt 0.008272 0.000000
vt 0.010110 1.000000
vt 0.009191 0.000000
vt 0.011029 1.000000
vt 0.010110 0.000000
vt 0.011949 1.000000
vt 0.011029 0.000000
vt 0.012868 1.000000
vt 0.011949 0.000000
vt 0.013787 1.000000
vt 0.012868 0.000000
vt 0.014706 1.000000
vt 0.013787 0.000000
vt 0.015625 1.000000
vt 0.014706 0.000000
vt 0.016544 1.000000
vt 0.017463 1.000000
vt 0.016544 0.000000
vt 0.018382 1.000000
vt 0.017463 0.000000
vt 0.019301 1.000000
vt 0.018382 0.000000
vt 0.020221 1.000000
vt 0.019301 0.000000
vt 0.021140 1.000000
vt 0.020221 0.000000
vt 0.022059 1.000000
vt 0.021140 0.000000
vt 0.022978 1.000000
vt 0.022059 0.000000
vt 0.023897 1.000000
vt 0.022978 0.000000
vt 0.024816 1.000000
vt 0.023897 0.000000
vt 0.025735 1.000000
vt 0.024816 0.000000
vt 0.026654 1.000000
vt 0.025735 0.000000
vt 0.027574 1.000000
vt 0.026654 0.000000
vt 0.028493 1.000000
vt 0.027574 0.000000
vt 0.029412 1.000000
vt 0.028493 0.000000
vt 0.030331 1.000000
vt 0.029412 0.000000
vt 0.031250 1.000000
vt 0.030331 0.000000
vt 0.032169 1.000000
vt 0.033088 1.000000
vt 0.032169 0.000000
vt 0.034007 1.000000
vt 0.033088 0.000000
vt 0.034926 1.000000
vt 0.034007 0.000000
vt 0.035846 1.000000
vt 0.034926 0.000000
vt 0.036765 1.000000
vt 0.035846 0.000000
vt 0.037684 1.000000
vt 0.036765 0.000000
vt 0.038603 1.000000
vt 0.037684 0.000000
vt 0.039522 1.000000
vt 0.038603 0.000000
vt 0.040441 1.000000
vt 0.039522 0.000000
vt 0.041360 1.000000
vt 0.040441 0.000000
vt 0.042279 1.000000
vt 0.041360 0.000000
vt 0.043199 1.000000
vt 0.042279 0.000000
vt 0.044118 1.000000
vt 0.043199 0.000000
vt 0.045037 1.000000
vt 0.044118 0.000000
vt 0.045956 1.000000
vt 0.045037 0.000000
vt 0.046875 1.000000
vt 0.045956 0.000000
vt 0.047794 1.000000
vt 0.048713 1.000000
vt 0.047794 0.000000
vt 0.049632 1.000000
vt 0.048713 0.000000
vt 0.050551 1.000000
vt 0.049632 0.000000
vt 0.051471 1.000000
vt 0.050551 0.000000
vt 0.052390 1.000000
vt 0.051471 0.000000
vt 0.053309 1.000000
vt 0.052390 0.000000
vt 0.054228 1.000000
vt 0.053309 0.000000
vt 0.055147 1.000000
vt 0.054228 0.000000
vt 0.056066 1.000000
vt 0.055147 0.000000
vt 0.056985 1.000000
vt 0.056066 0.000000
vt 0.057904 1.000000
vt 0.056985 0.000000
vt 0.058824 1.000000
vt 0.057904 0.000000
vt 0.059743 1.000000
vt 0.058824 0.000000
vt 0.060662 1.000000
vt 0.059743 0.000000
vt 0.061581 1.000000
vt 0.060662 0.000000
vt 0.062500 1.000000
vt 0.061581 0.000000
vt 0.063419 1.000000
vt 0.064338 1.000000
vt 0.063419 0.000000
vt 0.065257 1.000000
vt 0.064338 0.000000
vt 0.066176 1.000000
vt 0.065257 0.000000
vt 0.067096 1.000000
vt 0.066176 0.000000
vt 0.068015 1.000000
vt 0.067096 0.000000
vt 0.068934 1.000000
vt 0.068015 0.000000
vt 0.069853 1.000000
vt 0.068934 0.000000
vt 0.070772 1.000000
vt 0.069853 0.000000
vt 0.071691 1.000000
vt 0.070772 0.000000
vt 0.072610 1.000000
vt 0.071691 0.000000
vt 0.073529 1.000000
vt 0.072610 0.000000
vt 0.074449 1.000000
vt 0.073529 0.000000
vt 0.075368 1.000000
vt 0.074449 0.000000
vt 0.076287 1.000000
vt 0.075368 0.000000
vt 0.077206 1.000000
vt 0.076287 0.000000
vt 0.078125 1.000000
vt 0.077206 0.000000
vt 0.079044 1.000000
vt 0.079963 1.000000
vt 0.079044 0.000000
vt 0.080882 1.000000
vt 0.079963 0.000000
vt 0.081801 1.000000
vt 0.080882 0.000000
vt 0.082721 1.000000
vt 0.081801 0.000000
vt 0.083640 1.000000
vt 0.082721 0.000000
vt 0.084559 1.000000
vt 0.083640 0.000000
vt 0.085478 1.000000
vt 0.084559 0.000000
vt 0.086397 1.000000
vt 0.085478 0.000000
vt 0.087316 1.000000
vt 0.086397 0.000000
vt 0.088235 1.000000
vt 0.087316 0.000000
vt 0.089154 1.000000
vt 0.088235 0.000000
vt 0.090074 1.000000
vt 0.089154 0.000000
vt 0.090993 1.000000
vt 0.090074 0.000000
vt 0.091912 1.000000
vt 0.090993 0.000000
vt 0.092831 1.000000
vt 0.091912 0.000000
vt 0.093750 1.000000
vt 0.092831 0.000000
vt 0.094669 1.000000
vt 0.095588 1.000000
vt 0.094669 0.000000
vt 0.096507 1.000000
vt 0.095588 0.000000
vt 0.097426 1.000000
vt 0.096507 0.000000
vt 0.098346 1.000000
vt 0.097426 0.000000
vt 0.099265 1.000000
vt 0.098346 0.000000
vt 0.100184 1.000000
vt 0.099265 0.000000
vt 0.101103 1.000000
vt 0.100184 0.000000
vt 0.102022 1.000000
vt 0.101103 0.000000
vt 0.102941 1.000000
vt 0.102022 0.000000
vt 0.103860 1.000000
vt 0.102941 0.000000
vt 0.104779 1.000000
vt 0.103860 0.000000
vt 0.105699 1.000000
vt 0.104779 0.000000
vt 0.106618 1.000000
vt 0.105699 0.000000
vt 0.107537 1.000000
vt 0.106618 0.000000
vt 0.108456 1.000000
vt 0.107537 0.000000
vt 0.109375 1.000000
vt 0.108456 0.000000
vt 0.110294 1.000000
vt 0.111213 1.000000
vt 0.110294 0.000000
vt 0.112132 1.000000
vt 0.111213 0.000000
vt 0.113051 1.000000
vt 0.112132 0.000000
vt 0.113971 1.000000
vt 0.113051 0.000000
vt 0.114890 1.000000
vt 0.113971 0.000000
vt 0.115809 1.000000
vt 0.114890 0.000000
vt 0.116728 1.000000
vt 0.115809 0.000000
vt 0.117647 1.000000
vt 0.116728 0.000000
vt 0.118566 1.000000
vt 0.117647 0.000000
vt 0.119485 1.000000
vt 0.118566 0.000000
vt 0.120404 1.000000
vt 0.119485 0.000000
vt 0.121324 1.000000
vt 0.120404 0.000000
vt 0.122243 1.000000
vt 0.121324 0.000000
vt 0.123162 1.000000
vt 0.122243 0.000000
vt 0.124081 1.000000
vt 0.123162 0.000000
vt 0.125000 1.000000
vt 0.124081 0.000000
vt 0.125919 1.000000
vt 0.126838 1.000000
vt 0.125919 0.000000
vt 0.127757 1.000000
vt 0.126838 0.000000
vt 0.128676 1.000000
vt 0.127757 0.000000
vt 0.129596 1.000000
vt 0.128676 0.000000
vt 0.130515 1.000000
vt 0.129596 0.000000
vt 0.131434 1.000000
vt 0.130515 0.000000
vt 0.132353 1.000000
vt 0.131434 0.000000
vt 0.133272 1.000000
vt 0.132353 0.000000
vt 0.134191 1.000000
vt 0.133272 0.000000
vt 0.135110 1.000000
vt 0.134191 0.000000
vt 0.136029 1.000000
vt 0.135110 0.000000
vt 0.136949 1.000000
vt 0.136029 0.000000
vt 0.137868 1.000000
vt 0.136949 0.000000
vt 0.138787 1.000000
vt 0.137868 0.000000
vt 0.139706 1.000000
vt 0.138787 0.000000
vt 0.140625 1.000000
vt 0.139706 0.000000
vt 0.141544 1.000000
vt 0.142463 1.000000
vt 0.141544 0.000000
vt 0.143382 1.000000
vt 0.142463 0.000000
vt 0.144301 1.000000
vt 0.143382 0.000000
vt 0.145221 1.000000
vt 0.144301 0.000000
vt 0.146140 1.000000
vt 0.145221 0.000000
vt 0.147059 1.000000
vt 0.146140 0.000000
vt 0.147978 1.000000
vt 0.147059 0.000000
vt 0.148897 1.000000
vt 0.147978 0.000000
vt 0.149816 1.000000
vt 0.148897 0.000000
vt 0.150735 1.000000
vt 0.149816 0.000000
vt 0.151654 1.000000
vt 0.150735 0.000000
vt 0.152574 1.000000
vt 0.151654 0.000000
vt 0.153493 1.000000
vt 0.152574 0.000000
vt 0.154412 1.000000
vt 0.153493 0.000000
vt 0.155331 1.000000
vt 0.154412 0.000000
vt 0.156250 1.000000
vt 0.155331 0.000000
vt 0.157169 1.000000
vt 0.158088 1.000000
vt 0.157169 0.000000
vt 0.159007 1.000000
vt 0.158088 0.000000
vt 0.159926 1.000000
vt 0.159007 0.000000
vt 0.160846 1.000000
vt 0.159926 0.000000
vt 0.161765 1.000000
vt 0.160846 0.000000
vt 0.162684 1.000000
vt 0.161765 0.000000
vt 0.163603 1.000000
vt 0.162684 0.000000
vt 0.164522 1.000000
vt 0.163603 0.000000
vt 0.165441 1.000000
vt 0.164522 0.000000
vt 0.166360 1.000000
vt 0.165441 0.000000
vt 0.167279 1.000000
vt 0.166360 0.000000
vt 0.168199 1.000000
vt 0.167279 0.000000
vt 0.169118 1.000000
vt 0.168199 0.000000
vt 0.170037 1.000000
vt 0.169118 0.000000
vt 0.170956 1.000000
vt 0.170037 0.000000
vt 0.171875 1.000000
vt 0.170956 0.000000
vt 0.172794 1.000000
vt 0.173713 1.000000
vt 0.172794 0.000000
vt 0.174632 1.000000
vt 0.173713 0.000000
vt 0.175551 1.000000
vt 0.174632 0.000000
vt 0.176471 1.000000
vt 0.175551 0.000000
vt 0.177390 1.000000
vt 0.176471 0.000000
vt 0.178309 1.000000
vt 0.177390 0.000000
vt 0.179228 1.000000
vt 0.178309 0.000000
vt 0.180147 1.000000
vt 0.179228 0.000000
vt 0.181066 1.000000
vt 0.180147 0.000000
vt 0.181985 1.000000
vt 0.181066 0.000000
vt 0.182904 1.000000
vt 0.181985 0.000000
vt 0.183824 1.000000
vt 0.182904 0.000000
vt 0.184743 1.000000
vt 0.183824 0.000000
vt 0.185662 1.000000
vt 0.184743 0.000000
vt 0.186581 1.000000
vt 0.185662 0.000000
vt 0.187500 1.000000
vt 0.186581 0.000000
vt 0.188419 1.000000
vt 0.189338 1.000000
vt 0.188419 0.000000
vt 0.190257 1.000000
vt 0.189338 0.000000
vt 0.191176 1.000000
vt 0.190257 0.000000
vt 0.192096 1.000000
vt 0.191176 0.000000
vt 0.193015 1.000000
vt 0.192096 0.000000
vt 0.193934 1.000000
vt 0.193015 0.000000
vt 0.194853 1.000000
vt 0.193934 0.000000
vt 0.195772 1.000000
vt 0.194853 0.000000
vt 0.196691 1.000000
vt 0.195772 0.000000
vt 0.197610 1.000000
vt 0.196691 0.000000
vt 0.198529 1.000000
vt 0.197610 0.000000
vt 0.199449 1.000000
vt 0.198529 0.000000
vt 0.200368 1.000000
vt 0.199449 0.000000
vt 0.201287 1.000000
vt 0.200368 0.000000
vt 0.202206 1.000000
vt 0.201287 0.000000
vt 0.203125 1.000000
vt 0.202206 0.000000
vt 0.204044 1.000000
vt 0.204963 1.000000
vt 0.204044 0.000000
vt 0.205882 1.000000
vt 0.204963 0.000000
vt 0.206801 1.000000
vt 0.205882 0.000000
vt 0.207721 1.000000
vt 0.206801 0.000000
vt 0.208640 1.000000
vt 0.207721 0.000000
vt 0.209559 1.000000
vt 0.208640 0.000000
vt 0.210478 1.000000
vt 0.209559 0.000000
vt 0.211397 1.000000
vt 0.210478 0.000000
vt 0.212316 1.000000
vt 0.211397 0.000000
vt 0.213235 1.000000
vt 0.212316 0.000000
vt 0.214154 1.000000
vt 0.213235 0.000000
vt 0.215074 1.000000
vt 0.214154 0.000000
vt 0.215993 1.000000
vt 0.215074 0.000000
vt 0.216912 1.000000
vt 0.215993 0.000000
vt 0.217831 1.000000
vt 0.216912 0.000000
vt 0.218750 1.000000
vt 0.217831 0.000000
vt 0.219669 1.000000
vt 0.220588 1.000000
vt 0.219669 0.000000
vt 0.221507 1.000000
vt 0.220588 0.000000
vt 0.222426 1.000000
vt 0.221507 0.000000
vt 0.223346 1.000000
vt 0.222426 0.000000
vt 0.224265 1.000000
vt 0.223346 0.000000
vt 0.225184 1.000000
vt 0.224265 0.000000
vt 0.226103 1.000000
vt 0.225184 0.000000
vt 0.227022 1.000000
vt 0.226103 0.000000
vt 0.227941 1.000000
vt 0.227022 0.000000
vt 0.228860 1.000000
vt 0.227941 0.000000
vt 0.229779 1.000000
vt 0.228860 0.000000
vt 0.230699 1.000000
vt 0.229779 0.000000
vt 0.231618 1.000000
vt 0.230699 0.000000
vt 0.232537 1.000000
vt 0.231618 0.000000
vt 0.233456 1.000000
vt 0.232537 0.000000
vt 0.234375 1.000000
vt 0.233456 0.000000
vt 0.235294 1.000000
vt 0.236213 1.000000
vt 0.235294 0.000000
vt 0.237132 1.000000
vt 0.236213 0.000000
vt 0.238051 1.000000
vt 0.237132 0.000000
vt 0.238971 1.000000
vt 0.238051 0.000000
vt 0.239890 1.000000
vt 0.238971 0.000000
vt 0.240809 1.000000
vt 0.239890 0.000000
vt 0.241728 1.000000
vt 0.240809 0.000000
vt 0.242647 1.000000
vt 0.241728 0.000000
vt 0.243566 1.000000
vt 0.242647 0.000000
vt 0.244485 1.000000
vt 0.243566 0.000000
vt 0.245404 1.000000
vt 0.244485 0.000000
vt 0.246324 1.000000
vt 0.245404 0.000000
vt 0.247243 1.000000
vt 0.246324 0.000000
vt 0.248162 1.000000
vt 0.247243 0.000000
vt 0.249081 1.000000
vt 0.248162 0.000000
vt 0.250000 1.000000
vt 0.249081 0.000000
vt 0.250919 1.000000
vt 0.251838 1.000000
vt 0.250919 0.000000
vt 0.252757 1.000000
vt 0.251838 0.000000
vt 0.253676 1.000000
vt 0.252757 0.000000
vt 0.254596 1.000000
vt 0.253676 0.000000
vt 0.255515 1.000000
vt 0.254596 0.000000
vt 0.256434 1.000000
vt 0.255515 0.000000
vt 0.257353 1.000000
vt 0.256434 0.000000
vt 0.258272 1.000000
vt 0.257353 0.000000
vt 0.259191 1.000000
vt 0.258272 0.000000
vt 0.260110 1.000000
vt 0.259191 0.000000
vt 0.261029 1.000000
vt 0.260110 0.000000
vt 0.261949 1.000000
vt 0.261029 0.000000
vt 0.262868 1.000000
vt 0.261949 0.000000
vt 0.263787 1.000000
vt 0.262868 0.000000
vt 0.264706 1.000000
vt 0.263787 0.000000
vt 0.265625 1.000000
vt 0.264706 0.000000
vt 0.266544 1.000000
vt 0.267463 1.000000
vt 0.266544 0.000000
vt 0.268382 1.000000
vt 0.267463 0.000000
vt 0.269301 1.000000
vt 0.268382 0.000000
vt 0.270221 1.000000
vt 0.269301 0.000000
vt 0.271140 1.000000
vt 0.270221 0.000000
vt 0.272059 1.000000
vt 0.271140 0.000000
vt 0.272978 1.000000
vt 0.272059 0.000000
vt 0.273897 1.000000
vt 0.272978 0.000000
vt 0.274816 1.000000
vt 0.273897 0.000000
vt 0.275735 1.000000
vt 0.274816 0.000000
vt 0.276654 1.000000
vt 0.275735 0.000000
vt 0.277574 1.000000
vt 0.276654 0.000000
vt 0.278493 1.000000
vt 0.277574 0.000000
vt 0.279412 1.000000
vt 0.278493 0.000000
vt 0.280331 1.000000
vt 0.279412 0.000000
vt 0.281250 1.000000
vt 0.280331 0.000000
vt 0.282169 1.000000
vt 0.283088 1.000000
vt 0.282169 0.000000
vt 0.284007 1.000000
vt 0.283088 0.000000
vt 0.284926 1.000000
vt 0.284007 0.000000
vt 0.285846 1.000000
vt 0.284926 0.000000
vt 0.286765 1.000000
vt 0.285846 0.000000
vt 0.287684 1.000000
vt 0.286765 0.000000
vt 0.288603 1.000000
vt 0.287684 0.000000
vt 0.289522 1.000000
vt 0.288603 0.000000
vt 0.290441 1.000000
vt 0.289522 0.000000
vt 0.291360 1.000000
vt 0.290441 0.000000
vt 0.292279 1.000000
vt 0.291360 0.000000
vt 0.293199 1.000000
vt 0.292279 0.000000
vt 0.294118 1.000000
vt 0.293199 0.000000
vt 0.295037 1.000000
vt 0.294118 0.000000
vt 0.295956 1.000000
vt 0.295037 0.000000
vt 0.296875 1.000000
vt 0.295956 0.000000
vt 0.297794 1.000000
vt 0.298713 1.000000
vt 0.297794 0.000000
vt 0.299632 1.000000
vt 0.298713 0.000000
vt 0.300551 1.000000
vt 0.299632 0.000000
vt 0.301471 1.000000
vt 0.300551 0.000000
vt 0.302390 1.000000
vt 0.301471 0.000000
vt 0.303309 1.000000
vt 0.302390 0.000000
vt 0.304228 1.000000
vt 0.303309 0.000000
vt 0.305147 1.000000
vt 0.304228 0.000000
vt 0.306066 1.000000
vt 0.305147 0.000000
vt 0.306985 1.000000
vt 0.306066 0.000000
vt 0.307904 1.000000
vt 0.306985 0.000000
vt 0.308824 1.000000
vt 0.307904 0.000000
vt 0.309743 1.000000
vt 0.308824 0.000000
vt 0.310662 1.000000
vt 0.309743 0.000000
vt 0.311581 1.000000
vt 0.310662 0.000000
vt 0.312500 1.000000
vt 0.311581 0.000000
vt 0.313419 1.000000
vt 0.314338 1.000000
vt 0.313419 0.000000
vt 0.315257 1.000000
vt 0.314338 0.000000
vt 0.316176 1.000000
vt 0.315257 0.000000
vt 0.317096 1.000000
vt 0.316176 0.000000
vt 0.318015 1.000000
vt 0.317096 0.000000
vt 0.318934 1.000000
vt 0.318015 0.000000
vt 0.319853 1.000000
vt 0.318934 0.000000
vt 0.320772 1.000000
vt 0.319853 0.000000
vt 0.321691 1.000000
vt 0.320772 0.000000
vt 0.322610 1.000000
vt 0.321691 0.000000
vt 0.323529 1.000000
vt 0.322610 0.000000
vt 0.324449 1.000000
vt 0.323529 0.000000
vt 0.325368 1.000000
vt 0.324449 0.000000
vt 0.326287 1.000000
vt 0.325368 0.000000
vt 0.327206 1.000000
vt 0.326287 0.000000
vt 0.328125 1.000000
vt 0.327206 0.000000
vt 0.329044 1.000000
vt 0.329963 1.000000
vt 0.329044 0.000000
vt 0.330882 1.000000
vt 0.329963 0.000000
vt 0.331801 1.000000
vt 0.330882 0.000000
vt 0.332721 1.000000
vt 0.331801 0.000000
vt 0.333640 1.000000
vt 0.332721 0.000000
vt 0.334559 1.000000
vt 0.333640 0.000000
vt 0.335478 1.000000
vt 0.334559 0.000000
vt 0.336397 1.000000
vt 0.335478 0.000000
vt 0.337316 1.000000
vt 0.336397 0.000000
vt 0.338235 1.000000
vt 0.337316 0.000000
vt 0.339154 1.000000
vt 0.338235 0.000000
vt 0.340074 1.000000
vt 0.339154 0.000000
vt 0.340993 1.000000
vt 0.340074 0.000000
vt 0.341912 1.000000
vt 0.340993 0.000000
vt 0.342831 1.000000
vt 0.341912 0.000000
vt 0.343750 1.000000
vt 0.342831 0.000000
vt 0.344669 1.000000
vt 0.345588 1.000000
vt 0.344669 0.000000
vt 0.346507 1.000000
vt 0.345588 0.000000
vt 0.347426 1.000000
vt 0.346507 0.000000
vt 0.348346 1.000000
vt 0.347426 0.000000
vt 0.349265 1.000000
vt 0.348346 0.000000
vt 0.350184 1.000000
vt 0.349265 0.000000
vt 0.351103 1.000000
vt 0.350184 0.000000
vt 0.352022 1.000000
vt 0.351103 0.000000
vt 0.352941 1.000000
vt 0.352022 0.000000
vt 0.353860 1.000000
vt 0.352941 0.000000
vt 0.354779 1.000000
vt 0.353860 0.000000
vt 0.355699 1.000000
vt 0.354779 0.000000
vt 0.356618 1.000000
vt 0.355699 0.000000
vt 0.357537 1.000000
vt 0.356618 0.000000
vt 0.358456 1.000000
vt 0.357537 0.000000
vt 0.359375 1.000000
vt 0.358456 0.000000
vt 0.360294 1.000000
vt 0.361213 1.000000
vt 0.360294 0.000000
vt 0.362132 1.000000
vt 0.361213 0.000000
vt 0.363051 1.000000
vt 0.362132 0.000000
vt 0.363971 1.000000
vt 0.363051 0.000000
vt 0.364890 1.000000
vt 0.363971 0.000000
vt 0.365809 1.000000
vt 0.364890 0.000000
vt 0.366728 1.000000
vt 0.365809 0.000000
vt 0.367647 1.000000
vt 0.366728 0.000000
vt 0.368566 1.000000
vt 0.367647 0.000000
vt 0.369485 1.000000
vt 0.368566 0.000000
vt 0.370404 1.000000
vt 0.369485 0.000000
vt 0.371324 1.000000
vt 0.370404 0.000000
vt 0.372243 1.000000
vt 0.371324 0.000000
vt 0.373162 1.000000
vt 0.372243 0.000000
vt 0.374081 1.000000
vt 0.373162 0.000000
vt 0.375000 1.000000
vt 0.374081 0.000000
vt 0.375919 1.000000
vt 0.376838 1.000000
vt 0.375919 0.000000
vt 0.377757 1.000000
vt 0.376838 0.000000
vt 0.378676 1.000000
vt 0.377757 0.000000
vt 0.379596 1.000000
vt 0.378676 0.000000
vt 0.380515 1.000000
vt 0.379596 0.000000
vt 0.381434 1.000000
vt 0.380515 0.000000
vt 0.382353 1.000000
vt 0.381434 0.000000
vt 0.383272 1.000000
vt 0.382353 0.000000
vt 0.384191 1.000000
vt 0.383272 0.000000
vt 0.385110 1.000000
vt 0.384191 0.000000
vt 0.386029 1.000000
vt 0.385110 0.000000
vt 0.386949 1.000000
vt 0.386029 0.000000
vt 0.387868 1.000000
vt 0.386949 0.000000
vt 0.388787 1.000000
vt 0.387868 0.000000
vt 0.389706 1.000000
vt 0.388787 0.000000
vt 0.390625 1.000000
vt 0.389706 0.000000
vt 0.391544 1.000000
vt 0.392463 1.000000
vt 0.391544 0.000000
vt 0.393382 1.000000
vt 0.392463 0.000000
vt 0.394301 1.000000
vt 0.393382 0.000000
vt 0.395221 1.000000
vt 0.394301 0.000000
vt 0.396140 1.000000
vt 0.395221 0.000000
vt 0.397059 1.000000
vt 0.396140 0.000000
vt 0.397978 1.000000
vt 0.397059 0.000000
vt 0.398897 1.000000
vt 0.397978 0.000000
vt 0.399816 1.000000
vt 0.398897 0.000000
vt 0.400735 1.000000
vt 0.399816 0.000000
vt 0.401654 1.000000
vt 0.400735 0.000000
vt 0.402574 1.000000
vt 0.401654 0.000000
vt 0.403493 1.000000
vt 0.402574 0.000000
vt 0.404412 1.000000
vt 0.403493 0.000000
vt 0.405331 1.000000
vt 0.404412 0.000000
vt 0.406250 1.000000
vt 0.405331 0.000000
vt 0.407169 1.000000
vt 0.408088 1.000000
vt 0.407169 0.000000
vt 0.409007 1.000000
vt 0.408088 0.000000
vt 0.409926 1.000000
vt 0.409007 0.000000
vt 0.410846 1.000000
vt 0.409926 0.000000
vt 0.411765 1.000000
vt 0.410846 0.000000
vt 0.412684 1.000000
vt 0.411765 0.000000
vt 0.413603 1.000000
vt 0.412684 0.000000
vt 0.414522 1.000000
vt 0.413603 0.000000
vt 0.415441 1.000000
vt 0.414522 0.000000
vt 0.416360 1.000000
vt 0.415441 0.000000
vt 0.417279 1.000000
vt 0.416360 0.000000
vt 0.418199 1.000000
vt 0.417279 0.000000
vt 0.419118 1.000000
vt 0.418199 0.000000
vt 0.420037 1.000000
vt 0.419118 0.000000
vt 0.420956 1.000000
vt 0.420037 0.000000
vt 0.421875 1.000000
vt 0.420956 0.000000
vt 0.422794 1.000000
vt 0.423713 1.000000
vt 0.422794 0.000000
vt 0.424632 1.000000
vt 0.423713 0.000000
vt 0.425551 1.000000
vt 0.424632 0.000000
vt 0.426471 1.000000
vt 0.425551 0.000000
vt 0.427390 1.000000
vt 0.426471 0.000000
vt 0.428309 1.000000
vt 0.427390 0.000000
vt 0.429228 1.000000
vt 0.428309 0.000000
vt 0.430147 1.000000
vt 0.429228 0.000000
vt 0.431066 1.000000
vt 0.430147 0.000000
vt 0.431985 1.000000
vt 0.431066 0.000000
vt 0.432904 1.000000
vt 0.431985 0.000000
vt 0.433824 1.000000
vt 0.432904 0.000000
vt 0.434743 1.000000
vt 0.433824 0.000000
vt 0.435662 1.000000
vt 0.434743 0.000000
vt 0.436581 1.000000
vt 0.435662 0.000000
vt 0.437500 1.000000
vt 0.436581 0.000000
vt 0.438419 1.000000
vt 0.439338 1.000000
vt 0.438419 0.000000
vt 0.440257 1.000000
vt 0.439338 0.000000
vt 0.441176 1.000000
vt 0.440257 0.000000
vt 0.442096 1.000000
vt 0.441176 0.000000
vt 0.443015 1.000000
vt 0.442096 0.000000
vt 0.443934 1.000000
vt 0.443015 0.000000
vt 0.444853 1.000000
vt 0.443934 0.000000
vt 0.445772 1.000000
vt 0.444853 0.000000
vt 0.446691 1.000000
vt 0.445772 0.000000
vt 0.447610 1.000000
vt 0.446691 0.000000
vt 0.448529 1.000000
vt 0.447610 0.000000
vt 0.449449 1.000000
vt 0.448529 0.000000
vt 0.450368 1.000000
vt 0.449449 0.000000
vt 0.451287 1.000000
vt 0.450368 0.000000
vt 0.452206 1.000000
vt 0.451287 0.000000
vt 0.453125 1.000000
vt 0.452206 0.000000
vt 0.454044 1.000000
vt 0.454963 1.000000
vt 0.454044 0.000000
vt 0.455882 1.000000
vt 0.454963 0.000000
vt 0.456801 1.000000
vt 0.455882 0.000000
vt 0.457721 1.000000
vt 0.456801 0.000000
vt 0.458640 1.000000
vt 0.457721 0.000000
vt 0.459559 1.000000
vt 0.458640 0.000000
vt 0.460478 1.000000
vt 0.459559 0.000000
vt 0.461397 1.000000
vt 0.460478 0.000000
vt 0.462316 1.000000
vt 0.461397 0.000000
vt 0.463235 1.000000
vt 0.462316 0.000000
vt 0.464154 1.000000
vt 0.463235 0.000000
vt 0.465074 1.000000
vt 0.464154 0.000000
vt 0.465993 1.000000
vt 0.465074 0.000000
vt 0.466912 1.000000
vt 0.465993 0.000000
vt 0.467831 1.000000
vt 0.466912 0.000000
vt 0.468750 1.000000
vt 0.467831 0.000000
vt 0.469669 1.000000
vt 0.470588 1.000000
vt 0.469669 0.000000
vt 0.471507 1.000000
vt 0.470588 0.000000
vt 0.472426 1.000000
vt 0.471507 0.000000
vt 0.473346 1.000000
vt 0.472426 0.000000
vt 0.474265 1.000000
vt 0.473346 0.000000
vt 0.475184 1.000000
vt 0.474265 0.000000
vt 0.476103 1.000000
vt 0.475184 0.000000
vt 0.477022 1.000000
vt 0.476103 0.000000
vt 0.477941 1.000000
vt 0.477022 0.000000
vt 0.478860 1.000000
vt 0.477941 0.000000
vt 0.479779 1.000000
vt 0.478860 0.000000
vt 0.480699 1.000000
vt 0.479779 0.000000
vt 0.481618 1.000000
vt 0.480699 0.000000
vt 0.482537 1.000000
vt 0.481618 0.000000
vt 0.483456 1.000000
vt 0.482537 0.000000
vt 0.484375 1.000000
vt 0.483456 0.000000
vt 0.485294 1.000000
vt 0.486213 1.000000
vt 0.485294 0.000000
vt 0.487132 1.000000
vt 0.486213 0.000000
vt 0.488051 1.000000
vt 0.487132 0.000000
vt 0.488971 1.000000
vt 0.488051 0.000000
vt 0.489890 1.000000
vt 0.488971 0.000000
vt 0.490809 1.000000
vt 0.489890 0.000000
vt 0.491728 1.000000
vt 0.490809 0.000000
vt 0.492647 1.000000
vt 0.491728 0.000000
vt 0.493566 1.000000
vt 0.492647 0.000000
vt 0.494485 1.000000
vt 0.493566 0.000000
vt 0.495404 1.000000
vt 0.494485 0.000000
vt 0.496324 1.000000
vt 0.495404 0.000000
vt 0.497243 1.000000
vt 0.496324 0.000000
vt 0.498162 1.000000
vt 0.497243 0.000000
vt 0.499081 1.000000
vt 0.498162 0.000000
vt 0.500000 1.000000
vt 0.499081 0.000000
vt 0.500919 1.000000
vt 0.501838 1.000000
vt 0.500919 0.000000
vt 0.502757 1.000000
vt 0.501838 0.000000
vt 0.503676 1.000000
vt 0.502757 0.000000
vt 0.504596 1.000000
vt 0.503676 0.000000
vt 0.505515 1.000000
vt 0.504596 0.000000
vt 0.506434 1.000000
vt 0.505515 0.000000
vt 0.507353 1.000000
vt 0.506434 0.000000
vt 0.508272 1.000000
vt 0.507353 0.000000
vt 0.509191 1.000000
vt 0.508272 0.000000
vt 0.510110 1.000000
vt 0.509191 0.000000
vt 0.511029 1.000000
vt 0.510110 0.000000
vt 0.511949 1.000000
vt 0.511029 0.000000
vt 0.512868 1.000000
vt 0.511949 0.000000
vt 0.513787 1.000000
vt 0.512868 0.000000
vt 0.514706 1.000000
vt 0.513787 0.000000
vt 0.515625 1.000000
vt 0.514706 0.000000
vt 0.516544 1.000000
vt 0.517463 1.000000
vt 0.516544 0.000000
vt 0.518382 1.000000
vt 0.517463 0.000000
vt 0.519301 1.000000
vt 0.518382 0.000000
vt 0.520221 1.000000
vt 0.519301 0.000000
vt 0.521140 1.000000
vt 0.520221 0.000000
vt 0.522059 1.000000
vt 0.521140 0.000000
vt 0.522978 1.000000
vt 0.522059 0.000000
vt 0.523897 1.000000
vt 0.522978 0.000000
vt 0.524816 1.000000
vt 0.523897 0.000000
vt 0.525735 1.000000
vt 0.524816 0.000000
vt 0.526654 1.000000
vt 0.525735 0.000000
vt 0.527574 1.000000
vt 0.526654 0.000000
vt 0.528493 1.000000
vt 0.527574 0.000000
vt 0.529412 1.000000
vt 0.528493 0.000000
vt 0.530331 1.000000
vt 0.529412 0.000000
vt 0.531250 1.000000
vt 0.530331 0.000000
vt 0.532169 1.000000
vt 0.533088 1.000000
vt 0.532169 0.000000
vt 0.534007 1.000000
vt 0.533088 0.000000
vt 0.534926 1.000000
vt 0.534007 0.000000
vt 0.535846 1.000000
vt 0.534926 0.000000
vt 0.536765 1.000000
vt 0.535846 0.000000
vt 0.537684 1.000000
vt 0.536765 0.000000
vt 0.538603 1.000000
vt 0.537684 0.000000
vt 0.539522 1.000000
vt 0.538603 0.000000
vt 0.540441 1.000000
vt 0.539522 0.000000
vt 0.541360 1.000000
vt 0.540441 0.000000
vt 0.542279 1.000000
vt 0.541360 0.000000
vt 0.543199 1.000000
vt 0.542279 0.000000
vt 0.544118 1.000000
vt 0.543199 0.000000
vt 0.545037 1.000000
vt 0.544118 0.000000
vt 0.545956 1.000000
vt 0.545037 0.000000
vt 0.546875 1.000000
vt 0.545956 0.000000
vt 0.547794 1.000000
vt 0.548713 1.000000
vt 0.547794 0.000000
vt 0.549632 1.000000
vt 0.548713 0.000000
vt 0.550551 1.000000
vt 0.549632 0.000000
vt 0.551471 1.000000
vt 0.550551 0.000000
vt 0.552390 1.000000
vt 0.551471 0.000000
vt 0.553309 1.000000
vt 0.552390 0.000000
vt 0.554228 1.000000
vt 0.553309 0.000000
vt 0.555147 1.000000
vt 0.554228 0.000000
vt 0.556066 1.000000
vt 0.555147 0.000000
vt 0.556985 1.000000
vt 0.556066 0.000000
vt 0.557904 1.000000
vt 0.556985 0.000000
vt 0.558824 1.000000
vt 0.557904 0.000000
vt 0.559743 1.000000
vt 0.558824 0.000000
vt 0.560662 1.000000
vt 0.559743 0.000000
vt 0.561581 1.000000
vt 0.560662 0.000000
vt 0.562500 1.000000
vt 0.561581 0.000000
vt 0.563419 1.000000
vt 0.564338 1.000000
vt 0.563419 0.000000
vt 0.565257 1.000000
vt 0.564338 0.000000
vt 0.566176 1.000000
vt 0.565257 0.000000
vt 0.567096 1.000000
vt 0.566176 0.000000
vt 0.568015 1.000000
vt 0.567096 0.000000
vt 0.568934 1.000000
vt 0.568015 0.000000
vt 0.569853 1.000000
vt 0.568934 0.000000
vt 0.570772 1.000000
vt 0.569853 0.000000
vt 0.571691 1.000000
vt 0.570772 0.000000
vt 0.572610 1.000000
vt 0.571691 0.000000
vt 0.573529 1.000000
vt 0.572610 0.000000
vt 0.574449 1.000000
vt 0.573529 0.000000
vt 0.575368 1.000000
vt 0.574449 0.000000
vt 0.576287 1.000000
vt 0.575368 0.000000
vt 0.577206 1.000000
vt 0.576287 0.000000
vt 0.578125 1.000000
vt 0.577206 0.000000
vt 0.579044 1.000000
vt 0.579963 1.000000
vt 0.579044 0.000000
vt 0.580882 1.000000
vt 0.579963 0.000000
vt 0.581801 1.000000
vt 0.580882 0.000000
vt 0.582721 1.000000
vt 0.581801 0.000000
vt 0.583640 1.000000
vt 0.582721 0.000000
vt 0.584559 1.000000
vt 0.583640 0.000000
vt 0.585478 1.000000
vt 0.584559 0.000000
vt 0.586397 1.000000
vt 0.585478 0.000000
vt 0.587316 1.000000
vt 0.586397 0.000000
vt 0.588235 1.000000
vt 0.587316 0.000000
vt 0.589154 1.000000
vt 0.588235 0.000000
vt 0.590074 1.000000
vt 0.589154 0.000000
vt 0.590993 1.000000
vt 0.590074 0.000000
vt 0.591912 1.000000
vt 0.590993 0.000000
vt 0.592831 1.000000
vt 0.591912 0.000000
vt 0.593750 1.000000
vt 0.592831 0.000000
vt 0.594669 1.000000
vt 0.595588 1.000000
vt 0.594669 0.000000
vt 0.596507 1.000000
vt 0.595588 0.000000
vt 0.597426 1.000000
vt 0.596507 0.000000
vt 0.598346 1.000000
vt 0.597426 0.000000
vt 0.599265 1.000000
vt 0.598346 0.000000
vt 0.600184 1.000000
vt 0.599265 0.000000
vt 0.601103 1.000000
vt 0.600184 0.000000
vt 0.602022 1.000000
vt 0.601103 0.000000
vt 0.602941 1.000000
vt 0.602022 0.000000
vt 0.603860 1.000000
vt 0.602941 0.000000
vt 0.604779 1.000000
vt 0.603860 0.000000
vt 0.605699 1.000000
vt 0.604779 0.000000
vt 0.606618 1.000000
vt 0.605699 0.000000
vt 0.607537 1.000000
vt 0.606618 0.000000
vt 0.608456 1.000000
vt 0.607537 0.000000
vt 0.609375 1.000000
vt 0.608456 0.000000
vt 0.610294 1.000000
vt 0.611213 1.000000
vt 0.610294 0.000000
vt 0.612132 1.000000
vt 0.611213 0.000000
vt 0.613051 1.000000
vt 0.612132 0.000000
vt 0.613971 1.000000
vt 0.613051 0.000000
vt 0.614890 1.000000
vt 0.613971 0.000000
vt 0.615809 1.000000
vt 0.614890 0.000000
vt 0.616728 1.000000
vt 0.615809 0.000000
vt 0.617647 1.000000
vt 0.616728 0.000000
vt 0.618566 1.000000
vt 0.617647 0.000000
vt 0.619485 1.000000
vt 0.618566 0.000000
vt 0.620404 1.000000
vt 0.619485 0.000000
vt 0.621324 1.000000
vt 0.620404 0.000000
vt 0.622243 1.000000
vt 0.621324 0.000000
vt 0.623162 1.000000
vt 0.622243 0.000000
vt 0.624081 1.000000
vt 0.623162 0.000000
vt 0.625000 1.000000
vt 0.624081 0.000000
vt 0.625919 1.000000
vt 0.626838 1.000000
vt 0.625919 0.000000
vt 0.627757 1.000000
vt 0.626838 0.000000
vt 0.628676 1.000000
vt 0.627757 0.000000
vt 0.629596 1.000000
vt 0.628676 0.000000
vt 0.630515 1.000000
vt 0.629596 0.000000
vt 0.631434 1.000000
vt 0.630515 0.000000
vt 0.632353 1.000000
vt 0.631434 0.000000
vt 0.633272 1.000000
vt 0.632353 0.000000
vt 0.634191 1.000000
vt 0.633272 0.000000
vt 0.635110 1.000000
vt 0.634191 0.000000
vt 0.636029 1.000000
vt 0.635110 0.000000
vt 0.636949 1.000000
vt 0.636029 0.000000
vt 0.637868 1.000000
vt 0.636949 0.000000
vt 0.638787 1.000000
vt 0.637868 0.000000
vt 0.639706 1.000000
vt 0.638787 0.000000
vt 0.640625 1.000000
vt 0.639706 0.000000
vt 0.641544 1.000000
vt 0.642463 1.000000
vt 0.641544 0.000000
vt 0.643382 1.000000
vt 0.642463 0.000000
vt 0.644301 1.000000
vt 0.643382 0.000000
vt 0.645221 1.000000
vt 0.644301 0.000000
vt 0.646140 1.000000
vt 0.645221 0.000000
vt 0.647059 1.000000
vt 0.646140 0.000000
vt 0.647978 1.000000
vt 0.647059 0.000000
vt 0.648897 1.000000
vt 0.647978 0.000000
vt 0.649816 1.000000
vt 0.648897 0.000000
vt 0.650735 1.000000
vt 0.649816 0.000000
vt 0.651654 1.000000
vt 0.650735 0.000000
vt 0.652574 1.000000
vt 0.651654 0.000000
vt 0.653493 1.000000
vt 0.652574 0.000000
vt 0.654412 1.000000
vt 0.653493 0.000000
vt 0.655331 1.000000
vt 0.654412 0.000000
vt 0.656250 1.000000
vt 0.655331 0.000000
vt 0.657169 1.000000
vt 0.658088 1.000000
vt 0.657169 0.000000
vt 0.659007 1.000000
vt 0.658088 0.000000
vt 0.659926 1.000000
vt 0.659007 0.000000
vt 0.660846 1.000000
vt 0.659926 0.000000
vt 0.661765 1.000000
vt 0.660846 0.000000
vt 0.662684 1.000000
vt 0.661765 0.000000
vt 0.663603 1.000000
vt 0.662684 0.000000
vt 0.664522 1.000000
vt 0.663603 0.000000
vt 0.665441 1.000000
vt 0.664522 0.000000
vt 0.666360 1.000000
vt 0.665441 0.000000
vt 0.667279 1.000000
vt 0.666360 0.000000
vt 0.668199 1.000000
vt 0.667279 0.000000
vt 0.669118 1.000000
vt 0.668199 0.000000
vt 0.670037 1.000000
vt 0.669118 0.000000
vt 0.670956 1.000000
vt 0.670037 0.000000
vt 0.671875 1.000000
vt 0.670956 0.000000
vt 0.672794 1.000000
vt 0.673713 1.000000
vt 0.672794 0.000000
vt 0.674632 1.000000
vt 0.673713 0.000000
vt 0.675551 1.000000
vt 0.674632 0.000000
vt 0.676471 1.000000
vt 0.675551 0.000000
vt 0.677390 1.000000
vt 0.676471 0.000000
vt 0.678309 1.000000
vt 0.677390 0.000000
vt 0.679228 1.000000
vt 0.678309 0.000000
vt 0.680147 1.000000
vt 0.679228 0.000000
vt 0.681066 1.000000
vt 0.680147 0.000000
vt 0.681985 1.000000
vt 0.681066 0.000000
vt 0.682904 1.000000
vt 0.681985 0.000000
vt 0.683824 1.000000
vt 0.682904 0.000000
vt 0.684743 1.000000
vt 0.683824 0.000000
vt 0.685662 1.000000
vt 0.684743 0.000000
vt 0.686581 1.000000
vt 0.685662 0.000000
vt 0.687500 1.000000
vt 0.686581 0.000000
vt 0.688419 1.000000
vt 0.689338 1.000000
vt 0.688419 0.000000
vt 0.690257 1.000000
vt 0.689338 0.000000
vt 0.691176 1.000000
vt 0.690257 0.000000
vt 0.692096 1.000000
vt 0.691176 0.000000
vt 0.693015 1.000000
vt 0.692096 0.000000
vt 0.693934 1.000000
vt 0.693015 0.000000
vt 0.694853 1.000000
vt 0.693934 0.000000
vt 0.695772 1.000000
vt 0.694853 0.000000
vt 0.696691 1.000000
vt 0.695772 0.000000
vt 0.697610 1.000000
vt 0.696691 0.000000
vt 0.698529 1.000000
vt 0.697610 0.000000
vt 0.699449 1.000000
vt 0.698529 0.000000
vt 0.700368 1.000000
vt 0.699449 0.000000
vt 0.701287 1.000000
vt 0.700368 0.000000
vt 0.702206 1.000000
vt 0.701287 0.000000
vt 0.703125 1.000000
vt 0.702206 0.000000
vt 0.704044 1.000000
vt 0.704963 1.000000
vt 0.704044 0.000000
vt 0.705882 1.000000
vt 0.704963 0.000000
vt 0.706801 1.000000
vt 0.705882 0.000000
vt 0.707721 1.000000
vt 0.706801 0.000000
vt 0.708640 1.000000
vt 0.707721 0.000000
vt 0.709559 1.000000
vt 0.708640 0.000000
vt 0.710478 1.000000
vt 0.709559 0.000000
vt 0.711397 1.000000
vt 0.710478 0.000000
vt 0.712316 1.000000
vt 0.711397 0.000000
vt 0.713235 1.000000
vt 0.712316 0.000000
vt 0.714154 1.000000
vt 0.713235 0.000000
vt 0.715074 1.000000
vt 0.714154 0.000000
vt 0.715993 1.000000
vt 0.715074 0.000000
vt 0.716912 1.000000
vt 0.715993 0.000000
vt 0.717831 1.000000
vt 0.716912 0.000000
vt 0.718750 1.000000
vt 0.717831 0.000000
vt 0.719669 1.000000
vt 0.720588 1.000000
vt 0.719669 0.000000
vt 0.721507 1.000000
vt 0.720588 0.000000
vt 0.722426 1.000000
vt 0.721507 0.000000
vt 0.723346 1.000000
vt 0.722426 0.000000
vt 0.724265 1.000000
vt 0.723346 0.000000
vt 0.725184 1.000000
vt 0.724265 0.000000
vt 0.726103 1.000000
vt 0.725184 0.000000
vt 0.727022 1.000000
vt 0.726103 0.000000
vt 0.727941 1.000000
vt 0.727022 0.000000
vt 0.728860 1.000000
vt 0.727941 0.000000
vt 0.729779 1.000000
vt 0.728860 0.000000
vt 0.730699 1.000000
vt 0.729779 0.000000
vt 0.731618 1.000000
vt 0.730699 0.000000
vt 0.732537 1.000000
vt 0.731618 0.000000
vt 0.733456 1.000000
vt 0.732537 0.000000
vt 0.734375 1.000000
vt 0.733456 0.000000
vt 0.735294 1.000000
vt 0.736213 1.000000
vt 0.735294 0.000000
vt 0.737132 1.000000
vt 0.736213 0.000000
vt 0.738051 1.000000
vt 0.737132 0.000000
vt 0.738971 1.000000
vt 0.738051 0.000000
vt 0.739890 1.000000
vt 0.738971 0.000000
vt 0.740809 1.000000
vt 0.739890 0.000000
vt 0.741728 1.000000
vt 0.740809 0.000000
vt 0.742647 1.000000
vt 0.741728 0.000000
vt 0.743566 1.000000
vt 0.742647 0.000000
vt 0.744485 1.000000
vt 0.743566 0.000000
vt 0.745404 1.000000
vt 0.744485 0.000000
vt 0.746324 1.000000
vt 0.745404 0.000000
vt 0.747243 1.000000
vt 0.746324 0.000000
vt 0.748162 1.000000
vt 0.747243 0.000000
vt 0.749081 1.000000
vt 0.748162 0.000000
vt 0.750000 1.000000
vt 0.749081 0.000000
vt 0.750919 1.000000
vt 0.751838 1.000000
vt 0.750919 0.000000
vt 0.752757 1.000000
vt 0.751838 0.000000
vt 0.753676 1.000000
vt 0.752757 0.000000
vt 0.754596 1.000000
vt 0.753676 0.000000
vt 0.755515 1.000000
vt 0.754596 0.000000
vt 0.756434 1.000000
vt 0.755515 0.000000
vt 0.757353 1.000000
vt 0.756434 0.000000
vt 0.758272 1.000000
vt 0.757353 0.000000
vt 0.759191 1.000000
vt 0.758272 0.000000
vt 0.760110 1.000000
vt 0.759191 0.000000
vt 0.761029 1.000000
vt 0.760110 0.000000
vt 0.761949 1.000000
vt 0.761029 0.000000
vt 0.762868 1.000000
vt 0.761949 0.000000
vt 0.763787 1.000000
vt 0.762868 0.000000
vt 0.764706 1.000000
vt 0.763787 0.000000
vt 0.765625 1.000000
vt 0.764706 0.000000
vt 0.766544 1.000000
vt 0.767463 1.000000
vt 0.766544 0.000000
vt 0.768382 1.000000
vt 0.767463 0.000000
vt 0.769301 1.000000
vt 0.768382 0.000000
vt 0.770221 1.000000
vt 0.769301 0.000000
vt 0.771140 1.000000
vt 0.770221 0.000000
vt 0.772059 1.000000
vt 0.771140 0.000000
vt 0.772978 1.000000
vt 0.772059 0.000000
vt 0.773897 1.000000
vt 0.772978 0.000000
vt 0.774816 1.000000
vt 0.773897 0.000000
vt 0.775735 1.000000
vt 0.774816 0.000000
vt 0.776654 1.000000
vt 0.775735 0.000000
vt 0.777574 1.000000
vt 0.776654 0.000000
vt 0.778493 1.000000
vt 0.777574 0.000000
vt 0.779412 1.000000
vt 0.778493 0.000000
vt 0.780331 1.000000
vt 0.779412 0.000000
vt 0.781250 1.000000
vt 0.780331 0.000000
vt 0.782169 1.000000
vt 0.783088 1.000000
vt 0.782169 0.000000
vt 0.784007 1.000000
vt 0.783088 0.000000
vt 0.784926 1.000000
vt 0.784007 0.000000
vt 0.785846 1.000000
vt 0.784926 0.000000
vt 0.786765 1.000000
vt 0.785846 0.000000
vt 0.787684 1.000000
vt 0.786765 0.000000
vt 0.788603 1.000000
vt 0.787684 0.000000
vt 0.789522 1.000000
vt 0.788603 0.000000
vt 0.790441 1.000000
vt 0.789522 0.000000
vt 0.791360 1.000000
vt 0.790441 0.000000
vt 0.792279 1.000000
vt 0.791360 0.000000
vt 0.793199 1.000000
vt 0.792279 0.000000
vt 0.794118 1.000000
vt 0.793199 0.000000
vt 0.795037 1.000000
vt 0.794118 0.000000
vt 0.795956 1.000000
vt 0.795037 0.000000
vt 0.796875 1.000000
vt 0.795956 0.000000
vt 0.797794 1.000000
vt 0.798713 1.000000
vt 0.797794 0.000000
vt 0.799632 1.000000
vt 0.798713 0.000000
vt 0.800551 1.000000
vt 0.799632 0.000000
vt 0.801471 1.000000
vt 0.800551 0.000000
vt 0.802390 1.000000
vt 0.801471 0.000000
vt 0.803309 1.000000
vt 0.802390 0.000000
vt 0.804228 1.000000
vt 0.803309 0.000000
vt 0.805147 1.000000
vt 0.804228 0.000000
vt 0.806066 1.000000
vt 0.805147 0.000000
vt 0.806985 1.000000
vt 0.806066 0.000000
vt 0.807904 1.000000
vt 0.806985 0.000000
vt 0.808824 1.000000
vt 0.807904 0.000000
vt 0.809743 1.000000
vt 0.808824 0.000000
vt 0.810662 1.000000
vt 0.809743 0.000000
vt 0.811581 1.000000
vt 0.810662 0.000000
vt 0.812500 1.000000
vt 0.811581 0.000000
vt 0.813419 1.000000
vt 0.814338 1.000000
vt 0.813419 0.000000
vt 0.815257 1.000000
vt 0.814338 0.000000
vt 0.816176 1.000000
vt 0.815257 0.000000
vt 0.817096 1.000000
vt 0.816176 0.000000
vt 0.818015 1.000000
vt 0.817096 0.000000
vt 0.818934 1.000000
vt 0.818015 0.000000
vt 0.819853 1.000000
vt 0.818934 0.000000
vt 0.820772 1.000000
vt 0.819853 0.000000
vt 0.821691 1.000000
vt 0.820772 0.000000
vt 0.822610 1.000000
vt 0.821691 0.000000
vt 0.823529 1.000000
vt 0.822610 0.000000
vt 0.824449 1.000000
vt 0.823529 0.000000
vt 0.825368 1.000000
vt 0.824449 0.000000
vt 0.826287 1.000000
vt 0.825368 0.000000
vt 0.827206 1.000000
vt 0.826287 0.000000
vt 0.828125 1.000000
vt 0.827206 0.000000
vt 0.829044 1.000000
vt 0.829963 1.000000
vt 0.829044 0.000000
vt 0.830882 1.000000
vt 0.829963 0.000000
vt 0.831801 1.000000
vt 0.830882 0.000000
vt 0.832721 1.000000
vt 0.831801 0.000000
vt 0.833640 1.000000
vt 0.832721 0.000000
vt 0.834559 1.000000
vt 0.833640 0.000000
vt 0.835478 1.000000
vt 0.834559 0.000000
vt 0.836397 1.000000
vt 0.835478 0.000000
vt 0.837316 1.000000
vt 0.836397 0.000000
vt 0.838235 1.000000
vt 0.837316 0.000000
vt 0.839154 1.000000
vt 0.838235 0.000000
vt 0.840074 1.000000
vt 0.839154 0.000000
vt 0.840993 1.000000
vt 0.840074 0.000000
vt 0.841912 1.000000
vt 0.840993 0.000000
vt 0.842831 1.000000
vt 0.841912 0.000000
vt 0.843750 1.000000
vt 0.842831 0.000000
vt 0.844669 1.000000
vt 0.845588 1.000000
vt 0.844669 0.000000
vt 0.846507 1.000000
vt 0.845588 0.000000
vt 0.847426 1.000000
vt 0.846507 0.000000
vt 0.848346 1.000000
vt 0.847426 0.000000
vt 0.849265 1.000000
vt 0.848346 0.000000
vt 0.850184 1.000000
vt 0.849265 0.000000
vt 0.851103 1.000000
vt 0.850184 0.000000
vt 0.852022 1.000000
vt 0.851103 0.000000
vt 0.852941 1.000000
vt 0.852022 0.000000
vt 0.853860 1.000000
vt 0.852941 0.000000
vt 0.854779 1.000000
vt 0.853860 0.000000
vt 0.855699 1.000000
vt 0.854779 0.000000
vt 0.856618 1.000000
vt 0.855699 0.000000
vt 0.857537 1.000000
vt 0.856618 0.000000
vt 0.858456 1.000000
vt 0.857537 0.000000
vt 0.859375 1.000000
vt 0.858456 0.000000
vt 0.860294 1.000000
vt 0.861213 1.000000
vt 0.860294 0.000000
vt 0.862132 1.000000
vt 0.861213 0.000000
vt 0.863051 1.000000
vt 0.862132 0.000000
vt 0.863971 1.000000
vt 0.863051 0.000000
vt 0.864890 1.000000
vt 0.863971 0.000000
vt 0.865809 1.000000
vt 0.864890 0.000000
vt 0.866728 1.000000
vt 0.865809 0.000000
vt 0.867647 1.000000
vt 0.866728 0.000000
vt 0.868566 1.000000
vt 0.867647 0.000000
vt 0.869485 1.000000
vt 0.868566 0.000000
vt 0.870404 1.000000
vt 0.869485 0.000000
vt 0.871324 1.000000
vt 0.870404 0.000000
vt 0.872243 1.000000
vt 0.871324 0.000000
vt 0.873162 1.000000
vt 0.872243 0.000000
vt 0.874081 1.000000
vt 0.873162 0.000000
vt 0.875000 1.000000
vt 0.874081 0.000000
vt 0.875919 1.000000
vt 0.876838 1.000000
vt 0.875919 0.000000
vt 0.877757 1.000000
vt 0.876838 0.000000
vt 0.878676 1.000000
vt 0.877757 0.000000
vt 0.879596 1.000000
vt 0.878676 0.000000
vt 0.880515 1.000000
vt 0.879596 0.000000
vt 0.881434 1.000000
vt 0.880515 0.000000
vt 0.882353 1.000000
vt 0.881434 0.000000
vt 0.883272 1.000000
vt 0.882353 0.000000
vt 0.884191 1.000000
vt 0.883272 0.000000
vt 0.885110 1.000000
vt 0.884191 0.000000
vt 0.886029 1.000000
vt 0.885110 0.000000
vt 0.886949 1.000000
vt 0.886029 0.000000
vt 0.887868 1.000000
vt 0.886949 0.000000
vt 0.888787 1.000000
vt 0.887868 0.000000
vt 0.889706 1.000000
vt 0.888787 0.000000
vt 0.890625 1.000000
vt 0.889706 0.000000
vt 0.891544 1.000000
vt 0.892463 1.000000
vt 0.891544 0.000000
vt 0.893382 1.000000
vt 0.892463 0.000000
vt 0.894301 1.000000
vt 0.893382 0.000000
vt 0.895221 1.000000
vt 0.894301 0.000000
vt 0.896140 1.000000
vt 0.895221 0.000000
vt 0.897059 1.000000
vt 0.896140 0.000000
vt 0.897978 1.000000
vt 0.897059 0.000000
vt 0.898897 1.000000
vt 0.897978 0.000000
vt 0.899816 1.000000
vt 0.898897 0.000000
vt 0.900735 1.000000
vt 0.899816 0.000000
vt 0.901654 1.000000
vt 0.900735 0.000000
vt 0.902574 1.000000
vt 0.901654 0.000000
vt 0.903493 1.000000
vt 0.902574 0.000000
vt 0.904412 1.000000
vt 0.903493 0.000000
vt 0.905331 1.000000
vt 0.904412 0.000000
vt 0.906250 1.000000
vt 0.905331 0.000000
vt 0.907169 1.000000
vt 0.908088 1.000000
vt 0.907169 0.000000
vt 0.909007 1.000000
vt 0.908088 0.000000
vt 0.909926 1.000000
vt 0.909007 0.000000
vt 0.910846 1.000000
vt 0.909926 0.000000
vt 0.911765 1.000000
vt 0.910846 0.000000
vt 0.912684 1.000000
vt 0.911765 0.000000
vt 0.913603 1.000000
vt 0.912684 0.000000
vt 0.914522 1.000000
vt 0.913603 0.000000
vt 0.915441 1.000000
vt 0.914522 0.000000
vt 0.916360 1.000000
vt 0.915441 0.000000
vt 0.917279 1.000000
vt 0.916360 0.000000
vt 0.918199 1.000000
vt 0.917279 0.000000
vt 0.919118 1.000000
vt 0.918199 0.000000
vt 0.920037 1.000000
vt 0.919118 0.000000
vt 0.920956 1.000000
vt 0.920037 0.000000
vt 0.921875 1.000000
vt 0.920956 0.000000
vt 0.922794 1.000000
vt 0.923713 1.000000
vt 0.922794 0.000000
vt 0.924632 1.000000
vt 0.923713 0.000000
vt 0.925551 1.000000
vt 0.924632 0.000000
vt 0.926471 1.000000
vt 0.925551 0.000000
vt 0.927390 1.000000
vt 0.926471 0.000000
vt 0.928309 1.000000
vt 0.927390 0.000000
vt 0.929228 1.000000
vt 0.928309 0.000000
vt 0.930147 1.000000
vt 0.929228 0.000000
vt 0.931066 1.000000
vt 0.930147 0.000000
vt 0.931985 1.000000
vt 0.931066 0.000000
vt 0.932904 1.000000
vt 0.931985 0.000000
vt 0.933824 1.000000
vt 0.932904 0.000000
vt 0.934743 1.000000
vt 0.933824 0.000000
vt 0.935662 1.000000
vt 0.934743 0.000000
vt 0.936581 1.000000
vt 0.935662 0.000000
vt 0.937500 1.000000
vt 0.936581 0.000000
vt 0.938419 1.000000
vt 0.939338 1.000000
vt 0.938419 0.000000
vt 0.940257 1.000000
vt 0.939338 0.000000
vt 0.941176 1.000000
vt 0.940257 0.000000
vt 0.942096 1.000000
vt 0.941176 0.000000
vt 0.943015 1.000000
vt 0.942096 0.000000
vt 0.943934 1.000000
vt 0.943015 0.000000
vt 0.944853 1.000000
vt 0.943934 0.000000
vt 0.945772 1.000000
vt 0.944853 0.000000
vt 0.946691 1.000000
vt 0.945772 0.000000
vt 0.947610 1.000000
vt 0.946691 0.000000
vt 0.948529 1.000000
vt 0.947610 0.000000
vt 0.949449 1.000000
vt 0.948529 0.000000
vt 0.950368 1.000000
vt 0.949449 0.000000
vt 0.951287 1.000000
vt 0.950368 0.000000
vt 0.952206 1.000000
vt 0.951287 0.000000
vt 0.953125 1.000000
vt 0.952206 0.000000
vt 0.954044 1.000000
vt 0.954963 1.000000
vt 0.954044 0.000000
vt 0.955882 1.000000
vt 0.954963 0.000000
vt 0.956801 1.000000
vt 0.955882 0.000000
vt 0.957721 1.000000
vt 0.956801 0.000000
vt 0.958640 1.000000
vt 0.957721 0.000000
vt 0.959559 1.000000
vt 0.958640 0.000000
vt 0.960478 1.000000
vt 0.959559 0.000000
vt 0.961397 1.000000
vt 0.960478 0.000000
vt 0.962316 1.000000
vt 0.961397 0.000000
vt 0.963235 1.000000
vt 0.962316 0.000000
vt 0.964154 1.000000
vt 0.963235 0.000000
vt 0.965074 1.000000
vt 0.964154 0.000000
vt 0.965993 1.000000
vt 0.965074 0.000000
vt 0.966912 1.000000
vt 0.965993 0.000000
vt 0.967831 1.000000
vt 0.966912 0.000000
vt 0.968750 1.000000
vt 0.967831 0.000000
vt 0.969669 1.000000
vt 0.970588 1.000000
vt 0.969669 0.000000
vt 0.971507 1.000000
vt 0.970588 0.000000
vt 0.972426 1.000000
vt 0.971507 0.000000
vt 0.973346 1.000000
vt 0.972426 0.000000
vt 0.974265 1.000000
vt 0.973346 0.000000
vt 0.975184 1.000000
vt 0.974265 0.000000
vt 0.976103 1.000000
vt 0.975184 0.000000
vt 0.977022 1.000000
vt 0.976103 0.000000
vt 0.977941 1.000000
vt 0.977022 0.000000
vt 0.978860 1.000000
vt 0.977941 0.000000
vt 0.979779 1.000000
vt 0.978860 0.000000
vt 0.980699 1.000000
vt 0.979779 0.000000
vt 0.981618 1.000000
vt 0.980699 0.000000
vt 0.982537 1.000000
vt 0.981618 0.000000
vt 0.983456 1.000000
vt 0.982537 0.000000
vt 0.984375 1.000000
vt 0.983456 0.000000
vt 0.985294 1.000000
vt 0.986213 1.000000
vt 0.985294 0.000000
vt 0.987132 1.000000
vt 0.986213 0.000000
vt 0.988051 1.000000
vt 0.987132 0.000000
vt 0.988971 1.000000
vt 0.988051 0.000000
vt 0.989890 1.000000
vt 0.988971 0.000000
vt 0.990809 1.000000
vt 0.989890 0.000000
vt 0.991728 1.000000
vt 0.990809 0.000000
vt 0.992647 1.000000
vt 0.991728 0.000000
vt 0.993566 1.000000
vt 0.992647 0.000000
vt 0.994485 1.000000
vt 0.993566 0.000000
vt 0.995404 1.000000
vt 0.994485 0.000000
vt 0.996324 1.000000
vt 0.995404 0.000000
vt 0.997243 1.000000
vt 0.996324 0.000000
vt 0.998162 1.000000
vt 0.997243 0.000000
vt 0.999081 1.000000
vt 0.998162 0.000000
vt 1.000000 1.000000
vt 0.999081 0.000000
vt 0.000651 1.000000
vt 0.001301 1.000000
vt 0.000651 0.000000
vt 0.001952 1.000000
vt 0.001301 0.000000
vt 0.002602 1.000000
vt 0.001952 0.000000
vt 0.003253 1.000000
vt 0.002602 0.000000
vt 0.003904 1.000000
vt 0.003253 0.000000
vt 0.004554 1.000000
vt 0.003904 0.000000
vt 0.005205 1.000000
vt 0.004554 0.000000
vt 0.005856 1.000000
vt 0.005205 0.000000
vt 0.006506 1.000000
vt 0.005856 0.000000
vt 0.007157 1.000000
vt 0.006506 0.000000
vt 0.007807 1.000000
vt 0.007157 0.000000
vt 0.008458 1.000000
vt 0.007807 0.000000
vt 0.009109 1.000000
vt 0.008458 0.000000
vt 0.009759 1.000000
vt 0.009109 0.000000
vt 0.010410 1.000000
vt 0.009759 0.000000
vt 0.011061 1.000000
vt 0.010410 0.000000
vt 0.011711 1.000000
vt 0.011061 0.000000
vt 0.012362 1.000000
vt 0.011711 0.000000
vt 0.013012 1.000000
vt 0.012362 0.000000
vt 0.013663 1.000000
vt 0.013012 0.000000
vt 0.014314 1.000000
vt 0.013663 0.000000
vt 0.014964 1.000000
vt 0.014314 0.000000
vt 0.015615 1.000000
vt 0.014964 0.000000
vt 0.016265 1.000000
vt 0.015615 0.000000
vt 0.016916 1.000000
vt 0.016265 0.000000
vt 0.017567 1.000000
vt 0.016916 0.000000
vt 0.018217 1.000000
vt 0.017567 0.000000
vt 0.018868 1.000000
vt 0.018217 0.000000
vt 0.019519 1.000000
vt 0.018868 0.000000
vt 0.020169 1.000000
vt 0.019519 0.000000
vt 0.020820 1.000000
vt 0.020169 0.000000
vt 0.021470 1.000000
vt 0.020820 0.000000
vt 0.022121 1.000000
vt 0.021470 0.000000
vt 0.022772 1.000000
vt 0.022121 0.000000
vt 0.023422 1.000000
vt 0.022772 0.000000
vt 0.024073 1.000000
vt 0.023422 0.000000
vt 0.024723 1.000000
vt 0.024073 0.000000
vt 0.025374 1.000000
vt 0.024723 0.000000
vt 0.026025 1.000000
vt 0.025374 0.000000
vt 0.026675 1.000000
vt 0.026025 0.000000
vt 0.027326 1.000000
vt 0.026675 0.000000
vt 0.027977 1.000000
vt 0.027326 0.000000
vt 0.028627 1.000000
vt 0.027977 0.000000
vt 0.029278 1.000000
vt 0.028627 0.000000
vt 0.029928 1.000000
vt 0.029278 0.000000
vt 0.030579 1.000000
vt 0.029928 0.000000
vt 0.031230 1.000000
vt 0.030579 0.000000
vt 0.031880 1.000000
vt 0.031230 0.000000
vt 0.032531 1.000000
vt 0.031880 0.000000
vt 0.033182 1.000000
vt 0.032531 0.000000
vt 0.033832 1.000000
vt 0.033182 0.000000
vt 0.034483 1.000000
vt 0.033832 0.000000
vt 0.035133 1.000000
vt 0.034483 0.000000
vt 0.035784 1.000000
vt 0.035133 0.000000
vt 0.036435 1.000000
vt 0.035784 0.000000
vt 0.037085 1.000000
vt 0.036435 0.000000
vt 0.037736 1.000000
vt 0.037085 0.000000
vt 0.038386 1.000000
vt 0.037736 0.000000
vt 0.039037 1.000000
vt 0.038386 0.000000
vt 0.039688 1.000000
vt 0.039037 0.000000
vt 0.040338 1.000000
vt 0.039688 0.000000
vt 0.040989 1.000000
vt 0.040338 0.000000
vt 0.041640 1.000000
vt 0.040989 0.000000
vt 0.042290 1.000000
vt 0.041640 0.000000
vt 0.042941 1.000000
vt 0.042290 0.000000
vt 0.043591 1.000000
vt 0.042941 0.000000
vt 0.044242 1.000000
vt 0.043591 0.000000
vt 0.044893 1.000000
vt 0.044242 0.000000
vt 0.045543 1.000000
vt 0.044893 0.000000
vt 0.046194 1.000000
vt 0.045543 0.000000
vt 0.046845 1.000000
vt 0.046194 0.000000
vt 0.047495 1.000000
vt 0.046845 0.000000
vt 0.048146 1.000000
vt 0.047495 0.000000
vt 0.048796 1.000000
vt 0.048146 0.000000
vt 0.049447 1.000000
vt 0.048796 0.000000
vt 0.050098 1.000000
vt 0.049447 0.000000
vt 0.050748 1.000000
vt 0.050098 0.000000
vt 0.051399 1.000000
vt 0.050748 0.000000
vt 0.052049 1.000000
vt 0.051399 0.000000
vt 0.052700 1.000000
vt 0.052049 0.000000
vt 0.053351 1.000000
vt 0.052700 0.000000
vt 0.054001 1.000000
vt 0.053351 0.000000
vt 0.054652 1.000000
vt 0.054001 0.000000
vt 0.055303 1.000000
vt 0.054652 0.000000
vt 0.055953 1.000000
vt 0.055303 0.000000
vt 0.056604 1.000000
vt 0.055953 0.000000
vt 0.057254 1.000000
vt 0.056604 0.000000
vt 0.057905 1.000000
vt 0.057254 0.000000
vt 0.058556 1.000000
vt 0.057905 0.000000
vt 0.059206 1.000000
vt 0.058556 0.000000
vt 0.059857 1.000000
vt 0.059206 0.000000
vt 0.060507 1.000000
vt 0.059857 0.000000
vt 0.061158 1.000000
vt 0.060507 0.000000
vt 0.061809 1.000000
vt 0.061158 0.000000
vt 0.062459 1.000000
vt 0.061809 0.000000
vt 0.063110 1.000000
vt 0.062459 0.000000
vt 0.063761 1.000000
vt 0.063110 0.000000
vt 0.064411 1.000000
vt 0.063761 0.000000
vt 0.065062 1.000000
vt 0.064411 0.000000
vt 0.065712 1.000000
vt 0.065062 0.000000
vt 0.066363 1.000000
vt 0.065712 0.000000
vt 0.067014 1.000000
vt 0.066363 0.000000
vt 0.067664 1.000000
vt 0.067014 0.000000
vt 0.068315 1.000000
vt 0.067664 0.000000
vt 0.068966 1.000000
vt 0.068315 0.000000
vt 0.069616 1.000000
vt 0.068966 0.000000
vt 0.070267 1.000000
vt 0.069616 0.000000
vt 0.070917 1.000000
vt 0.070267 0.000000
vt 0.071568 1.000000
vt 0.070917 0.000000
vt 0.072219 1.000000
vt 0.071568 0.000000
vt 0.072869 1.000000
vt 0.072219 0.000000
vt 0.073520 1.000000
vt 0.072869 0.000000
vt 0.074170 1.000000
vt 0.073520 0.000000
vt 0.074821 1.000000
vt 0.074170 0.000000
vt 0.075472 1.000000
vt 0.074821 0.000000
vt 0.076122 1.000000
vt 0.075472 0.000000
vt 0.076773 1.000000
vt 0.076122 0.000000
vt 0.077424 1.000000
vt 0.076773 0.000000
vt 0.078074 1.000000
vt 0.077424 0.000000
vt 0.078725 1.000000
vt 0.078074 0.000000
vt 0.079375 1.000000
vt 0.078725 0.000000
vt 0.080026 1.000000
vt 0.079375 0.000000
vt 0.080677 1.000000
vt 0.080026 0.000000
vt 0.081327 1.000000
vt 0.080677 0.000000
vt 0.081978 1.000000
vt 0.081327 0.000000
vt 0.082628 1.000000
vt 0.081978 0.000000
vt 0.083279 1.000000
vt 0.082628 0.000000
vt 0.083930 1.000000
vt 0.083279 0.000000
vt 0.084580 1.000000
vt 0.083930 0.000000
vt 0.085231 1.000000
vt 0.084580 0.000000
vt 0.085882 1.000000
vt 0.085231 0.000000
vt 0.086532 1.000000
vt 0.085882 0.000000
vt 0.087183 1.000000
vt 0.086532 0.000000
vt 0.087833 1.000000
vt 0.087183 0.000000
vt 0.088484 1.000000
vt 0.087833 0.000000
vt 0.089135 1.000000
vt 0.088484 0.000000
vt 0.089785 1.000000
vt 0.089135 0.000000
vt 0.090436 1.000000
vt 0.089785 0.000000
vt 0.091087 1.000000
vt 0.090436 0.000000
vt 0.091737 1.000000
vt 0.091087 0.000000
vt 0.092388 1.000000
vt 0.091737 0.000000
vt 0.093038 1.000000
vt 0.092388 0.000000
vt 0.093689 1.000000
vt 0.093038 0.000000
vt 0.094340 1.000000
vt 0.093689 0.000000
vt 0.094990 1.000000
vt 0.094340 0.000000
vt 0.095641 1.000000
vt 0.094990 0.000000
vt 0.096291 1.000000
vt 0.095641 0.000000
vt 0.096942 1.000000
vt 0.096291 0.000000
vt 0.097593 1.000000
vt 0.096942 0.000000
vt 0.098243 1.000000
vt 0.097593 0.000000
vt 0.098894 1.000000
vt 0.098243 0.000000
vt 0.099545 1.000000
vt 0.098894 0.000000
vt 0.100195 1.000000
vt 0.099545 0.000000
vt 0.100846 1.000000
vt 0.100195 0.000000
vt 0.101496 1.000000
vt 0.100846 0.000000
vt 0.102147 1.000000
vt 0.101496 0.000000
vt 0.102798 1.000000
vt 0.102147 0.000000
vt 0.103448 1.000000
vt 0.102798 0.000000
vt 0.104099 1.000000
vt 0.103448 0.000000
vt 0.104750 1.000000
vt 0.104099 0.000000
vt 0.105400 1.000000
vt 0.104750 0.000000
vt 0.106051 1.000000
vt 0.105400 0.000000
vt 0.106701 1.000000
vt 0.106051 0.000000
vt 0.107352 1.000000
vt 0.106701 0.000000
vt 0.108003 1.000000
vt 0.107352 0.000000
vt 0.108653 1.000000
vt 0.108003 0.000000
vt 0.109304 1.000000
vt 0.108653 0.000000
vt 0.109954 1.000000
vt 0.109304 0.000000
vt 0.110605 1.000000
vt 0.109954 0.000000
vt 0.111256 1.000000
vt 0.110605 0.000000
vt 0.111906 1.000000
vt 0.111256 0.000000
vt 0.112557 1.000000
vt 0.111906 0.000000
vt 0.113208 1.000000
vt 0.112557 0.000000
vt 0.113858 1.000000
vt 0.113208 0.000000
vt 0.114509 1.000000
vt 0.113858 0.000000
vt 0.115159 1.000000
vt 0.114509 0.000000
vt 0.115810 1.000000
vt 0.115159 0.000000
vt 0.116461 1.000000
vt 0.115810 0.000000
vt 0.117111 1.000000
vt 0.116461 0.000000
vt 0.117762 1.000000
vt 0.117111 0.000000
vt 0.118412 1.000000
vt 0.117762 0.000000
vt 0.119063 1.000000
vt 0.118412 0.000000
vt 0.119714 1.000000
vt 0.119063 0.000000
vt 0.120364 1.000000
vt 0.119714 0.000000
vt 0.121015 1.000000
vt 0.120364 0.000000
vt 0.121666 1.000000
vt 0.121015 0.000000
vt 0.122316 1.000000
vt 0.121666 0.000000
vt 0.122967 1.000000
vt 0.122316 0.000000
vt 0.123617 1.000000
vt 0.122967 0.000000
vt 0.124268 1.000000
vt 0.123617 0.000000
vt 0.124919 1.000000
vt 0.124268 0.000000
vt 0.125569 1.000000
vt 0.124919 0.000000
vt 0.126220 1.000000
vt 0.125569 0.000000
vt 0.126871 1.000000
vt 0.126220 0.000000
vt 0.127521 1.000000
vt 0.126871 0.000000
vt 0.128172 1.000000
vt 0.127521 0.000000
vt 0.128822 1.000000
vt 0.128172 0.000000
vt 0.129473 1.000000
vt 0.128822 0.000000
vt 0.130124 1.000000
vt 0.129473 0.000000
vt 0.130774 1.000000
vt 0.130124 0.000000
vt 0.131425 1.000000
vt 0.130774 0.000000
vt 0.132075 1.000000
vt 0.131425 0.000000
vt 0.132726 1.000000
vt 0.132075 0.000000
vt 0.133377 1.000000
vt 0.132726 0.000000
vt 0.134027 1.000000
vt 0.133377 0.000000
vt 0.134678 1.000000
vt 0.134027 0.000000
vt 0.135329 1.000000
vt 0.134678 0.000000
vt 0.135979 1.000000
vt 0.135329 0.000000
vt 0.136630 1.000000
vt 0.135979 0.000000
vt 0.137280 1.000000
vt 0.136630 0.000000
vt 0.137931 1.000000
vt 0.137280 0.000000
vt 0.138582 1.000000
vt 0.137931 0.000000
vt 0.139232 1.000000
vt 0.138582 0.000000
vt 0.139883 1.000000
vt 0.139232 0.000000
vt 0.140534 1.000000
vt 0.139883 0.000000
vt 0.141184 1.000000
vt 0.140534 0.000000
vt 0.141835 1.000000
vt 0.141184 0.000000
vt 0.142485 1.000000
vt 0.141835 0.000000
vt 0.143136 1.000000
vt 0.142485 0.000000
vt 0.143787 1.000000
vt 0.143136 0.000000
vt 0.144437 1.000000
vt 0.143787 0.000000
vt 0.145088 1.000000
vt 0.144437 0.000000
vt 0.145738 1.000000
vt 0.145088 0.000000
vt 0.146389 1.000000
vt 0.145738 0.000000
vt 0.147040 1.000000
vt 0.146389 0.000000
vt 0.147690 1.000000
vt 0.147040 0.000000
vt 0.148341 1.000000
vt 0.147690 0.000000
vt 0.148992 1.000000
vt 0.148341 0.000000
vt 0.149642 1.000000
vt 0.148992 0.000000
vt 0.150293 1.000000
vt 0.149642 0.000000
vt 0.150943 1.000000
vt 0.150293 0.000000
vt 0.151594 1.000000
vt 0.150943 0.000000
vt 0.152245 1.000000
vt 0.151594 0.000000
vt 0.152895 1.000000
vt 0.152245 0.000000
vt 0.153546 1.000000
vt 0.152895 0.000000
vt 0.154196 1.000000
vt 0.153546 0.000000
vt 0.154847 1.000000
vt 0.154196 0.000000
vt 0.155498 1.000000
vt 0.154847 0.000000
vt 0.156148 1.000000
vt 0.155498 0.000000
vt 0.156799 1.000000
vt 0.156148 0.000000
vt 0.157450 1.000000
vt 0.156799 0.000000
vt 0.158100 1.000000
vt 0.157450 0.000000
vt 0.158751 1.000000
vt 0.158100 0.000000
vt 0.159401 1.000000
vt 0.158751 0.000000
vt 0.160052 1.000000
vt 0.159401 0.000000
vt 0.160703 1.000000
vt 0.160052 0.000000
vt 0.161353 1.000000
vt 0.160703 0.000000
vt 0.162004 1.000000
vt 0.161353 0.000000
vt 0.162655 1.000000
vt 0.162004 0.000000
vt 0.163305 1.000000
vt 0.162655 0.000000
vt 0.163956 1.000000
vt 0.163305 0.000000
vt 0.164606 1.000000
vt 0.163956 0.000000
vt 0.165257 1.000000
vt 0.164606 0.000000
vt 0.165908 1.000000
vt 0.165257 0.000000
vt 0.166558 1.000000
vt 0.165908 0.000000
vt 0.167209 1.000000
vt 0.166558 0.000000
vt 0.167859 1.000000
vt 0.167209 0.000000
vt 0.168510 1.000000
vt 0.167859 0.000000
vt 0.169161 1.000000
vt 0.168510 0.000000
vt 0.169811 1.000000
vt 0.169161 0.000000
vt 0.170462 1.000000
vt 0.169811 0.000000
vt 0.171113 1.000000
vt 0.170462 0.000000
vt 0.171763 1.000000
vt 0.171113 0.000000
vt 0.172414 1.000000
vt 0.171763 0.000000
vt 0.173064 1.000000
vt 0.172414 0.000000
vt 0.173715 1.000000
vt 0.173064 0.000000
vt 0.174366 1.000000
vt 0.173715 0.000000
vt 0.175016 1.000000
vt 0.174366 0.000000
vt 0.175667 1.000000
vt 0.175016 0.000000
vt 0.176317 1.000000
vt 0.175667 0.000000
vt 0.176968 1.000000
vt 0.176317 0.000000
vt 0.177619 1.000000
vt 0.176968 0.000000
vt 0.178269 1.000000
vt 0.177619 0.000000
vt 0.178920 1.000000
vt 0.178269 0.000000
vt 0.179571 1.000000
vt 0.178920 0.000000
vt 0.180221 1.000000
vt 0.179571 0.000000
vt 0.180872 1.000000
vt 0.180221 0.000000
vt 0.181522 1.000000
vt 0.180872 0.000000
vt 0.182173 1.000000
vt 0.181522 0.000000
vt 0.182824 1.000000
vt 0.182173 0.000000
vt 0.183474 1.000000
vt 0.182824 0.000000
vt 0.184125 1.000000
vt 0.183474 0.000000
vt 0.184776 1.000000
vt 0.184125 0.000000
vt 0.185426 1.000000
vt 0.184776 0.000000
vt 0.186077 1.000000
vt 0.185426 0.000000
vt 0.186727 1.000000
vt 0.186077 0.000000
vt 0.187378 1.000000
vt 0.186727 0.000000
vt 0.188029 1.000000
vt 0.187378 0.000000
vt 0.188679 1.000000
vt 0.188029 0.000000
vt 0.189330 1.000000
vt 0.188679 0.000000
vt 0.189980 1.000000
vt 0.189330 0.000000
vt 0.190631 1.000000
vt 0.189980 0.000000
vt 0.191282 1.000000
vt 0.190631 0.000000
vt 0.191932 1.000000
vt 0.191282 0.000000
vt 0.192583 1.000000
vt 0.191932 0.000000
vt 0.193234 1.000000
vt 0.192583 0.000000
vt 0.193884 1.000000
vt 0.193234 0.000000
vt 0.194535 1.000000
vt 0.193884 0.000000
vt 0.195185 1.000000
vt 0.194535 0.000000
vt 0.195836 1.000000
vt 0.195185 0.000000
vt 0.196487 1.000000
vt 0.195836 0.000000
vt 0.197137 1.000000
vt 0.196487 0.000000
vt 0.197788 1.000000
vt 0.197137 0.000000
vt 0.198439 1.000000
vt 0.197788 0.000000
vt 0.199089 1.000000
vt 0.198439 0.000000
vt 0.199740 1.000000
vt 0.199089 0.000000
vt 0.200390 1.000000
vt 0.199740 0.000000
vt 0.201041 1.000000
vt 0.200390 0.000000
vt 0.201692 1.000000
vt 0.201041 0.000000
vt 0.202342 1.000000
vt 0.201692 0.000000
vt 0.202993 1.000000
vt 0.202342 0.000000
vt 0.203643 1.000000
vt 0.202993 0.000000
vt 0.204294 1.000000
vt 0.203643 0.000000
vt 0.204945 1.000000
vt 0.204294 0.000000
vt 0.205595 1.000000
vt 0.204945 0.000000
vt 0.206246 1.000000
vt 0.205595 0.000000
vt 0.206897 1.000000
vt 0.206246 0.000000
vt 0.207547 1.000000
vt 0.206897 0.000000
vt 0.208198 1.000000
vt 0.207547 0.000000
vt 0.208848 1.000000
vt 0.208198 0.000000
vt 0.209499 1.000000
vt 0.208848 0.000000
vt 0.210150 1.000000
vt 0.209499 0.000000
vt 0.210800 1.000000
vt 0.210150 0.000000
vt 0.211451 1.000000
vt 0.210800 0.000000
vt 0.212101 1.000000
vt 0.211451 0.000000
vt 0.212752 1.000000
vt 0.212101 0.000000
vt 0.213403 1.000000
vt 0.212752 0.000000
vt 0.214053 1.000000
vt 0.213403 0.000000
vt 0.214704 1.000000
vt 0.214053 0.000000
vt 0.215355 1.000000
vt 0.214704 0.000000
vt 0.216005 1.000000
vt 0.215355 0.000000
vt 0.216656 1.000000
vt 0.216005 0.000000
vt 0.217306 1.000000
vt 0.216656 0.000000
vt 0.217957 1.000000
vt 0.217306 0.000000
vt 0.218608 1.000000
vt 0.217957 0.000000
vt 0.219258 1.000000
vt 0.218608 0.000000
vt 0.219909 1.000000
vt 0.219258 0.000000
vt 0.220560 1.000000
vt 0.219909 0.000000
vt 0.221210 1.000000
vt 0.220560 0.000000
vt 0.221861 1.000000
vt 0.221210 0.000000
vt 0.222511 1.000000
vt 0.221861 0.000000
vt 0.223162 1.000000
vt 0.222511 0.000000
vt 0.223813 1.000000
vt 0.223162 0.000000
vt 0.224463 1.000000
vt 0.223813 0.000000
vt 0.225114 1.000000
vt 0.224463 0.000000
vt 0.225764 1.000000
vt 0.225114 0.000000
vt 0.226415 1.000000
vt 0.225764 0.000000
vt 0.227066 1.000000
vt 0.226415 0.000000
vt 0.227716 1.000000
vt 0.227066 0.000000
vt 0.228367 1.000000
vt 0.227716 0.000000
vt 0.229018 1.000000
vt 0.228367 0.000000
vt 0.229668 1.000000
vt 0.229018 0.000000
vt 0.230319 1.000000
vt 0.229668 0.000000
vt 0.230969 1.000000
vt 0.230319 0.000000
vt 0.231620 1.000000
vt 0.230969 0.000000
vt 0.232271 1.000000
vt 0.231620 0.000000
vt 0.232921 1.000000
vt 0.232271 0.000000
vt 0.233572 1.000000
vt 0.232921 0.000000
vt 0.234223 1.000000
vt 0.233572 0.000000
vt 0.234873 1.000000
vt 0.234223 0.000000
vt 0.235524 1.000000
vt 0.234873 0.000000
vt 0.236174 1.000000
vt 0.235524 0.000000
vt 0.236825 1.000000
vt 0.236174 0.000000
vt 0.237476 1.000000
vt 0.236825 0.000000
vt 0.238126 1.000000
vt 0.237476 0.000000
vt 0.238777 1.000000
vt 0.238126 0.000000
vt 0.239427 1.000000
vt 0.238777 0.000000
vt 0.240078 1.000000
vt 0.239427 0.000000
vt 0.240729 1.000000
vt 0.240078 0.000000
vt 0.241379 1.000000
vt 0.240729 0.000000
vt 0.242030 1.000000
vt 0.241379 0.000000
vt 0.242681 1.000000
vt 0.242030 0.000000
vt 0.243331 1.000000
vt 0.242681 0.000000
vt 0.243982 1.000000
vt 0.243331 0.000000
vt 0.244632 1.000000
vt 0.243982 0.000000
vt 0.245283 1.000000
vt 0.244632 0.000000
vt 0.245934 1.000000
vt 0.245283 0.000000
vt 0.246584 1.000000
vt 0.245934 0.000000
vt 0.247235 1.000000
vt 0.246584 0.000000
vt 0.247885 1.000000
vt 0.247235 0.000000
vt 0.248536 1.000000
vt 0.247885 0.000000
vt 0.249187 1.000000
vt 0.248536 0.000000
vt 0.249837 1.000000
vt 0.249187 0.000000
vt 0.250488 1.000000
vt 0.249837 0.000000
vt 0.251139 1.000000
vt 0.250488 0.000000
vt 0.251789 1.000000
vt 0.251139 0.000000
vt 0.252440 1.000000
vt 0.251789 0.000000
vt 0.253090 1.000000
vt 0.252440 0.000000
vt 0.253741 1.000000
vt 0.253090 0.000000
vt 0.254392 1.000000
vt 0.253741 0.000000
vt 0.255042 1.000000
vt 0.254392 0.000000
vt 0.255693 1.000000
vt 0.255042 0.000000
vt 0.256344 1.000000
vt 0.255693 0.000000
vt 0.256994 1.000000
vt 0.256344 0.000000
vt 0.257645 1.000000
vt 0.256994 0.000000
vt 0.258295 1.000000
vt 0.257645 0.000000
vt 0.258946 1.000000
vt 0.258295 0.000000
vt 0.259597 1.000000
vt 0.258946 0.000000
vt 0.260247 1.000000
vt 0.259597 0.000000
vt 0.260898 1.000000
vt 0.260247 0.000000
vt 0.261548 1.000000
vt 0.260898 0.000000
vt 0.262199 1.000000
vt 0.261548 0.000000
vt 0.262850 1.000000
vt 0.262199 0.000000
vt 0.263500 1.000000
vt 0.262850 0.000000
vt 0.264151 1.000000
vt 0.263500 0.000000
vt 0.264802 1.000000
vt 0.264151 0.000000
vt 0.265452 1.000000
vt 0.264802 0.000000
vt 0.266103 1.000000
vt 0.265452 0.000000
vt 0.266753 1.000000
vt 0.266103 0.000000
vt 0.267404 1.000000
vt 0.266753 0.000000
vt 0.268055 1.000000
vt 0.267404 0.000000
vt 0.268705 1.000000
vt 0.268055 0.000000
vt 0.269356 1.000000
vt 0.268705 0.000000
vt 0.270007 1.000000
vt 0.269356 0.000000
vt 0.270657 1.000000
vt 0.270007 0.000000
vt 0.271308 1.000000
vt 0.270657 0.000000
vt 0.271958 1.000000
vt 0.271308 0.000000
vt 0.272609 1.000000
vt 0.271958 0.000000
vt 0.273260 1.000000
vt 0.272609 0.000000
vt 0.273910 1.000000
vt 0.273260 0.000000
vt 0.274561 1.000000
vt 0.273910 0.000000
vt 0.275211 1.000000
vt 0.274561 0.000000
vt 0.275862 1.000000
vt 0.275211 0.000000
vt 0.276513 1.000000
vt 0.275862 0.000000
vt 0.277163 1.000000
vt 0.276513 0.000000
vt 0.277814 1.000000
vt 0.277163 0.000000
vt 0.278465 1.000000
vt 0.277814 0.000000
vt 0.279115 1.000000
vt 0.278465 0.000000
vt 0.279766 1.000000
vt 0.279115 0.000000
vt 0.280416 1.000000
vt 0.279766 0.000000
vt 0.281067 1.000000
vt 0.280416 0.000000
vt 0.281718 1.000000
vt 0.281067 0.000000
vt 0.282368 1.000000
vt 0.281718 0.000000
vt 0.283019 1.000000
vt 0.282368 0.000000
vt 0.283669 1.000000
vt 0.283019 0.000000
vt 0.284320 1.000000
vt 0.283669 0.000000
vt 0.284971 1.000000
vt 0.284320 0.000000
vt 0.285621 1.000000
vt 0.284971 0.000000
vt 0.286272 1.000000
vt 0.285621 0.000000
vt 0.286923 1.000000
vt 0.286272 0.000000
vt 0.287573 1.000000
vt 0.286923 0.000000
vt 0.288224 1.000000
vt 0.287573 0.000000
vt 0.288874 1.000000
vt 0.288224 0.000000
vt 0.289525 1.000000
vt 0.288874 0.000000
vt 0.290176 1.000000
vt 0.289525 0.000000
vt 0.290826 1.000000
vt 0.290176 0.000000
vt 0.291477 1.000000
vt 0.290826 0.000000
vt 0.292128 1.000000
vt 0.291477 0.000000
vt 0.292778 1.000000
vt 0.292128 0.000000
vt 0.293429 1.000000
vt 0.292778 0.000000
vt 0.294079 1.000000
vt 0.293429 0.000000
vt 0.294730 1.000000
vt 0.294079 0.000000
vt 0.295381 1.000000
vt 0.294730 0.000000
vt 0.296031 1.000000
vt 0.295381 0.000000
vt 0.296682 1.000000
vt 0.296031 0.000000
vt 0.297332 1.000000
vt 0.296682 0.000000
vt 0.297983 1.000000
vt 0.297332 0.000000
vt 0.298634 1.000000
vt 0.297983 0.000000
vt 0.299284 1.000000
vt 0.298634 0.000000
vt 0.299935 1.000000
vt 0.299284 0.000000
vt 0.300586 1.000000
vt 0.299935 0.000000
vt 0.301236 1.000000
vt 0.300586 0.000000
vt 0.301887 1.000000
vt 0.301236 0.000000
vt 0.302537 1.000000
vt 0.301887 0.000000
vt 0.303188 1.000000
vt 0.302537 0.000000
vt 0.303839 1.000000
vt 0.303188 0.000000
vt 0.304489 1.000000
vt 0.303839 0.000000
vt 0.305140 1.000000
vt 0.304489 0.000000
vt 0.305791 1.000000
vt 0.305140 0.000000
vt 0.306441 1.000000
vt 0.305791 0.000000
vt 0.307092 1.000000
vt 0.306441 0.000000
vt 0.307742 1.000000
vt 0.307092 0.000000
vt 0.308393 1.000000
vt 0.307742 0.000000
vt 0.309044 1.000000
vt 0.308393 0.000000
vt 0.309694 1.000000
vt 0.309044 0.000000
vt 0.310345 1.000000
vt 0.309694 0.000000
vt 0.310995 1.000000
vt 0.310345 0.000000
vt 0.311646 1.000000
vt 0.310995 0.000000
vt 0.312297 1.000000
vt 0.311646 0.000000
vt 0.312947 1.000000
vt 0.312297 0.000000
vt 0.313598 1.000000
vt 0.312947 0.000000
vt 0.314249 1.000000
vt 0.313598 0.000000
vt 0.314899 1.000000
vt 0.314249 0.000000
vt 0.315550 1.000000
vt 0.314899 0.000000
vt 0.316200 1.000000
vt 0.315550 0.000000
vt 0.316851 1.000000
vt 0.316200 0.000000
vt 0.317502 1.000000
vt 0.316851 0.000000
vt 0.318152 1.000000
vt 0.317502 0.000000
vt 0.318803 1.000000
vt 0.318152 0.000000
vt 0.319453 1.000000
vt 0.318803 0.000000
vt 0.320104 1.000000
vt 0.319453 0.000000
vt 0.320755 1.000000
vt 0.320104 0.000000
vt 0.321405 1.000000
vt 0.320755 0.000000
vt 0.322056 1.000000
vt 0.321405 0.000000
vt 0.322707 1.000000
vt 0.322056 0.000000
vt 0.323357 1.000000
vt 0.322707 0.000000
vt 0.324008 1.000000
vt 0.323357 0.000000
vt 0.324658 1.000000
vt 0.324008 0.000000
vt 0.325309 1.000000
vt 0.324658 0.000000
vt 0.325960 1.000000
vt 0.325309 0.000000
vt 0.326610 1.000000
vt 0.325960 0.000000
vt 0.327261 1.000000
vt 0.326610 0.000000
vt 0.327912 1.000000
vt 0.327261 0.000000
vt 0.328562 1.000000
vt 0.327912 0.000000
vt 0.329213 1.000000
vt 0.328562 0.000000
vt 0.329863 1.000000
vt 0.329213 0.000000
vt 0.330514 1.000000
vt 0.329863 0.000000
vt 0.331165 1.000000
vt 0.330514 0.000000
vt 0.331815 1.000000
vt 0.331165 0.000000
vt 0.332466 1.000000
vt 0.331815 0.000000
vt 0.333116 1.000000
vt 0.332466 0.000000
vt 0.333767 1.000000
vt 0.333116 0.000000
vt 0.334418 1.000000
vt 0.333767 0.000000
vt 0.335068 1.000000
vt 0.334418 0.000000
vt 0.335719 1.000000
vt 0.335068 0.000000
vt 0.336370 1.000000
vt 0.335719 0.000000
vt 0.337020 1.000000
vt 0.336370 0.000000
vt 0.337671 1.000000
vt 0.337020 0.000000
vt 0.338321 1.000000
vt 0.337671 0.000000
vt 0.338972 1.000000
vt 0.338321 0.000000
vt 0.339623 1.000000
vt 0.338972 0.000000
vt 0.340273 1.000000
vt 0.339623 0.000000
vt 0.340924 1.000000
vt 0.340273 0.000000
vt 0.341574 1.000000
vt 0.340924 0.000000
vt 0.342225 1.000000
vt 0.341574 0.000000
vt 0.342876 1.000000
vt 0.342225 0.000000
vt 0.343526 1.000000
vt 0.342876 0.000000
vt 0.344177 1.000000
vt 0.343526 0.000000
vt 0.344828 1.000000
vt 0.344177 0.000000
vt 0.345478 1.000000
vt 0.344828 0.000000
vt 0.346129 1.000000
vt 0.345478 0.000000
vt 0.346779 1.000000
vt 0.346129 0.000000
vt 0.347430 1.000000
vt 0.346779 0.000000
vt 0.348081 1.000000
vt 0.347430 0.000000
vt 0.348731 1.000000
vt 0.348081 0.000000
vt 0.349382 1.000000
vt 0.348731 0.000000
vt 0.350033 1.000000
vt 0.349382 0.000000
vt 0.350683 1.000000
vt 0.350033 0.000000
vt 0.351334 1.000000
vt 0.350683 0.000000
vt 0.351984 1.000000
vt 0.351334 0.000000
vt 0.352635 1.000000
vt 0.351984 0.000000
vt 0.353286 1.000000
vt 0.352635 0.000000
vt 0.353936 1.000000
vt 0.353286 0.000000
vt 0.354587 1.000000
vt 0.353936 0.000000
vt 0.355237 1.000000
vt 0.354587 0.000000
vt 0.355888 1.000000
vt 0.355237 0.000000
vt 0.356539 1.000000
vt 0.355888 0.000000
vt 0.357189 1.000000
vt 0.356539 0.000000
vt 0.357840 1.000000
vt 0.357189 0.000000
vt 0.358491 1.000000
vt 0.357840 0.000000
vt 0.359141 1.000000
vt 0.358491 0.000000
vt 0.359792 1.000000
vt 0.359141 0.000000
vt 0.360442 1.000000
vt 0.359792 0.000000
vt 0.361093 1.000000
vt 0.360442 0.000000
vt 0.361744 1.000000
vt 0.361093 0.000000
vt 0.362394 1.000000
vt 0.361744 0.000000
vt 0.363045 1.000000
vt 0.362394 0.000000
vt 0.363696 1.000000
vt 0.363045 0.000000
vt 0.364346 1.000000
vt 0.363696 0.000000
vt 0.364997 1.000000
vt 0.364346 0.000000
vt 0.365647 1.000000
vt 0.364997 0.000000
vt 0.366298 1.000000
vt 0.365647 0.000000
vt 0.366949 1.000000
vt 0.366298 0.000000
vt 0.367599 1.000000
vt 0.366949 0.000000
vt 0.368250 1.000000
vt 0.367599 0.000000
vt 0.368900 1.000000
vt 0.368250 0.000000
vt 0.369551 1.000000
vt 0.368900 0.000000
vt 0.370202 1.000000
vt 0.369551 0.000000
vt 0.370852 1.000000
vt 0.370202 0.000000
vt 0.371503 1.000000
vt 0.370852 0.000000
vt 0.372154 1.000000
vt 0.371503 0.000000
vt 0.372804 1.000000
vt 0.372154 0.000000
vt 0.373455 1.000000
vt 0.372804 0.000000
vt 0.374105 1.000000
vt 0.373455 0.000000
vt 0.374756 1.000000
vt 0.374105 0.000000
vt 0.375407 1.000000
vt 0.374756 0.000000
vt 0.376057 1.000000
vt 0.375407 0.000000
vt 0.376708 1.000000
vt 0.376057 0.000000
vt 0.377358 1.000000
vt 0.376708 0.000000
vt 0.378009 1.000000
vt 0.377358 0.000000
vt 0.378660 1.000000
vt 0.378009 0.000000
vt 0.379310 1.000000
vt 0.378660 0.000000
vt 0.379961 1.000000
vt 0.379310 0.000000
vt 0.380612 1.000000
vt 0.379961 0.000000
vt 0.381262 1.000000
vt 0.380612 0.000000
vt 0.381913 1.000000
vt 0.381262 0.000000
vt 0.382563 1.000000
vt 0.381913 0.000000
vt 0.383214 1.000000
vt 0.382563 0.000000
vt 0.383865 1.000000
vt 0.383214 0.000000
vt 0.384515 1.000000
vt 0.383865 0.000000
vt 0.385166 1.000000
vt 0.384515 0.000000
vt 0.385817 1.000000
vt 0.385166 0.000000
vt 0.386467 1.000000
vt 0.385817 0.000000
vt 0.387118 1.000000
vt 0.386467 0.000000
vt 0.387768 1.000000
vt 0.387118 0.000000
vt 0.388419 1.000000
vt 0.387768 0.000000
vt 0.389070 1.000000
vt 0.388419 0.000000
vt 0.389720 1.000000
vt 0.389070 0.000000
vt 0.390371 1.000000
vt 0.389720 0.000000
vt 0.391021 1.000000
vt 0.390371 0.000000
vt 0.391672 1.000000
vt 0.391021 0.000000
vt 0.392323 1.000000
vt 0.391672 0.000000
vt 0.392973 1.000000
vt 0.392323 0.000000
vt 0.393624 1.000000
vt 0.392973 0.000000
vt 0.394275 1.000000
vt 0.393624 0.000000
vt 0.394925 1.000000
vt 0.394275 0.000000
vt 0.395576 1.000000
vt 0.394925 0.000000
vt 0.396226 1.000000
vt 0.395576 0.000000
vt 0.396877 1.000000
vt 0.396226 0.000000
vt 0.397528 1.000000
vt 0.396877 0.000000
vt 0.398178 1.000000
vt 0.397528 0.000000
vt 0.398829 1.000000
vt 0.398178 0.000000
vt 0.399480 1.000000
vt 0.398829 0.000000
vt 0.400130 1.000000
vt 0.399480 0.000000
vt 0.400781 1.000000
vt 0.400130 0.000000
vt 0.401431 1.000000
vt 0.400781 0.000000
vt 0.402082 1.000000
vt 0.401431 0.000000
vt 0.402733 1.000000
vt 0.402082 0.000000
vt 0.403383 1.000000
vt 0.402733 0.000000
vt 0.404034 1.000000
vt 0.403383 0.000000
vt 0.404684 1.000000
vt 0.404034 0.000000
vt 0.405335 1.000000
vt 0.404684 0.000000
vt 0.405986 1.000000
vt 0.405335 0.000000
vt 0.406636 1.000000
vt 0.405986 0.000000
vt 0.407287 1.000000
vt 0.406636 0.000000
vt 0.407938 1.000000
vt 0.407287 0.000000
vt 0.408588 1.000000
vt 0.407938 0.000000
vt 0.409239 1.000000
vt 0.408588 0.000000
vt 0.409889 1.000000
vt 0.409239 0.000000
vt 0.410540 1.000000
vt 0.409889 0.000000
vt 0.411191 1.000000
vt 0.410540 0.000000
vt 0.411841 1.000000
vt 0.411191 0.000000
vt 0.412492 1.000000
vt 0.411841 0.000000
vt 0.413142 1.000000
vt 0.412492 0.000000
vt 0.413793 1.000000
vt 0.413142 0.000000
vt 0.414444 1.000000
vt 0.413793 0.000000
vt 0.415094 1.000000
vt 0.414444 0.000000
vt 0.415745 1.000000
vt 0.415094 0.000000
vt 0.416396 1.000000
vt 0.415745 0.000000
vt 0.417046 1.000000
vt 0.416396 0.000000
vt 0.417697 1.000000
vt 0.417046 0.000000
vt 0.418347 1.000000
vt 0.417697 0.000000
vt 0.418998 1.000000
vt 0.418347 0.000000
vt 0.419649 1.000000
vt 0.418998 0.000000
vt 0.420299 1.000000
vt 0.419649 0.000000
vt 0.420950 1.000000
vt 0.420299 0.000000
vt 0.421601 1.000000
vt 0.420950 0.000000
vt 0.422251 1.000000
vt 0.421601 0.000000
vt 0.422902 1.000000
vt 0.422251 0.000000
vt 0.423552 1.000000
vt 0.422902 0.000000
vt 0.424203 1.000000
vt 0.423552 0.000000
vt 0.424854 1.000000
vt 0.424203 0.000000
vt 0.425504 1.000000
vt 0.424854 0.000000
vt 0.426155 1.000000
vt 0.425504 0.000000
vt 0.426805 1.000000
vt 0.426155 0.000000
vt 0.427456 1.000000
vt 0.426805 0.000000
vt 0.428107 1.000000
vt 0.427456 0.000000
vt 0.428757 1.000000
vt 0.428107 0.000000
vt 0.429408 1.000000
vt 0.428757 0.000000
vt 0.430059 1.000000
vt 0.429408 0.000000
vt 0.430709 1.000000
vt 0.430059 0.000000
vt 0.431360 1.000000
vt 0.430709 0.000000
vt 0.432010 1.000000
vt 0.431360 0.000000
vt 0.432661 1.000000
vt 0.432010 0.000000
vt 0.433312 1.000000
vt 0.432661 0.000000
vt 0.433962 1.000000
vt 0.433312 0.000000
vt 0.434613 1.000000
vt 0.433962 0.000000
vt 0.435264 1.000000
vt 0.434613 0.000000
vt 0.435914 1.000000
vt 0.435264 0.000000
vt 0.436565 1.000000
vt 0.435914 0.000000
vt 0.437215 1.000000
vt 0.436565 0.000000
vt 0.437866 1.000000
vt 0.437215 0.000000
vt 0.438517 1.000000
vt 0.437866 0.000000
vt 0.439167 1.000000
vt 0.438517 0.000000
vt 0.439818 1.000000
vt 0.439167 0.000000
vt 0.440468 1.000000
vt 0.439818 0.000000
vt 0.441119 1.000000
vt 0.440468 0.000000
vt 0.441770 1.000000
vt 0.441119 0.000000
vt 0.442420 1.000000
vt 0.441770 0.000000
vt 0.443071 1.000000
vt 0.442420 0.000000
vt 0.443722 1.000000
vt 0.443071 0.000000
vt 0.444372 1.000000
vt 0.443722 0.000000
vt 0.445023 1.000000
vt 0.444372 0.000000
vt 0.445673 1.000000
vt 0.445023 0.000000
vt 0.446324 1.000000
vt 0.445673 0.000000
vt 0.446975 1.000000
vt 0.446324 0.000000
vt 0.447625 1.000000
vt 0.446975 0.000000
vt 0.448276 1.000000
vt 0.447625 0.000000
vt 0.448926 1.000000
vt 0.448276 0.000000
vt 0.449577 1.000000
vt 0.448926 0.000000
vt 0.450228 1.000000
vt 0.449577 0.000000
vt 0.450878 1.000000
vt 0.450228 0.000000
vt 0.451529 1.000000
vt 0.450878 0.000000
vt 0.452180 1.000000
vt 0.451529 0.000000
vt 0.452830 1.000000
vt 0.452180 0.000000
vt 0.453481 1.000000
vt 0.452830 0.000000
vt 0.454131 1.000000
vt 0.453481 0.000000
vt 0.454782 1.000000
vt 0.454131 0.000000
vt 0.455433 1.000000
vt 0.454782 0.000000
vt 0.456083 1.000000
vt 0.455433 0.000000
vt 0.456734 1.000000
vt 0.456083 0.000000
vt 0.457385 1.000000
vt 0.456734 0.000000
vt 0.458035 1.000000
vt 0.457385 0.000000
vt 0.458686 1.000000
vt 0.458035 0.000000
vt 0.459336 1.000000
vt 0.458686 0.000000
vt 0.459987 1.000000
vt 0.459336 0.000000
vt 0.460638 1.000000
vt 0.459987 0.000000
vt 0.461288 1.000000
vt 0.460638 0.000000
vt 0.461939 1.000000
vt 0.461288 0.000000
vt 0.462589 1.000000
vt 0.461939 0.000000
vt 0.463240 1.000000
vt 0.462589 0.000000
vt 0.463891 1.000000
vt 0.463240 0.000000
vt 0.464541 1.000000
vt 0.463891 0.000000
vt 0.465192 1.000000
vt 0.464541 0.000000
vt 0.465843 1.000000
vt 0.465192 0.000000
vt 0.466493 1.000000
vt 0.465843 0.000000
vt 0.467144 1.000000
vt 0.466493 0.000000
vt 0.467794 1.000000
vt 0.467144 0.000000
vt 0.468445 1.000000
vt 0.467794 0.000000
vt 0.469096 1.000000
vt 0.468445 0.000000
vt 0.469746 1.000000
vt 0.469096 0.000000
vt 0.470397 1.000000
vt 0.469746 0.000000
vt 0.471047 1.000000
vt 0.470397 0.000000
vt 0.471698 1.000000
vt 0.471047 0.000000
vt 0.472349 1.000000
vt 0.471698 0.000000
vt 0.472999 1.000000
vt 0.472349 0.000000
vt 0.473650 1.000000
vt 0.472999 0.000000
vt 0.474301 1.000000
vt 0.473650 0.000000
vt 0.474951 1.000000
vt 0.474301 0.000000
vt 0.475602 1.000000
vt 0.474951 0.000000
vt 0.476252 1.000000
vt 0.475602 0.000000
vt 0.476903 1.000000
vt 0.476252 0.000000
vt 0.477554 1.000000
vt 0.476903 0.000000
vt 0.478204 1.000000
vt 0.477554 0.000000
vt 0.478855 1.000000
vt 0.478204 0.000000
vt 0.479506 1.000000
vt 0.478855 0.000000
vt 0.480156 1.000000
vt 0.479506 0.000000
vt 0.480807 1.000000
vt 0.480156 0.000000
vt 0.481457 1.000000
vt 0.480807 0.000000
vt 0.482108 1.000000
vt 0.481457 0.000000
vt 0.482759 1.000000
vt 0.482108 0.000000
vt 0.483409 1.000000
vt 0.482759 0.000000
vt 0.484060 1.000000
vt 0.483409 0.000000
vt 0.484710 1.000000
vt 0.484060 0.000000
vt 0.485361 1.000000
vt 0.484710 0.000000
vt 0.486012 1.000000
vt 0.485361 0.000000
vt 0.486662 1.000000
vt 0.486012 0.000000
vt 0.487313 1.000000
vt 0.486662 0.000000
vt 0.487964 1.000000
vt 0.487313 0.000000
vt 0.488614 1.000000
vt 0.487964 0.000000
vt 0.489265 1.000000
vt 0.488614 0.000000
vt 0.489915 1.000000
vt 0.489265 0.000000
vt 0.490566 1.000000
vt 0.489915 0.000000
vt 0.491217 1.000000
vt 0.490566 0.000000
vt 0.491867 1.000000
vt 0.491217 0.000000
vt 0.492518 1.000000
vt 0.491867 0.000000
vt 0.493169 1.000000
vt 0.492518 0.000000
vt 0.493819 1.000000
vt 0.493169 0.000000
vt 0.494470 1.000000
vt 0.493819 0.000000
vt 0.495120 1.000000
vt 0.494470 0.000000
vt 0.495771 1.000000
vt 0.495120 0.000000
vt 0.496422 1.000000
vt 0.495771 0.000000
vt 0.497072 1.000000
vt 0.496422 0.000000
vt 0.497723 1.000000
vt 0.497072 0.000000
vt 0.498373 1.000000
vt 0.497723 0.000000
vt 0.499024 1.000000
vt 0.498373 0.000000
vt 0.499675 1.000000
vt 0.499024 0.000000
vt 0.500325 1.000000
vt 0.499675 0.000000
vt 0.500976 1.000000
vt 0.500325 0.000000
vt 0.501627 1.000000
vt 0.500976 0.000000
vt 0.502277 1.000000
vt 0.501627 0.000000
vt 0.502928 1.000000
vt 0.502277 0.000000
vt 0.503578 1.000000
vt 0.502928 0.000000
vt 0.504229 1.000000
vt 0.503578 0.000000
vt 0.504880 1.000000
vt 0.504229 0.000000
vt 0.505530 1.000000
vt 0.504880 0.000000
vt 0.506181 1.000000
vt 0.505530 0.000000
vt 0.506831 1.000000
vt 0.506181 0.000000
vt 0.507482 1.000000
vt 0.506831 0.000000
vt 0.508133 1.000000
vt 0.507482 0.000000
vt 0.508783 1.000000
vt 0.508133 0.000000
vt 0.509434 1.000000
vt 0.508783 0.000000
vt 0.510085 1.000000
vt 0.509434 0.000000
vt 0.510735 1.000000
vt 0.510085 0.000000
vt 0.511386 1.000000
vt 0.510735 0.000000
vt 0.512036 1.000000
vt 0.511386 0.000000
vt 0.512687 1.000000
vt 0.512036 0.000000
vt 0.513338 1.000000
vt 0.512687 0.000000
vt 0.513988 1.000000
vt 0.513338 0.000000
vt 0.514639 1.000000
vt 0.513988 0.000000
vt 0.515290 1.000000
vt 0.514639 0.000000
vt 0.515940 1.000000
vt 0.515290 0.000000
vt 0.516591 1.000000
vt 0.515940 0.000000
vt 0.517241 1.000000
vt 0.516591 0.000000
vt 0.517892 1.000000
vt 0.517241 0.000000
vt 0.518543 1.000000
vt 0.517892 0.000000
vt 0.519193 1.000000
vt 0.518543 0.000000
vt 0.519844 1.000000
vt 0.519193 0.000000
vt 0.520494 1.000000
vt 0.519844 0.000000
vt 0.521145 1.000000
vt 0.520494 0.000000
vt 0.521796 1.000000
vt 0.521145 0.000000
vt 0.522446 1.000000
vt 0.521796 0.000000
vt 0.523097 1.000000
vt 0.522446 0.000000
vt 0.523748 1.000000
vt 0.523097 0.000000
vt 0.524398 1.000000
vt 0.523748 0.000000
vt 0.525049 1.000000
vt 0.524398 0.000000
vt 0.525699 1.000000
vt 0.525049 0.000000
vt 0.526350 1.000000
vt 0.525699 0.000000
vt 0.527001 1.000000
vt 0.526350 0.000000
vt 0.527651 1.000000
vt 0.527001 0.000000
vt 0.528302 1.000000
vt 0.527651 0.000000
vt 0.528952 1.000000
vt 0.528302 0.000000
vt 0.529603 1.000000
vt 0.528952 0.000000
vt 0.530254 1.000000
vt 0.529603 0.000000
vt 0.530904 1.000000
vt 0.530254 0.000000
vt 0.531555 1.000000
vt 0.530904 0.000000
vt 0.532206 1.000000
vt 0.531555 0.000000
vt 0.532856 1.000000
vt 0.532206 0.000000
vt 0.533507 1.000000
vt 0.532856 0.000000
vt 0.534157 1.000000
vt 0.533507 0.000000
vt 0.534808 1.000000
vt 0.534157 0.000000
vt 0.535459 1.000000
vt 0.534808 0.000000
vt 0.536109 1.000000
vt 0.535459 0.000000
vt 0.536760 1.000000
vt 0.536109 0.000000
vt 0.537411 1.000000
vt 0.536760 0.000000
vt 0.538061 1.000000
vt 0.537411 0.000000
vt 0.538712 1.000000
vt 0.538061 0.000000
vt 0.539362 1.000000
vt 0.538712 0.000000
vt 0.540013 1.000000
vt 0.539362 0.000000
vt 0.540664 1.000000
vt 0.540013 0.000000
vt 0.541314 1.000000
vt 0.540664 0.000000
vt 0.541965 1.000000
vt 0.541314 0.000000
vt 0.542615 1.000000
vt 0.541965 0.000000
vt 0.543266 1.000000
vt 0.542615 0.000000
vt 0.543917 1.000000
vt 0.543266 0.000000
vt 0.544567 1.000000
vt 0.543917 0.000000
vt 0.545218 1.000000
vt 0.544567 0.000000
vt 0.545869 1.000000
vt 0.545218 0.000000
vt 0.546519 1.000000
vt 0.545869 0.000000
vt 0.547170 1.000000
vt 0.546519 0.000000
vt 0.547820 1.000000
vt 0.547170 0.000000
vt 0.548471 1.000000
vt 0.547820 0.000000
vt 0.549122 1.000000
vt 0.548471 0.000000
vt 0.549772 1.000000
vt 0.549122 0.000000
vt 0.550423 1.000000
vt 0.549772 0.000000
vt 0.551073 1.000000
vt 0.550423 0.000000
vt 0.551724 1.000000
vt 0.551073 0.000000
vt 0.552375 1.000000
vt 0.551724 0.000000
vt 0.553025 1.000000
vt 0.552375 0.000000
vt 0.553676 1.000000
vt 0.553025 0.000000
vt 0.554327 1.000000
vt 0.553676 0.000000
vt 0.554977 1.000000
vt 0.554327 0.000000
vt 0.555628 1.000000
vt 0.554977 0.000000
vt 0.556278 1.000000
vt 0.555628 0.000000
vt 0.556929 1.000000
vt 0.556278 0.000000
vt 0.557580 1.000000
vt 0.556929 0.000000
vt 0.558230 1.000000
vt 0.557580 0.000000
vt 0.558881 1.000000
vt 0.558230 0.000000
vt 0.559532 1.000000
vt 0.558881 0.000000
vt 0.560182 1.000000
vt 0.559532 0.000000
vt 0.560833 1.000000
vt 0.560182 0.000000
vt 0.561483 1.000000
vt 0.560833 0.000000
vt 0.562134 1.000000
vt 0.561483 0.000000
vt 0.562785 1.000000
vt 0.562134 0.000000
vt 0.563435 1.000000
vt 0.562785 0.000000
vt 0.564086 1.000000
vt 0.563435 0.000000
vt 0.564736 1.000000
vt 0.564086 0.000000
vt 0.565387 1.000000
vt 0.564736 0.000000
vt 0.566038 1.000000
vt 0.565387 0.000000
vt 0.566688 1.000000
vt 0.566038 0.000000
vt 0.567339 1.000000
vt 0.566688 0.000000
vt 0.567990 1.000000
vt 0.567339 0.000000
vt 0.568640 1.000000
vt 0.567990 0.000000
vt 0.569291 1.000000
vt 0.568640 0.000000
vt 0.569941 1.000000
vt 0.569291 0.000000
vt 0.570592 1.000000
vt 0.569941 0.000000
vt 0.571243 1.000000
vt 0.570592 0.000000
vt 0.571893 1.000000
vt 0.571243 0.000000
vt 0.572544 1.000000
vt 0.571893 0.000000
vt 0.573195 1.000000
vt 0.572544 0.000000
vt 0.573845 1.000000
vt 0.573195 0.000000
vt 0.574496 1.000000
vt 0.573845 0.000000
vt 0.575146 1.000000
vt 0.574496 0.000000
vt 0.575797 1.000000
vt 0.575146 0.000000
vt 0.576448 1.000000
vt 0.575797 0.000000
vt 0.577098 1.000000
vt 0.576448 0.000000
vt 0.577749 1.000000
vt 0.577098 0.000000
vt 0.578399 1.000000
vt 0.577749 0.000000
vt 0.579050 1.000000
vt 0.578399 0.000000
vt 0.579701 1.000000
vt 0.579050 0.000000
vt 0.580351 1.000000
vt 0.579701 0.000000
vt 0.581002 1.000000
vt 0.580351 0.000000
vt 0.581653 1.000000
vt 0.581002 0.000000
vt 0.582303 1.000000
vt 0.581653 0.000000
vt 0.582954 1.000000
vt 0.582303 0.000000
vt 0.583604 1.000000
vt 0.582954 0.000000
vt 0.584255 1.000000
vt 0.583604 0.000000
vt 0.584906 1.000000
vt 0.584255 0.000000
vt 0.585556 1.000000
vt 0.584906 0.000000
vt 0.586207 1.000000
vt 0.585556 0.000000
vt 0.586857 1.000000
vt 0.586207 0.000000
vt 0.587508 1.000000
vt 0.586857 0.000000
vt 0.588159 1.000000
vt 0.587508 0.000000
vt 0.588809 1.000000
vt 0.588159 0.000000
vt 0.589460 1.000000
vt 0.588809 0.000000
vt 0.590111 1.000000
vt 0.589460 0.000000
vt 0.590761 1.000000
vt 0.590111 0.000000
vt 0.591412 1.000000
vt 0.590761 0.000000
vt 0.592062 1.000000
vt 0.591412 0.000000
vt 0.592713 1.000000
vt 0.592062 0.000000
vt 0.593364 1.000000
vt 0.592713 0.000000
vt 0.594014 1.000000
vt 0.593364 0.000000
vt 0.594665 1.000000
vt 0.594014 0.000000
vt 0.595316 1.000000
vt 0.594665 0.000000
vt 0.595966 1.000000
vt 0.595316 0.000000
vt 0.596617 1.000000
vt 0.595966 0.000000
vt 0.597267 1.000000
vt 0.596617 0.000000
vt 0.597918 1.000000
vt 0.597267 0.000000
vt 0.598569 1.000000
vt 0.597918 0.000000
vt 0.599219 1.000000
vt 0.598569 0.000000
vt 0.599870 1.000000
vt 0.599219 0.000000
vt 0.600520 1.000000
vt 0.599870 0.000000
vt 0.601171 1.000000
vt 0.600520 0.000000
vt 0.601822 1.000000
vt 0.601171 0.000000
vt 0.602472 1.000000
vt 0.601822 0.000000
vt 0.603123 1.000000
vt 0.602472 0.000000
vt 0.603774 1.000000
vt 0.603123 0.000000
vt 0.604424 1.000000
vt 0.603774 0.000000
vt 0.605075 1.000000
vt 0.604424 0.000000
vt 0.605725 1.000000
vt 0.605075 0.000000
vt 0.606376 1.000000
vt 0.605725 0.000000
vt 0.607027 1.000000
vt 0.606376 0.000000
vt 0.607677 1.000000
vt 0.607027 0.000000
vt 0.608328 1.000000
vt 0.607677 0.000000
vt 0.608979 1.000000
vt 0.608328 0.000000
vt 0.609629 1.000000
vt 0.608979 0.000000
vt 0.610280 1.000000
vt 0.609629 0.000000
vt 0.610930 1.000000
vt 0.610280 0.000000
vt 0.611581 1.000000
vt 0.610930 0.000000
vt 0.612232 1.000000
vt 0.611581 0.000000
vt 0.612882 1.000000
vt 0.612232 0.000000
vt 0.613533 1.000000
vt 0.612882 0.000000
vt 0.614183 1.000000
vt 0.613533 0.000000
vt 0.614834 1.000000
vt 0.614183 0.000000
vt 0.615485 1.000000
vt 0.614834 0.000000
vt 0.616135 1.000000
vt 0.615485 0.000000
vt 0.616786 1.000000
vt 0.616135 0.000000
vt 0.617437 1.000000
vt 0.616786 0.000000
vt 0.618087 1.000000
vt 0.617437 0.000000
vt 0.618738 1.000000
vt 0.618087 0.000000
vt 0.619388 1.000000
vt 0.618738 0.000000
vt 0.620039 1.000000
vt 0.619388 0.000000
vt 0.620690 1.000000
vt 0.620039 0.000000
vt 0.621340 1.000000
vt 0.620690 0.000000
vt 0.621991 1.000000
vt 0.621340 0.000000
vt 0.622642 1.000000
vt 0.621991 0.000000
vt 0.623292 1.000000
vt 0.622642 0.000000
vt 0.623943 1.000000
vt 0.623292 0.000000
vt 0.624593 1.000000
vt 0.623943 0.000000
vt 0.625244 1.000000
vt 0.624593 0.000000
vt 0.625895 1.000000
vt 0.625244 0.000000
vt 0.626545 1.000000
vt 0.625895 0.000000
vt 0.627196 1.000000
vt 0.626545 0.000000
vt 0.627846 1.000000
vt 0.627196 0.000000
vt 0.628497 1.000000
vt 0.627846 0.000000
vt 0.629148 1.000000
vt 0.628497 0.000000
vt 0.629798 1.000000
vt 0.629148 0.000000
vt 0.630449 1.000000
vt 0.629798 0.000000
vt 0.631100 1.000000
vt 0.630449 0.000000
vt 0.631750 1.000000
vt 0.631100 0.000000
vt 0.632401 1.000000
vt 0.631750 0.000000
vt 0.633051 1.000000
vt 0.632401 0.000000
vt 0.633702 1.000000
vt 0.633051 0.000000
vt 0.634353 1.000000
vt 0.633702 0.000000
vt 0.635003 1.000000
vt 0.634353 0.000000
vt 0.635654 1.000000
vt 0.635003 0.000000
vt 0.636304 1.000000
vt 0.635654 0.000000
vt 0.636955 1.000000
vt 0.636304 0.000000
vt 0.637606 1.000000
vt 0.636955 0.000000
vt 0.638256 1.000000
vt 0.637606 0.000000
vt 0.638907 1.000000
vt 0.638256 0.000000
vt 0.639558 1.000000
vt 0.638907 0.000000
vt 0.640208 1.000000
vt 0.639558 0.000000
vt 0.640859 1.000000
vt 0.640208 0.000000
vt 0.641509 1.000000
vt 0.640859 0.000000
vt 0.642160 1.000000
vt 0.641509 0.000000
vt 0.642811 1.000000
vt 0.642160 0.000000
vt 0.643461 1.000000
vt 0.642811 0.000000
vt 0.644112 1.000000
vt 0.643461 0.000000
vt 0.644763 1.000000
vt 0.644112 0.000000
vt 0.645413 1.000000
vt 0.644763 0.000000
vt 0.646064 1.000000
vt 0.645413 0.000000
vt 0.646714 1.000000
vt 0.646064 0.000000
vt 0.647365 1.000000
vt 0.646714 0.000000
vt 0.648016 1.000000
vt 0.647365 0.000000
vt 0.648666 1.000000
vt 0.648016 0.000000
vt 0.649317 1.000000
vt 0.648666 0.000000
vt 0.649967 1.000000
vt 0.649317 0.000000
vt 0.650618 1.000000
vt 0.649967 0.000000
vt 0.651269 1.000000
vt 0.650618 0.000000
vt 0.651919 1.000000
vt 0.651269 0.000000
vt 0.652570 1.000000
vt 0.651919 0.000000
vt 0.653221 1.000000
vt 0.652570 0.000000
vt 0.653871 1.000000
vt 0.653221 0.000000
vt 0.654522 1.000000
vt 0.653871 0.000000
vt 0.655172 1.000000
vt 0.654522 0.000000
vt 0.655823 1.000000
vt 0.655172 0.000000
vt 0.656474 1.000000
vt 0.655823 0.000000
vt 0.657124 1.000000
vt 0.656474 0.000000
vt 0.657775 1.000000
vt 0.657124 0.000000
vt 0.658426 1.000000
vt 0.657775 0.000000
vt 0.659076 1.000000
vt 0.658426 0.000000
vt 0.659727 1.000000
vt 0.659076 0.000000
vt 0.660377 1.000000
vt 0.659727 0.000000
vt 0.661028 1.000000
vt 0.660377 0.000000
vt 0.661679 1.000000
vt 0.661028 0.000000
vt 0.662329 1.000000
vt 0.661679 0.000000
vt 0.662980 1.000000
vt 0.662329 0.000000
vt 0.663630 1.000000
vt 0.662980 0.000000
vt 0.664281 1.000000
vt 0.663630 0.000000
vt 0.664932 1.000000
vt 0.664281 0.000000
vt 0.665582 1.000000
vt 0.664932 0.000000
vt 0.666233 1.000000
vt 0.665582 0.000000
vt 0.666884 1.000000
vt 0.666233 0.000000
vt 0.667534 1.000000
vt 0.666884 0.000000
vt 0.668185 1.000000
vt 0.667534 0.000000
vt 0.668835 1.000000
vt 0.668185 0.000000
vt 0.669486 1.000000
vt 0.668835 0.000000
vt 0.670137 1.000000
vt 0.669486 0.000000
vt 0.670787 1.000000
vt 0.670137 0.000000
vt 0.671438 1.000000
vt 0.670787 0.000000
vt 0.672089 1.000000
vt 0.671438 0.000000
vt 0.672739 1.000000
vt 0.672089 0.000000
vt 0.673390 1.000000
vt 0.672739 0.000000
vt 0.674040 1.000000
vt 0.673390 0.000000
vt 0.674691 1.000000
vt 0.674040 0.000000
vt 0.675342 1.000000
vt 0.674691 0.000000
vt 0.675992 1.000000
vt 0.675342 0.000000
vt 0.676643 1.000000
vt 0.675992 0.000000
vt 0.677293 1.000000
vt 0.676643 0.000000
vt 0.677944 1.000000
vt 0.677293 0.000000
vt 0.678595 1.000000
vt 0.677944 0.000000
vt 0.679245 1.000000
vt 0.678595 0.000000
vt 0.679896 1.000000
vt 0.679245 0.000000
vt 0.680547 1.000000
vt 0.679896 0.000000
vt 0.681197 1.000000
vt 0.680547 0.000000
vt 0.681848 1.000000
vt 0.681197 0.000000
vt 0.682498 1.000000
vt 0.681848 0.000000
vt 0.683149 1.000000
vt 0.682498 0.000000
vt 0.683800 1.000000
vt 0.683149 0.000000
vt 0.684450 1.000000
vt 0.683800 0.000000
vt 0.685101 1.000000
vt 0.684450 0.000000
vt 0.685751 1.000000
vt 0.685101 0.000000
vt 0.686402 1.000000
vt 0.685751 0.000000
vt 0.687053 1.000000
vt 0.686402 0.000000
vt 0.687703 1.000000
vt 0.687053 0.000000
vt 0.688354 1.000000
vt 0.687703 0.000000
vt 0.689005 1.000000
vt 0.688354 0.000000
vt 0.689655 1.000000
vt 0.689005 0.000000
vt 0.690306 1.000000
vt 0.689655 0.000000
vt 0.690956 1.000000
vt 0.690306 0.000000
vt 0.691607 1.000000
vt 0.690956 0.000000
vt 0.692258 1.000000
vt 0.691607 0.000000
vt 0.692908 1.000000
vt 0.692258 0.000000
vt 0.693559 1.000000
vt 0.692908 0.000000
vt 0.694210 1.000000
vt 0.693559 0.000000
vt 0.694860 1.000000
vt 0.694210 0.000000
vt 0.695511 1.000000
vt 0.694860 0.000000
vt 0.696161 1.000000
vt 0.695511 0.000000
vt 0.696812 1.000000
vt 0.696161 0.000000
vt 0.697463 1.000000
vt 0.696812 0.000000
vt 0.698113 1.000000
vt 0.697463 0.000000
vt 0.698764 1.000000
vt 0.698113 0.000000
vt 0.699414 1.000000
vt 0.698764 0.000000
vt 0.700065 1.000000
vt 0.699414 0.000000
vt 0.700716 1.000000
vt 0.700065 0.000000
vt 0.701366 1.000000
vt 0.700716 0.000000
vt 0.702017 1.000000
vt 0.701366 0.000000
vt 0.702668 1.000000
vt 0.702017 0.000000
vt 0.703318 1.000000
vt 0.702668 0.000000
vt 0.703969 1.000000
vt 0.703318 0.000000
vt 0.704619 1.000000
vt 0.703969 0.000000
vt 0.705270 1.000000
vt 0.704619 0.000000
vt 0.705921 1.000000
vt 0.705270 0.000000
vt 0.706571 1.000000
vt 0.705921 0.000000
vt 0.707222 1.000000
vt 0.706571 0.000000
vt 0.707872 1.000000
vt 0.707222 0.000000
vt 0.708523 1.000000
vt 0.707872 0.000000
vt 0.709174 1.000000
vt 0.708523 0.000000
vt 0.709824 1.000000
vt 0.709174 0.000000
vt 0.710475 1.000000
vt 0.709824 0.000000
vt 0.711126 1.000000
vt 0.710475 0.000000
vt 0.711776 1.000000
vt 0.711126 0.000000
vt 0.712427 1.000000
vt 0.711776 0.000000
vt 0.713077 1.000000
vt 0.712427 0.000000
vt 0.713728 1.000000
vt 0.713077 0.000000
vt 0.714379 1.000000
vt 0.713728 0.000000
vt 0.715029 1.000000
vt 0.714379 0.000000
vt 0.715680 1.000000
vt 0.715029 0.000000
vt 0.716331 1.000000
vt 0.715680 0.000000
vt 0.716981 1.000000
vt 0.716331 0.000000
vt 0.717632 1.000000
vt 0.716981 0.000000
vt 0.718282 1.000000
vt 0.717632 0.000000
vt 0.718933 1.000000
vt 0.718282 0.000000
vt 0.719584 1.000000
vt 0.718933 0.000000
vt 0.720234 1.000000
vt 0.719584 0.000000
vt 0.720885 1.000000
vt 0.720234 0.000000
vt 0.721535 1.000000
vt 0.720885 0.000000
vt 0.722186 1.000000
vt 0.721535 0.000000
vt 0.722837 1.000000
vt 0.722186 0.000000
vt 0.723487 1.000000
vt 0.722837 0.000000
vt 0.724138 1.000000
vt 0.723487 0.000000
vt 0.724789 1.000000
vt 0.724138 0.000000
vt 0.725439 1.000000
vt 0.724789 0.000000
vt 0.726090 1.000000
vt 0.725439 0.000000
vt 0.726740 1.000000
vt 0.726090 0.000000
vt 0.727391 1.000000
vt 0.726740 0.000000
vt 0.728042 1.000000
vt 0.727391 0.000000
vt 0.728692 1.000000
vt 0.728042 0.000000
vt 0.729343 1.000000
vt 0.728692 0.000000
vt 0.729994 1.000000
vt 0.729343 0.000000
vt 0.730644 1.000000
vt 0.729994 0.000000
vt 0.731295 1.000000
vt 0.730644 0.000000
vt 0.731945 1.000000
vt 0.731295 0.000000
vt 0.732596 1.000000
vt 0.731945 0.000000
vt 0.733247 1.000000
vt 0.732596 0.000000
vt 0.733897 1.000000
vt 0.733247 0.000000
vt 0.734548 1.000000
vt 0.733897 0.000000
vt 0.735198 1.000000
vt 0.734548 0.000000
vt 0.735849 1.000000
vt 0.735198 0.000000
vt 0.736500 1.000000
vt 0.735849 0.000000
vt 0.737150 1.000000
vt 0.736500 0.000000
vt 0.737801 1.000000
vt 0.737150 0.000000
vt 0.738452 1.000000
vt 0.737801 0.000000
vt 0.739102 1.000000
vt 0.738452 0.000000
vt 0.739753 1.000000
vt 0.739102 0.000000
vt 0.740403 1.000000
vt 0.739753 0.000000
vt 0.741054 1.000000
vt 0.740403 0.000000
vt 0.741705 1.000000
vt 0.741054 0.000000
vt 0.742355 1.000000
vt 0.741705 0.000000
vt 0.743006 1.000000
vt 0.742355 0.000000
vt 0.743656 1.000000
vt 0.743006 0.000000
vt 0.744307 1.000000
vt 0.743656 0.000000
vt 0.744958 1.000000
vt 0.744307 0.000000
vt 0.745608 1.000000
vt 0.744958 0.000000
vt 0.746259 1.000000
vt 0.745608 0.000000
vt 0.746910 1.000000
vt 0.746259 0.000000
vt 0.747560 1.000000
vt 0.746910 0.000000
vt 0.748211 1.000000
vt 0.747560 0.000000
vt 0.748861 1.000000
vt 0.748211 0.000000
vt 0.749512 1.000000
vt 0.748861 0.000000
vt 0.750163 1.000000
vt 0.749512 0.000000
vt 0.750813 1.000000
vt 0.750163 0.000000
vt 0.751464 1.000000
vt 0.750813 0.000000
vt 0.752115 1.000000
vt 0.751464 0.000000
vt 0.752765 1.000000
vt 0.752115 0.000000
vt 0.753416 1.000000
vt 0.752765 0.000000
vt 0.754066 1.000000
vt 0.753416 0.000000
vt 0.754717 1.000000
vt 0.754066 0.000000
vt 0.755368 1.000000
vt 0.754717 0.000000
vt 0.756018 1.000000
vt 0.755368 0.000000
vt 0.756669 1.000000
vt 0.756018 0.000000
vt 0.757319 1.000000
vt 0.756669 0.000000
vt 0.757970 1.000000
vt 0.757319 0.000000
vt 0.758621 1.000000
vt 0.757970 0.000000
vt 0.759271 1.000000
vt 0.758621 0.000000
vt 0.759922 1.000000
vt 0.759271 0.000000
vt 0.760573 1.000000
vt 0.759922 0.000000
vt 0.761223 1.000000
vt 0.760573 0.000000
vt 0.761874 1.000000
vt 0.761223 0.000000
vt 0.762524 1.000000
vt 0.761874 0.000000
vt 0.763175 1.000000
vt 0.762524 0.000000
vt 0.763826 1.000000
vt 0.763175 0.000000
vt 0.764476 1.000000
vt 0.763826 0.000000
vt 0.765127 1.000000
vt 0.764476 0.000000
vt 0.765777 1.000000
vt 0.765127 0.000000
vt 0.766428 1.000000
vt 0.765777 0.000000
vt 0.767079 1.000000
vt 0.766428 0.000000
vt 0.767729 1.000000
vt 0.767079 0.000000
vt 0.768380 1.000000
vt 0.767729 0.000000
vt 0.769031 1.000000
vt 0.768380 0.000000
vt 0.769681 1.000000
vt 0.769031 0.000000
vt 0.770332 1.000000
vt 0.769681 0.000000
vt 0.770982 1.000000
vt 0.770332 0.000000
vt 0.771633 1.000000
vt 0.770982 0.000000
vt 0.772284 1.000000
vt 0.771633 0.000000
vt 0.772934 1.000000
vt 0.772284 0.000000
vt 0.773585 1.000000
vt 0.772934 0.000000
vt 0.774236 1.000000
vt 0.773585 0.000000
vt 0.774886 1.000000
vt 0.774236 0.000000
vt 0.775537 1.000000
vt 0.774886 0.000000
vt 0.776187 1.000000
vt 0.775537 0.000000
vt 0.776838 1.000000
vt 0.776187 0.000000
vt 0.777489 1.000000
vt 0.776838 0.000000
vt 0.778139 1.000000
vt 0.777489 0.000000
vt 0.778790 1.000000
vt 0.778139 0.000000
vt 0.779440 1.000000
vt 0.778790 0.000000
vt 0.780091 1.000000
vt 0.779440 0.000000
vt 0.780742 1.000000
vt 0.780091 0.000000
vt 0.781392 1.000000
vt 0.780742 0.000000
vt 0.782043 1.000000
vt 0.781392 0.000000
vt 0.782694 1.000000
vt 0.782043 0.000000
vt 0.783344 1.000000
vt 0.782694 0.000000
vt 0.783995 1.000000
vt 0.783344 0.000000
vt 0.784645 1.000000
vt 0.783995 0.000000
vt 0.785296 1.000000
vt 0.784645 0.000000
vt 0.785947 1.000000
vt 0.785296 0.000000
vt 0.786597 1.000000
vt 0.785947 0.000000
vt 0.787248 1.000000
vt 0.786597 0.000000
vt 0.787898 1.000000
vt 0.787248 0.000000
vt 0.788549 1.000000
vt 0.787898 0.000000
vt 0.789200 1.000000
vt 0.788549 0.000000
vt 0.789850 1.000000
vt 0.789200 0.000000
vt 0.790501 1.000000
vt 0.789850 0.000000
vt 0.791152 1.000000
vt 0.790501 0.000000
vt 0.791802 1.000000
vt 0.791152 0.000000
vt 0.792453 1.000000
vt 0.791802 0.000000
vt 0.793103 1.000000
vt 0.792453 0.000000
vt 0.793754 1.000000
vt 0.793103 0.000000
vt 0.794405 1.000000
vt 0.793754 0.000000
vt 0.795055 1.000000
vt 0.794405 0.000000
vt 0.795706 1.000000
vt 0.795055 0.000000
vt 0.796357 1.000000
vt 0.795706 0.000000
vt 0.797007 1.000000
vt 0.796357 0.000000
vt 0.797658 1.000000
vt 0.797007 0.000000
vt 0.798308 1.000000
vt 0.797658 0.000000
vt 0.798959 1.000000
vt 0.798308 0.000000
vt 0.799610 1.000000
vt 0.798959 0.000000
vt 0.800260 1.000000
vt 0.799610 0.000000
vt 0.800911 1.000000
vt 0.800260 0.000000
vt 0.801561 1.000000
vt 0.800911 0.000000
vt 0.802212 1.000000
vt 0.801561 0.000000
vt 0.802863 1.000000
vt 0.802212 0.000000
vt 0.803513 1.000000
vt 0.802863 0.000000
vt 0.804164 1.000000
vt 0.803513 0.000000
vt 0.804815 1.000000
vt 0.804164 0.000000
vt 0.805465 1.000000
vt 0.804815 0.000000
vt 0.806116 1.000000
vt 0.805465 0.000000
vt 0.806766 1.000000
vt 0.806116 0.000000
vt 0.807417 1.000000
vt 0.806766 0.000000
vt 0.808068 1.000000
vt 0.807417 0.000000
vt 0.808718 1.000000
vt 0.808068 0.000000
vt 0.809369 1.000000
vt 0.808718 0.000000
vt 0.810019 1.000000
vt 0.809369 0.000000
vt 0.810670 1.000000
vt 0.810019 0.000000
vt 0.811321 1.000000
vt 0.810670 0.000000
vt 0.811971 1.000000
vt 0.811321 0.000000
vt 0.812622 1.000000
vt 0.811971 0.000000
vt 0.813273 1.000000
vt 0.812622 0.000000
vt 0.813923 1.000000
vt 0.813273 0.000000
vt 0.814574 1.000000
vt 0.813923 0.000000
vt 0.815224 1.000000
vt 0.814574 0.000000
vt 0.815875 1.000000
vt 0.815224 0.000000
vt 0.816526 1.000000
vt 0.815875 0.000000
vt 0.817176 1.000000
vt 0.816526 0.000000
vt 0.817827 1.000000
vt 0.817176 0.000000
vt 0.818478 1.000000
vt 0.817827 0.000000
vt 0.819128 1.000000
vt 0.818478 0.000000
vt 0.819779 1.000000
vt 0.819128 0.000000
vt 0.820429 1.000000
vt 0.819779 0.000000
vt 0.821080 1.000000
vt 0.820429 0.000000
vt 0.821731 1.000000
vt 0.821080 0.000000
vt 0.822381 1.000000
vt 0.821731 0.000000
vt 0.823032 1.000000
vt 0.822381 0.000000
vt 0.823682 1.000000
vt 0.823032 0.000000
vt 0.824333 1.000000
vt 0.823682 0.000000
vt 0.824984 1.000000
vt 0.824333 0.000000
vt 0.825634 1.000000
vt 0.824984 0.000000
vt 0.826285 1.000000
vt 0.825634 0.000000
vt 0.826936 1.000000
vt 0.826285 0.000000
vt 0.827586 1.000000
vt 0.826936 0.000000
vt 0.828237 1.000000
vt 0.827586 0.000000
vt 0.828887 1.000000
vt 0.828237 0.000000
vt 0.829538 1.000000
vt 0.828887 0.000000
vt 0.830189 1.000000
vt 0.829538 0.000000
vt 0.830839 1.000000
vt 0.830189 0.000000
vt 0.831490 1.000000
vt 0.830839 0.000000
vt 0.832141 1.000000
vt 0.831490 0.000000
vt 0.832791 1.000000
vt 0.832141 0.000000
vt 0.833442 1.000000
vt 0.832791 0.000000
vt 0.834092 1.000000
vt 0.833442 0.000000
vt 0.834743 1.000000
vt 0.834092 0.000000
vt 0.835394 1.000000
vt 0.834743 0.000000
vt 0.836044 1.000000
vt 0.835394 0.000000
vt 0.836695 1.000000
vt 0.836044 0.000000
vt 0.837345 1.000000
vt 0.836695 0.000000
vt 0.837996 1.000000
vt 0.837345 0.000000
vt 0.838647 1.000000
vt 0.837996 0.000000
vt 0.839297 1.000000
vt 0.838647 0.000000
vt 0.839948 1.000000
vt 0.839297 0.000000
vt 0.840599 1.000000
vt 0.839948 0.000000
vt 0.841249 1.000000
vt 0.840599 0.000000
vt 0.841900 1.000000
vt 0.841249 0.000000
vt 0.842550 1.000000
vt 0.841900 0.000000
vt 0.843201 1.000000
vt 0.842550 0.000000
vt 0.843852 1.000000
vt 0.843201 0.000000
vt 0.844502 1.000000
vt 0.843852 0.000000
vt 0.845153 1.000000
vt 0.844502 0.000000
vt 0.845803 1.000000
vt 0.845153 0.000000
vt 0.846454 1.000000
vt 0.845803 0.000000
vt 0.847105 1.000000
vt 0.846454 0.000000
vt 0.847755 1.000000
vt 0.847105 0.000000
vt 0.848406 1.000000
vt 0.847755 0.000000
vt 0.849057 1.000000
vt 0.848406 0.000000
vt 0.849707 1.000000
vt 0.849057 0.000000
vt 0.850358 1.000000
vt 0.849707 0.000000
vt 0.851008 1.000000
vt 0.850358 0.000000
vt 0.851659 1.000000
vt 0.851008 0.000000
vt 0.852310 1.000000
vt 0.851659 0.000000
vt 0.852960 1.000000
vt 0.852310 0.000000
vt 0.853611 1.000000
vt 0.852960 0.000000
vt 0.854262 1.000000
vt 0.853611 0.000000
vt 0.854912 1.000000
vt 0.854262 0.000000
vt 0.855563 1.000000
vt 0.854912 0.000000
vt 0.856213 1.000000
vt 0.855563 0.000000
vt 0.856864 1.000000
vt 0.856213 0.000000
vt 0.857515 1.000000
vt 0.856864 0.000000
vt 0.858165 1.000000
vt 0.857515 0.000000
vt 0.858816 1.000000
vt 0.858165 0.000000
vt 0.859466 1.000000
vt 0.858816 0.000000
vt 0.860117 1.000000
vt 0.859466 0.000000
vt 0.860768 1.000000
vt 0.860117 0.000000
vt 0.861418 1.000000
vt 0.860768 0.000000
vt 0.862069 1.000000
vt 0.861418 0.000000
vt 0.862720 1.000000
vt 0.862069 0.000000
vt 0.863370 1.000000
vt 0.862720 0.000000
vt 0.864021 1.000000
vt 0.863370 0.000000
vt 0.864671 1.000000
vt 0.864021 0.000000
vt 0.865322 1.000000
vt 0.864671 0.000000
vt 0.865973 1.000000
vt 0.865322 0.000000
vt 0.866623 1.000000
vt 0.865973 0.000000
vt 0.867274 1.000000
vt 0.866623 0.000000
vt 0.867925 1.000000
vt 0.867274 0.000000
vt 0.868575 1.000000
vt 0.867925 0.000000
vt 0.869226 1.000000
vt 0.868575 0.000000
vt 0.869876 1.000000
vt 0.869226 0.000000
vt 0.870527 1.000000
vt 0.869876 0.000000
vt 0.871178 1.000000
vt 0.870527 0.000000
vt 0.871828 1.000000
vt 0.871178 0.000000
vt 0.872479 1.000000
vt 0.871828 0.000000
vt 0.873129 1.000000
vt 0.872479 0.000000
vt 0.873780 1.000000
vt 0.873129 0.000000
vt 0.874431 1.000000
vt 0.873780 0.000000
vt 0.875081 1.000000
vt 0.874431 0.000000
vt 0.875732 1.000000
vt 0.875081 0.000000
vt 0.876383 1.000000
vt 0.875732 0.000000
vt 0.877033 1.000000
vt 0.876383 0.000000
vt 0.877684 1.000000
vt 0.877033 0.000000
vt 0.878334 1.000000
vt 0.877684 0.000000
vt 0.878985 1.000000
vt 0.878334 0.000000
vt 0.879636 1.000000
vt 0.878985 0.000000
vt 0.880286 1.000000
vt 0.879636 0.000000
vt 0.880937 1.000000
vt 0.880286 0.000000
vt 0.881588 1.000000
vt 0.880937 0.000000
vt 0.882238 1.000000
vt 0.881588 0.000000
vt 0.882889 1.000000
vt 0.882238 0.000000
vt 0.883539 1.000000
vt 0.882889 0.000000
vt 0.884190 1.000000
vt 0.883539 0.000000
vt 0.884841 1.000000
vt 0.884190 0.000000
vt 0.885491 1.000000
vt 0.884841 0.000000
vt 0.886142 1.000000
vt 0.885491 0.000000
vt 0.886792 1.000000
vt 0.886142 0.000000
vt 0.887443 1.000000
vt 0.886792 0.000000
vt 0.888094 1.000000
vt 0.887443 0.000000
vt 0.888744 1.000000
vt 0.888094 0.000000
vt 0.889395 1.000000
vt 0.888744 0.000000
vt 0.890046 1.000000
vt 0.889395 0.000000
vt 0.890696 1.000000
vt 0.890046 0.000000
vt 0.891347 1.000000
vt 0.890696 0.000000
vt 0.891997 1.000000
vt 0.891347 0.000000
vt 0.892648 1.000000
vt 0.891997 0.000000
vt 0.893299 1.000000
vt 0.892648 0.000000
vt 0.893949 1.000000
vt 0.893299 0.000000
vt 0.894600 1.000000
vt 0.893949 0.000000
vt 0.895250 1.000000
vt 0.894600 0.000000
vt 0.895901 1.000000
vt 0.895250 0.000000
vt 0.896552 1.000000
vt 0.895901 0.000000
vt 0.897202 1.000000
vt 0.896552 0.000000
vt 0.897853 1.000000
vt 0.897202 0.000000
vt 0.898504 1.000000
vt 0.897853 0.000000
vt 0.899154 1.000000
vt 0.898504 0.000000
vt 0.899805 1.000000
vt 0.899154 0.000000
vt 0.900455 1.000000
vt 0.899805 0.000000
vt 0.901106 1.000000
vt 0.900455 0.000000
vt 0.901757 1.000000
vt 0.901106 0.000000
vt 0.902407 1.000000
vt 0.901757 0.000000
vt 0.903058 1.000000
vt 0.902407 0.000000
vt 0.903709 1.000000
vt 0.903058 0.000000
vt 0.904359 1.000000
vt 0.903709 0.000000
vt 0.905010 1.000000
vt 0.904359 0.000000
vt 0.905660 1.000000
vt 0.905010 0.000000
vt 0.906311 1.000000
vt 0.905660 0.000000
vt 0.906962 1.000000
vt 0.906311 0.000000
vt 0.907612 1.000000
vt 0.906962 0.000000
vt 0.908263 1.000000
vt 0.907612 0.000000
vt 0.908913 1.000000
vt 0.908263 0.000000
vt 0.909564 1.000000
vt 0.908913 0.000000
vt 0.910215 1.000000
vt 0.909564 0.000000
vt 0.910865 1.000000
vt 0.910215 0.000000
vt 0.911516 1.000000
vt 0.910865 0.000000
vt 0.912167 1.000000
vt 0.911516 0.000000
vt 0.912817 1.000000
vt 0.912167 0.000000
vt 0.913468 1.000000
vt 0.912817 0.000000
vt 0.914118 1.000000
vt 0.913468 0.000000
vt 0.914769 1.000000
vt 0.914118 0.000000
vt 0.915420 1.000000
vt 0.914769 0.000000
vt 0.916070 1.000000
vt 0.915420 0.000000
vt 0.916721 1.000000
vt 0.916070 0.000000
vt 0.917372 1.000000
vt 0.916721 0.000000
vt 0.918022 1.000000
vt 0.917372 0.000000
vt 0.918673 1.000000
vt 0.918022 0.000000
vt 0.919323 1.000000
vt 0.918673 0.000000
vt 0.919974 1.000000
vt 0.919323 0.000000
vt 0.920625 1.000000
vt 0.919974 0.000000
vt 0.921275 1.000000
vt 0.920625 0.000000
vt 0.921926 1.000000
vt 0.921275 0.000000
vt 0.922576 1.000000
vt 0.921926 0.000000
vt 0.923227 1.000000
vt 0.922576 0.000000
vt 0.923878 1.000000
vt 0.923227 0.000000
vt 0.924528 1.000000
vt 0.923878 0.000000
vt 0.925179 1.000000
vt 0.924528 0.000000
vt 0.925830 1.000000
vt 0.925179 0.000000
vt 0.926480 1.000000
vt 0.925830 0.000000
vt 0.927131 1.000000
vt 0.926480 0.000000
vt 0.927781 1.000000
vt 0.927131 0.000000
vt 0.928432 1.000000
vt 0.927781 0.000000
vt 0.929083 1.000000
vt 0.928432 0.000000
vt 0.929733 1.000000
vt 0.929083 0.000000
vt 0.930384 1.000000
vt 0.929733 0.000000
vt 0.931035 1.000000
vt 0.930384 0.000000
vt 0.931685 1.000000
vt 0.931035 0.000000
vt 0.932336 1.000000
vt 0.931685 0.000000
vt 0.932986 1.000000
vt 0.932336 0.000000
vt 0.933637 1.000000
vt 0.932986 0.000000
vt 0.934288 1.000000
vt 0.933637 0.000000
vt 0.934938 1.000000
vt 0.934288 0.000000
vt 0.935589 1.000000
vt 0.934938 0.000000
vt 0.936239 1.000000
vt 0.935589 0.000000
vt 0.936890 1.000000
vt 0.936239 0.000000
vt 0.937541 1.000000
vt 0.936890 0.000000
vt 0.938191 1.000000
vt 0.937541 0.000000
vt 0.938842 1.000000
vt 0.938191 0.000000
vt 0.939493 1.000000
vt 0.938842 0.000000
vt 0.940143 1.000000
vt 0.939493 0.000000
vt 0.940794 1.000000
vt 0.940143 0.000000
vt 0.941444 1.000000
vt 0.940794 0.000000
vt 0.942095 1.000000
vt 0.941444 0.000000
vt 0.942746 1.000000
vt 0.942095 0.000000
vt 0.943396 1.000000
vt 0.942746 0.000000
vt 0.944047 1.000000
vt 0.943396 0.000000
vt 0.944697 1.000000
vt 0.944047 0.000000
vt 0.945348 1.000000
vt 0.944697 0.000000
vt 0.945999 1.000000
vt 0.945348 0.000000
vt 0.946649 1.000000
vt 0.945999 0.000000
vt 0.947300 1.000000
vt 0.946649 0.000000
vt 0.947951 1.000000
vt 0.947300 0.000000
vt 0.948601 1.000000
vt 0.947951 0.000000
vt 0.949252 1.000000
vt 0.948601 0.000000
vt 0.949902 1.000000
vt 0.949252 0.000000
vt 0.950553 1.000000
vt 0.949902 0.000000
vt 0.951204 1.000000
vt 0.950553 0.000000
vt 0.951854 1.000000
vt 0.951204 0.000000
vt 0.952505 1.000000
vt 0.951854 0.000000
vt 0.953156 1.000000
vt 0.952505 0.000000
vt 0.953806 1.000000
vt 0.953156 0.000000
vt 0.954457 1.000000
vt 0.953806 0.000000
vt 0.955107 1.000000
vt 0.954457 0.000000
vt 0.955758 1.000000
vt 0.955107 0.000000
vt 0.956409 1.000000
vt 0.955758 0.000000
vt 0.957059 1.000000
vt 0.956409 0.000000
vt 0.957710 1.000000
vt 0.957059 0.000000
vt 0.958360 1.000000
vt 0.957710 0.000000
vt 0.959011 1.000000
vt 0.958360 0.000000
vt 0.959662 1.000000
vt 0.959011 0.000000
vt 0.960312 1.000000
vt 0.959662 0.000000
vt 0.960963 1.000000
vt 0.960312 0.000000
vt 0.961614 1.000000
vt 0.960963 0.000000
vt 0.962264 1.000000
vt 0.961614 0.000000
vt 0.962915 1.000000
vt 0.962264 0.000000
vt 0.963565 1.000000
vt 0.962915 0.000000
vt 0.964216 1.000000
vt 0.963565 0.000000
vt 0.964867 1.000000
vt 0.964216 0.000000
vt 0.965517 1.000000
vt 0.964867 0.000000
vt 0.966168 1.000000
vt 0.965517 0.000000
vt 0.966818 1.000000
vt 0.966168 0.000000
vt 0.967469 1.000000
vt 0.966818 0.000000
vt 0.968120 1.000000
vt 0.967469 0.000000
vt 0.968770 1.000000
vt 0.968120 0.000000
vt 0.969421 1.000000
vt 0.968770 0.000000
vt 0.970072 1.000000
vt 0.969421 0.000000
vt 0.970722 1.000000
vt 0.970072 0.000000
vt 0.971373 1.000000
vt 0.970722 0.000000
vt 0.972023 1.000000
vt 0.971373 0.000000
vt 0.972674 1.000000
vt 0.972023 0.000000
vt 0.973325 1.000000
vt 0.972674 0.000000
vt 0.973975 1.000000
vt 0.973325 0.000000
vt 0.974626 1.000000
vt 0.973975 0.000000
vt 0.975277 1.000000
vt 0.974626 0.000000
vt 0.975927 1.000000
vt 0.975277 0.000000
vt 0.976578 1.000000
vt 0.975927 0.000000
vt 0.977228 1.000000
vt 0.976578 0.000000
vt 0.977879 1.000000
vt 0.977228 0.000000
vt 0.978530 1.000000
vt 0.977879 0.000000
vt 0.979180 1.000000
vt 0.978530 0.000000
vt 0.979831 1.000000
vt 0.979180 0.000000
vt 0.980481 1.000000
vt 0.979831 0.000000
vt 0.981132 1.000000
vt 0.980481 0.000000
vt 0.981783 1.000000
vt 0.981132 0.000000
vt 0.982433 1.000000
vt 0.981783 0.000000
vt 0.983084 1.000000
vt 0.982433 0.000000
vt 0.983735 1.000000
vt 0.983084 0.000000
vt 0.984385 1.000000
vt 0.983735 0.000000
vt 0.985036 1.000000
vt 0.984385 0.000000
vt 0.985686 1.000000
vt 0.985036 0.000000
vt 0.986337 1.000000
vt 0.985686 0.000000
vt 0.986988 1.000000
vt 0.986337 0.000000
vt 0.987638 1.000000
vt 0.986988 0.000000
vt 0.988289 1.000000
vt 0.987638 0.000000
vt 0.988939 1.000000
vt 0.988289 0.000000
vt 0.989590 1.000000
vt 0.988939 0.000000
vt 0.990241 1.000000
vt 0.989590 0.000000
vt 0.990891 1.000000
vt 0.990241 0.000000
vt 0.991542 1.000000
vt 0.990891 0.000000
vt 0.992193 1.000000
vt 0.991542 0.000000
vt 0.992843 1.000000
vt 0.992193 0.000000
vt 0.993494 1.000000
vt 0.992843 0.000000
vt 0.994144 1.000000
vt 0.993494 0.000000
vt 0.994795 1.000000
vt 0.994144 0.000000
vt 0.995446 1.000000
vt 0.994795 0.000000
vt 0.996096 1.000000
vt 0.995446 0.000000
vt 0.996747 1.000000
vt 0.996096 0.000000
vt 0.997398 1.000000
vt 0.996747 0.000000
vt 0.998048 1.000000
vt 0.997398 0.000000
vt 0.998699 1.000000
vt 0.998048 0.000000
vt 0.999349 1.000000
vt 0.998699 0.000000
vt 0.999349 0.000000
s 0
f 1601/1/1 1603/2/1 1602/3/1
f 1600/4/1 1603/2/1 1601/1/1
f 1599/5/1 1603/2/1 1600/4/1
f 1599/5/1 1604/6/1 1603/2/1
f 1598/7/1 1604/6/1 1599/5/1
f 1597/8/1 1604/6/1 1598/7/1
f 1597/8/1 1605/9/1 1604/6/1
f 1596/10/1 1605/9/1 1597/8/1
f 1595/11/1 1605/9/1 1596/10/1
f 1595/11/1 1606/12/1 1605/9/1
f 1594/13/1 1606/12/1 1595/11/1
f 1593/14/1 1606/12/1 1594/13/1
f 1593/14/1 1607/15/1 1606/12/1
f 1592/16/1 1607/15/1 1593/14/1
f 1591/17/1 1607/15/1 1592/16/1
f 1591/17/1 1608/18/1 1607/15/1
f 1590/19/1 1608/18/1 1591/17/1
f 1589/20/1 1608/18/1 1590/19/1
f 1589/20/1 1609/21/1 1608/18/1
f 1588/22/1 1609/21/1 1589/20/1
f 1587/23/1 1609/21/1 1588/22/1
f 1587/23/1 1610/24/1 1609/21/1
f 1586/25/1 1610/24/1 1587/23/1
f 1585/26/1 1610/24/1 1586/25/1
f 1585/26/1 1611/27/1 1610/24/1
f 1584/28/1 1611/27/1 1585/26/1
f 1583/29/1 1611/27/1 1584/28/1
f 1583/29/1 1612/30/1 1611/27/1
f 1582/31/1 1612/30/1 1583/29/1
f 1581/32/1 1612/30/1 1582/31/1
f 1581/32/1 1613/33/1 1612/30/1
f 1580/34/1 1613/33/1 1581/32/1
f 1579/35/1 1613/33/1 1580/34/1
f 1579/35/1 1614/36/1 1613/33/1
f 1578/37/1 1614/36/1 1579/35/1
f 1577/38/1 1614/36/1 1578/37/1
f 1576/39/1 1614/36/1 1577/38/1
f 1576/39/1 1615/40/1 1614/36/1
f 1575/41/1 1615/40/1 1576/39/1
f 1574/42/1 1615/40/1 1575/41/1
f 1574/42/1 1616/43/1 1615/40/1
f 1573/44/1 1616/43/1 1574/42/1
f 1572/45/1 1616/43/1 1573/44/1
f 1572/45/1 1617/46/1 1616/43/1
f 1571/47/1 1617/46/1 1572/45/1
f 1570/48/1 1617/46/1 1571/47/1
f 1570/48/1 1618/49/1 1617/46/1
f 1569/50/1 1618/49/1 1570/48/1
f 1568/51/1 1618/49/1 1569/50/1
f 1568/51/1 1619/52/1 1618/49/1
f 1567/53/1 1619/52/1 1568/51/1
f 1566/54/1 1619/52/1 1567/53/1
f 1566/54/1 1620/55/1 1619/52/1
f 1565/56/1 1620/55/1 1566/54/1
f 1564/57/1 1620/55/1 1565/56/1
f 1564/57/1 1621/58/1 1620/55/1
f 1563/59/1 1621/58/1 1564/57/1
f 1562/60/1 1621/58/1 1563/59/1
f 1562/60/1 1622/61/1 1621/58/1
f 1561/62/1 1622/61/1 1562/60/1
f 1560/63/1 1622/61/1 1561/62/1
f 1560/63/1 1623/64/1 1622/61/1
f 1559/65/1 1623/64/1 1560/63/1
f 1558/66/1 1623/64/1 1559/65/1
f 1558/66/1 1624/67/1 1623/64/1
f 1557/68/1 1624/67/1 1558/66/1
f 1556/69/1 1624/67/1 1557/68/1
f 1556/69/1 1625/70/1 1624/67/1
f 1555/71/1 1625/70/1 1556/69/1
f 1554/72/1 1625/70/1 1555/71/1
f 1553/73/1 1625/70/1 1554/72/1
f 1553/73/1 1626/74/1 1625/70/1
f 1552/75/1 1626/74/1 1553/73/1
f 1551/76/1 1626/74/1 1552/75/1
f 1551/76/1 1627/77/1 1626/74/1
f 1550/78/1 1627/77/1 1551/76/1
f 1549/79/1 1627/77/1 1550/78/1
f 1549/79/1 1628/80/1 1627/77/1
f 1548/81/1 1628/80/1 1549/79/1
f 1547/82/1 1628/80/1 1548/81/1
f 1547/82/1 1629/83/1 1628/80/1
f 1546/84/1 1629/83/1 1547/82/1
f 1545/85/1 1629/83/1 1546/84/1
f 1545/85/1 1630/86/1 1629/83/1
f 1544/87/1 1630/86/1 1545/85/1
f 1543/88/1 1630/86/1 1544/87/1
f 1543/88/1 1631/89/1 1630/86/1
f 1542/90/1 1631/89/1 1543/88/1
f 1541/91/1 1631/89/1 1542/90/1
f 1541/91/1 1632/92/1 1631/89/1
f 1540/93/1 1632/92/1 1541/91/1
f 1539/94/1 1632/92/1 1540/93/1
f 1539/94/1 1633/95/1 1632/92/1
f 1538/96/1 1633/95/1 1539/94/1
f 2625/97/1 1633/95/1 1538/96/1
f 2625/97/1 1634/98/1 1633/95/1
f 2624/99/1 1634/98/1 2625/97/1
f 2623/100/1 1634/98/1 2624/99/1
f 2622/101/1 1634/98/1 2623/100/1
f 2622/101/1 1635/102/1 1634/98/1
f 2621/103/1 1635/102/1 2622/101/1
f 2620/104/1 1635/102/1 2621/103/1
f 2619/105/1 1635/102/1 2620/104/1
f 2619/105/1 1636/106/1 1635/102/1
f 2618/107/1 1636/106/1 2619/105/1
f 2617/108/1 1636/106/1 2618/107/1
f 2616/109/1 1636/106/1 2617/108/1
f 2616/109/1 1637/110/1 1636/106/1
f 2615/111/1 1637/110/1 2616/109/1
f 2614/112/1 1637/110/1 2615/111/1
f 2613/113/1 1637/110/1 2614/112/1
f 2613/113/1 1638/114/1 1637/110/1
f 2612/115/1 1638/114/1 2613/113/1
f 2611/116/1 1638/114/1 2612/115/1
f 2610/117/1 1638/114/1 2611/116/1
f 2610/117/1 1639/118/1 1638/114/1
f 2609/119/1 1639/118/1 2610/117/1
f 2608/120/1 1639/118/1 2609/119/1
f 2607/121/1 1639/118/1 2608/120/1
f 2607/121/1 1640/122/1 1639/118/1
f 2606/123/1 1640/122/1 2607/121/1
f 2605/124/1 1640/122/1 2606/123/1
f 2605/124/1 1641/125/1 1640/122/1
f 2604/126/1 1641/125/1 2605/124/1
f 2603/127/1 1641/125/1 2604/126/1
f 2602/128/1 1641/125/1 2603/127/1
f 2602/128/1 1642/129/1 1641/125/1
f 2601/130/1 1642/129/1 2602/128/1
f 2600/131/1 1642/129/1 2601/130/1
f 2599/132/1 1642/129/1 2600/131/1
f 2599/132/1 1643/133/1 1642/129/1
f 2598/134/1 1643/133/1 2599/132/1
f 2597/135/1 1643/133/1 2598/134/1
f 2596/136/1 1643/133/1 2597/135/1
f 2596/136/1 1644/137/1 1643/133/1
f 2595/138/1 1644/137/1 2596/136/1
f 2594/139/1 1644/137/1 2595/138/1
f 2593/140/1 1644/137/1 2594/139/1
f 2593/140/1 1645/141/1 1644/137/1
f 2592/142/1 1645/141/1 2593/140/1
f 2591/143/1 1645/141/1 2592/142/1
f 2591/143/1 1646/144/1 1645/141/1
f 2590/145/1 1646/144/1 2591/143/1
f 2589/146/1 1646/144/1 2590/145/1
f 2588/147/1 1646/144/1 2589/146/1
f 2588/147/1 1647/148/1 1646/144/1
f 2587/149/1 1647/148/1 2588/147/1
f 2586/150/1 1647/148/1 2587/149/1
f 2585/151/1 1647/148/1 2586/150/1
f 2585/151/1 1648/152/1 1647/148/1
f 2584/153/1 1648/152/1 2585/151/1
f 2583/154/1 1648/152/1 2584/153/1
f 2582/155/1 1648/152/1 2583/154/1
f 2582/155/1 1649/156/1 1648/152/1
f 2581/157/1 1649/156/1 2582/155/1
f 2580/158/1 1649/156/1 2581/157/1
f 2580/158/1 1650/159/1 1649/156/1
f 2579/160/1 1650/159/1 2580/158/1
f 2578/161/1 1650/159/1 2579/160/1
f 2577/162/1 1650/159/1 2578/161/1
f 2577/162/1 1651/163/1 1650/159/1
f 2576/164/1 1651/163/1 2577/162/1
f 2575/165/1 1651/163/1 2576/164/1
f 2574/166/1 1651/163/1 2575/165/1
f 2574/166/1 1652/167/1 1651/163/1
f 2573/168/1 1652/167/1 2574/166/1
f 2572/169/1 1652/167/1 2573/168/1
f 2572/169/1 1653/170/1 1652/167/1
f 2571/171/1 1653/170/1 2572/169/1
f 2570/172/1 1653/170/1 2571/171/1
f 2569/173/1 1653/170/1 2570/172/1
f 2569/173/1 1654/174/1 1653/170/1
f 2568/175/1 1654/174/1 2569/173/1
f 2567/176/1 1654/174/1 2568/175/1
f 2566/177/1 1654/174/1 2567/176/1
f 2566/177/1 1655/178/1 1654/174/1
f 2565/179/1 1655/178/1 2566/177/1
f 2564/180/1 1655/178/1 2565/179/1
f 2563/181/1 1655/178/1 2564/180/1
f 2563/181/1 1656/182/1 1655/178/1
f 2562/183/1 1656/182/1 2563/181/1
f 2561/184/1 1656/182/1 2562/183/1
f 2561/184/1 1657/185/1 1656/182/1
f 2561/184/1 1658/186/1 1657/185/1
f 2560/187/1 1658/186/1 2561/184/1
f 2560/187/1 1659/188/1 1658/186/1
f 2559/189/1 1659/188/1 2560/187/1
f 2559/189/1 1660/190/1 1659/188/1
f 2559/189/1 1661/191/1 1660/190/1
f 2558/192/1 1661/191/1 2559/189/1
f 2558/192/1 1662/193/1 1661/191/1
f 2557/194/1 1662/193/1 2558/192/1
f 2557/194/1 1663/195/1 1662/193/1
f 2557/194/1 1664/196/1 1663/195/1
f 2556/197/1 1664/196/1 2557/194/1
f 2556/197/1 1665/198/1 1664/196/1
f 2555/199/1 1665/198/1 2556/197/1
f 2555/199/1 1666/200/1 1665/198/1
f 2555/199/1 1667/201/1 1666/200/1
f 2554/202/1 1667/201/1 2555/199/1
f 2553/203/1 1667/201/1 2554/202/1
f 2553/203/1 1668/204/1 1667/201/1
f 2552/205/1 1668/204/1 2553/203/1
f 2552/205/1 1669/206/1 1668/204/1
f 2551/207/1 1669/206/1 2552/205/1
f 2551/207/1 1670/208/1 1669/206/1
f 2550/209/1 1670/208/1 2551/207/1
f 2550/209/1 1671/210/1 1670/208/1
f 2549/211/1 1671/210/1 2550/209/1
f 2548/212/1 1671/210/1 2549/211/1
f 2548/212/1 1672/213/1 1671/210/1
f 2547/214/1 1672/213/1 2548/212/1
f 2547/214/1 1673/215/1 1672/213/1
f 2546/216/1 1673/215/1 2547/214/1
f 2546/216/1 1674/217/1 1673/215/1
f 2545/218/1 1674/217/1 2546/216/1
f 2545/218/1 1675/219/1 1674/217/1
f 2544/220/1 1675/219/1 2545/218/1
f 2544/220/1 1676/221/1 1675/219/1
f 2543/222/1 1676/221/1 2544/220/1
f 2542/223/1 1676/221/1 2543/222/1
f 2542/223/1 1677/224/1 1676/221/1
f 2541/225/1 1677/224/1 2542/223/1
f 2541/225/1 1678/226/1 1677/224/1
f 2540/227/1 1678/226/1 2541/225/1
f 2540/227/1 1679/228/1 1678/226/1
f 2539/229/1 1679/228/1 2540/227/1
f 2539/229/1 1680/230/1 1679/228/1
f 2538/231/1 1680/230/1 2539/229/1
f 2537/232/1 1680/230/1 2538/231/1
f 2537/232/1 1681/233/1 1680/230/1
f 2536/234/1 1681/233/1 2537/232/1
f 2536/234/1 1682/235/1 1681/233/1
f 2535/236/1 1682/235/1 2536/234/1
f 2535/236/1 1683/237/1 1682/235/1
f 2534/238/1 1683/237/1 2535/236/1
f 2534/238/1 1684/239/1 1683/237/1
f 2533/240/1 1684/239/1 2534/238/1
f 2533/240/1 1685/241/1 1684/239/1
f 2532/242/1 1685/241/1 2533/240/1
f 2531/243/1 1685/241/1 2532/242/1
f 2531/243/1 1686/244/1 1685/241/1
f 2530/245/1 1686/244/1 2531/243/1
f 2530/245/1 1687/246/1 1686/244/1
f 2529/247/1 1687/246/1 2530/245/1
f 2529/247/1 1688/248/1 1687/246/1
f 2528/249/1 1688/248/1 2529/247/1
f 2528/249/1 1689/250/1 1688/248/1
f 2527/251/1 1689/250/1 2528/249/1
f 2527/251/1 1690/252/1 1689/250/1
f 2526/253/1 1690/252/1 2527/251/1
f 2525/254/1 1690/252/1 2526/253/1
f 2525/254/1 1691/255/1 1690/252/1
f 2524/256/1 1691/255/1 2525/254/1
f 2524/256/1 1692/257/1 1691/255/1
f 2523/258/1 1692/257/1 2524/256/1
f 2523/258/1 1693/259/1 1692/257/1
f 2522/260/1 1693/259/1 2523/258/1
f 2522/260/1 1694/261/1 1693/259/1
f 2521/262/1 1694/261/1 2522/260/1
f 2521/262/1 1695/263/1 1694/261/1
f 2520/264/1 1695/263/1 2521/262/1
f 2519/265/1 1695/263/1 2520/264/1
f 2519/265/1 1696/266/1 1695/263/1
f 2518/267/1 1696/266/1 2519/265/1
f 2518/267/1 1697/268/1 1696/266/1
f 2517/269/1 1697/268/1 2518/267/1
f 2517/269/1 1698/270/1 1697/268/1
f 2516/271/1 1698/270/1 2517/269/1
f 2516/271/1 1699/272/1 1698/270/1
f 2515/273/1 1699/272/1 2516/271/1
f 2515/273/1 1700/274/1 1699/272/1
f 2514/275/1 1700/274/1 2515/273/1
f 2513/276/1 1700/274/1 2514/275/1
f 2513/276/1 1701/277/1 1700/274/1
f 2512/278/1 1701/277/1 2513/276/1
f 2512/278/1 1702/279/1 1701/277/1
f 2511/280/1 1702/279/1 2512/278/1
f 2511/280/1 1703/281/1 1702/279/1
f 2510/282/1 1703/281/1 2511/280/1
f 2510/282/1 1704/283/1 1703/281/1
f 2509/284/1 1704/283/1 2510/282/1
f 2509/284/1 1705/285/1 1704/283/1
f 2508/286/1 1705/285/1 2509/284/1
f 2507/287/1 1705/285/1 2508/286/1
f 2507/287/1 1706/288/1 1705/285/1
f 2506/289/1 1706/288/1 2507/287/1
f 2506/289/1 1707/290/1 1706/288/1
f 2505/291/1 1707/290/1 2506/289/1
f 2505/291/1 1708/292/1 1707/290/1
f 2504/293/1 1708/292/1 2505/291/1
f 2504/293/1 1709/294/1 1708/292/1
f 2503/295/1 1709/294/1 2504/293/1
f 2503/295/1 1710/296/1 1709/294/1
f 2502/297/1 1710/296/1 2503/295/1
f 2501/298/1 1710/296/1 2502/297/1
f 2501/298/1 1711/299/1 1710/296/1
f 2500/300/1 1711/299/1 2501/298/1
f 2500/300/1 1712/301/1 1711/299/1
f 2499/302/1 1712/301/1 2500/300/1
f 2499/302/1 1713/303/1 1712/301/1
f 2498/304/1 1713/303/1 2499/302/1
f 2498/304/1 1714/305/1 1713/303/1
f 2497/306/1 1714/305/1 2498/304/1
f 2496/307/1 1714/305/1 2497/306/1
f 2496/307/1 1715/308/1 1714/305/1
f 2495/309/1 1715/308/1 2496/307/1
f 2494/310/1 1715/308/1 2495/309/1
f 2493/311/1 1715/308/1 2494/310/1
f 2493/311/1 1716/312/1 1715/308/1
f 2492/313/1 1716/312/1 2493/311/1
f 2491/314/1 1716/312/1 2492/313/1
f 2491/314/1 1717/315/1 1716/312/1
f 2490/316/1 1717/315/1 2491/314/1
f 2489/317/1 1717/315/1 2490/316/1
f 2488/318/1 1717/315/1 2489/317/1
f 2488/318/1 1718/319/1 1717/315/1
f 2487/320/1 1718/319/1 2488/318/1
f 2486/321/1 1718/319/1 2487/320/1
f 2486/321/1 1719/322/1 1718/319/1
f 2485/323/1 1719/322/1 2486/321/1
f 2484/324/1 1719/322/1 2485/323/1
f 2484/324/1 1720/325/1 1719/322/1
f 2483/326/1 1720/325/1 2484/324/1
f 2482/327/1 1720/325/1 2483/326/1
f 2481/328/1 1720/325/1 2482/327/1
f 2481/328/1 1721/329/1 1720/325/1
f 2480/330/1 1721/329/1 2481/328/1
f 2479/331/1 1721/329/1 2480/330/1
f 2479/331/1 1722/332/1 1721/329/1
f 2478/333/1 1722/332/1 2479/331/1
f 2477/334/1 1722/332/1 2478/333/1
f 2476/335/1 1722/332/1 2477/334/1
f 2476/335/1 1723/336/1 1722/332/1
f 2475/337/1 1723/336/1 2476/335/1
f 2474/338/1 1723/336/1 2475/337/1
f 2474/338/1 1724/339/1 1723/336/1
f 2473/340/1 1724/339/1 2474/338/1
f 2472/341/1 1724/339/1 2473/340/1
f 2471/342/1 1724/339/1 2472/341/1
f 2471/342/1 1725/343/1 1724/339/1
f 2470/344/1 1725/343/1 2471/342/1
f 2469/345/1 1725/343/1 2470/344/1
f 2469/345/1 1726/346/1 1725/343/1
f 2468/347/1 1726/346/1 2469/345/1
f 2467/348/1 1726/346/1 2468/347/1
f 2467/348/1 1727/349/1 1726/346/1
f 2466/350/1 1727/349/1 2467/348/1
f 2465/351/1 1727/349/1 2466/350/1
f 2464/352/1 1727/349/1 2465/351/1
f 2464/352/1 1728/353/1 1727/349/1
f 2463/354/1 1728/353/1 2464/352/1
f 2462/355/1 1728/353/1 2463/354/1
f 2462/355/1 1729/356/1 1728/353/1
f 2461/357/1 1729/356/1 2462/355/1
f 2460/358/1 1729/356/1 2461/357/1
f 2459/359/1 1729/356/1 2460/358/1
f 2459/359/1 1730/360/1 1729/356/1
f 2458/361/1 1730/360/1 2459/359/1
f 2457/362/1 1730/360/1 2458/361/1
f 2457/362/1 1731/363/1 1730/360/1
f 2456/364/1 1731/363/1 2457/362/1
f 2455/365/1 1731/363/1 2456/364/1
f 2455/365/1 1732/366/1 1731/363/1
f 2454/367/1 1732/366/1 2455/365/1
f 2453/368/1 1732/366/1 2454/367/1
f 2453/368/1 1733/369/1 1732/366/1
f 2452/370/1 1733/369/1 2453/368/1
f 2451/371/1 1733/369/1 2452/370/1
f 2451/371/1 1734/372/1 1733/369/1
f 2450/373/1 1734/372/1 2451/371/1
f 2449/374/1 1734/372/1 2450/373/1
f 2449/374/1 1735/375/1 1734/372/1
f 2448/376/1 1735/375/1 2449/374/1
f 2447/377/1 1735/375/1 2448/376/1
f 2447/377/1 1736/378/1 1735/375/1
f 2446/379/1 1736/378/1 2447/377/1
f 2445/380/1 1736/378/1 2446/379/1
f 2445/380/1 1737/381/1 1736/378/1
f 2444/382/1 1737/381/1 2445/380/1
f 2443/383/1 1737/381/1 2444/382/1
f 2443/383/1 1738/384/1 1737/381/1
f 2442/385/1 1738/384/1 2443/383/1
f 2441/386/1 1738/384/1 2442/385/1
f 2441/386/1 1739/387/1 1738/384/1
f 2440/388/1 1739/387/1 2441/386/1
f 2439/389/1 1739/387/1 2440/388/1
f 2439/389/1 1740/390/1 1739/387/1
f 2438/391/1 1740/390/1 2439/389/1
f 2437/392/1 1740/390/1 2438/391/1
f 2437/392/1 1741/393/1 1740/390/1
f 2436/394/1 1741/393/1 2437/392/1
f 2436/394/1 1742/395/1 1741/393/1
f 2435/396/1 1742/395/1 2436/394/1
f 2434/397/1 1742/395/1 2435/396/1
f 2434/397/1 1743/398/1 1742/395/1
f 2433/399/1 1743/398/1 2434/397/1
f 2432/400/1 1743/398/1 2433/399/1
f 2432/400/1 1744/401/1 1743/398/1
f 2431/402/1 1744/401/1 2432/400/1
f 2430/403/1 1744/401/1 2431/402/1
f 2430/403/1 1745/404/1 1744/401/1
f 2429/405/1 1745/404/1 2430/403/1
f 2428/406/1 1745/404/1 2429/405/1
f 2428/406/1 1746/407/1 1745/404/1
f 2427/408/1 1746/407/1 2428/406/1
f 2426/409/1 1746/407/1 2427/408/1
f 2426/409/1 1747/410/1 1746/407/1
f 2425/411/1 1747/410/1 2426/409/1
f 2425/411/1 1748/412/1 1747/410/1
f 2424/413/1 1748/412/1 2425/411/1
f 2423/414/1 1748/412/1 2424/413/1
f 2423/414/1 1749/415/1 1748/412/1
f 2422/416/1 1749/415/1 2423/414/1
f 2421/417/1 1749/415/1 2422/416/1
f 2421/417/1 1750/418/1 1749/415/1
f 2420/419/1 1750/418/1 2421/417/1
f 2419/420/1 1750/418/1 2420/419/1
f 2419/420/1 1751/421/1 1750/418/1
f 2418/422/1 1751/421/1 2419/420/1
f 2417/423/1 1751/421/1 2418/422/1
f 2417/423/1 1752/424/1 1751/421/1
f 2416/425/1 1752/424/1 2417/423/1
f 2415/426/1 1752/424/1 2416/425/1
f 2415/426/1 1753/427/1 1752/424/1
f 2414/428/1 1753/427/1 2415/426/1
f 2413/429/1 1753/427/1 2414/428/1
f 2413/429/1 1754/430/1 1753/427/1
f 2412/431/1 1754/430/1 2413/429/1
f 2411/432/1 1754/430/1 2412/431/1
f 2411/432/1 1755/433/1 1754/430/1
f 2410/434/1 1755/433/1 2411/432/1
f 2409/435/1 1755/433/1 2410/434/1
f 2409/435/1 1756/436/1 1755/433/1
f 2408/437/1 1756/436/1 2409/435/1
f 2407/438/1 1756/436/1 2408/437/1
f 2407/438/1 1757/439/1 1756/436/1
f 2406/440/1 1757/439/1 2407/438/1
f 2405/441/1 1757/439/1 2406/440/1
f 2405/441/1 1758/442/1 1757/439/1
f 2404/443/1 1758/442/1 2405/441/1
f 2403/444/1 1758/442/1 2404/443/1
f 2403/444/1 1759/445/1 1758/442/1
f 2402/446/1 1759/445/1 2403/444/1
f 2401/447/1 1759/445/1 2402/446/1
f 2401/447/1 1760/448/1 1759/445/1
f 2400/449/1 1760/448/1 2401/447/1
f 2399/450/1 1760/448/1 2400/449/1
f 2398/451/1 1760/448/1 2399/450/1
f 2398/451/1 1761/452/1 1760/448/1
f 2397/453/1 1761/452/1 2398/451/1
f 2396/454/1 1761/452/1 2397/453/1
f 2396/454/1 1762/455/1 1761/452/1
f 2395/456/1 1762/455/1 2396/454/1
f 2394/457/1 1762/455/1 2395/456/1
f 2394/457/1 1763/458/1 1762/455/1
f 2393/459/1 1763/458/1 2394/457/1
f 2392/460/1 1763/458/1 2393/459/1
f 2391/461/1 1763/458/1 2392/460/1
f 2391/461/1 1764/462/1 1763/458/1
f 2390/463/1 1764/462/1 2391/461/1
f 2389/464/1 1764/462/1 2390/463/1
f 2389/464/1 1765/465/1 1764/462/1
f 2388/466/1 1765/465/1 2389/464/1
f 2387/467/1 1765/465/1 2388/466/1
f 2387/467/1 1766/468/1 1765/465/1
f 2386/469/1 1766/468/1 2387/467/1
f 2385/470/1 1766/468/1 2386/469/1
f 2384/471/1 1766/468/1 2385/470/1
f 2384/471/1 1767/472/1 1766/468/1
f 2383/473/1 1767/472/1 2384/471/1
f 2382/474/1 1767/472/1 2383/473/1
f 2382/474/1 1768/475/1 1767/472/1
f 2381/476/1 1768/475/1 2382/474/1
f 2380/477/1 1768/475/1 2381/476/1
f 2379/478/1 1768/475/1 2380/477/1
f 2379/478/1 1769/479/1 1768/475/1
f 2378/480/1 1769/479/1 2379/478/1
f 2377/481/1 1769/479/1 2378/480/1
f 2377/481/1 1770/482/1 1769/479/1
f 2376/483/1 1770/482/1 2377/481/1
f 2375/484/1 1770/482/1 2376/483/1
f 2374/485/1 1770/482/1 2375/484/1
f 2374/485/1 1771/486/1 1770/482/1
f 2373/487/1 1771/486/1 2374/485/1
f 2372/488/1 1771/486/1 2373/487/1
f 2371/489/1 1771/486/1 2372/488/1
f 2371/489/1 1772/490/1 1771/486/1
f 2370/491/1 1772/490/1 2371/489/1
f 2369/492/1 1772/490/1 2370/491/1
f 2368/493/1 1772/490/1 2369/492/1
f 2368/493/1 1773/494/1 1772/490/1
f 2367/495/1 1773/494/1 2368/493/1
f 2366/496/1 1773/494/1 2367/495/1
f 2365/497/1 1773/494/1 2366/496/1
f 2364/498/1 1773/494/1 2365/497/1
f 2364/498/1 1774/499/1 1773/494/1
f 2363/500/1 1774/499/1 2364/498/1
f 2362/501/1 1774/499/1 2363/500/1
f 2361/502/1 1774/499/1 2362/501/1
f 2360/503/1 1774/499/1 2361/502/1
f 2360/503/1 1775/504/1 1774/499/1
f 2359/505/1 1775/504/1 2360/503/1
f 2358/506/1 1775/504/1 2359/505/1
f 2357/507/1 1775/504/1 2358/506/1
f 2356/508/1 1775/504/1 2357/507/1
f 2355/509/1 1775/504/1 2356/508/1
f 2355/509/1 1776/510/1 1775/504/1
f 2354/511/1 1776/510/1 2355/509/1
f 2353/512/1 1776/510/1 2354/511/1
f 2352/513/1 1776/510/1 2353/512/1
f 2351/514/1 1776/510/1 2352/513/1
f 2351/514/1 1777/515/1 1776/510/1
f 2350/516/1 1777/515/1 2351/514/1
f 2349/517/1 1777/515/1 2350/516/1
f 2348/518/1 1777/515/1 2349/517/1
f 2347/519/1 1777/515/1 2348/518/1
f 2346/520/1 1777/515/1 2347/519/1
f 2346/520/1 1778/521/1 1777/515/1
f 2345/522/1 1778/521/1 2346/520/1
f 2344/523/1 1778/521/1 2345/522/1
f 2343/524/1 1778/521/1 2344/523/1
f 2342/525/1 1778/521/1 2343/524/1
f 2341/526/1 1778/521/1 2342/525/1
f 2341/526/1 1779/527/1 1778/521/1
f 2340/528/1 1779/527/1 2341/526/1
f 2339/529/1 1779/527/1 2340/528/1
f 2338/530/1 1779/527/1 2339/529/1
f 2337/531/1 1779/527/1 2338/530/1
f 2336/532/1 1779/527/1 2337/531/1
f 2336/532/1 1780/533/1 1779/527/1
f 2335/534/1 1780/533/1 2336/532/1
f 2334/535/1 1780/533/1 2335/534/1
f 2333/536/1 1780/533/1 2334/535/1
f 2332/537/1 1780/533/1 2333/536/1
f 2331/538/1 1780/533/1 2332/537/1
f 2330/539/1 1780/533/1 2331/538/1
f 2330/539/1 1781/540/1 1780/533/1
f 2329/541/1 1781/540/1 2330/539/1
f 2328/542/1 1781/540/1 2329/541/1
f 2327/543/1 1781/540/1 2328/542/1
f 2326/544/1 1781/540/1 2327/543/1
f 2325/545/1 1781/540/1 2326/544/1
f 2324/546/1 1781/540/1 2325/545/1
f 2324/546/1 1782/547/1 1781/540/1
f 2323/548/1 1782/547/1 2324/546/1
f 2322/549/1 1782/547/1 2323/548/1
f 2321/550/1 1782/547/1 2322/549/1
f 2320/551/1 1782/547/1 2321/550/1
f 2319/552/1 1782/547/1 2320/551/1
f 2318/553/1 1782/547/1 2319/552/1
f 2317/554/1 1782/547/1 2318/553/1
f 2317/554/1 1783/555/1 1782/547/1
f 2316/556/1 1783/555/1 2317/554/1
f 2315/557/1 1783/555/1 2316/556/1
f 2314/558/1 1783/555/1 2315/557/1
f 2313/559/1 1783/555/1 2314/558/1
f 2312/560/1 1783/555/1 2313/559/1
f 2311/561/1 1783/555/1 2312/560/1
f 2310/562/1 1783/555/1 2311/561/1
f 2309/563/1 1783/555/1 2310/562/1
f 2309/563/1 1784/564/1 1783/555/1
f 2308/565/1 1784/564/1 2309/563/1
f 2307/566/1 1784/564/1 2308/565/1
f 2306/567/1 1784/564/1 2307/566/1
f 2305/568/1 1784/564/1 2306/567/1
f 2304/569/1 1784/564/1 2305/568/1
f 2303/570/1 1784/564/1 2304/569/1
f 2302/571/1 1784/564/1 2303/570/1
f 2302/571/1 1785/572/1 1784/564/1
f 2301/573/1 1785/572/1 2302/571/1
f 2300/574/1 1785/572/1 2301/573/1
f 2299/575/1 1785/572/1 2300/574/1
f 2298/576/1 1785/572/1 2299/575/1
f 2297/577/1 1785/572/1 2298/576/1
f 2296/578/1 1785/572/1 2297/577/1
f 2296/578/1 1786/579/1 1785/572/1
f 2295/580/1 1786/579/1 2296/578/1
f 2294/581/1 1786/579/1 2295/580/1
f 2293/582/1 1786/579/1 2294/581/1
f 2292/583/1 1786/579/1 2293/582/1
f 2291/584/1 1786/579/1 2292/583/1
f 2290/585/1 1786/579/1 2291/584/1
f 2290/585/1 1787/586/1 1786/579/1
f 2289/587/1 1787/586/1 2290/585/1
f 2288/588/1 1787/586/1 2289/587/1
f 2287/589/1 1787/586/1 2288/588/1
f 2286/590/1 1787/586/1 2287/589/1
f 2285/591/1 1787/586/1 2286/590/1
f 2284/592/1 1787/586/1 2285/591/1
f 2284/592/1 1788/593/1 1787/586/1
f 2283/594/1 1788/593/1 2284/592/1
f 2282/595/1 1788/593/1 2283/594/1
f 2281/596/1 1788/593/1 2282/595/1
f 2280/597/1 1788/593/1 2281/596/1
f 2279/598/1 1788/593/1 2280/597/1
f 2278/599/1 1788/593/1 2279/598/1
f 2278/599/1 1789/600/1 1788/593/1
f 2277/601/1 1789/600/1 2278/599/1
f 2276/602/1 1789/600/1 2277/601/1
f 2275/603/1 1789/600/1 2276/602/1
f 2274/604/1 1789/600/1 2275/603/1
f 2273/605/1 1789/600/1 2274/604/1
f 2273/605/1 1790/606/1 1789/600/1
f 2272/607/1 1790/606/1 2273/605/1
f 2271/608/1 1790/606/1 2272/607/1
f 2270/609/1 1790/606/1 2271/608/1
f 2269/610/1 1790/606/1 2270/609/1
f 2268/611/1 1790/606/1 2269/610/1
f 2268/611/1 1791/612/1 1790/606/1
f 2267/613/1 1791/612/1 2268/611/1
f 2266/614/1 1791/612/1 2267/613/1
f 2265/615/1 1791/612/1 2266/614/1
f 2264/616/1 1791/612/1 2265/615/1
f 2263/617/1 1791/612/1 2264/616/1
f 2263/617/1 1792/618/1 1791/612/1
f 2262/619/1 1792/618/1 2263/617/1
f 2261/620/1 1792/618/1 2262/619/1
f 2260/621/1 1792/618/1 2261/620/1
f 2259/622/1 1792/618/1 2260/621/1
f 2258/623/1 1792/618/1 2259/622/1
f 2258/623/1 1793/624/1 1792/618/1
f 2257/625/1 1793/624/1 2258/623/1
f 2256/626/1 1793/624/1 2257/625/1
f 2255/627/1 1793/624/1 2256/626/1
f 2254/628/1 1793/624/1 2255/627/1
f 2253/629/1 1793/624/1 2254/628/1
f 2253/629/1 1794/630/1 1793/624/1
f 2252/631/1 1794/630/1 2253/629/1
f 2251/632/1 1794/630/1 2252/631/1
f 2250/633/1 1794/630/1 2251/632/1
f 2249/634/1 1794/630/1 2250/633/1
f 2248/635/1 1794/630/1 2249/634/1
f 2248/635/1 1795/636/1 1794/630/1
f 2247/637/1 1795/636/1 2248/635/1
f 2246/638/1 1795/636/1 2247/637/1
f 2245/639/1 1795/636/1 2246/638/1
f 2245/639/1 1796/640/1 1795/636/1
f 2244/641/1 1796/640/1 2245/639/1
f 2243/642/1 1796/640/1 2244/641/1
f 2242/643/1 1796/640/1 2243/642/1
f 2241/644/1 1796/640/1 2242/643/1
f 2240/645/1 1796/640/1 2241/644/1
f 2240/645/1 1797/646/1 1796/640/1
f 2239/647/1 1797/646/1 2240/645/1
f 2238/648/1 1797/646/1 2239/647/1
f 2237/649/1 1797/646/1 2238/648/1
f 2236/650/1 1797/646/1 2237/649/1
f 2235/651/1 1797/646/1 2236/650/1
f 2234/652/1 1797/646/1 2235/651/1
f 2233/653/1 1797/646/1 2234/652/1
f 2232/654/1 1797/646/1 2233/653/1
f 2231/655/1 1797/646/1 2232/654/1
f 2231/655/1 1798/656/1 1797/646/1
f 2230/657/1 1798/656/1 2231/655/1
f 2229/658/1 1798/656/1 2230/657/1
f 2228/659/1 1798/656/1 2229/658/1
f 2227/660/1 1798/656/1 2228/659/1
f 2226/661/1 1798/656/1 2227/660/1
f 2225/662/1 1798/656/1 2226/661/1
f 2224/663/1 1798/656/1 2225/662/1
f 2223/664/1 1798/656/1 2224/663/1
f 2222/665/1 1798/656/1 2223/664/1
f 2221/666/1 1798/656/1 2222/665/1
f 2221/666/1 1799/667/1 1798/656/1
f 2220/668/1 1799/667/1 2221/666/1
f 2219/669/1 1799/667/1 2220/668/1
f 2218/670/1 1799/667/1 2219/669/1
f 2217/671/1 1799/667/1 2218/670/1
f 2216/672/1 1799/667/1 2217/671/1
f 2215/673/1 1799/667/1 2216/672/1
f 2214/674/1 1799/667/1 2215/673/1
f 2213/675/1 1799/667/1 2214/674/1
f 2212/676/1 1799/667/1 2213/675/1
f 2212/676/1 1800/677/1 1799/667/1
f 2211/678/1 1800/677/1 2212/676/1
f 2210/679/1 1800/677/1 2211/678/1
f 2209/680/1 1800/677/1 2210/679/1
f 2208/681/1 1800/677/1 2209/680/1
f 2207/682/1 1800/677/1 2208/681/1
f 2206/683/1 1800/677/1 2207/682/1
f 2205/684/1 1800/677/1 2206/683/1
f 2204/685/1 1800/677/1 2205/684/1
f 2203/686/1 1800/677/1 2204/685/1
f 2203/686/1 1801/687/1 1800/677/1
f 2202/688/1 1801/687/1 2203/686/1
f 2201/689/1 1801/687/1 2202/688/1
f 2200/690/1 1801/687/1 2201/689/1
f 2199/691/1 1801/687/1 2200/690/1
f 2198/692/1 1801/687/1 2199/691/1
f 2197/693/1 1801/687/1 2198/692/1
f 2196/694/1 1801/687/1 2197/693/1
f 2195/695/1 1801/687/1 2196/694/1
f 2194/696/1 1801/687/1 2195/695/1
f 2194/696/1 1802/697/1 1801/687/1
f 2193/698/1 1802/697/1 2194/696/1
f 2192/699/1 1802/697/1 2193/698/1
f 2191/700/1 1802/697/1 2192/699/1
f 2190/701/1 1802/697/1 2191/700/1
f 2189/702/1 1802/697/1 2190/701/1
f 2188/703/1 1802/697/1 2189/702/1
f 2187/704/1 1802/697/1 2188/703/1
f 2186/705/1 1802/697/1 2187/704/1
f 2185/706/1 1802/697/1 2186/705/1
f 2185/706/1 1803/707/1 1802/697/1
f 2184/708/1 1803/707/1 2185/706/1
f 2183/709/1 1803/707/1 2184/708/1
f 2182/710/1 1803/707/1 2183/709/1
f 2181/711/1 1803/707/1 2182/710/1
f 2180/712/1 1803/707/1 2181/711/1
f 2179/713/1 1803/707/1 2180/712/1
f 2178/714/1 1803/707/1 2179/713/1
f 2177/715/1 1803/707/1 2178/714/1
f 2177/715/1 1804/716/1 1803/707/1
f 2176/717/1 1804/716/1 2177/715/1
f 2175/718/1 1804/716/1 2176/717/1
f 2174/719/1 1804/716/1 2175/718/1
f 2173/720/1 1804/716/1 2174/719/1
f 2172/721/1 1804/716/1 2173/720/1
f 2171/722/1 1804/716/1 2172/721/1
f 2171/722/1 1805/723/1 1804/716/1
f 2170/724/1 1805/723/1 2171/722/1
f 2169/725/1 1805/723/1 2170/724/1
f 2168/726/1 1805/723/1 2169/725/1
f 2167/727/1 1805/723/1 2168/726/1
f 2166/728/1 1805/723/1 2167/727/1
f 2165/729/1 1805/723/1 2166/728/1
f 2165/729/1 1806/730/1 1805/723/1
f 2164/731/1 1806/730/1 2165/729/1
f 2163/732/1 1806/730/1 2164/731/1
f 2162/733/1 1806/730/1 2163/732/1
f 2161/734/1 1806/730/1 2162/733/1
f 2160/735/1 1806/730/1 2161/734/1
f 2159/736/1 1806/730/1 2160/735/1
f 2159/736/1 1807/737/1 1806/730/1
f 2158/738/1 1807/737/1 2159/736/1
f 2157/739/1 1807/737/1 2158/738/1
f 2156/740/1 1807/737/1 2157/739/1
f 2155/741/1 1807/737/1 2156/740/1
f 2154/742/1 1807/737/1 2155/741/1
f 2153/743/1 1807/737/1 2154/742/1
f 2152/744/1 1807/737/1 2153/743/1
f 2152/744/1 1808/745/1 1807/737/1
f 2151/746/1 1808/745/1 2152/744/1
f 2150/747/1 1808/745/1 2151/746/1
f 2149/748/1 1808/745/1 2150/747/1
f 2148/749/1 1808/745/1 2149/748/1
f 2147/750/1 1808/745/1 2148/749/1
f 2146/751/1 1808/745/1 2147/750/1
f 2145/752/1 1808/745/1 2146/751/1
f 2144/753/1 1808/745/1 2145/752/1
f 2143/754/1 1808/745/1 2144/753/1
f 2143/754/1 1809/755/1 1808/745/1
f 2142/756/1 1809/755/1 2143/754/1
f 2141/757/1 1809/755/1 2142/756/1
f 2140/758/1 1809/755/1 2141/757/1
f 2139/759/1 1809/755/1 2140/758/1
f 2138/760/1 1809/755/1 2139/759/1
f 2137/761/1 1809/755/1 2138/760/1
f 2136/762/1 1809/755/1 2137/761/1
f 2135/763/1 1809/755/1 2136/762/1
f 2134/764/1 1809/755/1 2135/763/1
f 2133/765/1 1809/755/1 2134/764/1
f 2133/765/1 1810/766/1 1809/755/1
f 2132/767/1 1810/766/1 2133/765/1
f 2131/768/1 1810/766/1 2132/767/1
f 2130/769/1 1810/766/1 2131/768/1
f 2129/770/1 1810/766/1 2130/769/1
f 2128/771/1 1810/766/1 2129/770/1
f 2127/772/1 1810/766/1 2128/771/1
f 2126/773/1 1810/766/1 2127/772/1
f 2125/774/1 1810/766/1 2126/773/1
f 2124/775/1 1810/766/1 2125/774/1
f 2123/776/1 1810/766/1 2124/775/1
f 2122/777/1 1810/766/1 2123/776/1
f 2121/778/1 1810/766/1 2122/777/1
f 2120/779/1 1810/766/1 2121/778/1
f 2119/780/1 1810/766/1 2120/779/1
f 2118/781/1 1810/766/1 2119/780/1
f 2118/781/1 1811/782/1 1810/766/1
f 2117/783/1 1811/782/1 2118/781/1
f 2116/784/1 1811/782/1 2117/783/1
f 2115/785/1 1811/782/1 2116/784/1
f 2114/786/1 1811/782/1 2115/785/1
f 2113/787/1 1811/782/1 2114/786/1
f 2112/788/1 1811/782/1 2113/787/1
f 2111/789/1 1811/782/1 2112/788/1
f 2110/790/1 1811/782/1 2111/789/1
f 2109/791/1 1811/782/1 2110/790/1
f 2108/792/1 1811/782/1 2109/791/1
f 2107/793/1 1811/782/1 2108/792/1
f 2106/794/1 1811/782/1 2107/793/1
f 2105/795/1 1811/782/1 2106/794/1
f 2104/796/1 1811/782/1 2105/795/1
f 2104/796/1 1812/797/1 1811/782/1
f 2103/798/1 1812/797/1 2104/796/1
f 2102/799/1 1812/797/1 2103/798/1
f 2101/800/1 1812/797/1 2102/799/1
f 2100/801/1 1812/797/1 2101/800/1
f 2099/802/1 1812/797/1 2100/801/1
f 2098/803/1 1812/797/1 2099/802/1
f 2097/804/1 1812/797/1 2098/803/1
f 2096/805/1 1812/797/1 2097/804/1
f 2096/805/1 1813/806/1 1812/797/1
f 2095/807/1 1813/806/1 2096/805/1
f 2094/808/1 1813/806/1 2095/807/1
f 2093/809/1 1813/806/1 2094/808/1
f 2092/810/1 1813/806/1 2093/809/1
f 2091/811/1 1813/806/1 2092/810/1
f 2090/812/1 1813/806/1 2091/811/1
f 2089/813/1 1813/806/1 2090/812/1
f 2089/813/1 1814/814/1 1813/806/1
f 2088/815/1 1814/814/1 2089/813/1
f 2087/816/1 1814/814/1 2088/815/1
f 2086/817/1 1814/814/1 2087/816/1
f 2085/818/1 1814/814/1 2086/817/1
f 2084/819/1 1814/814/1 2085/818/1
f 2083/820/1 1814/814/1 2084/819/1
f 2083/820/1 1815/821/1 1814/814/1
f 2082/822/1 1815/821/1 2083/820/1
f 2081/823/1 1815/821/1 2082/822/1
f 2080/824/1 1815/821/1 2081/823/1
f 2079/825/1 1815/821/1 2080/824/1
f 2078/826/1 1815/821/1 2079/825/1
f 2077/827/1 1815/821/1 2078/826/1
f 2077/827/1 1816/828/1 1815/821/1
f 2076/829/1 1816/828/1 2077/827/1
f 2075/830/1 1816/828/1 2076/829/1
f 2074/831/1 1816/828/1 2075/830/1
f 2073/832/1 1816/828/1 2074/831/1
f 2072/833/1 1816/828/1 2073/832/1
f 2072/833/1 1817/834/1 1816/828/1
f 2071/835/1 1817/834/1 2072/833/1
f 2070/836/1 1817/834/1 2071/835/1
f 2069/837/1 1817/834/1 2070/836/1
f 2068/838/1 1817/834/1 2069/837/1
f 2067/839/1 1817/834/1 2068/838/1
f 2067/839/1 1818/840/1 1817/834/1
f 2066/841/1 1818/840/1 2067/839/1
f 2065/842/1 1818/840/1 2066/841/1
f 2064/843/1 1818/840/1 2065/842/1
f 2063/844/1 1818/840/1 2064/843/1
f 2063/844/1 1819/845/1 1818/840/1
f 2062/846/1 1819/845/1 2063/844/1
f 2061/847/1 1819/845/1 2062/846/1
f 2060/848/1 1819/845/1 2061/847/1
f 2059/849/1 1819/845/1 2060/848/1
f 2059/849/1 1820/850/1 1819/845/1
f 2058/851/1 1820/850/1 2059/849/1
f 2057/852/1 1820/850/1 2058/851/1
f 2056/853/1 1820/850/1 2057/852/1
f 2055/854/1 1820/850/1 2056/853/1
f 2055/854/1 1821/855/1 1820/850/1
f 2054/856/1 1821/855/1 2055/854/1
f 2053/857/1 1821/855/1 2054/856/1
f 2052/858/1 1821/855/1 2053/857/1
f 2052/858/1 1822/859/1 1821/855/1
f 2051/860/1 1822/859/1 2052/858/1
f 2050/861/1 1822/859/1 2051/860/1
f 2049/862/1 1822/859/1 2050/861/1
f 2048/863/1 1822/859/1 2049/862/1
f 2048/863/1 1823/864/1 1822/859/1
f 2047/865/1 1823/864/1 2048/863/1
f 2046/866/1 1823/864/1 2047/865/1
f 2045/867/1 1823/864/1 2046/866/1
f 2045/867/1 1824/868/1 1823/864/1
f 2044/869/1 1824/868/1 2045/867/1
f 2043/870/1 1824/868/1 2044/869/1
f 2042/871/1 1824/868/1 2043/870/1
f 2042/871/1 1825/872/1 1824/868/1
f 2041/873/1 1825/872/1 2042/871/1
f 2040/874/1 1825/872/1 2041/873/1
f 2039/875/1 1825/872/1 2040/874/1
f 2039/875/1 1826/876/1 1825/872/1
f 2038/877/1 1826/876/1 2039/875/1
f 2037/878/1 1826/876/1 2038/877/1
f 2036/879/1 1826/876/1 2037/878/1
f 2036/879/1 1827/880/1 1826/876/1
f 2035/881/1 1827/880/1 2036/879/1
f 2034/882/1 1827/880/1 2035/881/1
f 2034/882/1 1828/883/1 1827/880/1
f 2033/884/1 1828/883/1 2034/882/1
f 2032/885/1 1828/883/1 2033/884/1
f 2031/886/1 1828/883/1 2032/885/1
f 2031/886/1 1829/887/1 1828/883/1
f 2030/888/1 1829/887/1 2031/886/1
f 2029/889/1 1829/887/1 2030/888/1
f 2029/889/1 1830/890/1 1829/887/1
f 2028/891/1 1830/890/1 2029/889/1
f 2027/892/1 1830/890/1 2028/891/1
f 2027/892/1 1831/893/1 1830/890/1
f 2026/894/1 1831/893/1 2027/892/1
f 2025/895/1 1831/893/1 2026/894/1
f 2025/895/1 1832/896/1 1831/893/1
f 2024/897/1 1832/896/1 2025/895/1
f 2023/898/1 1832/896/1 2024/897/1
f 2023/898/1 1833/899/1 1832/896/1
f 2022/900/1 1833/899/1 2023/898/1
f 2021/901/1 1833/899/1 2022/900/1
f 2021/901/1 1834/902/1 1833/899/1
f 2020/903/1 1834/902/1 2021/901/1
f 2019/904/1 1834/902/1 2020/903/1
f 2019/904/1 1835/905/1 1834/902/1
f 2018/906/1 1835/905/1 2019/904/1
f 2017/907/1 1835/905/1 2018/906/1
f 2017/907/1 1836/908/1 1835/905/1
f 2016/909/1 1836/908/1 2017/907/1
f 2015/910/1 1836/908/1 2016/909/1
f 2015/910/1 1837/911/1 1836/908/1
f 2014/912/1 1837/911/1 2015/910/1
f 2013/913/1 1837/911/1 2014/912/1
f 2013/913/1 1838/914/1 1837/911/1
f 2012/915/1 1838/914/1 2013/913/1
f 2012/915/1 1839/916/1 1838/914/1
f 2011/917/1 1839/916/1 2012/915/1
f 2010/918/1 1839/916/1 2011/917/1
f 2010/918/1 1840/919/1 1839/916/1
f 2009/920/1 1840/919/1 2010/918/1
f 2009/920/1 1841/921/1 1840/919/1
f 2008/922/1 1841/921/1 2009/920/1
f 2007/923/1 1841/921/1 2008/922/1
f 2007/923/1 1842/924/1 1841/921/1
f 2006/925/1 1842/924/1 2007/923/1
f 2006/925/1 1843/926/1 1842/924/1
f 2005/927/1 1843/926/1 2006/925/1
f 2004/928/1 1843/926/1 2005/927/1
f 2004/928/1 1844/929/1 1843/926/1
f 2003/930/1 1844/929/1 2004/928/1
f 2003/930/1 1845/931/1 1844/929/1
f 2002/932/1 1845/931/1 2003/930/1
f 2002/932/1 1846/933/1 1845/931/1
f 2001/934/1 1846/933/1 2002/932/1
f 2001/934/1 1847/935/1 1846/933/1
f 2000/936/1 1847/935/1 2001/934/1
f 1999/937/1 1847/935/1 2000/936/1
f 1999/937/1 1848/938/1 1847/935/1
f 1998/939/1 1848/938/1 1999/937/1
f 1998/939/1 1849/940/1 1848/938/1
f 1997/941/1 1849/940/1 1998/939/1
f 1997/941/1 1850/942/1 1849/940/1
f 1996/943/1 1850/942/1 1997/941/1
f 1996/943/1 1851/944/1 1850/942/1
f 1995/945/1 1851/944/1 1996/943/1
f 1995/945/1 1852/946/1 1851/944/1
f 1994/947/1 1852/946/1 1995/945/1
f 1994/947/1 1853/948/1 1852/946/1
f 1993/949/1 1853/948/1 1994/947/1
f 1993/949/1 1854/950/1 1853/948/1
f 1992/951/1 1854/950/1 1993/949/1
f 1992/951/1 1855/952/1 1854/950/1
f 1991/953/1 1855/952/1 1992/951/1
f 1991/953/1 1856/954/1 1855/952/1
f 1990/955/1 1856/954/1 1991/953/1
f 1990/955/1 1857/956/1 1856/954/1
f 1989/957/1 1857/956/1 1990/955/1
f 1989/957/1 1858/958/1 1857/956/1
f 1988/959/1 1858/958/1 1989/957/1
f 1988/959/1 1859/960/1 1858/958/1
f 1987/961/1 1859/960/1 1988/959/1
f 1987/961/1 1860/962/1 1859/960/1
f 1986/963/1 1860/962/1 1987/961/1
f 1986/963/1 1861/964/1 1860/962/1
f 1986/963/1 1862/965/1 1861/964/1
f 1985/966/1 1862/965/1 1986/963/1
f 1985/966/1 1863/967/1 1862/965/1
f 1984/968/1 1863/967/1 1985/966/1
f 1983/969/1 1863/967/1 1984/968/1
f 1983/969/1 1864/970/1 1863/967/1
f 1982/971/1 1864/970/1 1983/969/1
f 1982/971/1 1865/972/1 1864/970/1
f 1981/973/1 1865/972/1 1982/971/1
f 1981/973/1 1866/974/1 1865/972/1
f 1980/975/1 1866/974/1 1981/973/1
f 1980/975/1 1867/976/1 1866/974/1
f 1979/977/1 1867/976/1 1980/975/1
f 1979/977/1 1868/978/1 1867/976/1
f 1978/979/1 1868/978/1 1979/977/1
f 1978/979/1 1869/980/1 1868/978/1
f 1977/981/1 1869/980/1 1978/979/1
f 1977/981/1 1870/982/1 1869/980/1
f 1976/983/1 1870/982/1 1977/981/1
f 1976/983/1 1871/984/1 1870/982/1
f 1975/985/1 1871/984/1 1976/983/1
f 1975/985/1 1872/986/1 1871/984/1
f 1974/987/1 1872/986/1 1975/985/1
f 1974/987/1 1873/988/1 1872/986/1
f 1973/989/1 1873/988/1 1974/987/1
f 1973/989/1 1874/990/1 1873/988/1
f 1972/991/1 1874/990/1 1973/989/1
f 1972/991/1 1875/992/1 1874/990/1
f 1971/993/1 1875/992/1 1972/991/1
f 1971/993/1 1876/994/1 1875/992/1
f 1970/995/1 1876/994/1 1971/993/1
f 1970/995/1 1877/996/1 1876/994/1
f 1969/997/1 1877/996/1 1970/995/1
f 1969/997/1 1878/998/1 1877/996/1
f 1968/999/1 1878/998/1 1969/997/1
f 1968/999/1 1879/1000/1 1878/998/1
f 1967/1001/1 1879/1000/1 1968/999/1
f 1967/1001/1 1880/1002/1 1879/1000/1
f 1966/1003/1 1880/1002/1 1967/1001/1
f 1966/1003/1 1881/1004/1 1880/1002/1
f 1965/1005/1 1881/1004/1 1966/1003/1
f 1965/1005/1 1882/1006/1 1881/1004/1
f 1964/1007/1 1882/1006/1 1965/1005/1
f 1964/1007/1 1883/1008/1 1882/1006/1
f 1963/1009/1 1883/1008/1 1964/1007/1
f 1962/1010/1 1883/1008/1 1963/1009/1
f 1962/1010/1 1884/1011/1 1883/1008/1
f 1961/1012/1 1884/1011/1 1962/1010/1
f 1961/1012/1 1885/1013/1 1884/1011/1
f 1960/1014/1 1885/1013/1 1961/1012/1
f 1960/1014/1 1886/1015/1 1885/1013/1
f 1959/1016/1 1886/1015/1 1960/1014/1
f 1959/1016/1 1887/1017/1 1886/1015/1
f 1958/1018/1 1887/1017/1 1959/1016/1
f 1958/1018/1 1888/1019/1 1887/1017/1
f 1957/1020/1 1888/1019/1 1958/1018/1
f 1957/1020/1 1889/1021/1 1888/1019/1
f 1956/1022/1 1889/1021/1 1957/1020/1
f 1956/1022/1 1890/1023/1 1889/1021/1
f 1955/1024/1 1890/1023/1 1956/1022/1
f 1955/1024/1 1891/1025/1 1890/1023/1
f 1954/1026/1 1891/1025/1 1955/1024/1
f 1954/1026/1 1892/1027/1 1891/1025/1
f 1953/1028/1 1892/1027/1 1954/1026/1
f 1953/1028/1 1893/1029/1 1892/1027/1
f 1952/1030/1 1893/1029/1 1953/1028/1
f 1952/1030/1 1894/1031/1 1893/1029/1
f 1951/1032/1 1894/1031/1 1952/1030/1
f 1951/1032/1 1895/1033/1 1894/1031/1
f 1950/1034/1 1895/1033/1 1951/1032/1
f 1950/1034/1 1896/1035/1 1895/1033/1
f 1949/1036/1 1896/1035/1 1950/1034/1
f 1949/1036/1 1897/1037/1 1896/1035/1
f 1948/1038/1 1897/1037/1 1949/1036/1
f 1948/1038/1 1898/1039/1 1897/1037/1
f 1947/1040/1 1898/1039/1 1948/1038/1
f 1947/1040/1 1899/1041/1 1898/1039/1
f 1946/1042/1 1899/1041/1 1947/1040/1
f 1946/1042/1 1900/1043/1 1899/1041/1
f 1945/1044/1 1900/1043/1 1946/1042/1
f 1945/1044/1 1901/1045/1 1900/1043/1
f 1944/1046/1 1901/1045/1 1945/1044/1
f 1944/1046/1 1902/1047/1 1901/1045/1
f 1943/1048/1 1902/1047/1 1944/1046/1
f 1942/1049/1 1902/1047/1 1943/1048/1
f 1942/1049/1 1903/1050/1 1902/1047/1
f 1941/1051/1 1903/1050/1 1942/1049/1
f 1941/1051/1 1904/1052/1 1903/1050/1
f 1940/1053/1 1904/1052/1 1941/1051/1
f 1940/1053/1 1905/1054/1 1904/1052/1
f 1939/1055/1 1905/1054/1 1940/1053/1
f 1939/1055/1 1906/1056/1 1905/1054/1
f 1938/1057/1 1906/1056/1 1939/1055/1
f 1938/1057/1 1907/1058/1 1906/1056/1
f 1937/1059/1 1907/1058/1 1938/1057/1
f 1937/1059/1 1908/1060/1 1907/1058/1
f 1936/1061/1 1908/1060/1 1937/1059/1
f 1936/1061/1 1909/1062/1 1908/1060/1
f 1935/1063/1 1909/1062/1 1936/1061/1
f 1935/1063/1 1910/1064/1 1909/1062/1
f 1934/1065/1 1910/1064/1 1935/1063/1
f 1934/1065/1 1911/1066/1 1910/1064/1
f 1933/1067/1 1911/1066/1 1934/1065/1
f 1933/1067/1 1912/1068/1 1911/1066/1
f 1932/1069/1 1912/1068/1 1933/1067/1
f 1932/1069/1 1913/1070/1 1912/1068/1
f 1931/1071/1 1913/1070/1 1932/1069/1
f 1931/1071/1 1914/1072/1 1913/1070/1
f 1930/1073/1 1914/1072/1 1931/1071/1
f 1930/1073/1 1915/1074/1 1914/1072/1
f 1929/1075/1 1915/1074/1 1930/1073/1
f 1929/1075/1 1916/1076/1 1915/1074/1
f 1928/1077/1 1916/1076/1 1929/1075/1
f 1928/1077/1 1917/1078/1 1916/1076/1
f 1927/1079/1 1917/1078/1 1928/1077/1
f 1927/1079/1 1918/1080/1 1917/1078/1
f 1926/1081/1 1918/1080/1 1927/1079/1
f 1926/1081/1 1919/1082/1 1918/1080/1
f 1925/1083/1 1919/1082/1 1926/1081/1
f 1925/1083/1 1920/1084/1 1919/1082/1
f 1924/1085/1 1920/1084/1 1925/1083/1
f 1924/1085/1 1921/1086/1 1920/1084/1
f 1923/1087/1 1921/1086/1 1924/1085/1
f 1923/1087/1 1922/1088/1 1921/1086/1
f 897/1089/1 899/1090/1 898/1091/1
f 896/1092/1 899/1090/1 897/1089/1
f 896/1092/1 900/1093/1 899/1090/1
f 895/1094/1 900/1093/1 896/1092/1
f 894/1095/1 900/1093/1 895/1094/1
f 894/1095/1 901/1096/1 900/1093/1
f 893/1097/1 901/1096/1 894/1095/1
f 892/1098/1 901/1096/1 893/1097/1
f 892/1098/1 902/1099/1 901/1096/1
f 891/1100/1 902/1099/1 892/1098/1
f 890/1101/1 902/1099/1 891/1100/1
f 890/1101/1 903/1102/1 902/1099/1
f 889/1103/1 903/1102/1 890/1101/1
f 888/1104/1 903/1102/1 889/1103/1
f 888/1104/1 904/1105/1 903/1102/1
f 887/1106/1 904/1105/1 888/1104/1
f 886/1107/1 904/1105/1 887/1106/1
f 886/1107/1 905/1108/1 904/1105/1
f 885/1109/1 905/1108/1 886/1107/1
f 884/1110/1 905/1108/1 885/1109/1
f 884/1110/1 906/1111/1 905/1108/1
f 883/1112/1 906/1111/1 884/1110/1
f 882/1113/1 906/1111/1 883/1112/1
f 882/1113/1 907/1114/1 906/1111/1
f 881/1115/1 907/1114/1 882/1113/1
f 881/1115/1 908/1116/1 907/1114/1
f 880/1117/1 908/1116/1 881/1115/1
f 879/1118/1 908/1116/1 880/1117/1
f 879/1118/1 909/1119/1 908/1116/1
f 878/1120/1 909/1119/1 879/1118/1
f 877/1121/1 909/1119/1 878/1120/1
f 877/1121/1 910/1122/1 909/1119/1
f 876/1123/1 910/1122/1 877/1121/1
f 875/1124/1 910/1122/1 876/1123/1
f 875/1124/1 911/1125/1 910/1122/1
f 874/1126/1 911/1125/1 875/1124/1
f 873/1127/1 911/1125/1 874/1126/1
f 873/1127/1 912/1128/1 911/1125/1
f 872/1129/1 912/1128/1 873/1127/1
f 871/1130/1 912/1128/1 872/1129/1
f 871/1130/1 913/1131/1 912/1128/1
f 870/1132/1 913/1131/1 871/1130/1
f 869/1133/1 913/1131/1 870/1132/1
f 869/1133/1 914/1134/1 913/1131/1
f 868/1135/1 914/1134/1 869/1133/1
f 867/1136/1 914/1134/1 868/1135/1
f 867/1136/1 915/1137/1 914/1134/1
f 866/1138/1 915/1137/1 867/1136/1
f 866/1138/1 916/1139/1 915/1137/1
f 865/1140/1 916/1139/1 866/1138/1
f 864/1141/1 916/1139/1 865/1140/1
f 864/1141/1 917/1142/1 916/1139/1
f 863/1143/1 917/1142/1 864/1141/1
f 862/1144/1 917/1142/1 863/1143/1
f 862/1144/1 918/1145/1 917/1142/1
f 861/1146/1 918/1145/1 862/1144/1
f 860/1147/1 918/1145/1 861/1146/1
f 860/1147/1 919/1148/1 918/1145/1
f 859/1149/1 919/1148/1 860/1147/1
f 858/1150/1 919/1148/1 859/1149/1
f 858/1150/1 920/1151/1 919/1148/1
f 857/1152/1 920/1151/1 858/1150/1
f 856/1153/1 920/1151/1 857/1152/1
f 856/1153/1 921/1154/1 920/1151/1
f 855/1155/1 921/1154/1 856/1153/1
f 854/1156/1 921/1154/1 855/1155/1
f 854/1156/1 922/1157/1 921/1154/1
f 853/1158/1 922/1157/1 854/1156/1
f 852/1159/1 922/1157/1 853/1158/1
f 852/1159/1 923/1160/1 922/1157/1
f 851/1161/1 923/1160/1 852/1159/1
f 851/1161/1 924/1162/1 923/1160/1
f 850/1163/1 924/1162/1 851/1161/1
f 849/1164/1 924/1162/1 850/1163/1
f 849/1164/1 925/1165/1 924/1162/1
f 848/1166/1 925/1165/1 849/1164/1
f 847/1167/1 925/1165/1 848/1166/1
f 847/1167/1 926/1168/1 925/1165/1
f 846/1169/1 926/1168/1 847/1167/1
f 845/1170/1 926/1168/1 846/1169/1
f 845/1170/1 927/1171/1 926/1168/1
f 844/1172/1 927/1171/1 845/1170/1
f 843/1173/1 927/1171/1 844/1172/1
f 843/1173/1 928/1174/1 927/1171/1
f 842/1175/1 928/1174/1 843/1173/1
f 841/1176/1 928/1174/1 842/1175/1
f 841/1176/1 929/1177/1 928/1174/1
f 840/1178/1 929/1177/1 841/1176/1
f 839/1179/1 929/1177/1 840/1178/1
f 839/1179/1 930/1180/1 929/1177/1
f 838/1181/1 930/1180/1 839/1179/1
f 837/1182/1 930/1180/1 838/1181/1
f 837/1182/1 931/1183/1 930/1180/1
f 836/1184/1 931/1183/1 837/1182/1
f 836/1184/1 932/1185/1 931/1183/1
f 835/1186/1 932/1185/1 836/1184/1
f 834/1187/1 932/1185/1 835/1186/1
f 834/1187/1 933/1188/1 932/1185/1
f 833/1189/1 933/1188/1 834/1187/1
f 832/1190/1 933/1188/1 833/1189/1
f 831/1191/1 933/1188/1 832/1190/1
f 830/1192/1 933/1188/1 831/1191/1
f 829/1193/1 933/1188/1 830/1192/1
f 829/1193/1 934/1194/1 933/1188/1
f 828/1195/1 934/1194/1 829/1193/1
f 827/1196/1 934/1194/1 828/1195/1
f 826/1197/1 934/1194/1 827/1196/1
f 825/1198/1 934/1194/1 826/1197/1
f 824/1199/1 934/1194/1 825/1198/1
f 824/1199/1 935/1200/1 934/1194/1
f 823/1201/1 935/1200/1 824/1199/1
f 822/1202/1 935/1200/1 823/1201/1
f 821/1203/1 935/1200/1 822/1202/1
f 820/1204/1 935/1200/1 821/1203/1
f 820/1204/1 936/1205/1 935/1200/1
f 819/1206/1 936/1205/1 820/1204/1
f 818/1207/1 936/1205/1 819/1206/1
f 817/1208/1 936/1205/1 818/1207/1
f 816/1209/1 936/1205/1 817/1208/1
f 815/1210/1 936/1205/1 816/1209/1
f 815/1210/1 937/1211/1 936/1205/1
f 814/1212/1 937/1211/1 815/1210/1
f 813/1213/1 937/1211/1 814/1212/1
f 812/1214/1 937/1211/1 813/1213/1
f 811/1215/1 937/1211/1 812/1214/1
f 811/1215/1 938/1216/1 937/1211/1
f 810/1217/1 938/1216/1 811/1215/1
f 809/1218/1 938/1216/1 810/1217/1
f 808/1219/1 938/1216/1 809/1218/1
f 807/1220/1 938/1216/1 808/1219/1
f 806/1221/1 938/1216/1 807/1220/1
f 806/1221/1 939/1222/1 938/1216/1
f 805/1223/1 939/1222/1 806/1221/1
f 804/1224/1 939/1222/1 805/1223/1
f 803/1225/1 939/1222/1 804/1224/1
f 802/1226/1 939/1222/1 803/1225/1
f 802/1226/1 940/1227/1 939/1222/1
f 801/1228/1 940/1227/1 802/1226/1
f 800/1229/1 940/1227/1 801/1228/1
f 799/1230/1 940/1227/1 800/1229/1
f 798/1231/1 940/1227/1 799/1230/1
f 798/1231/1 941/1232/1 940/1227/1
f 797/1233/1 941/1232/1 798/1231/1
f 796/1234/1 941/1232/1 797/1233/1
f 795/1235/1 941/1232/1 796/1234/1
f 794/1236/1 941/1232/1 795/1235/1
f 793/1237/1 941/1232/1 794/1236/1
f 793/1237/1 942/1238/1 941/1232/1
f 792/1239/1 942/1238/1 793/1237/1
f 791/1240/1 942/1238/1 792/1239/1
f 790/1241/1 942/1238/1 791/1240/1
f 789/1242/1 942/1238/1 790/1241/1
f 789/1242/1 943/1243/1 942/1238/1
f 788/1244/1 943/1243/1 789/1242/1
f 787/1245/1 943/1243/1 788/1244/1
f 786/1246/1 943/1243/1 787/1245/1
f 785/1247/1 943/1243/1 786/1246/1
f 785/1247/1 944/1248/1 943/1243/1
f 784/1249/1 944/1248/1 785/1247/1
f 783/1250/1 944/1248/1 784/1249/1
f 782/1251/1 944/1248/1 783/1250/1
f 781/1252/1 944/1248/1 782/1251/1
f 781/1252/1 945/1253/1 944/1248/1
f 780/1254/1 945/1253/1 781/1252/1
f 779/1255/1 945/1253/1 780/1254/1
f 778/1256/1 945/1253/1 779/1255/1
f 777/1257/1 945/1253/1 778/1256/1
f 777/1257/1 946/1258/1 945/1253/1
f 776/1259/1 946/1258/1 777/1257/1
f 775/1260/1 946/1258/1 776/1259/1
f 774/1261/1 946/1258/1 775/1260/1
f 773/1262/1 946/1258/1 774/1261/1
f 773/1262/1 947/1263/1 946/1258/1
f 772/1264/1 947/1263/1 773/1262/1
f 771/1265/1 947/1263/1 772/1264/1
f 770/1266/1 947/1263/1 771/1265/1
f 769/1267/1 947/1263/1 770/1266/1
f 769/1267/1 948/1268/1 947/1263/1
f 769/1267/1 949/1269/1 948/1268/1
f 768/1270/1 949/1269/1 769/1267/1
f 768/1270/1 950/1271/1 949/1269/1
f 767/1272/1 950/1271/1 768/1270/1
f 767/1272/1 951/1273/1 950/1271/1
f 766/1274/1 951/1273/1 767/1272/1
f 766/1274/1 952/1275/1 951/1273/1
f 766/1274/1 953/1276/1 952/1275/1
f 765/1277/1 953/1276/1 766/1274/1
f 765/1277/1 954/1278/1 953/1276/1
f 764/1279/1 954/1278/1 765/1277/1
f 764/1279/1 955/1280/1 954/1278/1
f 763/1281/1 955/1280/1 764/1279/1
f 763/1281/1 956/1282/1 955/1280/1
f 762/1283/1 956/1282/1 763/1281/1
f 762/1283/1 957/1284/1 956/1282/1
f 762/1283/1 958/1285/1 957/1284/1
f 761/1286/1 958/1285/1 762/1283/1
f 761/1286/1 959/1287/1 958/1285/1
f 760/1288/1 959/1287/1 761/1286/1
f 760/1288/1 960/1289/1 959/1287/1
f 759/1290/1 960/1289/1 760/1288/1
f 759/1290/1 961/1291/1 960/1289/1
f 758/1292/1 961/1291/1 759/1290/1
f 758/1292/1 962/1293/1 961/1291/1
f 757/1294/1 962/1293/1 758/1292/1
f 757/1294/1 963/1295/1 962/1293/1
f 756/1296/1 963/1295/1 757/1294/1
f 756/1296/1 964/1297/1 963/1295/1
f 755/1298/1 964/1297/1 756/1296/1
f 755/1298/1 965/1299/1 964/1297/1
f 754/1300/1 965/1299/1 755/1298/1
f 753/1301/1 965/1299/1 754/1300/1
f 753/1301/1 966/1302/1 965/1299/1
f 752/1303/1 966/1302/1 753/1301/1
f 752/1303/1 967/1304/1 966/1302/1
f 751/1305/1 967/1304/1 752/1303/1
f 751/1305/1 968/1306/1 967/1304/1
f 750/1307/1 968/1306/1 751/1305/1
f 750/1307/1 969/1308/1 968/1306/1
f 749/1309/1 969/1308/1 750/1307/1
f 749/1309/1 970/1310/1 969/1308/1
f 748/1311/1 970/1310/1 749/1309/1
f 747/1312/1 970/1310/1 748/1311/1
f 747/1312/1 971/1313/1 970/1310/1
f 746/1314/1 971/1313/1 747/1312/1
f 746/1314/1 972/1315/1 971/1313/1
f 745/1316/1 972/1315/1 746/1314/1
f 745/1316/1 973/1317/1 972/1315/1
f 744/1318/1 973/1317/1 745/1316/1
f 744/1318/1 974/1319/1 973/1317/1
f 743/1320/1 974/1319/1 744/1318/1
f 743/1320/1 975/1321/1 974/1319/1
f 742/1322/1 975/1321/1 743/1320/1
f 741/1323/1 975/1321/1 742/1322/1
f 741/1323/1 976/1324/1 975/1321/1
f 740/1325/1 976/1324/1 741/1323/1
f 740/1325/1 977/1326/1 976/1324/1
f 739/1327/1 977/1326/1 740/1325/1
f 739/1327/1 978/1328/1 977/1326/1
f 738/1329/1 978/1328/1 739/1327/1
f 738/1329/1 979/1330/1 978/1328/1
f 737/1331/1 979/1330/1 738/1329/1
f 736/1332/1 979/1330/1 737/1331/1
f 736/1332/1 980/1333/1 979/1330/1
f 735/1334/1 980/1333/1 736/1332/1
f 735/1334/1 981/1335/1 980/1333/1
f 734/1336/1 981/1335/1 735/1334/1
f 734/1336/1 982/1337/1 981/1335/1
f 733/1338/1 982/1337/1 734/1336/1
f 733/1338/1 983/1339/1 982/1337/1
f 732/1340/1 983/1339/1 733/1338/1
f 732/1340/1 984/1341/1 983/1339/1
f 731/1342/1 984/1341/1 732/1340/1
f 730/1343/1 984/1341/1 731/1342/1
f 730/1343/1 985/1344/1 984/1341/1
f 729/1345/1 985/1344/1 730/1343/1
f 729/1345/1 986/1346/1 985/1344/1
f 728/1347/1 986/1346/1 729/1345/1
f 728/1347/1 987/1348/1 986/1346/1
f 727/1349/1 987/1348/1 728/1347/1
f 727/1349/1 988/1350/1 987/1348/1
f 726/1351/1 988/1350/1 727/1349/1
f 726/1351/1 989/1352/1 988/1350/1
f 725/1353/1 989/1352/1 726/1351/1
f 724/1354/1 989/1352/1 725/1353/1
f 724/1354/1 990/1355/1 989/1352/1
f 723/1356/1 990/1355/1 724/1354/1
f 723/1356/1 991/1357/1 990/1355/1
f 722/1358/1 991/1357/1 723/1356/1
f 722/1358/1 992/1359/1 991/1357/1
f 721/1360/1 992/1359/1 722/1358/1
f 721/1360/1 993/1361/1 992/1359/1
f 720/1362/1 993/1361/1 721/1360/1
f 719/1363/1 993/1361/1 720/1362/1
f 719/1363/1 994/1364/1 993/1361/1
f 718/1365/1 994/1364/1 719/1363/1
f 718/1365/1 995/1366/1 994/1364/1
f 717/1367/1 995/1366/1 718/1365/1
f 717/1367/1 996/1368/1 995/1366/1
f 716/1369/1 996/1368/1 717/1367/1
f 716/1369/1 997/1370/1 996/1368/1
f 715/1371/1 997/1370/1 716/1369/1
f 715/1371/1 998/1372/1 997/1370/1
f 714/1373/1 998/1372/1 715/1371/1
f 713/1374/1 998/1372/1 714/1373/1
f 713/1374/1 999/1375/1 998/1372/1
f 712/1376/1 999/1375/1 713/1374/1
f 712/1376/1 1000/1377/1 999/1375/1
f 711/1378/1 1000/1377/1 712/1376/1
f 711/1378/1 1001/1379/1 1000/1377/1
f 710/1380/1 1001/1379/1 711/1378/1
f 710/1380/1 1002/1381/1 1001/1379/1
f 709/1382/1 1002/1381/1 710/1380/1
f 709/1382/1 1003/1383/1 1002/1381/1
f 708/1384/1 1003/1383/1 709/1382/1
f 707/1385/1 1003/1383/1 708/1384/1
f 707/1385/1 1004/1386/1 1003/1383/1
f 706/1387/1 1004/1386/1 707/1385/1
f 706/1387/1 1005/1388/1 1004/1386/1
f 705/1389/1 1005/1388/1 706/1387/1
f 705/1389/1 1006/1390/1 1005/1388/1
f 704/1391/1 1006/1390/1 705/1389/1
f 703/1392/1 1006/1390/1 704/1391/1
f 703/1392/1 1007/1393/1 1006/1390/1
f 702/1394/1 1007/1393/1 703/1392/1
f 701/1395/1 1007/1393/1 702/1394/1
f 701/1395/1 1008/1396/1 1007/1393/1
f 700/1397/1 1008/1396/1 701/1395/1
f 699/1398/1 1008/1396/1 700/1397/1
f 699/1398/1 1009/1399/1 1008/1396/1
f 698/1400/1 1009/1399/1 699/1398/1
f 697/1401/1 1009/1399/1 698/1400/1
f 697/1401/1 1010/1402/1 1009/1399/1
f 696/1403/1 1010/1402/1 697/1401/1
f 695/1404/1 1010/1402/1 696/1403/1
f 695/1404/1 1011/1405/1 1010/1402/1
f 694/1406/1 1011/1405/1 695/1404/1
f 693/1407/1 1011/1405/1 694/1406/1
f 693/1407/1 1012/1408/1 1011/1405/1
f 692/1409/1 1012/1408/1 693/1407/1
f 691/1410/1 1012/1408/1 692/1409/1
f 691/1410/1 1013/1411/1 1012/1408/1
f 690/1412/1 1013/1411/1 691/1410/1
f 689/1413/1 1013/1411/1 690/1412/1
f 689/1413/1 1014/1414/1 1013/1411/1
f 688/1415/1 1014/1414/1 689/1413/1
f 687/1416/1 1014/1414/1 688/1415/1
f 687/1416/1 1015/1417/1 1014/1414/1
f 686/1418/1 1015/1417/1 687/1416/1
f 685/1419/1 1015/1417/1 686/1418/1
f 685/1419/1 1016/1420/1 1015/1417/1
f 684/1421/1 1016/1420/1 685/1419/1
f 684/1421/1 1017/1422/1 1016/1420/1
f 683/1423/1 1017/1422/1 684/1421/1
f 682/1424/1 1017/1422/1 683/1423/1
f 682/1424/1 1018/1425/1 1017/1422/1
f 681/1426/1 1018/1425/1 682/1424/1
f 680/1427/1 1018/1425/1 681/1426/1
f 680/1427/1 1019/1428/1 1018/1425/1
f 679/1429/1 1019/1428/1 680/1427/1
f 678/1430/1 1019/1428/1 679/1429/1
f 678/1430/1 1020/1431/1 1019/1428/1
f 677/1432/1 1020/1431/1 678/1430/1
f 677/1432/1 1021/1433/1 1020/1431/1
f 676/1434/1 1021/1433/1 677/1432/1
f 675/1435/1 1021/1433/1 676/1434/1
f 675/1435/1 1022/1436/1 1021/1433/1
f 674/1437/1 1022/1436/1 675/1435/1
f 673/1438/1 1022/1436/1 674/1437/1
f 673/1438/1 1023/1439/1 1022/1436/1
f 672/1440/1 1023/1439/1 673/1438/1
f 671/1441/1 1023/1439/1 672/1440/1
f 671/1441/1 1024/1442/1 1023/1439/1
f 670/1443/1 1024/1442/1 671/1441/1
f 670/1443/1 1025/1444/1 1024/1442/1
f 669/1445/1 1025/1444/1 670/1443/1
f 668/1446/1 1025/1444/1 669/1445/1
f 668/1446/1 1026/1447/1 1025/1444/1
f 667/1448/1 1026/1447/1 668/1446/1
f 666/1449/1 1026/1447/1 667/1448/1
f 666/1449/1 1027/1450/1 1026/1447/1
f 665/1451/1 1027/1450/1 666/1449/1
f 665/1451/1 1028/1452/1 1027/1450/1
f 664/1453/1 1028/1452/1 665/1451/1
f 664/1453/1 1029/1454/1 1028/1452/1
f 664/1453/1 1030/1455/1 1029/1454/1
f 663/1456/1 1030/1455/1 664/1453/1
f 663/1456/1 1031/1457/1 1030/1455/1
f 662/1458/1 1031/1457/1 663/1456/1
f 662/1458/1 1032/1459/1 1031/1457/1
f 661/1460/1 1032/1459/1 662/1458/1
f 661/1460/1 1033/1461/1 1032/1459/1
f 660/1462/1 1033/1461/1 661/1460/1
f 660/1462/1 1034/1463/1 1033/1461/1
f 659/1464/1 1034/1463/1 660/1462/1
f 659/1464/1 1035/1465/1 1034/1463/1
f 658/1466/1 1035/1465/1 659/1464/1
f 658/1466/1 1036/1467/1 1035/1465/1
f 657/1468/1 1036/1467/1 658/1466/1
f 657/1468/1 1037/1469/1 1036/1467/1
f 656/1470/1 1037/1469/1 657/1468/1
f 656/1470/1 1038/1471/1 1037/1469/1
f 655/1472/1 1038/1471/1 656/1470/1
f 655/1472/1 1039/1473/1 1038/1471/1
f 655/1472/1 1040/1474/1 1039/1473/1
f 654/1475/1 1040/1474/1 655/1472/1
f 654/1475/1 1041/1476/1 1040/1474/1
f 653/1477/1 1041/1476/1 654/1475/1
f 653/1477/1 1042/1478/1 1041/1476/1
f 652/1479/1 1042/1478/1 653/1477/1
f 652/1479/1 1043/1480/1 1042/1478/1
f 651/1481/1 1043/1480/1 652/1479/1
f 651/1481/1 1044/1482/1 1043/1480/1
f 650/1483/1 1044/1482/1 651/1481/1
f 650/1483/1 1045/1484/1 1044/1482/1
f 650/1483/1 1046/1485/1 1045/1484/1
f 649/1486/1 1046/1485/1 650/1483/1
f 649/1486/1 1047/1487/1 1046/1485/1
f 648/1488/1 1047/1487/1 649/1486/1
f 648/1488/1 1048/1489/1 1047/1487/1
f 647/1490/1 1048/1489/1 648/1488/1
f 647/1490/1 1049/1491/1 1048/1489/1
f 646/1492/1 1049/1491/1 647/1490/1
f 646/1492/1 1050/1493/1 1049/1491/1
f 646/1492/1 1051/1494/1 1050/1493/1
f 645/1495/1 1051/1494/1 646/1492/1
f 645/1495/1 1052/1496/1 1051/1494/1
f 644/1497/1 1052/1496/1 645/1495/1
f 644/1497/1 1053/1498/1 1052/1496/1
f 643/1499/1 1053/1498/1 644/1497/1
f 643/1499/1 1054/1500/1 1053/1498/1
f 643/1499/1 1055/1501/1 1054/1500/1
f 642/1502/1 1055/1501/1 643/1499/1
f 642/1502/1 1056/1503/1 1055/1501/1
f 641/1504/1 1056/1503/1 642/1502/1
f 641/1504/1 1057/1505/1 1056/1503/1
f 641/1504/1 1058/1506/1 1057/1505/1
f 641/1504/1 1059/1507/1 1058/1506/1
f 641/1504/1 1060/1508/1 1059/1507/1
f 641/1504/1 1061/1509/1 1060/1508/1
f 641/1504/1 1062/1510/1 1061/1509/1
f 641/1504/1 1063/1511/1 1062/1510/1
f 641/1504/1 1064/1512/1 1063/1511/1
f 641/1504/1 1065/1513/1 1064/1512/1
f 641/1504/1 1066/1514/1 1065/1513/1
f 641/1504/1 1067/1515/1 1066/1514/1
f 641/1504/1 1068/1516/1 1067/1515/1
f 641/1504/1 1069/1517/1 1068/1516/1
f 641/1504/1 1070/1518/1 1069/1517/1
f 641/1504/1 1071/1519/1 1070/1518/1
f 641/1504/1 1072/1520/1 1071/1519/1
f 641/1504/1 1073/1521/1 1072/1520/1
f 641/1504/1 1074/1522/1 1073/1521/1
f 641/1504/1 1075/1523/1 1074/1522/1
f 641/1504/1 1076/1524/1 1075/1523/1
f 641/1504/1 1077/1525/1 1076/1524/1
f 641/1504/1 1078/1526/1 1077/1525/1
f 641/1504/1 1079/1527/1 1078/1526/1
f 641/1504/1 1080/1528/1 1079/1527/1
f 641/1504/1 1081/1529/1 1080/1528/1
f 641/1504/1 1082/1530/1 1081/1529/1
f 641/1504/1 1083/1531/1 1082/1530/1
f 641/1504/1 1084/1532/1 1083/1531/1
f 641/1504/1 1085/1533/1 1084/1532/1
f 641/1504/1 1086/1534/1 1085/1533/1
f 641/1504/1 1087/1535/1 1086/1534/1
f 641/1504/1 1088/1536/1 1087/1535/1
f 641/1504/1 1089/1537/1 1088/1536/1
f 641/1504/1 1090/1538/1 1089/1537/1
f 641/1504/1 1091/1539/1 1090/1538/1
f 641/1504/1 1092/1540/1 1091/1539/1
f 641/1504/1 1093/1541/1 1092/1540/1
f 641/1504/1 1094/1542/1 1093/1541/1
f 641/1504/1 1095/1543/1 1094/1542/1
f 641/1504/1 1096/1544/1 1095/1543/1
f 641/1504/1 1097/1545/1 1096/1544/1
f 641/1504/1 1098/1546/1 1097/1545/1
f 641/1504/1 1099/1547/1 1098/1546/1
f 641/1504/1 1100/1548/1 1099/1547/1
f 641/1504/1 1101/1549/1 1100/1548/1
f 641/1504/1 1102/1550/1 1101/1549/1
f 641/1504/1 1103/1551/1 1102/1550/1
f 641/1504/1 1104/1552/1 1103/1551/1
f 641/1504/1 1105/1553/1 1104/1552/1
f 641/1504/1 1106/1554/1 1105/1553/1
f 641/1504/1 1107/1555/1 1106/1554/1
f 641/1504/1 1108/1556/1 1107/1555/1
f 641/1504/1 1109/1557/1 1108/1556/1
f 641/1504/1 1110/1558/1 1109/1557/1
f 641/1504/1 1111/1559/1 1110/1558/1
f 641/1504/1 1112/1560/1 1111/1559/1
f 641/1504/1 1113/1561/1 1112/1560/1
f 641/1504/1 1114/1562/1 1113/1561/1
f 641/1504/1 1115/1563/1 1114/1562/1
f 641/1504/1 1116/1564/1 1115/1563/1
f 641/1504/1 1117/1565/1 1116/1564/1
f 641/1504/1 1118/1566/1 1117/1565/1
f 641/1504/1 1119/1567/1 1118/1566/1
f 641/1504/1 1120/1568/1 1119/1567/1
f 641/1504/1 1121/1569/1 1120/1568/1
f 641/1504/1 1122/1570/1 1121/1569/1
f 641/1504/1 1123/1571/1 1122/1570/1
f 641/1504/1 1124/1572/1 1123/1571/1
f 641/1504/1 1125/1573/1 1124/1572/1
f 641/1504/1 1126/1574/1 1125/1573/1
f 641/1504/1 1127/1575/1 1126/1574/1
f 640/1576/1 1127/1575/1 641/1504/1
f 640/1576/1 1128/1577/1 1127/1575/1
f 639/1578/1 1128/1577/1 640/1576/1
f 639/1578/1 1129/1579/1 1128/1577/1
f 639/1578/1 1130/1580/1 1129/1579/1
f 638/1581/1 1130/1580/1 639/1578/1
f 638/1581/1 1131/1582/1 1130/1580/1
f 637/1583/1 1131/1582/1 638/1581/1
f 637/1583/1 1132/1584/1 1131/1582/1
f 636/1585/1 1132/1584/1 637/1583/1
f 636/1585/1 1133/1586/1 1132/1584/1
f 635/1587/1 1133/1586/1 636/1585/1
f 635/1587/1 1134/1588/1 1133/1586/1
f 635/1587/1 1135/1589/1 1134/1588/1
f 634/1590/1 1135/1589/1 635/1587/1
f 634/1590/1 1136/1591/1 1135/1589/1
f 633/1592/1 1136/1591/1 634/1590/1
f 633/1592/1 1137/1593/1 1136/1591/1
f 632/1594/1 1137/1593/1 633/1592/1
f 632/1594/1 1138/1595/1 1137/1593/1
f 631/1596/1 1138/1595/1 632/1594/1
f 631/1596/1 1139/1597/1 1138/1595/1
f 630/1598/1 1139/1597/1 631/1596/1
f 630/1598/1 1140/1599/1 1139/1597/1
f 629/1600/1 1140/1599/1 630/1598/1
f 629/1600/1 1141/1601/1 1140/1599/1
f 628/1602/1 1141/1601/1 629/1600/1
f 628/1602/1 1142/1603/1 1141/1601/1
f 627/1604/1 1142/1603/1 628/1602/1
f 627/1604/1 1143/1605/1 1142/1603/1
f 627/1604/1 1144/1606/1 1143/1605/1
f 626/1607/1 1144/1606/1 627/1604/1
f 626/1607/1 1145/1608/1 1144/1606/1
f 625/1609/1 1145/1608/1 626/1607/1
f 625/1609/1 1146/1610/1 1145/1608/1
f 624/1611/1 1146/1610/1 625/1609/1
f 1473/1612/1 1475/1613/1 1474/1614/1
f 1473/1612/1 1476/1615/1 1475/1613/1
f 1472/1616/1 1476/1615/1 1473/1612/1
f 1472/1616/1 1477/1617/1 1476/1615/1
f 1472/1616/1 1478/1618/1 1477/1617/1
f 1471/1619/1 1478/1618/1 1472/1616/1
f 1471/1619/1 1479/1620/1 1478/1618/1
f 1470/1621/1 1479/1620/1 1471/1619/1
f 1470/1621/1 1480/1622/1 1479/1620/1
f 1470/1621/1 1481/1623/1 1480/1622/1
f 1469/1624/1 1481/1623/1 1470/1621/1
f 1469/1624/1 1482/1625/1 1481/1623/1
f 1469/1624/1 1483/1626/1 1482/1625/1
f 1468/1627/1 1483/1626/1 1469/1624/1
f 1468/1627/1 1484/1628/1 1483/1626/1
f 1467/1629/1 1484/1628/1 1468/1627/1
f 1467/1629/1 1485/1630/1 1484/1628/1
f 1467/1629/1 1486/1631/1 1485/1630/1
f 1466/1632/1 1486/1631/1 1467/1629/1
f 1466/1632/1 1487/1633/1 1486/1631/1
f 1466/1632/1 1488/1634/1 1487/1633/1
f 1465/1635/1 1488/1634/1 1466/1632/1
f 1465/1635/1 1489/1636/1 1488/1634/1
f 1464/1637/1 1489/1636/1 1465/1635/1
f 1464/1637/1 1490/1638/1 1489/1636/1
f 1464/1637/1 1491/1639/1 1490/1638/1
f 1463/1640/1 1491/1639/1 1464/1637/1
f 1463/1640/1 1492/1641/1 1491/1639/1
f 1463/1640/1 1493/1642/1 1492/1641/1
f 1462/1643/1 1493/1642/1 1463/1640/1
f 1462/1643/1 1494/1644/1 1493/1642/1
f 1461/1645/1 1494/1644/1 1462/1643/1
f 1461/1645/1 1495/1646/1 1494/1644/1
f 1461/1645/1 1496/1647/1 1495/1646/1
f 1460/1648/1 1496/1647/1 1461/1645/1
f 1460/1648/1 1497/1649/1 1496/1647/1
f 1460/1648/1 1498/1650/1 1497/1649/1
f 1459/1651/1 1498/1650/1 1460/1648/1
f 1459/1651/1 1499/1652/1 1498/1650/1
f 1458/1653/1 1499/1652/1 1459/1651/1
f 1458/1653/1 1500/1654/1 1499/1652/1
f 1458/1653/1 1501/1655/1 1500/1654/1
f 1457/1656/1 1501/1655/1 1458/1653/1
f 1457/1656/1 1502/1657/1 1501/1655/1
f 624/1611/1 1147/1658/1 1146/1610/1
f 1457/1656/1 1503/1659/1 1502/1657/1
f 1456/1660/1 1503/1659/1 1457/1656/1
f 1456/1660/1 1504/1661/1 1503/1659/1
f 1455/1662/1 1504/1661/1 1456/1660/1
f 1455/1662/1 1505/1663/1 1504/1661/1
f 1455/1662/1 1506/1664/1 1505/1663/1
f 1454/1665/1 1506/1664/1 1455/1662/1
f 623/1666/1 1147/1658/1 624/1611/1
f 1454/1665/1 1507/1667/1 1506/1664/1
f 1454/1665/1 1508/1668/1 1507/1667/1
f 1453/1669/1 1508/1668/1 1454/1665/1
f 1453/1669/1 1509/1670/1 1508/1668/1
f 1452/1671/1 1509/1670/1 1453/1669/1
f 1452/1671/1 1510/1672/1 1509/1670/1
f 1452/1671/1 1511/1673/1 1510/1672/1
f 1451/1674/1 1511/1673/1 1452/1671/1
f 1451/1674/1 1512/1675/1 1511/1673/1
f 1451/1674/1 1513/1676/1 1512/1675/1
f 1450/1677/1 1513/1676/1 1451/1674/1
f 1450/1677/1 1514/1678/1 1513/1676/1
f 1449/1679/1 1514/1678/1 1450/1677/1
f 1449/1679/1 1515/1680/1 1514/1678/1
f 1449/1679/1 1516/1681/1 1515/1680/1
f 1448/1682/1 1516/1681/1 1449/1679/1
f 1448/1682/1 1517/1683/1 1516/1681/1
f 1447/1684/1 1517/1683/1 1448/1682/1
f 1447/1684/1 1518/1685/1 1517/1683/1
f 1447/1684/1 1519/1686/1 1518/1685/1
f 1446/1687/1 1519/1686/1 1447/1684/1
f 1446/1687/1 1520/1688/1 1519/1686/1
f 1446/1687/1 1521/1689/1 1520/1688/1
f 1445/1690/1 1521/1689/1 1446/1687/1
f 1445/1690/1 1522/1691/1 1521/1689/1
f 1444/1692/1 1522/1691/1 1445/1690/1
f 1444/1692/1 1523/1693/1 1522/1691/1
f 623/1666/1 1148/1694/1 1147/1658/1
f 1444/1692/1 1524/1695/1 1523/1693/1
f 1443/1696/1 1524/1695/1 1444/1692/1
f 1443/1696/1 1525/1697/1 1524/1695/1
f 622/1698/1 1148/1694/1 623/1666/1
f 1443/1696/1 1526/1699/1 1525/1697/1
f 1442/1700/1 1526/1699/1 1443/1696/1
f 1442/1700/1 1527/1701/1 1526/1699/1
f 1441/1702/1 1527/1701/1 1442/1700/1
f 1441/1702/1 1528/1703/1 1527/1701/1
f 1441/1702/1 1529/1704/1 1528/1703/1
f 1440/1705/1 1529/1704/1 1441/1702/1
f 1440/1705/1 1530/1706/1 1529/1704/1
f 1440/1705/1 1531/1707/1 1530/1706/1
f 1439/1708/1 1531/1707/1 1440/1705/1
f 1439/1708/1 1532/1709/1 1531/1707/1
f 1438/1710/1 1532/1709/1 1439/1708/1
f 1438/1710/1 1533/1711/1 1532/1709/1
f 1438/1710/1 1534/1712/1 1533/1711/1
f 1437/1713/1 1534/1712/1 1438/1710/1
f 1437/1713/1 1535/1714/1 1534/1712/1
f 1437/1713/1 1536/1715/1 1535/1714/1
f 1436/1716/1 1536/1715/1 1437/1713/1
f 1436/1716/1 1537/1717/1 1536/1715/1
f 622/1698/1 1149/1718/1 1148/1694/1
f 1435/1719/1 1537/1717/1 1436/1716/1
f 1435/1719/1 1/1720/1 1537/1717/1
f 1435/1719/1 2/1721/1 1/1720/1
f 621/1722/1 1149/1718/1 622/1698/1
f 1434/1723/1 2/1721/1 1435/1719/1
f 1434/1723/1 3/1724/1 2/1721/1
f 1434/1723/1 4/1725/1 3/1724/1
f 1433/1726/1 4/1725/1 1434/1723/1
f 1433/1726/1 5/1727/1 4/1725/1
f 1432/1728/1 5/1727/1 1433/1726/1
f 1432/1728/1 6/1729/1 5/1727/1
f 1432/1728/1 7/1730/1 6/1729/1
f 1431/1731/1 7/1730/1 1432/1728/1
f 1431/1731/1 8/1732/1 7/1730/1
f 1431/1731/1 9/1733/1 8/1732/1
f 1430/1734/1 9/1733/1 1431/1731/1
f 1430/1734/1 10/1735/1 9/1733/1
f 1429/1736/1 10/1735/1 1430/1734/1
f 1429/1736/1 11/1737/1 10/1735/1
f 621/1722/1 1150/1738/1 1149/1718/1
f 1429/1736/1 12/1739/1 11/1737/1
f 1428/1740/1 12/1739/1 1429/1736/1
f 1428/1740/1 13/1741/1 12/1739/1
f 620/1742/1 1150/1738/1 621/1722/1
f 1428/1740/1 14/1743/1 13/1741/1
f 1427/1744/1 14/1743/1 1428/1740/1
f 1427/1744/1 15/1745/1 14/1743/1
f 1427/1744/1 16/1746/1 15/1745/1
f 1426/1747/1 16/1746/1 1427/1744/1
f 1426/1747/1 17/1748/1 16/1746/1
f 1426/1747/1 18/1749/1 17/1748/1
f 1425/1750/1 18/1749/1 1426/1747/1
f 1425/1750/1 19/1751/1 18/1749/1
f 1425/1750/1 20/1752/1 19/1751/1
f 1424/1753/1 20/1752/1 1425/1750/1
f 1424/1753/1 21/1754/1 20/1752/1
f 1424/1753/1 22/1755/1 21/1754/1
f 1423/1756/1 22/1755/1 1424/1753/1
f 1423/1756/1 23/1757/1 22/1755/1
f 620/1742/1 1151/1758/1 1150/1738/1
f 1423/1756/1 24/1759/1 23/1757/1
f 1422/1760/1 24/1759/1 1423/1756/1
f 619/1761/1 1151/1758/1 620/1742/1
f 1422/1760/1 25/1762/1 24/1759/1
f 1422/1760/1 26/1763/1 25/1762/1
f 1421/1764/1 26/1763/1 1422/1760/1
f 1421/1764/1 27/1765/1 26/1763/1
f 1421/1764/1 28/1766/1 27/1765/1
f 1420/1767/1 28/1766/1 1421/1764/1
f 1420/1767/1 29/1768/1 28/1766/1
f 1420/1767/1 30/1769/1 29/1768/1
f 1419/1770/1 30/1769/1 1420/1767/1
f 1419/1770/1 31/1771/1 30/1769/1
f 1419/1770/1 32/1772/1 31/1771/1
f 1418/1773/1 32/1772/1 1419/1770/1
f 1418/1773/1 33/1774/1 32/1772/1
f 1418/1773/1 34/1775/1 33/1774/1
f 619/1761/1 1152/1776/1 1151/1758/1
f 1417/1777/1 34/1775/1 1418/1773/1
f 1417/1777/1 35/1778/1 34/1775/1
f 618/1779/1 1152/1776/1 619/1761/1
f 1417/1777/1 36/1780/1 35/1778/1
f 1417/1777/1 37/1781/1 36/1780/1
f 1416/1782/1 37/1781/1 1417/1777/1
f 1416/1782/1 38/1783/1 37/1781/1
f 1416/1782/1 39/1784/1 38/1783/1
f 1415/1785/1 39/1784/1 1416/1782/1
f 1415/1785/1 40/1786/1 39/1784/1
f 1415/1785/1 41/1787/1 40/1786/1
f 1414/1788/1 41/1787/1 1415/1785/1
f 1414/1788/1 42/1789/1 41/1787/1
f 1414/1788/1 43/1790/1 42/1789/1
f 1414/1788/1 44/1791/1 43/1790/1
f 1413/1792/1 44/1791/1 1414/1788/1
f 1413/1792/1 45/1793/1 44/1791/1
f 1413/1792/1 46/1794/1 45/1793/1
f 618/1779/1 1153/1795/1 1152/1776/1
f 1412/1796/1 46/1794/1 1413/1792/1
f 617/1797/1 1153/1795/1 618/1779/1
f 1412/1796/1 47/1798/1 46/1794/1
f 1412/1796/1 48/1799/1 47/1798/1
f 1411/1800/1 48/1799/1 1412/1796/1
f 1411/1800/1 49/1801/1 48/1799/1
f 1411/1800/1 50/1802/1 49/1801/1
f 1411/1800/1 51/1803/1 50/1802/1
f 1410/1804/1 51/1803/1 1411/1800/1
f 1410/1804/1 52/1805/1 51/1803/1
f 1410/1804/1 53/1806/1 52/1805/1
f 1409/1807/1 53/1806/1 1410/1804/1
f 1409/1807/1 54/1808/1 53/1806/1
f 1409/1807/1 55/1809/1 54/1808/1
f 1409/1807/1 56/1810/1 55/1809/1
f 1409/1807/1 57/1811/1 56/1810/1
f 616/1812/1 1153/1795/1 617/1797/1
f 1409/1807/1 58/1813/1 57/1811/1
f 616/1812/1 1154/1814/1 1153/1795/1
f 1409/1807/1 59/1815/1 58/1813/1
f 1409/1807/1 60/1816/1 59/1815/1
f 1409/1807/1 61/1817/1 60/1816/1
f 1409/1807/1 62/1818/1 61/1817/1
f 1409/1807/1 63/1819/1 62/1818/1
f 1409/1807/1 64/1820/1 63/1819/1
f 1409/1807/1 65/1821/1 64/1820/1
f 1409/1807/1 66/1822/1 65/1821/1
f 615/1823/1 1154/1814/1 616/1812/1
f 615/1823/1 1155/1824/1 1154/1814/1
f 1408/1825/1 66/1822/1 1409/1807/1
f 614/1826/1 1155/1824/1 615/1823/1
f 1408/1825/1 67/1827/1 66/1822/1
f 614/1826/1 1156/1828/1 1155/1824/1
f 613/1829/1 1156/1828/1 614/1826/1
f 613/1829/1 1157/1830/1 1156/1828/1
f 1408/1825/1 68/1831/1 67/1827/1
f 1407/1832/1 68/1831/1 1408/1825/1
f 613/1829/1 1158/1833/1 1157/1830/1
f 612/1834/1 1158/1833/1 613/1829/1
f 1407/1832/1 69/1835/1 68/1831/1
f 612/1834/1 1159/1836/1 1158/1833/1
f 611/1837/1 1159/1836/1 612/1834/1
f 1406/1838/1 69/1835/1 1407/1832/1
f 1406/1838/1 70/1839/1 69/1835/1
f 611/1837/1 1160/1840/1 1159/1836/1
f 610/1841/1 1160/1840/1 611/1837/1
f 610/1841/1 1161/1842/1 1160/1840/1
f 609/1843/1 1161/1842/1 610/1841/1
f 1406/1838/1 71/1844/1 70/1839/1
f 1405/1845/1 71/1844/1 1406/1838/1
f 609/1843/1 1162/1846/1 1161/1842/1
f 608/1847/1 1162/1846/1 609/1843/1
f 1405/1845/1 72/1848/1 71/1844/1
f 608/1847/1 1163/1849/1 1162/1846/1
f 607/1850/1 1163/1849/1 608/1847/1
f 1404/1851/1 72/1848/1 1405/1845/1
f 1404/1851/1 73/1852/1 72/1848/1
f 607/1850/1 1164/1853/1 1163/1849/1
f 606/1854/1 1164/1853/1 607/1850/1
f 606/1854/1 1165/1855/1 1164/1853/1
f 605/1856/1 1165/1855/1 606/1854/1
f 1404/1851/1 74/1857/1 73/1852/1
f 1403/1858/1 74/1857/1 1404/1851/1
f 605/1856/1 1166/1859/1 1165/1855/1
f 604/1860/1 1166/1859/1 605/1856/1
f 1403/1858/1 75/1861/1 74/1857/1
f 604/1860/1 1167/1862/1 1166/1859/1
f 603/1863/1 1167/1862/1 604/1860/1
f 1402/1864/1 75/1861/1 1403/1858/1
f 1402/1864/1 76/1865/1 75/1861/1
f 603/1863/1 1168/1866/1 1167/1862/1
f 602/1867/1 1168/1866/1 603/1863/1
f 602/1867/1 1169/1868/1 1168/1866/1
f 1402/1864/1 77/1869/1 76/1865/1
f 601/1870/1 1169/1868/1 602/1867/1
f 1401/1871/1 77/1869/1 1402/1864/1
f 601/1870/1 1170/1872/1 1169/1868/1
f 600/1873/1 1170/1872/1 601/1870/1
f 1401/1871/1 78/1874/1 77/1869/1
f 600/1873/1 1171/1875/1 1170/1872/1
f 599/1876/1 1171/1875/1 600/1873/1
f 1400/1877/1 78/1874/1 1401/1871/1
f 1400/1877/1 79/1878/1 78/1874/1
f 599/1876/1 1172/1879/1 1171/1875/1
f 598/1880/1 1172/1879/1 599/1876/1
f 598/1880/1 1173/1881/1 1172/1879/1
f 1400/1877/1 80/1882/1 79/1878/1
f 597/1883/1 1173/1881/1 598/1880/1
f 1399/1884/1 80/1882/1 1400/1877/1
f 597/1883/1 1174/1885/1 1173/1881/1
f 596/1886/1 1174/1885/1 597/1883/1
f 1399/1884/1 81/1887/1 80/1882/1
f 596/1886/1 1175/1888/1 1174/1885/1
f 595/1889/1 1175/1888/1 596/1886/1
f 1398/1890/1 81/1887/1 1399/1884/1
f 1398/1890/1 82/1891/1 81/1887/1
f 595/1889/1 1176/1892/1 1175/1888/1
f 594/1893/1 1176/1892/1 595/1889/1
f 594/1893/1 1177/1894/1 1176/1892/1
f 1398/1890/1 83/1895/1 82/1891/1
f 593/1896/1 1177/1894/1 594/1893/1
f 1397/1897/1 83/1895/1 1398/1890/1
f 593/1896/1 1178/1898/1 1177/1894/1
f 1397/1897/1 84/1899/1 83/1895/1
f 592/1900/1 1178/1898/1 593/1896/1
f 592/1900/1 1179/1901/1 1178/1898/1
f 591/1902/1 1179/1901/1 592/1900/1
f 1396/1903/1 84/1899/1 1397/1897/1
f 1396/1903/1 85/1904/1 84/1899/1
f 591/1902/1 1180/1905/1 1179/1901/1
f 590/1906/1 1180/1905/1 591/1902/1
f 1396/1903/1 86/1907/1 85/1904/1
f 590/1906/1 1181/1908/1 1180/1905/1
f 1395/1909/1 86/1907/1 1396/1903/1
f 589/1910/1 1181/1908/1 590/1906/1
f 589/1910/1 1182/1911/1 1181/1908/1
f 1395/1909/1 87/1912/1 86/1907/1
f 588/1913/1 1182/1911/1 589/1910/1
f 588/1913/1 1183/1914/1 1182/1911/1
f 1394/1915/1 87/1912/1 1395/1909/1
f 587/1916/1 1183/1914/1 588/1913/1
f 1394/1915/1 88/1917/1 87/1912/1
f 587/1916/1 1184/1918/1 1183/1914/1
f 586/1919/1 1184/1918/1 587/1916/1
f 1394/1915/1 89/1920/1 88/1917/1
f 586/1919/1 1185/1921/1 1184/1918/1
f 1393/1922/1 89/1920/1 1394/1915/1
f 585/1923/1 1185/1921/1 586/1919/1
f 585/1923/1 1186/1924/1 1185/1921/1
f 1393/1922/1 90/1925/1 89/1920/1
f 584/1926/1 1186/1924/1 585/1923/1
f 1392/1927/1 90/1925/1 1393/1922/1
f 584/1926/1 1187/1928/1 1186/1924/1
f 1392/1927/1 91/1929/1 90/1925/1
f 583/1930/1 1187/1928/1 584/1926/1
f 583/1930/1 1188/1931/1 1187/1928/1
f 582/1932/1 1188/1931/1 583/1930/1
f 1392/1927/1 92/1933/1 91/1929/1
f 1391/1934/1 92/1933/1 1392/1927/1
f 582/1932/1 1189/1935/1 1188/1931/1
f 581/1936/1 1189/1935/1 582/1932/1
f 1391/1934/1 93/1937/1 92/1933/1
f 581/1936/1 1190/1938/1 1189/1935/1
f 580/1939/1 1190/1938/1 581/1936/1
f 1390/1940/1 93/1937/1 1391/1934/1
f 580/1939/1 1191/1941/1 1190/1938/1
f 1390/1940/1 94/1942/1 93/1937/1
f 579/1943/1 1191/1941/1 580/1939/1
f 579/1943/1 1192/1944/1 1191/1941/1
f 1389/1945/1 94/1942/1 1390/1940/1
f 578/1946/1 1192/1944/1 579/1943/1
f 1389/1945/1 95/1947/1 94/1942/1
f 578/1946/1 1193/1948/1 1192/1944/1
f 577/1949/1 1193/1948/1 578/1946/1
f 1389/1945/1 96/1950/1 95/1947/1
f 577/1949/1 1194/1951/1 1193/1948/1
f 1388/1952/1 96/1950/1 1389/1945/1
f 576/1953/1 1194/1951/1 577/1949/1
f 576/1953/1 1195/1954/1 1194/1951/1
f 1388/1952/1 97/1955/1 96/1950/1
f 1387/1956/1 97/1955/1 1388/1952/1
f 576/1953/1 1196/1957/1 1195/1954/1
f 575/1958/1 1196/1957/1 576/1953/1
f 1387/1956/1 98/1959/1 97/1955/1
f 575/1958/1 1197/1960/1 1196/1957/1
f 1386/1961/1 98/1959/1 1387/1956/1
f 1386/1961/1 99/1962/1 98/1959/1
f 575/1958/1 1198/1963/1 1197/1960/1
f 574/1964/1 1198/1963/1 575/1958/1
f 1386/1961/1 100/1965/1 99/1962/1
f 574/1964/1 1199/1966/1 1198/1963/1
f 1385/1967/1 100/1965/1 1386/1961/1
f 573/1968/1 1199/1966/1 574/1964/1
f 573/1968/1 1200/1969/1 1199/1966/1
f 1385/1967/1 101/1970/1 100/1965/1
f 1384/1971/1 101/1970/1 1385/1967/1
f 573/1968/1 1201/1972/1 1200/1969/1
f 1384/1971/1 102/1973/1 101/1970/1
f 572/1974/1 1201/1972/1 573/1968/1
f 572/1974/1 1202/1975/1 1201/1972/1
f 1383/1976/1 102/1973/1 1384/1971/1
f 1383/1976/1 103/1977/1 102/1973/1
f 572/1974/1 1203/1978/1 1202/1975/1
f 571/1979/1 1203/1978/1 572/1974/1
f 1383/1976/1 104/1980/1 103/1977/1
f 571/1979/1 1204/1981/1 1203/1978/1
f 1382/1982/1 104/1980/1 1383/1976/1
f 571/1979/1 1205/1983/1 1204/1981/1
f 1382/1982/1 105/1984/1 104/1980/1
f 570/1985/1 1205/1983/1 571/1979/1
f 1381/1986/1 105/1984/1 1382/1982/1
f 570/1985/1 1206/1987/1 1205/1983/1
f 1381/1986/1 106/1988/1 105/1984/1
f 570/1985/1 1207/1989/1 1206/1987/1
f 1380/1990/1 106/1988/1 1381/1986/1
f 569/1991/1 1207/1989/1 570/1985/1
f 1380/1990/1 107/1992/1 106/1988/1
f 569/1991/1 1208/1993/1 1207/1989/1
f 1379/1994/1 107/1992/1 1380/1990/1
f 1379/1994/1 108/1995/1 107/1992/1
f 569/1991/1 1209/1996/1 1208/1993/1
f 568/1997/1 1209/1996/1 569/1991/1
f 568/1997/1 1210/1998/1 1209/1996/1
f 1379/1994/1 109/1999/1 108/1995/1
f 1378/2000/1 109/1999/1 1379/1994/1
f 568/1997/1 1211/2001/1 1210/1998/1
f 567/2002/1 1211/2001/1 568/1997/1
f 1378/2000/1 110/2003/1 109/1999/1
f 1377/2004/1 110/2003/1 1378/2000/1
f 567/2002/1 1212/2005/1 1211/2001/1
f 1377/2004/1 111/2006/1 110/2003/1
f 566/2007/1 1212/2005/1 567/2002/1
f 566/2007/1 1213/2008/1 1212/2005/1
f 1376/2009/1 111/2006/1 1377/2004/1
f 1376/2009/1 112/2010/1 111/2006/1
f 566/2007/1 1214/2011/1 1213/2008/1
f 1375/2012/1 112/2010/1 1376/2009/1
f 565/2013/1 1214/2011/1 566/2007/1
f 1375/2012/1 113/2014/1 112/2010/1
f 565/2013/1 1215/2015/1 1214/2011/1
f 1374/2016/1 113/2014/1 1375/2012/1
f 565/2013/1 1216/2017/1 1215/2015/1
f 1374/2016/1 114/2018/1 113/2014/1
f 564/2019/1 1216/2017/1 565/2013/1
f 564/2019/1 1217/2020/1 1216/2017/1
f 1373/2021/1 114/2018/1 1374/2016/1
f 1373/2021/1 115/2022/1 114/2018/1
f 564/2019/1 1218/2023/1 1217/2020/1
f 1373/2021/1 116/2024/1 115/2022/1
f 1372/2025/1 116/2024/1 1373/2021/1
f 563/2026/1 1218/2023/1 564/2019/1
f 563/2026/1 1219/2027/1 1218/2023/1
f 1372/2025/1 117/2028/1 116/2024/1
f 1371/2029/1 117/2028/1 1372/2025/1
f 563/2026/1 1220/2030/1 1219/2027/1
f 562/2031/1 1220/2030/1 563/2026/1
f 562/2031/1 1221/2032/1 1220/2030/1
f 1371/2029/1 118/2033/1 117/2028/1
f 1370/2034/1 118/2033/1 1371/2029/1
f 562/2031/1 1222/2035/1 1221/2032/1
f 1370/2034/1 119/2036/1 118/2033/1
f 1369/2037/1 119/2036/1 1370/2034/1
f 562/2031/1 1223/2038/1 1222/2035/1
f 561/2039/1 1223/2038/1 562/2031/1
f 561/2039/1 1224/2040/1 1223/2038/1
f 1369/2037/1 120/2041/1 119/2036/1
f 1368/2042/1 120/2041/1 1369/2037/1
f 561/2039/1 1225/2043/1 1224/2040/1
f 1368/2042/1 121/2044/1 120/2041/1
f 1367/2045/1 121/2044/1 1368/2042/1
f 560/2046/1 1225/2043/1 561/2039/1
f 560/2046/1 1226/2047/1 1225/2043/1
f 560/2046/1 1227/2048/1 1226/2047/1
f 1366/2049/1 121/2044/1 1367/2045/1
f 1366/2049/1 122/2050/1 121/2044/1
f 560/2046/1 1228/2051/1 1227/2048/1
f 559/2052/1 1228/2051/1 560/2046/1
f 1365/2053/1 122/2050/1 1366/2049/1
f 1365/2053/1 123/2054/1 122/2050/1
f 559/2052/1 1229/2055/1 1228/2051/1
f 1364/2056/1 123/2054/1 1365/2053/1
f 559/2052/1 1230/2057/1 1229/2055/1
f 1364/2056/1 124/2058/1 123/2054/1
f 1363/2059/1 124/2058/1 1364/2056/1
f 559/2052/1 1231/2060/1 1230/2057/1
f 558/2061/1 1231/2060/1 559/2052/1
f 1363/2059/1 125/2062/1 124/2058/1
f 558/2061/1 1232/2063/1 1231/2060/1
f 1362/2064/1 125/2062/1 1363/2059/1
f 558/2061/1 1233/2065/1 1232/2063/1
f 1362/2064/1 126/2066/1 125/2062/1
f 1361/2067/1 126/2066/1 1362/2064/1
f 557/2068/1 1233/2065/1 558/2061/1
f 557/2068/1 1234/2069/1 1233/2065/1
f 1360/2070/1 126/2066/1 1361/2067/1
f 1360/2070/1 127/2071/1 126/2066/1
f 557/2068/1 1235/2072/1 1234/2069/1
f 1359/2073/1 127/2071/1 1360/2070/1
f 557/2068/1 1236/2074/1 1235/2072/1
f 1359/2073/1 128/2075/1 127/2071/1
f 1358/2076/1 128/2075/1 1359/2073/1
f 556/2077/1 1236/2074/1 557/2068/1
f 556/2077/1 1237/2078/1 1236/2074/1
f 1357/2079/1 128/2075/1 1358/2076/1
f 556/2077/1 1238/2080/1 1237/2078/1
f 1357/2079/1 129/2081/1 128/2075/1
f 1356/2082/1 129/2081/1 1357/2079/1
f 556/2077/1 1239/2083/1 1238/2080/1
f 1355/2084/1 129/2081/1 1356/2082/1
f 555/2085/1 1239/2083/1 556/2077/1
f 555/2085/1 1240/2086/1 1239/2083/1
f 1355/2084/1 130/2087/1 129/2081/1
f 1354/2088/1 130/2087/1 1355/2084/1
f 555/2085/1 1241/2089/1 1240/2086/1
f 1353/2090/1 130/2087/1 1354/2088/1
f 1353/2090/1 131/2091/1 130/2087/1
f 1352/2092/1 131/2091/1 1353/2090/1
f 555/2085/1 1242/2093/1 1241/2089/1
f 1351/2094/1 131/2091/1 1352/2092/1
f 1351/2094/1 132/2095/1 131/2091/1
f 1350/2096/1 132/2095/1 1351/2094/1
f 555/2085/1 1243/2097/1 1242/2093/1
f 554/2098/1 1243/2097/1 555/2085/1
f 1349/2099/1 132/2095/1 1350/2096/1
f 1348/2100/1 132/2095/1 1349/2099/1
f 1347/2101/1 132/2095/1 1348/2100/1
f 1346/2102/1 132/2095/1 1347/2101/1
f 554/2098/1 1244/2103/1 1243/2097/1
f 1345/2104/1 132/2095/1 1346/2102/1
f 1345/2104/1 133/2105/1 132/2095/1
f 1344/2106/1 133/2105/1 1345/2104/1
f 554/2098/1 1245/2107/1 1244/2103/1
f 1343/2108/1 133/2105/1 1344/2106/1
f 1343/2108/1 134/2109/1 133/2105/1
f 1342/2110/1 134/2109/1 1343/2108/1
f 554/2098/1 1246/2111/1 1245/2107/1
f 1341/2112/1 134/2109/1 1342/2110/1
f 553/2113/1 1246/2111/1 554/2098/1
f 553/2113/1 1247/2114/1 1246/2111/1
f 1341/2112/1 135/2115/1 134/2109/1
f 1340/2116/1 135/2115/1 1341/2112/1
f 1339/2117/1 135/2115/1 1340/2116/1
f 553/2113/1 1248/2118/1 1247/2114/1
f 1338/2119/1 135/2115/1 1339/2117/1
f 1338/2119/1 136/2120/1 135/2115/1
f 1337/2121/1 136/2120/1 1338/2119/1
f 553/2113/1 1249/2122/1 1248/2118/1
f 1336/2123/1 136/2120/1 1337/2121/1
f 553/2113/1 1250/2124/1 1249/2122/1
f 1336/2123/1 137/2125/1 136/2120/1
f 1335/2126/1 137/2125/1 1336/2123/1
f 1334/2127/1 137/2125/1 1335/2126/1
f 552/2128/1 1250/2124/1 553/2113/1
f 552/2128/1 1251/2129/1 1250/2124/1
f 1333/2130/1 137/2125/1 1334/2127/1
f 1333/2130/1 138/2131/1 137/2125/1
f 1332/2132/1 138/2131/1 1333/2130/1
f 552/2128/1 1252/2133/1 1251/2129/1
f 1331/2134/1 138/2131/1 1332/2132/1
f 552/2128/1 1253/2135/1 1252/2133/1
f 1330/2136/1 138/2131/1 1331/2134/1
f 1330/2136/1 139/2137/1 138/2131/1
f 1329/2138/1 139/2137/1 1330/2136/1
f 552/2128/1 1254/2139/1 1253/2135/1
f 1328/2140/1 139/2137/1 1329/2138/1
f 552/2128/1 1255/2141/1 1254/2139/1
f 1327/2142/1 139/2137/1 1328/2140/1
f 1327/2142/1 140/2143/1 139/2137/1
f 551/2144/1 1255/2141/1 552/2128/1
f 1326/2145/1 140/2143/1 1327/2142/1
f 551/2144/1 1256/2146/1 1255/2141/1
f 1325/2147/1 140/2143/1 1326/2145/1
f 1324/2148/1 140/2143/1 1325/2147/1
f 551/2144/1 1257/2149/1 1256/2146/1
f 1324/2148/1 141/2150/1 140/2143/1
f 1323/2151/1 141/2150/1 1324/2148/1
f 551/2144/1 1258/2152/1 1257/2149/1
f 1322/2153/1 141/2150/1 1323/2151/1
f 1321/2154/1 141/2150/1 1322/2153/1
f 551/2144/1 1259/2155/1 1258/2152/1
f 1321/2154/1 142/2156/1 141/2150/1
f 1320/2157/1 142/2156/1 1321/2154/1
f 1319/2158/1 142/2156/1 1320/2157/1
f 551/2144/1 1260/2159/1 1259/2155/1
f 1318/2160/1 142/2156/1 1319/2158/1
f 550/2161/1 1260/2159/1 551/2144/1
f 550/2161/1 1261/2162/1 1260/2159/1
f 1317/2163/1 142/2156/1 1318/2160/1
f 1317/2163/1 143/2164/1 142/2156/1
f 1316/2165/1 143/2164/1 1317/2163/1
f 550/2161/1 1262/2166/1 1261/2162/1
f 1315/2167/1 143/2164/1 1316/2165/1
f 1314/2168/1 143/2164/1 1315/2167/1
f 550/2161/1 1263/2169/1 1262/2166/1
f 1314/2168/1 144/2170/1 143/2164/1
f 1313/2171/1 144/2170/1 1314/2168/1
f 550/2161/1 1264/2172/1 1263/2169/1
f 1312/2173/1 144/2170/1 1313/2171/1
f 1311/2174/1 144/2170/1 1312/2173/1
f 550/2161/1 1265/2175/1 1264/2172/1
f 1310/2176/1 144/2170/1 1311/2174/1
f 1309/2177/1 144/2170/1 1310/2176/1
f 1309/2177/1 145/2178/1 144/2170/1
f 550/2161/1 1266/2179/1 1265/2175/1
f 1308/2180/1 145/2178/1 1309/2177/1
f 550/2161/1 1267/2181/1 1266/2179/1
f 1307/2182/1 145/2178/1 1308/2180/1
f 549/2183/1 1267/2181/1 550/2161/1
f 1306/2184/1 145/2178/1 1307/2182/1
f 549/2183/1 1268/2185/1 1267/2181/1
f 1305/2186/1 145/2178/1 1306/2184/1
f 1305/2186/1 146/2187/1 145/2178/1
f 549/2183/1 1269/2188/1 1268/2185/1
f 1304/2189/1 146/2187/1 1305/2186/1
f 1303/2190/1 146/2187/1 1304/2189/1
f 549/2183/1 1270/2191/1 1269/2188/1
f 1302/2192/1 146/2187/1 1303/2190/1
f 1301/2193/1 146/2187/1 1302/2192/1
f 549/2183/1 1271/2194/1 1270/2191/1
f 1300/2195/1 146/2187/1 1301/2193/1
f 549/2183/1 1272/2196/1 1271/2194/1
f 1299/2197/1 146/2187/1 1300/2195/1
f 1298/2198/1 146/2187/1 1299/2197/1
f 1298/2198/1 147/2199/1 146/2187/1
f 549/2183/1 1273/2200/1 1272/2196/1
f 1297/2201/1 147/2199/1 1298/2198/1
f 1296/2202/1 147/2199/1 1297/2201/1
f 549/2183/1 1274/2203/1 1273/2200/1
f 1295/2204/1 147/2199/1 1296/2202/1
f 549/2183/1 1275/2205/1 1274/2203/1
f 1294/2206/1 147/2199/1 1295/2204/1
f 1293/2207/1 147/2199/1 1294/2206/1
f 549/2183/1 1276/2208/1 1275/2205/1
f 1292/2209/1 147/2199/1 1293/2207/1
f 1291/2210/1 147/2199/1 1292/2209/1
f 549/2183/1 1277/2211/1 1276/2208/1
f 1290/2212/1 147/2199/1 1291/2210/1
f 549/2183/1 1278/2213/1 1277/2211/1
f 1289/2214/1 147/2199/1 1290/2212/1
f 1288/2215/1 147/2199/1 1289/2214/1
f 1288/2215/1 148/2216/1 147/2199/1
f 549/2183/1 1279/2217/1 1278/2213/1
f 1287/2218/1 148/2216/1 1288/2215/1
f 1286/2219/1 148/2216/1 1287/2218/1
f 549/2183/1 1280/2220/1 1279/2217/1
f 1285/2221/1 148/2216/1 1286/2219/1
f 549/2183/1 1281/2222/1 1280/2220/1
f 1284/2223/1 148/2216/1 1285/2221/1
f 1283/2224/1 148/2216/1 1284/2223/1
f 549/2183/1 1282/2225/1 1281/2222/1
f 1282/2225/1 148/2216/1 1283/2224/1
f 549/2183/1 148/2216/1 1282/2225/1
f 548/2226/1 148/2216/1 549/2183/1
f 548/2226/1 149/2227/1 148/2216/1
f 548/2226/1 150/2228/1 149/2227/1
f 548/2226/1 151/2229/1 150/2228/1
f 547/2230/1 151/2229/1 548/2226/1
f 547/2230/1 152/2231/1 151/2229/1
f 547/2230/1 153/2232/1 152/2231/1
f 547/2230/1 154/2233/1 153/2232/1
f 546/2234/1 154/2233/1 547/2230/1
f 546/2234/1 155/2235/1 154/2233/1
f 546/2234/1 156/2236/1 155/2235/1
f 546/2234/1 157/2237/1 156/2236/1
f 546/2234/1 158/2238/1 157/2237/1
f 545/2239/1 158/2238/1 546/2234/1
f 545/2239/1 159/2240/1 158/2238/1
f 545/2239/1 160/2241/1 159/2240/1
f 545/2239/1 161/2242/1 160/2241/1
f 544/2243/1 161/2242/1 545/2239/1
f 544/2243/1 162/2244/1 161/2242/1
f 544/2243/1 163/2245/1 162/2244/1
f 544/2243/1 164/2246/1 163/2245/1
f 544/2243/1 165/2247/1 164/2246/1
f 543/2248/1 165/2247/1 544/2243/1
f 543/2248/1 166/2249/1 165/2247/1
f 543/2248/1 167/2250/1 166/2249/1
f 543/2248/1 168/2251/1 167/2250/1
f 543/2248/1 169/2252/1 168/2251/1
f 542/2253/1 169/2252/1 543/2248/1
f 542/2253/1 170/2254/1 169/2252/1
f 542/2253/1 171/2255/1 170/2254/1
f 542/2253/1 172/2256/1 171/2255/1
f 542/2253/1 173/2257/1 172/2256/1
f 542/2253/1 174/2258/1 173/2257/1
f 541/2259/1 174/2258/1 542/2253/1
f 541/2259/1 175/2260/1 174/2258/1
f 541/2259/1 176/2261/1 175/2260/1
f 541/2259/1 177/2262/1 176/2261/1
f 541/2259/1 178/2263/1 177/2262/1
f 541/2259/1 179/2264/1 178/2263/1
f 540/2265/1 179/2264/1 541/2259/1
f 540/2265/1 180/2266/1 179/2264/1
f 540/2265/1 181/2267/1 180/2266/1
f 540/2265/1 182/2268/1 181/2267/1
f 540/2265/1 183/2269/1 182/2268/1
f 540/2265/1 184/2270/1 183/2269/1
f 539/2271/1 184/2270/1 540/2265/1
f 539/2271/1 185/2272/1 184/2270/1
f 539/2271/1 186/2273/1 185/2272/1
f 539/2271/1 187/2274/1 186/2273/1
f 539/2271/1 188/2275/1 187/2274/1
f 539/2271/1 189/2276/1 188/2275/1
f 539/2271/1 190/2277/1 189/2276/1
f 539/2271/1 191/2278/1 190/2277/1
f 539/2271/1 192/2279/1 191/2278/1
f 538/2280/1 192/2279/1 539/2271/1
f 538/2280/1 193/2281/1 192/2279/1
f 538/2280/1 194/2282/1 193/2281/1
f 538/2280/1 195/2283/1 194/2282/1
f 538/2280/1 196/2284/1 195/2283/1
f 538/2280/1 197/2285/1 196/2284/1
f 538/2280/1 198/2286/1 197/2285/1
f 538/2280/1 199/2287/1 198/2286/1
f 538/2280/1 200/2288/1 199/2287/1
f 537/2289/1 200/2288/1 538/2280/1
f 537/2289/1 201/2290/1 200/2288/1
f 537/2289/1 202/2291/1 201/2290/1
f 537/2289/1 203/2292/1 202/2291/1
f 537/2289/1 204/2293/1 203/2292/1
f 537/2289/1 205/2294/1 204/2293/1
f 537/2289/1 206/2295/1 205/2294/1
f 537/2289/1 207/2296/1 206/2295/1
f 536/2297/1 207/2296/1 537/2289/1
f 536/2297/1 208/2298/1 207/2296/1
f 536/2297/1 209/2299/1 208/2298/1
f 536/2297/1 210/2300/1 209/2299/1
f 536/2297/1 211/2301/1 210/2300/1
f 536/2297/1 212/2302/1 211/2301/1
f 536/2297/1 213/2303/1 212/2302/1
f 536/2297/1 214/2304/1 213/2303/1
f 535/2305/1 214/2304/1 536/2297/1
f 535/2305/1 215/2306/1 214/2304/1
f 535/2305/1 216/2307/1 215/2306/1
f 535/2305/1 217/2308/1 216/2307/1
f 535/2305/1 218/2309/1 217/2308/1
f 535/2305/1 219/2310/1 218/2309/1
f 535/2305/1 220/2311/1 219/2310/1
f 535/2305/1 221/2312/1 220/2311/1
f 534/2313/1 221/2312/1 535/2305/1
f 534/2313/1 222/2314/1 221/2312/1
f 534/2313/1 223/2315/1 222/2314/1
f 534/2313/1 224/2316/1 223/2315/1
f 534/2313/1 225/2317/1 224/2316/1
f 534/2313/1 226/2318/1 225/2317/1
f 534/2313/1 227/2319/1 226/2318/1
f 533/2320/1 227/2319/1 534/2313/1
f 533/2320/1 228/2321/1 227/2319/1
f 533/2320/1 229/2322/1 228/2321/1
f 533/2320/1 230/2323/1 229/2322/1
f 533/2320/1 231/2324/1 230/2323/1
f 533/2320/1 232/2325/1 231/2324/1
f 533/2320/1 233/2326/1 232/2325/1
f 533/2320/1 234/2327/1 233/2326/1
f 532/2328/1 234/2327/1 533/2320/1
f 532/2328/1 235/2329/1 234/2327/1
f 532/2328/1 236/2330/1 235/2329/1
f 532/2328/1 237/2331/1 236/2330/1
f 532/2328/1 238/2332/1 237/2331/1
f 532/2328/1 239/2333/1 238/2332/1
f 532/2328/1 240/2334/1 239/2333/1
f 531/2335/1 240/2334/1 532/2328/1
f 531/2335/1 241/2336/1 240/2334/1
f 531/2335/1 242/2337/1 241/2336/1
f 531/2335/1 243/2338/1 242/2337/1
f 531/2335/1 244/2339/1 243/2338/1
f 531/2335/1 245/2340/1 244/2339/1
f 531/2335/1 246/2341/1 245/2340/1
f 531/2335/1 247/2342/1 246/2341/1
f 530/2343/1 247/2342/1 531/2335/1
f 530/2343/1 248/2344/1 247/2342/1
f 530/2343/1 249/2345/1 248/2344/1
f 530/2343/1 250/2346/1 249/2345/1
f 530/2343/1 251/2347/1 250/2346/1
f 530/2343/1 252/2348/1 251/2347/1
f 530/2343/1 253/2349/1 252/2348/1
f 529/2350/1 253/2349/1 530/2343/1
f 529/2350/1 254/2351/1 253/2349/1
f 529/2350/1 255/2352/1 254/2351/1
f 529/2350/1 256/2353/1 255/2352/1
f 529/2350/1 257/2354/1 256/2353/1
f 529/2350/1 258/2355/1 257/2354/1
f 528/2356/1 258/2355/1 529/2350/1
f 528/2356/1 259/2357/1 258/2355/1
f 528/2356/1 260/2358/1 259/2357/1
f 528/2356/1 261/2359/1 260/2358/1
f 528/2356/1 262/2360/1 261/2359/1
f 527/2361/1 262/2360/1 528/2356/1
f 527/2361/1 263/2362/1 262/2360/1
f 527/2361/1 264/2363/1 263/2362/1
f 527/2361/1 265/2364/1 264/2363/1
f 526/2365/1 265/2364/1 527/2361/1
f 526/2365/1 266/2366/1 265/2364/1
f 526/2365/1 267/2367/1 266/2366/1
f 526/2365/1 268/2368/1 267/2367/1
f 525/2369/1 268/2368/1 526/2365/1
f 525/2369/1 269/2370/1 268/2368/1
f 525/2369/1 270/2371/1 269/2370/1
f 525/2369/1 271/2372/1 270/2371/1
f 524/2373/1 271/2372/1 525/2369/1
f 524/2373/1 272/2374/1 271/2372/1
f 524/2373/1 273/2375/1 272/2374/1
f 524/2373/1 274/2376/1 273/2375/1
f 524/2373/1 275/2377/1 274/2376/1
f 523/2378/1 275/2377/1 524/2373/1
f 523/2378/1 276/2379/1 275/2377/1
f 523/2378/1 277/2380/1 276/2379/1
f 523/2378/1 278/2381/1 277/2380/1
f 522/2382/1 278/2381/1 523/2378/1
f 522/2382/1 279/2383/1 278/2381/1
f 522/2382/1 280/2384/1 279/2383/1
f 522/2382/1 281/2385/1 280/2384/1
f 521/2386/1 281/2385/1 522/2382/1
f 521/2386/1 282/2387/1 281/2385/1
f 521/2386/1 283/2388/1 282/2387/1
f 521/2386/1 284/2389/1 283/2388/1
f 521/2386/1 285/2390/1 284/2389/1
f 520/2391/1 285/2390/1 521/2386/1
f 520/2391/1 286/2392/1 285/2390/1
f 520/2391/1 287/2393/1 286/2392/1
f 520/2391/1 288/2394/1 287/2393/1
f 520/2391/1 289/2395/1 288/2394/1
f 519/2396/1 289/2395/1 520/2391/1
f 519/2396/1 290/2397/1 289/2395/1
f 519/2396/1 291/2398/1 290/2397/1
f 519/2396/1 292/2399/1 291/2398/1
f 518/2400/1 292/2399/1 519/2396/1
f 518/2400/1 293/2401/1 292/2399/1
f 518/2400/1 294/2402/1 293/2401/1
f 518/2400/1 295/2403/1 294/2402/1
f 518/2400/1 296/2404/1 295/2403/1
f 517/2405/1 296/2404/1 518/2400/1
f 517/2405/1 297/2406/1 296/2404/1
f 517/2405/1 298/2407/1 297/2406/1
f 517/2405/1 299/2408/1 298/2407/1
f 517/2405/1 300/2409/1 299/2408/1
f 516/2410/1 300/2409/1 517/2405/1
f 516/2410/1 301/2411/1 300/2409/1
f 516/2410/1 302/2412/1 301/2411/1
f 516/2410/1 303/2413/1 302/2412/1
f 516/2410/1 304/2414/1 303/2413/1
f 515/2415/1 304/2414/1 516/2410/1
f 515/2415/1 305/2416/1 304/2414/1
f 515/2415/1 306/2417/1 305/2416/1
f 515/2415/1 307/2418/1 306/2417/1
f 515/2415/1 308/2419/1 307/2418/1
f 515/2415/1 309/2420/1 308/2419/1
f 514/2421/1 309/2420/1 515/2415/1
f 514/2421/1 310/2422/1 309/2420/1
f 514/2421/1 311/2423/1 310/2422/1
f 514/2421/1 312/2424/1 311/2423/1
f 514/2421/1 313/2425/1 312/2424/1
f 513/2426/1 313/2425/1 514/2421/1
f 513/2426/1 314/2427/1 313/2425/1
f 513/2426/1 315/2428/1 314/2427/1
f 513/2426/1 316/2429/1 315/2428/1
f 513/2426/1 317/2430/1 316/2429/1
f 512/2431/1 317/2430/1 513/2426/1
f 512/2431/1 318/2432/1 317/2430/1
f 512/2431/1 319/2433/1 318/2432/1
f 512/2431/1 320/2434/1 319/2433/1
f 511/2435/1 320/2434/1 512/2431/1
f 511/2435/1 321/2436/1 320/2434/1
f 511/2435/1 322/2437/1 321/2436/1
f 511/2435/1 323/2438/1 322/2437/1
f 510/2439/1 323/2438/1 511/2435/1
f 510/2439/1 324/2440/1 323/2438/1
f 510/2439/1 325/2441/1 324/2440/1
f 509/2442/1 325/2441/1 510/2439/1
f 509/2442/1 326/2443/1 325/2441/1
f 509/2442/1 327/2444/1 326/2443/1
f 509/2442/1 328/2445/1 327/2444/1
f 508/2446/1 328/2445/1 509/2442/1
f 508/2446/1 329/2447/1 328/2445/1
f 508/2446/1 330/2448/1 329/2447/1
f 507/2449/1 330/2448/1 508/2446/1
f 507/2449/1 331/2450/1 330/2448/1
f 507/2449/1 332/2451/1 331/2450/1
f 506/2452/1 332/2451/1 507/2449/1
f 506/2452/1 333/2453/1 332/2451/1
f 506/2452/1 334/2454/1 333/2453/1
f 506/2452/1 335/2455/1 334/2454/1
f 505/2456/1 335/2455/1 506/2452/1
f 505/2456/1 336/2457/1 335/2455/1
f 505/2456/1 337/2458/1 336/2457/1
f 504/2459/1 337/2458/1 505/2456/1
f 504/2459/1 338/2460/1 337/2458/1
f 504/2459/1 339/2461/1 338/2460/1
f 503/2462/1 339/2461/1 504/2459/1
f 503/2462/1 340/2463/1 339/2461/1
f 503/2462/1 341/2464/1 340/2463/1
f 503/2462/1 342/2465/1 341/2464/1
f 502/2466/1 342/2465/1 503/2462/1
f 502/2466/1 343/2467/1 342/2465/1
f 502/2466/1 344/2468/1 343/2467/1
f 501/2469/1 344/2468/1 502/2466/1
f 501/2469/1 345/2470/1 344/2468/1
f 501/2469/1 346/2471/1 345/2470/1
f 500/2472/1 346/2471/1 501/2469/1
f 500/2472/1 347/2473/1 346/2471/1
f 500/2472/1 348/2474/1 347/2473/1
f 499/2475/1 348/2474/1 500/2472/1
f 499/2475/1 349/2476/1 348/2474/1
f 499/2475/1 350/2477/1 349/2476/1
f 499/2475/1 351/2478/1 350/2477/1
f 498/2479/1 351/2478/1 499/2475/1
f 498/2479/1 352/2480/1 351/2478/1
f 498/2479/1 353/2481/1 352/2480/1
f 497/2482/1 353/2481/1 498/2479/1
f 497/2482/1 354/2483/1 353/2481/1
f 497/2482/1 355/2484/1 354/2483/1
f 496/2485/1 355/2484/1 497/2482/1
f 496/2485/1 356/2486/1 355/2484/1
f 496/2485/1 357/2487/1 356/2486/1
f 495/2488/1 357/2487/1 496/2485/1
f 495/2488/1 358/2489/1 357/2487/1
f 495/2488/1 359/2490/1 358/2489/1
f 495/2488/1 360/2491/1 359/2490/1
f 494/2492/1 360/2491/1 495/2488/1
f 494/2492/1 361/2493/1 360/2491/1
f 494/2492/1 362/2494/1 361/2493/1
f 493/2495/1 362/2494/1 494/2492/1
f 493/2495/1 363/2496/1 362/2494/1
f 493/2495/1 364/2497/1 363/2496/1
f 492/2498/1 364/2497/1 493/2495/1
f 492/2498/1 365/2499/1 364/2497/1
f 492/2498/1 366/2500/1 365/2499/1
f 491/2501/1 366/2500/1 492/2498/1
f 491/2501/1 367/2502/1 366/2500/1
f 491/2501/1 368/2503/1 367/2502/1
f 490/2504/1 368/2503/1 491/2501/1
f 490/2504/1 369/2505/1 368/2503/1
f 490/2504/1 370/2506/1 369/2505/1
f 489/2507/1 370/2506/1 490/2504/1
f 489/2507/1 371/2508/1 370/2506/1
f 489/2507/1 372/2509/1 371/2508/1
f 488/2510/1 372/2509/1 489/2507/1
f 488/2510/1 373/2511/1 372/2509/1
f 488/2510/1 374/2512/1 373/2511/1
f 487/2513/1 374/2512/1 488/2510/1
f 487/2513/1 375/2514/1 374/2512/1
f 487/2513/1 376/2515/1 375/2514/1
f 486/2516/1 376/2515/1 487/2513/1
f 486/2516/1 377/2517/1 376/2515/1
f 486/2516/1 378/2518/1 377/2517/1
f 485/2519/1 378/2518/1 486/2516/1
f 485/2519/1 379/2520/1 378/2518/1
f 485/2519/1 380/2521/1 379/2520/1
f 484/2522/1 380/2521/1 485/2519/1
f 484/2522/1 381/2523/1 380/2521/1
f 484/2522/1 382/2524/1 381/2523/1
f 483/2525/1 382/2524/1 484/2522/1
f 483/2525/1 383/2526/1 382/2524/1
f 483/2525/1 384/2527/1 383/2526/1
f 482/2528/1 384/2527/1 483/2525/1
f 482/2528/1 385/2529/1 384/2527/1
f 482/2528/1 386/2530/1 385/2529/1
f 481/2531/1 386/2530/1 482/2528/1
f 481/2531/1 387/2532/1 386/2530/1
f 481/2531/1 388/2533/1 387/2532/1
f 480/2534/1 388/2533/1 481/2531/1
f 480/2534/1 389/2535/1 388/2533/1
f 480/2534/1 390/2536/1 389/2535/1
f 479/2537/1 390/2536/1 480/2534/1
f 479/2537/1 391/2538/1 390/2536/1
f 479/2537/1 392/2539/1 391/2538/1
f 478/2540/1 392/2539/1 479/2537/1
f 478/2540/1 393/2541/1 392/2539/1
f 478/2540/1 394/2542/1 393/2541/1
f 477/2543/1 394/2542/1 478/2540/1
f 477/2543/1 395/2544/1 394/2542/1
f 477/2543/1 396/2545/1 395/2544/1
f 476/2546/1 396/2545/1 477/2543/1
f 476/2546/1 397/2547/1 396/2545/1
f 476/2546/1 398/2548/1 397/2547/1
f 475/2549/1 398/2548/1 476/2546/1
f 475/2549/1 399/2550/1 398/2548/1
f 475/2549/1 400/2551/1 399/2550/1
f 474/2552/1 400/2551/1 475/2549/1
f 474/2552/1 401/2553/1 400/2551/1
f 474/2552/1 402/2554/1 401/2553/1
f 473/2555/1 402/2554/1 474/2552/1
f 473/2555/1 403/2556/1 402/2554/1
f 473/2555/1 404/2557/1 403/2556/1
f 472/2558/1 404/2557/1 473/2555/1
f 472/2558/1 405/2559/1 404/2557/1
f 471/2560/1 405/2559/1 472/2558/1
f 471/2560/1 406/2561/1 405/2559/1
f 471/2560/1 407/2562/1 406/2561/1
f 470/2563/1 407/2562/1 471/2560/1
f 470/2563/1 408/2564/1 407/2562/1
f 470/2563/1 409/2565/1 408/2564/1
f 469/2566/1 409/2565/1 470/2563/1
f 469/2566/1 410/2567/1 409/2565/1
f 469/2566/1 411/2568/1 410/2567/1
f 468/2569/1 411/2568/1 469/2566/1
f 468/2569/1 412/2570/1 411/2568/1
f 468/2569/1 413/2571/1 412/2570/1
f 467/2572/1 413/2571/1 468/2569/1
f 467/2572/1 414/2573/1 413/2571/1
f 467/2572/1 415/2574/1 414/2573/1
f 466/2575/1 415/2574/1 467/2572/1
f 466/2575/1 416/2576/1 415/2574/1
f 466/2575/1 417/2577/1 416/2576/1
f 465/2578/1 417/2577/1 466/2575/1
f 465/2578/1 418/2579/1 417/2577/1
f 465/2578/1 419/2580/1 418/2579/1
f 464/2581/1 419/2580/1 465/2578/1
f 464/2581/1 420/2582/1 419/2580/1
f 464/2581/1 421/2583/1 420/2582/1
f 463/2584/1 421/2583/1 464/2581/1
f 463/2584/1 422/2585/1 421/2583/1
f 463/2584/1 423/2586/1 422/2585/1
f 462/2587/1 423/2586/1 463/2584/1
f 462/2587/1 424/2588/1 423/2586/1
f 462/2587/1 425/2589/1 424/2588/1
f 461/2590/1 425/2589/1 462/2587/1
f 461/2590/1 426/2591/1 425/2589/1
f 461/2590/1 427/2592/1 426/2591/1
f 460/2593/1 427/2592/1 461/2590/1
f 460/2593/1 428/2594/1 427/2592/1
f 459/2595/1 428/2594/1 460/2593/1
f 459/2595/1 429/2596/1 428/2594/1
f 459/2595/1 430/2597/1 429/2596/1
f 458/2598/1 430/2597/1 459/2595/1
f 458/2598/1 431/2599/1 430/2597/1
f 458/2598/1 432/2600/1 431/2599/1
f 457/2601/1 432/2600/1 458/2598/1
f 457/2601/1 433/2602/1 432/2600/1
f 457/2601/1 434/2603/1 433/2602/1
f 456/2604/1 434/2603/1 457/2601/1
f 456/2604/1 435/2605/1 434/2603/1
f 456/2604/1 436/2606/1 435/2605/1
f 455/2607/1 436/2606/1 456/2604/1
f 455/2607/1 437/2608/1 436/2606/1
f 455/2607/1 438/2609/1 437/2608/1
f 454/2610/1 438/2609/1 455/2607/1
f 454/2610/1 439/2611/1 438/2609/1
f 454/2610/1 440/2612/1 439/2611/1
f 453/2613/1 440/2612/1 454/2610/1
f 453/2613/1 441/2614/1 440/2612/1
f 453/2613/1 442/2615/1 441/2614/1
f 452/2616/1 442/2615/1 453/2613/1
f 452/2616/1 443/2617/1 442/2615/1
f 452/2616/1 444/2618/1 443/2617/1
f 451/2619/1 444/2618/1 452/2616/1
f 451/2619/1 445/2620/1 444/2618/1
f 451/2619/1 446/2621/1 445/2620/1
f 450/2622/1 446/2621/1 451/2619/1
f 450/2622/1 447/2623/1 446/2621/1
f 450/2622/1 448/2624/1 447/2623/1
f 449/2625/1 448/2624/1 450/2622/1
f 4226/1/2 4227/3/2 4228/2/2
f 4225/4/2 4226/1/2 4228/2/2
f 4224/5/2 4225/4/2 4228/2/2
f 4224/5/2 4228/2/2 4229/6/2
f 4223/7/2 4224/5/2 4229/6/2
f 4222/8/2 4223/7/2 4229/6/2
f 4222/8/2 4229/6/2 4230/9/2
f 4221/10/2 4222/8/2 4230/9/2
f 4220/11/2 4221/10/2 4230/9/2
f 4220/11/2 4230/9/2 4231/12/2
f 4219/13/2 4220/11/2 4231/12/2
f 4218/14/2 4219/13/2 4231/12/2
f 4218/14/2 4231/12/2 4232/15/2
f 4217/16/2 4218/14/2 4232/15/2
f 4216/17/2 4217/16/2 4232/15/2
f 4216/17/2 4232/15/2 4233/18/2
f 4215/19/2 4216/17/2 4233/18/2
f 4214/20/2 4215/19/2 4233/18/2
f 4214/20/2 4233/18/2 4234/21/2
f 4213/22/2 4214/20/2 4234/21/2
f 4212/23/2 4213/22/2 4234/21/2
f 4212/23/2 4234/21/2 4235/24/2
f 4211/25/2 4212/23/2 4235/24/2
f 4210/26/2 4211/25/2 4235/24/2
f 4210/26/2 4235/24/2 4236/27/2
f 4209/28/2 4210/26/2 4236/27/2
f 4208/29/2 4209/28/2 4236/27/2
f 4208/29/2 4236/27/2 4237/30/2
f 4207/31/2 4208/29/2 4237/30/2
f 4206/32/2 4207/31/2 4237/30/2
f 4206/32/2 4237/30/2 4238/33/2
f 4205/34/2 4206/32/2 4238/33/2
f 4204/35/2 4205/34/2 4238/33/2
f 4204/35/2 4238/33/2 4239/36/2
f 4203/37/2 4204/35/2 4239/36/2
f 4202/38/2 4203/37/2 4239/36/2
f 4201/39/2 4202/38/2 4239/36/2
f 4201/39/2 4239/36/2 4240/40/2
f 4200/41/2 4201/39/2 4240/40/2
f 4199/42/2 4200/41/2 4240/40/2
f 4199/42/2 4240/40/2 4241/43/2
f 4198/44/2 4199/42/2 4241/43/2
f 4197/45/2 4198/44/2 4241/43/2
f 4197/45/2 4241/43/2 4242/46/2
f 4196/47/2 4197/45/2 4242/46/2
f 4195/48/2 4196/47/2 4242/46/2
f 4195/48/2 4242/46/2 4243/49/2
f 4194/50/2 4195/48/2 4243/49/2
f 4193/51/2 4194/50/2 4243/49/2
f 4193/51/2 4243/49/2 4244/52/2
f 4192/53/2 4193/51/2 4244/52/2
f 4191/54/2 4192/53/2 4244/52/2
f 4191/54/2 4244/52/2 4245/55/2
f 4190/56/2 4191/54/2 4245/55/2
f 4189/57/2 4190/56/2 4245/55/2
f 4189/57/2 4245/55/2 4246/58/2
f 4188/59/2 4189/57/2 4246/58/2
f 4187/60/2 4188/59/2 4246/58/2
f 4187/60/2 4246/58/2 4247/61/2
f 4186/62/2 4187/60/2 4247/61/2
f 4185/63/2 4186/62/2 4247/61/2
f 4185/63/2 4247/61/2 4248/64/2
f 4184/65/2 4185/63/2 4248/64/2
f 4183/66/2 4184/65/2 4248/64/2
f 4183/66/2 4248/64/2 4249/67/2
f 4182/68/2 4183/66/2 4249/67/2
f 4181/69/2 4182/68/2 4249/67/2
f 4181/69/2 4249/67/2 4250/70/2
f 4180/71/2 4181/69/2 4250/70/2
f 4179/72/2 4180/71/2 4250/70/2
f 4178/73/2 4179/72/2 4250/70/2
f 4178/73/2 4250/70/2 4251/74/2
f 4177/75/2 4178/73/2 4251/74/2
f 4176/76/2 4177/75/2 4251/74/2
f 4176/76/2 4251/74/2 4252/77/2
f 4175/78/2 4176/76/2 4252/77/2
f 4174/79/2 4175/78/2 4252/77/2
f 4174/79/2 4252/77/2 4253/80/2
f 4173/81/2 4174/79/2 4253/80/2
f 4172/82/2 4173/81/2 4253/80/2
f 4172/82/2 4253/80/2 4254/83/2
f 4171/84/2 4172/82/2 4254/83/2
f 4170/85/2 4171/84/2 4254/83/2
f 4170/85/2 4254/83/2 4255/86/2
f 4169/87/2 4170/85/2 4255/86/2
f 4168/88/2 4169/87/2 4255/86/2
f 4168/88/2 4255/86/2 4256/89/2
f 4167/90/2 4168/88/2 4256/89/2
f 4166/91/2 4167/90/2 4256/89/2
f 4166/91/2 4256/89/2 4257/92/2
f 4165/93/2 4166/91/2 4257/92/2
f 4164/94/2 4165/93/2 4257/92/2
f 4164/94/2 4257/92/2 4258/95/2
f 4163/96/2 4164/94/2 4258/95/2
f 5250/97/2 4163/96/2 4258/95/2
f 5250/97/2 4258/95/2 4259/98/2
f 5249/99/2 5250/97/2 4259/98/2
f 5248/100/2 5249/99/2 4259/98/2
f 5247/101/2 5248/100/2 4259/98/2
f 5247/101/2 4259/98/2 4260/102/2
f 5246/103/2 5247/101/2 4260/102/2
f 5245/104/2 5246/103/2 4260/102/2
f 5244/105/2 5245/104/2 4260/102/2
f 5244/105/2 4260/102/2 4261/106/2
f 5243/107/2 5244/105/2 4261/106/2
f 5242/108/2 5243/107/2 4261/106/2
f 5241/109/2 5242/108/2 4261/106/2
f 5241/109/2 4261/106/2 4262/110/2
f 5240/111/2 5241/109/2 4262/110/2
f 5239/112/2 5240/111/2 4262/110/2
f 5238/113/2 5239/112/2 4262/110/2
f 5238/113/2 4262/110/2 4263/114/2
f 5237/115/2 5238/113/2 4263/114/2
f 5236/116/2 5237/115/2 4263/114/2
f 5235/117/2 5236/116/2 4263/114/2
f 5235/117/2 4263/114/2 4264/118/2
f 5234/119/2 5235/117/2 4264/118/2
f 5233/120/2 5234/119/2 4264/118/2
f 5232/121/2 5233/120/2 4264/118/2
f 5232/121/2 4264/118/2 4265/122/2
f 5231/123/2 5232/121/2 4265/122/2
f 5230/124/2 5231/123/2 4265/122/2
f 5230/124/2 4265/122/2 4266/125/2
f 5229/126/2 5230/124/2 4266/125/2
f 5228/127/2 5229/126/2 4266/125/2
f 5227/128/2 5228/127/2 4266/125/2
f 5227/128/2 4266/125/2 4267/129/2
f 5226/130/2 5227/128/2 4267/129/2
f 5225/131/2 5226/130/2 4267/129/2
f 5224/132/2 5225/131/2 4267/129/2
f 5224/132/2 4267/129/2 4268/133/2
f 5223/134/2 5224/132/2 4268/133/2
f 5222/135/2 5223/134/2 4268/133/2
f 5221/136/2 5222/135/2 4268/133/2
f 5221/136/2 4268/133/2 4269/137/2
f 5220/138/2 5221/136/2 4269/137/2
f 5219/139/2 5220/138/2 4269/137/2
f 5218/140/2 5219/139/2 4269/137/2
f 5218/140/2 4269/137/2 4270/141/2
f 5217/142/2 5218/140/2 4270/141/2
f 5216/143/2 5217/142/2 4270/141/2
f 5216/143/2 4270/141/2 4271/144/2
f 5215/145/2 5216/143/2 4271/144/2
f 5214/146/2 5215/145/2 4271/144/2
f 5213/147/2 5214/146/2 4271/144/2
f 5213/147/2 4271/144/2 4272/148/2
f 5212/149/2 5213/147/2 4272/148/2
f 5211/150/2 5212/149/2 4272/148/2
f 5210/151/2 5211/150/2 4272/148/2
f 5210/151/2 4272/148/2 4273/152/2
f 5209/153/2 5210/151/2 4273/152/2
f 5208/154/2 5209/153/2 4273/152/2
f 5207/155/2 5208/154/2 4273/152/2
f 5207/155/2 4273/152/2 4274/156/2
f 5206/157/2 5207/155/2 4274/156/2
f 5205/158/2 5206/157/2 4274/156/2
f 5205/158/2 4274/156/2 4275/159/2
f 5204/160/2 5205/158/2 4275/159/2
f 5203/161/2 5204/160/2 4275/159/2
f 5202/162/2 5203/161/2 4275/159/2
f 5202/162/2 4275/159/2 4276/163/2
f 5201/164/2 5202/162/2 4276/163/2
f 5200/165/2 5201/164/2 4276/163/2
f 5199/166/2 5200/165/2 4276/163/2
f 5199/166/2 4276/163/2 4277/167/2
f 5198/168/2 5199/166/2 4277/167/2
f 5197/169/2 5198/168/2 4277/167/2
f 5197/169/2 4277/167/2 4278/170/2
f 5196/171/2 5197/169/2 4278/170/2
f 5195/172/2 5196/171/2 4278/170/2
f 5194/173/2 5195/172/2 4278/170/2
f 5194/173/2 4278/170/2 4279/174/2
f 5193/175/2 5194/173/2 4279/174/2
f 5192/176/2 5193/175/2 4279/174/2
f 5191/177/2 5192/176/2 4279/174/2
f 5191/177/2 4279/174/2 4280/178/2
f 5190/179/2 5191/177/2 4280/178/2
f 5189/180/2 5190/179/2 4280/178/2
f 5188/181/2 5189/180/2 4280/178/2
f 5188/181/2 4280/178/2 4281/182/2
f 5187/183/2 5188/181/2 4281/182/2
f 5186/184/2 5187/183/2 4281/182/2
f 5186/184/2 4281/182/2 4282/185/2
f 5186/184/2 4282/185/2 4283/186/2
f 5185/187/2 5186/184/2 4283/186/2
f 5185/187/2 4283/186/2 4284/188/2
f 5184/189/2 5185/187/2 4284/188/2
f 5184/189/2 4284/188/2 4285/190/2
f 5184/189/2 4285/190/2 4286/191/2
f 5183/192/2 5184/189/2 4286/191/2
f 5183/192/2 4286/191/2 4287/193/2
f 5182/194/2 5183/192/2 4287/193/2
f 5182/194/2 4287/193/2 4288/195/2
f 5182/194/2 4288/195/2 4289/196/2
f 5181/197/2 5182/194/2 4289/196/2
f 5181/197/2 4289/196/2 4290/198/2
f 5180/199/2 5181/197/2 4290/198/2
f 5180/199/2 4290/198/2 4291/200/2
f 5180/199/2 4291/200/2 4292/201/2
f 5179/202/2 5180/199/2 4292/201/2
f 5178/203/2 5179/202/2 4292/201/2
f 5178/203/2 4292/201/2 4293/204/2
f 5177/205/2 5178/203/2 4293/204/2
f 5177/205/2 4293/204/2 4294/206/2
f 5176/207/2 5177/205/2 4294/206/2
f 5176/207/2 4294/206/2 4295/208/2
f 5175/209/2 5176/207/2 4295/208/2
f 5175/209/2 4295/208/2 4296/210/2
f 5174/211/2 5175/209/2 4296/210/2
f 5173/212/2 5174/211/2 4296/210/2
f 5173/212/2 4296/210/2 4297/213/2
f 5172/214/2 5173/212/2 4297/213/2
f 5172/214/2 4297/213/2 4298/215/2
f 5171/216/2 5172/214/2 4298/215/2
f 5171/216/2 4298/215/2 4299/217/2
f 5170/218/2 5171/216/2 4299/217/2
f 5170/218/2 4299/217/2 4300/219/2
f 5169/220/2 5170/218/2 4300/219/2
f 5169/220/2 4300/219/2 4301/221/2
f 5168/222/2 5169/220/2 4301/221/2
f 5167/223/2 5168/222/2 4301/221/2
f 5167/223/2 4301/221/2 4302/224/2
f 5166/225/2 5167/223/2 4302/224/2
f 5166/225/2 4302/224/2 4303/226/2
f 5165/227/2 5166/225/2 4303/226/2
f 5165/227/2 4303/226/2 4304/228/2
f 5164/229/2 5165/227/2 4304/228/2
f 5164/229/2 4304/228/2 4305/230/2
f 5163/231/2 5164/229/2 4305/230/2
f 5162/232/2 5163/231/2 4305/230/2
f 5162/232/2 4305/230/2 4306/233/2
f 5161/234/2 5162/232/2 4306/233/2
f 5161/234/2 4306/233/2 4307/235/2
f 5160/236/2 5161/234/2 4307/235/2
f 5160/236/2 4307/235/2 4308/237/2
f 5159/238/2 5160/236/2 4308/237/2
f 5159/238/2 4308/237/2 4309/239/2
f 5158/240/2 5159/238/2 4309/239/2
f 5158/240/2 4309/239/2 4310/241/2
f 5157/242/2 5158/240/2 4310/241/2
f 5156/243/2 5157/242/2 4310/241/2
f 5156/243/2 4310/241/2 4311/244/2
f 5155/245/2 5156/243/2 4311/244/2
f 5155/245/2 4311/244/2 4312/246/2
f 5154/247/2 5155/245/2 4312/246/2
f 5154/247/2 4312/246/2 4313/248/2
f 5153/249/2 5154/247/2 4313/248/2
f 5153/249/2 4313/248/2 4314/250/2
f 5152/251/2 5153/249/2 4314/250/2
f 5152/251/2 4314/250/2 4315/252/2
f 5151/253/2 5152/251/2 4315/252/2
f 5150/254/2 5151/253/2 4315/252/2
f 5150/254/2 4315/252/2 4316/255/2
f 5149/256/2 5150/254/2 4316/255/2
f 5149/256/2 4316/255/2 4317/257/2
f 5148/258/2 5149/256/2 4317/257/2
f 5148/258/2 4317/257/2 4318/259/2
f 5147/260/2 5148/258/2 4318/259/2
f 5147/260/2 4318/259/2 4319/261/2
f 5146/262/2 5147/260/2 4319/261/2
f 5146/262/2 4319/261/2 4320/263/2
f 5145/264/2 5146/262/2 4320/263/2
f 5144/265/2 5145/264/2 4320/263/2
f 5144/265/2 4320/263/2 4321/266/2
f 5143/267/2 5144/265/2 4321/266/2
f 5143/267/2 4321/266/2 4322/268/2
f 5142/269/2 5143/267/2 4322/268/2
f 5142/269/2 4322/268/2 4323/270/2
f 5141/271/2 5142/269/2 4323/270/2
f 5141/271/2 4323/270/2 4324/272/2
f 5140/273/2 5141/271/2 4324/272/2
f 5140/273/2 4324/272/2 4325/274/2
f 5139/275/2 5140/273/2 4325/274/2
f 5138/276/2 5139/275/2 4325/274/2
f 5138/276/2 4325/274/2 4326/277/2
f 5137/278/2 5138/276/2 4326/277/2
f 5137/278/2 4326/277/2 4327/279/2
f 5136/280/2 5137/278/2 4327/279/2
f 5136/280/2 4327/279/2 4328/281/2
f 5135/282/2 5136/280/2 4328/281/2
f 5135/282/2 4328/281/2 4329/283/2
f 5134/284/2 5135/282/2 4329/283/2
f 5134/284/2 4329/283/2 4330/285/2
f 5133/286/2 5134/284/2 4330/285/2
f 5132/287/2 5133/286/2 4330/285/2
f 5132/287/2 4330/285/2 4331/288/2
f 5131/289/2 5132/287/2 4331/288/2
f 5131/289/2 4331/288/2 4332/290/2
f 5130/291/2 5131/289/2 4332/290/2
f 5130/291/2 4332/290/2 4333/292/2
f 5129/293/2 5130/291/2 4333/292/2
f 5129/293/2 4333/292/2 4334/294/2
f 5128/295/2 5129/293/2 4334/294/2
f 5128/295/2 4334/294/2 4335/296/2
f 5127/297/2 5128/295/2 4335/296/2
f 5126/298/2 5127/297/2 4335/296/2
f 5126/298/2 4335/296/2 4336/299/2
f 5125/300/2 5126/298/2 4336/299/2
f 5125/300/2 4336/299/2 4337/301/2
f 5124/302/2 5125/300/2 4337/301/2
f 5124/302/2 4337/301/2 4338/303/2
f 5123/304/2 5124/302/2 4338/303/2
f 5123/304/2 4338/303/2 4339/305/2
f 5122/306/2 5123/304/2 4339/305/2
f 5121/307/2 5122/306/2 4339/305/2
f 5121/307/2 4339/305/2 4340/308/2
f 5120/309/2 5121/307/2 4340/308/2
f 5119/310/2 5120/309/2 4340/308/2
f 5118/311/2 5119/310/2 4340/308/2
f 5118/311/2 4340/308/2 4341/312/2
f 5117/313/2 5118/311/2 4341/312/2
f 5116/314/2 5117/313/2 4341/312/2
f 5116/314/2 4341/312/2 4342/315/2
f 5115/316/2 5116/314/2 4342/315/2
f 5114/317/2 5115/316/2 4342/315/2
f 5113/318/2 5114/317/2 4342/315/2
f 5113/318/2 4342/315/2 4343/319/2
f 5112/320/2 5113/318/2 4343/319/2
f 5111/321/2 5112/320/2 4343/319/2
f 5111/321/2 4343/319/2 4344/322/2
f 5110/323/2 5111/321/2 4344/322/2
f 5109/324/2 5110/323/2 4344/322/2
f 5109/324/2 4344/322/2 4345/325/2
f 5108/326/2 5109/324/2 4345/325/2
f 5107/327/2 5108/326/2 4345/325/2
f 5106/328/2 5107/327/2 4345/325/2
f 5106/328/2 4345/325/2 4346/329/2
f 5105/330/2 5106/328/2 4346/329/2
f 5104/331/2 5105/330/2 4346/329/2
f 5104/331/2 4346/329/2 4347/332/2
f 5103/333/2 5104/331/2 4347/332/2
f 5102/334/2 5103/333/2 4347/332/2
f 5101/335/2 5102/334/2 4347/332/2
f 5101/335/2 4347/332/2 4348/336/2
f 5100/337/2 5101/335/2 4348/336/2
f 5099/338/2 5100/337/2 4348/336/2
f 5099/338/2 4348/336/2 4349/339/2
f 5098/340/2 5099/338/2 4349/339/2
f 5097/341/2 5098/340/2 4349/339/2
f 5096/342/2 5097/341/2 4349/339/2
f 5096/342/2 4349/339/2 4350/343/2
f 5095/344/2 5096/342/2 4350/343/2
f 5094/345/2 5095/344/2 4350/343/2
f 5094/345/2 4350/343/2 4351/346/2
f 5093/347/2 5094/345/2 4351/346/2
f 5092/348/2 5093/347/2 4351/346/2
f 5092/348/2 4351/346/2 4352/349/2
f 5091/350/2 5092/348/2 4352/349/2
f 5090/351/2 5091/350/2 4352/349/2
f 5089/352/2 5090/351/2 4352/349/2
f 5089/352/2 4352/349/2 4353/353/2
f 5088/354/2 5089/352/2 4353/353/2
f 5087/355/2 5088/354/2 4353/353/2
f 5087/355/2 4353/353/2 4354/356/2
f 5086/357/2 5087/355/2 4354/356/2
f 5085/358/2 5086/357/2 4354/356/2
f 5084/359/2 5085/358/2 4354/356/2
f 5084/359/2 4354/356/2 4355/360/2
f 5083/361/2 5084/359/2 4355/360/2
f 5082/362/2 5083/361/2 4355/360/2
f 5082/362/2 4355/360/2 4356/363/2
f 5081/364/2 5082/362/2 4356/363/2
f 5080/365/2 5081/364/2 4356/363/2
f 5080/365/2 4356/363/2 4357/366/2
f 5079/367/2 5080/365/2 4357/366/2
f 5078/368/2 5079/367/2 4357/366/2
f 5078/368/2 4357/366/2 4358/369/2
f 5077/370/2 5078/368/2 4358/369/2
f 5076/371/2 5077/370/2 4358/369/2
f 5076/371/2 4358/369/2 4359/372/2
f 5075/373/2 5076/371/2 4359/372/2
f 5074/374/2 5075/373/2 4359/372/2
f 5074/374/2 4359/372/2 4360/375/2
f 5073/376/2 5074/374/2 4360/375/2
f 5072/377/2 5073/376/2 4360/375/2
f 5072/377/2 4360/375/2 4361/378/2
f 5071/379/2 5072/377/2 4361/378/2
f 5070/380/2 5071/379/2 4361/378/2
f 5070/380/2 4361/378/2 4362/381/2
f 5069/382/2 5070/380/2 4362/381/2
f 5068/383/2 5069/382/2 4362/381/2
f 5068/383/2 4362/381/2 4363/384/2
f 5067/385/2 5068/383/2 4363/384/2
f 5066/386/2 5067/385/2 4363/384/2
f 5066/386/2 4363/384/2 4364/387/2
f 5065/388/2 5066/386/2 4364/387/2
f 5064/389/2 5065/388/2 4364/387/2
f 5064/389/2 4364/387/2 4365/390/2
f 5063/391/2 5064/389/2 4365/390/2
f 5062/392/2 5063/391/2 4365/390/2
f 5062/392/2 4365/390/2 4366/393/2
f 5061/394/2 5062/392/2 4366/393/2
f 5061/394/2 4366/393/2 4367/395/2
f 5060/396/2 5061/394/2 4367/395/2
f 5059/397/2 5060/396/2 4367/395/2
f 5059/397/2 4367/395/2 4368/398/2
f 5058/399/2 5059/397/2 4368/398/2
f 5057/400/2 5058/399/2 4368/398/2
f 5057/400/2 4368/398/2 4369/401/2
f 5056/402/2 5057/400/2 4369/401/2
f 5055/403/2 5056/402/2 4369/401/2
f 5055/403/2 4369/401/2 4370/404/2
f 5054/405/2 5055/403/2 4370/404/2
f 5053/406/2 5054/405/2 4370/404/2
f 5053/406/2 4370/404/2 4371/407/2
f 5052/408/2 5053/406/2 4371/407/2
f 5051/409/2 5052/408/2 4371/407/2
f 5051/409/2 4371/407/2 4372/410/2
f 5050/411/2 5051/409/2 4372/410/2
f 5050/411/2 4372/410/2 4373/412/2
f 5049/413/2 5050/411/2 4373/412/2
f 5048/414/2 5049/413/2 4373/412/2
f 5048/414/2 4373/412/2 4374/415/2
f 5047/416/2 5048/414/2 4374/415/2
f 5046/417/2 5047/416/2 4374/415/2
f 5046/417/2 4374/415/2 4375/418/2
f 5045/419/2 5046/417/2 4375/418/2
f 5044/420/2 5045/419/2 4375/418/2
f 5044/420/2 4375/418/2 4376/421/2
f 5043/422/2 5044/420/2 4376/421/2
f 5042/423/2 5043/422/2 4376/421/2
f 5042/423/2 4376/421/2 4377/424/2
f 5041/425/2 5042/423/2 4377/424/2
f 5040/426/2 5041/425/2 4377/424/2
f 5040/426/2 4377/424/2 4378/427/2
f 5039/428/2 5040/426/2 4378/427/2
f 5038/429/2 5039/428/2 4378/427/2
f 5038/429/2 4378/427/2 4379/430/2
f 5037/431/2 5038/429/2 4379/430/2
f 5036/432/2 5037/431/2 4379/430/2
f 5036/432/2 4379/430/2 4380/433/2
f 5035/434/2 5036/432/2 4380/433/2
f 5034/435/2 5035/434/2 4380/433/2
f 5034/435/2 4380/433/2 4381/436/2
f 5033/437/2 5034/435/2 4381/436/2
f 5032/438/2 5033/437/2 4381/436/2
f 5032/438/2 4381/436/2 4382/439/2
f 5031/440/2 5032/438/2 4382/439/2
f 5030/441/2 5031/440/2 4382/439/2
f 5030/441/2 4382/439/2 4383/442/2
f 5029/443/2 5030/441/2 4383/442/2
f 5028/444/2 5029/443/2 4383/442/2
f 5028/444/2 4383/442/2 4384/445/2
f 5027/446/2 5028/444/2 4384/445/2
f 5026/447/2 5027/446/2 4384/445/2
f 5026/447/2 4384/445/2 4385/448/2
f 5025/449/2 5026/447/2 4385/448/2
f 5024/450/2 5025/449/2 4385/448/2
f 5023/451/2 5024/450/2 4385/448/2
f 5023/451/2 4385/448/2 4386/452/2
f 5022/453/2 5023/451/2 4386/452/2
f 5021/454/2 5022/453/2 4386/452/2
f 5021/454/2 4386/452/2 4387/455/2
f 5020/456/2 5021/454/2 4387/455/2
f 5019/457/2 5020/456/2 4387/455/2
f 5019/457/2 4387/455/2 4388/458/2
f 5018/459/2 5019/457/2 4388/458/2
f 5017/460/2 5018/459/2 4388/458/2
f 5016/461/2 5017/460/2 4388/458/2
f 5016/461/2 4388/458/2 4389/462/2
f 5015/463/2 5016/461/2 4389/462/2
f 5014/464/2 5015/463/2 4389/462/2
f 5014/464/2 4389/462/2 4390/465/2
f 5013/466/2 5014/464/2 4390/465/2
f 5012/467/2 5013/466/2 4390/465/2
f 5012/467/2 4390/465/2 4391/468/2
f 5011/469/2 5012/467/2 4391/468/2
f 5010/470/2 5011/469/2 4391/468/2
f 5009/471/2 5010/470/2 4391/468/2
f 5009/471/2 4391/468/2 4392/472/2
f 5008/473/2 5009/471/2 4392/472/2
f 5007/474/2 5008/473/2 4392/472/2
f 5007/474/2 4392/472/2 4393/475/2
f 5006/476/2 5007/474/2 4393/475/2
f 5005/477/2 5006/476/2 4393/475/2
f 5004/478/2 5005/477/2 4393/475/2
f 5004/478/2 4393/475/2 4394/479/2
f 5003/480/2 5004/478/2 4394/479/2
f 5002/481/2 5003/480/2 4394/479/2
f 5002/481/2 4394/479/2 4395/482/2
f 5001/483/2 5002/481/2 4395/482/2
f 5000/484/2 5001/483/2 4395/482/2
f 4999/485/2 5000/484/2 4395/482/2
f 4999/485/2 4395/482/2 4396/486/2
f 4998/487/2 4999/485/2 4396/486/2
f 4997/488/2 4998/487/2 4396/486/2
f 4996/489/2 4997/488/2 4396/486/2
f 4996/489/2 4396/486/2 4397/490/2
f 4995/491/2 4996/489/2 4397/490/2
f 4994/492/2 4995/491/2 4397/490/2
f 4993/493/2 4994/492/2 4397/490/2
f 4993/493/2 4397/490/2 4398/494/2
f 4992/495/2 4993/493/2 4398/494/2
f 4991/496/2 4992/495/2 4398/494/2
f 4990/497/2 4991/496/2 4398/494/2
f 4989/498/2 4990/497/2 4398/494/2
f 4989/498/2 4398/494/2 4399/499/2
f 4988/500/2 4989/498/2 4399/499/2
f 4987/501/2 4988/500/2 4399/499/2
f 4986/502/2 4987/501/2 4399/499/2
f 4985/503/2 4986/502/2 4399/499/2
f 4985/503/2 4399/499/2 4400/504/2
f 4984/505/2 4985/503/2 4400/504/2
f 4983/506/2 4984/505/2 4400/504/2
f 4982/507/2 4983/506/2 4400/504/2
f 4981/508/2 4982/507/2 4400/504/2
f 4980/509/2 4981/508/2 4400/504/2
f 4980/509/2 4400/504/2 4401/510/2
f 4979/511/2 4980/509/2 4401/510/2
f 4978/512/2 4979/511/2 4401/510/2
f 4977/513/2 4978/512/2 4401/510/2
f 4976/514/2 4977/513/2 4401/510/2
f 4976/514/2 4401/510/2 4402/515/2
f 4975/516/2 4976/514/2 4402/515/2
f 4974/517/2 4975/516/2 4402/515/2
f 4973/518/2 4974/517/2 4402/515/2
f 4972/519/2 4973/518/2 4402/515/2
f 4971/520/2 4972/519/2 4402/515/2
f 4971/520/2 4402/515/2 4403/521/2
f 4970/522/2 4971/520/2 4403/521/2
f 4969/523/2 4970/522/2 4403/521/2
f 4968/524/2 4969/523/2 4403/521/2
f 4967/525/2 4968/524/2 4403/521/2
f 4966/526/2 4967/525/2 4403/521/2
f 4966/526/2 4403/521/2 4404/527/2
f 4965/528/2 4966/526/2 4404/527/2
f 4964/529/2 4965/528/2 4404/527/2
f 4963/530/2 4964/529/2 4404/527/2
f 4962/531/2 4963/530/2 4404/527/2
f 4961/532/2 4962/531/2 4404/527/2
f 4961/532/2 4404/527/2 4405/533/2
f 4960/534/2 4961/532/2 4405/533/2
f 4959/535/2 4960/534/2 4405/533/2
f 4958/536/2 4959/535/2 4405/533/2
f 4957/537/2 4958/536/2 4405/533/2
f 4956/538/2 4957/537/2 4405/533/2
f 4955/539/2 4956/538/2 4405/533/2
f 4955/539/2 4405/533/2 4406/540/2
f 4954/541/2 4955/539/2 4406/540/2
f 4953/542/2 4954/541/2 4406/540/2
f 4952/543/2 4953/542/2 4406/540/2
f 4951/544/2 4952/543/2 4406/540/2
f 4950/545/2 4951/544/2 4406/540/2
f 4949/546/2 4950/545/2 4406/540/2
f 4949/546/2 4406/540/2 4407/547/2
f 4948/548/2 4949/546/2 4407/547/2
f 4947/549/2 4948/548/2 4407/547/2
f 4946/550/2 4947/549/2 4407/547/2
f 4945/551/2 4946/550/2 4407/547/2
f 4944/552/2 4945/551/2 4407/547/2
f 4943/553/2 4944/552/2 4407/547/2
f 4942/554/2 4943/553/2 4407/547/2
f 4942/554/2 4407/547/2 4408/555/2
f 4941/556/2 4942/554/2 4408/555/2
f 4940/557/2 4941/556/2 4408/555/2
f 4939/558/2 4940/557/2 4408/555/2
f 4938/559/2 4939/558/2 4408/555/2
f 4937/560/2 4938/559/2 4408/555/2
f 4936/561/2 4937/560/2 4408/555/2
f 4935/562/2 4936/561/2 4408/555/2
f 4934/563/2 4935/562/2 4408/555/2
f 4934/563/2 4408/555/2 4409/564/2
f 4933/565/2 4934/563/2 4409/564/2
f 4932/566/2 4933/565/2 4409/564/2
f 4931/567/2 4932/566/2 4409/564/2
f 4930/568/2 4931/567/2 4409/564/2
f 4929/569/2 4930/568/2 4409/564/2
f 4928/570/2 4929/569/2 4409/564/2
f 4927/571/2 4928/570/2 4409/564/2
f 4927/571/2 4409/564/2 4410/572/2
f 4926/573/2 4927/571/2 4410/572/2
f 4925/574/2 4926/573/2 4410/572/2
f 4924/575/2 4925/574/2 4410/572/2
f 4923/576/2 4924/575/2 4410/572/2
f 4922/577/2 4923/576/2 4410/572/2
f 4921/578/2 4922/577/2 4410/572/2
f 4921/578/2 4410/572/2 4411/579/2
f 4920/580/2 4921/578/2 4411/579/2
f 4919/581/2 4920/580/2 4411/579/2
f 4918/582/2 4919/581/2 4411/579/2
f 4917/583/2 4918/582/2 4411/579/2
f 4916/584/2 4917/583/2 4411/579/2
f 4915/585/2 4916/584/2 4411/579/2
f 4915/585/2 4411/579/2 4412/586/2
f 4914/587/2 4915/585/2 4412/586/2
f 4913/588/2 4914/587/2 4412/586/2
f 4912/589/2 4913/588/2 4412/586/2
f 4911/590/2 4912/589/2 4412/586/2
f 4910/591/2 4911/590/2 4412/586/2
f 4909/592/2 4910/591/2 4412/586/2
f 4909/592/2 4412/586/2 4413/593/2
f 4908/594/2 4909/592/2 4413/593/2
f 4907/595/2 4908/594/2 4413/593/2
f 4906/596/2 4907/595/2 4413/593/2
f 4905/597/2 4906/596/2 4413/593/2
f 4904/598/2 4905/597/2 4413/593/2
f 4903/599/2 4904/598/2 4413/593/2
f 4903/599/2 4413/593/2 4414/600/2
f 4902/601/2 4903/599/2 4414/600/2
f 4901/602/2 4902/601/2 4414/600/2
f 4900/603/2 4901/602/2 4414/600/2
f 4899/604/2 4900/603/2 4414/600/2
f 4898/605/2 4899/604/2 4414/600/2
f 4898/605/2 4414/600/2 4415/606/2
f 4897/607/2 4898/605/2 4415/606/2
f 4896/608/2 4897/607/2 4415/606/2
f 4895/609/2 4896/608/2 4415/606/2
f 4894/610/2 4895/609/2 4415/606/2
f 4893/611/2 4894/610/2 4415/606/2
f 4893/611/2 4415/606/2 4416/612/2
f 4892/613/2 4893/611/2 4416/612/2
f 4891/614/2 4892/613/2 4416/612/2
f 4890/615/2 4891/614/2 4416/612/2
f 4889/616/2 4890/615/2 4416/612/2
f 4888/617/2 4889/616/2 4416/612/2
f 4888/617/2 4416/612/2 4417/618/2
f 4887/619/2 4888/617/2 4417/618/2
f 4886/620/2 4887/619/2 4417/618/2
f 4885/621/2 4886/620/2 4417/618/2
f 4884/622/2 4885/621/2 4417/618/2
f 4883/623/2 4884/622/2 4417/618/2
f 4883/623/2 4417/618/2 4418/624/2
f 4882/625/2 4883/623/2 4418/624/2
f 4881/626/2 4882/625/2 4418/624/2
f 4880/627/2 4881/626/2 4418/624/2
f 4879/628/2 4880/627/2 4418/624/2
f 4878/629/2 4879/628/2 4418/624/2
f 4878/629/2 4418/624/2 4419/630/2
f 4877/631/2 4878/629/2 4419/630/2
f 4876/632/2 4877/631/2 4419/630/2
f 4875/633/2 4876/632/2 4419/630/2
f 4874/634/2 4875/633/2 4419/630/2
f 4873/635/2 4874/634/2 4419/630/2
f 4873/635/2 4419/630/2 4420/636/2
f 4872/637/2 4873/635/2 4420/636/2
f 4871/638/2 4872/637/2 4420/636/2
f 4870/639/2 4871/638/2 4420/636/2
f 4870/639/2 4420/636/2 4421/640/2
f 4869/641/2 4870/639/2 4421/640/2
f 4868/642/2 4869/641/2 4421/640/2
f 4867/643/2 4868/642/2 4421/640/2
f 4866/644/2 4867/643/2 4421/640/2
f 4865/645/2 4866/644/2 4421/640/2
f 4865/645/2 4421/640/2 4422/646/2
f 4864/647/2 4865/645/2 4422/646/2
f 4863/648/2 4864/647/2 4422/646/2
f 4862/649/2 4863/648/2 4422/646/2
f 4861/650/2 4862/649/2 4422/646/2
f 4860/651/2 4861/650/2 4422/646/2
f 4859/652/2 4860/651/2 4422/646/2
f 4858/653/2 4859/652/2 4422/646/2
f 4857/654/2 4858/653/2 4422/646/2
f 4856/655/2 4857/654/2 4422/646/2
f 4856/655/2 4422/646/2 4423/656/2
f 4855/657/2 4856/655/2 4423/656/2
f 4854/658/2 4855/657/2 4423/656/2
f 4853/659/2 4854/658/2 4423/656/2
f 4852/660/2 4853/659/2 4423/656/2
f 4851/661/2 4852/660/2 4423/656/2
f 4850/662/2 4851/661/2 4423/656/2
f 4849/663/2 4850/662/2 4423/656/2
f 4848/664/2 4849/663/2 4423/656/2
f 4847/665/2 4848/664/2 4423/656/2
f 4846/666/2 4847/665/2 4423/656/2
f 4846/666/2 4423/656/2 4424/667/2
f 4845/668/2 4846/666/2 4424/667/2
f 4844/669/2 4845/668/2 4424/667/2
f 4843/670/2 4844/669/2 4424/667/2
f 4842/671/2 4843/670/2 4424/667/2
f 4841/672/2 4842/671/2 4424/667/2
f 4840/673/2 4841/672/2 4424/667/2
f 4839/674/2 4840/673/2 4424/667/2
f 4838/675/2 4839/674/2 4424/667/2
f 4837/676/2 4838/675/2 4424/667/2
f 4837/676/2 4424/667/2 4425/677/2
f 4836/678/2 4837/676/2 4425/677/2
f 4835/679/2 4836/678/2 4425/677/2
f 4834/680/2 4835/679/2 4425/677/2
f 4833/681/2 4834/680/2 4425/677/2
f 4832/682/2 4833/681/2 4425/677/2
f 4831/683/2 4832/682/2 4425/677/2
f 4830/684/2 4831/683/2 4425/677/2
f 4829/685/2 4830/684/2 4425/677/2
f 4828/686/2 4829/685/2 4425/677/2
f 4828/686/2 4425/677/2 4426/687/2
f 4827/688/2 4828/686/2 4426/687/2
f 4826/689/2 4827/688/2 4426/687/2
f 4825/690/2 4826/689/2 4426/687/2
f 4824/691/2 4825/690/2 4426/687/2
f 4823/692/2 4824/691/2 4426/687/2
f 4822/693/2 4823/692/2 4426/687/2
f 4821/694/2 4822/693/2 4426/687/2
f 4820/695/2 4821/694/2 4426/687/2
f 4819/696/2 4820/695/2 4426/687/2
f 4819/696/2 4426/687/2 4427/697/2
f 4818/698/2 4819/696/2 4427/697/2
f 4817/699/2 4818/698/2 4427/697/2
f 4816/700/2 4817/699/2 4427/697/2
f 4815/701/2 4816/700/2 4427/697/2
f 4814/702/2 4815/701/2 4427/697/2
f 4813/703/2 4814/702/2 4427/697/2
f 4812/704/2 4813/703/2 4427/697/2
f 4811/705/2 4812/704/2 4427/697/2
f 4810/706/2 4811/705/2 4427/697/2
f 4810/706/2 4427/697/2 4428/707/2
f 4809/708/2 4810/706/2 4428/707/2
f 4808/709/2 4809/708/2 4428/707/2
f 4807/710/2 4808/709/2 4428/707/2
f 4806/711/2 4807/710/2 4428/707/2
f 4805/712/2 4806/711/2 4428/707/2
f 4804/713/2 4805/712/2 4428/707/2
f 4803/714/2 4804/713/2 4428/707/2
f 4802/715/2 4803/714/2 4428/707/2
f 4802/715/2 4428/707/2 4429/716/2
f 4801/717/2 4802/715/2 4429/716/2
f 4800/718/2 4801/717/2 4429/716/2
f 4799/719/2 4800/718/2 4429/716/2
f 4798/720/2 4799/719/2 4429/716/2
f 4797/721/2 4798/720/2 4429/716/2
f 4796/722/2 4797/721/2 4429/716/2
f 4796/722/2 4429/716/2 4430/723/2
f 4795/724/2 4796/722/2 4430/723/2
f 4794/725/2 4795/724/2 4430/723/2
f 4793/726/2 4794/725/2 4430/723/2
f 4792/727/2 4793/726/2 4430/723/2
f 4791/728/2 4792/727/2 4430/723/2
f 4790/729/2 4791/728/2 4430/723/2
f 4790/729/2 4430/723/2 4431/730/2
f 4789/731/2 4790/729/2 4431/730/2
f 4788/732/2 4789/731/2 4431/730/2
f 4787/733/2 4788/732/2 4431/730/2
f 4786/734/2 4787/733/2 4431/730/2
f 4785/735/2 4786/734/2 4431/730/2
f 4784/736/2 4785/735/2 4431/730/2
f 4784/736/2 4431/730/2 4432/737/2
f 4783/738/2 4784/736/2 4432/737/2
f 4782/739/2 4783/738/2 4432/737/2
f 4781/740/2 4782/739/2 4432/737/2
f 4780/741/2 4781/740/2 4432/737/2
f 4779/742/2 4780/741/2 4432/737/2
f 4778/743/2 4779/742/2 4432/737/2
f 4777/744/2 4778/743/2 4432/737/2
f 4777/744/2 4432/737/2 4433/745/2
f 4776/746/2 4777/744/2 4433/745/2
f 4775/747/2 4776/746/2 4433/745/2
f 4774/748/2 4775/747/2 4433/745/2
f 4773/749/2 4774/748/2 4433/745/2
f 4772/750/2 4773/749/2 4433/745/2
f 4771/751/2 4772/750/2 4433/745/2
f 4770/752/2 4771/751/2 4433/745/2
f 4769/753/2 4770/752/2 4433/745/2
f 4768/754/2 4769/753/2 4433/745/2
f 4768/754/2 4433/745/2 4434/755/2
f 4767/756/2 4768/754/2 4434/755/2
f 4766/757/2 4767/756/2 4434/755/2
f 4765/758/2 4766/757/2 4434/755/2
f 4764/759/2 4765/758/2 4434/755/2
f 4763/760/2 4764/759/2 4434/755/2
f 4762/761/2 4763/760/2 4434/755/2
f 4761/762/2 4762/761/2 4434/755/2
f 4760/763/2 4761/762/2 4434/755/2
f 4759/764/2 4760/763/2 4434/755/2
f 4758/765/2 4759/764/2 4434/755/2
f 4758/765/2 4434/755/2 4435/766/2
f 4757/767/2 4758/765/2 4435/766/2
f 4756/768/2 4757/767/2 4435/766/2
f 4755/769/2 4756/768/2 4435/766/2
f 4754/770/2 4755/769/2 4435/766/2
f 4753/771/2 4754/770/2 4435/766/2
f 4752/772/2 4753/771/2 4435/766/2
f 4751/773/2 4752/772/2 4435/766/2
f 4750/774/2 4751/773/2 4435/766/2
f 4749/775/2 4750/774/2 4435/766/2
f 4748/776/2 4749/775/2 4435/766/2
f 4747/777/2 4748/776/2 4435/766/2
f 4746/778/2 4747/777/2 4435/766/2
f 4745/779/2 4746/778/2 4435/766/2
f 4744/780/2 4745/779/2 4435/766/2
f 4743/781/2 4744/780/2 4435/766/2
f 4743/781/2 4435/766/2 4436/782/2
f 4742/783/2 4743/781/2 4436/782/2
f 4741/784/2 4742/783/2 4436/782/2
f 4740/785/2 4741/784/2 4436/782/2
f 4739/786/2 4740/785/2 4436/782/2
f 4738/787/2 4739/786/2 4436/782/2
f 4737/788/2 4738/787/2 4436/782/2
f 4736/789/2 4737/788/2 4436/782/2
f 4735/790/2 4736/789/2 4436/782/2
f 4734/791/2 4735/790/2 4436/782/2
f 4733/792/2 4734/791/2 4436/782/2
f 4732/793/2 4733/792/2 4436/782/2
f 4731/794/2 4732/793/2 4436/782/2
f 4730/795/2 4731/794/2 4436/782/2
f 4729/796/2 4730/795/2 4436/782/2
f 4729/796/2 4436/782/2 4437/797/2
f 4728/798/2 4729/796/2 4437/797/2
f 4727/799/2 4728/798/2 4437/797/2
f 4726/800/2 4727/799/2 4437/797/2
f 4725/801/2 4726/800/2 4437/797/2
f 4724/802/2 4725/801/2 4437/797/2
f 4723/803/2 4724/802/2 4437/797/2
f 4722/804/2 4723/803/2 4437/797/2
f 4721/805/2 4722/804/2 4437/797/2
f 4721/805/2 4437/797/2 4438/806/2
f 4720/807/2 4721/805/2 4438/806/2
f 4719/808/2 4720/807/2 4438/806/2
f 4718/809/2 4719/808/2 4438/806/2
f 4717/810/2 4718/809/2 4438/806/2
f 4716/811/2 4717/810/2 4438/806/2
f 4715/812/2 4716/811/2 4438/806/2
f 4714/813/2 4715/812/2 4438/806/2
f 4714/813/2 4438/806/2 4439/814/2
f 4713/815/2 4714/813/2 4439/814/2
f 4712/816/2 4713/815/2 4439/814/2
f 4711/817/2 4712/816/2 4439/814/2
f 4710/818/2 4711/817/2 4439/814/2
f 4709/819/2 4710/818/2 4439/814/2
f 4708/820/2 4709/819/2 4439/814/2
f 4708/820/2 4439/814/2 4440/821/2
f 4707/822/2 4708/820/2 4440/821/2
f 4706/823/2 4707/822/2 4440/821/2
f 4705/824/2 4706/823/2 4440/821/2
f 4704/825/2 4705/824/2 4440/821/2
f 4703/826/2 4704/825/2 4440/821/2
f 4702/827/2 4703/826/2 4440/821/2
f 4702/827/2 4440/821/2 4441/828/2
f 4701/829/2 4702/827/2 4441/828/2
f 4700/830/2 4701/829/2 4441/828/2
f 4699/831/2 4700/830/2 4441/828/2
f 4698/832/2 4699/831/2 4441/828/2
f 4697/833/2 4698/832/2 4441/828/2
f 4697/833/2 4441/828/2 4442/834/2
f 4696/835/2 4697/833/2 4442/834/2
f 4695/836/2 4696/835/2 4442/834/2
f 4694/837/2 4695/836/2 4442/834/2
f 4693/838/2 4694/837/2 4442/834/2
f 4692/839/2 4693/838/2 4442/834/2
f 4692/839/2 4442/834/2 4443/840/2
f 4691/841/2 4692/839/2 4443/840/2
f 4690/842/2 4691/841/2 4443/840/2
f 4689/843/2 4690/842/2 4443/840/2
f 4688/844/2 4689/843/2 4443/840/2
f 4688/844/2 4443/840/2 4444/845/2
f 4687/846/2 4688/844/2 4444/845/2
f 4686/847/2 4687/846/2 4444/845/2
f 4685/848/2 4686/847/2 4444/845/2
f 4684/849/2 4685/848/2 4444/845/2
f 4684/849/2 4444/845/2 4445/850/2
f 4683/851/2 4684/849/2 4445/850/2
f 4682/852/2 4683/851/2 4445/850/2
f 4681/853/2 4682/852/2 4445/850/2
f 4680/854/2 4681/853/2 4445/850/2
f 4680/854/2 4445/850/2 4446/855/2
f 4679/856/2 4680/854/2 4446/855/2
f 4678/857/2 4679/856/2 4446/855/2
f 4677/858/2 4678/857/2 4446/855/2
f 4677/858/2 4446/855/2 4447/859/2
f 4676/860/2 4677/858/2 4447/859/2
f 4675/861/2 4676/860/2 4447/859/2
f 4674/862/2 4675/861/2 4447/859/2
f 4673/863/2 4674/862/2 4447/859/2
f 4673/863/2 4447/859/2 4448/864/2
f 4672/865/2 4673/863/2 4448/864/2
f 4671/866/2 4672/865/2 4448/864/2
f 4670/867/2 4671/866/2 4448/864/2
f 4670/867/2 4448/864/2 4449/868/2
f 4669/869/2 4670/867/2 4449/868/2
f 4668/870/2 4669/869/2 4449/868/2
f 4667/871/2 4668/870/2 4449/868/2
f 4667/871/2 4449/868/2 4450/872/2
f 4666/873/2 4667/871/2 4450/872/2
f 4665/874/2 4666/873/2 4450/872/2
f 4664/875/2 4665/874/2 4450/872/2
f 4664/875/2 4450/872/2 4451/876/2
f 4663/877/2 4664/875/2 4451/876/2
f 4662/878/2 4663/877/2 4451/876/2
f 4661/879/2 4662/878/2 4451/876/2
f 4661/879/2 4451/876/2 4452/880/2
f 4660/881/2 4661/879/2 4452/880/2
f 4659/882/2 4660/881/2 4452/880/2
f 4659/882/2 4452/880/2 4453/883/2
f 4658/884/2 4659/882/2 4453/883/2
f 4657/885/2 4658/884/2 4453/883/2
f 4656/886/2 4657/885/2 4453/883/2
f 4656/886/2 4453/883/2 4454/887/2
f 4655/888/2 4656/886/2 4454/887/2
f 4654/889/2 4655/888/2 4454/887/2
f 4654/889/2 4454/887/2 4455/890/2
f 4653/891/2 4654/889/2 4455/890/2
f 4652/892/2 4653/891/2 4455/890/2
f 4652/892/2 4455/890/2 4456/893/2
f 4651/894/2 4652/892/2 4456/893/2
f 4650/895/2 4651/894/2 4456/893/2
f 4650/895/2 4456/893/2 4457/896/2
f 4649/897/2 4650/895/2 4457/896/2
f 4648/898/2 4649/897/2 4457/896/2
f 4648/898/2 4457/896/2 4458/899/2
f 4647/900/2 4648/898/2 4458/899/2
f 4646/901/2 4647/900/2 4458/899/2
f 4646/901/2 4458/899/2 4459/902/2
f 4645/903/2 4646/901/2 4459/902/2
f 4644/904/2 4645/903/2 4459/902/2
f 4644/904/2 4459/902/2 4460/905/2
f 4643/906/2 4644/904/2 4460/905/2
f 4642/907/2 4643/906/2 4460/905/2
f 4642/907/2 4460/905/2 4461/908/2
f 4641/909/2 4642/907/2 4461/908/2
f 4640/910/2 4641/909/2 4461/908/2
f 4640/910/2 4461/908/2 4462/911/2
f 4639/912/2 4640/910/2 4462/911/2
f 4638/913/2 4639/912/2 4462/911/2
f 4638/913/2 4462/911/2 4463/914/2
f 4637/915/2 4638/913/2 4463/914/2
f 4637/915/2 4463/914/2 4464/916/2
f 4636/917/2 4637/915/2 4464/916/2
f 4635/918/2 4636/917/2 4464/916/2
f 4635/918/2 4464/916/2 4465/919/2
f 4634/920/2 4635/918/2 4465/919/2
f 4634/920/2 4465/919/2 4466/921/2
f 4633/922/2 4634/920/2 4466/921/2
f 4632/923/2 4633/922/2 4466/921/2
f 4632/923/2 4466/921/2 4467/924/2
f 4631/925/2 4632/923/2 4467/924/2
f 4631/925/2 4467/924/2 4468/926/2
f 4630/927/2 4631/925/2 4468/926/2
f 4629/928/2 4630/927/2 4468/926/2
f 4629/928/2 4468/926/2 4469/929/2
f 4628/930/2 4629/928/2 4469/929/2
f 4628/930/2 4469/929/2 4470/931/2
f 4627/932/2 4628/930/2 4470/931/2
f 4627/932/2 4470/931/2 4471/933/2
f 4626/934/2 4627/932/2 4471/933/2
f 4626/934/2 4471/933/2 4472/935/2
f 4625/936/2 4626/934/2 4472/935/2
f 4624/937/2 4625/936/2 4472/935/2
f 4624/937/2 4472/935/2 4473/938/2
f 4623/939/2 4624/937/2 4473/938/2
f 4623/939/2 4473/938/2 4474/940/2
f 4622/941/2 4623/939/2 4474/940/2
f 4622/941/2 4474/940/2 4475/942/2
f 4621/943/2 4622/941/2 4475/942/2
f 4621/943/2 4475/942/2 4476/944/2
f 4620/945/2 4621/943/2 4476/944/2
f 4620/945/2 4476/944/2 4477/946/2
f 4619/947/2 4620/945/2 4477/946/2
f 4619/947/2 4477/946/2 4478/948/2
f 4618/949/2 4619/947/2 4478/948/2
f 4618/949/2 4478/948/2 4479/950/2
f 4617/951/2 4618/949/2 4479/950/2
f 4617/951/2 4479/950/2 4480/952/2
f 4616/953/2 4617/951/2 4480/952/2
f 4616/953/2 4480/952/2 4481/954/2
f 4615/955/2 4616/953/2 4481/954/2
f 4615/955/2 4481/954/2 4482/956/2
f 4614/957/2 4615/955/2 4482/956/2
f 4614/957/2 4482/956/2 4483/958/2
f 4613/959/2 4614/957/2 4483/958/2
f 4613/959/2 4483/958/2 4484/960/2
f 4612/961/2 4613/959/2 4484/960/2
f 4612/961/2 4484/960/2 4485/962/2
f 4611/963/2 4612/961/2 4485/962/2
f 4611/963/2 4485/962/2 4486/964/2
f 4611/963/2 4486/964/2 4487/965/2
f 4610/966/2 4611/963/2 4487/965/2
f 4610/966/2 4487/965/2 4488/967/2
f 4609/968/2 4610/966/2 4488/967/2
f 4608/969/2 4609/968/2 4488/967/2
f 4608/969/2 4488/967/2 4489/970/2
f 4607/971/2 4608/969/2 4489/970/2
f 4607/971/2 4489/970/2 4490/972/2
f 4606/973/2 4607/971/2 4490/972/2
f 4606/973/2 4490/972/2 4491/974/2
f 4605/975/2 4606/973/2 4491/974/2
f 4605/975/2 4491/974/2 4492/976/2
f 4604/977/2 4605/975/2 4492/976/2
f 4604/977/2 4492/976/2 4493/978/2
f 4603/979/2 4604/977/2 4493/978/2
f 4603/979/2 4493/978/2 4494/980/2
f 4602/981/2 4603/979/2 4494/980/2
f 4602/981/2 4494/980/2 4495/982/2
f 4601/983/2 4602/981/2 4495/982/2
f 4601/983/2 4495/982/2 4496/984/2
f 4600/985/2 4601/983/2 4496/984/2
f 4600/985/2 4496/984/2 4497/986/2
f 4599/987/2 4600/985/2 4497/986/2
f 4599/987/2 4497/986/2 4498/988/2
f 4598/989/2 4599/987/2 4498/988/2
f 4598/989/2 4498/988/2 4499/990/2
f 4597/991/2 4598/989/2 4499/990/2
f 4597/991/2 4499/990/2 4500/992/2
f 4596/993/2 4597/991/2 4500/992/2
f 4596/993/2 4500/992/2 4501/994/2
f 4595/995/2 4596/993/2 4501/994/2
f 4595/995/2 4501/994/2 4502/996/2
f 4594/997/2 4595/995/2 4502/996/2
f 4594/997/2 4502/996/2 4503/998/2
f 4593/999/2 4594/997/2 4503/998/2
f 4593/999/2 4503/998/2 4504/1000/2
f 4592/1001/2 4593/999/2 4504/1000/2
f 4592/1001/2 4504/1000/2 4505/1002/2
f 4591/1003/2 4592/1001/2 4505/1002/2
f 4591/1003/2 4505/1002/2 4506/1004/2
f 4590/1005/2 4591/1003/2 4506/1004/2
f 4590/1005/2 4506/1004/2 4507/1006/2
f 4589/1007/2 4590/1005/2 4507/1006/2
f 4589/1007/2 4507/1006/2 4508/1008/2
f 4588/1009/2 4589/1007/2 4508/1008/2
f 4587/1010/2 4588/1009/2 4508/1008/2
f 4587/1010/2 4508/1008/2 4509/1011/2
f 4586/1012/2 4587/1010/2 4509/1011/2
f 4586/1012/2 4509/1011/2 4510/1013/2
f 4585/1014/2 4586/1012/2 4510/1013/2
f 4585/1014/2 4510/1013/2 4511/1015/2
f 4584/1016/2 4585/1014/2 4511/1015/2
f 4584/1016/2 4511/1015/2 4512/1017/2
f 4583/1018/2 4584/1016/2 4512/1017/2
f 4583/1018/2 4512/1017/2 4513/1019/2
f 4582/1020/2 4583/1018/2 4513/1019/2
f 4582/1020/2 4513/1019/2 4514/1021/2
f 4581/1022/2 4582/1020/2 4514/1021/2
f 4581/1022/2 4514/1021/2 4515/1023/2
f 4580/1024/2 4581/1022/2 4515/1023/2
f 4580/1024/2 4515/1023/2 4516/1025/2
f 4579/1026/2 4580/1024/2 4516/1025/2
f 4579/1026/2 4516/1025/2 4517/1027/2
f 4578/1028/2 4579/1026/2 4517/1027/2
f 4578/1028/2 4517/1027/2 4518/1029/2
f 4577/1030/2 4578/1028/2 4518/1029/2
f 4577/1030/2 4518/1029/2 4519/1031/2
f 4576/1032/2 4577/1030/2 4519/1031/2
f 4576/1032/2 4519/1031/2 4520/1033/2
f 4575/1034/2 4576/1032/2 4520/1033/2
f 4575/1034/2 4520/1033/2 4521/1035/2
f 4574/1036/2 4575/1034/2 4521/1035/2
f 4574/1036/2 4521/1035/2 4522/1037/2
f 4573/1038/2 4574/1036/2 4522/1037/2
f 4573/1038/2 4522/1037/2 4523/1039/2
f 4572/1040/2 4573/1038/2 4523/1039/2
f 4572/1040/2 4523/1039/2 4524/1041/2
f 4571/1042/2 4572/1040/2 4524/1041/2
f 4571/1042/2 4524/1041/2 4525/1043/2
f 4570/1044/2 4571/1042/2 4525/1043/2
f 4570/1044/2 4525/1043/2 4526/1045/2
f 4569/1046/2 4570/1044/2 4526/1045/2
f 4569/1046/2 4526/1045/2 4527/1047/2
f 4568/1048/2 4569/1046/2 4527/1047/2
f 4567/1049/2 4568/1048/2 4527/1047/2
f 4567/1049/2 4527/1047/2 4528/1050/2
f 4566/1051/2 4567/1049/2 4528/1050/2
f 4566/1051/2 4528/1050/2 4529/1052/2
f 4565/1053/2 4566/1051/2 4529/1052/2
f 4565/1053/2 4529/1052/2 4530/1054/2
f 4564/1055/2 4565/1053/2 4530/1054/2
f 4564/1055/2 4530/1054/2 4531/1056/2
f 4563/1057/2 4564/1055/2 4531/1056/2
f 4563/1057/2 4531/1056/2 4532/1058/2
f 4562/1059/2 4563/1057/2 4532/1058/2
f 4562/1059/2 4532/1058/2 4533/1060/2
f 4561/1061/2 4562/1059/2 4533/1060/2
f 4561/1061/2 4533/1060/2 4534/1062/2
f 4560/1063/2 4561/1061/2 4534/1062/2
f 4560/1063/2 4534/1062/2 4535/1064/2
f 4559/1065/2 4560/1063/2 4535/1064/2
f 4559/1065/2 4535/1064/2 4536/1066/2
f 4558/1067/2 4559/1065/2 4536/1066/2
f 4558/1067/2 4536/1066/2 4537/1068/2
f 4557/1069/2 4558/1067/2 4537/1068/2
f 4557/1069/2 4537/1068/2 4538/1070/2
f 4556/1071/2 4557/1069/2 4538/1070/2
f 4556/1071/2 4538/1070/2 4539/1072/2
f 4555/1073/2 4556/1071/2 4539/1072/2
f 4555/1073/2 4539/1072/2 4540/1074/2
f 4554/1075/2 4555/1073/2 4540/1074/2
f 4554/1075/2 4540/1074/2 4541/1076/2
f 4553/1077/2 4554/1075/2 4541/1076/2
f 4553/1077/2 4541/1076/2 4542/1078/2
f 4552/1079/2 4553/1077/2 4542/1078/2
f 4552/1079/2 4542/1078/2 4543/1080/2
f 4551/1081/2 4552/1079/2 4543/1080/2
f 4551/1081/2 4543/1080/2 4544/1082/2
f 4550/1083/2 4551/1081/2 4544/1082/2
f 4550/1083/2 4544/1082/2 4545/1084/2
f 4549/1085/2 4550/1083/2 4545/1084/2
f 4549/1085/2 4545/1084/2 4546/1086/2
f 4548/1087/2 4549/1085/2 4546/1086/2
f 4548/1087/2 4546/1086/2 4547/1088/2
f 3522/1089/2 3523/1091/2 3524/1090/2
f 3521/1092/2 3522/1089/2 3524/1090/2
f 3521/1092/2 3524/1090/2 3525/1093/2
f 3520/1094/2 3521/1092/2 3525/1093/2
f 3519/1095/2 3520/1094/2 3525/1093/2
f 3519/1095/2 3525/1093/2 3526/1096/2
f 3518/1097/2 3519/1095/2 3526/1096/2
f 3517/1098/2 3518/1097/2 3526/1096/2
f 3517/1098/2 3526/1096/2 3527/1099/2
f 3516/1100/2 3517/1098/2 3527/1099/2
f 3515/1101/2 3516/1100/2 3527/1099/2
f 3515/1101/2 3527/1099/2 3528/1102/2
f 3514/1103/2 3515/1101/2 3528/1102/2
f 3513/1104/2 3514/1103/2 3528/1102/2
f 3513/1104/2 3528/1102/2 3529/1105/2
f 3512/1106/2 3513/1104/2 3529/1105/2
f 3511/1107/2 3512/1106/2 3529/1105/2
f 3511/1107/2 3529/1105/2 3530/1108/2
f 3510/1109/2 3511/1107/2 3530/1108/2
f 3509/1110/2 3510/1109/2 3530/1108/2
f 3509/1110/2 3530/1108/2 3531/1111/2
f 3508/1112/2 3509/1110/2 3531/1111/2
f 3507/1113/2 3508/1112/2 3531/1111/2
f 3507/1113/2 3531/1111/2 3532/1114/2
f 3506/1115/2 3507/1113/2 3532/1114/2
f 3506/1115/2 3532/1114/2 3533/1116/2
f 3505/1117/2 3506/1115/2 3533/1116/2
f 3504/1118/2 3505/1117/2 3533/1116/2
f 3504/1118/2 3533/1116/2 3534/1119/2
f 3503/1120/2 3504/1118/2 3534/1119/2
f 3502/1121/2 3503/1120/2 3534/1119/2
f 3502/1121/2 3534/1119/2 3535/1122/2
f 3501/1123/2 3502/1121/2 3535/1122/2
f 3500/1124/2 3501/1123/2 3535/1122/2
f 3500/1124/2 3535/1122/2 3536/1125/2
f 3499/1126/2 3500/1124/2 3536/1125/2
f 3498/1127/2 3499/1126/2 3536/1125/2
f 3498/1127/2 3536/1125/2 3537/1128/2
f 3497/1129/2 3498/1127/2 3537/1128/2
f 3496/1130/2 3497/1129/2 3537/1128/2
f 3496/1130/2 3537/1128/2 3538/1131/2
f 3495/1132/2 3496/1130/2 3538/1131/2
f 3494/1133/2 3495/1132/2 3538/1131/2
f 3494/1133/2 3538/1131/2 3539/1134/2
f 3493/1135/2 3494/1133/2 3539/1134/2
f 3492/1136/2 3493/1135/2 3539/1134/2
f 3492/1136/2 3539/1134/2 3540/1137/2
f 3491/1138/2 3492/1136/2 3540/1137/2
f 3491/1138/2 3540/1137/2 3541/1139/2
f 3490/1140/2 3491/1138/2 3541/1139/2
f 3489/1141/2 3490/1140/2 3541/1139/2
f 3489/1141/2 3541/1139/2 3542/1142/2
f 3488/1143/2 3489/1141/2 3542/1142/2
f 3487/1144/2 3488/1143/2 3542/1142/2
f 3487/1144/2 3542/1142/2 3543/1145/2
f 3486/1146/2 3487/1144/2 3543/1145/2
f 3485/1147/2 3486/1146/2 3543/1145/2
f 3485/1147/2 3543/1145/2 3544/1148/2
f 3484/1149/2 3485/1147/2 3544/1148/2
f 3483/1150/2 3484/1149/2 3544/1148/2
f 3483/1150/2 3544/1148/2 3545/1151/2
f 3482/1152/2 3483/1150/2 3545/1151/2
f 3481/1153/2 3482/1152/2 3545/1151/2
f 3481/1153/2 3545/1151/2 3546/1154/2
f 3480/1155/2 3481/1153/2 3546/1154/2
f 3479/1156/2 3480/1155/2 3546/1154/2
f 3479/1156/2 3546/1154/2 3547/1157/2
f 3478/1158/2 3479/1156/2 3547/1157/2
f 3477/1159/2 3478/1158/2 3547/1157/2
f 3477/1159/2 3547/1157/2 3548/1160/2
f 3476/1161/2 3477/1159/2 3548/1160/2
f 3476/1161/2 3548/1160/2 3549/1162/2
f 3475/1163/2 3476/1161/2 3549/1162/2
f 3474/1164/2 3475/1163/2 3549/1162/2
f 3474/1164/2 3549/1162/2 3550/1165/2
f 3473/1166/2 3474/1164/2 3550/1165/2
f 3472/1167/2 3473/1166/2 3550/1165/2
f 3472/1167/2 3550/1165/2 3551/1168/2
f 3471/1169/2 3472/1167/2 3551/1168/2
f 3470/1170/2 3471/1169/2 3551/1168/2
f 3470/1170/2 3551/1168/2 3552/1171/2
f 3469/1172/2 3470/1170/2 3552/1171/2
f 3468/1173/2 3469/1172/2 3552/1171/2
f 3468/1173/2 3552/1171/2 3553/1174/2
f 3467/1175/2 3468/1173/2 3553/1174/2
f 3466/1176/2 3467/1175/2 3553/1174/2
f 3466/1176/2 3553/1174/2 3554/1177/2
f 3465/1178/2 3466/1176/2 3554/1177/2
f 3464/1179/2 3465/1178/2 3554/1177/2
f 3464/1179/2 3554/1177/2 3555/1180/2
f 3463/1181/2 3464/1179/2 3555/1180/2
f 3462/1182/2 3463/1181/2 3555/1180/2
f 3462/1182/2 3555/1180/2 3556/1183/2
f 3461/1184/2 3462/1182/2 3556/1183/2
f 3461/1184/2 3556/1183/2 3557/1185/2
f 3460/1186/2 3461/1184/2 3557/1185/2
f 3459/1187/2 3460/1186/2 3557/1185/2
f 3459/1187/2 3557/1185/2 3558/1188/2
f 3458/1189/2 3459/1187/2 3558/1188/2
f 3457/1190/2 3458/1189/2 3558/1188/2
f 3456/1191/2 3457/1190/2 3558/1188/2
f 3455/1192/2 3456/1191/2 3558/1188/2
f 3454/1193/2 3455/1192/2 3558/1188/2
f 3454/1193/2 3558/1188/2 3559/1194/2
f 3453/1195/2 3454/1193/2 3559/1194/2
f 3452/1196/2 3453/1195/2 3559/1194/2
f 3451/1197/2 3452/1196/2 3559/1194/2
f 3450/1198/2 3451/1197/2 3559/1194/2
f 3449/1199/2 3450/1198/2 3559/1194/2
f 3449/1199/2 3559/1194/2 3560/1200/2
f 3448/1201/2 3449/1199/2 3560/1200/2
f 3447/1202/2 3448/1201/2 3560/1200/2
f 3446/1203/2 3447/1202/2 3560/1200/2
f 3445/1204/2 3446/1203/2 3560/1200/2
f 3445/1204/2 3560/1200/2 3561/1205/2
f 3444/1206/2 3445/1204/2 3561/1205/2
f 3443/1207/2 3444/1206/2 3561/1205/2
f 3442/1208/2 3443/1207/2 3561/1205/2
f 3441/1209/2 3442/1208/2 3561/1205/2
f 3440/1210/2 3441/1209/2 3561/1205/2
f 3440/1210/2 3561/1205/2 3562/1211/2
f 3439/1212/2 3440/1210/2 3562/1211/2
f 3438/1213/2 3439/1212/2 3562/1211/2
f 3437/1214/2 3438/1213/2 3562/1211/2
f 3436/1215/2 3437/1214/2 3562/1211/2
f 3436/1215/2 3562/1211/2 3563/1216/2
f 3435/1217/2 3436/1215/2 3563/1216/2
f 3434/1218/2 3435/1217/2 3563/1216/2
f 3433/1219/2 3434/1218/2 3563/1216/2
f 3432/1220/2 3433/1219/2 3563/1216/2
f 3431/1221/2 3432/1220/2 3563/1216/2
f 3431/1221/2 3563/1216/2 3564/1222/2
f 3430/1223/2 3431/1221/2 3564/1222/2
f 3429/1224/2 3430/1223/2 3564/1222/2
f 3428/1225/2 3429/1224/2 3564/1222/2
f 3427/1226/2 3428/1225/2 3564/1222/2
f 3427/1226/2 3564/1222/2 3565/1227/2
f 3426/1228/2 3427/1226/2 3565/1227/2
f 3425/1229/2 3426/1228/2 3565/1227/2
f 3424/1230/2 3425/1229/2 3565/1227/2
f 3423/1231/2 3424/1230/2 3565/1227/2
f 3423/1231/2 3565/1227/2 3566/1232/2
f 3422/1233/2 3423/1231/2 3566/1232/2
f 3421/1234/2 3422/1233/2 3566/1232/2
f 3420/1235/2 3421/1234/2 3566/1232/2
f 3419/1236/2 3420/1235/2 3566/1232/2
f 3418/1237/2 3419/1236/2 3566/1232/2
f 3418/1237/2 3566/1232/2 3567/1238/2
f 3417/1239/2 3418/1237/2 3567/1238/2
f 3416/1240/2 3417/1239/2 3567/1238/2
f 3415/1241/2 3416/1240/2 3567/1238/2
f 3414/1242/2 3415/1241/2 3567/1238/2
f 3414/1242/2 3567/1238/2 3568/1243/2
f 3413/1244/2 3414/1242/2 3568/1243/2
f 3412/1245/2 3413/1244/2 3568/1243/2
f 3411/1246/2 3412/1245/2 3568/1243/2
f 3410/1247/2 3411/1246/2 3568/1243/2
f 3410/1247/2 3568/1243/2 3569/1248/2
f 3409/1249/2 3410/1247/2 3569/1248/2
f 3408/1250/2 3409/1249/2 3569/1248/2
f 3407/1251/2 3408/1250/2 3569/1248/2
f 3406/1252/2 3407/1251/2 3569/1248/2
f 3406/1252/2 3569/1248/2 3570/1253/2
f 3405/1254/2 3406/1252/2 3570/1253/2
f 3404/1255/2 3405/1254/2 3570/1253/2
f 3403/1256/2 3404/1255/2 3570/1253/2
f 3402/1257/2 3403/1256/2 3570/1253/2
f 3402/1257/2 3570/1253/2 3571/1258/2
f 3401/1259/2 3402/1257/2 3571/1258/2
f 3400/1260/2 3401/1259/2 3571/1258/2
f 3399/1261/2 3400/1260/2 3571/1258/2
f 3398/1262/2 3399/1261/2 3571/1258/2
f 3398/1262/2 3571/1258/2 3572/1263/2
f 3397/1264/2 3398/1262/2 3572/1263/2
f 3396/1265/2 3397/1264/2 3572/1263/2
f 3395/1266/2 3396/1265/2 3572/1263/2
f 3394/1267/2 3395/1266/2 3572/1263/2
f 3394/1267/2 3572/1263/2 3573/1268/2
f 3394/1267/2 3573/1268/2 3574/1269/2
f 3393/1270/2 3394/1267/2 3574/1269/2
f 3393/1270/2 3574/1269/2 3575/1271/2
f 3392/1272/2 3393/1270/2 3575/1271/2
f 3392/1272/2 3575/1271/2 3576/1273/2
f 3391/1274/2 3392/1272/2 3576/1273/2
f 3391/1274/2 3576/1273/2 3577/1275/2
f 3391/1274/2 3577/1275/2 3578/1276/2
f 3390/1277/2 3391/1274/2 3578/1276/2
f 3390/1277/2 3578/1276/2 3579/1278/2
f 3389/1279/2 3390/1277/2 3579/1278/2
f 3389/1279/2 3579/1278/2 3580/1280/2
f 3388/1281/2 3389/1279/2 3580/1280/2
f 3388/1281/2 3580/1280/2 3581/1282/2
f 3387/1283/2 3388/1281/2 3581/1282/2
f 3387/1283/2 3581/1282/2 3582/1284/2
f 3387/1283/2 3582/1284/2 3583/1285/2
f 3386/1286/2 3387/1283/2 3583/1285/2
f 3386/1286/2 3583/1285/2 3584/1287/2
f 3385/1288/2 3386/1286/2 3584/1287/2
f 3385/1288/2 3584/1287/2 3585/1289/2
f 3384/1290/2 3385/1288/2 3585/1289/2
f 3384/1290/2 3585/1289/2 3586/1291/2
f 3383/1292/2 3384/1290/2 3586/1291/2
f 3383/1292/2 3586/1291/2 3587/1293/2
f 3382/1294/2 3383/1292/2 3587/1293/2
f 3382/1294/2 3587/1293/2 3588/1295/2
f 3381/1296/2 3382/1294/2 3588/1295/2
f 3381/1296/2 3588/1295/2 3589/1297/2
f 3380/1298/2 3381/1296/2 3589/1297/2
f 3380/1298/2 3589/1297/2 3590/1299/2
f 3379/1300/2 3380/1298/2 3590/1299/2
f 3378/1301/2 3379/1300/2 3590/1299/2
f 3378/1301/2 3590/1299/2 3591/1302/2
f 3377/1303/2 3378/1301/2 3591/1302/2
f 3377/1303/2 3591/1302/2 3592/1304/2
f 3376/1305/2 3377/1303/2 3592/1304/2
f 3376/1305/2 3592/1304/2 3593/1306/2
f 3375/1307/2 3376/1305/2 3593/1306/2
f 3375/1307/2 3593/1306/2 3594/1308/2
f 3374/1309/2 3375/1307/2 3594/1308/2
f 3374/1309/2 3594/1308/2 3595/1310/2
f 3373/1311/2 3374/1309/2 3595/1310/2
f 3372/1312/2 3373/1311/2 3595/1310/2
f 3372/1312/2 3595/1310/2 3596/1313/2
f 3371/1314/2 3372/1312/2 3596/1313/2
f 3371/1314/2 3596/1313/2 3597/1315/2
f 3370/1316/2 3371/1314/2 3597/1315/2
f 3370/1316/2 3597/1315/2 3598/1317/2
f 3369/1318/2 3370/1316/2 3598/1317/2
f 3369/1318/2 3598/1317/2 3599/1319/2
f 3368/1320/2 3369/1318/2 3599/1319/2
f 3368/1320/2 3599/1319/2 3600/1321/2
f 3367/1322/2 3368/1320/2 3600/1321/2
f 3366/1323/2 3367/1322/2 3600/1321/2
f 3366/1323/2 3600/1321/2 3601/1324/2
f 3365/1325/2 3366/1323/2 3601/1324/2
f 3365/1325/2 3601/1324/2 3602/1326/2
f 3364/1327/2 3365/1325/2 3602/1326/2
f 3364/1327/2 3602/1326/2 3603/1328/2
f 3363/1329/2 3364/1327/2 3603/1328/2
f 3363/1329/2 3603/1328/2 3604/1330/2
f 3362/1331/2 3363/1329/2 3604/1330/2
f 3361/1332/2 3362/1331/2 3604/1330/2
f 3361/1332/2 3604/1330/2 3605/1333/2
f 3360/1334/2 3361/1332/2 3605/1333/2
f 3360/1334/2 3605/1333/2 3606/1335/2
f 3359/1336/2 3360/1334/2 3606/1335/2
f 3359/1336/2 3606/1335/2 3607/1337/2
f 3358/1338/2 3359/1336/2 3607/1337/2
f 3358/1338/2 3607/1337/2 3608/1339/2
f 3357/1340/2 3358/1338/2 3608/1339/2
f 3357/1340/2 3608/1339/2 3609/1341/2
f 3356/1342/2 3357/1340/2 3609/1341/2
f 3355/1343/2 3356/1342/2 3609/1341/2
f 3355/1343/2 3609/1341/2 3610/1344/2
f 3354/1345/2 3355/1343/2 3610/1344/2
f 3354/1345/2 3610/1344/2 3611/1346/2
f 3353/1347/2 3354/1345/2 3611/1346/2
f 3353/1347/2 3611/1346/2 3612/1348/2
f 3352/1349/2 3353/1347/2 3612/1348/2
f 3352/1349/2 3612/1348/2 3613/1350/2
f 3351/1351/2 3352/1349/2 3613/1350/2
f 3351/1351/2 3613/1350/2 3614/1352/2
f 3350/1353/2 3351/1351/2 3614/1352/2
f 3349/1354/2 3350/1353/2 3614/1352/2
f 3349/1354/2 3614/1352/2 3615/1355/2
f 3348/1356/2 3349/1354/2 3615/1355/2
f 3348/1356/2 3615/1355/2 3616/1357/2
f 3347/1358/2 3348/1356/2 3616/1357/2
f 3347/1358/2 3616/1357/2 3617/1359/2
f 3346/1360/2 3347/1358/2 3617/1359/2
f 3346/1360/2 3617/1359/2 3618/1361/2
f 3345/1362/2 3346/1360/2 3618/1361/2
f 3344/1363/2 3345/1362/2 3618/1361/2
f 3344/1363/2 3618/1361/2 3619/1364/2
f 3343/1365/2 3344/1363/2 3619/1364/2
f 3343/1365/2 3619/1364/2 3620/1366/2
f 3342/1367/2 3343/1365/2 3620/1366/2
f 3342/1367/2 3620/1366/2 3621/1368/2
f 3341/1369/2 3342/1367/2 3621/1368/2
f 3341/1369/2 3621/1368/2 3622/1370/2
f 3340/1371/2 3341/1369/2 3622/1370/2
f 3340/1371/2 3622/1370/2 3623/1372/2
f 3339/1373/2 3340/1371/2 3623/1372/2
f 3338/1374/2 3339/1373/2 3623/1372/2
f 3338/1374/2 3623/1372/2 3624/1375/2
f 3337/1376/2 3338/1374/2 3624/1375/2
f 3337/1376/2 3624/1375/2 3625/1377/2
f 3336/1378/2 3337/1376/2 3625/1377/2
f 3336/1378/2 3625/1377/2 3626/1379/2
f 3335/1380/2 3336/1378/2 3626/1379/2
f 3335/1380/2 3626/1379/2 3627/1381/2
f 3334/1382/2 3335/1380/2 3627/1381/2
f 3334/1382/2 3627/1381/2 3628/1383/2
f 3333/1384/2 3334/1382/2 3628/1383/2
f 3332/1385/2 3333/1384/2 3628/1383/2
f 3332/1385/2 3628/1383/2 3629/1386/2
f 3331/1387/2 3332/1385/2 3629/1386/2
f 3331/1387/2 3629/1386/2 3630/1388/2
f 3330/1389/2 3331/1387/2 3630/1388/2
f 3330/1389/2 3630/1388/2 3631/1390/2
f 3329/1391/2 3330/1389/2 3631/1390/2
f 3328/1392/2 3329/1391/2 3631/1390/2
f 3328/1392/2 3631/1390/2 3632/1393/2
f 3327/1394/2 3328/1392/2 3632/1393/2
f 3326/1395/2 3327/1394/2 3632/1393/2
f 3326/1395/2 3632/1393/2 3633/1396/2
f 3325/1397/2 3326/1395/2 3633/1396/2
f 3324/1398/2 3325/1397/2 3633/1396/2
f 3324/1398/2 3633/1396/2 3634/1399/2
f 3323/1400/2 3324/1398/2 3634/1399/2
f 3322/1401/2 3323/1400/2 3634/1399/2
f 3322/1401/2 3634/1399/2 3635/1402/2
f 3321/1403/2 3322/1401/2 3635/1402/2
f 3320/1404/2 3321/1403/2 3635/1402/2
f 3320/1404/2 3635/1402/2 3636/1405/2
f 3319/1406/2 3320/1404/2 3636/1405/2
f 3318/1407/2 3319/1406/2 3636/1405/2
f 3318/1407/2 3636/1405/2 3637/1408/2
f 3317/1409/2 3318/1407/2 3637/1408/2
f 3316/1410/2 3317/1409/2 3637/1408/2
f 3316/1410/2 3637/1408/2 3638/1411/2
f 3315/1412/2 3316/1410/2 3638/1411/2
f 3314/1413/2 3315/1412/2 3638/1411/2
f 3314/1413/2 3638/1411/2 3639/1414/2
f 3313/1415/2 3314/1413/2 3639/1414/2
f 3312/1416/2 3313/1415/2 3639/1414/2
f 3312/1416/2 3639/1414/2 3640/1417/2
f 3311/1418/2 3312/1416/2 3640/1417/2
f 3310/1419/2 3311/1418/2 3640/1417/2
f 3310/1419/2 3640/1417/2 3641/1420/2
f 3309/1421/2 3310/1419/2 3641/1420/2
f 3309/1421/2 3641/1420/2 3642/1422/2
f 3308/1423/2 3309/1421/2 3642/1422/2
f 3307/1424/2 3308/1423/2 3642/1422/2
f 3307/1424/2 3642/1422/2 3643/1425/2
f 3306/1426/2 3307/1424/2 3643/1425/2
f 3305/1427/2 3306/1426/2 3643/1425/2
f 3305/1427/2 3643/1425/2 3644/1428/2
f 3304/1429/2 3305/1427/2 3644/1428/2
f 3303/1430/2 3304/1429/2 3644/1428/2
f 3303/1430/2 3644/1428/2 3645/1431/2
f 3302/1432/2 3303/1430/2 3645/1431/2
f 3302/1432/2 3645/1431/2 3646/1433/2
f 3301/1434/2 3302/1432/2 3646/1433/2
f 3300/1435/2 3301/1434/2 3646/1433/2
f 3300/1435/2 3646/1433/2 3647/1436/2
f 3299/1437/2 3300/1435/2 3647/1436/2
f 3298/1438/2 3299/1437/2 3647/1436/2
f 3298/1438/2 3647/1436/2 3648/1439/2
f 3297/1440/2 3298/1438/2 3648/1439/2
f 3296/1441/2 3297/1440/2 3648/1439/2
f 3296/1441/2 3648/1439/2 3649/1442/2
f 3295/1443/2 3296/1441/2 3649/1442/2
f 3295/1443/2 3649/1442/2 3650/1444/2
f 3294/1445/2 3295/1443/2 3650/1444/2
f 3293/1446/2 3294/1445/2 3650/1444/2
f 3293/1446/2 3650/1444/2 3651/1447/2
f 3292/1448/2 3293/1446/2 3651/1447/2
f 3291/1449/2 3292/1448/2 3651/1447/2
f 3291/1449/2 3651/1447/2 3652/1450/2
f 3290/1451/2 3291/1449/2 3652/1450/2
f 3290/1451/2 3652/1450/2 3653/1452/2
f 3289/1453/2 3290/1451/2 3653/1452/2
f 3289/1453/2 3653/1452/2 3654/1454/2
f 3289/1453/2 3654/1454/2 3655/1455/2
f 3288/1456/2 3289/1453/2 3655/1455/2
f 3288/1456/2 3655/1455/2 3656/1457/2
f 3287/1458/2 3288/1456/2 3656/1457/2
f 3287/1458/2 3656/1457/2 3657/1459/2
f 3286/1460/2 3287/1458/2 3657/1459/2
f 3286/1460/2 3657/1459/2 3658/1461/2
f 3285/1462/2 3286/1460/2 3658/1461/2
f 3285/1462/2 3658/1461/2 3659/1463/2
f 3284/1464/2 3285/1462/2 3659/1463/2
f 3284/1464/2 3659/1463/2 3660/1465/2
f 3283/1466/2 3284/1464/2 3660/1465/2
f 3283/1466/2 3660/1465/2 3661/1467/2
f 3282/1468/2 3283/1466/2 3661/1467/2
f 3282/1468/2 3661/1467/2 3662/1469/2
f 3281/1470/2 3282/1468/2 3662/1469/2
f 3281/1470/2 3662/1469/2 3663/1471/2
f 3280/1472/2 3281/1470/2 3663/1471/2
f 3280/1472/2 3663/1471/2 3664/1473/2
f 3280/1472/2 3664/1473/2 3665/1474/2
f 3279/1475/2 3280/1472/2 3665/1474/2
f 3279/1475/2 3665/1474/2 3666/1476/2
f 3278/1477/2 3279/1475/2 3666/1476/2
f 3278/1477/2 3666/1476/2 3667/1478/2
f 3277/1479/2 3278/1477/2 3667/1478/2
f 3277/1479/2 3667/1478/2 3668/1480/2
f 3276/1481/2 3277/1479/2 3668/1480/2
f 3276/1481/2 3668/1480/2 3669/1482/2
f 3275/1483/2 3276/1481/2 3669/1482/2
f 3275/1483/2 3669/1482/2 3670/1484/2
f 3275/1483/2 3670/1484/2 3671/1485/2
f 3274/1486/2 3275/1483/2 3671/1485/2
f 3274/1486/2 3671/1485/2 3672/1487/2
f 3273/1488/2 3274/1486/2 3672/1487/2
f 3273/1488/2 3672/1487/2 3673/1489/2
f 3272/1490/2 3273/1488/2 3673/1489/2
f 3272/1490/2 3673/1489/2 3674/1491/2
f 3271/1492/2 3272/1490/2 3674/1491/2
f 3271/1492/2 3674/1491/2 3675/1493/2
f 3271/1492/2 3675/1493/2 3676/1494/2
f 3270/1495/2 3271/1492/2 3676/1494/2
f 3270/1495/2 3676/1494/2 3677/1496/2
f 3269/1497/2 3270/1495/2 3677/1496/2
f 3269/1497/2 3677/1496/2 3678/1498/2
f 3268/1499/2 3269/1497/2 3678/1498/2
f 3268/1499/2 3678/1498/2 3679/1500/2
f 3268/1499/2 3679/1500/2 3680/1501/2
f 3267/1502/2 3268/1499/2 3680/1501/2
f 3267/1502/2 3680/1501/2 3681/1503/2
f 3266/1504/2 3267/1502/2 3681/1503/2
f 3266/1504/2 3681/1503/2 3682/1505/2
f 3266/1504/2 3682/1505/2 3683/1506/2
f 3266/1504/2 3683/1506/2 3684/1507/2
f 3266/1504/2 3684/1507/2 3685/1508/2
f 3266/1504/2 3685/1508/2 3686/1509/2
f 3266/1504/2 3686/1509/2 3687/1510/2
f 3266/1504/2 3687/1510/2 3688/1511/2
f 3266/1504/2 3688/1511/2 3689/1512/2
f 3266/1504/2 3689/1512/2 3690/1513/2
f 3266/1504/2 3690/1513/2 3691/1514/2
f 3266/1504/2 3691/1514/2 3692/1515/2
f 3266/1504/2 3692/1515/2 3693/1516/2
f 3266/1504/2 3693/1516/2 3694/1517/2
f 3266/1504/2 3694/1517/2 3695/1518/2
f 3266/1504/2 3695/1518/2 3696/1519/2
f 3266/1504/2 3696/1519/2 3697/1520/2
f 3266/1504/2 3697/1520/2 3698/1521/2
f 3266/1504/2 3698/1521/2 3699/1522/2
f 3266/1504/2 3699/1522/2 3700/1523/2
f 3266/1504/2 3700/1523/2 3701/1524/2
f 3266/1504/2 3701/1524/2 3702/1525/2
f 3266/1504/2 3702/1525/2 3703/1526/2
f 3266/1504/2 3703/1526/2 3704/1527/2
f 3266/1504/2 3704/1527/2 3705/1528/2
f 3266/1504/2 3705/1528/2 3706/1529/2
f 3266/1504/2 3706/1529/2 3707/1530/2
f 3266/1504/2 3707/1530/2 3708/1531/2
f 3266/1504/2 3708/1531/2 3709/1532/2
f 3266/1504/2 3709/1532/2 3710/1533/2
f 3266/1504/2 3710/1533/2 3711/1534/2
f 3266/1504/2 3711/1534/2 3712/1535/2
f 3266/1504/2 3712/1535/2 3713/1536/2
f 3266/1504/2 3713/1536/2 3714/1537/2
f 3266/1504/2 3714/1537/2 3715/1538/2
f 3266/1504/2 3715/1538/2 3716/1539/2
f 3266/1504/2 3716/1539/2 3717/1540/2
f 3266/1504/2 3717/1540/2 3718/1541/2
f 3266/1504/2 3718/1541/2 3719/1542/2
f 3266/1504/2 3719/1542/2 3720/1543/2
f 3266/1504/2 3720/1543/2 3721/1544/2
f 3266/1504/2 3721/1544/2 3722/1545/2
f 3266/1504/2 3722/1545/2 3723/1546/2
f 3266/1504/2 3723/1546/2 3724/1547/2
f 3266/1504/2 3724/1547/2 3725/1548/2
f 3266/1504/2 3725/1548/2 3726/1549/2
f 3266/1504/2 3726/1549/2 3727/1550/2
f 3266/1504/2 3727/1550/2 3728/1551/2
f 3266/1504/2 3728/1551/2 3729/1552/2
f 3266/1504/2 3729/1552/2 3730/1553/2
f 3266/1504/2 3730/1553/2 3731/1554/2
f 3266/1504/2 3731/1554/2 3732/1555/2
f 3266/1504/2 3732/1555/2 3733/1556/2
f 3266/1504/2 3733/1556/2 3734/1557/2
f 3266/1504/2 3734/1557/2 3735/1558/2
f 3266/1504/2 3735/1558/2 3736/1559/2
f 3266/1504/2 3736/1559/2 3737/1560/2
f 3266/1504/2 3737/1560/2 3738/1561/2
f 3266/1504/2 3738/1561/2 3739/1562/2
f 3266/1504/2 3739/1562/2 3740/1563/2
f 3266/1504/2 3740/1563/2 3741/1564/2
f 3266/1504/2 3741/1564/2 3742/1565/2
f 3266/1504/2 3742/1565/2 3743/1566/2
f 3266/1504/2 3743/1566/2 3744/1567/2
f 3266/1504/2 3744/1567/2 3745/1568/2
f 3266/1504/2 3745/1568/2 3746/1569/2
f 3266/1504/2 3746/1569/2 3747/1570/2
f 3266/1504/2 3747/1570/2 3748/1571/2
f 3266/1504/2 3748/1571/2 3749/1572/2
f 3266/1504/2 3749/1572/2 3750/1573/2
f 3266/1504/2 3750/1573/2 3751/1574/2
f 3266/1504/2 3751/1574/2 3752/1575/2
f 3265/1576/2 3266/1504/2 3752/1575/2
f 3265/1576/2 3752/1575/2 3753/1577/2
f 3264/1578/2 3265/1576/2 3753/1577/2
f 3264/1578/2 3753/1577/2 3754/1579/2
f 3264/1578/2 3754/1579/2 3755/1580/2
f 3263/1581/2 3264/1578/2 3755/1580/2
f 3263/1581/2 3755/1580/2 3756/1582/2
f 3262/1583/2 3263/1581/2 3756/1582/2
f 3262/1583/2 3756/1582/2 3757/1584/2
f 3261/1585/2 3262/1583/2 3757/1584/2
f 3261/1585/2 3757/1584/2 3758/1586/2
f 3260/1587/2 3261/1585/2 3758/1586/2
f 3260/1587/2 3758/1586/2 3759/1588/2
f 3260/1587/2 3759/1588/2 3760/1589/2
f 3259/1590/2 3260/1587/2 3760/1589/2
f 3259/1590/2 3760/1589/2 3761/1591/2
f 3258/1592/2 3259/1590/2 3761/1591/2
f 3258/1592/2 3761/1591/2 3762/1593/2
f 3257/1594/2 3258/1592/2 3762/1593/2
f 3257/1594/2 3762/1593/2 3763/1595/2
f 3256/1596/2 3257/1594/2 3763/1595/2
f 3256/1596/2 3763/1595/2 3764/1597/2
f 3255/1598/2 3256/1596/2 3764/1597/2
f 3255/1598/2 3764/1597/2 3765/1599/2
f 3254/1600/2 3255/1598/2 3765/1599/2
f 3254/1600/2 3765/1599/2 3766/1601/2
f 3253/1602/2 3254/1600/2 3766/1601/2
f 3253/1602/2 3766/1601/2 3767/1603/2
f 3252/1604/2 3253/1602/2 3767/1603/2
f 3252/1604/2 3767/1603/2 3768/1605/2
f 3252/1604/2 3768/1605/2 3769/1606/2
f 3251/1607/2 3252/1604/2 3769/1606/2
f 3251/1607/2 3769/1606/2 3770/1608/2
f 3250/1609/2 3251/1607/2 3770/1608/2
f 3250/1609/2 3770/1608/2 3771/1610/2
f 3249/1611/2 3250/1609/2 3771/1610/2
f 4098/1612/2 4099/1614/2 4100/1613/2
f 4098/1612/2 4100/1613/2 4101/1615/2
f 4097/1616/2 4098/1612/2 4101/1615/2
f 4097/1616/2 4101/1615/2 4102/1617/2
f 4097/1616/2 4102/1617/2 4103/1618/2
f 4096/1619/2 4097/1616/2 4103/1618/2
f 4096/1619/2 4103/1618/2 4104/1620/2
f 4095/1621/2 4096/1619/2 4104/1620/2
f 4095/1621/2 4104/1620/2 4105/1622/2
f 4095/1621/2 4105/1622/2 4106/1623/2
f 4094/1624/2 4095/1621/2 4106/1623/2
f 4094/1624/2 4106/1623/2 4107/1625/2
f 4094/1624/2 4107/1625/2 4108/1626/2
f 4093/1627/2 4094/1624/2 4108/1626/2
f 4093/1627/2 4108/1626/2 4109/1628/2
f 4092/1629/2 4093/1627/2 4109/1628/2
f 4092/1629/2 4109/1628/2 4110/1630/2
f 4092/1629/2 4110/1630/2 4111/1631/2
f 4091/1632/2 4092/1629/2 4111/1631/2
f 4091/1632/2 4111/1631/2 4112/1633/2
f 4091/1632/2 4112/1633/2 4113/1634/2
f 4090/1635/2 4091/1632/2 4113/1634/2
f 4090/1635/2 4113/1634/2 4114/1636/2
f 4089/1637/2 4090/1635/2 4114/1636/2
f 4089/1637/2 4114/1636/2 4115/1638/2
f 4089/1637/2 4115/1638/2 4116/1639/2
f 4088/1640/2 4089/1637/2 4116/1639/2
f 4088/1640/2 4116/1639/2 4117/1641/2
f 4088/1640/2 4117/1641/2 4118/1642/2
f 4087/1643/2 4088/1640/2 4118/1642/2
f 4087/1643/2 4118/1642/2 4119/1644/2
f 4086/1645/2 4087/1643/2 4119/1644/2
f 4086/1645/2 4119/1644/2 4120/1646/2
f 4086/1645/2 4120/1646/2 4121/1647/2
f 4085/1648/2 4086/1645/2 4121/1647/2
f 4085/1648/2 4121/1647/2 4122/1649/2
f 4085/1648/2 4122/1649/2 4123/1650/2
f 4084/1651/2 4085/1648/2 4123/1650/2
f 4084/1651/2 4123/1650/2 4124/1652/2
f 4083/1653/2 4084/1651/2 4124/1652/2
f 4083/1653/2 4124/1652/2 4125/1654/2
f 4083/1653/2 4125/1654/2 4126/1655/2
f 4082/1656/2 4083/1653/2 4126/1655/2
f 4082/1656/2 4126/1655/2 4127/1657/2
f 3249/1611/2 3771/1610/2 3772/1658/2
f 4082/1656/2 4127/1657/2 4128/1659/2
f 4081/1660/2 4082/1656/2 4128/1659/2
f 4081/1660/2 4128/1659/2 4129/1661/2
f 4080/1662/2 4081/1660/2 4129/1661/2
f 4080/1662/2 4129/1661/2 4130/1663/2
f 4080/1662/2 4130/1663/2 4131/1664/2
f 4079/1665/2 4080/1662/2 4131/1664/2
f 3248/1666/2 3249/1611/2 3772/1658/2
f 4079/1665/2 4131/1664/2 4132/1667/2
f 4079/1665/2 4132/1667/2 4133/1668/2
f 4078/1669/2 4079/1665/2 4133/1668/2
f 4078/1669/2 4133/1668/2 4134/1670/2
f 4077/1671/2 4078/1669/2 4134/1670/2
f 4077/1671/2 4134/1670/2 4135/1672/2
f 4077/1671/2 4135/1672/2 4136/1673/2
f 4076/1674/2 4077/1671/2 4136/1673/2
f 4076/1674/2 4136/1673/2 4137/1675/2
f 4076/1674/2 4137/1675/2 4138/1676/2
f 4075/1677/2 4076/1674/2 4138/1676/2
f 4075/1677/2 4138/1676/2 4139/1678/2
f 4074/1679/2 4075/1677/2 4139/1678/2
f 4074/1679/2 4139/1678/2 4140/1680/2
f 4074/1679/2 4140/1680/2 4141/1681/2
f 4073/1682/2 4074/1679/2 4141/1681/2
f 4073/1682/2 4141/1681/2 4142/1683/2
f 4072/1684/2 4073/1682/2 4142/1683/2
f 4072/1684/2 4142/1683/2 4143/1685/2
f 4072/1684/2 4143/1685/2 4144/1686/2
f 4071/1687/2 4072/1684/2 4144/1686/2
f 4071/1687/2 4144/1686/2 4145/1688/2
f 4071/1687/2 4145/1688/2 4146/1689/2
f 4070/1690/2 4071/1687/2 4146/1689/2
f 4070/1690/2 4146/1689/2 4147/1691/2
f 4069/1692/2 4070/1690/2 4147/1691/2
f 4069/1692/2 4147/1691/2 4148/1693/2
f 3248/1666/2 3772/1658/2 3773/1694/2
f 4069/1692/2 4148/1693/2 4149/1695/2
f 4068/1696/2 4069/1692/2 4149/1695/2
f 4068/1696/2 4149/1695/2 4150/1697/2
f 3247/1698/2 3248/1666/2 3773/1694/2
f 4068/1696/2 4150/1697/2 4151/1699/2
f 4067/1700/2 4068/1696/2 4151/1699/2
f 4067/1700/2 4151/1699/2 4152/1701/2
f 4066/1702/2 4067/1700/2 4152/1701/2
f 4066/1702/2 4152/1701/2 4153/1703/2
f 4066/1702/2 4153/1703/2 4154/1704/2
f 4065/1705/2 4066/1702/2 4154/1704/2
f 4065/1705/2 4154/1704/2 4155/1706/2
f 4065/1705/2 4155/1706/2 4156/1707/2
f 4064/1708/2 4065/1705/2 4156/1707/2
f 4064/1708/2 4156/1707/2 4157/1709/2
f 4063/1710/2 4064/1708/2 4157/1709/2
f 4063/1710/2 4157/1709/2 4158/1711/2
f 4063/1710/2 4158/1711/2 4159/1712/2
f 4062/1713/2 4063/1710/2 4159/1712/2
f 4062/1713/2 4159/1712/2 4160/1714/2
f 4062/1713/2 4160/1714/2 4161/1715/2
f 4061/1716/2 4062/1713/2 4161/1715/2
f 4061/1716/2 4161/1715/2 4162/1717/2
f 3247/1698/2 3773/1694/2 3774/1718/2
f 4060/1719/2 4061/1716/2 4162/1717/2
f 4060/1719/2 4162/1717/2 2626/1720/2
f 4060/1719/2 2626/1720/2 2627/1721/2
f 3246/1722/2 3247/1698/2 3774/1718/2
f 4059/1723/2 4060/1719/2 2627/1721/2
f 4059/1723/2 2627/1721/2 2628/1724/2
f 4059/1723/2 2628/1724/2 2629/1725/2
f 4058/1726/2 4059/1723/2 2629/1725/2
f 4058/1726/2 2629/1725/2 2630/1727/2
f 4057/1728/2 4058/1726/2 2630/1727/2
f 4057/1728/2 2630/1727/2 2631/1729/2
f 4057/1728/2 2631/1729/2 2632/1730/2
f 4056/1731/2 4057/1728/2 2632/1730/2
f 4056/1731/2 2632/1730/2 2633/1732/2
f 4056/1731/2 2633/1732/2 2634/1733/2
f 4055/1734/2 4056/1731/2 2634/1733/2
f 4055/1734/2 2634/1733/2 2635/1735/2
f 4054/1736/2 4055/1734/2 2635/1735/2
f 4054/1736/2 2635/1735/2 2636/1737/2
f 3246/1722/2 3774/1718/2 3775/1738/2
f 4054/1736/2 2636/1737/2 2637/1739/2
f 4053/1740/2 4054/1736/2 2637/1739/2
f 4053/1740/2 2637/1739/2 2638/1741/2
f 3245/1742/2 3246/1722/2 3775/1738/2
f 4053/1740/2 2638/1741/2 2639/1743/2
f 4052/1744/2 4053/1740/2 2639/1743/2
f 4052/1744/2 2639/1743/2 2640/1745/2
f 4052/1744/2 2640/1745/2 2641/1746/2
f 4051/1747/2 4052/1744/2 2641/1746/2
f 4051/1747/2 2641/1746/2 2642/1748/2
f 4051/1747/2 2642/1748/2 2643/1749/2
f 4050/1750/2 4051/1747/2 2643/1749/2
f 4050/1750/2 2643/1749/2 2644/1751/2
f 4050/1750/2 2644/1751/2 2645/1752/2
f 4049/1753/2 4050/1750/2 2645/1752/2
f 4049/1753/2 2645/1752/2 2646/1754/2
f 4049/1753/2 2646/1754/2 2647/1755/2
f 4048/1756/2 4049/1753/2 2647/1755/2
f 4048/1756/2 2647/1755/2 2648/1757/2
f 3245/1742/2 3775/1738/2 3776/1758/2
f 4048/1756/2 2648/1757/2 2649/1759/2
f 4047/1760/2 4048/1756/2 2649/1759/2
f 3244/1761/2 3245/1742/2 3776/1758/2
f 4047/1760/2 2649/1759/2 2650/1762/2
f 4047/1760/2 2650/1762/2 2651/1763/2
f 4046/1764/2 4047/1760/2 2651/1763/2
f 4046/1764/2 2651/1763/2 2652/1765/2
f 4046/1764/2 2652/1765/2 2653/1766/2
f 4045/1767/2 4046/1764/2 2653/1766/2
f 4045/1767/2 2653/1766/2 2654/1768/2
f 4045/1767/2 2654/1768/2 2655/1769/2
f 4044/1770/2 4045/1767/2 2655/1769/2
f 4044/1770/2 2655/1769/2 2656/1771/2
f 4044/1770/2 2656/1771/2 2657/1772/2
f 4043/1773/2 4044/1770/2 2657/1772/2
f 4043/1773/2 2657/1772/2 2658/1774/2
f 4043/1773/2 2658/1774/2 2659/1775/2
f 3244/1761/2 3776/1758/2 3777/1776/2
f 4042/1777/2 4043/1773/2 2659/1775/2
f 4042/1777/2 2659/1775/2 2660/1778/2
f 3243/1779/2 3244/1761/2 3777/1776/2
f 4042/1777/2 2660/1778/2 2661/1780/2
f 4042/1777/2 2661/1780/2 2662/1781/2
f 4041/1782/2 4042/1777/2 2662/1781/2
f 4041/1782/2 2662/1781/2 2663/1783/2
f 4041/1782/2 2663/1783/2 2664/1784/2
f 4040/1785/2 4041/1782/2 2664/1784/2
f 4040/1785/2 2664/1784/2 2665/1786/2
f 4040/1785/2 2665/1786/2 2666/1787/2
f 4039/1788/2 4040/1785/2 2666/1787/2
f 4039/1788/2 2666/1787/2 2667/1789/2
f 4039/1788/2 2667/1789/2 2668/1790/2
f 4039/1788/2 2668/1790/2 2669/1791/2
f 4038/1792/2 4039/1788/2 2669/1791/2
f 4038/1792/2 2669/1791/2 2670/1793/2
f 4038/1792/2 2670/1793/2 2671/1794/2
f 3243/1779/2 3777/1776/2 3778/1795/2
f 4037/1796/2 4038/1792/2 2671/1794/2
f 3242/1797/2 3243/1779/2 3778/1795/2
f 4037/1796/2 2671/1794/2 2672/1798/2
f 4037/1796/2 2672/1798/2 2673/1799/2
f 4036/1800/2 4037/1796/2 2673/1799/2
f 4036/1800/2 2673/1799/2 2674/1801/2
f 4036/1800/2 2674/1801/2 2675/1802/2
f 4036/1800/2 2675/1802/2 2676/1803/2
f 4035/1804/2 4036/1800/2 2676/1803/2
f 4035/1804/2 2676/1803/2 2677/1805/2
f 4035/1804/2 2677/1805/2 2678/1806/2
f 4034/1807/2 4035/1804/2 2678/1806/2
f 4034/1807/2 2678/1806/2 2679/1808/2
f 4034/1807/2 2679/1808/2 2680/1809/2
f 4034/1807/2 2680/1809/2 2681/1810/2
f 4034/1807/2 2681/1810/2 2682/1811/2
f 3241/1812/2 3242/1797/2 3778/1795/2
f 4034/1807/2 2682/1811/2 2683/1813/2
f 3241/1812/2 3778/1795/2 3779/1814/2
f 4034/1807/2 2683/1813/2 2684/1815/2
f 4034/1807/2 2684/1815/2 2685/1816/2
f 4034/1807/2 2685/1816/2 2686/1817/2
f 4034/1807/2 2686/1817/2 2687/1818/2
f 4034/1807/2 2687/1818/2 2688/1819/2
f 4034/1807/2 2688/1819/2 2689/1820/2
f 4034/1807/2 2689/1820/2 2690/1821/2
f 4034/1807/2 2690/1821/2 2691/1822/2
f 3240/1823/2 3241/1812/2 3779/1814/2
f 3240/1823/2 3779/1814/2 3780/1824/2
f 4033/1825/2 4034/1807/2 2691/1822/2
f 3239/1826/2 3240/1823/2 3780/1824/2
f 4033/1825/2 2691/1822/2 2692/1827/2
f 3239/1826/2 3780/1824/2 3781/1828/2
f 3238/1829/2 3239/1826/2 3781/1828/2
f 3238/1829/2 3781/1828/2 3782/1830/2
f 4033/1825/2 2692/1827/2 2693/1831/2
f 4032/1832/2 4033/1825/2 2693/1831/2
f 3238/1829/2 3782/1830/2 3783/1833/2
f 3237/1834/2 3238/1829/2 3783/1833/2
f 4032/1832/2 2693/1831/2 2694/1835/2
f 3237/1834/2 3783/1833/2 3784/1836/2
f 3236/1837/2 3237/1834/2 3784/1836/2
f 4031/1838/2 4032/1832/2 2694/1835/2
f 4031/1838/2 2694/1835/2 2695/1839/2
f 3236/1837/2 3784/1836/2 3785/1840/2
f 3235/1841/2 3236/1837/2 3785/1840/2
f 3235/1841/2 3785/1840/2 3786/1842/2
f 3234/1843/2 3235/1841/2 3786/1842/2
f 4031/1838/2 2695/1839/2 2696/1844/2
f 4030/1845/2 4031/1838/2 2696/1844/2
f 3234/1843/2 3786/1842/2 3787/1846/2
f 3233/1847/2 3234/1843/2 3787/1846/2
f 4030/1845/2 2696/1844/2 2697/1848/2
f 3233/1847/2 3787/1846/2 3788/1849/2
f 3232/1850/2 3233/1847/2 3788/1849/2
f 4029/1851/2 4030/1845/2 2697/1848/2
f 4029/1851/2 2697/1848/2 2698/1852/2
f 3232/1850/2 3788/1849/2 3789/1853/2
f 3231/1854/2 3232/1850/2 3789/1853/2
f 3231/1854/2 3789/1853/2 3790/1855/2
f 3230/1856/2 3231/1854/2 3790/1855/2
f 4029/1851/2 2698/1852/2 2699/1857/2
f 4028/1858/2 4029/1851/2 2699/1857/2
f 3230/1856/2 3790/1855/2 3791/1859/2
f 3229/1860/2 3230/1856/2 3791/1859/2
f 4028/1858/2 2699/1857/2 2700/1861/2
f 3229/1860/2 3791/1859/2 3792/1862/2
f 3228/1863/2 3229/1860/2 3792/1862/2
f 4027/1864/2 4028/1858/2 2700/1861/2
f 4027/1864/2 2700/1861/2 2701/1865/2
f 3228/1863/2 3792/1862/2 3793/1866/2
f 3227/1867/2 3228/1863/2 3793/1866/2
f 3227/1867/2 3793/1866/2 3794/1868/2
f 4027/1864/2 2701/1865/2 2702/1869/2
f 3226/1870/2 3227/1867/2 3794/1868/2
f 4026/1871/2 4027/1864/2 2702/1869/2
f 3226/1870/2 3794/1868/2 3795/1872/2
f 3225/1873/2 3226/1870/2 3795/1872/2
f 4026/1871/2 2702/1869/2 2703/1874/2
f 3225/1873/2 3795/1872/2 3796/1875/2
f 3224/1876/2 3225/1873/2 3796/1875/2
f 4025/1877/2 4026/1871/2 2703/1874/2
f 4025/1877/2 2703/1874/2 2704/1878/2
f 3224/1876/2 3796/1875/2 3797/1879/2
f 3223/1880/2 3224/1876/2 3797/1879/2
f 3223/1880/2 3797/1879/2 3798/1881/2
f 4025/1877/2 2704/1878/2 2705/1882/2
f 3222/1883/2 3223/1880/2 3798/1881/2
f 4024/1884/2 4025/1877/2 2705/1882/2
f 3222/1883/2 3798/1881/2 3799/1885/2
f 3221/1886/2 3222/1883/2 3799/1885/2
f 4024/1884/2 2705/1882/2 2706/1887/2
f 3221/1886/2 3799/1885/2 3800/1888/2
f 3220/1889/2 3221/1886/2 3800/1888/2
f 4023/1890/2 4024/1884/2 2706/1887/2
f 4023/1890/2 2706/1887/2 2707/1891/2
f 3220/1889/2 3800/1888/2 3801/1892/2
f 3219/1893/2 3220/1889/2 3801/1892/2
f 3219/1893/2 3801/1892/2 3802/1894/2
f 4023/1890/2 2707/1891/2 2708/1895/2
f 3218/1896/2 3219/1893/2 3802/1894/2
f 4022/1897/2 4023/1890/2 2708/1895/2
f 3218/1896/2 3802/1894/2 3803/1898/2
f 4022/1897/2 2708/1895/2 2709/1899/2
f 3217/1900/2 3218/1896/2 3803/1898/2
f 3217/1900/2 3803/1898/2 3804/1901/2
f 3216/1902/2 3217/1900/2 3804/1901/2
f 4021/1903/2 4022/1897/2 2709/1899/2
f 4021/1903/2 2709/1899/2 2710/1904/2
f 3216/1902/2 3804/1901/2 3805/1905/2
f 3215/1906/2 3216/1902/2 3805/1905/2
f 4021/1903/2 2710/1904/2 2711/1907/2
f 3215/1906/2 3805/1905/2 3806/1908/2
f 4020/1909/2 4021/1903/2 2711/1907/2
f 3214/1910/2 3215/1906/2 3806/1908/2
f 3214/1910/2 3806/1908/2 3807/1911/2
f 4020/1909/2 2711/1907/2 2712/1912/2
f 3213/1913/2 3214/1910/2 3807/1911/2
f 3213/1913/2 3807/1911/2 3808/1914/2
f 4019/1915/2 4020/1909/2 2712/1912/2
f 3212/1916/2 3213/1913/2 3808/1914/2
f 4019/1915/2 2712/1912/2 2713/1917/2
f 3212/1916/2 3808/1914/2 3809/1918/2
f 3211/1919/2 3212/1916/2 3809/1918/2
f 4019/1915/2 2713/1917/2 2714/1920/2
f 3211/1919/2 3809/1918/2 3810/1921/2
f 4018/1922/2 4019/1915/2 2714/1920/2
f 3210/1923/2 3211/1919/2 3810/1921/2
f 3210/1923/2 3810/1921/2 3811/1924/2
f 4018/1922/2 2714/1920/2 2715/1925/2
f 3209/1926/2 3210/1923/2 3811/1924/2
f 4017/1927/2 4018/1922/2 2715/1925/2
f 3209/1926/2 3811/1924/2 3812/1928/2
f 4017/1927/2 2715/1925/2 2716/1929/2
f 3208/1930/2 3209/1926/2 3812/1928/2
f 3208/1930/2 3812/1928/2 3813/1931/2
f 3207/1932/2 3208/1930/2 3813/1931/2
f 4017/1927/2 2716/1929/2 2717/1933/2
f 4016/1934/2 4017/1927/2 2717/1933/2
f 3207/1932/2 3813/1931/2 3814/1935/2
f 3206/1936/2 3207/1932/2 3814/1935/2
f 4016/1934/2 2717/1933/2 2718/1937/2
f 3206/1936/2 3814/1935/2 3815/1938/2
f 3205/1939/2 3206/1936/2 3815/1938/2
f 4015/1940/2 4016/1934/2 2718/1937/2
f 3205/1939/2 3815/1938/2 3816/1941/2
f 4015/1940/2 2718/1937/2 2719/1942/2
f 3204/1943/2 3205/1939/2 3816/1941/2
f 3204/1943/2 3816/1941/2 3817/1944/2
f 4014/1945/2 4015/1940/2 2719/1942/2
f 3203/1946/2 3204/1943/2 3817/1944/2
f 4014/1945/2 2719/1942/2 2720/1947/2
f 3203/1946/2 3817/1944/2 3818/1948/2
f 3202/1949/2 3203/1946/2 3818/1948/2
f 4014/1945/2 2720/1947/2 2721/1950/2
f 3202/1949/2 3818/1948/2 3819/1951/2
f 4013/1952/2 4014/1945/2 2721/1950/2
f 3201/1953/2 3202/1949/2 3819/1951/2
f 3201/1953/2 3819/1951/2 3820/1954/2
f 4013/1952/2 2721/1950/2 2722/1955/2
f 4012/1956/2 4013/1952/2 2722/1955/2
f 3201/1953/2 3820/1954/2 3821/1957/2
f 3200/1958/2 3201/1953/2 3821/1957/2
f 4012/1956/2 2722/1955/2 2723/1959/2
f 3200/1958/2 3821/1957/2 3822/1960/2
f 4011/1961/2 4012/1956/2 2723/1959/2
f 4011/1961/2 2723/1959/2 2724/1962/2
f 3200/1958/2 3822/1960/2 3823/1963/2
f 3199/1964/2 3200/1958/2 3823/1963/2
f 4011/1961/2 2724/1962/2 2725/1965/2
f 3199/1964/2 3823/1963/2 3824/1966/2
f 4010/1967/2 4011/1961/2 2725/1965/2
f 3198/1968/2 3199/1964/2 3824/1966/2
f 3198/1968/2 3824/1966/2 3825/1969/2
f 4010/1967/2 2725/1965/2 2726/1970/2
f 4009/1971/2 4010/1967/2 2726/1970/2
f 3198/1968/2 3825/1969/2 3826/1972/2
f 4009/1971/2 2726/1970/2 2727/1973/2
f 3197/1974/2 3198/1968/2 3826/1972/2
f 3197/1974/2 3826/1972/2 3827/1975/2
f 4008/1976/2 4009/1971/2 2727/1973/2
f 4008/1976/2 2727/1973/2 2728/1977/2
f 3197/1974/2 3827/1975/2 3828/1978/2
f 3196/1979/2 3197/1974/2 3828/1978/2
f 4008/1976/2 2728/1977/2 2729/1980/2
f 3196/1979/2 3828/1978/2 3829/1981/2
f 4007/1982/2 4008/1976/2 2729/1980/2
f 3196/1979/2 3829/1981/2 3830/1983/2
f 4007/1982/2 2729/1980/2 2730/1984/2
f 3195/1985/2 3196/1979/2 3830/1983/2
f 4006/1986/2 4007/1982/2 2730/1984/2
f 3195/1985/2 3830/1983/2 3831/1987/2
f 4006/1986/2 2730/1984/2 2731/1988/2
f 3195/1985/2 3831/1987/2 3832/1989/2
f 4005/1990/2 4006/1986/2 2731/1988/2
f 3194/1991/2 3195/1985/2 3832/1989/2
f 4005/1990/2 2731/1988/2 2732/1992/2
f 3194/1991/2 3832/1989/2 3833/1993/2
f 4004/1994/2 4005/1990/2 2732/1992/2
f 4004/1994/2 2732/1992/2 2733/1995/2
f 3194/1991/2 3833/1993/2 3834/1996/2
f 3193/1997/2 3194/1991/2 3834/1996/2
f 3193/1997/2 3834/1996/2 3835/1998/2
f 4004/1994/2 2733/1995/2 2734/1999/2
f 4003/2000/2 4004/1994/2 2734/1999/2
f 3193/1997/2 3835/1998/2 3836/2001/2
f 3192/2002/2 3193/1997/2 3836/2001/2
f 4003/2000/2 2734/1999/2 2735/2003/2
f 4002/2004/2 4003/2000/2 2735/2003/2
f 3192/2002/2 3836/2001/2 3837/2005/2
f 4002/2004/2 2735/2003/2 2736/2006/2
f 3191/2007/2 3192/2002/2 3837/2005/2
f 3191/2007/2 3837/2005/2 3838/2008/2
f 4001/2009/2 4002/2004/2 2736/2006/2
f 4001/2009/2 2736/2006/2 2737/2010/2
f 3191/2007/2 3838/2008/2 3839/2011/2
f 4000/2012/2 4001/2009/2 2737/2010/2
f 3190/2013/2 3191/2007/2 3839/2011/2
f 4000/2012/2 2737/2010/2 2738/2014/2
f 3190/2013/2 3839/2011/2 3840/2015/2
f 3999/2016/2 4000/2012/2 2738/2014/2
f 3190/2013/2 3840/2015/2 3841/2017/2
f 3999/2016/2 2738/2014/2 2739/2018/2
f 3189/2019/2 3190/2013/2 3841/2017/2
f 3189/2019/2 3841/2017/2 3842/2020/2
f 3998/2021/2 3999/2016/2 2739/2018/2
f 3998/2021/2 2739/2018/2 2740/2022/2
f 3189/2019/2 3842/2020/2 3843/2023/2
f 3998/2021/2 2740/2022/2 2741/2024/2
f 3997/2025/2 3998/2021/2 2741/2024/2
f 3188/2026/2 3189/2019/2 3843/2023/2
f 3188/2026/2 3843/2023/2 3844/2027/2
f 3997/2025/2 2741/2024/2 2742/2028/2
f 3996/2029/2 3997/2025/2 2742/2028/2
f 3188/2026/2 3844/2027/2 3845/2030/2
f 3187/2031/2 3188/2026/2 3845/2030/2
f 3187/2031/2 3845/2030/2 3846/2032/2
f 3996/2029/2 2742/2028/2 2743/2033/2
f 3995/2034/2 3996/2029/2 2743/2033/2
f 3187/2031/2 3846/2032/2 3847/2035/2
f 3995/2034/2 2743/2033/2 2744/2036/2
f 3994/2037/2 3995/2034/2 2744/2036/2
f 3187/2031/2 3847/2035/2 3848/2038/2
f 3186/2039/2 3187/2031/2 3848/2038/2
f 3186/2039/2 3848/2038/2 3849/2040/2
f 3994/2037/2 2744/2036/2 2745/2041/2
f 3993/2042/2 3994/2037/2 2745/2041/2
f 3186/2039/2 3849/2040/2 3850/2043/2
f 3993/2042/2 2745/2041/2 2746/2044/2
f 3992/2045/2 3993/2042/2 2746/2044/2
f 3185/2046/2 3186/2039/2 3850/2043/2
f 3185/2046/2 3850/2043/2 3851/2047/2
f 3185/2046/2 3851/2047/2 3852/2048/2
f 3991/2049/2 3992/2045/2 2746/2044/2
f 3991/2049/2 2746/2044/2 2747/2050/2
f 3185/2046/2 3852/2048/2 3853/2051/2
f 3184/2052/2 3185/2046/2 3853/2051/2
f 3990/2053/2 3991/2049/2 2747/2050/2
f 3990/2053/2 2747/2050/2 2748/2054/2
f 3184/2052/2 3853/2051/2 3854/2055/2
f 3989/2056/2 3990/2053/2 2748/2054/2
f 3184/2052/2 3854/2055/2 3855/2057/2
f 3989/2056/2 2748/2054/2 2749/2058/2
f 3988/2059/2 3989/2056/2 2749/2058/2
f 3184/2052/2 3855/2057/2 3856/2060/2
f 3183/2061/2 3184/2052/2 3856/2060/2
f 3988/2059/2 2749/2058/2 2750/2062/2
f 3183/2061/2 3856/2060/2 3857/2063/2
f 3987/2064/2 3988/2059/2 2750/2062/2
f 3183/2061/2 3857/2063/2 3858/2065/2
f 3987/2064/2 2750/2062/2 2751/2066/2
f 3986/2067/2 3987/2064/2 2751/2066/2
f 3182/2068/2 3183/2061/2 3858/2065/2
f 3182/2068/2 3858/2065/2 3859/2069/2
f 3985/2070/2 3986/2067/2 2751/2066/2
f 3985/2070/2 2751/2066/2 2752/2071/2
f 3182/2068/2 3859/2069/2 3860/2072/2
f 3984/2073/2 3985/2070/2 2752/2071/2
f 3182/2068/2 3860/2072/2 3861/2074/2
f 3984/2073/2 2752/2071/2 2753/2075/2
f 3983/2076/2 3984/2073/2 2753/2075/2
f 3181/2077/2 3182/2068/2 3861/2074/2
f 3181/2077/2 3861/2074/2 3862/2078/2
f 3982/2079/2 3983/2076/2 2753/2075/2
f 3181/2077/2 3862/2078/2 3863/2080/2
f 3982/2079/2 2753/2075/2 2754/2081/2
f 3981/2082/2 3982/2079/2 2754/2081/2
f 3181/2077/2 3863/2080/2 3864/2083/2
f 3980/2084/2 3981/2082/2 2754/2081/2
f 3180/2085/2 3181/2077/2 3864/2083/2
f 3180/2085/2 3864/2083/2 3865/2086/2
f 3980/2084/2 2754/2081/2 2755/2087/2
f 3979/2088/2 3980/2084/2 2755/2087/2
f 3180/2085/2 3865/2086/2 3866/2089/2
f 3978/2090/2 3979/2088/2 2755/2087/2
f 3978/2090/2 2755/2087/2 2756/2091/2
f 3977/2092/2 3978/2090/2 2756/2091/2
f 3180/2085/2 3866/2089/2 3867/2093/2
f 3976/2094/2 3977/2092/2 2756/2091/2
f 3976/2094/2 2756/2091/2 2757/2095/2
f 3975/2096/2 3976/2094/2 2757/2095/2
f 3180/2085/2 3867/2093/2 3868/2097/2
f 3179/2098/2 3180/2085/2 3868/2097/2
f 3974/2099/2 3975/2096/2 2757/2095/2
f 3973/2100/2 3974/2099/2 2757/2095/2
f 3972/2101/2 3973/2100/2 2757/2095/2
f 3971/2102/2 3972/2101/2 2757/2095/2
f 3179/2098/2 3868/2097/2 3869/2103/2
f 3970/2104/2 3971/2102/2 2757/2095/2
f 3970/2104/2 2757/2095/2 2758/2105/2
f 3969/2106/2 3970/2104/2 2758/2105/2
f 3179/2098/2 3869/2103/2 3870/2107/2
f 3968/2108/2 3969/2106/2 2758/2105/2
f 3968/2108/2 2758/2105/2 2759/2109/2
f 3967/2110/2 3968/2108/2 2759/2109/2
f 3179/2098/2 3870/2107/2 3871/2111/2
f 3966/2112/2 3967/2110/2 2759/2109/2
f 3178/2113/2 3179/2098/2 3871/2111/2
f 3178/2113/2 3871/2111/2 3872/2114/2
f 3966/2112/2 2759/2109/2 2760/2115/2
f 3965/2116/2 3966/2112/2 2760/2115/2
f 3964/2117/2 3965/2116/2 2760/2115/2
f 3178/2113/2 3872/2114/2 3873/2118/2
f 3963/2119/2 3964/2117/2 2760/2115/2
f 3963/2119/2 2760/2115/2 2761/2120/2
f 3962/2121/2 3963/2119/2 2761/2120/2
f 3178/2113/2 3873/2118/2 3874/2122/2
f 3961/2123/2 3962/2121/2 2761/2120/2
f 3178/2113/2 3874/2122/2 3875/2124/2
f 3961/2123/2 2761/2120/2 2762/2125/2
f 3960/2126/2 3961/2123/2 2762/2125/2
f 3959/2127/2 3960/2126/2 2762/2125/2
f 3177/2128/2 3178/2113/2 3875/2124/2
f 3177/2128/2 3875/2124/2 3876/2129/2
f 3958/2130/2 3959/2127/2 2762/2125/2
f 3958/2130/2 2762/2125/2 2763/2131/2
f 3957/2132/2 3958/2130/2 2763/2131/2
f 3177/2128/2 3876/2129/2 3877/2133/2
f 3956/2134/2 3957/2132/2 2763/2131/2
f 3177/2128/2 3877/2133/2 3878/2135/2
f 3955/2136/2 3956/2134/2 2763/2131/2
f 3955/2136/2 2763/2131/2 2764/2137/2
f 3954/2138/2 3955/2136/2 2764/2137/2
f 3177/2128/2 3878/2135/2 3879/2139/2
f 3953/2140/2 3954/2138/2 2764/2137/2
f 3177/2128/2 3879/2139/2 3880/2141/2
f 3952/2142/2 3953/2140/2 2764/2137/2
f 3952/2142/2 2764/2137/2 2765/2143/2
f 3176/2144/2 3177/2128/2 3880/2141/2
f 3951/2145/2 3952/2142/2 2765/2143/2
f 3176/2144/2 3880/2141/2 3881/2146/2
f 3950/2147/2 3951/2145/2 2765/2143/2
f 3949/2148/2 3950/2147/2 2765/2143/2
f 3176/2144/2 3881/2146/2 3882/2149/2
f 3949/2148/2 2765/2143/2 2766/2150/2
f 3948/2151/2 3949/2148/2 2766/2150/2
f 3176/2144/2 3882/2149/2 3883/2152/2
f 3947/2153/2 3948/2151/2 2766/2150/2
f 3946/2154/2 3947/2153/2 2766/2150/2
f 3176/2144/2 3883/2152/2 3884/2155/2
f 3946/2154/2 2766/2150/2 2767/2156/2
f 3945/2157/2 3946/2154/2 2767/2156/2
f 3944/2158/2 3945/2157/2 2767/2156/2
f 3176/2144/2 3884/2155/2 3885/2159/2
f 3943/2160/2 3944/2158/2 2767/2156/2
f 3175/2161/2 3176/2144/2 3885/2159/2
f 3175/2161/2 3885/2159/2 3886/2162/2
f 3942/2163/2 3943/2160/2 2767/2156/2
f 3942/2163/2 2767/2156/2 2768/2164/2
f 3941/2165/2 3942/2163/2 2768/2164/2
f 3175/2161/2 3886/2162/2 3887/2166/2
f 3940/2167/2 3941/2165/2 2768/2164/2
f 3939/2168/2 3940/2167/2 2768/2164/2
f 3175/2161/2 3887/2166/2 3888/2169/2
f 3939/2168/2 2768/2164/2 2769/2170/2
f 3938/2171/2 3939/2168/2 2769/2170/2
f 3175/2161/2 3888/2169/2 3889/2172/2
f 3937/2173/2 3938/2171/2 2769/2170/2
f 3936/2174/2 3937/2173/2 2769/2170/2
f 3175/2161/2 3889/2172/2 3890/2175/2
f 3935/2176/2 3936/2174/2 2769/2170/2
f 3934/2177/2 3935/2176/2 2769/2170/2
f 3934/2177/2 2769/2170/2 2770/2178/2
f 3175/2161/2 3890/2175/2 3891/2179/2
f 3933/2180/2 3934/2177/2 2770/2178/2
f 3175/2161/2 3891/2179/2 3892/2181/2
f 3932/2182/2 3933/2180/2 2770/2178/2
f 3174/2183/2 3175/2161/2 3892/2181/2
f 3931/2184/2 3932/2182/2 2770/2178/2
f 3174/2183/2 3892/2181/2 3893/2185/2
f 3930/2186/2 3931/2184/2 2770/2178/2
f 3930/2186/2 2770/2178/2 2771/2187/2
f 3174/2183/2 3893/2185/2 3894/2188/2
f 3929/2189/2 3930/2186/2 2771/2187/2
f 3928/2190/2 3929/2189/2 2771/2187/2
f 3174/2183/2 3894/2188/2 3895/2191/2
f 3927/2192/2 3928/2190/2 2771/2187/2
f 3926/2193/2 3927/2192/2 2771/2187/2
f 3174/2183/2 3895/2191/2 3896/2194/2
f 3925/2195/2 3926/2193/2 2771/2187/2
f 3174/2183/2 3896/2194/2 3897/2196/2
f 3924/2197/2 3925/2195/2 2771/2187/2
f 3923/2198/2 3924/2197/2 2771/2187/2
f 3923/2198/2 2771/2187/2 2772/2199/2
f 3174/2183/2 3897/2196/2 3898/2200/2
f 3922/2201/2 3923/2198/2 2772/2199/2
f 3921/2202/2 3922/2201/2 2772/2199/2
f 3174/2183/2 3898/2200/2 3899/2203/2
f 3920/2204/2 3921/2202/2 2772/2199/2
f 3174/2183/2 3899/2203/2 3900/2205/2
f 3919/2206/2 3920/2204/2 2772/2199/2
f 3918/2207/2 3919/2206/2 2772/2199/2
f 3174/2183/2 3900/2205/2 3901/2208/2
f 3917/2209/2 3918/2207/2 2772/2199/2
f 3916/2210/2 3917/2209/2 2772/2199/2
f 3174/2183/2 3901/2208/2 3902/2211/2
f 3915/2212/2 3916/2210/2 2772/2199/2
f 3174/2183/2 3902/2211/2 3903/2213/2
f 3914/2214/2 3915/2212/2 2772/2199/2
f 3913/2215/2 3914/2214/2 2772/2199/2
f 3913/2215/2 2772/2199/2 2773/2216/2
f 3174/2183/2 3903/2213/2 3904/2217/2
f 3912/2218/2 3913/2215/2 2773/2216/2
f 3911/2219/2 3912/2218/2 2773/2216/2
f 3174/2183/2 3904/2217/2 3905/2220/2
f 3910/2221/2 3911/2219/2 2773/2216/2
f 3174/2183/2 3905/2220/2 3906/2222/2
f 3909/2223/2 3910/2221/2 2773/2216/2
f 3908/2224/2 3909/2223/2 2773/2216/2
f 3174/2183/2 3906/2222/2 3907/2225/2
f 3907/2225/2 3908/2224/2 2773/2216/2
f 3174/2183/2 3907/2225/2 2773/2216/2
f 3173/2226/2 3174/2183/2 2773/2216/2
f 3173/2226/2 2773/2216/2 2774/2227/2
f 3173/2226/2 2774/2227/2 2775/2228/2
f 3173/2226/2 2775/2228/2 2776/2229/2
f 3172/2230/2 3173/2226/2 2776/2229/2
f 3172/2230/2 2776/2229/2 2777/2231/2
f 3172/2230/2 2777/2231/2 2778/2232/2
f 3172/2230/2 2778/2232/2 2779/2233/2
f 3171/2234/2 3172/2230/2 2779/2233/2
f 3171/2234/2 2779/2233/2 2780/2235/2
f 3171/2234/2 2780/2235/2 2781/2236/2
f 3171/2234/2 2781/2236/2 2782/2237/2
f 3171/2234/2 2782/2237/2 2783/2238/2
f 3170/2239/2 3171/2234/2 2783/2238/2
f 3170/2239/2 2783/2238/2 2784/2240/2
f 3170/2239/2 2784/2240/2 2785/2241/2
f 3170/2239/2 2785/2241/2 2786/2242/2
f 3169/2243/2 3170/2239/2 2786/2242/2
f 3169/2243/2 2786/2242/2 2787/2244/2
f 3169/2243/2 2787/2244/2 2788/2245/2
f 3169/2243/2 2788/2245/2 2789/2246/2
f 3169/2243/2 2789/2246/2 2790/2247/2
f 3168/2248/2 3169/2243/2 2790/2247/2
f 3168/2248/2 2790/2247/2 2791/2249/2
f 3168/2248/2 2791/2249/2 2792/2250/2
f 3168/2248/2 2792/2250/2 2793/2251/2
f 3168/2248/2 2793/2251/2 2794/2252/2
f 3167/2253/2 3168/2248/2 2794/2252/2
f 3167/2253/2 2794/2252/2 2795/2254/2
f 3167/2253/2 2795/2254/2 2796/2255/2
f 3167/2253/2 2796/2255/2 2797/2256/2
f 3167/2253/2 2797/2256/2 2798/2257/2
f 3167/2253/2 2798/2257/2 2799/2258/2
f 3166/2259/2 3167/2253/2 2799/2258/2
f 3166/2259/2 2799/2258/2 2800/2260/2
f 3166/2259/2 2800/2260/2 2801/2261/2
f 3166/2259/2 2801/2261/2 2802/2262/2
f 3166/2259/2 2802/2262/2 2803/2263/2
f 3166/2259/2 2803/2263/2 2804/2264/2
f 3165/2265/2 3166/2259/2 2804/2264/2
f 3165/2265/2 2804/2264/2 2805/2266/2
f 3165/2265/2 2805/2266/2 2806/2267/2
f 3165/2265/2 2806/2267/2 2807/2268/2
f 3165/2265/2 2807/2268/2 2808/2269/2
f 3165/2265/2 2808/2269/2 2809/2270/2
f 3164/2271/2 3165/2265/2 2809/2270/2
f 3164/2271/2 2809/2270/2 2810/2272/2
f 3164/2271/2 2810/2272/2 2811/2273/2
f 3164/2271/2 2811/2273/2 2812/2274/2
f 3164/2271/2 2812/2274/2 2813/2275/2
f 3164/2271/2 2813/2275/2 2814/2276/2
f 3164/2271/2 2814/2276/2 2815/2277/2
f 3164/2271/2 2815/2277/2 2816/2278/2
f 3164/2271/2 2816/2278/2 2817/2279/2
f 3163/2280/2 3164/2271/2 2817/2279/2
f 3163/2280/2 2817/2279/2 2818/2281/2
f 3163/2280/2 2818/2281/2 2819/2282/2
f 3163/2280/2 2819/2282/2 2820/2283/2
f 3163/2280/2 2820/2283/2 2821/2284/2
f 3163/2280/2 2821/2284/2 2822/2285/2
f 3163/2280/2 2822/2285/2 2823/2286/2
f 3163/2280/2 2823/2286/2 2824/2287/2
f 3163/2280/2 2824/2287/2 2825/2288/2
f 3162/2289/2 3163/2280/2 2825/2288/2
f 3162/2289/2 2825/2288/2 2826/2290/2
f 3162/2289/2 2826/2290/2 2827/2291/2
f 3162/2289/2 2827/2291/2 2828/2292/2
f 3162/2289/2 2828/2292/2 2829/2293/2
f 3162/2289/2 2829/2293/2 2830/2294/2
f 3162/2289/2 2830/2294/2 2831/2295/2
f 3162/2289/2 2831/2295/2 2832/2296/2
f 3161/2297/2 3162/2289/2 2832/2296/2
f 3161/2297/2 2832/2296/2 2833/2298/2
f 3161/2297/2 2833/2298/2 2834/2299/2
f 3161/2297/2 2834/2299/2 2835/2300/2
f 3161/2297/2 2835/2300/2 2836/2301/2
f 3161/2297/2 2836/2301/2 2837/2302/2
f 3161/2297/2 2837/2302/2 2838/2303/2
f 3161/2297/2 2838/2303/2 2839/2304/2
f 3160/2305/2 3161/2297/2 2839/2304/2
f 3160/2305/2 2839/2304/2 2840/2306/2
f 3160/2305/2 2840/2306/2 2841/2307/2
f 3160/2305/2 2841/2307/2 2842/2308/2
f 3160/2305/2 2842/2308/2 2843/2309/2
f 3160/2305/2 2843/2309/2 2844/2310/2
f 3160/2305/2 2844/2310/2 2845/2311/2
f 3160/2305/2 2845/2311/2 2846/2312/2
f 3159/2313/2 3160/2305/2 2846/2312/2
f 3159/2313/2 2846/2312/2 2847/2314/2
f 3159/2313/2 2847/2314/2 2848/2315/2
f 3159/2313/2 2848/2315/2 2849/2316/2
f 3159/2313/2 2849/2316/2 2850/2317/2
f 3159/2313/2 2850/2317/2 2851/2318/2
f 3159/2313/2 2851/2318/2 2852/2319/2
f 3158/2320/2 3159/2313/2 2852/2319/2
f 3158/2320/2 2852/2319/2 2853/2321/2
f 3158/2320/2 2853/2321/2 2854/2322/2
f 3158/2320/2 2854/2322/2 2855/2323/2
f 3158/2320/2 2855/2323/2 2856/2324/2
f 3158/2320/2 2856/2324/2 2857/2325/2
f 3158/2320/2 2857/2325/2 2858/2326/2
f 3158/2320/2 2858/2326/2 2859/2327/2
f 3157/2328/2 3158/2320/2 2859/2327/2
f 3157/2328/2 2859/2327/2 2860/2329/2
f 3157/2328/2 2860/2329/2 2861/2330/2
f 3157/2328/2 2861/2330/2 2862/2331/2
f 3157/2328/2 2862/2331/2 2863/2332/2
f 3157/2328/2 2863/2332/2 2864/2333/2
f 3157/2328/2 2864/2333/2 2865/2334/2
f 3156/2335/2 3157/2328/2 2865/2334/2
f 3156/2335/2 2865/2334/2 2866/2336/2
f 3156/2335/2 2866/2336/2 2867/2337/2
f 3156/2335/2 2867/2337/2 2868/2338/2
f 3156/2335/2 2868/2338/2 2869/2339/2
f 3156/2335/2 2869/2339/2 2870/2340/2
f 3156/2335/2 2870/2340/2 2871/2341/2
f 3156/2335/2 2871/2341/2 2872/2342/2
f 3155/2343/2 3156/2335/2 2872/2342/2
f 3155/2343/2 2872/2342/2 2873/2344/2
f 3155/2343/2 2873/2344/2 2874/2345/2
f 3155/2343/2 2874/2345/2 2875/2346/2
f 3155/2343/2 2875/2346/2 2876/2347/2
f 3155/2343/2 2876/2347/2 2877/2348/2
f 3155/2343/2 2877/2348/2 2878/2349/2
f 3154/2350/2 3155/2343/2 2878/2349/2
f 3154/2350/2 2878/2349/2 2879/2351/2
f 3154/2350/2 2879/2351/2 2880/2352/2
f 3154/2350/2 2880/2352/2 2881/2353/2
f 3154/2350/2 2881/2353/2 2882/2354/2
f 3154/2350/2 2882/2354/2 2883/2355/2
f 3153/2356/2 3154/2350/2 2883/2355/2
f 3153/2356/2 2883/2355/2 2884/2357/2
f 3153/2356/2 2884/2357/2 2885/2358/2
f 3153/2356/2 2885/2358/2 2886/2359/2
f 3153/2356/2 2886/2359/2 2887/2360/2
f 3152/2361/2 3153/2356/2 2887/2360/2
f 3152/2361/2 2887/2360/2 2888/2362/2
f 3152/2361/2 2888/2362/2 2889/2363/2
f 3152/2361/2 2889/2363/2 2890/2364/2
f 3151/2365/2 3152/2361/2 2890/2364/2
f 3151/2365/2 2890/2364/2 2891/2366/2
f 3151/2365/2 2891/2366/2 2892/2367/2
f 3151/2365/2 2892/2367/2 2893/2368/2
f 3150/2369/2 3151/2365/2 2893/2368/2
f 3150/2369/2 2893/2368/2 2894/2370/2
f 3150/2369/2 2894/2370/2 2895/2371/2
f 3150/2369/2 2895/2371/2 2896/2372/2
f 3149/2373/2 3150/2369/2 2896/2372/2
f 3149/2373/2 2896/2372/2 2897/2374/2
f 3149/2373/2 2897/2374/2 2898/2375/2
f 3149/2373/2 2898/2375/2 2899/2376/2
f 3149/2373/2 2899/2376/2 2900/2377/2
f 3148/2378/2 3149/2373/2 2900/2377/2
f 3148/2378/2 2900/2377/2 2901/2379/2
f 3148/2378/2 2901/2379/2 2902/2380/2
f 3148/2378/2 2902/2380/2 2903/2381/2
f 3147/2382/2 3148/2378/2 2903/2381/2
f 3147/2382/2 2903/2381/2 2904/2383/2
f 3147/2382/2 2904/2383/2 2905/2384/2
f 3147/2382/2 2905/2384/2 2906/2385/2
f 3146/2386/2 3147/2382/2 2906/2385/2
f 3146/2386/2 2906/2385/2 2907/2387/2
f 3146/2386/2 2907/2387/2 2908/2388/2
f 3146/2386/2 2908/2388/2 2909/2389/2
f 3146/2386/2 2909/2389/2 2910/2390/2
f 3145/2391/2 3146/2386/2 2910/2390/2
f 3145/2391/2 2910/2390/2 2911/2392/2
f 3145/2391/2 2911/2392/2 2912/2393/2
f 3145/2391/2 2912/2393/2 2913/2394/2
f 3145/2391/2 2913/2394/2 2914/2395/2
f 3144/2396/2 3145/2391/2 2914/2395/2
f 3144/2396/2 2914/2395/2 2915/2397/2
f 3144/2396/2 2915/2397/2 2916/2398/2
f 3144/2396/2 2916/2398/2 2917/2399/2
f 3143/2400/2 3144/2396/2 2917/2399/2
f 3143/2400/2 2917/2399/2 2918/2401/2
f 3143/2400/2 2918/2401/2 2919/2402/2
f 3143/2400/2 2919/2402/2 2920/2403/2
f 3143/2400/2 2920/2403/2 2921/2404/2
f 3142/2405/2 3143/2400/2 2921/2404/2
f 3142/2405/2 2921/2404/2 2922/2406/2
f 3142/2405/2 2922/2406/2 2923/2407/2
f 3142/2405/2 2923/2407/2 2924/2408/2
f 3142/2405/2 2924/2408/2 2925/2409/2
f 3141/2410/2 3142/2405/2 2925/2409/2
f 3141/2410/2 2925/2409/2 2926/2411/2
f 3141/2410/2 2926/2411/2 2927/2412/2
f 3141/2410/2 2927/2412/2 2928/2413/2
f 3141/2410/2 2928/2413/2 2929/2414/2
f 3140/2415/2 3141/2410/2 2929/2414/2
f 3140/2415/2 2929/2414/2 2930/2416/2
f 3140/2415/2 2930/2416/2 2931/2417/2
f 3140/2415/2 2931/2417/2 2932/2418/2
f 3140/2415/2 2932/2418/2 2933/2419/2
f 3140/2415/2 2933/2419/2 2934/2420/2
f 3139/2421/2 3140/2415/2 2934/2420/2
f 3139/2421/2 2934/2420/2 2935/2422/2
f 3139/2421/2 2935/2422/2 2936/2423/2
f 3139/2421/2 2936/2423/2 2937/2424/2
f 3139/2421/2 2937/2424/2 2938/2425/2
f 3138/2426/2 3139/2421/2 2938/2425/2
f 3138/2426/2 2938/2425/2 2939/2427/2
f 3138/2426/2 2939/2427/2 2940/2428/2
f 3138/2426/2 2940/2428/2 2941/2429/2
f 3138/2426/2 2941/2429/2 2942/2430/2
f 3137/2431/2 3138/2426/2 2942/2430/2
f 3137/2431/2 2942/2430/2 2943/2432/2
f 3137/2431/2 2943/2432/2 2944/2433/2
f 3137/2431/2 2944/2433/2 2945/2434/2
f 3136/2435/2 3137/2431/2 2945/2434/2
f 3136/2435/2 2945/2434/2 2946/2436/2
f 3136/2435/2 2946/2436/2 2947/2437/2
f 3136/2435/2 2947/2437/2 2948/2438/2
f 3135/2439/2 3136/2435/2 2948/2438/2
f 3135/2439/2 2948/2438/2 2949/2440/2
f 3135/2439/2 2949/2440/2 2950/2441/2
f 3134/2442/2 3135/2439/2 2950/2441/2
f 3134/2442/2 2950/2441/2 2951/2443/2
f 3134/2442/2 2951/2443/2 2952/2444/2
f 3134/2442/2 2952/2444/2 2953/2445/2
f 3133/2446/2 3134/2442/2 2953/2445/2
f 3133/2446/2 2953/2445/2 2954/2447/2
f 3133/2446/2 2954/2447/2 2955/2448/2
f 3132/2449/2 3133/2446/2 2955/2448/2
f 3132/2449/2 2955/2448/2 2956/2450/2
f 3132/2449/2 2956/2450/2 2957/2451/2
f 3131/2452/2 3132/2449/2 2957/2451/2
f 3131/2452/2 2957/2451/2 2958/2453/2
f 3131/2452/2 2958/2453/2 2959/2454/2
f 3131/2452/2 2959/2454/2 2960/2455/2
f 3130/2456/2 3131/2452/2 2960/2455/2
f 3130/2456/2 2960/2455/2 2961/2457/2
f 3130/2456/2 2961/2457/2 2962/2458/2
f 3129/2459/2 3130/2456/2 2962/2458/2
f 3129/2459/2 2962/2458/2 2963/2460/2
f 3129/2459/2 2963/2460/2 2964/2461/2
f 3128/2462/2 3129/2459/2 2964/2461/2
f 3128/2462/2 2964/2461/2 2965/2463/2
f 3128/2462/2 2965/2463/2 2966/2464/2
f 3128/2462/2 2966/2464/2 2967/2465/2
f 3127/2466/2 3128/2462/2 2967/2465/2
f 3127/2466/2 2967/2465/2 2968/2467/2
f 3127/2466/2 2968/2467/2 2969/2468/2
f 3126/2469/2 3127/2466/2 2969/2468/2
f 3126/2469/2 2969/2468/2 2970/2470/2
f 3126/2469/2 2970/2470/2 2971/2471/2
f 3125/2472/2 3126/2469/2 2971/2471/2
f 3125/2472/2 2971/2471/2 2972/2473/2
f 3125/2472/2 2972/2473/2 2973/2474/2
f 3124/2475/2 3125/2472/2 2973/2474/2
f 3124/2475/2 2973/2474/2 2974/2476/2
f 3124/2475/2 2974/2476/2 2975/2477/2
f 3124/2475/2 2975/2477/2 2976/2478/2
f 3123/2479/2 3124/2475/2 2976/2478/2
f 3123/2479/2 2976/2478/2 2977/2480/2
f 3123/2479/2 2977/2480/2 2978/2481/2
f 3122/2482/2 3123/2479/2 2978/2481/2
f 3122/2482/2 2978/2481/2 2979/2483/2
f 3122/2482/2 2979/2483/2 2980/2484/2
f 3121/2485/2 3122/2482/2 2980/2484/2
f 3121/2485/2 2980/2484/2 2981/2486/2
f 3121/2485/2 2981/2486/2 2982/2487/2
f 3120/2488/2 3121/2485/2 2982/2487/2
f 3120/2488/2 2982/2487/2 2983/2489/2
f 3120/2488/2 2983/2489/2 2984/2490/2
f 3120/2488/2 2984/2490/2 2985/2491/2
f 3119/2492/2 3120/2488/2 2985/2491/2
f 3119/2492/2 2985/2491/2 2986/2493/2
f 3119/2492/2 2986/2493/2 2987/2494/2
f 3118/2495/2 3119/2492/2 2987/2494/2
f 3118/2495/2 2987/2494/2 2988/2496/2
f 3118/2495/2 2988/2496/2 2989/2497/2
f 3117/2498/2 3118/2495/2 2989/2497/2
f 3117/2498/2 2989/2497/2 2990/2499/2
f 3117/2498/2 2990/2499/2 2991/2500/2
f 3116/2501/2 3117/2498/2 2991/2500/2
f 3116/2501/2 2991/2500/2 2992/2502/2
f 3116/2501/2 2992/2502/2 2993/2503/2
f 3115/2504/2 3116/2501/2 2993/2503/2
f 3115/2504/2 2993/2503/2 2994/2505/2
f 3115/2504/2 2994/2505/2 2995/2506/2
f 3114/2507/2 3115/2504/2 2995/2506/2
f 3114/2507/2 2995/2506/2 2996/2508/2
f 3114/2507/2 2996/2508/2 2997/2509/2
f 3113/2510/2 3114/2507/2 2997/2509/2
f 3113/2510/2 2997/2509/2 2998/2511/2
f 3113/2510/2 2998/2511/2 2999/2512/2
f 3112/2513/2 3113/2510/2 2999/2512/2
f 3112/2513/2 2999/2512/2 3000/2514/2
f 3112/2513/2 3000/2514/2 3001/2515/2
f 3111/2516/2 3112/2513/2 3001/2515/2
f 3111/2516/2 3001/2515/2 3002/2517/2
f 3111/2516/2 3002/2517/2 3003/2518/2
f 3110/2519/2 3111/2516/2 3003/2518/2
f 3110/2519/2 3003/2518/2 3004/2520/2
f 3110/2519/2 3004/2520/2 3005/2521/2
f 3109/2522/2 3110/2519/2 3005/2521/2
f 3109/2522/2 3005/2521/2 3006/2523/2
f 3109/2522/2 3006/2523/2 3007/2524/2
f 3108/2525/2 3109/2522/2 3007/2524/2
f 3108/2525/2 3007/2524/2 3008/2526/2
f 3108/2525/2 3008/2526/2 3009/2527/2
f 3107/2528/2 3108/2525/2 3009/2527/2
f 3107/2528/2 3009/2527/2 3010/2529/2
f 3107/2528/2 3010/2529/2 3011/2530/2
f 3106/2531/2 3107/2528/2 3011/2530/2
f 3106/2531/2 3011/2530/2 3012/2532/2
f 3106/2531/2 3012/2532/2 3013/2533/2
f 3105/2534/2 3106/2531/2 3013/2533/2
f 3105/2534/2 3013/2533/2 3014/2535/2
f 3105/2534/2 3014/2535/2 3015/2536/2
f 3104/2537/2 3105/2534/2 3015/2536/2
f 3104/2537/2 3015/2536/2 3016/2538/2
f 3104/2537/2 3016/2538/2 3017/2539/2
f 3103/2540/2 3104/2537/2 3017/2539/2
f 3103/2540/2 3017/2539/2 3018/2541/2
f 3103/2540/2 3018/2541/2 3019/2542/2
f 3102/2543/2 3103/2540/2 3019/2542/2
f 3102/2543/2 3019/2542/2 3020/2544/2
f 3102/2543/2 3020/2544/2 3021/2545/2
f 3101/2546/2 3102/2543/2 3021/2545/2
f 3101/2546/2 3021/2545/2 3022/2547/2
f 3101/2546/2 3022/2547/2 3023/2548/2
f 3100/2549/2 3101/2546/2 3023/2548/2
f 3100/2549/2 3023/2548/2 3024/2550/2
f 3100/2549/2 3024/2550/2 3025/2551/2
f 3099/2552/2 3100/2549/2 3025/2551/2
f 3099/2552/2 3025/2551/2 3026/2553/2
f 3099/2552/2 3026/2553/2 3027/2554/2
f 3098/2555/2 3099/2552/2 3027/2554/2
f 3098/2555/2 3027/2554/2 3028/2556/2
f 3098/2555/2 3028/2556/2 3029/2557/2
f 3097/2558/2 3098/2555/2 3029/2557/2
f 3097/2558/2 3029/2557/2 3030/2559/2
f 3096/2560/2 3097/2558/2 3030/2559/2
f 3096/2560/2 3030/2559/2 3031/2561/2
f 3096/2560/2 3031/2561/2 3032/2562/2
f 3095/2563/2 3096/2560/2 3032/2562/2
f 3095/2563/2 3032/2562/2 3033/2564/2
f 3095/2563/2 3033/2564/2 3034/2565/2
f 3094/2566/2 3095/2563/2 3034/2565/2
f 3094/2566/2 3034/2565/2 3035/2567/2
f 3094/2566/2 3035/2567/2 3036/2568/2
f 3093/2569/2 3094/2566/2 3036/2568/2
f 3093/2569/2 3036/2568/2 3037/2570/2
f 3093/2569/2 3037/2570/2 3038/2571/2
f 3092/2572/2 3093/2569/2 3038/2571/2
f 3092/2572/2 3038/2571/2 3039/2573/2
f 3092/2572/2 3039/2573/2 3040/2574/2
f 3091/2575/2 3092/2572/2 3040/2574/2
f 3091/2575/2 3040/2574/2 3041/2576/2
f 3091/2575/2 3041/2576/2 3042/2577/2
f 3090/2578/2 3091/2575/2 3042/2577/2
f 3090/2578/2 3042/2577/2 3043/2579/2
f 3090/2578/2 3043/2579/2 3044/2580/2
f 3089/2581/2 3090/2578/2 3044/2580/2
f 3089/2581/2 3044/2580/2 3045/2582/2
f 3089/2581/2 3045/2582/2 3046/2583/2
f 3088/2584/2 3089/2581/2 3046/2583/2
f 3088/2584/2 3046/2583/2 3047/2585/2
f 3088/2584/2 3047/2585/2 3048/2586/2
f 3087/2587/2 3088/2584/2 3048/2586/2
f 3087/2587/2 3048/2586/2 3049/2588/2
f 3087/2587/2 3049/2588/2 3050/2589/2
f 3086/2590/2 3087/2587/2 3050/2589/2
f 3086/2590/2 3050/2589/2 3051/2591/2
f 3086/2590/2 3051/2591/2 3052/2592/2
f 3085/2593/2 3086/2590/2 3052/2592/2
f 3085/2593/2 3052/2592/2 3053/2594/2
f 3084/2595/2 3085/2593/2 3053/2594/2
f 3084/2595/2 3053/2594/2 3054/2596/2
f 3084/2595/2 3054/2596/2 3055/2597/2
f 3083/2598/2 3084/2595/2 3055/2597/2
f 3083/2598/2 3055/2597/2 3056/2599/2
f 3083/2598/2 3056/2599/2 3057/2600/2
f 3082/2601/2 3083/2598/2 3057/2600/2
f 3082/2601/2 3057/2600/2 3058/2602/2
f 3082/2601/2 3058/2602/2 3059/2603/2
f 3081/2604/2 3082/2601/2 3059/2603/2
f 3081/2604/2 3059/2603/2 3060/2605/2
f 3081/2604/2 3060/2605/2 3061/2606/2
f 3080/2607/2 3081/2604/2 3061/2606/2
f 3080/2607/2 3061/2606/2 3062/2608/2
f 3080/2607/2 3062/2608/2 3063/2609/2
f 3079/2610/2 3080/2607/2 3063/2609/2
f 3079/2610/2 3063/2609/2 3064/2611/2
f 3079/2610/2 3064/2611/2 3065/2612/2
f 3078/2613/2 3079/2610/2 3065/2612/2
f 3078/2613/2 3065/2612/2 3066/2614/2
f 3078/2613/2 3066/2614/2 3067/2615/2
f 3077/2616/2 3078/2613/2 3067/2615/2
f 3077/2616/2 3067/2615/2 3068/2617/2
f 3077/2616/2 3068/2617/2 3069/2618/2
f 3076/2619/2 3077/2616/2 3069/2618/2
f 3076/2619/2 3069/2618/2 3070/2620/2
f 3076/2619/2 3070/2620/2 3071/2621/2
f 3075/2622/2 3076/2619/2 3071/2621/2
f 3075/2622/2 3071/2621/2 3072/2623/2
f 3075/2622/2 3072/2623/2 3073/2624/2
f 3074/2625/2 3075/2622/2 3073/2624/2
s 1
f 5254/2626/3 5251/1720/4 5252/2627/4
f 5256/2628/5 5253/2629/6 5254/2626/3
f 5258/2630/7 5255/2631/5 5256/2628/5
f 5260/2632/8 5257/2633/7 5258/2630/7
f 5262/2634/9 5259/2635/10 5260/2632/8
f 5264/2636/11 5261/2637/9 5262/2634/9
f 5266/2638/12 5263/2639/13 5264/2636/11
f 5268/2640/14 5265/2641/15 5266/2638/12
f 5270/2642/16 5267/2643/14 5268/2640/14
f 5272/2644/17 5269/2645/18 5270/2642/16
f 5274/2646/19 5271/2647/17 5272/2644/17
f 5276/2648/20 5273/2649/19 5274/2646/19
f 5278/2650/21 5275/2651/20 5276/2648/20
f 5280/2652/22 5277/2653/23 5278/2650/21
f 5282/2654/24 5279/2655/25 5280/2652/22
f 5284/2656/26 5281/2657/27 5282/2654/24
f 5286/2658/28 5283/2659/29 5284/2656/26
f 5288/2660/30 5285/1789/28 5286/2658/28
f 5290/2661/31 5287/2662/30 5288/2660/30
f 5292/2663/32 5289/2664/33 5290/2661/31
f 5294/2665/34 5291/2666/32 5292/2663/32
f 5296/2667/35 5293/2668/36 5294/2665/34
f 5298/2669/37 5295/2670/38 5296/2667/35
f 5300/2671/39 5297/2672/40 5298/2669/37
f 5302/2673/41 5299/2674/39 5300/2671/39
f 5304/2675/42 5301/2676/41 5302/2673/41
f 5306/2677/43 5303/2678/42 5304/2675/42
f 5308/2679/44 5305/2680/45 5306/2677/43
f 5310/2681/46 5307/2682/47 5308/2679/44
f 5312/2683/48 5309/2684/49 5310/2681/46
f 5314/2685/50 5311/2686/48 5312/2683/48
f 5316/2687/51 5313/2688/50 5314/2685/50
f 5318/2689/52 5315/2690/51 5316/2687/51
f 5320/2691/53 5317/2692/54 5318/2689/52
f 5322/2693/55 5319/1895/56 5320/2691/53
f 5324/2694/57 5321/2695/55 5322/2693/55
f 5326/2696/58 5323/2697/57 5324/2694/57
f 5328/2698/59 5325/2699/58 5326/2696/58
f 5330/2700/60 5327/2701/59 5328/2698/59
f 5332/2702/61 5329/2703/62 5330/2700/60
f 5334/2704/63 5331/2705/61 5332/2702/61
f 5336/2706/64 5333/2707/65 5334/2704/63
f 5338/2708/66 5335/2709/67 5336/2706/64
f 5340/2710/68 5337/2711/66 5338/2708/66
f 5342/2712/69 5339/2713/68 5340/2710/68
f 5344/2714/70 5341/2715/69 5342/2712/69
f 5346/2716/71 5343/2717/70 5344/2714/70
f 5348/2718/72 5345/2719/73 5346/2716/71
f 5350/2720/74 5347/2721/72 5348/2718/72
f 5352/2722/75 5349/2723/74 5350/2720/74
f 5354/2724/76 5351/2725/75 5352/2722/75
f 5356/2726/77 5353/2058/76 5354/2724/76
f 5358/2727/78 5355/2728/77 5356/2726/77
f 5360/2729/79 5357/2730/78 5358/2727/78
f 5362/2731/80 5359/2732/79 5360/2729/79
f 5364/2733/81 5361/2734/80 5362/2731/80
f 5366/2735/82 5363/2736/81 5364/2733/81
f 5368/2737/83 5365/2738/84 5366/2735/82
f 5370/2739/85 5367/2740/86 5368/2737/83
f 5372/2741/87 5369/2742/85 5370/2739/85
f 5374/2743/88 5371/2744/87 5372/2741/87
f 5376/2745/89 5373/2746/88 5374/2743/88
f 5378/2747/90 5375/2748/89 5376/2745/89
f 5380/2749/91 5377/2750/90 5378/2747/90
f 5382/2751/92 5379/2752/91 5380/2749/91
f 5384/2753/93 5381/2754/92 5382/2751/92
f 5386/2755/94 5383/2756/93 5384/2753/93
f 5388/2757/95 5385/2758/94 5386/2755/94
f 5390/2759/96 5387/2247/95 5388/2757/95
f 5392/2760/97 5389/2761/96 5390/2759/96
f 5394/2762/98 5391/2763/97 5392/2760/97
f 5396/2764/99 5393/2765/98 5394/2762/98
f 5398/2766/100 5395/2767/99 5396/2764/99
f 5400/2768/101 5397/2769/100 5398/2766/100
f 5402/2770/102 5399/2771/101 5400/2768/101
f 5404/2772/103 5401/2773/102 5402/2770/102
f 5406/2774/104 5403/2775/103 5404/2772/103
f 5408/2776/105 5405/2777/104 5406/2774/104
f 5410/2778/106 5407/2779/105 5408/2776/105
f 5412/2780/107 5409/2781/106 5410/2778/106
f 5414/2782/108 5411/2783/107 5412/2780/107
f 5416/2784/109 5413/2785/108 5414/2782/108
f 5418/2786/110 5415/2787/109 5416/2784/109
f 5420/2788/111 5417/2789/110 5418/2786/110
f 5422/2790/112 5419/2791/111 5420/2788/111
f 5424/2792/113 5421/2295/112 5422/2790/112
f 5426/2793/114 5423/2794/113 5424/2792/113
f 5428/2795/115 5425/2796/114 5426/2793/114
f 5430/2797/116 5427/2798/115 5428/2795/115
f 5432/2799/117 5429/2800/116 5430/2797/116
f 5434/2801/118 5431/2802/117 5432/2799/117
f 5436/2803/119 5433/2804/118 5434/2801/118
f 5438/2805/120 5435/2806/119 5436/2803/119
f 5440/2807/121 5437/2808/120 5438/2805/120
f 5442/2809/122 5439/2810/121 5440/2807/121
f 5444/2811/123 5441/2812/122 5442/2809/122
f 5446/2813/124 5443/2814/123 5444/2811/123
f 5448/2815/125 5445/2816/124 5446/2813/124
f 5450/2817/126 5447/2818/125 5448/2815/125
f 5452/2819/127 5449/2820/126 5450/2817/126
f 5454/2821/128 5451/2822/127 5452/2819/127
f 5456/2823/129 5453/2824/128 5454/2821/128
f 5458/2825/130 5455/2342/129 5456/2823/129
f 5460/2826/131 5457/2827/130 5458/2825/130
f 5462/2828/132 5459/2829/131 5460/2826/131
f 5464/2830/133 5461/2831/132 5462/2828/132
f 5466/2832/134 5463/2833/133 5464/2830/133
f 5468/2834/135 5465/2835/134 5466/2832/134
f 5470/2836/136 5467/2837/135 5468/2834/135
f 5472/2838/137 5469/2839/136 5470/2836/136
f 5474/2840/138 5471/2841/137 5472/2838/137
f 5476/2842/139 5473/2843/138 5474/2840/138
f 5478/2844/140 5475/2845/139 5476/2842/139
f 5480/2846/141 5477/2847/140 5478/2844/140
f 5482/2848/142 5479/2849/141 5480/2846/141
f 5484/2850/143 5481/2851/142 5482/2848/142
f 5486/2852/144 5483/2853/143 5484/2850/143
f 5488/2854/145 5485/2855/144 5486/2852/144
f 5490/2856/146 5487/2857/145 5488/2854/145
f 5492/2858/147 5489/2394/146 5490/2856/146
f 5494/2859/148 5491/2860/147 5492/2858/147
f 5496/2861/149 5493/2862/148 5494/2859/148
f 5498/2863/150 5495/2864/149 5496/2861/149
f 5500/2865/151 5497/2866/150 5498/2863/150
f 5502/2867/152 5499/2868/153 5500/2865/151
f 5504/2869/154 5501/2870/152 5502/2867/152
f 5506/2871/155 5503/2872/154 5504/2869/154
f 5508/2873/156 5505/2874/155 5506/2871/155
f 5510/2875/157 5507/2876/156 5508/2873/156
f 5512/2877/158 5509/2878/157 5510/2875/157
f 5514/2879/159 5511/2880/158 5512/2877/158
f 5516/2881/160 5513/2882/159 5514/2879/159
f 5518/2883/161 5515/2884/160 5516/2881/160
f 5520/2885/162 5517/2886/161 5518/2883/161
f 5522/2887/163 5519/2888/162 5520/2885/162
f 5524/2889/164 5521/2890/163 5522/2887/163
f 5526/2891/165 5523/2447/164 5524/2889/164
f 5528/2892/166 5525/2893/165 5526/2891/165
f 5530/2894/167 5527/2895/166 5528/2892/166
f 5532/2896/168 5529/2897/167 5530/2894/167
f 5534/2898/169 5531/2899/168 5532/2896/168
f 5536/2900/170 5533/2901/169 5534/2898/169
f 5538/2902/171 5535/2903/170 5536/2900/170
f 5540/2904/172 5537/2905/173 5538/2902/171
f 5542/2906/174 5539/2907/172 5540/2904/172
f 5544/2908/175 5541/2909/174 5542/2906/174
f 5546/2910/176 5543/2911/175 5544/2908/175
f 5548/2912/177 5545/2913/176 5546/2910/176
f 5550/2914/178 5547/2915/177 5548/2912/177
f 5552/2916/179 5549/2917/178 5550/2914/178
f 5554/2918/180 5551/2919/179 5552/2916/179
f 5556/2920/181 5553/2921/182 5554/2918/180
f 5558/2922/183 5555/2923/181 5556/2920/181
f 5560/2924/184 5557/2506/183 5558/2922/183
f 5562/2925/185 5559/2926/184 5560/2924/184
f 5564/2927/186 5561/2928/185 5562/2925/185
f 5566/2929/187 5563/2930/186 5564/2927/186
f 5568/2931/188 5565/2932/187 5566/2929/187
f 5570/2933/189 5567/2934/188 5568/2931/188
f 5572/2935/190 5569/2936/189 5570/2933/189
f 5574/2937/191 5571/2938/190 5572/2935/190
f 5576/2939/192 5573/2940/191 5574/2937/191
f 5578/2941/193 5575/2942/192 5576/2939/192
f 5580/2943/194 5577/2944/193 5578/2941/193
f 5582/2945/195 5579/2946/194 5580/2943/194
f 5584/2947/196 5581/2948/195 5582/2945/195
f 5586/2949/197 5583/2950/196 5584/2947/196
f 5588/2951/198 5585/2952/197 5586/2949/197
f 5590/2953/199 5587/2954/198 5588/2951/198
f 5592/2955/200 5589/2956/199 5590/2953/199
f 5594/2957/201 5591/2568/200 5592/2955/200
f 5596/2958/202 5593/2959/201 5594/2957/201
f 5598/2960/203 5595/2961/204 5596/2958/202
f 5600/2962/205 5597/2963/203 5598/2960/203
f 5602/2964/206 5599/2965/205 5600/2962/205
f 5604/2966/207 5601/2967/206 5602/2964/206
f 5606/2968/208 5603/2969/207 5604/2966/207
f 5608/2970/209 5605/2971/208 5606/2968/208
f 5610/2972/210 5607/2973/209 5608/2970/209
f 5612/2974/211 5609/2975/210 5610/2972/210
f 5614/2976/212 5611/2977/211 5612/2974/211
f 5616/2978/213 5613/2979/212 5614/2976/212
f 5618/2980/214 5615/2981/215 5616/2978/213
f 5620/2982/216 5617/2983/214 5618/2980/214
f 5622/2984/217 5619/2985/218 5620/2982/216
f 5624/2986/219 5621/2987/217 5622/2984/217
f 5626/2988/220 5623/2989/219 5624/2986/219
f 5628/2990/221 5625/2616/220 5626/2988/220
f 5630/2991/222 5627/2992/221 5628/2990/221
f 5632/2993/223 5629/2994/222 5630/2991/222
f 5634/2995/224 5631/2996/223 5632/2993/223
f 5636/2997/225 5633/2998/226 5634/2995/224
f 5638/2999/227 5635/3000/225 5636/2997/225
f 5640/3001/228 5637/3002/227 5638/2999/227
f 5642/3003/229 5639/3004/228 5640/3001/228
f 5644/3005/230 5641/3006/231 5642/3003/229
f 5646/3007/232 5643/3008/233 5644/3005/230
f 5648/3009/234 5645/3010/232 5646/3007/232
f 5650/3011/235 5647/3012/234 5648/3009/234
f 5652/3013/236 5649/3014/235 5650/3011/235
f 5654/3015/237 5651/3016/236 5652/3013/236
f 5656/3017/238 5653/3018/239 5654/3015/237
f 5658/3019/240 5655/3020/238 5656/3017/238
f 5660/3021/241 5657/3022/240 5658/3019/240
f 5662/3023/242 5659/2495/241 5660/3021/241
f 5664/3024/243 5661/3025/242 5662/3023/242
f 5666/3026/244 5663/3027/243 5664/3024/243
f 5668/3028/245 5665/3029/246 5666/3026/244
f 5670/3030/247 5667/3031/248 5668/3028/245
f 5672/3032/249 5669/3033/250 5670/3030/247
f 5674/3034/251 5671/3035/249 5672/3032/249
f 5676/3036/252 5673/3037/251 5674/3034/251
f 5678/3038/253 5675/3039/252 5676/3036/252
f 5680/3040/254 5677/3041/253 5678/3038/253
f 5682/3042/255 5679/3043/254 5680/3040/254
f 5684/3044/256 5681/3045/255 5682/3042/255
f 5686/3046/257 5683/3047/256 5684/3044/256
f 5688/3048/258 5685/3049/257 5686/3046/257
f 5690/3050/259 5687/3051/258 5688/3048/258
f 5692/3052/260 5689/3053/261 5690/3050/259
f 5694/3054/262 5691/3055/263 5692/3052/260
f 5696/3056/264 5693/2313/262 5694/3054/262
f 5698/3057/265 5695/3058/264 5696/3056/264
f 5700/3059/266 5697/3060/265 5698/3057/265
f 5702/3061/267 5699/3062/266 5700/3059/266
f 5704/3063/268 5701/3064/267 5702/3061/267
f 5706/3065/269 5703/3066/268 5704/3063/268
f 5708/3067/270 5705/3068/269 5706/3065/269
f 5710/3069/271 5707/3070/270 5708/3067/270
f 5712/3071/272 5709/3072/271 5710/3069/271
f 5714/3073/273 5711/3074/274 5712/3071/272
f 5716/3075/275 5713/3076/273 5714/3073/273
f 5718/3077/276 5715/3078/277 5716/3075/275
f 5720/3079/278 5717/3080/279 5718/3077/276
f 5722/3081/280 5719/3082/278 5720/3079/278
f 5724/3083/281 5721/3084/280 5722/3081/280
f 5726/3085/282 5723/3086/281 5724/3083/281
f 5728/3087/283 5725/3088/282 5726/3085/282
f 5730/3089/284 5727/1958/285 5728/3087/283
f 5732/3090/286 5729/3091/287 5730/3089/284
f 5734/3092/288 5731/3093/286 5732/3090/286
f 5736/3094/289 5733/3095/288 5734/3092/288
f 5738/3096/290 5735/3097/291 5736/3094/289
f 5740/3098/292 5737/3099/293 5738/3096/290
f 5742/3100/294 5739/3101/295 5740/3098/292
f 5744/3102/296 5741/3103/297 5742/3100/294
f 5746/3104/298 5743/3105/299 5744/3102/296
f 5748/3106/300 5745/3107/298 5746/3104/298
f 5750/3108/301 5747/3109/300 5748/3106/300
f 5752/3110/302 5749/3111/301 5750/3108/301
f 5754/3112/303 5751/3113/302 5752/3110/302
f 5756/3114/304 5753/3115/303 5754/3112/303
f 5758/3116/305 5755/3117/304 5756/3114/304
f 5760/3118/306 5757/3119/305 5758/3116/305
f 5762/3120/307 5759/3121/306 5760/3118/306
f 5764/3122/308 5761/1812/307 5762/3120/307
f 5766/3123/309 5763/3124/308 5764/3122/308
f 5768/3125/310 5765/3126/311 5766/3123/309
f 5770/3127/312 5767/3128/310 5768/3125/310
f 5772/3129/313 5769/3130/314 5770/3127/312
f 5774/3131/315 5771/3132/313 5772/3129/313
f 5776/3133/316 5773/3134/315 5774/3131/315
f 5778/3135/317 5775/3136/316 5776/3133/316
f 5780/3137/318 5777/3138/317 5778/3135/317
f 5782/3139/319 5779/3140/318 5780/3137/318
f 5784/3141/320 5781/3142/319 5782/3139/319
f 5786/3143/321 5783/3144/322 5784/3141/320
f 5788/3145/323 5785/3146/321 5786/3143/321
f 5790/3147/324 5787/3148/323 5788/3145/323
f 5792/3149/325 5789/3150/324 5790/3147/324
f 5794/3151/326 5791/3152/327 5792/3149/325
f 5796/3153/328 5793/3154/326 5794/3151/326
f 5798/3155/329 5795/1468/330 5796/3153/328
f 5800/3156/331 5797/3157/329 5798/3155/329
f 5802/3158/332 5799/3159/331 5800/3156/331
f 5804/3160/333 5801/3161/332 5802/3158/332
f 5806/3162/334 5803/3163/335 5804/3160/333
f 5808/3164/336 5805/3165/337 5806/3162/334
f 5810/3166/338 5807/3167/339 5808/3164/336
f 5812/3168/340 5809/3169/338 5810/3166/338
f 5814/3170/341 5811/3171/340 5812/3168/340
f 5816/3172/342 5813/3173/341 5814/3170/341
f 5818/3174/343 5815/3175/344 5816/3172/342
f 5820/3176/345 5817/3177/343 5818/3174/343
f 5822/3178/346 5819/3179/347 5820/3176/345
f 5824/3180/348 5821/3181/349 5822/3178/346
f 5826/3182/350 5823/3183/348 5824/3180/348
f 5828/3184/351 5825/3185/350 5826/3182/350
f 5830/3186/352 5827/3187/351 5828/3184/351
f 5832/3188/353 5829/1400/354 5830/3186/352
f 5834/3189/355 5831/3190/353 5832/3188/353
f 5836/3191/356 5833/3192/355 5834/3189/355
f 5838/3193/357 5835/3194/356 5836/3191/356
f 5840/3195/358 5837/3196/359 5838/3193/357
f 5842/3197/360 5839/3198/361 5840/3195/358
f 5844/3199/362 5841/3200/363 5842/3197/360
f 5846/3201/364 5843/3202/362 5844/3199/362
f 5848/3203/365 5845/3204/364 5846/3201/364
f 5850/3205/366 5847/3206/367 5848/3203/365
f 5852/3207/368 5849/3208/366 5850/3205/366
f 5854/3209/369 5851/3210/368 5852/3207/368
f 5856/3211/370 5853/3212/369 5854/3209/369
f 5858/3213/371 5855/3214/370 5856/3211/370
f 5860/3215/372 5857/3216/373 5858/3213/371
f 5862/3217/374 5859/3218/372 5860/3215/372
f 5864/3219/375 5861/3220/376 5862/3217/374
f 5866/3221/377 5863/1327/375 5864/3219/375
f 5868/3222/378 5865/3223/377 5866/3221/377
f 5870/3224/379 5867/3225/380 5868/3222/378
f 5872/3226/381 5869/3227/379 5870/3224/379
f 5874/3228/382 5871/3229/381 5872/3226/381
f 5876/3230/383 5873/3231/384 5874/3228/382
f 5878/3232/385 5875/3233/383 5876/3230/383
f 5880/3234/386 5877/3235/385 5878/3232/385
f 5882/3236/387 5879/3237/386 5880/3234/386
f 5884/3238/388 5881/3239/389 5882/3236/387
f 5886/3240/390 5883/3241/391 5884/3238/388
f 5888/3242/392 5885/3243/390 5886/3240/390
f 5890/3244/393 5887/3245/394 5888/3242/392
f 5892/3246/395 5889/3247/396 5890/3244/393
f 5894/3248/397 5891/3249/398 5892/3246/395
f 5896/3250/399 5893/3251/400 5894/3248/397
f 5898/3252/401 5895/3253/399 5896/3250/399
f 5900/3254/402 5897/1254/403 5898/3252/401
f 5902/3255/404 5899/3256/405 5900/3254/402
f 5904/3257/406 5901/3258/404 5902/3255/404
f 5906/3259/407 5903/3260/408 5904/3257/406
f 5908/3261/409 5905/3262/410 5906/3259/407
f 5910/3263/411 5907/3264/412 5908/3261/409
f 5912/3265/413 5909/3266/414 5910/3263/411
f 5914/3267/415 5911/3268/416 5912/3265/413
f 5916/3269/417 5913/3270/418 5914/3267/415
f 5918/3271/419 5915/3272/420 5916/3269/417
f 5920/3273/421 5917/3274/422 5918/3271/419
f 5922/3275/423 5919/3276/424 5920/3273/421
f 5924/3277/425 5921/3278/423 5922/3275/423
f 5926/3279/426 5923/3280/427 5924/3277/425
f 5928/3281/428 5925/3282/426 5926/3279/426
f 5930/3283/429 5927/3284/428 5928/3281/428
f 5932/3285/430 5929/3286/429 5930/3283/429
f 5934/3287/431 5931/1203/432 5932/3285/430
f 5936/3288/433 5933/3289/434 5934/3287/431
f 5938/3290/435 5935/3291/436 5936/3288/433
f 5940/3292/437 5937/3293/435 5938/3290/435
f 5942/3294/438 5939/3295/439 5940/3292/437
f 5944/3296/440 5941/3297/438 5942/3294/438
f 5946/3298/441 5943/3299/440 5944/3296/440
f 5948/3300/442 5945/3301/443 5946/3298/441
f 5950/3302/444 5947/3303/445 5948/3300/442
f 5952/3304/446 5949/3305/447 5950/3302/444
f 5954/3306/448 5951/3307/449 5952/3304/446
f 5956/3308/450 5953/3309/448 5954/3306/448
f 5958/3310/451 5955/3311/450 5956/3308/450
f 5960/3312/452 5957/3313/451 5958/3310/451
f 5962/3314/453 5959/3315/452 5960/3312/452
f 5964/3316/454 5961/3317/453 5962/3314/453
f 5966/3318/455 5963/3319/456 5964/3316/454
f 5968/3320/457 5965/1144/455 5966/3318/455
f 5970/3321/458 5967/3322/457 5968/3320/457
f 5972/3323/459 5969/3324/458 5970/3321/458
f 5974/3325/460 5971/3326/461 5972/3323/459
f 5976/3327/462 5973/3328/463 5974/3325/460
f 5978/3329/464 5975/3330/462 5976/3327/462
f 5980/3331/465 5977/3332/464 5978/3329/464
f 5982/3333/466 5979/3334/465 5980/3331/465
f 5984/3335/467 5981/3336/466 5982/3333/466
f 5986/3337/468 5983/3338/469 5984/3335/467
f 5988/3339/470 5985/3340/468 5986/3337/468
f 5990/3341/471 5987/3342/470 5988/3339/470
f 5992/3343/472 5989/3344/471 5990/3341/471
f 5994/3345/473 5991/3346/472 5992/3343/472
f 5996/3347/474 5993/3348/473 5994/3345/473
f 5998/3349/475 5995/3350/474 5996/3347/474
f 6000/3351/476 5997/3352/475 5998/3349/475
f 6002/3353/477 5999/1102/476 6000/3351/476
f 6004/3354/478 6001/3355/477 6002/3353/477
f 6006/3356/479 6003/3357/478 6004/3354/478
f 6008/3358/480 6005/3359/479 6006/3356/479
f 6010/3360/481 6007/3361/482 6008/3358/480
f 6012/3362/483 6009/3363/481 6010/3360/481
f 6014/3364/484 6011/3365/483 6012/3362/483
f 6016/3366/485 6013/3367/484 6014/3364/484
f 6018/3368/486 6015/3369/485 6016/3366/485
f 6020/3370/487 6017/3371/486 6018/3368/486
f 6022/3372/488 6019/3373/489 6020/3370/487
f 6024/3374/490 6021/3375/491 6022/3372/488
f 6026/3376/492 6023/3377/490 6024/3374/490
f 6028/3378/493 6025/3379/492 6026/3376/492
f 6030/3380/494 6027/3381/493 6028/3378/493
f 6032/3382/495 6029/3383/494 6030/3380/494
f 6034/3384/496 6031/3385/495 6032/3382/495
f 6036/3386/497 6033/1248/496 6034/3384/496
f 6038/3387/498 6035/3388/497 6036/3386/497
f 6040/3389/499 6037/3390/498 6038/3387/498
f 6042/3391/500 6039/3392/501 6040/3389/499
f 6044/3393/502 6041/3394/500 6042/3391/500
f 6046/3395/503 6043/3396/502 6044/3393/502
f 6048/3397/504 6045/3398/503 6046/3395/503
f 6050/3399/505 6047/3400/504 6048/3397/504
f 6052/3401/506 6049/3402/507 6050/3399/505
f 6054/3403/508 6051/3404/506 6052/3401/506
f 6056/3405/509 6053/3406/508 6054/3403/508
f 6058/3407/510 6055/3408/509 6056/3405/509
f 6060/3409/511 6057/3410/510 6058/3407/510
f 6062/3411/512 6059/3412/511 6060/3409/511
f 6064/3413/513 6061/3414/512 6062/3411/512
f 6066/3415/514 6063/3416/513 6064/3413/513
f 6068/3417/515 6065/3418/514 6066/3415/514
f 6070/3419/516 6067/1344/515 6068/3417/515
f 6072/3420/517 6069/3421/518 6070/3419/516
f 6074/3422/519 6071/3423/517 6072/3420/517
f 6076/3424/520 6073/3425/519 6074/3422/519
f 6078/3426/521 6075/3427/520 6076/3424/520
f 6080/3428/522 6077/3429/521 6078/3426/521
f 6082/3430/523 6079/3431/522 6080/3428/522
f 6084/3432/524 6081/3433/523 6082/3430/523
f 6086/3434/525 6083/3435/524 6084/3432/524
f 6088/3436/526 6085/3437/525 6086/3434/525
f 6090/3438/527 6087/3439/526 6088/3436/526
f 6092/3440/528 6089/3441/527 6090/3438/527
f 6094/3442/529 6091/3443/528 6092/3440/528
f 6096/3444/530 6093/3445/531 6094/3442/529
f 6098/3446/532 6095/3447/530 6096/3444/530
f 6100/3448/533 6097/3449/534 6098/3446/532
f 6102/3450/535 6099/3451/533 6100/3448/533
f 6104/3452/536 6101/1447/535 6102/3450/535
f 6106/3453/537 6103/3454/536 6104/3452/536
f 6108/3455/538 6105/3456/537 6106/3453/537
f 6110/3457/539 6107/3458/538 6108/3455/538
f 6112/3459/540 6109/3460/541 6110/3457/539
f 6114/3461/542 6111/3462/540 6112/3459/540
f 6116/3463/543 6113/3464/544 6114/3461/542
f 6118/3465/545 6115/3466/543 6116/3463/543
f 6120/3467/546 6117/3468/545 6118/3465/545
f 6122/3469/547 6119/3470/546 6120/3467/546
f 6124/3471/548 6121/3472/549 6122/3469/547
f 6126/3473/550 6123/3474/548 6124/3471/548
f 6128/3475/551 6125/3476/550 6126/3473/550
f 6130/3477/552 6127/3478/553 6128/3475/551
f 6132/3479/554 6129/3480/552 6130/3477/552
f 6134/3481/555 6131/3482/554 6132/3479/554
f 6136/3483/556 6133/3484/555 6134/3481/555
f 6138/3485/557 6135/1515/556 6136/3483/556
f 6140/3486/558 6137/3487/557 6138/3485/557
f 6142/3488/559 6139/3489/558 6140/3486/558
f 6144/3490/560 6141/3491/559 6142/3488/559
f 6146/3492/561 6143/3493/560 6144/3490/560
f 6148/3494/562 6145/3495/563 6146/3492/561
f 6150/3496/564 6147/3497/562 6148/3494/562
f 6152/3498/565 6149/3499/564 6150/3496/564
f 6154/3500/566 6151/3501/567 6152/3498/565
f 6156/3502/568 6153/3503/566 6154/3500/566
f 6158/3504/569 6155/3505/568 6156/3502/568
f 6160/3506/570 6157/3507/569 6158/3504/569
f 6162/3508/571 6159/3509/572 6160/3506/570
f 6164/3510/557 6161/3511/573 6162/3508/571
f 6166/3512/574 6163/3513/557 6164/3510/557
f 6168/3514/575 6165/3515/574 6166/3512/574
f 6170/3516/576 6167/3517/577 6168/3514/575
f 6172/3518/578 6169/1556/576 6170/3516/576
f 6174/3519/579 6171/3520/578 6172/3518/578
f 6176/3521/580 6173/3522/579 6174/3519/579
f 6178/3523/581 6175/3524/580 6176/3521/580
f 6180/3525/582 6177/3526/581 6178/3523/581
f 6182/3527/583 6179/3528/584 6180/3525/582
f 6184/3529/585 6181/3530/586 6182/3527/583
f 6186/3531/587 6183/3532/588 6184/3529/585
f 6188/3533/589 6185/3534/587 6186/3531/587
f 6190/3535/590 6187/3536/589 6188/3533/589
f 6192/3537/591 6189/3538/590 6190/3535/590
f 6194/3539/592 6191/3540/591 6192/3537/591
f 6196/3541/593 6193/3542/594 6194/3539/592
f 6198/3543/595 6195/3544/593 6196/3541/593
f 6200/3545/596 6197/3546/595 6198/3543/595
f 6202/3547/597 6199/3548/596 6200/3545/596
f 6204/3549/598 6201/3550/597 6202/3547/597
f 6206/3551/599 6203/1718/598 6204/3549/598
f 6208/3552/600 6205/3553/599 6206/3551/599
f 6210/3554/601 6207/3555/600 6208/3552/600
f 6212/3556/602 6209/3557/601 6210/3554/601
f 6214/3558/603 6211/3559/602 6212/3556/602
f 6216/3560/604 6213/3561/603 6214/3558/603
f 6218/3562/605 6215/3563/604 6216/3560/604
f 6220/3564/606 6217/3565/605 6218/3562/605
f 6222/3566/607 6219/3567/606 6220/3564/606
f 6224/3568/608 6221/3569/607 6222/3566/607
f 6226/3570/609 6223/3571/608 6224/3568/608
f 6228/3572/610 6225/3573/609 6226/3570/609
f 6230/3574/611 6227/3575/610 6228/3572/610
f 6232/3576/612 6229/3577/611 6230/3574/611
f 6234/3578/613 6231/3579/612 6232/3576/612
f 6236/3580/614 6233/3581/615 6234/3578/613
f 6238/3582/616 6235/3583/614 6236/3580/614
f 6240/3584/617 6237/1938/616 6238/3582/616
f 6242/3585/618 6239/3586/617 6240/3584/617
f 6244/3587/619 6241/3588/618 6242/3585/618
f 6246/3589/620 6243/3590/619 6244/3587/619
f 6248/3591/621 6245/3592/620 6246/3589/620
f 6250/3593/622 6247/3594/621 6248/3591/621
f 6252/3595/623 6249/3596/622 6250/3593/622
f 6254/3597/624 6251/3598/623 6252/3595/623
f 6256/3599/625 6253/3600/626 6254/3597/624
f 6258/3601/627 6255/3602/625 6256/3599/625
f 6260/3603/628 6257/3604/627 6258/3601/627
f 6262/3605/629 6259/3606/628 6260/3603/628
f 6264/3607/630 6261/3608/629 6262/3605/629
f 6266/3609/631 6263/3610/630 6264/3607/630
f 6268/3611/632 6265/3612/631 6266/3609/631
f 6270/3613/633 6267/3614/632 6268/3611/632
f 6272/3615/634 6269/3616/635 6270/3613/633
f 6274/3617/636 6271/2060/634 6272/3615/634
f 6276/3618/637 6273/3619/636 6274/3617/636
f 6278/3620/638 6275/3621/637 6276/3618/637
f 6280/3622/639 6277/3623/638 6278/3620/638
f 6282/3624/640 6279/3625/639 6280/3622/639
f 6284/3626/641 6281/3627/640 6282/3624/640
f 6286/3628/642 6283/3629/641 6284/3626/641
f 6288/3630/643 6285/3631/642 6286/3628/642
f 6290/3632/644 6287/3633/643 6288/3630/643
f 6292/3634/645 6289/3635/644 6290/3632/644
f 6294/3636/646 6291/3637/645 6292/3634/645
f 6296/3638/647 6293/3639/646 6294/3636/646
f 6298/3640/648 6295/3641/647 6296/3638/647
f 6300/3642/649 6297/3643/648 6298/3640/648
f 6302/3644/650 6299/3645/649 6300/3642/649
f 6304/3646/651 6301/3647/652 6302/3644/650
f 6306/3648/653 6303/3649/651 6304/3646/651
f 6308/3650/654 6305/2196/653 6306/3648/653
f 6310/3651/655 6307/3652/654 6308/3650/654
f 6312/3653/656 6309/3654/657 6310/3651/655
f 6314/3655/658 6311/3656/656 6312/3653/656
f 6316/3657/659 6313/3658/658 6314/3655/658
f 6318/3659/660 6315/3660/659 6316/3657/659
f 6320/3661/661 6317/3662/660 6318/3659/660
f 6322/3663/662 6319/3664/661 6320/3661/661
f 6324/3665/663 6321/3666/664 6322/3663/662
f 6326/3667/665 6323/3668/663 6324/3665/663
f 6328/3669/666 6325/3670/665 6326/3667/665
f 6330/3671/667 6327/3672/666 6328/3669/666
f 6332/3673/668 6329/3674/667 6330/3671/667
f 6334/3675/669 6331/3676/668 6332/3673/668
f 6336/3677/670 6333/3678/669 6334/3675/669
f 6338/3679/671 6335/3680/670 6336/3677/670
f 6340/3681/672 6337/3682/671 6338/3679/671
f 6342/3683/673 6339/2171/672 6340/3681/672
f 6344/3684/674 6341/3685/673 6342/3683/673
f 6346/3686/675 6343/3687/674 6344/3684/674
f 6348/3688/676 6345/3689/675 6346/3686/675
f 6350/3690/677 6347/3691/676 6348/3688/676
f 6352/3692/678 6349/3693/677 6350/3690/677
f 6354/3694/679 6351/3695/678 6352/3692/678
f 6356/3696/680 6353/3697/679 6354/3694/679
f 6358/3698/681 6355/3699/680 6356/3696/680
f 6360/3700/682 6357/3701/681 6358/3698/681
f 6362/3702/683 6359/3703/682 6360/3700/682
f 6364/3704/684 6361/3705/683 6362/3702/683
f 6366/3706/685 6363/3707/684 6364/3704/684
f 6368/3708/686 6365/3709/685 6366/3706/685
f 6370/3710/687 6367/3711/686 6368/3708/686
f 6372/3712/688 6369/3713/689 6370/3710/687
f 6374/3714/690 6371/3715/688 6372/3712/688
f 6376/3716/691 6373/2088/690 6374/3714/690
f 6378/3717/692 6375/3718/691 6376/3716/691
f 6380/3719/693 6377/3720/692 6378/3717/692
f 6382/3721/694 6379/3722/693 6380/3719/693
f 6384/3723/695 6381/3724/694 6382/3721/694
f 6386/3725/696 6383/3726/695 6384/3723/695
f 6388/3727/697 6385/3728/696 6386/3725/696
f 6390/3729/698 6387/3730/697 6388/3727/697
f 6392/3731/699 6389/3732/698 6390/3729/698
f 6394/3733/700 6391/3734/699 6392/3731/699
f 6396/3735/701 6393/3736/700 6394/3733/700
f 6398/3737/702 6395/3738/701 6396/3735/701
f 6400/3739/703 6397/3740/702 6398/3737/702
f 6402/3741/704 6399/3742/703 6400/3739/703
f 6404/3743/705 6401/3744/704 6402/3741/704
f 6406/3745/706 6403/3746/705 6404/3743/705
f 6408/3747/707 6405/3748/706 6406/3745/706
f 6410/3749/708 6407/1909/707 6408/3747/707
f 6412/3750/709 6409/3751/708 6410/3749/708
f 6414/3752/710 6411/3753/709 6412/3750/709
f 6416/3754/711 6413/3755/710 6414/3752/710
f 6418/3756/712 6415/3757/711 6416/3754/711
f 6420/3758/713 6417/3759/712 6418/3756/712
f 6422/3760/714 6419/3761/713 6420/3758/713
f 6424/3762/715 6421/3763/714 6422/3760/714
f 6426/3764/716 6423/3765/715 6424/3762/715
f 6428/3766/717 6425/3767/716 6426/3764/716
f 6430/3768/718 6427/3769/717 6428/3766/717
f 6432/3770/719 6429/3771/718 6430/3768/718
f 6434/3772/720 6431/3773/719 6432/3770/719
f 6436/3774/721 6433/3775/720 6434/3772/720
f 6438/3776/722 6435/3777/723 6436/3774/721
f 6440/3778/724 6437/3779/722 6438/3776/722
f 6442/3780/725 6439/3781/724 6440/3778/724
f 6444/3782/726 6441/1716/725 6442/3780/725
f 6446/3783/727 6443/3784/726 6444/3782/726
f 6448/3785/728 6445/3786/727 6446/3783/727
f 6450/3787/729 6447/3788/730 6448/3785/728
f 6452/3789/731 6449/3790/729 6450/3787/729
f 6454/3791/732 6451/3792/733 6452/3789/731
f 6456/3793/734 6453/3794/637 6454/3791/732
f 6458/3795/735 6455/3796/734 6456/3793/734
f 6460/3797/736 6457/3798/735 6458/3795/735
f 6462/3799/737 6459/3800/736 6460/3797/736
f 6464/3801/738 6461/3802/737 6462/3799/737
f 6466/3803/739 6463/3804/740 6464/3801/738
f 6468/3805/741 6465/3806/742 6466/3803/739
f 6470/3807/743 6467/3808/744 6468/3805/741
f 6472/3809/745 6469/3810/743 6470/3807/743
f 6474/3811/746 6471/3812/747 6472/3809/745
f 6476/3813/748 6473/3814/749 6474/3811/746
f 6478/3815/750 6475/1617/748 6476/3813/748
f 6480/3816/751 6477/3817/752 6478/3815/750
f 6482/3818/753 6479/3819/754 6480/3816/751
f 6484/3820/755 6481/3821/756 6482/3818/753
f 6486/3822/757 6483/3823/758 6484/3820/755
f 6488/3824/759 6485/3825/760 6486/3822/757
f 6490/3826/761 6487/3827/762 6488/3824/759
f 6492/3828/763 6489/3829/761 6490/3826/761
f 6494/3830/764 6491/3831/765 6492/3828/763
f 6496/3832/766 6493/3833/764 6494/3830/764
f 6498/3834/767 6495/3835/768 6496/3832/766
f 6500/3836/769 6497/3837/767 6498/3834/767
f 6502/3838/770 6499/3839/771 6500/3836/769
f 6504/3840/772 6501/3841/773 6502/3838/770
f 6506/3842/774 6503/3843/775 6504/3840/772
f 6508/3844/776 6505/3845/774 6506/3842/774
f 6510/3846/777 6507/3847/778 6508/3844/776
f 6512/3848/779 6509/1685/780 6510/3846/777
f 6514/3849/781 6511/3850/782 6512/3848/779
f 6516/3851/783 6513/3852/781 6514/3849/781
f 6518/3853/784 6515/3854/785 6516/3851/783
f 6520/3855/786 6517/3856/784 6518/3853/784
f 6522/3857/787 6519/3858/786 6520/3855/786
f 6524/3859/788 6521/3860/789 6522/3857/787
f 6526/3861/790 6523/3862/791 6524/3859/788
f 6528/3863/792 6525/3864/793 6526/3861/790
f 6530/3865/794 6527/3866/792 6528/3863/792
f 6532/3867/795 6529/3868/796 6530/3865/794
f 6534/3869/797 6531/3870/798 6532/3867/795
f 6536/3871/799 6533/3872/800 6534/3869/797
f 6538/3873/801 6535/3874/799 6536/3871/799
f 6540/3875/802 6537/3876/803 6538/3873/801
f 6542/3877/804 6539/3878/805 6540/3875/802
f 6544/3879/806 6541/3880/807 6542/3877/804
f 6546/3881/808 6543/65/809 6544/3879/806
f 6548/3882/810 6545/3883/811 6546/3881/808
f 6550/3884/812 6547/3885/813 6548/3882/810
f 6552/3886/814 6549/3887/812 6550/3884/812
f 6554/3888/815 6551/3889/816 6552/3886/814
f 6556/3890/817 6553/3891/818 6554/3888/815
f 6558/3892/819 6555/3893/817 6556/3890/817
f 6560/3894/820 6557/3895/819 6558/3892/819
f 6562/3896/821 6559/3897/822 6560/3894/820
f 6564/3898/823 6561/3899/824 6562/3896/821
f 6566/3900/825 6563/3901/826 6564/3898/823
f 6568/3902/827 6565/3903/828 6566/3900/825
f 6570/3904/829 6567/3905/830 6568/3902/827
f 6572/3906/831 6569/3907/832 6570/3904/829
f 6574/3908/833 6571/3909/834 6572/3906/831
f 6576/3910/835 6573/3911/833 6574/3908/833
f 6578/3912/836 6575/3913/835 6576/3910/835
f 6580/3914/837 6577/4/838 6578/3912/836
f 6582/3915/839 6579/3916/837 6580/3914/837
f 6584/3917/840 6581/3918/839 6582/3915/839
f 6586/3919/841 6583/3920/842 6584/3917/840
f 6588/3921/843 6585/3922/844 6586/3919/841
f 6590/3923/845 6587/3924/846 6588/3921/843
f 6592/3925/847 6589/3926/845 6590/3923/845
f 6594/3927/848 6591/3928/849 6592/3925/847
f 6596/3929/850 6593/3930/848 6594/3927/848
f 6598/3931/851 6595/3932/850 6596/3929/850
f 6600/3933/852 6597/3934/851 6598/3931/851
f 6602/3935/853 6599/3936/852 6600/3933/852
f 6604/3937/854 6601/3938/855 6602/3935/853
f 6606/3939/856 6603/3940/854 6604/3937/854
f 6608/3941/857 6605/3942/858 6606/3939/856
f 6610/3943/859 6607/3944/860 6608/3941/857
f 6612/3945/861 6609/3946/859 6610/3943/859
f 6614/3947/862 6611/125/861 6612/3945/861
f 6616/3948/863 6613/3949/862 6614/3947/862
f 6618/3950/864 6615/3951/863 6616/3948/863
f 6620/3952/865 6617/3953/864 6618/3950/864
f 6622/3954/866 6619/3955/867 6620/3952/865
f 6624/3956/868 6621/3957/869 6622/3954/866
f 6626/3958/870 6623/3959/871 6624/3956/868
f 6628/3960/872 6625/3961/870 6626/3958/870
f 6630/3962/873 6627/3963/872 6628/3960/872
f 6632/3964/874 6629/3965/873 6630/3962/873
f 6634/3966/875 6631/3967/874 6632/3964/874
f 6636/3968/876 6633/3969/875 6634/3966/875
f 6638/3970/877 6635/3971/876 6636/3968/876
f 6640/3972/878 6637/3973/877 6638/3970/877
f 6642/3974/879 6639/3975/878 6640/3972/878
f 6644/3976/880 6641/3977/879 6642/3974/879
f 6646/3978/881 6643/3979/880 6644/3976/880
f 6648/3980/882 6645/235/883 6646/3978/881
f 6650/3981/884 6647/3982/882 6648/3980/882
f 6652/3983/885 6649/3984/884 6650/3981/884
f 6654/3985/886 6651/3986/885 6652/3983/885
f 6656/3987/887 6653/3988/886 6654/3985/886
f 6658/3989/888 6655/3990/887 6656/3987/887
f 6660/3991/889 6657/3992/888 6658/3989/888
f 6662/3993/890 6659/3994/889 6660/3991/889
f 6664/3995/891 6661/3996/890 6662/3993/890
f 6666/3997/892 6663/3998/893 6664/3995/891
f 6668/3999/884 6665/4000/892 6666/3997/892
f 6670/4001/894 6667/4002/884 6668/3999/884
f 6672/4003/895 6669/4004/894 6670/4001/894
f 6674/4005/896 6671/4006/895 6672/4003/895
f 6676/4007/897 6673/4008/896 6674/4005/896
f 6678/4009/882 6675/4010/897 6676/4007/897
f 6680/4011/898 6677/4012/882 6678/4009/882
f 6682/4013/899 6679/336/898 6680/4011/898
f 6684/4014/900 6681/4015/899 6682/4013/899
f 6686/4016/901 6683/4017/900 6684/4014/900
f 6688/4018/902 6685/4019/901 6686/4016/901
f 6690/4020/903 6687/4021/904 6688/4018/902
f 6692/4022/905 6689/4023/903 6690/4020/903
f 6694/4024/906 6691/4025/905 6692/4022/905
f 6696/4026/907 6693/4027/908 6694/4024/906
f 6698/4028/909 6695/4029/910 6696/4026/907
f 6700/4030/911 6697/4031/909 6698/4028/909
f 6702/4032/912 6699/4033/911 6700/4030/911
f 6704/4034/913 6701/4035/912 6702/4032/912
f 6706/4036/914 6703/4037/915 6704/4034/913
f 6708/4038/916 6705/4039/917 6706/4036/914
f 6710/4040/918 6707/4041/916 6708/4038/916
f 6712/4042/919 6709/4043/918 6710/4040/918
f 6714/4044/920 6711/4045/919 6712/4042/919
f 6716/4046/921 6713/462/920 6714/4044/920
f 6718/4047/922 6715/4048/921 6716/4046/921
f 6720/4049/923 6717/4050/922 6718/4047/922
f 6722/4051/924 6719/4052/923 6720/4049/923
f 6724/4053/925 6721/4054/924 6722/4051/924
f 6726/4055/926 6723/4056/925 6724/4053/925
f 6728/4057/927 6725/4058/926 6726/4055/926
f 6730/4059/928 6727/4060/927 6728/4057/927
f 6732/4061/929 6729/4062/928 6730/4059/928
f 6734/4063/930 6731/4064/929 6732/4061/929
f 6736/4065/931 6733/4066/930 6734/4063/930
f 6738/4067/932 6735/4068/931 6736/4065/931
f 6740/4069/933 6737/4070/932 6738/4067/932
f 6742/4071/934 6739/4072/933 6740/4069/933
f 6744/4073/935 6741/4074/934 6742/4071/934
f 6746/4075/936 6743/4076/935 6744/4073/935
f 6748/4077/937 6745/4078/936 6746/4075/936
f 6750/4079/938 6747/723/937 6748/4077/937
f 6752/4080/939 6749/4081/940 6750/4079/938
f 6754/4082/941 6751/4083/942 6752/4080/939
f 6756/4084/943 6753/4085/941 6754/4082/941
f 6758/4086/944 6755/4087/943 6756/4084/943
f 6760/4088/945 6757/4089/944 6758/4086/944
f 6762/4090/946 6759/4091/945 6760/4088/945
f 6764/4092/947 6761/4093/946 6762/4090/946
f 6766/4094/948 6763/4095/947 6764/4092/947
f 6768/4096/949 6765/4097/948 6766/4094/948
f 6770/4098/950 6767/4099/949 6768/4096/949
f 6772/4100/951 6769/4101/950 6770/4098/950
f 6774/4102/952 6771/4103/951 6772/4100/951
f 6776/4104/953 6773/4105/952 6774/4102/952
f 6778/4106/954 6775/4107/953 6776/4104/953
f 6780/4108/955 6777/4109/954 6778/4106/954
f 6782/4110/956 6779/4111/955 6780/4108/955
f 6784/4112/957 6781/933/956 6782/4110/956
f 6786/4113/958 6783/4114/957 6784/4112/957
f 6788/4115/959 6785/4116/958 6786/4113/958
f 6790/4117/960 6787/4118/959 6788/4115/959
f 6792/4119/961 6789/4120/962 6790/4117/960
f 6794/4121/963 6791/4122/961 6792/4119/961
f 6796/4123/964 6793/4124/963 6794/4121/963
f 6798/4125/965 6795/4126/966 6796/4123/964
f 6800/4127/967 6797/4128/968 6798/4125/965
f 6802/4129/969 6799/4130/967 6800/4127/967
f 6804/4131/849 6801/4132/970 6802/4129/969
f 6806/4133/971 6803/4134/849 6804/4131/849
f 6808/4135/972 6805/4136/971 6806/4133/971
f 6810/4137/973 6807/4138/972 6808/4135/972
f 6812/4139/974 6809/4140/973 6810/4137/973
f 6814/4141/975 6811/4142/976 6812/4139/974
f 6816/4143/977 6813/4144/975 6814/4141/975
f 6818/4145/978 6815/1017/977 6816/4143/977
f 6820/4146/979 6817/4147/978 6818/4145/978
f 6822/4148/980 6819/4149/981 6820/4146/979
f 6824/4150/982 6821/4151/980 6822/4148/980
f 6826/4152/983 6823/4153/982 6824/4150/982
f 6828/4154/984 6825/4155/985 6826/4152/983
f 6830/4156/986 6827/4157/987 6828/4154/984
f 6832/4158/988 6829/4159/986 6830/4156/986
f 6834/4160/989 6831/4161/988 6832/4158/988
f 6836/4162/990 6833/4163/991 6834/4160/989
f 6838/4164/992 6835/4165/990 6836/4162/990
f 6840/4166/993 6837/4167/992 6838/4164/992
f 6842/4168/994 6839/4169/993 6840/4166/993
f 6844/4170/995 6841/4171/994 6842/4168/994
f 6846/4172/996 6843/4173/995 6844/4170/995
f 6848/4174/997 6845/4175/996 6846/4172/996
f 6850/4176/998 6847/4177/999 6848/4174/997
f 6852/4178/35 6849/1077/998 6850/4176/998
f 6854/4179/1000 6851/4180/1001 6852/4178/35
f 6856/4181/1002 6853/4182/1000 6854/4179/1000
f 6858/4183/1003 6855/4184/1004 6856/4181/1002
f 6860/4185/1005 6857/4186/1006 6858/4183/1003
f 6862/4187/1007 6859/4188/1005 6860/4185/1005
f 6864/4189/1008 6861/4190/1009 6862/4187/1007
f 6866/4191/1010 6863/4192/1008 6864/4189/1008
f 6868/4193/1011 6865/4194/1010 6866/4191/1010
f 6870/4195/1012 6867/4196/1013 6868/4193/1011
f 6872/4197/1014 6869/4198/1012 6870/4195/1012
f 6874/4199/1015 6871/4200/1014 6872/4197/1014
f 6876/4201/1016 6873/4202/1017 6874/4199/1015
f 6878/4203/1018 6875/4204/1019 6876/4201/1016
f 6880/4205/1020 6877/4206/1021 6878/4203/1018
f 6882/4207/1022 6879/4208/1023 6880/4205/1020
f 6884/4209/1024 6881/4210/1025 6882/4207/1022
f 6886/4211/1026 6883/997/1024 6884/4209/1024
f 6888/4212/1027 6885/4213/1028 6886/4211/1026
f 6890/4214/1029 6887/4215/1027 6888/4212/1027
f 6892/4216/1030 6889/4217/1031 6890/4214/1029
f 6894/4218/1032 6891/4219/1033 6892/4216/1030
f 6896/4220/1034 6893/4221/1032 6894/4218/1032
f 6898/4222/1035 6895/4223/803 6896/4220/1034
f 6900/4224/1036 6897/4225/1035 6898/4222/1035
f 6902/4226/1037 6899/4227/1038 6900/4224/1036
f 6904/4228/1039 6901/4229/1037 6902/4226/1037
f 6906/4230/1040 6903/4231/1041 6904/4228/1039
f 6908/4232/1042 6905/4233/1043 6906/4230/1040
f 6910/4234/1044 6907/4235/1042 6908/4232/1042
f 6912/4236/1045 6909/4237/1044 6910/4234/1044
f 6914/4238/1046 6911/4239/1045 6912/4236/1045
f 6916/4240/1047 6913/4241/1048 6914/4238/1046
f 6918/4242/1049 6915/4243/1047 6916/4240/1047
f 6920/4244/1050 6917/918/1051 6918/4242/1049
f 6922/4245/1052 6919/4246/1050 6920/4244/1050
f 6924/4247/1053 6921/4248/1052 6922/4245/1052
f 6926/4249/1054 6923/4250/1055 6924/4247/1053
f 6928/4251/1056 6925/4252/1057 6926/4249/1054
f 6930/4253/1058 6927/4254/1056 6928/4251/1056
f 6932/4255/1059 6929/4256/1058 6930/4253/1058
f 6934/4257/1060 6931/4258/1061 6932/4255/1059
f 6936/4259/1062 6933/4260/1063 6934/4257/1060
f 6938/4261/1064 6935/4262/1065 6936/4259/1062
f 6940/4263/1066 6937/4264/1064 6938/4261/1064
f 6942/4265/1067 6939/4266/1066 6940/4263/1066
f 6944/4267/1068 6941/4268/1067 6942/4265/1067
f 6946/4269/1069 6943/4270/1068 6944/4267/1068
f 6948/4271/1070 6945/4272/1069 6946/4269/1069
f 6950/4273/1071 6947/4274/1070 6948/4271/1070
f 6952/4275/1072 6949/4276/1071 6950/4273/1071
f 6954/4277/1073 6951/860/1074 6952/4275/1072
f 6956/4278/1075 6953/4279/1076 6954/4277/1073
f 6958/4280/1077 6955/4281/1075 6956/4278/1075
f 6960/4282/1078 6957/4283/1077 6958/4280/1077
f 6962/4284/1079 6959/4285/1078 6960/4282/1078
f 6964/4286/1080 6961/4287/1079 6962/4284/1079
f 6966/4288/1081 6963/4289/1080 6964/4286/1080
f 6968/4290/1082 6965/4291/1083 6966/4288/1081
f 6970/4292/1084 6967/4293/1082 6968/4290/1082
f 6972/4294/1085 6969/4295/1084 6970/4292/1084
f 6974/4296/1086 6971/4297/1085 6972/4294/1085
f 6976/4298/1087 6973/4299/1086 6974/4296/1086
f 6978/4300/1088 6975/4301/1087 6976/4298/1087
f 6980/4302/1089 6977/4303/1090 6978/4300/1088
f 6982/4304/1091 6979/4305/1089 6980/4302/1089
f 6984/4306/1092 6981/4307/1091 6982/4304/1091
f 6986/4308/1093 6983/4309/1094 6984/4306/1092
f 6988/4310/1095 6985/810/1096 6986/4308/1093
f 6990/4311/1097 6987/4312/1095 6988/4310/1095
f 6992/4313/1098 6989/4314/1097 6990/4311/1097
f 6994/4315/1099 6991/4316/1100 6992/4313/1098
f 6996/4317/1101 6993/4318/1099 6994/4315/1099
f 6998/4319/1102 6995/4320/1101 6996/4317/1101
f 7000/4321/1103 6997/4322/1102 6998/4319/1102
f 7002/4323/1104 6999/4324/1103 7000/4321/1103
f 7004/4325/1105 7001/4326/1104 7002/4323/1104
f 7006/4327/1106 7003/4328/1105 7004/4325/1105
f 7008/4329/1107 7005/4330/1108 7006/4327/1106
f 7010/4331/1109 7007/4332/1110 7008/4329/1107
f 7012/4333/1111 7009/4334/1109 7010/4331/1109
f 7014/4335/1112 7011/4336/1113 7012/4333/1111
f 7016/4337/1114 7013/4338/1112 7014/4335/1112
f 7018/4339/1115 7015/4340/1114 7016/4337/1114
f 7020/4341/1116 7017/4342/1115 7018/4339/1115
f 7022/4343/1117 7019/765/1116 7020/4341/1116
f 7024/4344/1118 7021/4345/1117 7022/4343/1117
f 7026/4346/1119 7023/4347/1118 7024/4344/1118
f 7028/4348/1120 7025/4349/1121 7026/4346/1119
f 7030/4350/1122 7027/4351/1120 7028/4348/1120
f 7032/4352/1123 7029/4353/1124 7030/4350/1122
f 7034/4354/1125 7031/4355/1123 7032/4352/1123
f 7036/4356/1126 7033/4357/1125 7034/4354/1125
f 7038/4358/1127 7035/4359/1126 7036/4356/1126
f 7040/4360/1128 7037/4361/1127 7038/4358/1127
f 7042/4362/1129 7039/4363/1128 7040/4360/1128
f 7044/4364/1130 7041/4365/1131 7042/4362/1129
f 7046/4366/1132 7043/4367/1130 7044/4364/1130
f 7048/4368/1133 7045/4369/1132 7046/4366/1132
f 7050/4370/1134 7047/4371/1133 7048/4368/1133
f 7052/4372/1135 7049/4373/1134 7050/4370/1134
f 7054/4374/1136 7051/4375/1135 7052/4372/1135
f 7056/4376/1137 7053/719/1136 7054/4374/1136
f 7058/4377/1138 7055/4378/1137 7056/4376/1137
f 7060/4379/1139 7057/4380/1138 7058/4377/1138
f 7062/4381/1140 7059/4382/1141 7060/4379/1139
f 7064/4383/1142 7061/4384/1140 7062/4381/1140
f 7066/4385/1143 7063/4386/1144 7064/4383/1142
f 7068/4387/1145 7065/4388/1143 7066/4385/1143
f 7070/4389/1146 7067/4390/1145 7068/4387/1145
f 7072/4391/1147 7069/4392/1146 7070/4389/1146
f 7074/4393/1148 7071/4394/1147 7072/4391/1147
f 7076/4395/1149 7073/4396/1148 7074/4393/1148
f 7078/4397/1150 7075/4398/1149 7076/4395/1149
f 7080/4399/1151 7077/4400/1150 7078/4397/1150
f 7082/4401/1152 7079/4402/1151 7080/4399/1151
f 7084/4403/1153 7081/4404/1152 7082/4401/1152
f 7086/4405/1154 7083/4406/1153 7084/4403/1153
f 7088/4407/1155 7085/4408/1154 7086/4405/1154
f 7090/4409/1156 7087/673/1155 7088/4407/1155
f 7092/4410/1157 7089/4411/1156 7090/4409/1156
f 7094/4412/1158 7091/4413/1157 7092/4410/1157
f 7096/4414/1159 7093/4415/1158 7094/4412/1158
f 7098/4416/1160 7095/4417/1159 7096/4414/1159
f 7100/4418/1161 7097/4419/1162 7098/4416/1160
f 7102/4420/1163 7099/4421/1164 7100/4418/1161
f 7104/4422/1165 7101/4423/1163 7102/4420/1163
f 7106/4424/1166 7103/4425/1165 7104/4422/1165
f 7108/4426/1167 7105/4427/1166 7106/4424/1166
f 7110/4428/1168 7107/4429/1169 7108/4426/1167
f 7112/4430/1170 7109/4431/1168 7110/4428/1168
f 7114/4432/1171 7111/4433/1170 7112/4430/1170
f 7116/4434/1172 7113/4435/1173 7114/4432/1171
f 7118/4436/1174 7115/4437/1172 7116/4434/1172
f 7120/4438/1175 7117/4439/1174 7118/4436/1174
f 7122/4440/1176 7119/4441/1175 7120/4438/1175
f 7124/4442/1177 7121/626/1176 7122/4440/1176
f 7126/4443/1178 7123/4444/1177 7124/4442/1177
f 7128/4445/1179 7125/4446/1178 7126/4443/1178
f 7130/4447/1180 7127/4448/1179 7128/4445/1179
f 7132/4449/1181 7129/4450/1180 7130/4447/1180
f 7134/4451/1182 7131/4452/1181 7132/4449/1181
f 7136/4453/1183 7133/4454/1182 7134/4451/1182
f 7138/4455/1184 7135/4456/1183 7136/4453/1183
f 7140/4457/1185 7137/4458/1184 7138/4455/1184
f 7142/4459/1186 7139/4460/1185 7140/4457/1185
f 7144/4461/1187 7141/4462/1186 7142/4459/1186
f 7146/4463/1188 7143/4464/1187 7144/4461/1187
f 7148/4465/1189 7145/4466/1188 7146/4463/1188
f 7150/4467/1190 7147/4468/1189 7148/4465/1189
f 7152/4469/1191 7149/4470/1190 7150/4467/1190
f 7154/4471/1192 7151/4472/1191 7152/4469/1191
f 7156/4473/1193 7153/4474/1192 7154/4471/1192
f 7158/4475/1194 7155/577/1193 7156/4473/1193
f 7160/4476/1195 7157/4477/1196 7158/4475/1194
f 7162/4478/1197 7159/4479/1195 7160/4476/1195
f 7164/4480/1198 7161/4481/1197 7162/4478/1197
f 7166/4482/1199 7163/4483/1198 7164/4480/1198
f 7168/4484/1200 7165/4485/1199 7166/4482/1199
f 7170/4486/1201 7167/4487/1202 7168/4484/1200
f 7172/4488/1203 7169/4489/1201 7170/4486/1201
f 7174/4490/1204 7171/4491/1203 7172/4488/1203
f 7176/4492/1205 7173/4493/1206 7174/4490/1204
f 7178/4494/1207 7175/4495/1205 7176/4492/1205
f 7180/4496/1208 7177/4497/1207 7178/4494/1207
f 7182/4498/1209 7179/4499/1208 7180/4496/1208
f 7184/4500/1210 7181/4501/1209 7182/4498/1209
f 7186/4502/1211 7183/4503/1210 7184/4500/1210
f 7188/4504/1212 7185/4505/1211 7186/4502/1211
f 7190/4506/1213 7187/4507/1212 7188/4504/1212
f 7192/4508/1214 7189/530/1213 7190/4506/1213
f 7194/4509/1215 7191/4510/1214 7192/4508/1214
f 7196/4511/1216 7193/4512/1215 7194/4509/1215
f 7198/4513/1217 7195/4514/1216 7196/4511/1216
f 7200/4515/1218 7197/4516/1217 7198/4513/1217
f 7202/4517/1219 7199/4518/1218 7200/4515/1218
f 7204/4519/1220 7201/4520/1219 7202/4517/1219
f 7206/4521/1221 7203/4522/1220 7204/4519/1220
f 7208/4523/1222 7205/4524/1221 7206/4521/1221
f 7210/4525/1223 7207/4526/1222 7208/4523/1222
f 7212/4527/1224 7209/4528/1223 7210/4525/1223
f 7214/4529/1225 7211/4530/1224 7212/4527/1224
f 7216/4531/550 7213/4532/1225 7214/4529/1225
f 7218/4533/1226 7215/4534/550 7216/4531/550
f 7220/4535/1227 7217/4536/1226 7218/4533/1226
f 7222/4537/1228 7219/4538/1227 7220/4535/1227
f 7224/4539/1229 7221/4540/1228 7222/4537/1228
f 7226/4541/1230 7223/478/1231 7224/4539/1229
f 7228/4542/1232 7225/4543/1230 7226/4541/1230
f 7230/4544/1233 7227/4545/1232 7228/4542/1232
f 7232/4546/1234 7229/4547/1233 7230/4544/1233
f 7234/4548/1235 7231/4549/1234 7232/4546/1234
f 7236/4550/1236 7233/4551/1235 7234/4548/1235
f 7238/4552/1237 7235/4553/1236 7236/4550/1236
f 7240/4554/1238 7237/4555/1237 7238/4552/1237
f 7242/4556/1239 7239/4557/1238 7240/4554/1238
f 7244/4558/1240 7241/4559/1241 7242/4556/1239
f 7246/4560/1242 7243/4561/1240 7244/4558/1240
f 7248/4562/1243 7245/4563/1242 7246/4560/1242
f 7250/4564/1244 7247/4565/1243 7248/4562/1243
f 7252/4566/1245 7249/4567/1244 7250/4564/1244
f 7254/4568/1246 7251/4569/1245 7252/4566/1245
f 7256/4570/1247 7253/4571/1246 7254/4568/1246
f 7258/4572/1248 7255/4573/1247 7256/4570/1247
f 7260/4574/1249 7257/419/1250 7258/4572/1248
f 7262/4575/1251 7259/4576/1249 7260/4574/1249
f 7264/4577/1252 7261/4578/1251 7262/4575/1251
f 7266/4579/1253 7263/4580/1252 7264/4577/1252
f 7268/4581/1254 7265/4582/1253 7266/4579/1253
f 7270/4583/1255 7267/4584/1254 7268/4581/1254
f 7272/4585/1256 7269/4586/1255 7270/4583/1255
f 7274/4587/1257 7271/4588/1256 7272/4585/1256
f 7276/4589/1258 7273/4590/1257 7274/4587/1257
f 7278/4591/1259 7275/4592/1258 7276/4589/1258
f 7280/4593/1260 7277/4594/1259 7278/4591/1259
f 7282/4595/1261 7279/4596/1260 7280/4593/1260
f 7284/4597/1262 7281/4598/1261 7282/4595/1261
f 7286/4599/1263 7283/4600/1262 7284/4597/1262
f 7288/4601/1264 7285/4602/1263 7286/4599/1263
f 7290/4603/1265 7287/4604/1264 7288/4601/1264
f 7292/4605/1266 7289/4606/1265 7290/4603/1265
f 7294/4607/1267 7291/357/1266 7292/4605/1266
f 7296/4608/1268 7293/4609/1267 7294/4607/1267
f 7298/4610/1269 7295/4611/1268 7296/4608/1268
f 7300/4612/1270 7297/4613/1269 7298/4610/1269
f 7302/4614/1271 7299/4615/1270 7300/4612/1270
f 7304/4616/1272 7301/4617/1271 7302/4614/1271
f 7306/4618/1273 7303/4619/1272 7304/4616/1272
f 7308/4620/1260 7305/4621/1273 7306/4618/1273
f 7310/4622/1274 7307/4623/1260 7308/4620/1260
f 7312/4624/1275 7309/4625/1274 7310/4622/1274
f 7314/4626/1276 7311/4627/1275 7312/4624/1275
f 7316/4628/1277 7313/4629/1276 7314/4626/1276
f 7318/4630/1278 7315/4631/1277 7316/4628/1277
f 7320/4632/1279 7317/4633/1280 7318/4630/1278
f 7322/4634/1281 7319/4635/1282 7320/4632/1279
f 7324/4636/1283 7321/4637/1281 7322/4634/1281
f 7326/4638/1284 7323/4639/1283 7324/4636/1283
f 7328/4640/1285 7325/297/1286 7326/4638/1284
f 7330/4641/1287 7327/4642/1285 7328/4640/1285
f 7332/4643/1288 7329/4644/1287 7330/4641/1287
f 7334/4645/1289 7331/4646/1288 7332/4643/1288
f 7336/4647/539 7333/4648/1289 7334/4645/1289
f 7338/4649/1290 7335/4650/539 7336/4647/539
f 7340/4651/1291 7337/4652/1290 7338/4649/1290
f 7342/4653/1292 7339/4654/1291 7340/4651/1291
f 7344/4655/1293 7341/4656/1292 7342/4653/1292
f 7346/4657/1294 7343/4658/1295 7344/4655/1293
f 7348/4659/1296 7345/4660/602 7346/4657/1294
f 7350/4661/1297 7347/4662/1298 7348/4659/1296
f 7352/4663/1299 7349/4664/1297 7350/4661/1297
f 7354/4665/1300 7351/4666/1299 7352/4663/1299
f 7356/4667/1301 7353/4668/1300 7354/4665/1300
f 7358/4669/1302 7355/4670/1301 7356/4667/1301
f 7360/4671/1303 7357/4672/1302 7358/4669/1302
f 7362/4673/1304 7359/222/1305 7360/4671/1303
f 7364/4674/1306 7361/4675/1304 7362/4673/1304
f 7366/4676/1307 7363/4677/1308 7364/4674/1306
f 7368/4678/1309 7365/4679/1310 7366/4676/1307
f 7370/4680/1311 7367/4681/1309 7368/4678/1309
f 7372/4682/1312 7369/4683/1313 7370/4680/1311
f 7374/4684/1314 7371/4685/1315 7372/4682/1312
f 7376/4686/1316 7373/4687/1314 7374/4684/1314
f 7378/4688/1317 7375/4689/1318 7376/4686/1316
f 7380/4690/1319 7377/4691/1320 7378/4688/1317
f 7382/4692/1321 7379/4693/1322 7380/4690/1319
f 7384/4694/1323 7381/4695/1321 7382/4692/1321
f 7386/4696/1324 7383/4697/1323 7384/4694/1323
f 7388/4698/560 7385/4699/1324 7386/4696/1324
f 7390/4700/1325 7387/4701/560 7388/4698/560
f 7392/4702/1326 7389/4703/1325 7390/4700/1325
f 7394/4704/1327 7391/4705/1328 7392/4702/1326
f 7396/4706/1329 7393/153/1330 7394/4704/1327
f 7398/4707/1331 7395/4708/1329 7396/4706/1329
f 7400/4709/1332 7397/4710/1333 7398/4707/1331
f 7402/4711/1334 7399/4712/1335 7400/4709/1332
f 7404/4713/1336 7401/4714/1334 7402/4711/1334
f 7406/4715/1337 7403/4716/1338 7404/4713/1336
f 7408/4717/1339 7405/4718/1337 7406/4715/1337
f 7410/4719/1340 7407/4720/1341 7408/4717/1339
f 7412/4721/1342 7409/4722/1343 7410/4719/1340
f 7414/4723/1344 7411/4724/1345 7412/4721/1342
f 7416/4725/1346 7413/4726/1347 7414/4723/1344
f 7418/4727/1348 7415/4728/1349 7416/4725/1346
f 7420/4729/1350 7417/4730/1351 7418/4727/1348
f 7422/4731/1352 7419/4732/1350 7420/4729/1350
f 7424/4733/1353 7421/4734/1354 7422/4731/1352
f 7426/4735/1355 7423/4736/1356 7424/4733/1353
f 5252/4737/4 7425/4738/1357 7426/4735/1355
f 7430/4739/1358 7427/1720/1359 7428/2627/1359
f 7432/4740/1360 7429/4741/1358 7430/4739/1358
f 7434/4742/1361 7431/4743/1360 7432/4740/1360
f 7436/4744/1362 7433/4745/1361 7434/4742/1361
f 7438/4746/1363 7435/4747/1362 7436/4744/1362
f 7440/4748/1364 7437/4749/1363 7438/4746/1363
f 7442/4750/1365 7439/4751/1364 7440/4748/1364
f 7444/4752/1366 7441/4753/1365 7442/4750/1365
f 7446/4754/1367 7443/4755/1366 7444/4752/1366
f 7448/4756/1368 7445/4757/1367 7446/4754/1367
f 7450/4758/1369 7447/4759/1368 7448/4756/1368
f 7452/4760/1370 7449/4761/1369 7450/4758/1369
f 7454/4762/1371 7451/4763/1370 7452/4760/1370
f 7456/4764/1372 7453/4765/1371 7454/4762/1371
f 7458/4766/1373 7455/4767/1372 7456/4764/1372
f 7460/4768/1374 7457/4769/1373 7458/4766/1373
f 7462/4770/1375 7459/4771/1374 7460/4768/1374
f 7464/4772/1376 7461/4773/1377 7462/4770/1375
f 7466/4774/1378 7463/4775/1379 7464/4772/1376
f 7468/4776/1380 7465/4777/1378 7466/4774/1378
f 7470/4778/1381 7467/4779/1382 7468/4776/1380
f 7472/4780/1383 7469/4781/1381 7470/4778/1381
f 7474/4782/1384 7471/4783/1385 7472/4780/1383
f 7476/4784/1386 7473/4785/1387 7474/4782/1384
f 7478/4786/1388 7475/4787/1389 7476/4784/1386
f 7480/4788/1390 7477/4789/1388 7478/4786/1388
f 7482/4790/351 7479/4791/1391 7480/4788/1390
f 7484/4792/1392 7481/4793/351 7482/4790/351
f 7486/4794/1393 7483/4795/1392 7484/4792/1392
f 7488/4796/1394 7485/4797/1393 7486/4794/1393
f 7490/4798/1395 7487/4799/1394 7488/4796/1394
f 7492/4800/1396 7489/4801/1395 7490/4798/1395
f 7494/4802/1397 7491/4803/1396 7492/4800/1396
f 7496/4804/1398 7493/4805/1397 7494/4802/1397
f 7498/4806/1399 7495/4807/1398 7496/4804/1398
f 7500/4808/1400 7497/4809/1401 7498/4806/1399
f 7502/4810/1402 7499/4811/1400 7500/4808/1400
f 7504/4812/1403 7501/4813/1402 7502/4810/1402
f 7506/4814/1404 7503/4815/1405 7504/4812/1403
f 7508/4816/1406 7505/4817/1407 7506/4814/1404
f 7510/4818/1408 7507/4819/1406 7508/4816/1406
f 7512/4820/1409 7509/4821/1408 7510/4818/1408
f 7514/4822/1410 7511/4823/1411 7512/4820/1409
f 7516/4824/1412 7513/4825/1410 7514/4822/1410
f 7518/4826/1413 7515/4827/1412 7516/4824/1412
f 7520/4828/1414 7517/4829/1413 7518/4826/1413
f 7522/4830/1415 7519/4831/1414 7520/4828/1414
f 7524/4832/1416 7521/4833/1415 7522/4830/1415
f 7526/4834/1417 7523/4835/1416 7524/4832/1416
f 7528/4836/1418 7525/4837/1417 7526/4834/1417
f 7530/4838/1419 7527/4839/1418 7528/4836/1418
f 7532/4840/1420 7529/4841/1419 7530/4838/1419
f 7534/4842/1421 7531/4843/1422 7532/4840/1420
f 7536/4844/1423 7533/4845/1424 7534/4842/1421
f 7538/4846/1425 7535/4847/1423 7536/4844/1423
f 7540/4848/1426 7537/4849/1427 7538/4846/1425
f 7542/4850/1428 7539/4851/1426 7540/4848/1426
f 7544/4852/1429 7541/4853/1428 7542/4850/1428
f 7546/4854/1430 7543/4855/1429 7544/4852/1429
f 7548/4856/1431 7545/4857/1430 7546/4854/1430
f 7550/4858/1432 7547/4859/1431 7548/4856/1431
f 7552/4860/1433 7549/4861/1432 7550/4858/1432
f 7554/4862/1434 7551/4863/1433 7552/4860/1433
f 7556/4864/1435 7553/4865/1434 7554/4862/1434
f 7558/4866/1436 7555/4867/1437 7556/4864/1435
f 7560/4868/1438 7557/4869/1436 7558/4866/1436
f 7562/4870/1439 7559/4871/1438 7560/4868/1438
f 7564/4872/1440 7561/4873/1439 7562/4870/1439
f 7566/4874/1441 7563/4875/1440 7564/4872/1440
f 7568/4876/1442 7565/4877/1441 7566/4874/1441
f 7570/4878/1443 7567/4879/1442 7568/4876/1442
f 7572/4880/1444 7569/4881/1443 7570/4878/1443
f 7574/4882/1445 7571/4883/1444 7572/4880/1444
f 7576/4884/1446 7573/4885/1445 7574/4882/1445
f 7578/4886/1447 7575/4887/1446 7576/4884/1446
f 7580/4888/1448 7577/4889/1447 7578/4886/1447
f 7582/4890/1449 7579/4891/1448 7580/4888/1448
f 7584/4892/1420 7581/4893/1449 7582/4890/1449
f 7586/4894/1450 7583/4895/1420 7584/4892/1420
f 7588/4896/1451 7585/4897/1450 7586/4894/1450
f 7590/4898/1452 7587/4899/1451 7588/4896/1451
f 7592/4900/1453 7589/4901/1452 7590/4898/1452
f 7594/4902/1454 7591/4903/1453 7592/4900/1453
f 7596/4904/1455 7593/4905/1454 7594/4902/1454
f 7598/4906/1456 7595/4907/1455 7596/4904/1455
f 7600/4908/1457 7597/4909/1456 7598/4906/1456
f 7602/4910/1458 7599/4911/1457 7600/4908/1457
f 7604/4912/1459 7601/4913/1458 7602/4910/1458
f 7606/4914/1460 7603/4915/1459 7604/4912/1459
f 7608/4916/1461 7605/4917/1460 7606/4914/1460
f 7610/4918/1462 7607/4919/1461 7608/4916/1461
f 7612/4920/1463 7609/4921/1462 7610/4918/1462
f 7614/4922/1464 7611/4923/1463 7612/4920/1463
f 7616/4924/1465 7613/4925/1464 7614/4922/1464
f 7618/4926/1466 7615/4927/1465 7616/4924/1465
f 7620/4928/1416 7617/4929/1466 7618/4926/1466
f 7622/4930/1467 7619/4931/1416 7620/4928/1416
f 7624/4932/1468 7621/4933/1467 7622/4930/1467
f 7626/4934/1469 7623/4935/1468 7624/4932/1468
f 7628/4936/1470 7625/4937/1469 7626/4934/1469
f 7630/4938/1471 7627/4939/1470 7628/4936/1470
f 7632/4940/1472 7629/4941/1473 7630/4938/1471
f 7634/4942/1474 7631/4943/1472 7632/4940/1472
f 7636/4944/1475 7633/4945/1474 7634/4942/1474
f 7638/4946/1476 7635/4947/1475 7636/4944/1475
f 7640/4948/1477 7637/4949/1476 7638/4946/1476
f 7642/4950/1478 7639/4951/1477 7640/4948/1477
f 7644/4952/1479 7641/4953/1478 7642/4950/1478
f 7646/4954/1480 7643/4955/1479 7644/4952/1479
f 7648/4956/1481 7645/4957/1480 7646/4954/1480
f 7650/4958/1482 7647/4959/1481 7648/4956/1481
f 7652/4960/1483 7649/4961/1484 7650/4958/1482
f 7654/4962/1485 7651/4963/1483 7652/4960/1483
f 7656/4964/1486 7653/4965/1485 7654/4962/1485
f 7658/4966/1487 7655/4967/1486 7656/4964/1486
f 7660/4968/1488 7657/4969/1487 7658/4966/1487
f 7662/4970/1489 7659/4971/1488 7660/4968/1488
f 7664/4972/1490 7661/4973/1489 7662/4970/1489
f 7666/4974/1491 7663/4975/1490 7664/4972/1490
f 7668/4976/1492 7665/4977/1491 7666/4974/1491
f 7670/4978/364 7667/4979/1492 7668/4976/1492
f 7672/4980/1493 7669/4981/364 7670/4978/364
f 7674/4982/1494 7671/4983/1495 7672/4980/1493
f 7676/4984/1496 7673/4985/1494 7674/4982/1494
f 7678/4986/1497 7675/4987/1496 7676/4984/1496
f 7680/4988/1498 7677/4989/1497 7678/4986/1497
f 7682/4990/1499 7679/4991/1498 7680/4988/1498
f 7684/4992/1500 7681/4993/1499 7682/4990/1499
f 7686/4994/1501 7683/4995/1500 7684/4992/1500
f 7688/4996/1502 7685/4997/1501 7686/4994/1501
f 7690/4998/1503 7687/4999/1502 7688/4996/1502
f 7692/5000/1504 7689/5001/1503 7690/4998/1503
f 7694/5002/1505 7691/5003/1504 7692/5000/1504
f 7696/5004/1506 7693/5005/1505 7694/5002/1505
f 7698/5006/1507 7695/5007/1506 7696/5004/1506
f 7700/5008/1508 7697/5009/1507 7698/5006/1507
f 7702/5010/1509 7699/5011/1508 7700/5008/1508
f 7704/5012/1510 7701/5013/1509 7702/5010/1509
f 7706/5014/1511 7703/5015/1510 7704/5012/1510
f 7708/5016/1512 7705/5017/1511 7706/5014/1511
f 7710/5018/1513 7707/5019/1512 7708/5016/1512
f 7712/5020/1514 7709/5021/1513 7710/5018/1513
f 7714/5022/1499 7711/5023/1515 7712/5020/1514
f 7716/5024/1516 7713/5025/1499 7714/5022/1499
f 7718/5026/1517 7715/5027/1516 7716/5024/1516
f 7720/5028/1518 7717/5029/1517 7718/5026/1517
f 7722/5030/1519 7719/5031/1518 7720/5028/1518
f 7724/5032/1520 7721/5033/1519 7722/5030/1519
f 7726/5034/1399 7723/5035/1520 7724/5032/1520
f 7728/5036/1521 7725/5037/1399 7726/5034/1399
f 7730/5038/1522 7727/5039/1521 7728/5036/1521
f 7732/5040/1523 7729/5041/1522 7730/5038/1522
f 7734/5042/1524 7731/5043/1525 7732/5040/1523
f 7736/5044/1526 7733/5045/1524 7734/5042/1524
f 7738/5046/1527 7735/5047/1526 7736/5044/1526
f 7740/5048/1528 7737/5049/1527 7738/5046/1527
f 7742/5050/1529 7739/5051/1528 7740/5048/1528
f 7744/5052/1530 7741/5053/1529 7742/5050/1529
f 7746/5054/1531 7743/5055/1530 7744/5052/1530
f 7748/5056/1532 7745/5057/1531 7746/5054/1531
f 7750/5058/1533 7747/5059/1532 7748/5056/1532
f 7752/5060/1534 7749/5061/1533 7750/5058/1533
f 7754/5062/1535 7751/5063/1534 7752/5060/1534
f 7756/5064/1536 7753/5065/1535 7754/5062/1535
f 7758/5066/1537 7755/5067/1536 7756/5064/1536
f 7760/5068/1538 7757/5069/1539 7758/5066/1537
f 7762/5070/1540 7759/5071/1538 7760/5068/1538
f 7764/5072/1541 7761/5073/1542 7762/5070/1540
f 7766/5074/1543 7763/5075/1541 7764/5072/1541
f 7768/5076/1544 7765/5077/1543 7766/5074/1543
f 7770/5078/1545 7767/5079/1546 7768/5076/1544
f 7772/5080/1547 7769/5081/1545 7770/5078/1545
f 7774/5082/1548 7771/5083/1547 7772/5080/1547
f 7776/5084/1549 7773/5085/1548 7774/5082/1548
f 7778/5086/1550 7775/5087/1549 7776/5084/1549
f 7780/5088/1551 7777/5089/1550 7778/5086/1550
f 7782/5090/1552 7779/5091/1551 7780/5088/1551
f 7784/5092/1553 7781/5093/1552 7782/5090/1552
f 7786/5094/1554 7783/5095/1553 7784/5092/1553
f 7788/5096/1555 7785/5097/1554 7786/5094/1554
f 7790/5098/1556 7787/5099/1555 7788/5096/1555
f 7792/5100/1557 7789/5101/1556 7790/5098/1556
f 7794/5102/1558 7791/5103/1559 7792/5100/1557
f 7796/5104/1560 7793/5105/1558 7794/5102/1558
f 7798/5106/1561 7795/5107/1560 7796/5104/1560
f 7800/5108/1562 7797/5109/1561 7798/5106/1561
f 7802/5110/1563 7799/5111/1562 7800/5108/1562
f 7804/5112/1564 7801/5113/1565 7802/5110/1563
f 7806/5114/1566 7803/5115/1564 7804/5112/1564
f 7808/5116/1567 7805/5117/1566 7806/5114/1566
f 7810/5118/1568 7807/5119/1569 7808/5116/1567
f 7812/5120/1570 7809/5121/1571 7810/5118/1568
f 7814/5122/1572 7811/5123/1570 7812/5120/1570
f 7816/5124/1573 7813/5125/1572 7814/5122/1572
f 7818/5126/1574 7815/5127/1573 7816/5124/1573
f 7820/5128/1575 7817/5129/1574 7818/5126/1574
f 7822/5130/1576 7819/5131/1575 7820/5128/1575
f 7824/5132/1577 7821/5133/1578 7822/5130/1576
f 7826/5134/1579 7823/5135/1580 7824/5132/1577
f 7828/5136/1581 7825/5137/1582 7826/5134/1579
f 7830/5138/1583 7827/5139/1581 7828/5136/1581
f 7832/5140/1584 7829/5141/1583 7830/5138/1583
f 7834/5142/1585 7831/5143/1584 7832/5140/1584
f 7836/5144/1586 7833/5145/1585 7834/5142/1585
f 7838/5146/1587 7835/5147/1588 7836/5144/1586
f 7840/5148/1589 7837/5149/1590 7838/5146/1587
f 7842/5150/291 7839/5151/1589 7840/5148/1589
f 7844/5152/1591 7841/5153/291 7842/5150/291
f 7846/5154/1592 7843/5155/1593 7844/5152/1591
f 7848/5156/1594 7845/5157/1595 7846/5154/1592
f 7850/5158/1596 7847/5159/1594 7848/5156/1594
f 7852/5160/1597 7849/5161/1596 7850/5158/1596
f 7854/5162/1598 7851/5163/1597 7852/5160/1597
f 7856/5164/1599 7853/5165/1598 7854/5162/1598
f 7858/5166/1600 7855/5167/1599 7856/5164/1599
f 7860/5168/1601 7857/5169/1600 7858/5166/1600
f 7862/5170/1602 7859/5171/1601 7860/5168/1601
f 7864/5172/1603 7861/5173/1602 7862/5170/1602
f 7866/5174/1604 7863/5175/1605 7864/5172/1603
f 7868/5176/1606 7865/5177/1604 7866/5174/1604
f 7870/5178/1607 7867/5179/1606 7868/5176/1606
f 7872/5180/1608 7869/5181/1607 7870/5178/1607
f 7874/5182/1609 7871/5183/1608 7872/5180/1608
f 7876/5184/1610 7873/5185/1609 7874/5182/1609
f 7878/5186/1611 7875/5187/1612 7876/5184/1610
f 7880/5188/1613 7877/5189/1611 7878/5186/1611
f 7882/5190/1614 7879/5191/1615 7880/5188/1613
f 7884/5192/1616 7881/5193/1614 7882/5190/1614
f 7886/5194/1617 7883/5195/1616 7884/5192/1616
f 7888/5196/1618 7885/5197/1619 7886/5194/1617
f 7890/5198/1620 7887/5199/1621 7888/5196/1618
f 7892/5200/1622 7889/5201/1620 7890/5198/1620
f 7894/5202/1623 7891/5203/1622 7892/5200/1622
f 7896/5204/1624 7893/5205/1623 7894/5202/1623
f 7898/5206/1625 7895/5207/1624 7896/5204/1624
f 7900/5208/1626 7897/5209/1625 7898/5206/1625
f 7902/5210/1627 7899/5211/1626 7900/5208/1626
f 7904/5212/1628 7901/5213/1627 7902/5210/1627
f 7906/5214/1629 7903/5215/1630 7904/5212/1628
f 7908/5216/1631 7905/5217/1629 7906/5214/1629
f 7910/5218/1632 7907/5219/1633 7908/5216/1631
f 7912/5220/1634 7909/5221/1632 7910/5218/1632
f 7914/5222/1635 7911/5223/1636 7912/5220/1634
f 7916/5224/250 7913/5225/1635 7914/5222/1635
f 7918/5226/1637 7915/5227/250 7916/5224/250
f 7920/5228/1638 7917/5229/1639 7918/5226/1637
f 7922/5230/1640 7919/5231/1641 7920/5228/1638
f 7924/5232/1642 7921/5233/1640 7922/5230/1640
f 7926/5234/1643 7923/5235/1644 7924/5232/1642
f 7928/5236/1645 7925/5237/1643 7926/5234/1643
f 7930/5238/240 7927/5239/1645 7928/5236/1645
f 7932/5240/1646 7929/5241/1647 7930/5238/240
f 7934/5242/1648 7931/5243/1649 7932/5240/1646
f 7936/5244/1650 7933/5245/1648 7934/5242/1648
f 7938/5246/1651 7935/5247/1652 7936/5244/1650
f 7940/5248/1653 7937/5249/1651 7938/5246/1651
f 7942/5250/1654 7939/5251/1653 7940/5248/1653
f 7944/5252/1655 7941/5253/1654 7942/5250/1654
f 7946/5254/1656 7943/5255/1655 7944/5252/1655
f 7948/5256/1657 7945/5257/1656 7946/5254/1656
f 7950/5258/1658 7947/5259/1657 7948/5256/1657
f 7952/5260/1659 7949/5261/1660 7950/5258/1658
f 7954/5262/1661 7951/5263/1659 7952/5260/1659
f 7956/5264/1662 7953/5265/1661 7954/5262/1661
f 7958/5266/1663 7955/5267/1662 7956/5264/1662
f 7960/5268/1664 7957/5269/1663 7958/5266/1663
f 7962/5270/1665 7959/5271/1664 7960/5268/1664
f 7964/5272/1666 7961/5273/1665 7962/5270/1665
f 7966/5274/1667 7963/5275/1668 7964/5272/1666
f 7968/5276/1669 7965/5277/1667 7966/5274/1667
f 7970/5278/1670 7967/5279/1669 7968/5276/1669
f 7972/5280/1671 7969/5281/1670 7970/5278/1670
f 7974/5282/1672 7971/5283/1671 7972/5280/1671
f 7976/5284/1673 7973/5285/1672 7974/5282/1672
f 7978/5286/1674 7975/5287/1673 7976/5284/1673
f 7980/5288/1675 7977/5289/1674 7978/5286/1674
f 7982/5290/1676 7979/5291/1675 7980/5288/1675
f 7984/5292/1677 7981/5293/1676 7982/5290/1676
f 7986/5294/1678 7983/5295/1677 7984/5292/1677
f 7988/5296/1679 7985/5297/1678 7986/5294/1678
f 7990/5298/1680 7987/5299/1679 7988/5296/1679
f 7992/5300/1681 7989/5301/1680 7990/5298/1680
f 7994/5302/1682 7991/5303/1683 7992/5300/1681
f 7996/5304/1684 7993/5305/1685 7994/5302/1682
f 7998/5306/1686 7995/5307/1687 7996/5304/1684
f 8000/5308/1688 7997/5309/1689 7998/5306/1686
f 8002/5310/1690 7999/5311/1688 8000/5308/1688
f 8004/5312/1691 8001/5313/1690 8002/5310/1690
f 8006/5314/1692 8003/5315/1691 8004/5312/1691
f 8008/5316/1693 8005/5317/1692 8006/5314/1692
f 8010/5318/1694 8007/5319/1693 8008/5316/1693
f 8012/5320/1695 8009/5321/1694 8010/5318/1694
f 8014/5322/1696 8011/5323/1695 8012/5320/1695
f 8016/5324/1697 8013/5325/1696 8014/5322/1696
f 8018/5326/1698 8015/5327/1697 8016/5324/1697
f 8020/5328/1699 8017/5329/1698 8018/5326/1698
f 8022/5330/1700 8019/5331/1699 8020/5328/1699
f 8024/5332/1701 8021/5333/1700 8022/5330/1700
f 8026/5334/1702 8023/5335/1701 8024/5332/1701
f 8028/5336/1703 8025/5337/1704 8026/5334/1702
f 8030/5338/1705 8027/5339/1706 8028/5336/1703
f 8032/5340/1707 8029/5341/1705 8030/5338/1705
f 8034/5342/1708 8031/5343/1707 8032/5340/1707
f 8036/5344/1709 8033/5345/1708 8034/5342/1708
f 8038/5346/1710 8035/5347/1709 8036/5344/1709
f 8040/5348/1711 8037/5349/1710 8038/5346/1710
f 8042/5350/1712 8039/5351/1711 8040/5348/1711
f 8044/5352/1713 8041/5353/1714 8042/5350/1712
f 8046/5354/1715 8043/5355/1713 8044/5352/1713
f 8048/5356/1716 8045/5357/1715 8046/5354/1715
f 8050/5358/1717 8047/5359/1716 8048/5356/1716
f 8052/5360/1718 8049/5361/1717 8050/5358/1717
f 8054/5362/1719 8051/5363/1718 8052/5360/1718
f 8056/5364/1720 8053/5365/1719 8054/5362/1719
f 8058/5366/1721 8055/5367/1720 8056/5364/1720
f 8060/5368/1722 8057/5369/1721 8058/5366/1721
f 8062/5370/1723 8059/5371/1722 8060/5368/1722
f 8064/5372/1724 8061/5373/1723 8062/5370/1723
f 8066/5374/1725 8063/5375/1726 8064/5372/1724
f 8068/5376/1727 8065/5377/1725 8066/5374/1725
f 8070/5378/1728 8067/5379/1727 8068/5376/1727
f 8072/5380/1729 8069/5381/1728 8070/5378/1728
f 8074/5382/1730 8071/5383/1729 8072/5380/1729
f 8076/5384/1363 8073/5385/1730 8074/5382/1730
f 8078/5386/1731 8075/5387/1363 8076/5384/1363
f 8080/5388/1732 8077/5389/1731 8078/5386/1731
f 8082/5390/1733 8079/5391/1732 8080/5388/1732
f 8084/5392/1734 8081/5393/1733 8082/5390/1733
f 8086/5394/1735 8083/5395/1734 8084/5392/1734
f 8088/5396/1736 8085/5397/1735 8086/5394/1735
f 8090/5398/1737 8087/5399/1736 8088/5396/1736
f 8092/5400/1738 8089/5401/1739 8090/5398/1737
f 8094/5402/1740 8091/5403/1738 8092/5400/1738
f 8096/5404/1741 8093/5405/1742 8094/5402/1740
f 8098/5406/1743 8095/5407/1744 8096/5404/1741
f 8100/5408/1745 8097/5409/1743 8098/5406/1743
f 8102/5410/1746 8099/5411/1745 8100/5408/1745
f 8104/5412/1747 8101/5413/1748 8102/5410/1746
f 8106/5414/1749 8103/5415/1747 8104/5412/1747
f 8108/5416/1750 8105/5417/1749 8106/5414/1749
f 8110/5418/1751 8107/5419/1750 8108/5416/1750
f 8112/5420/1752 8109/5421/1751 8110/5418/1751
f 8114/5422/1753 8111/5423/1752 8112/5420/1752
f 8116/5424/1754 8113/5425/1755 8114/5422/1753
f 8118/5426/1756 8115/5427/1754 8116/5424/1754
f 8120/5428/1757 8117/5429/1756 8118/5426/1756
f 8122/5430/1503 8119/5431/1757 8120/5428/1757
f 8124/5432/1758 8121/5433/1503 8122/5430/1503
f 8126/5434/1759 8123/5435/1758 8124/5432/1758
f 8128/5436/1760 8125/5437/1759 8126/5434/1759
f 8130/5438/1761 8127/5439/1760 8128/5436/1760
f 8132/5440/1762 8129/5441/1761 8130/5438/1761
f 8134/5442/1763 8131/5443/1762 8132/5440/1762
f 8136/5444/1764 8133/5445/1765 8134/5442/1763
f 8138/5446/1766 8135/5447/1764 8136/5444/1764
f 8140/5448/1767 8137/5449/1768 8138/5446/1766
f 8142/5450/1769 8139/5451/1770 8140/5448/1767
f 8144/5452/1771 8141/5453/1769 8142/5450/1769
f 8146/5454/1772 8143/5455/1771 8144/5452/1771
f 8148/5456/1773 8145/5457/1774 8146/5454/1772
f 8150/5458/1775 8147/5459/1773 8148/5456/1773
f 8152/5460/1776 8149/5461/1775 8150/5458/1775
f 8154/5462/1777 8151/5463/1776 8152/5460/1776
f 8156/5464/1778 8153/5465/1779 8154/5462/1777
f 8158/5466/1780 8155/5467/1778 8156/5464/1778
f 8160/5468/1781 8157/5469/1782 8158/5466/1780
f 8162/5470/1783 8159/5471/1781 8160/5468/1781
f 8164/5472/1784 8161/5473/1785 8162/5470/1783
f 8166/5474/1786 8163/5475/1787 8164/5472/1784
f 8168/5476/1788 8165/5477/1789 8166/5474/1786
f 8170/5478/1790 8167/5479/1791 8168/5476/1788
f 8172/5480/1792 8169/5481/1793 8170/5478/1790
f 8174/5482/1794 8171/5483/1795 8172/5480/1792
f 8176/5484/1796 8173/5485/1797 8174/5482/1794
f 8178/5486/1798 8175/5487/1799 8176/5484/1796
f 8180/5488/1800 8177/5489/1798 8178/5486/1798
f 8182/5490/1801 8179/5491/1800 8180/5488/1800
f 8184/5492/1802 8181/5493/1801 8182/5490/1801
f 8186/5494/1803 8183/5495/1802 8184/5492/1802
f 8188/5496/1804 8185/5497/1805 8186/5494/1803
f 8190/5498/414 8187/5499/1804 8188/5496/1804
f 8192/5500/413 8189/5501/414 8190/5498/414
f 8194/5502/1806 8191/5503/413 8192/5500/413
f 8196/5504/1807 8193/5505/1806 8194/5502/1806
f 8198/5506/1808 8195/5507/1807 8196/5504/1807
f 8200/5508/1809 8197/5509/1808 8198/5506/1808
f 8202/5510/1810 8199/5511/1809 8200/5508/1809
f 8204/5512/1811 8201/5513/1810 8202/5510/1810
f 8206/5514/1812 8203/5515/1811 8204/5512/1811
f 8208/5516/1813 8205/5517/1814 8206/5514/1812
f 8210/5518/1815 8207/5519/1816 8208/5516/1813
f 8212/5520/1817 8209/5521/1815 8210/5518/1815
f 8214/5522/1818 8211/5523/1817 8212/5520/1817
f 8216/5524/1819 8213/5525/1818 8214/5522/1818
f 8218/5526/1820 8215/5527/1819 8216/5524/1819
f 8220/5528/1821 8217/5529/1820 8218/5526/1820
f 8222/5530/1822 8219/5531/1821 8220/5528/1821
f 8224/5532/1823 8221/5533/1822 8222/5530/1822
f 8226/5534/1824 8223/5535/1823 8224/5532/1823
f 8228/5536/1825 8225/5537/1824 8226/5534/1824
f 8230/5538/1826 8227/5539/1825 8228/5536/1825
f 8232/5540/1827 8229/5541/1826 8230/5538/1826
f 8234/5542/1828 8231/5543/1827 8232/5540/1827
f 8236/5544/1829 8233/5545/1828 8234/5542/1828
f 8238/5546/1830 8235/5547/1829 8236/5544/1829
f 8240/5548/1831 8237/5549/1830 8238/5546/1830
f 8242/5550/1832 8239/5551/1831 8240/5548/1831
f 8244/5552/1833 8241/5553/1832 8242/5550/1832
f 8246/5554/1834 8243/5555/1833 8244/5552/1833
f 8248/5556/1835 8245/5557/1834 8246/5554/1834
f 8250/5558/1836 8247/5559/1837 8248/5556/1835
f 8252/5560/1838 8249/5561/1836 8250/5558/1836
f 8254/5562/1839 8251/5563/1838 8252/5560/1838
f 8256/5564/1840 8253/5565/1839 8254/5562/1839
f 8258/5566/1841 8255/5567/1840 8256/5564/1840
f 8260/5568/1842 8257/5569/1841 8258/5566/1841
f 8262/5570/1843 8259/5571/1842 8260/5568/1842
f 8264/5572/1844 8261/5573/1843 8262/5570/1843
f 8266/5574/1845 8263/5575/1844 8264/5572/1844
f 8268/5576/1846 8265/5577/1845 8266/5574/1845
f 8270/5578/1847 8267/5579/1846 8268/5576/1846
f 8272/5580/1848 8269/5581/1847 8270/5578/1847
f 8274/5582/1849 8271/5583/1848 8272/5580/1848
f 8276/5584/1850 8273/5585/1849 8274/5582/1849
f 8278/5586/1851 8275/5587/1850 8276/5584/1850
f 8280/5588/1852 8277/5589/1851 8278/5586/1851
f 8282/5590/1853 8279/5591/1852 8280/5588/1852
f 8284/5592/1854 8281/5593/1853 8282/5590/1853
f 8286/5594/1855 8283/5595/1854 8284/5592/1854
f 8288/5596/1856 8285/5597/1855 8286/5594/1855
f 8290/5598/1857 8287/5599/1856 8288/5596/1856
f 8292/5600/1858 8289/5601/1857 8290/5598/1857
f 8294/5602/1859 8291/5603/1858 8292/5600/1858
f 8296/5604/1860 8293/5605/1859 8294/5602/1859
f 8298/5606/1861 8295/5607/1860 8296/5604/1860
f 8300/5608/1862 8297/5609/1861 8298/5606/1861
f 8302/5610/1863 8299/5611/1862 8300/5608/1862
f 8304/5612/1864 8301/5613/1863 8302/5610/1863
f 8306/5614/1865 8303/5615/1864 8304/5612/1864
f 8308/5616/1866 8305/5617/1865 8306/5614/1865
f 8310/5618/1867 8307/5619/1866 8308/5616/1866
f 8312/5620/1868 8309/5621/1867 8310/5618/1867
f 8314/5622/1869 8311/5623/1868 8312/5620/1868
f 8316/5624/1870 8313/5625/1869 8314/5622/1869
f 8318/5626/1871 8315/5627/1870 8316/5624/1870
f 8320/5628/1872 8317/5629/1871 8318/5626/1871
f 8322/5630/1873 8319/5631/1872 8320/5628/1872
f 8324/5632/1874 8321/5633/1873 8322/5630/1873
f 8326/5634/1875 8323/5635/1874 8324/5632/1874
f 8328/5636/1876 8325/5637/1875 8326/5634/1875
f 8330/5638/1877 8327/5639/1876 8328/5636/1876
f 8332/5640/1878 8329/5641/1877 8330/5638/1877
f 8334/5642/1879 8331/5643/1878 8332/5640/1878
f 8336/5644/1880 8333/5645/1879 8334/5642/1879
f 8338/5646/1881 8335/5647/1880 8336/5644/1880
f 8340/5648/1882 8337/5649/1881 8338/5646/1881
f 8342/5650/708 8339/5651/1882 8340/5648/1882
f 8344/5652/1883 8341/5653/708 8342/5650/708
f 8346/5654/1884 8343/5655/1883 8344/5652/1883
f 8348/5656/1885 8345/5657/1884 8346/5654/1884
f 8350/5658/1886 8347/5659/1885 8348/5656/1885
f 8352/5660/1887 8349/5661/1886 8350/5658/1886
f 8354/5662/1888 8351/5663/1887 8352/5660/1887
f 8356/5664/1889 8353/5665/1888 8354/5662/1888
f 8358/5666/1890 8355/5667/1889 8356/5664/1889
f 8360/5668/1891 8357/5669/1890 8358/5666/1890
f 8362/5670/1892 8359/5671/1891 8360/5668/1891
f 8364/5672/1893 8361/5673/1892 8362/5670/1892
f 8366/5674/1894 8363/5675/1893 8364/5672/1893
f 8368/5676/1895 8365/5677/1894 8366/5674/1894
f 8370/5678/1896 8367/5679/1895 8368/5676/1895
f 8372/5680/1897 8369/5681/1896 8370/5678/1896
f 8374/5682/1898 8371/5683/1897 8372/5680/1897
f 8376/5684/1899 8373/5685/1898 8374/5682/1898
f 8378/5686/1900 8375/5687/1899 8376/5684/1899
f 8380/5688/1901 8377/5689/1902 8378/5686/1900
f 8382/5690/1903 8379/5691/1901 8380/5688/1901
f 8384/5692/1904 8381/5693/1903 8382/5690/1903
f 8386/5694/1905 8383/5695/1904 8384/5692/1904
f 8388/5696/1906 8385/5697/1905 8386/5694/1905
f 8390/5698/1907 8387/5699/1906 8388/5696/1906
f 8392/5700/1908 8389/5701/1907 8390/5698/1907
f 8394/5702/523 8391/5703/1908 8392/5700/1908
f 8396/5704/1909 8393/5705/1910 8394/5702/523
f 8398/5706/1911 8395/5707/1909 8396/5704/1909
f 8400/5708/1912 8397/5709/1911 8398/5706/1911
f 8402/5710/1913 8399/5711/1914 8400/5708/1912
f 8404/5712/1915 8401/5713/1913 8402/5710/1913
f 8406/5714/1916 8403/5715/1917 8404/5712/1915
f 8408/5716/1918 8405/5717/1916 8406/5714/1916
f 8410/5718/1919 8407/5719/1918 8408/5716/1918
f 8412/5720/1920 8409/5721/1919 8410/5718/1919
f 8414/5722/1921 8411/5723/1920 8412/5720/1920
f 8416/5724/1922 8413/5725/1923 8414/5722/1921
f 8418/5726/1924 8415/5727/1922 8416/5724/1922
f 8420/5728/1925 8417/5729/1924 8418/5726/1924
f 8422/5730/1926 8419/5731/1925 8420/5728/1925
f 8424/5732/1927 8421/5733/1926 8422/5730/1926
f 8426/5734/1928 8423/5735/1927 8424/5732/1927
f 8428/5736/1929 8425/5737/1930 8426/5734/1928
f 8430/5738/1931 8427/5739/1932 8428/5736/1929
f 8432/5740/1933 8429/5741/1931 8430/5738/1931
f 8434/5742/1934 8431/5743/1933 8432/5740/1933
f 8436/5744/1935 8433/5745/1934 8434/5742/1934
f 8438/5746/1936 8435/5747/1935 8436/5744/1935
f 8440/5748/1937 8437/5749/1936 8438/5746/1936
f 8442/5750/1938 8439/5751/1937 8440/5748/1937
f 8444/5752/1939 8441/5753/1938 8442/5750/1938
f 8446/5754/1940 8443/5755/1939 8444/5752/1939
f 8448/5756/1941 8445/5757/1942 8446/5754/1940
f 8450/5758/752 8447/5759/1941 8448/5756/1941
f 8452/5760/1943 8449/5761/752 8450/5758/752
f 8454/5762/1944 8451/5763/1943 8452/5760/1943
f 8456/5764/1945 8453/5765/1944 8454/5762/1944
f 8458/5766/1946 8455/5767/1945 8456/5764/1945
f 8460/5768/1947 8457/5769/1946 8458/5766/1946
f 8462/5770/1948 8459/5771/1947 8460/5768/1947
f 8464/5772/1949 8461/5773/1948 8462/5770/1948
f 8466/5774/1950 8463/5775/1949 8464/5772/1949
f 8468/5776/1951 8465/5777/1950 8466/5774/1950
f 8470/5778/1952 8467/5779/1951 8468/5776/1951
f 8472/5780/1953 8469/5781/1952 8470/5778/1952
f 8474/5782/1954 8471/5783/1953 8472/5780/1953
f 8476/5784/1955 8473/5785/1954 8474/5782/1954
f 8478/5786/1956 8475/5787/1955 8476/5784/1955
f 8480/5788/1957 8477/5789/1956 8478/5786/1956
f 8482/5790/1958 8479/5791/1957 8480/5788/1957
f 8484/5792/1959 8481/5793/1958 8482/5790/1958
f 8486/5794/1960 8483/5795/1959 8484/5792/1959
f 8488/5796/1961 8485/5797/1960 8486/5794/1960
f 8490/5798/1211 8487/5799/1961 8488/5796/1961
f 8492/5800/1962 8489/5801/1211 8490/5798/1211
f 8494/5802/1963 8491/5803/1962 8492/5800/1962
f 8496/5804/1964 8493/5805/1963 8494/5802/1963
f 8498/5806/1965 8495/5807/1964 8496/5804/1964
f 8500/5808/1966 8497/5809/1965 8498/5806/1965
f 8502/5810/1967 8499/5811/1966 8500/5808/1966
f 8504/5812/1968 8501/5813/1967 8502/5810/1967
f 8506/5814/1969 8503/5815/1968 8504/5812/1968
f 8508/5816/1970 8505/5817/1969 8506/5814/1969
f 8510/5818/1971 8507/5819/1970 8508/5816/1970
f 8512/5820/1972 8509/5821/1971 8510/5818/1971
f 8514/5822/1973 8511/5823/1972 8512/5820/1972
f 8516/5824/1974 8513/5825/1973 8514/5822/1973
f 8518/5826/1975 8515/5827/1974 8516/5824/1974
f 8520/5828/1976 8517/5829/1975 8518/5826/1975
f 8522/5830/1977 8519/5831/1976 8520/5828/1976
f 8524/5832/1978 8521/5833/1977 8522/5830/1977
f 8526/5834/1979 8523/5835/1978 8524/5832/1978
f 8528/5836/1980 8525/5837/1979 8526/5834/1979
f 8530/5838/1981 8527/5839/1980 8528/5836/1980
f 8532/5840/1982 8529/5841/1981 8530/5838/1981
f 8534/5842/1983 8531/5843/1982 8532/5840/1982
f 8536/5844/1139 8533/5845/1983 8534/5842/1983
f 8538/5846/1984 8535/5847/1139 8536/5844/1139
f 8540/5848/1985 8537/5849/1984 8538/5846/1984
f 8542/5850/1986 8539/5851/1985 8540/5848/1985
f 8544/5852/1987 8541/5853/1986 8542/5850/1986
f 8546/5854/1988 8543/5855/1987 8544/5852/1987
f 8548/5856/1989 8545/5857/1988 8546/5854/1988
f 8550/5858/1990 8547/5859/1989 8548/5856/1989
f 8552/5860/1991 8549/5861/1990 8550/5858/1990
f 8554/5862/1992 8551/5863/1991 8552/5860/1991
f 8556/5864/1993 8553/5865/1992 8554/5862/1992
f 8558/5866/1994 8555/5867/1993 8556/5864/1993
f 8560/5868/1995 8557/5869/1994 8558/5866/1994
f 8562/5870/1996 8559/5871/1997 8560/5868/1995
f 8564/5872/1998 8561/5873/1996 8562/5870/1996
f 8566/5874/1091 8563/5875/1998 8564/5872/1998
f 8568/5876/1999 8565/5877/2000 8566/5874/1091
f 8570/5878/2001 8567/5879/1999 8568/5876/1999
f 8572/5880/2002 8569/5881/2003 8570/5878/2001
f 8574/5882/2004 8571/5883/2002 8572/5880/2002
f 8576/5884/2005 8573/5885/2004 8574/5882/2004
f 8578/5886/2006 8575/5887/2005 8576/5884/2005
f 8580/5888/2007 8577/5889/2006 8578/5886/2006
f 8582/5890/2008 8579/5891/2007 8580/5888/2007
f 8584/5892/2009 8581/5893/2008 8582/5890/2008
f 8586/5894/2010 8583/5895/2009 8584/5892/2009
f 8588/5896/2011 8585/5897/2012 8586/5894/2010
f 8590/5898/2013 8587/5899/2011 8588/5896/2011
f 8592/5900/2014 8589/5901/2015 8590/5898/2013
f 8594/5902/2016 8591/5903/2014 8592/5900/2014
f 8596/5904/2017 8593/5905/2016 8594/5902/2016
f 8598/5906/2018 8595/5907/2017 8596/5904/2017
f 8600/5908/2019 8597/5909/2018 8598/5906/2018
f 8602/5910/2020 8599/5911/2019 8600/5908/2019
f 8604/5912/2021 8601/5913/2020 8602/5910/2020
f 8606/5914/2022 8603/5915/2021 8604/5912/2021
f 8608/5916/2023 8605/5917/2022 8606/5914/2022
f 8610/5918/2024 8607/5919/2023 8608/5916/2023
f 8612/5920/2025 8609/5921/2024 8610/5918/2024
f 8614/5922/2026 8611/5923/2025 8612/5920/2025
f 8616/5924/2027 8613/5925/2026 8614/5922/2026
f 8618/5926/2028 8615/5927/2027 8616/5924/2027
f 8620/5928/2029 8617/5929/2028 8618/5926/2028
f 8622/5930/2030 8619/5931/2029 8620/5928/2029
f 8624/5932/2031 8621/5933/2030 8622/5930/2030
f 8626/5934/2032 8623/5935/2033 8624/5932/2031
f 8628/5936/2034 8625/5937/2032 8626/5934/2032
f 8630/5938/2035 8627/5939/2034 8628/5936/2034
f 8632/5940/2036 8629/5941/2035 8630/5938/2035
f 8634/5942/2037 8631/5943/2036 8632/5940/2036
f 8636/5944/2038 8633/5945/2037 8634/5942/2037
f 8638/5946/2039 8635/5947/2038 8636/5944/2038
f 8640/5948/2040 8637/5949/2039 8638/5946/2039
f 8642/5950/2041 8639/5951/2040 8640/5948/2040
f 8644/5952/2042 8641/5953/2041 8642/5950/2041
f 8646/5954/2043 8643/5955/2042 8644/5952/2042
f 8648/5956/2044 8645/5957/2043 8646/5954/2043
f 8650/5958/2045 8647/5959/2046 8648/5956/2044
f 8652/5960/2047 8649/5961/2048 8650/5958/2045
f 8654/5962/2049 8651/5963/2047 8652/5960/2047
f 8656/5964/1058 8653/5965/2049 8654/5962/2049
f 8658/5966/2050 8655/5967/1058 8656/5964/1058
f 8660/5968/2051 8657/5969/2050 8658/5966/2050
f 8662/5970/2052 8659/5971/2051 8660/5968/2051
f 8664/5972/2053 8661/5973/2052 8662/5970/2052
f 8666/5974/2054 8663/5975/2053 8664/5972/2053
f 8668/5976/2055 8665/5977/2054 8666/5974/2054
f 8670/5978/2056 8667/5979/2055 8668/5976/2055
f 8672/5980/2057 8669/5981/2056 8670/5978/2056
f 8674/5982/2058 8671/5983/2057 8672/5980/2057
f 8676/5984/2059 8673/5985/2058 8674/5982/2058
f 8678/5986/2060 8675/5987/2059 8676/5984/2059
f 8680/5988/2061 8677/5989/2060 8678/5986/2060
f 8682/5990/2062 8679/5991/2061 8680/5988/2061
f 8684/5992/2063 8681/5993/2062 8682/5990/2062
f 8686/5994/2064 8683/5995/2063 8684/5992/2063
f 8688/5996/2065 8685/5997/2064 8686/5994/2064
f 8690/5998/2066 8687/5999/2065 8688/5996/2065
f 8692/6000/2067 8689/6001/2066 8690/5998/2066
f 8694/6002/2068 8691/6003/2067 8692/6000/2067
f 8696/6004/2069 8693/6005/2068 8694/6002/2068
f 8698/6006/2070 8695/6007/2069 8696/6004/2069
f 8700/6008/2071 8697/6009/2070 8698/6006/2070
f 8702/6010/2072 8699/6011/2071 8700/6008/2071
f 8704/6012/2073 8701/6013/2072 8702/6010/2072
f 8706/6014/2074 8703/6015/2073 8704/6012/2073
f 8708/6016/2075 8705/6017/2074 8706/6014/2074
f 8710/6018/2076 8707/6019/2077 8708/6016/2075
f 8712/6020/2078 8709/6021/2079 8710/6018/2076
f 8714/6022/2080 8711/6023/2081 8712/6020/2078
f 8716/6024/2082 8713/6025/2080 8714/6022/2080
f 8718/6026/2083 8715/6027/2082 8716/6024/2082
f 8720/6028/2084 8717/6029/2083 8718/6026/2083
f 8722/6030/2085 8719/6031/2084 8720/6028/2084
f 8724/6032/2086 8721/6033/2087 8722/6030/2085
f 8726/6034/2088 8723/6035/2089 8724/6032/2086
f 8728/6036/2090 8725/6037/2088 8726/6034/2088
f 8730/6038/2091 8727/6039/2090 8728/6036/2090
f 8732/6040/2092 8729/6041/2091 8730/6038/2091
f 8734/6042/2093 8731/6043/2092 8732/6040/2092
f 8736/6044/2094 8733/6045/2093 8734/6042/2093
f 8738/6046/2095 8735/6047/2094 8736/6044/2094
f 8740/6048/2096 8737/6049/2095 8738/6046/2095
f 8742/6050/1049 8739/6051/2096 8740/6048/2096
f 8744/6052/2097 8741/6053/1049 8742/6050/1049
f 8746/6054/2098 8743/6055/2097 8744/6052/2097
f 8748/6056/2099 8745/6057/2098 8746/6054/2098
f 8750/6058/2100 8747/6059/2101 8748/6056/2099
f 8752/6060/2102 8749/6061/2100 8750/6058/2100
f 8754/6062/2103 8751/6063/2104 8752/6060/2102
f 8756/6064/2105 8753/6065/2103 8754/6062/2103
f 8758/6066/2106 8755/6067/2105 8756/6064/2105
f 8760/6068/2107 8757/6069/2108 8758/6066/2106
f 8762/6070/2109 8759/6071/2110 8760/6068/2107
f 8764/6072/2111 8761/6073/2112 8762/6070/2109
f 8766/6074/2067 8763/6075/2113 8764/6072/2111
f 8768/6076/2114 8765/6077/2067 8766/6074/2067
f 8770/6078/2115 8767/6079/2116 8768/6076/2114
f 8772/6080/2117 8769/6081/2115 8770/6078/2115
f 8774/6082/2118 8771/6083/2117 8772/6080/2117
f 8776/6084/2119 8773/6085/2118 8774/6082/2118
f 8778/6086/2120 8775/6087/2119 8776/6084/2119
f 8780/6088/2121 8777/6089/2122 8778/6086/2120
f 8782/6090/2123 8779/6091/2124 8780/6088/2121
f 8784/6092/2125 8781/6093/2123 8782/6090/2123
f 8786/6094/2126 8783/6095/2127 8784/6092/2125
f 8788/6096/2128 8785/6097/2126 8786/6094/2126
f 8790/6098/2129 8787/6099/2128 8788/6096/2128
f 8792/6100/2130 8789/6101/2129 8790/6098/2129
f 8794/6102/2131 8791/6103/2130 8792/6100/2130
f 8796/6104/2132 8793/6105/2131 8794/6102/2131
f 8798/6106/2133 8795/6107/2132 8796/6104/2132
f 8800/6108/2134 8797/6109/2133 8798/6106/2133
f 8802/6110/2135 8799/6111/2134 8800/6108/2134
f 8804/6112/2136 8801/6113/2137 8802/6110/2135
f 8806/6114/2138 8803/6115/2061 8804/6112/2136
f 8808/6116/2139 8805/6117/2138 8806/6114/2138
f 8810/6118/2140 8807/6119/2141 8808/6116/2139
f 8812/6120/2142 8809/6121/2060 8810/6118/2140
f 8814/6122/2143 8811/6123/2144 8812/6120/2142
f 8816/6124/2059 8813/6125/2145 8814/6122/2143
f 8818/6126/2146 8815/6127/2059 8816/6124/2059
f 8820/6128/2147 8817/6129/2146 8818/6126/2146
f 8822/6130/2148 8819/6131/2149 8820/6128/2147
f 8824/6132/2150 8821/6133/2058 8822/6130/2148
f 8826/6134/2151 8823/6135/2152 8824/6132/2150
f 8828/6136/2153 8825/6137/2154 8826/6134/2151
f 8830/6138/2155 8827/6139/2153 8828/6136/2153
f 8832/6140/2156 8829/6141/2157 8830/6138/2155
f 8834/6142/2158 8831/6143/2156 8832/6140/2156
f 8836/6144/2159 8833/6145/2158 8834/6142/2158
f 8838/6146/2160 8835/6147/2161 8836/6144/2159
f 8840/6148/2162 8837/6149/2160 8838/6146/2160
f 8842/6150/2163 8839/6151/2162 8840/6148/2162
f 8844/6152/2164 8841/6153/2163 8842/6150/2163
f 8846/6154/2165 8843/6155/2164 8844/6152/2164
f 8848/6156/2166 8845/6157/2165 8846/6154/2165
f 8850/6158/2167 8847/6159/2166 8848/6156/2166
f 8852/6160/2019 8849/6161/2167 8850/6158/2167
f 8854/6162/2014 8851/6163/2019 8852/6160/2019
f 8856/6164/2168 8853/6165/2014 8854/6162/2014
f 8858/6166/2169 8855/6167/2168 8856/6164/2168
f 8860/6168/2170 8857/6169/2169 8858/6166/2169
f 8862/6170/2171 8859/6171/2170 8860/6168/2170
f 8864/6172/2172 8861/6173/2171 8862/6170/2171
f 8866/6174/2173 8863/6175/2172 8864/6172/2172
f 8868/6176/2174 8865/6177/2173 8866/6174/2173
f 8870/6178/2175 8867/6179/2174 8868/6176/2174
f 8872/6180/2176 8869/6181/2175 8870/6178/2175
f 8874/6182/2177 8871/6183/2176 8872/6180/2176
f 8876/6184/2178 8873/6185/2179 8874/6182/2177
f 8878/6186/2180 8875/6187/2178 8876/6184/2178
f 8880/6188/2181 8877/6189/2180 8878/6186/2180
f 8882/6190/2182 8879/6191/2183 8880/6188/2181
f 8884/6192/2184 8881/6193/2182 8882/6190/2182
f 8886/6194/2185 8883/6195/2184 8884/6192/2184
f 8888/6196/2186 8885/6197/2185 8886/6194/2185
f 8890/6198/2187 8887/6199/2188 8888/6196/2186
f 8892/6200/2189 8889/6201/2190 8890/6198/2187
f 8894/6202/2191 8891/6203/2189 8892/6200/2189
f 8896/6204/2192 8893/6205/2191 8894/6202/2191
f 8898/6206/2193 8895/6207/2192 8896/6204/2192
f 8900/6208/2194 8897/6209/2193 8898/6206/2193
f 8902/6210/2195 8899/6211/2194 8900/6208/2194
f 8904/6212/2196 8901/6213/2195 8902/6210/2195
f 8906/6214/2197 8903/6215/2196 8904/6212/2196
f 8908/6216/2198 8905/6217/2197 8906/6214/2197
f 8910/6218/2199 8907/6219/2200 8908/6216/2198
f 8912/6220/2201 8909/6221/2199 8910/6218/2199
f 8914/6222/2202 8911/6223/2203 8912/6220/2201
f 8916/6224/1966 8913/6225/2202 8914/6222/2202
f 8918/6226/2204 8915/6227/1966 8916/6224/1966
f 8920/6228/2205 8917/6229/2204 8918/6226/2204
f 8922/6230/2206 8919/6231/2205 8920/6228/2205
f 8924/6232/2207 8921/6233/2206 8922/6230/2206
f 8926/6234/2208 8923/6235/2207 8924/6232/2207
f 8928/6236/2209 8925/6237/2208 8926/6234/2208
f 8930/6238/1213 8927/6239/2209 8928/6236/2209
f 8932/6240/2210 8929/6241/1213 8930/6238/1213
f 8934/6242/2211 8931/6243/2210 8932/6240/2210
f 8936/6244/2212 8933/6245/2213 8934/6242/2211
f 8938/6246/2214 8935/6247/2212 8936/6244/2212
f 8940/6248/2215 8937/6249/2214 8938/6246/2214
f 8942/6250/2216 8939/6251/2217 8940/6248/2215
f 8944/6252/2218 8941/6253/2216 8942/6250/2216
f 8946/6254/2219 8943/6255/2218 8944/6252/2218
f 8948/6256/2220 8945/6257/2221 8946/6254/2219
f 8950/6258/2222 8947/6259/2223 8948/6256/2220
f 8952/6260/2224 8949/6261/2222 8950/6258/2222
f 8954/6262/2225 8951/6263/2224 8952/6260/2224
f 8956/6264/2226 8953/6265/2225 8954/6262/2225
f 8958/6266/2227 8955/6267/2226 8956/6264/2226
f 8960/6268/2228 8957/6269/2227 8958/6266/2227
f 8962/6270/2229 8959/6271/2230 8960/6268/2228
f 8964/6272/2231 8961/6273/2229 8962/6270/2229
f 8966/6274/2232 8963/6275/2231 8964/6272/2231
f 8968/6276/2233 8965/6277/2234 8966/6274/2232
f 8970/6278/2235 8967/6279/2233 8968/6276/2233
f 8972/6280/2236 8969/6281/2237 8970/6278/2235
f 8974/6282/2238 8971/6283/2236 8972/6280/2236
f 8976/6284/1230 8973/6285/2239 8974/6282/2238
f 8978/6286/2240 8975/6287/2241 8976/6284/1230
f 8980/6288/2242 8977/6289/2243 8978/6286/2240
f 8982/6290/2244 8979/6291/2242 8980/6288/2242
f 8984/6292/2245 8981/6293/2246 8982/6290/2244
f 8986/6294/2247 8983/6295/2245 8984/6292/2245
f 8988/6296/2248 8985/6297/1226 8986/6294/2247
f 8990/6298/760 8987/6299/2248 8988/6296/2248
f 8992/6300/2249 8989/6301/757 8990/6298/760
f 8994/6302/2250 8991/6303/2251 8992/6300/2249
f 8996/6304/2252 8993/6305/2253 8994/6302/2250
f 8998/6306/2254 8995/6307/2252 8996/6304/2252
f 9000/6308/2255 8997/6309/2256 8998/6306/2254
f 9002/6310/2257 8999/6311/2258 9000/6308/2255
f 9004/6312/554 9001/6313/2257 9002/6310/2257
f 9006/6314/2259 9003/6315/2260 9004/6312/554
f 9008/6316/1959 9005/6317/2261 9006/6314/2259
f 9010/6318/2262 9007/6319/2263 9008/6316/1959
f 9012/6320/2264 9009/6321/2265 9010/6318/2262
f 9014/6322/2266 9011/6323/2267 9012/6320/2264
f 9016/6324/2268 9013/6325/2269 9014/6322/2266
f 9018/6326/2270 9015/6327/2271 9016/6324/2268
f 9020/6328/2272 9017/6329/2273 9018/6326/2270
f 9022/6330/2274 9019/6331/2272 9020/6328/2272
f 9024/6332/2275 9021/6333/2206 9022/6330/2274
f 9026/6334/2276 9023/6335/2277 9024/6332/2275
f 9028/6336/1199 9025/6337/2276 9026/6334/2276
f 9030/6338/2278 9027/6339/1199 9028/6336/1199
f 9032/6340/2279 9029/6341/2280 9030/6338/2278
f 9034/6342/2281 9031/6343/2282 9032/6340/2279
f 9036/6344/2283 9033/6345/2284 9034/6342/2281
f 9038/6346/2285 9035/6347/2286 9036/6344/2283
f 9040/6348/2287 9037/6349/2288 9038/6346/2285
f 9042/6350/2289 9039/6351/2290 9040/6348/2287
f 9044/6352/2291 9041/6353/2289 9042/6350/2289
f 9046/6354/1168 9043/6355/2291 9044/6352/2291
f 9048/6356/2292 9045/6357/2293 9046/6354/1168
f 9050/6358/2294 9047/6359/2295 9048/6356/2292
f 9052/6360/2296 9049/6361/2294 9050/6358/2294
f 9054/6362/2297 9051/6363/775 9052/6360/2296
f 9056/6364/2298 9053/6365/2299 9054/6362/2297
f 9058/6366/2300 9055/6367/2301 9056/6364/2298
f 9060/6368/2302 9057/6369/2303 9058/6366/2300
f 9062/6370/2304 9059/6371/2305 9060/6368/2302
f 9064/6372/2306 9061/6373/2307 9062/6370/2304
f 9066/6374/2308 9063/6375/2309 9064/6372/2306
f 9068/6376/1109 9065/6377/2310 9066/6374/2308
f 9070/6378/2311 9067/6379/1109 9068/6376/1109
f 9072/6380/2312 9069/6381/2313 9070/6378/2311
f 9074/6382/2314 9071/6383/2315 9072/6380/2312
f 9076/6384/2316 9073/6385/2314 9074/6382/2314
f 9078/6386/2317 9075/6387/1087 9076/6384/2316
f 9080/6388/2013 9077/6389/2318 9078/6386/2317
f 9082/6390/2319 9079/6391/2320 9080/6388/2013
f 9084/6392/2321 9081/6393/2319 9082/6390/2319
f 9086/6394/2322 9083/6395/2321 9084/6392/2321
f 9088/6396/2323 9085/6397/2322 9086/6394/2322
f 9090/6398/2324 9087/6399/2325 9088/6396/2323
f 9092/6400/2326 9089/6401/2327 9090/6398/2324
f 9094/6402/1047 9091/6403/2130 9092/6400/2326
f 9096/6404/2328 9093/6405/2329 9094/6402/1047
f 9098/6406/2330 9095/6407/2331 9096/6404/2328
f 9100/6408/2332 9097/6409/2333 9098/6406/2330
f 9102/6410/2334 9099/6411/2335 9100/6408/2332
f 9104/6412/2336 9101/6413/2337 9102/6410/2334
f 9106/6414/2338 9103/6415/2336 9104/6412/2336
f 9108/6416/2339 9105/6417/2340 9106/6414/2338
f 9110/6418/2341 9107/6419/2342 9108/6416/2339
f 9112/6420/2343 9109/6421/2341 9110/6418/2341
f 9114/6422/2344 9111/6423/2345 9112/6420/2343
f 9116/6424/2346 9113/6425/2347 9114/6422/2344
f 9118/6426/2348 9115/6427/2349 9116/6424/2346
f 9120/6428/2350 9117/6429/2351 9118/6426/2348
f 9122/6430/2352 9119/6431/2350 9120/6428/2350
f 9124/6432/2353 9121/6433/2352 9122/6430/2352
f 9126/6434/2354 9123/6435/2353 9124/6432/2353
f 9128/6436/2355 9125/6437/2354 9126/6434/2354
f 9130/6438/2356 9127/6439/2355 9128/6436/2355
f 9132/6440/2357 9129/6441/2358 9130/6438/2356
f 9134/6442/2359 9131/6443/2360 9132/6440/2357
f 9136/6444/47 9133/6445/2361 9134/6442/2359
f 9138/6446/2362 9135/6447/47 9136/6444/47
f 9140/6448/2363 9137/6449/2362 9138/6446/2362
f 9142/6450/2364 9139/6451/2363 9140/6448/2363
f 9144/6452/2365 9141/6453/2364 9142/6450/2364
f 9146/6454/2366 9143/6455/2365 9144/6452/2365
f 9148/6456/2367 9145/6457/2368 9146/6454/2366
f 9150/6458/2369 9147/6459/2367 9148/6456/2367
f 9152/6460/2370 9149/6461/2369 9150/6458/2369
f 9154/6462/2371 9151/6463/2370 9152/6460/2370
f 9156/6464/2372 9153/6465/2373 9154/6462/2371
f 9158/6466/2374 9155/6467/2375 9156/6464/2372
f 9160/6468/2376 9157/6469/2374 9158/6466/2374
f 9162/6470/2377 9159/6471/2378 9160/6468/2376
f 9164/6472/2379 9161/6473/2380 9162/6470/2377
f 9166/6474/66 9163/6475/2381 9164/6472/2379
f 9168/6476/2382 9165/6477/66 9166/6474/66
f 9170/6478/2383 9167/6479/2382 9168/6476/2382
f 9172/6480/2384 9169/6481/2383 9170/6478/2383
f 9174/6482/2385 9171/6483/2384 9172/6480/2384
f 9176/6484/2386 9173/6485/889 9174/6482/2385
f 9178/6486/2387 9175/6487/2388 9176/6484/2386
f 9180/6488/2389 9177/6489/2387 9178/6486/2387
f 9182/6490/2390 9179/6491/2389 9180/6488/2389
f 9184/6492/2391 9181/6493/2390 9182/6490/2390
f 9186/6494/2392 9183/6495/2391 9184/6492/2391
f 9188/6496/2393 9185/6497/2392 9186/6494/2392
f 9190/6498/2394 9187/6499/2395 9188/6496/2393
f 9192/6500/2396 9189/6501/2394 9190/6498/2394
f 9194/6502/2397 9191/6503/2396 9192/6500/2396
f 9196/6504/2398 9193/6505/2399 9194/6502/2397
f 9198/6506/2400 9195/6507/2398 9196/6504/2398
f 9200/6508/2401 9197/6509/2400 9198/6506/2400
f 9202/6510/2402 9199/6511/2401 9200/6508/2401
f 9204/6512/2403 9201/6513/2402 9202/6510/2402
f 9206/6514/2404 9203/6515/2403 9204/6512/2403
f 9208/6516/2405 9205/6517/2404 9206/6514/2404
f 9210/6518/2406 9207/6519/2405 9208/6516/2405
f 9212/6520/2407 9209/6521/2406 9210/6518/2406
f 9214/6522/2408 9211/6523/2407 9212/6520/2407
f 9216/6524/2409 9213/6525/2408 9214/6522/2408
f 9218/6526/2410 9215/6527/2409 9216/6524/2409
f 9220/6528/2411 9217/6529/2410 9218/6526/2410
f 9222/6530/2412 9219/6531/2411 9220/6528/2411
f 9224/6532/2413 9221/6533/2412 9222/6530/2412
f 9226/6534/2414 9223/6535/2413 9224/6532/2413
f 9228/6536/2415 9225/6537/2414 9226/6534/2414
f 9230/6538/2416 9227/6539/2415 9228/6536/2415
f 9232/6540/2417 9229/6541/2416 9230/6538/2416
f 9234/6542/2418 9231/6543/2419 9232/6540/2417
f 9236/6544/2420 9233/6545/2418 9234/6542/2418
f 9238/6546/2421 9235/6547/2420 9236/6544/2420
f 9240/6548/2422 9237/6549/2421 9238/6546/2421
f 9242/6550/2423 9239/6551/2422 9240/6548/2422
f 9244/6552/2424 9241/6553/2423 9242/6550/2423
f 9246/6554/2425 9243/6555/2424 9244/6552/2424
f 9248/6556/2426 9245/6557/2427 9246/6554/2425
f 9250/6558/2428 9247/6559/2429 9248/6556/2426
f 9252/6560/2430 9249/6561/2428 9250/6558/2428
f 9254/6562/2431 9251/6563/2430 9252/6560/2430
f 9256/6564/2432 9253/6565/2431 9254/6562/2431
f 9258/6566/2433 9255/6567/2432 9256/6564/2432
f 9260/6568/2434 9257/6569/2433 9258/6566/2433
f 9262/6570/2435 9259/6571/2434 9260/6568/2434
f 9264/6572/2436 9261/6573/2437 9262/6570/2435
f 9266/6574/2438 9263/6575/2436 9264/6572/2436
f 9268/6576/2439 9265/6577/2438 9266/6574/2438
f 9270/6578/2440 9267/6579/2439 9268/6576/2439
f 9272/6580/2441 9269/6581/2442 9270/6578/2440
f 9274/6582/2443 9271/6583/2441 9272/6580/2441
f 9276/6584/2444 9273/6585/2443 9274/6582/2443
f 9278/6586/2445 9275/6587/2444 9276/6584/2444
f 9280/6588/2446 9277/6589/2445 9278/6586/2445
f 9282/6590/2447 9279/6591/2446 9280/6588/2446
f 9284/6592/2448 9281/6593/2447 9282/6590/2447
f 9286/6594/2449 9283/6595/2448 9284/6592/2448
f 9288/6596/2450 9285/6597/2449 9286/6594/2449
f 9290/6598/2451 9287/6599/2450 9288/6596/2450
f 9292/6600/2452 9289/6601/2451 9290/6598/2451
f 9294/6602/2453 9291/6603/2452 9292/6600/2452
f 9296/6604/2454 9293/6605/2453 9294/6602/2453
f 9298/6606/2455 9295/6607/2454 9296/6604/2454
f 9300/6608/2456 9297/6609/2455 9298/6606/2455
f 9302/6610/2457 9299/6611/2456 9300/6608/2456
f 9304/6612/2458 9301/6613/2457 9302/6610/2457
f 9306/6614/2459 9303/6615/2458 9304/6612/2458
f 9308/6616/2460 9305/6617/2459 9306/6614/2459
f 9310/6618/2461 9307/6619/2460 9308/6616/2460
f 9312/6620/2462 9309/6621/2461 9310/6618/2461
f 9314/6622/2463 9311/6623/2462 9312/6620/2462
f 9316/6624/2464 9313/6625/2463 9314/6622/2463
f 9318/6626/2465 9315/6627/2466 9316/6624/2464
f 9320/6628/2467 9317/6629/2465 9318/6626/2465
f 9322/6630/2468 9319/6631/2467 9320/6628/2467
f 9324/6632/2469 9321/6633/2468 9322/6630/2468
f 9326/6634/2470 9323/6635/2469 9324/6632/2469
f 9328/6636/2471 9325/6637/2470 9326/6634/2470
f 9330/6638/2472 9327/6639/2471 9328/6636/2471
f 9332/6640/2473 9329/6641/2472 9330/6638/2472
f 9334/6642/2474 9331/6643/2473 9332/6640/2473
f 9336/6644/2475 9333/6645/2474 9334/6642/2474
f 9338/6646/2476 9335/6647/2477 9336/6644/2475
f 9340/6648/2478 9337/6649/2476 9338/6646/2476
f 9342/6650/2479 9339/6651/2478 9340/6648/2478
f 9344/6652/2480 9341/6653/2479 9342/6650/2479
f 9346/6654/2481 9343/6655/2480 9344/6652/2480
f 9348/6656/2482 9345/6657/2483 9346/6654/2481
f 9350/6658/2484 9347/6659/2482 9348/6656/2482
f 9352/6660/2485 9349/6661/2486 9350/6658/2484
f 9354/6662/2487 9351/6663/2488 9352/6660/2485
f 9356/6664/2489 9353/6665/2487 9354/6662/2487
f 9358/6666/2490 9355/6667/2489 9356/6664/2489
f 9360/6668/2491 9357/6669/2490 9358/6666/2490
f 9362/6670/184 9359/6671/2491 9360/6668/2491
f 9364/6672/2492 9361/6673/184 9362/6670/184
f 9366/6674/2493 9363/6675/2494 9364/6672/2492
f 9368/6676/2495 9365/6677/2493 9366/6674/2493
f 9370/6678/2496 9367/6679/2495 9368/6676/2495
f 9372/6680/2497 9369/6681/2496 9370/6678/2496
f 9374/6682/2498 9371/6683/2497 9372/6680/2497
f 9376/6684/2499 9373/6685/2498 9374/6682/2498
f 9378/6686/2500 9375/6687/2499 9376/6684/2499
f 9380/6688/2501 9377/6689/2500 9378/6686/2500
f 9382/6690/2502 9379/6691/2501 9380/6688/2501
f 9384/6692/2503 9381/6693/2502 9382/6690/2502
f 9386/6694/2504 9383/6695/2503 9384/6692/2503
f 9388/6696/2505 9385/6697/2504 9386/6694/2504
f 9390/6698/2506 9387/6699/2505 9388/6696/2505
f 9392/6700/2507 9389/6701/2506 9390/6698/2506
f 9394/6702/2508 9391/6703/2507 9392/6700/2507
f 9396/6704/2509 9393/6705/2510 9394/6702/2508
f 9398/6706/2511 9395/6707/2509 9396/6704/2509
f 9400/6708/2512 9397/6709/2511 9398/6706/2511
f 9402/6710/2513 9399/6711/2512 9400/6708/2512
f 9404/6712/2514 9401/6713/2513 9402/6710/2513
f 9406/6714/2515 9403/6715/2514 9404/6712/2514
f 9408/6716/2516 9405/6717/2515 9406/6714/2515
f 9410/6718/2517 9407/6719/2516 9408/6716/2516
f 9412/6720/2518 9409/6721/2517 9410/6718/2517
f 9414/6722/2519 9411/6723/2518 9412/6720/2518
f 9416/6724/2520 9413/6725/2521 9414/6722/2519
f 9418/6726/2522 9415/6727/2523 9416/6724/2520
f 9420/6728/2524 9417/6729/2522 9418/6726/2522
f 9422/6730/2525 9419/6731/2524 9420/6728/2524
f 9424/6732/2526 9421/6733/2525 9422/6730/2525
f 9426/6734/2527 9423/6735/2526 9424/6732/2526
f 9428/6736/2528 9425/6737/2527 9426/6734/2527
f 9430/6738/2529 9427/6739/2528 9428/6736/2528
f 9432/6740/2530 9429/6741/2531 9430/6738/2529
f 9434/6742/2532 9431/6743/2530 9432/6740/2530
f 9436/6744/2533 9433/6745/2532 9434/6742/2532
f 9438/6746/2534 9435/6747/2533 9436/6744/2533
f 9440/6748/2535 9437/6749/2534 9438/6746/2534
f 9442/6750/2536 9439/6751/2535 9440/6748/2535
f 9444/6752/2537 9441/6753/2538 9442/6750/2536
f 9446/6754/2539 9443/6755/2537 9444/6752/2537
f 9448/6756/261 9445/6757/2539 9446/6754/2539
f 9450/6758/2540 9447/6759/259 9448/6756/261
f 9452/6760/2541 9449/6761/2540 9450/6758/2540
f 9454/6762/2542 9451/6763/2541 9452/6760/2541
f 9456/6764/2543 9453/6765/2544 9454/6762/2542
f 9458/6766/2545 9455/6767/2546 9456/6764/2543
f 9460/6768/2547 9457/6769/2548 9458/6766/2545
f 9462/6770/2549 9459/6771/2547 9460/6768/2547
f 9464/6772/2550 9461/6773/2549 9462/6770/2549
f 9466/6774/2551 9463/6775/2552 9464/6772/2550
f 9468/6776/2553 9465/6777/2551 9466/6774/2551
f 9470/6778/2554 9467/6779/2553 9468/6776/2553
f 9472/6780/2555 9469/6781/2554 9470/6778/2554
f 9474/6782/2556 9471/6783/2555 9472/6780/2555
f 9476/6784/2557 9473/6785/2556 9474/6782/2556
f 9478/6786/2558 9475/6787/2557 9476/6784/2557
f 9480/6788/2559 9477/6789/2558 9478/6786/2558
f 9482/6790/2560 9479/6791/2559 9480/6788/2559
f 9484/6792/2561 9481/6793/2562 9482/6790/2560
f 9486/6794/2563 9483/6795/2561 9484/6792/2561
f 9488/6796/2564 9485/6797/2563 9486/6794/2563
f 9490/6798/2565 9487/6799/2564 9488/6796/2564
f 9492/6800/2566 9489/6801/2565 9490/6798/2565
f 9494/6802/2567 9491/6803/2568 9492/6800/2566
f 9496/6804/1365 9493/6805/2567 9494/6802/2567
f 9498/6806/2569 9495/6807/1365 9496/6804/1365
f 9500/6808/2570 9497/6809/2569 9498/6806/2569
f 9502/6810/2571 9499/6811/2570 9500/6808/2570
f 9504/6812/2572 9501/6813/2571 9502/6810/2571
f 9506/6814/2573 9503/6815/2574 9504/6812/2572
f 9508/6816/2575 9505/6817/2573 9506/6814/2573
f 9510/6818/2576 9507/6819/2575 9508/6816/2575
f 9512/6820/2577 9509/6821/2576 9510/6818/2576
f 9514/6822/2578 9511/6823/2579 9512/6820/2577
f 9516/6824/2580 9513/6825/2578 9514/6822/2578
f 9518/6826/2581 9515/6827/2582 9516/6824/2580
f 9520/6828/2583 9517/6829/2581 9518/6826/2581
f 9522/6830/2584 9519/6831/2583 9520/6828/2583
f 9524/6832/2585 9521/6833/2586 9522/6830/2584
f 9526/6834/1554 9523/6835/2585 9524/6832/2585
f 9528/6836/2587 9525/6837/1554 9526/6834/1554
f 9530/6838/2588 9527/6839/2589 9528/6836/2587
f 9532/6840/2590 9529/6841/2588 9530/6838/2588
f 9534/6842/2591 9531/6843/2590 9532/6840/2590
f 9536/6844/2592 9533/6845/2593 9534/6842/2591
f 9538/6846/2594 9535/6847/2595 9536/6844/2592
f 9540/6848/2596 9537/6849/2594 9538/6846/2594
f 9542/6850/2597 9539/6851/2596 9540/6848/2596
f 9544/6852/2598 9541/6853/2597 9542/6850/2597
f 9546/6854/2599 9543/6855/2598 9544/6852/2598
f 9548/6856/2600 9545/6857/2599 9546/6854/2599
f 9550/6858/2601 9547/6859/2602 9548/6856/2600
f 9552/6860/2603 9549/6861/2601 9550/6858/2601
f 9554/6862/2604 9551/6863/2603 9552/6860/2603
f 9556/6864/2605 9553/6865/2604 9554/6862/2604
f 9558/6866/2606 9555/6867/2605 9556/6864/2605
f 9560/6868/2607 9557/6869/2606 9558/6866/2606
f 9562/6870/2608 9559/6871/2607 9560/6868/2607
f 9564/6872/2609 9561/6873/2608 9562/6870/2608
f 9566/6874/2610 9563/6875/2609 9564/6872/2609
f 9568/6876/2611 9565/6877/2610 9566/6874/2610
f 9570/6878/2612 9567/6879/2613 9568/6876/2611
f 9572/6880/2614 9569/6881/2615 9570/6878/2612
f 9574/6882/2616 9571/6883/2617 9572/6880/2614
f 9576/6884/2618 9573/6885/2616 9574/6882/2616
f 9578/6886/2619 9575/6887/2618 9576/6884/2618
f 9580/6888/2620 9577/6889/2621 9578/6886/2619
f 9582/6890/2622 9579/6891/2620 9580/6888/2620
f 9584/6892/2623 9581/6893/2624 9582/6890/2622
f 9586/6894/2625 9583/6895/2623 9584/6892/2623
f 9588/6896/2626 9585/6897/2625 9586/6894/2625
f 9590/6898/2627 9587/6899/2626 9588/6896/2626
f 9592/6900/2628 9589/6901/2629 9590/6898/2627
f 9594/6902/1776 9591/6903/2630 9592/6900/2628
f 9596/6904/2631 9593/6905/2632 9594/6902/1776
f 9598/6906/2633 9595/6907/2631 9596/6904/2631
f 9600/6908/2634 9597/6909/2633 9598/6906/2633
f 9602/6910/2635 9599/6911/2636 9600/6908/2634
f 9604/6912/2637 9601/6913/2635 9602/6910/2635
f 9606/6914/2638 9603/6915/2639 9604/6912/2637
f 9608/6916/1488 9605/6917/2638 9606/6914/2638
f 9610/6918/2640 9607/6919/1488 9608/6916/1488
f 9612/6920/2641 9609/6921/2640 9610/6918/2640
f 9614/6922/2642 9611/6923/2641 9612/6920/2641
f 9616/6924/1402 9613/6925/2642 9614/6922/2642
f 9618/6926/2643 9615/6927/1402 9616/6924/1402
f 9620/6928/2644 9617/6929/2643 9618/6926/2643
f 9622/6930/2645 9619/6931/2644 9620/6928/2644
f 9624/6932/2646 9621/6933/2647 9622/6930/2645
f 9626/6934/2648 9623/6935/2646 9624/6932/2646
f 9628/6936/2649 9625/6937/2650 9626/6934/2648
f 9630/6938/2651 9627/6939/2649 9628/6936/2649
f 9632/6940/2652 9629/6941/2651 9630/6938/2651
f 9634/6942/2653 9631/6943/2654 9632/6940/2652
f 9636/6944/2655 9633/6945/2653 9634/6942/2653
f 9638/6946/2656 9635/6947/2657 9636/6944/2655
f 9640/6948/2658 9637/6949/2656 9638/6946/2656
f 9642/6950/2659 9639/6951/2658 9640/6948/2658
f 9644/6952/2660 9641/6953/2659 9642/6950/2659
f 9646/6954/2661 9643/6955/2660 9644/6952/2660
f 9648/6956/2662 9645/6957/2661 9646/6954/2661
f 9650/6958/2663 9647/6959/2662 9648/6956/2662
f 9652/6960/2664 9649/6961/2663 9650/6958/2663
f 9654/6962/2665 9651/6963/2664 9652/6960/2664
f 9656/6964/2666 9653/6965/2665 9654/6962/2665
f 9658/6966/2667 9655/6967/2666 9656/6964/2666
f 9660/6968/2668 9657/6969/2667 9658/6966/2667
f 9662/6970/2669 9659/6971/2668 9660/6968/2668
f 9664/6972/2670 9661/6973/2669 9662/6970/2669
f 9666/6974/2671 9663/6975/2670 9664/6972/2670
f 9668/6976/2672 9665/6977/2673 9666/6974/2671
f 9670/6978/2674 9667/6979/2672 9668/6976/2672
f 9672/6980/2675 9669/6981/2674 9670/6978/2674
f 9674/6982/2676 9671/6983/2675 9672/6980/2675
f 9676/6984/2677 9673/6985/2676 9674/6982/2676
f 9678/6986/2678 9675/6987/2677 9676/6984/2677
f 9680/6988/2679 9677/6989/2678 9678/6986/2678
f 9682/6990/2680 9679/6991/2679 9680/6988/2679
f 9684/6992/2681 9681/6993/2680 9682/6990/2680
f 9686/6994/1565 9683/6995/2681 9684/6992/2681
f 9688/6996/2682 9685/6997/1565 9686/6994/1565
f 9690/6998/2683 9687/6999/2682 9688/6996/2682
f 9692/7000/2684 9689/7001/2683 9690/6998/2683
f 9694/7002/2685 9691/7003/2684 9692/7000/2684
f 9696/7004/2686 9693/7005/2685 9694/7002/2685
f 9698/7006/2687 9695/7007/2688 9696/7004/2686
f 9700/7008/2689 9697/7009/2687 9698/7006/2687
f 9702/7010/2690 9699/7011/2691 9700/7008/2689
f 9704/7012/2567 9701/7013/2690 9702/7010/2690
f 9706/7014/2692 9703/7015/2567 9704/7012/2567
f 9708/7016/2693 9705/7017/2692 9706/7014/2692
f 9710/7018/2694 9707/7019/2693 9708/7016/2693
f 9712/7020/2695 9709/7021/2694 9710/7018/2694
f 9714/7022/2696 9711/7023/2695 9712/7020/2695
f 9716/7024/2697 9713/7025/2696 9714/7022/2696
f 9718/7026/2698 9715/7027/2697 9716/7024/2697
f 9720/7028/2699 9717/7029/2698 9718/7026/2698
f 9722/7030/2700 9719/7031/2699 9720/7028/2699
f 9724/7032/2701 9721/7033/2700 9722/7030/2700
f 9726/7034/2702 9723/7035/2701 9724/7032/2701
f 9728/7036/2703 9725/7037/2704 9726/7034/2702
f 9730/7038/2705 9727/7039/2703 9728/7036/2703
f 9732/7040/2706 9729/7041/2559 9730/7038/2705
f 9734/7042/2707 9731/7043/2706 9732/7040/2706
f 9736/7044/2708 9733/7045/2707 9734/7042/2707
f 9738/7046/1572 9735/7047/2708 9736/7044/2708
f 9740/7048/2709 9737/7049/1572 9738/7046/1572
f 9742/7050/2710 9739/7051/2709 9740/7048/2709
f 9744/7052/2711 9741/7053/2710 9742/7050/2710
f 9746/7054/2712 9743/7055/2711 9744/7052/2711
f 9748/7056/2713 9745/7057/2712 9746/7054/2712
f 9750/7058/2714 9747/7059/2713 9748/7056/2713
f 9752/7060/2715 9749/7061/2714 9750/7058/2714
f 9754/7062/2716 9751/7063/2715 9752/7060/2715
f 9756/7064/2717 9753/7065/2716 9754/7062/2716
f 9758/7066/2718 9755/7067/2717 9756/7064/2717
f 9760/7068/2719 9757/7069/2718 9758/7066/2718
f 9762/7070/2720 9759/7071/2719 9760/7068/2719
f 9764/7072/2721 9761/7073/2720 9762/7070/2720
f 9766/7074/2722 9763/7075/2721 9764/7072/2721
f 9768/7076/2723 9765/7077/2722 9766/7074/2722
f 9770/7078/2724 9767/7079/2723 9768/7076/2723
f 9772/7080/2725 9769/7081/2724 9770/7078/2724
f 9774/7082/2726 9771/7083/2725 9772/7080/2725
f 9776/7084/2727 9773/7085/2726 9774/7082/2726
f 9778/7086/2728 9775/7087/2727 9776/7084/2727
f 9780/7088/2729 9777/7089/2728 9778/7086/2728
f 9782/7090/2730 9779/7091/2729 9780/7088/2729
f 9784/7092/2731 9781/7093/2730 9782/7090/2730
f 9786/7094/2732 9783/7095/2731 9784/7092/2731
f 9788/7096/2733 9785/7097/2732 9786/7094/2732
f 9790/7098/2734 9787/7099/2733 9788/7096/2733
f 9792/7100/2735 9789/7101/2734 9790/7098/2734
f 9794/7102/2736 9791/7103/2735 9792/7100/2735
f 9796/7104/2737 9793/7105/2736 9794/7102/2736
f 9798/7106/2738 9795/7107/2737 9796/7104/2737
f 9800/7108/2739 9797/7109/2738 9798/7106/2738
f 9802/7110/2740 9799/7111/2739 9800/7108/2739
f 9804/7112/2741 9801/7113/2740 9802/7110/2740
f 9806/7114/2742 9803/7115/2741 9804/7112/2741
f 9808/7116/2743 9805/7117/2742 9806/7114/2742
f 9810/7118/2744 9807/7119/2743 9808/7116/2743
f 9812/7120/2745 9809/7121/2746 9810/7118/2744
f 9814/7122/2747 9811/7123/2745 9812/7120/2745
f 9816/7124/2748 9813/7125/2747 9814/7122/2747
f 9818/7126/2749 9815/7127/2748 9816/7124/2748
f 9820/7128/2750 9817/7129/2749 9818/7126/2749
f 9822/7130/2751 9819/7131/2750 9820/7128/2750
f 9824/7132/2752 9821/7133/2751 9822/7130/2751
f 9826/7134/2753 9823/7135/2752 9824/7132/2752
f 9828/7136/2754 9825/7137/2753 9826/7134/2753
f 9830/7138/2755 9827/7139/2756 9828/7136/2754
f 9832/7140/2757 9829/7141/2755 9830/7138/2755
f 9834/7142/2758 9831/7143/2757 9832/7140/2757
f 9836/7144/2759 9833/7145/2758 9834/7142/2758
f 9838/7146/2760 9835/7147/2759 9836/7144/2759
f 9840/7148/1700 9837/7149/2760 9838/7146/2760
f 9842/7150/2761 9839/7151/1700 9840/7148/1700
f 9844/7152/2762 9841/7153/2763 9842/7150/2761
f 9846/7154/2764 9843/7155/2762 9844/7152/2762
f 9848/7156/2765 9845/7157/2764 9846/7154/2764
f 9850/7158/2766 9847/7159/2765 9848/7156/2765
f 9852/7160/2767 9849/7161/2766 9850/7158/2766
f 9854/7162/2768 9851/7163/2769 9852/7160/2767
f 9856/7164/2770 9853/7165/2768 9854/7162/2768
f 9858/7166/1629 9855/7167/2770 9856/7164/2770
f 9860/7168/2771 9857/7169/1629 9858/7166/1629
f 9862/7170/2772 9859/7171/2771 9860/7168/2771
f 9864/7172/2773 9861/7173/2772 9862/7170/2772
f 9866/7174/2774 9863/7175/2775 9864/7172/2773
f 9868/7176/2776 9865/7177/2774 9866/7174/2774
f 9870/7178/2777 9867/7179/2778 9868/7176/2776
f 9872/7180/2779 9869/7181/2777 9870/7178/2777
f 9874/7182/2780 9871/7183/2779 9872/7180/2779
f 9876/7184/2781 9873/7185/2780 9874/7182/2780
f 9878/7186/2782 9875/7187/2781 9876/7184/2781
f 9880/7188/2783 9877/7189/2782 9878/7186/2782
f 9882/7190/2784 9879/7191/2783 9880/7188/2783
f 9884/7192/2785 9881/7193/2784 9882/7190/2784
f 9886/7194/2786 9883/7195/2785 9884/7192/2785
f 9888/7196/2787 9885/7197/2788 9886/7194/2786
f 9890/7198/2789 9887/7199/2787 9888/7196/2787
f 9892/7200/2790 9889/7201/2789 9890/7198/2789
f 9894/7202/1660 9891/7203/2790 9892/7200/2790
f 9896/7204/2791 9893/7205/1660 9894/7202/1660
f 9898/7206/2792 9895/7207/2791 9896/7204/2791
f 9900/7208/2793 9897/7209/2792 9898/7206/2792
f 9902/7210/2794 9899/7211/2795 9900/7208/2793
f 9904/7212/2796 9901/7213/2794 9902/7210/2794
f 9906/7214/2797 9903/7215/2798 9904/7212/2796
f 9908/7216/2799 9905/7217/2797 9906/7214/2797
f 9910/7218/2800 9907/7219/2799 9908/7216/2799
f 9912/7220/2801 9909/7221/2800 9910/7218/2800
f 9914/7222/2802 9911/7223/2801 9912/7220/2801
f 9916/7224/2803 9913/7225/2802 9914/7222/2802
f 9918/7226/203 9915/7227/2803 9916/7224/2803
f 9920/7228/2804 9917/7229/2805 9918/7226/203
f 9922/7230/2806 9919/7231/2804 9920/7228/2804
f 9924/7232/2807 9921/7233/2806 9922/7230/2806
f 9926/7234/2808 9923/7235/2807 9924/7232/2807
f 9928/7236/2809 9925/7237/2810 9926/7234/2808
f 9930/7238/2811 9927/7239/2812 9928/7236/2809
f 9932/7240/2813 9929/7241/2811 9930/7238/2811
f 9934/7242/2814 9931/7243/2813 9932/7240/2813
f 9936/7244/2815 9933/7245/2814 9934/7242/2814
f 9938/7246/2816 9935/7247/2815 9936/7244/2815
f 9940/7248/2817 9937/7249/2816 9938/7246/2816
f 9942/7250/2818 9939/7251/2819 9940/7248/2817
f 9944/7252/2820 9941/7253/2821 9942/7250/2818
f 9946/7254/2822 9943/7255/2820 9944/7252/2820
f 9948/7256/2823 9945/7257/2824 9946/7254/2822
f 9950/7258/2825 9947/7259/2823 9948/7256/2823
f 9952/7260/2826 9949/7261/2825 9950/7258/2825
f 9954/7262/2827 9951/7263/2828 9952/7260/2826
f 9956/7264/2829 9953/7265/2827 9954/7262/2827
f 9958/7266/2830 9955/7267/2831 9956/7264/2829
f 9960/7268/2832 9957/7269/2830 9958/7266/2830
f 9962/7270/2833 9959/7271/2832 9960/7268/2832
f 9964/7272/2834 9961/7273/2833 9962/7270/2833
f 9966/7274/2835 9963/7275/2834 9964/7272/2834
f 9968/7276/2836 9965/7277/2835 9966/7274/2835
f 9970/7278/2837 9967/7279/2836 9968/7276/2836
f 9972/7280/2838 9969/7281/2837 9970/7278/2837
f 9974/7282/2839 9971/7283/2838 9972/7280/2838
f 9976/7284/2840 9973/7285/2839 9974/7282/2839
f 9978/7286/2841 9975/7287/2840 9976/7284/2840
f 9980/7288/2842 9977/7289/2841 9978/7286/2841
f 9982/7290/2843 9979/7291/2842 9980/7288/2842
f 9984/7292/2844 9981/7293/2845 9982/7290/2843
f 9986/7294/2846 9983/7295/2844 9984/7292/2844
f 9988/7296/2847 9985/7297/2846 9986/7294/2846
f 9990/7298/2848 9987/7299/2847 9988/7296/2847
f 9992/7300/2849 9989/7301/2848 9990/7298/2848
f 9994/7302/2850 9991/7303/2849 9992/7300/2849
f 9996/7304/2851 9993/7305/2850 9994/7302/2850
f 9998/7306/2852 9995/7307/2851 9996/7304/2851
f 10000/7308/2853 9997/7309/2852 9998/7306/2852
f 10002/7310/2854 9999/7311/2853 10000/7308/2853
f 10004/7312/2855 10001/7313/2856 10002/7310/2854
f 10006/7314/2857 10003/7315/2855 10004/7312/2855
f 10008/7316/2858 10005/7317/2857 10006/7314/2857
f 10010/7318/2859 10007/7319/2860 10008/7316/2858
f 10012/7320/2861 10009/7321/2859 10010/7318/2859
f 10014/7322/2862 10011/7323/2861 10012/7320/2861
f 10016/7324/2863 10013/7325/2864 10014/7322/2862
f 10018/7326/2865 10015/7327/2866 10016/7324/2863
f 10020/7328/2867 10017/7329/2865 10018/7326/2865
f 10022/7330/2868 10019/7331/2869 10020/7328/2867
f 10024/7332/2870 10021/7333/2868 10022/7330/2868
f 10026/7334/2871 10023/7335/2870 10024/7332/2870
f 10028/7336/2872 10025/7337/2871 10026/7334/2871
f 10030/7338/2873 10027/7339/2872 10028/7336/2872
f 10032/7340/2874 10029/7341/2873 10030/7338/2873
f 10034/7342/2875 10031/7343/2874 10032/7340/2874
f 10036/7344/2876 10033/7345/2875 10034/7342/2875
f 10038/7346/969 10035/7347/2877 10036/7344/2876
f 10040/7348/2878 10037/7349/969 10038/7346/969
f 10042/7350/2879 10039/7351/2878 10040/7348/2878
f 10044/7352/2880 10041/7353/2881 10042/7350/2879
f 10046/7354/2882 10043/7355/2883 10044/7352/2880
f 10048/7356/2884 10045/7357/2885 10046/7354/2882
f 10050/7358/2886 10047/7359/2887 10048/7356/2884
f 10052/7360/2888 10049/7361/2886 10050/7358/2886
f 10054/7362/2889 10051/7363/2888 10052/7360/2888
f 10056/7364/2890 10053/7365/2889 10054/7362/2889
f 10058/7366/2891 10055/7367/2890 10056/7364/2890
f 10060/7368/2892 10057/7369/2891 10058/7366/2891
f 10062/7370/2893 10059/7371/2894 10060/7368/2892
f 10064/7372/2895 10061/7373/2893 10062/7370/2893
f 10066/7374/2896 10063/7375/2895 10064/7372/2895
f 10068/7376/2897 10065/7377/2896 10066/7374/2896
f 10070/7378/2898 10067/7379/2899 10068/7376/2897
f 10072/7380/2900 10069/7381/2898 10070/7378/2898
f 10074/7382/2901 10071/7383/2900 10072/7380/2900
f 10076/7384/2902 10073/7385/2903 10074/7382/2901
f 10078/7386/44 10075/7387/2902 10076/7384/2902
f 10080/7388/2904 10077/7389/44 10078/7386/44
f 10082/7390/2905 10079/7391/2904 10080/7388/2904
f 10084/7392/2906 10081/7393/2905 10082/7390/2905
f 10086/7394/2907 10083/7395/2908 10084/7392/2906
f 10088/7396/2909 10085/7397/2907 10086/7394/2907
f 10090/7398/2910 10087/7399/2909 10088/7396/2909
f 10092/7400/2911 10089/7401/2910 10090/7398/2910
f 10094/7402/2912 10091/7403/2911 10092/7400/2911
f 10096/7404/2913 10093/7405/2912 10094/7402/2912
f 10098/7406/2914 10095/7407/2915 10096/7404/2913
f 10100/7408/2916 10097/7409/2914 10098/7406/2914
f 10102/7410/2917 10099/7411/2916 10100/7408/2916
f 10104/7412/2918 10101/7413/2917 10102/7410/2917
f 10106/7414/2919 10103/7415/2918 10104/7412/2918
f 10108/7416/2920 10105/7417/2919 10106/7414/2919
f 10110/7418/2921 10107/7419/2920 10108/7416/2920
f 10112/7420/2922 10109/7421/2923 10110/7418/2921
f 10114/7422/2924 10111/7423/2922 10112/7420/2922
f 10116/7424/2925 10113/7425/2924 10114/7422/2924
f 10118/7426/2926 10115/7427/2925 10116/7424/2925
f 10120/7428/2927 10117/7429/2928 10118/7426/2926
f 10122/7430/2929 10119/7431/2930 10120/7428/2927
f 10124/7432/2931 10121/7433/2932 10122/7430/2929
f 10126/7434/2933 10123/7435/2934 10124/7432/2931
f 10128/7436/2935 10125/7437/2933 10126/7434/2933
f 10130/7438/2936 10127/7439/2935 10128/7436/2935
f 10132/7440/2937 10129/7441/2936 10130/7438/2936
f 10134/7442/2938 10131/7443/2939 10132/7440/2937
f 10136/7444/2940 10133/7445/2938 10134/7442/2938
f 10138/7446/2941 10135/7447/2940 10136/7444/2940
f 10140/7448/2942 10137/7449/2941 10138/7446/2941
f 10142/7450/2943 10139/7451/2942 10140/7448/2942
f 10144/7452/2944 10141/7453/2943 10142/7450/2943
f 10146/7454/2945 10143/7455/2944 10144/7452/2944
f 10148/7456/2946 10145/7457/2945 10146/7454/2945
f 10150/7458/2947 10147/7459/2946 10148/7456/2946
f 10152/7460/2948 10149/7461/2947 10150/7458/2947
f 10154/7462/2949 10151/7463/2948 10152/7460/2948
f 10156/7464/2950 10153/7465/2951 10154/7462/2949
f 10158/7466/2952 10155/7467/2950 10156/7464/2950
f 10160/7468/1000 10157/7469/2952 10158/7466/2952
f 10162/7470/2953 10159/7471/1000 10160/7468/1000
f 10164/7472/2954 10161/7473/2953 10162/7470/2953
f 10166/7474/2955 10163/7475/2954 10164/7472/2954
f 10168/7476/2956 10165/7477/2955 10166/7474/2955
f 10170/7478/2957 10167/7479/2956 10168/7476/2956
f 10172/7480/2958 10169/7481/2957 10170/7478/2957
f 10174/7482/2959 10171/7483/2958 10172/7480/2958
f 10176/7484/2960 10173/7485/2959 10174/7482/2959
f 10178/7486/2961 10175/7487/2960 10176/7484/2960
f 10180/7488/2962 10177/7489/2961 10178/7486/2961
f 10182/7490/2963 10179/7491/2962 10180/7488/2962
f 10184/7492/2964 10181/7493/2963 10182/7490/2963
f 10186/7494/2964 10183/7495/2964 10184/7492/2964
f 10188/7496/2965 10185/7497/2964 10186/7494/2964
f 10190/7498/2965 10187/7499/2965 10188/7496/2965
f 10192/7500/2966 10189/7501/2965 10190/7498/2965
f 10194/7502/2967 10191/7503/2966 10192/7500/2966
f 10196/7504/2967 10193/7505/2967 10194/7502/2967
f 10198/7506/2968 10195/7507/2967 10196/7504/2967
f 10200/7508/2969 10197/7509/2968 10198/7506/2968
f 10202/7510/2969 10199/7511/2969 10200/7508/2969
f 10204/7512/2970 10201/7513/2969 10202/7510/2969
f 10206/7514/2970 10203/7515/2970 10204/7512/2970
f 10208/7516/2971 10205/7517/2970 10206/7514/2970
f 10210/7518/2971 10207/7519/2971 10208/7516/2971
f 10212/7520/2971 10209/7521/2971 10210/7518/2971
f 10214/7522/2972 10211/7523/2971 10212/7520/2971
f 10216/7524/2973 10213/7525/2972 10214/7522/2972
f 10218/7526/2973 10215/7527/2973 10216/7524/2973
f 10220/7528/2974 10217/7529/2973 10218/7526/2973
f 10222/7530/2974 10219/7531/2974 10220/7528/2974
f 10224/7532/2974 10221/7533/2974 10222/7530/2974
f 10226/7534/2975 10223/7535/2974 10224/7532/2974
f 10228/7536/2975 10225/7537/2975 10226/7534/2975
f 10230/7538/2975 10227/7539/2975 10228/7536/2975
f 10232/7540/2975 10229/7541/2975 10230/7538/2975
f 10234/7542/2976 10231/7543/2975 10232/7540/2975
f 10236/7544/2976 10233/7545/2976 10234/7542/2976
f 10238/7546/2976 10235/7547/2976 10236/7544/2976
f 10240/7548/2977 10237/7549/2976 10238/7546/2976
f 10242/7550/2977 10239/7551/2977 10240/7548/2977
f 10244/7552/2978 10241/7553/2977 10242/7550/2977
f 10246/7554/2979 10243/7555/2978 10244/7552/2978
f 10248/7556/2980 10245/7557/2979 10246/7554/2979
f 10250/7558/2933 10247/7559/2980 10248/7556/2980
f 10252/7560/2981 10249/7561/2933 10250/7558/2933
f 10254/7562/2982 10251/7563/2981 10252/7560/2981
f 10256/7564/2983 10253/7565/2982 10254/7562/2982
f 10258/7566/2984 10255/7567/2983 10256/7564/2983
f 10260/7568/2985 10257/7569/2984 10258/7566/2984
f 10262/7570/2986 10259/7571/2985 10260/7568/2985
f 10264/7572/2987 10261/7573/2988 10262/7570/2986
f 10266/7574/2989 10263/7575/2987 10264/7572/2987
f 10268/7576/2990 10265/7577/2991 10266/7574/2989
f 10270/7578/2992 10267/7579/2993 10268/7576/2990
f 10272/7580/2994 10269/7581/2992 10270/7578/2992
f 10274/7582/2995 10271/7583/2994 10272/7580/2994
f 10276/7584/2996 10273/7585/2995 10274/7582/2995
f 10278/7586/2997 10275/7587/2996 10276/7584/2996
f 10280/7588/2998 10277/7589/2997 10278/7586/2997
f 10282/7590/2999 10279/7591/2998 10280/7588/2998
f 10284/7592/3000 10281/7593/2999 10282/7590/2999
f 10286/7594/2918 10283/7595/3000 10284/7592/3000
f 10288/7596/3001 10285/7597/2918 10286/7594/2918
f 10290/7598/3002 10287/7599/3001 10288/7596/3001
f 10292/7600/3003 10289/7601/3002 10290/7598/3002
f 10294/7602/3004 10291/7603/3003 10292/7600/3003
f 10296/7604/3005 10293/7605/3004 10294/7602/3004
f 10298/7606/3006 10295/7607/3007 10296/7604/3005
f 10300/7608/3008 10297/7609/3006 10298/7606/3006
f 10302/7610/3009 10299/7611/3008 10300/7608/3008
f 10304/7612/3010 10301/7613/3009 10302/7610/3009
f 10306/7614/43 10303/7615/3010 10304/7612/3010
f 10308/7616/3011 10305/7617/43 10306/7614/43
f 10310/7618/3012 10307/7619/3011 10308/7616/3011
f 10312/7620/3013 10309/7621/3014 10310/7618/3012
f 10314/7622/3015 10311/7623/3013 10312/7620/3013
f 10316/7624/2901 10313/7625/3015 10314/7622/3015
f 10318/7626/3016 10315/7627/2901 10316/7624/2901
f 10320/7628/3017 10317/7629/3018 10318/7626/3016
f 10322/7630/3019 10319/7631/3017 10320/7628/3017
f 10324/7632/3020 10321/7633/3021 10322/7630/3019
f 10326/7634/3022 10323/7635/3023 10324/7632/3020
f 10328/7636/3024 10325/7637/3022 10326/7634/3022
f 10330/7638/3025 10327/7639/3024 10328/7636/3024
f 10332/7640/3026 10329/7641/3025 10330/7638/3025
f 10334/7642/3027 10331/7643/3028 10332/7640/3026
f 10336/7644/3029 10333/7645/3027 10334/7642/3027
f 10338/7646/3030 10335/7647/3029 10336/7644/3029
f 10340/7648/3031 10337/7649/3032 10338/7646/3030
f 10342/7650/3033 10339/7651/3031 10340/7648/3031
f 10344/7652/3034 10341/7653/3033 10342/7650/3033
f 10346/7654/3035 10343/7655/3034 10344/7652/3034
f 10348/7656/3036 10345/7657/3037 10346/7654/3035
f 10350/7658/3038 10347/7659/3039 10348/7656/3036
f 10352/7660/3040 10349/7661/3038 10350/7658/3038
f 10354/7662/3041 10351/7663/3040 10352/7660/3040
f 10356/7664/3042 10353/7665/3041 10354/7662/3041
f 10358/7666/876 10355/7667/3042 10356/7664/3042
f 10360/7668/3043 10357/7669/876 10358/7666/876
f 10362/7670/3044 10359/7671/3043 10360/7668/3043
f 10364/7672/3045 10361/7673/3044 10362/7670/3044
f 10366/7674/3046 10363/7675/3045 10364/7672/3045
f 10368/7676/3047 10365/7677/3046 10366/7674/3046
f 10370/7678/3048 10367/7679/3047 10368/7676/3047
f 10372/7680/3049 10369/7681/3048 10370/7678/3048
f 10374/7682/3050 10371/7683/3049 10372/7680/3049
f 10376/7684/3051 10373/7685/3050 10374/7682/3050
f 10378/7686/3052 10375/7687/3051 10376/7684/3051
f 10380/7688/3053 10377/7689/3052 10378/7686/3052
f 10382/7690/3054 10379/7691/3053 10380/7688/3053
f 10384/7692/2846 10381/7693/3054 10382/7690/3054
f 10386/7694/3055 10383/7695/2846 10384/7692/2846
f 10388/7696/3056 10385/7697/3055 10386/7694/3055
f 10390/7698/3057 10387/7699/3056 10388/7696/3056
f 10392/7700/3058 10389/7701/3057 10390/7698/3057
f 10394/7702/3059 10391/7703/3058 10392/7700/3058
f 10396/7704/3060 10393/7705/3059 10394/7702/3059
f 10398/7706/3061 10395/7707/3060 10396/7704/3060
f 10400/7708/3062 10397/7709/3061 10398/7706/3061
f 10402/7710/3063 10399/7711/3062 10400/7708/3062
f 10404/7712/3064 10401/7713/3063 10402/7710/3063
f 10406/7714/3065 10403/7715/3064 10404/7712/3064
f 10408/7716/3066 10405/7717/3065 10406/7714/3065
f 10410/7718/3067 10407/7719/3066 10408/7716/3066
f 10412/7720/3068 10409/7721/3067 10410/7718/3067
f 10414/7722/3069 10411/7723/3070 10412/7720/3068
f 10416/7724/3071 10413/7725/3069 10414/7722/3069
f 10418/7726/3072 10415/7727/3073 10416/7724/3071
f 10420/7728/3074 10417/7729/3072 10418/7726/3072
f 10422/7730/3075 10419/7731/3074 10420/7728/3074
f 10424/7732/3076 10421/7733/3075 10422/7730/3075
f 10426/7734/3077 10423/7735/3076 10424/7732/3076
f 10428/7736/3078 10425/7737/3077 10426/7734/3077
f 10430/7738/3079 10427/7739/3078 10428/7736/3078
f 10432/7740/3080 10429/7741/3079 10430/7738/3079
f 10434/7742/3081 10431/7743/3080 10432/7740/3080
f 10436/7744/3082 10433/7745/3081 10434/7742/3081
f 10438/7746/3083 10435/7747/3084 10436/7744/3082
f 10440/7748/3085 10437/7749/3083 10438/7746/3083
f 10442/7750/3086 10439/7751/3085 10440/7748/3085
f 10444/7752/3087 10441/7753/3086 10442/7750/3086
f 10446/7754/3088 10443/7755/3087 10444/7752/3087
f 10448/7756/3089 10445/7757/3088 10446/7754/3088
f 10450/7758/3090 10447/7759/3089 10448/7756/3089
f 10452/7760/3091 10449/7761/3092 10450/7758/3090
f 10454/7762/3093 10451/7763/3091 10452/7760/3091
f 10456/7764/3094 10453/7765/3093 10454/7762/3093
f 10458/7766/3095 10455/7767/3096 10456/7764/3094
f 10460/7768/3097 10457/7769/3095 10458/7766/3095
f 10462/7770/3098 10459/7771/3099 10460/7768/3097
f 10464/7772/3100 10461/7773/3098 10462/7770/3098
f 10466/7774/3101 10463/7775/3100 10464/7772/3100
f 10468/7776/3102 10465/7777/3101 10466/7774/3101
f 10470/7778/3103 10467/7779/3102 10468/7776/3102
f 10472/7780/3104 10469/7781/3105 10470/7778/3103
f 10474/7782/3106 10471/7783/3104 10472/7780/3104
f 10476/7784/3107 10473/7785/3106 10474/7782/3106
f 10478/7786/3108 10475/7787/3109 10476/7784/3107
f 10480/7788/3110 10477/7789/3111 10478/7786/3108
f 10482/7790/268 10479/7791/3110 10480/7788/3110
f 10484/7792/3112 10481/7793/268 10482/7790/268
f 10486/7794/276 10483/7795/3112 10484/7792/3112
f 10488/7796/3113 10485/7797/276 10486/7794/276
f 10490/7798/3114 10487/7799/3113 10488/7796/3113
f 10492/7800/3115 10489/7801/3114 10490/7798/3114
f 10494/7802/3116 10491/7803/3115 10492/7800/3115
f 10496/7804/3117 10493/7805/3116 10494/7802/3116
f 10498/7806/3118 10495/7807/3117 10496/7804/3117
f 10500/7808/3119 10497/7809/3118 10498/7806/3118
f 7428/4737/1359 10499/7810/3119 10500/7808/3119
f 5254/2626/3 5253/2629/6 5251/1720/4
f 5256/2628/5 5255/2631/5 5253/2629/6
f 5258/2630/7 5257/2633/7 5255/2631/5
f 5260/2632/8 5259/2635/10 5257/2633/7
f 5262/2634/9 5261/2637/9 5259/2635/10
f 5264/2636/11 5263/2639/13 5261/2637/9
f 5266/2638/12 5265/2641/15 5263/2639/13
f 5268/2640/14 5267/2643/14 5265/2641/15
f 5270/2642/16 5269/2645/18 5267/2643/14
f 5272/2644/17 5271/2647/17 5269/2645/18
f 5274/2646/19 5273/2649/19 5271/2647/17
f 5276/2648/20 5275/2651/20 5273/2649/19
f 5278/2650/21 5277/2653/23 5275/2651/20
f 5280/2652/22 5279/2655/25 5277/2653/23
f 5282/2654/24 5281/2657/27 5279/2655/25
f 5284/2656/26 5283/2659/29 5281/2657/27
f 5286/2658/28 5285/1789/28 5283/2659/29
f 5288/2660/30 5287/2662/30 5285/1789/28
f 5290/2661/31 5289/2664/33 5287/2662/30
f 5292/2663/32 5291/2666/32 5289/2664/33
f 5294/2665/34 5293/2668/36 5291/2666/32
f 5296/2667/35 5295/2670/38 5293/2668/36
f 5298/2669/37 5297/2672/40 5295/2670/38
f 5300/2671/39 5299/2674/39 5297/2672/40
f 5302/2673/41 5301/2676/41 5299/2674/39
f 5304/2675/42 5303/2678/42 5301/2676/41
f 5306/2677/43 5305/2680/45 5303/2678/42
f 5308/2679/44 5307/2682/47 5305/2680/45
f 5310/2681/46 5309/2684/49 5307/2682/47
f 5312/2683/48 5311/2686/48 5309/2684/49
f 5314/2685/50 5313/2688/50 5311/2686/48
f 5316/2687/51 5315/2690/51 5313/2688/50
f 5318/2689/52 5317/2692/54 5315/2690/51
f 5320/2691/53 5319/1895/56 5317/2692/54
f 5322/2693/55 5321/2695/55 5319/1895/56
f 5324/2694/57 5323/2697/57 5321/2695/55
f 5326/2696/58 5325/2699/58 5323/2697/57
f 5328/2698/59 5327/2701/59 5325/2699/58
f 5330/2700/60 5329/2703/62 5327/2701/59
f 5332/2702/61 5331/2705/61 5329/2703/62
f 5334/2704/63 5333/2707/65 5331/2705/61
f 5336/2706/64 5335/2709/67 5333/2707/65
f 5338/2708/66 5337/2711/66 5335/2709/67
f 5340/2710/68 5339/2713/68 5337/2711/66
f 5342/2712/69 5341/2715/69 5339/2713/68
f 5344/2714/70 5343/2717/70 5341/2715/69
f 5346/2716/71 5345/2719/73 5343/2717/70
f 5348/2718/72 5347/2721/72 5345/2719/73
f 5350/2720/74 5349/2723/74 5347/2721/72
f 5352/2722/75 5351/2725/75 5349/2723/74
f 5354/2724/76 5353/2058/76 5351/2725/75
f 5356/2726/77 5355/2728/77 5353/2058/76
f 5358/2727/78 5357/2730/78 5355/2728/77
f 5360/2729/79 5359/2732/79 5357/2730/78
f 5362/2731/80 5361/2734/80 5359/2732/79
f 5364/2733/81 5363/2736/81 5361/2734/80
f 5366/2735/82 5365/2738/84 5363/2736/81
f 5368/2737/83 5367/2740/86 5365/2738/84
f 5370/2739/85 5369/2742/85 5367/2740/86
f 5372/2741/87 5371/2744/87 5369/2742/85
f 5374/2743/88 5373/2746/88 5371/2744/87
f 5376/2745/89 5375/2748/89 5373/2746/88
f 5378/2747/90 5377/2750/90 5375/2748/89
f 5380/2749/91 5379/2752/91 5377/2750/90
f 5382/2751/92 5381/2754/92 5379/2752/91
f 5384/2753/93 5383/2756/93 5381/2754/92
f 5386/2755/94 5385/2758/94 5383/2756/93
f 5388/2757/95 5387/2247/95 5385/2758/94
f 5390/2759/96 5389/2761/96 5387/2247/95
f 5392/2760/97 5391/2763/97 5389/2761/96
f 5394/2762/98 5393/2765/98 5391/2763/97
f 5396/2764/99 5395/2767/99 5393/2765/98
f 5398/2766/100 5397/2769/100 5395/2767/99
f 5400/2768/101 5399/2771/101 5397/2769/100
f 5402/2770/102 5401/2773/102 5399/2771/101
f 5404/2772/103 5403/2775/103 5401/2773/102
f 5406/2774/104 5405/2777/104 5403/2775/103
f 5408/2776/105 5407/2779/105 5405/2777/104
f 5410/2778/106 5409/2781/106 5407/2779/105
f 5412/2780/107 5411/2783/107 5409/2781/106
f 5414/2782/108 5413/2785/108 5411/2783/107
f 5416/2784/109 5415/2787/109 5413/2785/108
f 5418/2786/110 5417/2789/110 5415/2787/109
f 5420/2788/111 5419/2791/111 5417/2789/110
f 5422/2790/112 5421/2295/112 5419/2791/111
f 5424/2792/113 5423/2794/113 5421/2295/112
f 5426/2793/114 5425/2796/114 5423/2794/113
f 5428/2795/115 5427/2798/115 5425/2796/114
f 5430/2797/116 5429/2800/116 5427/2798/115
f 5432/2799/117 5431/2802/117 5429/2800/116
f 5434/2801/118 5433/2804/118 5431/2802/117
f 5436/2803/119 5435/2806/119 5433/2804/118
f 5438/2805/120 5437/2808/120 5435/2806/119
f 5440/2807/121 5439/2810/121 5437/2808/120
f 5442/2809/122 5441/2812/122 5439/2810/121
f 5444/2811/123 5443/2814/123 5441/2812/122
f 5446/2813/124 5445/2816/124 5443/2814/123
f 5448/2815/125 5447/2818/125 5445/2816/124
f 5450/2817/126 5449/2820/126 5447/2818/125
f 5452/2819/127 5451/2822/127 5449/2820/126
f 5454/2821/128 5453/2824/128 5451/2822/127
f 5456/2823/129 5455/2342/129 5453/2824/128
f 5458/2825/130 5457/2827/130 5455/2342/129
f 5460/2826/131 5459/2829/131 5457/2827/130
f 5462/2828/132 5461/2831/132 5459/2829/131
f 5464/2830/133 5463/2833/133 5461/2831/132
f 5466/2832/134 5465/2835/134 5463/2833/133
f 5468/2834/135 5467/2837/135 5465/2835/134
f 5470/2836/136 5469/2839/136 5467/2837/135
f 5472/2838/137 5471/2841/137 5469/2839/136
f 5474/2840/138 5473/2843/138 5471/2841/137
f 5476/2842/139 5475/2845/139 5473/2843/138
f 5478/2844/140 5477/2847/140 5475/2845/139
f 5480/2846/141 5479/2849/141 5477/2847/140
f 5482/2848/142 5481/2851/142 5479/2849/141
f 5484/2850/143 5483/2853/143 5481/2851/142
f 5486/2852/144 5485/2855/144 5483/2853/143
f 5488/2854/145 5487/2857/145 5485/2855/144
f 5490/2856/146 5489/2394/146 5487/2857/145
f 5492/2858/147 5491/2860/147 5489/2394/146
f 5494/2859/148 5493/2862/148 5491/2860/147
f 5496/2861/149 5495/2864/149 5493/2862/148
f 5498/2863/150 5497/2866/150 5495/2864/149
f 5500/2865/151 5499/2868/153 5497/2866/150
f 5502/2867/152 5501/2870/152 5499/2868/153
f 5504/2869/154 5503/2872/154 5501/2870/152
f 5506/2871/155 5505/2874/155 5503/2872/154
f 5508/2873/156 5507/2876/156 5505/2874/155
f 5510/2875/157 5509/2878/157 5507/2876/156
f 5512/2877/158 5511/2880/158 5509/2878/157
f 5514/2879/159 5513/2882/159 5511/2880/158
f 5516/2881/160 5515/2884/160 5513/2882/159
f 5518/2883/161 5517/2886/161 5515/2884/160
f 5520/2885/162 5519/2888/162 5517/2886/161
f 5522/2887/163 5521/2890/163 5519/2888/162
f 5524/2889/164 5523/2447/164 5521/2890/163
f 5526/2891/165 5525/2893/165 5523/2447/164
f 5528/2892/166 5527/2895/166 5525/2893/165
f 5530/2894/167 5529/2897/167 5527/2895/166
f 5532/2896/168 5531/2899/168 5529/2897/167
f 5534/2898/169 5533/2901/169 5531/2899/168
f 5536/2900/170 5535/2903/170 5533/2901/169
f 5538/2902/171 5537/2905/173 5535/2903/170
f 5540/2904/172 5539/2907/172 5537/2905/173
f 5542/2906/174 5541/2909/174 5539/2907/172
f 5544/2908/175 5543/2911/175 5541/2909/174
f 5546/2910/176 5545/2913/176 5543/2911/175
f 5548/2912/177 5547/2915/177 5545/2913/176
f 5550/2914/178 5549/2917/178 5547/2915/177
f 5552/2916/179 5551/2919/179 5549/2917/178
f 5554/2918/180 5553/2921/182 5551/2919/179
f 5556/2920/181 5555/2923/181 5553/2921/182
f 5558/2922/183 5557/2506/183 5555/2923/181
f 5560/2924/184 5559/2926/184 5557/2506/183
f 5562/2925/185 5561/2928/185 5559/2926/184
f 5564/2927/186 5563/2930/186 5561/2928/185
f 5566/2929/187 5565/2932/187 5563/2930/186
f 5568/2931/188 5567/2934/188 5565/2932/187
f 5570/2933/189 5569/2936/189 5567/2934/188
f 5572/2935/190 5571/2938/190 5569/2936/189
f 5574/2937/191 5573/2940/191 5571/2938/190
f 5576/2939/192 5575/2942/192 5573/2940/191
f 5578/2941/193 5577/2944/193 5575/2942/192
f 5580/2943/194 5579/2946/194 5577/2944/193
f 5582/2945/195 5581/2948/195 5579/2946/194
f 5584/2947/196 5583/2950/196 5581/2948/195
f 5586/2949/197 5585/2952/197 5583/2950/196
f 5588/2951/198 5587/2954/198 5585/2952/197
f 5590/2953/199 5589/2956/199 5587/2954/198
f 5592/2955/200 5591/2568/200 5589/2956/199
f 5594/2957/201 5593/2959/201 5591/2568/200
f 5596/2958/202 5595/2961/204 5593/2959/201
f 5598/2960/203 5597/2963/203 5595/2961/204
f 5600/2962/205 5599/2965/205 5597/2963/203
f 5602/2964/206 5601/2967/206 5599/2965/205
f 5604/2966/207 5603/2969/207 5601/2967/206
f 5606/2968/208 5605/2971/208 5603/2969/207
f 5608/2970/209 5607/2973/209 5605/2971/208
f 5610/2972/210 5609/2975/210 5607/2973/209
f 5612/2974/211 5611/2977/211 5609/2975/210
f 5614/2976/212 5613/2979/212 5611/2977/211
f 5616/2978/213 5615/2981/215 5613/2979/212
f 5618/2980/214 5617/2983/214 5615/2981/215
f 5620/2982/216 5619/2985/218 5617/2983/214
f 5622/2984/217 5621/2987/217 5619/2985/218
f 5624/2986/219 5623/2989/219 5621/2987/217
f 5626/2988/220 5625/2616/220 5623/2989/219
f 5628/2990/221 5627/2992/221 5625/2616/220
f 5630/2991/222 5629/2994/222 5627/2992/221
f 5632/2993/223 5631/2996/223 5629/2994/222
f 5634/2995/224 5633/2998/226 5631/2996/223
f 5636/2997/225 5635/3000/225 5633/2998/226
f 5638/2999/227 5637/3002/227 5635/3000/225
f 5640/3001/228 5639/3004/228 5637/3002/227
f 5642/3003/229 5641/3006/231 5639/3004/228
f 5644/3005/230 5643/3008/233 5641/3006/231
f 5646/3007/232 5645/3010/232 5643/3008/233
f 5648/3009/234 5647/3012/234 5645/3010/232
f 5650/3011/235 5649/3014/235 5647/3012/234
f 5652/3013/236 5651/3016/236 5649/3014/235
f 5654/3015/237 5653/3018/239 5651/3016/236
f 5656/3017/238 5655/3020/238 5653/3018/239
f 5658/3019/240 5657/3022/240 5655/3020/238
f 5660/3021/241 5659/2495/241 5657/3022/240
f 5662/3023/242 5661/3025/242 5659/2495/241
f 5664/3024/243 5663/3027/243 5661/3025/242
f 5666/3026/244 5665/3029/246 5663/3027/243
f 5668/3028/245 5667/3031/248 5665/3029/246
f 5670/3030/247 5669/3033/250 5667/3031/248
f 5672/3032/249 5671/3035/249 5669/3033/250
f 5674/3034/251 5673/3037/251 5671/3035/249
f 5676/3036/252 5675/3039/252 5673/3037/251
f 5678/3038/253 5677/3041/253 5675/3039/252
f 5680/3040/254 5679/3043/254 5677/3041/253
f 5682/3042/255 5681/3045/255 5679/3043/254
f 5684/3044/256 5683/3047/256 5681/3045/255
f 5686/3046/257 5685/3049/257 5683/3047/256
f 5688/3048/258 5687/3051/258 5685/3049/257
f 5690/3050/259 5689/3053/261 5687/3051/258
f 5692/3052/260 5691/3055/263 5689/3053/261
f 5694/3054/262 5693/2313/262 5691/3055/263
f 5696/3056/264 5695/3058/264 5693/2313/262
f 5698/3057/265 5697/3060/265 5695/3058/264
f 5700/3059/266 5699/3062/266 5697/3060/265
f 5702/3061/267 5701/3064/267 5699/3062/266
f 5704/3063/268 5703/3066/268 5701/3064/267
f 5706/3065/269 5705/3068/269 5703/3066/268
f 5708/3067/270 5707/3070/270 5705/3068/269
f 5710/3069/271 5709/3072/271 5707/3070/270
f 5712/3071/272 5711/3074/274 5709/3072/271
f 5714/3073/273 5713/3076/273 5711/3074/274
f 5716/3075/275 5715/3078/277 5713/3076/273
f 5718/3077/276 5717/3080/279 5715/3078/277
f 5720/3079/278 5719/3082/278 5717/3080/279
f 5722/3081/280 5721/3084/280 5719/3082/278
f 5724/3083/281 5723/3086/281 5721/3084/280
f 5726/3085/282 5725/3088/282 5723/3086/281
f 5728/3087/283 5727/1958/285 5725/3088/282
f 5730/3089/284 5729/3091/287 5727/1958/285
f 5732/3090/286 5731/3093/286 5729/3091/287
f 5734/3092/288 5733/3095/288 5731/3093/286
f 5736/3094/289 5735/3097/291 5733/3095/288
f 5738/3096/290 5737/3099/293 5735/3097/291
f 5740/3098/292 5739/3101/295 5737/3099/293
f 5742/3100/294 5741/3103/297 5739/3101/295
f 5744/3102/296 5743/3105/299 5741/3103/297
f 5746/3104/298 5745/3107/298 5743/3105/299
f 5748/3106/300 5747/3109/300 5745/3107/298
f 5750/3108/301 5749/3111/301 5747/3109/300
f 5752/3110/302 5751/3113/302 5749/3111/301
f 5754/3112/303 5753/3115/303 5751/3113/302
f 5756/3114/304 5755/3117/304 5753/3115/303
f 5758/3116/305 5757/3119/305 5755/3117/304
f 5760/3118/306 5759/3121/306 5757/3119/305
f 5762/3120/307 5761/1812/307 5759/3121/306
f 5764/3122/308 5763/3124/308 5761/1812/307
f 5766/3123/309 5765/3126/311 5763/3124/308
f 5768/3125/310 5767/3128/310 5765/3126/311
f 5770/3127/312 5769/3130/314 5767/3128/310
f 5772/3129/313 5771/3132/313 5769/3130/314
f 5774/3131/315 5773/3134/315 5771/3132/313
f 5776/3133/316 5775/3136/316 5773/3134/315
f 5778/3135/317 5777/3138/317 5775/3136/316
f 5780/3137/318 5779/3140/318 5777/3138/317
f 5782/3139/319 5781/3142/319 5779/3140/318
f 5784/3141/320 5783/3144/322 5781/3142/319
f 5786/3143/321 5785/3146/321 5783/3144/322
f 5788/3145/323 5787/3148/323 5785/3146/321
f 5790/3147/324 5789/3150/324 5787/3148/323
f 5792/3149/325 5791/3152/327 5789/3150/324
f 5794/3151/326 5793/3154/326 5791/3152/327
f 5796/3153/328 5795/1468/330 5793/3154/326
f 5798/3155/329 5797/3157/329 5795/1468/330
f 5800/3156/331 5799/3159/331 5797/3157/329
f 5802/3158/332 5801/3161/332 5799/3159/331
f 5804/3160/333 5803/3163/335 5801/3161/332
f 5806/3162/334 5805/3165/337 5803/3163/335
f 5808/3164/336 5807/3167/339 5805/3165/337
f 5810/3166/338 5809/3169/338 5807/3167/339
f 5812/3168/340 5811/3171/340 5809/3169/338
f 5814/3170/341 5813/3173/341 5811/3171/340
f 5816/3172/342 5815/3175/344 5813/3173/341
f 5818/3174/343 5817/3177/343 5815/3175/344
f 5820/3176/345 5819/3179/347 5817/3177/343
f 5822/3178/346 5821/3181/349 5819/3179/347
f 5824/3180/348 5823/3183/348 5821/3181/349
f 5826/3182/350 5825/3185/350 5823/3183/348
f 5828/3184/351 5827/3187/351 5825/3185/350
f 5830/3186/352 5829/1400/354 5827/3187/351
f 5832/3188/353 5831/3190/353 5829/1400/354
f 5834/3189/355 5833/3192/355 5831/3190/353
f 5836/3191/356 5835/3194/356 5833/3192/355
f 5838/3193/357 5837/3196/359 5835/3194/356
f 5840/3195/358 5839/3198/361 5837/3196/359
f 5842/3197/360 5841/3200/363 5839/3198/361
f 5844/3199/362 5843/3202/362 5841/3200/363
f 5846/3201/364 5845/3204/364 5843/3202/362
f 5848/3203/365 5847/3206/367 5845/3204/364
f 5850/3205/366 5849/3208/366 5847/3206/367
f 5852/3207/368 5851/3210/368 5849/3208/366
f 5854/3209/369 5853/3212/369 5851/3210/368
f 5856/3211/370 5855/3214/370 5853/3212/369
f 5858/3213/371 5857/3216/373 5855/3214/370
f 5860/3215/372 5859/3218/372 5857/3216/373
f 5862/3217/374 5861/3220/376 5859/3218/372
f 5864/3219/375 5863/1327/375 5861/3220/376
f 5866/3221/377 5865/3223/377 5863/1327/375
f 5868/3222/378 5867/3225/380 5865/3223/377
f 5870/3224/379 5869/3227/379 5867/3225/380
f 5872/3226/381 5871/3229/381 5869/3227/379
f 5874/3228/382 5873/3231/384 5871/3229/381
f 5876/3230/383 5875/3233/383 5873/3231/384
f 5878/3232/385 5877/3235/385 5875/3233/383
f 5880/3234/386 5879/3237/386 5877/3235/385
f 5882/3236/387 5881/3239/389 5879/3237/386
f 5884/3238/388 5883/3241/391 5881/3239/389
f 5886/3240/390 5885/3243/390 5883/3241/391
f 5888/3242/392 5887/3245/394 5885/3243/390
f 5890/3244/393 5889/3247/396 5887/3245/394
f 5892/3246/395 5891/3249/398 5889/3247/396
f 5894/3248/397 5893/3251/400 5891/3249/398
f 5896/3250/399 5895/3253/399 5893/3251/400
f 5898/3252/401 5897/1254/403 5895/3253/399
f 5900/3254/402 5899/3256/405 5897/1254/403
f 5902/3255/404 5901/3258/404 5899/3256/405
f 5904/3257/406 5903/3260/408 5901/3258/404
f 5906/3259/407 5905/3262/410 5903/3260/408
f 5908/3261/409 5907/3264/412 5905/3262/410
f 5910/3263/411 5909/3266/414 5907/3264/412
f 5912/3265/413 5911/3268/416 5909/3266/414
f 5914/3267/415 5913/3270/418 5911/3268/416
f 5916/3269/417 5915/3272/420 5913/3270/418
f 5918/3271/419 5917/3274/422 5915/3272/420
f 5920/3273/421 5919/3276/424 5917/3274/422
f 5922/3275/423 5921/3278/423 5919/3276/424
f 5924/3277/425 5923/3280/427 5921/3278/423
f 5926/3279/426 5925/3282/426 5923/3280/427
f 5928/3281/428 5927/3284/428 5925/3282/426
f 5930/3283/429 5929/3286/429 5927/3284/428
f 5932/3285/430 5931/1203/432 5929/3286/429
f 5934/3287/431 5933/3289/434 5931/1203/432
f 5936/3288/433 5935/3291/436 5933/3289/434
f 5938/3290/435 5937/3293/435 5935/3291/436
f 5940/3292/437 5939/3295/439 5937/3293/435
f 5942/3294/438 5941/3297/438 5939/3295/439
f 5944/3296/440 5943/3299/440 5941/3297/438
f 5946/3298/441 5945/3301/443 5943/3299/440
f 5948/3300/442 5947/3303/445 5945/3301/443
f 5950/3302/444 5949/3305/447 5947/3303/445
f 5952/3304/446 5951/3307/449 5949/3305/447
f 5954/3306/448 5953/3309/448 5951/3307/449
f 5956/3308/450 5955/3311/450 5953/3309/448
f 5958/3310/451 5957/3313/451 5955/3311/450
f 5960/3312/452 5959/3315/452 5957/3313/451
f 5962/3314/453 5961/3317/453 5959/3315/452
f 5964/3316/454 5963/3319/456 5961/3317/453
f 5966/3318/455 5965/1144/455 5963/3319/456
f 5968/3320/457 5967/3322/457 5965/1144/455
f 5970/3321/458 5969/3324/458 5967/3322/457
f 5972/3323/459 5971/3326/461 5969/3324/458
f 5974/3325/460 5973/3328/463 5971/3326/461
f 5976/3327/462 5975/3330/462 5973/3328/463
f 5978/3329/464 5977/3332/464 5975/3330/462
f 5980/3331/465 5979/3334/465 5977/3332/464
f 5982/3333/466 5981/3336/466 5979/3334/465
f 5984/3335/467 5983/3338/469 5981/3336/466
f 5986/3337/468 5985/3340/468 5983/3338/469
f 5988/3339/470 5987/3342/470 5985/3340/468
f 5990/3341/471 5989/3344/471 5987/3342/470
f 5992/3343/472 5991/3346/472 5989/3344/471
f 5994/3345/473 5993/3348/473 5991/3346/472
f 5996/3347/474 5995/3350/474 5993/3348/473
f 5998/3349/475 5997/3352/475 5995/3350/474
f 6000/3351/476 5999/1102/476 5997/3352/475
f 6002/3353/477 6001/3355/477 5999/1102/476
f 6004/3354/478 6003/3357/478 6001/3355/477
f 6006/3356/479 6005/3359/479 6003/3357/478
f 6008/3358/480 6007/3361/482 6005/3359/479
f 6010/3360/481 6009/3363/481 6007/3361/482
f 6012/3362/483 6011/3365/483 6009/3363/481
f 6014/3364/484 6013/3367/484 6011/3365/483
f 6016/3366/485 6015/3369/485 6013/3367/484
f 6018/3368/486 6017/3371/486 6015/3369/485
f 6020/3370/487 6019/3373/489 6017/3371/486
f 6022/3372/488 6021/3375/491 6019/3373/489
f 6024/3374/490 6023/3377/490 6021/3375/491
f 6026/3376/492 6025/3379/492 6023/3377/490
f 6028/3378/493 6027/3381/493 6025/3379/492
f 6030/3380/494 6029/3383/494 6027/3381/493
f 6032/3382/495 6031/3385/495 6029/3383/494
f 6034/3384/496 6033/1248/496 6031/3385/495
f 6036/3386/497 6035/3388/497 6033/1248/496
f 6038/3387/498 6037/3390/498 6035/3388/497
f 6040/3389/499 6039/3392/501 6037/3390/498
f 6042/3391/500 6041/3394/500 6039/3392/501
f 6044/3393/502 6043/3396/502 6041/3394/500
f 6046/3395/503 6045/3398/503 6043/3396/502
f 6048/3397/504 6047/3400/504 6045/3398/503
f 6050/3399/505 6049/3402/507 6047/3400/504
f 6052/3401/506 6051/3404/506 6049/3402/507
f 6054/3403/508 6053/3406/508 6051/3404/506
f 6056/3405/509 6055/3408/509 6053/3406/508
f 6058/3407/510 6057/3410/510 6055/3408/509
f 6060/3409/511 6059/3412/511 6057/3410/510
f 6062/3411/512 6061/3414/512 6059/3412/511
f 6064/3413/513 6063/3416/513 6061/3414/512
f 6066/3415/514 6065/3418/514 6063/3416/513
f 6068/3417/515 6067/1344/515 6065/3418/514
f 6070/3419/516 6069/3421/518 6067/1344/515
f 6072/3420/517 6071/3423/517 6069/3421/518
f 6074/3422/519 6073/3425/519 6071/3423/517
f 6076/3424/520 6075/3427/520 6073/3425/519
f 6078/3426/521 6077/3429/521 6075/3427/520
f 6080/3428/522 6079/3431/522 6077/3429/521
f 6082/3430/523 6081/3433/523 6079/3431/522
f 6084/3432/524 6083/3435/524 6081/3433/523
f 6086/3434/525 6085/3437/525 6083/3435/524
f 6088/3436/526 6087/3439/526 6085/3437/525
f 6090/3438/527 6089/3441/527 6087/3439/526
f 6092/3440/528 6091/3443/528 6089/3441/527
f 6094/3442/529 6093/3445/531 6091/3443/528
f 6096/3444/530 6095/3447/530 6093/3445/531
f 6098/3446/532 6097/3449/534 6095/3447/530
f 6100/3448/533 6099/3451/533 6097/3449/534
f 6102/3450/535 6101/1447/535 6099/3451/533
f 6104/3452/536 6103/3454/536 6101/1447/535
f 6106/3453/537 6105/3456/537 6103/3454/536
f 6108/3455/538 6107/3458/538 6105/3456/537
f 6110/3457/539 6109/3460/541 6107/3458/538
f 6112/3459/540 6111/3462/540 6109/3460/541
f 6114/3461/542 6113/3464/544 6111/3462/540
f 6116/3463/543 6115/3466/543 6113/3464/544
f 6118/3465/545 6117/3468/545 6115/3466/543
f 6120/3467/546 6119/3470/546 6117/3468/545
f 6122/3469/547 6121/3472/549 6119/3470/546
f 6124/3471/548 6123/3474/548 6121/3472/549
f 6126/3473/550 6125/3476/550 6123/3474/548
f 6128/3475/551 6127/3478/553 6125/3476/550
f 6130/3477/552 6129/3480/552 6127/3478/553
f 6132/3479/554 6131/3482/554 6129/3480/552
f 6134/3481/555 6133/3484/555 6131/3482/554
f 6136/3483/556 6135/1515/556 6133/3484/555
f 6138/3485/557 6137/3487/557 6135/1515/556
f 6140/3486/558 6139/3489/558 6137/3487/557
f 6142/3488/559 6141/3491/559 6139/3489/558
f 6144/3490/560 6143/3493/560 6141/3491/559
f 6146/3492/561 6145/3495/563 6143/3493/560
f 6148/3494/562 6147/3497/562 6145/3495/563
f 6150/3496/564 6149/3499/564 6147/3497/562
f 6152/3498/565 6151/3501/567 6149/3499/564
f 6154/3500/566 6153/3503/566 6151/3501/567
f 6156/3502/568 6155/3505/568 6153/3503/566
f 6158/3504/569 6157/3507/569 6155/3505/568
f 6160/3506/570 6159/3509/572 6157/3507/569
f 6162/3508/571 6161/3511/573 6159/3509/572
f 6164/3510/557 6163/3513/557 6161/3511/573
f 6166/3512/574 6165/3515/574 6163/3513/557
f 6168/3514/575 6167/3517/577 6165/3515/574
f 6170/3516/576 6169/1556/576 6167/3517/577
f 6172/3518/578 6171/3520/578 6169/1556/576
f 6174/3519/579 6173/3522/579 6171/3520/578
f 6176/3521/580 6175/3524/580 6173/3522/579
f 6178/3523/581 6177/3526/581 6175/3524/580
f 6180/3525/582 6179/3528/584 6177/3526/581
f 6182/3527/583 6181/3530/586 6179/3528/584
f 6184/3529/585 6183/3532/588 6181/3530/586
f 6186/3531/587 6185/3534/587 6183/3532/588
f 6188/3533/589 6187/3536/589 6185/3534/587
f 6190/3535/590 6189/3538/590 6187/3536/589
f 6192/3537/591 6191/3540/591 6189/3538/590
f 6194/3539/592 6193/3542/594 6191/3540/591
f 6196/3541/593 6195/3544/593 6193/3542/594
f 6198/3543/595 6197/3546/595 6195/3544/593
f 6200/3545/596 6199/3548/596 6197/3546/595
f 6202/3547/597 6201/3550/597 6199/3548/596
f 6204/3549/598 6203/1718/598 6201/3550/597
f 6206/3551/599 6205/3553/599 6203/1718/598
f 6208/3552/600 6207/3555/600 6205/3553/599
f 6210/3554/601 6209/3557/601 6207/3555/600
f 6212/3556/602 6211/3559/602 6209/3557/601
f 6214/3558/603 6213/3561/603 6211/3559/602
f 6216/3560/604 6215/3563/604 6213/3561/603
f 6218/3562/605 6217/3565/605 6215/3563/604
f 6220/3564/606 6219/3567/606 6217/3565/605
f 6222/3566/607 6221/3569/607 6219/3567/606
f 6224/3568/608 6223/3571/608 6221/3569/607
f 6226/3570/609 6225/3573/609 6223/3571/608
f 6228/3572/610 6227/3575/610 6225/3573/609
f 6230/3574/611 6229/3577/611 6227/3575/610
f 6232/3576/612 6231/3579/612 6229/3577/611
f 6234/3578/613 6233/3581/615 6231/3579/612
f 6236/3580/614 6235/3583/614 6233/3581/615
f 6238/3582/616 6237/1938/616 6235/3583/614
f 6240/3584/617 6239/3586/617 6237/1938/616
f 6242/3585/618 6241/3588/618 6239/3586/617
f 6244/3587/619 6243/3590/619 6241/3588/618
f 6246/3589/620 6245/3592/620 6243/3590/619
f 6248/3591/621 6247/3594/621 6245/3592/620
f 6250/3593/622 6249/3596/622 6247/3594/621
f 6252/3595/623 6251/3598/623 6249/3596/622
f 6254/3597/624 6253/3600/626 6251/3598/623
f 6256/3599/625 6255/3602/625 6253/3600/626
f 6258/3601/627 6257/3604/627 6255/3602/625
f 6260/3603/628 6259/3606/628 6257/3604/627
f 6262/3605/629 6261/3608/629 6259/3606/628
f 6264/3607/630 6263/3610/630 6261/3608/629
f 6266/3609/631 6265/3612/631 6263/3610/630
f 6268/3611/632 6267/3614/632 6265/3612/631
f 6270/3613/633 6269/3616/635 6267/3614/632
f 6272/3615/634 6271/2060/634 6269/3616/635
f 6274/3617/636 6273/3619/636 6271/2060/634
f 6276/3618/637 6275/3621/637 6273/3619/636
f 6278/3620/638 6277/3623/638 6275/3621/637
f 6280/3622/639 6279/3625/639 6277/3623/638
f 6282/3624/640 6281/3627/640 6279/3625/639
f 6284/3626/641 6283/3629/641 6281/3627/640
f 6286/3628/642 6285/3631/642 6283/3629/641
f 6288/3630/643 6287/3633/643 6285/3631/642
f 6290/3632/644 6289/3635/644 6287/3633/643
f 6292/3634/645 6291/3637/645 6289/3635/644
f 6294/3636/646 6293/3639/646 6291/3637/645
f 6296/3638/647 6295/3641/647 6293/3639/646
f 6298/3640/648 6297/3643/648 6295/3641/647
f 6300/3642/649 6299/3645/649 6297/3643/648
f 6302/3644/650 6301/3647/652 6299/3645/649
f 6304/3646/651 6303/3649/651 6301/3647/652
f 6306/3648/653 6305/2196/653 6303/3649/651
f 6308/3650/654 6307/3652/654 6305/2196/653
f 6310/3651/655 6309/3654/657 6307/3652/654
f 6312/3653/656 6311/3656/656 6309/3654/657
f 6314/3655/658 6313/3658/658 6311/3656/656
f 6316/3657/659 6315/3660/659 6313/3658/658
f 6318/3659/660 6317/3662/660 6315/3660/659
f 6320/3661/661 6319/3664/661 6317/3662/660
f 6322/3663/662 6321/3666/664 6319/3664/661
f 6324/3665/663 6323/3668/663 6321/3666/664
f 6326/3667/665 6325/3670/665 6323/3668/663
f 6328/3669/666 6327/3672/666 6325/3670/665
f 6330/3671/667 6329/3674/667 6327/3672/666
f 6332/3673/668 6331/3676/668 6329/3674/667
f 6334/3675/669 6333/3678/669 6331/3676/668
f 6336/3677/670 6335/3680/670 6333/3678/669
f 6338/3679/671 6337/3682/671 6335/3680/670
f 6340/3681/672 6339/2171/672 6337/3682/671
f 6342/3683/673 6341/3685/673 6339/2171/672
f 6344/3684/674 6343/3687/674 6341/3685/673
f 6346/3686/675 6345/3689/675 6343/3687/674
f 6348/3688/676 6347/3691/676 6345/3689/675
f 6350/3690/677 6349/3693/677 6347/3691/676
f 6352/3692/678 6351/3695/678 6349/3693/677
f 6354/3694/679 6353/3697/679 6351/3695/678
f 6356/3696/680 6355/3699/680 6353/3697/679
f 6358/3698/681 6357/3701/681 6355/3699/680
f 6360/3700/682 6359/3703/682 6357/3701/681
f 6362/3702/683 6361/3705/683 6359/3703/682
f 6364/3704/684 6363/3707/684 6361/3705/683
f 6366/3706/685 6365/3709/685 6363/3707/684
f 6368/3708/686 6367/3711/686 6365/3709/685
f 6370/3710/687 6369/3713/689 6367/3711/686
f 6372/3712/688 6371/3715/688 6369/3713/689
f 6374/3714/690 6373/2088/690 6371/3715/688
f 6376/3716/691 6375/3718/691 6373/2088/690
f 6378/3717/692 6377/3720/692 6375/3718/691
f 6380/3719/693 6379/3722/693 6377/3720/692
f 6382/3721/694 6381/3724/694 6379/3722/693
f 6384/3723/695 6383/3726/695 6381/3724/694
f 6386/3725/696 6385/3728/696 6383/3726/695
f 6388/3727/697 6387/3730/697 6385/3728/696
f 6390/3729/698 6389/3732/698 6387/3730/697
f 6392/3731/699 6391/3734/699 6389/3732/698
f 6394/3733/700 6393/3736/700 6391/3734/699
f 6396/3735/701 6395/3738/701 6393/3736/700
f 6398/3737/702 6397/3740/702 6395/3738/701
f 6400/3739/703 6399/3742/703 6397/3740/702
f 6402/3741/704 6401/3744/704 6399/3742/703
f 6404/3743/705 6403/3746/705 6401/3744/704
f 6406/3745/706 6405/3748/706 6403/3746/705
f 6408/3747/707 6407/1909/707 6405/3748/706
f 6410/3749/708 6409/3751/708 6407/1909/707
f 6412/3750/709 6411/3753/709 6409/3751/708
f 6414/3752/710 6413/3755/710 6411/3753/709
f 6416/3754/711 6415/3757/711 6413/3755/710
f 6418/3756/712 6417/3759/712 6415/3757/711
f 6420/3758/713 6419/3761/713 6417/3759/712
f 6422/3760/714 6421/3763/714 6419/3761/713
f 6424/3762/715 6423/3765/715 6421/3763/714
f 6426/3764/716 6425/3767/716 6423/3765/715
f 6428/3766/717 6427/3769/717 6425/3767/716
f 6430/3768/718 6429/3771/718 6427/3769/717
f 6432/3770/719 6431/3773/719 6429/3771/718
f 6434/3772/720 6433/3775/720 6431/3773/719
f 6436/3774/721 6435/3777/723 6433/3775/720
f 6438/3776/722 6437/3779/722 6435/3777/723
f 6440/3778/724 6439/3781/724 6437/3779/722
f 6442/3780/725 6441/1716/725 6439/3781/724
f 6444/3782/726 6443/3784/726 6441/1716/725
f 6446/3783/727 6445/3786/727 6443/3784/726
f 6448/3785/728 6447/3788/730 6445/3786/727
f 6450/3787/729 6449/3790/729 6447/3788/730
f 6452/3789/731 6451/3792/733 6449/3790/729
f 6454/3791/732 6453/3794/637 6451/3792/733
f 6456/3793/734 6455/3796/734 6453/3794/637
f 6458/3795/735 6457/3798/735 6455/3796/734
f 6460/3797/736 6459/3800/736 6457/3798/735
f 6462/3799/737 6461/3802/737 6459/3800/736
f 6464/3801/738 6463/3804/740 6461/3802/737
f 6466/3803/739 6465/3806/742 6463/3804/740
f 6468/3805/741 6467/3808/744 6465/3806/742
f 6470/3807/743 6469/3810/743 6467/3808/744
f 6472/3809/745 6471/3812/747 6469/3810/743
f 6474/3811/746 6473/3814/749 6471/3812/747
f 6476/3813/748 6475/1617/748 6473/3814/749
f 6478/3815/750 6477/3817/752 6475/1617/748
f 6480/3816/751 6479/3819/754 6477/3817/752
f 6482/3818/753 6481/3821/756 6479/3819/754
f 6484/3820/755 6483/3823/758 6481/3821/756
f 6486/3822/757 6485/3825/760 6483/3823/758
f 6488/3824/759 6487/3827/762 6485/3825/760
f 6490/3826/761 6489/3829/761 6487/3827/762
f 6492/3828/763 6491/3831/765 6489/3829/761
f 6494/3830/764 6493/3833/764 6491/3831/765
f 6496/3832/766 6495/3835/768 6493/3833/764
f 6498/3834/767 6497/3837/767 6495/3835/768
f 6500/3836/769 6499/3839/771 6497/3837/767
f 6502/3838/770 6501/3841/773 6499/3839/771
f 6504/3840/772 6503/3843/775 6501/3841/773
f 6506/3842/774 6505/3845/774 6503/3843/775
f 6508/3844/776 6507/3847/778 6505/3845/774
f 6510/3846/777 6509/1685/780 6507/3847/778
f 6512/3848/779 6511/3850/782 6509/1685/780
f 6514/3849/781 6513/3852/781 6511/3850/782
f 6516/3851/783 6515/3854/785 6513/3852/781
f 6518/3853/784 6517/3856/784 6515/3854/785
f 6520/3855/786 6519/3858/786 6517/3856/784
f 6522/3857/787 6521/3860/789 6519/3858/786
f 6524/3859/788 6523/3862/791 6521/3860/789
f 6526/3861/790 6525/3864/793 6523/3862/791
f 6528/3863/792 6527/3866/792 6525/3864/793
f 6530/3865/794 6529/3868/796 6527/3866/792
f 6532/3867/795 6531/3870/798 6529/3868/796
f 6534/3869/797 6533/3872/800 6531/3870/798
f 6536/3871/799 6535/3874/799 6533/3872/800
f 6538/3873/801 6537/3876/803 6535/3874/799
f 6540/3875/802 6539/3878/805 6537/3876/803
f 6542/3877/804 6541/3880/807 6539/3878/805
f 6544/3879/806 6543/65/809 6541/3880/807
f 6546/3881/808 6545/3883/811 6543/65/809
f 6548/3882/810 6547/3885/813 6545/3883/811
f 6550/3884/812 6549/3887/812 6547/3885/813
f 6552/3886/814 6551/3889/816 6549/3887/812
f 6554/3888/815 6553/3891/818 6551/3889/816
f 6556/3890/817 6555/3893/817 6553/3891/818
f 6558/3892/819 6557/3895/819 6555/3893/817
f 6560/3894/820 6559/3897/822 6557/3895/819
f 6562/3896/821 6561/3899/824 6559/3897/822
f 6564/3898/823 6563/3901/826 6561/3899/824
f 6566/3900/825 6565/3903/828 6563/3901/826
f 6568/3902/827 6567/3905/830 6565/3903/828
f 6570/3904/829 6569/3907/832 6567/3905/830
f 6572/3906/831 6571/3909/834 6569/3907/832
f 6574/3908/833 6573/3911/833 6571/3909/834
f 6576/3910/835 6575/3913/835 6573/3911/833
f 6578/3912/836 6577/4/838 6575/3913/835
f 6580/3914/837 6579/3916/837 6577/4/838
f 6582/3915/839 6581/3918/839 6579/3916/837
f 6584/3917/840 6583/3920/842 6581/3918/839
f 6586/3919/841 6585/3922/844 6583/3920/842
f 6588/3921/843 6587/3924/846 6585/3922/844
f 6590/3923/845 6589/3926/845 6587/3924/846
f 6592/3925/847 6591/3928/849 6589/3926/845
f 6594/3927/848 6593/3930/848 6591/3928/849
f 6596/3929/850 6595/3932/850 6593/3930/848
f 6598/3931/851 6597/3934/851 6595/3932/850
f 6600/3933/852 6599/3936/852 6597/3934/851
f 6602/3935/853 6601/3938/855 6599/3936/852
f 6604/3937/854 6603/3940/854 6601/3938/855
f 6606/3939/856 6605/3942/858 6603/3940/854
f 6608/3941/857 6607/3944/860 6605/3942/858
f 6610/3943/859 6609/3946/859 6607/3944/860
f 6612/3945/861 6611/125/861 6609/3946/859
f 6614/3947/862 6613/3949/862 6611/125/861
f 6616/3948/863 6615/3951/863 6613/3949/862
f 6618/3950/864 6617/3953/864 6615/3951/863
f 6620/3952/865 6619/3955/867 6617/3953/864
f 6622/3954/866 6621/3957/869 6619/3955/867
f 6624/3956/868 6623/3959/871 6621/3957/869
f 6626/3958/870 6625/3961/870 6623/3959/871
f 6628/3960/872 6627/3963/872 6625/3961/870
f 6630/3962/873 6629/3965/873 6627/3963/872
f 6632/3964/874 6631/3967/874 6629/3965/873
f 6634/3966/875 6633/3969/875 6631/3967/874
f 6636/3968/876 6635/3971/876 6633/3969/875
f 6638/3970/877 6637/3973/877 6635/3971/876
f 6640/3972/878 6639/3975/878 6637/3973/877
f 6642/3974/879 6641/3977/879 6639/3975/878
f 6644/3976/880 6643/3979/880 6641/3977/879
f 6646/3978/881 6645/235/883 6643/3979/880
f 6648/3980/882 6647/3982/882 6645/235/883
f 6650/3981/884 6649/3984/884 6647/3982/882
f 6652/3983/885 6651/3986/885 6649/3984/884
f 6654/3985/886 6653/3988/886 6651/3986/885
f 6656/3987/887 6655/3990/887 6653/3988/886
f 6658/3989/888 6657/3992/888 6655/3990/887
f 6660/3991/889 6659/3994/889 6657/3992/888
f 6662/3993/890 6661/3996/890 6659/3994/889
f 6664/3995/891 6663/3998/893 6661/3996/890
f 6666/3997/892 6665/4000/892 6663/3998/893
f 6668/3999/884 6667/4002/884 6665/4000/892
f 6670/4001/894 6669/4004/894 6667/4002/884
f 6672/4003/895 6671/4006/895 6669/4004/894
f 6674/4005/896 6673/4008/896 6671/4006/895
f 6676/4007/897 6675/4010/897 6673/4008/896
f 6678/4009/882 6677/4012/882 6675/4010/897
f 6680/4011/898 6679/336/898 6677/4012/882
f 6682/4013/899 6681/4015/899 6679/336/898
f 6684/4014/900 6683/4017/900 6681/4015/899
f 6686/4016/901 6685/4019/901 6683/4017/900
f 6688/4018/902 6687/4021/904 6685/4019/901
f 6690/4020/903 6689/4023/903 6687/4021/904
f 6692/4022/905 6691/4025/905 6689/4023/903
f 6694/4024/906 6693/4027/908 6691/4025/905
f 6696/4026/907 6695/4029/910 6693/4027/908
f 6698/4028/909 6697/4031/909 6695/4029/910
f 6700/4030/911 6699/4033/911 6697/4031/909
f 6702/4032/912 6701/4035/912 6699/4033/911
f 6704/4034/913 6703/4037/915 6701/4035/912
f 6706/4036/914 6705/4039/917 6703/4037/915
f 6708/4038/916 6707/4041/916 6705/4039/917
f 6710/4040/918 6709/4043/918 6707/4041/916
f 6712/4042/919 6711/4045/919 6709/4043/918
f 6714/4044/920 6713/462/920 6711/4045/919
f 6716/4046/921 6715/4048/921 6713/462/920
f 6718/4047/922 6717/4050/922 6715/4048/921
f 6720/4049/923 6719/4052/923 6717/4050/922
f 6722/4051/924 6721/4054/924 6719/4052/923
f 6724/4053/925 6723/4056/925 6721/4054/924
f 6726/4055/926 6725/4058/926 6723/4056/925
f 6728/4057/927 6727/4060/927 6725/4058/926
f 6730/4059/928 6729/4062/928 6727/4060/927
f 6732/4061/929 6731/4064/929 6729/4062/928
f 6734/4063/930 6733/4066/930 6731/4064/929
f 6736/4065/931 6735/4068/931 6733/4066/930
f 6738/4067/932 6737/4070/932 6735/4068/931
f 6740/4069/933 6739/4072/933 6737/4070/932
f 6742/4071/934 6741/4074/934 6739/4072/933
f 6744/4073/935 6743/4076/935 6741/4074/934
f 6746/4075/936 6745/4078/936 6743/4076/935
f 6748/4077/937 6747/723/937 6745/4078/936
f 6750/4079/938 6749/4081/940 6747/723/937
f 6752/4080/939 6751/4083/942 6749/4081/940
f 6754/4082/941 6753/4085/941 6751/4083/942
f 6756/4084/943 6755/4087/943 6753/4085/941
f 6758/4086/944 6757/4089/944 6755/4087/943
f 6760/4088/945 6759/4091/945 6757/4089/944
f 6762/4090/946 6761/4093/946 6759/4091/945
f 6764/4092/947 6763/4095/947 6761/4093/946
f 6766/4094/948 6765/4097/948 6763/4095/947
f 6768/4096/949 6767/4099/949 6765/4097/948
f 6770/4098/950 6769/4101/950 6767/4099/949
f 6772/4100/951 6771/4103/951 6769/4101/950
f 6774/4102/952 6773/4105/952 6771/4103/951
f 6776/4104/953 6775/4107/953 6773/4105/952
f 6778/4106/954 6777/4109/954 6775/4107/953
f 6780/4108/955 6779/4111/955 6777/4109/954
f 6782/4110/956 6781/933/956 6779/4111/955
f 6784/4112/957 6783/4114/957 6781/933/956
f 6786/4113/958 6785/4116/958 6783/4114/957
f 6788/4115/959 6787/4118/959 6785/4116/958
f 6790/4117/960 6789/4120/962 6787/4118/959
f 6792/4119/961 6791/4122/961 6789/4120/962
f 6794/4121/963 6793/4124/963 6791/4122/961
f 6796/4123/964 6795/4126/966 6793/4124/963
f 6798/4125/965 6797/4128/968 6795/4126/966
f 6800/4127/967 6799/4130/967 6797/4128/968
f 6802/4129/969 6801/4132/970 6799/4130/967
f 6804/4131/849 6803/4134/849 6801/4132/970
f 6806/4133/971 6805/4136/971 6803/4134/849
f 6808/4135/972 6807/4138/972 6805/4136/971
f 6810/4137/973 6809/4140/973 6807/4138/972
f 6812/4139/974 6811/4142/976 6809/4140/973
f 6814/4141/975 6813/4144/975 6811/4142/976
f 6816/4143/977 6815/1017/977 6813/4144/975
f 6818/4145/978 6817/4147/978 6815/1017/977
f 6820/4146/979 6819/4149/981 6817/4147/978
f 6822/4148/980 6821/4151/980 6819/4149/981
f 6824/4150/982 6823/4153/982 6821/4151/980
f 6826/4152/983 6825/4155/985 6823/4153/982
f 6828/4154/984 6827/4157/987 6825/4155/985
f 6830/4156/986 6829/4159/986 6827/4157/987
f 6832/4158/988 6831/4161/988 6829/4159/986
f 6834/4160/989 6833/4163/991 6831/4161/988
f 6836/4162/990 6835/4165/990 6833/4163/991
f 6838/4164/992 6837/4167/992 6835/4165/990
f 6840/4166/993 6839/4169/993 6837/4167/992
f 6842/4168/994 6841/4171/994 6839/4169/993
f 6844/4170/995 6843/4173/995 6841/4171/994
f 6846/4172/996 6845/4175/996 6843/4173/995
f 6848/4174/997 6847/4177/999 6845/4175/996
f 6850/4176/998 6849/1077/998 6847/4177/999
f 6852/4178/35 6851/4180/1001 6849/1077/998
f 6854/4179/1000 6853/4182/1000 6851/4180/1001
f 6856/4181/1002 6855/4184/1004 6853/4182/1000
f 6858/4183/1003 6857/4186/1006 6855/4184/1004
f 6860/4185/1005 6859/4188/1005 6857/4186/1006
f 6862/4187/1007 6861/4190/1009 6859/4188/1005
f 6864/4189/1008 6863/4192/1008 6861/4190/1009
f 6866/4191/1010 6865/4194/1010 6863/4192/1008
f 6868/4193/1011 6867/4196/1013 6865/4194/1010
f 6870/4195/1012 6869/4198/1012 6867/4196/1013
f 6872/4197/1014 6871/4200/1014 6869/4198/1012
f 6874/4199/1015 6873/4202/1017 6871/4200/1014
f 6876/4201/1016 6875/4204/1019 6873/4202/1017
f 6878/4203/1018 6877/4206/1021 6875/4204/1019
f 6880/4205/1020 6879/4208/1023 6877/4206/1021
f 6882/4207/1022 6881/4210/1025 6879/4208/1023
f 6884/4209/1024 6883/997/1024 6881/4210/1025
f 6886/4211/1026 6885/4213/1028 6883/997/1024
f 6888/4212/1027 6887/4215/1027 6885/4213/1028
f 6890/4214/1029 6889/4217/1031 6887/4215/1027
f 6892/4216/1030 6891/4219/1033 6889/4217/1031
f 6894/4218/1032 6893/4221/1032 6891/4219/1033
f 6896/4220/1034 6895/4223/803 6893/4221/1032
f 6898/4222/1035 6897/4225/1035 6895/4223/803
f 6900/4224/1036 6899/4227/1038 6897/4225/1035
f 6902/4226/1037 6901/4229/1037 6899/4227/1038
f 6904/4228/1039 6903/4231/1041 6901/4229/1037
f 6906/4230/1040 6905/4233/1043 6903/4231/1041
f 6908/4232/1042 6907/4235/1042 6905/4233/1043
f 6910/4234/1044 6909/4237/1044 6907/4235/1042
f 6912/4236/1045 6911/4239/1045 6909/4237/1044
f 6914/4238/1046 6913/4241/1048 6911/4239/1045
f 6916/4240/1047 6915/4243/1047 6913/4241/1048
f 6918/4242/1049 6917/918/1051 6915/4243/1047
f 6920/4244/1050 6919/4246/1050 6917/918/1051
f 6922/4245/1052 6921/4248/1052 6919/4246/1050
f 6924/4247/1053 6923/4250/1055 6921/4248/1052
f 6926/4249/1054 6925/4252/1057 6923/4250/1055
f 6928/4251/1056 6927/4254/1056 6925/4252/1057
f 6930/4253/1058 6929/4256/1058 6927/4254/1056
f 6932/4255/1059 6931/4258/1061 6929/4256/1058
f 6934/4257/1060 6933/4260/1063 6931/4258/1061
f 6936/4259/1062 6935/4262/1065 6933/4260/1063
f 6938/4261/1064 6937/4264/1064 6935/4262/1065
f 6940/4263/1066 6939/4266/1066 6937/4264/1064
f 6942/4265/1067 6941/4268/1067 6939/4266/1066
f 6944/4267/1068 6943/4270/1068 6941/4268/1067
f 6946/4269/1069 6945/4272/1069 6943/4270/1068
f 6948/4271/1070 6947/4274/1070 6945/4272/1069
f 6950/4273/1071 6949/4276/1071 6947/4274/1070
f 6952/4275/1072 6951/860/1074 6949/4276/1071
f 6954/4277/1073 6953/4279/1076 6951/860/1074
f 6956/4278/1075 6955/4281/1075 6953/4279/1076
f 6958/4280/1077 6957/4283/1077 6955/4281/1075
f 6960/4282/1078 6959/4285/1078 6957/4283/1077
f 6962/4284/1079 6961/4287/1079 6959/4285/1078
f 6964/4286/1080 6963/4289/1080 6961/4287/1079
f 6966/4288/1081 6965/4291/1083 6963/4289/1080
f 6968/4290/1082 6967/4293/1082 6965/4291/1083
f 6970/4292/1084 6969/4295/1084 6967/4293/1082
f 6972/4294/1085 6971/4297/1085 6969/4295/1084
f 6974/4296/1086 6973/4299/1086 6971/4297/1085
f 6976/4298/1087 6975/4301/1087 6973/4299/1086
f 6978/4300/1088 6977/4303/1090 6975/4301/1087
f 6980/4302/1089 6979/4305/1089 6977/4303/1090
f 6982/4304/1091 6981/4307/1091 6979/4305/1089
f 6984/4306/1092 6983/4309/1094 6981/4307/1091
f 6986/4308/1093 6985/810/1096 6983/4309/1094
f 6988/4310/1095 6987/4312/1095 6985/810/1096
f 6990/4311/1097 6989/4314/1097 6987/4312/1095
f 6992/4313/1098 6991/4316/1100 6989/4314/1097
f 6994/4315/1099 6993/4318/1099 6991/4316/1100
f 6996/4317/1101 6995/4320/1101 6993/4318/1099
f 6998/4319/1102 6997/4322/1102 6995/4320/1101
f 7000/4321/1103 6999/4324/1103 6997/4322/1102
f 7002/4323/1104 7001/4326/1104 6999/4324/1103
f 7004/4325/1105 7003/4328/1105 7001/4326/1104
f 7006/4327/1106 7005/4330/1108 7003/4328/1105
f 7008/4329/1107 7007/4332/1110 7005/4330/1108
f 7010/4331/1109 7009/4334/1109 7007/4332/1110
f 7012/4333/1111 7011/4336/1113 7009/4334/1109
f 7014/4335/1112 7013/4338/1112 7011/4336/1113
f 7016/4337/1114 7015/4340/1114 7013/4338/1112
f 7018/4339/1115 7017/4342/1115 7015/4340/1114
f 7020/4341/1116 7019/765/1116 7017/4342/1115
f 7022/4343/1117 7021/4345/1117 7019/765/1116
f 7024/4344/1118 7023/4347/1118 7021/4345/1117
f 7026/4346/1119 7025/4349/1121 7023/4347/1118
f 7028/4348/1120 7027/4351/1120 7025/4349/1121
f 7030/4350/1122 7029/4353/1124 7027/4351/1120
f 7032/4352/1123 7031/4355/1123 7029/4353/1124
f 7034/4354/1125 7033/4357/1125 7031/4355/1123
f 7036/4356/1126 7035/4359/1126 7033/4357/1125
f 7038/4358/1127 7037/4361/1127 7035/4359/1126
f 7040/4360/1128 7039/4363/1128 7037/4361/1127
f 7042/4362/1129 7041/4365/1131 7039/4363/1128
f 7044/4364/1130 7043/4367/1130 7041/4365/1131
f 7046/4366/1132 7045/4369/1132 7043/4367/1130
f 7048/4368/1133 7047/4371/1133 7045/4369/1132
f 7050/4370/1134 7049/4373/1134 7047/4371/1133
f 7052/4372/1135 7051/4375/1135 7049/4373/1134
f 7054/4374/1136 7053/719/1136 7051/4375/1135
f 7056/4376/1137 7055/4378/1137 7053/719/1136
f 7058/4377/1138 7057/4380/1138 7055/4378/1137
f 7060/4379/1139 7059/4382/1141 7057/4380/1138
f 7062/4381/1140 7061/4384/1140 7059/4382/1141
f 7064/4383/1142 7063/4386/1144 7061/4384/1140
f 7066/4385/1143 7065/4388/1143 7063/4386/1144
f 7068/4387/1145 7067/4390/1145 7065/4388/1143
f 7070/4389/1146 7069/4392/1146 7067/4390/1145
f 7072/4391/1147 7071/4394/1147 7069/4392/1146
f 7074/4393/1148 7073/4396/1148 7071/4394/1147
f 7076/4395/1149 7075/4398/1149 7073/4396/1148
f 7078/4397/1150 7077/4400/1150 7075/4398/1149
f 7080/4399/1151 7079/4402/1151 7077/4400/1150
f 7082/4401/1152 7081/4404/1152 7079/4402/1151
f 7084/4403/1153 7083/4406/1153 7081/4404/1152
f 7086/4405/1154 7085/4408/1154 7083/4406/1153
f 7088/4407/1155 7087/673/1155 7085/4408/1154
f 7090/4409/1156 7089/4411/1156 7087/673/1155
f 7092/4410/1157 7091/4413/1157 7089/4411/1156
f 7094/4412/1158 7093/4415/1158 7091/4413/1157
f 7096/4414/1159 7095/4417/1159 7093/4415/1158
f 7098/4416/1160 7097/4419/1162 7095/4417/1159
f 7100/4418/1161 7099/4421/1164 7097/4419/1162
f 7102/4420/1163 7101/4423/1163 7099/4421/1164
f 7104/4422/1165 7103/4425/1165 7101/4423/1163
f 7106/4424/1166 7105/4427/1166 7103/4425/1165
f 7108/4426/1167 7107/4429/1169 7105/4427/1166
f 7110/4428/1168 7109/4431/1168 7107/4429/1169
f 7112/4430/1170 7111/4433/1170 7109/4431/1168
f 7114/4432/1171 7113/4435/1173 7111/4433/1170
f 7116/4434/1172 7115/4437/1172 7113/4435/1173
f 7118/4436/1174 7117/4439/1174 7115/4437/1172
f 7120/4438/1175 7119/4441/1175 7117/4439/1174
f 7122/4440/1176 7121/626/1176 7119/4441/1175
f 7124/4442/1177 7123/4444/1177 7121/626/1176
f 7126/4443/1178 7125/4446/1178 7123/4444/1177
f 7128/4445/1179 7127/4448/1179 7125/4446/1178
f 7130/4447/1180 7129/4450/1180 7127/4448/1179
f 7132/4449/1181 7131/4452/1181 7129/4450/1180
f 7134/4451/1182 7133/4454/1182 7131/4452/1181
f 7136/4453/1183 7135/4456/1183 7133/4454/1182
f 7138/4455/1184 7137/4458/1184 7135/4456/1183
f 7140/4457/1185 7139/4460/1185 7137/4458/1184
f 7142/4459/1186 7141/4462/1186 7139/4460/1185
f 7144/4461/1187 7143/4464/1187 7141/4462/1186
f 7146/4463/1188 7145/4466/1188 7143/4464/1187
f 7148/4465/1189 7147/4468/1189 7145/4466/1188
f 7150/4467/1190 7149/4470/1190 7147/4468/1189
f 7152/4469/1191 7151/4472/1191 7149/4470/1190
f 7154/4471/1192 7153/4474/1192 7151/4472/1191
f 7156/4473/1193 7155/577/1193 7153/4474/1192
f 7158/4475/1194 7157/4477/1196 7155/577/1193
f 7160/4476/1195 7159/4479/1195 7157/4477/1196
f 7162/4478/1197 7161/4481/1197 7159/4479/1195
f 7164/4480/1198 7163/4483/1198 7161/4481/1197
f 7166/4482/1199 7165/4485/1199 7163/4483/1198
f 7168/4484/1200 7167/4487/1202 7165/4485/1199
f 7170/4486/1201 7169/4489/1201 7167/4487/1202
f 7172/4488/1203 7171/4491/1203 7169/4489/1201
f 7174/4490/1204 7173/4493/1206 7171/4491/1203
f 7176/4492/1205 7175/4495/1205 7173/4493/1206
f 7178/4494/1207 7177/4497/1207 7175/4495/1205
f 7180/4496/1208 7179/4499/1208 7177/4497/1207
f 7182/4498/1209 7181/4501/1209 7179/4499/1208
f 7184/4500/1210 7183/4503/1210 7181/4501/1209
f 7186/4502/1211 7185/4505/1211 7183/4503/1210
f 7188/4504/1212 7187/4507/1212 7185/4505/1211
f 7190/4506/1213 7189/530/1213 7187/4507/1212
f 7192/4508/1214 7191/4510/1214 7189/530/1213
f 7194/4509/1215 7193/4512/1215 7191/4510/1214
f 7196/4511/1216 7195/4514/1216 7193/4512/1215
f 7198/4513/1217 7197/4516/1217 7195/4514/1216
f 7200/4515/1218 7199/4518/1218 7197/4516/1217
f 7202/4517/1219 7201/4520/1219 7199/4518/1218
f 7204/4519/1220 7203/4522/1220 7201/4520/1219
f 7206/4521/1221 7205/4524/1221 7203/4522/1220
f 7208/4523/1222 7207/4526/1222 7205/4524/1221
f 7210/4525/1223 7209/4528/1223 7207/4526/1222
f 7212/4527/1224 7211/4530/1224 7209/4528/1223
f 7214/4529/1225 7213/4532/1225 7211/4530/1224
f 7216/4531/550 7215/4534/550 7213/4532/1225
f 7218/4533/1226 7217/4536/1226 7215/4534/550
f 7220/4535/1227 7219/4538/1227 7217/4536/1226
f 7222/4537/1228 7221/4540/1228 7219/4538/1227
f 7224/4539/1229 7223/478/1231 7221/4540/1228
f 7226/4541/1230 7225/4543/1230 7223/478/1231
f 7228/4542/1232 7227/4545/1232 7225/4543/1230
f 7230/4544/1233 7229/4547/1233 7227/4545/1232
f 7232/4546/1234 7231/4549/1234 7229/4547/1233
f 7234/4548/1235 7233/4551/1235 7231/4549/1234
f 7236/4550/1236 7235/4553/1236 7233/4551/1235
f 7238/4552/1237 7237/4555/1237 7235/4553/1236
f 7240/4554/1238 7239/4557/1238 7237/4555/1237
f 7242/4556/1239 7241/4559/1241 7239/4557/1238
f 7244/4558/1240 7243/4561/1240 7241/4559/1241
f 7246/4560/1242 7245/4563/1242 7243/4561/1240
f 7248/4562/1243 7247/4565/1243 7245/4563/1242
f 7250/4564/1244 7249/4567/1244 7247/4565/1243
f 7252/4566/1245 7251/4569/1245 7249/4567/1244
f 7254/4568/1246 7253/4571/1246 7251/4569/1245
f 7256/4570/1247 7255/4573/1247 7253/4571/1246
f 7258/4572/1248 7257/419/1250 7255/4573/1247
f 7260/4574/1249 7259/4576/1249 7257/419/1250
f 7262/4575/1251 7261/4578/1251 7259/4576/1249
f 7264/4577/1252 7263/4580/1252 7261/4578/1251
f 7266/4579/1253 7265/4582/1253 7263/4580/1252
f 7268/4581/1254 7267/4584/1254 7265/4582/1253
f 7270/4583/1255 7269/4586/1255 7267/4584/1254
f 7272/4585/1256 7271/4588/1256 7269/4586/1255
f 7274/4587/1257 7273/4590/1257 7271/4588/1256
f 7276/4589/1258 7275/4592/1258 7273/4590/1257
f 7278/4591/1259 7277/4594/1259 7275/4592/1258
f 7280/4593/1260 7279/4596/1260 7277/4594/1259
f 7282/4595/1261 7281/4598/1261 7279/4596/1260
f 7284/4597/1262 7283/4600/1262 7281/4598/1261
f 7286/4599/1263 7285/4602/1263 7283/4600/1262
f 7288/4601/1264 7287/4604/1264 7285/4602/1263
f 7290/4603/1265 7289/4606/1265 7287/4604/1264
f 7292/4605/1266 7291/357/1266 7289/4606/1265
f 7294/4607/1267 7293/4609/1267 7291/357/1266
f 7296/4608/1268 7295/4611/1268 7293/4609/1267
f 7298/4610/1269 7297/4613/1269 7295/4611/1268
f 7300/4612/1270 7299/4615/1270 7297/4613/1269
f 7302/4614/1271 7301/4617/1271 7299/4615/1270
f 7304/4616/1272 7303/4619/1272 7301/4617/1271
f 7306/4618/1273 7305/4621/1273 7303/4619/1272
f 7308/4620/1260 7307/4623/1260 7305/4621/1273
f 7310/4622/1274 7309/4625/1274 7307/4623/1260
f 7312/4624/1275 7311/4627/1275 7309/4625/1274
f 7314/4626/1276 7313/4629/1276 7311/4627/1275
f 7316/4628/1277 7315/4631/1277 7313/4629/1276
f 7318/4630/1278 7317/4633/1280 7315/4631/1277
f 7320/4632/1279 7319/4635/1282 7317/4633/1280
f 7322/4634/1281 7321/4637/1281 7319/4635/1282
f 7324/4636/1283 7323/4639/1283 7321/4637/1281
f 7326/4638/1284 7325/297/1286 7323/4639/1283
f 7328/4640/1285 7327/4642/1285 7325/297/1286
f 7330/4641/1287 7329/4644/1287 7327/4642/1285
f 7332/4643/1288 7331/4646/1288 7329/4644/1287
f 7334/4645/1289 7333/4648/1289 7331/4646/1288
f 7336/4647/539 7335/4650/539 7333/4648/1289
f 7338/4649/1290 7337/4652/1290 7335/4650/539
f 7340/4651/1291 7339/4654/1291 7337/4652/1290
f 7342/4653/1292 7341/4656/1292 7339/4654/1291
f 7344/4655/1293 7343/4658/1295 7341/4656/1292
f 7346/4657/1294 7345/4660/602 7343/4658/1295
f 7348/4659/1296 7347/4662/1298 7345/4660/602
f 7350/4661/1297 7349/4664/1297 7347/4662/1298
f 7352/4663/1299 7351/4666/1299 7349/4664/1297
f 7354/4665/1300 7353/4668/1300 7351/4666/1299
f 7356/4667/1301 7355/4670/1301 7353/4668/1300
f 7358/4669/1302 7357/4672/1302 7355/4670/1301
f 7360/4671/1303 7359/222/1305 7357/4672/1302
f 7362/4673/1304 7361/4675/1304 7359/222/1305
f 7364/4674/1306 7363/4677/1308 7361/4675/1304
f 7366/4676/1307 7365/4679/1310 7363/4677/1308
f 7368/4678/1309 7367/4681/1309 7365/4679/1310
f 7370/4680/1311 7369/4683/1313 7367/4681/1309
f 7372/4682/1312 7371/4685/1315 7369/4683/1313
f 7374/4684/1314 7373/4687/1314 7371/4685/1315
f 7376/4686/1316 7375/4689/1318 7373/4687/1314
f 7378/4688/1317 7377/4691/1320 7375/4689/1318
f 7380/4690/1319 7379/4693/1322 7377/4691/1320
f 7382/4692/1321 7381/4695/1321 7379/4693/1322
f 7384/4694/1323 7383/4697/1323 7381/4695/1321
f 7386/4696/1324 7385/4699/1324 7383/4697/1323
f 7388/4698/560 7387/4701/560 7385/4699/1324
f 7390/4700/1325 7389/4703/1325 7387/4701/560
f 7392/4702/1326 7391/4705/1328 7389/4703/1325
f 7394/4704/1327 7393/153/1330 7391/4705/1328
f 7396/4706/1329 7395/4708/1329 7393/153/1330
f 7398/4707/1331 7397/4710/1333 7395/4708/1329
f 7400/4709/1332 7399/4712/1335 7397/4710/1333
f 7402/4711/1334 7401/4714/1334 7399/4712/1335
f 7404/4713/1336 7403/4716/1338 7401/4714/1334
f 7406/4715/1337 7405/4718/1337 7403/4716/1338
f 7408/4717/1339 7407/4720/1341 7405/4718/1337
f 7410/4719/1340 7409/4722/1343 7407/4720/1341
f 7412/4721/1342 7411/4724/1345 7409/4722/1343
f 7414/4723/1344 7413/4726/1347 7411/4724/1345
f 7416/4725/1346 7415/4728/1349 7413/4726/1347
f 7418/4727/1348 7417/4730/1351 7415/4728/1349
f 7420/4729/1350 7419/4732/1350 7417/4730/1351
f 7422/4731/1352 7421/4734/1354 7419/4732/1350
f 7424/4733/1353 7423/4736/1356 7421/4734/1354
f 7426/4735/1355 7425/4738/1357 7423/4736/1356
f 5252/4737/4 5251/97/4 7425/4738/1357
f 7430/4739/1358 7429/4741/1358 7427/1720/1359
f 7432/4740/1360 7431/4743/1360 7429/4741/1358
f 7434/4742/1361 7433/4745/1361 7431/4743/1360
f 7436/4744/1362 7435/4747/1362 7433/4745/1361
f 7438/4746/1363 7437/4749/1363 7435/4747/1362
f 7440/4748/1364 7439/4751/1364 7437/4749/1363
f 7442/4750/1365 7441/4753/1365 7439/4751/1364
f 7444/4752/1366 7443/4755/1366 7441/4753/1365
f 7446/4754/1367 7445/4757/1367 7443/4755/1366
f 7448/4756/1368 7447/4759/1368 7445/4757/1367
f 7450/4758/1369 7449/4761/1369 7447/4759/1368
f 7452/4760/1370 7451/4763/1370 7449/4761/1369
f 7454/4762/1371 7453/4765/1371 7451/4763/1370
f 7456/4764/1372 7455/4767/1372 7453/4765/1371
f 7458/4766/1373 7457/4769/1373 7455/4767/1372
f 7460/4768/1374 7459/4771/1374 7457/4769/1373
f 7462/4770/1375 7461/4773/1377 7459/4771/1374
f 7464/4772/1376 7463/4775/1379 7461/4773/1377
f 7466/4774/1378 7465/4777/1378 7463/4775/1379
f 7468/4776/1380 7467/4779/1382 7465/4777/1378
f 7470/4778/1381 7469/4781/1381 7467/4779/1382
f 7472/4780/1383 7471/4783/1385 7469/4781/1381
f 7474/4782/1384 7473/4785/1387 7471/4783/1385
f 7476/4784/1386 7475/4787/1389 7473/4785/1387
f 7478/4786/1388 7477/4789/1388 7475/4787/1389
f 7480/4788/1390 7479/4791/1391 7477/4789/1388
f 7482/4790/351 7481/4793/351 7479/4791/1391
f 7484/4792/1392 7483/4795/1392 7481/4793/351
f 7486/4794/1393 7485/4797/1393 7483/4795/1392
f 7488/4796/1394 7487/4799/1394 7485/4797/1393
f 7490/4798/1395 7489/4801/1395 7487/4799/1394
f 7492/4800/1396 7491/4803/1396 7489/4801/1395
f 7494/4802/1397 7493/4805/1397 7491/4803/1396
f 7496/4804/1398 7495/4807/1398 7493/4805/1397
f 7498/4806/1399 7497/4809/1401 7495/4807/1398
f 7500/4808/1400 7499/4811/1400 7497/4809/1401
f 7502/4810/1402 7501/4813/1402 7499/4811/1400
f 7504/4812/1403 7503/4815/1405 7501/4813/1402
f 7506/4814/1404 7505/4817/1407 7503/4815/1405
f 7508/4816/1406 7507/4819/1406 7505/4817/1407
f 7510/4818/1408 7509/4821/1408 7507/4819/1406
f 7512/4820/1409 7511/4823/1411 7509/4821/1408
f 7514/4822/1410 7513/4825/1410 7511/4823/1411
f 7516/4824/1412 7515/4827/1412 7513/4825/1410
f 7518/4826/1413 7517/4829/1413 7515/4827/1412
f 7520/4828/1414 7519/4831/1414 7517/4829/1413
f 7522/4830/1415 7521/4833/1415 7519/4831/1414
f 7524/4832/1416 7523/4835/1416 7521/4833/1415
f 7526/4834/1417 7525/4837/1417 7523/4835/1416
f 7528/4836/1418 7527/4839/1418 7525/4837/1417
f 7530/4838/1419 7529/4841/1419 7527/4839/1418
f 7532/4840/1420 7531/4843/1422 7529/4841/1419
f 7534/4842/1421 7533/4845/1424 7531/4843/1422
f 7536/4844/1423 7535/4847/1423 7533/4845/1424
f 7538/4846/1425 7537/4849/1427 7535/4847/1423
f 7540/4848/1426 7539/4851/1426 7537/4849/1427
f 7542/4850/1428 7541/4853/1428 7539/4851/1426
f 7544/4852/1429 7543/4855/1429 7541/4853/1428
f 7546/4854/1430 7545/4857/1430 7543/4855/1429
f 7548/4856/1431 7547/4859/1431 7545/4857/1430
f 7550/4858/1432 7549/4861/1432 7547/4859/1431
f 7552/4860/1433 7551/4863/1433 7549/4861/1432
f 7554/4862/1434 7553/4865/1434 7551/4863/1433
f 7556/4864/1435 7555/4867/1437 7553/4865/1434
f 7558/4866/1436 7557/4869/1436 7555/4867/1437
f 7560/4868/1438 7559/4871/1438 7557/4869/1436
f 7562/4870/1439 7561/4873/1439 7559/4871/1438
f 7564/4872/1440 7563/4875/1440 7561/4873/1439
f 7566/4874/1441 7565/4877/1441 7563/4875/1440
f 7568/4876/1442 7567/4879/1442 7565/4877/1441
f 7570/4878/1443 7569/4881/1443 7567/4879/1442
f 7572/4880/1444 7571/4883/1444 7569/4881/1443
f 7574/4882/1445 7573/4885/1445 7571/4883/1444
f 7576/4884/1446 7575/4887/1446 7573/4885/1445
f 7578/4886/1447 7577/4889/1447 7575/4887/1446
f 7580/4888/1448 7579/4891/1448 7577/4889/1447
f 7582/4890/1449 7581/4893/1449 7579/4891/1448
f 7584/4892/1420 7583/4895/1420 7581/4893/1449
f 7586/4894/1450 7585/4897/1450 7583/4895/1420
f 7588/4896/1451 7587/4899/1451 7585/4897/1450
f 7590/4898/1452 7589/4901/1452 7587/4899/1451
f 7592/4900/1453 7591/4903/1453 7589/4901/1452
f 7594/4902/1454 7593/4905/1454 7591/4903/1453
f 7596/4904/1455 7595/4907/1455 7593/4905/1454
f 7598/4906/1456 7597/4909/1456 7595/4907/1455
f 7600/4908/1457 7599/4911/1457 7597/4909/1456
f 7602/4910/1458 7601/4913/1458 7599/4911/1457
f 7604/4912/1459 7603/4915/1459 7601/4913/1458
f 7606/4914/1460 7605/4917/1460 7603/4915/1459
f 7608/4916/1461 7607/4919/1461 7605/4917/1460
f 7610/4918/1462 7609/4921/1462 7607/4919/1461
f 7612/4920/1463 7611/4923/1463 7609/4921/1462
f 7614/4922/1464 7613/4925/1464 7611/4923/1463
f 7616/4924/1465 7615/4927/1465 7613/4925/1464
f 7618/4926/1466 7617/4929/1466 7615/4927/1465
f 7620/4928/1416 7619/4931/1416 7617/4929/1466
f 7622/4930/1467 7621/4933/1467 7619/4931/1416
f 7624/4932/1468 7623/4935/1468 7621/4933/1467
f 7626/4934/1469 7625/4937/1469 7623/4935/1468
f 7628/4936/1470 7627/4939/1470 7625/4937/1469
f 7630/4938/1471 7629/4941/1473 7627/4939/1470
f 7632/4940/1472 7631/4943/1472 7629/4941/1473
f 7634/4942/1474 7633/4945/1474 7631/4943/1472
f 7636/4944/1475 7635/4947/1475 7633/4945/1474
f 7638/4946/1476 7637/4949/1476 7635/4947/1475
f 7640/4948/1477 7639/4951/1477 7637/4949/1476
f 7642/4950/1478 7641/4953/1478 7639/4951/1477
f 7644/4952/1479 7643/4955/1479 7641/4953/1478
f 7646/4954/1480 7645/4957/1480 7643/4955/1479
f 7648/4956/1481 7647/4959/1481 7645/4957/1480
f 7650/4958/1482 7649/4961/1484 7647/4959/1481
f 7652/4960/1483 7651/4963/1483 7649/4961/1484
f 7654/4962/1485 7653/4965/1485 7651/4963/1483
f 7656/4964/1486 7655/4967/1486 7653/4965/1485
f 7658/4966/1487 7657/4969/1487 7655/4967/1486
f 7660/4968/1488 7659/4971/1488 7657/4969/1487
f 7662/4970/1489 7661/4973/1489 7659/4971/1488
f 7664/4972/1490 7663/4975/1490 7661/4973/1489
f 7666/4974/1491 7665/4977/1491 7663/4975/1490
f 7668/4976/1492 7667/4979/1492 7665/4977/1491
f 7670/4978/364 7669/4981/364 7667/4979/1492
f 7672/4980/1493 7671/4983/1495 7669/4981/364
f 7674/4982/1494 7673/4985/1494 7671/4983/1495
f 7676/4984/1496 7675/4987/1496 7673/4985/1494
f 7678/4986/1497 7677/4989/1497 7675/4987/1496
f 7680/4988/1498 7679/4991/1498 7677/4989/1497
f 7682/4990/1499 7681/4993/1499 7679/4991/1498
f 7684/4992/1500 7683/4995/1500 7681/4993/1499
f 7686/4994/1501 7685/4997/1501 7683/4995/1500
f 7688/4996/1502 7687/4999/1502 7685/4997/1501
f 7690/4998/1503 7689/5001/1503 7687/4999/1502
f 7692/5000/1504 7691/5003/1504 7689/5001/1503
f 7694/5002/1505 7693/5005/1505 7691/5003/1504
f 7696/5004/1506 7695/5007/1506 7693/5005/1505
f 7698/5006/1507 7697/5009/1507 7695/5007/1506
f 7700/5008/1508 7699/5011/1508 7697/5009/1507
f 7702/5010/1509 7701/5013/1509 7699/5011/1508
f 7704/5012/1510 7703/5015/1510 7701/5013/1509
f 7706/5014/1511 7705/5017/1511 7703/5015/1510
f 7708/5016/1512 7707/5019/1512 7705/5017/1511
f 7710/5018/1513 7709/5021/1513 7707/5019/1512
f 7712/5020/1514 7711/5023/1515 7709/5021/1513
f 7714/5022/1499 7713/5025/1499 7711/5023/1515
f 7716/5024/1516 7715/5027/1516 7713/5025/1499
f 7718/5026/1517 7717/5029/1517 7715/5027/1516
f 7720/5028/1518 7719/5031/1518 7717/5029/1517
f 7722/5030/1519 7721/5033/1519 7719/5031/1518
f 7724/5032/1520 7723/5035/1520 7721/5033/1519
f 7726/5034/1399 7725/5037/1399 7723/5035/1520
f 7728/5036/1521 7727/5039/1521 7725/5037/1399
f 7730/5038/1522 7729/5041/1522 7727/5039/1521
f 7732/5040/1523 7731/5043/1525 7729/5041/1522
f 7734/5042/1524 7733/5045/1524 7731/5043/1525
f 7736/5044/1526 7735/5047/1526 7733/5045/1524
f 7738/5046/1527 7737/5049/1527 7735/5047/1526
f 7740/5048/1528 7739/5051/1528 7737/5049/1527
f 7742/5050/1529 7741/5053/1529 7739/5051/1528
f 7744/5052/1530 7743/5055/1530 7741/5053/1529
f 7746/5054/1531 7745/5057/1531 7743/5055/1530
f 7748/5056/1532 7747/5059/1532 7745/5057/1531
f 7750/5058/1533 7749/5061/1533 7747/5059/1532
f 7752/5060/1534 7751/5063/1534 7749/5061/1533
f 7754/5062/1535 7753/5065/1535 7751/5063/1534
f 7756/5064/1536 7755/5067/1536 7753/5065/1535
f 7758/5066/1537 7757/5069/1539 7755/5067/1536
f 7760/5068/1538 7759/5071/1538 7757/5069/1539
f 7762/5070/1540 7761/5073/1542 7759/5071/1538
f 7764/5072/1541 7763/5075/1541 7761/5073/1542
f 7766/5074/1543 7765/5077/1543 7763/5075/1541
f 7768/5076/1544 7767/5079/1546 7765/5077/1543
f 7770/5078/1545 7769/5081/1545 7767/5079/1546
f 7772/5080/1547 7771/5083/1547 7769/5081/1545
f 7774/5082/1548 7773/5085/1548 7771/5083/1547
f 7776/5084/1549 7775/5087/1549 7773/5085/1548
f 7778/5086/1550 7777/5089/1550 7775/5087/1549
f 7780/5088/1551 7779/5091/1551 7777/5089/1550
f 7782/5090/1552 7781/5093/1552 7779/5091/1551
f 7784/5092/1553 7783/5095/1553 7781/5093/1552
f 7786/5094/1554 7785/5097/1554 7783/5095/1553
f 7788/5096/1555 7787/5099/1555 7785/5097/1554
f 7790/5098/1556 7789/5101/1556 7787/5099/1555
f 7792/5100/1557 7791/5103/1559 7789/5101/1556
f 7794/5102/1558 7793/5105/1558 7791/5103/1559
f 7796/5104/1560 7795/5107/1560 7793/5105/1558
f 7798/5106/1561 7797/5109/1561 7795/5107/1560
f 7800/5108/1562 7799/5111/1562 7797/5109/1561
f 7802/5110/1563 7801/5113/1565 7799/5111/1562
f 7804/5112/1564 7803/5115/1564 7801/5113/1565
f 7806/5114/1566 7805/5117/1566 7803/5115/1564
f 7808/5116/1567 7807/5119/1569 7805/5117/1566
f 7810/5118/1568 7809/5121/1571 7807/5119/1569
f 7812/5120/1570 7811/5123/1570 7809/5121/1571
f 7814/5122/1572 7813/5125/1572 7811/5123/1570
f 7816/5124/1573 7815/5127/1573 7813/5125/1572
f 7818/5126/1574 7817/5129/1574 7815/5127/1573
f 7820/5128/1575 7819/5131/1575 7817/5129/1574
f 7822/5130/1576 7821/5133/1578 7819/5131/1575
f 7824/5132/1577 7823/5135/1580 7821/5133/1578
f 7826/5134/1579 7825/5137/1582 7823/5135/1580
f 7828/5136/1581 7827/5139/1581 7825/5137/1582
f 7830/5138/1583 7829/5141/1583 7827/5139/1581
f 7832/5140/1584 7831/5143/1584 7829/5141/1583
f 7834/5142/1585 7833/5145/1585 7831/5143/1584
f 7836/5144/1586 7835/5147/1588 7833/5145/1585
f 7838/5146/1587 7837/5149/1590 7835/5147/1588
f 7840/5148/1589 7839/5151/1589 7837/5149/1590
f 7842/5150/291 7841/5153/291 7839/5151/1589
f 7844/5152/1591 7843/5155/1593 7841/5153/291
f 7846/5154/1592 7845/5157/1595 7843/5155/1593
f 7848/5156/1594 7847/5159/1594 7845/5157/1595
f 7850/5158/1596 7849/5161/1596 7847/5159/1594
f 7852/5160/1597 7851/5163/1597 7849/5161/1596
f 7854/5162/1598 7853/5165/1598 7851/5163/1597
f 7856/5164/1599 7855/5167/1599 7853/5165/1598
f 7858/5166/1600 7857/5169/1600 7855/5167/1599
f 7860/5168/1601 7859/5171/1601 7857/5169/1600
f 7862/5170/1602 7861/5173/1602 7859/5171/1601
f 7864/5172/1603 7863/5175/1605 7861/5173/1602
f 7866/5174/1604 7865/5177/1604 7863/5175/1605
f 7868/5176/1606 7867/5179/1606 7865/5177/1604
f 7870/5178/1607 7869/5181/1607 7867/5179/1606
f 7872/5180/1608 7871/5183/1608 7869/5181/1607
f 7874/5182/1609 7873/5185/1609 7871/5183/1608
f 7876/5184/1610 7875/5187/1612 7873/5185/1609
f 7878/5186/1611 7877/5189/1611 7875/5187/1612
f 7880/5188/1613 7879/5191/1615 7877/5189/1611
f 7882/5190/1614 7881/5193/1614 7879/5191/1615
f 7884/5192/1616 7883/5195/1616 7881/5193/1614
f 7886/5194/1617 7885/5197/1619 7883/5195/1616
f 7888/5196/1618 7887/5199/1621 7885/5197/1619
f 7890/5198/1620 7889/5201/1620 7887/5199/1621
f 7892/5200/1622 7891/5203/1622 7889/5201/1620
f 7894/5202/1623 7893/5205/1623 7891/5203/1622
f 7896/5204/1624 7895/5207/1624 7893/5205/1623
f 7898/5206/1625 7897/5209/1625 7895/5207/1624
f 7900/5208/1626 7899/5211/1626 7897/5209/1625
f 7902/5210/1627 7901/5213/1627 7899/5211/1626
f 7904/5212/1628 7903/5215/1630 7901/5213/1627
f 7906/5214/1629 7905/5217/1629 7903/5215/1630
f 7908/5216/1631 7907/5219/1633 7905/5217/1629
f 7910/5218/1632 7909/5221/1632 7907/5219/1633
f 7912/5220/1634 7911/5223/1636 7909/5221/1632
f 7914/5222/1635 7913/5225/1635 7911/5223/1636
f 7916/5224/250 7915/5227/250 7913/5225/1635
f 7918/5226/1637 7917/5229/1639 7915/5227/250
f 7920/5228/1638 7919/5231/1641 7917/5229/1639
f 7922/5230/1640 7921/5233/1640 7919/5231/1641
f 7924/5232/1642 7923/5235/1644 7921/5233/1640
f 7926/5234/1643 7925/5237/1643 7923/5235/1644
f 7928/5236/1645 7927/5239/1645 7925/5237/1643
f 7930/5238/240 7929/5241/1647 7927/5239/1645
f 7932/5240/1646 7931/5243/1649 7929/5241/1647
f 7934/5242/1648 7933/5245/1648 7931/5243/1649
f 7936/5244/1650 7935/5247/1652 7933/5245/1648
f 7938/5246/1651 7937/5249/1651 7935/5247/1652
f 7940/5248/1653 7939/5251/1653 7937/5249/1651
f 7942/5250/1654 7941/5253/1654 7939/5251/1653
f 7944/5252/1655 7943/5255/1655 7941/5253/1654
f 7946/5254/1656 7945/5257/1656 7943/5255/1655
f 7948/5256/1657 7947/5259/1657 7945/5257/1656
f 7950/5258/1658 7949/5261/1660 7947/5259/1657
f 7952/5260/1659 7951/5263/1659 7949/5261/1660
f 7954/5262/1661 7953/5265/1661 7951/5263/1659
f 7956/5264/1662 7955/5267/1662 7953/5265/1661
f 7958/5266/1663 7957/5269/1663 7955/5267/1662
f 7960/5268/1664 7959/5271/1664 7957/5269/1663
f 7962/5270/1665 7961/5273/1665 7959/5271/1664
f 7964/5272/1666 7963/5275/1668 7961/5273/1665
f 7966/5274/1667 7965/5277/1667 7963/5275/1668
f 7968/5276/1669 7967/5279/1669 7965/5277/1667
f 7970/5278/1670 7969/5281/1670 7967/5279/1669
f 7972/5280/1671 7971/5283/1671 7969/5281/1670
f 7974/5282/1672 7973/5285/1672 7971/5283/1671
f 7976/5284/1673 7975/5287/1673 7973/5285/1672
f 7978/5286/1674 7977/5289/1674 7975/5287/1673
f 7980/5288/1675 7979/5291/1675 7977/5289/1674
f 7982/5290/1676 7981/5293/1676 7979/5291/1675
f 7984/5292/1677 7983/5295/1677 7981/5293/1676
f 7986/5294/1678 7985/5297/1678 7983/5295/1677
f 7988/5296/1679 7987/5299/1679 7985/5297/1678
f 7990/5298/1680 7989/5301/1680 7987/5299/1679
f 7992/5300/1681 7991/5303/1683 7989/5301/1680
f 7994/5302/1682 7993/5305/1685 7991/5303/1683
f 7996/5304/1684 7995/5307/1687 7993/5305/1685
f 7998/5306/1686 7997/5309/1689 7995/5307/1687
f 8000/5308/1688 7999/5311/1688 7997/5309/1689
f 8002/5310/1690 8001/5313/1690 7999/5311/1688
f 8004/5312/1691 8003/5315/1691 8001/5313/1690
f 8006/5314/1692 8005/5317/1692 8003/5315/1691
f 8008/5316/1693 8007/5319/1693 8005/5317/1692
f 8010/5318/1694 8009/5321/1694 8007/5319/1693
f 8012/5320/1695 8011/5323/1695 8009/5321/1694
f 8014/5322/1696 8013/5325/1696 8011/5323/1695
f 8016/5324/1697 8015/5327/1697 8013/5325/1696
f 8018/5326/1698 8017/5329/1698 8015/5327/1697
f 8020/5328/1699 8019/5331/1699 8017/5329/1698
f 8022/5330/1700 8021/5333/1700 8019/5331/1699
f 8024/5332/1701 8023/5335/1701 8021/5333/1700
f 8026/5334/1702 8025/5337/1704 8023/5335/1701
f 8028/5336/1703 8027/5339/1706 8025/5337/1704
f 8030/5338/1705 8029/5341/1705 8027/5339/1706
f 8032/5340/1707 8031/5343/1707 8029/5341/1705
f 8034/5342/1708 8033/5345/1708 8031/5343/1707
f 8036/5344/1709 8035/5347/1709 8033/5345/1708
f 8038/5346/1710 8037/5349/1710 8035/5347/1709
f 8040/5348/1711 8039/5351/1711 8037/5349/1710
f 8042/5350/1712 8041/5353/1714 8039/5351/1711
f 8044/5352/1713 8043/5355/1713 8041/5353/1714
f 8046/5354/1715 8045/5357/1715 8043/5355/1713
f 8048/5356/1716 8047/5359/1716 8045/5357/1715
f 8050/5358/1717 8049/5361/1717 8047/5359/1716
f 8052/5360/1718 8051/5363/1718 8049/5361/1717
f 8054/5362/1719 8053/5365/1719 8051/5363/1718
f 8056/5364/1720 8055/5367/1720 8053/5365/1719
f 8058/5366/1721 8057/5369/1721 8055/5367/1720
f 8060/5368/1722 8059/5371/1722 8057/5369/1721
f 8062/5370/1723 8061/5373/1723 8059/5371/1722
f 8064/5372/1724 8063/5375/1726 8061/5373/1723
f 8066/5374/1725 8065/5377/1725 8063/5375/1726
f 8068/5376/1727 8067/5379/1727 8065/5377/1725
f 8070/5378/1728 8069/5381/1728 8067/5379/1727
f 8072/5380/1729 8071/5383/1729 8069/5381/1728
f 8074/5382/1730 8073/5385/1730 8071/5383/1729
f 8076/5384/1363 8075/5387/1363 8073/5385/1730
f 8078/5386/1731 8077/5389/1731 8075/5387/1363
f 8080/5388/1732 8079/5391/1732 8077/5389/1731
f 8082/5390/1733 8081/5393/1733 8079/5391/1732
f 8084/5392/1734 8083/5395/1734 8081/5393/1733
f 8086/5394/1735 8085/5397/1735 8083/5395/1734
f 8088/5396/1736 8087/5399/1736 8085/5397/1735
f 8090/5398/1737 8089/5401/1739 8087/5399/1736
f 8092/5400/1738 8091/5403/1738 8089/5401/1739
f 8094/5402/1740 8093/5405/1742 8091/5403/1738
f 8096/5404/1741 8095/5407/1744 8093/5405/1742
f 8098/5406/1743 8097/5409/1743 8095/5407/1744
f 8100/5408/1745 8099/5411/1745 8097/5409/1743
f 8102/5410/1746 8101/5413/1748 8099/5411/1745
f 8104/5412/1747 8103/5415/1747 8101/5413/1748
f 8106/5414/1749 8105/5417/1749 8103/5415/1747
f 8108/5416/1750 8107/5419/1750 8105/5417/1749
f 8110/5418/1751 8109/5421/1751 8107/5419/1750
f 8112/5420/1752 8111/5423/1752 8109/5421/1751
f 8114/5422/1753 8113/5425/1755 8111/5423/1752
f 8116/5424/1754 8115/5427/1754 8113/5425/1755
f 8118/5426/1756 8117/5429/1756 8115/5427/1754
f 8120/5428/1757 8119/5431/1757 8117/5429/1756
f 8122/5430/1503 8121/5433/1503 8119/5431/1757
f 8124/5432/1758 8123/5435/1758 8121/5433/1503
f 8126/5434/1759 8125/5437/1759 8123/5435/1758
f 8128/5436/1760 8127/5439/1760 8125/5437/1759
f 8130/5438/1761 8129/5441/1761 8127/5439/1760
f 8132/5440/1762 8131/5443/1762 8129/5441/1761
f 8134/5442/1763 8133/5445/1765 8131/5443/1762
f 8136/5444/1764 8135/5447/1764 8133/5445/1765
f 8138/5446/1766 8137/5449/1768 8135/5447/1764
f 8140/5448/1767 8139/5451/1770 8137/5449/1768
f 8142/5450/1769 8141/5453/1769 8139/5451/1770
f 8144/5452/1771 8143/5455/1771 8141/5453/1769
f 8146/5454/1772 8145/5457/1774 8143/5455/1771
f 8148/5456/1773 8147/5459/1773 8145/5457/1774
f 8150/5458/1775 8149/5461/1775 8147/5459/1773
f 8152/5460/1776 8151/5463/1776 8149/5461/1775
f 8154/5462/1777 8153/5465/1779 8151/5463/1776
f 8156/5464/1778 8155/5467/1778 8153/5465/1779
f 8158/5466/1780 8157/5469/1782 8155/5467/1778
f 8160/5468/1781 8159/5471/1781 8157/5469/1782
f 8162/5470/1783 8161/5473/1785 8159/5471/1781
f 8164/5472/1784 8163/5475/1787 8161/5473/1785
f 8166/5474/1786 8165/5477/1789 8163/5475/1787
f 8168/5476/1788 8167/5479/1791 8165/5477/1789
f 8170/5478/1790 8169/5481/1793 8167/5479/1791
f 8172/5480/1792 8171/5483/1795 8169/5481/1793
f 8174/5482/1794 8173/5485/1797 8171/5483/1795
f 8176/5484/1796 8175/5487/1799 8173/5485/1797
f 8178/5486/1798 8177/5489/1798 8175/5487/1799
f 8180/5488/1800 8179/5491/1800 8177/5489/1798
f 8182/5490/1801 8181/5493/1801 8179/5491/1800
f 8184/5492/1802 8183/5495/1802 8181/5493/1801
f 8186/5494/1803 8185/5497/1805 8183/5495/1802
f 8188/5496/1804 8187/5499/1804 8185/5497/1805
f 8190/5498/414 8189/5501/414 8187/5499/1804
f 8192/5500/413 8191/5503/413 8189/5501/414
f 8194/5502/1806 8193/5505/1806 8191/5503/413
f 8196/5504/1807 8195/5507/1807 8193/5505/1806
f 8198/5506/1808 8197/5509/1808 8195/5507/1807
f 8200/5508/1809 8199/5511/1809 8197/5509/1808
f 8202/5510/1810 8201/5513/1810 8199/5511/1809
f 8204/5512/1811 8203/5515/1811 8201/5513/1810
f 8206/5514/1812 8205/5517/1814 8203/5515/1811
f 8208/5516/1813 8207/5519/1816 8205/5517/1814
f 8210/5518/1815 8209/5521/1815 8207/5519/1816
f 8212/5520/1817 8211/5523/1817 8209/5521/1815
f 8214/5522/1818 8213/5525/1818 8211/5523/1817
f 8216/5524/1819 8215/5527/1819 8213/5525/1818
f 8218/5526/1820 8217/5529/1820 8215/5527/1819
f 8220/5528/1821 8219/5531/1821 8217/5529/1820
f 8222/5530/1822 8221/5533/1822 8219/5531/1821
f 8224/5532/1823 8223/5535/1823 8221/5533/1822
f 8226/5534/1824 8225/5537/1824 8223/5535/1823
f 8228/5536/1825 8227/5539/1825 8225/5537/1824
f 8230/5538/1826 8229/5541/1826 8227/5539/1825
f 8232/5540/1827 8231/5543/1827 8229/5541/1826
f 8234/5542/1828 8233/5545/1828 8231/5543/1827
f 8236/5544/1829 8235/5547/1829 8233/5545/1828
f 8238/5546/1830 8237/5549/1830 8235/5547/1829
f 8240/5548/1831 8239/5551/1831 8237/5549/1830
f 8242/5550/1832 8241/5553/1832 8239/5551/1831
f 8244/5552/1833 8243/5555/1833 8241/5553/1832
f 8246/5554/1834 8245/5557/1834 8243/5555/1833
f 8248/5556/1835 8247/5559/1837 8245/5557/1834
f 8250/5558/1836 8249/5561/1836 8247/5559/1837
f 8252/5560/1838 8251/5563/1838 8249/5561/1836
f 8254/5562/1839 8253/5565/1839 8251/5563/1838
f 8256/5564/1840 8255/5567/1840 8253/5565/1839
f 8258/5566/1841 8257/5569/1841 8255/5567/1840
f 8260/5568/1842 8259/5571/1842 8257/5569/1841
f 8262/5570/1843 8261/5573/1843 8259/5571/1842
f 8264/5572/1844 8263/5575/1844 8261/5573/1843
f 8266/5574/1845 8265/5577/1845 8263/5575/1844
f 8268/5576/1846 8267/5579/1846 8265/5577/1845
f 8270/5578/1847 8269/5581/1847 8267/5579/1846
f 8272/5580/1848 8271/5583/1848 8269/5581/1847
f 8274/5582/1849 8273/5585/1849 8271/5583/1848
f 8276/5584/1850 8275/5587/1850 8273/5585/1849
f 8278/5586/1851 8277/5589/1851 8275/5587/1850
f 8280/5588/1852 8279/5591/1852 8277/5589/1851
f 8282/5590/1853 8281/5593/1853 8279/5591/1852
f 8284/5592/1854 8283/5595/1854 8281/5593/1853
f 8286/5594/1855 8285/5597/1855 8283/5595/1854
f 8288/5596/1856 8287/5599/1856 8285/5597/1855
f 8290/5598/1857 8289/5601/1857 8287/5599/1856
f 8292/5600/1858 8291/5603/1858 8289/5601/1857
f 8294/5602/1859 8293/5605/1859 8291/5603/1858
f 8296/5604/1860 8295/5607/1860 8293/5605/1859
f 8298/5606/1861 8297/5609/1861 8295/5607/1860
f 8300/5608/1862 8299/5611/1862 8297/5609/1861
f 8302/5610/1863 8301/5613/1863 8299/5611/1862
f 8304/5612/1864 8303/5615/1864 8301/5613/1863
f 8306/5614/1865 8305/5617/1865 8303/5615/1864
f 8308/5616/1866 8307/5619/1866 8305/5617/1865
f 8310/5618/1867 8309/5621/1867 8307/5619/1866
f 8312/5620/1868 8311/5623/1868 8309/5621/1867
f 8314/5622/1869 8313/5625/1869 8311/5623/1868
f 8316/5624/1870 8315/5627/1870 8313/5625/1869
f 8318/5626/1871 8317/5629/1871 8315/5627/1870
f 8320/5628/1872 8319/5631/1872 8317/5629/1871
f 8322/5630/1873 8321/5633/1873 8319/5631/1872
f 8324/5632/1874 8323/5635/1874 8321/5633/1873
f 8326/5634/1875 8325/5637/1875 8323/5635/1874
f 8328/5636/1876 8327/5639/1876 8325/5637/1875
f 8330/5638/1877 8329/5641/1877 8327/5639/1876
f 8332/5640/1878 8331/5643/1878 8329/5641/1877
f 8334/5642/1879 8333/5645/1879 8331/5643/1878
f 8336/5644/1880 8335/5647/1880 8333/5645/1879
f 8338/5646/1881 8337/5649/1881 8335/5647/1880
f 8340/5648/1882 8339/5651/1882 8337/5649/1881
f 8342/5650/708 8341/5653/708 8339/5651/1882
f 8344/5652/1883 8343/5655/1883 8341/5653/708
f 8346/5654/1884 8345/5657/1884 8343/5655/1883
f 8348/5656/1885 8347/5659/1885 8345/5657/1884
f 8350/5658/1886 8349/5661/1886 8347/5659/1885
f 8352/5660/1887 8351/5663/1887 8349/5661/1886
f 8354/5662/1888 8353/5665/1888 8351/5663/1887
f 8356/5664/1889 8355/5667/1889 8353/5665/1888
f 8358/5666/1890 8357/5669/1890 8355/5667/1889
f 8360/5668/1891 8359/5671/1891 8357/5669/1890
f 8362/5670/1892 8361/5673/1892 8359/5671/1891
f 8364/5672/1893 8363/5675/1893 8361/5673/1892
f 8366/5674/1894 8365/5677/1894 8363/5675/1893
f 8368/5676/1895 8367/5679/1895 8365/5677/1894
f 8370/5678/1896 8369/5681/1896 8367/5679/1895
f 8372/5680/1897 8371/5683/1897 8369/5681/1896
f 8374/5682/1898 8373/5685/1898 8371/5683/1897
f 8376/5684/1899 8375/5687/1899 8373/5685/1898
f 8378/5686/1900 8377/5689/1902 8375/5687/1899
f 8380/5688/1901 8379/5691/1901 8377/5689/1902
f 8382/5690/1903 8381/5693/1903 8379/5691/1901
f 8384/5692/1904 8383/5695/1904 8381/5693/1903
f 8386/5694/1905 8385/5697/1905 8383/5695/1904
f 8388/5696/1906 8387/5699/1906 8385/5697/1905
f 8390/5698/1907 8389/5701/1907 8387/5699/1906
f 8392/5700/1908 8391/5703/1908 8389/5701/1907
f 8394/5702/523 8393/5705/1910 8391/5703/1908
f 8396/5704/1909 8395/5707/1909 8393/5705/1910
f 8398/5706/1911 8397/5709/1911 8395/5707/1909
f 8400/5708/1912 8399/5711/1914 8397/5709/1911
f 8402/5710/1913 8401/5713/1913 8399/5711/1914
f 8404/5712/1915 8403/5715/1917 8401/5713/1913
f 8406/5714/1916 8405/5717/1916 8403/5715/1917
f 8408/5716/1918 8407/5719/1918 8405/5717/1916
f 8410/5718/1919 8409/5721/1919 8407/5719/1918
f 8412/5720/1920 8411/5723/1920 8409/5721/1919
f 8414/5722/1921 8413/5725/1923 8411/5723/1920
f 8416/5724/1922 8415/5727/1922 8413/5725/1923
f 8418/5726/1924 8417/5729/1924 8415/5727/1922
f 8420/5728/1925 8419/5731/1925 8417/5729/1924
f 8422/5730/1926 8421/5733/1926 8419/5731/1925
f 8424/5732/1927 8423/5735/1927 8421/5733/1926
f 8426/5734/1928 8425/5737/1930 8423/5735/1927
f 8428/5736/1929 8427/5739/1932 8425/5737/1930
f 8430/5738/1931 8429/5741/1931 8427/5739/1932
f 8432/5740/1933 8431/5743/1933 8429/5741/1931
f 8434/5742/1934 8433/5745/1934 8431/5743/1933
f 8436/5744/1935 8435/5747/1935 8433/5745/1934
f 8438/5746/1936 8437/5749/1936 8435/5747/1935
f 8440/5748/1937 8439/5751/1937 8437/5749/1936
f 8442/5750/1938 8441/5753/1938 8439/5751/1937
f 8444/5752/1939 8443/5755/1939 8441/5753/1938
f 8446/5754/1940 8445/5757/1942 8443/5755/1939
f 8448/5756/1941 8447/5759/1941 8445/5757/1942
f 8450/5758/752 8449/5761/752 8447/5759/1941
f 8452/5760/1943 8451/5763/1943 8449/5761/752
f 8454/5762/1944 8453/5765/1944 8451/5763/1943
f 8456/5764/1945 8455/5767/1945 8453/5765/1944
f 8458/5766/1946 8457/5769/1946 8455/5767/1945
f 8460/5768/1947 8459/5771/1947 8457/5769/1946
f 8462/5770/1948 8461/5773/1948 8459/5771/1947
f 8464/5772/1949 8463/5775/1949 8461/5773/1948
f 8466/5774/1950 8465/5777/1950 8463/5775/1949
f 8468/5776/1951 8467/5779/1951 8465/5777/1950
f 8470/5778/1952 8469/5781/1952 8467/5779/1951
f 8472/5780/1953 8471/5783/1953 8469/5781/1952
f 8474/5782/1954 8473/5785/1954 8471/5783/1953
f 8476/5784/1955 8475/5787/1955 8473/5785/1954
f 8478/5786/1956 8477/5789/1956 8475/5787/1955
f 8480/5788/1957 8479/5791/1957 8477/5789/1956
f 8482/5790/1958 8481/5793/1958 8479/5791/1957
f 8484/5792/1959 8483/5795/1959 8481/5793/1958
f 8486/5794/1960 8485/5797/1960 8483/5795/1959
f 8488/5796/1961 8487/5799/1961 8485/5797/1960
f 8490/5798/1211 8489/5801/1211 8487/5799/1961
f 8492/5800/1962 8491/5803/1962 8489/5801/1211
f 8494/5802/1963 8493/5805/1963 8491/5803/1962
f 8496/5804/1964 8495/5807/1964 8493/5805/1963
f 8498/5806/1965 8497/5809/1965 8495/5807/1964
f 8500/5808/1966 8499/5811/1966 8497/5809/1965
f 8502/5810/1967 8501/5813/1967 8499/5811/1966
f 8504/5812/1968 8503/5815/1968 8501/5813/1967
f 8506/5814/1969 8505/5817/1969 8503/5815/1968
f 8508/5816/1970 8507/5819/1970 8505/5817/1969
f 8510/5818/1971 8509/5821/1971 8507/5819/1970
f 8512/5820/1972 8511/5823/1972 8509/5821/1971
f 8514/5822/1973 8513/5825/1973 8511/5823/1972
f 8516/5824/1974 8515/5827/1974 8513/5825/1973
f 8518/5826/1975 8517/5829/1975 8515/5827/1974
f 8520/5828/1976 8519/5831/1976 8517/5829/1975
f 8522/5830/1977 8521/5833/1977 8519/5831/1976
f 8524/5832/1978 8523/5835/1978 8521/5833/1977
f 8526/5834/1979 8525/5837/1979 8523/5835/1978
f 8528/5836/1980 8527/5839/1980 8525/5837/1979
f 8530/5838/1981 8529/5841/1981 8527/5839/1980
f 8532/5840/1982 8531/5843/1982 8529/5841/1981
f 8534/5842/1983 8533/5845/1983 8531/5843/1982
f 8536/5844/1139 8535/5847/1139 8533/5845/1983
f 8538/5846/1984 8537/5849/1984 8535/5847/1139
f 8540/5848/1985 8539/5851/1985 8537/5849/1984
f 8542/5850/1986 8541/5853/1986 8539/5851/1985
f 8544/5852/1987 8543/5855/1987 8541/5853/1986
f 8546/5854/1988 8545/5857/1988 8543/5855/1987
f 8548/5856/1989 8547/5859/1989 8545/5857/1988
f 8550/5858/1990 8549/5861/1990 8547/5859/1989
f 8552/5860/1991 8551/5863/1991 8549/5861/1990
f 8554/5862/1992 8553/5865/1992 8551/5863/1991
f 8556/5864/1993 8555/5867/1993 8553/5865/1992
f 8558/5866/1994 8557/5869/1994 8555/5867/1993
f 8560/5868/1995 8559/5871/1997 8557/5869/1994
f 8562/5870/1996 8561/5873/1996 8559/5871/1997
f 8564/5872/1998 8563/5875/1998 8561/5873/1996
f 8566/5874/1091 8565/5877/2000 8563/5875/1998
f 8568/5876/1999 8567/5879/1999 8565/5877/2000
f 8570/5878/2001 8569/5881/2003 8567/5879/1999
f 8572/5880/2002 8571/5883/2002 8569/5881/2003
f 8574/5882/2004 8573/5885/2004 8571/5883/2002
f 8576/5884/2005 8575/5887/2005 8573/5885/2004
f 8578/5886/2006 8577/5889/2006 8575/5887/2005
f 8580/5888/2007 8579/5891/2007 8577/5889/2006
f 8582/5890/2008 8581/5893/2008 8579/5891/2007
f 8584/5892/2009 8583/5895/2009 8581/5893/2008
f 8586/5894/2010 8585/5897/2012 8583/5895/2009
f 8588/5896/2011 8587/5899/2011 8585/5897/2012
f 8590/5898/2013 8589/5901/2015 8587/5899/2011
f 8592/5900/2014 8591/5903/2014 8589/5901/2015
f 8594/5902/2016 8593/5905/2016 8591/5903/2014
f 8596/5904/2017 8595/5907/2017 8593/5905/2016
f 8598/5906/2018 8597/5909/2018 8595/5907/2017
f 8600/5908/2019 8599/5911/2019 8597/5909/2018
f 8602/5910/2020 8601/5913/2020 8599/5911/2019
f 8604/5912/2021 8603/5915/2021 8601/5913/2020
f 8606/5914/2022 8605/5917/2022 8603/5915/2021
f 8608/5916/2023 8607/5919/2023 8605/5917/2022
f 8610/5918/2024 8609/5921/2024 8607/5919/2023
f 8612/5920/2025 8611/5923/2025 8609/5921/2024
f 8614/5922/2026 8613/5925/2026 8611/5923/2025
f 8616/5924/2027 8615/5927/2027 8613/5925/2026
f 8618/5926/2028 8617/5929/2028 8615/5927/2027
f 8620/5928/2029 8619/5931/2029 8617/5929/2028
f 8622/5930/2030 8621/5933/2030 8619/5931/2029
f 8624/5932/2031 8623/5935/2033 8621/5933/2030
f 8626/5934/2032 8625/5937/2032 8623/5935/2033
f 8628/5936/2034 8627/5939/2034 8625/5937/2032
f 8630/5938/2035 8629/5941/2035 8627/5939/2034
f 8632/5940/2036 8631/5943/2036 8629/5941/2035
f 8634/5942/2037 8633/5945/2037 8631/5943/2036
f 8636/5944/2038 8635/5947/2038 8633/5945/2037
f 8638/5946/2039 8637/5949/2039 8635/5947/2038
f 8640/5948/2040 8639/5951/2040 8637/5949/2039
f 8642/5950/2041 8641/5953/2041 8639/5951/2040
f 8644/5952/2042 8643/5955/2042 8641/5953/2041
f 8646/5954/2043 8645/5957/2043 8643/5955/2042
f 8648/5956/2044 8647/5959/2046 8645/5957/2043
f 8650/5958/2045 8649/5961/2048 8647/5959/2046
f 8652/5960/2047 8651/5963/2047 8649/5961/2048
f 8654/5962/2049 8653/5965/2049 8651/5963/2047
f 8656/5964/1058 8655/5967/1058 8653/5965/2049
f 8658/5966/2050 8657/5969/2050 8655/5967/1058
f 8660/5968/2051 8659/5971/2051 8657/5969/2050
f 8662/5970/2052 8661/5973/2052 8659/5971/2051
f 8664/5972/2053 8663/5975/2053 8661/5973/2052
f 8666/5974/2054 8665/5977/2054 8663/5975/2053
f 8668/5976/2055 8667/5979/2055 8665/5977/2054
f 8670/5978/2056 8669/5981/2056 8667/5979/2055
f 8672/5980/2057 8671/5983/2057 8669/5981/2056
f 8674/5982/2058 8673/5985/2058 8671/5983/2057
f 8676/5984/2059 8675/5987/2059 8673/5985/2058
f 8678/5986/2060 8677/5989/2060 8675/5987/2059
f 8680/5988/2061 8679/5991/2061 8677/5989/2060
f 8682/5990/2062 8681/5993/2062 8679/5991/2061
f 8684/5992/2063 8683/5995/2063 8681/5993/2062
f 8686/5994/2064 8685/5997/2064 8683/5995/2063
f 8688/5996/2065 8687/5999/2065 8685/5997/2064
f 8690/5998/2066 8689/6001/2066 8687/5999/2065
f 8692/6000/2067 8691/6003/2067 8689/6001/2066
f 8694/6002/2068 8693/6005/2068 8691/6003/2067
f 8696/6004/2069 8695/6007/2069 8693/6005/2068
f 8698/6006/2070 8697/6009/2070 8695/6007/2069
f 8700/6008/2071 8699/6011/2071 8697/6009/2070
f 8702/6010/2072 8701/6013/2072 8699/6011/2071
f 8704/6012/2073 8703/6015/2073 8701/6013/2072
f 8706/6014/2074 8705/6017/2074 8703/6015/2073
f 8708/6016/2075 8707/6019/2077 8705/6017/2074
f 8710/6018/2076 8709/6021/2079 8707/6019/2077
f 8712/6020/2078 8711/6023/2081 8709/6021/2079
f 8714/6022/2080 8713/6025/2080 8711/6023/2081
f 8716/6024/2082 8715/6027/2082 8713/6025/2080
f 8718/6026/2083 8717/6029/2083 8715/6027/2082
f 8720/6028/2084 8719/6031/2084 8717/6029/2083
f 8722/6030/2085 8721/6033/2087 8719/6031/2084
f 8724/6032/2086 8723/6035/2089 8721/6033/2087
f 8726/6034/2088 8725/6037/2088 8723/6035/2089
f 8728/6036/2090 8727/6039/2090 8725/6037/2088
f 8730/6038/2091 8729/6041/2091 8727/6039/2090
f 8732/6040/2092 8731/6043/2092 8729/6041/2091
f 8734/6042/2093 8733/6045/2093 8731/6043/2092
f 8736/6044/2094 8735/6047/2094 8733/6045/2093
f 8738/6046/2095 8737/6049/2095 8735/6047/2094
f 8740/6048/2096 8739/6051/2096 8737/6049/2095
f 8742/6050/1049 8741/6053/1049 8739/6051/2096
f 8744/6052/2097 8743/6055/2097 8741/6053/1049
f 8746/6054/2098 8745/6057/2098 8743/6055/2097
f 8748/6056/2099 8747/6059/2101 8745/6057/2098
f 8750/6058/2100 8749/6061/2100 8747/6059/2101
f 8752/6060/2102 8751/6063/2104 8749/6061/2100
f 8754/6062/2103 8753/6065/2103 8751/6063/2104
f 8756/6064/2105 8755/6067/2105 8753/6065/2103
f 8758/6066/2106 8757/6069/2108 8755/6067/2105
f 8760/6068/2107 8759/6071/2110 8757/6069/2108
f 8762/6070/2109 8761/6073/2112 8759/6071/2110
f 8764/6072/2111 8763/6075/2113 8761/6073/2112
f 8766/6074/2067 8765/6077/2067 8763/6075/2113
f 8768/6076/2114 8767/6079/2116 8765/6077/2067
f 8770/6078/2115 8769/6081/2115 8767/6079/2116
f 8772/6080/2117 8771/6083/2117 8769/6081/2115
f 8774/6082/2118 8773/6085/2118 8771/6083/2117
f 8776/6084/2119 8775/6087/2119 8773/6085/2118
f 8778/6086/2120 8777/6089/2122 8775/6087/2119
f 8780/6088/2121 8779/6091/2124 8777/6089/2122
f 8782/6090/2123 8781/6093/2123 8779/6091/2124
f 8784/6092/2125 8783/6095/2127 8781/6093/2123
f 8786/6094/2126 8785/6097/2126 8783/6095/2127
f 8788/6096/2128 8787/6099/2128 8785/6097/2126
f 8790/6098/2129 8789/6101/2129 8787/6099/2128
f 8792/6100/2130 8791/6103/2130 8789/6101/2129
f 8794/6102/2131 8793/6105/2131 8791/6103/2130
f 8796/6104/2132 8795/6107/2132 8793/6105/2131
f 8798/6106/2133 8797/6109/2133 8795/6107/2132
f 8800/6108/2134 8799/6111/2134 8797/6109/2133
f 8802/6110/2135 8801/6113/2137 8799/6111/2134
f 8804/6112/2136 8803/6115/2061 8801/6113/2137
f 8806/6114/2138 8805/6117/2138 8803/6115/2061
f 8808/6116/2139 8807/6119/2141 8805/6117/2138
f 8810/6118/2140 8809/6121/2060 8807/6119/2141
f 8812/6120/2142 8811/6123/2144 8809/6121/2060
f 8814/6122/2143 8813/6125/2145 8811/6123/2144
f 8816/6124/2059 8815/6127/2059 8813/6125/2145
f 8818/6126/2146 8817/6129/2146 8815/6127/2059
f 8820/6128/2147 8819/6131/2149 8817/6129/2146
f 8822/6130/2148 8821/6133/2058 8819/6131/2149
f 8824/6132/2150 8823/6135/2152 8821/6133/2058
f 8826/6134/2151 8825/6137/2154 8823/6135/2152
f 8828/6136/2153 8827/6139/2153 8825/6137/2154
f 8830/6138/2155 8829/6141/2157 8827/6139/2153
f 8832/6140/2156 8831/6143/2156 8829/6141/2157
f 8834/6142/2158 8833/6145/2158 8831/6143/2156
f 8836/6144/2159 8835/6147/2161 8833/6145/2158
f 8838/6146/2160 8837/6149/2160 8835/6147/2161
f 8840/6148/2162 8839/6151/2162 8837/6149/2160
f 8842/6150/2163 8841/6153/2163 8839/6151/2162
f 8844/6152/2164 8843/6155/2164 8841/6153/2163
f 8846/6154/2165 8845/6157/2165 8843/6155/2164
f 8848/6156/2166 8847/6159/2166 8845/6157/2165
f 8850/6158/2167 8849/6161/2167 8847/6159/2166
f 8852/6160/2019 8851/6163/2019 8849/6161/2167
f 8854/6162/2014 8853/6165/2014 8851/6163/2019
f 8856/6164/2168 8855/6167/2168 8853/6165/2014
f 8858/6166/2169 8857/6169/2169 8855/6167/2168
f 8860/6168/2170 8859/6171/2170 8857/6169/2169
f 8862/6170/2171 8861/6173/2171 8859/6171/2170
f 8864/6172/2172 8863/6175/2172 8861/6173/2171
f 8866/6174/2173 8865/6177/2173 8863/6175/2172
f 8868/6176/2174 8867/6179/2174 8865/6177/2173
f 8870/6178/2175 8869/6181/2175 8867/6179/2174
f 8872/6180/2176 8871/6183/2176 8869/6181/2175
f 8874/6182/2177 8873/6185/2179 8871/6183/2176
f 8876/6184/2178 8875/6187/2178 8873/6185/2179
f 8878/6186/2180 8877/6189/2180 8875/6187/2178
f 8880/6188/2181 8879/6191/2183 8877/6189/2180
f 8882/6190/2182 8881/6193/2182 8879/6191/2183
f 8884/6192/2184 8883/6195/2184 8881/6193/2182
f 8886/6194/2185 8885/6197/2185 8883/6195/2184
f 8888/6196/2186 8887/6199/2188 8885/6197/2185
f 8890/6198/2187 8889/6201/2190 8887/6199/2188
f 8892/6200/2189 8891/6203/2189 8889/6201/2190
f 8894/6202/2191 8893/6205/2191 8891/6203/2189
f 8896/6204/2192 8895/6207/2192 8893/6205/2191
f 8898/6206/2193 8897/6209/2193 8895/6207/2192
f 8900/6208/2194 8899/6211/2194 8897/6209/2193
f 8902/6210/2195 8901/6213/2195 8899/6211/2194
f 8904/6212/2196 8903/6215/2196 8901/6213/2195
f 8906/6214/2197 8905/6217/2197 8903/6215/2196
f 8908/6216/2198 8907/6219/2200 8905/6217/2197
f 8910/6218/2199 8909/6221/2199 8907/6219/2200
f 8912/6220/2201 8911/6223/2203 8909/6221/2199
f 8914/6222/2202 8913/6225/2202 8911/6223/2203
f 8916/6224/1966 8915/6227/1966 8913/6225/2202
f 8918/6226/2204 8917/6229/2204 8915/6227/1966
f 8920/6228/2205 8919/6231/2205 8917/6229/2204
f 8922/6230/2206 8921/6233/2206 8919/6231/2205
f 8924/6232/2207 8923/6235/2207 8921/6233/2206
f 8926/6234/2208 8925/6237/2208 8923/6235/2207
f 8928/6236/2209 8927/6239/2209 8925/6237/2208
f 8930/6238/1213 8929/6241/1213 8927/6239/2209
f 8932/6240/2210 8931/6243/2210 8929/6241/1213
f 8934/6242/2211 8933/6245/2213 8931/6243/2210
f 8936/6244/2212 8935/6247/2212 8933/6245/2213
f 8938/6246/2214 8937/6249/2214 8935/6247/2212
f 8940/6248/2215 8939/6251/2217 8937/6249/2214
f 8942/6250/2216 8941/6253/2216 8939/6251/2217
f 8944/6252/2218 8943/6255/2218 8941/6253/2216
f 8946/6254/2219 8945/6257/2221 8943/6255/2218
f 8948/6256/2220 8947/6259/2223 8945/6257/2221
f 8950/6258/2222 8949/6261/2222 8947/6259/2223
f 8952/6260/2224 8951/6263/2224 8949/6261/2222
f 8954/6262/2225 8953/6265/2225 8951/6263/2224
f 8956/6264/2226 8955/6267/2226 8953/6265/2225
f 8958/6266/2227 8957/6269/2227 8955/6267/2226
f 8960/6268/2228 8959/6271/2230 8957/6269/2227
f 8962/6270/2229 8961/6273/2229 8959/6271/2230
f 8964/6272/2231 8963/6275/2231 8961/6273/2229
f 8966/6274/2232 8965/6277/2234 8963/6275/2231
f 8968/6276/2233 8967/6279/2233 8965/6277/2234
f 8970/6278/2235 8969/6281/2237 8967/6279/2233
f 8972/6280/2236 8971/6283/2236 8969/6281/2237
f 8974/6282/2238 8973/6285/2239 8971/6283/2236
f 8976/6284/1230 8975/6287/2241 8973/6285/2239
f 8978/6286/2240 8977/6289/2243 8975/6287/2241
f 8980/6288/2242 8979/6291/2242 8977/6289/2243
f 8982/6290/2244 8981/6293/2246 8979/6291/2242
f 8984/6292/2245 8983/6295/2245 8981/6293/2246
f 8986/6294/2247 8985/6297/1226 8983/6295/2245
f 8988/6296/2248 8987/6299/2248 8985/6297/1226
f 8990/6298/760 8989/6301/757 8987/6299/2248
f 8992/6300/2249 8991/6303/2251 8989/6301/757
f 8994/6302/2250 8993/6305/2253 8991/6303/2251
f 8996/6304/2252 8995/6307/2252 8993/6305/2253
f 8998/6306/2254 8997/6309/2256 8995/6307/2252
f 9000/6308/2255 8999/6311/2258 8997/6309/2256
f 9002/6310/2257 9001/6313/2257 8999/6311/2258
f 9004/6312/554 9003/6315/2260 9001/6313/2257
f 9006/6314/2259 9005/6317/2261 9003/6315/2260
f 9008/6316/1959 9007/6319/2263 9005/6317/2261
f 9010/6318/2262 9009/6321/2265 9007/6319/2263
f 9012/6320/2264 9011/6323/2267 9009/6321/2265
f 9014/6322/2266 9013/6325/2269 9011/6323/2267
f 9016/6324/2268 9015/6327/2271 9013/6325/2269
f 9018/6326/2270 9017/6329/2273 9015/6327/2271
f 9020/6328/2272 9019/6331/2272 9017/6329/2273
f 9022/6330/2274 9021/6333/2206 9019/6331/2272
f 9024/6332/2275 9023/6335/2277 9021/6333/2206
f 9026/6334/2276 9025/6337/2276 9023/6335/2277
f 9028/6336/1199 9027/6339/1199 9025/6337/2276
f 9030/6338/2278 9029/6341/2280 9027/6339/1199
f 9032/6340/2279 9031/6343/2282 9029/6341/2280
f 9034/6342/2281 9033/6345/2284 9031/6343/2282
f 9036/6344/2283 9035/6347/2286 9033/6345/2284
f 9038/6346/2285 9037/6349/2288 9035/6347/2286
f 9040/6348/2287 9039/6351/2290 9037/6349/2288
f 9042/6350/2289 9041/6353/2289 9039/6351/2290
f 9044/6352/2291 9043/6355/2291 9041/6353/2289
f 9046/6354/1168 9045/6357/2293 9043/6355/2291
f 9048/6356/2292 9047/6359/2295 9045/6357/2293
f 9050/6358/2294 9049/6361/2294 9047/6359/2295
f 9052/6360/2296 9051/6363/775 9049/6361/2294
f 9054/6362/2297 9053/6365/2299 9051/6363/775
f 9056/6364/2298 9055/6367/2301 9053/6365/2299
f 9058/6366/2300 9057/6369/2303 9055/6367/2301
f 9060/6368/2302 9059/6371/2305 9057/6369/2303
f 9062/6370/2304 9061/6373/2307 9059/6371/2305
f 9064/6372/2306 9063/6375/2309 9061/6373/2307
f 9066/6374/2308 9065/6377/2310 9063/6375/2309
f 9068/6376/1109 9067/6379/1109 9065/6377/2310
f 9070/6378/2311 9069/6381/2313 9067/6379/1109
f 9072/6380/2312 9071/6383/2315 9069/6381/2313
f 9074/6382/2314 9073/6385/2314 9071/6383/2315
f 9076/6384/2316 9075/6387/1087 9073/6385/2314
f 9078/6386/2317 9077/6389/2318 9075/6387/1087
f 9080/6388/2013 9079/6391/2320 9077/6389/2318
f 9082/6390/2319 9081/6393/2319 9079/6391/2320
f 9084/6392/2321 9083/6395/2321 9081/6393/2319
f 9086/6394/2322 9085/6397/2322 9083/6395/2321
f 9088/6396/2323 9087/6399/2325 9085/6397/2322
f 9090/6398/2324 9089/6401/2327 9087/6399/2325
f 9092/6400/2326 9091/6403/2130 9089/6401/2327
f 9094/6402/1047 9093/6405/2329 9091/6403/2130
f 9096/6404/2328 9095/6407/2331 9093/6405/2329
f 9098/6406/2330 9097/6409/2333 9095/6407/2331
f 9100/6408/2332 9099/6411/2335 9097/6409/2333
f 9102/6410/2334 9101/6413/2337 9099/6411/2335
f 9104/6412/2336 9103/6415/2336 9101/6413/2337
f 9106/6414/2338 9105/6417/2340 9103/6415/2336
f 9108/6416/2339 9107/6419/2342 9105/6417/2340
f 9110/6418/2341 9109/6421/2341 9107/6419/2342
f 9112/6420/2343 9111/6423/2345 9109/6421/2341
f 9114/6422/2344 9113/6425/2347 9111/6423/2345
f 9116/6424/2346 9115/6427/2349 9113/6425/2347
f 9118/6426/2348 9117/6429/2351 9115/6427/2349
f 9120/6428/2350 9119/6431/2350 9117/6429/2351
f 9122/6430/2352 9121/6433/2352 9119/6431/2350
f 9124/6432/2353 9123/6435/2353 9121/6433/2352
f 9126/6434/2354 9125/6437/2354 9123/6435/2353
f 9128/6436/2355 9127/6439/2355 9125/6437/2354
f 9130/6438/2356 9129/6441/2358 9127/6439/2355
f 9132/6440/2357 9131/6443/2360 9129/6441/2358
f 9134/6442/2359 9133/6445/2361 9131/6443/2360
f 9136/6444/47 9135/6447/47 9133/6445/2361
f 9138/6446/2362 9137/6449/2362 9135/6447/47
f 9140/6448/2363 9139/6451/2363 9137/6449/2362
f 9142/6450/2364 9141/6453/2364 9139/6451/2363
f 9144/6452/2365 9143/6455/2365 9141/6453/2364
f 9146/6454/2366 9145/6457/2368 9143/6455/2365
f 9148/6456/2367 9147/6459/2367 9145/6457/2368
f 9150/6458/2369 9149/6461/2369 9147/6459/2367
f 9152/6460/2370 9151/6463/2370 9149/6461/2369
f 9154/6462/2371 9153/6465/2373 9151/6463/2370
f 9156/6464/2372 9155/6467/2375 9153/6465/2373
f 9158/6466/2374 9157/6469/2374 9155/6467/2375
f 9160/6468/2376 9159/6471/2378 9157/6469/2374
f 9162/6470/2377 9161/6473/2380 9159/6471/2378
f 9164/6472/2379 9163/6475/2381 9161/6473/2380
f 9166/6474/66 9165/6477/66 9163/6475/2381
f 9168/6476/2382 9167/6479/2382 9165/6477/66
f 9170/6478/2383 9169/6481/2383 9167/6479/2382
f 9172/6480/2384 9171/6483/2384 9169/6481/2383
f 9174/6482/2385 9173/6485/889 9171/6483/2384
f 9176/6484/2386 9175/6487/2388 9173/6485/889
f 9178/6486/2387 9177/6489/2387 9175/6487/2388
f 9180/6488/2389 9179/6491/2389 9177/6489/2387
f 9182/6490/2390 9181/6493/2390 9179/6491/2389
f 9184/6492/2391 9183/6495/2391 9181/6493/2390
f 9186/6494/2392 9185/6497/2392 9183/6495/2391
f 9188/6496/2393 9187/6499/2395 9185/6497/2392
f 9190/6498/2394 9189/6501/2394 9187/6499/2395
f 9192/6500/2396 9191/6503/2396 9189/6501/2394
f 9194/6502/2397 9193/6505/2399 9191/6503/2396
f 9196/6504/2398 9195/6507/2398 9193/6505/2399
f 9198/6506/2400 9197/6509/2400 9195/6507/2398
f 9200/6508/2401 9199/6511/2401 9197/6509/2400
f 9202/6510/2402 9201/6513/2402 9199/6511/2401
f 9204/6512/2403 9203/6515/2403 9201/6513/2402
f 9206/6514/2404 9205/6517/2404 9203/6515/2403
f 9208/6516/2405 9207/6519/2405 9205/6517/2404
f 9210/6518/2406 9209/6521/2406 9207/6519/2405
f 9212/6520/2407 9211/6523/2407 9209/6521/2406
f 9214/6522/2408 9213/6525/2408 9211/6523/2407
f 9216/6524/2409 9215/6527/2409 9213/6525/2408
f 9218/6526/2410 9217/6529/2410 9215/6527/2409
f 9220/6528/2411 9219/6531/2411 9217/6529/2410
f 9222/6530/2412 9221/6533/2412 9219/6531/2411
f 9224/6532/2413 9223/6535/2413 9221/6533/2412
f 9226/6534/2414 9225/6537/2414 9223/6535/2413
f 9228/6536/2415 9227/6539/2415 9225/6537/2414
f 9230/6538/2416 9229/6541/2416 9227/6539/2415
f 9232/6540/2417 9231/6543/2419 9229/6541/2416
f 9234/6542/2418 9233/6545/2418 9231/6543/2419
f 9236/6544/2420 9235/6547/2420 9233/6545/2418
f 9238/6546/2421 9237/6549/2421 9235/6547/2420
f 9240/6548/2422 9239/6551/2422 9237/6549/2421
f 9242/6550/2423 9241/6553/2423 9239/6551/2422
f 9244/6552/2424 9243/6555/2424 9241/6553/2423
f 9246/6554/2425 9245/6557/2427 9243/6555/2424
f 9248/6556/2426 9247/6559/2429 9245/6557/2427
f 9250/6558/2428 9249/6561/2428 9247/6559/2429
f 9252/6560/2430 9251/6563/2430 9249/6561/2428
f 9254/6562/2431 9253/6565/2431 9251/6563/2430
f 9256/6564/2432 9255/6567/2432 9253/6565/2431
f 9258/6566/2433 9257/6569/2433 9255/6567/2432
f 9260/6568/2434 9259/6571/2434 9257/6569/2433
f 9262/6570/2435 9261/6573/2437 9259/6571/2434
f 9264/6572/2436 9263/6575/2436 9261/6573/2437
f 9266/6574/2438 9265/6577/2438 9263/6575/2436
f 9268/6576/2439 9267/6579/2439 9265/6577/2438
f 9270/6578/2440 9269/6581/2442 9267/6579/2439
f 9272/6580/2441 9271/6583/2441 9269/6581/2442
f 9274/6582/2443 9273/6585/2443 9271/6583/2441
f 9276/6584/2444 9275/6587/2444 9273/6585/2443
f 9278/6586/2445 9277/6589/2445 9275/6587/2444
f 9280/6588/2446 9279/6591/2446 9277/6589/2445
f 9282/6590/2447 9281/6593/2447 9279/6591/2446
f 9284/6592/2448 9283/6595/2448 9281/6593/2447
f 9286/6594/2449 9285/6597/2449 9283/6595/2448
f 9288/6596/2450 9287/6599/2450 9285/6597/2449
f 9290/6598/2451 9289/6601/2451 9287/6599/2450
f 9292/6600/2452 9291/6603/2452 9289/6601/2451
f 9294/6602/2453 9293/6605/2453 9291/6603/2452
f 9296/6604/2454 9295/6607/2454 9293/6605/2453
f 9298/6606/2455 9297/6609/2455 9295/6607/2454
f 9300/6608/2456 9299/6611/2456 9297/6609/2455
f 9302/6610/2457 9301/6613/2457 9299/6611/2456
f 9304/6612/2458 9303/6615/2458 9301/6613/2457
f 9306/6614/2459 9305/6617/2459 9303/6615/2458
f 9308/6616/2460 9307/6619/2460 9305/6617/2459
f 9310/6618/2461 9309/6621/2461 9307/6619/2460
f 9312/6620/2462 9311/6623/2462 9309/6621/2461
f 9314/6622/2463 9313/6625/2463 9311/6623/2462
f 9316/6624/2464 9315/6627/2466 9313/6625/2463
f 9318/6626/2465 9317/6629/2465 9315/6627/2466
f 9320/6628/2467 9319/6631/2467 9317/6629/2465
f 9322/6630/2468 9321/6633/2468 9319/6631/2467
f 9324/6632/2469 9323/6635/2469 9321/6633/2468
f 9326/6634/2470 9325/6637/2470 9323/6635/2469
f 9328/6636/2471 9327/6639/2471 9325/6637/2470
f 9330/6638/2472 9329/6641/2472 9327/6639/2471
f 9332/6640/2473 9331/6643/2473 9329/6641/2472
f 9334/6642/2474 9333/6645/2474 9331/6643/2473
f 9336/6644/2475 9335/6647/2477 9333/6645/2474
f 9338/6646/2476 9337/6649/2476 9335/6647/2477
f 9340/6648/2478 9339/6651/2478 9337/6649/2476
f 9342/6650/2479 9341/6653/2479 9339/6651/2478
f 9344/6652/2480 9343/6655/2480 9341/6653/2479
f 9346/6654/2481 9345/6657/2483 9343/6655/2480
f 9348/6656/2482 9347/6659/2482 9345/6657/2483
f 9350/6658/2484 9349/6661/2486 9347/6659/2482
f 9352/6660/2485 9351/6663/2488 9349/6661/2486
f 9354/6662/2487 9353/6665/2487 9351/6663/2488
f 9356/6664/2489 9355/6667/2489 9353/6665/2487
f 9358/6666/2490 9357/6669/2490 9355/6667/2489
f 9360/6668/2491 9359/6671/2491 9357/6669/2490
f 9362/6670/184 9361/6673/184 9359/6671/2491
f 9364/6672/2492 9363/6675/2494 9361/6673/184
f 9366/6674/2493 9365/6677/2493 9363/6675/2494
f 9368/6676/2495 9367/6679/2495 9365/6677/2493
f 9370/6678/2496 9369/6681/2496 9367/6679/2495
f 9372/6680/2497 9371/6683/2497 9369/6681/2496
f 9374/6682/2498 9373/6685/2498 9371/6683/2497
f 9376/6684/2499 9375/6687/2499 9373/6685/2498
f 9378/6686/2500 9377/6689/2500 9375/6687/2499
f 9380/6688/2501 9379/6691/2501 9377/6689/2500
f 9382/6690/2502 9381/6693/2502 9379/6691/2501
f 9384/6692/2503 9383/6695/2503 9381/6693/2502
f 9386/6694/2504 9385/6697/2504 9383/6695/2503
f 9388/6696/2505 9387/6699/2505 9385/6697/2504
f 9390/6698/2506 9389/6701/2506 9387/6699/2505
f 9392/6700/2507 9391/6703/2507 9389/6701/2506
f 9394/6702/2508 9393/6705/2510 9391/6703/2507
f 9396/6704/2509 9395/6707/2509 9393/6705/2510
f 9398/6706/2511 9397/6709/2511 9395/6707/2509
f 9400/6708/2512 9399/6711/2512 9397/6709/2511
f 9402/6710/2513 9401/6713/2513 9399/6711/2512
f 9404/6712/2514 9403/6715/2514 9401/6713/2513
f 9406/6714/2515 9405/6717/2515 9403/6715/2514
f 9408/6716/2516 9407/6719/2516 9405/6717/2515
f 9410/6718/2517 9409/6721/2517 9407/6719/2516
f 9412/6720/2518 9411/6723/2518 9409/6721/2517
f 9414/6722/2519 9413/6725/2521 9411/6723/2518
f 9416/6724/2520 9415/6727/2523 9413/6725/2521
f 9418/6726/2522 9417/6729/2522 9415/6727/2523
f 9420/6728/2524 9419/6731/2524 9417/6729/2522
f 9422/6730/2525 9421/6733/2525 9419/6731/2524
f 9424/6732/2526 9423/6735/2526 9421/6733/2525
f 9426/6734/2527 9425/6737/2527 9423/6735/2526
f 9428/6736/2528 9427/6739/2528 9425/6737/2527
f 9430/6738/2529 9429/6741/2531 9427/6739/2528
f 9432/6740/2530 9431/6743/2530 9429/6741/2531
f 9434/6742/2532 9433/6745/2532 9431/6743/2530
f 9436/6744/2533 9435/6747/2533 9433/6745/2532
f 9438/6746/2534 9437/6749/2534 9435/6747/2533
f 9440/6748/2535 9439/6751/2535 9437/6749/2534
f 9442/6750/2536 9441/6753/2538 9439/6751/2535
f 9444/6752/2537 9443/6755/2537 9441/6753/2538
f 9446/6754/2539 9445/6757/2539 9443/6755/2537
f 9448/6756/261 9447/6759/259 9445/6757/2539
f 9450/6758/2540 9449/6761/2540 9447/6759/259
f 9452/6760/2541 9451/6763/2541 9449/6761/2540
f 9454/6762/2542 9453/6765/2544 9451/6763/2541
f 9456/6764/2543 9455/6767/2546 9453/6765/2544
f 9458/6766/2545 9457/6769/2548 9455/6767/2546
f 9460/6768/2547 9459/6771/2547 9457/6769/2548
f 9462/6770/2549 9461/6773/2549 9459/6771/2547
f 9464/6772/2550 9463/6775/2552 9461/6773/2549
f 9466/6774/2551 9465/6777/2551 9463/6775/2552
f 9468/6776/2553 9467/6779/2553 9465/6777/2551
f 9470/6778/2554 9469/6781/2554 9467/6779/2553
f 9472/6780/2555 9471/6783/2555 9469/6781/2554
f 9474/6782/2556 9473/6785/2556 9471/6783/2555
f 9476/6784/2557 9475/6787/2557 9473/6785/2556
f 9478/6786/2558 9477/6789/2558 9475/6787/2557
f 9480/6788/2559 9479/6791/2559 9477/6789/2558
f 9482/6790/2560 9481/6793/2562 9479/6791/2559
f 9484/6792/2561 9483/6795/2561 9481/6793/2562
f 9486/6794/2563 9485/6797/2563 9483/6795/2561
f 9488/6796/2564 9487/6799/2564 9485/6797/2563
f 9490/6798/2565 9489/6801/2565 9487/6799/2564
f 9492/6800/2566 9491/6803/2568 9489/6801/2565
f 9494/6802/2567 9493/6805/2567 9491/6803/2568
f 9496/6804/1365 9495/6807/1365 9493/6805/2567
f 9498/6806/2569 9497/6809/2569 9495/6807/1365
f 9500/6808/2570 9499/6811/2570 9497/6809/2569
f 9502/6810/2571 9501/6813/2571 9499/6811/2570
f 9504/6812/2572 9503/6815/2574 9501/6813/2571
f 9506/6814/2573 9505/6817/2573 9503/6815/2574
f 9508/6816/2575 9507/6819/2575 9505/6817/2573
f 9510/6818/2576 9509/6821/2576 9507/6819/2575
f 9512/6820/2577 9511/6823/2579 9509/6821/2576
f 9514/6822/2578 9513/6825/2578 9511/6823/2579
f 9516/6824/2580 9515/6827/2582 9513/6825/2578
f 9518/6826/2581 9517/6829/2581 9515/6827/2582
f 9520/6828/2583 9519/6831/2583 9517/6829/2581
f 9522/6830/2584 9521/6833/2586 9519/6831/2583
f 9524/6832/2585 9523/6835/2585 9521/6833/2586
f 9526/6834/1554 9525/6837/1554 9523/6835/2585
f 9528/6836/2587 9527/6839/2589 9525/6837/1554
f 9530/6838/2588 9529/6841/2588 9527/6839/2589
f 9532/6840/2590 9531/6843/2590 9529/6841/2588
f 9534/6842/2591 9533/6845/2593 9531/6843/2590
f 9536/6844/2592 9535/6847/2595 9533/6845/2593
f 9538/6846/2594 9537/6849/2594 9535/6847/2595
f 9540/6848/2596 9539/6851/2596 9537/6849/2594
f 9542/6850/2597 9541/6853/2597 9539/6851/2596
f 9544/6852/2598 9543/6855/2598 9541/6853/2597
f 9546/6854/2599 9545/6857/2599 9543/6855/2598
f 9548/6856/2600 9547/6859/2602 9545/6857/2599
f 9550/6858/2601 9549/6861/2601 9547/6859/2602
f 9552/6860/2603 9551/6863/2603 9549/6861/2601
f 9554/6862/2604 9553/6865/2604 9551/6863/2603
f 9556/6864/2605 9555/6867/2605 9553/6865/2604
f 9558/6866/2606 9557/6869/2606 9555/6867/2605
f 9560/6868/2607 9559/6871/2607 9557/6869/2606
f 9562/6870/2608 9561/6873/2608 9559/6871/2607
f 9564/6872/2609 9563/6875/2609 9561/6873/2608
f 9566/6874/2610 9565/6877/2610 9563/6875/2609
f 9568/6876/2611 9567/6879/2613 9565/6877/2610
f 9570/6878/2612 9569/6881/2615 9567/6879/2613
f 9572/6880/2614 9571/6883/2617 9569/6881/2615
f 9574/6882/2616 9573/6885/2616 9571/6883/2617
f 9576/6884/2618 9575/6887/2618 9573/6885/2616
f 9578/6886/2619 9577/6889/2621 9575/6887/2618
f 9580/6888/2620 9579/6891/2620 9577/6889/2621
f 9582/6890/2622 9581/6893/2624 9579/6891/2620
f 9584/6892/2623 9583/6895/2623 9581/6893/2624
f 9586/6894/2625 9585/6897/2625 9583/6895/2623
f 9588/6896/2626 9587/6899/2626 9585/6897/2625
f 9590/6898/2627 9589/6901/2629 9587/6899/2626
f 9592/6900/2628 9591/6903/2630 9589/6901/2629
f 9594/6902/1776 9593/6905/2632 9591/6903/2630
f 9596/6904/2631 9595/6907/2631 9593/6905/2632
f 9598/6906/2633 9597/6909/2633 9595/6907/2631
f 9600/6908/2634 9599/6911/2636 9597/6909/2633
f 9602/6910/2635 9601/6913/2635 9599/6911/2636
f 9604/6912/2637 9603/6915/2639 9601/6913/2635
f 9606/6914/2638 9605/6917/2638 9603/6915/2639
f 9608/6916/1488 9607/6919/1488 9605/6917/2638
f 9610/6918/2640 9609/6921/2640 9607/6919/1488
f 9612/6920/2641 9611/6923/2641 9609/6921/2640
f 9614/6922/2642 9613/6925/2642 9611/6923/2641
f 9616/6924/1402 9615/6927/1402 9613/6925/2642
f 9618/6926/2643 9617/6929/2643 9615/6927/1402
f 9620/6928/2644 9619/6931/2644 9617/6929/2643
f 9622/6930/2645 9621/6933/2647 9619/6931/2644
f 9624/6932/2646 9623/6935/2646 9621/6933/2647
f 9626/6934/2648 9625/6937/2650 9623/6935/2646
f 9628/6936/2649 9627/6939/2649 9625/6937/2650
f 9630/6938/2651 9629/6941/2651 9627/6939/2649
f 9632/6940/2652 9631/6943/2654 9629/6941/2651
f 9634/6942/2653 9633/6945/2653 9631/6943/2654
f 9636/6944/2655 9635/6947/2657 9633/6945/2653
f 9638/6946/2656 9637/6949/2656 9635/6947/2657
f 9640/6948/2658 9639/6951/2658 9637/6949/2656
f 9642/6950/2659 9641/6953/2659 9639/6951/2658
f 9644/6952/2660 9643/6955/2660 9641/6953/2659
f 9646/6954/2661 9645/6957/2661 9643/6955/2660
f 9648/6956/2662 9647/6959/2662 9645/6957/2661
f 9650/6958/2663 9649/6961/2663 9647/6959/2662
f 9652/6960/2664 9651/6963/2664 9649/6961/2663
f 9654/6962/2665 9653/6965/2665 9651/6963/2664
f 9656/6964/2666 9655/6967/2666 9653/6965/2665
f 9658/6966/2667 9657/6969/2667 9655/6967/2666
f 9660/6968/2668 9659/6971/2668 9657/6969/2667
f 9662/6970/2669 9661/6973/2669 9659/6971/2668
f 9664/6972/2670 9663/6975/2670 9661/6973/2669
f 9666/6974/2671 9665/6977/2673 9663/6975/2670
f 9668/6976/2672 9667/6979/2672 9665/6977/2673
f 9670/6978/2674 9669/6981/2674 9667/6979/2672
f 9672/6980/2675 9671/6983/2675 9669/6981/2674
f 9674/6982/2676 9673/6985/2676 9671/6983/2675
f 9676/6984/2677 9675/6987/2677 9673/6985/2676
f 9678/6986/2678 9677/6989/2678 9675/6987/2677
f 9680/6988/2679 9679/6991/2679 9677/6989/2678
f 9682/6990/2680 9681/6993/2680 9679/6991/2679
f 9684/6992/2681 9683/6995/2681 9681/6993/2680
f 9686/6994/1565 9685/6997/1565 9683/6995/2681
f 9688/6996/2682 9687/6999/2682 9685/6997/1565
f 9690/6998/2683 9689/7001/2683 9687/6999/2682
f 9692/7000/2684 9691/7003/2684 9689/7001/2683
f 9694/7002/2685 9693/7005/2685 9691/7003/2684
f 9696/7004/2686 9695/7007/2688 9693/7005/2685
f 9698/7006/2687 9697/7009/2687 9695/7007/2688
f 9700/7008/2689 9699/7011/2691 9697/7009/2687
f 9702/7010/2690 9701/7013/2690 9699/7011/2691
f 9704/7012/2567 9703/7015/2567 9701/7013/2690
f 9706/7014/2692 9705/7017/2692 9703/7015/2567
f 9708/7016/2693 9707/7019/2693 9705/7017/2692
f 9710/7018/2694 9709/7021/2694 9707/7019/2693
f 9712/7020/2695 9711/7023/2695 9709/7021/2694
f 9714/7022/2696 9713/7025/2696 9711/7023/2695
f 9716/7024/2697 9715/7027/2697 9713/7025/2696
f 9718/7026/2698 9717/7029/2698 9715/7027/2697
f 9720/7028/2699 9719/7031/2699 9717/7029/2698
f 9722/7030/2700 9721/7033/2700 9719/7031/2699
f 9724/7032/2701 9723/7035/2701 9721/7033/2700
f 9726/7034/2702 9725/7037/2704 9723/7035/2701
f 9728/7036/2703 9727/7039/2703 9725/7037/2704
f 9730/7038/2705 9729/7041/2559 9727/7039/2703
f 9732/7040/2706 9731/7043/2706 9729/7041/2559
f 9734/7042/2707 9733/7045/2707 9731/7043/2706
f 9736/7044/2708 9735/7047/2708 9733/7045/2707
f 9738/7046/1572 9737/7049/1572 9735/7047/2708
f 9740/7048/2709 9739/7051/2709 9737/7049/1572
f 9742/7050/2710 9741/7053/2710 9739/7051/2709
f 9744/7052/2711 9743/7055/2711 9741/7053/2710
f 9746/7054/2712 9745/7057/2712 9743/7055/2711
f 9748/7056/2713 9747/7059/2713 9745/7057/2712
f 9750/7058/2714 9749/7061/2714 9747/7059/2713
f 9752/7060/2715 9751/7063/2715 9749/7061/2714
f 9754/7062/2716 9753/7065/2716 9751/7063/2715
f 9756/7064/2717 9755/7067/2717 9753/7065/2716
f 9758/7066/2718 9757/7069/2718 9755/7067/2717
f 9760/7068/2719 9759/7071/2719 9757/7069/2718
f 9762/7070/2720 9761/7073/2720 9759/7071/2719
f 9764/7072/2721 9763/7075/2721 9761/7073/2720
f 9766/7074/2722 9765/7077/2722 9763/7075/2721
f 9768/7076/2723 9767/7079/2723 9765/7077/2722
f 9770/7078/2724 9769/7081/2724 9767/7079/2723
f 9772/7080/2725 9771/7083/2725 9769/7081/2724
f 9774/7082/2726 9773/7085/2726 9771/7083/2725
f 9776/7084/2727 9775/7087/2727 9773/7085/2726
f 9778/7086/2728 9777/7089/2728 9775/7087/2727
f 9780/7088/2729 9779/7091/2729 9777/7089/2728
f 9782/7090/2730 9781/7093/2730 9779/7091/2729
f 9784/7092/2731 9783/7095/2731 9781/7093/2730
f 9786/7094/2732 9785/7097/2732 9783/7095/2731
f 9788/7096/2733 9787/7099/2733 9785/7097/2732
f 9790/7098/2734 9789/7101/2734 9787/7099/2733
f 9792/7100/2735 9791/7103/2735 9789/7101/2734
f 9794/7102/2736 9793/7105/2736 9791/7103/2735
f 9796/7104/2737 9795/7107/2737 9793/7105/2736
f 9798/7106/2738 9797/7109/2738 9795/7107/2737
f 9800/7108/2739 9799/7111/2739 9797/7109/2738
f 9802/7110/2740 9801/7113/2740 9799/7111/2739
f 9804/7112/2741 9803/7115/2741 9801/7113/2740
f 9806/7114/2742 9805/7117/2742 9803/7115/2741
f 9808/7116/2743 9807/7119/2743 9805/7117/2742
f 9810/7118/2744 9809/7121/2746 9807/7119/2743
f 9812/7120/2745 9811/7123/2745 9809/7121/2746
f 9814/7122/2747 9813/7125/2747 9811/7123/2745
f 9816/7124/2748 9815/7127/2748 9813/7125/2747
f 9818/7126/2749 9817/7129/2749 9815/7127/2748
f 9820/7128/2750 9819/7131/2750 9817/7129/2749
f 9822/7130/2751 9821/7133/2751 9819/7131/2750
f 9824/7132/2752 9823/7135/2752 9821/7133/2751
f 9826/7134/2753 9825/7137/2753 9823/7135/2752
f 9828/7136/2754 9827/7139/2756 9825/7137/2753
f 9830/7138/2755 9829/7141/2755 9827/7139/2756
f 9832/7140/2757 9831/7143/2757 9829/7141/2755
f 9834/7142/2758 9833/7145/2758 9831/7143/2757
f 9836/7144/2759 9835/7147/2759 9833/7145/2758
f 9838/7146/2760 9837/7149/2760 9835/7147/2759
f 9840/7148/1700 9839/7151/1700 9837/7149/2760
f 9842/7150/2761 9841/7153/2763 9839/7151/1700
f 9844/7152/2762 9843/7155/2762 9841/7153/2763
f 9846/7154/2764 9845/7157/2764 9843/7155/2762
f 9848/7156/2765 9847/7159/2765 9845/7157/2764
f 9850/7158/2766 9849/7161/2766 9847/7159/2765
f 9852/7160/2767 9851/7163/2769 9849/7161/2766
f 9854/7162/2768 9853/7165/2768 9851/7163/2769
f 9856/7164/2770 9855/7167/2770 9853/7165/2768
f 9858/7166/1629 9857/7169/1629 9855/7167/2770
f 9860/7168/2771 9859/7171/2771 9857/7169/1629
f 9862/7170/2772 9861/7173/2772 9859/7171/2771
f 9864/7172/2773 9863/7175/2775 9861/7173/2772
f 9866/7174/2774 9865/7177/2774 9863/7175/2775
f 9868/7176/2776 9867/7179/2778 9865/7177/2774
f 9870/7178/2777 9869/7181/2777 9867/7179/2778
f 9872/7180/2779 9871/7183/2779 9869/7181/2777
f 9874/7182/2780 9873/7185/2780 9871/7183/2779
f 9876/7184/2781 9875/7187/2781 9873/7185/2780
f 9878/7186/2782 9877/7189/2782 9875/7187/2781
f 9880/7188/2783 9879/7191/2783 9877/7189/2782
f 9882/7190/2784 9881/7193/2784 9879/7191/2783
f 9884/7192/2785 9883/7195/2785 9881/7193/2784
f 9886/7194/2786 9885/7197/2788 9883/7195/2785
f 9888/7196/2787 9887/7199/2787 9885/7197/2788
f 9890/7198/2789 9889/7201/2789 9887/7199/2787
f 9892/7200/2790 9891/7203/2790 9889/7201/2789
f 9894/7202/1660 9893/7205/1660 9891/7203/2790
f 9896/7204/2791 9895/7207/2791 9893/7205/1660
f 9898/7206/2792 9897/7209/2792 9895/7207/2791
f 9900/7208/2793 9899/7211/2795 9897/7209/2792
f 9902/7210/2794 9901/7213/2794 9899/7211/2795
f 9904/7212/2796 9903/7215/2798 9901/7213/2794
f 9906/7214/2797 9905/7217/2797 9903/7215/2798
f 9908/7216/2799 9907/7219/2799 9905/7217/2797
f 9910/7218/2800 9909/7221/2800 9907/7219/2799
f 9912/7220/2801 9911/7223/2801 9909/7221/2800
f 9914/7222/2802 9913/7225/2802 9911/7223/2801
f 9916/7224/2803 9915/7227/2803 9913/7225/2802
f 9918/7226/203 9917/7229/2805 9915/7227/2803
f 9920/7228/2804 9919/7231/2804 9917/7229/2805
f 9922/7230/2806 9921/7233/2806 9919/7231/2804
f 9924/7232/2807 9923/7235/2807 9921/7233/2806
f 9926/7234/2808 9925/7237/2810 9923/7235/2807
f 9928/7236/2809 9927/7239/2812 9925/7237/2810
f 9930/7238/2811 9929/7241/2811 9927/7239/2812
f 9932/7240/2813 9931/7243/2813 9929/7241/2811
f 9934/7242/2814 9933/7245/2814 9931/7243/2813
f 9936/7244/2815 9935/7247/2815 9933/7245/2814
f 9938/7246/2816 9937/7249/2816 9935/7247/2815
f 9940/7248/2817 9939/7251/2819 9937/7249/2816
f 9942/7250/2818 9941/7253/2821 9939/7251/2819
f 9944/7252/2820 9943/7255/2820 9941/7253/2821
f 9946/7254/2822 9945/7257/2824 9943/7255/2820
f 9948/7256/2823 9947/7259/2823 9945/7257/2824
f 9950/7258/2825 9949/7261/2825 9947/7259/2823
f 9952/7260/2826 9951/7263/2828 9949/7261/2825
f 9954/7262/2827 9953/7265/2827 9951/7263/2828
f 9956/7264/2829 9955/7267/2831 9953/7265/2827
f 9958/7266/2830 9957/7269/2830 9955/7267/2831
f 9960/7268/2832 9959/7271/2832 9957/7269/2830
f 9962/7270/2833 9961/7273/2833 9959/7271/2832
f 9964/7272/2834 9963/7275/2834 9961/7273/2833
f 9966/7274/2835 9965/7277/2835 9963/7275/2834
f 9968/7276/2836 9967/7279/2836 9965/7277/2835
f 9970/7278/2837 9969/7281/2837 9967/7279/2836
f 9972/7280/2838 9971/7283/2838 9969/7281/2837
f 9974/7282/2839 9973/7285/2839 9971/7283/2838
f 9976/7284/2840 9975/7287/2840 9973/7285/2839
f 9978/7286/2841 9977/7289/2841 9975/7287/2840
f 9980/7288/2842 9979/7291/2842 9977/7289/2841
f 9982/7290/2843 9981/7293/2845 9979/7291/2842
f 9984/7292/2844 9983/7295/2844 9981/7293/2845
f 9986/7294/2846 9985/7297/2846 9983/7295/2844
f 9988/7296/2847 9987/7299/2847 9985/7297/2846
f 9990/7298/2848 9989/7301/2848 9987/7299/2847
f 9992/7300/2849 9991/7303/2849 9989/7301/2848
f 9994/7302/2850 9993/7305/2850 9991/7303/2849
f 9996/7304/2851 9995/7307/2851 9993/7305/2850
f 9998/7306/2852 9997/7309/2852 9995/7307/2851
f 10000/7308/2853 9999/7311/2853 9997/7309/2852
f 10002/7310/2854 10001/7313/2856 9999/7311/2853
f 10004/7312/2855 10003/7315/2855 10001/7313/2856
f 10006/7314/2857 10005/7317/2857 10003/7315/2855
f 10008/7316/2858 10007/7319/2860 10005/7317/2857
f 10010/7318/2859 10009/7321/2859 10007/7319/2860
f 10012/7320/2861 10011/7323/2861 10009/7321/2859
f 10014/7322/2862 10013/7325/2864 10011/7323/2861
f 10016/7324/2863 10015/7327/2866 10013/7325/2864
f 10018/7326/2865 10017/7329/2865 10015/7327/2866
f 10020/7328/2867 10019/7331/2869 10017/7329/2865
f 10022/7330/2868 10021/7333/2868 10019/7331/2869
f 10024/7332/2870 10023/7335/2870 10021/7333/2868
f 10026/7334/2871 10025/7337/2871 10023/7335/2870
f 10028/7336/2872 10027/7339/2872 10025/7337/2871
f 10030/7338/2873 10029/7341/2873 10027/7339/2872
f 10032/7340/2874 10031/7343/2874 10029/7341/2873
f 10034/7342/2875 10033/7345/2875 10031/7343/2874
f 10036/7344/2876 10035/7347/2877 10033/7345/2875
f 10038/7346/969 10037/7349/969 10035/7347/2877
f 10040/7348/2878 10039/7351/2878 10037/7349/969
f 10042/7350/2879 10041/7353/2881 10039/7351/2878
f 10044/7352/2880 10043/7355/2883 10041/7353/2881
f 10046/7354/2882 10045/7357/2885 10043/7355/2883
f 10048/7356/2884 10047/7359/2887 10045/7357/2885
f 10050/7358/2886 10049/7361/2886 10047/7359/2887
f 10052/7360/2888 10051/7363/2888 10049/7361/2886
f 10054/7362/2889 10053/7365/2889 10051/7363/2888
f 10056/7364/2890 10055/7367/2890 10053/7365/2889
f 10058/7366/2891 10057/7369/2891 10055/7367/2890
f 10060/7368/2892 10059/7371/2894 10057/7369/2891
f 10062/7370/2893 10061/7373/2893 10059/7371/2894
f 10064/7372/2895 10063/7375/2895 10061/7373/2893
f 10066/7374/2896 10065/7377/2896 10063/7375/2895
f 10068/7376/2897 10067/7379/2899 10065/7377/2896
f 10070/7378/2898 10069/7381/2898 10067/7379/2899
f 10072/7380/2900 10071/7383/2900 10069/7381/2898
f 10074/7382/2901 10073/7385/2903 10071/7383/2900
f 10076/7384/2902 10075/7387/2902 10073/7385/2903
f 10078/7386/44 10077/7389/44 10075/7387/2902
f 10080/7388/2904 10079/7391/2904 10077/7389/44
f 10082/7390/2905 10081/7393/2905 10079/7391/2904
f 10084/7392/2906 10083/7395/2908 10081/7393/2905
f 10086/7394/2907 10085/7397/2907 10083/7395/2908
f 10088/7396/2909 10087/7399/2909 10085/7397/2907
f 10090/7398/2910 10089/7401/2910 10087/7399/2909
f 10092/7400/2911 10091/7403/2911 10089/7401/2910
f 10094/7402/2912 10093/7405/2912 10091/7403/2911
f 10096/7404/2913 10095/7407/2915 10093/7405/2912
f 10098/7406/2914 10097/7409/2914 10095/7407/2915
f 10100/7408/2916 10099/7411/2916 10097/7409/2914
f 10102/7410/2917 10101/7413/2917 10099/7411/2916
f 10104/7412/2918 10103/7415/2918 10101/7413/2917
f 10106/7414/2919 10105/7417/2919 10103/7415/2918
f 10108/7416/2920 10107/7419/2920 10105/7417/2919
f 10110/7418/2921 10109/7421/2923 10107/7419/2920
f 10112/7420/2922 10111/7423/2922 10109/7421/2923
f 10114/7422/2924 10113/7425/2924 10111/7423/2922
f 10116/7424/2925 10115/7427/2925 10113/7425/2924
f 10118/7426/2926 10117/7429/2928 10115/7427/2925
f 10120/7428/2927 10119/7431/2930 10117/7429/2928
f 10122/7430/2929 10121/7433/2932 10119/7431/2930
f 10124/7432/2931 10123/7435/2934 10121/7433/2932
f 10126/7434/2933 10125/7437/2933 10123/7435/2934
f 10128/7436/2935 10127/7439/2935 10125/7437/2933
f 10130/7438/2936 10129/7441/2936 10127/7439/2935
f 10132/7440/2937 10131/7443/2939 10129/7441/2936
f 10134/7442/2938 10133/7445/2938 10131/7443/2939
f 10136/7444/2940 10135/7447/2940 10133/7445/2938
f 10138/7446/2941 10137/7449/2941 10135/7447/2940
f 10140/7448/2942 10139/7451/2942 10137/7449/2941
f 10142/7450/2943 10141/7453/2943 10139/7451/2942
f 10144/7452/2944 10143/7455/2944 10141/7453/2943
f 10146/7454/2945 10145/7457/2945 10143/7455/2944
f 10148/7456/2946 10147/7459/2946 10145/7457/2945
f 10150/7458/2947 10149/7461/2947 10147/7459/2946
f 10152/7460/2948 10151/7463/2948 10149/7461/2947
f 10154/7462/2949 10153/7465/2951 10151/7463/2948
f 10156/7464/2950 10155/7467/2950 10153/7465/2951
f 10158/7466/2952 10157/7469/2952 10155/7467/2950
f 10160/7468/1000 10159/7471/1000 10157/7469/2952
f 10162/7470/2953 10161/7473/2953 10159/7471/1000
f 10164/7472/2954 10163/7475/2954 10161/7473/2953
f 10166/7474/2955 10165/7477/2955 10163/7475/2954
f 10168/7476/2956 10167/7479/2956 10165/7477/2955
f 10170/7478/2957 10169/7481/2957 10167/7479/2956
f 10172/7480/2958 10171/7483/2958 10169/7481/2957
f 10174/7482/2959 10173/7485/2959 10171/7483/2958
f 10176/7484/2960 10175/7487/2960 10173/7485/2959
f 10178/7486/2961 10177/7489/2961 10175/7487/2960
f 10180/7488/2962 10179/7491/2962 10177/7489/2961
f 10182/7490/2963 10181/7493/2963 10179/7491/2962
f 10184/7492/2964 10183/7495/2964 10181/7493/2963
f 10186/7494/2964 10185/7497/2964 10183/7495/2964
f 10188/7496/2965 10187/7499/2965 10185/7497/2964
f 10190/7498/2965 10189/7501/2965 10187/7499/2965
f 10192/7500/2966 10191/7503/2966 10189/7501/2965
f 10194/7502/2967 10193/7505/2967 10191/7503/2966
f 10196/7504/2967 10195/7507/2967 10193/7505/2967
f 10198/7506/2968 10197/7509/2968 10195/7507/2967
f 10200/7508/2969 10199/7511/2969 10197/7509/2968
f 10202/7510/2969 10201/7513/2969 10199/7511/2969
f 10204/7512/2970 10203/7515/2970 10201/7513/2969
f 10206/7514/2970 10205/7517/2970 10203/7515/2970
f 10208/7516/2971 10207/7519/2971 10205/7517/2970
f 10210/7518/2971 10209/7521/2971 10207/7519/2971
f 10212/7520/2971 10211/7523/2971 10209/7521/2971
f 10214/7522/2972 10213/7525/2972 10211/7523/2971
f 10216/7524/2973 10215/7527/2973 10213/7525/2972
f 10218/7526/2973 10217/7529/2973 10215/7527/2973
f 10220/7528/2974 10219/7531/2974 10217/7529/2973
f 10222/7530/2974 10221/7533/2974 10219/7531/2974
f 10224/7532/2974 10223/7535/2974 10221/7533/2974
f 10226/7534/2975 10225/7537/2975 10223/7535/2974
f 10228/7536/2975 10227/7539/2975 10225/7537/2975
f 10230/7538/2975 10229/7541/2975 10227/7539/2975
f 10232/7540/2975 10231/7543/2975 10229/7541/2975
f 10234/7542/2976 10233/7545/2976 10231/7543/2975
f 10236/7544/2976 10235/7547/2976 10233/7545/2976
f 10238/7546/2976 10237/7549/2976 10235/7547/2976
f 10240/7548/2977 10239/7551/2977 10237/7549/2976
f 10242/7550/2977 10241/7553/2977 10239/7551/2977
f 10244/7552/2978 10243/7555/2978 10241/7553/2977
f 10246/7554/2979 10245/7557/2979 10243/7555/2978
f 10248/7556/2980 10247/7559/2980 10245/7557/2979
f 10250/7558/2933 10249/7561/2933 10247/7559/2980
f 10252/7560/2981 10251/7563/2981 10249/7561/2933
f 10254/7562/2982 10253/7565/2982 10251/7563/2981
f 10256/7564/2983 10255/7567/2983 10253/7565/2982
f 10258/7566/2984 10257/7569/2984 10255/7567/2983
f 10260/7568/2985 10259/7571/2985 10257/7569/2984
f 10262/7570/2986 10261/7573/2988 10259/7571/2985
f 10264/7572/2987 10263/7575/2987 10261/7573/2988
f 10266/7574/2989 10265/7577/2991 10263/7575/2987
f 10268/7576/2990 10267/7579/2993 10265/7577/2991
f 10270/7578/2992 10269/7581/2992 10267/7579/2993
f 10272/7580/2994 10271/7583/2994 10269/7581/2992
f 10274/7582/2995 10273/7585/2995 10271/7583/2994
f 10276/7584/2996 10275/7587/2996 10273/7585/2995
f 10278/7586/2997 10277/7589/2997 10275/7587/2996
f 10280/7588/2998 10279/7591/2998 10277/7589/2997
f 10282/7590/2999 10281/7593/2999 10279/7591/2998
f 10284/7592/3000 10283/7595/3000 10281/7593/2999
f 10286/7594/2918 10285/7597/2918 10283/7595/3000
f 10288/7596/3001 10287/7599/3001 10285/7597/2918
f 10290/7598/3002 10289/7601/3002 10287/7599/3001
f 10292/7600/3003 10291/7603/3003 10289/7601/3002
f 10294/7602/3004 10293/7605/3004 10291/7603/3003
f 10296/7604/3005 10295/7607/3007 10293/7605/3004
f 10298/7606/3006 10297/7609/3006 10295/7607/3007
f 10300/7608/3008 10299/7611/3008 10297/7609/3006
f 10302/7610/3009 10301/7613/3009 10299/7611/3008
f 10304/7612/3010 10303/7615/3010 10301/7613/3009
f 10306/7614/43 10305/7617/43 10303/7615/3010
f 10308/7616/3011 10307/7619/3011 10305/7617/43
f 10310/7618/3012 10309/7621/3014 10307/7619/3011
f 10312/7620/3013 10311/7623/3013 10309/7621/3014
f 10314/7622/3015 10313/7625/3015 10311/7623/3013
f 10316/7624/2901 10315/7627/2901 10313/7625/3015
f 10318/7626/3016 10317/7629/3018 10315/7627/2901
f 10320/7628/3017 10319/7631/3017 10317/7629/3018
f 10322/7630/3019 10321/7633/3021 10319/7631/3017
f 10324/7632/3020 10323/7635/3023 10321/7633/3021
f 10326/7634/3022 10325/7637/3022 10323/7635/3023
f 10328/7636/3024 10327/7639/3024 10325/7637/3022
f 10330/7638/3025 10329/7641/3025 10327/7639/3024
f 10332/7640/3026 10331/7643/3028 10329/7641/3025
f 10334/7642/3027 10333/7645/3027 10331/7643/3028
f 10336/7644/3029 10335/7647/3029 10333/7645/3027
f 10338/7646/3030 10337/7649/3032 10335/7647/3029
f 10340/7648/3031 10339/7651/3031 10337/7649/3032
f 10342/7650/3033 10341/7653/3033 10339/7651/3031
f 10344/7652/3034 10343/7655/3034 10341/7653/3033
f 10346/7654/3035 10345/7657/3037 10343/7655/3034
f 10348/7656/3036 10347/7659/3039 10345/7657/3037
f 10350/7658/3038 10349/7661/3038 10347/7659/3039
f 10352/7660/3040 10351/7663/3040 10349/7661/3038
f 10354/7662/3041 10353/7665/3041 10351/7663/3040
f 10356/7664/3042 10355/7667/3042 10353/7665/3041
f 10358/7666/876 10357/7669/876 10355/7667/3042
f 10360/7668/3043 10359/7671/3043 10357/7669/876
f 10362/7670/3044 10361/7673/3044 10359/7671/3043
f 10364/7672/3045 10363/7675/3045 10361/7673/3044
f 10366/7674/3046 10365/7677/3046 10363/7675/3045
f 10368/7676/3047 10367/7679/3047 10365/7677/3046
f 10370/7678/3048 10369/7681/3048 10367/7679/3047
f 10372/7680/3049 10371/7683/3049 10369/7681/3048
f 10374/7682/3050 10373/7685/3050 10371/7683/3049
f 10376/7684/3051 10375/7687/3051 10373/7685/3050
f 10378/7686/3052 10377/7689/3052 10375/7687/3051
f 10380/7688/3053 10379/7691/3053 10377/7689/3052
f 10382/7690/3054 10381/7693/3054 10379/7691/3053
f 10384/7692/2846 10383/7695/2846 10381/7693/3054
f 10386/7694/3055 10385/7697/3055 10383/7695/2846
f 10388/7696/3056 10387/7699/3056 10385/7697/3055
f 10390/7698/3057 10389/7701/3057 10387/7699/3056
f 10392/7700/3058 10391/7703/3058 10389/7701/3057
f 10394/7702/3059 10393/7705/3059 10391/7703/3058
f 10396/7704/3060 10395/7707/3060 10393/7705/3059
f 10398/7706/3061 10397/7709/3061 10395/7707/3060
f 10400/7708/3062 10399/7711/3062 10397/7709/3061
f 10402/7710/3063 10401/7713/3063 10399/7711/3062
f 10404/7712/3064 10403/7715/3064 10401/7713/3063
f 10406/7714/3065 10405/7717/3065 10403/7715/3064
f 10408/7716/3066 10407/7719/3066 10405/7717/3065
f 10410/7718/3067 10409/7721/3067 10407/7719/3066
f 10412/7720/3068 10411/7723/3070 10409/7721/3067
f 10414/7722/3069 10413/7725/3069 10411/7723/3070
f 10416/7724/3071 10415/7727/3073 10413/7725/3069
f 10418/7726/3072 10417/7729/3072 10415/7727/3073
f 10420/7728/3074 10419/7731/3074 10417/7729/3072
f 10422/7730/3075 10421/7733/3075 10419/7731/3074
f 10424/7732/3076 10423/7735/3076 10421/7733/3075
f 10426/7734/3077 10425/7737/3077 10423/7735/3076
f 10428/7736/3078 10427/7739/3078 10425/7737/3077
f 10430/7738/3079 10429/7741/3079 10427/7739/3078
f 10432/7740/3080 10431/7743/3080 10429/7741/3079
f 10434/7742/3081 10433/7745/3081 10431/7743/3080
f 10436/7744/3082 10435/7747/3084 10433/7745/3081
f 10438/7746/3083 10437/7749/3083 10435/7747/3084
f 10440/7748/3085 10439/7751/3085 10437/7749/3083
f 10442/7750/3086 10441/7753/3086 10439/7751/3085
f 10444/7752/3087 10443/7755/3087 10441/7753/3086
f 10446/7754/3088 10445/7757/3088 10443/7755/3087
f 10448/7756/3089 10447/7759/3089 10445/7757/3088
f 10450/7758/3090 10449/7761/3092 10447/7759/3089
f 10452/7760/3091 10451/7763/3091 10449/7761/3092
f 10454/7762/3093 10453/7765/3093 10451/7763/3091
f 10456/7764/3094 10455/7767/3096 10453/7765/3093
f 10458/7766/3095 10457/7769/3095 10455/7767/3096
f 10460/7768/3097 10459/7771/3099 10457/7769/3095
f 10462/7770/3098 10461/7773/3098 10459/7771/3099
f 10464/7772/3100 10463/7775/3100 10461/7773/3098
f 10466/7774/3101 10465/7777/3101 10463/7775/3100
f 10468/7776/3102 10467/7779/3102 10465/7777/3101
f 10470/7778/3103 10469/7781/3105 10467/7779/3102
f 10472/7780/3104 10471/7783/3104 10469/7781/3105
f 10474/7782/3106 10473/7785/3106 10471/7783/3104
f 10476/7784/3107 10475/7787/3109 10473/7785/3106
f 10478/7786/3108 10477/7789/3111 10475/7787/3109
f 10480/7788/3110 10479/7791/3110 10477/7789/3111
f 10482/7790/268 10481/7793/268 10479/7791/3110
f 10484/7792/3112 10483/7795/3112 10481/7793/268
f 10486/7794/276 10485/7797/276 10483/7795/3112
f 10488/7796/3113 10487/7799/3113 10485/7797/276
f 10490/7798/3114 10489/7801/3114 10487/7799/3113
f 10492/7800/3115 10491/7803/3115 10489/7801/3114
f 10494/7802/3116 10493/7805/3116 10491/7803/3115
f 10496/7804/3117 10495/7807/3117 10493/7805/3116
f 10498/7806/3118 10497/7809/3118 10495/7807/3117
f 10500/7808/3119 10499/7810/3119 10497/7809/3118
f 7428/4737/1359 7427/97/1359 10499/7810/3119
