# Blender 4.3.0
# www.blender.org
mtllib toothBottom.mtl
o 立方体.003
v -1.183471 1.154544 0.971013
v -1.141211 1.346729 0.900026
v -1.308228 1.171609 0.889148
v -1.223728 1.358016 0.845879
v -1.105766 1.123866 0.846201
v -1.090207 1.325134 0.817798
v -1.230523 1.140931 0.764336
v -1.172724 1.336421 0.763651
v -1.085235 1.503129 0.792602
v -1.118199 1.507638 0.770971
v -1.098843 1.495620 0.738969
v -1.065879 1.491111 0.760600
v -1.299309 1.112394 0.891018
v -1.199731 1.098773 0.956361
v -1.237286 1.087908 0.791396
v -1.137708 1.074287 0.856739
v 1.183471 1.154544 0.971013
v 1.141211 1.346729 0.900025
v 1.308228 1.171609 0.889148
v 1.223728 1.358016 0.845878
v 1.105766 1.123866 0.846201
v 1.090208 1.325134 0.817798
v 1.230523 1.140931 0.764336
v 1.172724 1.336421 0.763651
v 1.085235 1.503129 0.792602
v 1.118199 1.507638 0.770971
v 1.098843 1.495620 0.738969
v 1.065879 1.491111 0.760600
v 1.299309 1.112394 0.891018
v 1.199731 1.098773 0.956361
v 1.237286 1.087908 0.791396
v 1.137708 1.074287 0.856738
v -1.290890 1.172057 0.925248
v -1.260419 1.168829 0.953483
v -1.222664 1.162724 0.970017
v -1.176620 1.192458 0.960280
v -1.167418 1.239521 0.945156
v -1.155677 1.292142 0.925214
v -1.167078 1.352323 0.899321
v -1.192032 1.356421 0.888370
v -1.212205 1.358495 0.869710
v -1.251344 1.305228 0.862438
v -1.274873 1.254220 0.874644
v -1.293955 1.208508 0.883285
v -1.265672 1.150281 0.781102
v -1.292767 1.159470 0.811393
v -1.308167 1.167058 0.849358
v -1.223776 1.354710 0.819635
v -1.213698 1.349335 0.794612
v -1.195883 1.342901 0.774666
v -1.191923 1.281153 0.766867
v -1.207993 1.227633 0.767182
v -1.220879 1.179635 0.765903
v -1.123104 1.123418 0.810102
v -1.153575 1.126647 0.781867
v -1.191330 1.132751 0.765332
v -1.146856 1.330827 0.764355
v -1.121902 1.326728 0.775307
v -1.101730 1.324654 0.793967
v -1.096256 1.268067 0.829643
v -1.100538 1.212935 0.837694
v -1.103544 1.163585 0.842898
v -1.148322 1.145194 0.954248
v -1.121227 1.136006 0.923957
v -1.105827 1.128417 0.885991
v -1.090159 1.328439 0.844042
v -1.100237 1.333815 0.869065
v -1.118052 1.340249 0.889010
v -1.089345 1.512268 0.785533
v -1.097476 1.517686 0.777887
v -1.108512 1.514889 0.772956
v -1.112002 1.512800 0.759482
v -1.105240 1.513079 0.747841
v -1.100776 1.505716 0.740899
v -1.087644 1.501353 0.738333
v -1.075952 1.503404 0.742109
v -1.068477 1.498731 0.750910
v -1.064987 1.500820 0.764384
v -1.068187 1.508011 0.772155
v -1.076212 1.507904 0.782967
v -1.124357 1.399520 0.870000
v -1.107549 1.446072 0.838905
v -1.093613 1.482056 0.811257
v -1.135886 1.487838 0.783517
v -1.162419 1.453578 0.802900
v -1.192978 1.408906 0.824971
v -1.082347 1.380214 0.801956
v -1.074420 1.429098 0.784880
v -1.068479 1.467681 0.769959
v -1.110753 1.473463 0.742219
v -1.129290 1.436603 0.748875
v -1.150968 1.389600 0.756927
v -1.283789 1.110439 0.911682
v -1.256624 1.106807 0.934772
v -1.224709 1.102357 0.950450
v -1.257367 1.092909 0.806999
v -1.279517 1.100183 0.834214
v -1.294165 1.107437 0.866105
v -1.153640 1.074299 0.836296
v -1.181010 1.076955 0.813318
v -1.212719 1.082380 0.797528
v -1.180062 1.091829 0.940979
v -1.158118 1.083578 0.913876
v -1.143264 1.077301 0.881873
v -1.317008 1.145909 0.892840
v -1.318317 1.129272 0.894234
v -1.310860 1.118638 0.893237
v -1.196172 1.102950 0.968495
v -1.192234 1.112026 0.976969
v -1.188329 1.128307 0.977279
v -1.108181 1.096665 0.848543
v -1.113703 1.081022 0.850830
v -1.124738 1.074748 0.853755
v -1.239426 1.090436 0.778497
v -1.239786 1.098268 0.768095
v -1.236860 1.114266 0.764104
v 1.290890 1.172057 0.925247
v 1.260419 1.168828 0.953483
v 1.222664 1.162724 0.970017
v 1.176620 1.192458 0.960279
v 1.167418 1.239521 0.945156
v 1.155677 1.292142 0.925214
v 1.167079 1.352323 0.899321
v 1.192032 1.356421 0.888370
v 1.212205 1.358495 0.869709
v 1.251344 1.305228 0.862438
v 1.274873 1.254220 0.874644
v 1.293955 1.208508 0.883285
v 1.265672 1.150281 0.781102
v 1.292767 1.159469 0.811393
v 1.308167 1.167058 0.849358
v 1.223776 1.354710 0.819634
v 1.213698 1.349334 0.794612
v 1.195883 1.342901 0.774666
v 1.191923 1.281153 0.766866
v 1.207993 1.227633 0.767182
v 1.220879 1.179635 0.765903
v 1.123104 1.123418 0.810102
v 1.153575 1.126646 0.781866
v 1.191331 1.132751 0.765332
v 1.146856 1.330827 0.764355
v 1.121903 1.326728 0.775307
v 1.101730 1.324654 0.793967
v 1.096257 1.268067 0.829642
v 1.100538 1.212935 0.837694
v 1.103544 1.163585 0.842898
v 1.148322 1.145194 0.954248
v 1.121227 1.136006 0.923957
v 1.105828 1.128417 0.885991
v 1.090159 1.328439 0.844042
v 1.100238 1.333815 0.869064
v 1.118052 1.340249 0.889010
v 1.089345 1.512268 0.785533
v 1.097476 1.517686 0.777887
v 1.108512 1.514889 0.772956
v 1.112002 1.512800 0.759482
v 1.105240 1.513079 0.747841
v 1.100777 1.505716 0.740899
v 1.087644 1.501352 0.738333
v 1.075952 1.503404 0.742109
v 1.068477 1.498731 0.750910
v 1.064987 1.500820 0.764384
v 1.068187 1.508011 0.772155
v 1.076212 1.507904 0.782967
v 1.124357 1.399520 0.870000
v 1.107550 1.446072 0.838905
v 1.093613 1.482056 0.811257
v 1.135886 1.487838 0.783517
v 1.162419 1.453578 0.802899
v 1.192979 1.408906 0.824971
v 1.082347 1.380214 0.801956
v 1.074420 1.429098 0.784880
v 1.068480 1.467681 0.769959
v 1.110753 1.473463 0.742219
v 1.129290 1.436603 0.748874
v 1.150969 1.389600 0.756927
v 1.283789 1.110438 0.911682
v 1.256625 1.106807 0.934771
v 1.224709 1.102357 0.950450
v 1.257367 1.092909 0.806999
v 1.279517 1.100183 0.834214
v 1.294165 1.107436 0.866105
v 1.153640 1.074299 0.836296
v 1.181011 1.076955 0.813318
v 1.212719 1.082380 0.797528
v 1.180062 1.091829 0.940979
v 1.158118 1.083578 0.913875
v 1.143264 1.077301 0.881873
v 1.317009 1.145909 0.892840
v 1.318318 1.129272 0.894234
v 1.310861 1.118638 0.893237
v 1.196172 1.102950 0.968495
v 1.192234 1.112026 0.976969
v 1.188329 1.128307 0.977279
v 1.108181 1.096665 0.848542
v 1.113703 1.081022 0.850830
v 1.124738 1.074748 0.853755
v 1.239426 1.090436 0.778497
v 1.239786 1.098268 0.768095
v 1.236860 1.114266 0.764104
v -1.213480 1.200155 0.959342
v -1.201168 1.246590 0.944293
v -1.185708 1.298492 0.924431
v -1.248989 1.205897 0.943791
v -1.233685 1.251855 0.930049
v -1.214652 1.303199 0.911746
v -1.277647 1.208932 0.917236
v -1.259933 1.254628 0.905732
v -1.238025 1.305649 0.890101
v -1.293899 1.204223 0.845863
v -1.274832 1.250263 0.840382
v -1.251334 1.301613 0.831957
v -1.279417 1.197080 0.810158
v -1.261581 1.243682 0.807692
v -1.239571 1.295644 0.802882
v -1.253935 1.188433 0.781670
v -1.238257 1.235724 0.781613
v -1.218838 1.288448 0.779692
v -1.184019 1.171938 0.766841
v -1.174243 1.220564 0.768045
v -1.161892 1.274803 0.767649
v -1.148510 1.166196 0.782391
v -1.141726 1.215299 0.782289
v -1.132948 1.270096 0.780335
v -1.119851 1.163161 0.808947
v -1.115478 1.212526 0.806607
v -1.109575 1.267647 0.801980
v -1.103600 1.167870 0.880319
v -1.100580 1.216892 0.871956
v -1.096266 1.271682 0.860123
v -1.118082 1.175012 0.916025
v -1.113830 1.223472 0.904646
v -1.108029 1.277651 0.889199
v -1.143564 1.183660 0.944513
v -1.137154 1.231431 0.930725
v -1.128761 1.284847 0.912389
v -1.228760 1.136737 0.976257
v -1.267705 1.143025 0.959208
v -1.299129 1.146363 0.930081
v -1.231895 1.120233 0.976005
v -1.270073 1.126335 0.959336
v -1.300825 1.129661 0.930773
v -1.231656 1.110037 0.967285
v -1.266642 1.115430 0.951836
v -1.294944 1.118694 0.925756
v -1.183296 1.409562 0.844678
v -1.166453 1.407966 0.860132
v -1.145756 1.404427 0.869311
v -1.154308 1.454803 0.818139
v -1.140462 1.454078 0.830137
v -1.124200 1.450684 0.837896
v -1.128575 1.490504 0.793627
v -1.116856 1.491312 0.801924
v -1.105042 1.487285 0.809069
v -1.084781 1.520323 0.738880
v -1.087588 1.529373 0.744831
v -1.095339 1.527622 0.756491
v -1.073039 1.524309 0.742029
v -1.075537 1.533988 0.747853
v -1.083642 1.531907 0.759771
v -1.066479 1.517819 0.750890
v -1.069093 1.526843 0.756968
v -1.077037 1.525119 0.768501
v -1.105184 1.393898 0.860872
v -1.090459 1.388250 0.844324
v -1.082202 1.383339 0.823647
v -1.092288 1.441753 0.831371
v -1.080484 1.437322 0.817868
v -1.074104 1.432460 0.801721
v -1.081889 1.480196 0.804441
v -1.072463 1.477804 0.793035
v -1.067884 1.472239 0.781439
v -1.170075 1.395359 0.765984
v -1.184735 1.401145 0.782461
v -1.193058 1.405918 0.803209
v -1.144026 1.442024 0.755839
v -1.155305 1.447556 0.768771
v -1.162211 1.451317 0.785488
v -1.120514 1.479438 0.746903
v -1.128224 1.485431 0.756444
v -1.134519 1.487395 0.769905
v -1.091963 1.379696 0.782178
v -1.108741 1.381429 0.766652
v -1.129503 1.384831 0.757545
v -1.082007 1.428974 0.769070
v -1.095327 1.430801 0.756502
v -1.112114 1.433093 0.749314
v -1.073828 1.469131 0.757717
v -1.083831 1.471923 0.747555
v -1.097361 1.472350 0.742275
v -1.270245 1.102337 0.885064
v -1.252477 1.094123 0.852538
v -1.231028 1.086854 0.822071
v -1.239965 1.097743 0.907495
v -1.219466 1.088817 0.874394
v -1.198641 1.081428 0.841118
v -1.207281 1.093725 0.926381
v -1.186130 1.085048 0.896075
v -1.168063 1.078242 0.863389
v -1.196433 1.105818 0.765128
v -1.157491 1.099513 0.782179
v -1.126064 1.096193 0.811303
v -1.200156 1.089917 0.769076
v -1.162008 1.083671 0.785760
v -1.131226 1.080489 0.814307
v -1.204056 1.082811 0.779768
v -1.169169 1.076948 0.795272
v -1.140768 1.074154 0.821297
v -1.108242 1.101350 0.889589
v -1.124123 1.109167 0.928751
v -1.152071 1.118653 0.959989
v -1.113746 1.085546 0.891089
v -1.129291 1.093137 0.929473
v -1.156679 1.102496 0.960050
v -1.125185 1.078663 0.889746
v -1.139659 1.085486 0.924899
v -1.164604 1.094225 0.953062
v -1.316951 1.141206 0.851795
v -1.301074 1.133371 0.812636
v -1.273122 1.123903 0.781395
v -1.318305 1.124604 0.853992
v -1.302790 1.116869 0.815624
v -1.275371 1.107654 0.785031
v -1.310527 1.114185 0.857308
v -1.296153 1.106892 0.822208
v -1.271108 1.098623 0.793992
v 1.213481 1.200155 0.959342
v 1.248989 1.205897 0.943791
v 1.277648 1.208932 0.917235
v 1.201168 1.246590 0.944292
v 1.233685 1.251855 0.930049
v 1.259933 1.254628 0.905731
v 1.185708 1.298492 0.924431
v 1.214652 1.303199 0.911746
v 1.238026 1.305648 0.890101
v 1.293899 1.204223 0.845863
v 1.279417 1.197080 0.810157
v 1.253935 1.188433 0.781670
v 1.274832 1.250263 0.840381
v 1.261581 1.243682 0.807692
v 1.238257 1.235723 0.781613
v 1.251335 1.301614 0.831957
v 1.239571 1.295644 0.802882
v 1.218839 1.288448 0.779692
v 1.184019 1.171938 0.766840
v 1.148510 1.166196 0.782391
v 1.119851 1.163161 0.808947
v 1.174243 1.220564 0.768045
v 1.141726 1.215299 0.782288
v 1.115478 1.212526 0.806606
v 1.161893 1.274803 0.767649
v 1.132949 1.270096 0.780335
v 1.109575 1.267647 0.801980
v 1.103600 1.167870 0.880319
v 1.118082 1.175012 0.916025
v 1.143564 1.183660 0.944512
v 1.100580 1.216892 0.871956
v 1.113830 1.223472 0.904646
v 1.137155 1.231431 0.930725
v 1.096266 1.271682 0.860123
v 1.108029 1.277651 0.889199
v 1.128762 1.284847 0.912389
v 1.228761 1.136737 0.976257
v 1.231895 1.120233 0.976005
v 1.231657 1.110037 0.967285
v 1.267706 1.143025 0.959208
v 1.270073 1.126335 0.959336
v 1.266642 1.115430 0.951835
v 1.299129 1.146363 0.930081
v 1.300825 1.129661 0.930773
v 1.294944 1.118694 0.925756
v 1.183296 1.409562 0.844678
v 1.154308 1.454803 0.818139
v 1.128575 1.490504 0.793627
v 1.166453 1.407966 0.860132
v 1.140463 1.454078 0.830137
v 1.116856 1.491312 0.801924
v 1.145757 1.404427 0.869311
v 1.124200 1.450684 0.837895
v 1.105043 1.487285 0.809069
v 1.084781 1.520323 0.738880
v 1.073039 1.524309 0.742028
v 1.066479 1.517819 0.750889
v 1.087589 1.529373 0.744831
v 1.075538 1.533988 0.747853
v 1.069093 1.526843 0.756968
v 1.095339 1.527622 0.756491
v 1.083642 1.531907 0.759770
v 1.077037 1.525119 0.768501
v 1.105184 1.393898 0.860872
v 1.092289 1.441753 0.831370
v 1.081890 1.480196 0.804440
v 1.090459 1.388250 0.844324
v 1.080485 1.437322 0.817868
v 1.072463 1.477804 0.793034
v 1.082202 1.383339 0.823647
v 1.074104 1.432460 0.801721
v 1.067884 1.472239 0.781439
v 1.170076 1.395359 0.765984
v 1.144026 1.442024 0.755838
v 1.120514 1.479438 0.746903
v 1.184735 1.401145 0.782460
v 1.155305 1.447556 0.768771
v 1.128225 1.485431 0.756444
v 1.193058 1.405918 0.803209
v 1.162211 1.451317 0.785488
v 1.134520 1.487395 0.769905
v 1.091963 1.379696 0.782178
v 1.082007 1.428974 0.769070
v 1.073829 1.469131 0.757717
v 1.108741 1.381429 0.766652
v 1.095327 1.430801 0.756501
v 1.083832 1.471923 0.747555
v 1.129503 1.384831 0.757545
v 1.112114 1.433093 0.749313
v 1.097361 1.472349 0.742275
v 1.270246 1.102337 0.885064
v 1.239965 1.097743 0.907495
v 1.207281 1.093725 0.926381
v 1.252477 1.094123 0.852538
v 1.219466 1.088817 0.874394
v 1.186130 1.085048 0.896075
v 1.231028 1.086854 0.822071
v 1.198641 1.081428 0.841118
v 1.168063 1.078242 0.863389
v 1.196433 1.105818 0.765128
v 1.200156 1.089917 0.769075
v 1.204056 1.082811 0.779768
v 1.157492 1.099513 0.782179
v 1.162009 1.083671 0.785760
v 1.169170 1.076948 0.795272
v 1.126064 1.096193 0.811303
v 1.131226 1.080488 0.814307
v 1.140768 1.074154 0.821297
v 1.108242 1.101349 0.889589
v 1.113746 1.085546 0.891089
v 1.125186 1.078663 0.889746
v 1.124124 1.109167 0.928750
v 1.129291 1.093137 0.929473
v 1.139659 1.085486 0.924899
v 1.152071 1.118653 0.959989
v 1.156680 1.102496 0.960050
v 1.164604 1.094225 0.953061
v 1.316951 1.141206 0.851795
v 1.318305 1.124604 0.853991
v 1.310527 1.114185 0.857307
v 1.301074 1.133371 0.812636
v 1.302790 1.116869 0.815624
v 1.296153 1.106892 0.822208
v 1.273122 1.123902 0.781395
v 1.275372 1.107654 0.785031
v 1.271108 1.098623 0.793992
vn -0.1497 0.3224 0.9347
vn -0.4580 0.4173 0.7849
vn -0.4723 0.3745 0.7979
vn -0.1393 0.3636 0.9211
vn -0.4363 0.4753 0.7640
vn -0.7286 0.4016 0.5548
vn -0.7125 0.4420 0.5449
vn 0.2532 0.2355 0.9383
vn -0.1583 0.2857 0.9451
vn 0.2482 0.2014 0.9476
vn 0.2585 0.2698 0.9276
vn -0.1239 0.4196 0.8992
vn 0.2660 0.3163 0.9106
vn -0.1030 0.4875 0.8670
vn -0.4064 0.5454 0.7331
vn -0.6880 0.4967 0.5291
vn -0.6540 0.5628 0.5055
vn -0.8660 0.4711 0.1678
vn -0.8872 0.4265 0.1758
vn -0.9014 0.3934 0.1807
vn -0.7418 0.3655 0.5623
vn -0.9143 0.3604 0.1847
vn -0.4837 0.3375 0.8075
vn -0.9037 0.3611 -0.2300
vn -0.7882 0.2668 -0.5546
vn -0.9123 0.3394 -0.2290
vn -0.8915 0.3890 -0.2320
vn -0.7852 0.2762 -0.5542
vn -0.5556 0.1831 -0.8110
vn -0.7817 0.2858 -0.5543
vn -0.5572 0.1799 -0.8106
vn -0.9224 0.3119 -0.2277
vn -0.8365 0.5255 0.1553
vn -0.8746 0.4235 -0.2361
vn -0.7767 0.2968 -0.5555
vn -0.5606 0.1698 -0.8105
vn -0.5646 0.1544 -0.8108
vn -0.2021 0.0348 -0.9787
vn -0.1942 0.0657 -0.9788
vn -0.1896 0.0820 -0.9784
vn -0.5596 0.1663 -0.8119
vn -0.1914 0.0703 -0.9790
vn -0.7951 0.2449 -0.5548
vn 0.2109 -0.0364 -0.9768
vn 0.5409 -0.0672 -0.8384
vn 0.2159 -0.0108 -0.9764
vn 0.2020 -0.0819 -0.9760
vn 0.5369 -0.0957 -0.8382
vn 0.7975 -0.1166 -0.5919
vn 0.8001 -0.0907 -0.5930
vn 0.7916 -0.1626 -0.5891
vn 0.2149 -0.0181 -0.9765
vn -0.2122 -0.0089 -0.9772
vn 0.1890 -0.1450 -0.9712
vn 0.5288 -0.1456 -0.8362
vn 0.7803 -0.2259 -0.5832
vn 0.9638 -0.1698 -0.2054
vn 0.9696 -0.1255 -0.2098
vn 0.9725 -0.0939 -0.2131
vn 0.9735 -0.0771 -0.2152
vn 0.7992 -0.0981 -0.5931
vn 0.9725 -0.0889 -0.2152
vn 0.5402 -0.0730 -0.8384
vn 0.9801 -0.0269 0.1967
vn 0.8524 0.0522 0.5203
vn 0.8521 0.0425 0.5217
vn 0.9798 -0.0303 0.1979
vn 0.8529 0.0622 0.5184
vn 0.6198 0.1527 0.7698
vn 0.6181 0.1301 0.7753
vn 0.6223 0.1820 0.7614
vn 0.9792 -0.0442 0.1979
vn 0.9790 -0.0408 0.1998
vn 0.9779 -0.0566 0.2013
vn 0.8542 0.0737 0.5147
vn 0.6260 0.2183 0.7486
vn 0.2764 0.3733 0.8856
vn 0.6156 0.1015 0.7815
vn 0.8508 0.0198 0.5252
vn -0.5179 0.2018 0.8313
vn -0.2616 -0.3034 0.9163
vn -0.1889 0.1469 0.9709
vn -0.7876 -0.2314 0.5711
vn -0.5546 -0.2564 0.7917
vn -0.2723 -0.7813 0.5617
vn -0.5526 -0.7429 0.3777
vn -0.4247 -0.7624 0.4882
vn 0.2205 0.0592 0.9736
vn -0.7797 0.2277 0.5833
vn -0.9446 -0.2337 0.2304
vn -0.6568 -0.7278 0.1975
vn -0.3875 -0.9099 0.1482
vn -0.3268 -0.9248 0.1949
vn -0.2781 -0.9328 0.2294
vn -0.2268 -0.9385 0.2605
vn -0.1587 -0.9412 0.2983
vn -0.0666 -0.8085 0.5847
vn 0.1061 -0.3774 0.9199
vn -0.6165 0.6260 0.4775
vn -0.3426 0.6674 0.6612
vn -0.5810 0.6782 0.4500
vn -0.0800 0.5526 0.8296
vn -0.3736 0.6121 0.6969
vn -0.5432 0.7298 0.4151
vn -0.0318 0.6599 0.7507
vn -0.3053 0.7258 0.6165
vn -0.8040 0.5784 0.1382
vn 0.2895 0.4288 0.8558
vn -0.0587 0.6068 0.7927
vn 0.3199 0.5212 0.7912
vn 0.3394 0.5771 0.7429
vn 0.0893 0.7186 0.6897
vn -0.2387 0.8118 0.5329
vn -0.5228 0.8023 0.2880
vn -0.6927 0.7182 0.0657
vn -0.7397 0.6661 0.0959
vn -0.7726 0.6237 0.1190
vn -0.3549 0.7432 -0.5672
vn 0.5510 0.3087 -0.7753
vn -0.0726 0.2695 -0.9603
vn -0.0685 0.9506 0.3026
vn 0.3261 0.8928 -0.3108
vn 0.7888 0.5867 0.1832
vn 0.9480 0.1299 -0.2906
vn -0.4155 0.2446 -0.8761
vn 0.1209 -0.0683 -0.9903
vn -0.1841 0.0125 -0.9828
vn -0.6408 0.4993 -0.5832
vn -0.5391 0.8420 -0.0175
vn -0.7191 0.6605 -0.2160
vn 0.3796 0.7164 0.5854
vn 0.5935 0.4809 0.6453
vn 0.8658 0.2932 0.4055
vn 0.9974 0.0513 0.0510
vn 0.8379 -0.1664 -0.5198
vn 0.9623 -0.1443 -0.2306
vn 0.5290 -0.1444 -0.8363
vn 0.8576 0.0879 0.5067
vn 0.6418 0.2922 0.7090
vn 0.6329 0.2552 0.7310
vn 0.9775 -0.0690 0.1993
vn 0.8624 0.1116 0.4938
vn 0.6506 0.3409 0.6786
vn 0.9791 -0.0646 0.1930
vn 0.8672 0.1628 0.4705
vn 0.9564 -0.2098 -0.2031
vn 0.9527 -0.2253 -0.2038
vn 0.9837 -0.0319 0.1769
vn 0.3036 0.4764 0.8251
vn -0.5649 0.1420 -0.8129
vn -0.7538 0.3327 -0.5667
vn -0.5590 0.1458 -0.8162
vn -0.7681 0.3103 -0.5601
vn -0.8307 0.4936 -0.2573
vn -0.7249 0.3806 -0.5742
vn -0.5400 0.1765 -0.8230
vn -0.7974 0.5389 -0.2716
vn -0.2190 -0.0490 -0.9745
vn -0.8542 0.4586 -0.2448
vn -0.2126 -0.0514 -0.9758
vn -0.2200 -0.0649 -0.9733
vn 0.5003 -0.2771 -0.8203
vn 0.7595 -0.3109 -0.5715
vn 0.7667 -0.2835 -0.5760
vn 0.1702 -0.2303 -0.9581
vn 0.4922 -0.3076 -0.8143
vn 0.7637 -0.2963 -0.5735
vn 0.1732 -0.2155 -0.9610
vn 0.4977 -0.2874 -0.8184
vn 0.5152 -0.2143 -0.8298
vn 0.1767 -0.2028 -0.9631
vn 0.9547 -0.2110 -0.2098
vn -0.2677 -0.9555 0.1239
vn -0.2058 -0.9723 0.1109
vn -0.2295 -0.9618 0.1492
vn -0.2198 -0.9744 0.0469
vn -0.2440 -0.9660 0.0855
vn -0.1908 -0.9660 0.1743
vn -0.1429 -0.9849 0.0974
vn -0.1671 -0.9765 0.1360
vn -0.3525 -0.9322 0.0821
vn -0.2902 -0.9568 -0.0180
vn -0.3232 -0.9458 0.0312
vn -0.2450 -0.9662 -0.0808
vn -0.1798 -0.9828 -0.0414
vn -0.1816 -0.9807 0.0723
vn -0.0798 -0.9965 0.0243
vn -0.0161 -0.9975 0.0694
vn -0.0541 -0.9891 0.1370
vn -0.0840 -0.9785 0.1882
vn -0.1164 -0.9645 0.2370
vn 0.5169 -0.2067 -0.8307
vn 0.0763 -0.5724 -0.8164
vn 0.1874 -0.1541 -0.9701
vn 0.6022 -0.6444 -0.4712
vn 0.3689 -0.6210 -0.6916
vn -0.0890 -0.9260 -0.3670
vn 0.1914 -0.9643 -0.1830
vn 0.0613 -0.9543 -0.2924
vn -0.2225 -0.0690 -0.9725
vn 0.7782 -0.2350 -0.5824
vn 0.7606 -0.6358 -0.1313
vn 0.3010 -0.9536 -0.0057
vn -0.1291 -0.9916 -0.0099
vn -0.2892 -0.8729 -0.3930
vn -0.2901 -0.4921 -0.8208
vn 0.8301 -0.1161 0.5454
vn 0.7646 -0.5974 0.2419
vn 0.9596 -0.1825 0.2143
vn 0.4370 -0.4681 0.7681
vn 0.6485 -0.5401 0.5365
vn 0.2789 -0.9390 0.2013
vn 0.1042 -0.8701 0.4818
vn 0.2085 -0.9117 0.3539
vn 0.9522 -0.2296 -0.2016
vn 0.5916 -0.0372 0.8054
vn -0.8312 0.1112 -0.5448
vn -0.9499 -0.2784 -0.1420
vn -0.9611 0.1752 -0.2135
vn -0.6223 -0.4077 -0.6682
vn -0.8341 -0.3373 -0.4364
vn -0.6401 -0.7682 -0.0066
vn -0.4655 -0.8372 -0.2871
vn -0.5718 -0.8050 -0.1581
vn -0.9542 0.2199 0.2027
vn -0.5931 0.0299 -0.8046
vn 0.1497 0.3224 0.9347
vn 0.4580 0.4173 0.7849
vn 0.1393 0.3636 0.9211
vn 0.7286 0.4016 0.5548
vn 0.4724 0.3745 0.7979
vn 0.4363 0.4753 0.7640
vn 0.1239 0.4196 0.8992
vn 0.7125 0.4420 0.5449
vn 0.1583 0.2857 0.9451
vn -0.2532 0.2355 0.9383
vn -0.2482 0.2014 0.9476
vn 0.4837 0.3375 0.8075
vn 0.7418 0.3655 0.5623
vn 0.9014 0.3934 0.1807
vn 0.8872 0.4265 0.1758
vn 0.6880 0.4967 0.5291
vn 0.8660 0.4711 0.1678
vn 0.6540 0.5628 0.5055
vn 0.4064 0.5454 0.7330
vn 0.1030 0.4875 0.8670
vn -0.2660 0.3163 0.9106
vn -0.2764 0.3733 0.8856
vn -0.2585 0.2698 0.9276
vn 0.7882 0.2668 -0.5546
vn 0.9037 0.3610 -0.2300
vn 0.9124 0.3394 -0.2290
vn 0.5556 0.1831 -0.8110
vn 0.7852 0.2762 -0.5542
vn 0.8915 0.3890 -0.2320
vn 0.5572 0.1799 -0.8106
vn 0.7817 0.2858 -0.5543
vn 0.9224 0.3119 -0.2277
vn 0.9143 0.3604 0.1847
vn 0.7951 0.2449 -0.5548
vn 0.5596 0.1663 -0.8119
vn 0.1896 0.0820 -0.9784
vn 0.1942 0.0657 -0.9788
vn 0.5606 0.1698 -0.8105
vn 0.2021 0.0348 -0.9787
vn 0.5646 0.1544 -0.8108
vn 0.7767 0.2968 -0.5555
vn 0.8746 0.4235 -0.2361
vn 0.8365 0.5255 0.1553
vn -0.5409 -0.0672 -0.8384
vn -0.2109 -0.0364 -0.9768
vn -0.2159 -0.0108 -0.9764
vn -0.7975 -0.1166 -0.5919
vn -0.5369 -0.0957 -0.8382
vn -0.2020 -0.0819 -0.9760
vn -0.7916 -0.1626 -0.5891
vn -0.5288 -0.1456 -0.8362
vn -0.2149 -0.0182 -0.9765
vn 0.1914 0.0703 -0.9790
vn -0.5402 -0.0730 -0.8384
vn -0.8001 -0.0907 -0.5930
vn -0.7992 -0.0981 -0.5931
vn -0.9735 -0.0771 -0.2152
vn -0.9725 -0.0939 -0.2131
vn -0.9696 -0.1255 -0.2098
vn -0.9638 -0.1698 -0.2055
vn -0.7803 -0.2259 -0.5832
vn -0.5152 -0.2143 -0.8298
vn -0.1890 -0.1450 -0.9712
vn 0.2122 -0.0089 -0.9772
vn -0.9801 -0.0270 0.1967
vn -0.8524 0.0522 0.5203
vn -0.9798 -0.0303 0.1979
vn -0.8521 0.0425 0.5217
vn -0.6198 0.1527 0.7698
vn -0.8529 0.0622 0.5184
vn -0.9790 -0.0408 0.1998
vn -0.6222 0.1820 0.7614
vn -0.9792 -0.0442 0.1979
vn -0.9725 -0.0889 -0.2152
vn -0.8508 0.0198 0.5252
vn -0.6181 0.1301 0.7753
vn -0.6156 0.1015 0.7815
vn -0.6261 0.2183 0.7486
vn -0.8542 0.0737 0.5147
vn -0.9779 -0.0566 0.2013
vn 0.2616 -0.3034 0.9163
vn 0.5179 0.2018 0.8313
vn 0.1889 0.1469 0.9709
vn 0.2723 -0.7813 0.5617
vn 0.5546 -0.2564 0.7916
vn 0.7876 -0.2314 0.5711
vn 0.7797 0.2277 0.5833
vn 0.5526 -0.7429 0.3777
vn -0.1061 -0.3774 0.9199
vn -0.2205 0.0592 0.9736
vn 0.0666 -0.8085 0.5847
vn 0.1587 -0.9412 0.2983
vn 0.2781 -0.9328 0.2294
vn 0.4247 -0.7624 0.4882
vn 0.3875 -0.9099 0.1482
vn 0.6568 -0.7278 0.1975
vn 0.9446 -0.2337 0.2304
vn 0.9542 0.2199 0.2027
vn 0.6165 0.6260 0.4775
vn 0.3426 0.6674 0.6612
vn 0.3736 0.6121 0.6969
vn 0.5432 0.7298 0.4151
vn 0.5810 0.6782 0.4500
vn 0.0800 0.5526 0.8296
vn 0.0318 0.6599 0.7507
vn 0.0587 0.6068 0.7927
vn 0.8040 0.5784 0.1382
vn 0.7397 0.6661 0.0959
vn 0.7726 0.6236 0.1189
vn 0.6927 0.7182 0.0657
vn 0.5228 0.8023 0.2880
vn 0.3053 0.7258 0.6165
vn -0.0893 0.7186 0.6897
vn -0.3394 0.5771 0.7429
vn -0.3199 0.5212 0.7912
vn -0.3036 0.4764 0.8251
vn -0.2895 0.4288 0.8558
vn -0.5510 0.3087 -0.7753
vn 0.3549 0.7432 -0.5672
vn 0.0726 0.2695 -0.9603
vn -0.7888 0.5867 0.1832
vn -0.3260 0.8928 -0.3108
vn 0.0686 0.9506 0.3026
vn 0.5391 0.8420 -0.0175
vn -0.1209 -0.0684 -0.9903
vn 0.4155 0.2446 -0.8761
vn 0.1841 0.0125 -0.9828
vn -0.5290 -0.1444 -0.8363
vn -0.9480 0.1299 -0.2906
vn -0.8379 -0.1664 -0.5198
vn -0.9974 0.0513 0.0510
vn -0.8658 0.2932 0.4055
vn -0.3796 0.7164 0.5854
vn -0.5935 0.4809 0.6453
vn 0.2387 0.8118 0.5329
vn 0.7191 0.6605 -0.2160
vn 0.6408 0.4993 -0.5831
vn -0.6418 0.2922 0.7090
vn -0.8576 0.0879 0.5067
vn -0.6329 0.2552 0.7310
vn -0.6506 0.3408 0.6786
vn -0.8624 0.1116 0.4938
vn -0.9775 -0.0690 0.1993
vn -0.8672 0.1628 0.4706
vn -0.9791 -0.0646 0.1930
vn -0.9837 -0.0319 0.1768
vn -0.9623 -0.1443 -0.2306
vn -0.9547 -0.2111 -0.2099
vn -0.9527 -0.2253 -0.2038
vn -0.9564 -0.2098 -0.2031
vn 0.5649 0.1420 -0.8129
vn 0.7538 0.3327 -0.5667
vn 0.7681 0.3103 -0.5601
vn 0.5590 0.1458 -0.8162
vn 0.7249 0.3806 -0.5742
vn 0.8307 0.4936 -0.2573
vn 0.8542 0.4586 -0.2448
vn 0.7974 0.5389 -0.2715
vn 0.2190 -0.0490 -0.9745
vn 0.2200 -0.0649 -0.9733
vn 0.5399 0.1765 -0.8230
vn 0.2126 -0.0514 -0.9758
vn -0.7595 -0.3109 -0.5714
vn -0.5003 -0.2771 -0.8203
vn -0.7667 -0.2835 -0.5760
vn -0.7637 -0.2963 -0.5735
vn -0.4923 -0.3076 -0.8143
vn -0.1702 -0.2303 -0.9581
vn -0.1767 -0.2028 -0.9631
vn -0.1732 -0.2155 -0.9610
vn -0.4977 -0.2874 -0.8184
vn 0.2677 -0.9555 0.1239
vn 0.2058 -0.9723 0.1109
vn 0.2440 -0.9660 0.0855
vn 0.1908 -0.9660 0.1743
vn 0.2295 -0.9618 0.1492
vn 0.2198 -0.9744 0.0469
vn 0.1429 -0.9849 0.0974
vn 0.1816 -0.9807 0.0723
vn 0.3525 -0.9322 0.0821
vn 0.3268 -0.9248 0.1949
vn 0.2268 -0.9385 0.2605
vn 0.1164 -0.9645 0.2370
vn 0.1671 -0.9765 0.1360
vn 0.0541 -0.9891 0.1370
vn 0.0161 -0.9975 0.0694
vn 0.0798 -0.9965 0.0243
vn 0.1291 -0.9916 -0.0099
vn 0.1798 -0.9828 -0.0414
vn 0.2450 -0.9662 -0.0808
vn 0.2902 -0.9568 -0.0180
vn 0.3232 -0.9458 0.0312
vn -0.0763 -0.5724 -0.8164
vn -0.5169 -0.2067 -0.8307
vn -0.1874 -0.1541 -0.9701
vn 0.0890 -0.9260 -0.3670
vn -0.3689 -0.6210 -0.6916
vn -0.6022 -0.6444 -0.4712
vn -0.7782 -0.2349 -0.5824
vn -0.1913 -0.9643 -0.1830
vn 0.2901 -0.4921 -0.8208
vn 0.2225 -0.0690 -0.9725
vn 0.2892 -0.8729 -0.3930
vn -0.0613 -0.9543 -0.2924
vn -0.3010 -0.9536 -0.0057
vn -0.7606 -0.6358 -0.1313
vn -0.9522 -0.2296 -0.2016
vn -0.7646 -0.5974 0.2419
vn -0.8301 -0.1161 0.5453
vn -0.9596 -0.1825 0.2143
vn -0.2788 -0.9390 0.2013
vn -0.6485 -0.5401 0.5365
vn -0.4370 -0.4681 0.7681
vn -0.5916 -0.0372 0.8054
vn -0.1042 -0.8701 0.4818
vn 0.0840 -0.9785 0.1882
vn -0.2085 -0.9117 0.3539
vn 0.9499 -0.2784 -0.1420
vn 0.8312 0.1112 -0.5448
vn 0.9611 0.1752 -0.2135
vn 0.6401 -0.7682 -0.0066
vn 0.8341 -0.3373 -0.4364
vn 0.6223 -0.4077 -0.6682
vn 0.5931 0.0299 -0.8046
vn 0.4655 -0.8372 -0.2871
vn 0.5718 -0.8050 -0.1581
vt 0.446533 0.062500
vt 0.500000 0.125000
vt 0.452040 0.125000
vt 0.500000 0.062500
vt 0.547960 0.125000
vt 0.454129 0.187500
vt 0.500000 0.187500
vt 0.437500 0.000000
vt 0.404080 0.062500
vt 0.375000 0.000000
vt 0.500000 0.000000
vt 0.553467 0.062500
vt 0.562500 0.000000
vt 0.595920 0.062500
vt 0.586806 0.125000
vt 0.545871 0.187500
vt 0.583767 0.187500
vt 0.545573 0.250000
vt 0.500000 0.250000
vt 0.454427 0.250000
vt 0.416233 0.187500
vt 0.416667 0.250000
vt 0.413194 0.125000
vt 0.500000 0.312500
vt 0.454427 0.375000
vt 0.454427 0.312500
vt 0.545573 0.312500
vt 0.500000 0.375000
vt 0.454427 0.437500
vt 0.545573 0.375000
vt 0.500000 0.437500
vt 0.416667 0.312500
vt 0.583333 0.250000
vt 0.583333 0.312500
vt 0.583333 0.375000
vt 0.545573 0.437500
vt 0.583333 0.437500
vt 0.545573 0.500000
vt 0.500000 0.500000
vt 0.454427 0.500000
vt 0.416667 0.437500
vt 0.416667 0.500000
vt 0.416667 0.375000
vt 0.500000 0.562500
vt 0.454427 0.625000
vt 0.454427 0.562500
vt 0.545573 0.562500
vt 0.500000 0.625000
vt 0.500000 0.687500
vt 0.454427 0.687500
vt 0.545573 0.687500
vt 0.416667 0.562500
vt 0.583333 0.500000
vt 0.583333 0.562500
vt 0.545573 0.625000
vt 0.583333 0.687500
vt 0.583333 0.750000
vt 0.545573 0.750000
vt 0.500000 0.750000
vt 0.454427 0.750000
vt 0.416667 0.687500
vt 0.416667 0.750000
vt 0.416667 0.625000
vt 0.454129 0.812500
vt 0.500000 0.875000
vt 0.452040 0.875000
vt 0.500000 0.812500
vt 0.547960 0.875000
vt 0.500000 0.937500
vt 0.446533 0.937500
vt 0.553467 0.937500
vt 0.416233 0.812500
vt 0.545871 0.812500
vt 0.583767 0.812500
vt 0.586806 0.875000
vt 0.595920 0.937500
vt 0.625000 1.000000
vt 0.562500 1.000000
vt 0.500000 1.000000
vt 0.437500 1.000000
vt 0.404080 0.937500
vt 0.375000 1.000000
vt 0.413194 0.875000
vt 0.390083 0.125000
vt 0.377496 0.062500
vt 0.384345 0.062500
vt 0.380100 0.187500
vt 0.379340 0.125000
vt 0.375312 0.062500
vt 0.375638 0.187500
vt 0.375543 0.125000
vt 0.392266 0.187500
vt 0.380208 0.250000
vt 0.375651 0.250000
vt 0.375000 0.250000
vt 0.375000 0.187500
vt 0.375000 0.125000
vt 0.375000 0.062500
vt 0.607734 0.187500
vt 0.620660 0.125000
vt 0.619900 0.187500
vt 0.615655 0.062500
vt 0.609918 0.125000
vt 0.624363 0.187500
vt 0.624688 0.062500
vt 0.624458 0.125000
vt 0.607422 0.250000
vt 0.625000 0.000000
vt 0.622504 0.062500
vt 0.625000 0.062500
vt 0.625000 0.125000
vt 0.625000 0.187500
vt 0.625000 0.250000
vt 0.624349 0.250000
vt 0.619792 0.250000
vt 0.752387 0.562500
vt 0.700087 0.625000
vt 0.696533 0.562500
vt 0.812934 0.625000
vt 0.753472 0.625000
vt 0.752387 0.687500
vt 0.696533 0.687500
vt 0.687500 0.500000
vt 0.653700 0.562500
vt 0.625000 0.500000
vt 0.750000 0.500000
vt 0.812798 0.562500
vt 0.812500 0.500000
vt 0.875000 0.562500
vt 0.875000 0.625000
vt 0.812798 0.687500
vt 0.875000 0.687500
vt 0.812500 0.750000
vt 0.750000 0.750000
vt 0.687500 0.750000
vt 0.653700 0.687500
vt 0.625000 0.750000
vt 0.659722 0.625000
vt 0.609918 0.875000
vt 0.622504 0.937500
vt 0.615655 0.937500
vt 0.607748 0.812500
vt 0.620660 0.875000
vt 0.624688 0.937500
vt 0.620009 0.812500
vt 0.624458 0.875000
vt 0.607530 0.750000
vt 0.620660 0.750000
vt 0.624593 0.812500
vt 0.625000 0.812500
vt 0.625000 0.875000
vt 0.625000 0.937500
vt 0.607436 0.437500
vt 0.619792 0.375000
vt 0.619900 0.437500
vt 0.607422 0.375000
vt 0.619792 0.312500
vt 0.624349 0.375000
vt 0.624580 0.437500
vt 0.624349 0.312500
vt 0.607530 0.500000
vt 0.607422 0.312500
vt 0.625000 0.312500
vt 0.625000 0.375000
vt 0.625000 0.437500
vt 0.626953 0.500000
vt 0.620660 0.500000
vt 0.607856 0.625000
vt 0.622287 0.687500
vt 0.607734 0.687500
vt 0.622287 0.562500
vt 0.623264 0.625000
vt 0.633613 0.687500
vt 0.633613 0.562500
vt 0.636936 0.625000
vt 0.583333 0.625000
vt 0.607734 0.562500
vt 0.626953 0.750000
vt 0.187202 0.562500
vt 0.246528 0.625000
vt 0.187066 0.625000
vt 0.303467 0.562500
vt 0.247613 0.562500
vt 0.187202 0.687500
vt 0.303467 0.687500
vt 0.247613 0.687500
vt 0.125000 0.500000
vt 0.125000 0.562500
vt 0.187500 0.500000
vt 0.312500 0.500000
vt 0.250000 0.500000
vt 0.375000 0.500000
vt 0.346300 0.562500
vt 0.299913 0.625000
vt 0.346300 0.687500
vt 0.375000 0.750000
vt 0.312500 0.750000
vt 0.250000 0.750000
vt 0.187500 0.750000
vt 0.125000 0.750000
vt 0.125000 0.687500
vt 0.125000 0.625000
vt 0.392144 0.625000
vt 0.377713 0.562500
vt 0.392266 0.562500
vt 0.377713 0.687500
vt 0.376736 0.625000
vt 0.366387 0.562500
vt 0.366387 0.687500
vt 0.363064 0.625000
vt 0.392470 0.500000
vt 0.392266 0.687500
vt 0.379340 0.750000
vt 0.373047 0.750000
vt 0.340278 0.625000
vt 0.373047 0.500000
vt 0.379340 0.500000
vt 0.390082 0.875000
vt 0.379991 0.812500
vt 0.392253 0.812500
vt 0.377496 0.937500
vt 0.379340 0.875000
vt 0.375407 0.812500
vt 0.375312 0.937500
vt 0.375543 0.875000
vt 0.392470 0.750000
vt 0.384345 0.937500
vt 0.375000 0.937500
vt 0.375000 0.875000
vt 0.375000 0.812500
vt 0.392578 0.375000
vt 0.380208 0.312500
vt 0.392578 0.312500
vt 0.380100 0.437500
vt 0.380208 0.375000
vt 0.375651 0.312500
vt 0.375420 0.437500
vt 0.375651 0.375000
vt 0.392578 0.250000
vt 0.392565 0.437500
vt 0.375000 0.437500
vt 0.375000 0.375000
vt 0.375000 0.312500
vt 0.437500 0.062500
vt 0.437500 0.187500
vt 0.437500 0.125000
vt 0.562500 0.125000
vt 0.562500 0.062500
vt 0.437500 0.250000
vt 0.562500 0.187500
vt 0.562500 0.250000
vt 0.437500 0.375000
vt 0.437500 0.312500
vt 0.437500 0.437500
vt 0.562500 0.312500
vt 0.562500 0.375000
vt 0.437500 0.500000
vt 0.562500 0.437500
vt 0.562500 0.500000
vt 0.437500 0.625000
vt 0.437500 0.562500
vt 0.562500 0.562500
vt 0.562500 0.687500
vt 0.562500 0.625000
vt 0.375000 0.562500
vt 0.375000 0.625000
vt 0.437500 0.687500
vt 0.375000 0.687500
vt 0.437500 0.750000
vt 0.562500 0.750000
vt 0.625000 0.687500
vt 0.625000 0.625000
vt 0.625000 0.562500
vt 0.437500 0.812500
vt 0.437500 0.875000
vt 0.562500 0.875000
vt 0.562500 0.812500
vt 0.562500 0.937500
vt 0.437500 0.937500
vt 0.687500 0.625000
vt 0.750000 0.562500
vt 0.687500 0.562500
vt 0.750000 0.687500
vt 0.750000 0.625000
vt 0.812500 0.625000
vt 0.812500 0.562500
vt 0.687500 0.687500
vt 0.812500 0.687500
vt 0.875000 0.500000
vt 0.187500 0.562500
vt 0.250000 0.625000
vt 0.250000 0.562500
vt 0.187500 0.687500
vt 0.187500 0.625000
vt 0.312500 0.562500
vt 0.312500 0.687500
vt 0.312500 0.625000
vt 0.250000 0.687500
vt 0.875000 0.750000
s 1
usemtl マテリアル
f 201/1/1 205/2/2 204/3/3
f 202/4/4 206/5/5 205/2/2
f 205/2/2 207/6/6 204/3/3
f 206/5/5 208/7/7 205/2/2
f 36/8/8 35/9/9 1/10/10
f 36/8/8 202/4/4 201/1/1
f 37/11/11 203/12/12 202/4/4
f 38/13/13 39/14/14 203/12/12
f 203/12/12 40/15/15 206/5/5
f 40/15/15 209/16/16 206/5/5
f 41/17/17 42/18/18 209/16/16
f 209/16/16 43/19/19 208/7/7
f 208/7/7 44/20/20 207/6/6
f 33/21/21 44/20/20 3/22/22
f 34/23/23 207/6/6 33/21/21
f 201/1/1 34/23/23 35/9/9
f 211/24/24 213/25/25 210/26/26
f 212/27/27 214/28/28 211/24/24
f 214/28/28 216/29/29 213/25/25
f 215/30/30 217/31/31 214/28/28
f 44/20/20 47/32/32 3/22/22
f 43/19/19 210/26/26 44/20/20
f 42/18/18 211/24/24 43/19/19
f 4/33/33 212/27/27 42/18/18
f 48/34/34 215/30/30 212/27/27
f 49/35/35 218/36/36 215/30/30
f 50/37/37 51/38/38 218/36/36
f 218/36/36 52/39/39 217/31/31
f 217/31/31 53/40/40 216/29/29
f 45/41/41 53/40/40 7/42/42
f 213/25/25 45/41/41 46/43/43
f 210/26/26 46/43/43 47/32/32
f 220/44/44 222/45/45 219/46/46
f 221/47/47 223/48/48 220/44/44
f 222/45/45 226/49/49 225/50/50
f 223/48/48 227/51/51 226/49/49
f 53/40/40 56/52/52 7/42/42
f 52/39/39 219/46/46 53/40/40
f 51/38/38 220/44/44 52/39/39
f 8/53/53 221/47/47 51/38/38
f 57/54/54 224/55/55 221/47/47
f 224/55/55 59/56/56 227/51/51
f 227/51/51 6/57/57 60/58/58
f 226/49/49 60/58/58 61/59/59
f 225/50/50 61/59/59 62/60/60
f 54/61/61 62/60/60 5/62/62
f 55/63/63 225/50/50 54/61/61
f 219/46/46 55/63/63 56/52/52
f 228/64/64 232/65/65 231/66/66
f 229/67/67 233/68/68 232/65/65
f 231/66/66 235/69/69 234/70/70
f 232/65/65 236/71/71 235/69/69
f 62/60/60 65/72/72 5/62/62
f 62/60/60 229/67/67 228/64/64
f 61/59/59 230/73/73 229/67/67
f 60/58/58 66/74/74 230/73/73
f 230/73/73 67/75/75 233/68/68
f 233/68/68 68/76/76 236/71/71
f 236/71/71 2/77/77 38/78/13
f 235/69/69 38/78/13 37/79/11
f 234/70/70 37/79/11 36/80/8
f 63/81/78 36/80/8 1/82/10
f 64/83/79 234/70/70 63/81/78
f 65/72/72 231/66/66 64/83/79
f 238/84/80 240/85/81 237/86/82
f 238/84/80 242/87/83 241/88/84
f 241/88/84 243/89/85 240/85/81
f 241/88/84 245/90/86 244/91/87
f 1/10/10 237/86/82 110/10/88
f 35/9/9 238/84/80 237/86/82
f 33/21/21 238/84/80 34/23/23
f 3/22/22 239/92/89 33/21/21
f 239/92/89 106/93/90 242/87/83
f 242/87/83 107/94/91 245/90/86
f 245/90/86 13/95/92 93/96/93
f 245/90/86 94/97/94 244/91/87
f 243/89/85 94/97/94 95/98/95
f 243/89/85 14/10/96 108/10/97
f 240/85/81 108/10/97 109/10/98
f 237/86/82 109/10/98 110/10/88
f 246/99/99 250/100/100 249/101/101
f 248/102/102 250/100/100 247/103/103
f 250/100/100 252/104/104 249/101/101
f 250/100/100 254/105/105 253/106/106
f 4/33/33 246/99/99 86/107/107
f 41/17/17 247/103/103 246/99/99
f 39/14/14 247/103/103 40/15/15
f 2/108/77 248/102/102 39/14/14
f 81/108/108 251/109/109 248/102/102
f 251/109/109 83/108/110 254/105/105
f 254/105/105 9/108/111 69/110/112
f 253/106/106 69/110/112 70/111/113
f 253/106/106 71/112/114 252/104/104
f 252/104/104 10/113/115 84/114/116
f 249/101/101 84/114/116 85/115/117
f 86/107/107 249/101/101 85/115/117
f 256/116/118 258/117/119 255/118/120
f 256/116/118 260/119/121 259/120/122
f 258/117/119 262/121/123 261/122/124
f 260/119/121 262/121/123 259/120/122
f 74/123/125 75/124/126 11/125/127
f 73/126/128 255/118/120 74/123/125
f 73/126/128 257/127/129 256/116/118
f 72/128/130 71/129/114 257/127/129
f 257/127/129 70/130/113 260/119/121
f 70/130/113 263/131/131 260/119/121
f 69/132/112 80/133/132 263/131/131
f 263/131/131 79/134/133 262/121/123
f 261/122/124 79/134/133 78/135/134
f 77/136/135 78/135/134 12/137/136
f 76/138/137 261/122/124 77/136/135
f 255/118/120 76/138/137 75/124/126
f 265/139/138 267/140/139 264/141/140
f 266/142/141 268/143/142 265/139/138
f 268/143/142 270/144/143 267/140/139
f 269/145/144 271/146/145 268/143/142
f 68/76/76 81/77/108 2/77/77
f 67/75/75 264/141/140 68/76/76
f 66/74/74 265/139/138 67/75/75
f 6/57/57 266/142/141 66/74/74
f 87/147/146 269/145/144 266/142/141
f 88/148/147 272/149/148 269/145/144
f 272/149/148 12/137/136 78/150/134
f 272/149/148 79/151/133 271/146/145
f 271/146/145 80/152/132 270/144/143
f 270/144/143 9/77/111 83/77/110
f 267/140/139 83/77/110 82/77/149
f 264/141/140 82/77/149 81/77/108
f 273/153/150 277/154/151 276/155/152
f 274/156/153 278/157/154 277/154/151
f 276/155/152 280/158/155 279/159/156
f 277/154/151 281/160/157 280/158/155
f 8/53/53 273/153/150 92/161/158
f 50/37/37 274/156/153 273/153/150
f 49/35/35 275/162/159 274/156/153
f 48/34/34 86/107/107 275/162/159
f 275/162/159 85/115/117 278/157/154
f 278/157/154 84/114/116 281/160/157
f 281/160/157 10/113/115 72/163/130
f 280/158/155 72/163/130 73/164/128
f 279/159/156 73/164/128 74/165/125
f 279/159/156 11/125/127 90/166/160
f 91/167/161 279/159/156 90/166/160
f 92/161/158 276/155/152 91/167/161
f 283/168/162 285/169/163 282/170/164
f 283/168/162 287/171/165 286/172/166
f 286/172/166 288/173/167 285/169/163
f 286/172/166 290/174/168 289/175/169
f 59/56/56 87/147/146 6/57/57
f 58/176/170 282/170/164 59/56/56
f 58/176/170 284/177/171 283/168/162
f 57/54/54 92/161/158 284/177/171
f 284/177/171 91/167/161 287/171/165
f 287/171/165 90/166/160 290/174/168
f 290/174/168 11/125/127 75/124/126
f 289/175/169 75/124/126 76/138/137
f 289/175/169 77/136/135 288/173/167
f 288/173/167 12/137/136 89/178/172
f 285/169/163 89/178/172 88/148/147
f 282/170/164 88/148/147 87/147/146
f 291/179/173 295/180/174 294/181/175
f 293/182/176 295/180/174 292/183/177
f 295/180/174 297/184/178 294/181/175
f 295/180/174 299/185/179 298/186/180
f 13/187/92 291/179/173 93/188/93
f 98/189/181 292/183/177 291/179/173
f 96/190/182 292/183/177 97/191/183
f 15/192/184 293/182/176 96/190/182
f 101/193/185 296/194/186 293/182/176
f 296/194/186 99/195/187 299/185/179
f 299/185/179 16/196/188 104/197/189
f 298/186/180 104/197/189 103/198/190
f 298/186/180 102/199/191 297/184/178
f 297/184/178 14/200/96 95/201/95
f 294/181/175 95/201/95 94/202/94
f 93/188/93 294/181/175 94/202/94
f 301/203/192 303/204/193 300/205/194
f 301/203/192 305/206/195 304/207/196
f 304/207/196 306/208/197 303/204/193
f 304/207/196 308/209/198 307/210/199
f 7/42/42 300/205/194 116/211/200
f 56/52/52 301/203/192 300/205/194
f 54/61/61 301/203/192 55/63/63
f 5/62/62 302/212/201 54/61/61
f 302/212/201 112/213/202 305/206/195
f 305/206/195 113/214/203 308/209/198
f 308/209/198 16/196/188 99/195/187
f 308/209/198 100/215/204 307/210/199
f 306/208/197 100/215/204 101/193/185
f 306/208/197 15/192/184 114/216/205
f 303/204/193 114/216/205 115/217/206
f 300/205/194 115/217/206 116/211/200
f 310/218/207 312/219/208 309/220/209
f 310/218/207 314/221/210 313/222/211
f 313/222/211 315/223/212 312/219/208
f 313/222/211 317/224/213 316/225/214
f 5/62/62 309/220/209 111/226/215
f 65/72/72 310/218/207 309/220/209
f 63/81/78 310/218/207 64/83/79
f 1/82/10 311/227/216 63/81/78
f 311/227/216 109/82/98 314/221/210
f 314/221/210 108/82/97 317/224/213
f 317/224/213 14/82/96 102/228/191
f 317/224/213 103/229/190 316/225/214
f 315/223/212 103/229/190 104/230/189
f 315/223/212 16/196/188 113/214/203
f 312/219/208 113/214/203 112/213/202
f 309/220/209 112/213/202 111/226/215
f 319/231/217 321/232/218 318/233/219
f 319/231/217 323/234/220 322/235/221
f 322/235/221 324/236/222 321/232/218
f 322/235/221 326/237/223 325/238/224
f 3/22/22 318/233/219 105/239/225
f 47/32/32 319/231/217 318/233/219
f 45/41/41 319/231/217 46/43/43
f 7/42/42 320/240/226 45/41/41
f 320/240/226 115/217/206 323/234/220
f 323/234/220 114/216/205 326/237/223
f 326/237/223 15/192/184 96/241/182
f 326/237/223 97/242/183 325/238/224
f 324/236/222 97/242/183 98/243/181
f 324/236/222 13/95/92 107/94/91
f 321/232/218 107/94/91 106/93/90
f 318/233/219 106/93/90 105/239/225
f 327/244/227 331/2/228 330/4/229
f 329/245/230 331/2/228 328/246/231
f 330/4/229 334/247/232 333/248/233
f 332/7/234 334/247/232 331/2/228
f 119/98/235 120/8/236 17/10/237
f 118/97/238 327/244/227 119/98/235
f 118/97/238 329/245/230 328/246/231
f 117/96/239 128/249/240 329/245/230
f 128/249/240 332/7/234 329/245/230
f 127/19/241 335/250/242 332/7/234
f 126/251/243 125/112/244 335/250/242
f 335/250/242 124/111/245 334/247/232
f 333/248/233 124/111/245 123/110/246
f 122/13/247 123/110/246 18/108/248
f 121/11/249 333/248/233 122/13/247
f 120/8/236 330/4/229 121/11/249
f 337/252/250 339/24/251 336/253/252
f 338/254/253 340/28/254 337/252/250
f 340/28/254 342/255/255 339/24/251
f 341/31/256 343/256/257 340/28/254
f 131/243/258 128/249/240 19/95/259
f 130/242/260 336/253/252 131/243/258
f 129/241/261 337/252/250 130/242/260
f 129/241/261 137/257/262 338/254/253
f 137/257/262 341/31/256 338/254/253
f 136/39/263 344/258/264 341/31/256
f 135/259/265 134/165/266 344/258/264
f 344/258/264 133/164/267 343/256/257
f 343/256/257 132/163/268 342/255/255
f 342/255/255 20/113/269 126/251/243
f 339/24/251 126/251/243 127/19/241
f 336/253/252 127/19/241 128/249/240
f 346/260/270 348/44/271 345/261/272
f 346/260/270 350/49/273 349/48/274
f 349/48/274 351/262/275 348/44/271
f 349/48/274 353/263/276 352/264/277
f 140/265/278 137/257/262 23/192/279
f 139/266/280 345/261/272 140/265/278
f 139/266/280 347/267/281 346/260/270
f 138/268/282 146/269/283 347/267/281
f 347/267/281 145/59/284 350/49/273
f 350/49/273 144/270/285 353/263/276
f 353/263/276 22/137/286 143/271/287
f 352/264/277 143/271/287 142/272/288
f 352/264/277 141/273/289 351/262/275
f 351/262/275 24/125/290 135/259/265
f 348/44/271 135/259/265 136/39/263
f 345/261/272 136/39/263 137/257/262
f 354/274/291 358/65/292 357/67/293
f 355/275/294 359/69/295 358/65/292
f 357/67/293 361/276/296 360/277/297
f 358/65/292 362/278/298 361/276/296
f 149/230/299 146/269/283 21/196/300
f 149/230/299 355/275/294 354/274/291
f 148/229/301 356/279/302 355/275/294
f 147/228/303 120/80/236 356/279/302
f 356/279/302 121/79/249 359/69/295
f 359/69/295 122/78/247 362/278/298
f 362/278/298 18/77/248 152/152/304
f 361/276/296 152/152/304 151/151/305
f 360/277/297 151/151/305 150/150/306
f 144/270/285 150/150/306 22/137/286
f 145/59/284 360/277/297 144/270/285
f 146/269/283 357/67/293 145/59/284
f 364/98/307 366/97/308 363/98/309
f 365/98/310 367/97/311 364/98/307
f 366/97/308 370/96/312 369/96/313
f 367/97/311 371/96/314 370/96/312
f 17/10/237 363/98/309 119/98/235
f 193/10/315 363/98/309 194/10/316
f 192/10/317 364/98/307 193/10/315
f 30/10/318 365/98/310 192/10/317
f 365/98/310 178/97/319 368/97/320
f 178/97/319 371/96/314 368/97/320
f 371/96/314 29/95/321 191/95/322
f 370/96/312 191/95/322 190/95/323
f 369/96/313 190/95/323 189/95/324
f 369/96/313 19/95/259 117/96/239
f 366/97/308 117/96/239 118/97/238
f 119/98/235 366/97/308 118/97/238
f 372/112/325 376/111/326 375/111/327
f 374/112/328 376/111/326 373/112/329
f 376/111/326 378/110/330 375/111/327
f 376/111/326 380/110/331 379/110/332
f 20/113/269 372/112/325 125/112/244
f 170/113/333 373/112/329 372/112/325
f 168/113/334 373/112/329 169/113/335
f 26/113/336 374/112/328 168/113/334
f 155/112/337 377/111/338 374/112/328
f 377/111/338 153/110/339 380/110/331
f 380/110/331 25/108/340 167/108/341
f 379/110/332 167/108/341 166/108/342
f 379/110/332 165/108/343 378/110/330
f 378/110/330 18/108/248 123/110/246
f 375/111/327 123/110/246 124/111/245
f 125/112/244 375/111/327 124/111/245
f 382/280/344 384/281/345 381/282/346
f 382/280/344 386/283/347 385/284/348
f 384/281/345 388/285/349 387/286/350
f 386/283/347 388/285/349 385/284/348
f 159/273/351 158/123/352 27/125/353
f 160/272/354 381/282/346 159/273/351
f 160/272/354 383/287/355 382/280/344
f 161/271/356 162/135/357 383/287/355
f 383/287/355 163/134/358 386/283/347
f 163/134/358 389/288/359 386/283/347
f 164/133/360 153/132/339 389/288/359
f 389/288/359 154/130/361 388/285/349
f 387/286/350 154/130/361 155/129/337
f 156/128/362 155/129/337 26/289/336
f 157/126/363 387/286/350 156/128/362
f 381/282/346 157/126/363 158/123/352
f 391/152/364 393/151/365 390/152/366
f 392/152/367 394/151/368 391/152/364
f 394/151/368 396/150/369 393/151/365
f 395/151/370 397/150/371 394/151/368
f 165/77/343 152/152/304 18/77/248
f 166/77/342 390/152/366 165/77/343
f 167/77/341 391/152/364 166/77/342
f 25/77/340 392/152/367 167/77/341
f 164/152/360 395/151/370 392/152/367
f 163/151/358 398/150/372 395/151/370
f 398/150/372 28/137/373 173/137/374
f 398/150/372 172/137/375 397/150/371
f 397/150/371 171/137/376 396/150/369
f 396/150/369 22/137/286 150/150/306
f 393/151/365 150/150/306 151/151/305
f 390/152/366 151/151/305 152/152/304
f 399/165/377 403/164/378 402/164/379
f 400/165/380 404/164/381 403/164/378
f 402/164/379 406/163/382 405/163/383
f 403/164/378 407/163/384 406/163/382
f 24/125/290 399/165/377 134/165/266
f 176/125/385 400/165/380 399/165/377
f 175/125/386 401/165/387 400/165/380
f 27/125/353 401/165/387 174/125/388
f 401/165/387 157/164/363 404/164/381
f 404/164/381 156/163/362 407/163/384
f 407/163/384 26/113/336 168/113/334
f 406/163/382 168/113/334 169/113/335
f 405/163/383 169/113/335 170/113/333
f 132/163/268 170/113/333 20/113/269
f 133/164/267 405/163/383 132/163/268
f 134/165/266 402/164/379 133/164/267
f 409/271/389 411/272/390 408/271/391
f 410/271/392 412/272/393 409/271/389
f 411/272/390 415/273/394 414/273/395
f 412/272/393 416/273/396 415/273/394
f 171/137/376 143/271/287 22/137/286
f 172/137/375 408/271/391 171/137/376
f 173/137/374 409/271/389 172/137/375
f 28/137/373 410/271/392 173/137/374
f 161/271/356 413/272/397 410/271/392
f 413/272/397 159/273/351 416/273/396
f 416/273/396 27/125/353 174/125/388
f 415/273/394 174/125/388 175/125/386
f 414/273/395 175/125/386 176/125/385
f 141/273/289 176/125/385 24/125/290
f 142/272/288 414/273/395 141/273/289
f 408/271/391 142/272/288 143/271/287
f 417/290/398 421/291/399 420/292/400
f 419/293/401 421/291/399 418/294/402
f 421/291/399 423/295/403 420/292/400
f 421/291/399 425/296/404 424/297/405
f 29/187/321 417/290/398 182/189/406
f 177/188/407 418/294/402 417/290/398
f 179/201/408 418/294/402 178/202/319
f 30/200/318 419/293/401 179/201/408
f 186/199/409 422/298/410 419/293/401
f 422/298/410 188/197/411 425/296/404
f 425/296/404 32/196/412 183/268/413
f 424/297/405 183/268/413 184/266/414
f 424/297/405 185/265/415 423/295/403
f 423/295/403 31/192/416 180/190/417
f 420/292/400 180/190/417 181/191/418
f 182/189/406 420/292/400 181/191/418
f 427/265/419 429/266/420 426/265/421
f 428/265/422 430/266/423 427/265/419
f 429/266/420 433/268/424 432/268/425
f 430/266/423 434/268/426 433/268/424
f 23/192/279 426/265/421 140/265/278
f 199/192/427 426/265/421 200/192/428
f 198/192/429 427/265/419 199/192/427
f 31/192/416 428/265/422 198/192/429
f 428/265/422 184/266/414 431/266/430
f 184/266/414 434/268/426 431/266/430
f 434/268/426 32/196/412 197/196/431
f 433/268/424 197/196/431 196/196/432
f 432/268/425 196/196/432 195/196/433
f 432/268/425 21/196/300 138/268/282
f 429/266/420 138/268/282 139/266/280
f 140/265/278 429/266/420 139/266/280
f 436/230/434 438/229/435 435/230/436
f 437/230/437 439/229/438 436/230/434
f 438/229/435 442/228/439 441/228/440
f 439/229/438 443/228/441 442/228/439
f 21/196/300 435/230/436 149/230/299
f 196/196/432 435/230/436 195/196/433
f 197/196/431 436/230/434 196/196/432
f 32/196/412 437/230/437 197/196/431
f 437/230/437 187/229/442 440/229/443
f 187/229/442 443/228/441 440/229/443
f 443/228/441 30/82/318 192/82/317
f 442/228/439 192/82/317 193/82/315
f 441/228/440 193/82/315 194/82/316
f 441/228/440 17/82/237 147/228/303
f 438/229/435 147/228/303 148/229/301
f 149/230/299 438/229/435 148/229/301
f 445/243/444 447/242/445 444/243/446
f 446/243/447 448/242/448 445/243/444
f 447/242/445 451/241/449 450/241/450
f 448/242/448 452/241/451 451/241/449
f 19/95/259 444/243/446 131/243/258
f 190/95/323 444/243/446 189/95/324
f 191/95/322 445/243/444 190/95/323
f 29/95/321 446/243/447 191/95/322
f 446/243/447 181/242/418 449/242/452
f 181/242/418 452/241/451 449/242/452
f 452/241/451 31/192/416 198/192/429
f 451/241/449 198/192/429 199/192/427
f 450/241/450 199/192/427 200/192/428
f 450/241/450 23/192/279 129/241/261
f 447/242/445 129/241/261 130/242/260
f 131/243/258 447/242/445 130/242/260
f 201/1/1 202/4/4 205/2/2
f 202/4/4 203/12/12 206/5/5
f 205/2/2 208/7/7 207/6/6
f 206/5/5 209/16/16 208/7/7
f 36/8/8 201/1/1 35/9/9
f 36/8/8 37/11/11 202/4/4
f 37/11/11 38/13/13 203/12/12
f 38/13/13 2/108/77 39/14/14
f 203/12/12 39/14/14 40/15/15
f 40/15/15 41/17/17 209/16/16
f 41/17/17 4/33/33 42/18/18
f 209/16/16 42/18/18 43/19/19
f 208/7/7 43/19/19 44/20/20
f 33/21/21 207/6/6 44/20/20
f 34/23/23 204/3/3 207/6/6
f 201/1/1 204/3/3 34/23/23
f 211/24/24 214/28/28 213/25/25
f 212/27/27 215/30/30 214/28/28
f 214/28/28 217/31/31 216/29/29
f 215/30/30 218/36/36 217/31/31
f 44/20/20 210/26/26 47/32/32
f 43/19/19 211/24/24 210/26/26
f 42/18/18 212/27/27 211/24/24
f 4/33/33 48/34/34 212/27/27
f 48/34/34 49/35/35 215/30/30
f 49/35/35 50/37/37 218/36/36
f 50/37/37 8/53/53 51/38/38
f 218/36/36 51/38/38 52/39/39
f 217/31/31 52/39/39 53/40/40
f 45/41/41 216/29/29 53/40/40
f 213/25/25 216/29/29 45/41/41
f 210/26/26 213/25/25 46/43/43
f 220/44/44 223/48/48 222/45/45
f 221/47/47 224/55/55 223/48/48
f 222/45/45 223/48/48 226/49/49
f 223/48/48 224/55/55 227/51/51
f 53/40/40 219/46/46 56/52/52
f 52/39/39 220/44/44 219/46/46
f 51/38/38 221/47/47 220/44/44
f 8/53/53 57/54/54 221/47/47
f 57/54/54 58/176/170 224/55/55
f 224/55/55 58/176/170 59/56/56
f 227/51/51 59/56/56 6/57/57
f 226/49/49 227/51/51 60/58/58
f 225/50/50 226/49/49 61/59/59
f 54/61/61 225/50/50 62/60/60
f 55/63/63 222/45/45 225/50/50
f 219/46/46 222/45/45 55/63/63
f 228/64/64 229/67/67 232/65/65
f 229/67/67 230/73/73 233/68/68
f 231/66/66 232/65/65 235/69/69
f 232/65/65 233/68/68 236/71/71
f 62/60/60 228/64/64 65/72/72
f 62/60/60 61/59/59 229/67/67
f 61/59/59 60/58/58 230/73/73
f 60/58/58 6/57/57 66/74/74
f 230/73/73 66/74/74 67/75/75
f 233/68/68 67/75/75 68/76/76
f 236/71/71 68/76/76 2/77/77
f 235/69/69 236/71/71 38/78/13
f 234/70/70 235/69/69 37/79/11
f 63/81/78 234/70/70 36/80/8
f 64/83/79 231/66/66 234/70/70
f 65/72/72 228/64/64 231/66/66
f 238/84/80 241/88/84 240/85/81
f 238/84/80 239/92/89 242/87/83
f 241/88/84 244/91/87 243/89/85
f 241/88/84 242/87/83 245/90/86
f 1/10/10 35/9/9 237/86/82
f 35/9/9 34/23/23 238/84/80
f 33/21/21 239/92/89 238/84/80
f 3/22/22 105/239/225 239/92/89
f 239/92/89 105/239/225 106/93/90
f 242/87/83 106/93/90 107/94/91
f 245/90/86 107/94/91 13/95/92
f 245/90/86 93/96/93 94/97/94
f 243/89/85 244/91/87 94/97/94
f 243/89/85 95/98/95 14/10/96
f 240/85/81 243/89/85 108/10/97
f 237/86/82 240/85/81 109/10/98
f 246/99/99 247/103/103 250/100/100
f 248/102/102 251/109/109 250/100/100
f 250/100/100 253/106/106 252/104/104
f 250/100/100 251/109/109 254/105/105
f 4/33/33 41/17/17 246/99/99
f 41/17/17 40/15/15 247/103/103
f 39/14/14 248/102/102 247/103/103
f 2/108/77 81/108/108 248/102/102
f 81/108/108 82/108/149 251/109/109
f 251/109/109 82/108/149 83/108/110
f 254/105/105 83/108/110 9/108/111
f 253/106/106 254/105/105 69/110/112
f 253/106/106 70/111/113 71/112/114
f 252/104/104 71/112/114 10/113/115
f 249/101/101 252/104/104 84/114/116
f 86/107/107 246/99/99 249/101/101
f 256/116/118 259/120/122 258/117/119
f 256/116/118 257/127/129 260/119/121
f 258/117/119 259/120/122 262/121/123
f 260/119/121 263/131/131 262/121/123
f 74/123/125 255/118/120 75/124/126
f 73/126/128 256/116/118 255/118/120
f 73/126/128 72/128/130 257/127/129
f 72/128/130 10/289/115 71/129/114
f 257/127/129 71/129/114 70/130/113
f 70/130/113 69/132/112 263/131/131
f 69/132/112 9/299/111 80/133/132
f 263/131/131 80/133/132 79/134/133
f 261/122/124 262/121/123 79/134/133
f 77/136/135 261/122/124 78/135/134
f 76/138/137 258/117/119 261/122/124
f 255/118/120 258/117/119 76/138/137
f 265/139/138 268/143/142 267/140/139
f 266/142/141 269/145/144 268/143/142
f 268/143/142 271/146/145 270/144/143
f 269/145/144 272/149/148 271/146/145
f 68/76/76 264/141/140 81/77/108
f 67/75/75 265/139/138 264/141/140
f 66/74/74 266/142/141 265/139/138
f 6/57/57 87/147/146 266/142/141
f 87/147/146 88/148/147 269/145/144
f 88/148/147 89/178/172 272/149/148
f 272/149/148 89/178/172 12/137/136
f 272/149/148 78/150/134 79/151/133
f 271/146/145 79/151/133 80/152/132
f 270/144/143 80/152/132 9/77/111
f 267/140/139 270/144/143 83/77/110
f 264/141/140 267/140/139 82/77/149
f 273/153/150 274/156/153 277/154/151
f 274/156/153 275/162/159 278/157/154
f 276/155/152 277/154/151 280/158/155
f 277/154/151 278/157/154 281/160/157
f 8/53/53 50/37/37 273/153/150
f 50/37/37 49/35/35 274/156/153
f 49/35/35 48/34/34 275/162/159
f 48/34/34 4/33/33 86/107/107
f 275/162/159 86/107/107 85/115/117
f 278/157/154 85/115/117 84/114/116
f 281/160/157 84/114/116 10/113/115
f 280/158/155 281/160/157 72/163/130
f 279/159/156 280/158/155 73/164/128
f 279/159/156 74/165/125 11/125/127
f 91/167/161 276/155/152 279/159/156
f 92/161/158 273/153/150 276/155/152
f 283/168/162 286/172/166 285/169/163
f 283/168/162 284/177/171 287/171/165
f 286/172/166 289/175/169 288/173/167
f 286/172/166 287/171/165 290/174/168
f 59/56/56 282/170/164 87/147/146
f 58/176/170 283/168/162 282/170/164
f 58/176/170 57/54/54 284/177/171
f 57/54/54 8/53/53 92/161/158
f 284/177/171 92/161/158 91/167/161
f 287/171/165 91/167/161 90/166/160
f 290/174/168 90/166/160 11/125/127
f 289/175/169 290/174/168 75/124/126
f 289/175/169 76/138/137 77/136/135
f 288/173/167 77/136/135 12/137/136
f 285/169/163 288/173/167 89/178/172
f 282/170/164 285/169/163 88/148/147
f 291/179/173 292/183/177 295/180/174
f 293/182/176 296/194/186 295/180/174
f 295/180/174 298/186/180 297/184/178
f 295/180/174 296/194/186 299/185/179
f 13/187/92 98/189/181 291/179/173
f 98/189/181 97/191/183 292/183/177
f 96/190/182 293/182/176 292/183/177
f 15/192/184 101/193/185 293/182/176
f 101/193/185 100/215/204 296/194/186
f 296/194/186 100/215/204 99/195/187
f 299/185/179 99/195/187 16/196/188
f 298/186/180 299/185/179 104/197/189
f 298/186/180 103/198/190 102/199/191
f 297/184/178 102/199/191 14/200/96
f 294/181/175 297/184/178 95/201/95
f 93/188/93 291/179/173 294/181/175
f 301/203/192 304/207/196 303/204/193
f 301/203/192 302/212/201 305/206/195
f 304/207/196 307/210/199 306/208/197
f 304/207/196 305/206/195 308/209/198
f 7/42/42 56/52/52 300/205/194
f 56/52/52 55/63/63 301/203/192
f 54/61/61 302/212/201 301/203/192
f 5/62/62 111/226/215 302/212/201
f 302/212/201 111/226/215 112/213/202
f 305/206/195 112/213/202 113/214/203
f 308/209/198 113/214/203 16/196/188
f 308/209/198 99/195/187 100/215/204
f 306/208/197 307/210/199 100/215/204
f 306/208/197 101/193/185 15/192/184
f 303/204/193 306/208/197 114/216/205
f 300/205/194 303/204/193 115/217/206
f 310/218/207 313/222/211 312/219/208
f 310/218/207 311/227/216 314/221/210
f 313/222/211 316/225/214 315/223/212
f 313/222/211 314/221/210 317/224/213
f 5/62/62 65/72/72 309/220/209
f 65/72/72 64/83/79 310/218/207
f 63/81/78 311/227/216 310/218/207
f 1/82/10 110/82/88 311/227/216
f 311/227/216 110/82/88 109/82/98
f 314/221/210 109/82/98 108/82/97
f 317/224/213 108/82/97 14/82/96
f 317/224/213 102/228/191 103/229/190
f 315/223/212 316/225/214 103/229/190
f 315/223/212 104/230/189 16/196/188
f 312/219/208 315/223/212 113/214/203
f 309/220/209 312/219/208 112/213/202
f 319/231/217 322/235/221 321/232/218
f 319/231/217 320/240/226 323/234/220
f 322/235/221 325/238/224 324/236/222
f 322/235/221 323/234/220 326/237/223
f 3/22/22 47/32/32 318/233/219
f 47/32/32 46/43/43 319/231/217
f 45/41/41 320/240/226 319/231/217
f 7/42/42 116/211/200 320/240/226
f 320/240/226 116/211/200 115/217/206
f 323/234/220 115/217/206 114/216/205
f 326/237/223 114/216/205 15/192/184
f 326/237/223 96/241/182 97/242/183
f 324/236/222 325/238/224 97/242/183
f 324/236/222 98/243/181 13/95/92
f 321/232/218 324/236/222 107/94/91
f 318/233/219 321/232/218 106/93/90
f 327/244/227 328/246/231 331/2/228
f 329/245/230 332/7/234 331/2/228
f 330/4/229 331/2/228 334/247/232
f 332/7/234 335/250/242 334/247/232
f 119/98/235 327/244/227 120/8/236
f 118/97/238 328/246/231 327/244/227
f 118/97/238 117/96/239 329/245/230
f 117/96/239 19/95/259 128/249/240
f 128/249/240 127/19/241 332/7/234
f 127/19/241 126/251/243 335/250/242
f 126/251/243 20/113/269 125/112/244
f 335/250/242 125/112/244 124/111/245
f 333/248/233 334/247/232 124/111/245
f 122/13/247 333/248/233 123/110/246
f 121/11/249 330/4/229 333/248/233
f 120/8/236 327/244/227 330/4/229
f 337/252/250 340/28/254 339/24/251
f 338/254/253 341/31/256 340/28/254
f 340/28/254 343/256/257 342/255/255
f 341/31/256 344/258/264 343/256/257
f 131/243/258 336/253/252 128/249/240
f 130/242/260 337/252/250 336/253/252
f 129/241/261 338/254/253 337/252/250
f 129/241/261 23/192/279 137/257/262
f 137/257/262 136/39/263 341/31/256
f 136/39/263 135/259/265 344/258/264
f 135/259/265 24/125/290 134/165/266
f 344/258/264 134/165/266 133/164/267
f 343/256/257 133/164/267 132/163/268
f 342/255/255 132/163/268 20/113/269
f 339/24/251 342/255/255 126/251/243
f 336/253/252 339/24/251 127/19/241
f 346/260/270 349/48/274 348/44/271
f 346/260/270 347/267/281 350/49/273
f 349/48/274 352/264/277 351/262/275
f 349/48/274 350/49/273 353/263/276
f 140/265/278 345/261/272 137/257/262
f 139/266/280 346/260/270 345/261/272
f 139/266/280 138/268/282 347/267/281
f 138/268/282 21/196/300 146/269/283
f 347/267/281 146/269/283 145/59/284
f 350/49/273 145/59/284 144/270/285
f 353/263/276 144/270/285 22/137/286
f 352/264/277 353/263/276 143/271/287
f 352/264/277 142/272/288 141/273/289
f 351/262/275 141/273/289 24/125/290
f 348/44/271 351/262/275 135/259/265
f 345/261/272 348/44/271 136/39/263
f 354/274/291 355/275/294 358/65/292
f 355/275/294 356/279/302 359/69/295
f 357/67/293 358/65/292 361/276/296
f 358/65/292 359/69/295 362/278/298
f 149/230/299 354/274/291 146/269/283
f 149/230/299 148/229/301 355/275/294
f 148/229/301 147/228/303 356/279/302
f 147/228/303 17/82/237 120/80/236
f 356/279/302 120/80/236 121/79/249
f 359/69/295 121/79/249 122/78/247
f 362/278/298 122/78/247 18/77/248
f 361/276/296 362/278/298 152/152/304
f 360/277/297 361/276/296 151/151/305
f 144/270/285 360/277/297 150/150/306
f 145/59/284 357/67/293 360/277/297
f 146/269/283 354/274/291 357/67/293
f 364/98/307 367/97/311 366/97/308
f 365/98/310 368/97/320 367/97/311
f 366/97/308 367/97/311 370/96/312
f 367/97/311 368/97/320 371/96/314
f 17/10/237 194/10/316 363/98/309
f 193/10/315 364/98/307 363/98/309
f 192/10/317 365/98/310 364/98/307
f 30/10/318 179/98/408 365/98/310
f 365/98/310 179/98/408 178/97/319
f 178/97/319 177/96/407 371/96/314
f 371/96/314 177/96/407 29/95/321
f 370/96/312 371/96/314 191/95/322
f 369/96/313 370/96/312 190/95/323
f 369/96/313 189/95/324 19/95/259
f 366/97/308 369/96/313 117/96/239
f 119/98/235 363/98/309 366/97/308
f 372/112/325 373/112/329 376/111/326
f 374/112/328 377/111/338 376/111/326
f 376/111/326 379/110/332 378/110/330
f 376/111/326 377/111/338 380/110/331
f 20/113/269 170/113/333 372/112/325
f 170/113/333 169/113/335 373/112/329
f 168/113/334 374/112/328 373/112/329
f 26/113/336 155/112/337 374/112/328
f 155/112/337 154/111/361 377/111/338
f 377/111/338 154/111/361 153/110/339
f 380/110/331 153/110/339 25/108/340
f 379/110/332 380/110/331 167/108/341
f 379/110/332 166/108/342 165/108/343
f 378/110/330 165/108/343 18/108/248
f 375/111/327 378/110/330 123/110/246
f 125/112/244 372/112/325 375/111/327
f 382/280/344 385/284/348 384/281/345
f 382/280/344 383/287/355 386/283/347
f 384/281/345 385/284/348 388/285/349
f 386/283/347 389/288/359 388/285/349
f 159/273/351 381/282/346 158/123/352
f 160/272/354 382/280/344 381/282/346
f 160/272/354 161/271/356 383/287/355
f 161/271/356 28/137/373 162/135/357
f 383/287/355 162/135/357 163/134/358
f 163/134/358 164/133/360 389/288/359
f 164/133/360 25/299/340 153/132/339
f 389/288/359 153/132/339 154/130/361
f 387/286/350 388/285/349 154/130/361
f 156/128/362 387/286/350 155/129/337
f 157/126/363 384/281/345 387/286/350
f 381/282/346 384/281/345 157/126/363
f 391/152/364 394/151/368 393/151/365
f 392/152/367 395/151/370 394/151/368
f 394/151/368 397/150/371 396/150/369
f 395/151/370 398/150/372 397/150/371
f 165/77/343 390/152/366 152/152/304
f 166/77/342 391/152/364 390/152/366
f 167/77/341 392/152/367 391/152/364
f 25/77/340 164/152/360 392/152/367
f 164/152/360 163/151/358 395/151/370
f 163/151/358 162/150/357 398/150/372
f 398/150/372 162/150/357 28/137/373
f 398/150/372 173/137/374 172/137/375
f 397/150/371 172/137/375 171/137/376
f 396/150/369 171/137/376 22/137/286
f 393/151/365 396/150/369 150/150/306
f 390/152/366 393/151/365 151/151/305
f 399/165/377 400/165/380 403/164/378
f 400/165/380 401/165/387 404/164/381
f 402/164/379 403/164/378 406/163/382
f 403/164/378 404/164/381 407/163/384
f 24/125/290 176/125/385 399/165/377
f 176/125/385 175/125/386 400/165/380
f 175/125/386 174/125/388 401/165/387
f 27/125/353 158/165/352 401/165/387
f 401/165/387 158/165/352 157/164/363
f 404/164/381 157/164/363 156/163/362
f 407/163/384 156/163/362 26/113/336
f 406/163/382 407/163/384 168/113/334
f 405/163/383 406/163/382 169/113/335
f 132/163/268 405/163/383 170/113/333
f 133/164/267 402/164/379 405/163/383
f 134/165/266 399/165/377 402/164/379
f 409/271/389 412/272/393 411/272/390
f 410/271/392 413/272/397 412/272/393
f 411/272/390 412/272/393 415/273/394
f 412/272/393 413/272/397 416/273/396
f 171/137/376 408/271/391 143/271/287
f 172/137/375 409/271/389 408/271/391
f 173/137/374 410/271/392 409/271/389
f 28/137/373 161/271/356 410/271/392
f 161/271/356 160/272/354 413/272/397
f 413/272/397 160/272/354 159/273/351
f 416/273/396 159/273/351 27/125/353
f 415/273/394 416/273/396 174/125/388
f 414/273/395 415/273/394 175/125/386
f 141/273/289 414/273/395 176/125/385
f 142/272/288 411/272/390 414/273/395
f 408/271/391 411/272/390 142/272/288
f 417/290/398 418/294/402 421/291/399
f 419/293/401 422/298/410 421/291/399
f 421/291/399 424/297/405 423/295/403
f 421/291/399 422/298/410 425/296/404
f 29/187/321 177/188/407 417/290/398
f 177/188/407 178/202/319 418/294/402
f 179/201/408 419/293/401 418/294/402
f 30/200/318 186/199/409 419/293/401
f 186/199/409 187/198/442 422/298/410
f 422/298/410 187/198/442 188/197/411
f 425/296/404 188/197/411 32/196/412
f 424/297/405 425/296/404 183/268/413
f 424/297/405 184/266/414 185/265/415
f 423/295/403 185/265/415 31/192/416
f 420/292/400 423/295/403 180/190/417
f 182/189/406 417/290/398 420/292/400
f 427/265/419 430/266/423 429/266/420
f 428/265/422 431/266/430 430/266/423
f 429/266/420 430/266/423 433/268/424
f 430/266/423 431/266/430 434/268/426
f 23/192/279 200/192/428 426/265/421
f 199/192/427 427/265/419 426/265/421
f 198/192/429 428/265/422 427/265/419
f 31/192/416 185/265/415 428/265/422
f 428/265/422 185/265/415 184/266/414
f 184/266/414 183/268/413 434/268/426
f 434/268/426 183/268/413 32/196/412
f 433/268/424 434/268/426 197/196/431
f 432/268/425 433/268/424 196/196/432
f 432/268/425 195/196/433 21/196/300
f 429/266/420 432/268/425 138/268/282
f 140/265/278 426/265/421 429/266/420
f 436/230/434 439/229/438 438/229/435
f 437/230/437 440/229/443 439/229/438
f 438/229/435 439/229/438 442/228/439
f 439/229/438 440/229/443 443/228/441
f 21/196/300 195/196/433 435/230/436
f 196/196/432 436/230/434 435/230/436
f 197/196/431 437/230/437 436/230/434
f 32/196/412 188/230/411 437/230/437
f 437/230/437 188/230/411 187/229/442
f 187/229/442 186/228/409 443/228/441
f 443/228/441 186/228/409 30/82/318
f 442/228/439 443/228/441 192/82/317
f 441/228/440 442/228/439 193/82/315
f 441/228/440 194/82/316 17/82/237
f 438/229/435 441/228/440 147/228/303
f 149/230/299 435/230/436 438/229/435
f 445/243/444 448/242/448 447/242/445
f 446/243/447 449/242/452 448/242/448
f 447/242/445 448/242/448 451/241/449
f 448/242/448 449/242/452 452/241/451
f 19/95/259 189/95/324 444/243/446
f 190/95/323 445/243/444 444/243/446
f 191/95/322 446/243/447 445/243/444
f 29/95/321 182/243/406 446/243/447
f 446/243/447 182/243/406 181/242/418
f 181/242/418 180/241/417 452/241/451
f 452/241/451 180/241/417 31/192/416
f 451/241/449 452/241/451 198/192/429
f 450/241/450 451/241/449 199/192/427
f 450/241/450 200/192/428 23/192/279
f 447/242/445 450/241/450 129/241/261
f 131/243/258 444/243/446 447/242/445
o 立方体.004
v -1.124078 1.126394 0.924737
v -1.100572 1.258457 0.870774
v -1.125623 1.099517 0.824481
v -1.101594 1.240679 0.804462
v -1.020347 1.129536 0.922297
v -1.032071 1.259606 0.869410
v -1.021891 1.102658 0.822041
v -1.033093 1.241829 0.803099
v -1.045567 1.372028 0.818133
v -1.045975 1.364927 0.791642
v -1.018894 1.362972 0.791749
v -1.018486 1.370074 0.818239
v -1.113634 1.065214 0.844339
v -1.112401 1.086667 0.924361
v -1.030838 1.067721 0.842391
v -1.029605 1.089175 0.922413
v -0.963454 1.131258 0.920958
v -0.939947 1.263321 0.866995
v -0.964998 1.104381 0.820702
v -0.940969 1.245543 0.800684
v -0.859722 1.134400 0.918518
v -0.871446 1.264470 0.865632
v -0.861267 1.107522 0.818262
v -0.872468 1.246693 0.799320
v -0.884943 1.376893 0.814354
v -0.885351 1.369791 0.787863
v -0.858269 1.367836 0.787970
v -0.857861 1.374938 0.814461
v -0.953009 1.070078 0.840560
v -0.951776 1.091531 0.920582
v -0.870213 1.072585 0.838612
v -0.868980 1.094039 0.918635
v -0.802829 1.136123 0.917180
v -0.779323 1.268185 0.863216
v -0.804373 1.109245 0.816924
v -0.780344 1.250408 0.796905
v -0.699097 1.139264 0.914739
v -0.710822 1.269335 0.861853
v -0.700642 1.112386 0.814483
v -0.711843 1.251557 0.795542
v -0.724318 1.381757 0.810575
v -0.724726 1.374655 0.784085
v -0.697645 1.372700 0.784192
v -0.697237 1.379802 0.810682
v -0.792384 1.074942 0.836782
v -0.791152 1.096395 0.916804
v -0.709588 1.077450 0.834834
v -0.708355 1.098903 0.914856
v -0.642204 1.140987 0.913401
v -0.618698 1.273049 0.859438
v -0.643749 1.114109 0.813145
v -0.619719 1.255272 0.793127
v -0.538473 1.144128 0.910961
v -0.550197 1.274199 0.858074
v -0.540017 1.117250 0.810705
v -0.551219 1.256421 0.791763
v -0.563693 1.386621 0.806797
v -0.564101 1.379519 0.780306
v -0.537020 1.377564 0.780413
v -0.536612 1.384666 0.806904
v -0.631760 1.079806 0.833003
v -0.630527 1.101260 0.913025
v -0.548963 1.082314 0.831055
v -0.547731 1.103767 0.911077
v -0.481579 1.145851 0.909622
v -0.458073 1.277913 0.855659
v -0.483124 1.118973 0.809366
v -0.459095 1.260136 0.789348
v -0.377848 1.148992 0.907182
v -0.389572 1.279063 0.854296
v -0.379392 1.122114 0.806926
v -0.390594 1.261285 0.787984
v -0.403068 1.391485 0.803018
v -0.403476 1.384383 0.776528
v -0.376395 1.382429 0.776634
v -0.375987 1.389530 0.803125
v -0.471135 1.084671 0.829224
v -0.469902 1.106124 0.909247
v -0.388339 1.087178 0.827277
v -0.387106 1.108631 0.907299
v -0.320954 1.150715 0.905844
v -0.297448 1.282777 0.851881
v -0.322499 1.123837 0.805588
v -0.298470 1.265000 0.785569
v -0.217223 1.153856 0.903404
v -0.228947 1.283927 0.850517
v -0.218768 1.126979 0.803148
v -0.229969 1.266150 0.784206
v -0.242443 1.396349 0.799240
v -0.242851 1.389247 0.772749
v -0.215770 1.387293 0.772856
v -0.215362 1.394395 0.799346
v -0.310510 1.089535 0.825446
v -0.309277 1.110988 0.905468
v -0.227714 1.092042 0.823498
v -0.226481 1.113495 0.903520
v -0.160330 1.155579 0.902065
v -0.136824 1.287642 0.848102
v -0.161874 1.128701 0.801809
v -0.137845 1.269864 0.781791
v -0.056598 1.158720 0.899625
v -0.068323 1.288791 0.846739
v -0.058143 1.131843 0.799369
v -0.069344 1.271014 0.780427
v -0.081819 1.401213 0.795461
v -0.082227 1.394111 0.768970
v -0.055146 1.392157 0.769077
v -0.054737 1.399259 0.795568
v -0.149885 1.094399 0.821667
v -0.148652 1.115852 0.901689
v -0.067089 1.096906 0.819719
v -0.065856 1.118359 0.899742
v 1.124079 1.126394 0.924737
v 1.100572 1.258457 0.870774
v 1.125623 1.099517 0.824481
v 1.101594 1.240679 0.804462
v 1.020347 1.129536 0.922297
v 1.032071 1.259606 0.869410
v 1.021891 1.102658 0.822041
v 1.033093 1.241829 0.803099
v 1.045568 1.372028 0.818133
v 1.045976 1.364927 0.791642
v 1.018894 1.362972 0.791749
v 1.018486 1.370074 0.818239
v 1.113634 1.065214 0.844339
v 1.112401 1.086667 0.924361
v 1.030838 1.067721 0.842391
v 1.029605 1.089175 0.922413
v 0.963453 1.131258 0.920958
v 0.939948 1.263321 0.866995
v 0.964998 1.104381 0.820702
v 0.940969 1.245543 0.800684
v 0.859722 1.134400 0.918518
v 0.871447 1.264470 0.865632
v 0.861267 1.107522 0.818262
v 0.872468 1.246693 0.799320
v 0.884943 1.376893 0.814354
v 0.885351 1.369791 0.787863
v 0.858269 1.367836 0.787970
v 0.857861 1.374938 0.814461
v 0.953009 1.070078 0.840560
v 0.951777 1.091531 0.920582
v 0.870213 1.072585 0.838612
v 0.868980 1.094039 0.918635
v 0.802829 1.136123 0.917180
v 0.779323 1.268185 0.863216
v 0.804374 1.109245 0.816924
v 0.780344 1.250408 0.796905
v 0.699098 1.139264 0.914739
v 0.710822 1.269335 0.861853
v 0.700642 1.112386 0.814483
v 0.711843 1.251557 0.795542
v 0.724318 1.381757 0.810575
v 0.724726 1.374655 0.784085
v 0.697645 1.372700 0.784192
v 0.697237 1.379802 0.810682
v 0.792384 1.074942 0.836782
v 0.791152 1.096396 0.916804
v 0.709588 1.077450 0.834834
v 0.708355 1.098903 0.914856
v 0.642204 1.140987 0.913401
v 0.618698 1.273049 0.859438
v 0.643748 1.114109 0.813145
v 0.619720 1.255272 0.793127
v 0.538473 1.144128 0.910961
v 0.550197 1.274199 0.858074
v 0.540017 1.117250 0.810705
v 0.551219 1.256421 0.791763
v 0.563693 1.386621 0.806797
v 0.564101 1.379519 0.780306
v 0.537020 1.377564 0.780413
v 0.536612 1.384666 0.806904
v 0.631760 1.079806 0.833003
v 0.630527 1.101260 0.913025
v 0.548963 1.082314 0.831055
v 0.547731 1.103767 0.911077
v 0.481579 1.145851 0.909622
v 0.458073 1.277913 0.855659
v 0.483124 1.118973 0.809366
v 0.459095 1.260136 0.789348
v 0.377848 1.148992 0.907182
v 0.389572 1.279063 0.854296
v 0.379392 1.122114 0.806926
v 0.390594 1.261285 0.787984
v 0.403068 1.391485 0.803018
v 0.403477 1.384383 0.776528
v 0.376395 1.382428 0.776634
v 0.375987 1.389530 0.803125
v 0.471135 1.084671 0.829224
v 0.469902 1.106124 0.909247
v 0.388339 1.087178 0.827277
v 0.387106 1.108631 0.907299
v 0.320955 1.150715 0.905844
v 0.297449 1.282778 0.851881
v 0.322499 1.123837 0.805588
v 0.298470 1.265000 0.785569
v 0.217223 1.153856 0.903403
v 0.228948 1.283927 0.850517
v 0.218768 1.126979 0.803148
v 0.229969 1.266150 0.784206
v 0.242444 1.396349 0.799240
v 0.242852 1.389247 0.772749
v 0.215771 1.387293 0.772856
v 0.215362 1.394395 0.799346
v 0.310510 1.089535 0.825446
v 0.309278 1.110988 0.905468
v 0.227714 1.092042 0.823498
v 0.226481 1.113495 0.903520
v 0.160330 1.155579 0.902065
v 0.136824 1.287642 0.848102
v 0.161874 1.128701 0.801809
v 0.137845 1.269864 0.781791
v 0.056598 1.158720 0.899625
v 0.068323 1.288791 0.846738
v 0.058143 1.131843 0.799369
v 0.069345 1.271014 0.780427
v 0.081819 1.401213 0.795461
v 0.082227 1.394111 0.768970
v 0.055146 1.392157 0.769077
v 0.054738 1.399259 0.795568
v 0.149885 1.094399 0.821667
v 0.148653 1.115852 0.901689
v 0.067089 1.096906 0.819719
v 0.065856 1.118359 0.899742
v -1.139860 1.105164 0.847538
v -1.144300 1.112366 0.875066
v -1.139016 1.119863 0.902366
v -1.121827 1.152027 0.914633
v -1.117763 1.184041 0.901732
v -1.110980 1.220247 0.886843
v -1.110437 1.254267 0.855942
v -1.113927 1.249353 0.837874
v -1.110995 1.244545 0.819678
v -1.112165 1.199636 0.809964
v -1.119094 1.160890 0.815380
v -1.123280 1.126748 0.820342
v -1.045610 1.098166 0.808495
v -1.074047 1.096048 0.804463
v -1.102338 1.096449 0.809830
v -1.086218 1.238440 0.794828
v -1.067535 1.237921 0.791347
v -1.048756 1.239068 0.794083
v -1.032667 1.201654 0.808198
v -1.029761 1.163480 0.813309
v -1.025721 1.129688 0.818050
v -1.006110 1.123888 0.899239
v -1.001670 1.116686 0.871711
v -1.006954 1.109189 0.844412
v -1.023229 1.246018 0.817931
v -1.019738 1.250933 0.835999
v -1.022670 1.255740 0.854195
v -1.031482 1.222264 0.885077
v -1.028431 1.186630 0.899661
v -1.024269 1.154967 0.912342
v -1.100359 1.130886 0.938282
v -1.071923 1.133005 0.942315
v -1.043631 1.132604 0.936948
v -1.047447 1.261846 0.879044
v -1.066130 1.262365 0.882525
v -1.084909 1.261217 0.879790
v -1.044569 1.376470 0.810983
v -1.044077 1.377391 0.802472
v -1.044806 1.372340 0.795580
v -1.038097 1.369917 0.788966
v -1.029119 1.372026 0.787718
v -1.022359 1.368712 0.789046
v -1.015445 1.369870 0.795790
v -1.013702 1.374644 0.802740
v -1.015207 1.373999 0.811193
v -1.021916 1.376423 0.817807
v -1.028660 1.380009 0.817494
v -1.037654 1.377628 0.817727
v -1.086269 1.296225 0.854442
v -1.070341 1.330078 0.839197
v -1.055645 1.356504 0.826460
v -1.056168 1.347396 0.792489
v -1.071020 1.318257 0.795103
v -1.087118 1.281441 0.799297
v -1.029416 1.296221 0.853567
v -1.025010 1.328981 0.838793
v -1.020829 1.354735 0.826398
v -1.021353 1.345628 0.792427
v -1.025689 1.317160 0.794699
v -1.030265 1.281438 0.798422
v -1.119397 1.068727 0.860932
v -1.122053 1.074664 0.884831
v -1.118666 1.081455 0.908409
v -1.047740 1.064980 0.837129
v -1.072334 1.063115 0.834865
v -1.096863 1.063492 0.838285
v -1.023793 1.084328 0.906177
v -1.021113 1.077721 0.882457
v -1.024524 1.071600 0.858700
v -1.095450 1.088075 0.929980
v -1.070831 1.089270 0.932423
v -1.046327 1.089562 0.928824
v -1.126614 1.080892 0.827800
v -1.125113 1.070128 0.831781
v -1.120094 1.065697 0.837800
v -1.118674 1.090405 0.929965
v -1.123553 1.097291 0.933103
v -1.125021 1.108615 0.931208
v -1.018028 1.111855 0.928691
v -1.018718 1.100466 0.930636
v -1.023314 1.093293 0.927722
v -1.024733 1.068585 0.835556
v -1.020279 1.073302 0.829314
v -1.019621 1.084132 0.825283
v -0.979235 1.110029 0.843760
v -0.983675 1.117231 0.871288
v -0.978391 1.124727 0.898587
v -0.961203 1.156891 0.910854
v -0.957139 1.188905 0.897953
v -0.950356 1.225111 0.883064
v -0.949812 1.259132 0.852163
v -0.953302 1.254217 0.834095
v -0.950370 1.249410 0.815899
v -0.951540 1.204501 0.806185
v -0.958469 1.165754 0.811601
v -0.962655 1.131612 0.816563
v -0.884985 1.103031 0.804716
v -0.913422 1.100912 0.800684
v -0.941714 1.101313 0.806051
v -0.925593 1.243304 0.791050
v -0.906910 1.242785 0.787569
v -0.888131 1.243933 0.790304
v -0.872042 1.206518 0.804420
v -0.869137 1.168344 0.809530
v -0.865097 1.134552 0.814272
v -0.845485 1.128752 0.895461
v -0.841045 1.121550 0.867932
v -0.846329 1.114053 0.840633
v -0.862604 1.250882 0.814152
v -0.859113 1.255797 0.832220
v -0.862045 1.260604 0.850416
v -0.870858 1.227128 0.881298
v -0.867806 1.191494 0.895883
v -0.863644 1.159831 0.908563
v -0.939735 1.135750 0.934504
v -0.911298 1.137869 0.938536
v -0.883007 1.137468 0.933169
v -0.886823 1.266710 0.875266
v -0.905505 1.267229 0.878747
v -0.924284 1.266081 0.876011
v -0.883944 1.381334 0.807204
v -0.883452 1.382256 0.798693
v -0.884181 1.377204 0.791802
v -0.877472 1.374781 0.785187
v -0.868494 1.376890 0.783939
v -0.861734 1.373576 0.785268
v -0.854820 1.374734 0.792012
v -0.853077 1.379508 0.798962
v -0.854582 1.378863 0.807414
v -0.861291 1.381287 0.814029
v -0.868035 1.384873 0.813715
v -0.877029 1.382492 0.813948
v -0.925644 1.301089 0.850664
v -0.909716 1.334942 0.835419
v -0.895020 1.361368 0.822681
v -0.895544 1.352261 0.788710
v -0.910396 1.323121 0.791324
v -0.926493 1.286305 0.795519
v -0.868791 1.301086 0.849789
v -0.864385 1.333845 0.835014
v -0.860205 1.359599 0.822619
v -0.860728 1.350492 0.788648
v -0.865064 1.322024 0.790920
v -0.869640 1.286302 0.794644
v -0.958773 1.073591 0.857153
v -0.961428 1.079528 0.881053
v -0.958041 1.086319 0.904630
v -0.887115 1.069844 0.833351
v -0.911709 1.067979 0.831087
v -0.936238 1.068357 0.834506
v -0.863168 1.089192 0.902399
v -0.860488 1.082585 0.878678
v -0.863899 1.076464 0.854921
v -0.934825 1.092939 0.926201
v -0.910207 1.094134 0.928644
v -0.885702 1.094427 0.925045
v -0.965989 1.085756 0.824021
v -0.964489 1.074992 0.828002
v -0.959469 1.070561 0.834021
v -0.958049 1.095270 0.926186
v -0.962928 1.102155 0.929324
v -0.964396 1.113479 0.927429
v -0.857403 1.116719 0.924912
v -0.858093 1.105330 0.926858
v -0.862689 1.098157 0.923943
v -0.864109 1.073449 0.831778
v -0.859654 1.078166 0.825536
v -0.858996 1.088996 0.821504
v -0.818611 1.114893 0.839981
v -0.823051 1.122095 0.867509
v -0.817766 1.129591 0.894809
v -0.800578 1.161755 0.907076
v -0.796514 1.193769 0.894175
v -0.789731 1.229975 0.879285
v -0.789187 1.263996 0.848385
v -0.792677 1.259081 0.830316
v -0.789746 1.254274 0.812121
v -0.790915 1.209365 0.802406
v -0.797844 1.170619 0.807822
v -0.802030 1.136476 0.812784
v -0.724361 1.107895 0.800938
v -0.752797 1.105776 0.796906
v -0.781089 1.106177 0.802272
v -0.764968 1.248168 0.787271
v -0.746285 1.247649 0.783790
v -0.727507 1.248797 0.786526
v -0.711417 1.211382 0.800641
v -0.708512 1.173208 0.805752
v -0.704472 1.139416 0.810493
v -0.684860 1.133616 0.891682
v -0.680420 1.126414 0.864154
v -0.685705 1.118917 0.836855
v -0.701979 1.255746 0.810374
v -0.698489 1.260661 0.828442
v -0.701420 1.265468 0.846638
v -0.710233 1.231992 0.877520
v -0.707181 1.196359 0.892104
v -0.703019 1.164695 0.904785
v -0.779110 1.140614 0.930725
v -0.750673 1.142733 0.934757
v -0.722382 1.142332 0.929391
v -0.726198 1.271574 0.871487
v -0.744881 1.272093 0.874968
v -0.763659 1.270945 0.872233
v -0.723319 1.386198 0.803426
v -0.722828 1.387120 0.794914
v -0.723557 1.382069 0.788023
v -0.716848 1.379645 0.781408
v -0.707869 1.381755 0.780161
v -0.701110 1.378440 0.781489
v -0.694195 1.379598 0.788233
v -0.692452 1.384372 0.795183
v -0.693958 1.383728 0.803636
v -0.700667 1.386151 0.810250
v -0.707411 1.389737 0.809937
v -0.716405 1.387356 0.810170
v -0.765019 1.305953 0.846885
v -0.749091 1.339806 0.831640
v -0.734396 1.366232 0.818903
v -0.734919 1.357125 0.784931
v -0.749771 1.327985 0.787546
v -0.765869 1.291169 0.791740
v -0.708166 1.305950 0.846010
v -0.703760 1.338710 0.831236
v -0.699580 1.364463 0.818841
v -0.700103 1.355356 0.784869
v -0.704440 1.326888 0.787142
v -0.709016 1.291166 0.790865
v -0.798148 1.078455 0.853375
v -0.800803 1.084392 0.877274
v -0.797416 1.091183 0.900852
v -0.726490 1.074708 0.829572
v -0.751085 1.072844 0.827308
v -0.775613 1.073221 0.830728
v -0.702543 1.094056 0.898620
v -0.699863 1.087449 0.874900
v -0.703274 1.081328 0.851143
v -0.774201 1.097803 0.922422
v -0.749582 1.098998 0.924866
v -0.725078 1.099291 0.921267
v -0.805364 1.090620 0.820242
v -0.803864 1.079856 0.824223
v -0.798844 1.075425 0.830242
v -0.797424 1.100134 0.922408
v -0.802303 1.107019 0.925545
v -0.803771 1.118343 0.923650
v -0.696778 1.121583 0.921133
v -0.697468 1.110194 0.923079
v -0.702064 1.103022 0.920164
v -0.703484 1.078313 0.827999
v -0.699029 1.083031 0.821757
v -0.698371 1.093860 0.817725
v -0.657986 1.119757 0.836203
v -0.662426 1.126959 0.863731
v -0.657141 1.134455 0.891030
v -0.639953 1.166619 0.903297
v -0.635889 1.198633 0.890396
v -0.629106 1.234839 0.875507
v -0.628562 1.268860 0.844606
v -0.632053 1.263945 0.826538
v -0.629121 1.259138 0.808342
v -0.630290 1.214229 0.798628
v -0.637219 1.175483 0.804044
v -0.641406 1.141340 0.809006
v -0.563736 1.112759 0.797159
v -0.592172 1.110640 0.793127
v -0.620464 1.111041 0.798494
v -0.604343 1.253032 0.783493
v -0.585661 1.252513 0.780011
v -0.566882 1.253661 0.782747
v -0.550792 1.216246 0.796862
v -0.547887 1.178072 0.801973
v -0.543847 1.144280 0.806715
v -0.524235 1.138480 0.887903
v -0.519795 1.131278 0.860375
v -0.525080 1.123781 0.833076
v -0.541354 1.260611 0.806595
v -0.537864 1.265525 0.824663
v -0.540795 1.270333 0.842859
v -0.549608 1.236857 0.873741
v -0.546557 1.201223 0.888326
v -0.542394 1.169559 0.901006
v -0.618485 1.145478 0.926947
v -0.590049 1.147597 0.930979
v -0.561757 1.147196 0.925612
v -0.565573 1.276438 0.867708
v -0.584256 1.276957 0.871189
v -0.603034 1.275810 0.868454
v -0.562694 1.391062 0.799647
v -0.562203 1.391984 0.791136
v -0.562932 1.386933 0.784244
v -0.556223 1.384509 0.777630
v -0.547245 1.386619 0.776382
v -0.540485 1.383304 0.777710
v -0.533570 1.384462 0.784454
v -0.531828 1.389236 0.791404
v -0.533333 1.388592 0.799857
v -0.540042 1.391015 0.806472
v -0.546786 1.394601 0.806158
v -0.555780 1.392220 0.806391
v -0.604394 1.310817 0.843106
v -0.588467 1.344671 0.827861
v -0.573771 1.371096 0.815124
v -0.574294 1.361989 0.781153
v -0.589146 1.332849 0.783767
v -0.605244 1.296033 0.787962
v -0.547541 1.310814 0.842231
v -0.543135 1.343574 0.827457
v -0.538955 1.369327 0.815062
v -0.539478 1.360220 0.781091
v -0.543815 1.331752 0.783363
v -0.548391 1.296030 0.787087
v -0.637523 1.083319 0.849596
v -0.640178 1.089257 0.873496
v -0.636792 1.096047 0.897073
v -0.565865 1.079572 0.825794
v -0.590460 1.077708 0.823529
v -0.614989 1.078085 0.826949
v -0.541918 1.098920 0.894841
v -0.539239 1.092313 0.871121
v -0.542650 1.086192 0.847364
v -0.613576 1.102667 0.918644
v -0.588957 1.103862 0.921087
v -0.564453 1.104155 0.917488
v -0.644740 1.095484 0.816464
v -0.643239 1.084720 0.820445
v -0.638219 1.080289 0.826464
v -0.636799 1.104998 0.918629
v -0.641678 1.111884 0.921767
v -0.643147 1.123207 0.919872
v -0.536154 1.126447 0.917355
v -0.536844 1.115058 0.919300
v -0.541439 1.107886 0.916386
v -0.542859 1.083177 0.824221
v -0.538405 1.087895 0.817979
v -0.537747 1.098724 0.813947
v -0.497361 1.124621 0.832424
v -0.501801 1.131823 0.859952
v -0.496516 1.139320 0.887251
v -0.479328 1.171483 0.899519
v -0.475264 1.203497 0.886618
v -0.468481 1.239703 0.871728
v -0.467937 1.273724 0.840827
v -0.471428 1.268809 0.822759
v -0.468496 1.264002 0.804563
v -0.469666 1.219093 0.794849
v -0.476595 1.180347 0.800265
v -0.480781 1.146205 0.805227
v -0.403111 1.117623 0.793381
v -0.431548 1.115504 0.789348
v -0.459839 1.115905 0.794715
v -0.443719 1.257896 0.779714
v -0.425036 1.257377 0.776233
v -0.406257 1.258525 0.778968
v -0.390168 1.221110 0.793084
v -0.387262 1.182936 0.798195
v -0.383222 1.149145 0.802936
v -0.363610 1.143344 0.884125
v -0.359170 1.136142 0.856597
v -0.364455 1.128646 0.829297
v -0.380729 1.265475 0.802816
v -0.377239 1.270390 0.820884
v -0.380171 1.275197 0.839080
v -0.388983 1.241721 0.869963
v -0.385932 1.206087 0.884547
v -0.381770 1.174423 0.897227
v -0.457860 1.150342 0.923168
v -0.429424 1.152461 0.927200
v -0.401132 1.152060 0.921833
v -0.404948 1.281302 0.863930
v -0.423631 1.281821 0.867411
v -0.442410 1.280674 0.864675
v -0.402070 1.395926 0.795868
v -0.401578 1.396848 0.787357
v -0.402307 1.391797 0.780466
v -0.395598 1.389374 0.773851
v -0.386620 1.391483 0.772603
v -0.379860 1.388168 0.773932
v -0.372946 1.389326 0.780676
v -0.371203 1.394100 0.787626
v -0.372708 1.393456 0.796078
v -0.379417 1.395879 0.802693
v -0.386161 1.399466 0.802379
v -0.395155 1.397084 0.802612
v -0.443769 1.315681 0.839328
v -0.427842 1.349535 0.824083
v -0.413146 1.375960 0.811346
v -0.413669 1.366853 0.777374
v -0.428521 1.337713 0.779989
v -0.444619 1.300897 0.784183
v -0.386916 1.315678 0.838453
v -0.382511 1.348438 0.823679
v -0.378330 1.374192 0.811283
v -0.378854 1.365084 0.777312
v -0.383190 1.336617 0.779584
v -0.387766 1.300894 0.783308
v -0.476898 1.088183 0.845817
v -0.479554 1.094121 0.869717
v -0.476167 1.100911 0.893295
v -0.405241 1.084436 0.822015
v -0.429835 1.082572 0.819751
v -0.454364 1.082949 0.823170
v -0.381293 1.103785 0.891063
v -0.378614 1.097177 0.867342
v -0.382025 1.091056 0.843586
v -0.452951 1.107531 0.914865
v -0.428332 1.108726 0.917309
v -0.403828 1.109019 0.913710
v -0.484115 1.100349 0.812685
v -0.482614 1.089584 0.816666
v -0.477595 1.085153 0.822685
v -0.476175 1.109862 0.914850
v -0.481053 1.116748 0.917988
v -0.482522 1.128071 0.916093
v -0.375529 1.131311 0.913576
v -0.376219 1.119922 0.915522
v -0.380814 1.112750 0.912607
v -0.382234 1.088041 0.820442
v -0.377780 1.092759 0.814200
v -0.377122 1.103589 0.810168
v -0.336736 1.129485 0.828645
v -0.341176 1.136687 0.856173
v -0.335892 1.144184 0.883473
v -0.318703 1.176347 0.895740
v -0.314639 1.208361 0.882839
v -0.307856 1.244568 0.867949
v -0.307313 1.278588 0.837049
v -0.310803 1.273673 0.818981
v -0.307871 1.268866 0.800785
v -0.309041 1.223957 0.791071
v -0.315970 1.185211 0.796487
v -0.320156 1.151069 0.801448
v -0.242486 1.122487 0.789602
v -0.270923 1.120368 0.785570
v -0.299214 1.120769 0.790937
v -0.283094 1.262761 0.775935
v -0.264411 1.262241 0.772454
v -0.245632 1.263389 0.775190
v -0.229543 1.225974 0.789305
v -0.226637 1.187801 0.794416
v -0.222597 1.154009 0.799157
v -0.202986 1.148208 0.880346
v -0.198545 1.141006 0.852818
v -0.203830 1.133510 0.825519
v -0.220105 1.270339 0.799038
v -0.216614 1.275254 0.817106
v -0.219546 1.280061 0.835302
v -0.228359 1.246585 0.866184
v -0.225307 1.210951 0.880768
v -0.221145 1.179287 0.893449
v -0.297235 1.155206 0.919389
v -0.268799 1.157325 0.923422
v -0.240507 1.156924 0.918055
v -0.244323 1.286167 0.860151
v -0.263006 1.286685 0.863632
v -0.281785 1.285538 0.860897
v -0.241445 1.400790 0.792090
v -0.240953 1.401712 0.783578
v -0.241682 1.396661 0.776687
v -0.234973 1.394238 0.770073
v -0.225995 1.396347 0.768825
v -0.219235 1.393033 0.770153
v -0.212321 1.394191 0.776897
v -0.210578 1.398965 0.783847
v -0.212083 1.398320 0.792300
v -0.218792 1.400743 0.798914
v -0.225536 1.404330 0.798601
v -0.234530 1.401948 0.798834
v -0.283144 1.320545 0.835549
v -0.267217 1.354399 0.820304
v -0.252521 1.380825 0.807567
v -0.253044 1.371717 0.773596
v -0.267896 1.342578 0.776210
v -0.283994 1.305762 0.780404
v -0.226292 1.320542 0.834674
v -0.221886 1.353302 0.819900
v -0.217705 1.379056 0.807505
v -0.218229 1.369948 0.773533
v -0.222565 1.341481 0.775806
v -0.227141 1.305758 0.779529
v -0.316273 1.093047 0.842039
v -0.318929 1.098985 0.865938
v -0.315542 1.105776 0.889516
v -0.244616 1.089301 0.818236
v -0.269210 1.087436 0.815972
v -0.293739 1.087813 0.819392
v -0.220669 1.108649 0.887284
v -0.217989 1.102041 0.863564
v -0.221400 1.095920 0.839807
v -0.292326 1.112396 0.911086
v -0.267707 1.113590 0.913530
v -0.243203 1.113883 0.909931
v -0.323490 1.105213 0.808906
v -0.321990 1.094448 0.812887
v -0.316970 1.090017 0.818907
v -0.315550 1.114726 0.911072
v -0.320429 1.121612 0.914209
v -0.321897 1.132936 0.912315
v -0.214904 1.136176 0.909798
v -0.215594 1.124786 0.911743
v -0.220190 1.117614 0.908828
v -0.221609 1.092905 0.816663
v -0.217155 1.097623 0.810421
v -0.216497 1.108453 0.806390
v -0.176111 1.134349 0.824867
v -0.180552 1.141551 0.852395
v -0.175267 1.149048 0.879694
v -0.158078 1.181212 0.891961
v -0.154015 1.213225 0.879060
v -0.147232 1.249432 0.864171
v -0.146688 1.283452 0.833270
v -0.150178 1.278537 0.815202
v -0.147247 1.273730 0.797006
v -0.148416 1.228821 0.787292
v -0.155345 1.190075 0.792708
v -0.159531 1.155933 0.797670
v -0.081862 1.127351 0.785823
v -0.110298 1.125232 0.781791
v -0.138590 1.125633 0.787158
v -0.122469 1.267625 0.772157
v -0.103786 1.267106 0.768676
v -0.085008 1.268253 0.771411
v -0.068918 1.230838 0.785527
v -0.066013 1.192665 0.790637
v -0.061973 1.158873 0.795379
v -0.042361 1.153073 0.876567
v -0.037921 1.145870 0.849039
v -0.043206 1.138374 0.821740
v -0.059480 1.275203 0.795259
v -0.055990 1.280118 0.813327
v -0.058921 1.284925 0.831523
v -0.067734 1.251449 0.862405
v -0.064682 1.215815 0.876990
v -0.060520 1.184152 0.889670
v -0.136611 1.160071 0.915611
v -0.108174 1.162189 0.919643
v -0.079882 1.161788 0.914276
v -0.083699 1.291031 0.856372
v -0.102382 1.291550 0.859854
v -0.121160 1.290402 0.857118
v -0.080820 1.405654 0.788311
v -0.080328 1.406576 0.779800
v -0.081057 1.401525 0.772909
v -0.074348 1.399102 0.766294
v -0.065370 1.401211 0.765046
v -0.058610 1.397897 0.766375
v -0.051696 1.399055 0.773118
v -0.049953 1.403829 0.780068
v -0.051459 1.403184 0.788521
v -0.058168 1.405607 0.795136
v -0.064911 1.409194 0.794822
v -0.073905 1.406812 0.795055
v -0.122520 1.325410 0.831771
v -0.106592 1.359263 0.816526
v -0.091896 1.385689 0.803788
v -0.092420 1.376581 0.769817
v -0.107271 1.347442 0.772431
v -0.123369 1.310626 0.776626
v -0.065667 1.325406 0.830896
v -0.061261 1.358166 0.816121
v -0.057081 1.383920 0.803726
v -0.057604 1.374812 0.769755
v -0.061940 1.346345 0.772027
v -0.066516 1.310622 0.775751
v -0.155649 1.097912 0.838260
v -0.158304 1.103849 0.862160
v -0.154917 1.110640 0.885737
v -0.083991 1.094165 0.814458
v -0.108586 1.092300 0.812193
v -0.133114 1.092677 0.815613
v -0.060044 1.113513 0.883505
v -0.057364 1.106906 0.859785
v -0.060775 1.100785 0.836028
v -0.131701 1.117260 0.907308
v -0.107083 1.118454 0.909751
v -0.082578 1.118747 0.906152
v -0.162865 1.110077 0.805128
v -0.161365 1.099312 0.809109
v -0.156345 1.094882 0.815128
v -0.154925 1.119590 0.907293
v -0.159804 1.126476 0.910431
v -0.161272 1.137800 0.908536
v -0.054279 1.141040 0.906019
v -0.054969 1.129651 0.907965
v -0.059565 1.122478 0.905050
v -0.060984 1.097769 0.812885
v -0.056530 1.102487 0.806643
v -0.055872 1.113317 0.802611
v 1.139860 1.105164 0.847538
v 1.144300 1.112367 0.875066
v 1.139016 1.119863 0.902366
v 1.121828 1.152027 0.914633
v 1.117763 1.184041 0.901732
v 1.110981 1.220247 0.886843
v 1.110437 1.254267 0.855942
v 1.113927 1.249353 0.837874
v 1.110996 1.244545 0.819678
v 1.112165 1.199636 0.809964
v 1.119094 1.160890 0.815380
v 1.123280 1.126748 0.820342
v 1.045610 1.098166 0.808495
v 1.074047 1.096048 0.804463
v 1.102338 1.096449 0.809830
v 1.086218 1.238440 0.794828
v 1.067535 1.237921 0.791347
v 1.048756 1.239069 0.794083
v 1.032667 1.201654 0.808198
v 1.029761 1.163480 0.813309
v 1.025722 1.129688 0.818050
v 1.006110 1.123888 0.899239
v 1.001669 1.116686 0.871711
v 1.006955 1.109189 0.844412
v 1.023229 1.246018 0.817931
v 1.019738 1.250933 0.835999
v 1.022670 1.255740 0.854195
v 1.031482 1.222264 0.885077
v 1.028431 1.186630 0.899661
v 1.024269 1.154967 0.912342
v 1.100360 1.130886 0.938282
v 1.071923 1.133005 0.942315
v 1.043632 1.132604 0.936948
v 1.047448 1.261846 0.879044
v 1.066130 1.262365 0.882525
v 1.084909 1.261217 0.879790
v 1.044569 1.376470 0.810983
v 1.044078 1.377392 0.802472
v 1.044807 1.372340 0.795580
v 1.038098 1.369917 0.788966
v 1.029119 1.372026 0.787718
v 1.022359 1.368712 0.789046
v 1.015445 1.369870 0.795790
v 1.013702 1.374644 0.802740
v 1.015207 1.373999 0.811193
v 1.021916 1.376423 0.817807
v 1.028661 1.380009 0.817494
v 1.037655 1.377628 0.817727
v 1.086268 1.296225 0.854442
v 1.070341 1.330078 0.839197
v 1.055645 1.356504 0.826460
v 1.056169 1.347397 0.792489
v 1.071020 1.318257 0.795103
v 1.087118 1.281441 0.799297
v 1.029415 1.296221 0.853567
v 1.025010 1.328981 0.838793
v 1.020830 1.354735 0.826398
v 1.021353 1.345628 0.792426
v 1.025689 1.317160 0.794699
v 1.030265 1.281438 0.798422
v 1.119398 1.068727 0.860932
v 1.122053 1.074664 0.884831
v 1.118666 1.081455 0.908409
v 1.047740 1.064980 0.837129
v 1.072334 1.063115 0.834865
v 1.096863 1.063492 0.838285
v 1.023793 1.084328 0.906177
v 1.021113 1.077721 0.882457
v 1.024524 1.071600 0.858700
v 1.095451 1.088075 0.929980
v 1.070831 1.089270 0.932423
v 1.046327 1.089563 0.928824
v 1.126614 1.080892 0.827800
v 1.125114 1.070128 0.831780
v 1.120094 1.065697 0.837800
v 1.118674 1.090405 0.929965
v 1.123553 1.097291 0.933102
v 1.125021 1.108615 0.931208
v 1.018028 1.111855 0.928691
v 1.018718 1.100466 0.930636
v 1.023314 1.093293 0.927721
v 1.024734 1.068585 0.835556
v 1.020279 1.073302 0.829314
v 1.019621 1.084132 0.825283
v 0.979235 1.110029 0.843760
v 0.983676 1.117231 0.871288
v 0.978391 1.124727 0.898587
v 0.961203 1.156891 0.910854
v 0.957139 1.188905 0.897953
v 0.950356 1.225111 0.883064
v 0.949812 1.259132 0.852163
v 0.953302 1.254217 0.834095
v 0.950370 1.249410 0.815899
v 0.951540 1.204501 0.806185
v 0.958469 1.165755 0.811601
v 0.962655 1.131612 0.816563
v 0.884986 1.103031 0.804716
v 0.913422 1.100912 0.800684
v 0.941714 1.101313 0.806051
v 0.925593 1.243304 0.791050
v 0.906910 1.242785 0.787569
v 0.888132 1.243933 0.790304
v 0.872042 1.206518 0.804420
v 0.869137 1.168344 0.809530
v 0.865097 1.134552 0.814272
v 0.845485 1.128752 0.895461
v 0.841045 1.121550 0.867932
v 0.846329 1.114053 0.840633
v 0.862604 1.250882 0.814152
v 0.859113 1.255797 0.832220
v 0.862045 1.260604 0.850416
v 0.870858 1.227128 0.881298
v 0.867806 1.191494 0.895883
v 0.863644 1.159831 0.908563
v 0.939735 1.135750 0.934504
v 0.911298 1.137869 0.938536
v 0.883007 1.137468 0.933169
v 0.886823 1.266710 0.875265
v 0.905506 1.267229 0.878747
v 0.924284 1.266081 0.876011
v 0.883944 1.381334 0.807204
v 0.883453 1.382256 0.798693
v 0.884181 1.377204 0.791802
v 0.877473 1.374781 0.785187
v 0.868494 1.376890 0.783939
v 0.861735 1.373576 0.785268
v 0.854820 1.374734 0.792012
v 0.853077 1.379508 0.798962
v 0.854583 1.378863 0.807414
v 0.861291 1.381287 0.814029
v 0.868035 1.384873 0.813715
v 0.877030 1.382492 0.813948
v 0.925644 1.301089 0.850664
v 0.909716 1.334942 0.835419
v 0.895020 1.361368 0.822681
v 0.895544 1.352261 0.788710
v 0.910396 1.323121 0.791324
v 0.926493 1.286305 0.795519
v 0.868791 1.301086 0.849789
v 0.864385 1.333845 0.835014
v 0.860205 1.359599 0.822619
v 0.860728 1.350492 0.788648
v 0.865064 1.322024 0.790920
v 0.869640 1.286302 0.794644
v 0.958773 1.073591 0.857153
v 0.961428 1.079528 0.881053
v 0.958041 1.086319 0.904630
v 0.887115 1.069844 0.833351
v 0.911710 1.067979 0.831087
v 0.936238 1.068357 0.834506
v 0.863168 1.089192 0.902398
v 0.860488 1.082585 0.878678
v 0.863899 1.076464 0.854921
v 0.934826 1.092939 0.926201
v 0.910207 1.094134 0.928644
v 0.885703 1.094427 0.925045
v 0.965989 1.085756 0.824021
v 0.964489 1.074992 0.828002
v 0.959469 1.070561 0.834021
v 0.958049 1.095270 0.926186
v 0.962928 1.102155 0.929324
v 0.964396 1.113479 0.927429
v 0.857403 1.116719 0.924912
v 0.858093 1.105330 0.926858
v 0.862689 1.098157 0.923943
v 0.864109 1.073449 0.831778
v 0.859655 1.078166 0.825536
v 0.858996 1.088996 0.821504
v 0.818611 1.114893 0.839981
v 0.823051 1.122095 0.867509
v 0.817766 1.129591 0.894808
v 0.800578 1.161755 0.907076
v 0.796514 1.193769 0.894175
v 0.789731 1.229975 0.879285
v 0.789187 1.263996 0.848384
v 0.792677 1.259081 0.830316
v 0.789746 1.254274 0.812121
v 0.790915 1.209365 0.802406
v 0.797844 1.170619 0.807822
v 0.802031 1.136476 0.812784
v 0.724361 1.107895 0.800938
v 0.752797 1.105776 0.796906
v 0.781089 1.106177 0.802272
v 0.764969 1.248168 0.787271
v 0.746285 1.247649 0.783790
v 0.727507 1.248797 0.786526
v 0.711417 1.211382 0.800641
v 0.708512 1.173208 0.805752
v 0.704472 1.139416 0.810493
v 0.684860 1.133616 0.891682
v 0.680420 1.126414 0.864154
v 0.685705 1.118917 0.836855
v 0.701979 1.255746 0.810374
v 0.698489 1.260661 0.828442
v 0.701420 1.265468 0.846638
v 0.710233 1.231992 0.877520
v 0.707181 1.196359 0.892104
v 0.703019 1.164695 0.904785
v 0.779110 1.140614 0.930725
v 0.750674 1.142733 0.934757
v 0.722382 1.142332 0.929391
v 0.726198 1.271574 0.871487
v 0.744881 1.272093 0.874968
v 0.763659 1.270945 0.872233
v 0.723319 1.386198 0.803426
v 0.722828 1.387120 0.794914
v 0.723557 1.382069 0.788023
v 0.716848 1.379645 0.781408
v 0.707869 1.381755 0.780161
v 0.701110 1.378440 0.781489
v 0.694195 1.379598 0.788233
v 0.692453 1.384372 0.795183
v 0.693958 1.383728 0.803636
v 0.700667 1.386151 0.810250
v 0.707411 1.389737 0.809937
v 0.716405 1.387356 0.810170
v 0.765019 1.305953 0.846885
v 0.749092 1.339806 0.831640
v 0.734396 1.366232 0.818903
v 0.734919 1.357125 0.784931
v 0.749771 1.327985 0.787546
v 0.765869 1.291169 0.791740
v 0.708166 1.305950 0.846010
v 0.703761 1.338710 0.831236
v 0.699580 1.364463 0.818841
v 0.700103 1.355356 0.784869
v 0.704440 1.326888 0.787142
v 0.709016 1.291166 0.790865
v 0.798148 1.078455 0.853375
v 0.800803 1.084392 0.877274
v 0.797416 1.091183 0.900852
v 0.726490 1.074708 0.829572
v 0.751085 1.072844 0.827308
v 0.775613 1.073221 0.830728
v 0.702543 1.094056 0.898620
v 0.699863 1.087449 0.874900
v 0.703275 1.081328 0.851143
v 0.774201 1.097803 0.922422
v 0.749582 1.098998 0.924866
v 0.725078 1.099291 0.921267
v 0.805364 1.090620 0.820242
v 0.803864 1.079856 0.824223
v 0.798844 1.075425 0.830242
v 0.797424 1.100134 0.922408
v 0.802303 1.107019 0.925545
v 0.803771 1.118343 0.923650
v 0.696779 1.121583 0.921133
v 0.697468 1.110194 0.923079
v 0.702064 1.103022 0.920164
v 0.703484 1.078313 0.827999
v 0.699030 1.083031 0.821757
v 0.698372 1.093860 0.817725
v 0.657986 1.119757 0.836202
v 0.662426 1.126959 0.863731
v 0.657141 1.134456 0.891030
v 0.639953 1.166619 0.903297
v 0.635889 1.198633 0.890396
v 0.629106 1.234839 0.875507
v 0.628562 1.268860 0.844606
v 0.632053 1.263945 0.826538
v 0.629121 1.259138 0.808342
v 0.630290 1.214229 0.798628
v 0.637219 1.175483 0.804044
v 0.641405 1.141340 0.809006
v 0.563736 1.112759 0.797159
v 0.592173 1.110640 0.793127
v 0.620464 1.111041 0.798494
v 0.604343 1.253032 0.783493
v 0.585661 1.252513 0.780011
v 0.566882 1.253661 0.782747
v 0.550792 1.216246 0.796862
v 0.547887 1.178072 0.801973
v 0.543847 1.144280 0.806715
v 0.524235 1.138480 0.887903
v 0.519795 1.131278 0.860375
v 0.525080 1.123782 0.833076
v 0.541354 1.260611 0.806595
v 0.537864 1.265525 0.824663
v 0.540796 1.270333 0.842859
v 0.549608 1.236857 0.873741
v 0.546557 1.201223 0.888326
v 0.542394 1.169559 0.901006
v 0.618485 1.145478 0.926947
v 0.590049 1.147597 0.930979
v 0.561757 1.147196 0.925612
v 0.565573 1.276438 0.867708
v 0.584256 1.276957 0.871189
v 0.603035 1.275810 0.868454
v 0.562695 1.391062 0.799647
v 0.562203 1.391984 0.791136
v 0.562932 1.386933 0.784244
v 0.556223 1.384509 0.777630
v 0.547245 1.386619 0.776382
v 0.540485 1.383304 0.777710
v 0.533570 1.384462 0.784454
v 0.531828 1.389236 0.791404
v 0.533333 1.388592 0.799857
v 0.540042 1.391015 0.806472
v 0.546786 1.394601 0.806158
v 0.555780 1.392220 0.806391
v 0.604394 1.310817 0.843106
v 0.588467 1.344671 0.827861
v 0.573771 1.371096 0.815124
v 0.574294 1.361989 0.781153
v 0.589146 1.332849 0.783767
v 0.605244 1.296033 0.787961
v 0.547541 1.310814 0.842231
v 0.543136 1.343574 0.827457
v 0.538955 1.369327 0.815062
v 0.539479 1.360220 0.781091
v 0.543815 1.331752 0.783363
v 0.548391 1.296030 0.787087
v 0.637523 1.083319 0.849596
v 0.640178 1.089257 0.873495
v 0.636792 1.096047 0.897073
v 0.565866 1.079572 0.825794
v 0.590460 1.077708 0.823529
v 0.614989 1.078085 0.826949
v 0.541918 1.098920 0.894841
v 0.539239 1.092313 0.871121
v 0.542650 1.086192 0.847364
v 0.613576 1.102667 0.918644
v 0.588957 1.103862 0.921087
v 0.564453 1.104155 0.917488
v 0.644740 1.095484 0.816464
v 0.643239 1.084720 0.820445
v 0.638219 1.080289 0.826464
v 0.636799 1.104998 0.918629
v 0.641678 1.111884 0.921767
v 0.643147 1.123207 0.919872
v 0.536154 1.126447 0.917355
v 0.536844 1.115058 0.919300
v 0.541439 1.107886 0.916386
v 0.542859 1.083177 0.824220
v 0.538405 1.087895 0.817979
v 0.537747 1.098724 0.813947
v 0.497361 1.124621 0.832424
v 0.501801 1.131823 0.859952
v 0.496517 1.139320 0.887251
v 0.479328 1.171483 0.899519
v 0.475265 1.203497 0.886617
v 0.468481 1.239703 0.871728
v 0.467938 1.273724 0.840827
v 0.471428 1.268809 0.822759
v 0.468496 1.264002 0.804563
v 0.469666 1.219093 0.794849
v 0.476595 1.180347 0.800265
v 0.480781 1.146205 0.805227
v 0.403111 1.117623 0.793381
v 0.431548 1.115504 0.789348
v 0.459839 1.115905 0.794715
v 0.443719 1.257896 0.779714
v 0.425036 1.257377 0.776233
v 0.406257 1.258525 0.778968
v 0.390168 1.221110 0.793084
v 0.387262 1.182936 0.798195
v 0.383222 1.149145 0.802936
v 0.363611 1.143344 0.884125
v 0.359170 1.136142 0.856597
v 0.364455 1.128646 0.829297
v 0.380730 1.265475 0.802816
v 0.377239 1.270390 0.820884
v 0.380171 1.275197 0.839080
v 0.388983 1.241721 0.869963
v 0.385932 1.206087 0.884547
v 0.381770 1.174423 0.897227
v 0.457861 1.150342 0.923168
v 0.429424 1.152461 0.927200
v 0.401132 1.152060 0.921833
v 0.404948 1.281302 0.863930
v 0.423631 1.281821 0.867411
v 0.442410 1.280674 0.864675
v 0.402070 1.395926 0.795868
v 0.401578 1.396848 0.787357
v 0.402307 1.391797 0.780466
v 0.395598 1.389374 0.773851
v 0.386620 1.391483 0.772603
v 0.379860 1.388168 0.773932
v 0.372946 1.389326 0.780676
v 0.371203 1.394100 0.787626
v 0.372708 1.393456 0.796078
v 0.379417 1.395879 0.802693
v 0.386161 1.399466 0.802379
v 0.395155 1.397084 0.802612
v 0.443770 1.315681 0.839328
v 0.427842 1.349535 0.824083
v 0.413146 1.375960 0.811346
v 0.413670 1.366853 0.777374
v 0.428521 1.337713 0.779989
v 0.444619 1.300897 0.784183
v 0.386917 1.315678 0.838453
v 0.382511 1.348438 0.823678
v 0.378330 1.374192 0.811283
v 0.378854 1.365084 0.777312
v 0.383190 1.336617 0.779584
v 0.387766 1.300894 0.783308
v 0.476898 1.088183 0.845817
v 0.479554 1.094121 0.869717
v 0.476167 1.100912 0.893294
v 0.405241 1.084437 0.822015
v 0.429835 1.082572 0.819751
v 0.454364 1.082949 0.823170
v 0.381294 1.103785 0.891063
v 0.378614 1.097177 0.867342
v 0.382025 1.091056 0.843585
v 0.452951 1.107531 0.914865
v 0.428333 1.108726 0.917309
v 0.403828 1.109019 0.913709
v 0.484115 1.100349 0.812685
v 0.482615 1.089584 0.816666
v 0.477595 1.085153 0.822685
v 0.476175 1.109862 0.914850
v 0.481054 1.116748 0.917988
v 0.482522 1.128071 0.916093
v 0.375529 1.131311 0.913576
v 0.376219 1.119922 0.915522
v 0.380815 1.112750 0.912607
v 0.382234 1.088041 0.820442
v 0.377780 1.092759 0.814200
v 0.377122 1.103589 0.810168
v 0.336736 1.129485 0.828645
v 0.341176 1.136687 0.856173
v 0.335892 1.144184 0.883473
v 0.318704 1.176347 0.895740
v 0.314639 1.208361 0.882839
v 0.307857 1.244568 0.867949
v 0.307313 1.278588 0.837049
v 0.310803 1.273673 0.818981
v 0.307871 1.268866 0.800785
v 0.309041 1.223957 0.791071
v 0.315970 1.185211 0.796486
v 0.320156 1.151069 0.801448
v 0.242486 1.122487 0.789602
v 0.270923 1.120368 0.785570
v 0.299215 1.120769 0.790936
v 0.283094 1.262761 0.775935
v 0.264411 1.262241 0.772454
v 0.245633 1.263389 0.775190
v 0.229543 1.225974 0.789305
v 0.226637 1.187801 0.794416
v 0.222598 1.154009 0.799157
v 0.202986 1.148208 0.880346
v 0.198546 1.141006 0.852818
v 0.203830 1.133510 0.825519
v 0.220105 1.270339 0.799038
v 0.216614 1.275254 0.817106
v 0.219546 1.280061 0.835302
v 0.228359 1.246585 0.866184
v 0.225307 1.210951 0.880768
v 0.221145 1.179287 0.893449
v 0.297236 1.155206 0.919389
v 0.268799 1.157325 0.923422
v 0.240508 1.156924 0.918055
v 0.244324 1.286167 0.860151
v 0.263006 1.286685 0.863632
v 0.281785 1.285538 0.860897
v 0.241445 1.400790 0.792090
v 0.240954 1.401712 0.783578
v 0.241682 1.396661 0.776687
v 0.234974 1.394238 0.770073
v 0.225995 1.396347 0.768825
v 0.219236 1.393033 0.770153
v 0.212321 1.394191 0.776897
v 0.210578 1.398965 0.783847
v 0.212083 1.398320 0.792300
v 0.218792 1.400743 0.798914
v 0.225536 1.404330 0.798601
v 0.234531 1.401948 0.798834
v 0.283145 1.320545 0.835549
v 0.267217 1.354399 0.820304
v 0.252521 1.380825 0.807567
v 0.253045 1.371717 0.773596
v 0.267897 1.342578 0.776210
v 0.283994 1.305762 0.780404
v 0.226292 1.320542 0.834674
v 0.221886 1.353302 0.819900
v 0.217706 1.379056 0.807505
v 0.218229 1.369948 0.773533
v 0.222565 1.341481 0.775806
v 0.227141 1.305758 0.779529
v 0.316274 1.093047 0.842039
v 0.318929 1.098985 0.865938
v 0.315542 1.105776 0.889516
v 0.244616 1.089301 0.818236
v 0.269210 1.087436 0.815972
v 0.293739 1.087813 0.819392
v 0.220669 1.108649 0.887284
v 0.217989 1.102041 0.863564
v 0.221400 1.095921 0.839807
v 0.292326 1.112396 0.911086
v 0.267708 1.113590 0.913530
v 0.243203 1.113883 0.909931
v 0.323490 1.105213 0.808906
v 0.321990 1.094448 0.812887
v 0.316970 1.090017 0.818907
v 0.315550 1.114726 0.911072
v 0.320429 1.121612 0.914209
v 0.321897 1.132936 0.912314
v 0.214904 1.136176 0.909798
v 0.215594 1.124786 0.911743
v 0.220190 1.117614 0.908828
v 0.221610 1.092905 0.816663
v 0.217155 1.097623 0.810421
v 0.216497 1.108453 0.806390
v 0.176112 1.134349 0.824867
v 0.180552 1.141551 0.852395
v 0.175267 1.149048 0.879694
v 0.158079 1.181212 0.891961
v 0.154015 1.213225 0.879060
v 0.147232 1.249432 0.864171
v 0.146688 1.283452 0.833270
v 0.150178 1.278537 0.815202
v 0.147247 1.273730 0.797006
v 0.148416 1.228821 0.787292
v 0.155345 1.190075 0.792708
v 0.159531 1.155933 0.797670
v 0.081862 1.127351 0.785823
v 0.110298 1.125232 0.781791
v 0.138590 1.125633 0.787158
v 0.122469 1.267625 0.772157
v 0.103786 1.267106 0.768676
v 0.085008 1.268253 0.771411
v 0.068918 1.230838 0.785526
v 0.066013 1.192665 0.790637
v 0.061973 1.158873 0.795379
v 0.042361 1.153073 0.876567
v 0.037921 1.145871 0.849039
v 0.043206 1.138374 0.821740
v 0.059480 1.275203 0.795259
v 0.055990 1.280118 0.813327
v 0.058921 1.284925 0.831523
v 0.067734 1.251449 0.862405
v 0.064682 1.215815 0.876990
v 0.060520 1.184152 0.889670
v 0.136611 1.160071 0.915611
v 0.108174 1.162189 0.919643
v 0.079883 1.161788 0.914276
v 0.083699 1.291031 0.856372
v 0.102382 1.291550 0.859854
v 0.121160 1.290402 0.857118
v 0.080820 1.405654 0.788311
v 0.080329 1.406576 0.779800
v 0.081057 1.401525 0.772909
v 0.074349 1.399102 0.766294
v 0.065370 1.401211 0.765046
v 0.058611 1.397897 0.766375
v 0.051696 1.399055 0.773118
v 0.049953 1.403829 0.780068
v 0.051459 1.403184 0.788521
v 0.058168 1.405607 0.795136
v 0.064911 1.409194 0.794822
v 0.073906 1.406812 0.795055
v 0.122520 1.325410 0.831771
v 0.106592 1.359263 0.816526
v 0.091896 1.385689 0.803788
v 0.092420 1.376581 0.769817
v 0.107272 1.347442 0.772431
v 0.123369 1.310626 0.776626
v 0.065667 1.325406 0.830896
v 0.061261 1.358166 0.816121
v 0.057081 1.383920 0.803726
v 0.057604 1.374812 0.769755
v 0.061941 1.346345 0.772027
v 0.066517 1.310622 0.775751
v 0.155649 1.097912 0.838260
v 0.158304 1.103849 0.862160
v 0.154917 1.110640 0.885737
v 0.083991 1.094165 0.814458
v 0.108586 1.092300 0.812193
v 0.133114 1.092677 0.815613
v 0.060044 1.113513 0.883505
v 0.057364 1.106906 0.859785
v 0.060776 1.100785 0.836028
v 0.131702 1.117260 0.907308
v 0.107083 1.118454 0.909751
v 0.082579 1.118747 0.906152
v 0.162865 1.110077 0.805128
v 0.161365 1.099312 0.809109
v 0.156345 1.094882 0.815128
v 0.154925 1.119590 0.907293
v 0.159804 1.126476 0.910431
v 0.161272 1.137800 0.908536
v 0.054280 1.141040 0.906019
v 0.054970 1.129651 0.907965
v 0.059565 1.122478 0.905050
v 0.060985 1.097769 0.812885
v 0.056530 1.102487 0.806643
v 0.055873 1.113317 0.802611
v -1.135876 1.145886 0.893592
v -1.130627 1.178432 0.882459
v -1.122428 1.215294 0.869673
v -1.140846 1.138836 0.867917
v -1.135178 1.171980 0.858944
v -1.126478 1.209563 0.848734
v -1.136670 1.132062 0.842027
v -1.131355 1.165771 0.835235
v -1.123076 1.204022 0.827630
v -1.101381 1.123859 0.806563
v -1.099041 1.158221 0.802767
v -1.094320 1.197195 0.798753
v -1.074773 1.123478 0.801516
v -1.074677 1.157844 0.798153
v -1.072638 1.196780 0.794666
v -1.048029 1.125467 0.805310
v -1.050188 1.159638 0.801635
v -1.050845 1.198298 0.797787
v -1.011673 1.135829 0.839091
v -1.016898 1.169089 0.832582
v -1.021219 1.206607 0.825368
v -1.006703 1.142879 0.864767
v -1.012346 1.175541 0.856097
v -1.017169 1.212337 0.846307
v -1.010879 1.149653 0.890657
v -1.016170 1.181749 0.879806
v -1.020571 1.217878 0.867411
v -1.046167 1.157856 0.926121
v -1.048483 1.189299 0.912274
v -1.049327 1.224705 0.896288
v -1.072776 1.158237 0.931167
v -1.072848 1.189676 0.916888
v -1.071009 1.225120 0.900375
v -1.099520 1.156248 0.927374
v -1.097337 1.187883 0.913406
v -1.092803 1.223602 0.897254
v -1.140432 1.101872 0.908134
v -1.145885 1.094133 0.879979
v -1.141303 1.086711 0.851585
v -1.138681 1.090638 0.910499
v -1.144042 1.083014 0.882932
v -1.139534 1.075787 0.855106
v -1.131970 1.084291 0.909666
v -1.136751 1.077179 0.884384
v -1.132754 1.070656 0.858808
v -1.094880 1.284845 0.811894
v -1.097279 1.288943 0.827003
v -1.094415 1.292933 0.842061
v -1.076917 1.321523 0.804986
v -1.078587 1.325253 0.816981
v -1.076544 1.328009 0.829180
v -1.059691 1.351292 0.799572
v -1.060289 1.355326 0.808637
v -1.059400 1.356362 0.818483
v -1.017869 1.382564 0.792797
v -1.023751 1.387416 0.791503
v -1.032853 1.384095 0.792617
v -1.016075 1.388556 0.799047
v -1.021878 1.393892 0.797706
v -1.031198 1.390262 0.798823
v -1.017643 1.386507 0.807505
v -1.023522 1.391401 0.806367
v -1.032626 1.388039 0.807325
v -1.073253 1.298349 0.861966
v -1.057642 1.299092 0.864284
v -1.042151 1.298349 0.861486
v -1.059855 1.331865 0.845041
v -1.047222 1.332519 0.846781
v -1.034980 1.331278 0.844815
v -1.047250 1.358780 0.830182
v -1.037000 1.360014 0.831042
v -1.027865 1.357828 0.830139
v -1.043239 1.279418 0.790870
v -1.058809 1.278781 0.788523
v -1.074341 1.279418 0.791349
v -1.035846 1.316213 0.788625
v -1.048149 1.316399 0.786655
v -1.060721 1.316800 0.788851
v -1.028517 1.346489 0.787844
v -1.037690 1.348001 0.786231
v -1.047902 1.347441 0.787888
v -1.021613 1.292922 0.840942
v -1.019172 1.288929 0.825804
v -1.022077 1.284835 0.810775
v -1.018784 1.326555 0.828680
v -1.016784 1.323665 0.816455
v -1.019157 1.320069 0.804486
v -1.016076 1.353977 0.818455
v -1.014401 1.352689 0.808637
v -1.016367 1.348907 0.799544
v -1.098109 1.067525 0.859252
v -1.071936 1.067470 0.857407
v -1.045756 1.069111 0.858021
v -1.099108 1.073782 0.884714
v -1.071506 1.074090 0.884207
v -1.043942 1.075453 0.883417
v -1.097330 1.081090 0.909852
v -1.071114 1.081764 0.910724
v -1.044976 1.082676 0.908620
v -1.004210 1.090863 0.848360
v -0.998756 1.098589 0.876518
v -1.003339 1.106023 0.904909
v -1.005147 1.079857 0.851944
v -0.999783 1.087382 0.879538
v -1.004294 1.094707 0.907338
v -1.011423 1.074330 0.855954
v -1.006631 1.081119 0.881323
v -1.010640 1.087965 0.906812
v -1.042045 1.115014 0.943808
v -1.071225 1.115422 0.949348
v -1.100555 1.113242 0.945185
v -1.042257 1.103526 0.945490
v -1.070838 1.103887 0.950948
v -1.099570 1.101790 0.946838
v -1.044483 1.095826 0.940824
v -1.070722 1.096007 0.945733
v -1.097104 1.094233 0.942062
v -1.102596 1.077720 0.812685
v -1.073416 1.077300 0.807149
v -1.044087 1.079492 0.811309
v -1.101571 1.066969 0.816954
v -1.072986 1.066509 0.811522
v -1.044258 1.068705 0.815605
v -1.098911 1.062795 0.824796
v -1.072660 1.062291 0.819973
v -1.046289 1.064388 0.823558
v -0.975251 1.150750 0.889814
v -0.970002 1.183296 0.878680
v -0.961803 1.220158 0.865894
v -0.980221 1.143700 0.864138
v -0.974554 1.176844 0.855165
v -0.965854 1.214428 0.844956
v -0.976045 1.136926 0.838248
v -0.970730 1.170635 0.831456
v -0.962451 1.208886 0.823851
v -0.940756 1.128724 0.802784
v -0.938417 1.163086 0.798989
v -0.933695 1.202059 0.794974
v -0.914148 1.128342 0.797738
v -0.914052 1.162709 0.794375
v -0.912013 1.201645 0.790888
v -0.887404 1.130331 0.801531
v -0.889563 1.164502 0.797856
v -0.890220 1.203162 0.794008
v -0.851048 1.140693 0.835313
v -0.856273 1.173953 0.828804
v -0.860594 1.211471 0.821589
v -0.846078 1.147743 0.860988
v -0.851722 1.180405 0.852318
v -0.856544 1.217201 0.842528
v -0.850254 1.154517 0.886878
v -0.855545 1.186614 0.876028
v -0.859947 1.222742 0.863632
v -0.885543 1.162720 0.922342
v -0.887859 1.194163 0.908495
v -0.888702 1.229570 0.892510
v -0.912151 1.163101 0.927389
v -0.912223 1.194540 0.913109
v -0.910385 1.229984 0.896596
v -0.938895 1.161112 0.923595
v -0.936712 1.192747 0.909628
v -0.932178 1.228467 0.893475
v -0.979807 1.106736 0.904355
v -0.985260 1.098997 0.876200
v -0.980678 1.091576 0.847806
v -0.978056 1.095502 0.906720
v -0.983417 1.087878 0.879153
v -0.978909 1.080652 0.851327
v -0.971346 1.089155 0.905888
v -0.976126 1.082043 0.880605
v -0.972129 1.075520 0.855029
v -0.934255 1.289709 0.808115
v -0.936654 1.293808 0.823225
v -0.933790 1.297797 0.838283
v -0.916292 1.326387 0.801207
v -0.917962 1.330117 0.813202
v -0.915919 1.332873 0.825402
v -0.899066 1.356156 0.795793
v -0.899665 1.360190 0.804858
v -0.898775 1.361226 0.814704
v -0.857245 1.387428 0.789018
v -0.863126 1.392281 0.787725
v -0.872228 1.388960 0.788838
v -0.855450 1.393420 0.795268
v -0.861253 1.398757 0.793927
v -0.870573 1.395126 0.795044
v -0.857018 1.391371 0.803726
v -0.862897 1.396265 0.802588
v -0.872001 1.392903 0.803546
v -0.912629 1.303214 0.858187
v -0.897017 1.303956 0.860506
v -0.881526 1.303213 0.857708
v -0.899230 1.336729 0.841262
v -0.886598 1.337383 0.843003
v -0.874355 1.336142 0.841037
v -0.886625 1.363644 0.826403
v -0.876375 1.364878 0.827264
v -0.867240 1.362692 0.826360
v -0.882614 1.284282 0.787092
v -0.898184 1.283645 0.784744
v -0.913716 1.284282 0.787571
v -0.875221 1.321078 0.784846
v -0.887524 1.321263 0.782876
v -0.900096 1.321665 0.785072
v -0.867892 1.351353 0.784066
v -0.877065 1.352865 0.782453
v -0.887277 1.352306 0.784109
v -0.860988 1.297786 0.837164
v -0.858548 1.293793 0.822025
v -0.861452 1.289699 0.806996
v -0.858159 1.331419 0.824902
v -0.856160 1.328529 0.812676
v -0.858532 1.324933 0.800707
v -0.855451 1.358841 0.814676
v -0.853776 1.357553 0.804858
v -0.855742 1.353771 0.795765
v -0.937485 1.072389 0.855474
v -0.911311 1.072335 0.853628
v -0.885131 1.073975 0.854242
v -0.938483 1.078646 0.880936
v -0.910881 1.078954 0.880428
v -0.883318 1.080317 0.879638
v -0.936705 1.085955 0.906073
v -0.910490 1.086628 0.906945
v -0.884352 1.087540 0.904841
v -0.843585 1.095727 0.844581
v -0.838131 1.103453 0.872739
v -0.842714 1.110887 0.901130
v -0.844522 1.084721 0.848166
v -0.839158 1.092246 0.875759
v -0.843669 1.099571 0.903559
v -0.850799 1.079194 0.852175
v -0.846006 1.085983 0.877544
v -0.850015 1.092829 0.903033
v -0.881421 1.119878 0.940030
v -0.910600 1.120286 0.945570
v -0.939930 1.118106 0.941406
v -0.881632 1.108390 0.941711
v -0.910213 1.108752 0.947169
v -0.938945 1.106654 0.943059
v -0.883858 1.100690 0.937045
v -0.910097 1.100871 0.941955
v -0.936480 1.099097 0.938283
v -0.941971 1.082585 0.808906
v -0.912791 1.082164 0.803370
v -0.883462 1.084356 0.807530
v -0.940946 1.071833 0.813175
v -0.912361 1.071373 0.807743
v -0.883633 1.073569 0.811827
v -0.938286 1.067659 0.821018
v -0.912035 1.067155 0.816194
v -0.885664 1.069252 0.819780
v -0.814626 1.155614 0.886035
v -0.809378 1.188160 0.874902
v -0.801179 1.225022 0.862116
v -0.819596 1.148564 0.860360
v -0.813929 1.181708 0.851387
v -0.805229 1.219292 0.841177
v -0.815421 1.141790 0.834469
v -0.810105 1.175499 0.827678
v -0.801826 1.213751 0.820073
v -0.780132 1.133588 0.799006
v -0.777792 1.167950 0.795210
v -0.773070 1.206923 0.791195
v -0.753523 1.133206 0.793959
v -0.753427 1.167573 0.790596
v -0.751388 1.206509 0.787109
v -0.726779 1.135195 0.797752
v -0.728938 1.169366 0.794078
v -0.729595 1.208026 0.790230
v -0.690423 1.145557 0.831534
v -0.695648 1.178817 0.825025
v -0.699970 1.216335 0.817811
v -0.685453 1.152607 0.857209
v -0.691097 1.185269 0.848540
v -0.695919 1.222065 0.838749
v -0.689629 1.159381 0.883100
v -0.694920 1.191478 0.872249
v -0.699322 1.227607 0.859854
v -0.724918 1.167584 0.918563
v -0.727234 1.199027 0.904717
v -0.728078 1.234434 0.888731
v -0.751526 1.167965 0.923610
v -0.751598 1.199404 0.909331
v -0.749760 1.234848 0.892817
v -0.778270 1.165976 0.919816
v -0.776087 1.197611 0.905849
v -0.771553 1.233331 0.889696
v -0.819182 1.111600 0.900577
v -0.824636 1.103862 0.872422
v -0.820053 1.096440 0.844028
v -0.817431 1.100366 0.902942
v -0.822792 1.092742 0.875374
v -0.818285 1.085516 0.847549
v -0.810721 1.094019 0.902109
v -0.815502 1.086907 0.876826
v -0.811504 1.080384 0.851251
v -0.773630 1.294573 0.804336
v -0.776029 1.298672 0.819446
v -0.773166 1.302661 0.834504
v -0.755667 1.331251 0.797428
v -0.757337 1.334982 0.809424
v -0.755294 1.337738 0.821623
v -0.738442 1.361021 0.792014
v -0.739040 1.365054 0.801080
v -0.738150 1.366091 0.810926
v -0.696620 1.392292 0.785240
v -0.702501 1.397145 0.783946
v -0.711603 1.393824 0.785060
v -0.694826 1.398284 0.791490
v -0.700628 1.403621 0.790149
v -0.709948 1.399990 0.791265
v -0.696393 1.396235 0.799948
v -0.702273 1.401129 0.798809
v -0.711377 1.397767 0.799768
v -0.752004 1.308078 0.854408
v -0.736392 1.308820 0.856727
v -0.720902 1.308078 0.853929
v -0.738606 1.341593 0.837484
v -0.725973 1.342247 0.839224
v -0.713730 1.341006 0.837258
v -0.726001 1.368508 0.822625
v -0.715750 1.369742 0.823485
v -0.706616 1.367556 0.822581
v -0.721990 1.289146 0.783313
v -0.737560 1.288509 0.780966
v -0.753092 1.289146 0.783792
v -0.714596 1.325942 0.781068
v -0.726899 1.326127 0.779097
v -0.739471 1.326529 0.781294
v -0.707267 1.356218 0.780287
v -0.716441 1.357729 0.778674
v -0.726652 1.357170 0.780331
v -0.700363 1.302651 0.833385
v -0.697923 1.298657 0.818247
v -0.700828 1.294563 0.803218
v -0.697534 1.336283 0.821123
v -0.695535 1.333393 0.808898
v -0.697907 1.329797 0.796928
v -0.694826 1.363705 0.810898
v -0.693151 1.362417 0.801080
v -0.695118 1.358635 0.791986
v -0.776860 1.077253 0.851695
v -0.750686 1.077199 0.849850
v -0.724506 1.078839 0.850464
v -0.777858 1.083510 0.877157
v -0.750256 1.083818 0.876649
v -0.722693 1.085181 0.875859
v -0.776080 1.090819 0.902294
v -0.749865 1.091493 0.903167
v -0.723727 1.092404 0.901063
v -0.682960 1.100591 0.840802
v -0.677506 1.108317 0.868961
v -0.682089 1.115752 0.897352
v -0.683897 1.089585 0.844387
v -0.678533 1.097111 0.871981
v -0.683044 1.104436 0.899780
v -0.690174 1.084058 0.848396
v -0.685381 1.090847 0.873765
v -0.689390 1.097693 0.899255
v -0.720796 1.124743 0.936251
v -0.749976 1.125151 0.941791
v -0.779305 1.122971 0.937628
v -0.721007 1.113254 0.937932
v -0.749589 1.113616 0.943391
v -0.778321 1.111518 0.939281
v -0.723233 1.105554 0.933266
v -0.749473 1.105735 0.938176
v -0.775855 1.103961 0.934504
v -0.781347 1.087449 0.805128
v -0.752166 1.087028 0.799591
v -0.722837 1.089220 0.803751
v -0.780322 1.076697 0.809396
v -0.751737 1.076237 0.803965
v -0.723008 1.078433 0.808048
v -0.777661 1.072523 0.817239
v -0.751410 1.072020 0.812416
v -0.725040 1.074117 0.816001
v -0.654001 1.160479 0.882257
v -0.648753 1.193024 0.871123
v -0.640554 1.229886 0.858337
v -0.658972 1.153429 0.856581
v -0.653304 1.186572 0.847608
v -0.644604 1.224156 0.837398
v -0.654796 1.146654 0.830691
v -0.649480 1.180364 0.823899
v -0.641201 1.218615 0.816294
v -0.619507 1.138452 0.795227
v -0.617167 1.172814 0.791431
v -0.612446 1.211787 0.787417
v -0.592899 1.138071 0.790180
v -0.592803 1.172437 0.786817
v -0.590763 1.211373 0.783330
v -0.566154 1.140059 0.793974
v -0.568313 1.174230 0.790299
v -0.568970 1.212891 0.786451
v -0.529799 1.150421 0.827755
v -0.535023 1.183681 0.821246
v -0.539345 1.221199 0.814032
v -0.524828 1.157471 0.853431
v -0.530472 1.190133 0.844761
v -0.535294 1.226929 0.834971
v -0.529004 1.164245 0.879321
v -0.534296 1.196342 0.868470
v -0.538697 1.232471 0.856075
v -0.564293 1.172448 0.914785
v -0.566609 1.203892 0.900938
v -0.567453 1.239298 0.884952
v -0.590901 1.172829 0.919831
v -0.590973 1.204269 0.905552
v -0.589135 1.239712 0.889039
v -0.617646 1.170840 0.916038
v -0.615463 1.202475 0.902070
v -0.610928 1.238195 0.885918
v -0.658557 1.116464 0.896798
v -0.664011 1.108726 0.868643
v -0.659428 1.101304 0.840249
v -0.656807 1.105230 0.899163
v -0.662167 1.097606 0.871596
v -0.657660 1.090380 0.843770
v -0.650096 1.098883 0.898331
v -0.654877 1.091771 0.873048
v -0.650880 1.085248 0.847472
v -0.613006 1.299437 0.800558
v -0.615405 1.303536 0.815667
v -0.612541 1.307525 0.830725
v -0.595042 1.336115 0.793650
v -0.596712 1.339846 0.805645
v -0.594670 1.342602 0.817845
v -0.577817 1.365885 0.788236
v -0.578415 1.369918 0.797301
v -0.577525 1.370955 0.807147
v -0.535995 1.397156 0.781461
v -0.541877 1.402009 0.780167
v -0.550978 1.398688 0.781281
v -0.534201 1.403148 0.787711
v -0.540003 1.408485 0.786370
v -0.549324 1.404854 0.787487
v -0.535768 1.401099 0.796169
v -0.541648 1.405993 0.795031
v -0.550752 1.402631 0.795989
v -0.591379 1.312942 0.850630
v -0.575768 1.313684 0.852948
v -0.560277 1.312942 0.850151
v -0.577981 1.346457 0.833705
v -0.565348 1.347111 0.835445
v -0.553105 1.345870 0.833479
v -0.565376 1.373373 0.818846
v -0.555125 1.374606 0.819706
v -0.545991 1.372420 0.818803
v -0.561365 1.294010 0.779534
v -0.576935 1.293373 0.777187
v -0.592467 1.294010 0.780014
v -0.553971 1.330806 0.777289
v -0.566274 1.330992 0.775319
v -0.578846 1.331393 0.777515
v -0.546642 1.361082 0.776509
v -0.555816 1.362593 0.774896
v -0.566028 1.362034 0.776552
v -0.539738 1.307515 0.829606
v -0.537298 1.303521 0.814468
v -0.540203 1.299427 0.799439
v -0.536910 1.341147 0.817345
v -0.534910 1.338257 0.805119
v -0.537282 1.334661 0.793150
v -0.534202 1.368569 0.807119
v -0.532526 1.367281 0.797301
v -0.534493 1.363500 0.788208
v -0.616235 1.082118 0.847917
v -0.590062 1.082063 0.846071
v -0.563882 1.083703 0.846685
v -0.617234 1.088374 0.873379
v -0.589632 1.088682 0.872871
v -0.562068 1.090045 0.872081
v -0.615455 1.095683 0.898516
v -0.589240 1.096357 0.899388
v -0.563102 1.097268 0.897284
v -0.522335 1.105455 0.837024
v -0.516882 1.113181 0.865182
v -0.521464 1.120616 0.893573
v -0.523273 1.094449 0.840609
v -0.517908 1.101975 0.868202
v -0.522419 1.109300 0.896002
v -0.529549 1.088923 0.844618
v -0.524756 1.095712 0.869987
v -0.528765 1.102557 0.895476
v -0.560171 1.129607 0.932473
v -0.589351 1.130015 0.938012
v -0.618680 1.127835 0.933849
v -0.560382 1.118118 0.934154
v -0.588964 1.118480 0.939612
v -0.617696 1.116382 0.935502
v -0.562608 1.110419 0.929488
v -0.588848 1.110599 0.934398
v -0.615230 1.108825 0.930726
v -0.620722 1.092313 0.801349
v -0.591542 1.091892 0.795813
v -0.562212 1.094085 0.799973
v -0.619697 1.081561 0.805618
v -0.591112 1.081101 0.800186
v -0.562383 1.083297 0.804269
v -0.617037 1.077387 0.813460
v -0.590785 1.076884 0.808637
v -0.564415 1.078981 0.812222
v -0.493377 1.165343 0.878478
v -0.488128 1.197888 0.867344
v -0.479929 1.234750 0.854559
v -0.498347 1.158293 0.852802
v -0.492679 1.191436 0.843830
v -0.483979 1.229020 0.833620
v -0.494171 1.151518 0.826912
v -0.488855 1.185228 0.820121
v -0.480577 1.223479 0.812515
v -0.458882 1.143316 0.791448
v -0.456542 1.177678 0.787653
v -0.451821 1.216652 0.783638
v -0.432274 1.142935 0.786402
v -0.432178 1.177301 0.783039
v -0.430139 1.216237 0.779552
v -0.405530 1.144924 0.790195
v -0.407689 1.179094 0.786520
v -0.408345 1.217755 0.782673
v -0.369174 1.155285 0.823977
v -0.374398 1.188546 0.817468
v -0.378720 1.226063 0.810253
v -0.364204 1.162335 0.849652
v -0.369847 1.194997 0.840983
v -0.374670 1.231794 0.831192
v -0.368380 1.169109 0.875542
v -0.373671 1.201206 0.864692
v -0.378072 1.237335 0.852296
v -0.403668 1.177312 0.911006
v -0.405984 1.208756 0.897159
v -0.406828 1.244162 0.881174
v -0.430277 1.177693 0.916053
v -0.430349 1.209133 0.901773
v -0.428510 1.244577 0.885260
v -0.457021 1.175704 0.912259
v -0.454838 1.207339 0.898292
v -0.450303 1.243059 0.882139
v -0.497932 1.121328 0.893019
v -0.503386 1.113590 0.864865
v -0.498804 1.106168 0.836470
v -0.496182 1.110094 0.895384
v -0.501543 1.102470 0.867817
v -0.497035 1.095244 0.839991
v -0.489471 1.103747 0.894552
v -0.494252 1.096635 0.869269
v -0.490255 1.090112 0.843693
v -0.452381 1.304302 0.796779
v -0.454780 1.308400 0.811889
v -0.451916 1.312389 0.826947
v -0.434418 1.340979 0.789871
v -0.436088 1.344710 0.801866
v -0.434045 1.347466 0.814066
v -0.417192 1.370749 0.784457
v -0.417790 1.374783 0.793522
v -0.416901 1.375819 0.803368
v -0.375370 1.402020 0.777682
v -0.381252 1.406873 0.776389
v -0.390354 1.403552 0.777503
v -0.373576 1.408012 0.783933
v -0.379379 1.413349 0.782591
v -0.388699 1.409718 0.783708
v -0.375144 1.405964 0.792390
v -0.381023 1.410858 0.791252
v -0.390127 1.407495 0.792211
v -0.430754 1.317806 0.846851
v -0.415143 1.318548 0.849170
v -0.399652 1.317806 0.846372
v -0.417356 1.351321 0.829927
v -0.404723 1.351975 0.831667
v -0.392481 1.350734 0.829701
v -0.404751 1.378237 0.815068
v -0.394501 1.379471 0.815928
v -0.385366 1.377285 0.815024
v -0.400740 1.298874 0.775756
v -0.416310 1.298237 0.773408
v -0.431842 1.298874 0.776235
v -0.393346 1.335670 0.773510
v -0.405650 1.335856 0.771540
v -0.418222 1.336257 0.773736
v -0.386018 1.365946 0.772730
v -0.395191 1.367457 0.771117
v -0.405403 1.366898 0.772773
v -0.379113 1.312379 0.825828
v -0.376673 1.308385 0.810689
v -0.379578 1.304291 0.795660
v -0.376285 1.346012 0.813566
v -0.374285 1.343121 0.801340
v -0.376658 1.339525 0.789371
v -0.373577 1.373434 0.803340
v -0.371902 1.372145 0.793522
v -0.373868 1.368364 0.784429
v -0.455610 1.086982 0.844138
v -0.429437 1.086927 0.842292
v -0.403257 1.088567 0.842906
v -0.456609 1.093239 0.869600
v -0.429007 1.093547 0.869092
v -0.401443 1.094909 0.868302
v -0.454831 1.100547 0.894737
v -0.428615 1.101221 0.895610
v -0.402477 1.102132 0.893506
v -0.361711 1.110319 0.833245
v -0.356257 1.118045 0.861403
v -0.360839 1.125480 0.889794
v -0.362648 1.099313 0.836830
v -0.357283 1.106839 0.864424
v -0.361795 1.114164 0.892223
v -0.368924 1.093787 0.840839
v -0.364132 1.100576 0.866208
v -0.368141 1.107421 0.891698
v -0.399546 1.134471 0.928694
v -0.428726 1.134879 0.934234
v -0.458056 1.132699 0.930070
v -0.399758 1.122982 0.930375
v -0.428339 1.123344 0.935833
v -0.457071 1.121246 0.931724
v -0.401984 1.115283 0.925709
v -0.428223 1.115463 0.930619
v -0.454605 1.113689 0.926947
v -0.460097 1.097177 0.797571
v -0.430917 1.096756 0.792034
v -0.401587 1.098949 0.796194
v -0.459072 1.086426 0.801839
v -0.430487 1.085965 0.796408
v -0.401759 1.088161 0.800491
v -0.456412 1.082251 0.809682
v -0.430161 1.081748 0.804858
v -0.403790 1.083845 0.808444
v -0.332752 1.170207 0.874699
v -0.327503 1.202752 0.863566
v -0.319304 1.239614 0.850780
v -0.337722 1.163157 0.849024
v -0.332054 1.196301 0.840051
v -0.323355 1.233884 0.829841
v -0.333546 1.156383 0.823134
v -0.328231 1.190092 0.816342
v -0.319952 1.228343 0.808737
v -0.298257 1.148180 0.787670
v -0.295918 1.182542 0.783874
v -0.291196 1.221516 0.779860
v -0.271649 1.147799 0.782623
v -0.271553 1.182165 0.779260
v -0.269514 1.221101 0.775773
v -0.244905 1.149788 0.786417
v -0.247064 1.183958 0.782742
v -0.247721 1.222619 0.778894
v -0.208549 1.160149 0.820198
v -0.213774 1.193410 0.813689
v -0.218095 1.230927 0.806475
v -0.203579 1.167199 0.845873
v -0.209222 1.199861 0.837204
v -0.214045 1.236658 0.827413
v -0.207755 1.173974 0.871764
v -0.213046 1.206070 0.860913
v -0.217447 1.242199 0.848518
v -0.243044 1.182176 0.907228
v -0.245359 1.213620 0.893381
v -0.246203 1.249026 0.877395
v -0.269652 1.182557 0.912274
v -0.269724 1.213997 0.897995
v -0.267885 1.249441 0.881482
v -0.296396 1.180568 0.908481
v -0.294213 1.212204 0.894513
v -0.289679 1.247923 0.878361
v -0.337308 1.126192 0.889241
v -0.342761 1.118454 0.861086
v -0.338179 1.111032 0.832692
v -0.335557 1.114958 0.891606
v -0.340918 1.107334 0.864039
v -0.336410 1.100108 0.836213
v -0.328846 1.108611 0.890773
v -0.333627 1.101499 0.865491
v -0.329630 1.094977 0.839915
v -0.291756 1.309166 0.793001
v -0.294155 1.313264 0.808110
v -0.291291 1.317253 0.823168
v -0.273793 1.345844 0.786092
v -0.275463 1.349574 0.798088
v -0.273420 1.352330 0.810287
v -0.256567 1.375613 0.780678
v -0.257165 1.379647 0.789744
v -0.256276 1.380683 0.799590
v -0.214746 1.406885 0.773904
v -0.220627 1.411737 0.772610
v -0.229729 1.408416 0.773724
v -0.212951 1.412876 0.780154
v -0.218754 1.418213 0.778813
v -0.228074 1.414582 0.779930
v -0.214519 1.410828 0.788612
v -0.220398 1.415722 0.787473
v -0.229502 1.412359 0.788432
v -0.270129 1.322670 0.843073
v -0.254518 1.323412 0.845391
v -0.239027 1.322670 0.842593
v -0.256731 1.356185 0.826148
v -0.244099 1.356839 0.827888
v -0.231856 1.355598 0.825922
v -0.244126 1.383101 0.811289
v -0.233876 1.384335 0.812149
v -0.224741 1.382149 0.811246
v -0.240115 1.303738 0.771977
v -0.255685 1.303101 0.769630
v -0.271217 1.303739 0.772456
v -0.232721 1.340534 0.769732
v -0.245025 1.340720 0.767761
v -0.257597 1.341121 0.769958
v -0.225393 1.370810 0.768951
v -0.234566 1.372321 0.767338
v -0.244778 1.371762 0.768995
v -0.218489 1.317243 0.822049
v -0.216048 1.313249 0.806911
v -0.218953 1.309155 0.791882
v -0.215660 1.350876 0.809787
v -0.213660 1.347985 0.797562
v -0.216033 1.344389 0.785592
v -0.212952 1.378298 0.799562
v -0.211277 1.377009 0.789744
v -0.213243 1.373228 0.780650
v -0.294985 1.091846 0.840359
v -0.268812 1.091791 0.838514
v -0.242632 1.093431 0.839128
v -0.295984 1.098103 0.865821
v -0.268382 1.098411 0.865313
v -0.240818 1.099773 0.864524
v -0.294206 1.105411 0.890958
v -0.267990 1.106085 0.891831
v -0.241853 1.106996 0.889727
v -0.201086 1.115184 0.829467
v -0.195632 1.122909 0.857625
v -0.200215 1.130344 0.886016
v -0.202023 1.104178 0.833051
v -0.196659 1.111703 0.860645
v -0.201170 1.119028 0.888444
v -0.208299 1.098651 0.837060
v -0.203507 1.105440 0.862430
v -0.207516 1.112286 0.887919
v -0.238921 1.139335 0.924915
v -0.268101 1.139743 0.930455
v -0.297431 1.137563 0.926292
v -0.239133 1.127846 0.926597
v -0.267714 1.128208 0.932055
v -0.296446 1.126111 0.927945
v -0.241359 1.120147 0.921931
v -0.267598 1.120327 0.926840
v -0.293980 1.118553 0.923168
v -0.299472 1.102041 0.793792
v -0.270292 1.101621 0.788256
v -0.240963 1.103813 0.792416
v -0.298447 1.091290 0.798061
v -0.269862 1.090829 0.792629
v -0.241134 1.093025 0.796712
v -0.295787 1.087115 0.805903
v -0.269536 1.086612 0.801080
v -0.243165 1.088709 0.804665
v -0.172127 1.175071 0.870921
v -0.166878 1.207616 0.859787
v -0.158679 1.244478 0.847001
v -0.177097 1.168021 0.845245
v -0.171430 1.201165 0.836272
v -0.162730 1.238748 0.826063
v -0.172921 1.161247 0.819355
v -0.167606 1.194956 0.812563
v -0.159327 1.233207 0.804958
v -0.137632 1.153044 0.783891
v -0.135293 1.187406 0.780096
v -0.130571 1.226380 0.776081
v -0.111024 1.152663 0.778845
v -0.110928 1.187029 0.775482
v -0.108889 1.225965 0.771994
v -0.084280 1.154652 0.782638
v -0.086439 1.188823 0.778963
v -0.087096 1.227483 0.775115
v -0.047924 1.165013 0.816419
v -0.053149 1.198274 0.809910
v -0.057470 1.235792 0.802696
v -0.042954 1.172063 0.842095
v -0.048598 1.204725 0.833425
v -0.053420 1.241522 0.823635
v -0.047130 1.178838 0.867985
v -0.052421 1.210934 0.857134
v -0.056822 1.247063 0.844739
v -0.082419 1.187040 0.903449
v -0.084735 1.218484 0.889602
v -0.085578 1.253890 0.873616
v -0.109027 1.187421 0.908495
v -0.109099 1.218861 0.894216
v -0.107261 1.254305 0.877703
v -0.135771 1.185433 0.904702
v -0.133588 1.217068 0.890734
v -0.129054 1.252787 0.874582
v -0.176683 1.131056 0.885462
v -0.182136 1.123318 0.857307
v -0.177554 1.115896 0.828913
v -0.174932 1.119823 0.887827
v -0.180293 1.112198 0.860260
v -0.175785 1.104972 0.832434
v -0.168222 1.113476 0.886995
v -0.173002 1.106364 0.861712
v -0.169005 1.099841 0.836136
v -0.131131 1.314030 0.789222
v -0.133530 1.318128 0.804332
v -0.130666 1.322117 0.819389
v -0.113168 1.350708 0.782314
v -0.114838 1.354438 0.794309
v -0.112795 1.357194 0.806509
v -0.095942 1.380477 0.776900
v -0.096541 1.384511 0.785965
v -0.095651 1.385547 0.795811
v -0.054121 1.411749 0.770125
v -0.060002 1.416601 0.768832
v -0.069104 1.413280 0.769945
v -0.052326 1.417741 0.776375
v -0.058129 1.423077 0.775034
v -0.067449 1.419446 0.776151
v -0.053894 1.415692 0.784833
v -0.059773 1.420586 0.783695
v -0.068878 1.417223 0.784653
v -0.109505 1.327534 0.839294
v -0.093893 1.328276 0.841613
v -0.078403 1.327534 0.838815
v -0.096106 1.361049 0.822369
v -0.083474 1.361703 0.824109
v -0.071231 1.360462 0.822143
v -0.083502 1.387965 0.807510
v -0.073251 1.389199 0.808371
v -0.064116 1.387013 0.807467
v -0.079490 1.308603 0.768199
v -0.095061 1.307965 0.765851
v -0.110592 1.308603 0.768678
v -0.072097 1.345398 0.765953
v -0.084400 1.345584 0.763983
v -0.096972 1.345985 0.766179
v -0.064768 1.375674 0.765173
v -0.073941 1.377186 0.763560
v -0.084153 1.376626 0.765216
v -0.057864 1.322107 0.818271
v -0.055423 1.318114 0.803132
v -0.058328 1.314019 0.788103
v -0.055035 1.355740 0.806009
v -0.053036 1.352849 0.793783
v -0.055408 1.349253 0.781814
v -0.052327 1.383162 0.795783
v -0.050652 1.381874 0.785965
v -0.052618 1.378092 0.776872
v -0.134360 1.096710 0.836581
v -0.108187 1.096655 0.834735
v -0.082007 1.098295 0.835349
v -0.135359 1.102967 0.862043
v -0.107757 1.103275 0.861535
v -0.080194 1.104637 0.860745
v -0.133581 1.110275 0.887180
v -0.107366 1.110949 0.888052
v -0.081228 1.111861 0.885948
v -0.040461 1.120048 0.825688
v -0.035007 1.127774 0.853846
v -0.039590 1.135208 0.882237
v -0.041398 1.109042 0.829273
v -0.036034 1.116567 0.856866
v -0.040545 1.123892 0.884666
v -0.047675 1.103515 0.833282
v -0.042882 1.110304 0.858651
v -0.046891 1.117150 0.884140
v -0.078296 1.144199 0.921137
v -0.107476 1.144607 0.926677
v -0.136806 1.142427 0.922513
v -0.078508 1.132710 0.922818
v -0.107089 1.133072 0.928276
v -0.135821 1.130975 0.924166
v -0.080734 1.125011 0.918152
v -0.106973 1.125191 0.923062
v -0.133356 1.123417 0.919390
v -0.138847 1.106905 0.790013
v -0.109667 1.106485 0.784477
v -0.080338 1.108677 0.788637
v -0.137822 1.096154 0.794282
v -0.109237 1.095693 0.788850
v -0.080509 1.097889 0.792934
v -0.135162 1.091980 0.802125
v -0.108911 1.091476 0.797301
v -0.082541 1.093573 0.800887
v 1.135876 1.145886 0.893592
v 1.140846 1.138836 0.867917
v 1.136670 1.132062 0.842027
v 1.130628 1.178432 0.882459
v 1.135178 1.171980 0.858944
v 1.131354 1.165771 0.835235
v 1.122428 1.215294 0.869673
v 1.126478 1.209563 0.848734
v 1.123076 1.204022 0.827630
v 1.101381 1.123859 0.806563
v 1.074773 1.123478 0.801516
v 1.048029 1.125467 0.805310
v 1.099042 1.158222 0.802767
v 1.074677 1.157845 0.798153
v 1.050188 1.159638 0.801635
v 1.094320 1.197195 0.798753
v 1.072638 1.196781 0.794666
v 1.050845 1.198298 0.797787
v 1.011674 1.135829 0.839091
v 1.006703 1.142879 0.864767
v 1.010879 1.149653 0.890657
v 1.016898 1.169089 0.832582
v 1.012347 1.175541 0.856097
v 1.016170 1.181749 0.879806
v 1.021219 1.206607 0.825368
v 1.017169 1.212337 0.846307
v 1.020572 1.217878 0.867411
v 1.046167 1.157856 0.926121
v 1.072776 1.158237 0.931167
v 1.099520 1.156248 0.927374
v 1.048484 1.189299 0.912274
v 1.072848 1.189676 0.916888
v 1.097337 1.187883 0.913406
v 1.049327 1.224705 0.896288
v 1.071009 1.225120 0.900375
v 1.092803 1.223602 0.897254
v 1.140432 1.101872 0.908134
v 1.138681 1.090638 0.910499
v 1.131970 1.084291 0.909666
v 1.145885 1.094133 0.879979
v 1.144042 1.083014 0.882932
v 1.136751 1.077179 0.884384
v 1.141303 1.086711 0.851585
v 1.139535 1.075787 0.855106
v 1.132754 1.070656 0.858808
v 1.094880 1.284845 0.811894
v 1.076917 1.321523 0.804985
v 1.059691 1.351292 0.799572
v 1.097279 1.288943 0.827003
v 1.078587 1.325253 0.816981
v 1.060289 1.355326 0.808637
v 1.094415 1.292933 0.842061
v 1.076544 1.328009 0.829180
v 1.059400 1.356362 0.818483
v 1.017870 1.382564 0.792797
v 1.016075 1.388556 0.799047
v 1.017643 1.386507 0.807505
v 1.023751 1.387416 0.791503
v 1.021878 1.393892 0.797706
v 1.023522 1.391401 0.806366
v 1.032853 1.384095 0.792617
v 1.031198 1.390262 0.798823
v 1.032627 1.388039 0.807325
v 1.073253 1.298349 0.861966
v 1.059855 1.331865 0.845041
v 1.047251 1.358780 0.830182
v 1.057642 1.299092 0.864284
v 1.047222 1.332519 0.846781
v 1.037000 1.360014 0.831042
v 1.042151 1.298349 0.861486
v 1.034980 1.331278 0.844815
v 1.027866 1.357828 0.830139
v 1.043239 1.279418 0.790870
v 1.035846 1.316213 0.788625
v 1.028517 1.346489 0.787844
v 1.058809 1.278781 0.788523
v 1.048149 1.316399 0.786655
v 1.037691 1.348001 0.786231
v 1.074341 1.279418 0.791349
v 1.060721 1.316800 0.788851
v 1.047902 1.347441 0.787888
v 1.021613 1.292922 0.840942
v 1.018784 1.326555 0.828680
v 1.016076 1.353977 0.818455
v 1.019172 1.288929 0.825804
v 1.016785 1.323665 0.816455
v 1.014401 1.352689 0.808637
v 1.022077 1.284835 0.810775
v 1.019157 1.320069 0.804485
v 1.016367 1.348907 0.799544
v 1.098109 1.067525 0.859252
v 1.099108 1.073782 0.884714
v 1.097330 1.081090 0.909852
v 1.071936 1.067470 0.857407
v 1.071506 1.074090 0.884207
v 1.071115 1.081764 0.910724
v 1.045756 1.069111 0.858021
v 1.043943 1.075453 0.883417
v 1.044977 1.082676 0.908620
v 1.004210 1.090863 0.848360
v 1.005147 1.079857 0.851944
v 1.011423 1.074330 0.855953
v 0.998756 1.098589 0.876518
v 0.999783 1.087382 0.879538
v 1.006631 1.081119 0.881323
v 1.003338 1.106023 0.904909
v 1.004294 1.094707 0.907337
v 1.010640 1.087965 0.906812
v 1.042045 1.115014 0.943808
v 1.042257 1.103526 0.945490
v 1.044483 1.095826 0.940824
v 1.071226 1.115422 0.949348
v 1.070838 1.103887 0.950948
v 1.070722 1.096007 0.945733
v 1.100555 1.113242 0.945185
v 1.099570 1.101790 0.946838
v 1.097105 1.094233 0.942061
v 1.102596 1.077720 0.812685
v 1.101571 1.066969 0.816954
v 1.098911 1.062795 0.824796
v 1.073416 1.077300 0.807149
v 1.072986 1.066509 0.811522
v 1.072660 1.062291 0.819973
v 1.044087 1.079492 0.811309
v 1.044258 1.068705 0.815605
v 1.046289 1.064388 0.823558
v 0.975251 1.150750 0.889814
v 0.980221 1.143700 0.864138
v 0.976045 1.136926 0.838248
v 0.970002 1.183296 0.878680
v 0.974554 1.176844 0.855165
v 0.970730 1.170635 0.831456
v 0.961804 1.220158 0.865894
v 0.965854 1.214428 0.844956
v 0.962451 1.208886 0.823851
v 0.940756 1.128724 0.802784
v 0.914148 1.128342 0.797738
v 0.887404 1.130331 0.801531
v 0.938417 1.163086 0.798989
v 0.914052 1.162709 0.794375
v 0.889563 1.164502 0.797856
v 0.933695 1.202059 0.794974
v 0.912014 1.201645 0.790888
v 0.890220 1.203162 0.794008
v 0.851048 1.140693 0.835312
v 0.846078 1.147743 0.860988
v 0.850254 1.154517 0.886878
v 0.856273 1.173953 0.828804
v 0.851722 1.180405 0.852318
v 0.855545 1.186614 0.876027
v 0.860595 1.211471 0.821589
v 0.856544 1.217201 0.842528
v 0.859946 1.222742 0.863632
v 0.885543 1.162720 0.922342
v 0.912151 1.163101 0.927388
v 0.938895 1.161112 0.923595
v 0.887859 1.194163 0.908495
v 0.912223 1.194540 0.913109
v 0.936712 1.192747 0.909628
v 0.888703 1.229570 0.892509
v 0.910385 1.229984 0.896596
v 0.932178 1.228467 0.893475
v 0.979807 1.106736 0.904355
v 0.978056 1.095502 0.906720
v 0.971346 1.089155 0.905888
v 0.985260 1.098998 0.876200
v 0.983417 1.087878 0.879153
v 0.976127 1.082043 0.880605
v 0.980678 1.091576 0.847806
v 0.978910 1.080652 0.851327
v 0.972129 1.075520 0.855029
v 0.934255 1.289709 0.808115
v 0.916292 1.326387 0.801207
v 0.899066 1.356156 0.795793
v 0.936654 1.293808 0.823225
v 0.917962 1.330117 0.813202
v 0.899665 1.360190 0.804858
v 0.933791 1.297797 0.838282
v 0.915919 1.332874 0.825402
v 0.898775 1.361226 0.814704
v 0.857245 1.387428 0.789018
v 0.855450 1.393420 0.795268
v 0.857018 1.391371 0.803726
v 0.863126 1.392281 0.787725
v 0.861253 1.398757 0.793927
v 0.862897 1.396265 0.802588
v 0.872228 1.388960 0.788838
v 0.870573 1.395126 0.795044
v 0.872002 1.392903 0.803546
v 0.912629 1.303214 0.858187
v 0.899230 1.336729 0.841262
v 0.886626 1.363644 0.826403
v 0.897017 1.303956 0.860506
v 0.886598 1.337383 0.843002
v 0.876375 1.364878 0.827264
v 0.881527 1.303213 0.857708
v 0.874355 1.336142 0.841037
v 0.867240 1.362692 0.826360
v 0.882614 1.284282 0.787092
v 0.875221 1.321078 0.784846
v 0.867892 1.351353 0.784066
v 0.898184 1.283645 0.784744
v 0.887524 1.321263 0.782876
v 0.877066 1.352865 0.782453
v 0.913716 1.284282 0.787571
v 0.900096 1.321665 0.785072
v 0.887277 1.352306 0.784109
v 0.860988 1.297786 0.837164
v 0.858159 1.331419 0.824902
v 0.855451 1.358841 0.814676
v 0.858548 1.293793 0.822025
v 0.856160 1.328529 0.812676
v 0.853776 1.357553 0.804858
v 0.861453 1.289699 0.806996
v 0.858532 1.324933 0.800707
v 0.855743 1.353771 0.795765
v 0.937485 1.072389 0.855474
v 0.938483 1.078646 0.880936
v 0.936705 1.085955 0.906073
v 0.911311 1.072335 0.853628
v 0.910881 1.078954 0.880428
v 0.910490 1.086628 0.906945
v 0.885131 1.073975 0.854242
v 0.883318 1.080317 0.879638
v 0.884352 1.087540 0.904841
v 0.843585 1.095727 0.844581
v 0.844522 1.084721 0.848166
v 0.850799 1.079194 0.852175
v 0.838131 1.103453 0.872739
v 0.839158 1.092246 0.875759
v 0.846006 1.085983 0.877544
v 0.842714 1.110887 0.901130
v 0.843669 1.099571 0.903559
v 0.850015 1.092829 0.903033
v 0.881421 1.119878 0.940030
v 0.881632 1.108390 0.941711
v 0.883858 1.100690 0.937045
v 0.910600 1.120286 0.945570
v 0.910214 1.108752 0.947169
v 0.910098 1.100871 0.941955
v 0.939930 1.118106 0.941406
v 0.938946 1.106654 0.943059
v 0.936480 1.099097 0.938283
v 0.941971 1.082585 0.808906
v 0.940946 1.071833 0.813175
v 0.938286 1.067659 0.821018
v 0.912791 1.082164 0.803370
v 0.912361 1.071373 0.807743
v 0.912035 1.067155 0.816194
v 0.883462 1.084356 0.807530
v 0.883633 1.073569 0.811827
v 0.885665 1.069252 0.819780
v 0.814626 1.155614 0.886035
v 0.819596 1.148565 0.860360
v 0.815421 1.141790 0.834469
v 0.809378 1.188160 0.874902
v 0.813929 1.181708 0.851387
v 0.810105 1.175499 0.827678
v 0.801179 1.225022 0.862116
v 0.805229 1.219292 0.841177
v 0.801826 1.213751 0.820073
v 0.780132 1.133588 0.799005
v 0.753523 1.133207 0.793959
v 0.726779 1.135195 0.797752
v 0.777792 1.167950 0.795210
v 0.753427 1.167573 0.790596
v 0.728938 1.169366 0.794078
v 0.773070 1.206923 0.791195
v 0.751388 1.206509 0.787109
v 0.729595 1.208027 0.790230
v 0.690424 1.145557 0.831534
v 0.685453 1.152607 0.857209
v 0.689629 1.159381 0.883099
v 0.695648 1.178817 0.825025
v 0.691097 1.185269 0.848540
v 0.694921 1.191478 0.872249
v 0.699970 1.216335 0.817811
v 0.695919 1.222065 0.838749
v 0.699322 1.227607 0.859854
v 0.724918 1.167584 0.918563
v 0.751526 1.167965 0.923610
v 0.778271 1.165976 0.919816
v 0.727234 1.199027 0.904717
v 0.751598 1.199404 0.909331
v 0.776088 1.197611 0.905849
v 0.728078 1.234434 0.888731
v 0.749760 1.234848 0.892817
v 0.771553 1.233331 0.889696
v 0.819182 1.111600 0.900577
v 0.817431 1.100366 0.902942
v 0.810721 1.094019 0.902109
v 0.824636 1.103862 0.872422
v 0.822792 1.092742 0.875374
v 0.815502 1.086907 0.876826
v 0.820053 1.096440 0.844027
v 0.818285 1.085516 0.847549
v 0.811505 1.080384 0.851250
v 0.773630 1.294573 0.804336
v 0.755667 1.331251 0.797428
v 0.738442 1.361021 0.792014
v 0.776029 1.298672 0.819446
v 0.757337 1.334982 0.809424
v 0.739040 1.365054 0.801080
v 0.773166 1.302661 0.834504
v 0.755295 1.337738 0.821623
v 0.738150 1.366091 0.810925
v 0.696620 1.392292 0.785240
v 0.694826 1.398284 0.791490
v 0.696393 1.396235 0.799948
v 0.702502 1.397145 0.783946
v 0.700628 1.403621 0.790148
v 0.702273 1.401129 0.798809
v 0.711603 1.393824 0.785060
v 0.709949 1.399990 0.791265
v 0.711377 1.397767 0.799768
v 0.752004 1.308078 0.854408
v 0.738606 1.341593 0.837484
v 0.726001 1.368508 0.822625
v 0.736392 1.308820 0.856727
v 0.725973 1.342247 0.839224
v 0.715750 1.369742 0.823485
v 0.720902 1.308078 0.853929
v 0.713731 1.341006 0.837258
v 0.706616 1.367556 0.822581
v 0.721990 1.289146 0.783313
v 0.714596 1.325942 0.781068
v 0.707268 1.356218 0.780287
v 0.737560 1.288509 0.780966
v 0.726900 1.326127 0.779097
v 0.716441 1.357729 0.778674
v 0.753092 1.289146 0.783792
v 0.739471 1.326529 0.781293
v 0.726653 1.357170 0.780330
v 0.700363 1.302651 0.833385
v 0.697535 1.336283 0.821123
v 0.694826 1.363705 0.810898
v 0.697923 1.298657 0.818247
v 0.695535 1.333393 0.808897
v 0.693151 1.362417 0.801080
v 0.700828 1.294563 0.803218
v 0.697907 1.329797 0.796928
v 0.695118 1.358635 0.791986
v 0.776860 1.077253 0.851695
v 0.777858 1.083510 0.877157
v 0.776080 1.090819 0.902294
v 0.750687 1.077199 0.849850
v 0.750257 1.083818 0.876649
v 0.749865 1.091493 0.903167
v 0.724506 1.078839 0.850464
v 0.722693 1.085181 0.875859
v 0.723727 1.092404 0.901063
v 0.682961 1.100591 0.840802
v 0.683898 1.089585 0.844387
v 0.690174 1.084059 0.848396
v 0.677506 1.108317 0.868961
v 0.678533 1.097111 0.871981
v 0.685381 1.090847 0.873765
v 0.682089 1.115752 0.897352
v 0.683044 1.104436 0.899780
v 0.689390 1.097693 0.899255
v 0.720796 1.124743 0.936251
v 0.721007 1.113254 0.937932
v 0.723233 1.105554 0.933266
v 0.749976 1.125151 0.941791
v 0.749589 1.113616 0.943390
v 0.749473 1.105735 0.938176
v 0.779305 1.122971 0.937628
v 0.778321 1.111518 0.939281
v 0.775855 1.103961 0.934504
v 0.781346 1.087449 0.805128
v 0.780322 1.076697 0.809396
v 0.777662 1.072523 0.817239
v 0.752167 1.087028 0.799591
v 0.751737 1.076237 0.803965
v 0.751410 1.072020 0.812416
v 0.722837 1.089220 0.803751
v 0.723009 1.078433 0.808048
v 0.725040 1.074117 0.816001
v 0.654001 1.160479 0.882256
v 0.658972 1.153429 0.856581
v 0.654796 1.146654 0.830691
v 0.648753 1.193024 0.871123
v 0.653304 1.186572 0.847608
v 0.649480 1.180364 0.823899
v 0.640554 1.229886 0.858337
v 0.644604 1.224156 0.837398
v 0.641201 1.218615 0.816294
v 0.619507 1.138452 0.795227
v 0.592899 1.138071 0.790180
v 0.566155 1.140059 0.793974
v 0.617167 1.172814 0.791431
v 0.592803 1.172437 0.786817
v 0.568314 1.174230 0.790299
v 0.612446 1.211787 0.787417
v 0.590763 1.211373 0.783330
v 0.568970 1.212891 0.786451
v 0.529799 1.150421 0.827755
v 0.524828 1.157471 0.853431
v 0.529004 1.164245 0.879321
v 0.535023 1.183681 0.821246
v 0.530472 1.190133 0.844761
v 0.534296 1.196342 0.868470
v 0.539345 1.221199 0.814032
v 0.535294 1.226930 0.834971
v 0.538697 1.232471 0.856075
v 0.564293 1.172448 0.914785
v 0.590901 1.172829 0.919831
v 0.617646 1.170840 0.916038
v 0.566609 1.203892 0.900938
v 0.590973 1.204269 0.905552
v 0.615463 1.202475 0.902070
v 0.567453 1.239298 0.884952
v 0.589135 1.239712 0.889039
v 0.610928 1.238195 0.885918
v 0.658558 1.116464 0.896798
v 0.656807 1.105230 0.899163
v 0.650096 1.098883 0.898330
v 0.664011 1.108726 0.868643
v 0.662167 1.097606 0.871596
v 0.654877 1.091771 0.873048
v 0.659428 1.101304 0.840249
v 0.657660 1.090380 0.843770
v 0.650880 1.085248 0.847472
v 0.613006 1.299437 0.800558
v 0.595043 1.336115 0.793650
v 0.577817 1.365885 0.788236
v 0.615405 1.303536 0.815667
v 0.596713 1.339846 0.805645
v 0.578415 1.369918 0.797301
v 0.612541 1.307525 0.830725
v 0.594670 1.342602 0.817844
v 0.577526 1.370955 0.807147
v 0.535995 1.397156 0.781461
v 0.534201 1.403148 0.787711
v 0.535769 1.401099 0.796169
v 0.541877 1.402009 0.780167
v 0.540004 1.408485 0.786370
v 0.541648 1.405993 0.795031
v 0.550979 1.398688 0.781281
v 0.549324 1.404854 0.787487
v 0.550752 1.402631 0.795989
v 0.591379 1.312942 0.850630
v 0.577981 1.346457 0.833705
v 0.565376 1.373373 0.818846
v 0.575768 1.313684 0.852948
v 0.565348 1.347111 0.835445
v 0.555126 1.374606 0.819706
v 0.560277 1.312942 0.850151
v 0.553106 1.345870 0.833479
v 0.545991 1.372420 0.818803
v 0.561365 1.294010 0.779534
v 0.553971 1.330806 0.777289
v 0.546642 1.361082 0.776508
v 0.576935 1.293373 0.777187
v 0.566274 1.330992 0.775319
v 0.555816 1.362593 0.774896
v 0.592467 1.294010 0.780014
v 0.578847 1.331393 0.777515
v 0.566028 1.362034 0.776552
v 0.539738 1.307515 0.829606
v 0.536910 1.341147 0.817345
v 0.534202 1.368569 0.807119
v 0.537298 1.303521 0.814468
v 0.534910 1.338257 0.805119
v 0.532526 1.367281 0.797301
v 0.540203 1.299427 0.799439
v 0.537282 1.334661 0.793150
v 0.534493 1.363500 0.788208
v 0.616235 1.082118 0.847917
v 0.617234 1.088374 0.873378
v 0.615456 1.095683 0.898516
v 0.590062 1.082063 0.846071
v 0.589632 1.088682 0.872871
v 0.589240 1.096357 0.899388
v 0.563882 1.083703 0.846685
v 0.562068 1.090045 0.872081
v 0.563102 1.097268 0.897284
v 0.522336 1.105455 0.837024
v 0.523273 1.094449 0.840609
v 0.529549 1.088923 0.844618
v 0.516882 1.113181 0.865182
v 0.517908 1.101975 0.868202
v 0.524757 1.095712 0.869987
v 0.521464 1.120616 0.893573
v 0.522420 1.109300 0.896002
v 0.528765 1.102557 0.895476
v 0.560171 1.129607 0.932473
v 0.560382 1.118118 0.934154
v 0.562609 1.110419 0.929488
v 0.589351 1.130015 0.938012
v 0.588964 1.118480 0.939612
v 0.588848 1.110599 0.934398
v 0.618680 1.127835 0.933849
v 0.617696 1.116382 0.935502
v 0.615230 1.108825 0.930726
v 0.620722 1.092313 0.801349
v 0.619697 1.081562 0.805618
v 0.617037 1.077387 0.813460
v 0.591541 1.091892 0.795813
v 0.591112 1.081101 0.800186
v 0.590786 1.076884 0.808637
v 0.562212 1.094085 0.799973
v 0.562384 1.083297 0.804269
v 0.564415 1.078981 0.812222
v 0.493377 1.165343 0.878478
v 0.498347 1.158293 0.852802
v 0.494171 1.151518 0.826912
v 0.488128 1.197888 0.867344
v 0.492679 1.191437 0.843830
v 0.488856 1.185228 0.820121
v 0.479929 1.234750 0.854558
v 0.483979 1.229020 0.833620
v 0.480577 1.223479 0.812515
v 0.458882 1.143316 0.791448
v 0.432274 1.142935 0.786402
v 0.405530 1.144924 0.790195
v 0.456542 1.177678 0.787653
v 0.432178 1.177301 0.783039
v 0.407689 1.179094 0.786520
v 0.451821 1.216652 0.783638
v 0.430139 1.216237 0.779552
v 0.408346 1.217755 0.782673
v 0.369174 1.155285 0.823977
v 0.364204 1.162335 0.849652
v 0.368380 1.169109 0.875542
v 0.374399 1.188546 0.817468
v 0.369847 1.194997 0.840983
v 0.373671 1.201206 0.864692
v 0.378720 1.226063 0.810253
v 0.374670 1.231794 0.831192
v 0.378072 1.237335 0.852296
v 0.403669 1.177312 0.911006
v 0.430277 1.177693 0.916053
v 0.457021 1.175704 0.912259
v 0.405984 1.208756 0.897159
v 0.430349 1.209133 0.901773
v 0.454838 1.207339 0.898292
v 0.406828 1.244162 0.881174
v 0.428510 1.244577 0.885260
v 0.450304 1.243059 0.882139
v 0.497932 1.121328 0.893019
v 0.496182 1.110094 0.895384
v 0.489471 1.103747 0.894552
v 0.503386 1.113590 0.864864
v 0.501543 1.102470 0.867817
v 0.494252 1.096635 0.869269
v 0.498804 1.106168 0.836470
v 0.497035 1.095244 0.839991
v 0.490255 1.090113 0.843693
v 0.452381 1.304302 0.796779
v 0.434417 1.340979 0.789871
v 0.417192 1.370749 0.784457
v 0.454780 1.308400 0.811889
v 0.436088 1.344710 0.801866
v 0.417790 1.374783 0.793522
v 0.451916 1.312389 0.826947
v 0.434045 1.347466 0.814066
v 0.416901 1.375819 0.803368
v 0.375370 1.402020 0.777682
v 0.373576 1.408012 0.783933
v 0.375144 1.405963 0.792390
v 0.381252 1.406873 0.776389
v 0.379378 1.413349 0.782591
v 0.381023 1.410858 0.791252
v 0.390354 1.403552 0.777503
v 0.388699 1.409718 0.783708
v 0.390128 1.407495 0.792211
v 0.430754 1.317806 0.846851
v 0.417356 1.351321 0.829927
v 0.404751 1.378237 0.815067
v 0.415143 1.318548 0.849170
v 0.404723 1.351975 0.831667
v 0.394501 1.379471 0.815928
v 0.399652 1.317806 0.846372
v 0.392481 1.350734 0.829701
v 0.385366 1.377285 0.815024
v 0.400740 1.298874 0.775756
v 0.393347 1.335670 0.773510
v 0.386018 1.365946 0.772730
v 0.416310 1.298237 0.773408
v 0.405650 1.335856 0.771540
v 0.395191 1.367457 0.771117
v 0.431842 1.298874 0.776235
v 0.418222 1.336257 0.773736
v 0.405403 1.366898 0.772773
v 0.379113 1.312379 0.825828
v 0.376285 1.346012 0.813566
v 0.373577 1.373434 0.803340
v 0.376673 1.308385 0.810689
v 0.374285 1.343121 0.801340
v 0.371902 1.372145 0.793522
v 0.379578 1.304291 0.795660
v 0.376658 1.339525 0.789371
v 0.373868 1.368364 0.784429
v 0.455610 1.086982 0.844138
v 0.456609 1.093239 0.869600
v 0.454831 1.100547 0.894737
v 0.429437 1.086927 0.842292
v 0.429007 1.093547 0.869092
v 0.428616 1.101221 0.895610
v 0.403257 1.088567 0.842906
v 0.401443 1.094909 0.868302
v 0.402478 1.102132 0.893505
v 0.361711 1.110319 0.833245
v 0.362648 1.099313 0.836830
v 0.368924 1.093787 0.840839
v 0.356257 1.118045 0.861403
v 0.357284 1.106839 0.864424
v 0.364132 1.100576 0.866208
v 0.360839 1.125480 0.889794
v 0.361795 1.114164 0.892223
v 0.368141 1.107422 0.891698
v 0.399546 1.134471 0.928694
v 0.399758 1.122982 0.930375
v 0.401984 1.115283 0.925709
v 0.428726 1.134879 0.934234
v 0.428339 1.123344 0.935833
v 0.428223 1.115463 0.930619
v 0.458056 1.132699 0.930070
v 0.457071 1.121247 0.931723
v 0.454605 1.113689 0.926947
v 0.460097 1.097177 0.797571
v 0.459072 1.086426 0.801839
v 0.456412 1.082251 0.809682
v 0.430917 1.096756 0.792034
v 0.430487 1.085965 0.796407
v 0.430161 1.081748 0.804858
v 0.401588 1.098949 0.796194
v 0.401759 1.088161 0.800491
v 0.403790 1.083845 0.808444
v 0.332752 1.170207 0.874699
v 0.337722 1.163157 0.849024
v 0.333546 1.156383 0.823134
v 0.327503 1.202752 0.863566
v 0.332054 1.196301 0.840051
v 0.328231 1.190092 0.816342
v 0.319304 1.239614 0.850780
v 0.323355 1.233884 0.829841
v 0.319952 1.228343 0.808737
v 0.298257 1.148180 0.787670
v 0.271649 1.147799 0.782623
v 0.244905 1.149788 0.786417
v 0.295918 1.182542 0.783874
v 0.271553 1.182165 0.779260
v 0.247064 1.183958 0.782742
v 0.291196 1.221516 0.779860
v 0.269514 1.221101 0.775773
v 0.247721 1.222619 0.778894
v 0.208549 1.160149 0.820198
v 0.203579 1.167199 0.845873
v 0.207755 1.173974 0.871764
v 0.213774 1.193410 0.813689
v 0.209223 1.199861 0.837204
v 0.213046 1.206070 0.860913
v 0.218095 1.230927 0.806475
v 0.214045 1.236658 0.827413
v 0.217447 1.242199 0.848518
v 0.243044 1.182176 0.907228
v 0.269652 1.182557 0.912274
v 0.296396 1.180568 0.908481
v 0.245360 1.213620 0.893381
v 0.269724 1.213997 0.897995
v 0.294213 1.212204 0.894513
v 0.246203 1.249026 0.877395
v 0.267886 1.249441 0.881481
v 0.289679 1.247923 0.878361
v 0.337308 1.126192 0.889241
v 0.335557 1.114958 0.891606
v 0.328847 1.108611 0.890773
v 0.342761 1.118454 0.861086
v 0.340918 1.107334 0.864039
v 0.333627 1.101499 0.865490
v 0.338179 1.111032 0.832692
v 0.336411 1.100108 0.836213
v 0.329630 1.094977 0.839915
v 0.291756 1.309166 0.793001
v 0.273793 1.345844 0.786092
v 0.256567 1.375613 0.780678
v 0.294156 1.313264 0.808110
v 0.275463 1.349574 0.798088
v 0.257166 1.379647 0.789744
v 0.291291 1.317253 0.823168
v 0.273420 1.352330 0.810287
v 0.256276 1.380683 0.799590
v 0.214746 1.406885 0.773904
v 0.212951 1.412876 0.780154
v 0.214519 1.410828 0.788612
v 0.220627 1.411737 0.772610
v 0.218754 1.418213 0.778813
v 0.220398 1.415722 0.787473
v 0.229729 1.408416 0.773724
v 0.228074 1.414582 0.779930
v 0.229502 1.412359 0.788432
v 0.270130 1.322670 0.843072
v 0.256732 1.356185 0.826148
v 0.244126 1.383101 0.811289
v 0.254518 1.323412 0.845391
v 0.244099 1.356839 0.827888
v 0.233876 1.384335 0.812149
v 0.239028 1.322670 0.842593
v 0.231856 1.355598 0.825922
v 0.224741 1.382149 0.811246
v 0.240115 1.303738 0.771977
v 0.232722 1.340534 0.769732
v 0.225393 1.370810 0.768951
v 0.255686 1.303101 0.769630
v 0.245025 1.340720 0.767761
v 0.234567 1.372321 0.767338
v 0.271217 1.303739 0.772456
v 0.257597 1.341121 0.769958
v 0.244778 1.371762 0.768995
v 0.218489 1.317243 0.822049
v 0.215660 1.350876 0.809787
v 0.212952 1.378298 0.799562
v 0.216048 1.313249 0.806911
v 0.213661 1.347985 0.797562
v 0.211277 1.377009 0.789744
v 0.218953 1.309155 0.791882
v 0.216033 1.344389 0.785592
v 0.213244 1.373228 0.780650
v 0.294986 1.091846 0.840359
v 0.295984 1.098103 0.865821
v 0.294206 1.105411 0.890958
v 0.268812 1.091791 0.838514
v 0.268382 1.098411 0.865313
v 0.267991 1.106085 0.891831
v 0.242632 1.093431 0.839128
v 0.240819 1.099773 0.864523
v 0.241853 1.106996 0.889727
v 0.201086 1.115184 0.829467
v 0.202023 1.104178 0.833051
v 0.208300 1.098651 0.837060
v 0.195632 1.122910 0.857625
v 0.196659 1.111703 0.860645
v 0.203507 1.105440 0.862429
v 0.200215 1.130344 0.886016
v 0.201170 1.119028 0.888444
v 0.207516 1.112286 0.887919
v 0.238921 1.139335 0.924915
v 0.239133 1.127846 0.926597
v 0.241359 1.120147 0.921930
v 0.268101 1.139743 0.930455
v 0.267714 1.128208 0.932055
v 0.267599 1.120327 0.926840
v 0.297431 1.137563 0.926292
v 0.296447 1.126111 0.927945
v 0.293981 1.118553 0.923168
v 0.299472 1.102041 0.793792
v 0.298447 1.091290 0.798060
v 0.295787 1.087116 0.805903
v 0.270292 1.101621 0.788256
v 0.269862 1.090829 0.792629
v 0.269536 1.086612 0.801080
v 0.240963 1.103813 0.792416
v 0.241134 1.093025 0.796712
v 0.243165 1.088709 0.804665
v 0.172127 1.175071 0.870921
v 0.177097 1.168021 0.845245
v 0.172921 1.161247 0.819355
v 0.166878 1.207616 0.859787
v 0.171430 1.201165 0.836272
v 0.167606 1.194956 0.812563
v 0.158679 1.244478 0.847001
v 0.162730 1.238748 0.826062
v 0.159327 1.233207 0.804958
v 0.137633 1.153044 0.783891
v 0.111024 1.152663 0.778845
v 0.084280 1.154652 0.782638
v 0.135293 1.187406 0.780096
v 0.110928 1.187029 0.775482
v 0.086439 1.188823 0.778963
v 0.130571 1.226380 0.776081
v 0.108889 1.225965 0.771994
v 0.087096 1.227483 0.775115
v 0.047925 1.165013 0.816419
v 0.042954 1.172063 0.842095
v 0.047130 1.178838 0.867985
v 0.053149 1.198274 0.809910
v 0.048598 1.204726 0.833425
v 0.052421 1.210934 0.857134
v 0.057471 1.235792 0.802696
v 0.053420 1.241522 0.823635
v 0.056823 1.247063 0.844739
v 0.082419 1.187040 0.903449
v 0.109027 1.187421 0.908495
v 0.135771 1.185433 0.904702
v 0.084735 1.218484 0.889602
v 0.109099 1.218861 0.894216
v 0.133588 1.217068 0.890734
v 0.085579 1.253890 0.873616
v 0.107261 1.254305 0.877703
v 0.129054 1.252787 0.874582
v 0.176683 1.131056 0.885462
v 0.174932 1.119823 0.887827
v 0.168222 1.113476 0.886995
v 0.182137 1.123318 0.857307
v 0.180293 1.112198 0.860260
v 0.173003 1.106364 0.861712
v 0.177554 1.115896 0.828913
v 0.175786 1.104972 0.832434
v 0.169005 1.099841 0.836136
v 0.131131 1.314030 0.789222
v 0.113168 1.350708 0.782314
v 0.095942 1.380477 0.776900
v 0.133530 1.318128 0.804332
v 0.114838 1.354438 0.794309
v 0.096541 1.384511 0.785965
v 0.130667 1.322117 0.819389
v 0.112795 1.357194 0.806509
v 0.095651 1.385547 0.795811
v 0.054121 1.411749 0.770125
v 0.052327 1.417741 0.776375
v 0.053894 1.415692 0.784833
v 0.060002 1.416601 0.768832
v 0.058129 1.423077 0.775034
v 0.059773 1.420586 0.783695
v 0.069104 1.413280 0.769945
v 0.067449 1.419446 0.776151
v 0.068878 1.417223 0.784653
v 0.109505 1.327534 0.839294
v 0.096107 1.361049 0.822369
v 0.083502 1.387965 0.807510
v 0.093894 1.328276 0.841613
v 0.083474 1.361703 0.824109
v 0.073251 1.389199 0.808371
v 0.078403 1.327534 0.838815
v 0.071231 1.360462 0.822143
v 0.064117 1.387013 0.807467
v 0.079491 1.308603 0.768199
v 0.072097 1.345398 0.765953
v 0.064768 1.375674 0.765173
v 0.095061 1.307965 0.765851
v 0.084400 1.345584 0.763983
v 0.073942 1.377186 0.763560
v 0.110593 1.308603 0.768678
v 0.096972 1.345985 0.766179
v 0.084154 1.376626 0.765216
v 0.057864 1.322107 0.818271
v 0.055036 1.355740 0.806009
v 0.052327 1.383162 0.795783
v 0.055424 1.318114 0.803132
v 0.053036 1.352849 0.793783
v 0.050652 1.381874 0.785965
v 0.058329 1.314019 0.788103
v 0.055408 1.349253 0.781814
v 0.052619 1.378092 0.776872
v 0.134361 1.096710 0.836581
v 0.135360 1.102967 0.862043
v 0.133581 1.110275 0.887180
v 0.108187 1.096655 0.834735
v 0.107757 1.103275 0.861535
v 0.107366 1.110949 0.888052
v 0.082008 1.098295 0.835349
v 0.080194 1.104637 0.860745
v 0.081228 1.111861 0.885948
v 0.040461 1.120048 0.825688
v 0.041399 1.109042 0.829273
v 0.047675 1.103515 0.833282
v 0.035007 1.127774 0.853846
v 0.036034 1.116567 0.856866
v 0.042882 1.110304 0.858651
v 0.039590 1.135208 0.882237
v 0.040545 1.123892 0.884666
v 0.046891 1.117150 0.884140
v 0.078297 1.144199 0.921137
v 0.078508 1.132710 0.922818
v 0.080734 1.125011 0.918152
v 0.107477 1.144607 0.926676
v 0.107090 1.133072 0.928276
v 0.106974 1.125191 0.923062
v 0.136806 1.142427 0.922513
v 0.135822 1.130975 0.924166
v 0.133356 1.123417 0.919390
v 0.138847 1.106905 0.790013
v 0.137823 1.096154 0.794282
v 0.135162 1.091980 0.802125
v 0.109667 1.106485 0.784477
v 0.109237 1.095693 0.788850
v 0.108911 1.091476 0.797301
v 0.080338 1.108677 0.788637
v 0.080509 1.097890 0.792934
v 0.082541 1.093573 0.800887
vn -0.9205 0.2352 0.3119
vn -0.9817 0.1872 -0.0351
vn -0.9895 0.1425 -0.0230
vn -0.9138 0.2768 0.2972
vn -0.9672 0.2488 -0.0518
vn -0.9309 0.0548 -0.3611
vn -0.9241 0.0981 -0.3693
vn -0.6923 0.3297 0.6419
vn -0.9248 0.1985 0.3247
vn -0.6942 0.2969 0.6557
vn -0.6890 0.3629 0.6274
vn -0.9014 0.3337 0.2760
vn -0.6823 0.4080 0.6067
vn -0.8804 0.4038 0.2487
vn -0.9431 0.3246 -0.0725
vn -0.9115 0.1579 -0.3799
vn -0.8903 0.2320 -0.3919
vn -0.7026 0.0551 -0.7095
vn -0.7095 0.0058 -0.7047
vn -0.7129 -0.0302 -0.7006
vn -0.9352 0.0166 -0.3537
vn -0.7151 -0.0655 -0.6960
vn -0.9945 0.1043 -0.0127
vn -0.3703 -0.0640 -0.9267
vn -0.0217 -0.1024 -0.9945
vn -0.3705 -0.0873 -0.9247
vn -0.3691 -0.0335 -0.9288
vn -0.0227 -0.0926 -0.9954
vn 0.3297 -0.0804 -0.9407
vn -0.0232 -0.0825 -0.9963
vn 0.3293 -0.0840 -0.9405
vn -0.3701 -0.1164 -0.9217
vn -0.6901 0.1168 -0.7143
vn -0.3651 0.0049 -0.9310
vn -0.0221 -0.0704 -0.9973
vn 0.3299 -0.0946 -0.9393
vn 0.3317 -0.1102 -0.9369
vn 0.6871 -0.0641 -0.7237
vn 0.6838 -0.0328 -0.7289
vn 0.6821 -0.0161 -0.7311
vn 0.3323 -0.0974 -0.9381
vn 0.6844 -0.0274 -0.7286
vn -0.0199 -0.1252 -0.9919
vn 0.9183 0.0490 -0.3929
vn 0.9847 0.1641 -0.0592
vn 0.9143 0.0742 -0.3981
vn 0.9238 0.0040 -0.3828
vn 0.9893 0.1367 -0.0519
vn 0.9288 0.2318 0.2892
vn 0.9248 0.2563 0.2811
vn 0.9344 0.1878 0.3027
vn 0.9157 0.0671 -0.3963
vn 0.6911 -0.1079 -0.7147
vn 0.9283 -0.0585 -0.3672
vn 0.9954 0.0881 -0.0389
vn 0.9389 0.1259 0.3203
vn 0.7121 0.2587 0.6527
vn 0.7081 0.3011 0.6387
vn 0.7047 0.3309 0.6276
vn 0.7029 0.3465 0.6212
vn 0.9261 0.2493 0.2830
vn 0.7052 0.3354 0.6246
vn 0.9857 0.1585 -0.0577
vn 0.3572 0.3982 0.8449
vn 0.0066 0.4178 0.9085
vn 0.0077 0.4089 0.9126
vn 0.3569 0.3951 0.8465
vn 0.0061 0.4270 0.9042
vn -0.3430 0.4109 0.8447
vn -0.3430 0.3898 0.8546
vn -0.3419 0.4383 0.8312
vn 0.3599 0.3823 0.8511
vn 0.3574 0.3853 0.8508
vn 0.3593 0.3706 0.8565
vn 0.0071 0.4380 0.8990
vn -0.3382 0.4726 0.8138
vn -0.6701 0.4637 0.5796
vn -0.3426 0.3630 0.8666
vn 0.0096 0.3879 0.9217
vn -0.9992 -0.0327 0.0241
vn -0.8136 -0.3781 0.4417
vn -0.9285 0.0602 0.3664
vn -0.8230 -0.5421 -0.1698
vn -0.8758 -0.4626 0.1375
vn -0.4142 -0.8175 0.4002
vn -0.4192 -0.9048 0.0743
vn -0.4382 -0.8665 0.2391
vn -0.6959 0.1569 0.7008
vn -0.9391 -0.1240 -0.3205
vn -0.6256 -0.6146 -0.4805
vn -0.3298 -0.9375 -0.1114
vn -0.1051 -0.9868 0.1235
vn -0.1080 -0.9737 0.2004
vn -0.1089 -0.9597 0.2590
vn -0.1063 -0.9426 0.3167
vn -0.1010 -0.9154 0.3896
vn -0.3191 -0.7535 0.5747
vn -0.6068 -0.2870 0.7412
vn -0.8630 0.3049 -0.4028
vn -0.8802 0.4615 -0.1102
vn -0.8344 0.3671 -0.4111
vn -0.8534 0.4721 0.2210
vn -0.9124 0.3986 -0.0928
vn -0.7986 0.4296 -0.4216
vn -0.7894 0.5890 0.1729
vn -0.8382 0.5299 -0.1292
vn -0.6717 0.1783 -0.7190
vn -0.6522 0.5192 0.5524
vn -0.8251 0.5299 0.1962
vn -0.6057 0.6151 0.5048
vn -0.5694 0.6734 0.4715
vn -0.6904 0.6934 0.2063
vn -0.7557 0.6354 -0.1587
vn -0.7013 0.5026 -0.5055
vn -0.5878 0.3518 -0.7285
vn -0.6246 0.2848 -0.7271
vn -0.6505 0.2325 -0.7231
vn 0.1005 0.5137 -0.8521
vn 0.8480 0.5084 -0.1494
vn 0.6833 0.2037 -0.7012
vn -0.5117 0.8318 -0.2151
vn 0.2102 0.9435 -0.2562
vn 0.1210 0.8702 0.4777
vn 0.7015 0.5218 0.4854
vn 0.4413 0.0347 -0.8967
vn 0.8900 -0.0187 -0.4556
vn 0.7053 -0.0765 -0.7048
vn 0.0227 0.1706 -0.9851
vn -0.4694 0.5288 -0.7072
vn -0.3573 0.2858 -0.8892
vn -0.4529 0.8152 0.3611
vn -0.3338 0.6949 0.6369
vn 0.0498 0.6402 0.7666
vn 0.4666 0.4750 0.7460
vn 0.9028 0.2048 0.3780
vn 0.7258 0.2808 0.6280
vn 0.9952 0.0892 -0.0393
vn 0.0120 0.4521 0.8919
vn -0.3153 0.5458 0.7763
vn -0.3291 0.5087 0.7955
vn 0.3639 0.3592 0.8594
vn 0.0193 0.4755 0.8795
vn -0.2975 0.5932 0.7480
vn 0.3687 0.3638 0.8554
vn 0.0286 0.5236 0.8515
vn 0.7160 0.2194 0.6628
vn 0.7183 0.2038 0.6652
vn 0.3765 0.3951 0.8379
vn -0.6312 0.5680 0.5282
vn 0.3362 -0.1216 -0.9339
vn -0.0097 -0.0283 -0.9996
vn 0.3411 -0.1156 -0.9329
vn -0.0172 -0.0546 -0.9984
vn -0.3417 0.0868 -0.9358
vn 0.0001 0.0273 -0.9996
vn 0.3493 -0.0798 -0.9336
vn -0.3235 0.1419 -0.9355
vn 0.6949 -0.1470 -0.7039
vn -0.3557 0.0452 -0.9335
vn 0.6999 -0.1464 -0.6990
vn 0.6973 -0.1618 -0.6983
vn 0.9991 -0.0427 -0.0039
vn 0.9388 0.0402 0.3420
vn 0.9398 0.0680 0.3350
vn 0.9283 -0.1435 -0.3431
vn 0.9973 -0.0737 0.0044
vn 0.9393 0.0552 0.3387
vn 0.9287 -0.1289 -0.3478
vn 0.9986 -0.0531 -0.0011
vn 0.9996 0.0202 -0.0208
vn 0.9292 -0.1159 -0.3510
vn 0.7209 0.2174 0.6581
vn -0.0117 -0.9767 0.2141
vn 0.0353 -0.9654 0.2583
vn -0.0110 -0.9658 0.2591
vn 0.0808 -0.9739 0.2119
vn 0.0346 -0.9764 0.2133
vn -0.0103 -0.9528 0.3035
vn 0.0822 -0.9500 0.3013
vn 0.0360 -0.9524 0.3027
vn -0.0274 -0.9925 0.1193
vn 0.0929 -0.9888 0.1165
vn 0.0328 -0.9926 0.1165
vn 0.1702 -0.9784 0.1170
vn 0.1760 -0.9651 0.1937
vn 0.0815 -0.9630 0.2569
vn 0.1778 -0.9340 0.3100
vn 0.1743 -0.9071 0.3831
vn 0.0972 -0.9152 0.3910
vn 0.0371 -0.9181 0.3947
vn -0.0231 -0.9189 0.3939
vn 0.9994 0.0278 -0.0228
vn 0.8454 -0.4915 -0.2091
vn 0.9288 -0.0674 -0.3645
vn 0.8548 -0.3276 0.4025
vn 0.9077 -0.4086 0.0956
vn 0.4762 -0.8777 0.0532
vn 0.4812 -0.7903 0.3792
vn 0.5005 -0.8381 0.2170
vn 0.6962 -0.1665 -0.6982
vn 0.9394 0.1168 0.3225
vn 0.6572 -0.2487 0.7115
vn 0.3908 -0.7320 0.5581
vn 0.1788 -0.9510 0.2522
vn 0.3802 -0.9160 -0.1281
vn 0.6384 -0.5763 -0.5102
vn 0.0150 0.2565 0.9664
vn 0.3447 -0.2090 0.9151
vn 0.3694 0.2491 0.8952
vn -0.2880 -0.2282 0.9300
vn 0.0292 -0.2046 0.9784
vn 0.2063 -0.7265 0.6555
vn -0.1309 -0.7367 0.6634
vn 0.0382 -0.7307 0.6816
vn 0.7173 0.1996 0.6676
vn -0.3413 0.2276 0.9120
vn -0.0148 -0.2613 -0.9651
vn -0.3129 -0.6606 -0.6825
vn -0.3691 -0.2564 -0.8933
vn 0.3198 -0.6413 -0.6974
vn 0.0026 -0.6666 -0.7454
vn -0.1443 -0.9687 -0.2020
vn 0.1930 -0.9585 -0.2100
vn 0.0242 -0.9739 -0.2256
vn -0.7169 -0.2093 -0.6650
vn 0.3416 -0.2348 -0.9100
vn -0.9309 0.0547 -0.3611
vn -0.9248 0.1985 0.3246
vn -0.6943 0.2969 0.6556
vn -0.9352 0.0167 -0.3537
vn -0.3704 -0.0873 -0.9247
vn -0.3690 -0.0335 -0.9288
vn -0.6900 0.1168 -0.7143
vn -0.0222 -0.0704 -0.9973
vn -0.0199 -0.1251 -0.9919
vn 0.6910 -0.1079 -0.7147
vn 0.9261 0.2493 0.2831
vn 0.0067 0.4178 0.9085
vn 0.3568 0.3951 0.8465
vn 0.0070 0.4380 0.8990
vn -0.3426 0.3629 0.8666
vn -0.8230 -0.5420 -0.1698
vn -0.4142 -0.8174 0.4003
vn -0.4193 -0.9048 0.0743
vn -0.4382 -0.8665 0.2390
vn -0.6257 -0.6146 -0.4805
vn -0.3297 -0.9375 -0.1114
vn -0.1090 -0.9597 0.2590
vn -0.1062 -0.9426 0.3167
vn -0.3192 -0.7535 0.5748
vn -0.6068 -0.2871 0.7412
vn -0.8803 0.4615 -0.1102
vn -0.8345 0.3671 -0.4110
vn -0.7986 0.4296 -0.4215
vn -0.7894 0.5890 0.1730
vn -0.5693 0.6735 0.4715
vn -0.6247 0.2849 -0.7271
vn 0.8481 0.5084 -0.1494
vn 0.6832 0.2037 -0.7012
vn 0.4413 0.0346 -0.8967
vn 0.8900 -0.0186 -0.4556
vn 0.7052 -0.0765 -0.7048
vn 0.0228 0.1705 -0.9851
vn 0.4666 0.4751 0.7460
vn 0.9029 0.2048 0.3780
vn -0.3154 0.5458 0.7763
vn 0.3638 0.3592 0.8594
vn -0.2976 0.5932 0.7480
vn 0.3766 0.3951 0.8379
vn -0.0096 -0.0283 -0.9996
vn 0.3492 -0.0798 -0.9336
vn -0.3558 0.0452 -0.9335
vn 0.6999 -0.1464 -0.6991
vn 0.9283 -0.1434 -0.3431
vn 0.9973 -0.0738 0.0044
vn 0.9392 0.0552 0.3388
vn 0.7208 0.2174 0.6581
vn -0.0274 -0.9925 0.1194
vn 0.0328 -0.9926 0.1166
vn 0.1703 -0.9784 0.1170
vn 0.0971 -0.9152 0.3910
vn 0.0371 -0.9181 0.3946
vn 0.9394 0.1168 0.3224
vn 0.6572 -0.2488 0.7115
vn 0.3908 -0.7320 0.5580
vn 0.3447 -0.2091 0.9151
vn 0.0292 -0.2045 0.9784
vn -0.1310 -0.7367 0.6635
vn 0.0382 -0.7307 0.6817
vn 0.7173 0.1997 0.6676
vn -0.0148 -0.2614 -0.9651
vn 0.3198 -0.6414 -0.6974
vn 0.0027 -0.6666 -0.7454
vn 0.0242 -0.9739 -0.2257
vn 0.3416 -0.2349 -0.9100
vn -0.9895 0.1425 -0.0229
vn -0.9309 0.0548 -0.3612
vn -0.6943 0.2968 0.6557
vn -0.6889 0.3630 0.6274
vn -0.9013 0.3337 0.2760
vn -0.8804 0.4037 0.2487
vn -0.9945 0.1043 -0.0126
vn 0.3297 -0.0804 -0.9406
vn -0.0231 -0.0825 -0.9963
vn 0.9157 0.0672 -0.3963
vn 0.9954 0.0881 -0.0390
vn -0.3426 0.3630 0.8665
vn -0.9992 -0.0327 0.0242
vn -0.6959 0.1568 0.7008
vn -0.8344 0.3671 -0.4110
vn -0.8382 0.5299 -0.1291
vn -0.6521 0.5192 0.5524
vn -0.5694 0.6735 0.4714
vn -0.5878 0.3517 -0.7285
vn -0.6246 0.2848 -0.7272
vn 0.2103 0.9435 -0.2561
vn 0.1210 0.8702 0.4776
vn 0.7052 -0.0766 -0.7048
vn 0.0228 0.1706 -0.9851
vn 0.4666 0.4750 0.7461
vn 0.9028 0.2048 0.3781
vn 0.7257 0.2808 0.6281
vn -0.0096 -0.0282 -0.9996
vn 0.3412 -0.1156 -0.9329
vn 0.9991 -0.0428 -0.0039
vn 0.9287 -0.1288 -0.3478
vn 0.9986 -0.0532 -0.0012
vn 0.9996 0.0203 -0.0208
vn 0.7208 0.2175 0.6581
vn 0.0822 -0.9500 0.3014
vn 0.9994 0.0278 -0.0229
vn 0.4813 -0.7903 0.3792
vn 0.5006 -0.8381 0.2170
vn -0.2880 -0.2283 0.9300
vn -0.3129 -0.6605 -0.6825
vn -0.3692 -0.2563 -0.8933
vn 0.3198 -0.6414 -0.6973
vn 0.0027 -0.6667 -0.7453
vn 0.1929 -0.9585 -0.2099
vn -0.3431 0.4109 0.8447
vn -0.8630 0.3049 -0.4029
vn -0.8251 0.5299 0.1961
vn -0.6505 0.2325 -0.7230
vn 0.7016 0.5218 0.4853
vn 0.0497 0.6402 0.7666
vn 0.4666 0.4751 0.7461
vn 0.0119 0.4521 0.8919
vn 0.9986 -0.0532 -0.0011
vn 0.1702 -0.9784 0.1171
vn -0.0232 -0.9189 0.3939
vn 0.8454 -0.4916 -0.2090
vn 0.9077 -0.4086 0.0955
vn 0.4762 -0.8777 0.0533
vn -0.1310 -0.7367 0.6634
vn 0.3199 -0.6414 -0.6974
vn -0.7130 -0.0302 -0.7006
vn 0.3297 -0.0805 -0.9407
vn -0.3701 -0.1165 -0.9217
vn 0.9389 0.1258 0.3203
vn -0.1050 -0.9868 0.1236
vn -0.5879 0.3518 -0.7285
vn 0.8481 0.5084 -0.1493
vn 0.8900 -0.0187 -0.4555
vn -0.4694 0.5288 -0.7071
vn 0.9394 0.1167 0.3225
vn -0.3692 -0.2564 -0.8933
vn 0.1930 -0.9585 -0.2099
vn -0.9817 0.1872 -0.0350
vn 0.9248 0.2563 0.2812
vn -0.3420 0.4383 0.8312
vn 0.3575 0.3853 0.8508
vn -0.1009 -0.9154 0.3896
vn -0.8251 0.5298 0.1962
vn -0.6056 0.6151 0.5048
vn -0.6504 0.2325 -0.7231
vn -0.0097 -0.0282 -0.9996
vn 0.1744 -0.9071 0.3831
vn -0.0232 -0.9189 0.3938
vn 0.6572 -0.2488 0.7114
vn 0.6384 -0.5763 -0.5103
vn 0.3694 0.2492 0.8952
vn 0.0026 -0.6667 -0.7454
vn 0.3594 0.3706 0.8565
vn -0.4381 -0.8665 0.2391
vn -0.3192 -0.7535 0.5747
vn -0.8534 0.4721 0.2209
vn -0.5693 0.6735 0.4714
vn 0.7052 -0.0766 -0.7049
vn -0.4530 0.8152 0.3610
vn 0.0027 -0.6667 -0.7454
vn 0.9205 0.2352 0.3119
vn 0.9817 0.1872 -0.0351
vn 0.9138 0.2768 0.2972
vn 0.9309 0.0548 -0.3611
vn 0.9895 0.1425 -0.0230
vn 0.9672 0.2488 -0.0518
vn 0.9014 0.3337 0.2760
vn 0.9241 0.0981 -0.3693
vn 0.9248 0.1985 0.3246
vn 0.6923 0.3297 0.6419
vn 0.6943 0.2969 0.6557
vn 0.9945 0.1043 -0.0127
vn 0.9352 0.0166 -0.3537
vn 0.7129 -0.0302 -0.7006
vn 0.7095 0.0058 -0.7047
vn 0.9115 0.1579 -0.3799
vn 0.7026 0.0551 -0.7095
vn 0.8903 0.2320 -0.3919
vn 0.9431 0.3246 -0.0725
vn 0.8804 0.4038 0.2487
vn 0.6823 0.4080 0.6067
vn 0.6701 0.4637 0.5796
vn 0.6890 0.3630 0.6274
vn 0.0217 -0.1024 -0.9945
vn 0.3703 -0.0640 -0.9267
vn 0.3705 -0.0873 -0.9247
vn -0.3297 -0.0804 -0.9407
vn 0.0227 -0.0926 -0.9954
vn 0.3690 -0.0335 -0.9288
vn -0.3293 -0.0840 -0.9405
vn 0.0232 -0.0825 -0.9963
vn 0.3701 -0.1164 -0.9217
vn 0.7151 -0.0655 -0.6960
vn 0.0199 -0.1252 -0.9919
vn -0.3323 -0.0974 -0.9381
vn -0.6821 -0.0161 -0.7311
vn -0.6838 -0.0328 -0.7289
vn -0.3299 -0.0946 -0.9393
vn -0.6871 -0.0641 -0.7237
vn -0.3317 -0.1102 -0.9369
vn 0.0221 -0.0704 -0.9973
vn 0.3651 0.0049 -0.9310
vn 0.6900 0.1168 -0.7143
vn -0.9847 0.1641 -0.0592
vn -0.9183 0.0490 -0.3929
vn -0.9143 0.0742 -0.3981
vn -0.9288 0.2318 0.2892
vn -0.9893 0.1367 -0.0519
vn -0.9238 0.0040 -0.3828
vn -0.9344 0.1878 0.3027
vn -0.9954 0.0881 -0.0389
vn -0.9157 0.0672 -0.3963
vn -0.6844 -0.0274 -0.7286
vn -0.9857 0.1585 -0.0577
vn -0.9248 0.2563 0.2812
vn -0.9261 0.2493 0.2831
vn -0.7029 0.3465 0.6212
vn -0.7047 0.3309 0.6276
vn -0.7081 0.3011 0.6387
vn -0.7121 0.2587 0.6527
vn -0.9389 0.1259 0.3204
vn -0.9996 0.0202 -0.0208
vn -0.9283 -0.0585 -0.3672
vn -0.6911 -0.1079 -0.7147
vn -0.3572 0.3982 0.8449
vn -0.0066 0.4178 0.9085
vn -0.3568 0.3951 0.8465
vn -0.0077 0.4089 0.9126
vn 0.3430 0.4109 0.8447
vn -0.0061 0.4270 0.9042
vn -0.3574 0.3853 0.8508
vn 0.3419 0.4383 0.8312
vn -0.3599 0.3823 0.8511
vn -0.7052 0.3354 0.6246
vn -0.0096 0.3879 0.9217
vn 0.3430 0.3898 0.8546
vn 0.3426 0.3629 0.8666
vn 0.3382 0.4726 0.8138
vn -0.0071 0.4380 0.8990
vn -0.3593 0.3706 0.8565
vn 0.8136 -0.3781 0.4417
vn 0.9992 -0.0327 0.0242
vn 0.9285 0.0602 0.3664
vn 0.4142 -0.8175 0.4002
vn 0.8758 -0.4626 0.1375
vn 0.8230 -0.5421 -0.1698
vn 0.9391 -0.1239 -0.3205
vn 0.4192 -0.9048 0.0743
vn 0.6068 -0.2870 0.7412
vn 0.6959 0.1568 0.7008
vn 0.3192 -0.7535 0.5748
vn 0.1009 -0.9154 0.3896
vn 0.1089 -0.9597 0.2590
vn 0.4382 -0.8665 0.2391
vn 0.1051 -0.9868 0.1235
vn 0.3297 -0.9375 -0.1114
vn 0.6256 -0.6146 -0.4805
vn 0.7169 -0.2093 -0.6650
vn 0.8630 0.3049 -0.4028
vn 0.8802 0.4615 -0.1102
vn 0.9124 0.3986 -0.0928
vn 0.7986 0.4296 -0.4215
vn 0.8344 0.3671 -0.4111
vn 0.8534 0.4721 0.2210
vn 0.7894 0.5890 0.1729
vn 0.8251 0.5299 0.1962
vn 0.6717 0.1783 -0.7190
vn 0.6246 0.2848 -0.7271
vn 0.6505 0.2325 -0.7231
vn 0.5878 0.3518 -0.7285
vn 0.7013 0.5026 -0.5055
vn 0.8382 0.5299 -0.1292
vn 0.6904 0.6934 0.2063
vn 0.5694 0.6734 0.4715
vn 0.6057 0.6151 0.5048
vn 0.6312 0.5680 0.5282
vn 0.6521 0.5192 0.5524
vn -0.8480 0.5084 -0.1494
vn -0.1005 0.5137 -0.8521
vn -0.6832 0.2037 -0.7012
vn -0.1210 0.8702 0.4776
vn -0.2102 0.9435 -0.2562
vn 0.5117 0.8318 -0.2151
vn 0.4694 0.5288 -0.7072
vn -0.8900 -0.0186 -0.4556
vn -0.4413 0.0347 -0.8967
vn -0.7053 -0.0765 -0.7048
vn -0.9952 0.0892 -0.0393
vn -0.7015 0.5218 0.4854
vn -0.9028 0.2048 0.3780
vn -0.4666 0.4750 0.7461
vn -0.0498 0.6402 0.7666
vn 0.4529 0.8152 0.3611
vn 0.3338 0.6949 0.6369
vn 0.7557 0.6354 -0.1587
vn 0.3573 0.2858 -0.8892
vn -0.0228 0.1706 -0.9851
vn 0.3153 0.5458 0.7763
vn -0.0120 0.4521 0.8919
vn 0.3291 0.5087 0.7955
vn 0.2976 0.5932 0.7480
vn -0.0193 0.4755 0.8795
vn -0.3638 0.3592 0.8594
vn -0.0286 0.5236 0.8515
vn -0.3687 0.3638 0.8554
vn -0.3765 0.3951 0.8379
vn -0.7258 0.2808 0.6280
vn -0.7208 0.2175 0.6581
vn -0.7183 0.2038 0.6652
vn -0.7160 0.2194 0.6628
vn -0.3362 -0.1216 -0.9339
vn 0.0096 -0.0282 -0.9996
vn 0.0172 -0.0546 -0.9984
vn -0.3411 -0.1156 -0.9329
vn -0.0000 0.0273 -0.9996
vn 0.3417 0.0868 -0.9358
vn 0.3557 0.0452 -0.9335
vn 0.3235 0.1419 -0.9355
vn -0.6949 -0.1470 -0.7039
vn -0.6973 -0.1618 -0.6983
vn -0.3492 -0.0798 -0.9336
vn -0.6999 -0.1464 -0.6991
vn -0.9388 0.0402 0.3420
vn -0.9991 -0.0427 -0.0039
vn -0.9398 0.0680 0.3350
vn -0.9392 0.0552 0.3388
vn -0.9973 -0.0737 0.0044
vn -0.9283 -0.1435 -0.3431
vn -0.9292 -0.1159 -0.3510
vn -0.9287 -0.1288 -0.3478
vn -0.9986 -0.0531 -0.0011
vn 0.0117 -0.9767 0.2141
vn -0.0353 -0.9654 0.2583
vn -0.0346 -0.9764 0.2133
vn 0.0103 -0.9528 0.3035
vn 0.0110 -0.9658 0.2591
vn -0.0808 -0.9739 0.2119
vn -0.0822 -0.9500 0.3014
vn -0.0815 -0.9630 0.2569
vn 0.0274 -0.9925 0.1193
vn 0.1080 -0.9737 0.2004
vn 0.1063 -0.9426 0.3167
vn 0.0232 -0.9189 0.3939
vn -0.0360 -0.9524 0.3027
vn -0.0972 -0.9152 0.3910
vn -0.1743 -0.9071 0.3831
vn -0.1778 -0.9340 0.3100
vn -0.1788 -0.9510 0.2522
vn -0.1760 -0.9651 0.1937
vn -0.1703 -0.9784 0.1170
vn -0.0929 -0.9888 0.1165
vn -0.0328 -0.9926 0.1165
vn -0.8454 -0.4915 -0.2091
vn -0.9994 0.0278 -0.0229
vn -0.9288 -0.0674 -0.3645
vn -0.4762 -0.8777 0.0532
vn -0.9077 -0.4086 0.0956
vn -0.8548 -0.3276 0.4025
vn -0.9394 0.1167 0.3225
vn -0.4812 -0.7903 0.3792
vn -0.6384 -0.5763 -0.5102
vn -0.6962 -0.1665 -0.6982
vn -0.3802 -0.9160 -0.1281
vn -0.5005 -0.8381 0.2170
vn -0.3908 -0.7320 0.5580
vn -0.6572 -0.2488 0.7115
vn -0.7173 0.1996 0.6676
vn -0.3447 -0.2090 0.9151
vn -0.0150 0.2565 0.9664
vn -0.3694 0.2492 0.8952
vn -0.2063 -0.7265 0.6555
vn -0.0292 -0.2046 0.9784
vn 0.2880 -0.2283 0.9300
vn 0.3413 0.2276 0.9120
vn 0.1309 -0.7367 0.6634
vn -0.0371 -0.9181 0.3947
vn -0.0381 -0.7307 0.6816
vn 0.3129 -0.6606 -0.6825
vn 0.0148 -0.2613 -0.9651
vn 0.3691 -0.2564 -0.8933
vn 0.1443 -0.9687 -0.2020
vn -0.0026 -0.6666 -0.7454
vn -0.3198 -0.6413 -0.6974
vn -0.3416 -0.2348 -0.9100
vn -0.1930 -0.9585 -0.2100
vn -0.0242 -0.9739 -0.2256
vn 0.9309 0.0548 -0.3612
vn 0.9248 0.1985 0.3247
vn 0.9945 0.1043 -0.0126
vn 0.8804 0.4037 0.2487
vn 0.6890 0.3629 0.6274
vn 0.3704 -0.0873 -0.9247
vn 0.0199 -0.1251 -0.9919
vn -0.3298 -0.0946 -0.9393
vn 0.0222 -0.0704 -0.9973
vn -0.9954 0.0881 -0.0390
vn -0.9157 0.0671 -0.3963
vn -0.9248 0.2563 0.2811
vn -0.6910 -0.1079 -0.7147
vn -0.0067 0.4178 0.9085
vn 0.3426 0.3629 0.8665
vn -0.3594 0.3706 0.8565
vn 0.4142 -0.8174 0.4003
vn 0.8230 -0.5420 -0.1698
vn 0.6068 -0.2871 0.7412
vn 0.6959 0.1569 0.7008
vn 0.1010 -0.9154 0.3896
vn 0.4382 -0.8665 0.2390
vn 0.8345 0.3671 -0.4110
vn 0.8534 0.4721 0.2209
vn 0.7894 0.5890 0.1730
vn 0.6247 0.2849 -0.7271
vn 0.5879 0.3518 -0.7284
vn 0.5694 0.6735 0.4714
vn -0.8481 0.5084 -0.1494
vn -0.1210 0.8702 0.4777
vn 0.4693 0.5288 -0.7072
vn -0.4413 0.0346 -0.8967
vn -0.7052 -0.0765 -0.7048
vn -0.9952 0.0892 -0.0392
vn -0.9029 0.2048 0.3780
vn -0.4666 0.4751 0.7460
vn -0.0228 0.1705 -0.9851
vn -0.3766 0.3951 0.8379
vn -0.7208 0.2174 0.6581
vn -0.7159 0.2194 0.6628
vn 0.0096 -0.0283 -0.9996
vn -0.0001 0.0273 -0.9996
vn 0.3558 0.0452 -0.9335
vn -0.6999 -0.1464 -0.6990
vn -0.9973 -0.0738 0.0044
vn -0.9283 -0.1434 -0.3431
vn -0.9287 -0.1289 -0.3478
vn -0.9986 -0.0532 -0.0012
vn -0.0822 -0.9500 0.3013
vn 0.0274 -0.9925 0.1194
vn 0.1062 -0.9426 0.3167
vn 0.0231 -0.9189 0.3939
vn -0.0971 -0.9152 0.3910
vn -0.0328 -0.9926 0.1166
vn -0.9994 0.0278 -0.0228
vn -0.9394 0.1168 0.3225
vn -0.7173 0.1997 0.6676
vn -0.3447 -0.2091 0.9151
vn -0.3694 0.2491 0.8952
vn -0.0292 -0.2045 0.9784
vn 0.2881 -0.2282 0.9300
vn 0.1310 -0.7367 0.6635
vn -0.0371 -0.9181 0.3946
vn -0.0382 -0.7307 0.6817
vn -0.0027 -0.6666 -0.7454
vn -0.3199 -0.6414 -0.6974
vn -0.3416 -0.2349 -0.9100
vn -0.0242 -0.9739 -0.2257
vn 0.9895 0.1425 -0.0229
vn 0.9013 0.3337 0.2760
vn -0.3297 -0.0804 -0.9406
vn 0.0231 -0.0825 -0.9963
vn 0.3701 -0.1165 -0.9217
vn -0.9389 0.1259 0.3203
vn -0.9996 0.0203 -0.0208
vn 0.3426 0.3630 0.8666
vn 0.9391 -0.1240 -0.3205
vn 0.4193 -0.9048 0.0743
vn 0.3298 -0.9375 -0.1114
vn 0.6257 -0.6146 -0.4805
vn 0.8803 0.4615 -0.1102
vn 0.8344 0.3671 -0.4110
vn 0.6505 0.2325 -0.7230
vn 0.5879 0.3518 -0.7285
vn 0.8382 0.5299 -0.1291
vn -0.6833 0.2037 -0.7012
vn -0.2103 0.9435 -0.2562
vn -0.7052 -0.0766 -0.7048
vn -0.7015 0.5218 0.4853
vn -0.9028 0.2048 0.3781
vn 0.2975 0.5932 0.7480
vn -0.7257 0.2808 0.6281
vn -0.3412 -0.1156 -0.9329
vn -0.9991 -0.0428 -0.0039
vn -0.9986 -0.0531 -0.0012
vn 0.0232 -0.9189 0.3938
vn -0.1702 -0.9784 0.1171
vn -0.4813 -0.7903 0.3792
vn -0.5006 -0.8381 0.2169
vn -0.3908 -0.7320 0.5581
vn 0.3129 -0.6605 -0.6825
vn 0.0148 -0.2614 -0.9651
vn 0.3692 -0.2563 -0.8933
vn -0.0027 -0.6667 -0.7453
vn -0.3198 -0.6414 -0.6973
vn -0.1930 -0.9585 -0.2099
vn 0.6943 0.2969 0.6556
vn 0.3691 -0.0335 -0.9288
vn 0.3431 0.4109 0.8447
vn 0.7986 0.4296 -0.4216
vn 0.5878 0.3517 -0.7285
vn 0.5693 0.6735 0.4715
vn 0.6522 0.5192 0.5524
vn -0.2102 0.9435 -0.2561
vn -0.9952 0.0893 -0.0392
vn -0.4666 0.4751 0.7461
vn -0.0497 0.6402 0.7666
vn 0.3573 0.2857 -0.8892
vn -0.0227 0.1706 -0.9851
vn -0.0119 0.4521 0.8919
vn -0.7209 0.2174 0.6581
vn -0.7000 -0.1464 -0.6990
vn -0.9986 -0.0532 -0.0011
vn -0.4762 -0.8777 0.0533
vn 0.2880 -0.2282 0.9300
vn 0.1310 -0.7367 0.6634
vn -0.0026 -0.6667 -0.7453
vn -0.3198 -0.6414 -0.6974
vn 0.9817 0.1872 -0.0350
vn 0.9352 0.0167 -0.3537
vn -0.3297 -0.0805 -0.9407
vn -0.3568 0.3950 0.8465
vn 0.3426 0.3630 0.8665
vn -0.0070 0.4380 0.8990
vn 0.4142 -0.8175 0.4003
vn 0.1050 -0.9868 0.1236
vn 0.8344 0.3670 -0.4111
vn 0.6247 0.2848 -0.7271
vn 0.6056 0.6151 0.5048
vn -0.8481 0.5084 -0.1493
vn 0.5117 0.8318 -0.2152
vn 0.4694 0.5288 -0.7071
vn -0.8900 -0.0187 -0.4555
vn -0.7016 0.5218 0.4854
vn -0.9393 0.0552 0.3387
vn -0.9394 0.1167 0.3224
vn 0.1310 -0.7366 0.6635
vn -0.0027 -0.6667 -0.7454
vn -0.6820 -0.0161 -0.7311
vn 0.6901 0.1168 -0.7143
vn 0.3431 0.4108 0.8447
vn 0.4381 -0.8665 0.2390
vn 0.1050 -0.9868 0.1235
vn 0.6903 0.6934 0.2063
vn -0.8900 -0.0187 -0.4556
vn 0.0097 -0.0282 -0.9996
vn 0.0231 -0.9189 0.3938
vn -0.0359 -0.9524 0.3027
vn -0.1744 -0.9071 0.3831
vn -0.5006 -0.8381 0.2170
vn -0.6572 -0.2488 0.7114
vn -0.0382 -0.7307 0.6816
vn -0.0026 -0.6667 -0.7454
vn 0.7130 -0.0302 -0.7006
vn -0.9288 0.2318 0.2891
vn 0.3192 -0.7535 0.5747
vn -0.8480 0.5085 -0.1494
vn -0.7052 -0.0765 -0.7049
vn -0.7016 0.5218 0.4853
vn 0.4529 0.8152 0.3610
vn -0.9077 -0.4086 0.0955
vn -0.6572 -0.2487 0.7115
vn -0.3694 0.2492 0.8953
vt 0.446533 0.062500
vt 0.500000 0.125000
vt 0.452040 0.125000
vt 0.500000 0.062500
vt 0.547960 0.125000
vt 0.454129 0.187500
vt 0.500000 0.187500
vt 0.437500 0.000000
vt 0.404080 0.062500
vt 0.375000 0.000000
vt 0.500000 0.000000
vt 0.553467 0.062500
vt 0.562500 0.000000
vt 0.595920 0.062500
vt 0.586806 0.125000
vt 0.545871 0.187500
vt 0.583767 0.187500
vt 0.545573 0.250000
vt 0.500000 0.250000
vt 0.454427 0.250000
vt 0.416233 0.187500
vt 0.416667 0.250000
vt 0.413194 0.125000
vt 0.500000 0.312500
vt 0.454427 0.375000
vt 0.454427 0.312500
vt 0.545573 0.312500
vt 0.500000 0.375000
vt 0.454427 0.437500
vt 0.545573 0.375000
vt 0.500000 0.437500
vt 0.416667 0.312500
vt 0.583333 0.250000
vt 0.583333 0.312500
vt 0.583333 0.375000
vt 0.545573 0.437500
vt 0.583333 0.437500
vt 0.545573 0.500000
vt 0.500000 0.500000
vt 0.454427 0.500000
vt 0.416667 0.437500
vt 0.416667 0.500000
vt 0.416667 0.375000
vt 0.500000 0.562500
vt 0.454427 0.625000
vt 0.454427 0.562500
vt 0.545573 0.562500
vt 0.500000 0.625000
vt 0.500000 0.687500
vt 0.454427 0.687500
vt 0.545573 0.687500
vt 0.416667 0.562500
vt 0.583333 0.500000
vt 0.583333 0.562500
vt 0.545573 0.625000
vt 0.583333 0.687500
vt 0.583333 0.750000
vt 0.545573 0.750000
vt 0.500000 0.750000
vt 0.454427 0.750000
vt 0.416667 0.687500
vt 0.416667 0.750000
vt 0.416667 0.625000
vt 0.454129 0.812500
vt 0.500000 0.875000
vt 0.452040 0.875000
vt 0.500000 0.812500
vt 0.547960 0.875000
vt 0.500000 0.937500
vt 0.446533 0.937500
vt 0.553467 0.937500
vt 0.416233 0.812500
vt 0.545871 0.812500
vt 0.583767 0.812500
vt 0.586806 0.875000
vt 0.595920 0.937500
vt 0.625000 1.000000
vt 0.562500 1.000000
vt 0.500000 1.000000
vt 0.437500 1.000000
vt 0.404080 0.937500
vt 0.375000 1.000000
vt 0.413194 0.875000
vt 0.390083 0.125000
vt 0.377496 0.062500
vt 0.384345 0.062500
vt 0.380100 0.187500
vt 0.379340 0.125000
vt 0.375312 0.062500
vt 0.375638 0.187500
vt 0.375543 0.125000
vt 0.392266 0.187500
vt 0.380208 0.250000
vt 0.375651 0.250000
vt 0.375000 0.250000
vt 0.375000 0.187500
vt 0.375000 0.125000
vt 0.375000 0.062500
vt 0.607734 0.187500
vt 0.620660 0.125000
vt 0.619900 0.187500
vt 0.615655 0.062500
vt 0.609918 0.125000
vt 0.624363 0.187500
vt 0.624688 0.062500
vt 0.624458 0.125000
vt 0.607422 0.250000
vt 0.625000 0.000000
vt 0.622504 0.062500
vt 0.625000 0.062500
vt 0.625000 0.125000
vt 0.625000 0.187500
vt 0.625000 0.250000
vt 0.624349 0.250000
vt 0.619792 0.250000
vt 0.752387 0.562500
vt 0.700087 0.625000
vt 0.696533 0.562500
vt 0.812934 0.625000
vt 0.753472 0.625000
vt 0.752387 0.687500
vt 0.696533 0.687500
vt 0.687500 0.500000
vt 0.653700 0.562500
vt 0.625000 0.500000
vt 0.750000 0.500000
vt 0.812798 0.562500
vt 0.812500 0.500000
vt 0.875000 0.562500
vt 0.875000 0.625000
vt 0.812798 0.687500
vt 0.875000 0.687500
vt 0.812500 0.750000
vt 0.750000 0.750000
vt 0.687500 0.750000
vt 0.653700 0.687500
vt 0.625000 0.750000
vt 0.659722 0.625000
vt 0.609918 0.875000
vt 0.622504 0.937500
vt 0.615655 0.937500
vt 0.607748 0.812500
vt 0.620660 0.875000
vt 0.624688 0.937500
vt 0.620009 0.812500
vt 0.624458 0.875000
vt 0.607530 0.750000
vt 0.620660 0.750000
vt 0.624593 0.812500
vt 0.625000 0.812500
vt 0.625000 0.875000
vt 0.625000 0.937500
vt 0.607436 0.437500
vt 0.619792 0.375000
vt 0.619900 0.437500
vt 0.607422 0.375000
vt 0.619792 0.312500
vt 0.624349 0.375000
vt 0.624580 0.437500
vt 0.624349 0.312500
vt 0.607530 0.500000
vt 0.607422 0.312500
vt 0.625000 0.312500
vt 0.625000 0.375000
vt 0.625000 0.437500
vt 0.626953 0.500000
vt 0.620660 0.500000
vt 0.607856 0.625000
vt 0.622287 0.687500
vt 0.607734 0.687500
vt 0.622287 0.562500
vt 0.623264 0.625000
vt 0.633613 0.687500
vt 0.633613 0.562500
vt 0.636936 0.625000
vt 0.583333 0.625000
vt 0.607734 0.562500
vt 0.626953 0.750000
vt 0.187202 0.562500
vt 0.246528 0.625000
vt 0.187066 0.625000
vt 0.303467 0.562500
vt 0.247613 0.562500
vt 0.187202 0.687500
vt 0.303467 0.687500
vt 0.247613 0.687500
vt 0.125000 0.500000
vt 0.125000 0.562500
vt 0.187500 0.500000
vt 0.312500 0.500000
vt 0.250000 0.500000
vt 0.375000 0.500000
vt 0.346300 0.562500
vt 0.299913 0.625000
vt 0.346300 0.687500
vt 0.375000 0.750000
vt 0.312500 0.750000
vt 0.250000 0.750000
vt 0.187500 0.750000
vt 0.125000 0.750000
vt 0.125000 0.687500
vt 0.125000 0.625000
vt 0.392144 0.625000
vt 0.377713 0.562500
vt 0.392266 0.562500
vt 0.377713 0.687500
vt 0.376736 0.625000
vt 0.366387 0.562500
vt 0.366387 0.687500
vt 0.363064 0.625000
vt 0.392470 0.500000
vt 0.392266 0.687500
vt 0.379340 0.750000
vt 0.373047 0.750000
vt 0.340278 0.625000
vt 0.373047 0.500000
vt 0.379340 0.500000
vt 0.390082 0.875000
vt 0.379991 0.812500
vt 0.392253 0.812500
vt 0.377496 0.937500
vt 0.379340 0.875000
vt 0.375407 0.812500
vt 0.375312 0.937500
vt 0.375543 0.875000
vt 0.392470 0.750000
vt 0.384345 0.937500
vt 0.375000 0.937500
vt 0.375000 0.875000
vt 0.375000 0.812500
vt 0.392578 0.375000
vt 0.380208 0.312500
vt 0.392578 0.312500
vt 0.380100 0.437500
vt 0.380208 0.375000
vt 0.375651 0.312500
vt 0.375420 0.437500
vt 0.375651 0.375000
vt 0.392578 0.250000
vt 0.392565 0.437500
vt 0.375000 0.437500
vt 0.375000 0.375000
vt 0.375000 0.312500
vt 0.437500 0.062500
vt 0.437500 0.187500
vt 0.437500 0.125000
vt 0.562500 0.125000
vt 0.562500 0.062500
vt 0.437500 0.250000
vt 0.562500 0.187500
vt 0.562500 0.250000
vt 0.437500 0.375000
vt 0.437500 0.312500
vt 0.437500 0.437500
vt 0.562500 0.312500
vt 0.562500 0.375000
vt 0.437500 0.500000
vt 0.562500 0.437500
vt 0.562500 0.500000
vt 0.437500 0.625000
vt 0.437500 0.562500
vt 0.562500 0.562500
vt 0.562500 0.687500
vt 0.562500 0.625000
vt 0.375000 0.562500
vt 0.375000 0.625000
vt 0.437500 0.687500
vt 0.375000 0.687500
vt 0.437500 0.750000
vt 0.562500 0.750000
vt 0.625000 0.687500
vt 0.625000 0.625000
vt 0.625000 0.562500
vt 0.437500 0.812500
vt 0.437500 0.875000
vt 0.562500 0.875000
vt 0.562500 0.812500
vt 0.562500 0.937500
vt 0.437500 0.937500
vt 0.687500 0.625000
vt 0.750000 0.562500
vt 0.687500 0.562500
vt 0.750000 0.687500
vt 0.750000 0.625000
vt 0.812500 0.625000
vt 0.812500 0.562500
vt 0.687500 0.687500
vt 0.812500 0.687500
vt 0.875000 0.500000
vt 0.187500 0.562500
vt 0.250000 0.625000
vt 0.250000 0.562500
vt 0.187500 0.687500
vt 0.187500 0.625000
vt 0.312500 0.562500
vt 0.312500 0.687500
vt 0.312500 0.625000
vt 0.250000 0.687500
vt 0.875000 0.750000
s 1
usemtl マテリアル
f 1853/300/453 1857/301/454 1856/302/455
f 1854/303/456 1858/304/457 1857/301/454
f 1857/301/454 1859/305/458 1856/302/455
f 1858/304/457 1860/306/459 1857/301/454
f 680/307/460 679/308/461 453/309/462
f 680/307/460 1854/303/456 1853/300/453
f 681/310/463 1855/311/464 1854/303/456
f 682/312/465 683/313/466 1855/311/464
f 1855/311/464 684/314/467 1858/304/457
f 684/314/467 1861/315/468 1858/304/457
f 685/316/469 686/317/470 1861/315/468
f 1861/315/468 687/318/471 1860/306/459
f 1860/306/459 688/319/472 1859/305/458
f 677/320/473 688/319/472 455/321/474
f 678/322/475 1859/305/458 677/320/473
f 1853/300/453 678/322/475 679/308/461
f 1863/323/476 1865/324/477 1862/325/478
f 1864/326/479 1866/327/480 1863/323/476
f 1866/327/480 1868/328/481 1865/324/477
f 1867/329/482 1869/330/483 1866/327/480
f 688/319/472 691/331/484 455/321/474
f 687/318/471 1862/325/478 688/319/472
f 686/317/470 1863/323/476 687/318/471
f 456/332/485 1864/326/479 686/317/470
f 692/333/486 1867/329/482 1864/326/479
f 693/334/487 1870/335/488 1867/329/482
f 694/336/489 695/337/490 1870/335/488
f 1870/335/488 696/338/491 1869/330/483
f 1869/330/483 697/339/492 1868/328/481
f 689/340/493 697/339/492 459/341/494
f 1865/324/477 689/340/493 690/342/495
f 1862/325/478 690/342/495 691/331/484
f 1872/343/496 1874/344/497 1871/345/498
f 1873/346/499 1875/347/500 1872/343/496
f 1874/344/497 1878/348/501 1877/349/502
f 1875/347/500 1879/350/503 1878/348/501
f 697/339/492 700/351/504 459/341/494
f 696/338/491 1871/345/498 697/339/492
f 695/337/490 1872/343/496 696/338/491
f 460/352/505 1873/346/499 695/337/490
f 701/353/506 1876/354/507 1873/346/499
f 1876/354/507 703/355/508 1879/350/503
f 1879/350/503 458/356/509 704/357/510
f 1878/348/501 704/357/510 705/358/511
f 1877/349/502 705/358/511 706/359/512
f 698/360/513 706/359/512 457/361/514
f 699/362/515 1877/349/502 698/360/513
f 1871/345/498 699/362/515 700/351/504
f 1880/363/516 1884/364/517 1883/365/518
f 1881/366/519 1885/367/520 1884/364/517
f 1883/365/518 1887/368/521 1886/369/522
f 1884/364/517 1888/370/523 1887/368/521
f 706/359/512 709/371/524 457/361/514
f 706/359/512 1881/366/519 1880/363/516
f 705/358/511 1882/372/525 1881/366/519
f 704/357/510 710/373/526 1882/372/525
f 1882/372/525 711/374/527 1885/367/520
f 1885/367/520 712/375/528 1888/370/523
f 1888/370/523 454/376/529 682/377/465
f 1887/368/521 682/377/465 681/378/463
f 1886/369/522 681/378/463 680/379/460
f 707/380/530 680/379/460 453/381/462
f 708/382/531 1886/369/522 707/380/530
f 709/371/524 1883/365/518 708/382/531
f 1890/383/532 1892/384/533 1889/385/534
f 1890/383/532 1894/386/535 1893/387/536
f 1893/387/536 1895/388/537 1892/384/533
f 1893/387/536 1897/389/538 1896/390/539
f 453/309/462 1889/385/534 754/309/540
f 679/308/461 1890/383/532 1889/385/534
f 677/320/473 1890/383/532 678/322/475
f 455/321/474 1891/391/541 677/320/473
f 1891/391/541 750/392/542 1894/386/535
f 1894/386/535 751/393/543 1897/389/538
f 1897/389/538 465/394/544 737/395/545
f 1897/389/538 738/396/546 1896/390/539
f 1895/388/537 738/396/546 739/397/547
f 1895/388/537 466/309/548 752/309/549
f 1892/384/533 752/309/549 753/309/550
f 1889/385/534 753/309/550 754/309/540
f 1898/398/551 1902/399/552 1901/400/553
f 1900/401/554 1902/399/552 1899/402/555
f 1902/399/552 1904/403/556 1901/400/553
f 1902/399/552 1906/404/557 1905/405/558
f 456/332/485 1898/398/551 730/406/559
f 685/316/469 1899/402/555 1898/398/551
f 683/313/466 1899/402/555 684/314/467
f 454/407/529 1900/401/554 683/313/466
f 725/407/560 1903/408/561 1900/401/554
f 1903/408/561 727/407/562 1906/404/557
f 1906/404/557 461/407/563 713/409/564
f 1905/405/558 713/409/564 714/410/565
f 1905/405/558 715/411/566 1904/403/556
f 1904/403/556 462/412/567 728/413/568
f 1901/400/553 728/413/568 729/414/569
f 730/406/559 1901/400/553 729/414/569
f 1908/415/570 1910/416/571 1907/417/572
f 1908/415/570 1912/418/573 1911/419/574
f 1910/416/571 1914/420/575 1913/421/576
f 1912/418/573 1914/420/575 1911/419/574
f 718/422/577 719/423/578 463/424/579
f 717/425/580 1907/417/572 718/422/577
f 717/425/580 1909/426/581 1908/415/570
f 716/427/582 715/428/566 1909/426/581
f 1909/426/581 714/429/565 1912/418/573
f 714/429/565 1915/430/583 1912/418/573
f 713/431/564 724/432/584 1915/430/583
f 1915/430/583 723/433/585 1914/420/575
f 1913/421/576 723/433/585 722/434/586
f 721/435/587 722/434/586 464/436/588
f 720/437/589 1913/421/576 721/435/587
f 1907/417/572 720/437/589 719/423/578
f 1917/438/590 1919/439/591 1916/440/592
f 1918/441/593 1920/442/594 1917/438/590
f 1920/442/594 1922/443/595 1919/439/591
f 1921/444/596 1923/445/597 1920/442/594
f 712/375/528 725/376/560 454/376/529
f 711/374/527 1916/440/592 712/375/528
f 710/373/526 1917/438/590 711/374/527
f 458/356/509 1918/441/593 710/373/526
f 731/446/598 1921/444/596 1918/441/593
f 732/447/599 1924/448/600 1921/444/596
f 1924/448/600 464/436/588 722/449/586
f 1924/448/600 723/450/585 1923/445/597
f 1923/445/597 724/451/584 1922/443/595
f 1922/443/595 461/376/563 727/376/562
f 1919/439/591 727/376/562 726/376/601
f 1916/440/592 726/376/601 725/376/560
f 1925/452/602 1929/453/603 1928/454/604
f 1926/455/605 1930/456/606 1929/453/603
f 1928/454/604 1932/457/607 1931/458/608
f 1929/453/603 1933/459/609 1932/457/607
f 460/352/505 1925/452/602 736/460/610
f 694/336/489 1926/455/605 1925/452/602
f 693/334/487 1927/461/611 1926/455/605
f 692/333/486 730/406/559 1927/461/611
f 1927/461/611 729/414/569 1930/456/606
f 1930/456/606 728/413/568 1933/459/609
f 1933/459/609 462/412/567 716/462/582
f 1932/457/607 716/462/582 717/463/580
f 1931/458/608 717/463/580 718/464/577
f 1931/458/608 463/424/579 734/465/612
f 735/466/613 1931/458/608 734/465/612
f 736/460/610 1928/454/604 735/466/613
f 1935/467/614 1937/468/615 1934/469/616
f 1935/467/614 1939/470/617 1938/471/618
f 1938/471/618 1940/472/619 1937/468/615
f 1938/471/618 1942/473/620 1941/474/621
f 703/355/508 731/446/598 458/356/509
f 702/475/622 1934/469/616 703/355/508
f 702/475/622 1936/476/623 1935/467/614
f 701/353/506 736/460/610 1936/476/623
f 1936/476/623 735/466/613 1939/470/617
f 1939/470/617 734/465/612 1942/473/620
f 1942/473/620 463/424/579 719/423/578
f 1941/474/621 719/423/578 720/437/589
f 1941/474/621 721/435/587 1940/472/619
f 1940/472/619 464/436/588 733/477/624
f 1937/468/615 733/477/624 732/447/599
f 1934/469/616 732/447/599 731/446/598
f 1943/478/625 1947/479/626 1946/480/627
f 1945/481/628 1947/479/626 1944/482/629
f 1947/479/626 1949/483/630 1946/480/627
f 1947/479/626 1951/484/631 1950/485/632
f 465/486/544 1943/478/625 737/487/545
f 742/488/633 1944/482/629 1943/478/625
f 740/489/634 1944/482/629 741/490/635
f 467/491/636 1945/481/628 740/489/634
f 745/492/637 1948/493/638 1945/481/628
f 1948/493/638 743/494/639 1951/484/631
f 1951/484/631 468/495/640 748/496/641
f 1950/485/632 748/496/641 747/497/642
f 1950/485/632 746/498/643 1949/483/630
f 1949/483/630 466/499/548 739/500/547
f 1946/480/627 739/500/547 738/501/546
f 737/487/545 1946/480/627 738/501/546
f 1953/502/644 1955/503/645 1952/504/646
f 1953/502/644 1957/505/647 1956/506/648
f 1956/506/648 1958/507/649 1955/503/645
f 1956/506/648 1960/508/650 1959/509/651
f 459/341/494 1952/504/646 760/510/652
f 700/351/504 1953/502/644 1952/504/646
f 698/360/513 1953/502/644 699/362/515
f 457/361/514 1954/511/653 698/360/513
f 1954/511/653 756/512/654 1957/505/647
f 1957/505/647 757/513/655 1960/508/650
f 1960/508/650 468/495/640 743/494/639
f 1960/508/650 744/514/656 1959/509/651
f 1958/507/649 744/514/656 745/492/637
f 1958/507/649 467/491/636 758/515/657
f 1955/503/645 758/515/657 759/516/658
f 1952/504/646 759/516/658 760/510/652
f 1962/517/659 1964/518/660 1961/519/661
f 1962/517/659 1966/520/662 1965/521/663
f 1965/521/663 1967/522/664 1964/518/660
f 1965/521/663 1969/523/665 1968/524/666
f 457/361/514 1961/519/661 755/525/667
f 709/371/524 1962/517/659 1961/519/661
f 707/380/530 1962/517/659 708/382/531
f 453/381/462 1963/526/668 707/380/530
f 1963/526/668 753/381/550 1966/520/662
f 1966/520/662 752/381/549 1969/523/665
f 1969/523/665 466/381/548 746/527/643
f 1969/523/665 747/528/642 1968/524/666
f 1967/522/664 747/528/642 748/529/641
f 1967/522/664 468/495/640 757/513/655
f 1964/518/660 757/513/655 756/512/654
f 1961/519/661 756/512/654 755/525/667
f 1971/530/669 1973/531/670 1970/532/671
f 1971/530/669 1975/533/672 1974/534/673
f 1974/534/673 1976/535/674 1973/531/670
f 1974/534/673 1978/536/675 1977/537/676
f 455/321/474 1970/532/671 749/538/677
f 691/331/484 1971/530/669 1970/532/671
f 689/340/493 1971/530/669 690/342/495
f 459/341/494 1972/539/678 689/340/493
f 1972/539/678 759/516/658 1975/533/672
f 1975/533/672 758/515/657 1978/536/675
f 1978/536/675 467/491/636 740/540/634
f 1978/536/675 741/541/635 1977/537/676
f 1976/535/674 741/541/635 742/542/633
f 1976/535/674 465/394/544 751/393/543
f 1973/531/670 751/393/543 750/392/542
f 1970/532/671 750/392/542 749/538/677
f 1979/300/453 1983/301/454 1982/302/455
f 1980/303/456 1984/304/457 1983/301/454
f 1983/301/454 1985/305/679 1982/302/455
f 1984/304/457 1986/306/459 1983/301/454
f 764/307/460 763/308/680 469/309/681
f 764/307/460 1980/303/456 1979/300/453
f 765/310/463 1981/311/464 1980/303/456
f 766/312/465 767/313/466 1981/311/464
f 1981/311/464 768/314/467 1984/304/457
f 768/314/467 1987/315/468 1984/304/457
f 769/316/469 770/317/470 1987/315/468
f 1987/315/468 771/318/471 1986/306/459
f 1986/306/459 772/319/472 1985/305/679
f 761/320/682 772/319/472 471/321/474
f 762/322/475 1985/305/679 761/320/682
f 1979/300/453 762/322/475 763/308/680
f 1989/323/476 1991/324/477 1988/325/683
f 1990/326/684 1992/327/480 1989/323/476
f 1992/327/480 1994/328/481 1991/324/477
f 1993/329/482 1995/330/483 1992/327/480
f 772/319/472 775/331/484 471/321/474
f 771/318/471 1988/325/683 772/319/472
f 770/317/470 1989/323/476 771/318/471
f 472/332/685 1990/326/684 770/317/470
f 776/333/486 1993/329/482 1990/326/684
f 777/334/686 1996/335/488 1993/329/482
f 778/336/489 779/337/490 1996/335/488
f 1996/335/488 780/338/491 1995/330/483
f 1995/330/483 781/339/492 1994/328/481
f 773/340/493 781/339/492 475/341/494
f 1991/324/477 773/340/493 774/342/687
f 1988/325/683 774/342/687 775/331/484
f 1998/343/496 2000/344/497 1997/345/498
f 1999/346/499 2001/347/500 1998/343/496
f 2000/344/497 2004/348/501 2003/349/502
f 2001/347/500 2005/350/503 2004/348/501
f 781/339/492 784/351/504 475/341/494
f 780/338/491 1997/345/498 781/339/492
f 779/337/490 1998/343/496 780/338/491
f 476/352/688 1999/346/499 779/337/490
f 785/353/506 2002/354/507 1999/346/499
f 2002/354/507 787/355/508 2005/350/503
f 2005/350/503 474/356/509 788/357/510
f 2004/348/501 788/357/510 789/358/511
f 2003/349/502 789/358/511 790/359/512
f 782/360/689 790/359/512 473/361/514
f 783/362/515 2003/349/502 782/360/689
f 1997/345/498 783/362/515 784/351/504
f 2006/363/516 2010/364/690 2009/365/518
f 2007/366/691 2011/367/520 2010/364/690
f 2009/365/518 2013/368/521 2012/369/522
f 2010/364/690 2014/370/523 2013/368/521
f 790/359/512 793/371/524 473/361/514
f 790/359/512 2007/366/691 2006/363/516
f 789/358/511 2008/372/525 2007/366/691
f 788/357/510 794/373/526 2008/372/525
f 2008/372/525 795/374/692 2011/367/520
f 2011/367/520 796/375/528 2014/370/523
f 2014/370/523 470/376/529 766/377/465
f 2013/368/521 766/377/465 765/378/463
f 2012/369/522 765/378/463 764/379/460
f 791/380/693 764/379/460 469/381/681
f 792/382/531 2012/369/522 791/380/693
f 793/371/524 2009/365/518 792/382/531
f 2016/383/532 2018/384/533 2015/385/534
f 2016/383/532 2020/386/694 2019/387/536
f 2019/387/536 2021/388/695 2018/384/533
f 2019/387/536 2023/389/696 2022/390/697
f 469/309/681 2015/385/534 838/309/540
f 763/308/680 2016/383/532 2015/385/534
f 761/320/682 2016/383/532 762/322/475
f 471/321/474 2017/391/541 761/320/682
f 2017/391/541 834/392/698 2020/386/694
f 2020/386/694 835/393/699 2023/389/696
f 2023/389/696 481/394/544 821/395/545
f 2023/389/696 822/396/700 2022/390/697
f 2021/388/695 822/396/700 823/397/701
f 2021/388/695 482/309/548 836/309/702
f 2018/384/533 836/309/702 837/309/703
f 2015/385/534 837/309/703 838/309/540
f 2024/398/551 2028/399/704 2027/400/705
f 2026/401/554 2028/399/704 2025/402/555
f 2028/399/704 2030/403/706 2027/400/705
f 2028/399/704 2032/404/707 2031/405/558
f 472/332/685 2024/398/551 814/406/559
f 769/316/469 2025/402/555 2024/398/551
f 767/313/466 2025/402/555 768/314/467
f 470/407/529 2026/401/554 767/313/466
f 809/407/560 2029/408/561 2026/401/554
f 2029/408/561 811/407/562 2032/404/707
f 2032/404/707 477/407/708 797/409/564
f 2031/405/558 797/409/564 798/410/565
f 2031/405/558 799/411/566 2030/403/706
f 2030/403/706 478/412/567 812/413/709
f 2027/400/705 812/413/709 813/414/569
f 814/406/559 2027/400/705 813/414/569
f 2034/415/570 2036/416/710 2033/417/711
f 2034/415/570 2038/418/573 2037/419/574
f 2036/416/710 2040/420/575 2039/421/576
f 2038/418/573 2040/420/575 2037/419/574
f 802/422/712 803/423/713 479/424/714
f 801/425/715 2033/417/711 802/422/712
f 801/425/715 2035/426/581 2034/415/570
f 800/427/582 799/428/566 2035/426/581
f 2035/426/581 798/429/565 2038/418/573
f 798/429/565 2041/430/583 2038/418/573
f 797/431/564 808/432/584 2041/430/583
f 2041/430/583 807/433/585 2040/420/575
f 2039/421/576 807/433/585 806/434/716
f 805/435/717 806/434/716 480/436/588
f 804/437/589 2039/421/576 805/435/717
f 2033/417/711 804/437/589 803/423/713
f 2043/438/590 2045/439/718 2042/440/592
f 2044/441/719 2046/442/594 2043/438/590
f 2046/442/594 2048/443/720 2045/439/718
f 2047/444/596 2049/445/597 2046/442/594
f 796/375/528 809/376/560 470/376/529
f 795/374/692 2042/440/592 796/375/528
f 794/373/526 2043/438/590 795/374/692
f 474/356/509 2044/441/719 794/373/526
f 815/446/598 2047/444/596 2044/441/719
f 816/447/599 2050/448/721 2047/444/596
f 2050/448/721 480/436/588 806/449/716
f 2050/448/721 807/450/585 2049/445/597
f 2049/445/597 808/451/584 2048/443/720
f 2048/443/720 477/376/708 811/376/562
f 2045/439/718 811/376/562 810/376/601
f 2042/440/592 810/376/601 809/376/560
f 2051/452/602 2055/453/722 2054/454/604
f 2052/455/605 2056/456/606 2055/453/722
f 2054/454/604 2058/457/607 2057/458/723
f 2055/453/722 2059/459/609 2058/457/607
f 476/352/688 2051/452/602 820/460/610
f 778/336/489 2052/455/605 2051/452/602
f 777/334/686 2053/461/724 2052/455/605
f 776/333/486 814/406/559 2053/461/724
f 2053/461/724 813/414/569 2056/456/606
f 2056/456/606 812/413/709 2059/459/609
f 2059/459/609 478/412/567 800/462/582
f 2058/457/607 800/462/582 801/463/715
f 2057/458/723 801/463/715 802/464/712
f 2057/458/723 479/424/714 818/465/725
f 819/466/613 2057/458/723 818/465/725
f 820/460/610 2054/454/604 819/466/613
f 2061/467/614 2063/468/615 2060/469/616
f 2061/467/614 2065/470/726 2064/471/727
f 2064/471/727 2066/472/728 2063/468/615
f 2064/471/727 2068/473/620 2067/474/621
f 787/355/508 815/446/598 474/356/509
f 786/475/622 2060/469/616 787/355/508
f 786/475/622 2062/476/623 2061/467/614
f 785/353/506 820/460/610 2062/476/623
f 2062/476/623 819/466/613 2065/470/726
f 2065/470/726 818/465/725 2068/473/620
f 2068/473/620 479/424/714 803/423/713
f 2067/474/621 803/423/713 804/437/589
f 2067/474/621 805/435/717 2066/472/728
f 2066/472/728 480/436/588 817/477/729
f 2063/468/615 817/477/729 816/447/599
f 2060/469/616 816/447/599 815/446/598
f 2069/478/625 2073/479/626 2072/480/627
f 2071/481/628 2073/479/626 2070/482/629
f 2073/479/626 2075/483/630 2072/480/627
f 2073/479/626 2077/484/631 2076/485/632
f 481/486/544 2069/478/625 821/487/545
f 826/488/730 2070/482/629 2069/478/625
f 824/489/634 2070/482/629 825/490/731
f 483/491/732 2071/481/628 824/489/634
f 829/492/637 2074/493/638 2071/481/628
f 2074/493/638 827/494/639 2077/484/631
f 2077/484/631 484/495/640 832/496/733
f 2076/485/632 832/496/733 831/497/734
f 2076/485/632 830/498/643 2075/483/630
f 2075/483/630 482/499/548 823/500/701
f 2072/480/627 823/500/701 822/501/700
f 821/487/545 2072/480/627 822/501/700
f 2079/502/644 2081/503/645 2078/504/646
f 2079/502/644 2083/505/647 2082/506/648
f 2082/506/648 2084/507/649 2081/503/645
f 2082/506/648 2086/508/650 2085/509/651
f 475/341/494 2078/504/646 844/510/652
f 784/351/504 2079/502/644 2078/504/646
f 782/360/689 2079/502/644 783/362/515
f 473/361/514 2080/511/735 782/360/689
f 2080/511/735 840/512/736 2083/505/647
f 2083/505/647 841/513/737 2086/508/650
f 2086/508/650 484/495/640 827/494/639
f 2086/508/650 828/514/656 2085/509/651
f 2084/507/649 828/514/656 829/492/637
f 2084/507/649 483/491/732 842/515/657
f 2081/503/645 842/515/657 843/516/658
f 2078/504/646 843/516/658 844/510/652
f 2088/517/659 2090/518/738 2087/519/661
f 2088/517/659 2092/520/662 2091/521/739
f 2091/521/739 2093/522/664 2090/518/738
f 2091/521/739 2095/523/740 2094/524/741
f 473/361/514 2087/519/661 839/525/742
f 793/371/524 2088/517/659 2087/519/661
f 791/380/693 2088/517/659 792/382/531
f 469/381/681 2089/526/668 791/380/693
f 2089/526/668 837/381/703 2092/520/662
f 2092/520/662 836/381/702 2095/523/740
f 2095/523/740 482/381/548 830/527/643
f 2095/523/740 831/528/734 2094/524/741
f 2093/522/664 831/528/734 832/529/733
f 2093/522/664 484/495/640 841/513/737
f 2090/518/738 841/513/737 840/512/736
f 2087/519/661 840/512/736 839/525/742
f 2097/530/743 2099/531/670 2096/532/671
f 2097/530/743 2101/533/744 2100/534/745
f 2100/534/745 2102/535/674 2099/531/670
f 2100/534/745 2104/536/675 2103/537/746
f 471/321/474 2096/532/671 833/538/677
f 775/331/484 2097/530/743 2096/532/671
f 773/340/493 2097/530/743 774/342/687
f 475/341/494 2098/539/747 773/340/493
f 2098/539/747 843/516/658 2101/533/744
f 2101/533/744 842/515/657 2104/536/675
f 2104/536/675 483/491/732 824/540/634
f 2104/536/675 825/541/731 2103/537/746
f 2102/535/674 825/541/731 826/542/730
f 2102/535/674 481/394/544 835/393/699
f 2099/531/670 835/393/699 834/392/698
f 2096/532/671 834/392/698 833/538/677
f 2105/300/453 2109/301/454 2108/302/748
f 2106/303/456 2110/304/457 2109/301/454
f 2109/301/454 2111/305/749 2108/302/748
f 2110/304/457 2112/306/459 2109/301/454
f 848/307/460 847/308/680 485/309/750
f 848/307/460 2106/303/456 2105/300/453
f 849/310/751 2107/311/752 2106/303/456
f 850/312/465 851/313/753 2107/311/752
f 2107/311/752 852/314/467 2110/304/457
f 852/314/467 2113/315/468 2110/304/457
f 853/316/469 854/317/470 2113/315/468
f 2113/315/468 855/318/471 2112/306/459
f 2112/306/459 856/319/472 2111/305/749
f 845/320/473 856/319/472 487/321/474
f 846/322/754 2111/305/749 845/320/473
f 2105/300/453 846/322/754 847/308/680
f 2115/323/476 2117/324/477 2114/325/683
f 2116/326/684 2118/327/480 2115/323/476
f 2118/327/480 2120/328/755 2117/324/477
f 2119/329/756 2121/330/483 2118/327/480
f 856/319/472 859/331/484 487/321/474
f 855/318/471 2114/325/683 856/319/472
f 854/317/470 2115/323/476 855/318/471
f 488/332/685 2116/326/684 854/317/470
f 860/333/486 2119/329/756 2116/326/684
f 861/334/487 2122/335/488 2119/329/756
f 862/336/489 863/337/490 2122/335/488
f 2122/335/488 864/338/491 2121/330/483
f 2121/330/483 865/339/492 2120/328/755
f 857/340/493 865/339/492 491/341/494
f 2117/324/477 857/340/493 858/342/687
f 2114/325/683 858/342/687 859/331/484
f 2124/343/496 2126/344/497 2123/345/498
f 2125/346/499 2127/347/500 2124/343/496
f 2126/344/497 2130/348/501 2129/349/502
f 2127/347/500 2131/350/503 2130/348/501
f 865/339/492 868/351/757 491/341/494
f 864/338/491 2123/345/498 865/339/492
f 863/337/490 2124/343/496 864/338/491
f 492/352/688 2125/346/499 863/337/490
f 869/353/506 2128/354/758 2125/346/499
f 2128/354/758 871/355/508 2131/350/503
f 2131/350/503 490/356/509 872/357/510
f 2130/348/501 872/357/510 873/358/511
f 2129/349/502 873/358/511 874/359/512
f 866/360/689 874/359/512 489/361/514
f 867/362/515 2129/349/502 866/360/689
f 2123/345/498 867/362/515 868/351/757
f 2132/363/516 2136/364/517 2135/365/518
f 2133/366/691 2137/367/520 2136/364/517
f 2135/365/518 2139/368/521 2138/369/522
f 2136/364/517 2140/370/523 2139/368/521
f 874/359/512 877/371/524 489/361/514
f 874/359/512 2133/366/691 2132/363/516
f 873/358/511 2134/372/525 2133/366/691
f 872/357/510 878/373/526 2134/372/525
f 2134/372/525 879/374/527 2137/367/520
f 2137/367/520 880/375/528 2140/370/523
f 2140/370/523 486/376/529 850/377/465
f 2139/368/521 850/377/465 849/378/751
f 2138/369/522 849/378/751 848/379/460
f 875/380/759 848/379/460 485/381/750
f 876/382/531 2138/369/522 875/380/759
f 877/371/524 2135/365/518 876/382/531
f 2142/383/760 2144/384/533 2141/385/534
f 2142/383/760 2146/386/694 2145/387/536
f 2145/387/536 2147/388/695 2144/384/533
f 2145/387/536 2149/389/538 2148/390/539
f 485/309/750 2141/385/534 922/309/761
f 847/308/680 2142/383/760 2141/385/534
f 845/320/473 2142/383/760 846/322/754
f 487/321/474 2143/391/541 845/320/473
f 2143/391/541 918/392/698 2146/386/694
f 2146/386/694 919/393/543 2149/389/538
f 2149/389/538 497/394/544 905/395/545
f 2149/389/538 906/396/546 2148/390/539
f 2147/388/695 906/396/546 907/397/701
f 2147/388/695 498/309/548 920/309/702
f 2144/384/533 920/309/702 921/309/550
f 2141/385/534 921/309/550 922/309/761
f 2150/398/551 2154/399/704 2153/400/762
f 2152/401/554 2154/399/704 2151/402/555
f 2154/399/704 2156/403/706 2153/400/762
f 2154/399/704 2158/404/707 2157/405/763
f 488/332/685 2150/398/551 898/406/559
f 853/316/469 2151/402/555 2150/398/551
f 851/313/753 2151/402/555 852/314/467
f 486/407/529 2152/401/554 851/313/753
f 893/407/764 2155/408/561 2152/401/554
f 2155/408/561 895/407/562 2158/404/707
f 2158/404/707 493/407/765 881/409/564
f 2157/405/763 881/409/564 882/410/565
f 2157/405/763 883/411/566 2156/403/706
f 2156/403/706 494/412/766 896/413/767
f 2153/400/762 896/413/767 897/414/569
f 898/406/559 2153/400/762 897/414/569
f 2160/415/570 2162/416/571 2159/417/572
f 2160/415/570 2164/418/573 2163/419/768
f 2162/416/571 2166/420/769 2165/421/576
f 2164/418/573 2166/420/769 2163/419/768
f 886/422/712 887/423/578 495/424/770
f 885/425/771 2159/417/572 886/422/712
f 885/425/771 2161/426/581 2160/415/570
f 884/427/582 883/428/566 2161/426/581
f 2161/426/581 882/429/565 2164/418/573
f 882/429/565 2167/430/583 2164/418/573
f 881/431/564 892/432/584 2167/430/583
f 2167/430/583 891/433/585 2166/420/769
f 2165/421/576 891/433/585 890/434/772
f 889/435/773 890/434/772 496/436/774
f 888/437/589 2165/421/576 889/435/773
f 2159/417/572 888/437/589 887/423/578
f 2169/438/590 2171/439/718 2168/440/592
f 2170/441/719 2172/442/594 2169/438/590
f 2172/442/594 2174/443/595 2171/439/718
f 2173/444/596 2175/445/597 2172/442/594
f 880/375/528 893/376/764 486/376/529
f 879/374/527 2168/440/592 880/375/528
f 878/373/526 2169/438/590 879/374/527
f 490/356/509 2170/441/719 878/373/526
f 899/446/598 2173/444/596 2170/441/719
f 900/447/599 2176/448/600 2173/444/596
f 2176/448/600 496/436/774 890/449/772
f 2176/448/600 891/450/585 2175/445/597
f 2175/445/597 892/451/584 2174/443/595
f 2174/443/595 493/376/765 895/376/562
f 2171/439/718 895/376/562 894/376/601
f 2168/440/592 894/376/601 893/376/764
f 2177/452/602 2181/453/775 2180/454/776
f 2178/455/605 2182/456/606 2181/453/775
f 2180/454/776 2184/457/607 2183/458/723
f 2181/453/775 2185/459/609 2184/457/607
f 492/352/688 2177/452/602 904/460/610
f 862/336/489 2178/455/605 2177/452/602
f 861/334/487 2179/461/611 2178/455/605
f 860/333/486 898/406/559 2179/461/611
f 2179/461/611 897/414/569 2182/456/606
f 2182/456/606 896/413/767 2185/459/609
f 2185/459/609 494/412/766 884/462/582
f 2184/457/607 884/462/582 885/463/771
f 2183/458/723 885/463/771 886/464/712
f 2183/458/723 495/424/770 902/465/612
f 903/466/613 2183/458/723 902/465/612
f 904/460/610 2180/454/776 903/466/613
f 2187/467/777 2189/468/615 2186/469/616
f 2187/467/777 2191/470/617 2190/471/618
f 2190/471/618 2192/472/728 2189/468/615
f 2190/471/618 2194/473/778 2193/474/779
f 871/355/508 899/446/598 490/356/509
f 870/475/780 2186/469/616 871/355/508
f 870/475/780 2188/476/623 2187/467/777
f 869/353/506 904/460/610 2188/476/623
f 2188/476/623 903/466/613 2191/470/617
f 2191/470/617 902/465/612 2194/473/778
f 2194/473/778 495/424/770 887/423/578
f 2193/474/779 887/423/578 888/437/589
f 2193/474/779 889/435/773 2192/472/728
f 2192/472/728 496/436/774 901/477/781
f 2189/468/615 901/477/781 900/447/599
f 2186/469/616 900/447/599 899/446/598
f 2195/478/625 2199/479/626 2198/480/627
f 2197/481/628 2199/479/626 2196/482/629
f 2199/479/626 2201/483/630 2198/480/627
f 2199/479/626 2203/484/782 2202/485/632
f 497/486/544 2195/478/625 905/487/545
f 910/488/633 2196/482/629 2195/478/625
f 908/489/634 2196/482/629 909/490/635
f 499/491/636 2197/481/628 908/489/634
f 913/492/637 2200/493/638 2197/481/628
f 2200/493/638 911/494/639 2203/484/782
f 2203/484/782 500/495/640 916/496/641
f 2202/485/632 916/496/641 915/497/734
f 2202/485/632 914/498/643 2201/483/630
f 2201/483/630 498/499/548 907/500/701
f 2198/480/627 907/500/701 906/501/546
f 905/487/545 2198/480/627 906/501/546
f 2205/502/783 2207/503/645 2204/504/646
f 2205/502/783 2209/505/647 2208/506/648
f 2208/506/648 2210/507/649 2207/503/645
f 2208/506/648 2212/508/784 2211/509/785
f 491/341/494 2204/504/646 928/510/652
f 868/351/757 2205/502/783 2204/504/646
f 866/360/689 2205/502/783 867/362/515
f 489/361/514 2206/511/653 866/360/689
f 2206/511/653 924/512/736 2209/505/647
f 2209/505/647 925/513/655 2212/508/784
f 2212/508/784 500/495/640 911/494/639
f 2212/508/784 912/514/656 2211/509/785
f 2210/507/649 912/514/656 913/492/637
f 2210/507/649 499/491/636 926/515/657
f 2207/503/645 926/515/657 927/516/658
f 2204/504/646 927/516/658 928/510/652
f 2214/517/659 2216/518/738 2213/519/661
f 2214/517/659 2218/520/786 2217/521/739
f 2217/521/739 2219/522/664 2216/518/738
f 2217/521/739 2221/523/665 2220/524/666
f 489/361/514 2213/519/661 923/525/742
f 877/371/524 2214/517/659 2213/519/661
f 875/380/759 2214/517/659 876/382/531
f 485/381/750 2215/526/668 875/380/759
f 2215/526/668 921/381/550 2218/520/786
f 2218/520/786 920/381/702 2221/523/665
f 2221/523/665 498/381/548 914/527/643
f 2221/523/665 915/528/734 2220/524/666
f 2219/522/664 915/528/734 916/529/641
f 2219/522/664 500/495/640 925/513/655
f 2216/518/738 925/513/655 924/512/736
f 2213/519/661 924/512/736 923/525/742
f 2223/530/743 2225/531/787 2222/532/788
f 2223/530/743 2227/533/789 2226/534/790
f 2226/534/790 2228/535/674 2225/531/787
f 2226/534/790 2230/536/791 2229/537/676
f 487/321/474 2222/532/788 917/538/677
f 859/331/484 2223/530/743 2222/532/788
f 857/340/493 2223/530/743 858/342/687
f 491/341/494 2224/539/678 857/340/493
f 2224/539/678 927/516/658 2227/533/789
f 2227/533/789 926/515/657 2230/536/791
f 2230/536/791 499/491/636 908/540/634
f 2230/536/791 909/541/635 2229/537/676
f 2228/535/674 909/541/635 910/542/633
f 2228/535/674 497/394/544 919/393/543
f 2225/531/787 919/393/543 918/392/698
f 2222/532/788 918/392/698 917/538/677
f 2231/300/453 2235/301/454 2234/302/455
f 2232/303/456 2236/304/457 2235/301/454
f 2235/301/454 2237/305/749 2234/302/455
f 2236/304/457 2238/306/459 2235/301/454
f 932/307/460 931/308/461 501/309/681
f 932/307/460 2232/303/456 2231/300/453
f 933/310/463 2233/311/464 2232/303/456
f 934/312/465 935/313/466 2233/311/464
f 2233/311/464 936/314/467 2236/304/457
f 936/314/467 2239/315/468 2236/304/457
f 937/316/469 938/317/470 2239/315/468
f 2239/315/468 939/318/471 2238/306/459
f 2238/306/459 940/319/472 2237/305/749
f 929/320/473 940/319/472 503/321/474
f 930/322/754 2237/305/749 929/320/473
f 2231/300/453 930/322/754 931/308/461
f 2241/323/476 2243/324/477 2240/325/478
f 2242/326/479 2244/327/480 2241/323/476
f 2244/327/480 2246/328/755 2243/324/477
f 2245/329/482 2247/330/483 2244/327/480
f 940/319/472 943/331/484 503/321/474
f 939/318/471 2240/325/478 940/319/472
f 938/317/470 2241/323/476 939/318/471
f 504/332/685 2242/326/479 938/317/470
f 944/333/486 2245/329/482 2242/326/479
f 945/334/686 2248/335/488 2245/329/482
f 946/336/489 947/337/490 2248/335/488
f 2248/335/488 948/338/491 2247/330/483
f 2247/330/483 949/339/492 2246/328/755
f 941/340/493 949/339/492 507/341/494
f 2243/324/477 941/340/493 942/342/495
f 2240/325/478 942/342/495 943/331/484
f 2250/343/496 2252/344/497 2249/345/498
f 2251/346/499 2253/347/500 2250/343/496
f 2252/344/497 2256/348/501 2255/349/502
f 2253/347/500 2257/350/503 2256/348/501
f 949/339/492 952/351/757 507/341/494
f 948/338/491 2249/345/498 949/339/492
f 947/337/490 2250/343/496 948/338/491
f 508/352/688 2251/346/499 947/337/490
f 953/353/506 2254/354/507 2251/346/499
f 2254/354/507 955/355/508 2257/350/503
f 2257/350/503 506/356/509 956/357/510
f 2256/348/501 956/357/510 957/358/511
f 2255/349/502 957/358/511 958/359/512
f 950/360/689 958/359/512 505/361/514
f 951/362/515 2255/349/502 950/360/689
f 2249/345/498 951/362/515 952/351/757
f 2258/363/516 2262/364/517 2261/365/518
f 2259/366/691 2263/367/520 2262/364/517
f 2261/365/518 2265/368/792 2264/369/522
f 2262/364/517 2266/370/523 2265/368/792
f 958/359/512 961/371/524 505/361/514
f 958/359/512 2259/366/691 2258/363/516
f 957/358/511 2260/372/525 2259/366/691
f 956/357/510 962/373/526 2260/372/525
f 2260/372/525 963/374/527 2263/367/520
f 2263/367/520 964/375/528 2266/370/523
f 2266/370/523 502/376/529 934/377/465
f 2265/368/792 934/377/465 933/378/463
f 2264/369/522 933/378/463 932/379/460
f 959/380/693 932/379/460 501/381/681
f 960/382/531 2264/369/522 959/380/693
f 961/371/524 2261/365/518 960/382/531
f 2268/383/760 2270/384/533 2267/385/534
f 2268/383/760 2272/386/694 2271/387/536
f 2271/387/536 2273/388/695 2270/384/533
f 2271/387/536 2275/389/696 2274/390/539
f 501/309/681 2267/385/534 1006/309/761
f 931/308/461 2268/383/760 2267/385/534
f 929/320/473 2268/383/760 930/322/754
f 503/321/474 2269/391/541 929/320/473
f 2269/391/541 1002/392/542 2272/386/694
f 2272/386/694 1003/393/699 2275/389/696
f 2275/389/696 513/394/544 989/395/545
f 2275/389/696 990/396/546 2274/390/539
f 2273/388/695 990/396/546 991/397/701
f 2273/388/695 514/309/548 1004/309/702
f 2270/384/533 1004/309/702 1005/309/703
f 2267/385/534 1005/309/703 1006/309/761
f 2276/398/793 2280/399/552 2279/400/762
f 2278/401/554 2280/399/552 2277/402/555
f 2280/399/552 2282/403/556 2279/400/762
f 2280/399/552 2284/404/557 2283/405/763
f 504/332/685 2276/398/793 982/406/559
f 937/316/469 2277/402/555 2276/398/793
f 935/313/466 2277/402/555 936/314/467
f 502/407/529 2278/401/554 935/313/466
f 977/407/560 2281/408/794 2278/401/554
f 2281/408/794 979/407/562 2284/404/557
f 2284/404/557 509/407/765 965/409/564
f 2283/405/763 965/409/564 966/410/565
f 2283/405/763 967/411/566 2282/403/556
f 2282/403/556 510/412/766 980/413/568
f 2279/400/762 980/413/568 981/414/795
f 982/406/559 2279/400/762 981/414/795
f 2286/415/570 2288/416/710 2285/417/572
f 2286/415/570 2290/418/573 2289/419/768
f 2288/416/710 2292/420/575 2291/421/796
f 2290/418/573 2292/420/575 2289/419/768
f 970/422/712 971/423/713 511/424/770
f 969/425/580 2285/417/572 970/422/712
f 969/425/580 2287/426/581 2286/415/570
f 968/427/582 967/428/566 2287/426/581
f 2287/426/581 966/429/565 2290/418/573
f 966/429/565 2293/430/583 2290/418/573
f 965/431/564 976/432/584 2293/430/583
f 2293/430/583 975/433/797 2292/420/575
f 2291/421/796 975/433/797 974/434/798
f 973/435/717 974/434/798 512/436/588
f 972/437/589 2291/421/796 973/435/717
f 2285/417/572 972/437/589 971/423/713
f 2295/438/799 2297/439/591 2294/440/592
f 2296/441/719 2298/442/594 2295/438/799
f 2298/442/594 2300/443/595 2297/439/591
f 2299/444/596 2301/445/597 2298/442/594
f 964/375/528 977/376/560 502/376/529
f 963/374/527 2294/440/592 964/375/528
f 962/373/526 2295/438/799 963/374/527
f 506/356/509 2296/441/719 962/373/526
f 983/446/598 2299/444/596 2296/441/719
f 984/447/599 2302/448/600 2299/444/596
f 2302/448/600 512/436/588 974/449/798
f 2302/448/600 975/450/797 2301/445/597
f 2301/445/597 976/451/584 2300/443/595
f 2300/443/595 509/376/765 979/376/562
f 2297/439/591 979/376/562 978/376/601
f 2294/440/592 978/376/601 977/376/560
f 2303/452/602 2307/453/775 2306/454/604
f 2304/455/605 2308/456/606 2307/453/775
f 2306/454/604 2310/457/607 2309/458/723
f 2307/453/775 2311/459/609 2310/457/607
f 508/352/688 2303/452/602 988/460/610
f 946/336/489 2304/455/605 2303/452/602
f 945/334/686 2305/461/724 2304/455/605
f 944/333/486 982/406/559 2305/461/724
f 2305/461/724 981/414/795 2308/456/606
f 2308/456/606 980/413/568 2311/459/609
f 2311/459/609 510/412/766 968/462/582
f 2310/457/607 968/462/582 969/463/580
f 2309/458/723 969/463/580 970/464/712
f 2309/458/723 511/424/770 986/465/612
f 987/466/613 2309/458/723 986/465/612
f 988/460/610 2306/454/604 987/466/613
f 2313/467/777 2315/468/615 2312/469/616
f 2313/467/777 2317/470/617 2316/471/618
f 2316/471/618 2318/472/728 2315/468/615
f 2316/471/618 2320/473/620 2319/474/800
f 955/355/508 983/446/598 506/356/509
f 954/475/780 2312/469/616 955/355/508
f 954/475/780 2314/476/623 2313/467/777
f 953/353/506 988/460/610 2314/476/623
f 2314/476/623 987/466/613 2317/470/617
f 2317/470/617 986/465/612 2320/473/620
f 2320/473/620 511/424/770 971/423/713
f 2319/474/800 971/423/713 972/437/589
f 2319/474/800 973/435/717 2318/472/728
f 2318/472/728 512/436/588 985/477/624
f 2315/468/615 985/477/624 984/447/599
f 2312/469/616 984/447/599 983/446/598
f 2321/478/625 2325/479/626 2324/480/627
f 2323/481/628 2325/479/626 2322/482/629
f 2325/479/626 2327/483/630 2324/480/627
f 2325/479/626 2329/484/782 2328/485/632
f 513/486/544 2321/478/625 989/487/545
f 994/488/730 2322/482/629 2321/478/625
f 992/489/634 2322/482/629 993/490/635
f 515/491/801 2323/481/628 992/489/634
f 997/492/637 2326/493/638 2323/481/628
f 2326/493/638 995/494/639 2329/484/782
f 2329/484/782 516/495/640 1000/496/641
f 2328/485/632 1000/496/641 999/497/734
f 2328/485/632 998/498/802 2327/483/630
f 2327/483/630 514/499/548 991/500/701
f 2324/480/627 991/500/701 990/501/546
f 989/487/545 2324/480/627 990/501/546
f 2331/502/783 2333/503/803 2330/504/646
f 2331/502/783 2335/505/647 2334/506/804
f 2334/506/804 2336/507/805 2333/503/803
f 2334/506/804 2338/508/650 2337/509/651
f 507/341/494 2330/504/646 1012/510/652
f 952/351/757 2331/502/783 2330/504/646
f 950/360/689 2331/502/783 951/362/515
f 505/361/514 2332/511/653 950/360/689
f 2332/511/653 1008/512/736 2335/505/647
f 2335/505/647 1009/513/655 2338/508/650
f 2338/508/650 516/495/640 995/494/639
f 2338/508/650 996/514/656 2337/509/651
f 2336/507/805 996/514/656 997/492/637
f 2336/507/805 515/491/801 1010/515/657
f 2333/503/803 1010/515/657 1011/516/658
f 2330/504/646 1011/516/658 1012/510/652
f 2340/517/659 2342/518/738 2339/519/661
f 2340/517/659 2344/520/662 2343/521/739
f 2343/521/739 2345/522/664 2342/518/738
f 2343/521/739 2347/523/806 2346/524/741
f 505/361/514 2339/519/661 1007/525/667
f 961/371/524 2340/517/659 2339/519/661
f 959/380/693 2340/517/659 960/382/531
f 501/381/681 2341/526/668 959/380/693
f 2341/526/668 1005/381/703 2344/520/662
f 2344/520/662 1004/381/702 2347/523/806
f 2347/523/806 514/381/548 998/527/802
f 2347/523/806 999/528/734 2346/524/741
f 2345/522/664 999/528/734 1000/529/641
f 2345/522/664 516/495/640 1009/513/655
f 2342/518/738 1009/513/655 1008/512/736
f 2339/519/661 1008/512/736 1007/525/667
f 2349/530/669 2351/531/787 2348/532/671
f 2349/530/669 2353/533/807 2352/534/790
f 2352/534/790 2354/535/674 2351/531/787
f 2352/534/790 2356/536/791 2355/537/676
f 503/321/474 2348/532/671 1001/538/677
f 943/331/484 2349/530/669 2348/532/671
f 941/340/493 2349/530/669 942/342/495
f 507/341/494 2350/539/678 941/340/493
f 2350/539/678 1011/516/658 2353/533/807
f 2353/533/807 1010/515/657 2356/536/791
f 2356/536/791 515/491/801 992/540/634
f 2356/536/791 993/541/635 2355/537/676
f 2354/535/674 993/541/635 994/542/730
f 2354/535/674 513/394/544 1003/393/699
f 2351/531/787 1003/393/699 1002/392/542
f 2348/532/671 1002/392/542 1001/538/677
f 2357/300/453 2361/301/454 2360/302/455
f 2358/303/456 2362/304/457 2361/301/454
f 2361/301/454 2363/305/749 2360/302/455
f 2362/304/457 2364/306/459 2361/301/454
f 1016/307/460 1015/308/461 517/309/681
f 1016/307/460 2358/303/456 2357/300/453
f 1017/310/463 2359/311/752 2358/303/456
f 1018/312/465 1019/313/466 2359/311/752
f 2359/311/752 1020/314/467 2362/304/457
f 1020/314/467 2365/315/468 2362/304/457
f 1021/316/469 1022/317/470 2365/315/468
f 2365/315/468 1023/318/471 2364/306/459
f 2364/306/459 1024/319/808 2363/305/749
f 1013/320/682 1024/319/808 519/321/474
f 1014/322/754 2363/305/749 1013/320/682
f 2357/300/453 1014/322/754 1015/308/461
f 2367/323/476 2369/324/477 2366/325/683
f 2368/326/684 2370/327/480 2367/323/476
f 2370/327/480 2372/328/809 2369/324/477
f 2371/329/756 2373/330/483 2370/327/480
f 1024/319/808 1027/331/810 519/321/474
f 1023/318/471 2366/325/683 1024/319/808
f 1022/317/470 2367/323/476 1023/318/471
f 520/332/685 2368/326/684 1022/317/470
f 1028/333/486 2371/329/756 2368/326/684
f 1029/334/686 2374/335/488 2371/329/756
f 1030/336/489 1031/337/490 2374/335/488
f 2374/335/488 1032/338/491 2373/330/483
f 2373/330/483 1033/339/492 2372/328/809
f 1025/340/493 1033/339/492 523/341/494
f 2369/324/477 1025/340/493 1026/342/687
f 2366/325/683 1026/342/687 1027/331/810
f 2376/343/496 2378/344/497 2375/345/498
f 2377/346/499 2379/347/500 2376/343/496
f 2378/344/497 2382/348/501 2381/349/502
f 2379/347/500 2383/350/503 2382/348/501
f 1033/339/492 1036/351/504 523/341/494
f 1032/338/491 2375/345/498 1033/339/492
f 1031/337/490 2376/343/496 1032/338/491
f 524/352/688 2377/346/499 1031/337/490
f 1037/353/506 2380/354/507 2377/346/499
f 2380/354/507 1039/355/811 2383/350/503
f 2383/350/503 522/356/509 1040/357/510
f 2382/348/501 1040/357/510 1041/358/511
f 2381/349/502 1041/358/511 1042/359/512
f 1034/360/689 1042/359/512 521/361/514
f 1035/362/515 2381/349/502 1034/360/689
f 2375/345/498 1035/362/515 1036/351/504
f 2384/363/516 2388/364/517 2387/365/518
f 2385/366/691 2389/367/520 2388/364/517
f 2387/365/518 2391/368/521 2390/369/522
f 2388/364/517 2392/370/523 2391/368/521
f 1042/359/512 1045/371/524 521/361/514
f 1042/359/512 2385/366/691 2384/363/516
f 1041/358/511 2386/372/525 2385/366/691
f 1040/357/510 1046/373/526 2386/372/525
f 2386/372/525 1047/374/692 2389/367/520
f 2389/367/520 1048/375/528 2392/370/523
f 2392/370/523 518/376/529 1018/377/465
f 2391/368/521 1018/377/465 1017/378/463
f 2390/369/522 1017/378/463 1016/379/460
f 1043/380/530 1016/379/460 517/381/681
f 1044/382/531 2390/369/522 1043/380/530
f 1045/371/524 2387/365/518 1044/382/531
f 2394/383/760 2396/384/533 2393/385/534
f 2394/383/760 2398/386/694 2397/387/536
f 2397/387/536 2399/388/695 2396/384/533
f 2397/387/536 2401/389/696 2400/390/539
f 517/309/681 2393/385/534 1090/309/761
f 1015/308/461 2394/383/760 2393/385/534
f 1013/320/682 2394/383/760 1014/322/754
f 519/321/474 2395/391/541 1013/320/682
f 2395/391/541 1086/392/542 2398/386/694
f 2398/386/694 1087/393/699 2401/389/696
f 2401/389/696 529/394/812 1073/395/545
f 2401/389/696 1074/396/546 2400/390/539
f 2399/388/695 1074/396/546 1075/397/701
f 2399/388/695 530/309/548 1088/309/702
f 2396/384/533 1088/309/702 1089/309/550
f 2393/385/534 1089/309/550 1090/309/761
f 2402/398/551 2406/399/552 2405/400/553
f 2404/401/554 2406/399/552 2403/402/555
f 2406/399/552 2408/403/556 2405/400/553
f 2406/399/552 2410/404/707 2409/405/558
f 520/332/685 2402/398/551 1066/406/559
f 1021/316/469 2403/402/555 2402/398/551
f 1019/313/466 2403/402/555 1020/314/467
f 518/407/529 2404/401/554 1019/313/466
f 1061/407/764 2407/408/561 2404/401/554
f 2407/408/561 1063/407/562 2410/404/707
f 2410/404/707 525/407/708 1049/409/564
f 2409/405/558 1049/409/564 1050/410/565
f 2409/405/558 1051/411/566 2408/403/556
f 2408/403/556 526/412/813 1064/413/568
f 2405/400/553 1064/413/568 1065/414/569
f 1066/406/559 2405/400/553 1065/414/569
f 2412/415/570 2414/416/814 2411/417/572
f 2412/415/570 2416/418/573 2415/419/574
f 2414/416/814 2418/420/769 2417/421/576
f 2416/418/573 2418/420/769 2415/419/574
f 1054/422/712 1055/423/815 527/424/714
f 1053/425/771 2411/417/572 1054/422/712
f 1053/425/771 2413/426/816 2412/415/570
f 1052/427/582 1051/428/566 2413/426/816
f 2413/426/816 1050/429/565 2416/418/573
f 1050/429/565 2419/430/583 2416/418/573
f 1049/431/564 1060/432/584 2419/430/583
f 2419/430/583 1059/433/797 2418/420/769
f 2417/421/576 1059/433/797 1058/434/772
f 1057/435/717 1058/434/772 528/436/588
f 1056/437/589 2417/421/576 1057/435/717
f 2411/417/572 1056/437/589 1055/423/815
f 2421/438/799 2423/439/591 2420/440/592
f 2422/441/719 2424/442/594 2421/438/799
f 2424/442/594 2426/443/720 2423/439/591
f 2425/444/596 2427/445/597 2424/442/594
f 1048/375/528 1061/376/764 518/376/529
f 1047/374/692 2420/440/592 1048/375/528
f 1046/373/526 2421/438/799 1047/374/692
f 522/356/509 2422/441/719 1046/373/526
f 1067/446/598 2425/444/596 2422/441/719
f 1068/447/599 2428/448/600 2425/444/596
f 2428/448/600 528/436/588 1058/449/772
f 2428/448/600 1059/450/797 2427/445/597
f 2427/445/597 1060/451/584 2426/443/720
f 2426/443/720 525/376/708 1063/376/562
f 2423/439/591 1063/376/562 1062/376/601
f 2420/440/592 1062/376/601 1061/376/764
f 2429/452/602 2433/453/722 2432/454/604
f 2430/455/605 2434/456/606 2433/453/722
f 2432/454/604 2436/457/607 2435/458/723
f 2433/453/722 2437/459/609 2436/457/607
f 524/352/688 2429/452/602 1072/460/610
f 1030/336/489 2430/455/605 2429/452/602
f 1029/334/686 2431/461/724 2430/455/605
f 1028/333/486 1066/406/559 2431/461/724
f 2431/461/724 1065/414/569 2434/456/606
f 2434/456/606 1064/413/568 2437/459/609
f 2437/459/609 526/412/813 1052/462/582
f 2436/457/607 1052/462/582 1053/463/771
f 2435/458/723 1053/463/771 1054/464/712
f 2435/458/723 527/424/714 1070/465/725
f 1071/466/613 2435/458/723 1070/465/725
f 1072/460/610 2432/454/604 1071/466/613
f 2439/467/614 2441/468/615 2438/469/616
f 2439/467/614 2443/470/617 2442/471/618
f 2442/471/618 2444/472/619 2441/468/615
f 2442/471/618 2446/473/778 2445/474/621
f 1039/355/811 1067/446/598 522/356/509
f 1038/475/622 2438/469/616 1039/355/811
f 1038/475/622 2440/476/623 2439/467/614
f 1037/353/506 1072/460/610 2440/476/623
f 2440/476/623 1071/466/613 2443/470/617
f 2443/470/617 1070/465/725 2446/473/778
f 2446/473/778 527/424/714 1055/423/815
f 2445/474/621 1055/423/815 1056/437/589
f 2445/474/621 1057/435/717 2444/472/619
f 2444/472/619 528/436/588 1069/477/624
f 2441/468/615 1069/477/624 1068/447/599
f 2438/469/616 1068/447/599 1067/446/598
f 2447/478/625 2451/479/626 2450/480/627
f 2449/481/628 2451/479/626 2448/482/629
f 2451/479/626 2453/483/630 2450/480/627
f 2451/479/626 2455/484/631 2454/485/632
f 529/486/812 2447/478/625 1073/487/545
f 1078/488/730 2448/482/629 2447/478/625
f 1076/489/634 2448/482/629 1077/490/635
f 531/491/801 2449/481/628 1076/489/634
f 1081/492/637 2452/493/638 2449/481/628
f 2452/493/638 1079/494/639 2455/484/631
f 2455/484/631 532/495/640 1084/496/641
f 2454/485/632 1084/496/641 1083/497/642
f 2454/485/632 1082/498/802 2453/483/630
f 2453/483/630 530/499/548 1075/500/701
f 2450/480/627 1075/500/701 1074/501/546
f 1073/487/545 2450/480/627 1074/501/546
f 2457/502/783 2459/503/645 2456/504/646
f 2457/502/783 2461/505/647 2460/506/648
f 2460/506/648 2462/507/805 2459/503/645
f 2460/506/648 2464/508/650 2463/509/651
f 523/341/494 2456/504/646 1096/510/652
f 1036/351/504 2457/502/783 2456/504/646
f 1034/360/689 2457/502/783 1035/362/515
f 521/361/514 2458/511/817 1034/360/689
f 2458/511/817 1092/512/736 2461/505/647
f 2461/505/647 1093/513/655 2464/508/650
f 2464/508/650 532/495/640 1079/494/639
f 2464/508/650 1080/514/656 2463/509/651
f 2462/507/805 1080/514/656 1081/492/637
f 2462/507/805 531/491/801 1094/515/657
f 2459/503/645 1094/515/657 1095/516/658
f 2456/504/646 1095/516/658 1096/510/652
f 2466/517/659 2468/518/738 2465/519/661
f 2466/517/659 2470/520/786 2469/521/663
f 2469/521/663 2471/522/664 2468/518/738
f 2469/521/663 2473/523/665 2472/524/741
f 521/361/514 2465/519/661 1091/525/742
f 1045/371/524 2466/517/659 2465/519/661
f 1043/380/530 2466/517/659 1044/382/531
f 517/381/681 2467/526/668 1043/380/530
f 2467/526/668 1089/381/550 2470/520/786
f 2470/520/786 1088/381/702 2473/523/665
f 2473/523/665 530/381/548 1082/527/802
f 2473/523/665 1083/528/642 2472/524/741
f 2471/522/664 1083/528/642 1084/529/641
f 2471/522/664 532/495/640 1093/513/655
f 2468/518/738 1093/513/655 1092/512/736
f 2465/519/661 1092/512/736 1091/525/742
f 2475/530/743 2477/531/787 2474/532/818
f 2475/530/743 2479/533/744 2478/534/790
f 2478/534/790 2480/535/674 2477/531/787
f 2478/534/790 2482/536/819 2481/537/676
f 519/321/474 2474/532/818 1085/538/677
f 1027/331/810 2475/530/743 2474/532/818
f 1025/340/493 2475/530/743 1026/342/687
f 523/341/494 2476/539/678 1025/340/493
f 2476/539/678 1095/516/658 2479/533/744
f 2479/533/744 1094/515/657 2482/536/819
f 2482/536/819 531/491/801 1076/540/634
f 2482/536/819 1077/541/635 2481/537/676
f 2480/535/674 1077/541/635 1078/542/730
f 2480/535/674 529/394/812 1087/393/699
f 2477/531/787 1087/393/699 1086/392/542
f 2474/532/818 1086/392/542 1085/538/677
f 2483/300/453 2487/301/820 2486/302/455
f 2484/303/456 2488/304/457 2487/301/820
f 2487/301/820 2489/305/458 2486/302/455
f 2488/304/457 2490/306/459 2487/301/820
f 1100/307/460 1099/308/461 533/309/462
f 1100/307/460 2484/303/456 2483/300/453
f 1101/310/463 2485/311/752 2484/303/456
f 1102/312/465 1103/313/466 2485/311/752
f 2485/311/752 1104/314/467 2488/304/457
f 1104/314/467 2491/315/468 2488/304/457
f 1105/316/469 1106/317/470 2491/315/468
f 2491/315/468 1107/318/471 2490/306/459
f 2490/306/459 1108/319/472 2489/305/458
f 1097/320/473 1108/319/472 535/321/474
f 1098/322/475 2489/305/458 1097/320/473
f 2483/300/453 1098/322/475 1099/308/461
f 2493/323/476 2495/324/477 2492/325/478
f 2494/326/684 2496/327/480 2493/323/476
f 2496/327/480 2498/328/481 2495/324/477
f 2497/329/482 2499/330/483 2496/327/480
f 1108/319/472 1111/331/484 535/321/474
f 1107/318/471 2492/325/478 1108/319/472
f 1106/317/470 2493/323/476 1107/318/471
f 536/332/485 2494/326/684 1106/317/470
f 1112/333/486 2497/329/482 2494/326/684
f 1113/334/487 2500/335/488 2497/329/482
f 1114/336/489 1115/337/490 2500/335/488
f 2500/335/488 1116/338/491 2499/330/483
f 2499/330/483 1117/339/492 2498/328/481
f 1109/340/493 1117/339/492 539/341/494
f 2495/324/477 1109/340/493 1110/342/495
f 2492/325/478 1110/342/495 1111/331/484
f 2502/343/496 2504/344/497 2501/345/498
f 2503/346/499 2505/347/500 2502/343/496
f 2504/344/497 2508/348/501 2507/349/821
f 2505/347/500 2509/350/503 2508/348/501
f 1117/339/492 1120/351/504 539/341/494
f 1116/338/491 2501/345/498 1117/339/492
f 1115/337/490 2502/343/496 1116/338/491
f 540/352/505 2503/346/499 1115/337/490
f 1121/353/506 2506/354/758 2503/346/499
f 2506/354/758 1123/355/508 2509/350/503
f 2509/350/503 538/356/509 1124/357/510
f 2508/348/501 1124/357/510 1125/358/511
f 2507/349/821 1125/358/511 1126/359/512
f 1118/360/689 1126/359/512 537/361/514
f 1119/362/515 2507/349/821 1118/360/689
f 2501/345/498 1119/362/515 1120/351/504
f 2510/363/516 2514/364/517 2513/365/518
f 2511/366/519 2515/367/520 2514/364/517
f 2513/365/518 2517/368/792 2516/369/522
f 2514/364/517 2518/370/822 2517/368/792
f 1126/359/512 1129/371/524 537/361/514
f 1126/359/512 2511/366/519 2510/363/516
f 1125/358/511 2512/372/823 2511/366/519
f 1124/357/510 1130/373/526 2512/372/823
f 2512/372/823 1131/374/527 2515/367/520
f 2515/367/520 1132/375/528 2518/370/822
f 2518/370/822 534/376/529 1102/377/465
f 2517/368/792 1102/377/465 1101/378/463
f 2516/369/522 1101/378/463 1100/379/460
f 1127/380/759 1100/379/460 533/381/462
f 1128/382/531 2516/369/522 1127/380/759
f 1129/371/524 2513/365/518 1128/382/531
f 2520/383/532 2522/384/533 2519/385/534
f 2520/383/532 2524/386/535 2523/387/536
f 2523/387/536 2525/388/537 2522/384/533
f 2523/387/536 2527/389/538 2526/390/539
f 533/309/462 2519/385/534 1174/309/540
f 1099/308/461 2520/383/532 2519/385/534
f 1097/320/473 2520/383/532 1098/322/475
f 535/321/474 2521/391/541 1097/320/473
f 2521/391/541 1170/392/542 2524/386/535
f 2524/386/535 1171/393/699 2527/389/538
f 2527/389/538 545/394/812 1157/395/545
f 2527/389/538 1158/396/546 2526/390/539
f 2525/388/537 1158/396/546 1159/397/701
f 2525/388/537 546/309/824 1172/309/702
f 2522/384/533 1172/309/702 1173/309/550
f 2519/385/534 1173/309/550 1174/309/540
f 2528/398/551 2532/399/704 2531/400/553
f 2530/401/554 2532/399/704 2529/402/555
f 2532/399/704 2534/403/556 2531/400/553
f 2532/399/704 2536/404/707 2535/405/763
f 536/332/485 2528/398/551 1150/406/559
f 1105/316/469 2529/402/555 2528/398/551
f 1103/313/466 2529/402/555 1104/314/467
f 534/407/529 2530/401/554 1103/313/466
f 1145/407/560 2533/408/825 2530/401/554
f 2533/408/825 1147/407/826 2536/404/707
f 2536/404/707 541/407/708 1133/409/564
f 2535/405/763 1133/409/564 1134/410/565
f 2535/405/763 1135/411/566 2534/403/556
f 2534/403/556 542/412/766 1148/413/568
f 2531/400/553 1148/413/568 1149/414/827
f 1150/406/559 2531/400/553 1149/414/827
f 2538/415/570 2540/416/710 2537/417/711
f 2538/415/570 2542/418/573 2541/419/574
f 2540/416/710 2544/420/769 2543/421/576
f 2542/418/573 2544/420/769 2541/419/574
f 1138/422/577 1139/423/713 543/424/579
f 1137/425/580 2537/417/711 1138/422/577
f 1137/425/580 2539/426/581 2538/415/570
f 1136/427/582 1135/428/566 2539/426/581
f 2539/426/581 1134/429/565 2542/418/573
f 1134/429/565 2545/430/583 2542/418/573
f 1133/431/564 1144/432/584 2545/430/583
f 2545/430/583 1143/433/585 2544/420/769
f 2543/421/576 1143/433/585 1142/434/772
f 1141/435/587 1142/434/772 544/436/588
f 1140/437/589 2543/421/576 1141/435/587
f 2537/417/711 1140/437/589 1139/423/713
f 2547/438/590 2549/439/591 2546/440/592
f 2548/441/719 2550/442/594 2547/438/590
f 2550/442/594 2552/443/595 2549/439/591
f 2551/444/596 2553/445/597 2550/442/594
f 1132/375/528 1145/376/560 534/376/529
f 1131/374/527 2546/440/592 1132/375/528
f 1130/373/526 2547/438/590 1131/374/527
f 538/356/509 2548/441/719 1130/373/526
f 1151/446/598 2551/444/596 2548/441/719
f 1152/447/599 2554/448/600 2551/444/596
f 2554/448/600 544/436/588 1142/449/772
f 2554/448/600 1143/450/585 2553/445/597
f 2553/445/597 1144/451/584 2552/443/595
f 2552/443/595 541/376/708 1147/376/826
f 2549/439/591 1147/376/826 1146/376/601
f 2546/440/592 1146/376/601 1145/376/560
f 2555/452/602 2559/453/828 2558/454/776
f 2556/455/605 2560/456/606 2559/453/828
f 2558/454/776 2562/457/607 2561/458/723
f 2559/453/828 2563/459/609 2562/457/607
f 540/352/505 2555/452/602 1156/460/610
f 1114/336/489 2556/455/605 2555/452/602
f 1113/334/487 2557/461/611 2556/455/605
f 1112/333/486 1150/406/559 2557/461/611
f 2557/461/611 1149/414/827 2560/456/606
f 2560/456/606 1148/413/568 2563/459/609
f 2563/459/609 542/412/766 1136/462/582
f 2562/457/607 1136/462/582 1137/463/580
f 2561/458/723 1137/463/580 1138/464/577
f 2561/458/723 543/424/579 1154/465/725
f 1155/466/613 2561/458/723 1154/465/725
f 1156/460/610 2558/454/776 1155/466/613
f 2565/467/614 2567/468/615 2564/469/616
f 2565/467/614 2569/470/617 2568/471/618
f 2568/471/618 2570/472/619 2567/468/615
f 2568/471/618 2572/473/778 2571/474/621
f 1123/355/508 1151/446/598 538/356/509
f 1122/475/622 2564/469/616 1123/355/508
f 1122/475/622 2566/476/623 2565/467/614
f 1121/353/506 1156/460/610 2566/476/623
f 2566/476/623 1155/466/613 2569/470/617
f 2569/470/617 1154/465/725 2572/473/778
f 2572/473/778 543/424/579 1139/423/713
f 2571/474/621 1139/423/713 1140/437/589
f 2571/474/621 1141/435/587 2570/472/619
f 2570/472/619 544/436/588 1153/477/624
f 2567/468/615 1153/477/624 1152/447/599
f 2564/469/616 1152/447/599 1151/446/598
f 2573/478/625 2577/479/626 2576/480/627
f 2575/481/628 2577/479/626 2574/482/629
f 2577/479/626 2579/483/630 2576/480/627
f 2577/479/626 2581/484/631 2580/485/632
f 545/486/812 2573/478/625 1157/487/545
f 1162/488/730 2574/482/629 2573/478/625
f 1160/489/634 2574/482/629 1161/490/635
f 547/491/801 2575/481/628 1160/489/634
f 1165/492/637 2578/493/638 2575/481/628
f 2578/493/638 1163/494/639 2581/484/631
f 2581/484/631 548/495/829 1168/496/641
f 2580/485/632 1168/496/641 1167/497/734
f 2580/485/632 1166/498/830 2579/483/630
f 2579/483/630 546/499/824 1159/500/701
f 2576/480/627 1159/500/701 1158/501/546
f 1157/487/545 2576/480/627 1158/501/546
f 2583/502/644 2585/503/645 2582/504/646
f 2583/502/644 2587/505/647 2586/506/648
f 2586/506/648 2588/507/649 2585/503/645
f 2586/506/648 2590/508/650 2589/509/785
f 539/341/494 2582/504/646 1180/510/652
f 1120/351/504 2583/502/644 2582/504/646
f 1118/360/689 2583/502/644 1119/362/515
f 537/361/514 2584/511/653 1118/360/689
f 2584/511/653 1176/512/831 2587/505/647
f 2587/505/647 1177/513/737 2590/508/650
f 2590/508/650 548/495/829 1163/494/639
f 2590/508/650 1164/514/656 2589/509/785
f 2588/507/649 1164/514/656 1165/492/637
f 2588/507/649 547/491/801 1178/515/657
f 2585/503/645 1178/515/657 1179/516/832
f 2582/504/646 1179/516/832 1180/510/652
f 2592/517/659 2594/518/738 2591/519/833
f 2592/517/659 2596/520/786 2595/521/739
f 2595/521/739 2597/522/664 2594/518/738
f 2595/521/739 2599/523/665 2598/524/666
f 537/361/514 2591/519/833 1175/525/667
f 1129/371/524 2592/517/659 2591/519/833
f 1127/380/759 2592/517/659 1128/382/531
f 533/381/462 2593/526/668 1127/380/759
f 2593/526/668 1173/381/550 2596/520/786
f 2596/520/786 1172/381/702 2599/523/665
f 2599/523/665 546/381/824 1166/527/830
f 2599/523/665 1167/528/734 2598/524/666
f 2597/522/664 1167/528/734 1168/529/641
f 2597/522/664 548/495/829 1177/513/737
f 2594/518/738 1177/513/737 1176/512/831
f 2591/519/833 1176/512/831 1175/525/667
f 2601/530/669 2603/531/787 2600/532/671
f 2601/530/669 2605/533/744 2604/534/834
f 2604/534/834 2606/535/674 2603/531/787
f 2604/534/834 2608/536/819 2607/537/676
f 535/321/474 2600/532/671 1169/538/677
f 1111/331/484 2601/530/669 2600/532/671
f 1109/340/493 2601/530/669 1110/342/495
f 539/341/494 2602/539/678 1109/340/493
f 2602/539/678 1179/516/832 2605/533/744
f 2605/533/744 1178/515/657 2608/536/819
f 2608/536/819 547/491/801 1160/540/634
f 2608/536/819 1161/541/635 2607/537/676
f 2606/535/674 1161/541/635 1162/542/730
f 2606/535/674 545/394/812 1171/393/699
f 2603/531/787 1171/393/699 1170/392/542
f 2600/532/671 1170/392/542 1169/538/677
f 2609/300/453 2613/301/454 2612/302/455
f 2610/303/456 2614/304/457 2613/301/454
f 2613/301/454 2615/305/458 2612/302/455
f 2614/304/457 2616/306/459 2613/301/454
f 1184/307/460 1183/308/461 549/309/681
f 1184/307/460 2610/303/456 2609/300/453
f 1185/310/463 2611/311/464 2610/303/456
f 1186/312/465 1187/313/753 2611/311/464
f 2611/311/464 1188/314/467 2614/304/457
f 1188/314/467 2617/315/468 2614/304/457
f 1189/316/469 1190/317/470 2617/315/468
f 2617/315/468 1191/318/471 2616/306/459
f 2616/306/459 1192/319/472 2615/305/458
f 1181/320/473 1192/319/472 551/321/474
f 1182/322/475 2615/305/458 1181/320/473
f 2609/300/453 1182/322/475 1183/308/461
f 2619/323/476 2621/324/477 2618/325/683
f 2620/326/684 2622/327/480 2619/323/476
f 2622/327/480 2624/328/481 2621/324/477
f 2623/329/482 2625/330/483 2622/327/480
f 1192/319/472 1195/331/484 551/321/474
f 1191/318/471 2618/325/683 1192/319/472
f 1190/317/470 2619/323/476 1191/318/471
f 552/332/685 2620/326/684 1190/317/470
f 1196/333/486 2623/329/482 2620/326/684
f 1197/334/686 2626/335/488 2623/329/482
f 1198/336/489 1199/337/490 2626/335/488
f 2626/335/488 1200/338/491 2625/330/483
f 2625/330/483 1201/339/492 2624/328/481
f 1193/340/493 1201/339/492 555/341/494
f 2621/324/477 1193/340/493 1194/342/687
f 2618/325/683 1194/342/687 1195/331/484
f 2628/343/496 2630/344/497 2627/345/498
f 2629/346/499 2631/347/500 2628/343/496
f 2630/344/497 2634/348/501 2633/349/502
f 2631/347/500 2635/350/503 2634/348/501
f 1201/339/492 1204/351/757 555/341/494
f 1200/338/491 2627/345/498 1201/339/492
f 1199/337/490 2628/343/496 1200/338/491
f 556/352/688 2629/346/499 1199/337/490
f 1205/353/506 2632/354/507 2629/346/499
f 2632/354/507 1207/355/508 2635/350/503
f 2635/350/503 554/356/509 1208/357/510
f 2634/348/501 1208/357/510 1209/358/511
f 2633/349/502 1209/358/511 1210/359/512
f 1202/360/513 1210/359/512 553/361/514
f 1203/362/515 2633/349/502 1202/360/513
f 2627/345/498 1203/362/515 1204/351/757
f 2636/363/516 2640/364/517 2639/365/518
f 2637/366/691 2641/367/520 2640/364/517
f 2639/365/518 2643/368/521 2642/369/522
f 2640/364/517 2644/370/523 2643/368/521
f 1210/359/512 1213/371/524 553/361/514
f 1210/359/512 2637/366/691 2636/363/516
f 1209/358/511 2638/372/823 2637/366/691
f 1208/357/510 1214/373/835 2638/372/823
f 2638/372/823 1215/374/527 2641/367/520
f 2641/367/520 1216/375/528 2644/370/523
f 2644/370/523 550/376/529 1186/377/465
f 2643/368/521 1186/377/465 1185/378/463
f 2642/369/522 1185/378/463 1184/379/460
f 1211/380/693 1184/379/460 549/381/681
f 1212/382/531 2642/369/522 1211/380/693
f 1213/371/524 2639/365/518 1212/382/531
f 2646/383/532 2648/384/533 2645/385/534
f 2646/383/532 2650/386/535 2649/387/536
f 2649/387/536 2651/388/695 2648/384/533
f 2649/387/536 2653/389/538 2652/390/836
f 549/309/681 2645/385/534 1258/309/540
f 1183/308/461 2646/383/532 2645/385/534
f 1181/320/473 2646/383/532 1182/322/475
f 551/321/474 2647/391/541 1181/320/473
f 2647/391/541 1254/392/542 2650/386/535
f 2650/386/535 1255/393/699 2653/389/538
f 2653/389/538 561/394/544 1241/395/545
f 2653/389/538 1242/396/546 2652/390/836
f 2651/388/695 1242/396/546 1243/397/701
f 2651/388/695 562/309/548 1256/309/837
f 2648/384/533 1256/309/837 1257/309/550
f 2645/385/534 1257/309/550 1258/309/540
f 2654/398/551 2658/399/704 2657/400/553
f 2656/401/838 2658/399/704 2655/402/555
f 2658/399/704 2660/403/556 2657/400/553
f 2658/399/704 2662/404/707 2661/405/558
f 552/332/685 2654/398/551 1234/406/559
f 1189/316/469 2655/402/555 2654/398/551
f 1187/313/753 2655/402/555 1188/314/467
f 550/407/529 2656/401/838 1187/313/753
f 1229/407/560 2659/408/561 2656/401/838
f 2659/408/561 1231/407/562 2662/404/707
f 2662/404/707 557/407/839 1217/409/564
f 2661/405/558 1217/409/564 1218/410/565
f 2661/405/558 1219/411/566 2660/403/556
f 2660/403/556 558/412/567 1232/413/568
f 2657/400/553 1232/413/568 1233/414/569
f 1234/406/559 2657/400/553 1233/414/569
f 2664/415/570 2666/416/571 2663/417/711
f 2664/415/570 2668/418/573 2667/419/574
f 2666/416/571 2670/420/769 2669/421/576
f 2668/418/573 2670/420/769 2667/419/574
f 1222/422/712 1223/423/578 559/424/840
f 1221/425/771 2663/417/711 1222/422/712
f 1221/425/771 2665/426/581 2664/415/570
f 1220/427/582 1219/428/566 2665/426/581
f 2665/426/581 1218/429/565 2668/418/573
f 1218/429/565 2671/430/841 2668/418/573
f 1217/431/564 1228/432/584 2671/430/841
f 2671/430/841 1227/433/797 2670/420/769
f 2669/421/576 1227/433/797 1226/434/798
f 1225/435/587 1226/434/798 560/436/588
f 1224/437/589 2669/421/576 1225/435/587
f 2663/417/711 1224/437/589 1223/423/578
f 2673/438/590 2675/439/591 2672/440/592
f 2674/441/719 2676/442/594 2673/438/590
f 2676/442/594 2678/443/720 2675/439/591
f 2677/444/596 2679/445/597 2676/442/594
f 1216/375/528 1229/376/560 550/376/529
f 1215/374/527 2672/440/592 1216/375/528
f 1214/373/835 2673/438/590 1215/374/527
f 554/356/509 2674/441/719 1214/373/835
f 1235/446/598 2677/444/596 2674/441/719
f 1236/447/599 2680/448/721 2677/444/596
f 2680/448/721 560/436/588 1226/449/798
f 2680/448/721 1227/450/797 2679/445/597
f 2679/445/597 1228/451/584 2678/443/720
f 2678/443/720 557/376/839 1231/376/562
f 2675/439/591 1231/376/562 1230/376/601
f 2672/440/592 1230/376/601 1229/376/560
f 2681/452/602 2685/453/722 2684/454/604
f 2682/455/605 2686/456/606 2685/453/722
f 2684/454/604 2688/457/607 2687/458/723
f 2685/453/722 2689/459/609 2688/457/607
f 556/352/688 2681/452/602 1240/460/610
f 1198/336/489 2682/455/605 2681/452/602
f 1197/334/686 2683/461/724 2682/455/605
f 1196/333/486 1234/406/559 2683/461/724
f 2683/461/724 1233/414/569 2686/456/606
f 2686/456/606 1232/413/568 2689/459/609
f 2689/459/609 558/412/567 1220/462/582
f 2688/457/607 1220/462/582 1221/463/771
f 2687/458/723 1221/463/771 1222/464/712
f 2687/458/723 559/424/840 1238/465/725
f 1239/466/613 2687/458/723 1238/465/725
f 1240/460/610 2684/454/604 1239/466/613
f 2691/467/777 2693/468/615 2690/469/616
f 2691/467/777 2695/470/726 2694/471/618
f 2694/471/618 2696/472/728 2693/468/615
f 2694/471/618 2698/473/778 2697/474/621
f 1207/355/508 1235/446/598 554/356/509
f 1206/475/622 2690/469/616 1207/355/508
f 1206/475/622 2692/476/623 2691/467/777
f 1205/353/506 1240/460/610 2692/476/623
f 2692/476/623 1239/466/613 2695/470/726
f 2695/470/726 1238/465/725 2698/473/778
f 2698/473/778 559/424/840 1223/423/578
f 2697/474/621 1223/423/578 1224/437/589
f 2697/474/621 1225/435/587 2696/472/728
f 2696/472/728 560/436/588 1237/477/624
f 2693/468/615 1237/477/624 1236/447/599
f 2690/469/616 1236/447/599 1235/446/598
f 2699/478/625 2703/479/626 2702/480/627
f 2701/481/628 2703/479/626 2700/482/629
f 2703/479/626 2705/483/630 2702/480/627
f 2703/479/626 2707/484/631 2706/485/632
f 561/486/544 2699/478/625 1241/487/545
f 1246/488/633 2700/482/629 2699/478/625
f 1244/489/634 2700/482/629 1245/490/635
f 563/491/801 2701/481/628 1244/489/634
f 1249/492/637 2704/493/638 2701/481/628
f 2704/493/638 1247/494/639 2707/484/631
f 2707/484/631 564/495/640 1252/496/641
f 2706/485/632 1252/496/641 1251/497/734
f 2706/485/632 1250/498/830 2705/483/630
f 2705/483/630 562/499/548 1243/500/701
f 2702/480/627 1243/500/701 1242/501/546
f 1241/487/545 2702/480/627 1242/501/546
f 2709/502/783 2711/503/645 2708/504/646
f 2709/502/783 2713/505/647 2712/506/648
f 2712/506/648 2714/507/805 2711/503/645
f 2712/506/648 2716/508/650 2715/509/651
f 555/341/494 2708/504/646 1264/510/652
f 1204/351/757 2709/502/783 2708/504/646
f 1202/360/513 2709/502/783 1203/362/515
f 553/361/514 2710/511/653 1202/360/513
f 2710/511/653 1260/512/736 2713/505/647
f 2713/505/647 1261/513/655 2716/508/650
f 2716/508/650 564/495/640 1247/494/639
f 2716/508/650 1248/514/656 2715/509/651
f 2714/507/805 1248/514/656 1249/492/637
f 2714/507/805 563/491/801 1262/515/657
f 2711/503/645 1262/515/657 1263/516/658
f 2708/504/646 1263/516/658 1264/510/652
f 2718/517/659 2720/518/738 2717/519/661
f 2718/517/659 2722/520/662 2721/521/739
f 2721/521/739 2723/522/664 2720/518/738
f 2721/521/739 2725/523/740 2724/524/741
f 553/361/514 2717/519/661 1259/525/742
f 1213/371/524 2718/517/659 2717/519/661
f 1211/380/693 2718/517/659 1212/382/531
f 549/381/681 2719/526/668 1211/380/693
f 2719/526/668 1257/381/550 2722/520/662
f 2722/520/662 1256/381/837 2725/523/740
f 2725/523/740 562/381/548 1250/527/830
f 2725/523/740 1251/528/734 2724/524/741
f 2723/522/664 1251/528/734 1252/529/641
f 2723/522/664 564/495/640 1261/513/655
f 2720/518/738 1261/513/655 1260/512/736
f 2717/519/661 1260/512/736 1259/525/742
f 2727/530/669 2729/531/670 2726/532/671
f 2727/530/669 2731/533/744 2730/534/842
f 2730/534/842 2732/535/674 2729/531/670
f 2730/534/842 2734/536/791 2733/537/676
f 551/321/474 2726/532/671 1253/538/677
f 1195/331/484 2727/530/669 2726/532/671
f 1193/340/493 2727/530/669 1194/342/687
f 555/341/494 2728/539/678 1193/340/493
f 2728/539/678 1263/516/658 2731/533/744
f 2731/533/744 1262/515/657 2734/536/791
f 2734/536/791 563/491/801 1244/540/634
f 2734/536/791 1245/541/635 2733/537/676
f 2732/535/674 1245/541/635 1246/542/633
f 2732/535/674 561/394/544 1255/393/699
f 2729/531/670 1255/393/699 1254/392/542
f 2726/532/671 1254/392/542 1253/538/677
f 2735/543/843 2739/301/844 2738/303/845
f 2737/544/846 2739/301/844 2736/545/847
f 2738/303/845 2742/546/848 2741/547/849
f 2740/306/850 2742/546/848 2739/301/844
f 1267/397/851 1268/307/852 565/309/853
f 1266/396/854 2735/543/843 1267/397/851
f 1266/396/854 2737/544/846 2736/545/847
f 1265/395/855 1276/548/856 2737/544/846
f 1276/548/856 2740/306/850 2737/544/846
f 1275/318/857 2743/549/858 2740/306/850
f 1274/550/859 1273/411/860 2743/549/858
f 2743/549/858 1272/410/861 2742/546/848
f 2741/547/849 1272/410/861 1271/409/862
f 1270/312/863 1271/409/862 566/407/864
f 1269/310/865 2741/547/849 1270/312/863
f 1268/307/852 2738/303/845 1269/310/865
f 2745/551/866 2747/323/867 2744/552/868
f 2746/553/869 2748/327/870 2745/551/866
f 2748/327/870 2750/554/871 2747/323/867
f 2749/330/872 2751/555/873 2748/327/870
f 1279/542/874 1276/548/856 567/394/875
f 1278/541/876 2744/552/868 1279/542/874
f 1277/540/877 2745/551/866 1278/541/876
f 1277/540/877 1285/556/878 2746/553/869
f 1285/556/878 2749/330/872 2746/553/869
f 1284/338/879 2752/557/880 2749/330/872
f 1283/558/881 1282/464/882 2752/557/880
f 2752/557/880 1281/463/883 2751/555/873
f 2751/555/873 1280/462/884 2750/554/871
f 2750/554/871 568/412/885 1274/550/859
f 2747/323/867 1274/550/859 1275/318/857
f 2744/552/868 1275/318/857 1276/548/856
f 2754/559/886 2756/343/887 2753/560/888
f 2754/559/886 2758/348/889 2757/347/890
f 2757/347/890 2759/561/891 2756/343/887
f 2757/347/890 2761/562/892 2760/563/893
f 1288/564/894 1285/556/878 571/491/895
f 1287/565/896 2753/560/888 1288/564/894
f 1287/565/896 2755/566/897 2754/559/886
f 1286/567/898 1294/568/899 2755/566/897
f 2755/566/897 1293/358/900 2758/348/889
f 2758/348/889 1292/569/901 2761/562/892
f 2761/562/892 570/436/902 1291/570/903
f 2760/563/893 1291/570/903 1290/571/904
f 2760/563/893 1289/572/905 2759/561/891
f 2759/561/891 572/424/906 1283/558/881
f 2756/343/887 1283/558/881 1284/338/879
f 2753/560/888 1284/338/879 1285/556/878
f 2762/573/907 2766/364/908 2765/366/909
f 2763/574/910 2767/368/911 2766/364/908
f 2765/366/909 2769/575/912 2768/576/913
f 2766/364/908 2770/577/914 2769/575/912
f 1297/529/915 1294/568/899 569/495/916
f 1297/529/915 2763/574/910 2762/573/907
f 1296/528/917 2764/578/918 2763/574/910
f 1295/527/919 1268/379/852 2764/578/918
f 2764/578/918 1269/378/865 2767/368/911
f 2767/368/911 1270/377/863 2770/577/914
f 2770/577/914 566/376/864 1300/451/920
f 2769/575/912 1300/451/920 1299/450/921
f 2768/576/913 1299/450/921 1298/449/922
f 1292/569/901 1298/449/922 570/436/902
f 1293/358/900 2768/576/913 1292/569/901
f 1294/568/899 2765/366/909 1293/358/900
f 2772/397/923 2774/396/924 2771/397/925
f 2773/397/926 2775/396/927 2772/397/923
f 2774/396/924 2778/395/928 2777/395/929
f 2775/396/927 2779/395/930 2778/395/928
f 565/309/853 2771/397/925 1267/397/851
f 1341/309/931 2771/397/925 1342/309/932
f 1340/309/933 2772/397/923 1341/309/931
f 578/309/934 2773/397/926 1340/309/933
f 2773/397/926 1326/396/935 2776/396/936
f 1326/396/935 2779/395/930 2776/396/936
f 2779/395/930 577/394/937 1339/394/938
f 2778/395/928 1339/394/938 1338/394/939
f 2777/395/929 1338/394/939 1337/394/940
f 2777/395/929 567/394/875 1265/395/855
f 2774/396/924 1265/395/855 1266/396/854
f 1267/397/851 2774/396/924 1266/396/854
f 2780/411/941 2784/410/942 2783/410/943
f 2782/411/944 2784/410/942 2781/411/945
f 2784/410/942 2786/409/946 2783/410/943
f 2784/410/942 2788/409/947 2787/409/948
f 568/412/885 2780/411/941 1273/411/860
f 1318/412/949 2781/411/945 2780/411/941
f 1316/412/950 2781/411/945 1317/412/951
f 574/412/952 2782/411/944 1316/412/950
f 1303/411/953 2785/410/954 2782/411/944
f 2785/410/954 1301/409/955 2788/409/947
f 2788/409/947 573/407/956 1315/407/957
f 2787/409/948 1315/407/957 1314/407/958
f 2787/409/948 1313/407/959 2786/409/946
f 2786/409/946 566/407/864 1271/409/862
f 2783/410/943 1271/409/862 1272/410/861
f 1273/411/860 2783/410/943 1272/410/861
f 2790/579/960 2792/580/961 2789/581/962
f 2790/579/960 2794/582/963 2793/583/964
f 2792/580/961 2796/584/965 2795/585/966
f 2794/582/963 2796/584/965 2793/583/964
f 1307/572/967 1306/422/968 575/424/969
f 1308/571/970 2789/581/962 1307/572/967
f 1308/571/970 2791/586/971 2790/579/960
f 1309/570/972 1310/434/973 2791/586/971
f 2791/586/971 1311/433/974 2794/582/963
f 1311/433/974 2797/587/975 2794/582/963
f 1312/432/976 1301/431/955 2797/587/975
f 2797/587/975 1302/429/977 2796/584/965
f 2795/585/966 1302/429/977 1303/428/953
f 1304/427/978 1303/428/953 574/588/952
f 1305/425/979 2795/585/966 1304/427/978
f 2789/581/962 1305/425/979 1306/422/968
f 2799/451/980 2801/450/981 2798/451/982
f 2800/451/983 2802/450/984 2799/451/980
f 2802/450/984 2804/449/985 2801/450/981
f 2803/450/986 2805/449/987 2802/450/984
f 1313/376/959 1300/451/920 566/376/864
f 1314/376/958 2798/451/982 1313/376/959
f 1315/376/957 2799/451/980 1314/376/958
f 573/376/956 2800/451/983 1315/376/957
f 1312/451/976 2803/450/986 2800/451/983
f 1311/450/974 2806/449/988 2803/450/986
f 2806/449/988 576/436/989 1321/436/990
f 2806/449/988 1320/436/991 2805/449/987
f 2805/449/987 1319/436/992 2804/449/985
f 2804/449/985 570/436/902 1298/449/922
f 2801/450/981 1298/449/922 1299/450/921
f 2798/451/982 1299/450/921 1300/451/920
f 2807/464/993 2811/463/994 2810/463/995
f 2808/464/996 2812/463/997 2811/463/994
f 2810/463/995 2814/462/998 2813/462/999
f 2811/463/994 2815/462/1000 2814/462/998
f 572/424/906 2807/464/993 1282/464/882
f 1324/424/1001 2808/464/996 2807/464/993
f 1323/424/1002 2809/464/1003 2808/464/996
f 575/424/969 2809/464/1003 1322/424/1004
f 2809/464/1003 1305/463/979 2812/463/997
f 2812/463/997 1304/462/978 2815/462/1000
f 2815/462/1000 574/412/952 1316/412/950
f 2814/462/998 1316/412/950 1317/412/951
f 2813/462/999 1317/412/951 1318/412/949
f 1280/462/884 1318/412/949 568/412/885
f 1281/463/883 2813/462/999 1280/462/884
f 1282/464/882 2810/463/995 1281/463/883
f 2817/570/1005 2819/571/1006 2816/570/1007
f 2818/570/1008 2820/571/1009 2817/570/1005
f 2819/571/1006 2823/572/1010 2822/572/1011
f 2820/571/1009 2824/572/1012 2823/572/1010
f 1319/436/992 1291/570/903 570/436/902
f 1320/436/991 2816/570/1007 1319/436/992
f 1321/436/990 2817/570/1005 1320/436/991
f 576/436/989 2818/570/1008 1321/436/990
f 1309/570/972 2821/571/1013 2818/570/1008
f 2821/571/1013 1307/572/967 2824/572/1012
f 2824/572/1012 575/424/969 1322/424/1004
f 2823/572/1010 1322/424/1004 1323/424/1002
f 2822/572/1011 1323/424/1002 1324/424/1001
f 1289/572/905 1324/424/1001 572/424/906
f 1290/571/904 2822/572/1011 1289/572/905
f 2816/570/1007 1290/571/904 1291/570/903
f 2825/589/1014 2829/590/1015 2828/591/1016
f 2827/592/1017 2829/590/1015 2826/593/1018
f 2829/590/1015 2831/594/1019 2828/591/1016
f 2829/590/1015 2833/595/1020 2832/596/1021
f 577/486/937 2825/589/1014 1330/488/1022
f 1325/487/1023 2826/593/1018 2825/589/1014
f 1327/500/1024 2826/593/1018 1326/501/935
f 578/499/934 2827/592/1017 1327/500/1024
f 1334/498/1025 2830/597/1026 2827/592/1017
f 2830/597/1026 1336/496/1027 2833/595/1020
f 2833/595/1020 580/495/1028 1331/567/1029
f 2832/596/1021 1331/567/1029 1332/565/1030
f 2832/596/1021 1333/564/1031 2831/594/1019
f 2831/594/1019 579/491/1032 1328/489/1033
f 2828/591/1016 1328/489/1033 1329/490/1034
f 1330/488/1022 2828/591/1016 1329/490/1034
f 2835/564/1035 2837/565/1036 2834/564/1037
f 2836/564/1038 2838/565/1039 2835/564/1035
f 2837/565/1036 2841/567/1040 2840/567/1041
f 2838/565/1039 2842/567/1042 2841/567/1040
f 571/491/895 2834/564/1037 1288/564/894
f 1347/491/1043 2834/564/1037 1348/491/1044
f 1346/491/1045 2835/564/1035 1347/491/1043
f 579/491/1032 2836/564/1038 1346/491/1045
f 2836/564/1038 1332/565/1030 2839/565/1046
f 1332/565/1030 2842/567/1042 2839/565/1046
f 2842/567/1042 580/495/1028 1345/495/1047
f 2841/567/1040 1345/495/1047 1344/495/1048
f 2840/567/1041 1344/495/1048 1343/495/1049
f 2840/567/1041 569/495/916 1286/567/898
f 2837/565/1036 1286/567/898 1287/565/896
f 1288/564/894 2837/565/1036 1287/565/896
f 2844/529/1050 2846/528/1051 2843/529/1052
f 2845/529/1053 2847/528/1054 2844/529/1050
f 2846/528/1051 2850/527/1055 2849/527/1056
f 2847/528/1054 2851/527/1057 2850/527/1055
f 569/495/916 2843/529/1052 1297/529/915
f 1344/495/1048 2843/529/1052 1343/495/1049
f 1345/495/1047 2844/529/1050 1344/495/1048
f 580/495/1028 2845/529/1053 1345/495/1047
f 2845/529/1053 1335/528/1058 2848/528/1059
f 1335/528/1058 2851/527/1057 2848/528/1059
f 2851/527/1057 578/381/934 1340/381/933
f 2850/527/1055 1340/381/933 1341/381/931
f 2849/527/1056 1341/381/931 1342/381/932
f 2849/527/1056 565/381/853 1295/527/919
f 2846/528/1051 1295/527/919 1296/528/917
f 1297/529/915 2846/528/1051 1296/528/917
f 2853/542/1060 2855/541/1061 2852/542/1062
f 2854/542/1063 2856/541/1064 2853/542/1060
f 2855/541/1061 2859/540/1065 2858/540/1066
f 2856/541/1064 2860/540/1067 2859/540/1065
f 567/394/875 2852/542/1062 1279/542/874
f 1338/394/939 2852/542/1062 1337/394/940
f 1339/394/938 2853/542/1060 1338/394/939
f 577/394/937 2854/542/1063 1339/394/938
f 2854/542/1063 1329/541/1034 2857/541/1068
f 1329/541/1034 2860/540/1067 2857/541/1068
f 2860/540/1067 579/491/1032 1346/491/1045
f 2859/540/1065 1346/491/1045 1347/491/1043
f 2858/540/1066 1347/491/1043 1348/491/1044
f 2858/540/1066 571/491/895 1277/540/877
f 2855/541/1061 1277/540/877 1278/541/876
f 1279/542/874 2855/541/1061 1278/541/876
f 2861/543/843 2865/301/844 2864/303/845
f 2863/544/1069 2865/301/844 2862/545/847
f 2864/303/845 2868/546/848 2867/547/849
f 2866/306/850 2868/546/848 2865/301/844
f 1351/397/1070 1352/307/852 581/309/853
f 1350/396/1071 2861/543/843 1351/397/1070
f 1350/396/1071 2863/544/1069 2862/545/847
f 1349/395/855 1360/548/856 2863/544/1069
f 1360/548/856 2866/306/850 2863/544/1069
f 1359/318/857 2869/549/858 2866/306/850
f 1358/550/859 1357/411/860 2869/549/858
f 2869/549/858 1356/410/861 2868/546/848
f 2867/547/849 1356/410/861 1355/409/1072
f 1354/312/863 1355/409/1072 582/407/864
f 1353/310/1073 2867/547/849 1354/312/863
f 1352/307/852 2864/303/845 1353/310/1073
f 2871/551/866 2873/323/867 2870/552/1074
f 2872/553/869 2874/327/870 2871/551/866
f 2874/327/870 2876/554/871 2873/323/867
f 2875/330/872 2877/555/873 2874/327/870
f 1363/542/874 1360/548/856 583/394/875
f 1362/541/1075 2870/552/1074 1363/542/874
f 1361/540/877 2871/551/866 1362/541/1075
f 1361/540/877 1369/556/878 2872/553/869
f 1369/556/878 2875/330/872 2872/553/869
f 1368/338/879 2878/557/1076 2875/330/872
f 1367/558/881 1366/464/882 2878/557/1076
f 2878/557/1076 1365/463/1077 2877/555/873
f 2877/555/873 1364/462/884 2876/554/871
f 2876/554/871 584/412/885 1358/550/859
f 2873/323/867 1358/550/859 1359/318/857
f 2870/552/1074 1359/318/857 1360/548/856
f 2880/559/886 2882/343/887 2879/560/888
f 2880/559/886 2884/348/889 2883/347/890
f 2883/347/890 2885/561/891 2882/343/887
f 2883/347/890 2887/562/892 2886/563/1078
f 1372/564/1079 1369/556/878 587/491/895
f 1371/565/896 2879/560/888 1372/564/1079
f 1371/565/896 2881/566/1080 2880/559/886
f 1370/567/898 1378/568/899 2881/566/1080
f 2881/566/1080 1377/358/900 2884/348/889
f 2884/348/889 1376/569/901 2887/562/892
f 2887/562/892 586/436/902 1375/570/903
f 2886/563/1078 1375/570/903 1374/571/904
f 2886/563/1078 1373/572/905 2885/561/891
f 2885/561/891 588/424/1081 1367/558/881
f 2882/343/887 1367/558/881 1368/338/879
f 2879/560/888 1368/338/879 1369/556/878
f 2888/573/907 2892/364/1082 2891/366/909
f 2889/574/910 2893/368/911 2892/364/1082
f 2891/366/909 2895/575/912 2894/576/913
f 2892/364/1082 2896/577/914 2895/575/912
f 1381/529/915 1378/568/899 585/495/916
f 1381/529/915 2889/574/910 2888/573/907
f 1380/528/917 2890/578/918 2889/574/910
f 1379/527/1083 1352/379/852 2890/578/918
f 2890/578/918 1353/378/1073 2893/368/911
f 2893/368/911 1354/377/863 2896/577/914
f 2896/577/914 582/376/864 1384/451/920
f 2895/575/912 1384/451/920 1383/450/921
f 2894/576/913 1383/450/921 1382/449/1084
f 1376/569/901 1382/449/1084 586/436/902
f 1377/358/900 2894/576/913 1376/569/901
f 1378/568/899 2891/366/909 1377/358/900
f 2898/397/923 2900/396/924 2897/397/925
f 2899/397/1085 2901/396/927 2898/397/923
f 2900/396/924 2904/395/1086 2903/395/929
f 2901/396/927 2905/395/930 2904/395/1086
f 581/309/853 2897/397/925 1351/397/1070
f 1425/309/1087 2897/397/925 1426/309/1088
f 1424/309/933 2898/397/923 1425/309/1087
f 594/309/1089 2899/397/1085 1424/309/933
f 2899/397/1085 1410/396/935 2902/396/1090
f 1410/396/935 2905/395/930 2902/396/1090
f 2905/395/930 593/394/937 1423/394/938
f 2904/395/1086 1423/394/938 1422/394/939
f 2903/395/929 1422/394/939 1421/394/940
f 2903/395/929 583/394/875 1349/395/855
f 2900/396/924 1349/395/855 1350/396/1071
f 1351/397/1070 2900/396/924 1350/396/1071
f 2906/411/941 2910/410/942 2909/410/943
f 2908/411/944 2910/410/942 2907/411/1091
f 2910/410/942 2912/409/1092 2909/410/943
f 2910/410/942 2914/409/1093 2913/409/948
f 584/412/885 2906/411/941 1357/411/860
f 1402/412/949 2907/411/1091 2906/411/941
f 1400/412/1094 2907/411/1091 1401/412/951
f 590/412/1095 2908/411/944 1400/412/1094
f 1387/411/953 2911/410/954 2908/411/944
f 2911/410/954 1385/409/955 2914/409/1093
f 2914/409/1093 589/407/1096 1399/407/957
f 2913/409/948 1399/407/957 1398/407/958
f 2913/409/948 1397/407/959 2912/409/1092
f 2912/409/1092 582/407/864 1355/409/1072
f 2909/410/943 1355/409/1072 1356/410/861
f 1357/411/860 2909/410/943 1356/410/861
f 2916/579/1097 2918/580/961 2915/581/962
f 2916/579/1097 2920/582/1098 2919/583/964
f 2918/580/961 2922/584/965 2921/585/1099
f 2920/582/1098 2922/584/965 2919/583/964
f 1391/572/967 1390/422/1100 591/424/1101
f 1392/571/1102 2915/581/962 1391/572/967
f 1392/571/1102 2917/586/971 2916/579/1097
f 1393/570/1103 1394/434/1104 2917/586/971
f 2917/586/971 1395/433/974 2920/582/1098
f 1395/433/974 2923/587/975 2920/582/1098
f 1396/432/976 1385/431/955 2923/587/975
f 2923/587/975 1386/429/977 2922/584/965
f 2921/585/1099 1386/429/977 1387/428/953
f 1388/427/978 1387/428/953 590/588/1095
f 1389/425/1105 2921/585/1099 1388/427/978
f 2915/581/962 1389/425/1105 1390/422/1100
f 2925/451/980 2927/450/981 2924/451/982
f 2926/451/983 2928/450/984 2925/451/980
f 2928/450/984 2930/449/985 2927/450/981
f 2929/450/986 2931/449/987 2928/450/984
f 1397/376/959 1384/451/920 582/376/864
f 1398/376/958 2924/451/982 1397/376/959
f 1399/376/957 2925/451/980 1398/376/958
f 589/376/1096 2926/451/983 1399/376/957
f 1396/451/976 2929/450/986 2926/451/983
f 1395/450/974 2932/449/1106 2929/450/986
f 2932/449/1106 592/436/989 1405/436/1107
f 2932/449/1106 1404/436/991 2931/449/987
f 2931/449/987 1403/436/1108 2930/449/985
f 2930/449/985 586/436/902 1382/449/1084
f 2927/450/981 1382/449/1084 1383/450/921
f 2924/451/982 1383/450/921 1384/451/920
f 2933/464/993 2937/463/1109 2936/463/995
f 2934/464/996 2938/463/1110 2937/463/1109
f 2936/463/995 2940/462/998 2939/462/1111
f 2937/463/1109 2941/462/1000 2940/462/998
f 588/424/1081 2933/464/993 1366/464/882
f 1408/424/1001 2934/464/996 2933/464/993
f 1407/424/1002 2935/464/1003 2934/464/996
f 591/424/1101 2935/464/1003 1406/424/1112
f 2935/464/1003 1389/463/1105 2938/463/1110
f 2938/463/1110 1388/462/978 2941/462/1000
f 2941/462/1000 590/412/1095 1400/412/1094
f 2940/462/998 1400/412/1094 1401/412/951
f 2939/462/1111 1401/412/951 1402/412/949
f 1364/462/884 1402/412/949 584/412/885
f 1365/463/1077 2939/462/1111 1364/462/884
f 1366/464/882 2936/463/995 1365/463/1077
f 2943/570/1005 2945/571/1006 2942/570/1007
f 2944/570/1008 2946/571/1113 2943/570/1005
f 2945/571/1006 2949/572/1114 2948/572/1011
f 2946/571/1113 2950/572/1115 2949/572/1114
f 1403/436/1108 1375/570/903 586/436/902
f 1404/436/991 2942/570/1007 1403/436/1108
f 1405/436/1107 2943/570/1005 1404/436/991
f 592/436/989 2944/570/1008 1405/436/1107
f 1393/570/1103 2947/571/1116 2944/570/1008
f 2947/571/1116 1391/572/967 2950/572/1115
f 2950/572/1115 591/424/1101 1406/424/1112
f 2949/572/1114 1406/424/1112 1407/424/1002
f 2948/572/1011 1407/424/1002 1408/424/1001
f 1373/572/905 1408/424/1001 588/424/1081
f 1374/571/904 2948/572/1011 1373/572/905
f 2942/570/1007 1374/571/904 1375/570/903
f 2951/589/1014 2955/590/1015 2954/591/1016
f 2953/592/1017 2955/590/1015 2952/593/1018
f 2955/590/1015 2957/594/1019 2954/591/1016
f 2955/590/1015 2959/595/1117 2958/596/1021
f 593/486/937 2951/589/1014 1414/488/1118
f 1409/487/1023 2952/593/1018 2951/589/1014
f 1411/500/1119 2952/593/1018 1410/501/935
f 594/499/1089 2953/592/1017 1411/500/1119
f 1418/498/1120 2956/597/1026 2953/592/1017
f 2956/597/1026 1420/496/1121 2959/595/1117
f 2959/595/1117 596/495/1028 1415/567/1029
f 2958/596/1021 1415/567/1029 1416/565/1030
f 2958/596/1021 1417/564/1031 2957/594/1019
f 2957/594/1019 595/491/1032 1412/489/1033
f 2954/591/1016 1412/489/1033 1413/490/1122
f 1414/488/1118 2954/591/1016 1413/490/1122
f 2961/564/1035 2963/565/1123 2960/564/1037
f 2962/564/1038 2964/565/1039 2961/564/1035
f 2963/565/1123 2967/567/1040 2966/567/1124
f 2964/565/1039 2968/567/1042 2967/567/1040
f 587/491/895 2960/564/1037 1372/564/1079
f 1431/491/1043 2960/564/1037 1432/491/1044
f 1430/491/1045 2961/564/1035 1431/491/1043
f 595/491/1032 2962/564/1038 1430/491/1045
f 2962/564/1038 1416/565/1030 2965/565/1046
f 1416/565/1030 2968/567/1042 2965/565/1046
f 2968/567/1042 596/495/1028 1429/495/1047
f 2967/567/1040 1429/495/1047 1428/495/1048
f 2966/567/1124 1428/495/1048 1427/495/1125
f 2966/567/1124 585/495/916 1370/567/898
f 2963/565/1123 1370/567/898 1371/565/896
f 1372/564/1079 2963/565/1123 1371/565/896
f 2970/529/1126 2972/528/1051 2969/529/1127
f 2971/529/1053 2973/528/1128 2970/529/1126
f 2972/528/1051 2976/527/1129 2975/527/1056
f 2973/528/1128 2977/527/1130 2976/527/1129
f 585/495/916 2969/529/1127 1381/529/915
f 1428/495/1048 2969/529/1127 1427/495/1125
f 1429/495/1047 2970/529/1126 1428/495/1048
f 596/495/1028 2971/529/1053 1429/495/1047
f 2971/529/1053 1419/528/1131 2974/528/1132
f 1419/528/1131 2977/527/1130 2974/528/1132
f 2977/527/1130 594/381/1089 1424/381/933
f 2976/527/1129 1424/381/933 1425/381/1087
f 2975/527/1056 1425/381/1087 1426/381/1088
f 2975/527/1056 581/381/853 1379/527/1083
f 2972/528/1051 1379/527/1083 1380/528/917
f 1381/529/915 2972/528/1051 1380/528/917
f 2979/542/1060 2981/541/1061 2978/542/1062
f 2980/542/1063 2982/541/1133 2979/542/1060
f 2981/541/1061 2985/540/1134 2984/540/1135
f 2982/541/1133 2986/540/1067 2985/540/1134
f 583/394/875 2978/542/1062 1363/542/874
f 1422/394/939 2978/542/1062 1421/394/940
f 1423/394/938 2979/542/1060 1422/394/939
f 593/394/937 2980/542/1063 1423/394/938
f 2980/542/1063 1413/541/1122 2983/541/1136
f 1413/541/1122 2986/540/1067 2983/541/1136
f 2986/540/1067 595/491/1032 1430/491/1045
f 2985/540/1134 1430/491/1045 1431/491/1043
f 2984/540/1135 1431/491/1043 1432/491/1044
f 2984/540/1135 587/491/895 1361/540/877
f 2981/541/1061 1361/540/877 1362/541/1075
f 1363/542/874 2981/541/1061 1362/541/1075
f 2987/543/843 2991/301/844 2990/303/845
f 2989/544/846 2991/301/844 2988/545/1137
f 2990/303/845 2994/546/848 2993/547/1138
f 2992/306/850 2994/546/848 2991/301/844
f 1435/397/851 1436/307/852 597/309/853
f 1434/396/1071 2987/543/843 1435/397/851
f 1434/396/1071 2989/544/846 2988/545/1137
f 1433/395/855 1444/548/856 2989/544/846
f 1444/548/856 2992/306/850 2989/544/846
f 1443/318/857 2995/549/858 2992/306/850
f 1442/550/859 1441/411/860 2995/549/858
f 2995/549/858 1440/410/861 2994/546/848
f 2993/547/1138 1440/410/861 1439/409/1072
f 1438/312/863 1439/409/1072 598/407/864
f 1437/310/1073 2993/547/1138 1438/312/863
f 1436/307/852 2990/303/845 1437/310/1073
f 2997/551/866 2999/323/867 2996/552/1074
f 2998/553/1139 3000/327/870 2997/551/866
f 3000/327/870 3002/554/871 2999/323/867
f 3001/330/872 3003/555/1140 3000/327/870
f 1447/542/1141 1444/548/856 599/394/875
f 1446/541/1075 2996/552/1074 1447/542/1141
f 1445/540/877 2997/551/866 1446/541/1075
f 1445/540/877 1453/556/878 2998/553/1139
f 1453/556/878 3001/330/872 2998/553/1139
f 1452/338/879 3004/557/880 3001/330/872
f 1451/558/881 1450/464/882 3004/557/880
f 3004/557/880 1449/463/883 3003/555/1140
f 3003/555/1140 1448/462/884 3002/554/871
f 3002/554/871 600/412/885 1442/550/859
f 2999/323/867 1442/550/859 1443/318/857
f 2996/552/1074 1443/318/857 1444/548/856
f 3006/559/886 3008/343/887 3005/560/888
f 3006/559/886 3010/348/889 3009/347/890
f 3009/347/890 3011/561/891 3008/343/887
f 3009/347/890 3013/562/892 3012/563/1078
f 1456/564/894 1453/556/878 603/491/895
f 1455/565/896 3005/560/888 1456/564/894
f 1455/565/896 3007/566/1080 3006/559/886
f 1454/567/898 1462/568/899 3007/566/1080
f 3007/566/1080 1461/358/900 3010/348/889
f 3010/348/889 1460/569/901 3013/562/892
f 3013/562/892 602/436/902 1459/570/1142
f 3012/563/1078 1459/570/1142 1458/571/1143
f 3012/563/1078 1457/572/905 3011/561/891
f 3011/561/891 604/424/1081 1451/558/881
f 3008/343/887 1451/558/881 1452/338/879
f 3005/560/888 1452/338/879 1453/556/878
f 3014/573/907 3018/364/908 3017/366/909
f 3015/574/910 3019/368/911 3018/364/908
f 3017/366/909 3021/575/912 3020/576/913
f 3018/364/908 3022/577/914 3021/575/912
f 1465/529/915 1462/568/899 601/495/916
f 1465/529/915 3015/574/910 3014/573/907
f 1464/528/917 3016/578/918 3015/574/910
f 1463/527/1144 1436/379/852 3016/578/918
f 3016/578/918 1437/378/1073 3019/368/911
f 3019/368/911 1438/377/863 3022/577/914
f 3022/577/914 598/376/864 1468/451/920
f 3021/575/912 1468/451/920 1467/450/921
f 3020/576/913 1467/450/921 1466/449/922
f 1460/569/901 1466/449/922 602/436/902
f 1461/358/900 3020/576/913 1460/569/901
f 1462/568/899 3017/366/909 1461/358/900
f 3024/397/923 3026/396/924 3023/397/925
f 3025/397/1085 3027/396/927 3024/397/923
f 3026/396/924 3030/395/1086 3029/395/1145
f 3027/396/927 3031/395/1146 3030/395/1086
f 597/309/853 3023/397/925 1435/397/851
f 1509/309/931 3023/397/925 1510/309/932
f 1508/309/933 3024/397/923 1509/309/931
f 610/309/1089 3025/397/1085 1508/309/933
f 3025/397/1085 1494/396/935 3028/396/936
f 1494/396/935 3031/395/1146 3028/396/936
f 3031/395/1146 609/394/937 1507/394/1147
f 3030/395/1086 1507/394/1147 1506/394/1148
f 3029/395/1145 1506/394/1148 1505/394/940
f 3029/395/1145 599/394/875 1433/395/855
f 3026/396/924 1433/395/855 1434/396/1071
f 1435/397/851 3026/396/924 1434/396/1071
f 3032/411/941 3036/410/1149 3035/410/943
f 3034/411/944 3036/410/1149 3033/411/1150
f 3036/410/1149 3038/409/946 3035/410/943
f 3036/410/1149 3040/409/947 3039/409/948
f 600/412/885 3032/411/941 1441/411/860
f 1486/412/949 3033/411/1150 3032/411/941
f 1484/412/950 3033/411/1150 1485/412/1151
f 606/412/1152 3034/411/944 1484/412/950
f 1471/411/953 3037/410/1153 3034/411/944
f 3037/410/1153 1469/409/955 3040/409/947
f 3040/409/947 605/407/1096 1483/407/957
f 3039/409/948 1483/407/957 1482/407/958
f 3039/409/948 1481/407/959 3038/409/946
f 3038/409/946 598/407/864 1439/409/1072
f 3035/410/943 1439/409/1072 1440/410/861
f 1441/411/860 3035/410/943 1440/410/861
f 3042/579/1097 3044/580/961 3041/581/1154
f 3042/579/1097 3046/582/963 3045/583/1155
f 3044/580/961 3048/584/965 3047/585/966
f 3046/582/963 3048/584/965 3045/583/1155
f 1475/572/967 1474/422/1100 607/424/1156
f 1476/571/970 3041/581/1154 1475/572/967
f 1476/571/970 3043/586/1157 3042/579/1097
f 1477/570/1158 1478/434/973 3043/586/1157
f 3043/586/1157 1479/433/974 3046/582/963
f 1479/433/974 3049/587/975 3046/582/963
f 1480/432/976 1469/431/955 3049/587/975
f 3049/587/975 1470/429/977 3048/584/965
f 3047/585/966 1470/429/977 1471/428/953
f 1472/427/978 1471/428/953 606/588/1152
f 1473/425/979 3047/585/966 1472/427/978
f 3041/581/1154 1473/425/979 1474/422/1100
f 3051/451/980 3053/450/981 3050/451/982
f 3052/451/1159 3054/450/984 3051/451/980
f 3054/450/984 3056/449/985 3053/450/981
f 3055/450/986 3057/449/987 3054/450/984
f 1481/376/959 1468/451/920 598/376/864
f 1482/376/958 3050/451/982 1481/376/959
f 1483/376/957 3051/451/980 1482/376/958
f 605/376/1096 3052/451/1159 1483/376/957
f 1480/451/976 3055/450/986 3052/451/1159
f 1479/450/974 3058/449/988 3055/450/986
f 3058/449/988 608/436/1160 1489/436/990
f 3058/449/988 1488/436/991 3057/449/987
f 3057/449/987 1487/436/992 3056/449/985
f 3056/449/985 602/436/902 1466/449/922
f 3053/450/981 1466/449/922 1467/450/921
f 3050/451/982 1467/450/921 1468/451/920
f 3059/464/993 3063/463/1109 3062/463/995
f 3060/464/1161 3064/463/1110 3063/463/1109
f 3062/463/995 3066/462/998 3065/462/999
f 3063/463/1109 3067/462/1000 3066/462/998
f 604/424/1081 3059/464/993 1450/464/882
f 1492/424/1001 3060/464/1161 3059/464/993
f 1491/424/1002 3061/464/1003 3060/464/1161
f 607/424/1156 3061/464/1003 1490/424/1004
f 3061/464/1003 1473/463/979 3064/463/1110
f 3064/463/1110 1472/462/978 3067/462/1000
f 3067/462/1000 606/412/1152 1484/412/950
f 3066/462/998 1484/412/950 1485/412/1151
f 3065/462/999 1485/412/1151 1486/412/949
f 1448/462/884 1486/412/949 600/412/885
f 1449/463/883 3065/462/999 1448/462/884
f 1450/464/882 3062/463/995 1449/463/883
f 3069/570/1005 3071/571/1162 3068/570/1007
f 3070/570/1008 3072/571/1009 3069/570/1005
f 3071/571/1162 3075/572/1010 3074/572/1011
f 3072/571/1009 3076/572/1012 3075/572/1010
f 1487/436/992 1459/570/1142 602/436/902
f 1488/436/991 3068/570/1007 1487/436/992
f 1489/436/990 3069/570/1005 1488/436/991
f 608/436/1160 3070/570/1008 1489/436/990
f 1477/570/1158 3073/571/1163 3070/570/1008
f 3073/571/1163 1475/572/967 3076/572/1012
f 3076/572/1012 607/424/1156 1490/424/1004
f 3075/572/1010 1490/424/1004 1491/424/1002
f 3074/572/1011 1491/424/1002 1492/424/1001
f 1457/572/905 1492/424/1001 604/424/1081
f 1458/571/1143 3074/572/1011 1457/572/905
f 3068/570/1007 1458/571/1143 1459/570/1142
f 3077/589/1014 3081/590/1015 3080/591/1016
f 3079/592/1017 3081/590/1015 3078/593/1018
f 3081/590/1015 3083/594/1019 3080/591/1016
f 3081/590/1015 3085/595/1020 3084/596/1021
f 609/486/937 3077/589/1014 1498/488/1022
f 1493/487/1023 3078/593/1018 3077/589/1014
f 1495/500/1119 3078/593/1018 1494/501/935
f 610/499/1089 3079/592/1017 1495/500/1119
f 1502/498/1164 3082/597/1026 3079/592/1017
f 3082/597/1026 1504/496/1027 3085/595/1020
f 3085/595/1020 612/495/1028 1499/567/1029
f 3084/596/1021 1499/567/1029 1500/565/1030
f 3084/596/1021 1501/564/1031 3083/594/1019
f 3083/594/1019 611/491/1165 1496/489/1033
f 3080/591/1016 1496/489/1033 1497/490/1034
f 1498/488/1022 3080/591/1016 1497/490/1034
f 3087/564/1035 3089/565/1036 3086/564/1037
f 3088/564/1038 3090/565/1039 3087/564/1035
f 3089/565/1036 3093/567/1040 3092/567/1124
f 3090/565/1039 3094/567/1166 3093/567/1040
f 603/491/895 3086/564/1037 1456/564/894
f 1515/491/1043 3086/564/1037 1516/491/1044
f 1514/491/1045 3087/564/1035 1515/491/1043
f 611/491/1165 3088/564/1038 1514/491/1045
f 3088/564/1038 1500/565/1030 3091/565/1167
f 1500/565/1030 3094/567/1166 3091/565/1167
f 3094/567/1166 612/495/1028 1513/495/1168
f 3093/567/1040 1513/495/1168 1512/495/1048
f 3092/567/1124 1512/495/1048 1511/495/1125
f 3092/567/1124 601/495/916 1454/567/898
f 3089/565/1036 1454/567/898 1455/565/896
f 1456/564/894 3089/565/1036 1455/565/896
f 3096/529/1126 3098/528/1051 3095/529/1127
f 3097/529/1053 3099/528/1054 3096/529/1126
f 3098/528/1051 3102/527/1055 3101/527/1056
f 3099/528/1054 3103/527/1057 3102/527/1055
f 601/495/916 3095/529/1127 1465/529/915
f 1512/495/1048 3095/529/1127 1511/495/1125
f 1513/495/1168 3096/529/1126 1512/495/1048
f 612/495/1028 3097/529/1053 1513/495/1168
f 3097/529/1053 1503/528/1131 3100/528/1132
f 1503/528/1131 3103/527/1057 3100/528/1132
f 3103/527/1057 610/381/1089 1508/381/933
f 3102/527/1055 1508/381/933 1509/381/931
f 3101/527/1056 1509/381/931 1510/381/932
f 3101/527/1056 597/381/853 1463/527/1144
f 3098/528/1051 1463/527/1144 1464/528/917
f 1465/529/915 3098/528/1051 1464/528/917
f 3105/542/1169 3107/541/1170 3104/542/1171
f 3106/542/1063 3108/541/1172 3105/542/1169
f 3107/541/1170 3111/540/1173 3110/540/1135
f 3108/541/1172 3112/540/1174 3111/540/1173
f 599/394/875 3104/542/1171 1447/542/1141
f 1506/394/1148 3104/542/1171 1505/394/940
f 1507/394/1147 3105/542/1169 1506/394/1148
f 609/394/937 3106/542/1063 1507/394/1147
f 3106/542/1063 1497/541/1034 3109/541/1068
f 1497/541/1034 3112/540/1174 3109/541/1068
f 3112/540/1174 611/491/1165 1514/491/1045
f 3111/540/1173 1514/491/1045 1515/491/1043
f 3110/540/1135 1515/491/1043 1516/491/1044
f 3110/540/1135 603/491/895 1445/540/877
f 3107/541/1170 1445/540/877 1446/541/1075
f 1447/542/1141 3107/541/1170 1446/541/1075
f 3113/543/843 3117/301/844 3116/303/845
f 3115/544/1069 3117/301/844 3114/545/847
f 3116/303/845 3120/546/848 3119/547/849
f 3118/306/850 3120/546/848 3117/301/844
f 1519/397/851 1520/307/852 613/309/1175
f 1518/396/1071 3113/543/843 1519/397/851
f 1518/396/1071 3115/544/1069 3114/545/847
f 1517/395/855 1528/548/856 3115/544/1069
f 1528/548/856 3118/306/850 3115/544/1069
f 1527/318/857 3121/549/858 3118/306/850
f 1526/550/859 1525/411/860 3121/549/858
f 3121/549/858 1524/410/861 3120/546/848
f 3119/547/849 1524/410/861 1523/409/862
f 1522/312/863 1523/409/862 614/407/864
f 1521/310/1073 3119/547/849 1522/312/863
f 1520/307/852 3116/303/845 1521/310/1073
f 3123/551/866 3125/323/867 3122/552/868
f 3124/553/1139 3126/327/870 3123/551/866
f 3126/327/870 3128/554/1176 3125/323/867
f 3127/330/872 3129/555/873 3126/327/870
f 1531/542/874 1528/548/856 615/394/875
f 1530/541/876 3122/552/868 1531/542/874
f 1529/540/877 3123/551/866 1530/541/876
f 1529/540/877 1537/556/878 3124/553/1139
f 1537/556/878 3127/330/872 3124/553/1139
f 1536/338/879 3130/557/880 3127/330/872
f 1535/558/881 1534/464/882 3130/557/880
f 3130/557/880 1533/463/1077 3129/555/873
f 3129/555/873 1532/462/884 3128/554/1176
f 3128/554/1176 616/412/885 1526/550/859
f 3125/323/867 1526/550/859 1527/318/857
f 3122/552/868 1527/318/857 1528/548/856
f 3132/559/886 3134/343/887 3131/560/888
f 3132/559/886 3136/348/889 3135/347/890
f 3135/347/890 3137/561/891 3134/343/887
f 3135/347/890 3139/562/892 3138/563/893
f 1540/564/1079 1537/556/878 619/491/895
f 1539/565/896 3131/560/888 1540/564/1079
f 1539/565/896 3133/566/1080 3132/559/886
f 1538/567/898 1546/568/899 3133/566/1080
f 3133/566/1080 1545/358/900 3136/348/889
f 3136/348/889 1544/569/901 3139/562/892
f 3139/562/892 618/436/902 1543/570/903
f 3138/563/893 1543/570/903 1542/571/1143
f 3138/563/893 1541/572/905 3137/561/891
f 3137/561/891 620/424/1081 1535/558/881
f 3134/343/887 1535/558/881 1536/338/879
f 3131/560/888 1536/338/879 1537/556/878
f 3140/573/907 3144/364/908 3143/366/909
f 3141/574/910 3145/368/1177 3144/364/908
f 3143/366/909 3147/575/912 3146/576/913
f 3144/364/908 3148/577/914 3147/575/912
f 1549/529/915 1546/568/899 617/495/916
f 1549/529/915 3141/574/910 3140/573/907
f 1548/528/917 3142/578/918 3141/574/910
f 1547/527/919 1520/379/852 3142/578/918
f 3142/578/918 1521/378/1073 3145/368/1177
f 3145/368/1177 1522/377/863 3148/577/914
f 3148/577/914 614/376/864 1552/451/920
f 3147/575/912 1552/451/920 1551/450/921
f 3146/576/913 1551/450/921 1550/449/922
f 1544/569/901 1550/449/922 618/436/902
f 1545/358/900 3146/576/913 1544/569/901
f 1546/568/899 3143/366/909 1545/358/900
f 3150/397/923 3152/396/924 3149/397/925
f 3151/397/926 3153/396/927 3150/397/923
f 3152/396/924 3156/395/1086 3155/395/1145
f 3153/396/927 3157/395/1146 3156/395/1086
f 613/309/1175 3149/397/925 1519/397/851
f 1593/309/1087 3149/397/925 1594/309/1088
f 1592/309/933 3150/397/923 1593/309/1087
f 626/309/1089 3151/397/926 1592/309/933
f 3151/397/926 1578/396/935 3154/396/936
f 1578/396/935 3157/395/1146 3154/396/936
f 3157/395/1146 625/394/937 1591/394/938
f 3156/395/1086 1591/394/938 1590/394/939
f 3155/395/1145 1590/394/939 1589/394/940
f 3155/395/1145 615/394/875 1517/395/855
f 3152/396/924 1517/395/855 1518/396/1071
f 1519/397/851 3152/396/924 1518/396/1071
f 3158/411/941 3162/410/1149 3161/410/943
f 3160/411/1178 3162/410/1149 3159/411/945
f 3162/410/1149 3164/409/946 3161/410/943
f 3162/410/1149 3166/409/1093 3165/409/948
f 616/412/885 3158/411/941 1525/411/860
f 1570/412/949 3159/411/945 3158/411/941
f 1568/412/950 3159/411/945 1569/412/951
f 622/412/1179 3160/411/1178 1568/412/950
f 1555/411/953 3163/410/954 3160/411/1178
f 3163/410/954 1553/409/955 3166/409/1093
f 3166/409/1093 621/407/1180 1567/407/957
f 3165/409/948 1567/407/957 1566/407/958
f 3165/409/948 1565/407/1181 3164/409/946
f 3164/409/946 614/407/864 1523/409/862
f 3161/410/943 1523/409/862 1524/410/861
f 1525/411/860 3161/410/943 1524/410/861
f 3168/579/1097 3170/580/961 3167/581/1154
f 3168/579/1097 3172/582/1098 3171/583/1182
f 3170/580/961 3174/584/965 3173/585/966
f 3172/582/1098 3174/584/965 3171/583/1182
f 1559/572/967 1558/422/1100 623/424/1156
f 1560/571/1183 3167/581/1154 1559/572/967
f 1560/571/1183 3169/586/971 3168/579/1097
f 1561/570/972 1562/434/1184 3169/586/971
f 3169/586/971 1563/433/1185 3172/582/1098
f 1563/433/1185 3175/587/975 3172/582/1098
f 1564/432/976 1553/431/955 3175/587/975
f 3175/587/975 1554/429/977 3174/584/965
f 3173/585/966 1554/429/977 1555/428/953
f 1556/427/1186 1555/428/953 622/588/1179
f 1557/425/1187 3173/585/966 1556/427/1186
f 3167/581/1154 1557/425/1187 1558/422/1100
f 3177/451/980 3179/450/1188 3176/451/982
f 3178/451/1159 3180/450/984 3177/451/980
f 3180/450/984 3182/449/985 3179/450/1188
f 3181/450/986 3183/449/987 3180/450/984
f 1565/376/1181 1552/451/920 614/376/864
f 1566/376/958 3176/451/982 1565/376/1181
f 1567/376/957 3177/451/980 1566/376/958
f 621/376/1180 3178/451/1159 1567/376/957
f 1564/451/976 3181/450/986 3178/451/1159
f 1563/450/1185 3184/449/988 3181/450/986
f 3184/449/988 624/436/989 1573/436/1189
f 3184/449/988 1572/436/991 3183/449/987
f 3183/449/987 1571/436/992 3182/449/985
f 3182/449/985 618/436/902 1550/449/922
f 3179/450/1188 1550/449/922 1551/450/921
f 3176/451/982 1551/450/921 1552/451/920
f 3185/464/993 3189/463/994 3188/463/995
f 3186/464/996 3190/463/1110 3189/463/994
f 3188/463/995 3192/462/998 3191/462/999
f 3189/463/994 3193/462/1000 3192/462/998
f 620/424/1081 3185/464/993 1534/464/882
f 1576/424/1001 3186/464/996 3185/464/993
f 1575/424/1002 3187/464/1003 3186/464/996
f 623/424/1156 3187/464/1003 1574/424/1190
f 3187/464/1003 1557/463/1187 3190/463/1110
f 3190/463/1110 1556/462/1186 3193/462/1000
f 3193/462/1000 622/412/1179 1568/412/950
f 3192/462/998 1568/412/950 1569/412/951
f 3191/462/999 1569/412/951 1570/412/949
f 1532/462/884 1570/412/949 616/412/885
f 1533/463/1077 3191/462/999 1532/462/884
f 1534/464/882 3188/463/995 1533/463/1077
f 3195/570/1005 3197/571/1162 3194/570/1007
f 3196/570/1008 3198/571/1009 3195/570/1005
f 3197/571/1162 3201/572/1114 3200/572/1011
f 3198/571/1009 3202/572/1115 3201/572/1114
f 1571/436/992 1543/570/903 618/436/902
f 1572/436/991 3194/570/1007 1571/436/992
f 1573/436/1189 3195/570/1005 1572/436/991
f 624/436/989 3196/570/1008 1573/436/1189
f 1561/570/972 3199/571/1191 3196/570/1008
f 3199/571/1191 1559/572/967 3202/572/1115
f 3202/572/1115 623/424/1156 1574/424/1190
f 3201/572/1114 1574/424/1190 1575/424/1002
f 3200/572/1011 1575/424/1002 1576/424/1001
f 1541/572/905 1576/424/1001 620/424/1081
f 1542/571/1143 3200/572/1011 1541/572/905
f 3194/570/1007 1542/571/1143 1543/570/903
f 3203/589/1014 3207/590/1015 3206/591/1016
f 3205/592/1017 3207/590/1015 3204/593/1018
f 3207/590/1015 3209/594/1019 3206/591/1016
f 3207/590/1015 3211/595/1020 3210/596/1021
f 625/486/937 3203/589/1014 1582/488/1118
f 1577/487/1023 3204/593/1018 3203/589/1014
f 1579/500/1119 3204/593/1018 1578/501/935
f 626/499/1089 3205/592/1017 1579/500/1119
f 1586/498/1025 3208/597/1026 3205/592/1017
f 3208/597/1026 1588/496/1027 3211/595/1020
f 3211/595/1020 628/495/1028 1583/567/1029
f 3210/596/1021 1583/567/1029 1584/565/1030
f 3210/596/1021 1585/564/1031 3209/594/1019
f 3209/594/1019 627/491/1165 1580/489/1033
f 3206/591/1016 1580/489/1033 1581/490/1034
f 1582/488/1118 3206/591/1016 1581/490/1034
f 3213/564/1035 3215/565/1036 3212/564/1037
f 3214/564/1192 3216/565/1039 3213/564/1035
f 3215/565/1036 3219/567/1040 3218/567/1041
f 3216/565/1039 3220/567/1166 3219/567/1040
f 619/491/895 3212/564/1037 1540/564/1079
f 1599/491/1043 3212/564/1037 1600/491/1044
f 1598/491/1045 3213/564/1035 1599/491/1043
f 627/491/1165 3214/564/1192 1598/491/1045
f 3214/564/1192 1584/565/1030 3217/565/1046
f 1584/565/1030 3220/567/1166 3217/565/1046
f 3220/567/1166 628/495/1028 1597/495/1168
f 3219/567/1040 1597/495/1168 1596/495/1048
f 3218/567/1041 1596/495/1048 1595/495/1049
f 3218/567/1041 617/495/916 1538/567/898
f 3215/565/1036 1538/567/898 1539/565/896
f 1540/564/1079 3215/565/1036 1539/565/896
f 3222/529/1126 3224/528/1051 3221/529/1127
f 3223/529/1053 3225/528/1128 3222/529/1126
f 3224/528/1051 3228/527/1193 3227/527/1056
f 3225/528/1128 3229/527/1194 3228/527/1193
f 617/495/916 3221/529/1127 1549/529/915
f 1596/495/1048 3221/529/1127 1595/495/1049
f 1597/495/1168 3222/529/1126 1596/495/1048
f 628/495/1028 3223/529/1053 1597/495/1168
f 3223/529/1053 1587/528/1131 3226/528/1132
f 1587/528/1131 3229/527/1194 3226/528/1132
f 3229/527/1194 626/381/1089 1592/381/933
f 3228/527/1193 1592/381/933 1593/381/1087
f 3227/527/1056 1593/381/1087 1594/381/1088
f 3227/527/1056 613/381/1175 1547/527/919
f 3224/528/1051 1547/527/919 1548/528/917
f 1549/529/915 3224/528/1051 1548/528/917
f 3231/542/1169 3233/541/1061 3230/542/1062
f 3232/542/1063 3234/541/1195 3231/542/1169
f 3233/541/1061 3237/540/1196 3236/540/1066
f 3234/541/1195 3238/540/1174 3237/540/1196
f 615/394/875 3230/542/1062 1531/542/874
f 1590/394/939 3230/542/1062 1589/394/940
f 1591/394/938 3231/542/1169 1590/394/939
f 625/394/937 3232/542/1063 1591/394/938
f 3232/542/1063 1581/541/1034 3235/541/1068
f 1581/541/1034 3238/540/1174 3235/541/1068
f 3238/540/1174 627/491/1165 1598/491/1045
f 3237/540/1196 1598/491/1045 1599/491/1043
f 3236/540/1066 1599/491/1043 1600/491/1044
f 3236/540/1066 619/491/895 1529/540/877
f 3233/541/1061 1529/540/877 1530/541/876
f 1531/542/874 3233/541/1061 1530/541/876
f 3239/543/843 3243/301/1197 3242/303/845
f 3241/544/846 3243/301/1197 3240/545/847
f 3242/303/845 3246/546/848 3245/547/849
f 3244/306/850 3246/546/848 3243/301/1197
f 1603/397/1070 1604/307/852 629/309/853
f 1602/396/854 3239/543/843 1603/397/1070
f 1602/396/854 3241/544/846 3240/545/847
f 1601/395/1198 1612/548/856 3241/544/846
f 1612/548/856 3244/306/850 3241/544/846
f 1611/318/857 3247/549/858 3244/306/850
f 1610/550/859 1609/411/860 3247/549/858
f 3247/549/858 1608/410/861 3246/546/848
f 3245/547/849 1608/410/861 1607/409/1072
f 1606/312/863 1607/409/1072 630/407/864
f 1605/310/1073 3245/547/849 1606/312/863
f 1604/307/852 3242/303/845 1605/310/1073
f 3249/551/866 3251/323/867 3248/552/1074
f 3250/553/1199 3252/327/870 3249/551/866
f 3252/327/870 3254/554/871 3251/323/867
f 3253/330/872 3255/555/1140 3252/327/870
f 1615/542/1141 1612/548/856 631/394/875
f 1614/541/1075 3248/552/1074 1615/542/1141
f 1613/540/877 3249/551/866 1614/541/1075
f 1613/540/877 1621/556/878 3250/553/1199
f 1621/556/878 3253/330/872 3250/553/1199
f 1620/338/879 3256/557/880 3253/330/872
f 1619/558/881 1618/464/882 3256/557/880
f 3256/557/880 1617/463/1077 3255/555/1140
f 3255/555/1140 1616/462/884 3254/554/871
f 3254/554/871 632/412/885 1610/550/859
f 3251/323/867 1610/550/859 1611/318/857
f 3248/552/1074 1611/318/857 1612/548/856
f 3258/559/886 3260/343/887 3257/560/888
f 3258/559/886 3262/348/889 3261/347/890
f 3261/347/890 3263/561/891 3260/343/887
f 3261/347/890 3265/562/892 3264/563/1078
f 1624/564/1079 1621/556/878 635/491/895
f 1623/565/896 3257/560/888 1624/564/1079
f 1623/565/896 3259/566/1080 3258/559/886
f 1622/567/898 1630/568/899 3259/566/1080
f 3259/566/1080 1629/358/900 3262/348/889
f 3262/348/889 1628/569/901 3265/562/892
f 3265/562/892 634/436/902 1627/570/1142
f 3264/563/1078 1627/570/1142 1626/571/904
f 3264/563/1078 1625/572/905 3263/561/891
f 3263/561/891 636/424/906 1619/558/881
f 3260/343/887 1619/558/881 1620/338/879
f 3257/560/888 1620/338/879 1621/556/878
f 3266/573/907 3270/364/1082 3269/366/1200
f 3267/574/910 3271/368/911 3270/364/1082
f 3269/366/1200 3273/575/912 3272/576/913
f 3270/364/1082 3274/577/914 3273/575/912
f 1633/529/915 1630/568/899 633/495/916
f 1633/529/915 3267/574/910 3266/573/907
f 1632/528/917 3268/578/918 3267/574/910
f 1631/527/1201 1604/379/852 3268/578/918
f 3268/578/918 1605/378/1073 3271/368/911
f 3271/368/911 1606/377/863 3274/577/914
f 3274/577/914 630/376/864 1636/451/920
f 3273/575/912 1636/451/920 1635/450/1202
f 3272/576/913 1635/450/1202 1634/449/922
f 1628/569/901 1634/449/922 634/436/902
f 1629/358/900 3272/576/913 1628/569/901
f 1630/568/899 3269/366/1200 1629/358/900
f 3276/397/923 3278/396/924 3275/397/925
f 3277/397/1203 3279/396/927 3276/397/923
f 3278/396/924 3282/395/928 3281/395/1145
f 3279/396/927 3283/395/930 3282/395/928
f 629/309/853 3275/397/925 1603/397/1070
f 1677/309/931 3275/397/925 1678/309/1088
f 1676/309/933 3276/397/923 1677/309/931
f 642/309/1089 3277/397/1203 1676/309/933
f 3277/397/1203 1662/396/935 3280/396/1090
f 1662/396/935 3283/395/930 3280/396/1090
f 3283/395/930 641/394/1204 1675/394/938
f 3282/395/928 1675/394/938 1674/394/1148
f 3281/395/1145 1674/394/1148 1673/394/940
f 3281/395/1145 631/394/875 1601/395/1198
f 3278/396/924 1601/395/1198 1602/396/854
f 1603/397/1070 3278/396/924 1602/396/854
f 3284/411/941 3288/410/942 3287/410/943
f 3286/411/944 3288/410/942 3285/411/1205
f 3288/410/942 3290/409/946 3287/410/943
f 3288/410/942 3292/409/1093 3291/409/948
f 632/412/885 3284/411/941 1609/411/860
f 1654/412/949 3285/411/1205 3284/411/941
f 1652/412/1206 3285/411/1205 1653/412/1151
f 638/412/1152 3286/411/944 1652/412/1206
f 1639/411/953 3289/410/954 3286/411/944
f 3289/410/954 1637/409/955 3292/409/1093
f 3292/409/1093 637/407/1180 1651/407/1207
f 3291/409/948 1651/407/1207 1650/407/958
f 3291/409/948 1649/407/1181 3290/409/946
f 3290/409/946 630/407/864 1607/409/1072
f 3287/410/943 1607/409/1072 1608/410/861
f 1609/411/860 3287/410/943 1608/410/861
f 3294/579/1208 3296/580/961 3293/581/1154
f 3294/579/1208 3298/582/963 3297/583/1155
f 3296/580/961 3300/584/1209 3299/585/1210
f 3298/582/963 3300/584/1209 3297/583/1155
f 1643/572/1211 1642/422/1100 639/424/1101
f 1644/571/970 3293/581/1154 1643/572/1211
f 1644/571/970 3295/586/1212 3294/579/1208
f 1645/570/1103 1646/434/1104 3295/586/1212
f 3295/586/1212 1647/433/974 3298/582/963
f 1647/433/974 3301/587/975 3298/582/963
f 1648/432/976 1637/431/955 3301/587/975
f 3301/587/975 1638/429/977 3300/584/1209
f 3299/585/1210 1638/429/977 1639/428/953
f 1640/427/978 1639/428/953 638/588/1152
f 1641/425/979 3299/585/1210 1640/427/978
f 3293/581/1154 1641/425/979 1642/422/1100
f 3303/451/980 3305/450/1188 3302/451/982
f 3304/451/983 3306/450/984 3303/451/980
f 3306/450/984 3308/449/985 3305/450/1188
f 3307/450/986 3309/449/987 3306/450/984
f 1649/376/1181 1636/451/920 630/376/864
f 1650/376/958 3302/451/982 1649/376/1181
f 1651/376/1207 3303/451/980 1650/376/958
f 637/376/1180 3304/451/983 1651/376/1207
f 1648/451/976 3307/450/986 3304/451/983
f 1647/450/974 3310/449/988 3307/450/986
f 3310/449/988 640/436/989 1657/436/1189
f 3310/449/988 1656/436/991 3309/449/987
f 3309/449/987 1655/436/992 3308/449/985
f 3308/449/985 634/436/902 1634/449/922
f 3305/450/1188 1634/449/922 1635/450/1202
f 3302/451/982 1635/450/1202 1636/451/920
f 3311/464/993 3315/463/1109 3314/463/995
f 3312/464/996 3316/463/1110 3315/463/1109
f 3314/463/995 3318/462/998 3317/462/1111
f 3315/463/1109 3319/462/1000 3318/462/998
f 636/424/906 3311/464/993 1618/464/882
f 1660/424/1001 3312/464/996 3311/464/993
f 1659/424/1002 3313/464/1003 3312/464/996
f 639/424/1101 3313/464/1003 1658/424/1004
f 3313/464/1003 1641/463/979 3316/463/1110
f 3316/463/1110 1640/462/978 3319/462/1000
f 3319/462/1000 638/412/1152 1652/412/1206
f 3318/462/998 1652/412/1206 1653/412/1151
f 3317/462/1111 1653/412/1151 1654/412/949
f 1616/462/884 1654/412/949 632/412/885
f 1617/463/1077 3317/462/1111 1616/462/884
f 1618/464/882 3314/463/995 1617/463/1077
f 3321/570/1005 3323/571/1006 3320/570/1007
f 3322/570/1213 3324/571/1009 3321/570/1005
f 3323/571/1006 3327/572/1010 3326/572/1011
f 3324/571/1009 3328/572/1012 3327/572/1010
f 1655/436/992 1627/570/1142 634/436/902
f 1656/436/991 3320/570/1007 1655/436/992
f 1657/436/1189 3321/570/1005 1656/436/991
f 640/436/989 3322/570/1213 1657/436/1189
f 1645/570/1103 3325/571/1013 3322/570/1213
f 3325/571/1013 1643/572/1211 3328/572/1012
f 3328/572/1012 639/424/1101 1658/424/1004
f 3327/572/1010 1658/424/1004 1659/424/1002
f 3326/572/1011 1659/424/1002 1660/424/1001
f 1625/572/905 1660/424/1001 636/424/906
f 1626/571/904 3326/572/1011 1625/572/905
f 3320/570/1007 1626/571/904 1627/570/1142
f 3329/589/1014 3333/590/1015 3332/591/1016
f 3331/592/1017 3333/590/1015 3330/593/1018
f 3333/590/1015 3335/594/1019 3332/591/1016
f 3333/590/1015 3337/595/1117 3336/596/1021
f 641/486/1204 3329/589/1014 1666/488/1118
f 1661/487/1023 3330/593/1018 3329/589/1014
f 1663/500/1119 3330/593/1018 1662/501/935
f 642/499/1089 3331/592/1017 1663/500/1119
f 1670/498/1025 3334/597/1026 3331/592/1017
f 3334/597/1026 1672/496/1027 3337/595/1117
f 3337/595/1117 644/495/1028 1667/567/1029
f 3336/596/1021 1667/567/1029 1668/565/1030
f 3336/596/1021 1669/564/1031 3335/594/1019
f 3335/594/1019 643/491/1165 1664/489/1033
f 3332/591/1016 1664/489/1033 1665/490/1034
f 1666/488/1118 3332/591/1016 1665/490/1034
f 3339/564/1035 3341/565/1036 3338/564/1037
f 3340/564/1192 3342/565/1039 3339/564/1035
f 3341/565/1036 3345/567/1040 3344/567/1214
f 3342/565/1039 3346/567/1042 3345/567/1040
f 635/491/895 3338/564/1037 1624/564/1079
f 1683/491/1043 3338/564/1037 1684/491/1044
f 1682/491/1045 3339/564/1035 1683/491/1043
f 643/491/1165 3340/564/1192 1682/491/1045
f 3340/564/1192 1668/565/1030 3343/565/1046
f 1668/565/1030 3346/567/1042 3343/565/1046
f 3346/567/1042 644/495/1028 1681/495/1168
f 3345/567/1040 1681/495/1168 1680/495/1048
f 3344/567/1214 1680/495/1048 1679/495/1125
f 3344/567/1214 633/495/916 1622/567/898
f 3341/565/1036 1622/567/898 1623/565/896
f 1624/564/1079 3341/565/1036 1623/565/896
f 3348/529/1126 3350/528/1051 3347/529/1127
f 3349/529/1053 3351/528/1054 3348/529/1126
f 3350/528/1051 3354/527/1193 3353/527/1056
f 3351/528/1054 3355/527/1215 3354/527/1193
f 633/495/916 3347/529/1127 1633/529/915
f 1680/495/1048 3347/529/1127 1679/495/1125
f 1681/495/1168 3348/529/1126 1680/495/1048
f 644/495/1028 3349/529/1053 1681/495/1168
f 3349/529/1053 1671/528/1131 3352/528/1132
f 1671/528/1131 3355/527/1215 3352/528/1132
f 3355/527/1215 642/381/1089 1676/381/933
f 3354/527/1193 1676/381/933 1677/381/931
f 3353/527/1056 1677/381/931 1678/381/1088
f 3353/527/1056 629/381/853 1631/527/1201
f 3350/528/1051 1631/527/1201 1632/528/917
f 1633/529/915 3350/528/1051 1632/528/917
f 3357/542/1169 3359/541/1061 3356/542/1062
f 3358/542/1063 3360/541/1216 3357/542/1169
f 3359/541/1061 3363/540/1196 3362/540/1066
f 3360/541/1216 3364/540/1174 3363/540/1196
f 631/394/875 3356/542/1062 1615/542/1141
f 1674/394/1148 3356/542/1062 1673/394/940
f 1675/394/938 3357/542/1169 1674/394/1148
f 641/394/1204 3358/542/1063 1675/394/938
f 3358/542/1063 1665/541/1034 3361/541/1068
f 1665/541/1034 3364/540/1174 3361/541/1068
f 3364/540/1174 643/491/1165 1682/491/1045
f 3363/540/1196 1682/491/1045 1683/491/1043
f 3362/540/1066 1683/491/1043 1684/491/1044
f 3362/540/1066 635/491/895 1613/540/877
f 3359/541/1061 1613/540/877 1614/541/1075
f 1615/542/1141 3359/541/1061 1614/541/1075
f 3365/543/843 3369/301/1197 3368/303/845
f 3367/544/846 3369/301/1197 3366/545/847
f 3368/303/845 3372/546/848 3371/547/849
f 3370/306/850 3372/546/848 3369/301/1197
f 1687/397/851 1688/307/852 645/309/853
f 1686/396/854 3365/543/843 1687/397/851
f 1686/396/854 3367/544/846 3366/545/847
f 1685/395/855 1696/548/856 3367/544/846
f 1696/548/856 3370/306/850 3367/544/846
f 1695/318/857 3373/549/858 3370/306/850
f 1694/550/859 1693/411/860 3373/549/858
f 3373/549/858 1692/410/861 3372/546/848
f 3371/547/849 1692/410/861 1691/409/1072
f 1690/312/863 1691/409/1072 646/407/864
f 1689/310/1073 3371/547/849 1690/312/863
f 1688/307/852 3368/303/845 1689/310/1073
f 3375/551/866 3377/323/867 3374/552/1074
f 3376/553/869 3378/327/870 3375/551/866
f 3378/327/870 3380/554/871 3377/323/867
f 3379/330/872 3381/555/873 3378/327/870
f 1699/542/1141 1696/548/856 647/394/875
f 1698/541/876 3374/552/1074 1699/542/1141
f 1697/540/877 3375/551/866 1698/541/876
f 1697/540/877 1705/556/1217 3376/553/869
f 1705/556/1217 3379/330/872 3376/553/869
f 1704/338/879 3382/557/880 3379/330/872
f 1703/558/881 1702/464/882 3382/557/880
f 3382/557/880 1701/463/883 3381/555/873
f 3381/555/873 1700/462/884 3380/554/871
f 3380/554/871 648/412/1218 1694/550/859
f 3377/323/867 1694/550/859 1695/318/857
f 3374/552/1074 1695/318/857 1696/548/856
f 3384/559/886 3386/343/887 3383/560/888
f 3384/559/886 3388/348/889 3387/347/890
f 3387/347/890 3389/561/891 3386/343/887
f 3387/347/890 3391/562/892 3390/563/1078
f 1708/564/1079 1705/556/1217 651/491/895
f 1707/565/896 3383/560/888 1708/564/1079
f 1707/565/896 3385/566/897 3384/559/886
f 1706/567/898 1714/568/899 3385/566/897
f 3385/566/897 1713/358/900 3388/348/889
f 3388/348/889 1712/569/901 3391/562/892
f 3391/562/892 650/436/902 1711/570/903
f 3390/563/1078 1711/570/903 1710/571/904
f 3390/563/1078 1709/572/905 3389/561/891
f 3389/561/891 652/424/1081 1703/558/881
f 3386/343/887 1703/558/881 1704/338/879
f 3383/560/888 1704/338/879 1705/556/1217
f 3392/573/907 3396/364/908 3395/366/909
f 3393/574/910 3397/368/1219 3396/364/908
f 3395/366/909 3399/575/912 3398/576/913
f 3396/364/908 3400/577/914 3399/575/912
f 1717/529/915 1714/568/899 649/495/916
f 1717/529/915 3393/574/910 3392/573/907
f 1716/528/917 3394/578/918 3393/574/910
f 1715/527/1144 1688/379/852 3394/578/918
f 3394/578/918 1689/378/1073 3397/368/1219
f 3397/368/1219 1690/377/863 3400/577/914
f 3400/577/914 646/376/864 1720/451/920
f 3399/575/912 1720/451/920 1719/450/921
f 3398/576/913 1719/450/921 1718/449/922
f 1712/569/901 1718/449/922 650/436/902
f 1713/358/900 3398/576/913 1712/569/901
f 1714/568/899 3395/366/909 1713/358/900
f 3402/397/923 3404/396/924 3401/397/925
f 3403/397/1203 3405/396/927 3402/397/923
f 3404/396/924 3408/395/1086 3407/395/929
f 3405/396/927 3409/395/930 3408/395/1086
f 645/309/853 3401/397/925 1687/397/851
f 1761/309/931 3401/397/925 1762/309/1088
f 1760/309/933 3402/397/923 1761/309/931
f 658/309/934 3403/397/1203 1760/309/933
f 3403/397/1203 1746/396/935 3406/396/1220
f 1746/396/935 3409/395/930 3406/396/1220
f 3409/395/930 657/394/1221 1759/394/938
f 3408/395/1086 1759/394/938 1758/394/939
f 3407/395/929 1758/394/939 1757/394/940
f 3407/395/929 647/394/875 1685/395/855
f 3404/396/924 1685/395/855 1686/396/854
f 1687/397/851 3404/396/924 1686/396/854
f 3410/411/941 3414/410/1149 3413/410/943
f 3412/411/1178 3414/410/1149 3411/411/1150
f 3414/410/1149 3416/409/946 3413/410/943
f 3414/410/1149 3418/409/1093 3417/409/948
f 648/412/1218 3410/411/941 1693/411/860
f 1738/412/949 3411/411/1150 3410/411/941
f 1736/412/950 3411/411/1150 1737/412/951
f 654/412/952 3412/411/1178 1736/412/950
f 1723/411/953 3415/410/1153 3412/411/1178
f 3415/410/1153 1721/409/1222 3418/409/1093
f 3418/409/1093 653/407/1096 1735/407/957
f 3417/409/948 1735/407/957 1734/407/958
f 3417/409/948 1733/407/1181 3416/409/946
f 3416/409/946 646/407/864 1691/409/1072
f 3413/410/943 1691/409/1072 1692/410/861
f 1693/411/860 3413/410/943 1692/410/861
f 3420/579/1097 3422/580/961 3419/581/962
f 3420/579/1097 3424/582/963 3423/583/964
f 3422/580/961 3426/584/965 3425/585/966
f 3424/582/963 3426/584/965 3423/583/964
f 1727/572/1223 1726/422/968 655/424/1156
f 1728/571/970 3419/581/962 1727/572/1223
f 1728/571/970 3421/586/971 3420/579/1097
f 1729/570/972 1730/434/973 3421/586/971
f 3421/586/971 1731/433/974 3424/582/963
f 1731/433/974 3427/587/975 3424/582/963
f 1732/432/976 1721/431/1222 3427/587/975
f 3427/587/975 1722/429/977 3426/584/965
f 3425/585/966 1722/429/977 1723/428/953
f 1724/427/978 1723/428/953 654/588/952
f 1725/425/979 3425/585/966 1724/427/978
f 3419/581/962 1725/425/979 1726/422/968
f 3429/451/980 3431/450/981 3428/451/982
f 3430/451/1159 3432/450/984 3429/451/980
f 3432/450/984 3434/449/985 3431/450/981
f 3433/450/986 3435/449/987 3432/450/984
f 1733/376/1181 1720/451/920 646/376/864
f 1734/376/958 3428/451/982 1733/376/1181
f 1735/376/957 3429/451/980 1734/376/958
f 653/376/1096 3430/451/1159 1735/376/957
f 1732/451/976 3433/450/986 3430/451/1159
f 1731/450/974 3436/449/988 3433/450/986
f 3436/449/988 656/436/989 1741/436/1189
f 3436/449/988 1740/436/991 3435/449/987
f 3435/449/987 1739/436/992 3434/449/985
f 3434/449/985 650/436/902 1718/449/922
f 3431/450/981 1718/449/922 1719/450/921
f 3428/451/982 1719/450/921 1720/451/920
f 3437/464/993 3441/463/1224 3440/463/995
f 3438/464/1161 3442/463/1110 3441/463/1224
f 3440/463/995 3444/462/998 3443/462/999
f 3441/463/1224 3445/462/1000 3444/462/998
f 652/424/1081 3437/464/993 1702/464/882
f 1744/424/1001 3438/464/1161 3437/464/993
f 1743/424/1002 3439/464/1003 3438/464/1161
f 655/424/1156 3439/464/1003 1742/424/1112
f 3439/464/1003 1725/463/979 3442/463/1110
f 3442/463/1110 1724/462/978 3445/462/1000
f 3445/462/1000 654/412/952 1736/412/950
f 3444/462/998 1736/412/950 1737/412/951
f 3443/462/999 1737/412/951 1738/412/949
f 1700/462/884 1738/412/949 648/412/1218
f 1701/463/883 3443/462/999 1700/462/884
f 1702/464/882 3440/463/995 1701/463/883
f 3447/570/1005 3449/571/1006 3446/570/1007
f 3448/570/1008 3450/571/1009 3447/570/1005
f 3449/571/1006 3453/572/1114 3452/572/1011
f 3450/571/1009 3454/572/1012 3453/572/1114
f 1739/436/992 1711/570/903 650/436/902
f 1740/436/991 3446/570/1007 1739/436/992
f 1741/436/1189 3447/570/1005 1740/436/991
f 656/436/989 3448/570/1008 1741/436/1189
f 1729/570/972 3451/571/1116 3448/570/1008
f 3451/571/1116 1727/572/1223 3454/572/1012
f 3454/572/1012 655/424/1156 1742/424/1112
f 3453/572/1114 1742/424/1112 1743/424/1002
f 3452/572/1011 1743/424/1002 1744/424/1001
f 1709/572/905 1744/424/1001 652/424/1081
f 1710/571/904 3452/572/1011 1709/572/905
f 3446/570/1007 1710/571/904 1711/570/903
f 3455/589/1014 3459/590/1015 3458/591/1016
f 3457/592/1017 3459/590/1015 3456/593/1018
f 3459/590/1015 3461/594/1019 3458/591/1016
f 3459/590/1015 3463/595/1117 3462/596/1021
f 657/486/1221 3455/589/1014 1750/488/1022
f 1745/487/1023 3456/593/1018 3455/589/1014
f 1747/500/1119 3456/593/1018 1746/501/935
f 658/499/934 3457/592/1017 1747/500/1119
f 1754/498/1225 3460/597/1226 3457/592/1017
f 3460/597/1226 1756/496/1027 3463/595/1117
f 3463/595/1117 660/495/1227 1751/567/1029
f 3462/596/1021 1751/567/1029 1752/565/1030
f 3462/596/1021 1753/564/1031 3461/594/1019
f 3461/594/1019 659/491/1165 1748/489/1033
f 3458/591/1016 1748/489/1033 1749/490/1034
f 1750/488/1022 3458/591/1016 1749/490/1034
f 3465/564/1035 3467/565/1123 3464/564/1037
f 3466/564/1038 3468/565/1039 3465/564/1035
f 3467/565/1123 3471/567/1040 3470/567/1124
f 3468/565/1039 3472/567/1042 3471/567/1040
f 651/491/895 3464/564/1037 1708/564/1079
f 1767/491/1043 3464/564/1037 1768/491/1044
f 1766/491/1045 3465/564/1035 1767/491/1043
f 659/491/1165 3466/564/1038 1766/491/1045
f 3466/564/1038 1752/565/1030 3469/565/1228
f 1752/565/1030 3472/567/1042 3469/565/1228
f 3472/567/1042 660/495/1227 1765/495/1047
f 3471/567/1040 1765/495/1047 1764/495/1229
f 3470/567/1124 1764/495/1229 1763/495/1125
f 3470/567/1124 649/495/916 1706/567/898
f 3467/565/1123 1706/567/898 1707/565/896
f 1708/564/1079 3467/565/1123 1707/565/896
f 3474/529/1126 3476/528/1051 3473/529/1052
f 3475/529/1053 3477/528/1128 3474/529/1126
f 3476/528/1051 3480/527/1193 3479/527/1056
f 3477/528/1128 3481/527/1194 3480/527/1193
f 649/495/916 3473/529/1052 1717/529/915
f 1764/495/1229 3473/529/1052 1763/495/1125
f 1765/495/1047 3474/529/1126 1764/495/1229
f 660/495/1227 3475/529/1053 1765/495/1047
f 3475/529/1053 1755/528/1131 3478/528/1230
f 1755/528/1131 3481/527/1194 3478/528/1230
f 3481/527/1194 658/381/934 1760/381/933
f 3480/527/1193 1760/381/933 1761/381/931
f 3479/527/1056 1761/381/931 1762/381/1088
f 3479/527/1056 645/381/853 1715/527/1144
f 3476/528/1051 1715/527/1144 1716/528/917
f 1717/529/915 3476/528/1051 1716/528/917
f 3483/542/1169 3485/541/1061 3482/542/1062
f 3484/542/1063 3486/541/1231 3483/542/1169
f 3485/541/1061 3489/540/1196 3488/540/1066
f 3486/541/1231 3490/540/1174 3489/540/1196
f 647/394/875 3482/542/1062 1699/542/1141
f 1758/394/939 3482/542/1062 1757/394/940
f 1759/394/938 3483/542/1169 1758/394/939
f 657/394/1221 3484/542/1063 1759/394/938
f 3484/542/1063 1749/541/1034 3487/541/1068
f 1749/541/1034 3490/540/1174 3487/541/1068
f 3490/540/1174 659/491/1165 1766/491/1045
f 3489/540/1196 1766/491/1045 1767/491/1043
f 3488/540/1066 1767/491/1043 1768/491/1044
f 3488/540/1066 651/491/895 1697/540/877
f 3485/541/1061 1697/540/877 1698/541/876
f 1699/542/1141 3485/541/1061 1698/541/876
f 3491/543/843 3495/301/844 3494/303/845
f 3493/544/846 3495/301/844 3492/545/847
f 3494/303/845 3498/546/848 3497/547/849
f 3496/306/850 3498/546/848 3495/301/844
f 1771/397/1070 1772/307/852 661/309/1175
f 1770/396/1071 3491/543/843 1771/397/1070
f 1770/396/1071 3493/544/846 3492/545/847
f 1769/395/855 1780/548/1232 3493/544/846
f 1780/548/1232 3496/306/850 3493/544/846
f 1779/318/857 3499/549/858 3496/306/850
f 1778/550/859 1777/411/860 3499/549/858
f 3499/549/858 1776/410/861 3498/546/848
f 3497/547/849 1776/410/861 1775/409/1072
f 1774/312/863 1775/409/1072 662/407/864
f 1773/310/1073 3497/547/849 1774/312/863
f 1772/307/852 3494/303/845 1773/310/1073
f 3501/551/866 3503/323/867 3500/552/868
f 3502/553/869 3504/327/870 3501/551/866
f 3504/327/870 3506/554/871 3503/323/867
f 3505/330/872 3507/555/873 3504/327/870
f 1783/542/874 1780/548/1232 663/394/875
f 1782/541/1075 3500/552/868 1783/542/874
f 1781/540/877 3501/551/866 1782/541/1075
f 1781/540/877 1789/556/878 3502/553/869
f 1789/556/878 3505/330/872 3502/553/869
f 1788/338/879 3508/557/880 3505/330/872
f 1787/558/881 1786/464/882 3508/557/880
f 3508/557/880 1785/463/1077 3507/555/873
f 3507/555/873 1784/462/884 3506/554/871
f 3506/554/871 664/412/885 1778/550/859
f 3503/323/867 1778/550/859 1779/318/857
f 3500/552/868 1779/318/857 1780/548/1232
f 3510/559/886 3512/343/887 3509/560/888
f 3510/559/886 3514/348/1233 3513/347/890
f 3513/347/890 3515/561/891 3512/343/887
f 3513/347/890 3517/562/892 3516/563/893
f 1792/564/894 1789/556/878 667/491/895
f 1791/565/896 3509/560/888 1792/564/894
f 1791/565/896 3511/566/1080 3510/559/886
f 1790/567/898 1798/568/899 3511/566/1080
f 3511/566/1080 1797/358/900 3514/348/1233
f 3514/348/1233 1796/569/901 3517/562/892
f 3517/562/892 666/436/902 1795/570/903
f 3516/563/893 1795/570/903 1794/571/1143
f 3516/563/893 1793/572/905 3515/561/891
f 3515/561/891 668/424/1081 1787/558/881
f 3512/343/887 1787/558/881 1788/338/879
f 3509/560/888 1788/338/879 1789/556/878
f 3518/573/907 3522/364/908 3521/366/909
f 3519/574/910 3523/368/911 3522/364/908
f 3521/366/909 3525/575/912 3524/576/913
f 3522/364/908 3526/577/914 3525/575/912
f 1801/529/915 1798/568/899 665/495/916
f 1801/529/915 3519/574/910 3518/573/907
f 1800/528/917 3520/578/918 3519/574/910
f 1799/527/919 1772/379/852 3520/578/918
f 3520/578/918 1773/378/1073 3523/368/911
f 3523/368/911 1774/377/863 3526/577/914
f 3526/577/914 662/376/864 1804/451/920
f 3525/575/912 1804/451/920 1803/450/921
f 3524/576/913 1803/450/921 1802/449/1084
f 1796/569/901 1802/449/1084 666/436/902
f 1797/358/900 3524/576/913 1796/569/901
f 1798/568/899 3521/366/909 1797/358/900
f 3528/397/923 3530/396/924 3527/397/925
f 3529/397/1085 3531/396/927 3528/397/923
f 3530/396/924 3534/395/928 3533/395/1145
f 3531/396/927 3535/395/930 3534/395/928
f 661/309/1175 3527/397/925 1771/397/1070
f 1845/309/931 3527/397/925 1846/309/1088
f 1844/309/1234 3528/397/923 1845/309/931
f 674/309/1089 3529/397/1085 1844/309/1234
f 3529/397/1085 1830/396/935 3532/396/936
f 1830/396/935 3535/395/930 3532/396/936
f 3535/395/930 673/394/937 1843/394/938
f 3534/395/928 1843/394/938 1842/394/939
f 3533/395/1145 1842/394/939 1841/394/940
f 3533/395/1145 663/394/875 1769/395/855
f 3530/396/924 1769/395/855 1770/396/1071
f 1771/397/1070 3530/396/924 1770/396/1071
f 3536/411/941 3540/410/942 3539/410/943
f 3538/411/1178 3540/410/942 3537/411/1091
f 3540/410/942 3542/409/1092 3539/410/943
f 3540/410/942 3544/409/1093 3543/409/948
f 664/412/885 3536/411/941 1777/411/860
f 1822/412/949 3537/411/1091 3536/411/941
f 1820/412/1206 3537/411/1091 1821/412/951
f 670/412/1152 3538/411/1178 1820/412/1206
f 1807/411/953 3541/410/954 3538/411/1178
f 3541/410/954 1805/409/955 3544/409/1093
f 3544/409/1093 669/407/1096 1819/407/957
f 3543/409/948 1819/407/957 1818/407/958
f 3543/409/948 1817/407/959 3542/409/1092
f 3542/409/1092 662/407/864 1775/409/1072
f 3539/410/943 1775/409/1072 1776/410/861
f 1777/411/860 3539/410/943 1776/410/861
f 3546/579/1235 3548/580/961 3545/581/962
f 3546/579/1235 3550/582/963 3549/583/964
f 3548/580/961 3552/584/965 3551/585/1099
f 3550/582/963 3552/584/965 3549/583/964
f 1811/572/1223 1810/422/1100 671/424/1236
f 1812/571/970 3545/581/962 1811/572/1223
f 1812/571/970 3547/586/1237 3546/579/1235
f 1813/570/1158 1814/434/973 3547/586/1237
f 3547/586/1237 1815/433/974 3550/582/963
f 1815/433/974 3553/587/1238 3550/582/963
f 1816/432/976 1805/431/955 3553/587/1238
f 3553/587/1238 1806/429/977 3552/584/965
f 3551/585/1099 1806/429/977 1807/428/953
f 1808/427/978 1807/428/953 670/588/1152
f 1809/425/1105 3551/585/1099 1808/427/978
f 3545/581/962 1809/425/1105 1810/422/1100
f 3555/451/980 3557/450/981 3554/451/982
f 3556/451/983 3558/450/984 3555/451/980
f 3558/450/984 3560/449/985 3557/450/981
f 3559/450/986 3561/449/987 3558/450/984
f 1817/376/959 1804/451/920 662/376/864
f 1818/376/958 3554/451/982 1817/376/959
f 1819/376/957 3555/451/980 1818/376/958
f 669/376/1096 3556/451/983 1819/376/957
f 1816/451/976 3559/450/986 3556/451/983
f 1815/450/974 3562/449/988 3559/450/986
f 3562/449/988 672/436/989 1825/436/1107
f 3562/449/988 1824/436/991 3561/449/987
f 3561/449/987 1823/436/1108 3560/449/985
f 3560/449/985 666/436/902 1802/449/1084
f 3557/450/981 1802/449/1084 1803/450/921
f 3554/451/982 1803/450/921 1804/451/920
f 3563/464/993 3567/463/1109 3566/463/995
f 3564/464/996 3568/463/1110 3567/463/1109
f 3566/463/995 3570/462/998 3569/462/1111
f 3567/463/1109 3571/462/1000 3570/462/998
f 668/424/1081 3563/464/993 1786/464/882
f 1828/424/1001 3564/464/996 3563/464/993
f 1827/424/1002 3565/464/1003 3564/464/996
f 671/424/1236 3565/464/1003 1826/424/1112
f 3565/464/1003 1809/463/1105 3568/463/1110
f 3568/463/1110 1808/462/978 3571/462/1000
f 3571/462/1000 670/412/1152 1820/412/1206
f 3570/462/998 1820/412/1206 1821/412/951
f 3569/462/1111 1821/412/951 1822/412/949
f 1784/462/884 1822/412/949 664/412/885
f 1785/463/1077 3569/462/1111 1784/462/884
f 1786/464/882 3566/463/995 1785/463/1077
f 3573/570/1005 3575/571/1162 3572/570/1007
f 3574/570/1008 3576/571/1009 3573/570/1005
f 3575/571/1162 3579/572/1010 3578/572/1011
f 3576/571/1009 3580/572/1115 3579/572/1010
f 1823/436/1108 1795/570/903 666/436/902
f 1824/436/991 3572/570/1007 1823/436/1108
f 1825/436/1107 3573/570/1005 1824/436/991
f 672/436/989 3574/570/1008 1825/436/1107
f 1813/570/1158 3577/571/1116 3574/570/1008
f 3577/571/1116 1811/572/1223 3580/572/1115
f 3580/572/1115 671/424/1236 1826/424/1112
f 3579/572/1010 1826/424/1112 1827/424/1002
f 3578/572/1011 1827/424/1002 1828/424/1001
f 1793/572/905 1828/424/1001 668/424/1081
f 1794/571/1143 3578/572/1011 1793/572/905
f 3572/570/1007 1794/571/1143 1795/570/903
f 3581/589/1014 3585/590/1015 3584/591/1016
f 3583/592/1017 3585/590/1015 3582/593/1018
f 3585/590/1015 3587/594/1019 3584/591/1016
f 3585/590/1015 3589/595/1117 3588/596/1021
f 673/486/937 3581/589/1014 1834/488/1022
f 1829/487/1023 3582/593/1018 3581/589/1014
f 1831/500/1119 3582/593/1018 1830/501/935
f 674/499/1089 3583/592/1017 1831/500/1119
f 1838/498/1164 3586/597/1026 3583/592/1017
f 3586/597/1026 1840/496/1027 3589/595/1117
f 3589/595/1117 676/495/1028 1835/567/1029
f 3588/596/1021 1835/567/1029 1836/565/1030
f 3588/596/1021 1837/564/1031 3587/594/1019
f 3587/594/1019 675/491/1165 1832/489/1033
f 3584/591/1016 1832/489/1033 1833/490/1034
f 1834/488/1022 3584/591/1016 1833/490/1034
f 3591/564/1035 3593/565/1036 3590/564/1037
f 3592/564/1038 3594/565/1239 3591/564/1035
f 3593/565/1036 3597/567/1040 3596/567/1124
f 3594/565/1239 3598/567/1042 3597/567/1040
f 667/491/895 3590/564/1037 1792/564/894
f 1851/491/1043 3590/564/1037 1852/491/1044
f 1850/491/1045 3591/564/1035 1851/491/1043
f 675/491/1165 3592/564/1038 1850/491/1045
f 3592/564/1038 1836/565/1030 3595/565/1046
f 1836/565/1030 3598/567/1042 3595/565/1046
f 3598/567/1042 676/495/1028 1849/495/1168
f 3597/567/1040 1849/495/1168 1848/495/1240
f 3596/567/1124 1848/495/1240 1847/495/1125
f 3596/567/1124 665/495/916 1790/567/898
f 3593/565/1036 1790/567/898 1791/565/896
f 1792/564/894 3593/565/1036 1791/565/896
f 3600/529/1126 3602/528/1051 3599/529/1241
f 3601/529/1053 3603/528/1128 3600/529/1126
f 3602/528/1051 3606/527/1129 3605/527/1056
f 3603/528/1128 3607/527/1130 3606/527/1129
f 665/495/916 3599/529/1241 1801/529/915
f 1848/495/1240 3599/529/1241 1847/495/1125
f 1849/495/1168 3600/529/1126 1848/495/1240
f 676/495/1028 3601/529/1053 1849/495/1168
f 3601/529/1053 1839/528/1131 3604/528/1132
f 1839/528/1131 3607/527/1130 3604/528/1132
f 3607/527/1130 674/381/1089 1844/381/1234
f 3606/527/1129 1844/381/1234 1845/381/931
f 3605/527/1056 1845/381/931 1846/381/1088
f 3605/527/1056 661/381/1175 1799/527/919
f 3602/528/1051 1799/527/919 1800/528/917
f 1801/529/915 3602/528/1051 1800/528/917
f 3609/542/1060 3611/541/1061 3608/542/1062
f 3610/542/1063 3612/541/1216 3609/542/1060
f 3611/541/1061 3615/540/1134 3614/540/1135
f 3612/541/1216 3616/540/1174 3615/540/1134
f 663/394/875 3608/542/1062 1783/542/874
f 1842/394/939 3608/542/1062 1841/394/940
f 1843/394/938 3609/542/1060 1842/394/939
f 673/394/937 3610/542/1063 1843/394/938
f 3610/542/1063 1833/541/1034 3613/541/1068
f 1833/541/1034 3616/540/1174 3613/541/1068
f 3616/540/1174 675/491/1165 1850/491/1045
f 3615/540/1134 1850/491/1045 1851/491/1043
f 3614/540/1135 1851/491/1043 1852/491/1044
f 3614/540/1135 667/491/895 1781/540/877
f 3611/541/1061 1781/540/877 1782/541/1075
f 1783/542/874 3611/541/1061 1782/541/1075
f 1853/300/453 1854/303/456 1857/301/454
f 1854/303/456 1855/311/464 1858/304/457
f 1857/301/454 1860/306/459 1859/305/458
f 1858/304/457 1861/315/468 1860/306/459
f 680/307/460 1853/300/453 679/308/461
f 680/307/460 681/310/463 1854/303/456
f 681/310/463 682/312/465 1855/311/464
f 682/312/465 454/407/529 683/313/466
f 1855/311/464 683/313/466 684/314/467
f 684/314/467 685/316/469 1861/315/468
f 685/316/469 456/332/485 686/317/470
f 1861/315/468 686/317/470 687/318/471
f 1860/306/459 687/318/471 688/319/472
f 677/320/473 1859/305/458 688/319/472
f 678/322/475 1856/302/455 1859/305/458
f 1853/300/453 1856/302/455 678/322/475
f 1863/323/476 1866/327/480 1865/324/477
f 1864/326/479 1867/329/482 1866/327/480
f 1866/327/480 1869/330/483 1868/328/481
f 1867/329/482 1870/335/488 1869/330/483
f 688/319/472 1862/325/478 691/331/484
f 687/318/471 1863/323/476 1862/325/478
f 686/317/470 1864/326/479 1863/323/476
f 456/332/485 692/333/486 1864/326/479
f 692/333/486 693/334/487 1867/329/482
f 693/334/487 694/336/489 1870/335/488
f 694/336/489 460/352/505 695/337/490
f 1870/335/488 695/337/490 696/338/491
f 1869/330/483 696/338/491 697/339/492
f 689/340/493 1868/328/481 697/339/492
f 1865/324/477 1868/328/481 689/340/493
f 1862/325/478 1865/324/477 690/342/495
f 1872/343/496 1875/347/500 1874/344/497
f 1873/346/499 1876/354/507 1875/347/500
f 1874/344/497 1875/347/500 1878/348/501
f 1875/347/500 1876/354/507 1879/350/503
f 697/339/492 1871/345/498 700/351/504
f 696/338/491 1872/343/496 1871/345/498
f 695/337/490 1873/346/499 1872/343/496
f 460/352/505 701/353/506 1873/346/499
f 701/353/506 702/475/622 1876/354/507
f 1876/354/507 702/475/622 703/355/508
f 1879/350/503 703/355/508 458/356/509
f 1878/348/501 1879/350/503 704/357/510
f 1877/349/502 1878/348/501 705/358/511
f 698/360/513 1877/349/502 706/359/512
f 699/362/515 1874/344/497 1877/349/502
f 1871/345/498 1874/344/497 699/362/515
f 1880/363/516 1881/366/519 1884/364/517
f 1881/366/519 1882/372/525 1885/367/520
f 1883/365/518 1884/364/517 1887/368/521
f 1884/364/517 1885/367/520 1888/370/523
f 706/359/512 1880/363/516 709/371/524
f 706/359/512 705/358/511 1881/366/519
f 705/358/511 704/357/510 1882/372/525
f 704/357/510 458/356/509 710/373/526
f 1882/372/525 710/373/526 711/374/527
f 1885/367/520 711/374/527 712/375/528
f 1888/370/523 712/375/528 454/376/529
f 1887/368/521 1888/370/523 682/377/465
f 1886/369/522 1887/368/521 681/378/463
f 707/380/530 1886/369/522 680/379/460
f 708/382/531 1883/365/518 1886/369/522
f 709/371/524 1880/363/516 1883/365/518
f 1890/383/532 1893/387/536 1892/384/533
f 1890/383/532 1891/391/541 1894/386/535
f 1893/387/536 1896/390/539 1895/388/537
f 1893/387/536 1894/386/535 1897/389/538
f 453/309/462 679/308/461 1889/385/534
f 679/308/461 678/322/475 1890/383/532
f 677/320/473 1891/391/541 1890/383/532
f 455/321/474 749/538/677 1891/391/541
f 1891/391/541 749/538/677 750/392/542
f 1894/386/535 750/392/542 751/393/543
f 1897/389/538 751/393/543 465/394/544
f 1897/389/538 737/395/545 738/396/546
f 1895/388/537 1896/390/539 738/396/546
f 1895/388/537 739/397/547 466/309/548
f 1892/384/533 1895/388/537 752/309/549
f 1889/385/534 1892/384/533 753/309/550
f 1898/398/551 1899/402/555 1902/399/552
f 1900/401/554 1903/408/561 1902/399/552
f 1902/399/552 1905/405/558 1904/403/556
f 1902/399/552 1903/408/561 1906/404/557
f 456/332/485 685/316/469 1898/398/551
f 685/316/469 684/314/467 1899/402/555
f 683/313/466 1900/401/554 1899/402/555
f 454/407/529 725/407/560 1900/401/554
f 725/407/560 726/407/601 1903/408/561
f 1903/408/561 726/407/601 727/407/562
f 1906/404/557 727/407/562 461/407/563
f 1905/405/558 1906/404/557 713/409/564
f 1905/405/558 714/410/565 715/411/566
f 1904/403/556 715/411/566 462/412/567
f 1901/400/553 1904/403/556 728/413/568
f 730/406/559 1898/398/551 1901/400/553
f 1908/415/570 1911/419/574 1910/416/571
f 1908/415/570 1909/426/581 1912/418/573
f 1910/416/571 1911/419/574 1914/420/575
f 1912/418/573 1915/430/583 1914/420/575
f 718/422/577 1907/417/572 719/423/578
f 717/425/580 1908/415/570 1907/417/572
f 717/425/580 716/427/582 1909/426/581
f 716/427/582 462/588/567 715/428/566
f 1909/426/581 715/428/566 714/429/565
f 714/429/565 713/431/564 1915/430/583
f 713/431/564 461/598/563 724/432/584
f 1915/430/583 724/432/584 723/433/585
f 1913/421/576 1914/420/575 723/433/585
f 721/435/587 1913/421/576 722/434/586
f 720/437/589 1910/416/571 1913/421/576
f 1907/417/572 1910/416/571 720/437/589
f 1917/438/590 1920/442/594 1919/439/591
f 1918/441/593 1921/444/596 1920/442/594
f 1920/442/594 1923/445/597 1922/443/595
f 1921/444/596 1924/448/600 1923/445/597
f 712/375/528 1916/440/592 725/376/560
f 711/374/527 1917/438/590 1916/440/592
f 710/373/526 1918/441/593 1917/438/590
f 458/356/509 731/446/598 1918/441/593
f 731/446/598 732/447/599 1921/444/596
f 732/447/599 733/477/624 1924/448/600
f 1924/448/600 733/477/624 464/436/588
f 1924/448/600 722/449/586 723/450/585
f 1923/445/597 723/450/585 724/451/584
f 1922/443/595 724/451/584 461/376/563
f 1919/439/591 1922/443/595 727/376/562
f 1916/440/592 1919/439/591 726/376/601
f 1925/452/602 1926/455/605 1929/453/603
f 1926/455/605 1927/461/611 1930/456/606
f 1928/454/604 1929/453/603 1932/457/607
f 1929/453/603 1930/456/606 1933/459/609
f 460/352/505 694/336/489 1925/452/602
f 694/336/489 693/334/487 1926/455/605
f 693/334/487 692/333/486 1927/461/611
f 692/333/486 456/332/485 730/406/559
f 1927/461/611 730/406/559 729/414/569
f 1930/456/606 729/414/569 728/413/568
f 1933/459/609 728/413/568 462/412/567
f 1932/457/607 1933/459/609 716/462/582
f 1931/458/608 1932/457/607 717/463/580
f 1931/458/608 718/464/577 463/424/579
f 735/466/613 1928/454/604 1931/458/608
f 736/460/610 1925/452/602 1928/454/604
f 1935/467/614 1938/471/618 1937/468/615
f 1935/467/614 1936/476/623 1939/470/617
f 1938/471/618 1941/474/621 1940/472/619
f 1938/471/618 1939/470/617 1942/473/620
f 703/355/508 1934/469/616 731/446/598
f 702/475/622 1935/467/614 1934/469/616
f 702/475/622 701/353/506 1936/476/623
f 701/353/506 460/352/505 736/460/610
f 1936/476/623 736/460/610 735/466/613
f 1939/470/617 735/466/613 734/465/612
f 1942/473/620 734/465/612 463/424/579
f 1941/474/621 1942/473/620 719/423/578
f 1941/474/621 720/437/589 721/435/587
f 1940/472/619 721/435/587 464/436/588
f 1937/468/615 1940/472/619 733/477/624
f 1934/469/616 1937/468/615 732/447/599
f 1943/478/625 1944/482/629 1947/479/626
f 1945/481/628 1948/493/638 1947/479/626
f 1947/479/626 1950/485/632 1949/483/630
f 1947/479/626 1948/493/638 1951/484/631
f 465/486/544 742/488/633 1943/478/625
f 742/488/633 741/490/635 1944/482/629
f 740/489/634 1945/481/628 1944/482/629
f 467/491/636 745/492/637 1945/481/628
f 745/492/637 744/514/656 1948/493/638
f 1948/493/638 744/514/656 743/494/639
f 1951/484/631 743/494/639 468/495/640
f 1950/485/632 1951/484/631 748/496/641
f 1950/485/632 747/497/642 746/498/643
f 1949/483/630 746/498/643 466/499/548
f 1946/480/627 1949/483/630 739/500/547
f 737/487/545 1943/478/625 1946/480/627
f 1953/502/644 1956/506/648 1955/503/645
f 1953/502/644 1954/511/653 1957/505/647
f 1956/506/648 1959/509/651 1958/507/649
f 1956/506/648 1957/505/647 1960/508/650
f 459/341/494 700/351/504 1952/504/646
f 700/351/504 699/362/515 1953/502/644
f 698/360/513 1954/511/653 1953/502/644
f 457/361/514 755/525/667 1954/511/653
f 1954/511/653 755/525/667 756/512/654
f 1957/505/647 756/512/654 757/513/655
f 1960/508/650 757/513/655 468/495/640
f 1960/508/650 743/494/639 744/514/656
f 1958/507/649 1959/509/651 744/514/656
f 1958/507/649 745/492/637 467/491/636
f 1955/503/645 1958/507/649 758/515/657
f 1952/504/646 1955/503/645 759/516/658
f 1962/517/659 1965/521/663 1964/518/660
f 1962/517/659 1963/526/668 1966/520/662
f 1965/521/663 1968/524/666 1967/522/664
f 1965/521/663 1966/520/662 1969/523/665
f 457/361/514 709/371/524 1961/519/661
f 709/371/524 708/382/531 1962/517/659
f 707/380/530 1963/526/668 1962/517/659
f 453/381/462 754/381/540 1963/526/668
f 1963/526/668 754/381/540 753/381/550
f 1966/520/662 753/381/550 752/381/549
f 1969/523/665 752/381/549 466/381/548
f 1969/523/665 746/527/643 747/528/642
f 1967/522/664 1968/524/666 747/528/642
f 1967/522/664 748/529/641 468/495/640
f 1964/518/660 1967/522/664 757/513/655
f 1961/519/661 1964/518/660 756/512/654
f 1971/530/669 1974/534/673 1973/531/670
f 1971/530/669 1972/539/678 1975/533/672
f 1974/534/673 1977/537/676 1976/535/674
f 1974/534/673 1975/533/672 1978/536/675
f 455/321/474 691/331/484 1970/532/671
f 691/331/484 690/342/495 1971/530/669
f 689/340/493 1972/539/678 1971/530/669
f 459/341/494 760/510/652 1972/539/678
f 1972/539/678 760/510/652 759/516/658
f 1975/533/672 759/516/658 758/515/657
f 1978/536/675 758/515/657 467/491/636
f 1978/536/675 740/540/634 741/541/635
f 1976/535/674 1977/537/676 741/541/635
f 1976/535/674 742/542/633 465/394/544
f 1973/531/670 1976/535/674 751/393/543
f 1970/532/671 1973/531/670 750/392/542
f 1979/300/453 1980/303/456 1983/301/454
f 1980/303/456 1981/311/464 1984/304/457
f 1983/301/454 1986/306/459 1985/305/679
f 1984/304/457 1987/315/468 1986/306/459
f 764/307/460 1979/300/453 763/308/680
f 764/307/460 765/310/463 1980/303/456
f 765/310/463 766/312/465 1981/311/464
f 766/312/465 470/407/529 767/313/466
f 1981/311/464 767/313/466 768/314/467
f 768/314/467 769/316/469 1987/315/468
f 769/316/469 472/332/685 770/317/470
f 1987/315/468 770/317/470 771/318/471
f 1986/306/459 771/318/471 772/319/472
f 761/320/682 1985/305/679 772/319/472
f 762/322/475 1982/302/455 1985/305/679
f 1979/300/453 1982/302/455 762/322/475
f 1989/323/476 1992/327/480 1991/324/477
f 1990/326/684 1993/329/482 1992/327/480
f 1992/327/480 1995/330/483 1994/328/481
f 1993/329/482 1996/335/488 1995/330/483
f 772/319/472 1988/325/683 775/331/484
f 771/318/471 1989/323/476 1988/325/683
f 770/317/470 1990/326/684 1989/323/476
f 472/332/685 776/333/486 1990/326/684
f 776/333/486 777/334/686 1993/329/482
f 777/334/686 778/336/489 1996/335/488
f 778/336/489 476/352/688 779/337/490
f 1996/335/488 779/337/490 780/338/491
f 1995/330/483 780/338/491 781/339/492
f 773/340/493 1994/328/481 781/339/492
f 1991/324/477 1994/328/481 773/340/493
f 1988/325/683 1991/324/477 774/342/687
f 1998/343/496 2001/347/500 2000/344/497
f 1999/346/499 2002/354/507 2001/347/500
f 2000/344/497 2001/347/500 2004/348/501
f 2001/347/500 2002/354/507 2005/350/503
f 781/339/492 1997/345/498 784/351/504
f 780/338/491 1998/343/496 1997/345/498
f 779/337/490 1999/346/499 1998/343/496
f 476/352/688 785/353/506 1999/346/499
f 785/353/506 786/475/622 2002/354/507
f 2002/354/507 786/475/622 787/355/508
f 2005/350/503 787/355/508 474/356/509
f 2004/348/501 2005/350/503 788/357/510
f 2003/349/502 2004/348/501 789/358/511
f 782/360/689 2003/349/502 790/359/512
f 783/362/515 2000/344/497 2003/349/502
f 1997/345/498 2000/344/497 783/362/515
f 2006/363/516 2007/366/691 2010/364/690
f 2007/366/691 2008/372/525 2011/367/520
f 2009/365/518 2010/364/690 2013/368/521
f 2010/364/690 2011/367/520 2014/370/523
f 790/359/512 2006/363/516 793/371/524
f 790/359/512 789/358/511 2007/366/691
f 789/358/511 788/357/510 2008/372/525
f 788/357/510 474/356/509 794/373/526
f 2008/372/525 794/373/526 795/374/692
f 2011/367/520 795/374/692 796/375/528
f 2014/370/523 796/375/528 470/376/529
f 2013/368/521 2014/370/523 766/377/465
f 2012/369/522 2013/368/521 765/378/463
f 791/380/693 2012/369/522 764/379/460
f 792/382/531 2009/365/518 2012/369/522
f 793/371/524 2006/363/516 2009/365/518
f 2016/383/532 2019/387/536 2018/384/533
f 2016/383/532 2017/391/541 2020/386/694
f 2019/387/536 2022/390/697 2021/388/695
f 2019/387/536 2020/386/694 2023/389/696
f 469/309/681 763/308/680 2015/385/534
f 763/308/680 762/322/475 2016/383/532
f 761/320/682 2017/391/541 2016/383/532
f 471/321/474 833/538/677 2017/391/541
f 2017/391/541 833/538/677 834/392/698
f 2020/386/694 834/392/698 835/393/699
f 2023/389/696 835/393/699 481/394/544
f 2023/389/696 821/395/545 822/396/700
f 2021/388/695 2022/390/697 822/396/700
f 2021/388/695 823/397/701 482/309/548
f 2018/384/533 2021/388/695 836/309/702
f 2015/385/534 2018/384/533 837/309/703
f 2024/398/551 2025/402/555 2028/399/704
f 2026/401/554 2029/408/561 2028/399/704
f 2028/399/704 2031/405/558 2030/403/706
f 2028/399/704 2029/408/561 2032/404/707
f 472/332/685 769/316/469 2024/398/551
f 769/316/469 768/314/467 2025/402/555
f 767/313/466 2026/401/554 2025/402/555
f 470/407/529 809/407/560 2026/401/554
f 809/407/560 810/407/601 2029/408/561
f 2029/408/561 810/407/601 811/407/562
f 2032/404/707 811/407/562 477/407/708
f 2031/405/558 2032/404/707 797/409/564
f 2031/405/558 798/410/565 799/411/566
f 2030/403/706 799/411/566 478/412/567
f 2027/400/705 2030/403/706 812/413/709
f 814/406/559 2024/398/551 2027/400/705
f 2034/415/570 2037/419/574 2036/416/710
f 2034/415/570 2035/426/581 2038/418/573
f 2036/416/710 2037/419/574 2040/420/575
f 2038/418/573 2041/430/583 2040/420/575
f 802/422/712 2033/417/711 803/423/713
f 801/425/715 2034/415/570 2033/417/711
f 801/425/715 800/427/582 2035/426/581
f 800/427/582 478/588/567 799/428/566
f 2035/426/581 799/428/566 798/429/565
f 798/429/565 797/431/564 2041/430/583
f 797/431/564 477/598/708 808/432/584
f 2041/430/583 808/432/584 807/433/585
f 2039/421/576 2040/420/575 807/433/585
f 805/435/717 2039/421/576 806/434/716
f 804/437/589 2036/416/710 2039/421/576
f 2033/417/711 2036/416/710 804/437/589
f 2043/438/590 2046/442/594 2045/439/718
f 2044/441/719 2047/444/596 2046/442/594
f 2046/442/594 2049/445/597 2048/443/720
f 2047/444/596 2050/448/721 2049/445/597
f 796/375/528 2042/440/592 809/376/560
f 795/374/692 2043/438/590 2042/440/592
f 794/373/526 2044/441/719 2043/438/590
f 474/356/509 815/446/598 2044/441/719
f 815/446/598 816/447/599 2047/444/596
f 816/447/599 817/477/729 2050/448/721
f 2050/448/721 817/477/729 480/436/588
f 2050/448/721 806/449/716 807/450/585
f 2049/445/597 807/450/585 808/451/584
f 2048/443/720 808/451/584 477/376/708
f 2045/439/718 2048/443/720 811/376/562
f 2042/440/592 2045/439/718 810/376/601
f 2051/452/602 2052/455/605 2055/453/722
f 2052/455/605 2053/461/724 2056/456/606
f 2054/454/604 2055/453/722 2058/457/607
f 2055/453/722 2056/456/606 2059/459/609
f 476/352/688 778/336/489 2051/452/602
f 778/336/489 777/334/686 2052/455/605
f 777/334/686 776/333/486 2053/461/724
f 776/333/486 472/332/685 814/406/559
f 2053/461/724 814/406/559 813/414/569
f 2056/456/606 813/414/569 812/413/709
f 2059/459/609 812/413/709 478/412/567
f 2058/457/607 2059/459/609 800/462/582
f 2057/458/723 2058/457/607 801/463/715
f 2057/458/723 802/464/712 479/424/714
f 819/466/613 2054/454/604 2057/458/723
f 820/460/610 2051/452/602 2054/454/604
f 2061/467/614 2064/471/727 2063/468/615
f 2061/467/614 2062/476/623 2065/470/726
f 2064/471/727 2067/474/621 2066/472/728
f 2064/471/727 2065/470/726 2068/473/620
f 787/355/508 2060/469/616 815/446/598
f 786/475/622 2061/467/614 2060/469/616
f 786/475/622 785/353/506 2062/476/623
f 785/353/506 476/352/688 820/460/610
f 2062/476/623 820/460/610 819/466/613
f 2065/470/726 819/466/613 818/465/725
f 2068/473/620 818/465/725 479/424/714
f 2067/474/621 2068/473/620 803/423/713
f 2067/474/621 804/437/589 805/435/717
f 2066/472/728 805/435/717 480/436/588
f 2063/468/615 2066/472/728 817/477/729
f 2060/469/616 2063/468/615 816/447/599
f 2069/478/625 2070/482/629 2073/479/626
f 2071/481/628 2074/493/638 2073/479/626
f 2073/479/626 2076/485/632 2075/483/630
f 2073/479/626 2074/493/638 2077/484/631
f 481/486/544 826/488/730 2069/478/625
f 826/488/730 825/490/731 2070/482/629
f 824/489/634 2071/481/628 2070/482/629
f 483/491/732 829/492/637 2071/481/628
f 829/492/637 828/514/656 2074/493/638
f 2074/493/638 828/514/656 827/494/639
f 2077/484/631 827/494/639 484/495/640
f 2076/485/632 2077/484/631 832/496/733
f 2076/485/632 831/497/734 830/498/643
f 2075/483/630 830/498/643 482/499/548
f 2072/480/627 2075/483/630 823/500/701
f 821/487/545 2069/478/625 2072/480/627
f 2079/502/644 2082/506/648 2081/503/645
f 2079/502/644 2080/511/735 2083/505/647
f 2082/506/648 2085/509/651 2084/507/649
f 2082/506/648 2083/505/647 2086/508/650
f 475/341/494 784/351/504 2078/504/646
f 784/351/504 783/362/515 2079/502/644
f 782/360/689 2080/511/735 2079/502/644
f 473/361/514 839/525/742 2080/511/735
f 2080/511/735 839/525/742 840/512/736
f 2083/505/647 840/512/736 841/513/737
f 2086/508/650 841/513/737 484/495/640
f 2086/508/650 827/494/639 828/514/656
f 2084/507/649 2085/509/651 828/514/656
f 2084/507/649 829/492/637 483/491/732
f 2081/503/645 2084/507/649 842/515/657
f 2078/504/646 2081/503/645 843/516/658
f 2088/517/659 2091/521/739 2090/518/738
f 2088/517/659 2089/526/668 2092/520/662
f 2091/521/739 2094/524/741 2093/522/664
f 2091/521/739 2092/520/662 2095/523/740
f 473/361/514 793/371/524 2087/519/661
f 793/371/524 792/382/531 2088/517/659
f 791/380/693 2089/526/668 2088/517/659
f 469/381/681 838/381/540 2089/526/668
f 2089/526/668 838/381/540 837/381/703
f 2092/520/662 837/381/703 836/381/702
f 2095/523/740 836/381/702 482/381/548
f 2095/523/740 830/527/643 831/528/734
f 2093/522/664 2094/524/741 831/528/734
f 2093/522/664 832/529/733 484/495/640
f 2090/518/738 2093/522/664 841/513/737
f 2087/519/661 2090/518/738 840/512/736
f 2097/530/743 2100/534/745 2099/531/670
f 2097/530/743 2098/539/747 2101/533/744
f 2100/534/745 2103/537/746 2102/535/674
f 2100/534/745 2101/533/744 2104/536/675
f 471/321/474 775/331/484 2096/532/671
f 775/331/484 774/342/687 2097/530/743
f 773/340/493 2098/539/747 2097/530/743
f 475/341/494 844/510/652 2098/539/747
f 2098/539/747 844/510/652 843/516/658
f 2101/533/744 843/516/658 842/515/657
f 2104/536/675 842/515/657 483/491/732
f 2104/536/675 824/540/634 825/541/731
f 2102/535/674 2103/537/746 825/541/731
f 2102/535/674 826/542/730 481/394/544
f 2099/531/670 2102/535/674 835/393/699
f 2096/532/671 2099/531/670 834/392/698
f 2105/300/453 2106/303/456 2109/301/454
f 2106/303/456 2107/311/752 2110/304/457
f 2109/301/454 2112/306/459 2111/305/749
f 2110/304/457 2113/315/468 2112/306/459
f 848/307/460 2105/300/453 847/308/680
f 848/307/460 849/310/751 2106/303/456
f 849/310/751 850/312/465 2107/311/752
f 850/312/465 486/407/529 851/313/753
f 2107/311/752 851/313/753 852/314/467
f 852/314/467 853/316/469 2113/315/468
f 853/316/469 488/332/685 854/317/470
f 2113/315/468 854/317/470 855/318/471
f 2112/306/459 855/318/471 856/319/472
f 845/320/473 2111/305/749 856/319/472
f 846/322/754 2108/302/748 2111/305/749
f 2105/300/453 2108/302/748 846/322/754
f 2115/323/476 2118/327/480 2117/324/477
f 2116/326/684 2119/329/756 2118/327/480
f 2118/327/480 2121/330/483 2120/328/755
f 2119/329/756 2122/335/488 2121/330/483
f 856/319/472 2114/325/683 859/331/484
f 855/318/471 2115/323/476 2114/325/683
f 854/317/470 2116/326/684 2115/323/476
f 488/332/685 860/333/486 2116/326/684
f 860/333/486 861/334/487 2119/329/756
f 861/334/487 862/336/489 2122/335/488
f 862/336/489 492/352/688 863/337/490
f 2122/335/488 863/337/490 864/338/491
f 2121/330/483 864/338/491 865/339/492
f 857/340/493 2120/328/755 865/339/492
f 2117/324/477 2120/328/755 857/340/493
f 2114/325/683 2117/324/477 858/342/687
f 2124/343/496 2127/347/500 2126/344/497
f 2125/346/499 2128/354/758 2127/347/500
f 2126/344/497 2127/347/500 2130/348/501
f 2127/347/500 2128/354/758 2131/350/503
f 865/339/492 2123/345/498 868/351/757
f 864/338/491 2124/343/496 2123/345/498
f 863/337/490 2125/346/499 2124/343/496
f 492/352/688 869/353/506 2125/346/499
f 869/353/506 870/475/780 2128/354/758
f 2128/354/758 870/475/780 871/355/508
f 2131/350/503 871/355/508 490/356/509
f 2130/348/501 2131/350/503 872/357/510
f 2129/349/502 2130/348/501 873/358/511
f 866/360/689 2129/349/502 874/359/512
f 867/362/515 2126/344/497 2129/349/502
f 2123/345/498 2126/344/497 867/362/515
f 2132/363/516 2133/366/691 2136/364/517
f 2133/366/691 2134/372/525 2137/367/520
f 2135/365/518 2136/364/517 2139/368/521
f 2136/364/517 2137/367/520 2140/370/523
f 874/359/512 2132/363/516 877/371/524
f 874/359/512 873/358/511 2133/366/691
f 873/358/511 872/357/510 2134/372/525
f 872/357/510 490/356/509 878/373/526
f 2134/372/525 878/373/526 879/374/527
f 2137/367/520 879/374/527 880/375/528
f 2140/370/523 880/375/528 486/376/529
f 2139/368/521 2140/370/523 850/377/465
f 2138/369/522 2139/368/521 849/378/751
f 875/380/759 2138/369/522 848/379/460
f 876/382/531 2135/365/518 2138/369/522
f 877/371/524 2132/363/516 2135/365/518
f 2142/383/760 2145/387/536 2144/384/533
f 2142/383/760 2143/391/541 2146/386/694
f 2145/387/536 2148/390/539 2147/388/695
f 2145/387/536 2146/386/694 2149/389/538
f 485/309/750 847/308/680 2141/385/534
f 847/308/680 846/322/754 2142/383/760
f 845/320/473 2143/391/541 2142/383/760
f 487/321/474 917/538/677 2143/391/541
f 2143/391/541 917/538/677 918/392/698
f 2146/386/694 918/392/698 919/393/543
f 2149/389/538 919/393/543 497/394/544
f 2149/389/538 905/395/545 906/396/546
f 2147/388/695 2148/390/539 906/396/546
f 2147/388/695 907/397/701 498/309/548
f 2144/384/533 2147/388/695 920/309/702
f 2141/385/534 2144/384/533 921/309/550
f 2150/398/551 2151/402/555 2154/399/704
f 2152/401/554 2155/408/561 2154/399/704
f 2154/399/704 2157/405/763 2156/403/706
f 2154/399/704 2155/408/561 2158/404/707
f 488/332/685 853/316/469 2150/398/551
f 853/316/469 852/314/467 2151/402/555
f 851/313/753 2152/401/554 2151/402/555
f 486/407/529 893/407/764 2152/401/554
f 893/407/764 894/407/601 2155/408/561
f 2155/408/561 894/407/601 895/407/562
f 2158/404/707 895/407/562 493/407/765
f 2157/405/763 2158/404/707 881/409/564
f 2157/405/763 882/410/565 883/411/566
f 2156/403/706 883/411/566 494/412/766
f 2153/400/762 2156/403/706 896/413/767
f 898/406/559 2150/398/551 2153/400/762
f 2160/415/570 2163/419/768 2162/416/571
f 2160/415/570 2161/426/581 2164/418/573
f 2162/416/571 2163/419/768 2166/420/769
f 2164/418/573 2167/430/583 2166/420/769
f 886/422/712 2159/417/572 887/423/578
f 885/425/771 2160/415/570 2159/417/572
f 885/425/771 884/427/582 2161/426/581
f 884/427/582 494/588/766 883/428/566
f 2161/426/581 883/428/566 882/429/565
f 882/429/565 881/431/564 2167/430/583
f 881/431/564 493/598/765 892/432/584
f 2167/430/583 892/432/584 891/433/585
f 2165/421/576 2166/420/769 891/433/585
f 889/435/773 2165/421/576 890/434/772
f 888/437/589 2162/416/571 2165/421/576
f 2159/417/572 2162/416/571 888/437/589
f 2169/438/590 2172/442/594 2171/439/718
f 2170/441/719 2173/444/596 2172/442/594
f 2172/442/594 2175/445/597 2174/443/595
f 2173/444/596 2176/448/600 2175/445/597
f 880/375/528 2168/440/592 893/376/764
f 879/374/527 2169/438/590 2168/440/592
f 878/373/526 2170/441/719 2169/438/590
f 490/356/509 899/446/598 2170/441/719
f 899/446/598 900/447/599 2173/444/596
f 900/447/599 901/477/781 2176/448/600
f 2176/448/600 901/477/781 496/436/774
f 2176/448/600 890/449/772 891/450/585
f 2175/445/597 891/450/585 892/451/584
f 2174/443/595 892/451/584 493/376/765
f 2171/439/718 2174/443/595 895/376/562
f 2168/440/592 2171/439/718 894/376/601
f 2177/452/602 2178/455/605 2181/453/775
f 2178/455/605 2179/461/611 2182/456/606
f 2180/454/776 2181/453/775 2184/457/607
f 2181/453/775 2182/456/606 2185/459/609
f 492/352/688 862/336/489 2177/452/602
f 862/336/489 861/334/487 2178/455/605
f 861/334/487 860/333/486 2179/461/611
f 860/333/486 488/332/685 898/406/559
f 2179/461/611 898/406/559 897/414/569
f 2182/456/606 897/414/569 896/413/767
f 2185/459/609 896/413/767 494/412/766
f 2184/457/607 2185/459/609 884/462/582
f 2183/458/723 2184/457/607 885/463/771
f 2183/458/723 886/464/712 495/424/770
f 903/466/613 2180/454/776 2183/458/723
f 904/460/610 2177/452/602 2180/454/776
f 2187/467/777 2190/471/618 2189/468/615
f 2187/467/777 2188/476/623 2191/470/617
f 2190/471/618 2193/474/779 2192/472/728
f 2190/471/618 2191/470/617 2194/473/778
f 871/355/508 2186/469/616 899/446/598
f 870/475/780 2187/467/777 2186/469/616
f 870/475/780 869/353/506 2188/476/623
f 869/353/506 492/352/688 904/460/610
f 2188/476/623 904/460/610 903/466/613
f 2191/470/617 903/466/613 902/465/612
f 2194/473/778 902/465/612 495/424/770
f 2193/474/779 2194/473/778 887/423/578
f 2193/474/779 888/437/589 889/435/773
f 2192/472/728 889/435/773 496/436/774
f 2189/468/615 2192/472/728 901/477/781
f 2186/469/616 2189/468/615 900/447/599
f 2195/478/625 2196/482/629 2199/479/626
f 2197/481/628 2200/493/638 2199/479/626
f 2199/479/626 2202/485/632 2201/483/630
f 2199/479/626 2200/493/638 2203/484/782
f 497/486/544 910/488/633 2195/478/625
f 910/488/633 909/490/635 2196/482/629
f 908/489/634 2197/481/628 2196/482/629
f 499/491/636 913/492/637 2197/481/628
f 913/492/637 912/514/656 2200/493/638
f 2200/493/638 912/514/656 911/494/639
f 2203/484/782 911/494/639 500/495/640
f 2202/485/632 2203/484/782 916/496/641
f 2202/485/632 915/497/734 914/498/643
f 2201/483/630 914/498/643 498/499/548
f 2198/480/627 2201/483/630 907/500/701
f 905/487/545 2195/478/625 2198/480/627
f 2205/502/783 2208/506/648 2207/503/645
f 2205/502/783 2206/511/653 2209/505/647
f 2208/506/648 2211/509/785 2210/507/649
f 2208/506/648 2209/505/647 2212/508/784
f 491/341/494 868/351/757 2204/504/646
f 868/351/757 867/362/515 2205/502/783
f 866/360/689 2206/511/653 2205/502/783
f 489/361/514 923/525/742 2206/511/653
f 2206/511/653 923/525/742 924/512/736
f 2209/505/647 924/512/736 925/513/655
f 2212/508/784 925/513/655 500/495/640
f 2212/508/784 911/494/639 912/514/656
f 2210/507/649 2211/509/785 912/514/656
f 2210/507/649 913/492/637 499/491/636
f 2207/503/645 2210/507/649 926/515/657
f 2204/504/646 2207/503/645 927/516/658
f 2214/517/659 2217/521/739 2216/518/738
f 2214/517/659 2215/526/668 2218/520/786
f 2217/521/739 2220/524/666 2219/522/664
f 2217/521/739 2218/520/786 2221/523/665
f 489/361/514 877/371/524 2213/519/661
f 877/371/524 876/382/531 2214/517/659
f 875/380/759 2215/526/668 2214/517/659
f 485/381/750 922/381/761 2215/526/668
f 2215/526/668 922/381/761 921/381/550
f 2218/520/786 921/381/550 920/381/702
f 2221/523/665 920/381/702 498/381/548
f 2221/523/665 914/527/643 915/528/734
f 2219/522/664 2220/524/666 915/528/734
f 2219/522/664 916/529/641 500/495/640
f 2216/518/738 2219/522/664 925/513/655
f 2213/519/661 2216/518/738 924/512/736
f 2223/530/743 2226/534/790 2225/531/787
f 2223/530/743 2224/539/678 2227/533/789
f 2226/534/790 2229/537/676 2228/535/674
f 2226/534/790 2227/533/789 2230/536/791
f 487/321/474 859/331/484 2222/532/788
f 859/331/484 858/342/687 2223/530/743
f 857/340/493 2224/539/678 2223/530/743
f 491/341/494 928/510/652 2224/539/678
f 2224/539/678 928/510/652 927/516/658
f 2227/533/789 927/516/658 926/515/657
f 2230/536/791 926/515/657 499/491/636
f 2230/536/791 908/540/634 909/541/635
f 2228/535/674 2229/537/676 909/541/635
f 2228/535/674 910/542/633 497/394/544
f 2225/531/787 2228/535/674 919/393/543
f 2222/532/788 2225/531/787 918/392/698
f 2231/300/453 2232/303/456 2235/301/454
f 2232/303/456 2233/311/464 2236/304/457
f 2235/301/454 2238/306/459 2237/305/749
f 2236/304/457 2239/315/468 2238/306/459
f 932/307/460 2231/300/453 931/308/461
f 932/307/460 933/310/463 2232/303/456
f 933/310/463 934/312/465 2233/311/464
f 934/312/465 502/407/529 935/313/466
f 2233/311/464 935/313/466 936/314/467
f 936/314/467 937/316/469 2239/315/468
f 937/316/469 504/332/685 938/317/470
f 2239/315/468 938/317/470 939/318/471
f 2238/306/459 939/318/471 940/319/472
f 929/320/473 2237/305/749 940/319/472
f 930/322/754 2234/302/455 2237/305/749
f 2231/300/453 2234/302/455 930/322/754
f 2241/323/476 2244/327/480 2243/324/477
f 2242/326/479 2245/329/482 2244/327/480
f 2244/327/480 2247/330/483 2246/328/755
f 2245/329/482 2248/335/488 2247/330/483
f 940/319/472 2240/325/478 943/331/484
f 939/318/471 2241/323/476 2240/325/478
f 938/317/470 2242/326/479 2241/323/476
f 504/332/685 944/333/486 2242/326/479
f 944/333/486 945/334/686 2245/329/482
f 945/334/686 946/336/489 2248/335/488
f 946/336/489 508/352/688 947/337/490
f 2248/335/488 947/337/490 948/338/491
f 2247/330/483 948/338/491 949/339/492
f 941/340/493 2246/328/755 949/339/492
f 2243/324/477 2246/328/755 941/340/493
f 2240/325/478 2243/324/477 942/342/495
f 2250/343/496 2253/347/500 2252/344/497
f 2251/346/499 2254/354/507 2253/347/500
f 2252/344/497 2253/347/500 2256/348/501
f 2253/347/500 2254/354/507 2257/350/503
f 949/339/492 2249/345/498 952/351/757
f 948/338/491 2250/343/496 2249/345/498
f 947/337/490 2251/346/499 2250/343/496
f 508/352/688 953/353/506 2251/346/499
f 953/353/506 954/475/780 2254/354/507
f 2254/354/507 954/475/780 955/355/508
f 2257/350/503 955/355/508 506/356/509
f 2256/348/501 2257/350/503 956/357/510
f 2255/349/502 2256/348/501 957/358/511
f 950/360/689 2255/349/502 958/359/512
f 951/362/515 2252/344/497 2255/349/502
f 2249/345/498 2252/344/497 951/362/515
f 2258/363/516 2259/366/691 2262/364/517
f 2259/366/691 2260/372/525 2263/367/520
f 2261/365/518 2262/364/517 2265/368/792
f 2262/364/517 2263/367/520 2266/370/523
f 958/359/512 2258/363/516 961/371/524
f 958/359/512 957/358/511 2259/366/691
f 957/358/511 956/357/510 2260/372/525
f 956/357/510 506/356/509 962/373/526
f 2260/372/525 962/373/526 963/374/527
f 2263/367/520 963/374/527 964/375/528
f 2266/370/523 964/375/528 502/376/529
f 2265/368/792 2266/370/523 934/377/465
f 2264/369/522 2265/368/792 933/378/463
f 959/380/693 2264/369/522 932/379/460
f 960/382/531 2261/365/518 2264/369/522
f 961/371/524 2258/363/516 2261/365/518
f 2268/383/760 2271/387/536 2270/384/533
f 2268/383/760 2269/391/541 2272/386/694
f 2271/387/536 2274/390/539 2273/388/695
f 2271/387/536 2272/386/694 2275/389/696
f 501/309/681 931/308/461 2267/385/534
f 931/308/461 930/322/754 2268/383/760
f 929/320/473 2269/391/541 2268/383/760
f 503/321/474 1001/538/677 2269/391/541
f 2269/391/541 1001/538/677 1002/392/542
f 2272/386/694 1002/392/542 1003/393/699
f 2275/389/696 1003/393/699 513/394/544
f 2275/389/696 989/395/545 990/396/546
f 2273/388/695 2274/390/539 990/396/546
f 2273/388/695 991/397/701 514/309/548
f 2270/384/533 2273/388/695 1004/309/702
f 2267/385/534 2270/384/533 1005/309/703
f 2276/398/793 2277/402/555 2280/399/552
f 2278/401/554 2281/408/794 2280/399/552
f 2280/399/552 2283/405/763 2282/403/556
f 2280/399/552 2281/408/794 2284/404/557
f 504/332/685 937/316/469 2276/398/793
f 937/316/469 936/314/467 2277/402/555
f 935/313/466 2278/401/554 2277/402/555
f 502/407/529 977/407/560 2278/401/554
f 977/407/560 978/407/601 2281/408/794
f 2281/408/794 978/407/601 979/407/562
f 2284/404/557 979/407/562 509/407/765
f 2283/405/763 2284/404/557 965/409/564
f 2283/405/763 966/410/565 967/411/566
f 2282/403/556 967/411/566 510/412/766
f 2279/400/762 2282/403/556 980/413/568
f 982/406/559 2276/398/793 2279/400/762
f 2286/415/570 2289/419/768 2288/416/710
f 2286/415/570 2287/426/581 2290/418/573
f 2288/416/710 2289/419/768 2292/420/575
f 2290/418/573 2293/430/583 2292/420/575
f 970/422/712 2285/417/572 971/423/713
f 969/425/580 2286/415/570 2285/417/572
f 969/425/580 968/427/582 2287/426/581
f 968/427/582 510/588/766 967/428/566
f 2287/426/581 967/428/566 966/429/565
f 966/429/565 965/431/564 2293/430/583
f 965/431/564 509/598/765 976/432/584
f 2293/430/583 976/432/584 975/433/797
f 2291/421/796 2292/420/575 975/433/797
f 973/435/717 2291/421/796 974/434/798
f 972/437/589 2288/416/710 2291/421/796
f 2285/417/572 2288/416/710 972/437/589
f 2295/438/799 2298/442/594 2297/439/591
f 2296/441/719 2299/444/596 2298/442/594
f 2298/442/594 2301/445/597 2300/443/595
f 2299/444/596 2302/448/600 2301/445/597
f 964/375/528 2294/440/592 977/376/560
f 963/374/527 2295/438/799 2294/440/592
f 962/373/526 2296/441/719 2295/438/799
f 506/356/509 983/446/598 2296/441/719
f 983/446/598 984/447/599 2299/444/596
f 984/447/599 985/477/624 2302/448/600
f 2302/448/600 985/477/624 512/436/588
f 2302/448/600 974/449/798 975/450/797
f 2301/445/597 975/450/797 976/451/584
f 2300/443/595 976/451/584 509/376/765
f 2297/439/591 2300/443/595 979/376/562
f 2294/440/592 2297/439/591 978/376/601
f 2303/452/602 2304/455/605 2307/453/775
f 2304/455/605 2305/461/724 2308/456/606
f 2306/454/604 2307/453/775 2310/457/607
f 2307/453/775 2308/456/606 2311/459/609
f 508/352/688 946/336/489 2303/452/602
f 946/336/489 945/334/686 2304/455/605
f 945/334/686 944/333/486 2305/461/724
f 944/333/486 504/332/685 982/406/559
f 2305/461/724 982/406/559 981/414/795
f 2308/456/606 981/414/795 980/413/568
f 2311/459/609 980/413/568 510/412/766
f 2310/457/607 2311/459/609 968/462/582
f 2309/458/723 2310/457/607 969/463/580
f 2309/458/723 970/464/712 511/424/770
f 987/466/613 2306/454/604 2309/458/723
f 988/460/610 2303/452/602 2306/454/604
f 2313/467/777 2316/471/618 2315/468/615
f 2313/467/777 2314/476/623 2317/470/617
f 2316/471/618 2319/474/800 2318/472/728
f 2316/471/618 2317/470/617 2320/473/620
f 955/355/508 2312/469/616 983/446/598
f 954/475/780 2313/467/777 2312/469/616
f 954/475/780 953/353/506 2314/476/623
f 953/353/506 508/352/688 988/460/610
f 2314/476/623 988/460/610 987/466/613
f 2317/470/617 987/466/613 986/465/612
f 2320/473/620 986/465/612 511/424/770
f 2319/474/800 2320/473/620 971/423/713
f 2319/474/800 972/437/589 973/435/717
f 2318/472/728 973/435/717 512/436/588
f 2315/468/615 2318/472/728 985/477/624
f 2312/469/616 2315/468/615 984/447/599
f 2321/478/625 2322/482/629 2325/479/626
f 2323/481/628 2326/493/638 2325/479/626
f 2325/479/626 2328/485/632 2327/483/630
f 2325/479/626 2326/493/638 2329/484/782
f 513/486/544 994/488/730 2321/478/625
f 994/488/730 993/490/635 2322/482/629
f 992/489/634 2323/481/628 2322/482/629
f 515/491/801 997/492/637 2323/481/628
f 997/492/637 996/514/656 2326/493/638
f 2326/493/638 996/514/656 995/494/639
f 2329/484/782 995/494/639 516/495/640
f 2328/485/632 2329/484/782 1000/496/641
f 2328/485/632 999/497/734 998/498/802
f 2327/483/630 998/498/802 514/499/548
f 2324/480/627 2327/483/630 991/500/701
f 989/487/545 2321/478/625 2324/480/627
f 2331/502/783 2334/506/804 2333/503/803
f 2331/502/783 2332/511/653 2335/505/647
f 2334/506/804 2337/509/651 2336/507/805
f 2334/506/804 2335/505/647 2338/508/650
f 507/341/494 952/351/757 2330/504/646
f 952/351/757 951/362/515 2331/502/783
f 950/360/689 2332/511/653 2331/502/783
f 505/361/514 1007/525/667 2332/511/653
f 2332/511/653 1007/525/667 1008/512/736
f 2335/505/647 1008/512/736 1009/513/655
f 2338/508/650 1009/513/655 516/495/640
f 2338/508/650 995/494/639 996/514/656
f 2336/507/805 2337/509/651 996/514/656
f 2336/507/805 997/492/637 515/491/801
f 2333/503/803 2336/507/805 1010/515/657
f 2330/504/646 2333/503/803 1011/516/658
f 2340/517/659 2343/521/739 2342/518/738
f 2340/517/659 2341/526/668 2344/520/662
f 2343/521/739 2346/524/741 2345/522/664
f 2343/521/739 2344/520/662 2347/523/806
f 505/361/514 961/371/524 2339/519/661
f 961/371/524 960/382/531 2340/517/659
f 959/380/693 2341/526/668 2340/517/659
f 501/381/681 1006/381/761 2341/526/668
f 2341/526/668 1006/381/761 1005/381/703
f 2344/520/662 1005/381/703 1004/381/702
f 2347/523/806 1004/381/702 514/381/548
f 2347/523/806 998/527/802 999/528/734
f 2345/522/664 2346/524/741 999/528/734
f 2345/522/664 1000/529/641 516/495/640
f 2342/518/738 2345/522/664 1009/513/655
f 2339/519/661 2342/518/738 1008/512/736
f 2349/530/669 2352/534/790 2351/531/787
f 2349/530/669 2350/539/678 2353/533/807
f 2352/534/790 2355/537/676 2354/535/674
f 2352/534/790 2353/533/807 2356/536/791
f 503/321/474 943/331/484 2348/532/671
f 943/331/484 942/342/495 2349/530/669
f 941/340/493 2350/539/678 2349/530/669
f 507/341/494 1012/510/652 2350/539/678
f 2350/539/678 1012/510/652 1011/516/658
f 2353/533/807 1011/516/658 1010/515/657
f 2356/536/791 1010/515/657 515/491/801
f 2356/536/791 992/540/634 993/541/635
f 2354/535/674 2355/537/676 993/541/635
f 2354/535/674 994/542/730 513/394/544
f 2351/531/787 2354/535/674 1003/393/699
f 2348/532/671 2351/531/787 1002/392/542
f 2357/300/453 2358/303/456 2361/301/454
f 2358/303/456 2359/311/752 2362/304/457
f 2361/301/454 2364/306/459 2363/305/749
f 2362/304/457 2365/315/468 2364/306/459
f 1016/307/460 2357/300/453 1015/308/461
f 1016/307/460 1017/310/463 2358/303/456
f 1017/310/463 1018/312/465 2359/311/752
f 1018/312/465 518/407/529 1019/313/466
f 2359/311/752 1019/313/466 1020/314/467
f 1020/314/467 1021/316/469 2365/315/468
f 1021/316/469 520/332/685 1022/317/470
f 2365/315/468 1022/317/470 1023/318/471
f 2364/306/459 1023/318/471 1024/319/808
f 1013/320/682 2363/305/749 1024/319/808
f 1014/322/754 2360/302/455 2363/305/749
f 2357/300/453 2360/302/455 1014/322/754
f 2367/323/476 2370/327/480 2369/324/477
f 2368/326/684 2371/329/756 2370/327/480
f 2370/327/480 2373/330/483 2372/328/809
f 2371/329/756 2374/335/488 2373/330/483
f 1024/319/808 2366/325/683 1027/331/810
f 1023/318/471 2367/323/476 2366/325/683
f 1022/317/470 2368/326/684 2367/323/476
f 520/332/685 1028/333/486 2368/326/684
f 1028/333/486 1029/334/686 2371/329/756
f 1029/334/686 1030/336/489 2374/335/488
f 1030/336/489 524/352/688 1031/337/490
f 2374/335/488 1031/337/490 1032/338/491
f 2373/330/483 1032/338/491 1033/339/492
f 1025/340/493 2372/328/809 1033/339/492
f 2369/324/477 2372/328/809 1025/340/493
f 2366/325/683 2369/324/477 1026/342/687
f 2376/343/496 2379/347/500 2378/344/497
f 2377/346/499 2380/354/507 2379/347/500
f 2378/344/497 2379/347/500 2382/348/501
f 2379/347/500 2380/354/507 2383/350/503
f 1033/339/492 2375/345/498 1036/351/504
f 1032/338/491 2376/343/496 2375/345/498
f 1031/337/490 2377/346/499 2376/343/496
f 524/352/688 1037/353/506 2377/346/499
f 1037/353/506 1038/475/622 2380/354/507
f 2380/354/507 1038/475/622 1039/355/811
f 2383/350/503 1039/355/811 522/356/509
f 2382/348/501 2383/350/503 1040/357/510
f 2381/349/502 2382/348/501 1041/358/511
f 1034/360/689 2381/349/502 1042/359/512
f 1035/362/515 2378/344/497 2381/349/502
f 2375/345/498 2378/344/497 1035/362/515
f 2384/363/516 2385/366/691 2388/364/517
f 2385/366/691 2386/372/525 2389/367/520
f 2387/365/518 2388/364/517 2391/368/521
f 2388/364/517 2389/367/520 2392/370/523
f 1042/359/512 2384/363/516 1045/371/524
f 1042/359/512 1041/358/511 2385/366/691
f 1041/358/511 1040/357/510 2386/372/525
f 1040/357/510 522/356/509 1046/373/526
f 2386/372/525 1046/373/526 1047/374/692
f 2389/367/520 1047/374/692 1048/375/528
f 2392/370/523 1048/375/528 518/376/529
f 2391/368/521 2392/370/523 1018/377/465
f 2390/369/522 2391/368/521 1017/378/463
f 1043/380/530 2390/369/522 1016/379/460
f 1044/382/531 2387/365/518 2390/369/522
f 1045/371/524 2384/363/516 2387/365/518
f 2394/383/760 2397/387/536 2396/384/533
f 2394/383/760 2395/391/541 2398/386/694
f 2397/387/536 2400/390/539 2399/388/695
f 2397/387/536 2398/386/694 2401/389/696
f 517/309/681 1015/308/461 2393/385/534
f 1015/308/461 1014/322/754 2394/383/760
f 1013/320/682 2395/391/541 2394/383/760
f 519/321/474 1085/538/677 2395/391/541
f 2395/391/541 1085/538/677 1086/392/542
f 2398/386/694 1086/392/542 1087/393/699
f 2401/389/696 1087/393/699 529/394/812
f 2401/389/696 1073/395/545 1074/396/546
f 2399/388/695 2400/390/539 1074/396/546
f 2399/388/695 1075/397/701 530/309/548
f 2396/384/533 2399/388/695 1088/309/702
f 2393/385/534 2396/384/533 1089/309/550
f 2402/398/551 2403/402/555 2406/399/552
f 2404/401/554 2407/408/561 2406/399/552
f 2406/399/552 2409/405/558 2408/403/556
f 2406/399/552 2407/408/561 2410/404/707
f 520/332/685 1021/316/469 2402/398/551
f 1021/316/469 1020/314/467 2403/402/555
f 1019/313/466 2404/401/554 2403/402/555
f 518/407/529 1061/407/764 2404/401/554
f 1061/407/764 1062/407/601 2407/408/561
f 2407/408/561 1062/407/601 1063/407/562
f 2410/404/707 1063/407/562 525/407/708
f 2409/405/558 2410/404/707 1049/409/564
f 2409/405/558 1050/410/565 1051/411/566
f 2408/403/556 1051/411/566 526/412/813
f 2405/400/553 2408/403/556 1064/413/568
f 1066/406/559 2402/398/551 2405/400/553
f 2412/415/570 2415/419/574 2414/416/814
f 2412/415/570 2413/426/816 2416/418/573
f 2414/416/814 2415/419/574 2418/420/769
f 2416/418/573 2419/430/583 2418/420/769
f 1054/422/712 2411/417/572 1055/423/815
f 1053/425/771 2412/415/570 2411/417/572
f 1053/425/771 1052/427/582 2413/426/816
f 1052/427/582 526/588/813 1051/428/566
f 2413/426/816 1051/428/566 1050/429/565
f 1050/429/565 1049/431/564 2419/430/583
f 1049/431/564 525/598/708 1060/432/584
f 2419/430/583 1060/432/584 1059/433/797
f 2417/421/576 2418/420/769 1059/433/797
f 1057/435/717 2417/421/576 1058/434/772
f 1056/437/589 2414/416/814 2417/421/576
f 2411/417/572 2414/416/814 1056/437/589
f 2421/438/799 2424/442/594 2423/439/591
f 2422/441/719 2425/444/596 2424/442/594
f 2424/442/594 2427/445/597 2426/443/720
f 2425/444/596 2428/448/600 2427/445/597
f 1048/375/528 2420/440/592 1061/376/764
f 1047/374/692 2421/438/799 2420/440/592
f 1046/373/526 2422/441/719 2421/438/799
f 522/356/509 1067/446/598 2422/441/719
f 1067/446/598 1068/447/599 2425/444/596
f 1068/447/599 1069/477/624 2428/448/600
f 2428/448/600 1069/477/624 528/436/588
f 2428/448/600 1058/449/772 1059/450/797
f 2427/445/597 1059/450/797 1060/451/584
f 2426/443/720 1060/451/584 525/376/708
f 2423/439/591 2426/443/720 1063/376/562
f 2420/440/592 2423/439/591 1062/376/601
f 2429/452/602 2430/455/605 2433/453/722
f 2430/455/605 2431/461/724 2434/456/606
f 2432/454/604 2433/453/722 2436/457/607
f 2433/453/722 2434/456/606 2437/459/609
f 524/352/688 1030/336/489 2429/452/602
f 1030/336/489 1029/334/686 2430/455/605
f 1029/334/686 1028/333/486 2431/461/724
f 1028/333/486 520/332/685 1066/406/559
f 2431/461/724 1066/406/559 1065/414/569
f 2434/456/606 1065/414/569 1064/413/568
f 2437/459/609 1064/413/568 526/412/813
f 2436/457/607 2437/459/609 1052/462/582
f 2435/458/723 2436/457/607 1053/463/771
f 2435/458/723 1054/464/712 527/424/714
f 1071/466/613 2432/454/604 2435/458/723
f 1072/460/610 2429/452/602 2432/454/604
f 2439/467/614 2442/471/618 2441/468/615
f 2439/467/614 2440/476/623 2443/470/617
f 2442/471/618 2445/474/621 2444/472/619
f 2442/471/618 2443/470/617 2446/473/778
f 1039/355/811 2438/469/616 1067/446/598
f 1038/475/622 2439/467/614 2438/469/616
f 1038/475/622 1037/353/506 2440/476/623
f 1037/353/506 524/352/688 1072/460/610
f 2440/476/623 1072/460/610 1071/466/613
f 2443/470/617 1071/466/613 1070/465/725
f 2446/473/778 1070/465/725 527/424/714
f 2445/474/621 2446/473/778 1055/423/815
f 2445/474/621 1056/437/589 1057/435/717
f 2444/472/619 1057/435/717 528/436/588
f 2441/468/615 2444/472/619 1069/477/624
f 2438/469/616 2441/468/615 1068/447/599
f 2447/478/625 2448/482/629 2451/479/626
f 2449/481/628 2452/493/638 2451/479/626
f 2451/479/626 2454/485/632 2453/483/630
f 2451/479/626 2452/493/638 2455/484/631
f 529/486/812 1078/488/730 2447/478/625
f 1078/488/730 1077/490/635 2448/482/629
f 1076/489/634 2449/481/628 2448/482/629
f 531/491/801 1081/492/637 2449/481/628
f 1081/492/637 1080/514/656 2452/493/638
f 2452/493/638 1080/514/656 1079/494/639
f 2455/484/631 1079/494/639 532/495/640
f 2454/485/632 2455/484/631 1084/496/641
f 2454/485/632 1083/497/642 1082/498/802
f 2453/483/630 1082/498/802 530/499/548
f 2450/480/627 2453/483/630 1075/500/701
f 1073/487/545 2447/478/625 2450/480/627
f 2457/502/783 2460/506/648 2459/503/645
f 2457/502/783 2458/511/817 2461/505/647
f 2460/506/648 2463/509/651 2462/507/805
f 2460/506/648 2461/505/647 2464/508/650
f 523/341/494 1036/351/504 2456/504/646
f 1036/351/504 1035/362/515 2457/502/783
f 1034/360/689 2458/511/817 2457/502/783
f 521/361/514 1091/525/742 2458/511/817
f 2458/511/817 1091/525/742 1092/512/736
f 2461/505/647 1092/512/736 1093/513/655
f 2464/508/650 1093/513/655 532/495/640
f 2464/508/650 1079/494/639 1080/514/656
f 2462/507/805 2463/509/651 1080/514/656
f 2462/507/805 1081/492/637 531/491/801
f 2459/503/645 2462/507/805 1094/515/657
f 2456/504/646 2459/503/645 1095/516/658
f 2466/517/659 2469/521/663 2468/518/738
f 2466/517/659 2467/526/668 2470/520/786
f 2469/521/663 2472/524/741 2471/522/664
f 2469/521/663 2470/520/786 2473/523/665
f 521/361/514 1045/371/524 2465/519/661
f 1045/371/524 1044/382/531 2466/517/659
f 1043/380/530 2467/526/668 2466/517/659
f 517/381/681 1090/381/761 2467/526/668
f 2467/526/668 1090/381/761 1089/381/550
f 2470/520/786 1089/381/550 1088/381/702
f 2473/523/665 1088/381/702 530/381/548
f 2473/523/665 1082/527/802 1083/528/642
f 2471/522/664 2472/524/741 1083/528/642
f 2471/522/664 1084/529/641 532/495/640
f 2468/518/738 2471/522/664 1093/513/655
f 2465/519/661 2468/518/738 1092/512/736
f 2475/530/743 2478/534/790 2477/531/787
f 2475/530/743 2476/539/678 2479/533/744
f 2478/534/790 2481/537/676 2480/535/674
f 2478/534/790 2479/533/744 2482/536/819
f 519/321/474 1027/331/810 2474/532/818
f 1027/331/810 1026/342/687 2475/530/743
f 1025/340/493 2476/539/678 2475/530/743
f 523/341/494 1096/510/652 2476/539/678
f 2476/539/678 1096/510/652 1095/516/658
f 2479/533/744 1095/516/658 1094/515/657
f 2482/536/819 1094/515/657 531/491/801
f 2482/536/819 1076/540/634 1077/541/635
f 2480/535/674 2481/537/676 1077/541/635
f 2480/535/674 1078/542/730 529/394/812
f 2477/531/787 2480/535/674 1087/393/699
f 2474/532/818 2477/531/787 1086/392/542
f 2483/300/453 2484/303/456 2487/301/820
f 2484/303/456 2485/311/752 2488/304/457
f 2487/301/820 2490/306/459 2489/305/458
f 2488/304/457 2491/315/468 2490/306/459
f 1100/307/460 2483/300/453 1099/308/461
f 1100/307/460 1101/310/463 2484/303/456
f 1101/310/463 1102/312/465 2485/311/752
f 1102/312/465 534/407/529 1103/313/466
f 2485/311/752 1103/313/466 1104/314/467
f 1104/314/467 1105/316/469 2491/315/468
f 1105/316/469 536/332/485 1106/317/470
f 2491/315/468 1106/317/470 1107/318/471
f 2490/306/459 1107/318/471 1108/319/472
f 1097/320/473 2489/305/458 1108/319/472
f 1098/322/475 2486/302/455 2489/305/458
f 2483/300/453 2486/302/455 1098/322/475
f 2493/323/476 2496/327/480 2495/324/477
f 2494/326/684 2497/329/482 2496/327/480
f 2496/327/480 2499/330/483 2498/328/481
f 2497/329/482 2500/335/488 2499/330/483
f 1108/319/472 2492/325/478 1111/331/484
f 1107/318/471 2493/323/476 2492/325/478
f 1106/317/470 2494/326/684 2493/323/476
f 536/332/485 1112/333/486 2494/326/684
f 1112/333/486 1113/334/487 2497/329/482
f 1113/334/487 1114/336/489 2500/335/488
f 1114/336/489 540/352/505 1115/337/490
f 2500/335/488 1115/337/490 1116/338/491
f 2499/330/483 1116/338/491 1117/339/492
f 1109/340/493 2498/328/481 1117/339/492
f 2495/324/477 2498/328/481 1109/340/493
f 2492/325/478 2495/324/477 1110/342/495
f 2502/343/496 2505/347/500 2504/344/497
f 2503/346/499 2506/354/758 2505/347/500
f 2504/344/497 2505/347/500 2508/348/501
f 2505/347/500 2506/354/758 2509/350/503
f 1117/339/492 2501/345/498 1120/351/504
f 1116/338/491 2502/343/496 2501/345/498
f 1115/337/490 2503/346/499 2502/343/496
f 540/352/505 1121/353/506 2503/346/499
f 1121/353/506 1122/475/622 2506/354/758
f 2506/354/758 1122/475/622 1123/355/508
f 2509/350/503 1123/355/508 538/356/509
f 2508/348/501 2509/350/503 1124/357/510
f 2507/349/821 2508/348/501 1125/358/511
f 1118/360/689 2507/349/821 1126/359/512
f 1119/362/515 2504/344/497 2507/349/821
f 2501/345/498 2504/344/497 1119/362/515
f 2510/363/516 2511/366/519 2514/364/517
f 2511/366/519 2512/372/823 2515/367/520
f 2513/365/518 2514/364/517 2517/368/792
f 2514/364/517 2515/367/520 2518/370/822
f 1126/359/512 2510/363/516 1129/371/524
f 1126/359/512 1125/358/511 2511/366/519
f 1125/358/511 1124/357/510 2512/372/823
f 1124/357/510 538/356/509 1130/373/526
f 2512/372/823 1130/373/526 1131/374/527
f 2515/367/520 1131/374/527 1132/375/528
f 2518/370/822 1132/375/528 534/376/529
f 2517/368/792 2518/370/822 1102/377/465
f 2516/369/522 2517/368/792 1101/378/463
f 1127/380/759 2516/369/522 1100/379/460
f 1128/382/531 2513/365/518 2516/369/522
f 1129/371/524 2510/363/516 2513/365/518
f 2520/383/532 2523/387/536 2522/384/533
f 2520/383/532 2521/391/541 2524/386/535
f 2523/387/536 2526/390/539 2525/388/537
f 2523/387/536 2524/386/535 2527/389/538
f 533/309/462 1099/308/461 2519/385/534
f 1099/308/461 1098/322/475 2520/383/532
f 1097/320/473 2521/391/541 2520/383/532
f 535/321/474 1169/538/677 2521/391/541
f 2521/391/541 1169/538/677 1170/392/542
f 2524/386/535 1170/392/542 1171/393/699
f 2527/389/538 1171/393/699 545/394/812
f 2527/389/538 1157/395/545 1158/396/546
f 2525/388/537 2526/390/539 1158/396/546
f 2525/388/537 1159/397/701 546/309/824
f 2522/384/533 2525/388/537 1172/309/702
f 2519/385/534 2522/384/533 1173/309/550
f 2528/398/551 2529/402/555 2532/399/704
f 2530/401/554 2533/408/825 2532/399/704
f 2532/399/704 2535/405/763 2534/403/556
f 2532/399/704 2533/408/825 2536/404/707
f 536/332/485 1105/316/469 2528/398/551
f 1105/316/469 1104/314/467 2529/402/555
f 1103/313/466 2530/401/554 2529/402/555
f 534/407/529 1145/407/560 2530/401/554
f 1145/407/560 1146/407/601 2533/408/825
f 2533/408/825 1146/407/601 1147/407/826
f 2536/404/707 1147/407/826 541/407/708
f 2535/405/763 2536/404/707 1133/409/564
f 2535/405/763 1134/410/565 1135/411/566
f 2534/403/556 1135/411/566 542/412/766
f 2531/400/553 2534/403/556 1148/413/568
f 1150/406/559 2528/398/551 2531/400/553
f 2538/415/570 2541/419/574 2540/416/710
f 2538/415/570 2539/426/581 2542/418/573
f 2540/416/710 2541/419/574 2544/420/769
f 2542/418/573 2545/430/583 2544/420/769
f 1138/422/577 2537/417/711 1139/423/713
f 1137/425/580 2538/415/570 2537/417/711
f 1137/425/580 1136/427/582 2539/426/581
f 1136/427/582 542/588/766 1135/428/566
f 2539/426/581 1135/428/566 1134/429/565
f 1134/429/565 1133/431/564 2545/430/583
f 1133/431/564 541/598/708 1144/432/584
f 2545/430/583 1144/432/584 1143/433/585
f 2543/421/576 2544/420/769 1143/433/585
f 1141/435/587 2543/421/576 1142/434/772
f 1140/437/589 2540/416/710 2543/421/576
f 2537/417/711 2540/416/710 1140/437/589
f 2547/438/590 2550/442/594 2549/439/591
f 2548/441/719 2551/444/596 2550/442/594
f 2550/442/594 2553/445/597 2552/443/595
f 2551/444/596 2554/448/600 2553/445/597
f 1132/375/528 2546/440/592 1145/376/560
f 1131/374/527 2547/438/590 2546/440/592
f 1130/373/526 2548/441/719 2547/438/590
f 538/356/509 1151/446/598 2548/441/719
f 1151/446/598 1152/447/599 2551/444/596
f 1152/447/599 1153/477/624 2554/448/600
f 2554/448/600 1153/477/624 544/436/588
f 2554/448/600 1142/449/772 1143/450/585
f 2553/445/597 1143/450/585 1144/451/584
f 2552/443/595 1144/451/584 541/376/708
f 2549/439/591 2552/443/595 1147/376/826
f 2546/440/592 2549/439/591 1146/376/601
f 2555/452/602 2556/455/605 2559/453/828
f 2556/455/605 2557/461/611 2560/456/606
f 2558/454/776 2559/453/828 2562/457/607
f 2559/453/828 2560/456/606 2563/459/609
f 540/352/505 1114/336/489 2555/452/602
f 1114/336/489 1113/334/487 2556/455/605
f 1113/334/487 1112/333/486 2557/461/611
f 1112/333/486 536/332/485 1150/406/559
f 2557/461/611 1150/406/559 1149/414/827
f 2560/456/606 1149/414/827 1148/413/568
f 2563/459/609 1148/413/568 542/412/766
f 2562/457/607 2563/459/609 1136/462/582
f 2561/458/723 2562/457/607 1137/463/580
f 2561/458/723 1138/464/577 543/424/579
f 1155/466/613 2558/454/776 2561/458/723
f 1156/460/610 2555/452/602 2558/454/776
f 2565/467/614 2568/471/618 2567/468/615
f 2565/467/614 2566/476/623 2569/470/617
f 2568/471/618 2571/474/621 2570/472/619
f 2568/471/618 2569/470/617 2572/473/778
f 1123/355/508 2564/469/616 1151/446/598
f 1122/475/622 2565/467/614 2564/469/616
f 1122/475/622 1121/353/506 2566/476/623
f 1121/353/506 540/352/505 1156/460/610
f 2566/476/623 1156/460/610 1155/466/613
f 2569/470/617 1155/466/613 1154/465/725
f 2572/473/778 1154/465/725 543/424/579
f 2571/474/621 2572/473/778 1139/423/713
f 2571/474/621 1140/437/589 1141/435/587
f 2570/472/619 1141/435/587 544/436/588
f 2567/468/615 2570/472/619 1153/477/624
f 2564/469/616 2567/468/615 1152/447/599
f 2573/478/625 2574/482/629 2577/479/626
f 2575/481/628 2578/493/638 2577/479/626
f 2577/479/626 2580/485/632 2579/483/630
f 2577/479/626 2578/493/638 2581/484/631
f 545/486/812 1162/488/730 2573/478/625
f 1162/488/730 1161/490/635 2574/482/629
f 1160/489/634 2575/481/628 2574/482/629
f 547/491/801 1165/492/637 2575/481/628
f 1165/492/637 1164/514/656 2578/493/638
f 2578/493/638 1164/514/656 1163/494/639
f 2581/484/631 1163/494/639 548/495/829
f 2580/485/632 2581/484/631 1168/496/641
f 2580/485/632 1167/497/734 1166/498/830
f 2579/483/630 1166/498/830 546/499/824
f 2576/480/627 2579/483/630 1159/500/701
f 1157/487/545 2573/478/625 2576/480/627
f 2583/502/644 2586/506/648 2585/503/645
f 2583/502/644 2584/511/653 2587/505/647
f 2586/506/648 2589/509/785 2588/507/649
f 2586/506/648 2587/505/647 2590/508/650
f 539/341/494 1120/351/504 2582/504/646
f 1120/351/504 1119/362/515 2583/502/644
f 1118/360/689 2584/511/653 2583/502/644
f 537/361/514 1175/525/667 2584/511/653
f 2584/511/653 1175/525/667 1176/512/831
f 2587/505/647 1176/512/831 1177/513/737
f 2590/508/650 1177/513/737 548/495/829
f 2590/508/650 1163/494/639 1164/514/656
f 2588/507/649 2589/509/785 1164/514/656
f 2588/507/649 1165/492/637 547/491/801
f 2585/503/645 2588/507/649 1178/515/657
f 2582/504/646 2585/503/645 1179/516/832
f 2592/517/659 2595/521/739 2594/518/738
f 2592/517/659 2593/526/668 2596/520/786
f 2595/521/739 2598/524/666 2597/522/664
f 2595/521/739 2596/520/786 2599/523/665
f 537/361/514 1129/371/524 2591/519/833
f 1129/371/524 1128/382/531 2592/517/659
f 1127/380/759 2593/526/668 2592/517/659
f 533/381/462 1174/381/540 2593/526/668
f 2593/526/668 1174/381/540 1173/381/550
f 2596/520/786 1173/381/550 1172/381/702
f 2599/523/665 1172/381/702 546/381/824
f 2599/523/665 1166/527/830 1167/528/734
f 2597/522/664 2598/524/666 1167/528/734
f 2597/522/664 1168/529/641 548/495/829
f 2594/518/738 2597/522/664 1177/513/737
f 2591/519/833 2594/518/738 1176/512/831
f 2601/530/669 2604/534/834 2603/531/787
f 2601/530/669 2602/539/678 2605/533/744
f 2604/534/834 2607/537/676 2606/535/674
f 2604/534/834 2605/533/744 2608/536/819
f 535/321/474 1111/331/484 2600/532/671
f 1111/331/484 1110/342/495 2601/530/669
f 1109/340/493 2602/539/678 2601/530/669
f 539/341/494 1180/510/652 2602/539/678
f 2602/539/678 1180/510/652 1179/516/832
f 2605/533/744 1179/516/832 1178/515/657
f 2608/536/819 1178/515/657 547/491/801
f 2608/536/819 1160/540/634 1161/541/635
f 2606/535/674 2607/537/676 1161/541/635
f 2606/535/674 1162/542/730 545/394/812
f 2603/531/787 2606/535/674 1171/393/699
f 2600/532/671 2603/531/787 1170/392/542
f 2609/300/453 2610/303/456 2613/301/454
f 2610/303/456 2611/311/464 2614/304/457
f 2613/301/454 2616/306/459 2615/305/458
f 2614/304/457 2617/315/468 2616/306/459
f 1184/307/460 2609/300/453 1183/308/461
f 1184/307/460 1185/310/463 2610/303/456
f 1185/310/463 1186/312/465 2611/311/464
f 1186/312/465 550/407/529 1187/313/753
f 2611/311/464 1187/313/753 1188/314/467
f 1188/314/467 1189/316/469 2617/315/468
f 1189/316/469 552/332/685 1190/317/470
f 2617/315/468 1190/317/470 1191/318/471
f 2616/306/459 1191/318/471 1192/319/472
f 1181/320/473 2615/305/458 1192/319/472
f 1182/322/475 2612/302/455 2615/305/458
f 2609/300/453 2612/302/455 1182/322/475
f 2619/323/476 2622/327/480 2621/324/477
f 2620/326/684 2623/329/482 2622/327/480
f 2622/327/480 2625/330/483 2624/328/481
f 2623/329/482 2626/335/488 2625/330/483
f 1192/319/472 2618/325/683 1195/331/484
f 1191/318/471 2619/323/476 2618/325/683
f 1190/317/470 2620/326/684 2619/323/476
f 552/332/685 1196/333/486 2620/326/684
f 1196/333/486 1197/334/686 2623/329/482
f 1197/334/686 1198/336/489 2626/335/488
f 1198/336/489 556/352/688 1199/337/490
f 2626/335/488 1199/337/490 1200/338/491
f 2625/330/483 1200/338/491 1201/339/492
f 1193/340/493 2624/328/481 1201/339/492
f 2621/324/477 2624/328/481 1193/340/493
f 2618/325/683 2621/324/477 1194/342/687
f 2628/343/496 2631/347/500 2630/344/497
f 2629/346/499 2632/354/507 2631/347/500
f 2630/344/497 2631/347/500 2634/348/501
f 2631/347/500 2632/354/507 2635/350/503
f 1201/339/492 2627/345/498 1204/351/757
f 1200/338/491 2628/343/496 2627/345/498
f 1199/337/490 2629/346/499 2628/343/496
f 556/352/688 1205/353/506 2629/346/499
f 1205/353/506 1206/475/622 2632/354/507
f 2632/354/507 1206/475/622 1207/355/508
f 2635/350/503 1207/355/508 554/356/509
f 2634/348/501 2635/350/503 1208/357/510
f 2633/349/502 2634/348/501 1209/358/511
f 1202/360/513 2633/349/502 1210/359/512
f 1203/362/515 2630/344/497 2633/349/502
f 2627/345/498 2630/344/497 1203/362/515
f 2636/363/516 2637/366/691 2640/364/517
f 2637/366/691 2638/372/823 2641/367/520
f 2639/365/518 2640/364/517 2643/368/521
f 2640/364/517 2641/367/520 2644/370/523
f 1210/359/512 2636/363/516 1213/371/524
f 1210/359/512 1209/358/511 2637/366/691
f 1209/358/511 1208/357/510 2638/372/823
f 1208/357/510 554/356/509 1214/373/835
f 2638/372/823 1214/373/835 1215/374/527
f 2641/367/520 1215/374/527 1216/375/528
f 2644/370/523 1216/375/528 550/376/529
f 2643/368/521 2644/370/523 1186/377/465
f 2642/369/522 2643/368/521 1185/378/463
f 1211/380/693 2642/369/522 1184/379/460
f 1212/382/531 2639/365/518 2642/369/522
f 1213/371/524 2636/363/516 2639/365/518
f 2646/383/532 2649/387/536 2648/384/533
f 2646/383/532 2647/391/541 2650/386/535
f 2649/387/536 2652/390/836 2651/388/695
f 2649/387/536 2650/386/535 2653/389/538
f 549/309/681 1183/308/461 2645/385/534
f 1183/308/461 1182/322/475 2646/383/532
f 1181/320/473 2647/391/541 2646/383/532
f 551/321/474 1253/538/677 2647/391/541
f 2647/391/541 1253/538/677 1254/392/542
f 2650/386/535 1254/392/542 1255/393/699
f 2653/389/538 1255/393/699 561/394/544
f 2653/389/538 1241/395/545 1242/396/546
f 2651/388/695 2652/390/836 1242/396/546
f 2651/388/695 1243/397/701 562/309/548
f 2648/384/533 2651/388/695 1256/309/837
f 2645/385/534 2648/384/533 1257/309/550
f 2654/398/551 2655/402/555 2658/399/704
f 2656/401/838 2659/408/561 2658/399/704
f 2658/399/704 2661/405/558 2660/403/556
f 2658/399/704 2659/408/561 2662/404/707
f 552/332/685 1189/316/469 2654/398/551
f 1189/316/469 1188/314/467 2655/402/555
f 1187/313/753 2656/401/838 2655/402/555
f 550/407/529 1229/407/560 2656/401/838
f 1229/407/560 1230/407/601 2659/408/561
f 2659/408/561 1230/407/601 1231/407/562
f 2662/404/707 1231/407/562 557/407/839
f 2661/405/558 2662/404/707 1217/409/564
f 2661/405/558 1218/410/565 1219/411/566
f 2660/403/556 1219/411/566 558/412/567
f 2657/400/553 2660/403/556 1232/413/568
f 1234/406/559 2654/398/551 2657/400/553
f 2664/415/570 2667/419/574 2666/416/571
f 2664/415/570 2665/426/581 2668/418/573
f 2666/416/571 2667/419/574 2670/420/769
f 2668/418/573 2671/430/841 2670/420/769
f 1222/422/712 2663/417/711 1223/423/578
f 1221/425/771 2664/415/570 2663/417/711
f 1221/425/771 1220/427/582 2665/426/581
f 1220/427/582 558/588/567 1219/428/566
f 2665/426/581 1219/428/566 1218/429/565
f 1218/429/565 1217/431/564 2671/430/841
f 1217/431/564 557/598/839 1228/432/584
f 2671/430/841 1228/432/584 1227/433/797
f 2669/421/576 2670/420/769 1227/433/797
f 1225/435/587 2669/421/576 1226/434/798
f 1224/437/589 2666/416/571 2669/421/576
f 2663/417/711 2666/416/571 1224/437/589
f 2673/438/590 2676/442/594 2675/439/591
f 2674/441/719 2677/444/596 2676/442/594
f 2676/442/594 2679/445/597 2678/443/720
f 2677/444/596 2680/448/721 2679/445/597
f 1216/375/528 2672/440/592 1229/376/560
f 1215/374/527 2673/438/590 2672/440/592
f 1214/373/835 2674/441/719 2673/438/590
f 554/356/509 1235/446/598 2674/441/719
f 1235/446/598 1236/447/599 2677/444/596
f 1236/447/599 1237/477/624 2680/448/721
f 2680/448/721 1237/477/624 560/436/588
f 2680/448/721 1226/449/798 1227/450/797
f 2679/445/597 1227/450/797 1228/451/584
f 2678/443/720 1228/451/584 557/376/839
f 2675/439/591 2678/443/720 1231/376/562
f 2672/440/592 2675/439/591 1230/376/601
f 2681/452/602 2682/455/605 2685/453/722
f 2682/455/605 2683/461/724 2686/456/606
f 2684/454/604 2685/453/722 2688/457/607
f 2685/453/722 2686/456/606 2689/459/609
f 556/352/688 1198/336/489 2681/452/602
f 1198/336/489 1197/334/686 2682/455/605
f 1197/334/686 1196/333/486 2683/461/724
f 1196/333/486 552/332/685 1234/406/559
f 2683/461/724 1234/406/559 1233/414/569
f 2686/456/606 1233/414/569 1232/413/568
f 2689/459/609 1232/413/568 558/412/567
f 2688/457/607 2689/459/609 1220/462/582
f 2687/458/723 2688/457/607 1221/463/771
f 2687/458/723 1222/464/712 559/424/840
f 1239/466/613 2684/454/604 2687/458/723
f 1240/460/610 2681/452/602 2684/454/604
f 2691/467/777 2694/471/618 2693/468/615
f 2691/467/777 2692/476/623 2695/470/726
f 2694/471/618 2697/474/621 2696/472/728
f 2694/471/618 2695/470/726 2698/473/778
f 1207/355/508 2690/469/616 1235/446/598
f 1206/475/622 2691/467/777 2690/469/616
f 1206/475/622 1205/353/506 2692/476/623
f 1205/353/506 556/352/688 1240/460/610
f 2692/476/623 1240/460/610 1239/466/613
f 2695/470/726 1239/466/613 1238/465/725
f 2698/473/778 1238/465/725 559/424/840
f 2697/474/621 2698/473/778 1223/423/578
f 2697/474/621 1224/437/589 1225/435/587
f 2696/472/728 1225/435/587 560/436/588
f 2693/468/615 2696/472/728 1237/477/624
f 2690/469/616 2693/468/615 1236/447/599
f 2699/478/625 2700/482/629 2703/479/626
f 2701/481/628 2704/493/638 2703/479/626
f 2703/479/626 2706/485/632 2705/483/630
f 2703/479/626 2704/493/638 2707/484/631
f 561/486/544 1246/488/633 2699/478/625
f 1246/488/633 1245/490/635 2700/482/629
f 1244/489/634 2701/481/628 2700/482/629
f 563/491/801 1249/492/637 2701/481/628
f 1249/492/637 1248/514/656 2704/493/638
f 2704/493/638 1248/514/656 1247/494/639
f 2707/484/631 1247/494/639 564/495/640
f 2706/485/632 2707/484/631 1252/496/641
f 2706/485/632 1251/497/734 1250/498/830
f 2705/483/630 1250/498/830 562/499/548
f 2702/480/627 2705/483/630 1243/500/701
f 1241/487/545 2699/478/625 2702/480/627
f 2709/502/783 2712/506/648 2711/503/645
f 2709/502/783 2710/511/653 2713/505/647
f 2712/506/648 2715/509/651 2714/507/805
f 2712/506/648 2713/505/647 2716/508/650
f 555/341/494 1204/351/757 2708/504/646
f 1204/351/757 1203/362/515 2709/502/783
f 1202/360/513 2710/511/653 2709/502/783
f 553/361/514 1259/525/742 2710/511/653
f 2710/511/653 1259/525/742 1260/512/736
f 2713/505/647 1260/512/736 1261/513/655
f 2716/508/650 1261/513/655 564/495/640
f 2716/508/650 1247/494/639 1248/514/656
f 2714/507/805 2715/509/651 1248/514/656
f 2714/507/805 1249/492/637 563/491/801
f 2711/503/645 2714/507/805 1262/515/657
f 2708/504/646 2711/503/645 1263/516/658
f 2718/517/659 2721/521/739 2720/518/738
f 2718/517/659 2719/526/668 2722/520/662
f 2721/521/739 2724/524/741 2723/522/664
f 2721/521/739 2722/520/662 2725/523/740
f 553/361/514 1213/371/524 2717/519/661
f 1213/371/524 1212/382/531 2718/517/659
f 1211/380/693 2719/526/668 2718/517/659
f 549/381/681 1258/381/540 2719/526/668
f 2719/526/668 1258/381/540 1257/381/550
f 2722/520/662 1257/381/550 1256/381/837
f 2725/523/740 1256/381/837 562/381/548
f 2725/523/740 1250/527/830 1251/528/734
f 2723/522/664 2724/524/741 1251/528/734
f 2723/522/664 1252/529/641 564/495/640
f 2720/518/738 2723/522/664 1261/513/655
f 2717/519/661 2720/518/738 1260/512/736
f 2727/530/669 2730/534/842 2729/531/670
f 2727/530/669 2728/539/678 2731/533/744
f 2730/534/842 2733/537/676 2732/535/674
f 2730/534/842 2731/533/744 2734/536/791
f 551/321/474 1195/331/484 2726/532/671
f 1195/331/484 1194/342/687 2727/530/669
f 1193/340/493 2728/539/678 2727/530/669
f 555/341/494 1264/510/652 2728/539/678
f 2728/539/678 1264/510/652 1263/516/658
f 2731/533/744 1263/516/658 1262/515/657
f 2734/536/791 1262/515/657 563/491/801
f 2734/536/791 1244/540/634 1245/541/635
f 2732/535/674 2733/537/676 1245/541/635
f 2732/535/674 1246/542/633 561/394/544
f 2729/531/670 2732/535/674 1255/393/699
f 2726/532/671 2729/531/670 1254/392/542
f 2735/543/843 2736/545/847 2739/301/844
f 2737/544/846 2740/306/850 2739/301/844
f 2738/303/845 2739/301/844 2742/546/848
f 2740/306/850 2743/549/858 2742/546/848
f 1267/397/851 2735/543/843 1268/307/852
f 1266/396/854 2736/545/847 2735/543/843
f 1266/396/854 1265/395/855 2737/544/846
f 1265/395/855 567/394/875 1276/548/856
f 1276/548/856 1275/318/857 2740/306/850
f 1275/318/857 1274/550/859 2743/549/858
f 1274/550/859 568/412/885 1273/411/860
f 2743/549/858 1273/411/860 1272/410/861
f 2741/547/849 2742/546/848 1272/410/861
f 1270/312/863 2741/547/849 1271/409/862
f 1269/310/865 2738/303/845 2741/547/849
f 1268/307/852 2735/543/843 2738/303/845
f 2745/551/866 2748/327/870 2747/323/867
f 2746/553/869 2749/330/872 2748/327/870
f 2748/327/870 2751/555/873 2750/554/871
f 2749/330/872 2752/557/880 2751/555/873
f 1279/542/874 2744/552/868 1276/548/856
f 1278/541/876 2745/551/866 2744/552/868
f 1277/540/877 2746/553/869 2745/551/866
f 1277/540/877 571/491/895 1285/556/878
f 1285/556/878 1284/338/879 2749/330/872
f 1284/338/879 1283/558/881 2752/557/880
f 1283/558/881 572/424/906 1282/464/882
f 2752/557/880 1282/464/882 1281/463/883
f 2751/555/873 1281/463/883 1280/462/884
f 2750/554/871 1280/462/884 568/412/885
f 2747/323/867 2750/554/871 1274/550/859
f 2744/552/868 2747/323/867 1275/318/857
f 2754/559/886 2757/347/890 2756/343/887
f 2754/559/886 2755/566/897 2758/348/889
f 2757/347/890 2760/563/893 2759/561/891
f 2757/347/890 2758/348/889 2761/562/892
f 1288/564/894 2753/560/888 1285/556/878
f 1287/565/896 2754/559/886 2753/560/888
f 1287/565/896 1286/567/898 2755/566/897
f 1286/567/898 569/495/916 1294/568/899
f 2755/566/897 1294/568/899 1293/358/900
f 2758/348/889 1293/358/900 1292/569/901
f 2761/562/892 1292/569/901 570/436/902
f 2760/563/893 2761/562/892 1291/570/903
f 2760/563/893 1290/571/904 1289/572/905
f 2759/561/891 1289/572/905 572/424/906
f 2756/343/887 2759/561/891 1283/558/881
f 2753/560/888 2756/343/887 1284/338/879
f 2762/573/907 2763/574/910 2766/364/908
f 2763/574/910 2764/578/918 2767/368/911
f 2765/366/909 2766/364/908 2769/575/912
f 2766/364/908 2767/368/911 2770/577/914
f 1297/529/915 2762/573/907 1294/568/899
f 1297/529/915 1296/528/917 2763/574/910
f 1296/528/917 1295/527/919 2764/578/918
f 1295/527/919 565/381/853 1268/379/852
f 2764/578/918 1268/379/852 1269/378/865
f 2767/368/911 1269/378/865 1270/377/863
f 2770/577/914 1270/377/863 566/376/864
f 2769/575/912 2770/577/914 1300/451/920
f 2768/576/913 2769/575/912 1299/450/921
f 1292/569/901 2768/576/913 1298/449/922
f 1293/358/900 2765/366/909 2768/576/913
f 1294/568/899 2762/573/907 2765/366/909
f 2772/397/923 2775/396/927 2774/396/924
f 2773/397/926 2776/396/936 2775/396/927
f 2774/396/924 2775/396/927 2778/395/928
f 2775/396/927 2776/396/936 2779/395/930
f 565/309/853 1342/309/932 2771/397/925
f 1341/309/931 2772/397/923 2771/397/925
f 1340/309/933 2773/397/926 2772/397/923
f 578/309/934 1327/397/1024 2773/397/926
f 2773/397/926 1327/397/1024 1326/396/935
f 1326/396/935 1325/395/1023 2779/395/930
f 2779/395/930 1325/395/1023 577/394/937
f 2778/395/928 2779/395/930 1339/394/938
f 2777/395/929 2778/395/928 1338/394/939
f 2777/395/929 1337/394/940 567/394/875
f 2774/396/924 2777/395/929 1265/395/855
f 1267/397/851 2771/397/925 2774/396/924
f 2780/411/941 2781/411/945 2784/410/942
f 2782/411/944 2785/410/954 2784/410/942
f 2784/410/942 2787/409/948 2786/409/946
f 2784/410/942 2785/410/954 2788/409/947
f 568/412/885 1318/412/949 2780/411/941
f 1318/412/949 1317/412/951 2781/411/945
f 1316/412/950 2782/411/944 2781/411/945
f 574/412/952 1303/411/953 2782/411/944
f 1303/411/953 1302/410/977 2785/410/954
f 2785/410/954 1302/410/977 1301/409/955
f 2788/409/947 1301/409/955 573/407/956
f 2787/409/948 2788/409/947 1315/407/957
f 2787/409/948 1314/407/958 1313/407/959
f 2786/409/946 1313/407/959 566/407/864
f 2783/410/943 2786/409/946 1271/409/862
f 1273/411/860 2780/411/941 2783/410/943
f 2790/579/960 2793/583/964 2792/580/961
f 2790/579/960 2791/586/971 2794/582/963
f 2792/580/961 2793/583/964 2796/584/965
f 2794/582/963 2797/587/975 2796/584/965
f 1307/572/967 2789/581/962 1306/422/968
f 1308/571/970 2790/579/960 2789/581/962
f 1308/571/970 1309/570/972 2791/586/971
f 1309/570/972 576/436/989 1310/434/973
f 2791/586/971 1310/434/973 1311/433/974
f 1311/433/974 1312/432/976 2797/587/975
f 1312/432/976 573/598/956 1301/431/955
f 2797/587/975 1301/431/955 1302/429/977
f 2795/585/966 2796/584/965 1302/429/977
f 1304/427/978 2795/585/966 1303/428/953
f 1305/425/979 2792/580/961 2795/585/966
f 2789/581/962 2792/580/961 1305/425/979
f 2799/451/980 2802/450/984 2801/450/981
f 2800/451/983 2803/450/986 2802/450/984
f 2802/450/984 2805/449/987 2804/449/985
f 2803/450/986 2806/449/988 2805/449/987
f 1313/376/959 2798/451/982 1300/451/920
f 1314/376/958 2799/451/980 2798/451/982
f 1315/376/957 2800/451/983 2799/451/980
f 573/376/956 1312/451/976 2800/451/983
f 1312/451/976 1311/450/974 2803/450/986
f 1311/450/974 1310/449/973 2806/449/988
f 2806/449/988 1310/449/973 576/436/989
f 2806/449/988 1321/436/990 1320/436/991
f 2805/449/987 1320/436/991 1319/436/992
f 2804/449/985 1319/436/992 570/436/902
f 2801/450/981 2804/449/985 1298/449/922
f 2798/451/982 2801/450/981 1299/450/921
f 2807/464/993 2808/464/996 2811/463/994
f 2808/464/996 2809/464/1003 2812/463/997
f 2810/463/995 2811/463/994 2814/462/998
f 2811/463/994 2812/463/997 2815/462/1000
f 572/424/906 1324/424/1001 2807/464/993
f 1324/424/1001 1323/424/1002 2808/464/996
f 1323/424/1002 1322/424/1004 2809/464/1003
f 575/424/969 1306/464/968 2809/464/1003
f 2809/464/1003 1306/464/968 1305/463/979
f 2812/463/997 1305/463/979 1304/462/978
f 2815/462/1000 1304/462/978 574/412/952
f 2814/462/998 2815/462/1000 1316/412/950
f 2813/462/999 2814/462/998 1317/412/951
f 1280/462/884 2813/462/999 1318/412/949
f 1281/463/883 2810/463/995 2813/462/999
f 1282/464/882 2807/464/993 2810/463/995
f 2817/570/1005 2820/571/1009 2819/571/1006
f 2818/570/1008 2821/571/1013 2820/571/1009
f 2819/571/1006 2820/571/1009 2823/572/1010
f 2820/571/1009 2821/571/1013 2824/572/1012
f 1319/436/992 2816/570/1007 1291/570/903
f 1320/436/991 2817/570/1005 2816/570/1007
f 1321/436/990 2818/570/1008 2817/570/1005
f 576/436/989 1309/570/972 2818/570/1008
f 1309/570/972 1308/571/970 2821/571/1013
f 2821/571/1013 1308/571/970 1307/572/967
f 2824/572/1012 1307/572/967 575/424/969
f 2823/572/1010 2824/572/1012 1322/424/1004
f 2822/572/1011 2823/572/1010 1323/424/1002
f 1289/572/905 2822/572/1011 1324/424/1001
f 1290/571/904 2819/571/1006 2822/572/1011
f 2816/570/1007 2819/571/1006 1290/571/904
f 2825/589/1014 2826/593/1018 2829/590/1015
f 2827/592/1017 2830/597/1026 2829/590/1015
f 2829/590/1015 2832/596/1021 2831/594/1019
f 2829/590/1015 2830/597/1026 2833/595/1020
f 577/486/937 1325/487/1023 2825/589/1014
f 1325/487/1023 1326/501/935 2826/593/1018
f 1327/500/1024 2827/592/1017 2826/593/1018
f 578/499/934 1334/498/1025 2827/592/1017
f 1334/498/1025 1335/497/1058 2830/597/1026
f 2830/597/1026 1335/497/1058 1336/496/1027
f 2833/595/1020 1336/496/1027 580/495/1028
f 2832/596/1021 2833/595/1020 1331/567/1029
f 2832/596/1021 1332/565/1030 1333/564/1031
f 2831/594/1019 1333/564/1031 579/491/1032
f 2828/591/1016 2831/594/1019 1328/489/1033
f 1330/488/1022 2825/589/1014 2828/591/1016
f 2835/564/1035 2838/565/1039 2837/565/1036
f 2836/564/1038 2839/565/1046 2838/565/1039
f 2837/565/1036 2838/565/1039 2841/567/1040
f 2838/565/1039 2839/565/1046 2842/567/1042
f 571/491/895 1348/491/1044 2834/564/1037
f 1347/491/1043 2835/564/1035 2834/564/1037
f 1346/491/1045 2836/564/1038 2835/564/1035
f 579/491/1032 1333/564/1031 2836/564/1038
f 2836/564/1038 1333/564/1031 1332/565/1030
f 1332/565/1030 1331/567/1029 2842/567/1042
f 2842/567/1042 1331/567/1029 580/495/1028
f 2841/567/1040 2842/567/1042 1345/495/1047
f 2840/567/1041 2841/567/1040 1344/495/1048
f 2840/567/1041 1343/495/1049 569/495/916
f 2837/565/1036 2840/567/1041 1286/567/898
f 1288/564/894 2834/564/1037 2837/565/1036
f 2844/529/1050 2847/528/1054 2846/528/1051
f 2845/529/1053 2848/528/1059 2847/528/1054
f 2846/528/1051 2847/528/1054 2850/527/1055
f 2847/528/1054 2848/528/1059 2851/527/1057
f 569/495/916 1343/495/1049 2843/529/1052
f 1344/495/1048 2844/529/1050 2843/529/1052
f 1345/495/1047 2845/529/1053 2844/529/1050
f 580/495/1028 1336/529/1027 2845/529/1053
f 2845/529/1053 1336/529/1027 1335/528/1058
f 1335/528/1058 1334/527/1025 2851/527/1057
f 2851/527/1057 1334/527/1025 578/381/934
f 2850/527/1055 2851/527/1057 1340/381/933
f 2849/527/1056 2850/527/1055 1341/381/931
f 2849/527/1056 1342/381/932 565/381/853
f 2846/528/1051 2849/527/1056 1295/527/919
f 1297/529/915 2843/529/1052 2846/528/1051
f 2853/542/1060 2856/541/1064 2855/541/1061
f 2854/542/1063 2857/541/1068 2856/541/1064
f 2855/541/1061 2856/541/1064 2859/540/1065
f 2856/541/1064 2857/541/1068 2860/540/1067
f 567/394/875 1337/394/940 2852/542/1062
f 1338/394/939 2853/542/1060 2852/542/1062
f 1339/394/938 2854/542/1063 2853/542/1060
f 577/394/937 1330/542/1022 2854/542/1063
f 2854/542/1063 1330/542/1022 1329/541/1034
f 1329/541/1034 1328/540/1033 2860/540/1067
f 2860/540/1067 1328/540/1033 579/491/1032
f 2859/540/1065 2860/540/1067 1346/491/1045
f 2858/540/1066 2859/540/1065 1347/491/1043
f 2858/540/1066 1348/491/1044 571/491/895
f 2855/541/1061 2858/540/1066 1277/540/877
f 1279/542/874 2852/542/1062 2855/541/1061
f 2861/543/843 2862/545/847 2865/301/844
f 2863/544/1069 2866/306/850 2865/301/844
f 2864/303/845 2865/301/844 2868/546/848
f 2866/306/850 2869/549/858 2868/546/848
f 1351/397/1070 2861/543/843 1352/307/852
f 1350/396/1071 2862/545/847 2861/543/843
f 1350/396/1071 1349/395/855 2863/544/1069
f 1349/395/855 583/394/875 1360/548/856
f 1360/548/856 1359/318/857 2866/306/850
f 1359/318/857 1358/550/859 2869/549/858
f 1358/550/859 584/412/885 1357/411/860
f 2869/549/858 1357/411/860 1356/410/861
f 2867/547/849 2868/546/848 1356/410/861
f 1354/312/863 2867/547/849 1355/409/1072
f 1353/310/1073 2864/303/845 2867/547/849
f 1352/307/852 2861/543/843 2864/303/845
f 2871/551/866 2874/327/870 2873/323/867
f 2872/553/869 2875/330/872 2874/327/870
f 2874/327/870 2877/555/873 2876/554/871
f 2875/330/872 2878/557/1076 2877/555/873
f 1363/542/874 2870/552/1074 1360/548/856
f 1362/541/1075 2871/551/866 2870/552/1074
f 1361/540/877 2872/553/869 2871/551/866
f 1361/540/877 587/491/895 1369/556/878
f 1369/556/878 1368/338/879 2875/330/872
f 1368/338/879 1367/558/881 2878/557/1076
f 1367/558/881 588/424/1081 1366/464/882
f 2878/557/1076 1366/464/882 1365/463/1077
f 2877/555/873 1365/463/1077 1364/462/884
f 2876/554/871 1364/462/884 584/412/885
f 2873/323/867 2876/554/871 1358/550/859
f 2870/552/1074 2873/323/867 1359/318/857
f 2880/559/886 2883/347/890 2882/343/887
f 2880/559/886 2881/566/1080 2884/348/889
f 2883/347/890 2886/563/1078 2885/561/891
f 2883/347/890 2884/348/889 2887/562/892
f 1372/564/1079 2879/560/888 1369/556/878
f 1371/565/896 2880/559/886 2879/560/888
f 1371/565/896 1370/567/898 2881/566/1080
f 1370/567/898 585/495/916 1378/568/899
f 2881/566/1080 1378/568/899 1377/358/900
f 2884/348/889 1377/358/900 1376/569/901
f 2887/562/892 1376/569/901 586/436/902
f 2886/563/1078 2887/562/892 1375/570/903
f 2886/563/1078 1374/571/904 1373/572/905
f 2885/561/891 1373/572/905 588/424/1081
f 2882/343/887 2885/561/891 1367/558/881
f 2879/560/888 2882/343/887 1368/338/879
f 2888/573/907 2889/574/910 2892/364/1082
f 2889/574/910 2890/578/918 2893/368/911
f 2891/366/909 2892/364/1082 2895/575/912
f 2892/364/1082 2893/368/911 2896/577/914
f 1381/529/915 2888/573/907 1378/568/899
f 1381/529/915 1380/528/917 2889/574/910
f 1380/528/917 1379/527/1083 2890/578/918
f 1379/527/1083 581/381/853 1352/379/852
f 2890/578/918 1352/379/852 1353/378/1073
f 2893/368/911 1353/378/1073 1354/377/863
f 2896/577/914 1354/377/863 582/376/864
f 2895/575/912 2896/577/914 1384/451/920
f 2894/576/913 2895/575/912 1383/450/921
f 1376/569/901 2894/576/913 1382/449/1084
f 1377/358/900 2891/366/909 2894/576/913
f 1378/568/899 2888/573/907 2891/366/909
f 2898/397/923 2901/396/927 2900/396/924
f 2899/397/1085 2902/396/1090 2901/396/927
f 2900/396/924 2901/396/927 2904/395/1086
f 2901/396/927 2902/396/1090 2905/395/930
f 581/309/853 1426/309/1088 2897/397/925
f 1425/309/1087 2898/397/923 2897/397/925
f 1424/309/933 2899/397/1085 2898/397/923
f 594/309/1089 1411/397/1119 2899/397/1085
f 2899/397/1085 1411/397/1119 1410/396/935
f 1410/396/935 1409/395/1023 2905/395/930
f 2905/395/930 1409/395/1023 593/394/937
f 2904/395/1086 2905/395/930 1423/394/938
f 2903/395/929 2904/395/1086 1422/394/939
f 2903/395/929 1421/394/940 583/394/875
f 2900/396/924 2903/395/929 1349/395/855
f 1351/397/1070 2897/397/925 2900/396/924
f 2906/411/941 2907/411/1091 2910/410/942
f 2908/411/944 2911/410/954 2910/410/942
f 2910/410/942 2913/409/948 2912/409/1092
f 2910/410/942 2911/410/954 2914/409/1093
f 584/412/885 1402/412/949 2906/411/941
f 1402/412/949 1401/412/951 2907/411/1091
f 1400/412/1094 2908/411/944 2907/411/1091
f 590/412/1095 1387/411/953 2908/411/944
f 1387/411/953 1386/410/977 2911/410/954
f 2911/410/954 1386/410/977 1385/409/955
f 2914/409/1093 1385/409/955 589/407/1096
f 2913/409/948 2914/409/1093 1399/407/957
f 2913/409/948 1398/407/958 1397/407/959
f 2912/409/1092 1397/407/959 582/407/864
f 2909/410/943 2912/409/1092 1355/409/1072
f 1357/411/860 2906/411/941 2909/410/943
f 2916/579/1097 2919/583/964 2918/580/961
f 2916/579/1097 2917/586/971 2920/582/1098
f 2918/580/961 2919/583/964 2922/584/965
f 2920/582/1098 2923/587/975 2922/584/965
f 1391/572/967 2915/581/962 1390/422/1100
f 1392/571/1102 2916/579/1097 2915/581/962
f 1392/571/1102 1393/570/1103 2917/586/971
f 1393/570/1103 592/436/989 1394/434/1104
f 2917/586/971 1394/434/1104 1395/433/974
f 1395/433/974 1396/432/976 2923/587/975
f 1396/432/976 589/598/1096 1385/431/955
f 2923/587/975 1385/431/955 1386/429/977
f 2921/585/1099 2922/584/965 1386/429/977
f 1388/427/978 2921/585/1099 1387/428/953
f 1389/425/1105 2918/580/961 2921/585/1099
f 2915/581/962 2918/580/961 1389/425/1105
f 2925/451/980 2928/450/984 2927/450/981
f 2926/451/983 2929/450/986 2928/450/984
f 2928/450/984 2931/449/987 2930/449/985
f 2929/450/986 2932/449/1106 2931/449/987
f 1397/376/959 2924/451/982 1384/451/920
f 1398/376/958 2925/451/980 2924/451/982
f 1399/376/957 2926/451/983 2925/451/980
f 589/376/1096 1396/451/976 2926/451/983
f 1396/451/976 1395/450/974 2929/450/986
f 1395/450/974 1394/449/1104 2932/449/1106
f 2932/449/1106 1394/449/1104 592/436/989
f 2932/449/1106 1405/436/1107 1404/436/991
f 2931/449/987 1404/436/991 1403/436/1108
f 2930/449/985 1403/436/1108 586/436/902
f 2927/450/981 2930/449/985 1382/449/1084
f 2924/451/982 2927/450/981 1383/450/921
f 2933/464/993 2934/464/996 2937/463/1109
f 2934/464/996 2935/464/1003 2938/463/1110
f 2936/463/995 2937/463/1109 2940/462/998
f 2937/463/1109 2938/463/1110 2941/462/1000
f 588/424/1081 1408/424/1001 2933/464/993
f 1408/424/1001 1407/424/1002 2934/464/996
f 1407/424/1002 1406/424/1112 2935/464/1003
f 591/424/1101 1390/464/1100 2935/464/1003
f 2935/464/1003 1390/464/1100 1389/463/1105
f 2938/463/1110 1389/463/1105 1388/462/978
f 2941/462/1000 1388/462/978 590/412/1095
f 2940/462/998 2941/462/1000 1400/412/1094
f 2939/462/1111 2940/462/998 1401/412/951
f 1364/462/884 2939/462/1111 1402/412/949
f 1365/463/1077 2936/463/995 2939/462/1111
f 1366/464/882 2933/464/993 2936/463/995
f 2943/570/1005 2946/571/1113 2945/571/1006
f 2944/570/1008 2947/571/1116 2946/571/1113
f 2945/571/1006 2946/571/1113 2949/572/1114
f 2946/571/1113 2947/571/1116 2950/572/1115
f 1403/436/1108 2942/570/1007 1375/570/903
f 1404/436/991 2943/570/1005 2942/570/1007
f 1405/436/1107 2944/570/1008 2943/570/1005
f 592/436/989 1393/570/1103 2944/570/1008
f 1393/570/1103 1392/571/1102 2947/571/1116
f 2947/571/1116 1392/571/1102 1391/572/967
f 2950/572/1115 1391/572/967 591/424/1101
f 2949/572/1114 2950/572/1115 1406/424/1112
f 2948/572/1011 2949/572/1114 1407/424/1002
f 1373/572/905 2948/572/1011 1408/424/1001
f 1374/571/904 2945/571/1006 2948/572/1011
f 2942/570/1007 2945/571/1006 1374/571/904
f 2951/589/1014 2952/593/1018 2955/590/1015
f 2953/592/1017 2956/597/1026 2955/590/1015
f 2955/590/1015 2958/596/1021 2957/594/1019
f 2955/590/1015 2956/597/1026 2959/595/1117
f 593/486/937 1409/487/1023 2951/589/1014
f 1409/487/1023 1410/501/935 2952/593/1018
f 1411/500/1119 2953/592/1017 2952/593/1018
f 594/499/1089 1418/498/1120 2953/592/1017
f 1418/498/1120 1419/497/1131 2956/597/1026
f 2956/597/1026 1419/497/1131 1420/496/1121
f 2959/595/1117 1420/496/1121 596/495/1028
f 2958/596/1021 2959/595/1117 1415/567/1029
f 2958/596/1021 1416/565/1030 1417/564/1031
f 2957/594/1019 1417/564/1031 595/491/1032
f 2954/591/1016 2957/594/1019 1412/489/1033
f 1414/488/1118 2951/589/1014 2954/591/1016
f 2961/564/1035 2964/565/1039 2963/565/1123
f 2962/564/1038 2965/565/1046 2964/565/1039
f 2963/565/1123 2964/565/1039 2967/567/1040
f 2964/565/1039 2965/565/1046 2968/567/1042
f 587/491/895 1432/491/1044 2960/564/1037
f 1431/491/1043 2961/564/1035 2960/564/1037
f 1430/491/1045 2962/564/1038 2961/564/1035
f 595/491/1032 1417/564/1031 2962/564/1038
f 2962/564/1038 1417/564/1031 1416/565/1030
f 1416/565/1030 1415/567/1029 2968/567/1042
f 2968/567/1042 1415/567/1029 596/495/1028
f 2967/567/1040 2968/567/1042 1429/495/1047
f 2966/567/1124 2967/567/1040 1428/495/1048
f 2966/567/1124 1427/495/1125 585/495/916
f 2963/565/1123 2966/567/1124 1370/567/898
f 1372/564/1079 2960/564/1037 2963/565/1123
f 2970/529/1126 2973/528/1128 2972/528/1051
f 2971/529/1053 2974/528/1132 2973/528/1128
f 2972/528/1051 2973/528/1128 2976/527/1129
f 2973/528/1128 2974/528/1132 2977/527/1130
f 585/495/916 1427/495/1125 2969/529/1127
f 1428/495/1048 2970/529/1126 2969/529/1127
f 1429/495/1047 2971/529/1053 2970/529/1126
f 596/495/1028 1420/529/1121 2971/529/1053
f 2971/529/1053 1420/529/1121 1419/528/1131
f 1419/528/1131 1418/527/1120 2977/527/1130
f 2977/527/1130 1418/527/1120 594/381/1089
f 2976/527/1129 2977/527/1130 1424/381/933
f 2975/527/1056 2976/527/1129 1425/381/1087
f 2975/527/1056 1426/381/1088 581/381/853
f 2972/528/1051 2975/527/1056 1379/527/1083
f 1381/529/915 2969/529/1127 2972/528/1051
f 2979/542/1060 2982/541/1133 2981/541/1061
f 2980/542/1063 2983/541/1136 2982/541/1133
f 2981/541/1061 2982/541/1133 2985/540/1134
f 2982/541/1133 2983/541/1136 2986/540/1067
f 583/394/875 1421/394/940 2978/542/1062
f 1422/394/939 2979/542/1060 2978/542/1062
f 1423/394/938 2980/542/1063 2979/542/1060
f 593/394/937 1414/542/1118 2980/542/1063
f 2980/542/1063 1414/542/1118 1413/541/1122
f 1413/541/1122 1412/540/1033 2986/540/1067
f 2986/540/1067 1412/540/1033 595/491/1032
f 2985/540/1134 2986/540/1067 1430/491/1045
f 2984/540/1135 2985/540/1134 1431/491/1043
f 2984/540/1135 1432/491/1044 587/491/895
f 2981/541/1061 2984/540/1135 1361/540/877
f 1363/542/874 2978/542/1062 2981/541/1061
f 2987/543/843 2988/545/1137 2991/301/844
f 2989/544/846 2992/306/850 2991/301/844
f 2990/303/845 2991/301/844 2994/546/848
f 2992/306/850 2995/549/858 2994/546/848
f 1435/397/851 2987/543/843 1436/307/852
f 1434/396/1071 2988/545/1137 2987/543/843
f 1434/396/1071 1433/395/855 2989/544/846
f 1433/395/855 599/394/875 1444/548/856
f 1444/548/856 1443/318/857 2992/306/850
f 1443/318/857 1442/550/859 2995/549/858
f 1442/550/859 600/412/885 1441/411/860
f 2995/549/858 1441/411/860 1440/410/861
f 2993/547/1138 2994/546/848 1440/410/861
f 1438/312/863 2993/547/1138 1439/409/1072
f 1437/310/1073 2990/303/845 2993/547/1138
f 1436/307/852 2987/543/843 2990/303/845
f 2997/551/866 3000/327/870 2999/323/867
f 2998/553/1139 3001/330/872 3000/327/870
f 3000/327/870 3003/555/1140 3002/554/871
f 3001/330/872 3004/557/880 3003/555/1140
f 1447/542/1141 2996/552/1074 1444/548/856
f 1446/541/1075 2997/551/866 2996/552/1074
f 1445/540/877 2998/553/1139 2997/551/866
f 1445/540/877 603/491/895 1453/556/878
f 1453/556/878 1452/338/879 3001/330/872
f 1452/338/879 1451/558/881 3004/557/880
f 1451/558/881 604/424/1081 1450/464/882
f 3004/557/880 1450/464/882 1449/463/883
f 3003/555/1140 1449/463/883 1448/462/884
f 3002/554/871 1448/462/884 600/412/885
f 2999/323/867 3002/554/871 1442/550/859
f 2996/552/1074 2999/323/867 1443/318/857
f 3006/559/886 3009/347/890 3008/343/887
f 3006/559/886 3007/566/1080 3010/348/889
f 3009/347/890 3012/563/1078 3011/561/891
f 3009/347/890 3010/348/889 3013/562/892
f 1456/564/894 3005/560/888 1453/556/878
f 1455/565/896 3006/559/886 3005/560/888
f 1455/565/896 1454/567/898 3007/566/1080
f 1454/567/898 601/495/916 1462/568/899
f 3007/566/1080 1462/568/899 1461/358/900
f 3010/348/889 1461/358/900 1460/569/901
f 3013/562/892 1460/569/901 602/436/902
f 3012/563/1078 3013/562/892 1459/570/1142
f 3012/563/1078 1458/571/1143 1457/572/905
f 3011/561/891 1457/572/905 604/424/1081
f 3008/343/887 3011/561/891 1451/558/881
f 3005/560/888 3008/343/887 1452/338/879
f 3014/573/907 3015/574/910 3018/364/908
f 3015/574/910 3016/578/918 3019/368/911
f 3017/366/909 3018/364/908 3021/575/912
f 3018/364/908 3019/368/911 3022/577/914
f 1465/529/915 3014/573/907 1462/568/899
f 1465/529/915 1464/528/917 3015/574/910
f 1464/528/917 1463/527/1144 3016/578/918
f 1463/527/1144 597/381/853 1436/379/852
f 3016/578/918 1436/379/852 1437/378/1073
f 3019/368/911 1437/378/1073 1438/377/863
f 3022/577/914 1438/377/863 598/376/864
f 3021/575/912 3022/577/914 1468/451/920
f 3020/576/913 3021/575/912 1467/450/921
f 1460/569/901 3020/576/913 1466/449/922
f 1461/358/900 3017/366/909 3020/576/913
f 1462/568/899 3014/573/907 3017/366/909
f 3024/397/923 3027/396/927 3026/396/924
f 3025/397/1085 3028/396/936 3027/396/927
f 3026/396/924 3027/396/927 3030/395/1086
f 3027/396/927 3028/396/936 3031/395/1146
f 597/309/853 1510/309/932 3023/397/925
f 1509/309/931 3024/397/923 3023/397/925
f 1508/309/933 3025/397/1085 3024/397/923
f 610/309/1089 1495/397/1119 3025/397/1085
f 3025/397/1085 1495/397/1119 1494/396/935
f 1494/396/935 1493/395/1023 3031/395/1146
f 3031/395/1146 1493/395/1023 609/394/937
f 3030/395/1086 3031/395/1146 1507/394/1147
f 3029/395/1145 3030/395/1086 1506/394/1148
f 3029/395/1145 1505/394/940 599/394/875
f 3026/396/924 3029/395/1145 1433/395/855
f 1435/397/851 3023/397/925 3026/396/924
f 3032/411/941 3033/411/1150 3036/410/1149
f 3034/411/944 3037/410/1153 3036/410/1149
f 3036/410/1149 3039/409/948 3038/409/946
f 3036/410/1149 3037/410/1153 3040/409/947
f 600/412/885 1486/412/949 3032/411/941
f 1486/412/949 1485/412/1151 3033/411/1150
f 1484/412/950 3034/411/944 3033/411/1150
f 606/412/1152 1471/411/953 3034/411/944
f 1471/411/953 1470/410/977 3037/410/1153
f 3037/410/1153 1470/410/977 1469/409/955
f 3040/409/947 1469/409/955 605/407/1096
f 3039/409/948 3040/409/947 1483/407/957
f 3039/409/948 1482/407/958 1481/407/959
f 3038/409/946 1481/407/959 598/407/864
f 3035/410/943 3038/409/946 1439/409/1072
f 1441/411/860 3032/411/941 3035/410/943
f 3042/579/1097 3045/583/1155 3044/580/961
f 3042/579/1097 3043/586/1157 3046/582/963
f 3044/580/961 3045/583/1155 3048/584/965
f 3046/582/963 3049/587/975 3048/584/965
f 1475/572/967 3041/581/1154 1474/422/1100
f 1476/571/970 3042/579/1097 3041/581/1154
f 1476/571/970 1477/570/1158 3043/586/1157
f 1477/570/1158 608/436/1160 1478/434/973
f 3043/586/1157 1478/434/973 1479/433/974
f 1479/433/974 1480/432/976 3049/587/975
f 1480/432/976 605/598/1096 1469/431/955
f 3049/587/975 1469/431/955 1470/429/977
f 3047/585/966 3048/584/965 1470/429/977
f 1472/427/978 3047/585/966 1471/428/953
f 1473/425/979 3044/580/961 3047/585/966
f 3041/581/1154 3044/580/961 1473/425/979
f 3051/451/980 3054/450/984 3053/450/981
f 3052/451/1159 3055/450/986 3054/450/984
f 3054/450/984 3057/449/987 3056/449/985
f 3055/450/986 3058/449/988 3057/449/987
f 1481/376/959 3050/451/982 1468/451/920
f 1482/376/958 3051/451/980 3050/451/982
f 1483/376/957 3052/451/1159 3051/451/980
f 605/376/1096 1480/451/976 3052/451/1159
f 1480/451/976 1479/450/974 3055/450/986
f 1479/450/974 1478/449/973 3058/449/988
f 3058/449/988 1478/449/973 608/436/1160
f 3058/449/988 1489/436/990 1488/436/991
f 3057/449/987 1488/436/991 1487/436/992
f 3056/449/985 1487/436/992 602/436/902
f 3053/450/981 3056/449/985 1466/449/922
f 3050/451/982 3053/450/981 1467/450/921
f 3059/464/993 3060/464/1161 3063/463/1109
f 3060/464/1161 3061/464/1003 3064/463/1110
f 3062/463/995 3063/463/1109 3066/462/998
f 3063/463/1109 3064/463/1110 3067/462/1000
f 604/424/1081 1492/424/1001 3059/464/993
f 1492/424/1001 1491/424/1002 3060/464/1161
f 1491/424/1002 1490/424/1004 3061/464/1003
f 607/424/1156 1474/464/1100 3061/464/1003
f 3061/464/1003 1474/464/1100 1473/463/979
f 3064/463/1110 1473/463/979 1472/462/978
f 3067/462/1000 1472/462/978 606/412/1152
f 3066/462/998 3067/462/1000 1484/412/950
f 3065/462/999 3066/462/998 1485/412/1151
f 1448/462/884 3065/462/999 1486/412/949
f 1449/463/883 3062/463/995 3065/462/999
f 1450/464/882 3059/464/993 3062/463/995
f 3069/570/1005 3072/571/1009 3071/571/1162
f 3070/570/1008 3073/571/1163 3072/571/1009
f 3071/571/1162 3072/571/1009 3075/572/1010
f 3072/571/1009 3073/571/1163 3076/572/1012
f 1487/436/992 3068/570/1007 1459/570/1142
f 1488/436/991 3069/570/1005 3068/570/1007
f 1489/436/990 3070/570/1008 3069/570/1005
f 608/436/1160 1477/570/1158 3070/570/1008
f 1477/570/1158 1476/571/970 3073/571/1163
f 3073/571/1163 1476/571/970 1475/572/967
f 3076/572/1012 1475/572/967 607/424/1156
f 3075/572/1010 3076/572/1012 1490/424/1004
f 3074/572/1011 3075/572/1010 1491/424/1002
f 1457/572/905 3074/572/1011 1492/424/1001
f 1458/571/1143 3071/571/1162 3074/572/1011
f 3068/570/1007 3071/571/1162 1458/571/1143
f 3077/589/1014 3078/593/1018 3081/590/1015
f 3079/592/1017 3082/597/1026 3081/590/1015
f 3081/590/1015 3084/596/1021 3083/594/1019
f 3081/590/1015 3082/597/1026 3085/595/1020
f 609/486/937 1493/487/1023 3077/589/1014
f 1493/487/1023 1494/501/935 3078/593/1018
f 1495/500/1119 3079/592/1017 3078/593/1018
f 610/499/1089 1502/498/1164 3079/592/1017
f 1502/498/1164 1503/497/1131 3082/597/1026
f 3082/597/1026 1503/497/1131 1504/496/1027
f 3085/595/1020 1504/496/1027 612/495/1028
f 3084/596/1021 3085/595/1020 1499/567/1029
f 3084/596/1021 1500/565/1030 1501/564/1031
f 3083/594/1019 1501/564/1031 611/491/1165
f 3080/591/1016 3083/594/1019 1496/489/1033
f 1498/488/1022 3077/589/1014 3080/591/1016
f 3087/564/1035 3090/565/1039 3089/565/1036
f 3088/564/1038 3091/565/1167 3090/565/1039
f 3089/565/1036 3090/565/1039 3093/567/1040
f 3090/565/1039 3091/565/1167 3094/567/1166
f 603/491/895 1516/491/1044 3086/564/1037
f 1515/491/1043 3087/564/1035 3086/564/1037
f 1514/491/1045 3088/564/1038 3087/564/1035
f 611/491/1165 1501/564/1031 3088/564/1038
f 3088/564/1038 1501/564/1031 1500/565/1030
f 1500/565/1030 1499/567/1029 3094/567/1166
f 3094/567/1166 1499/567/1029 612/495/1028
f 3093/567/1040 3094/567/1166 1513/495/1168
f 3092/567/1124 3093/567/1040 1512/495/1048
f 3092/567/1124 1511/495/1125 601/495/916
f 3089/565/1036 3092/567/1124 1454/567/898
f 1456/564/894 3086/564/1037 3089/565/1036
f 3096/529/1126 3099/528/1054 3098/528/1051
f 3097/529/1053 3100/528/1132 3099/528/1054
f 3098/528/1051 3099/528/1054 3102/527/1055
f 3099/528/1054 3100/528/1132 3103/527/1057
f 601/495/916 1511/495/1125 3095/529/1127
f 1512/495/1048 3096/529/1126 3095/529/1127
f 1513/495/1168 3097/529/1053 3096/529/1126
f 612/495/1028 1504/529/1027 3097/529/1053
f 3097/529/1053 1504/529/1027 1503/528/1131
f 1503/528/1131 1502/527/1164 3103/527/1057
f 3103/527/1057 1502/527/1164 610/381/1089
f 3102/527/1055 3103/527/1057 1508/381/933
f 3101/527/1056 3102/527/1055 1509/381/931
f 3101/527/1056 1510/381/932 597/381/853
f 3098/528/1051 3101/527/1056 1463/527/1144
f 1465/529/915 3095/529/1127 3098/528/1051
f 3105/542/1169 3108/541/1172 3107/541/1170
f 3106/542/1063 3109/541/1068 3108/541/1172
f 3107/541/1170 3108/541/1172 3111/540/1173
f 3108/541/1172 3109/541/1068 3112/540/1174
f 599/394/875 1505/394/940 3104/542/1171
f 1506/394/1148 3105/542/1169 3104/542/1171
f 1507/394/1147 3106/542/1063 3105/542/1169
f 609/394/937 1498/542/1022 3106/542/1063
f 3106/542/1063 1498/542/1022 1497/541/1034
f 1497/541/1034 1496/540/1033 3112/540/1174
f 3112/540/1174 1496/540/1033 611/491/1165
f 3111/540/1173 3112/540/1174 1514/491/1045
f 3110/540/1135 3111/540/1173 1515/491/1043
f 3110/540/1135 1516/491/1044 603/491/895
f 3107/541/1170 3110/540/1135 1445/540/877
f 1447/542/1141 3104/542/1171 3107/541/1170
f 3113/543/843 3114/545/847 3117/301/844
f 3115/544/1069 3118/306/850 3117/301/844
f 3116/303/845 3117/301/844 3120/546/848
f 3118/306/850 3121/549/858 3120/546/848
f 1519/397/851 3113/543/843 1520/307/852
f 1518/396/1071 3114/545/847 3113/543/843
f 1518/396/1071 1517/395/855 3115/544/1069
f 1517/395/855 615/394/875 1528/548/856
f 1528/548/856 1527/318/857 3118/306/850
f 1527/318/857 1526/550/859 3121/549/858
f 1526/550/859 616/412/885 1525/411/860
f 3121/549/858 1525/411/860 1524/410/861
f 3119/547/849 3120/546/848 1524/410/861
f 1522/312/863 3119/547/849 1523/409/862
f 1521/310/1073 3116/303/845 3119/547/849
f 1520/307/852 3113/543/843 3116/303/845
f 3123/551/866 3126/327/870 3125/323/867
f 3124/553/1139 3127/330/872 3126/327/870
f 3126/327/870 3129/555/873 3128/554/1176
f 3127/330/872 3130/557/880 3129/555/873
f 1531/542/874 3122/552/868 1528/548/856
f 1530/541/876 3123/551/866 3122/552/868
f 1529/540/877 3124/553/1139 3123/551/866
f 1529/540/877 619/491/895 1537/556/878
f 1537/556/878 1536/338/879 3127/330/872
f 1536/338/879 1535/558/881 3130/557/880
f 1535/558/881 620/424/1081 1534/464/882
f 3130/557/880 1534/464/882 1533/463/1077
f 3129/555/873 1533/463/1077 1532/462/884
f 3128/554/1176 1532/462/884 616/412/885
f 3125/323/867 3128/554/1176 1526/550/859
f 3122/552/868 3125/323/867 1527/318/857
f 3132/559/886 3135/347/890 3134/343/887
f 3132/559/886 3133/566/1080 3136/348/889
f 3135/347/890 3138/563/893 3137/561/891
f 3135/347/890 3136/348/889 3139/562/892
f 1540/564/1079 3131/560/888 1537/556/878
f 1539/565/896 3132/559/886 3131/560/888
f 1539/565/896 1538/567/898 3133/566/1080
f 1538/567/898 617/495/916 1546/568/899
f 3133/566/1080 1546/568/899 1545/358/900
f 3136/348/889 1545/358/900 1544/569/901
f 3139/562/892 1544/569/901 618/436/902
f 3138/563/893 3139/562/892 1543/570/903
f 3138/563/893 1542/571/1143 1541/572/905
f 3137/561/891 1541/572/905 620/424/1081
f 3134/343/887 3137/561/891 1535/558/881
f 3131/560/888 3134/343/887 1536/338/879
f 3140/573/907 3141/574/910 3144/364/908
f 3141/574/910 3142/578/918 3145/368/1177
f 3143/366/909 3144/364/908 3147/575/912
f 3144/364/908 3145/368/1177 3148/577/914
f 1549/529/915 3140/573/907 1546/568/899
f 1549/529/915 1548/528/917 3141/574/910
f 1548/528/917 1547/527/919 3142/578/918
f 1547/527/919 613/381/1175 1520/379/852
f 3142/578/918 1520/379/852 1521/378/1073
f 3145/368/1177 1521/378/1073 1522/377/863
f 3148/577/914 1522/377/863 614/376/864
f 3147/575/912 3148/577/914 1552/451/920
f 3146/576/913 3147/575/912 1551/450/921
f 1544/569/901 3146/576/913 1550/449/922
f 1545/358/900 3143/366/909 3146/576/913
f 1546/568/899 3140/573/907 3143/366/909
f 3150/397/923 3153/396/927 3152/396/924
f 3151/397/926 3154/396/936 3153/396/927
f 3152/396/924 3153/396/927 3156/395/1086
f 3153/396/927 3154/396/936 3157/395/1146
f 613/309/1175 1594/309/1088 3149/397/925
f 1593/309/1087 3150/397/923 3149/397/925
f 1592/309/933 3151/397/926 3150/397/923
f 626/309/1089 1579/397/1119 3151/397/926
f 3151/397/926 1579/397/1119 1578/396/935
f 1578/396/935 1577/395/1023 3157/395/1146
f 3157/395/1146 1577/395/1023 625/394/937
f 3156/395/1086 3157/395/1146 1591/394/938
f 3155/395/1145 3156/395/1086 1590/394/939
f 3155/395/1145 1589/394/940 615/394/875
f 3152/396/924 3155/395/1145 1517/395/855
f 1519/397/851 3149/397/925 3152/396/924
f 3158/411/941 3159/411/945 3162/410/1149
f 3160/411/1178 3163/410/954 3162/410/1149
f 3162/410/1149 3165/409/948 3164/409/946
f 3162/410/1149 3163/410/954 3166/409/1093
f 616/412/885 1570/412/949 3158/411/941
f 1570/412/949 1569/412/951 3159/411/945
f 1568/412/950 3160/411/1178 3159/411/945
f 622/412/1179 1555/411/953 3160/411/1178
f 1555/411/953 1554/410/977 3163/410/954
f 3163/410/954 1554/410/977 1553/409/955
f 3166/409/1093 1553/409/955 621/407/1180
f 3165/409/948 3166/409/1093 1567/407/957
f 3165/409/948 1566/407/958 1565/407/1181
f 3164/409/946 1565/407/1181 614/407/864
f 3161/410/943 3164/409/946 1523/409/862
f 1525/411/860 3158/411/941 3161/410/943
f 3168/579/1097 3171/583/1182 3170/580/961
f 3168/579/1097 3169/586/971 3172/582/1098
f 3170/580/961 3171/583/1182 3174/584/965
f 3172/582/1098 3175/587/975 3174/584/965
f 1559/572/967 3167/581/1154 1558/422/1100
f 1560/571/1183 3168/579/1097 3167/581/1154
f 1560/571/1183 1561/570/972 3169/586/971
f 1561/570/972 624/436/989 1562/434/1184
f 3169/586/971 1562/434/1184 1563/433/1185
f 1563/433/1185 1564/432/976 3175/587/975
f 1564/432/976 621/598/1180 1553/431/955
f 3175/587/975 1553/431/955 1554/429/977
f 3173/585/966 3174/584/965 1554/429/977
f 1556/427/1186 3173/585/966 1555/428/953
f 1557/425/1187 3170/580/961 3173/585/966
f 3167/581/1154 3170/580/961 1557/425/1187
f 3177/451/980 3180/450/984 3179/450/1188
f 3178/451/1159 3181/450/986 3180/450/984
f 3180/450/984 3183/449/987 3182/449/985
f 3181/450/986 3184/449/988 3183/449/987
f 1565/376/1181 3176/451/982 1552/451/920
f 1566/376/958 3177/451/980 3176/451/982
f 1567/376/957 3178/451/1159 3177/451/980
f 621/376/1180 1564/451/976 3178/451/1159
f 1564/451/976 1563/450/1185 3181/450/986
f 1563/450/1185 1562/449/1184 3184/449/988
f 3184/449/988 1562/449/1184 624/436/989
f 3184/449/988 1573/436/1189 1572/436/991
f 3183/449/987 1572/436/991 1571/436/992
f 3182/449/985 1571/436/992 618/436/902
f 3179/450/1188 3182/449/985 1550/449/922
f 3176/451/982 3179/450/1188 1551/450/921
f 3185/464/993 3186/464/996 3189/463/994
f 3186/464/996 3187/464/1003 3190/463/1110
f 3188/463/995 3189/463/994 3192/462/998
f 3189/463/994 3190/463/1110 3193/462/1000
f 620/424/1081 1576/424/1001 3185/464/993
f 1576/424/1001 1575/424/1002 3186/464/996
f 1575/424/1002 1574/424/1190 3187/464/1003
f 623/424/1156 1558/464/1100 3187/464/1003
f 3187/464/1003 1558/464/1100 1557/463/1187
f 3190/463/1110 1557/463/1187 1556/462/1186
f 3193/462/1000 1556/462/1186 622/412/1179
f 3192/462/998 3193/462/1000 1568/412/950
f 3191/462/999 3192/462/998 1569/412/951
f 1532/462/884 3191/462/999 1570/412/949
f 1533/463/1077 3188/463/995 3191/462/999
f 1534/464/882 3185/464/993 3188/463/995
f 3195/570/1005 3198/571/1009 3197/571/1162
f 3196/570/1008 3199/571/1191 3198/571/1009
f 3197/571/1162 3198/571/1009 3201/572/1114
f 3198/571/1009 3199/571/1191 3202/572/1115
f 1571/436/992 3194/570/1007 1543/570/903
f 1572/436/991 3195/570/1005 3194/570/1007
f 1573/436/1189 3196/570/1008 3195/570/1005
f 624/436/989 1561/570/972 3196/570/1008
f 1561/570/972 1560/571/1183 3199/571/1191
f 3199/571/1191 1560/571/1183 1559/572/967
f 3202/572/1115 1559/572/967 623/424/1156
f 3201/572/1114 3202/572/1115 1574/424/1190
f 3200/572/1011 3201/572/1114 1575/424/1002
f 1541/572/905 3200/572/1011 1576/424/1001
f 1542/571/1143 3197/571/1162 3200/572/1011
f 3194/570/1007 3197/571/1162 1542/571/1143
f 3203/589/1014 3204/593/1018 3207/590/1015
f 3205/592/1017 3208/597/1026 3207/590/1015
f 3207/590/1015 3210/596/1021 3209/594/1019
f 3207/590/1015 3208/597/1026 3211/595/1020
f 625/486/937 1577/487/1023 3203/589/1014
f 1577/487/1023 1578/501/935 3204/593/1018
f 1579/500/1119 3205/592/1017 3204/593/1018
f 626/499/1089 1586/498/1025 3205/592/1017
f 1586/498/1025 1587/497/1131 3208/597/1026
f 3208/597/1026 1587/497/1131 1588/496/1027
f 3211/595/1020 1588/496/1027 628/495/1028
f 3210/596/1021 3211/595/1020 1583/567/1029
f 3210/596/1021 1584/565/1030 1585/564/1031
f 3209/594/1019 1585/564/1031 627/491/1165
f 3206/591/1016 3209/594/1019 1580/489/1033
f 1582/488/1118 3203/589/1014 3206/591/1016
f 3213/564/1035 3216/565/1039 3215/565/1036
f 3214/564/1192 3217/565/1046 3216/565/1039
f 3215/565/1036 3216/565/1039 3219/567/1040
f 3216/565/1039 3217/565/1046 3220/567/1166
f 619/491/895 1600/491/1044 3212/564/1037
f 1599/491/1043 3213/564/1035 3212/564/1037
f 1598/491/1045 3214/564/1192 3213/564/1035
f 627/491/1165 1585/564/1031 3214/564/1192
f 3214/564/1192 1585/564/1031 1584/565/1030
f 1584/565/1030 1583/567/1029 3220/567/1166
f 3220/567/1166 1583/567/1029 628/495/1028
f 3219/567/1040 3220/567/1166 1597/495/1168
f 3218/567/1041 3219/567/1040 1596/495/1048
f 3218/567/1041 1595/495/1049 617/495/916
f 3215/565/1036 3218/567/1041 1538/567/898
f 1540/564/1079 3212/564/1037 3215/565/1036
f 3222/529/1126 3225/528/1128 3224/528/1051
f 3223/529/1053 3226/528/1132 3225/528/1128
f 3224/528/1051 3225/528/1128 3228/527/1193
f 3225/528/1128 3226/528/1132 3229/527/1194
f 617/495/916 1595/495/1049 3221/529/1127
f 1596/495/1048 3222/529/1126 3221/529/1127
f 1597/495/1168 3223/529/1053 3222/529/1126
f 628/495/1028 1588/529/1027 3223/529/1053
f 3223/529/1053 1588/529/1027 1587/528/1131
f 1587/528/1131 1586/527/1025 3229/527/1194
f 3229/527/1194 1586/527/1025 626/381/1089
f 3228/527/1193 3229/527/1194 1592/381/933
f 3227/527/1056 3228/527/1193 1593/381/1087
f 3227/527/1056 1594/381/1088 613/381/1175
f 3224/528/1051 3227/527/1056 1547/527/919
f 1549/529/915 3221/529/1127 3224/528/1051
f 3231/542/1169 3234/541/1195 3233/541/1061
f 3232/542/1063 3235/541/1068 3234/541/1195
f 3233/541/1061 3234/541/1195 3237/540/1196
f 3234/541/1195 3235/541/1068 3238/540/1174
f 615/394/875 1589/394/940 3230/542/1062
f 1590/394/939 3231/542/1169 3230/542/1062
f 1591/394/938 3232/542/1063 3231/542/1169
f 625/394/937 1582/542/1118 3232/542/1063
f 3232/542/1063 1582/542/1118 1581/541/1034
f 1581/541/1034 1580/540/1033 3238/540/1174
f 3238/540/1174 1580/540/1033 627/491/1165
f 3237/540/1196 3238/540/1174 1598/491/1045
f 3236/540/1066 3237/540/1196 1599/491/1043
f 3236/540/1066 1600/491/1044 619/491/895
f 3233/541/1061 3236/540/1066 1529/540/877
f 1531/542/874 3230/542/1062 3233/541/1061
f 3239/543/843 3240/545/847 3243/301/1197
f 3241/544/846 3244/306/850 3243/301/1197
f 3242/303/845 3243/301/1197 3246/546/848
f 3244/306/850 3247/549/858 3246/546/848
f 1603/397/1070 3239/543/843 1604/307/852
f 1602/396/854 3240/545/847 3239/543/843
f 1602/396/854 1601/395/1198 3241/544/846
f 1601/395/1198 631/394/875 1612/548/856
f 1612/548/856 1611/318/857 3244/306/850
f 1611/318/857 1610/550/859 3247/549/858
f 1610/550/859 632/412/885 1609/411/860
f 3247/549/858 1609/411/860 1608/410/861
f 3245/547/849 3246/546/848 1608/410/861
f 1606/312/863 3245/547/849 1607/409/1072
f 1605/310/1073 3242/303/845 3245/547/849
f 1604/307/852 3239/543/843 3242/303/845
f 3249/551/866 3252/327/870 3251/323/867
f 3250/553/1199 3253/330/872 3252/327/870
f 3252/327/870 3255/555/1140 3254/554/871
f 3253/330/872 3256/557/880 3255/555/1140
f 1615/542/1141 3248/552/1074 1612/548/856
f 1614/541/1075 3249/551/866 3248/552/1074
f 1613/540/877 3250/553/1199 3249/551/866
f 1613/540/877 635/491/895 1621/556/878
f 1621/556/878 1620/338/879 3253/330/872
f 1620/338/879 1619/558/881 3256/557/880
f 1619/558/881 636/424/906 1618/464/882
f 3256/557/880 1618/464/882 1617/463/1077
f 3255/555/1140 1617/463/1077 1616/462/884
f 3254/554/871 1616/462/884 632/412/885
f 3251/323/867 3254/554/871 1610/550/859
f 3248/552/1074 3251/323/867 1611/318/857
f 3258/559/886 3261/347/890 3260/343/887
f 3258/559/886 3259/566/1080 3262/348/889
f 3261/347/890 3264/563/1078 3263/561/891
f 3261/347/890 3262/348/889 3265/562/892
f 1624/564/1079 3257/560/888 1621/556/878
f 1623/565/896 3258/559/886 3257/560/888
f 1623/565/896 1622/567/898 3259/566/1080
f 1622/567/898 633/495/916 1630/568/899
f 3259/566/1080 1630/568/899 1629/358/900
f 3262/348/889 1629/358/900 1628/569/901
f 3265/562/892 1628/569/901 634/436/902
f 3264/563/1078 3265/562/892 1627/570/1142
f 3264/563/1078 1626/571/904 1625/572/905
f 3263/561/891 1625/572/905 636/424/906
f 3260/343/887 3263/561/891 1619/558/881
f 3257/560/888 3260/343/887 1620/338/879
f 3266/573/907 3267/574/910 3270/364/1082
f 3267/574/910 3268/578/918 3271/368/911
f 3269/366/1200 3270/364/1082 3273/575/912
f 3270/364/1082 3271/368/911 3274/577/914
f 1633/529/915 3266/573/907 1630/568/899
f 1633/529/915 1632/528/917 3267/574/910
f 1632/528/917 1631/527/1201 3268/578/918
f 1631/527/1201 629/381/853 1604/379/852
f 3268/578/918 1604/379/852 1605/378/1073
f 3271/368/911 1605/378/1073 1606/377/863
f 3274/577/914 1606/377/863 630/376/864
f 3273/575/912 3274/577/914 1636/451/920
f 3272/576/913 3273/575/912 1635/450/1202
f 1628/569/901 3272/576/913 1634/449/922
f 1629/358/900 3269/366/1200 3272/576/913
f 1630/568/899 3266/573/907 3269/366/1200
f 3276/397/923 3279/396/927 3278/396/924
f 3277/397/1203 3280/396/1090 3279/396/927
f 3278/396/924 3279/396/927 3282/395/928
f 3279/396/927 3280/396/1090 3283/395/930
f 629/309/853 1678/309/1088 3275/397/925
f 1677/309/931 3276/397/923 3275/397/925
f 1676/309/933 3277/397/1203 3276/397/923
f 642/309/1089 1663/397/1119 3277/397/1203
f 3277/397/1203 1663/397/1119 1662/396/935
f 1662/396/935 1661/395/1023 3283/395/930
f 3283/395/930 1661/395/1023 641/394/1204
f 3282/395/928 3283/395/930 1675/394/938
f 3281/395/1145 3282/395/928 1674/394/1148
f 3281/395/1145 1673/394/940 631/394/875
f 3278/396/924 3281/395/1145 1601/395/1198
f 1603/397/1070 3275/397/925 3278/396/924
f 3284/411/941 3285/411/1205 3288/410/942
f 3286/411/944 3289/410/954 3288/410/942
f 3288/410/942 3291/409/948 3290/409/946
f 3288/410/942 3289/410/954 3292/409/1093
f 632/412/885 1654/412/949 3284/411/941
f 1654/412/949 1653/412/1151 3285/411/1205
f 1652/412/1206 3286/411/944 3285/411/1205
f 638/412/1152 1639/411/953 3286/411/944
f 1639/411/953 1638/410/977 3289/410/954
f 3289/410/954 1638/410/977 1637/409/955
f 3292/409/1093 1637/409/955 637/407/1180
f 3291/409/948 3292/409/1093 1651/407/1207
f 3291/409/948 1650/407/958 1649/407/1181
f 3290/409/946 1649/407/1181 630/407/864
f 3287/410/943 3290/409/946 1607/409/1072
f 1609/411/860 3284/411/941 3287/410/943
f 3294/579/1208 3297/583/1155 3296/580/961
f 3294/579/1208 3295/586/1212 3298/582/963
f 3296/580/961 3297/583/1155 3300/584/1209
f 3298/582/963 3301/587/975 3300/584/1209
f 1643/572/1211 3293/581/1154 1642/422/1100
f 1644/571/970 3294/579/1208 3293/581/1154
f 1644/571/970 1645/570/1103 3295/586/1212
f 1645/570/1103 640/436/989 1646/434/1104
f 3295/586/1212 1646/434/1104 1647/433/974
f 1647/433/974 1648/432/976 3301/587/975
f 1648/432/976 637/598/1180 1637/431/955
f 3301/587/975 1637/431/955 1638/429/977
f 3299/585/1210 3300/584/1209 1638/429/977
f 1640/427/978 3299/585/1210 1639/428/953
f 1641/425/979 3296/580/961 3299/585/1210
f 3293/581/1154 3296/580/961 1641/425/979
f 3303/451/980 3306/450/984 3305/450/1188
f 3304/451/983 3307/450/986 3306/450/984
f 3306/450/984 3309/449/987 3308/449/985
f 3307/450/986 3310/449/988 3309/449/987
f 1649/376/1181 3302/451/982 1636/451/920
f 1650/376/958 3303/451/980 3302/451/982
f 1651/376/1207 3304/451/983 3303/451/980
f 637/376/1180 1648/451/976 3304/451/983
f 1648/451/976 1647/450/974 3307/450/986
f 1647/450/974 1646/449/1104 3310/449/988
f 3310/449/988 1646/449/1104 640/436/989
f 3310/449/988 1657/436/1189 1656/436/991
f 3309/449/987 1656/436/991 1655/436/992
f 3308/449/985 1655/436/992 634/436/902
f 3305/450/1188 3308/449/985 1634/449/922
f 3302/451/982 3305/450/1188 1635/450/1202
f 3311/464/993 3312/464/996 3315/463/1109
f 3312/464/996 3313/464/1003 3316/463/1110
f 3314/463/995 3315/463/1109 3318/462/998
f 3315/463/1109 3316/463/1110 3319/462/1000
f 636/424/906 1660/424/1001 3311/464/993
f 1660/424/1001 1659/424/1002 3312/464/996
f 1659/424/1002 1658/424/1004 3313/464/1003
f 639/424/1101 1642/464/1100 3313/464/1003
f 3313/464/1003 1642/464/1100 1641/463/979
f 3316/463/1110 1641/463/979 1640/462/978
f 3319/462/1000 1640/462/978 638/412/1152
f 3318/462/998 3319/462/1000 1652/412/1206
f 3317/462/1111 3318/462/998 1653/412/1151
f 1616/462/884 3317/462/1111 1654/412/949
f 1617/463/1077 3314/463/995 3317/462/1111
f 1618/464/882 3311/464/993 3314/463/995
f 3321/570/1005 3324/571/1009 3323/571/1006
f 3322/570/1213 3325/571/1013 3324/571/1009
f 3323/571/1006 3324/571/1009 3327/572/1010
f 3324/571/1009 3325/571/1013 3328/572/1012
f 1655/436/992 3320/570/1007 1627/570/1142
f 1656/436/991 3321/570/1005 3320/570/1007
f 1657/436/1189 3322/570/1213 3321/570/1005
f 640/436/989 1645/570/1103 3322/570/1213
f 1645/570/1103 1644/571/970 3325/571/1013
f 3325/571/1013 1644/571/970 1643/572/1211
f 3328/572/1012 1643/572/1211 639/424/1101
f 3327/572/1010 3328/572/1012 1658/424/1004
f 3326/572/1011 3327/572/1010 1659/424/1002
f 1625/572/905 3326/572/1011 1660/424/1001
f 1626/571/904 3323/571/1006 3326/572/1011
f 3320/570/1007 3323/571/1006 1626/571/904
f 3329/589/1014 3330/593/1018 3333/590/1015
f 3331/592/1017 3334/597/1026 3333/590/1015
f 3333/590/1015 3336/596/1021 3335/594/1019
f 3333/590/1015 3334/597/1026 3337/595/1117
f 641/486/1204 1661/487/1023 3329/589/1014
f 1661/487/1023 1662/501/935 3330/593/1018
f 1663/500/1119 3331/592/1017 3330/593/1018
f 642/499/1089 1670/498/1025 3331/592/1017
f 1670/498/1025 1671/497/1131 3334/597/1026
f 3334/597/1026 1671/497/1131 1672/496/1027
f 3337/595/1117 1672/496/1027 644/495/1028
f 3336/596/1021 3337/595/1117 1667/567/1029
f 3336/596/1021 1668/565/1030 1669/564/1031
f 3335/594/1019 1669/564/1031 643/491/1165
f 3332/591/1016 3335/594/1019 1664/489/1033
f 1666/488/1118 3329/589/1014 3332/591/1016
f 3339/564/1035 3342/565/1039 3341/565/1036
f 3340/564/1192 3343/565/1046 3342/565/1039
f 3341/565/1036 3342/565/1039 3345/567/1040
f 3342/565/1039 3343/565/1046 3346/567/1042
f 635/491/895 1684/491/1044 3338/564/1037
f 1683/491/1043 3339/564/1035 3338/564/1037
f 1682/491/1045 3340/564/1192 3339/564/1035
f 643/491/1165 1669/564/1031 3340/564/1192
f 3340/564/1192 1669/564/1031 1668/565/1030
f 1668/565/1030 1667/567/1029 3346/567/1042
f 3346/567/1042 1667/567/1029 644/495/1028
f 3345/567/1040 3346/567/1042 1681/495/1168
f 3344/567/1214 3345/567/1040 1680/495/1048
f 3344/567/1214 1679/495/1125 633/495/916
f 3341/565/1036 3344/567/1214 1622/567/898
f 1624/564/1079 3338/564/1037 3341/565/1036
f 3348/529/1126 3351/528/1054 3350/528/1051
f 3349/529/1053 3352/528/1132 3351/528/1054
f 3350/528/1051 3351/528/1054 3354/527/1193
f 3351/528/1054 3352/528/1132 3355/527/1215
f 633/495/916 1679/495/1125 3347/529/1127
f 1680/495/1048 3348/529/1126 3347/529/1127
f 1681/495/1168 3349/529/1053 3348/529/1126
f 644/495/1028 1672/529/1027 3349/529/1053
f 3349/529/1053 1672/529/1027 1671/528/1131
f 1671/528/1131 1670/527/1025 3355/527/1215
f 3355/527/1215 1670/527/1025 642/381/1089
f 3354/527/1193 3355/527/1215 1676/381/933
f 3353/527/1056 3354/527/1193 1677/381/931
f 3353/527/1056 1678/381/1088 629/381/853
f 3350/528/1051 3353/527/1056 1631/527/1201
f 1633/529/915 3347/529/1127 3350/528/1051
f 3357/542/1169 3360/541/1216 3359/541/1061
f 3358/542/1063 3361/541/1068 3360/541/1216
f 3359/541/1061 3360/541/1216 3363/540/1196
f 3360/541/1216 3361/541/1068 3364/540/1174
f 631/394/875 1673/394/940 3356/542/1062
f 1674/394/1148 3357/542/1169 3356/542/1062
f 1675/394/938 3358/542/1063 3357/542/1169
f 641/394/1204 1666/542/1118 3358/542/1063
f 3358/542/1063 1666/542/1118 1665/541/1034
f 1665/541/1034 1664/540/1033 3364/540/1174
f 3364/540/1174 1664/540/1033 643/491/1165
f 3363/540/1196 3364/540/1174 1682/491/1045
f 3362/540/1066 3363/540/1196 1683/491/1043
f 3362/540/1066 1684/491/1044 635/491/895
f 3359/541/1061 3362/540/1066 1613/540/877
f 1615/542/1141 3356/542/1062 3359/541/1061
f 3365/543/843 3366/545/847 3369/301/1197
f 3367/544/846 3370/306/850 3369/301/1197
f 3368/303/845 3369/301/1197 3372/546/848
f 3370/306/850 3373/549/858 3372/546/848
f 1687/397/851 3365/543/843 1688/307/852
f 1686/396/854 3366/545/847 3365/543/843
f 1686/396/854 1685/395/855 3367/544/846
f 1685/395/855 647/394/875 1696/548/856
f 1696/548/856 1695/318/857 3370/306/850
f 1695/318/857 1694/550/859 3373/549/858
f 1694/550/859 648/412/1218 1693/411/860
f 3373/549/858 1693/411/860 1692/410/861
f 3371/547/849 3372/546/848 1692/410/861
f 1690/312/863 3371/547/849 1691/409/1072
f 1689/310/1073 3368/303/845 3371/547/849
f 1688/307/852 3365/543/843 3368/303/845
f 3375/551/866 3378/327/870 3377/323/867
f 3376/553/869 3379/330/872 3378/327/870
f 3378/327/870 3381/555/873 3380/554/871
f 3379/330/872 3382/557/880 3381/555/873
f 1699/542/1141 3374/552/1074 1696/548/856
f 1698/541/876 3375/551/866 3374/552/1074
f 1697/540/877 3376/553/869 3375/551/866
f 1697/540/877 651/491/895 1705/556/1217
f 1705/556/1217 1704/338/879 3379/330/872
f 1704/338/879 1703/558/881 3382/557/880
f 1703/558/881 652/424/1081 1702/464/882
f 3382/557/880 1702/464/882 1701/463/883
f 3381/555/873 1701/463/883 1700/462/884
f 3380/554/871 1700/462/884 648/412/1218
f 3377/323/867 3380/554/871 1694/550/859
f 3374/552/1074 3377/323/867 1695/318/857
f 3384/559/886 3387/347/890 3386/343/887
f 3384/559/886 3385/566/897 3388/348/889
f 3387/347/890 3390/563/1078 3389/561/891
f 3387/347/890 3388/348/889 3391/562/892
f 1708/564/1079 3383/560/888 1705/556/1217
f 1707/565/896 3384/559/886 3383/560/888
f 1707/565/896 1706/567/898 3385/566/897
f 1706/567/898 649/495/916 1714/568/899
f 3385/566/897 1714/568/899 1713/358/900
f 3388/348/889 1713/358/900 1712/569/901
f 3391/562/892 1712/569/901 650/436/902
f 3390/563/1078 3391/562/892 1711/570/903
f 3390/563/1078 1710/571/904 1709/572/905
f 3389/561/891 1709/572/905 652/424/1081
f 3386/343/887 3389/561/891 1703/558/881
f 3383/560/888 3386/343/887 1704/338/879
f 3392/573/907 3393/574/910 3396/364/908
f 3393/574/910 3394/578/918 3397/368/1219
f 3395/366/909 3396/364/908 3399/575/912
f 3396/364/908 3397/368/1219 3400/577/914
f 1717/529/915 3392/573/907 1714/568/899
f 1717/529/915 1716/528/917 3393/574/910
f 1716/528/917 1715/527/1144 3394/578/918
f 1715/527/1144 645/381/853 1688/379/852
f 3394/578/918 1688/379/852 1689/378/1073
f 3397/368/1219 1689/378/1073 1690/377/863
f 3400/577/914 1690/377/863 646/376/864
f 3399/575/912 3400/577/914 1720/451/920
f 3398/576/913 3399/575/912 1719/450/921
f 1712/569/901 3398/576/913 1718/449/922
f 1713/358/900 3395/366/909 3398/576/913
f 1714/568/899 3392/573/907 3395/366/909
f 3402/397/923 3405/396/927 3404/396/924
f 3403/397/1203 3406/396/1220 3405/396/927
f 3404/396/924 3405/396/927 3408/395/1086
f 3405/396/927 3406/396/1220 3409/395/930
f 645/309/853 1762/309/1088 3401/397/925
f 1761/309/931 3402/397/923 3401/397/925
f 1760/309/933 3403/397/1203 3402/397/923
f 658/309/934 1747/397/1119 3403/397/1203
f 3403/397/1203 1747/397/1119 1746/396/935
f 1746/396/935 1745/395/1023 3409/395/930
f 3409/395/930 1745/395/1023 657/394/1221
f 3408/395/1086 3409/395/930 1759/394/938
f 3407/395/929 3408/395/1086 1758/394/939
f 3407/395/929 1757/394/940 647/394/875
f 3404/396/924 3407/395/929 1685/395/855
f 1687/397/851 3401/397/925 3404/396/924
f 3410/411/941 3411/411/1150 3414/410/1149
f 3412/411/1178 3415/410/1153 3414/410/1149
f 3414/410/1149 3417/409/948 3416/409/946
f 3414/410/1149 3415/410/1153 3418/409/1093
f 648/412/1218 1738/412/949 3410/411/941
f 1738/412/949 1737/412/951 3411/411/1150
f 1736/412/950 3412/411/1178 3411/411/1150
f 654/412/952 1723/411/953 3412/411/1178
f 1723/411/953 1722/410/977 3415/410/1153
f 3415/410/1153 1722/410/977 1721/409/1222
f 3418/409/1093 1721/409/1222 653/407/1096
f 3417/409/948 3418/409/1093 1735/407/957
f 3417/409/948 1734/407/958 1733/407/1181
f 3416/409/946 1733/407/1181 646/407/864
f 3413/410/943 3416/409/946 1691/409/1072
f 1693/411/860 3410/411/941 3413/410/943
f 3420/579/1097 3423/583/964 3422/580/961
f 3420/579/1097 3421/586/971 3424/582/963
f 3422/580/961 3423/583/964 3426/584/965
f 3424/582/963 3427/587/975 3426/584/965
f 1727/572/1223 3419/581/962 1726/422/968
f 1728/571/970 3420/579/1097 3419/581/962
f 1728/571/970 1729/570/972 3421/586/971
f 1729/570/972 656/436/989 1730/434/973
f 3421/586/971 1730/434/973 1731/433/974
f 1731/433/974 1732/432/976 3427/587/975
f 1732/432/976 653/598/1096 1721/431/1222
f 3427/587/975 1721/431/1222 1722/429/977
f 3425/585/966 3426/584/965 1722/429/977
f 1724/427/978 3425/585/966 1723/428/953
f 1725/425/979 3422/580/961 3425/585/966
f 3419/581/962 3422/580/961 1725/425/979
f 3429/451/980 3432/450/984 3431/450/981
f 3430/451/1159 3433/450/986 3432/450/984
f 3432/450/984 3435/449/987 3434/449/985
f 3433/450/986 3436/449/988 3435/449/987
f 1733/376/1181 3428/451/982 1720/451/920
f 1734/376/958 3429/451/980 3428/451/982
f 1735/376/957 3430/451/1159 3429/451/980
f 653/376/1096 1732/451/976 3430/451/1159
f 1732/451/976 1731/450/974 3433/450/986
f 1731/450/974 1730/449/973 3436/449/988
f 3436/449/988 1730/449/973 656/436/989
f 3436/449/988 1741/436/1189 1740/436/991
f 3435/449/987 1740/436/991 1739/436/992
f 3434/449/985 1739/436/992 650/436/902
f 3431/450/981 3434/449/985 1718/449/922
f 3428/451/982 3431/450/981 1719/450/921
f 3437/464/993 3438/464/1161 3441/463/1224
f 3438/464/1161 3439/464/1003 3442/463/1110
f 3440/463/995 3441/463/1224 3444/462/998
f 3441/463/1224 3442/463/1110 3445/462/1000
f 652/424/1081 1744/424/1001 3437/464/993
f 1744/424/1001 1743/424/1002 3438/464/1161
f 1743/424/1002 1742/424/1112 3439/464/1003
f 655/424/1156 1726/464/968 3439/464/1003
f 3439/464/1003 1726/464/968 1725/463/979
f 3442/463/1110 1725/463/979 1724/462/978
f 3445/462/1000 1724/462/978 654/412/952
f 3444/462/998 3445/462/1000 1736/412/950
f 3443/462/999 3444/462/998 1737/412/951
f 1700/462/884 3443/462/999 1738/412/949
f 1701/463/883 3440/463/995 3443/462/999
f 1702/464/882 3437/464/993 3440/463/995
f 3447/570/1005 3450/571/1009 3449/571/1006
f 3448/570/1008 3451/571/1116 3450/571/1009
f 3449/571/1006 3450/571/1009 3453/572/1114
f 3450/571/1009 3451/571/1116 3454/572/1012
f 1739/436/992 3446/570/1007 1711/570/903
f 1740/436/991 3447/570/1005 3446/570/1007
f 1741/436/1189 3448/570/1008 3447/570/1005
f 656/436/989 1729/570/972 3448/570/1008
f 1729/570/972 1728/571/970 3451/571/1116
f 3451/571/1116 1728/571/970 1727/572/1223
f 3454/572/1012 1727/572/1223 655/424/1156
f 3453/572/1114 3454/572/1012 1742/424/1112
f 3452/572/1011 3453/572/1114 1743/424/1002
f 1709/572/905 3452/572/1011 1744/424/1001
f 1710/571/904 3449/571/1006 3452/572/1011
f 3446/570/1007 3449/571/1006 1710/571/904
f 3455/589/1014 3456/593/1018 3459/590/1015
f 3457/592/1017 3460/597/1226 3459/590/1015
f 3459/590/1015 3462/596/1021 3461/594/1019
f 3459/590/1015 3460/597/1226 3463/595/1117
f 657/486/1221 1745/487/1023 3455/589/1014
f 1745/487/1023 1746/501/935 3456/593/1018
f 1747/500/1119 3457/592/1017 3456/593/1018
f 658/499/934 1754/498/1225 3457/592/1017
f 1754/498/1225 1755/497/1131 3460/597/1226
f 3460/597/1226 1755/497/1131 1756/496/1027
f 3463/595/1117 1756/496/1027 660/495/1227
f 3462/596/1021 3463/595/1117 1751/567/1029
f 3462/596/1021 1752/565/1030 1753/564/1031
f 3461/594/1019 1753/564/1031 659/491/1165
f 3458/591/1016 3461/594/1019 1748/489/1033
f 1750/488/1022 3455/589/1014 3458/591/1016
f 3465/564/1035 3468/565/1039 3467/565/1123
f 3466/564/1038 3469/565/1228 3468/565/1039
f 3467/565/1123 3468/565/1039 3471/567/1040
f 3468/565/1039 3469/565/1228 3472/567/1042
f 651/491/895 1768/491/1044 3464/564/1037
f 1767/491/1043 3465/564/1035 3464/564/1037
f 1766/491/1045 3466/564/1038 3465/564/1035
f 659/491/1165 1753/564/1031 3466/564/1038
f 3466/564/1038 1753/564/1031 1752/565/1030
f 1752/565/1030 1751/567/1029 3472/567/1042
f 3472/567/1042 1751/567/1029 660/495/1227
f 3471/567/1040 3472/567/1042 1765/495/1047
f 3470/567/1124 3471/567/1040 1764/495/1229
f 3470/567/1124 1763/495/1125 649/495/916
f 3467/565/1123 3470/567/1124 1706/567/898
f 1708/564/1079 3464/564/1037 3467/565/1123
f 3474/529/1126 3477/528/1128 3476/528/1051
f 3475/529/1053 3478/528/1230 3477/528/1128
f 3476/528/1051 3477/528/1128 3480/527/1193
f 3477/528/1128 3478/528/1230 3481/527/1194
f 649/495/916 1763/495/1125 3473/529/1052
f 1764/495/1229 3474/529/1126 3473/529/1052
f 1765/495/1047 3475/529/1053 3474/529/1126
f 660/495/1227 1756/529/1027 3475/529/1053
f 3475/529/1053 1756/529/1027 1755/528/1131
f 1755/528/1131 1754/527/1225 3481/527/1194
f 3481/527/1194 1754/527/1225 658/381/934
f 3480/527/1193 3481/527/1194 1760/381/933
f 3479/527/1056 3480/527/1193 1761/381/931
f 3479/527/1056 1762/381/1088 645/381/853
f 3476/528/1051 3479/527/1056 1715/527/1144
f 1717/529/915 3473/529/1052 3476/528/1051
f 3483/542/1169 3486/541/1231 3485/541/1061
f 3484/542/1063 3487/541/1068 3486/541/1231
f 3485/541/1061 3486/541/1231 3489/540/1196
f 3486/541/1231 3487/541/1068 3490/540/1174
f 647/394/875 1757/394/940 3482/542/1062
f 1758/394/939 3483/542/1169 3482/542/1062
f 1759/394/938 3484/542/1063 3483/542/1169
f 657/394/1221 1750/542/1022 3484/542/1063
f 3484/542/1063 1750/542/1022 1749/541/1034
f 1749/541/1034 1748/540/1033 3490/540/1174
f 3490/540/1174 1748/540/1033 659/491/1165
f 3489/540/1196 3490/540/1174 1766/491/1045
f 3488/540/1066 3489/540/1196 1767/491/1043
f 3488/540/1066 1768/491/1044 651/491/895
f 3485/541/1061 3488/540/1066 1697/540/877
f 1699/542/1141 3482/542/1062 3485/541/1061
f 3491/543/843 3492/545/847 3495/301/844
f 3493/544/846 3496/306/850 3495/301/844
f 3494/303/845 3495/301/844 3498/546/848
f 3496/306/850 3499/549/858 3498/546/848
f 1771/397/1070 3491/543/843 1772/307/852
f 1770/396/1071 3492/545/847 3491/543/843
f 1770/396/1071 1769/395/855 3493/544/846
f 1769/395/855 663/394/875 1780/548/1232
f 1780/548/1232 1779/318/857 3496/306/850
f 1779/318/857 1778/550/859 3499/549/858
f 1778/550/859 664/412/885 1777/411/860
f 3499/549/858 1777/411/860 1776/410/861
f 3497/547/849 3498/546/848 1776/410/861
f 1774/312/863 3497/547/849 1775/409/1072
f 1773/310/1073 3494/303/845 3497/547/849
f 1772/307/852 3491/543/843 3494/303/845
f 3501/551/866 3504/327/870 3503/323/867
f 3502/553/869 3505/330/872 3504/327/870
f 3504/327/870 3507/555/873 3506/554/871
f 3505/330/872 3508/557/880 3507/555/873
f 1783/542/874 3500/552/868 1780/548/1232
f 1782/541/1075 3501/551/866 3500/552/868
f 1781/540/877 3502/553/869 3501/551/866
f 1781/540/877 667/491/895 1789/556/878
f 1789/556/878 1788/338/879 3505/330/872
f 1788/338/879 1787/558/881 3508/557/880
f 1787/558/881 668/424/1081 1786/464/882
f 3508/557/880 1786/464/882 1785/463/1077
f 3507/555/873 1785/463/1077 1784/462/884
f 3506/554/871 1784/462/884 664/412/885
f 3503/323/867 3506/554/871 1778/550/859
f 3500/552/868 3503/323/867 1779/318/857
f 3510/559/886 3513/347/890 3512/343/887
f 3510/559/886 3511/566/1080 3514/348/1233
f 3513/347/890 3516/563/893 3515/561/891
f 3513/347/890 3514/348/1233 3517/562/892
f 1792/564/894 3509/560/888 1789/556/878
f 1791/565/896 3510/559/886 3509/560/888
f 1791/565/896 1790/567/898 3511/566/1080
f 1790/567/898 665/495/916 1798/568/899
f 3511/566/1080 1798/568/899 1797/358/900
f 3514/348/1233 1797/358/900 1796/569/901
f 3517/562/892 1796/569/901 666/436/902
f 3516/563/893 3517/562/892 1795/570/903
f 3516/563/893 1794/571/1143 1793/572/905
f 3515/561/891 1793/572/905 668/424/1081
f 3512/343/887 3515/561/891 1787/558/881
f 3509/560/888 3512/343/887 1788/338/879
f 3518/573/907 3519/574/910 3522/364/908
f 3519/574/910 3520/578/918 3523/368/911
f 3521/366/909 3522/364/908 3525/575/912
f 3522/364/908 3523/368/911 3526/577/914
f 1801/529/915 3518/573/907 1798/568/899
f 1801/529/915 1800/528/917 3519/574/910
f 1800/528/917 1799/527/919 3520/578/918
f 1799/527/919 661/381/1175 1772/379/852
f 3520/578/918 1772/379/852 1773/378/1073
f 3523/368/911 1773/378/1073 1774/377/863
f 3526/577/914 1774/377/863 662/376/864
f 3525/575/912 3526/577/914 1804/451/920
f 3524/576/913 3525/575/912 1803/450/921
f 1796/569/901 3524/576/913 1802/449/1084
f 1797/358/900 3521/366/909 3524/576/913
f 1798/568/899 3518/573/907 3521/366/909
f 3528/397/923 3531/396/927 3530/396/924
f 3529/397/1085 3532/396/936 3531/396/927
f 3530/396/924 3531/396/927 3534/395/928
f 3531/396/927 3532/396/936 3535/395/930
f 661/309/1175 1846/309/1088 3527/397/925
f 1845/309/931 3528/397/923 3527/397/925
f 1844/309/1234 3529/397/1085 3528/397/923
f 674/309/1089 1831/397/1119 3529/397/1085
f 3529/397/1085 1831/397/1119 1830/396/935
f 1830/396/935 1829/395/1023 3535/395/930
f 3535/395/930 1829/395/1023 673/394/937
f 3534/395/928 3535/395/930 1843/394/938
f 3533/395/1145 3534/395/928 1842/394/939
f 3533/395/1145 1841/394/940 663/394/875
f 3530/396/924 3533/395/1145 1769/395/855
f 1771/397/1070 3527/397/925 3530/396/924
f 3536/411/941 3537/411/1091 3540/410/942
f 3538/411/1178 3541/410/954 3540/410/942
f 3540/410/942 3543/409/948 3542/409/1092
f 3540/410/942 3541/410/954 3544/409/1093
f 664/412/885 1822/412/949 3536/411/941
f 1822/412/949 1821/412/951 3537/411/1091
f 1820/412/1206 3538/411/1178 3537/411/1091
f 670/412/1152 1807/411/953 3538/411/1178
f 1807/411/953 1806/410/977 3541/410/954
f 3541/410/954 1806/410/977 1805/409/955
f 3544/409/1093 1805/409/955 669/407/1096
f 3543/409/948 3544/409/1093 1819/407/957
f 3543/409/948 1818/407/958 1817/407/959
f 3542/409/1092 1817/407/959 662/407/864
f 3539/410/943 3542/409/1092 1775/409/1072
f 1777/411/860 3536/411/941 3539/410/943
f 3546/579/1235 3549/583/964 3548/580/961
f 3546/579/1235 3547/586/1237 3550/582/963
f 3548/580/961 3549/583/964 3552/584/965
f 3550/582/963 3553/587/1238 3552/584/965
f 1811/572/1223 3545/581/962 1810/422/1100
f 1812/571/970 3546/579/1235 3545/581/962
f 1812/571/970 1813/570/1158 3547/586/1237
f 1813/570/1158 672/436/989 1814/434/973
f 3547/586/1237 1814/434/973 1815/433/974
f 1815/433/974 1816/432/976 3553/587/1238
f 1816/432/976 669/598/1096 1805/431/955
f 3553/587/1238 1805/431/955 1806/429/977
f 3551/585/1099 3552/584/965 1806/429/977
f 1808/427/978 3551/585/1099 1807/428/953
f 1809/425/1105 3548/580/961 3551/585/1099
f 3545/581/962 3548/580/961 1809/425/1105
f 3555/451/980 3558/450/984 3557/450/981
f 3556/451/983 3559/450/986 3558/450/984
f 3558/450/984 3561/449/987 3560/449/985
f 3559/450/986 3562/449/988 3561/449/987
f 1817/376/959 3554/451/982 1804/451/920
f 1818/376/958 3555/451/980 3554/451/982
f 1819/376/957 3556/451/983 3555/451/980
f 669/376/1096 1816/451/976 3556/451/983
f 1816/451/976 1815/450/974 3559/450/986
f 1815/450/974 1814/449/973 3562/449/988
f 3562/449/988 1814/449/973 672/436/989
f 3562/449/988 1825/436/1107 1824/436/991
f 3561/449/987 1824/436/991 1823/436/1108
f 3560/449/985 1823/436/1108 666/436/902
f 3557/450/981 3560/449/985 1802/449/1084
f 3554/451/982 3557/450/981 1803/450/921
f 3563/464/993 3564/464/996 3567/463/1109
f 3564/464/996 3565/464/1003 3568/463/1110
f 3566/463/995 3567/463/1109 3570/462/998
f 3567/463/1109 3568/463/1110 3571/462/1000
f 668/424/1081 1828/424/1001 3563/464/993
f 1828/424/1001 1827/424/1002 3564/464/996
f 1827/424/1002 1826/424/1112 3565/464/1003
f 671/424/1236 1810/464/1100 3565/464/1003
f 3565/464/1003 1810/464/1100 1809/463/1105
f 3568/463/1110 1809/463/1105 1808/462/978
f 3571/462/1000 1808/462/978 670/412/1152
f 3570/462/998 3571/462/1000 1820/412/1206
f 3569/462/1111 3570/462/998 1821/412/951
f 1784/462/884 3569/462/1111 1822/412/949
f 1785/463/1077 3566/463/995 3569/462/1111
f 1786/464/882 3563/464/993 3566/463/995
f 3573/570/1005 3576/571/1009 3575/571/1162
f 3574/570/1008 3577/571/1116 3576/571/1009
f 3575/571/1162 3576/571/1009 3579/572/1010
f 3576/571/1009 3577/571/1116 3580/572/1115
f 1823/436/1108 3572/570/1007 1795/570/903
f 1824/436/991 3573/570/1005 3572/570/1007
f 1825/436/1107 3574/570/1008 3573/570/1005
f 672/436/989 1813/570/1158 3574/570/1008
f 1813/570/1158 1812/571/970 3577/571/1116
f 3577/571/1116 1812/571/970 1811/572/1223
f 3580/572/1115 1811/572/1223 671/424/1236
f 3579/572/1010 3580/572/1115 1826/424/1112
f 3578/572/1011 3579/572/1010 1827/424/1002
f 1793/572/905 3578/572/1011 1828/424/1001
f 1794/571/1143 3575/571/1162 3578/572/1011
f 3572/570/1007 3575/571/1162 1794/571/1143
f 3581/589/1014 3582/593/1018 3585/590/1015
f 3583/592/1017 3586/597/1026 3585/590/1015
f 3585/590/1015 3588/596/1021 3587/594/1019
f 3585/590/1015 3586/597/1026 3589/595/1117
f 673/486/937 1829/487/1023 3581/589/1014
f 1829/487/1023 1830/501/935 3582/593/1018
f 1831/500/1119 3583/592/1017 3582/593/1018
f 674/499/1089 1838/498/1164 3583/592/1017
f 1838/498/1164 1839/497/1131 3586/597/1026
f 3586/597/1026 1839/497/1131 1840/496/1027
f 3589/595/1117 1840/496/1027 676/495/1028
f 3588/596/1021 3589/595/1117 1835/567/1029
f 3588/596/1021 1836/565/1030 1837/564/1031
f 3587/594/1019 1837/564/1031 675/491/1165
f 3584/591/1016 3587/594/1019 1832/489/1033
f 1834/488/1022 3581/589/1014 3584/591/1016
f 3591/564/1035 3594/565/1239 3593/565/1036
f 3592/564/1038 3595/565/1046 3594/565/1239
f 3593/565/1036 3594/565/1239 3597/567/1040
f 3594/565/1239 3595/565/1046 3598/567/1042
f 667/491/895 1852/491/1044 3590/564/1037
f 1851/491/1043 3591/564/1035 3590/564/1037
f 1850/491/1045 3592/564/1038 3591/564/1035
f 675/491/1165 1837/564/1031 3592/564/1038
f 3592/564/1038 1837/564/1031 1836/565/1030
f 1836/565/1030 1835/567/1029 3598/567/1042
f 3598/567/1042 1835/567/1029 676/495/1028
f 3597/567/1040 3598/567/1042 1849/495/1168
f 3596/567/1124 3597/567/1040 1848/495/1240
f 3596/567/1124 1847/495/1125 665/495/916
f 3593/565/1036 3596/567/1124 1790/567/898
f 1792/564/894 3590/564/1037 3593/565/1036
f 3600/529/1126 3603/528/1128 3602/528/1051
f 3601/529/1053 3604/528/1132 3603/528/1128
f 3602/528/1051 3603/528/1128 3606/527/1129
f 3603/528/1128 3604/528/1132 3607/527/1130
f 665/495/916 1847/495/1125 3599/529/1241
f 1848/495/1240 3600/529/1126 3599/529/1241
f 1849/495/1168 3601/529/1053 3600/529/1126
f 676/495/1028 1840/529/1027 3601/529/1053
f 3601/529/1053 1840/529/1027 1839/528/1131
f 1839/528/1131 1838/527/1164 3607/527/1130
f 3607/527/1130 1838/527/1164 674/381/1089
f 3606/527/1129 3607/527/1130 1844/381/1234
f 3605/527/1056 3606/527/1129 1845/381/931
f 3605/527/1056 1846/381/1088 661/381/1175
f 3602/528/1051 3605/527/1056 1799/527/919
f 1801/529/915 3599/529/1241 3602/528/1051
f 3609/542/1060 3612/541/1216 3611/541/1061
f 3610/542/1063 3613/541/1068 3612/541/1216
f 3611/541/1061 3612/541/1216 3615/540/1134
f 3612/541/1216 3613/541/1068 3616/540/1174
f 663/394/875 1841/394/940 3608/542/1062
f 1842/394/939 3609/542/1060 3608/542/1062
f 1843/394/938 3610/542/1063 3609/542/1060
f 673/394/937 1834/542/1022 3610/542/1063
f 3610/542/1063 1834/542/1022 1833/541/1034
f 1833/541/1034 1832/540/1033 3616/540/1174
f 3616/540/1174 1832/540/1033 675/491/1165
f 3615/540/1134 3616/540/1174 1850/491/1045
f 3614/540/1135 3615/540/1134 1851/491/1043
f 3614/540/1135 1852/491/1044 667/491/895
f 3611/541/1061 3614/540/1135 1781/540/877
f 1783/542/874 3608/542/1062 3611/541/1061
o 立方体.007
v -0.991246 1.170111 1.000316
v -0.961081 1.300814 0.946352
v -0.994150 1.143346 0.900060
v -0.963002 1.283111 0.880041
v -0.887489 1.167994 0.997875
v -0.892610 1.298492 0.944989
v -0.890393 1.141230 0.897619
v -0.894531 1.280789 0.878678
v -0.900395 1.411454 0.893711
v -0.901162 1.404382 0.867221
v -0.874215 1.401058 0.867328
v -0.873447 1.408130 0.893818
v -0.983914 1.108481 0.919918
v -0.981596 1.129844 0.999940
v -0.901097 1.106791 0.917970
v -0.898779 1.128154 0.997992
v -0.850458 1.167239 0.997004
v -0.820293 1.297941 0.943041
v -0.853361 1.140474 0.896749
v -0.822213 1.280239 0.876730
v -0.746700 1.165122 0.994564
v -0.751821 1.295620 0.941678
v -0.749604 1.138357 0.894308
v -0.753742 1.277917 0.875367
v -0.759606 1.408581 0.890400
v -0.760373 1.401509 0.863910
v -0.733426 1.398185 0.864016
v -0.732658 1.405257 0.890507
v -0.843125 1.105608 0.916606
v -0.840808 1.126971 0.996629
v -0.760308 1.103919 0.914659
v -0.757991 1.125282 0.994681
v -0.709669 1.164367 0.993693
v -0.679504 1.295069 0.939730
v -0.712573 1.137602 0.893437
v -0.681424 1.277366 0.873419
v -0.605911 1.162250 0.991253
v -0.611032 1.292747 0.938367
v -0.608815 1.135485 0.890997
v -0.612953 1.275045 0.872055
v -0.618817 1.405709 0.887089
v -0.619584 1.398637 0.860599
v -0.592637 1.395313 0.860705
v -0.591869 1.402385 0.887196
v -0.702337 1.102736 0.913295
v -0.700019 1.124099 0.993317
v -0.619520 1.101046 0.911348
v -0.617202 1.122410 0.991370
v -0.568880 1.161494 0.990382
v -0.538715 1.292197 0.936419
v -0.571784 1.134729 0.890126
v -0.540635 1.274494 0.870108
v -0.465122 1.159378 0.987942
v -0.470244 1.289875 0.935055
v -0.468026 1.132613 0.887686
v -0.472164 1.272172 0.868744
v -0.478028 1.402837 0.883778
v -0.478795 1.395764 0.857287
v -0.451848 1.392441 0.857394
v -0.451081 1.399513 0.883885
v -0.561548 1.099864 0.909984
v -0.559230 1.121227 0.990006
v -0.478731 1.098174 0.908036
v -0.476413 1.119537 0.988058
v -0.428091 1.158622 0.987071
v -0.397926 1.289324 0.933108
v -0.430995 1.131857 0.886815
v -0.399847 1.271621 0.866796
v -0.324333 1.156505 0.984631
v -0.329455 1.287003 0.931744
v -0.327237 1.129740 0.884375
v -0.331375 1.269300 0.865433
v -0.337239 1.399964 0.880467
v -0.338006 1.392892 0.853976
v -0.311059 1.389568 0.854083
v -0.310292 1.396641 0.880573
v -0.420759 1.096991 0.906673
v -0.418441 1.118355 0.986695
v -0.337942 1.095302 0.904725
v -0.335624 1.116665 0.984747
v -0.287302 1.155750 0.983760
v -0.257137 1.286452 0.929797
v -0.290206 1.128985 0.883504
v -0.259058 1.268749 0.863485
v -0.183545 1.153633 0.981319
v -0.188666 1.284131 0.928433
v -0.186448 1.126868 0.881064
v -0.190587 1.266428 0.862122
v -0.196450 1.397092 0.877155
v -0.197218 1.390020 0.850665
v -0.170270 1.386696 0.850772
v -0.169503 1.393768 0.877262
v -0.279970 1.094119 0.903362
v -0.277652 1.115482 0.983384
v -0.197153 1.092429 0.901414
v -0.194835 1.113793 0.981436
v -0.146513 1.152877 0.980448
v -0.116348 1.283580 0.926485
v -0.149417 1.126112 0.880193
v -0.118269 1.265877 0.860174
v -0.042756 1.150761 0.978008
v -0.047877 1.281258 0.925122
v -0.045660 1.123996 0.877752
v -0.049798 1.263555 0.858811
v -0.055661 1.394220 0.873844
v -0.056429 1.387148 0.847354
v -0.029481 1.383824 0.847461
v -0.028714 1.390896 0.873951
v -0.139181 1.091247 0.900051
v -0.136863 1.112610 0.980073
v -0.056364 1.089557 0.898103
v -0.054046 1.110920 0.978125
v 0.991247 1.170111 1.000315
v 0.961082 1.300814 0.946352
v 0.994151 1.143346 0.900060
v 0.963003 1.283111 0.880041
v 0.887489 1.167994 0.997875
v 0.892610 1.298492 0.944989
v 0.890393 1.141230 0.897619
v 0.894531 1.280789 0.878678
v 0.900395 1.411453 0.893711
v 0.901163 1.404381 0.867221
v 0.874215 1.401058 0.867328
v 0.873448 1.408130 0.893818
v 0.983915 1.108481 0.919918
v 0.981597 1.129844 0.999940
v 0.901098 1.106791 0.917970
v 0.898780 1.128154 0.997992
v 0.850458 1.167239 0.997004
v 0.820293 1.297941 0.943041
v 0.853362 1.140474 0.896748
v 0.822214 1.280238 0.876730
v 0.746700 1.165122 0.994564
v 0.751822 1.295620 0.941678
v 0.749604 1.138357 0.894308
v 0.753743 1.277917 0.875366
v 0.759606 1.408581 0.890400
v 0.760374 1.401509 0.863910
v 0.733426 1.398185 0.864016
v 0.732659 1.405257 0.890507
v 0.843126 1.105608 0.916606
v 0.840808 1.126971 0.996629
v 0.760309 1.103919 0.914659
v 0.757991 1.125282 0.994681
v 0.709669 1.164367 0.993693
v 0.679504 1.295069 0.939730
v 0.712573 1.137602 0.893437
v 0.681425 1.277366 0.873419
v 0.605911 1.162250 0.991253
v 0.611033 1.292747 0.938366
v 0.608815 1.135485 0.890997
v 0.612954 1.275045 0.872055
v 0.618817 1.405709 0.887089
v 0.619585 1.398637 0.860598
v 0.592637 1.395313 0.860705
v 0.591870 1.402385 0.887196
v 0.702337 1.102736 0.913295
v 0.700019 1.124099 0.993317
v 0.619520 1.101046 0.911347
v 0.617202 1.122410 0.991370
v 0.568880 1.161494 0.990382
v 0.538715 1.292197 0.936419
v 0.571784 1.134729 0.890126
v 0.540636 1.274494 0.870108
v 0.465123 1.159378 0.987942
v 0.470244 1.289875 0.935055
v 0.468027 1.132612 0.887686
v 0.472165 1.272172 0.868744
v 0.478028 1.402837 0.883778
v 0.478796 1.395764 0.857287
v 0.451848 1.392441 0.857394
v 0.451081 1.399513 0.883885
v 0.561548 1.099864 0.909984
v 0.559230 1.121227 0.990006
v 0.478731 1.098174 0.908036
v 0.476413 1.119537 0.988058
v 0.428091 1.158622 0.987071
v 0.397926 1.289324 0.933108
v 0.430995 1.131857 0.886815
v 0.399847 1.271621 0.866796
v 0.324334 1.156505 0.984631
v 0.329455 1.287003 0.931744
v 0.327238 1.129740 0.884375
v 0.331376 1.269300 0.865433
v 0.337240 1.399964 0.880467
v 0.338007 1.392892 0.853976
v 0.311059 1.389568 0.854083
v 0.310292 1.396640 0.880573
v 0.420759 1.096991 0.906673
v 0.418441 1.118354 0.986695
v 0.337942 1.095302 0.904725
v 0.335624 1.116665 0.984747
v 0.287302 1.155750 0.983760
v 0.257137 1.286452 0.929796
v 0.290206 1.128985 0.883504
v 0.259058 1.268749 0.863485
v 0.183545 1.153633 0.981319
v 0.188666 1.284130 0.928433
v 0.186449 1.126868 0.881063
v 0.190587 1.266428 0.862122
v 0.196451 1.397092 0.877155
v 0.197218 1.390020 0.850665
v 0.170271 1.386696 0.850772
v 0.169503 1.393768 0.877262
v 0.279970 1.094119 0.903362
v 0.277652 1.115482 0.983384
v 0.197153 1.092429 0.901414
v 0.194835 1.113793 0.981436
v 0.146514 1.152877 0.980448
v 0.116348 1.283580 0.926485
v 0.149418 1.126112 0.880193
v 0.118269 1.265877 0.860174
v 0.042756 1.150761 0.978008
v 0.047877 1.281258 0.925122
v 0.045660 1.123996 0.877752
v 0.049798 1.263555 0.858810
v 0.055662 1.394220 0.873844
v 0.056429 1.387147 0.847354
v 0.029482 1.383824 0.847460
v 0.028714 1.390896 0.873951
v 0.139181 1.091247 0.900050
v 0.136864 1.112610 0.980073
v 0.056364 1.089557 0.898103
v 0.054046 1.110920 0.978125
v -1.008083 1.149708 0.923117
v -1.012153 1.157126 0.950645
v -1.006495 1.164345 0.977945
v -0.987700 1.195597 0.990212
v -0.982020 1.227364 0.977311
v -0.973412 1.263180 0.962421
v -0.971145 1.297129 0.931521
v -0.974880 1.292398 0.913452
v -0.972196 1.287448 0.895257
v -0.975638 1.242656 0.885543
v -0.984521 1.204311 0.890958
v -0.990431 1.170424 0.895920
v -0.914309 1.137945 0.884074
v -0.942816 1.137269 0.880042
v -0.971051 1.139103 0.885408
v -0.947759 1.280095 0.870407
v -0.929127 1.278631 0.866926
v -0.910314 1.278826 0.869662
v -0.896140 1.240644 0.883777
v -0.895172 1.202372 0.888888
v -0.892849 1.168419 0.893629
v -0.873556 1.161633 0.974818
v -0.869486 1.154215 0.947290
v -0.875144 1.146996 0.919991
v -0.884467 1.284474 0.893510
v -0.880732 1.289205 0.911578
v -0.883417 1.294155 0.929774
v -0.893914 1.261168 0.960656
v -0.892671 1.225425 0.975240
v -0.890118 1.193592 0.987921
v -0.967331 1.173396 1.013861
v -0.938823 1.174071 1.017893
v -0.910588 1.172238 1.012527
v -0.907853 1.301508 0.954623
v -0.926486 1.302972 0.958104
v -0.945298 1.302777 0.955369
v -0.899173 1.415838 0.886562
v -0.898635 1.416734 0.878050
v -0.899619 1.411726 0.871159
v -0.893041 1.408967 0.864544
v -0.883968 1.410618 0.863297
v -0.877384 1.406966 0.864625
v -0.870420 1.407772 0.871369
v -0.868438 1.412452 0.878319
v -0.869974 1.411884 0.886772
v -0.876551 1.414644 0.893386
v -0.883105 1.418568 0.893073
v -0.892208 1.416645 0.893306
v -0.944883 1.337809 0.930021
v -0.927261 1.370812 0.914776
v -0.911246 1.396459 0.902039
v -0.912230 1.387390 0.868067
v -0.928539 1.359040 0.870682
v -0.946480 1.323087 0.874876
v -0.888103 1.334926 0.929146
v -0.882044 1.367420 0.914372
v -0.876565 1.392929 0.901977
v -0.877549 1.383860 0.868005
v -0.883321 1.355649 0.870278
v -0.889701 1.320204 0.874001
v -0.989492 1.112281 0.936511
v -0.991844 1.118345 0.960410
v -0.988117 1.124956 0.983988
v -0.918117 1.104909 0.912708
v -0.942774 1.104293 0.910444
v -0.967252 1.105912 0.913864
v -0.893220 1.123020 0.981756
v -0.890878 1.116285 0.958036
v -0.894595 1.110345 0.934279
v -0.964596 1.130391 1.005558
v -0.939948 1.130337 1.008002
v -0.915461 1.129389 1.004403
v -0.996083 1.124796 0.903378
v -0.995130 1.113969 0.907359
v -0.990341 1.109290 0.913378
v -0.987672 1.133895 1.005544
v -0.992195 1.141019 1.008681
v -0.993088 1.152402 1.006786
v -0.886069 1.150219 1.004269
v -0.887335 1.138880 1.006215
v -0.892288 1.131949 1.003300
v -0.894957 1.107344 0.911135
v -0.890270 1.111830 0.904893
v -0.889064 1.122612 0.900861
v -0.867294 1.146836 0.919806
v -0.871364 1.154253 0.947334
v -0.865706 1.161473 0.974633
v -0.846911 1.192725 0.986901
v -0.841231 1.224491 0.974000
v -0.832623 1.260308 0.959110
v -0.830356 1.294257 0.928209
v -0.834091 1.289525 0.910141
v -0.831407 1.284576 0.891945
v -0.834849 1.239784 0.882231
v -0.843732 1.201438 0.887647
v -0.849642 1.167552 0.892609
v -0.773520 1.135073 0.880763
v -0.802027 1.134397 0.876730
v -0.830262 1.136231 0.882097
v -0.806970 1.277223 0.867096
v -0.788338 1.275758 0.863615
v -0.769525 1.275953 0.866350
v -0.755351 1.237772 0.880466
v -0.754383 1.199500 0.885577
v -0.752060 1.165547 0.890318
v -0.732767 1.158761 0.971507
v -0.728698 1.151343 0.943979
v -0.734355 1.144123 0.916679
v -0.743678 1.281601 0.890198
v -0.739943 1.286333 0.908266
v -0.742628 1.291283 0.926462
v -0.753125 1.258296 0.957345
v -0.751882 1.222553 0.971929
v -0.749329 1.190719 0.984609
v -0.826542 1.170523 1.010550
v -0.798034 1.171199 1.014582
v -0.769799 1.169366 1.009215
v -0.767064 1.298635 0.951312
v -0.785697 1.300100 0.954793
v -0.804509 1.299905 0.952057
v -0.758384 1.412966 0.883250
v -0.757846 1.413862 0.874739
v -0.758830 1.408854 0.867848
v -0.752252 1.406094 0.861233
v -0.743179 1.407746 0.859985
v -0.736596 1.404094 0.861314
v -0.729631 1.404900 0.868058
v -0.727649 1.409579 0.875008
v -0.729185 1.409012 0.883460
v -0.735762 1.411772 0.890075
v -0.742316 1.415695 0.889762
v -0.751419 1.413772 0.889994
v -0.804094 1.334936 0.926710
v -0.786472 1.367940 0.911465
v -0.770457 1.393587 0.898728
v -0.771441 1.384518 0.864756
v -0.787750 1.356168 0.867371
v -0.805692 1.320215 0.871565
v -0.747315 1.332053 0.925835
v -0.741255 1.364548 0.911061
v -0.735776 1.390057 0.898665
v -0.736760 1.380988 0.864694
v -0.742532 1.352776 0.866966
v -0.748912 1.317332 0.870690
v -0.848704 1.109408 0.933199
v -0.851055 1.115473 0.957099
v -0.847328 1.122083 0.980677
v -0.777328 1.102037 0.909397
v -0.801985 1.101420 0.907133
v -0.826463 1.103039 0.910553
v -0.752431 1.120147 0.978445
v -0.750090 1.113413 0.954724
v -0.753806 1.107472 0.930968
v -0.823807 1.127519 1.002247
v -0.799159 1.127465 1.004691
v -0.774672 1.126516 1.001092
v -0.855295 1.121924 0.900067
v -0.854341 1.111097 0.904048
v -0.849552 1.106418 0.910067
v -0.846883 1.131023 1.002232
v -0.851407 1.138147 1.005370
v -0.852299 1.149530 1.003475
v -0.745280 1.147347 1.000958
v -0.746546 1.136007 1.002904
v -0.751499 1.129077 0.999989
v -0.754168 1.104472 0.907824
v -0.749481 1.108958 0.901582
v -0.748275 1.119740 0.897550
v -0.726506 1.143963 0.916495
v -0.730575 1.151381 0.944023
v -0.724917 1.158600 0.971322
v -0.706122 1.189852 0.983589
v -0.700442 1.221619 0.970688
v -0.691834 1.257435 0.955799
v -0.689568 1.291385 0.924898
v -0.693302 1.286653 0.906830
v -0.690618 1.281703 0.888634
v -0.694061 1.236911 0.878920
v -0.702943 1.198566 0.884336
v -0.708853 1.164680 0.889298
v -0.632731 1.132201 0.877451
v -0.661238 1.131525 0.873419
v -0.689473 1.133358 0.878786
v -0.666182 1.274351 0.863785
v -0.647549 1.272886 0.860304
v -0.628736 1.273081 0.863039
v -0.614563 1.234899 0.877155
v -0.613594 1.196627 0.882266
v -0.611271 1.162674 0.887007
v -0.591978 1.155888 0.968196
v -0.587909 1.148471 0.940668
v -0.593566 1.141251 0.913368
v -0.602889 1.278729 0.886887
v -0.599154 1.283461 0.904955
v -0.601839 1.288410 0.923151
v -0.612336 1.255423 0.954033
v -0.611093 1.219681 0.968618
v -0.608540 1.187847 0.981298
v -0.685753 1.167651 1.007239
v -0.657245 1.168327 1.011271
v -0.629010 1.166493 1.005904
v -0.626275 1.295763 0.948001
v -0.644908 1.297228 0.951482
v -0.663721 1.297033 0.948746
v -0.617595 1.410094 0.879939
v -0.617057 1.410990 0.871428
v -0.618041 1.405982 0.864537
v -0.611463 1.403222 0.857922
v -0.602390 1.404874 0.856674
v -0.595807 1.401221 0.858003
v -0.588842 1.402027 0.864747
v -0.586860 1.406707 0.871697
v -0.588396 1.406139 0.880149
v -0.594974 1.408899 0.886764
v -0.601527 1.412823 0.886450
v -0.610630 1.410900 0.886683
v -0.663305 1.332064 0.923399
v -0.645684 1.365067 0.908154
v -0.629668 1.390715 0.895416
v -0.630652 1.381646 0.861445
v -0.646961 1.353296 0.864060
v -0.664903 1.317342 0.868254
v -0.606526 1.329181 0.922524
v -0.600466 1.361676 0.907749
v -0.594987 1.387185 0.895354
v -0.595971 1.378116 0.861383
v -0.601743 1.349904 0.863655
v -0.608123 1.314459 0.867379
v -0.707915 1.106536 0.929888
v -0.710266 1.112600 0.953788
v -0.706539 1.119211 0.977365
v -0.636539 1.099165 0.906086
v -0.661196 1.098548 0.903822
v -0.685674 1.100167 0.907241
v -0.611642 1.117275 0.975133
v -0.609301 1.110540 0.951413
v -0.613017 1.104600 0.927656
v -0.683018 1.124646 0.998936
v -0.658370 1.124593 1.001379
v -0.633883 1.123644 0.997780
v -0.714506 1.119051 0.896756
v -0.713552 1.108225 0.900737
v -0.708763 1.103545 0.906756
v -0.706094 1.128150 0.998921
v -0.710618 1.135274 1.002059
v -0.711510 1.146658 1.000164
v -0.604491 1.144474 0.997647
v -0.605757 1.133135 0.999593
v -0.610710 1.126204 0.996678
v -0.613379 1.101599 0.904513
v -0.608692 1.106085 0.898271
v -0.607486 1.116868 0.894239
v -0.585717 1.141091 0.913184
v -0.589786 1.148509 0.940712
v -0.584129 1.155728 0.968011
v -0.565333 1.186980 0.980278
v -0.559653 1.218747 0.967377
v -0.551045 1.254563 0.952488
v -0.548779 1.288512 0.921587
v -0.552513 1.283781 0.903519
v -0.549829 1.278831 0.885323
v -0.553272 1.234039 0.875609
v -0.562154 1.195694 0.881025
v -0.568064 1.161807 0.885987
v -0.491942 1.129328 0.874140
v -0.520449 1.128653 0.870108
v -0.548685 1.130486 0.875475
v -0.525393 1.271478 0.860474
v -0.506760 1.270014 0.856992
v -0.487947 1.270209 0.859728
v -0.473774 1.232027 0.873843
v -0.472805 1.193755 0.878954
v -0.470482 1.159802 0.883696
v -0.451189 1.153016 0.964884
v -0.447120 1.145598 0.937356
v -0.452777 1.138379 0.910057
v -0.462100 1.275857 0.883576
v -0.458366 1.280588 0.901644
v -0.461050 1.285538 0.919840
v -0.471547 1.252551 0.950722
v -0.470304 1.216808 0.965307
v -0.467751 1.184975 0.977987
v -0.544964 1.164779 1.003928
v -0.516457 1.165454 1.007960
v -0.488221 1.163621 1.002593
v -0.485486 1.292891 0.944689
v -0.504119 1.294355 0.948171
v -0.522932 1.294160 0.945435
v -0.476806 1.407222 0.876628
v -0.476268 1.408117 0.868117
v -0.477252 1.403110 0.861225
v -0.470674 1.400349 0.854611
v -0.461601 1.402001 0.853363
v -0.455018 1.398349 0.854691
v -0.448053 1.399155 0.861435
v -0.446071 1.403835 0.868385
v -0.447607 1.403267 0.876838
v -0.454185 1.406027 0.883453
v -0.460738 1.409951 0.883139
v -0.469841 1.408028 0.883372
v -0.522516 1.329192 0.920088
v -0.504895 1.362195 0.904843
v -0.488879 1.387842 0.892105
v -0.489863 1.378773 0.858134
v -0.506172 1.350423 0.860748
v -0.524114 1.314470 0.864943
v -0.465737 1.326309 0.919213
v -0.459677 1.358804 0.904438
v -0.454198 1.384312 0.892043
v -0.455182 1.375243 0.858072
v -0.460954 1.347032 0.860344
v -0.467334 1.311587 0.864068
v -0.567126 1.103664 0.926577
v -0.569477 1.109728 0.950477
v -0.565751 1.116339 0.974054
v -0.495750 1.096292 0.902775
v -0.520407 1.095676 0.900510
v -0.544885 1.097295 0.903930
v -0.470853 1.114403 0.971822
v -0.468512 1.107668 0.948102
v -0.472229 1.101728 0.924345
v -0.542229 1.121774 0.995625
v -0.517581 1.121720 0.998068
v -0.493094 1.120772 0.994469
v -0.573717 1.116179 0.893445
v -0.572764 1.105352 0.897426
v -0.567975 1.100673 0.903445
v -0.565305 1.125278 0.995610
v -0.569829 1.132402 0.998748
v -0.570722 1.143785 0.996853
v -0.463702 1.141602 0.994336
v -0.464968 1.130263 0.996282
v -0.469921 1.123332 0.993367
v -0.472590 1.098727 0.901202
v -0.467903 1.103213 0.894960
v -0.466697 1.113996 0.890928
v -0.444928 1.138219 0.909872
v -0.448997 1.145636 0.937400
v -0.443340 1.152856 0.964700
v -0.424544 1.184108 0.976967
v -0.418864 1.215875 0.964066
v -0.410256 1.251691 0.949177
v -0.407990 1.285640 0.918276
v -0.411725 1.280908 0.900208
v -0.409040 1.275959 0.882012
v -0.412483 1.231167 0.872298
v -0.421365 1.192821 0.877714
v -0.427276 1.158935 0.882676
v -0.351153 1.126456 0.870829
v -0.379661 1.125780 0.866797
v -0.407896 1.127614 0.872164
v -0.384604 1.268606 0.857162
v -0.365971 1.267141 0.853681
v -0.347158 1.267336 0.856417
v -0.332985 1.229155 0.870532
v -0.332017 1.190883 0.875643
v -0.329693 1.156930 0.880384
v -0.310400 1.150144 0.961573
v -0.306331 1.142726 0.934045
v -0.311989 1.135507 0.906746
v -0.321311 1.272984 0.880265
v -0.317577 1.277716 0.898333
v -0.320261 1.282665 0.916529
v -0.330758 1.249679 0.947411
v -0.329515 1.213936 0.961996
v -0.326962 1.182102 0.974676
v -0.404175 1.161906 1.000616
v -0.375668 1.162582 1.004649
v -0.347433 1.160749 0.999282
v -0.344698 1.290018 0.941378
v -0.363330 1.291483 0.944859
v -0.382143 1.291288 0.942124
v -0.336017 1.404349 0.873317
v -0.335479 1.405245 0.864806
v -0.336463 1.400237 0.857914
v -0.329886 1.397477 0.851300
v -0.320812 1.399129 0.850052
v -0.314229 1.395476 0.851380
v -0.307264 1.396283 0.858124
v -0.305282 1.400962 0.865074
v -0.306818 1.400395 0.873527
v -0.313396 1.403155 0.880141
v -0.319949 1.407078 0.879828
v -0.329053 1.405156 0.880061
v -0.381728 1.326319 0.916776
v -0.364106 1.359323 0.901531
v -0.348090 1.384970 0.888794
v -0.349074 1.375901 0.854823
v -0.365383 1.347551 0.857437
v -0.383325 1.311598 0.861631
v -0.324948 1.323436 0.915901
v -0.318888 1.355931 0.901127
v -0.313409 1.381440 0.888732
v -0.314393 1.372371 0.854761
v -0.320166 1.344159 0.857033
v -0.326545 1.308715 0.860756
v -0.426337 1.100791 0.923266
v -0.428688 1.106856 0.947165
v -0.424962 1.113466 0.970743
v -0.354961 1.093420 0.899463
v -0.379618 1.092803 0.897199
v -0.404096 1.094422 0.900619
v -0.330065 1.111530 0.968511
v -0.327723 1.104796 0.944791
v -0.331440 1.098855 0.921034
v -0.401440 1.118902 0.992314
v -0.376792 1.118848 0.994757
v -0.352305 1.117899 0.991158
v -0.432928 1.113307 0.890134
v -0.431975 1.102480 0.894115
v -0.427186 1.097801 0.900134
v -0.424516 1.122406 0.992299
v -0.429040 1.129530 0.995437
v -0.429933 1.140913 0.993542
v -0.322913 1.138730 0.991025
v -0.324179 1.127390 0.992970
v -0.329132 1.120460 0.990056
v -0.331802 1.095855 0.897890
v -0.327114 1.100341 0.891648
v -0.325908 1.111123 0.887617
v -0.304139 1.135346 0.906561
v -0.308208 1.142764 0.934089
v -0.302551 1.149983 0.961389
v -0.283756 1.181235 0.973656
v -0.278075 1.213002 0.960755
v -0.269467 1.248818 0.945865
v -0.267201 1.282768 0.914965
v -0.270936 1.278036 0.896897
v -0.268251 1.273086 0.878701
v -0.271694 1.228294 0.868987
v -0.280576 1.189949 0.874402
v -0.286487 1.156063 0.879364
v -0.210364 1.123584 0.867518
v -0.238872 1.122908 0.863486
v -0.267107 1.124741 0.868852
v -0.243815 1.265734 0.853851
v -0.225182 1.264269 0.850370
v -0.206370 1.264464 0.853106
v -0.192196 1.226282 0.867221
v -0.191228 1.188011 0.872332
v -0.188904 1.154057 0.877073
v -0.169612 1.147271 0.958262
v -0.165542 1.139853 0.930734
v -0.171200 1.132634 0.903435
v -0.180523 1.270112 0.876954
v -0.176788 1.274844 0.895022
v -0.179472 1.279793 0.913218
v -0.189969 1.246807 0.944100
v -0.188727 1.211064 0.958684
v -0.186173 1.179230 0.971365
v -0.263386 1.159034 0.997305
v -0.234879 1.159710 1.001338
v -0.206644 1.157876 0.995971
v -0.203909 1.287146 0.938067
v -0.222541 1.288611 0.941548
v -0.241354 1.288416 0.938813
v -0.195228 1.401477 0.870006
v -0.194690 1.402373 0.861494
v -0.195674 1.397365 0.854603
v -0.189097 1.394605 0.847988
v -0.180023 1.396257 0.846741
v -0.173440 1.392604 0.848069
v -0.166476 1.393410 0.854813
v -0.164493 1.398090 0.861763
v -0.166029 1.397522 0.870216
v -0.172607 1.400282 0.876830
v -0.179161 1.404206 0.876517
v -0.188264 1.402283 0.876750
v -0.240939 1.323447 0.913465
v -0.223317 1.356450 0.898220
v -0.207301 1.382098 0.885483
v -0.208285 1.373029 0.851511
v -0.224594 1.344679 0.854126
v -0.242536 1.308725 0.858320
v -0.184159 1.320564 0.912590
v -0.178100 1.353059 0.897816
v -0.172620 1.378568 0.885421
v -0.173604 1.369498 0.851449
v -0.179377 1.341287 0.853722
v -0.185756 1.305842 0.857445
v -0.285548 1.097919 0.919955
v -0.287899 1.103983 0.943854
v -0.284173 1.110594 0.967432
v -0.214172 1.090548 0.896152
v -0.238830 1.089931 0.893888
v -0.263307 1.091550 0.897308
v -0.189276 1.108658 0.965200
v -0.186934 1.101923 0.941480
v -0.190651 1.095983 0.917723
v -0.260651 1.116030 0.989002
v -0.236004 1.115976 0.991446
v -0.211516 1.115027 0.987847
v -0.292139 1.110434 0.886822
v -0.291186 1.099608 0.890803
v -0.286397 1.094928 0.896823
v -0.283727 1.119533 0.988988
v -0.288251 1.126657 0.992125
v -0.289144 1.138041 0.990230
v -0.182124 1.135857 0.987713
v -0.183390 1.124518 0.989659
v -0.188343 1.117587 0.986744
v -0.191013 1.092982 0.894579
v -0.186325 1.097468 0.888337
v -0.185119 1.108251 0.884305
v -0.163350 1.132474 0.903250
v -0.167420 1.139892 0.930778
v -0.161762 1.147111 0.958077
v -0.142967 1.178363 0.970345
v -0.137286 1.210130 0.957444
v -0.128678 1.245946 0.942554
v -0.126412 1.279895 0.911653
v -0.130147 1.275164 0.893585
v -0.127462 1.270214 0.875389
v -0.130905 1.225422 0.865675
v -0.139788 1.187077 0.871091
v -0.145698 1.153190 0.876053
v -0.069576 1.120711 0.864207
v -0.098083 1.120036 0.860175
v -0.126318 1.121869 0.865541
v -0.103026 1.262861 0.850540
v -0.084393 1.261397 0.847059
v -0.065581 1.261592 0.849794
v -0.051407 1.223410 0.863910
v -0.050439 1.185138 0.869021
v -0.048115 1.151185 0.873762
v -0.028823 1.144399 0.954951
v -0.024753 1.136981 0.927423
v -0.030411 1.129762 0.900123
v -0.039734 1.267240 0.873643
v -0.035999 1.271971 0.891711
v -0.038683 1.276921 0.909906
v -0.049180 1.243934 0.940789
v -0.047938 1.208191 0.955373
v -0.045384 1.176358 0.968054
v -0.122597 1.156162 0.993994
v -0.094090 1.156837 0.998026
v -0.065855 1.155004 0.992660
v -0.063120 1.284274 0.934756
v -0.081752 1.285738 0.938237
v -0.100565 1.285543 0.935501
v -0.054439 1.398605 0.866695
v -0.053902 1.399500 0.858183
v -0.054886 1.394493 0.851292
v -0.048308 1.391733 0.844677
v -0.039234 1.393384 0.843429
v -0.032651 1.389732 0.844758
v -0.025687 1.390538 0.851502
v -0.023704 1.395218 0.858452
v -0.025240 1.394650 0.866904
v -0.031818 1.397410 0.873519
v -0.038372 1.401334 0.873206
v -0.047475 1.399411 0.873438
v -0.100150 1.320575 0.910154
v -0.082528 1.353578 0.894909
v -0.066513 1.379225 0.882172
v -0.067496 1.370156 0.848200
v -0.083805 1.341806 0.850815
v -0.101747 1.305853 0.855009
v -0.043370 1.317692 0.909279
v -0.037311 1.350186 0.894505
v -0.031831 1.375695 0.882110
v -0.032815 1.366626 0.848138
v -0.038588 1.338415 0.850410
v -0.044967 1.302970 0.854134
v -0.144759 1.095047 0.916644
v -0.147110 1.101111 0.940543
v -0.143384 1.107722 0.964121
v -0.073383 1.087675 0.892841
v -0.098041 1.087059 0.890577
v -0.122519 1.088678 0.893997
v -0.048487 1.105786 0.961889
v -0.046145 1.099051 0.938168
v -0.049862 1.093111 0.914412
v -0.119863 1.113157 0.985691
v -0.095215 1.113103 0.988135
v -0.070727 1.112155 0.984536
v -0.151350 1.107562 0.883511
v -0.150397 1.096735 0.887492
v -0.145608 1.092056 0.893511
v -0.142938 1.116661 0.985676
v -0.147462 1.123785 0.988814
v -0.148355 1.135168 0.986919
v -0.041335 1.132985 0.984402
v -0.042601 1.121646 0.986348
v -0.047554 1.114715 0.983433
v -0.050224 1.090110 0.891268
v -0.045536 1.094596 0.885026
v -0.044331 1.105379 0.880994
v 1.008084 1.149708 0.923117
v 1.012153 1.157126 0.950645
v 1.006495 1.164345 0.977944
v 0.987701 1.195597 0.990212
v 0.982020 1.227364 0.977311
v 0.973412 1.263180 0.962421
v 0.971146 1.297129 0.931520
v 0.974881 1.292397 0.913452
v 0.972196 1.287448 0.895256
v 0.975639 1.242656 0.885542
v 0.984521 1.204311 0.890958
v 0.990431 1.170424 0.895920
v 0.914309 1.137945 0.884074
v 0.942817 1.137269 0.880041
v 0.971052 1.139103 0.885408
v 0.947760 1.280095 0.870407
v 0.929127 1.278631 0.866926
v 0.910314 1.278826 0.869661
v 0.896141 1.240644 0.883777
v 0.895173 1.202372 0.888888
v 0.892849 1.168419 0.893629
v 0.873556 1.161633 0.974818
v 0.869487 1.154215 0.947290
v 0.875144 1.146996 0.919990
v 0.884467 1.284474 0.893510
v 0.880733 1.289205 0.911578
v 0.883417 1.294155 0.929773
v 0.893914 1.261168 0.960656
v 0.892671 1.225425 0.975240
v 0.890118 1.193592 0.987921
v 0.967331 1.173396 1.013861
v 0.938824 1.174071 1.017893
v 0.910589 1.172238 1.012527
v 0.907854 1.301508 0.954623
v 0.926486 1.302972 0.958104
v 0.945299 1.302777 0.955368
v 0.899173 1.415838 0.886562
v 0.898635 1.416734 0.878050
v 0.899619 1.411726 0.871159
v 0.893042 1.408966 0.864544
v 0.883968 1.410618 0.863296
v 0.877385 1.406966 0.864625
v 0.870421 1.407772 0.871369
v 0.868438 1.412452 0.878319
v 0.869974 1.411884 0.886772
v 0.876552 1.414644 0.893386
v 0.883105 1.418568 0.893073
v 0.892209 1.416645 0.893305
v 0.944884 1.337809 0.930021
v 0.927262 1.370812 0.914776
v 0.911247 1.396459 0.902039
v 0.912230 1.387390 0.868067
v 0.928539 1.359040 0.870682
v 0.946481 1.323087 0.874876
v 0.888104 1.334926 0.929146
v 0.882044 1.367420 0.914372
v 0.876565 1.392929 0.901977
v 0.877549 1.383860 0.868005
v 0.883322 1.355649 0.870277
v 0.889701 1.320204 0.874001
v 0.989493 1.112281 0.936511
v 0.991844 1.118345 0.960410
v 0.988118 1.124956 0.983988
v 0.918117 1.104909 0.912708
v 0.942774 1.104293 0.910444
v 0.967252 1.105912 0.913864
v 0.893220 1.123019 0.981756
v 0.890879 1.116285 0.958035
v 0.894596 1.110345 0.934279
v 0.964596 1.130391 1.005558
v 0.939948 1.130337 1.008002
v 0.915461 1.129389 1.004403
v 0.996084 1.124796 0.903378
v 0.995130 1.113969 0.907359
v 0.990341 1.109290 0.913378
v 0.987672 1.133895 1.005543
v 0.992196 1.141019 1.008681
v 0.993089 1.152402 1.006786
v 0.886069 1.150219 1.004269
v 0.887335 1.138880 1.006215
v 0.892288 1.131949 1.003300
v 0.894958 1.107344 0.911135
v 0.890270 1.111830 0.904893
v 0.889064 1.122612 0.900861
v 0.867295 1.146836 0.919806
v 0.871365 1.154253 0.947334
v 0.865707 1.161473 0.974633
v 0.846912 1.192725 0.986901
v 0.841231 1.224491 0.974000
v 0.832623 1.260308 0.959110
v 0.830357 1.294257 0.928209
v 0.834092 1.289525 0.910141
v 0.831407 1.284576 0.891945
v 0.834850 1.239784 0.882231
v 0.843733 1.201438 0.887647
v 0.849643 1.167552 0.892609
v 0.773521 1.135073 0.880763
v 0.802028 1.134397 0.876730
v 0.830263 1.136231 0.882097
v 0.806971 1.277223 0.867096
v 0.788338 1.275758 0.863615
v 0.769526 1.275953 0.866350
v 0.755352 1.237772 0.880466
v 0.754383 1.199500 0.885577
v 0.752060 1.165547 0.890318
v 0.732768 1.158761 0.971507
v 0.728698 1.151343 0.943979
v 0.734356 1.144123 0.916679
v 0.743678 1.281601 0.890198
v 0.739944 1.286333 0.908266
v 0.742628 1.291282 0.926462
v 0.753125 1.258296 0.957345
v 0.751882 1.222553 0.971929
v 0.749329 1.190719 0.984609
v 0.826542 1.170523 1.010550
v 0.798035 1.171199 1.014582
v 0.769799 1.169366 1.009215
v 0.767065 1.298635 0.951312
v 0.785697 1.300100 0.954793
v 0.804510 1.299905 0.952057
v 0.758384 1.412966 0.883250
v 0.757846 1.413862 0.874739
v 0.758830 1.408854 0.867848
v 0.752253 1.406094 0.861233
v 0.743179 1.407746 0.859985
v 0.736596 1.404093 0.861314
v 0.729631 1.404900 0.868058
v 0.727649 1.409579 0.875008
v 0.729185 1.409012 0.883460
v 0.735763 1.411772 0.890075
v 0.742316 1.415695 0.889761
v 0.751420 1.413772 0.889994
v 0.804094 1.334936 0.926710
v 0.786473 1.367940 0.911465
v 0.770458 1.393587 0.898727
v 0.771442 1.384518 0.864756
v 0.787750 1.356168 0.867371
v 0.805692 1.320214 0.871565
v 0.747315 1.332053 0.925835
v 0.741255 1.364548 0.911060
v 0.735776 1.390057 0.898665
v 0.736760 1.380988 0.864694
v 0.742533 1.352776 0.866966
v 0.748912 1.317332 0.870690
v 0.848704 1.109408 0.933199
v 0.851055 1.115473 0.957099
v 0.847329 1.122083 0.980676
v 0.777328 1.102037 0.909397
v 0.801985 1.101420 0.907133
v 0.826464 1.103039 0.910552
v 0.752431 1.120147 0.978445
v 0.750090 1.113413 0.954724
v 0.753807 1.107472 0.930967
v 0.823807 1.127519 1.002247
v 0.799160 1.127465 1.004691
v 0.774672 1.126516 1.001091
v 0.855295 1.121923 0.900067
v 0.854342 1.111097 0.904048
v 0.849553 1.106418 0.910067
v 0.846883 1.131023 1.002232
v 0.851407 1.138147 1.005370
v 0.852300 1.149530 1.003475
v 0.745280 1.147347 1.000958
v 0.746546 1.136007 1.002904
v 0.751499 1.129077 0.999989
v 0.754169 1.104472 0.907824
v 0.749481 1.108958 0.901582
v 0.748275 1.119740 0.897550
v 0.726506 1.143963 0.916495
v 0.730576 1.151381 0.944023
v 0.724918 1.158600 0.971322
v 0.706123 1.189852 0.983589
v 0.700442 1.221619 0.970688
v 0.691834 1.257435 0.955799
v 0.689568 1.291385 0.924898
v 0.693303 1.286653 0.906830
v 0.690618 1.281703 0.888634
v 0.694061 1.236911 0.878920
v 0.702943 1.198566 0.884336
v 0.708854 1.164680 0.889298
v 0.632732 1.132201 0.877451
v 0.661239 1.131525 0.873419
v 0.689474 1.133358 0.878786
v 0.666182 1.274351 0.863785
v 0.647550 1.272886 0.860304
v 0.628737 1.273081 0.863039
v 0.614563 1.234899 0.877154
v 0.613595 1.196627 0.882265
v 0.611272 1.162674 0.887007
v 0.591979 1.155888 0.968195
v 0.587909 1.148470 0.940667
v 0.593567 1.141251 0.913368
v 0.602890 1.278729 0.886887
v 0.599155 1.283461 0.904955
v 0.601839 1.288410 0.923151
v 0.612336 1.255423 0.954033
v 0.611093 1.219681 0.968618
v 0.608540 1.187847 0.981298
v 0.685753 1.167651 1.007239
v 0.657246 1.168327 1.011271
v 0.629011 1.166493 1.005904
v 0.626276 1.295763 0.948000
v 0.644908 1.297228 0.951482
v 0.663721 1.297032 0.948746
v 0.617595 1.410094 0.879939
v 0.617057 1.410990 0.871428
v 0.618041 1.405982 0.864537
v 0.611464 1.403222 0.857922
v 0.602390 1.404874 0.856674
v 0.595807 1.401221 0.858003
v 0.588843 1.402027 0.864746
v 0.586860 1.406707 0.871696
v 0.588396 1.406139 0.880149
v 0.594974 1.408899 0.886764
v 0.601528 1.412823 0.886450
v 0.610631 1.410900 0.886683
v 0.663306 1.332064 0.923399
v 0.645684 1.365067 0.908154
v 0.629669 1.390715 0.895416
v 0.630653 1.381645 0.861445
v 0.646961 1.353296 0.864059
v 0.664903 1.317342 0.868254
v 0.606526 1.329181 0.922524
v 0.600467 1.361676 0.907749
v 0.594987 1.387185 0.895354
v 0.595971 1.378115 0.861383
v 0.601744 1.349904 0.863655
v 0.608123 1.314459 0.867379
v 0.707915 1.106536 0.929888
v 0.710266 1.112600 0.953788
v 0.706540 1.119211 0.977365
v 0.636539 1.099164 0.906086
v 0.661197 1.098548 0.903821
v 0.685674 1.100167 0.907241
v 0.611643 1.117275 0.975133
v 0.609301 1.110540 0.951413
v 0.613018 1.104600 0.927656
v 0.683019 1.124646 0.998936
v 0.658371 1.124593 1.001379
v 0.633883 1.123644 0.997780
v 0.714506 1.119051 0.896756
v 0.713553 1.108225 0.900737
v 0.708764 1.103545 0.906756
v 0.706094 1.128150 0.998921
v 0.710618 1.135274 1.002059
v 0.711511 1.146658 1.000164
v 0.604491 1.144474 0.997647
v 0.605757 1.133135 0.999593
v 0.610710 1.126204 0.996678
v 0.613380 1.101599 0.904513
v 0.608692 1.106085 0.898271
v 0.607487 1.116868 0.894239
v 0.585717 1.141091 0.913183
v 0.589787 1.148509 0.940712
v 0.584129 1.155728 0.968011
v 0.565334 1.186980 0.980278
v 0.559654 1.218747 0.967377
v 0.551045 1.254563 0.952488
v 0.548779 1.288512 0.921587
v 0.552514 1.283781 0.903519
v 0.549829 1.278831 0.885323
v 0.553272 1.234039 0.875609
v 0.562154 1.195694 0.881025
v 0.568065 1.161807 0.885987
v 0.491943 1.129328 0.874140
v 0.520450 1.128652 0.870108
v 0.548685 1.130486 0.875475
v 0.525393 1.271478 0.860474
v 0.506761 1.270014 0.856992
v 0.487948 1.270209 0.859728
v 0.473774 1.232027 0.873843
v 0.472806 1.193755 0.878954
v 0.470483 1.159802 0.883695
v 0.451190 1.153016 0.964884
v 0.447120 1.145598 0.937356
v 0.452778 1.138379 0.910057
v 0.462101 1.275856 0.883576
v 0.458366 1.280588 0.901644
v 0.461050 1.285538 0.919840
v 0.471547 1.252551 0.950722
v 0.470305 1.216808 0.965307
v 0.467751 1.184975 0.977987
v 0.544964 1.164779 1.003928
v 0.516457 1.165454 1.007960
v 0.488222 1.163621 1.002593
v 0.485487 1.292891 0.944689
v 0.504119 1.294355 0.948170
v 0.522932 1.294160 0.945435
v 0.476806 1.407221 0.876628
v 0.476269 1.408117 0.868117
v 0.477252 1.403109 0.861225
v 0.470675 1.400349 0.854611
v 0.461601 1.402001 0.853363
v 0.455018 1.398349 0.854691
v 0.448054 1.399155 0.861435
v 0.446071 1.403835 0.868385
v 0.447608 1.403267 0.876838
v 0.454185 1.406027 0.883453
v 0.460739 1.409950 0.883139
v 0.469842 1.408028 0.883372
v 0.522517 1.329192 0.920087
v 0.504895 1.362195 0.904842
v 0.488880 1.387842 0.892105
v 0.489864 1.378773 0.858134
v 0.506172 1.350423 0.860748
v 0.524114 1.314470 0.864942
v 0.465737 1.326309 0.919212
v 0.459678 1.358803 0.904438
v 0.454198 1.384312 0.892043
v 0.455182 1.375243 0.858072
v 0.460955 1.347032 0.860344
v 0.467334 1.311587 0.864067
v 0.567126 1.103664 0.926577
v 0.569477 1.109728 0.950476
v 0.565751 1.116338 0.974054
v 0.495750 1.096292 0.902774
v 0.520408 1.095676 0.900510
v 0.544886 1.097295 0.903930
v 0.470854 1.114403 0.971822
v 0.468512 1.107668 0.948102
v 0.472229 1.101728 0.924345
v 0.542230 1.121774 0.995625
v 0.517582 1.121720 0.998068
v 0.493094 1.120772 0.994469
v 0.573717 1.116179 0.893445
v 0.572764 1.105352 0.897426
v 0.567975 1.100673 0.903445
v 0.565305 1.125278 0.995610
v 0.569829 1.132402 0.998748
v 0.570722 1.143785 0.996853
v 0.463702 1.141602 0.994336
v 0.464968 1.130263 0.996281
v 0.469921 1.123332 0.993367
v 0.472591 1.098727 0.901201
v 0.467903 1.103213 0.894959
v 0.466698 1.113995 0.890928
v 0.444928 1.138219 0.909872
v 0.448998 1.145636 0.937400
v 0.443340 1.152856 0.964700
v 0.424545 1.184108 0.976967
v 0.418865 1.215874 0.964066
v 0.410256 1.251691 0.949176
v 0.407990 1.285640 0.918276
v 0.411725 1.280908 0.900208
v 0.409041 1.275959 0.882012
v 0.412483 1.231167 0.872298
v 0.421366 1.192821 0.877714
v 0.427276 1.158935 0.882675
v 0.351154 1.126456 0.870829
v 0.379661 1.125780 0.866797
v 0.407896 1.127614 0.872164
v 0.384604 1.268606 0.857162
v 0.365972 1.267141 0.853681
v 0.347159 1.267336 0.856417
v 0.332985 1.229155 0.870532
v 0.332017 1.190883 0.875643
v 0.329694 1.156930 0.880384
v 0.310401 1.150144 0.961573
v 0.306331 1.142726 0.934045
v 0.311989 1.135506 0.906746
v 0.321312 1.272984 0.880265
v 0.317577 1.277716 0.898333
v 0.320261 1.282665 0.916529
v 0.330758 1.249679 0.947411
v 0.329516 1.213936 0.961995
v 0.326962 1.182102 0.974676
v 0.404175 1.161906 1.000616
v 0.375668 1.162582 1.004649
v 0.347433 1.160749 0.999282
v 0.344698 1.290018 0.941378
v 0.363331 1.291483 0.944859
v 0.382143 1.291288 0.942124
v 0.336017 1.404349 0.873317
v 0.335480 1.405245 0.864805
v 0.336464 1.400237 0.857914
v 0.329886 1.397477 0.851300
v 0.320813 1.399129 0.850052
v 0.314229 1.395476 0.851380
v 0.307265 1.396283 0.858124
v 0.305283 1.400962 0.865074
v 0.306819 1.400395 0.873527
v 0.313396 1.403155 0.880141
v 0.319950 1.407078 0.879828
v 0.329053 1.405155 0.880061
v 0.381728 1.326319 0.916776
v 0.364106 1.359323 0.901531
v 0.348091 1.384970 0.888794
v 0.349075 1.375901 0.854823
v 0.365383 1.347551 0.857437
v 0.383325 1.311597 0.861631
v 0.324948 1.323436 0.915901
v 0.318889 1.355931 0.901127
v 0.313410 1.381440 0.888732
v 0.314393 1.372371 0.854760
v 0.320166 1.344159 0.857033
v 0.326545 1.308715 0.860756
v 0.426337 1.100791 0.923266
v 0.428688 1.106856 0.947165
v 0.424962 1.113466 0.970743
v 0.354961 1.093420 0.899463
v 0.379619 1.092803 0.897199
v 0.404097 1.094422 0.900619
v 0.330065 1.111530 0.968511
v 0.327723 1.104796 0.944791
v 0.331440 1.098855 0.921034
v 0.401441 1.118902 0.992314
v 0.376793 1.118848 0.994757
v 0.352305 1.117899 0.991158
v 0.432928 1.113307 0.890134
v 0.431975 1.102480 0.894114
v 0.427186 1.097800 0.900134
v 0.424516 1.122406 0.992299
v 0.429040 1.129530 0.995436
v 0.429933 1.140913 0.993542
v 0.322913 1.138730 0.991025
v 0.324180 1.127390 0.992970
v 0.329132 1.120460 0.990055
v 0.331802 1.095855 0.897890
v 0.327114 1.100341 0.891648
v 0.325909 1.111123 0.887617
v 0.304139 1.135346 0.906561
v 0.308209 1.142764 0.934089
v 0.302551 1.149983 0.961389
v 0.283756 1.181235 0.973656
v 0.278076 1.213002 0.960755
v 0.269468 1.248818 0.945865
v 0.267201 1.282768 0.914965
v 0.270936 1.278036 0.896896
v 0.268252 1.273086 0.878701
v 0.271694 1.228294 0.868986
v 0.280577 1.189949 0.874402
v 0.286487 1.156062 0.879364
v 0.210365 1.123584 0.867518
v 0.238872 1.122908 0.863486
v 0.267107 1.124741 0.868852
v 0.243815 1.265734 0.853851
v 0.225183 1.264269 0.850370
v 0.206370 1.264464 0.853106
v 0.192196 1.226282 0.867221
v 0.191228 1.188010 0.872332
v 0.188905 1.154057 0.877073
v 0.169612 1.147271 0.958262
v 0.165542 1.139853 0.930734
v 0.171200 1.132634 0.903435
v 0.180523 1.270112 0.876954
v 0.176788 1.274844 0.895022
v 0.179473 1.279793 0.913218
v 0.189969 1.246806 0.944100
v 0.188727 1.211064 0.958684
v 0.186174 1.179230 0.971365
v 0.263387 1.159034 0.997305
v 0.234879 1.159710 1.001337
v 0.206644 1.157876 0.995971
v 0.203909 1.287146 0.938067
v 0.222542 1.288611 0.941548
v 0.241354 1.288416 0.938813
v 0.195229 1.401477 0.870006
v 0.194691 1.402373 0.861494
v 0.195675 1.397365 0.854603
v 0.189097 1.394605 0.847988
v 0.180024 1.396257 0.846740
v 0.173440 1.392604 0.848069
v 0.166476 1.393410 0.854813
v 0.164494 1.398090 0.861763
v 0.166030 1.397522 0.870216
v 0.172607 1.400282 0.876830
v 0.179161 1.404206 0.876517
v 0.188264 1.402283 0.876750
v 0.240939 1.323447 0.913465
v 0.223317 1.356450 0.898220
v 0.207302 1.382098 0.885483
v 0.208286 1.373029 0.851511
v 0.224594 1.344679 0.854126
v 0.242536 1.308725 0.858320
v 0.184159 1.320564 0.912590
v 0.178100 1.353059 0.897816
v 0.172621 1.378568 0.885421
v 0.173604 1.369498 0.851449
v 0.179377 1.341287 0.853721
v 0.185757 1.305842 0.857445
v 0.285548 1.097919 0.919955
v 0.287900 1.103983 0.943854
v 0.284173 1.110594 0.967432
v 0.214172 1.090548 0.896152
v 0.238830 1.089931 0.893888
v 0.263308 1.091550 0.897308
v 0.189276 1.108658 0.965200
v 0.186934 1.101923 0.941480
v 0.190651 1.095983 0.917723
v 0.260652 1.116029 0.989002
v 0.236004 1.115976 0.991446
v 0.211517 1.115027 0.987847
v 0.292139 1.110434 0.886822
v 0.291186 1.099608 0.890803
v 0.286397 1.094928 0.896822
v 0.283727 1.119533 0.988988
v 0.288251 1.126657 0.992125
v 0.289144 1.138041 0.990230
v 0.182124 1.135857 0.987713
v 0.183391 1.124518 0.989659
v 0.188343 1.117587 0.986744
v 0.191013 1.092982 0.894579
v 0.186325 1.097468 0.888337
v 0.185120 1.108251 0.884305
v 0.163350 1.132474 0.903250
v 0.167420 1.139892 0.930778
v 0.161763 1.147111 0.958077
v 0.142967 1.178363 0.970345
v 0.137287 1.210130 0.957444
v 0.128679 1.245946 0.942554
v 0.126413 1.279895 0.911653
v 0.130147 1.275164 0.893585
v 0.127463 1.270214 0.875389
v 0.130906 1.225422 0.865675
v 0.139788 1.187077 0.871091
v 0.145698 1.153190 0.876053
v 0.069576 1.120711 0.864207
v 0.098083 1.120036 0.860174
v 0.126318 1.121869 0.865541
v 0.103026 1.262861 0.850540
v 0.084394 1.261397 0.847059
v 0.065581 1.261592 0.849794
v 0.051407 1.223410 0.863910
v 0.050439 1.185138 0.869021
v 0.048116 1.151185 0.873762
v 0.028823 1.144399 0.954951
v 0.024754 1.136981 0.927423
v 0.030411 1.129762 0.900123
v 0.039734 1.267240 0.873642
v 0.035999 1.271971 0.891710
v 0.038684 1.276921 0.909906
v 0.049180 1.243934 0.940789
v 0.047938 1.208191 0.955373
v 0.045385 1.176358 0.968053
v 0.122598 1.156162 0.993994
v 0.094090 1.156837 0.998026
v 0.065855 1.155004 0.992660
v 0.063120 1.284274 0.934756
v 0.081753 1.285738 0.938237
v 0.100565 1.285543 0.935501
v 0.054440 1.398604 0.866695
v 0.053902 1.399500 0.858183
v 0.054886 1.394492 0.851292
v 0.048308 1.391732 0.844677
v 0.039235 1.393384 0.843429
v 0.032651 1.389732 0.844758
v 0.025687 1.390538 0.851502
v 0.023705 1.395218 0.858452
v 0.025241 1.394650 0.866904
v 0.031818 1.397410 0.873519
v 0.038372 1.401334 0.873205
v 0.047475 1.399411 0.873438
v 0.100150 1.320575 0.910154
v 0.082528 1.353578 0.894909
v 0.066513 1.379225 0.882172
v 0.067497 1.370156 0.848200
v 0.083806 1.341806 0.850815
v 0.101747 1.305853 0.855009
v 0.043370 1.317692 0.909279
v 0.037311 1.350186 0.894505
v 0.031832 1.375695 0.882109
v 0.032816 1.366626 0.848138
v 0.038588 1.338415 0.850410
v 0.044968 1.302970 0.854134
v 0.144760 1.095047 0.916643
v 0.147111 1.101111 0.940543
v 0.143384 1.107722 0.964121
v 0.073384 1.087675 0.892841
v 0.098041 1.087059 0.890577
v 0.122519 1.088678 0.893997
v 0.048487 1.105785 0.961889
v 0.046145 1.099051 0.938168
v 0.049862 1.093111 0.914412
v 0.119863 1.113157 0.985691
v 0.095215 1.113103 0.988135
v 0.070728 1.112155 0.984536
v 0.151350 1.107562 0.883511
v 0.150397 1.096735 0.887492
v 0.145608 1.092056 0.893511
v 0.142939 1.116661 0.985676
v 0.147463 1.123785 0.988814
v 0.148355 1.135168 0.986919
v 0.041336 1.132985 0.984402
v 0.042602 1.121646 0.986348
v 0.047555 1.114715 0.983433
v 0.050224 1.090110 0.891268
v 0.045537 1.094596 0.885026
v 0.044331 1.105379 0.880994
v -1.002041 1.190176 0.969171
v -0.995151 1.222413 0.958038
v -0.985096 1.258813 0.945252
v -1.007362 1.183387 0.943496
v -1.000023 1.216201 0.934523
v -0.989431 1.253295 0.924313
v -1.003535 1.176409 0.917605
v -0.996519 1.209806 0.910814
v -0.986313 1.247589 0.903209
v -0.968707 1.166430 0.882141
v -0.964630 1.200630 0.878346
v -0.957940 1.239314 0.874331
v -0.942152 1.164702 0.877095
v -0.940316 1.199019 0.873732
v -0.936307 1.237802 0.870245
v -0.915341 1.165333 0.880889
v -0.915767 1.199569 0.877214
v -0.914465 1.238214 0.873366
v -0.878508 1.173840 0.914670
v -0.882041 1.207323 0.908161
v -0.884456 1.245011 0.900946
v -0.873187 1.180629 0.940345
v -0.877169 1.213535 0.931676
v -0.880121 1.250529 0.921885
v -0.877014 1.187606 0.966236
v -0.880673 1.219930 0.955385
v -0.883239 1.256235 0.942990
v -0.911842 1.197586 1.001699
v -0.912562 1.229106 0.987853
v -0.911612 1.264510 0.971867
v -0.938397 1.199314 1.006746
v -0.936876 1.230717 0.992467
v -0.933245 1.266022 0.975953
v -0.965207 1.198683 1.002952
v -0.961425 1.230167 0.988985
v -0.955087 1.265610 0.972832
v -1.008821 1.146448 0.983713
v -1.014659 1.138996 0.955558
v -1.010459 1.131352 0.927163
v -1.007641 1.135140 0.986078
v -1.013382 1.127798 0.958510
v -1.009246 1.120352 0.930685
v -1.001261 1.128462 0.985245
v -1.006396 1.121601 0.959962
v -1.002734 1.114884 0.934386
v -0.954060 1.326880 0.887472
v -0.956248 1.331094 0.902582
v -0.953186 1.334933 0.917640
v -0.934262 1.362601 0.880564
v -0.935741 1.366411 0.892560
v -0.933561 1.369060 0.904759
v -0.915551 1.391459 0.875150
v -0.915944 1.395518 0.884216
v -0.915003 1.396508 0.894062
v -0.872199 1.420573 0.868376
v -0.877827 1.425717 0.867082
v -0.887085 1.422861 0.868196
v -0.870103 1.426466 0.874626
v -0.875628 1.432090 0.873285
v -0.885120 1.428936 0.874402
v -0.871773 1.424499 0.883084
v -0.877397 1.429685 0.881945
v -0.886659 1.426788 0.882904
v -0.931777 1.339272 0.937544
v -0.916148 1.339222 0.939863
v -0.900715 1.337696 0.937065
v -0.916699 1.372065 0.920620
v -0.904049 1.372078 0.922360
v -0.891885 1.370219 0.920394
v -0.902747 1.398308 0.905761
v -0.892447 1.399021 0.906621
v -0.883435 1.396375 0.905717
v -0.902760 1.318844 0.866449
v -0.918343 1.318996 0.864102
v -0.933822 1.320419 0.866928
v -0.893512 1.355218 0.864204
v -0.905791 1.356026 0.862233
v -0.918326 1.357064 0.864429
v -0.884660 1.385084 0.863423
v -0.893745 1.387058 0.861810
v -0.903972 1.387016 0.863467
v -0.880477 1.331236 0.916521
v -0.878243 1.327124 0.901383
v -0.881351 1.323182 0.886354
v -0.875949 1.364682 0.904259
v -0.874098 1.361694 0.892034
v -0.876650 1.358223 0.880064
v -0.871855 1.391932 0.894034
v -0.870248 1.390560 0.884216
v -0.872403 1.386883 0.875122
v -0.968292 1.110002 0.934831
v -0.942155 1.108622 0.932986
v -0.915926 1.108934 0.933600
v -0.968973 1.116302 0.960293
v -0.941391 1.115211 0.959785
v -0.913794 1.115176 0.958995
v -0.966827 1.123511 0.985430
v -0.940611 1.122856 0.986303
v -0.914460 1.122442 0.984199
v -0.873331 1.128554 0.923938
v -0.867493 1.135994 0.952097
v -0.871693 1.143651 0.980488
v -0.874825 1.117610 0.927523
v -0.869086 1.124854 0.955117
v -0.873221 1.132398 0.982916
v -0.881373 1.112408 0.931532
v -0.876243 1.118946 0.956901
v -0.879900 1.125986 0.982391
v -0.909895 1.154591 1.019387
v -0.939017 1.156476 1.024927
v -0.968419 1.155785 1.020764
v -0.910688 1.143128 1.021068
v -0.939215 1.144937 1.026527
v -0.968016 1.144297 1.022417
v -0.913301 1.135551 1.016402
v -0.939498 1.137060 1.021312
v -0.965936 1.136625 1.017640
v -0.972257 1.120412 0.888264
v -0.943136 1.118514 0.882727
v -0.913733 1.119218 0.886887
v -0.971778 1.109622 0.892532
v -0.943253 1.107715 0.887101
v -0.914450 1.108453 0.891184
v -0.969333 1.105319 0.900375
v -0.943141 1.103486 0.895552
v -0.916698 1.104245 0.899137
v -0.861252 1.187303 0.965860
v -0.854362 1.219541 0.954727
v -0.844307 1.255941 0.941941
v -0.866573 1.180514 0.940184
v -0.859234 1.213328 0.931212
v -0.848642 1.250423 0.921002
v -0.862746 1.173537 0.914294
v -0.855730 1.206934 0.907503
v -0.845524 1.244717 0.899897
v -0.827918 1.163558 0.878830
v -0.823841 1.197757 0.875035
v -0.817151 1.236442 0.871020
v -0.801363 1.161829 0.873784
v -0.799527 1.196147 0.870421
v -0.795518 1.234929 0.866934
v -0.774553 1.162461 0.877577
v -0.774978 1.196697 0.873902
v -0.773676 1.235341 0.870055
v -0.737719 1.170968 0.911359
v -0.741252 1.204450 0.904850
v -0.743667 1.242139 0.897635
v -0.732398 1.177757 0.937034
v -0.736380 1.210663 0.928365
v -0.739332 1.247656 0.918574
v -0.736225 1.184734 0.962924
v -0.739884 1.217057 0.952074
v -0.742450 1.253363 0.939678
v -0.771053 1.194714 0.998388
v -0.771773 1.226234 0.984541
v -0.770823 1.261638 0.968556
v -0.797608 1.196442 1.003435
v -0.796087 1.227845 0.989155
v -0.792456 1.263150 0.972642
v -0.824419 1.195810 0.999641
v -0.820636 1.227294 0.985674
v -0.814298 1.262738 0.969521
v -0.868032 1.143576 0.980401
v -0.873870 1.136124 0.952247
v -0.869670 1.128479 0.923852
v -0.866852 1.132268 0.982767
v -0.872593 1.124925 0.955199
v -0.868457 1.117480 0.927373
v -0.860472 1.125589 0.981934
v -0.865607 1.118729 0.956651
v -0.861945 1.112012 0.931075
v -0.813271 1.324007 0.884161
v -0.815459 1.328222 0.899271
v -0.812397 1.332061 0.914329
v -0.793473 1.359728 0.877253
v -0.794952 1.363539 0.889249
v -0.792772 1.366188 0.901448
v -0.774762 1.388587 0.871839
v -0.775155 1.392646 0.880904
v -0.774214 1.393636 0.890750
v -0.731410 1.417700 0.865064
v -0.737038 1.422844 0.863771
v -0.746296 1.419989 0.864885
v -0.729314 1.423594 0.871315
v -0.734839 1.429217 0.869973
v -0.744331 1.426063 0.871090
v -0.730984 1.421627 0.879772
v -0.736608 1.426812 0.878634
v -0.745870 1.423915 0.879593
v -0.790988 1.336399 0.934233
v -0.775359 1.336350 0.936552
v -0.759926 1.334824 0.933754
v -0.775910 1.369193 0.917309
v -0.763260 1.369206 0.919049
v -0.751096 1.367347 0.917083
v -0.761958 1.395435 0.902450
v -0.751658 1.396148 0.903310
v -0.742646 1.393502 0.902406
v -0.761971 1.315971 0.863138
v -0.777554 1.316124 0.860790
v -0.793034 1.317547 0.863617
v -0.752724 1.352345 0.860892
v -0.765002 1.353154 0.858922
v -0.777537 1.354192 0.861118
v -0.743871 1.382211 0.860112
v -0.752956 1.384185 0.858499
v -0.763183 1.384144 0.860155
v -0.739689 1.328363 0.913210
v -0.737454 1.324251 0.898071
v -0.740562 1.320310 0.883042
v -0.735160 1.361810 0.900948
v -0.733310 1.358822 0.888722
v -0.735861 1.355350 0.876753
v -0.731067 1.389059 0.890722
v -0.729459 1.387688 0.880904
v -0.731614 1.384011 0.871811
v -0.827504 1.107130 0.931520
v -0.801367 1.105750 0.929674
v -0.775137 1.106062 0.930288
v -0.828184 1.113430 0.956982
v -0.800602 1.112339 0.956474
v -0.773005 1.112304 0.955684
v -0.826038 1.120638 0.982119
v -0.799822 1.119984 0.982992
v -0.773672 1.119570 0.980888
v -0.732542 1.125682 0.920627
v -0.726704 1.133122 0.948785
v -0.730905 1.140779 0.977176
v -0.734036 1.114738 0.924212
v -0.728297 1.121981 0.951806
v -0.732432 1.129526 0.979605
v -0.740584 1.109536 0.928221
v -0.735454 1.116073 0.953590
v -0.739111 1.123113 0.979080
v -0.769106 1.151718 1.016076
v -0.798228 1.153604 1.021616
v -0.827630 1.152912 1.017452
v -0.769899 1.140255 1.017757
v -0.798426 1.142064 1.023215
v -0.827227 1.141425 1.019106
v -0.772512 1.132679 1.013091
v -0.798709 1.134188 1.018001
v -0.825147 1.133752 1.014329
v -0.831468 1.117539 0.884953
v -0.802347 1.115641 0.879416
v -0.772944 1.116345 0.883576
v -0.830989 1.106750 0.889221
v -0.802464 1.104842 0.883790
v -0.773661 1.105580 0.887873
v -0.828544 1.102446 0.897064
v -0.802352 1.100614 0.892240
v -0.775909 1.101373 0.895826
v -0.720464 1.184431 0.962549
v -0.713573 1.216669 0.951415
v -0.703518 1.253068 0.938629
v -0.725784 1.177642 0.936873
v -0.718445 1.210456 0.927900
v -0.707853 1.247551 0.917691
v -0.721957 1.170665 0.910983
v -0.714941 1.204062 0.904191
v -0.704735 1.241844 0.896586
v -0.687129 1.160685 0.875519
v -0.683052 1.194885 0.871724
v -0.676363 1.233569 0.867709
v -0.660574 1.158957 0.870473
v -0.658738 1.193274 0.867110
v -0.654729 1.232057 0.863623
v -0.633764 1.159589 0.874266
v -0.634189 1.193825 0.870591
v -0.632887 1.232469 0.866744
v -0.596930 1.168095 0.908047
v -0.600463 1.201578 0.901539
v -0.602879 1.239266 0.894324
v -0.591609 1.174885 0.933723
v -0.595591 1.207791 0.925053
v -0.598543 1.244784 0.915263
v -0.595436 1.181862 0.959613
v -0.599095 1.214185 0.948762
v -0.601661 1.250491 0.936367
v -0.630264 1.191841 0.995077
v -0.630985 1.223362 0.981230
v -0.630034 1.258765 0.965245
v -0.656819 1.193570 1.000124
v -0.655299 1.224972 0.985844
v -0.651667 1.260278 0.969331
v -0.683630 1.192938 0.996330
v -0.679847 1.224422 0.982363
v -0.673509 1.259866 0.966210
v -0.727243 1.140704 0.977090
v -0.733081 1.133252 0.948935
v -0.728881 1.125607 0.920541
v -0.726063 1.129396 0.979455
v -0.731804 1.122053 0.951888
v -0.727668 1.114608 0.924062
v -0.719683 1.122717 0.978623
v -0.724818 1.115856 0.953340
v -0.721156 1.109139 0.927764
v -0.672482 1.321135 0.880850
v -0.674671 1.325350 0.895960
v -0.671608 1.329189 0.911017
v -0.652684 1.356856 0.873942
v -0.654163 1.360666 0.885937
v -0.651983 1.363315 0.898137
v -0.633973 1.385715 0.868528
v -0.634366 1.389774 0.877593
v -0.633425 1.390764 0.887439
v -0.590621 1.414828 0.861753
v -0.596249 1.419972 0.860460
v -0.605507 1.417116 0.861573
v -0.588526 1.420721 0.868003
v -0.594050 1.426345 0.866662
v -0.603543 1.423191 0.867779
v -0.590195 1.418754 0.876461
v -0.595819 1.423940 0.875323
v -0.605082 1.421043 0.876281
v -0.650199 1.333527 0.930922
v -0.634570 1.333477 0.933241
v -0.619137 1.331951 0.930443
v -0.635121 1.366320 0.913997
v -0.622471 1.366334 0.915738
v -0.610307 1.364474 0.913772
v -0.621169 1.392563 0.899138
v -0.610869 1.393276 0.899999
v -0.601857 1.390630 0.899095
v -0.621183 1.313099 0.859827
v -0.636765 1.313251 0.857479
v -0.652245 1.314675 0.860306
v -0.611935 1.349473 0.857581
v -0.624213 1.350282 0.855611
v -0.636748 1.351319 0.857807
v -0.603082 1.379339 0.856801
v -0.612167 1.381313 0.855188
v -0.622394 1.381272 0.856844
v -0.598900 1.325491 0.909899
v -0.596665 1.321379 0.894760
v -0.599773 1.317437 0.879731
v -0.594371 1.358937 0.897637
v -0.592521 1.355949 0.885411
v -0.595072 1.352478 0.873442
v -0.590278 1.386187 0.887411
v -0.588670 1.384815 0.877593
v -0.590825 1.381138 0.868500
v -0.686715 1.104258 0.928209
v -0.660578 1.102877 0.926363
v -0.634348 1.103189 0.926977
v -0.687395 1.110557 0.953671
v -0.659813 1.109467 0.953163
v -0.632216 1.109432 0.952373
v -0.685249 1.117766 0.978808
v -0.659033 1.117111 0.979680
v -0.632883 1.116698 0.977576
v -0.591754 1.122809 0.917316
v -0.585915 1.130249 0.945474
v -0.590116 1.137906 0.973865
v -0.593247 1.111865 0.920901
v -0.587508 1.119109 0.948494
v -0.591643 1.126653 0.976294
v -0.599795 1.106663 0.924910
v -0.594665 1.113201 0.950279
v -0.598322 1.120241 0.975769
v -0.628317 1.148846 1.012765
v -0.657439 1.150732 1.018305
v -0.686841 1.150040 1.014141
v -0.629110 1.137383 1.014446
v -0.657637 1.139192 1.019904
v -0.686438 1.138553 1.015794
v -0.631723 1.129806 1.009780
v -0.657920 1.131315 1.014690
v -0.684358 1.130880 1.011018
v -0.690679 1.114667 0.881642
v -0.661558 1.112769 0.876105
v -0.632155 1.113473 0.880265
v -0.690200 1.103878 0.885910
v -0.661675 1.101970 0.880478
v -0.632873 1.102708 0.884562
v -0.687755 1.099574 0.893753
v -0.661563 1.097742 0.888929
v -0.635120 1.098500 0.892515
v -0.579675 1.181559 0.959238
v -0.572784 1.213796 0.948104
v -0.562729 1.250196 0.935318
v -0.584996 1.174770 0.933562
v -0.577657 1.207584 0.924589
v -0.567064 1.244678 0.914379
v -0.581168 1.167792 0.907672
v -0.574152 1.201189 0.900880
v -0.563947 1.238972 0.893275
v -0.546340 1.157813 0.872208
v -0.542263 1.192013 0.868412
v -0.535574 1.230697 0.864398
v -0.519786 1.156085 0.867162
v -0.517949 1.190402 0.863798
v -0.513940 1.229185 0.860311
v -0.492975 1.156716 0.870955
v -0.493400 1.190953 0.867280
v -0.492098 1.229597 0.863432
v -0.456141 1.165223 0.904736
v -0.459674 1.198706 0.898227
v -0.462090 1.236394 0.891013
v -0.450820 1.172012 0.930412
v -0.454802 1.204918 0.921742
v -0.457754 1.241912 0.911952
v -0.454647 1.178990 0.956302
v -0.458306 1.211313 0.945451
v -0.460872 1.247618 0.933056
v -0.489475 1.188969 0.991766
v -0.490196 1.220490 0.977919
v -0.489245 1.255893 0.961933
v -0.516030 1.190697 0.996812
v -0.514510 1.222100 0.982533
v -0.510878 1.257405 0.966020
v -0.542841 1.190066 0.993019
v -0.539058 1.221550 0.979051
v -0.532720 1.256993 0.962899
v -0.586454 1.137831 0.973779
v -0.592292 1.130379 0.945624
v -0.588092 1.122735 0.917230
v -0.585275 1.126523 0.976144
v -0.591015 1.119181 0.948577
v -0.586879 1.111735 0.920751
v -0.578894 1.119845 0.975312
v -0.584029 1.112984 0.950029
v -0.580367 1.106267 0.924453
v -0.531693 1.318263 0.877539
v -0.533882 1.322477 0.892648
v -0.530820 1.326316 0.907706
v -0.511895 1.353984 0.870631
v -0.513374 1.357794 0.882626
v -0.511194 1.360443 0.894826
v -0.493184 1.382843 0.865217
v -0.493577 1.386901 0.874282
v -0.492636 1.387891 0.884128
v -0.449832 1.411956 0.858442
v -0.455460 1.417100 0.857149
v -0.464719 1.414244 0.858262
v -0.447737 1.417849 0.864692
v -0.453261 1.423473 0.863351
v -0.462754 1.420319 0.864468
v -0.449406 1.415882 0.873150
v -0.455030 1.421068 0.872012
v -0.464293 1.418171 0.872970
v -0.509410 1.330655 0.927611
v -0.493782 1.330605 0.929929
v -0.478348 1.329079 0.927132
v -0.494332 1.363448 0.910686
v -0.481682 1.363461 0.912426
v -0.469518 1.361602 0.910460
v -0.480380 1.389691 0.895827
v -0.470080 1.390404 0.896687
v -0.461068 1.387758 0.895784
v -0.480394 1.310227 0.856516
v -0.495976 1.310379 0.854168
v -0.511456 1.311802 0.856995
v -0.471146 1.346601 0.854270
v -0.483424 1.347409 0.852300
v -0.495959 1.348447 0.854496
v -0.462293 1.376467 0.853490
v -0.471378 1.378441 0.851877
v -0.481605 1.378399 0.853533
v -0.458111 1.322619 0.906587
v -0.455876 1.318507 0.891449
v -0.458985 1.314565 0.876420
v -0.453582 1.356065 0.894326
v -0.451732 1.353077 0.882100
v -0.454283 1.349606 0.870131
v -0.449489 1.383315 0.884100
v -0.447881 1.381943 0.874282
v -0.450037 1.378266 0.865189
v -0.545926 1.101385 0.924898
v -0.519789 1.100005 0.923052
v -0.493559 1.100317 0.923666
v -0.546606 1.107685 0.950360
v -0.519024 1.106594 0.949852
v -0.491427 1.106559 0.949062
v -0.544460 1.114894 0.975497
v -0.518244 1.114239 0.976369
v -0.492094 1.113825 0.974265
v -0.450965 1.119937 0.914005
v -0.445126 1.127377 0.942163
v -0.449327 1.135034 0.970554
v -0.452458 1.108993 0.917590
v -0.446719 1.116237 0.945183
v -0.450854 1.123781 0.972983
v -0.459006 1.103791 0.921599
v -0.453876 1.110329 0.946968
v -0.457533 1.117369 0.972457
v -0.487528 1.145974 1.009454
v -0.516650 1.147859 1.014993
v -0.546053 1.147168 1.010830
v -0.488322 1.134511 1.011135
v -0.516848 1.136320 1.016593
v -0.545649 1.135680 1.012483
v -0.490934 1.126934 1.006469
v -0.517131 1.128443 1.011379
v -0.543569 1.128008 1.007707
v -0.549891 1.111795 0.878330
v -0.520769 1.109897 0.872794
v -0.491366 1.110601 0.876954
v -0.549411 1.101005 0.882599
v -0.520886 1.099098 0.877167
v -0.492084 1.099836 0.881251
v -0.546966 1.096702 0.890441
v -0.520774 1.094869 0.885618
v -0.494331 1.095628 0.889204
v -0.438886 1.178686 0.955926
v -0.431996 1.210924 0.944793
v -0.421940 1.247324 0.932007
v -0.444207 1.171897 0.930251
v -0.436868 1.204711 0.921278
v -0.426275 1.241806 0.911068
v -0.440379 1.164920 0.904361
v -0.433363 1.198317 0.897569
v -0.423158 1.236100 0.889964
v -0.405551 1.154941 0.868897
v -0.401474 1.189140 0.865101
v -0.394785 1.227825 0.861087
v -0.378996 1.153212 0.863850
v -0.377160 1.187530 0.860487
v -0.373151 1.226312 0.857000
v -0.352186 1.153844 0.867644
v -0.352611 1.188080 0.863969
v -0.351309 1.226724 0.860121
v -0.315352 1.162351 0.901425
v -0.318885 1.195833 0.894916
v -0.321301 1.233522 0.887702
v -0.310031 1.169140 0.927101
v -0.314013 1.202046 0.918431
v -0.316965 1.239039 0.908641
v -0.313859 1.176117 0.952991
v -0.317517 1.208441 0.942140
v -0.320083 1.244746 0.929745
v -0.348686 1.186097 0.988455
v -0.349407 1.217617 0.974608
v -0.348456 1.253021 0.958622
v -0.375241 1.187825 0.993501
v -0.373721 1.219228 0.979222
v -0.370089 1.254533 0.962709
v -0.402052 1.187193 0.989708
v -0.398269 1.218677 0.975740
v -0.391932 1.254121 0.959588
v -0.445665 1.134959 0.970468
v -0.451504 1.127507 0.942313
v -0.447303 1.119862 0.913919
v -0.444486 1.123651 0.972833
v -0.450226 1.116308 0.945266
v -0.446090 1.108863 0.917440
v -0.438105 1.116972 0.972000
v -0.443240 1.110112 0.946718
v -0.439578 1.103395 0.921142
v -0.390904 1.315390 0.874228
v -0.393093 1.319605 0.889337
v -0.390031 1.323444 0.904395
v -0.371106 1.351111 0.867320
v -0.372585 1.354922 0.879315
v -0.370406 1.357571 0.891514
v -0.352395 1.379970 0.861906
v -0.352788 1.384029 0.870971
v -0.351847 1.385019 0.880817
v -0.309043 1.409083 0.855131
v -0.314671 1.414227 0.853837
v -0.323930 1.411372 0.854951
v -0.306948 1.414977 0.861381
v -0.312473 1.420600 0.860040
v -0.321965 1.417446 0.861157
v -0.308617 1.413010 0.869839
v -0.314241 1.418195 0.868701
v -0.323504 1.415298 0.869659
v -0.368621 1.327782 0.924300
v -0.352993 1.327733 0.926618
v -0.337559 1.326207 0.923821
v -0.353543 1.360576 0.907375
v -0.340893 1.360589 0.909115
v -0.328729 1.358729 0.907149
v -0.339591 1.386818 0.892516
v -0.329291 1.387531 0.893376
v -0.320279 1.384885 0.892473
v -0.339605 1.307354 0.853204
v -0.355187 1.307507 0.850857
v -0.370667 1.308930 0.853683
v -0.330357 1.343729 0.850959
v -0.342635 1.344537 0.848989
v -0.355171 1.345575 0.851185
v -0.321504 1.373594 0.850178
v -0.330589 1.375568 0.848565
v -0.340816 1.375527 0.850222
v -0.317322 1.319746 0.903276
v -0.315087 1.315634 0.888138
v -0.318196 1.311693 0.873109
v -0.312793 1.353193 0.891014
v -0.310943 1.350204 0.878789
v -0.313494 1.346733 0.866820
v -0.308700 1.380442 0.880789
v -0.307092 1.379071 0.870971
v -0.309248 1.375394 0.861878
v -0.405137 1.098513 0.921586
v -0.379000 1.097133 0.919741
v -0.352770 1.097445 0.920355
v -0.405817 1.104813 0.947048
v -0.378235 1.103722 0.946541
v -0.350638 1.103687 0.945751
v -0.403671 1.112021 0.972186
v -0.377456 1.111367 0.973058
v -0.351305 1.110953 0.970954
v -0.310176 1.117065 0.910694
v -0.304338 1.124505 0.938852
v -0.308538 1.132161 0.967243
v -0.311669 1.106120 0.914278
v -0.305931 1.113364 0.941872
v -0.310065 1.120909 0.969672
v -0.318218 1.100919 0.918288
v -0.313087 1.107456 0.943657
v -0.316744 1.114496 0.969146
v -0.346740 1.143101 1.006142
v -0.375861 1.144987 1.011682
v -0.405264 1.144295 1.007519
v -0.347533 1.131638 1.007824
v -0.376059 1.133447 1.013282
v -0.404860 1.132808 1.009172
v -0.350146 1.124062 1.003158
v -0.376342 1.125571 1.008067
v -0.402781 1.125135 1.004396
v -0.409102 1.108922 0.875019
v -0.379980 1.107025 0.869483
v -0.350577 1.107728 0.873643
v -0.408623 1.098133 0.879288
v -0.380098 1.096225 0.873856
v -0.351295 1.096964 0.877939
v -0.406177 1.093829 0.887130
v -0.379985 1.091997 0.882307
v -0.353542 1.092756 0.885892
v -0.298097 1.175814 0.952615
v -0.291207 1.208052 0.941482
v -0.281151 1.244451 0.928696
v -0.303418 1.169025 0.926940
v -0.296079 1.201839 0.917967
v -0.285486 1.238934 0.907757
v -0.299591 1.162048 0.901049
v -0.292574 1.195445 0.894258
v -0.282369 1.233227 0.886653
v -0.264762 1.152068 0.865586
v -0.260685 1.186268 0.861790
v -0.253996 1.224952 0.857776
v -0.238208 1.150340 0.860539
v -0.236371 1.184657 0.857176
v -0.232362 1.223440 0.853689
v -0.211397 1.150972 0.864333
v -0.211823 1.185208 0.860658
v -0.210520 1.223852 0.856810
v -0.174563 1.159479 0.898114
v -0.178096 1.192961 0.891605
v -0.180512 1.230649 0.884391
v -0.169242 1.166268 0.923789
v -0.173224 1.199174 0.915120
v -0.176177 1.236167 0.905329
v -0.173070 1.173245 0.949680
v -0.176728 1.205568 0.938829
v -0.179294 1.241874 0.926434
v -0.207898 1.183224 0.985144
v -0.208618 1.214745 0.971297
v -0.207667 1.250149 0.955311
v -0.234452 1.184952 0.990190
v -0.232932 1.216355 0.975911
v -0.229301 1.251661 0.959397
v -0.261263 1.184321 0.986397
v -0.257480 1.215805 0.972429
v -0.251143 1.251249 0.956277
v -0.304877 1.132087 0.967157
v -0.310715 1.124635 0.939002
v -0.306514 1.116990 0.910608
v -0.303697 1.120779 0.969522
v -0.309437 1.113436 0.941955
v -0.305301 1.105991 0.914129
v -0.297316 1.114100 0.968689
v -0.302451 1.107239 0.943407
v -0.298790 1.100522 0.917831
v -0.250115 1.312518 0.870916
v -0.252304 1.316733 0.886026
v -0.249242 1.320572 0.901084
v -0.230317 1.348239 0.864008
v -0.231797 1.352049 0.876004
v -0.229617 1.354698 0.888203
v -0.211606 1.377098 0.858594
v -0.211999 1.381157 0.867660
v -0.211058 1.382146 0.877506
v -0.168254 1.406211 0.851820
v -0.173883 1.411355 0.850526
v -0.183141 1.408499 0.851640
v -0.166159 1.412104 0.858070
v -0.171684 1.417728 0.856729
v -0.181176 1.414574 0.857846
v -0.167828 1.410138 0.866528
v -0.173452 1.415323 0.865389
v -0.182715 1.412426 0.866348
v -0.227833 1.324910 0.920988
v -0.212204 1.324860 0.923307
v -0.196770 1.323334 0.920509
v -0.212754 1.357703 0.904064
v -0.200104 1.357717 0.905804
v -0.187940 1.355857 0.903838
v -0.198802 1.383946 0.889205
v -0.188502 1.384659 0.890065
v -0.179490 1.382013 0.889161
v -0.198816 1.304482 0.849893
v -0.214398 1.304635 0.847546
v -0.229878 1.306058 0.850372
v -0.189568 1.340856 0.847648
v -0.201846 1.341665 0.845677
v -0.214382 1.342702 0.847874
v -0.180715 1.370722 0.846867
v -0.189800 1.372696 0.845254
v -0.200027 1.372655 0.846911
v -0.176533 1.316874 0.899965
v -0.174298 1.312762 0.884827
v -0.177407 1.308820 0.869798
v -0.172005 1.350320 0.887703
v -0.170154 1.347332 0.875478
v -0.172705 1.343861 0.863508
v -0.167911 1.377570 0.877478
v -0.166303 1.376199 0.867660
v -0.168459 1.372521 0.858566
v -0.264348 1.095641 0.918275
v -0.238211 1.094260 0.916430
v -0.211982 1.094572 0.917044
v -0.265028 1.101940 0.943737
v -0.237446 1.100850 0.943229
v -0.209849 1.100814 0.942439
v -0.262882 1.109149 0.968874
v -0.236667 1.108494 0.969747
v -0.210516 1.108081 0.967643
v -0.169387 1.114192 0.907383
v -0.163549 1.121632 0.935541
v -0.167749 1.129289 0.963932
v -0.170881 1.103248 0.910967
v -0.165142 1.110492 0.938561
v -0.169276 1.118036 0.966360
v -0.177429 1.098046 0.914976
v -0.172298 1.104584 0.940345
v -0.175955 1.111624 0.965835
v -0.205951 1.140229 1.002831
v -0.235072 1.142115 1.008371
v -0.264475 1.141423 1.004208
v -0.206744 1.128766 1.004513
v -0.235270 1.130575 1.009971
v -0.264071 1.129936 1.005861
v -0.209357 1.121189 0.999846
v -0.235553 1.122699 1.004756
v -0.261992 1.122263 1.001084
v -0.268313 1.106050 0.871708
v -0.239191 1.104152 0.866171
v -0.209789 1.104856 0.870332
v -0.267834 1.095261 0.875976
v -0.239309 1.093353 0.870545
v -0.210506 1.094091 0.874628
v -0.265388 1.090957 0.883819
v -0.239196 1.089125 0.878996
v -0.212753 1.089883 0.882581
v -0.157308 1.172942 0.949304
v -0.150418 1.205179 0.938171
v -0.140362 1.241579 0.925385
v -0.162629 1.166153 0.923629
v -0.155290 1.198967 0.914656
v -0.144697 1.236061 0.904446
v -0.158802 1.159176 0.897738
v -0.151786 1.192572 0.890947
v -0.141580 1.230355 0.883342
v -0.123974 1.149196 0.862274
v -0.119896 1.183396 0.858479
v -0.113207 1.222080 0.854464
v -0.097419 1.147468 0.857228
v -0.095582 1.181785 0.853865
v -0.091574 1.220568 0.850378
v -0.070608 1.148099 0.861021
v -0.071034 1.182335 0.857347
v -0.069732 1.220980 0.853499
v -0.033774 1.156606 0.894803
v -0.037307 1.190089 0.888294
v -0.039723 1.227777 0.881079
v -0.028453 1.163395 0.920478
v -0.032435 1.196301 0.911809
v -0.035388 1.233295 0.902018
v -0.032281 1.170372 0.946368
v -0.035940 1.202696 0.935518
v -0.038505 1.239001 0.923123
v -0.067109 1.180352 0.981832
v -0.067829 1.211872 0.967986
v -0.066878 1.247276 0.952000
v -0.093663 1.182080 0.986879
v -0.092143 1.213483 0.972599
v -0.088512 1.248788 0.956086
v -0.120474 1.181449 0.983085
v -0.116692 1.212933 0.969118
v -0.110354 1.248376 0.952965
v -0.164087 1.129215 0.963845
v -0.169926 1.121762 0.935691
v -0.165726 1.114118 0.907296
v -0.162908 1.117906 0.966211
v -0.168648 1.110564 0.938643
v -0.164512 1.103118 0.910818
v -0.156528 1.111228 0.965378
v -0.161662 1.104367 0.940095
v -0.158001 1.097650 0.914519
v -0.109327 1.309646 0.867605
v -0.111515 1.313860 0.882715
v -0.108453 1.317699 0.897773
v -0.089529 1.345367 0.860697
v -0.091008 1.349177 0.872693
v -0.088828 1.351826 0.884892
v -0.070817 1.374225 0.855283
v -0.071211 1.378284 0.864348
v -0.070270 1.379274 0.874194
v -0.027465 1.403339 0.848508
v -0.033094 1.408483 0.847215
v -0.042352 1.405627 0.848329
v -0.025370 1.409232 0.854759
v -0.030895 1.414856 0.853417
v -0.040387 1.411702 0.854534
v -0.027039 1.407265 0.863216
v -0.032663 1.412451 0.862078
v -0.041926 1.409554 0.863037
v -0.087044 1.322038 0.917677
v -0.071415 1.321988 0.919996
v -0.055982 1.320462 0.917198
v -0.071965 1.354831 0.900753
v -0.059316 1.354844 0.902493
v -0.047151 1.352985 0.900527
v -0.058013 1.381073 0.885894
v -0.047713 1.381787 0.886754
v -0.038701 1.379141 0.885850
v -0.058027 1.301610 0.846582
v -0.073609 1.301762 0.844235
v -0.089089 1.303185 0.847061
v -0.048779 1.337984 0.844337
v -0.061057 1.338792 0.842366
v -0.073593 1.339830 0.844562
v -0.039926 1.367850 0.843556
v -0.049011 1.369824 0.841943
v -0.059238 1.369782 0.843599
v -0.035744 1.314002 0.896654
v -0.033509 1.309890 0.881516
v -0.036618 1.305948 0.866486
v -0.031215 1.347448 0.884392
v -0.029365 1.344460 0.872166
v -0.031916 1.340989 0.860197
v -0.027122 1.374698 0.874166
v -0.025514 1.373326 0.864349
v -0.027670 1.369649 0.855255
v -0.123559 1.092768 0.914964
v -0.097422 1.091388 0.913119
v -0.071193 1.091700 0.913733
v -0.124240 1.099068 0.940426
v -0.096657 1.097977 0.939918
v -0.069060 1.097942 0.939128
v -0.122093 1.106277 0.965563
v -0.095878 1.105622 0.966436
v -0.069727 1.105208 0.964332
v -0.028598 1.111320 0.904071
v -0.022760 1.118760 0.932230
v -0.026960 1.126417 0.960620
v -0.030092 1.100376 0.907656
v -0.024353 1.107620 0.935250
v -0.028487 1.115164 0.963049
v -0.036640 1.095174 0.911665
v -0.031510 1.101712 0.937034
v -0.035167 1.108752 0.962524
v -0.065162 1.137357 0.999520
v -0.094283 1.139242 1.005060
v -0.123686 1.138551 1.000896
v -0.065955 1.125894 1.001201
v -0.094481 1.127703 1.006659
v -0.123283 1.127063 1.002550
v -0.068568 1.118317 0.996535
v -0.094765 1.119826 1.001445
v -0.121203 1.119391 0.997773
v -0.127524 1.103178 0.868397
v -0.098402 1.101280 0.862860
v -0.069000 1.101984 0.867020
v -0.127045 1.092388 0.872665
v -0.098520 1.090481 0.867234
v -0.069717 1.091219 0.871317
v -0.124599 1.088085 0.880508
v -0.098407 1.086252 0.875684
v -0.071965 1.087011 0.879270
v 1.002042 1.190176 0.969171
v 1.007363 1.183387 0.943496
v 1.003536 1.176409 0.917605
v 0.995152 1.222413 0.958038
v 1.000024 1.216201 0.934523
v 0.996519 1.209806 0.910814
v 0.985096 1.258813 0.945252
v 0.989431 1.253295 0.924313
v 0.986313 1.247589 0.903209
v 0.968707 1.166430 0.882141
v 0.942152 1.164702 0.877095
v 0.915342 1.165333 0.880888
v 0.964630 1.200629 0.878346
v 0.940316 1.199019 0.873732
v 0.915767 1.199569 0.877214
v 0.957941 1.239314 0.874331
v 0.936307 1.237802 0.870245
v 0.914465 1.238214 0.873366
v 0.878508 1.173840 0.914670
v 0.873187 1.180629 0.940345
v 0.877014 1.187606 0.966235
v 0.882041 1.207322 0.908161
v 0.877169 1.213535 0.931676
v 0.880673 1.219930 0.955385
v 0.884457 1.245011 0.900946
v 0.880121 1.250529 0.921885
v 0.883239 1.256235 0.942990
v 0.911843 1.197586 1.001699
v 0.938397 1.199314 1.006746
v 0.965208 1.198682 1.002952
v 0.912563 1.229106 0.987853
v 0.936877 1.230717 0.992466
v 0.961425 1.230166 0.988985
v 0.911612 1.264510 0.971867
v 0.933245 1.266022 0.975953
v 0.955088 1.265610 0.972832
v 1.008821 1.146448 0.983712
v 1.007642 1.135140 0.986078
v 1.001261 1.128461 0.985245
v 1.014660 1.138996 0.955558
v 1.013382 1.127797 0.958510
v 1.006396 1.121601 0.959962
v 1.010459 1.131352 0.927163
v 1.009246 1.120352 0.930684
v 1.002734 1.114884 0.934386
v 0.954061 1.326880 0.887472
v 0.934263 1.362601 0.880564
v 0.915551 1.391459 0.875150
v 0.956249 1.331094 0.902582
v 0.935741 1.366411 0.892560
v 0.915944 1.395518 0.884215
v 0.953187 1.334933 0.917640
v 0.933561 1.369060 0.904759
v 0.915004 1.396508 0.894061
v 0.872199 1.420573 0.868375
v 0.870104 1.426466 0.874626
v 0.871773 1.424499 0.883083
v 0.877828 1.425717 0.867082
v 0.875628 1.432090 0.873284
v 0.877397 1.429685 0.881945
v 0.887086 1.422861 0.868196
v 0.885121 1.428936 0.874401
v 0.886660 1.426788 0.882904
v 0.931778 1.339271 0.937544
v 0.916699 1.372065 0.920620
v 0.902747 1.398307 0.905761
v 0.916149 1.339222 0.939863
v 0.904049 1.372078 0.922360
v 0.892447 1.399021 0.906621
v 0.900715 1.337696 0.937065
v 0.891885 1.370219 0.920394
v 0.883435 1.396375 0.905717
v 0.902761 1.318844 0.866449
v 0.893513 1.355218 0.864203
v 0.884660 1.385084 0.863423
v 0.918343 1.318996 0.864102
v 0.905791 1.356026 0.862233
v 0.893745 1.387058 0.861810
v 0.933823 1.320419 0.866928
v 0.918327 1.357064 0.864429
v 0.903972 1.387016 0.863466
v 0.880478 1.331236 0.916521
v 0.875949 1.364682 0.904259
v 0.871856 1.391932 0.894033
v 0.878243 1.327124 0.901383
v 0.874099 1.361694 0.892033
v 0.870248 1.390560 0.884216
v 0.881351 1.323182 0.886353
v 0.876650 1.358223 0.880064
v 0.872403 1.386883 0.875122
v 0.968293 1.110002 0.934831
v 0.968973 1.116302 0.960293
v 0.966827 1.123511 0.985430
v 0.942156 1.108622 0.932986
v 0.941391 1.115211 0.959785
v 0.940612 1.122856 0.986303
v 0.915927 1.108934 0.933600
v 0.913794 1.115176 0.958995
v 0.914461 1.122442 0.984199
v 0.873332 1.128554 0.923938
v 0.874825 1.117610 0.927523
v 0.881373 1.112408 0.931532
v 0.867493 1.135994 0.952096
v 0.869087 1.124854 0.955117
v 0.876243 1.118945 0.956901
v 0.871694 1.143651 0.980487
v 0.873221 1.132398 0.982916
v 0.879900 1.125986 0.982391
v 0.909895 1.154591 1.019387
v 0.910688 1.143128 1.021068
v 0.913302 1.135551 1.016402
v 0.939017 1.156476 1.024927
v 0.939215 1.144937 1.026526
v 0.939498 1.137060 1.021312
v 0.968420 1.155785 1.020764
v 0.968017 1.144297 1.022417
v 0.965936 1.136625 1.017640
v 0.972257 1.120412 0.888264
v 0.971778 1.109622 0.892532
v 0.969333 1.105319 0.900375
v 0.943136 1.118514 0.882727
v 0.943253 1.107715 0.887101
v 0.943141 1.103486 0.895551
v 0.913733 1.119218 0.886887
v 0.914451 1.108453 0.891184
v 0.916699 1.104245 0.899137
v 0.861253 1.187303 0.965860
v 0.866574 1.180514 0.940184
v 0.862747 1.173537 0.914294
v 0.854363 1.219541 0.954726
v 0.859235 1.213328 0.931212
v 0.855730 1.206934 0.907502
v 0.844307 1.255941 0.941940
v 0.848642 1.250423 0.921002
v 0.845525 1.244717 0.899897
v 0.827918 1.163558 0.878830
v 0.801364 1.161829 0.873784
v 0.774553 1.162461 0.877577
v 0.823841 1.197757 0.875035
v 0.799527 1.196146 0.870421
v 0.774978 1.196697 0.873902
v 0.817152 1.236441 0.871020
v 0.795518 1.234929 0.866934
v 0.773676 1.235341 0.870055
v 0.737719 1.170968 0.911359
v 0.732398 1.177757 0.937034
v 0.736226 1.184734 0.962924
v 0.741252 1.204450 0.904850
v 0.736380 1.210663 0.928365
v 0.739884 1.217057 0.952074
v 0.743668 1.242139 0.897635
v 0.739332 1.247656 0.918574
v 0.742450 1.253363 0.939678
v 0.771054 1.194713 0.998388
v 0.797608 1.196442 1.003435
v 0.824419 1.195810 0.999641
v 0.771774 1.226234 0.984541
v 0.796088 1.227845 0.989155
v 0.820636 1.227294 0.985674
v 0.770823 1.261638 0.968556
v 0.792456 1.263150 0.972642
v 0.814299 1.262738 0.969521
v 0.868032 1.143576 0.980401
v 0.866853 1.132268 0.982766
v 0.860472 1.125589 0.981934
v 0.873871 1.136124 0.952246
v 0.872593 1.124925 0.955199
v 0.865607 1.118729 0.956651
v 0.869670 1.128479 0.923852
v 0.868457 1.117480 0.927373
v 0.861946 1.112012 0.931075
v 0.813271 1.324007 0.884161
v 0.793474 1.359728 0.877253
v 0.774762 1.388587 0.871839
v 0.815460 1.328222 0.899271
v 0.794952 1.363539 0.889248
v 0.775155 1.392646 0.880904
v 0.812398 1.332061 0.914329
v 0.792773 1.366188 0.901448
v 0.774214 1.393636 0.890750
v 0.731410 1.417700 0.865064
v 0.729315 1.423594 0.871315
v 0.730984 1.421627 0.879772
v 0.737039 1.422844 0.863771
v 0.734840 1.429217 0.869973
v 0.736608 1.426812 0.878634
v 0.746297 1.419989 0.864884
v 0.744332 1.426063 0.871090
v 0.745871 1.423915 0.879592
v 0.790989 1.336399 0.934233
v 0.775910 1.369192 0.917309
v 0.761958 1.395435 0.902449
v 0.775360 1.336350 0.936552
v 0.763260 1.369206 0.919049
v 0.751658 1.396148 0.903310
v 0.759926 1.334824 0.933754
v 0.751097 1.367346 0.917083
v 0.742646 1.393502 0.902406
v 0.761972 1.315971 0.863138
v 0.752724 1.352345 0.860892
v 0.743871 1.382211 0.860112
v 0.777554 1.316124 0.860790
v 0.765002 1.353154 0.858922
v 0.752956 1.384185 0.858499
v 0.793034 1.317547 0.863617
v 0.777538 1.354192 0.861118
v 0.763183 1.384144 0.860155
v 0.739689 1.328363 0.913210
v 0.735160 1.361810 0.900948
v 0.731067 1.389059 0.890722
v 0.737454 1.324251 0.898071
v 0.733310 1.358821 0.888722
v 0.729459 1.387688 0.880904
v 0.740563 1.320310 0.883042
v 0.735861 1.355350 0.876753
v 0.731615 1.384011 0.871811
v 0.827504 1.107130 0.931520
v 0.828185 1.113429 0.956982
v 0.826038 1.120638 0.982119
v 0.801367 1.105750 0.929674
v 0.800602 1.112339 0.956474
v 0.799823 1.119984 0.982992
v 0.775138 1.106062 0.930288
v 0.773005 1.112304 0.955684
v 0.773672 1.119570 0.980887
v 0.732543 1.125682 0.920627
v 0.734037 1.114737 0.924212
v 0.740584 1.109536 0.928221
v 0.726705 1.133121 0.948785
v 0.728298 1.121981 0.951806
v 0.735454 1.116073 0.953590
v 0.730905 1.140778 0.977176
v 0.732432 1.129526 0.979605
v 0.739111 1.123113 0.979080
v 0.769106 1.151718 1.016076
v 0.769900 1.140255 1.017757
v 0.772513 1.132679 1.013091
v 0.798228 1.153604 1.021616
v 0.798426 1.142064 1.023215
v 0.798710 1.134188 1.018001
v 0.827630 1.152912 1.017452
v 0.827228 1.141425 1.019105
v 0.825148 1.133752 1.014329
v 0.831469 1.117539 0.884953
v 0.830990 1.106750 0.889221
v 0.828545 1.102446 0.897064
v 0.802347 1.115641 0.879416
v 0.802465 1.104842 0.883789
v 0.802352 1.100614 0.892240
v 0.772944 1.116345 0.883576
v 0.773662 1.105580 0.887873
v 0.775910 1.101372 0.895826
v 0.720464 1.184431 0.962549
v 0.725785 1.177642 0.936873
v 0.721958 1.170665 0.910983
v 0.713574 1.216669 0.951415
v 0.718446 1.210456 0.927900
v 0.714941 1.204062 0.904191
v 0.703518 1.253068 0.938629
v 0.707854 1.247550 0.917690
v 0.704736 1.241844 0.896586
v 0.687129 1.160685 0.875519
v 0.660575 1.158957 0.870473
v 0.633764 1.159589 0.874266
v 0.683052 1.194885 0.871724
v 0.658738 1.193274 0.867110
v 0.634190 1.193825 0.870591
v 0.676363 1.233569 0.867709
v 0.654730 1.232057 0.863622
v 0.632887 1.232469 0.866743
v 0.596930 1.168095 0.908047
v 0.591609 1.174885 0.933723
v 0.595437 1.181862 0.959613
v 0.600463 1.201578 0.901538
v 0.595591 1.207791 0.925053
v 0.599096 1.214185 0.948762
v 0.602879 1.239266 0.894324
v 0.598544 1.244784 0.915263
v 0.601661 1.250490 0.936367
v 0.630265 1.191841 0.995077
v 0.656819 1.193569 1.000123
v 0.683630 1.192938 0.996330
v 0.630985 1.223362 0.981230
v 0.655299 1.224972 0.985844
v 0.679847 1.224422 0.982363
v 0.630034 1.258765 0.965244
v 0.651668 1.260278 0.969331
v 0.673510 1.259866 0.966210
v 0.727243 1.140704 0.977090
v 0.726064 1.129396 0.979455
v 0.719683 1.122717 0.978623
v 0.733082 1.133252 0.948935
v 0.731804 1.122053 0.951888
v 0.724818 1.115856 0.953340
v 0.728881 1.125607 0.920541
v 0.727668 1.114607 0.924062
v 0.721156 1.109139 0.927764
v 0.672483 1.321135 0.880850
v 0.652685 1.356856 0.873942
v 0.633973 1.385715 0.868528
v 0.674671 1.325350 0.895960
v 0.654164 1.360666 0.885937
v 0.634367 1.389774 0.877593
v 0.671609 1.329189 0.911017
v 0.651984 1.363315 0.898137
v 0.633426 1.390764 0.887439
v 0.590622 1.414828 0.861753
v 0.588526 1.420721 0.868003
v 0.590195 1.418754 0.876461
v 0.596250 1.419972 0.860460
v 0.594051 1.426345 0.866662
v 0.595819 1.423940 0.875323
v 0.605508 1.417116 0.861573
v 0.603543 1.423191 0.867779
v 0.605082 1.421043 0.876281
v 0.650200 1.333527 0.930922
v 0.635121 1.366320 0.913997
v 0.621169 1.392563 0.899138
v 0.634571 1.333477 0.933241
v 0.622472 1.366334 0.915737
v 0.610869 1.393276 0.899999
v 0.619138 1.331951 0.930443
v 0.610308 1.364474 0.913772
v 0.601857 1.390630 0.899095
v 0.621183 1.313099 0.859827
v 0.611935 1.349473 0.857581
v 0.603082 1.379339 0.856801
v 0.636765 1.313251 0.857479
v 0.624213 1.350282 0.855611
v 0.612167 1.381313 0.855188
v 0.652245 1.314675 0.860306
v 0.636749 1.351319 0.857807
v 0.622394 1.381272 0.856844
v 0.598900 1.325491 0.909899
v 0.594372 1.358937 0.897637
v 0.590278 1.386187 0.887411
v 0.596665 1.321379 0.894760
v 0.592521 1.355949 0.885411
v 0.588670 1.384815 0.877593
v 0.599774 1.317437 0.879731
v 0.595072 1.352478 0.873442
v 0.590826 1.381138 0.868500
v 0.686715 1.104258 0.928209
v 0.687395 1.110557 0.953671
v 0.685249 1.117766 0.978808
v 0.660578 1.102877 0.926363
v 0.659813 1.109467 0.953163
v 0.659034 1.117111 0.979680
v 0.634349 1.103189 0.926977
v 0.632216 1.109431 0.952373
v 0.632883 1.116698 0.977576
v 0.591754 1.122809 0.917316
v 0.593248 1.111865 0.920901
v 0.599796 1.106663 0.924910
v 0.585916 1.130249 0.945474
v 0.587509 1.119109 0.948494
v 0.594665 1.113201 0.950279
v 0.590116 1.137906 0.973865
v 0.591643 1.126653 0.976294
v 0.598323 1.120241 0.975768
v 0.628318 1.148846 1.012765
v 0.629111 1.137383 1.014446
v 0.631724 1.129806 1.009780
v 0.657439 1.150732 1.018304
v 0.657637 1.139192 1.019904
v 0.657921 1.131315 1.014690
v 0.686842 1.150040 1.014141
v 0.686439 1.138553 1.015794
v 0.684359 1.130880 1.011018
v 0.690680 1.114667 0.881641
v 0.690201 1.103878 0.885910
v 0.687756 1.099574 0.893753
v 0.661558 1.112769 0.876105
v 0.661676 1.101970 0.880478
v 0.661563 1.097741 0.888929
v 0.632155 1.113473 0.880265
v 0.632873 1.102708 0.884562
v 0.635121 1.098500 0.892515
v 0.579675 1.181559 0.959237
v 0.584996 1.174770 0.933562
v 0.581169 1.167792 0.907672
v 0.572785 1.213796 0.948104
v 0.577657 1.207584 0.924589
v 0.574153 1.201189 0.900880
v 0.562729 1.250196 0.935318
v 0.567065 1.244678 0.914379
v 0.563947 1.238972 0.893275
v 0.546340 1.157813 0.872208
v 0.519786 1.156085 0.867161
v 0.492975 1.156716 0.870955
v 0.542263 1.192013 0.868412
v 0.517949 1.190402 0.863798
v 0.493401 1.190952 0.867280
v 0.535574 1.230697 0.864398
v 0.513941 1.229185 0.860311
v 0.492098 1.229597 0.863432
v 0.456141 1.165223 0.904736
v 0.450820 1.172012 0.930412
v 0.454648 1.178989 0.956302
v 0.459674 1.198706 0.898227
v 0.454802 1.204918 0.921742
v 0.458307 1.211313 0.945451
v 0.462090 1.236394 0.891013
v 0.457755 1.241912 0.911952
v 0.460872 1.247618 0.933056
v 0.489476 1.188969 0.991766
v 0.516030 1.190697 0.996812
v 0.542841 1.190066 0.993019
v 0.490196 1.220489 0.977919
v 0.514510 1.222100 0.982533
v 0.539059 1.221550 0.979051
v 0.489245 1.255893 0.961933
v 0.510879 1.257405 0.966020
v 0.532721 1.256993 0.962899
v 0.586455 1.137831 0.973779
v 0.585275 1.126523 0.976144
v 0.578894 1.119844 0.975311
v 0.592293 1.130379 0.945624
v 0.591015 1.119181 0.948577
v 0.584029 1.112984 0.950029
v 0.588093 1.122735 0.917230
v 0.586879 1.111735 0.920751
v 0.580368 1.106267 0.924453
v 0.531694 1.318263 0.877539
v 0.511896 1.353984 0.870631
v 0.493185 1.382842 0.865217
v 0.533882 1.322477 0.892648
v 0.513375 1.357794 0.882626
v 0.493578 1.386901 0.874282
v 0.530820 1.326316 0.907706
v 0.511195 1.360443 0.894825
v 0.492637 1.387891 0.884128
v 0.449832 1.411956 0.858442
v 0.447737 1.417849 0.864692
v 0.449406 1.415882 0.873150
v 0.455460 1.417100 0.857148
v 0.453262 1.423473 0.863351
v 0.455030 1.421068 0.872012
v 0.464719 1.414244 0.858262
v 0.462754 1.420318 0.864468
v 0.464293 1.418171 0.872970
v 0.509411 1.330655 0.927611
v 0.494332 1.363448 0.910686
v 0.480380 1.389691 0.895827
v 0.493782 1.330605 0.929929
v 0.481683 1.363461 0.912426
v 0.470081 1.390404 0.896687
v 0.478349 1.329079 0.927132
v 0.469518 1.361602 0.910460
v 0.461068 1.387758 0.895784
v 0.480394 1.310227 0.856515
v 0.471146 1.346601 0.854270
v 0.462293 1.376467 0.853489
v 0.495976 1.310379 0.854168
v 0.483424 1.347409 0.852300
v 0.471378 1.378441 0.851877
v 0.511456 1.311802 0.856995
v 0.495960 1.348447 0.854496
v 0.481605 1.378399 0.853533
v 0.458111 1.322619 0.906587
v 0.453583 1.356065 0.894325
v 0.449489 1.383315 0.884100
v 0.455876 1.318507 0.891449
v 0.451732 1.353077 0.882100
v 0.447882 1.381943 0.874282
v 0.458985 1.314565 0.876420
v 0.454283 1.349606 0.870131
v 0.450037 1.378266 0.865189
v 0.545926 1.101385 0.924898
v 0.546607 1.107685 0.950359
v 0.544461 1.114894 0.975497
v 0.519789 1.100005 0.923052
v 0.519024 1.106594 0.949852
v 0.518245 1.114239 0.976369
v 0.493560 1.100317 0.923666
v 0.491427 1.106559 0.949062
v 0.492094 1.113825 0.974265
v 0.450965 1.119937 0.914005
v 0.452459 1.108993 0.917589
v 0.459007 1.103791 0.921599
v 0.445127 1.127377 0.942163
v 0.446720 1.116237 0.945183
v 0.453877 1.110329 0.946968
v 0.449327 1.135034 0.970554
v 0.450854 1.123781 0.972983
v 0.457534 1.117369 0.972457
v 0.487529 1.145974 1.009454
v 0.488322 1.134511 1.011135
v 0.490935 1.126934 1.006469
v 0.516651 1.147859 1.014993
v 0.516848 1.136320 1.016593
v 0.517132 1.128443 1.011379
v 0.546053 1.147168 1.010830
v 0.545650 1.135680 1.012483
v 0.543570 1.128008 1.007707
v 0.549891 1.111795 0.878330
v 0.549412 1.101005 0.882599
v 0.546966 1.096702 0.890441
v 0.520769 1.109897 0.872794
v 0.520887 1.099097 0.877167
v 0.520774 1.094869 0.885618
v 0.491367 1.110601 0.876954
v 0.492084 1.099836 0.881250
v 0.494332 1.095628 0.889203
v 0.438886 1.178686 0.955926
v 0.444207 1.171897 0.930251
v 0.440380 1.164920 0.904361
v 0.431996 1.210924 0.944793
v 0.436868 1.204711 0.921278
v 0.433364 1.198317 0.897569
v 0.421940 1.247324 0.932007
v 0.426276 1.241806 0.911068
v 0.423158 1.236099 0.889964
v 0.405551 1.154941 0.868897
v 0.378997 1.153212 0.863850
v 0.352186 1.153844 0.867644
v 0.401474 1.189140 0.865101
v 0.377160 1.187530 0.860487
v 0.352612 1.188080 0.863969
v 0.394785 1.227825 0.861087
v 0.373152 1.226312 0.857000
v 0.351310 1.226724 0.860121
v 0.315352 1.162351 0.901425
v 0.310031 1.169140 0.927100
v 0.313859 1.176117 0.952991
v 0.318886 1.195833 0.894916
v 0.314014 1.202046 0.918431
v 0.317518 1.208440 0.942140
v 0.321301 1.233522 0.887702
v 0.316966 1.239039 0.908641
v 0.320083 1.244746 0.929745
v 0.348687 1.186097 0.988455
v 0.375242 1.187825 0.993501
v 0.402052 1.187193 0.989708
v 0.349407 1.217617 0.974608
v 0.373721 1.219228 0.979222
v 0.398270 1.218677 0.975740
v 0.348457 1.253021 0.958622
v 0.370090 1.254533 0.962709
v 0.391932 1.254121 0.959588
v 0.445665 1.134959 0.970468
v 0.444486 1.123651 0.972833
v 0.438106 1.116972 0.972000
v 0.451504 1.127507 0.942313
v 0.450226 1.116308 0.945266
v 0.443241 1.110111 0.946718
v 0.447304 1.119862 0.913919
v 0.446091 1.108863 0.917440
v 0.439579 1.103395 0.921142
v 0.390905 1.315390 0.874228
v 0.371107 1.351111 0.867319
v 0.352395 1.379970 0.861905
v 0.393093 1.319605 0.889337
v 0.372586 1.354922 0.879315
v 0.352789 1.384029 0.870971
v 0.390031 1.323444 0.904395
v 0.370406 1.357571 0.891514
v 0.351848 1.385019 0.880817
v 0.309044 1.409083 0.855131
v 0.306948 1.414977 0.861381
v 0.308618 1.413010 0.869839
v 0.314672 1.414227 0.853837
v 0.312473 1.420600 0.860040
v 0.314241 1.418195 0.868700
v 0.323930 1.411372 0.854951
v 0.321965 1.417446 0.861157
v 0.323504 1.415298 0.869659
v 0.368622 1.327782 0.924300
v 0.353543 1.360576 0.907375
v 0.339591 1.386818 0.892516
v 0.352993 1.327733 0.926618
v 0.340894 1.360589 0.909115
v 0.329292 1.387531 0.893376
v 0.337560 1.326207 0.923820
v 0.328730 1.358729 0.907149
v 0.320279 1.384885 0.892473
v 0.339605 1.307354 0.853204
v 0.330357 1.343728 0.850959
v 0.321505 1.373594 0.850178
v 0.355188 1.307507 0.850857
v 0.342635 1.344537 0.848988
v 0.330590 1.375568 0.848565
v 0.370667 1.308930 0.853683
v 0.355171 1.345575 0.851185
v 0.340816 1.375527 0.850222
v 0.317322 1.319746 0.903276
v 0.312794 1.353193 0.891014
v 0.308700 1.380442 0.880789
v 0.315087 1.315634 0.888138
v 0.310943 1.350204 0.878789
v 0.307093 1.379071 0.870971
v 0.318196 1.311693 0.873109
v 0.313495 1.346733 0.866819
v 0.309248 1.375394 0.861877
v 0.405137 1.098513 0.921586
v 0.405818 1.104813 0.947048
v 0.403671 1.112021 0.972185
v 0.379000 1.097133 0.919741
v 0.378236 1.103722 0.946540
v 0.377456 1.111367 0.973058
v 0.352771 1.097445 0.920355
v 0.350639 1.103687 0.945751
v 0.351305 1.110953 0.970954
v 0.310176 1.117065 0.910694
v 0.311670 1.106120 0.914278
v 0.318218 1.100919 0.918287
v 0.304338 1.124505 0.938852
v 0.305931 1.113364 0.941872
v 0.313088 1.107456 0.943657
v 0.308538 1.132161 0.967243
v 0.310065 1.120908 0.969671
v 0.316745 1.114496 0.969146
v 0.346740 1.143101 1.006142
v 0.347533 1.131638 1.007824
v 0.350146 1.124061 1.003158
v 0.375861 1.144987 1.011682
v 0.376059 1.133447 1.013282
v 0.376343 1.125571 1.008067
v 0.405264 1.144295 1.007519
v 0.404861 1.132808 1.009172
v 0.402781 1.125135 1.004395
v 0.409102 1.108922 0.875019
v 0.408623 1.098133 0.879287
v 0.406178 1.093829 0.887130
v 0.379981 1.107024 0.869483
v 0.380098 1.096225 0.873856
v 0.379985 1.091997 0.882307
v 0.350578 1.107728 0.873643
v 0.351295 1.096963 0.877939
v 0.353543 1.092756 0.885892
v 0.298097 1.175814 0.952615
v 0.303418 1.169025 0.926940
v 0.299591 1.162048 0.901049
v 0.291207 1.208052 0.941482
v 0.296079 1.201839 0.917967
v 0.292575 1.195444 0.894258
v 0.281151 1.244451 0.928696
v 0.285487 1.238934 0.907757
v 0.282369 1.233227 0.886653
v 0.264763 1.152068 0.865585
v 0.238208 1.150340 0.860539
v 0.211397 1.150972 0.864332
v 0.260685 1.186268 0.861790
v 0.236371 1.184657 0.857176
v 0.211823 1.185208 0.860658
v 0.253996 1.224952 0.857775
v 0.232363 1.223440 0.853689
v 0.210521 1.223852 0.856810
v 0.174563 1.159478 0.898114
v 0.169243 1.166268 0.923789
v 0.173070 1.173245 0.949680
v 0.178097 1.192961 0.891605
v 0.173225 1.199174 0.915120
v 0.176729 1.205568 0.938829
v 0.180512 1.230649 0.884390
v 0.176177 1.236167 0.905329
v 0.179295 1.241874 0.926434
v 0.207898 1.183224 0.985143
v 0.234453 1.184952 0.990190
v 0.261263 1.184321 0.986396
v 0.208618 1.214745 0.971297
v 0.232932 1.216355 0.975911
v 0.257481 1.215805 0.972429
v 0.207668 1.250148 0.955311
v 0.229301 1.251661 0.959397
v 0.251143 1.251249 0.956276
v 0.304877 1.132087 0.967157
v 0.303697 1.120779 0.969522
v 0.297317 1.114100 0.968689
v 0.310715 1.124635 0.939002
v 0.309437 1.113436 0.941954
v 0.302452 1.107239 0.943406
v 0.306515 1.116990 0.910607
v 0.305302 1.105991 0.914129
v 0.298790 1.100522 0.917830
v 0.250116 1.312518 0.870916
v 0.230318 1.348239 0.864008
v 0.211607 1.377098 0.858594
v 0.252304 1.316733 0.886026
v 0.231797 1.352049 0.876004
v 0.212000 1.381157 0.867660
v 0.249242 1.320572 0.901084
v 0.229617 1.354698 0.888203
v 0.211059 1.382146 0.877506
v 0.168255 1.406211 0.851820
v 0.166159 1.412104 0.858070
v 0.167829 1.410137 0.866527
v 0.173883 1.411355 0.850526
v 0.171684 1.417728 0.856728
v 0.173452 1.415323 0.865389
v 0.183141 1.408499 0.851640
v 0.181176 1.414574 0.857845
v 0.182715 1.412426 0.866348
v 0.227833 1.324910 0.920988
v 0.212754 1.357703 0.904064
v 0.198803 1.383946 0.889205
v 0.212204 1.324860 0.923307
v 0.200105 1.357717 0.905804
v 0.188503 1.384659 0.890065
v 0.196771 1.323334 0.920509
v 0.187941 1.355857 0.903838
v 0.179490 1.382013 0.889161
v 0.198816 1.304482 0.849893
v 0.189568 1.340856 0.847648
v 0.180716 1.370722 0.846867
v 0.214399 1.304634 0.847546
v 0.201846 1.341665 0.845677
v 0.189801 1.372696 0.845254
v 0.229878 1.306058 0.850372
v 0.214382 1.342702 0.847873
v 0.200028 1.372655 0.846910
v 0.176533 1.316874 0.899965
v 0.172005 1.350320 0.887703
v 0.167912 1.377570 0.877478
v 0.174298 1.312762 0.884827
v 0.170154 1.347332 0.875477
v 0.166304 1.376198 0.867660
v 0.177407 1.308820 0.869798
v 0.172706 1.343861 0.863508
v 0.168459 1.372521 0.858566
v 0.264348 1.095641 0.918275
v 0.265029 1.101940 0.943737
v 0.262883 1.109149 0.968874
v 0.238211 1.094260 0.916430
v 0.237447 1.100850 0.943229
v 0.236667 1.108494 0.969747
v 0.211982 1.094572 0.917044
v 0.209850 1.100814 0.942439
v 0.210516 1.108081 0.967643
v 0.169387 1.114192 0.907382
v 0.170881 1.103248 0.910967
v 0.177429 1.098046 0.914976
v 0.163549 1.121632 0.935541
v 0.165142 1.110492 0.938561
v 0.172299 1.104584 0.940345
v 0.167749 1.129289 0.963932
v 0.169276 1.118036 0.966360
v 0.175956 1.111624 0.965835
v 0.205951 1.140229 1.002831
v 0.206744 1.128766 1.004512
v 0.209357 1.121189 0.999846
v 0.235073 1.142115 1.008371
v 0.235271 1.130575 1.009971
v 0.235554 1.122699 1.004756
v 0.264475 1.141423 1.004208
v 0.264072 1.129936 1.005861
v 0.261992 1.122263 1.001084
v 0.268313 1.106050 0.871708
v 0.267834 1.095261 0.875976
v 0.265389 1.090957 0.883819
v 0.239192 1.104152 0.866171
v 0.239309 1.093353 0.870545
v 0.239197 1.089125 0.878996
v 0.209789 1.104856 0.870331
v 0.210506 1.094091 0.874628
v 0.212754 1.089883 0.882581
v 0.157309 1.172942 0.949304
v 0.162629 1.166153 0.923628
v 0.158802 1.159175 0.897738
v 0.150418 1.205179 0.938170
v 0.155290 1.198967 0.914656
v 0.151786 1.192572 0.890947
v 0.140363 1.241579 0.925385
v 0.144698 1.236061 0.904446
v 0.141580 1.230355 0.883341
v 0.123974 1.149196 0.862274
v 0.097419 1.147468 0.857228
v 0.070609 1.148099 0.861021
v 0.119897 1.183396 0.858479
v 0.095583 1.181785 0.853865
v 0.071034 1.182335 0.857346
v 0.113207 1.222080 0.854464
v 0.091574 1.220568 0.850378
v 0.069732 1.220980 0.853499
v 0.033775 1.156606 0.894803
v 0.028454 1.163395 0.920478
v 0.032281 1.170372 0.946368
v 0.037308 1.190089 0.888294
v 0.032436 1.196301 0.911809
v 0.035940 1.202696 0.935518
v 0.039723 1.227777 0.881079
v 0.035388 1.233295 0.902018
v 0.038506 1.239001 0.923122
v 0.067109 1.180352 0.981832
v 0.093664 1.182080 0.986879
v 0.120474 1.181448 0.983085
v 0.067829 1.211872 0.967985
v 0.092143 1.213483 0.972599
v 0.116692 1.212932 0.969118
v 0.066879 1.247276 0.952000
v 0.088512 1.248788 0.956086
v 0.110354 1.248376 0.952965
v 0.164088 1.129214 0.963845
v 0.162908 1.117906 0.966210
v 0.156528 1.111228 0.965378
v 0.169926 1.121762 0.935691
v 0.168648 1.110564 0.938643
v 0.161663 1.104367 0.940095
v 0.165726 1.114118 0.907296
v 0.164513 1.103118 0.910817
v 0.158001 1.097650 0.914519
v 0.109327 1.309646 0.867605
v 0.089529 1.345367 0.860697
v 0.070818 1.374225 0.855283
v 0.111515 1.313860 0.882715
v 0.091008 1.349177 0.872693
v 0.071211 1.378284 0.864348
v 0.108453 1.317699 0.897773
v 0.088828 1.351826 0.884892
v 0.070270 1.379274 0.874194
v 0.027466 1.403339 0.848508
v 0.025370 1.409232 0.854759
v 0.027040 1.407265 0.863216
v 0.033094 1.408483 0.847215
v 0.030895 1.414856 0.853417
v 0.032664 1.412451 0.862078
v 0.042352 1.405627 0.848329
v 0.040387 1.411702 0.854534
v 0.041926 1.409554 0.863037
v 0.087044 1.322037 0.917677
v 0.071966 1.354831 0.900753
v 0.058013 1.381073 0.885894
v 0.071415 1.321988 0.919996
v 0.059316 1.354844 0.902493
v 0.047714 1.381787 0.886754
v 0.055982 1.320462 0.917198
v 0.047152 1.352985 0.900527
v 0.038702 1.379141 0.885850
v 0.058027 1.301610 0.846582
v 0.048779 1.337984 0.844336
v 0.039927 1.367850 0.843556
v 0.073610 1.301762 0.844234
v 0.061058 1.338792 0.842366
v 0.049012 1.369824 0.841943
v 0.089090 1.303185 0.847061
v 0.073593 1.339830 0.844562
v 0.059239 1.369782 0.843599
v 0.035744 1.314002 0.896654
v 0.031216 1.347448 0.884392
v 0.027122 1.374698 0.874166
v 0.033510 1.309890 0.881515
v 0.029365 1.344460 0.872166
v 0.025515 1.373326 0.864348
v 0.036618 1.305948 0.866486
v 0.031917 1.340989 0.860197
v 0.027670 1.369649 0.855255
v 0.123559 1.092768 0.914964
v 0.124240 1.099068 0.940426
v 0.122094 1.106277 0.965563
v 0.097423 1.091388 0.913118
v 0.096658 1.097977 0.939918
v 0.095878 1.105622 0.966436
v 0.071193 1.091700 0.913732
v 0.069061 1.097942 0.939128
v 0.069728 1.105208 0.964332
v 0.028598 1.111320 0.904071
v 0.030092 1.100376 0.907656
v 0.036640 1.095174 0.911665
v 0.022760 1.118760 0.932229
v 0.024353 1.107620 0.935250
v 0.031510 1.101712 0.937034
v 0.026960 1.126417 0.960620
v 0.028488 1.115164 0.963049
v 0.035167 1.108752 0.962524
v 0.065162 1.137357 0.999520
v 0.065955 1.125894 1.001201
v 0.068568 1.118317 0.996535
v 0.094284 1.139242 1.005060
v 0.094482 1.127703 1.006659
v 0.094765 1.119826 1.001445
v 0.123686 1.138551 1.000896
v 0.123283 1.127063 1.002550
v 0.121203 1.119391 0.997773
v 0.127524 1.103178 0.868397
v 0.127045 1.092388 0.872665
v 0.124600 1.088085 0.880508
v 0.098403 1.101280 0.862860
v 0.098520 1.090481 0.867234
v 0.098408 1.086252 0.875684
v 0.069000 1.101984 0.867020
v 0.069717 1.091219 0.871317
v 0.071965 1.087011 0.879270
vn -0.9074 0.2815 0.3119
vn -0.9710 0.2367 -0.0351
vn -0.9810 0.1925 -0.0230
vn -0.8987 0.3227 0.2972
vn -0.9533 0.2974 -0.0518
vn -0.9269 0.1018 -0.3612
vn -0.9180 0.1448 -0.3693
vn -0.6747 0.3644 0.6419
vn -0.9135 0.2451 0.3247
vn -0.6783 0.3316 0.6557
vn -0.6697 0.3974 0.6274
vn -0.8833 0.3790 0.2760
vn -0.6607 0.4420 0.6067
vn -0.8588 0.4478 0.2487
vn -0.9254 0.3719 -0.0725
vn -0.9023 0.2039 -0.3799
vn -0.8774 0.2768 -0.3919
vn -0.6989 0.0906 -0.7095
vn -0.7083 0.0418 -0.7047
vn -0.7136 0.0060 -0.7006
vn -0.9332 0.0640 -0.3537
vn -0.7175 -0.0292 -0.6960
vn -0.9879 0.1546 -0.0126
vn -0.3731 -0.0452 -0.9267
vn -0.0268 -0.1012 -0.9945
vn -0.3744 -0.0684 -0.9247
vn -0.3703 -0.0148 -0.9288
vn -0.0273 -0.0914 -0.9954
vn 0.3252 -0.0970 -0.9406
vn -0.0273 -0.0812 -0.9963
vn 0.3246 -0.1006 -0.9405
vn -0.3755 -0.0976 -0.9217
vn -0.6832 0.1516 -0.7143
vn -0.3644 0.0234 -0.9310
vn -0.0257 -0.0692 -0.9973
vn 0.3246 -0.1112 -0.9393
vn 0.3257 -0.1269 -0.9369
vn 0.6830 -0.0989 -0.7237
vn 0.6813 -0.0674 -0.7289
vn 0.6804 -0.0506 -0.7311
vn 0.3270 -0.1141 -0.9381
vn 0.6821 -0.0620 -0.7286
vn -0.0262 -0.1240 -0.9919
vn 0.9196 0.0024 -0.3929
vn 0.9917 0.1140 -0.0592
vn 0.9169 0.0278 -0.3981
vn 0.9228 -0.0428 -0.3828
vn 0.9949 0.0864 -0.0519
vn 0.9393 0.1845 0.2892
vn 0.9366 0.2091 0.2811
vn 0.9427 0.1402 0.3027
vn 0.9179 0.0207 -0.3963
vn 0.6847 -0.1427 -0.7147
vn 0.9242 -0.1054 -0.3672
vn 0.9985 0.0375 -0.0389
vn 0.9441 0.0781 0.3204
vn 0.7243 0.2223 0.6527
vn 0.7225 0.2649 0.6387
vn 0.7206 0.2948 0.6276
vn 0.7195 0.3104 0.6212
vn 0.9376 0.2021 0.2831
vn 0.7213 0.2992 0.6246
vn 0.9924 0.1084 -0.0577
vn 0.3769 0.3796 0.8449
vn 0.0278 0.4169 0.9085
vn 0.0284 0.4079 0.9126
vn 0.3764 0.3765 0.8465
vn 0.0277 0.4262 0.9042
vn -0.3218 0.4277 0.8447
vn -0.3228 0.4066 0.8546
vn -0.3193 0.4551 0.8312
vn 0.3788 0.3636 0.8511
vn 0.3765 0.3667 0.8508
vn 0.3776 0.3519 0.8565
vn 0.0292 0.4370 0.8990
vn -0.3138 0.4891 0.8138
vn -0.6458 0.4970 0.5796
vn -0.3237 0.3799 0.8665
vn 0.0292 0.3869 0.9217
vn -0.9995 0.0180 0.0242
vn -0.8317 -0.3364 0.4417
vn -0.9243 0.1071 0.3664
vn -0.8494 -0.4997 -0.1698
vn -0.8982 -0.4176 0.1375
vn -0.4551 -0.7954 0.4002
vn -0.4645 -0.8824 0.0743
vn -0.4815 -0.8432 0.2391
vn -0.6870 0.1919 0.7008
vn -0.9442 -0.0762 -0.3205
vn -0.6560 -0.5821 -0.4805
vn -0.3768 -0.9196 -0.1114
vn -0.1549 -0.9802 0.1235
vn -0.1572 -0.9670 0.2004
vn -0.1574 -0.9530 0.2590
vn -0.1538 -0.9360 0.3167
vn -0.1472 -0.9091 0.3896
vn -0.3569 -0.7364 0.5748
vn -0.6206 -0.2559 0.7412
vn -0.8464 0.3482 -0.4028
vn -0.8557 0.5055 -0.1102
vn -0.8148 0.4089 -0.4110
vn -0.8284 0.5147 0.2210
vn -0.8910 0.4443 -0.0928
vn -0.7758 0.4695 -0.4216
vn -0.7586 0.6282 0.1730
vn -0.8103 0.5716 -0.1291
vn -0.6618 0.2121 -0.7190
vn -0.6250 0.5516 0.5524
vn -0.7972 0.5710 0.1962
vn -0.5737 0.6450 0.5048
vn -0.5345 0.7014 0.4714
vn -0.6544 0.7275 0.2063
vn -0.7225 0.6729 -0.1587
vn -0.6750 0.5375 -0.5055
vn -0.5693 0.3811 -0.7285
vn -0.6094 0.3161 -0.7271
vn -0.6379 0.2652 -0.7230
vn 0.1264 0.5079 -0.8521
vn 0.8727 0.4648 -0.1494
vn 0.6927 0.1688 -0.7012
vn -0.4689 0.8566 -0.2151
vn 0.2578 0.9316 -0.2561
vn 0.1649 0.8629 0.4776
vn 0.7270 0.4856 0.4854
vn 0.4425 0.0122 -0.8967
vn 0.8879 -0.0637 -0.4556
vn 0.7005 -0.1122 -0.7048
vn 0.0314 0.1692 -0.9851
vn -0.4420 0.5519 -0.7072
vn -0.3423 0.3035 -0.8892
vn -0.4110 0.8371 0.3611
vn -0.2982 0.7109 0.6369
vn 0.0821 0.6368 0.7666
vn 0.4901 0.4508 0.7461
vn 0.9121 0.1588 0.3780
vn 0.7391 0.2437 0.6280
vn 0.9985 0.0387 -0.0392
vn 0.0348 0.4509 0.8919
vn -0.2873 0.5611 0.7763
vn -0.3029 0.5248 0.7955
vn 0.3816 0.3403 0.8594
vn 0.0434 0.4739 0.8795
vn -0.2671 0.6075 0.7480
vn 0.3866 0.3447 0.8554
vn 0.0551 0.5215 0.8515
vn 0.7261 0.1829 0.6628
vn 0.7277 0.1671 0.6652
vn 0.3961 0.3755 0.8379
vn -0.6016 0.5992 0.5282
vn 0.3296 -0.1385 -0.9339
vn -0.0110 -0.0277 -0.9996
vn 0.3349 -0.1327 -0.9329
vn -0.0199 -0.0537 -0.9984
vn -0.3369 0.1040 -0.9358
vn 0.0015 0.0273 -0.9996
vn 0.3447 -0.0974 -0.9336
vn -0.3159 0.1581 -0.9355
vn 0.6866 -0.1820 -0.7039
vn -0.3530 0.0632 -0.9335
vn 0.6916 -0.1816 -0.6991
vn 0.6882 -0.1969 -0.6983
vn 0.9956 -0.0933 -0.0039
vn 0.9397 -0.0074 0.3420
vn 0.9420 0.0203 0.3350
vn 0.9198 -0.1903 -0.3431
vn 0.9923 -0.1242 0.0044
vn 0.9408 0.0076 0.3388
vn 0.9210 -0.1757 -0.3478
vn 0.9946 -0.1036 -0.0011
vn 0.9993 -0.0304 -0.0208
vn 0.9221 -0.1628 -0.3509
vn 0.7309 0.1807 0.6581
vn -0.0612 -0.9749 0.2141
vn -0.0136 -0.9660 0.2583
vn -0.0599 -0.9640 0.2591
vn 0.0314 -0.9768 0.2119
vn -0.0149 -0.9769 0.2133
vn -0.0586 -0.9510 0.3035
vn 0.0340 -0.9529 0.3014
vn -0.0123 -0.9530 0.3027
vn -0.0776 -0.9898 0.1193
vn 0.0427 -0.9923 0.1165
vn -0.0175 -0.9930 0.1165
vn 0.1205 -0.9858 0.1171
vn 0.1269 -0.9728 0.1937
vn 0.0327 -0.9659 0.2569
vn 0.1303 -0.9418 0.3100
vn 0.1282 -0.9148 0.3831
vn 0.0507 -0.9190 0.3910
vn -0.0095 -0.9188 0.3947
vn -0.0697 -0.9165 0.3939
vn 0.9995 -0.0228 -0.0228
vn 0.8194 -0.5337 -0.2091
vn 0.9242 -0.1144 -0.3645
vn 0.8371 -0.3705 0.4025
vn 0.8858 -0.4541 0.0956
vn 0.4312 -0.9007 0.0532
vn 0.4406 -0.8137 0.3792
vn 0.4574 -0.8624 0.2170
vn 0.6869 -0.2016 -0.6982
vn 0.9441 0.0690 0.3225
vn 0.6438 -0.2817 0.7115
vn 0.3532 -0.7509 0.5581
vn 0.1304 -0.9588 0.2522
vn 0.3334 -0.9341 -0.1281
vn 0.6084 -0.6079 -0.5102
vn 0.0279 0.2554 0.9664
vn 0.3337 -0.2263 0.9151
vn 0.3816 0.2301 0.8952
vn -0.2992 -0.2134 0.9300
vn 0.0188 -0.2058 0.9784
vn 0.1692 -0.7360 0.6555
vn -0.1681 -0.7291 0.6634
vn 0.0011 -0.7317 0.6816
vn 0.7265 0.1631 0.6676
vn -0.3294 0.2446 0.9120
vn -0.0280 -0.2603 -0.9651
vn -0.3459 -0.6439 -0.6825
vn -0.3817 -0.2373 -0.8933
vn 0.2870 -0.6568 -0.6974
vn -0.0311 -0.6660 -0.7453
vn -0.1932 -0.9602 -0.2020
vn 0.1442 -0.9670 -0.2099
vn -0.0252 -0.9739 -0.2256
vn -0.7266 -0.1727 -0.6650
vn 0.3293 -0.2518 -0.9100
vn -0.9269 0.1018 -0.3611
vn -0.9135 0.2451 0.3246
vn -0.6783 0.3316 0.6556
vn -0.9879 0.1546 -0.0127
vn -0.0274 -0.0914 -0.9954
vn 0.3252 -0.0971 -0.9407
vn -0.3756 -0.0976 -0.9217
vn 0.9241 -0.1054 -0.3672
vn 0.9441 0.0781 0.3203
vn 0.7243 0.2223 0.6526
vn 0.9376 0.2020 0.2831
vn 0.0284 0.4080 0.9126
vn -0.3229 0.4066 0.8546
vn -0.3138 0.4892 0.8138
vn -0.3237 0.3798 0.8666
vn 0.0293 0.3869 0.9217
vn -0.8981 -0.4176 0.1375
vn -0.4551 -0.7954 0.4003
vn -0.4815 -0.8432 0.2390
vn -0.1538 -0.9360 0.3166
vn -0.8465 0.3482 -0.4028
vn -0.8148 0.4089 -0.4111
vn -0.6619 0.2121 -0.7190
vn -0.5345 0.7015 0.4715
vn -0.6543 0.7275 0.2063
vn 0.8727 0.4648 -0.1493
vn 0.2577 0.9316 -0.2562
vn 0.7004 -0.1121 -0.7049
vn -0.4420 0.5519 -0.7071
vn -0.3424 0.3035 -0.8892
vn 0.4901 0.4508 0.7460
vn 0.7391 0.2436 0.6280
vn -0.3029 0.5247 0.7955
vn -0.2671 0.6076 0.7480
vn 0.7262 0.1828 0.6628
vn -0.0111 -0.0277 -0.9996
vn 0.3348 -0.1327 -0.9329
vn 0.6916 -0.1817 -0.6991
vn 0.9946 -0.1037 -0.0011
vn 0.9221 -0.1628 -0.3510
vn 0.0340 -0.9529 0.3013
vn -0.0776 -0.9898 0.1194
vn 0.1205 -0.9858 0.1170
vn 0.0326 -0.9659 0.2569
vn 0.1282 -0.9147 0.3832
vn 0.0507 -0.9190 0.3911
vn -0.0696 -0.9165 0.3938
vn 0.9995 -0.0228 -0.0229
vn 0.8371 -0.3704 0.4025
vn 0.6438 -0.2818 0.7115
vn -0.2992 -0.2133 0.9300
vn 0.0011 -0.7317 0.6817
vn -0.3460 -0.6438 -0.6825
vn 0.2870 -0.6568 -0.6973
vn -0.1932 -0.9601 -0.2020
vn -0.8986 0.3227 0.2972
vn -0.6608 0.4420 0.6067
vn -0.0269 -0.1012 -0.9945
vn 0.3252 -0.0970 -0.9407
vn 0.9393 0.1845 0.2891
vn 0.3777 0.3519 0.8565
vn -0.3139 0.4892 0.8138
vn -0.3238 0.3798 0.8666
vn -0.9442 -0.0763 -0.3205
vn -0.8464 0.3482 -0.4029
vn -0.8284 0.5148 0.2210
vn -0.5345 0.7014 0.4715
vn 0.2578 0.9316 -0.2562
vn 0.1649 0.8629 0.4777
vn 0.7271 0.4856 0.4853
vn -0.2981 0.7109 0.6369
vn 0.0433 0.4739 0.8795
vn 0.3867 0.3447 0.8554
vn 0.7262 0.1829 0.6628
vn 0.6865 -0.1820 -0.7039
vn 0.9209 -0.1757 -0.3478
vn 0.7309 0.1806 0.6581
vn 0.1204 -0.9858 0.1171
vn 0.1302 -0.9418 0.3100
vn 0.1281 -0.9148 0.3831
vn -0.0095 -0.9188 0.3946
vn 0.3532 -0.7509 0.5580
vn -0.1681 -0.7291 0.6635
vn -0.3459 -0.6438 -0.6825
vn 0.2869 -0.6568 -0.6974
vn -0.0311 -0.6659 -0.7454
vn -0.7266 -0.1728 -0.6650
vn 0.3293 -0.2519 -0.9100
vn -0.9810 0.1924 -0.0230
vn -0.9179 0.1447 -0.3693
vn -0.7083 0.0417 -0.7047
vn -0.9879 0.1545 -0.0126
vn -0.3755 -0.0975 -0.9217
vn -0.3644 0.0234 -0.9309
vn 0.3257 -0.1268 -0.9369
vn 0.6830 -0.0988 -0.7237
vn 0.9376 0.2020 0.2830
vn 0.0278 0.4262 0.9042
vn -0.9995 0.0180 0.0241
vn -0.6871 0.1919 0.7008
vn -0.6206 -0.2560 0.7412
vn -0.5692 0.3811 -0.7285
vn -0.6379 0.2652 -0.7231
vn 0.6927 0.1689 -0.7012
vn 0.7004 -0.1122 -0.7048
vn -0.4111 0.8371 0.3611
vn -0.2981 0.7109 0.6370
vn 0.9985 0.0387 -0.0393
vn 0.3815 0.3403 0.8594
vn 0.3960 0.3755 0.8379
vn 0.6916 -0.1817 -0.6990
vn 0.7310 0.1806 0.6581
vn 0.3336 -0.2263 0.9151
vn 0.3815 0.2301 0.8953
vn 0.0188 -0.2057 0.9784
vn -0.3816 -0.2373 -0.8933
vn -0.9269 0.1019 -0.3611
vn -0.9179 0.1448 -0.3693
vn -0.6783 0.3317 0.6557
vn -0.9023 0.2038 -0.3799
vn -0.6833 0.1516 -0.7143
vn 0.3247 -0.1112 -0.9393
vn 0.9917 0.1140 -0.0591
vn 0.0293 0.4371 0.8990
vn -0.8981 -0.4177 0.1375
vn -0.3569 -0.7364 0.5747
vn -0.6619 0.2122 -0.7190
vn -0.7972 0.5710 0.1961
vn 0.8727 0.4649 -0.1494
vn 0.7271 0.4856 0.4854
vn 0.0822 0.6368 0.7666
vn 0.9120 0.1588 0.3781
vn 0.7390 0.2437 0.6281
vn 0.3960 0.3756 0.8379
vn 0.0014 0.0273 -0.9996
vn 0.3448 -0.0974 -0.9336
vn 0.6917 -0.1817 -0.6990
vn -0.0697 -0.9165 0.3938
vn 0.9242 -0.1143 -0.3645
vn 0.8858 -0.4540 0.0956
vn 0.4311 -0.9007 0.0533
vn 0.3333 -0.9341 -0.1281
vn 0.1442 -0.9670 -0.2100
vn -0.9810 0.1924 -0.0229
vn -0.0273 -0.0913 -0.9954
vn 0.9229 -0.0428 -0.3828
vn 0.9366 0.2091 0.2812
vn 0.9985 0.0375 -0.0390
vn 0.9924 0.1083 -0.0577
vn 0.0292 0.4371 0.8990
vn -0.8494 -0.4996 -0.1698
vn -0.4646 -0.8824 0.0743
vn 0.1264 0.5080 -0.8521
vn 0.2577 0.9316 -0.2561
vn 0.1649 0.8630 0.4776
vn 0.7270 0.4857 0.4853
vn 0.9121 0.1588 0.3781
vn 0.3349 -0.1328 -0.9329
vn 0.6916 -0.1816 -0.6990
vn 0.9242 -0.1144 -0.3644
vn 0.4575 -0.8624 0.2170
vn 0.2870 -0.6567 -0.6974
vn 0.3269 -0.1141 -0.9381
vn -0.9995 0.0179 0.0242
vn -0.9243 0.1072 0.3664
vn -0.8103 0.5716 -0.1292
vn 0.1263 0.5080 -0.8521
vn 0.0349 0.4509 0.8919
vn 0.4311 -0.9007 0.0532
vn 0.6869 -0.2015 -0.6982
vn 0.9441 0.0690 0.3224
vn -0.1931 -0.9602 -0.2020
vn -0.0252 -0.9739 -0.2257
vn 0.9074 0.2815 0.3119
vn 0.9710 0.2367 -0.0351
vn 0.8986 0.3227 0.2972
vn 0.9269 0.1018 -0.3612
vn 0.9810 0.1925 -0.0230
vn 0.9533 0.2974 -0.0518
vn 0.8833 0.3790 0.2760
vn 0.9179 0.1448 -0.3694
vn 0.9135 0.2451 0.3247
vn 0.6747 0.3644 0.6419
vn 0.6783 0.3316 0.6556
vn 0.9879 0.1546 -0.0126
vn 0.9332 0.0640 -0.3537
vn 0.7136 0.0060 -0.7006
vn 0.7083 0.0418 -0.7047
vn 0.9023 0.2039 -0.3799
vn 0.6989 0.0906 -0.7095
vn 0.8774 0.2768 -0.3919
vn 0.9254 0.3719 -0.0725
vn 0.8588 0.4478 0.2487
vn 0.6607 0.4420 0.6067
vn 0.6458 0.4970 0.5796
vn 0.6697 0.3974 0.6274
vn 0.0268 -0.1012 -0.9945
vn 0.3731 -0.0452 -0.9267
vn 0.3744 -0.0684 -0.9247
vn -0.3252 -0.0970 -0.9407
vn 0.0273 -0.0914 -0.9954
vn 0.3703 -0.0148 -0.9288
vn -0.3246 -0.1006 -0.9405
vn 0.0273 -0.0812 -0.9963
vn 0.3756 -0.0976 -0.9216
vn 0.7175 -0.0292 -0.6960
vn 0.0262 -0.1240 -0.9919
vn -0.3270 -0.1141 -0.9381
vn -0.6804 -0.0506 -0.7311
vn -0.6813 -0.0674 -0.7289
vn -0.3246 -0.1112 -0.9393
vn -0.6830 -0.0989 -0.7237
vn -0.3257 -0.1269 -0.9369
vn 0.0257 -0.0692 -0.9973
vn 0.3644 0.0234 -0.9310
vn 0.6832 0.1516 -0.7143
vn -0.9917 0.1140 -0.0592
vn -0.9196 0.0024 -0.3929
vn -0.9169 0.0278 -0.3981
vn -0.9393 0.1845 0.2892
vn -0.9949 0.0864 -0.0519
vn -0.9228 -0.0428 -0.3828
vn -0.9427 0.1402 0.3027
vn -0.9985 0.0375 -0.0389
vn -0.9179 0.0207 -0.3963
vn -0.6821 -0.0620 -0.7286
vn -0.9924 0.1084 -0.0577
vn -0.9366 0.2091 0.2811
vn -0.9376 0.2020 0.2831
vn -0.7195 0.3104 0.6212
vn -0.7206 0.2948 0.6276
vn -0.7225 0.2649 0.6387
vn -0.7243 0.2223 0.6527
vn -0.9441 0.0781 0.3203
vn -0.9993 -0.0304 -0.0208
vn -0.9242 -0.1054 -0.3672
vn -0.6847 -0.1427 -0.7147
vn -0.3769 0.3796 0.8449
vn -0.0278 0.4169 0.9085
vn -0.3764 0.3765 0.8465
vn -0.0284 0.4080 0.9126
vn 0.3218 0.4277 0.8447
vn -0.0277 0.4262 0.9042
vn -0.3765 0.3667 0.8508
vn 0.3193 0.4551 0.8312
vn -0.3788 0.3636 0.8511
vn -0.7213 0.2992 0.6246
vn -0.0292 0.3869 0.9217
vn 0.3228 0.4066 0.8546
vn 0.3237 0.3799 0.8665
vn 0.3138 0.4891 0.8138
vn -0.0292 0.4370 0.8990
vn -0.3776 0.3519 0.8565
vn 0.8317 -0.3364 0.4417
vn 0.9995 0.0180 0.0242
vn 0.9243 0.1072 0.3664
vn 0.4551 -0.7954 0.4003
vn 0.8981 -0.4177 0.1375
vn 0.8494 -0.4997 -0.1698
vn 0.9442 -0.0763 -0.3205
vn 0.4645 -0.8824 0.0743
vn 0.6206 -0.2559 0.7412
vn 0.6871 0.1919 0.7008
vn 0.3569 -0.7364 0.5748
vn 0.1472 -0.9091 0.3896
vn 0.1574 -0.9530 0.2590
vn 0.4815 -0.8432 0.2390
vn 0.1549 -0.9802 0.1235
vn 0.3768 -0.9196 -0.1114
vn 0.6560 -0.5821 -0.4805
vn 0.7266 -0.1727 -0.6650
vn 0.8464 0.3482 -0.4028
vn 0.8557 0.5055 -0.1101
vn 0.8910 0.4443 -0.0928
vn 0.7758 0.4695 -0.4216
vn 0.8148 0.4089 -0.4110
vn 0.8284 0.5147 0.2210
vn 0.7586 0.6282 0.1729
vn 0.7972 0.5710 0.1961
vn 0.6618 0.2121 -0.7190
vn 0.6094 0.3161 -0.7271
vn 0.6379 0.2652 -0.7231
vn 0.5693 0.3811 -0.7284
vn 0.6750 0.5375 -0.5055
vn 0.8103 0.5716 -0.1292
vn 0.6544 0.7275 0.2063
vn 0.5345 0.7014 0.4715
vn 0.5737 0.6450 0.5048
vn 0.6016 0.5992 0.5282
vn 0.6250 0.5516 0.5524
vn -0.8727 0.4648 -0.1493
vn -0.1263 0.5080 -0.8521
vn -0.6927 0.1689 -0.7012
vn -0.1649 0.8629 0.4776
vn -0.2578 0.9316 -0.2562
vn 0.4690 0.8566 -0.2151
vn 0.4420 0.5519 -0.7072
vn -0.8879 -0.0637 -0.4556
vn -0.4426 0.0122 -0.8967
vn -0.7005 -0.1121 -0.7048
vn -0.9985 0.0387 -0.0393
vn -0.7271 0.4856 0.4853
vn -0.9121 0.1588 0.3781
vn -0.4901 0.4508 0.7461
vn -0.0821 0.6368 0.7666
vn 0.4111 0.8371 0.3611
vn 0.2982 0.7109 0.6369
vn 0.7226 0.6728 -0.1587
vn 0.3424 0.3035 -0.8892
vn -0.0314 0.1692 -0.9851
vn 0.2873 0.5611 0.7763
vn -0.0348 0.4509 0.8919
vn 0.3029 0.5247 0.7955
vn 0.2671 0.6075 0.7480
vn -0.0434 0.4739 0.8795
vn -0.3816 0.3403 0.8594
vn -0.0551 0.5215 0.8515
vn -0.3866 0.3447 0.8554
vn -0.3961 0.3755 0.8379
vn -0.7390 0.2437 0.6281
vn -0.7309 0.1807 0.6581
vn -0.7277 0.1671 0.6652
vn -0.7262 0.1828 0.6628
vn -0.3296 -0.1385 -0.9339
vn 0.0111 -0.0277 -0.9996
vn 0.0199 -0.0537 -0.9984
vn -0.3348 -0.1327 -0.9329
vn -0.0015 0.0273 -0.9996
vn 0.3369 0.1040 -0.9358
vn 0.3530 0.0632 -0.9335
vn 0.3159 0.1581 -0.9355
vn -0.6865 -0.1820 -0.7039
vn -0.6882 -0.1969 -0.6983
vn -0.3447 -0.0974 -0.9336
vn -0.6916 -0.1816 -0.6991
vn -0.9397 -0.0074 0.3420
vn -0.9956 -0.0933 -0.0039
vn -0.9420 0.0203 0.3350
vn -0.9408 0.0076 0.3388
vn -0.9923 -0.1242 0.0044
vn -0.9198 -0.1903 -0.3431
vn -0.9221 -0.1628 -0.3510
vn -0.9210 -0.1757 -0.3478
vn -0.9946 -0.1036 -0.0011
vn 0.0612 -0.9749 0.2141
vn 0.0136 -0.9660 0.2583
vn 0.0149 -0.9769 0.2133
vn 0.0586 -0.9510 0.3035
vn 0.0599 -0.9640 0.2591
vn -0.0314 -0.9768 0.2119
vn -0.0340 -0.9529 0.3014
vn -0.0327 -0.9659 0.2569
vn 0.0776 -0.9898 0.1193
vn 0.1572 -0.9670 0.2004
vn 0.1538 -0.9360 0.3167
vn 0.0697 -0.9165 0.3939
vn 0.0123 -0.9530 0.3027
vn -0.0507 -0.9190 0.3910
vn -0.1282 -0.9148 0.3831
vn -0.1303 -0.9418 0.3100
vn -0.1304 -0.9588 0.2522
vn -0.1269 -0.9728 0.1937
vn -0.1205 -0.9858 0.1171
vn -0.0427 -0.9923 0.1165
vn 0.0175 -0.9930 0.1165
vn -0.8194 -0.5337 -0.2091
vn -0.9995 -0.0228 -0.0229
vn -0.9242 -0.1144 -0.3645
vn -0.4312 -0.9007 0.0532
vn -0.8858 -0.4541 0.0956
vn -0.8371 -0.3704 0.4025
vn -0.9441 0.0690 0.3225
vn -0.4406 -0.8137 0.3792
vn -0.6084 -0.6079 -0.5102
vn -0.6869 -0.2016 -0.6982
vn -0.3333 -0.9341 -0.1281
vn -0.4575 -0.8623 0.2170
vn -0.3532 -0.7509 0.5581
vn -0.6438 -0.2817 0.7115
vn -0.7265 0.1631 0.6676
vn -0.3337 -0.2263 0.9151
vn -0.0279 0.2554 0.9664
vn -0.3816 0.2301 0.8952
vn -0.1692 -0.7360 0.6555
vn -0.0188 -0.2058 0.9784
vn 0.2992 -0.2134 0.9300
vn 0.3294 0.2446 0.9120
vn 0.1681 -0.7291 0.6634
vn 0.0095 -0.9188 0.3947
vn -0.0011 -0.7317 0.6817
vn 0.3459 -0.6439 -0.6825
vn 0.0280 -0.2603 -0.9651
vn 0.3817 -0.2373 -0.8933
vn 0.1932 -0.9602 -0.2020
vn 0.0311 -0.6659 -0.7454
vn -0.2869 -0.6568 -0.6974
vn -0.3293 -0.2518 -0.9100
vn -0.1442 -0.9670 -0.2100
vn 0.0252 -0.9739 -0.2257
vn 0.9269 0.1018 -0.3611
vn 0.9180 0.1448 -0.3693
vn 0.6783 0.3316 0.6557
vn 0.0269 -0.1012 -0.9945
vn -0.3252 -0.0971 -0.9407
vn 0.0274 -0.0914 -0.9954
vn 0.3755 -0.0976 -0.9217
vn -0.3269 -0.1141 -0.9381
vn -0.3247 -0.1112 -0.9393
vn -0.6830 -0.0988 -0.7237
vn 0.3229 0.4066 0.8546
vn 0.3237 0.3798 0.8666
vn 0.3139 0.4892 0.8138
vn -0.3777 0.3519 0.8565
vn 0.9995 0.0179 0.0242
vn 0.6206 -0.2560 0.7412
vn 0.6870 0.1919 0.7008
vn 0.4815 -0.8432 0.2391
vn 0.8557 0.5055 -0.1102
vn 0.7758 0.4695 -0.4215
vn 0.5693 0.3811 -0.7285
vn 0.8103 0.5716 -0.1291
vn -0.8727 0.4649 -0.1494
vn -0.1264 0.5080 -0.8521
vn -0.1649 0.8629 0.4777
vn -0.2577 0.9316 -0.2562
vn 0.4689 0.8566 -0.2151
vn -0.4425 0.0122 -0.8967
vn -0.7004 -0.1122 -0.7048
vn -0.9985 0.0387 -0.0392
vn -0.7270 0.4856 0.4854
vn -0.9121 0.1588 0.3780
vn 0.4110 0.8371 0.3611
vn 0.7226 0.6729 -0.1587
vn 0.3029 0.5248 0.7955
vn -0.3867 0.3447 0.8554
vn -0.7391 0.2436 0.6280
vn -0.7262 0.1829 0.6628
vn -0.6866 -0.1820 -0.7039
vn -0.6916 -0.1817 -0.6990
vn -0.9209 -0.1757 -0.3478
vn -0.9946 -0.1037 -0.0012
vn -0.0340 -0.9529 0.3013
vn -0.0326 -0.9659 0.2569
vn 0.0776 -0.9898 0.1194
vn 0.1538 -0.9360 0.3166
vn 0.0696 -0.9165 0.3938
vn -0.1282 -0.9148 0.3832
vn -0.8858 -0.4540 0.0956
vn -0.9441 0.0690 0.3224
vn -0.4574 -0.8624 0.2170
vn -0.6438 -0.2818 0.7115
vn -0.3336 -0.2263 0.9151
vn 0.2993 -0.2133 0.9300
vn 0.1681 -0.7291 0.6635
vn 0.0095 -0.9188 0.3946
vn 0.3460 -0.6438 -0.6825
vn 0.1932 -0.9601 -0.2020
vn 0.0311 -0.6660 -0.7453
vn -0.2870 -0.6568 -0.6974
vn -0.1442 -0.9670 -0.2099
vn 0.0252 -0.9739 -0.2256
vn 0.9023 0.2038 -0.3799
vn 0.6608 0.4420 0.6067
vn 0.3755 -0.0975 -0.9217
vn -0.3257 -0.1268 -0.9369
vn -0.9917 0.1140 -0.0591
vn -0.9229 -0.0428 -0.3828
vn -0.9376 0.2020 0.2830
vn -0.9441 0.0781 0.3204
vn -0.0278 0.4262 0.9042
vn -0.0293 0.3869 0.9217
vn 0.9442 -0.0762 -0.3205
vn 0.8148 0.4089 -0.4111
vn 0.7586 0.6282 0.1730
vn 0.7972 0.5710 0.1962
vn 0.6543 0.7275 0.2063
vn -0.8727 0.4648 -0.1494
vn -0.1264 0.5079 -0.8521
vn -0.6926 0.1688 -0.7012
vn -0.7004 -0.1121 -0.7048
vn -0.7271 0.4856 0.4854
vn 0.7225 0.6729 -0.1587
vn -0.0433 0.4739 0.8795
vn -0.7391 0.2437 0.6280
vn -0.7309 0.1806 0.6581
vn -0.7261 0.1829 0.6628
vn -0.9946 -0.1037 -0.0011
vn -0.1281 -0.9148 0.3831
vn -0.8858 -0.4540 0.0955
vn -0.8371 -0.3705 0.4025
vn -0.4405 -0.8137 0.3792
vn -0.3532 -0.7509 0.5580
vn -0.3815 0.2301 0.8953
vn -0.0188 -0.2057 0.9784
vn 0.2992 -0.2133 0.9300
vn -0.0011 -0.7317 0.6816
vn 0.3816 -0.2373 -0.8933
vn -0.3293 -0.2519 -0.9100
vn 0.8987 0.3227 0.2972
vn -0.3252 -0.0970 -0.9406
vn 0.0273 -0.0913 -0.9954
vn -0.9376 0.2021 0.2830
vn 0.3138 0.4892 0.8138
vn 0.9243 0.1071 0.3664
vn 0.4551 -0.7954 0.4002
vn 0.8465 0.3482 -0.4028
vn 0.6378 0.2652 -0.7231
vn 0.5345 0.7015 0.4714
vn -0.6927 0.1688 -0.7012
vn -0.2577 0.9317 -0.2562
vn -0.4425 0.0123 -0.8967
vn -0.7005 -0.1122 -0.7048
vn 0.4110 0.8371 0.3610
vn 0.2981 0.7109 0.6369
vn -0.3815 0.3403 0.8594
vn -0.3960 0.3755 0.8379
vn -0.7310 0.1806 0.6581
vn -0.0014 0.0273 -0.9996
vn -0.6917 -0.1817 -0.6990
vn -0.9409 0.0076 0.3387
vn -0.6869 -0.2015 -0.6982
vn 0.0280 -0.2602 -0.9651
vn -0.2870 -0.6567 -0.6974
vn 0.9879 0.1546 -0.0127
vn 0.7135 0.0060 -0.7006
vn -0.9376 0.2021 0.2831
vn -0.7224 0.2649 0.6387
vn 0.8981 -0.4176 0.1375
vn 0.3570 -0.7363 0.5748
vn 0.5692 0.3811 -0.7285
vn 0.5345 0.7015 0.4715
vn 0.4689 0.8567 -0.2151
vn -0.8879 -0.0637 -0.4555
vn -0.0313 0.1692 -0.9851
vn -0.0349 0.4509 0.8919
vn -0.3349 -0.1327 -0.9329
vn 0.0696 -0.9165 0.3939
vn -0.1205 -0.9858 0.1170
vn -0.4311 -0.9007 0.0532
vn -0.7265 0.1630 0.6676
vn -0.3337 -0.2262 0.9151
vn 0.3459 -0.6438 -0.6825
vn 0.9135 0.2451 0.3246
vn -0.0292 0.4371 0.8990
vn 0.4816 -0.8432 0.2391
vn -0.1650 0.8629 0.4776
vn -0.4901 0.4508 0.7460
vn -0.0822 0.6368 0.7666
vn 0.0110 -0.0277 -0.9996
vn 0.8987 0.3227 0.2971
vn 0.9879 0.1545 -0.0127
vn 0.6457 0.4970 0.5796
vn -0.7243 0.2223 0.6526
vn 0.3569 -0.7364 0.5747
vn 0.6379 0.2652 -0.7230
vn -0.6916 -0.1817 -0.6991
vn -0.9946 -0.1036 -0.0012
vn -0.1282 -0.9147 0.3832
vn -0.3334 -0.9341 -0.1281
vt 0.446533 0.062500
vt 0.500000 0.125000
vt 0.452040 0.125000
vt 0.500000 0.062500
vt 0.547960 0.125000
vt 0.454129 0.187500
vt 0.500000 0.187500
vt 0.437500 0.000000
vt 0.404080 0.062500
vt 0.375000 0.000000
vt 0.500000 0.000000
vt 0.553467 0.062500
vt 0.562500 0.000000
vt 0.595920 0.062500
vt 0.586806 0.125000
vt 0.545871 0.187500
vt 0.583767 0.187500
vt 0.545573 0.250000
vt 0.500000 0.250000
vt 0.454427 0.250000
vt 0.416233 0.187500
vt 0.416667 0.250000
vt 0.413194 0.125000
vt 0.500000 0.312500
vt 0.454427 0.375000
vt 0.454427 0.312500
vt 0.545573 0.312500
vt 0.500000 0.375000
vt 0.454427 0.437500
vt 0.545573 0.375000
vt 0.500000 0.437500
vt 0.416667 0.312500
vt 0.583333 0.250000
vt 0.583333 0.312500
vt 0.583333 0.375000
vt 0.545573 0.437500
vt 0.583333 0.437500
vt 0.545573 0.500000
vt 0.500000 0.500000
vt 0.454427 0.500000
vt 0.416667 0.437500
vt 0.416667 0.500000
vt 0.416667 0.375000
vt 0.500000 0.562500
vt 0.454427 0.625000
vt 0.454427 0.562500
vt 0.545573 0.562500
vt 0.500000 0.625000
vt 0.500000 0.687500
vt 0.454427 0.687500
vt 0.545573 0.687500
vt 0.416667 0.562500
vt 0.583333 0.500000
vt 0.583333 0.562500
vt 0.545573 0.625000
vt 0.583333 0.687500
vt 0.583333 0.750000
vt 0.545573 0.750000
vt 0.500000 0.750000
vt 0.454427 0.750000
vt 0.416667 0.687500
vt 0.416667 0.750000
vt 0.416667 0.625000
vt 0.454129 0.812500
vt 0.500000 0.875000
vt 0.452040 0.875000
vt 0.500000 0.812500
vt 0.547960 0.875000
vt 0.500000 0.937500
vt 0.446533 0.937500
vt 0.553467 0.937500
vt 0.416233 0.812500
vt 0.545871 0.812500
vt 0.583767 0.812500
vt 0.586806 0.875000
vt 0.595920 0.937500
vt 0.625000 1.000000
vt 0.562500 1.000000
vt 0.500000 1.000000
vt 0.437500 1.000000
vt 0.404080 0.937500
vt 0.375000 1.000000
vt 0.413194 0.875000
vt 0.390083 0.125000
vt 0.377496 0.062500
vt 0.384345 0.062500
vt 0.380100 0.187500
vt 0.379340 0.125000
vt 0.375312 0.062500
vt 0.375638 0.187500
vt 0.375543 0.125000
vt 0.392266 0.187500
vt 0.380208 0.250000
vt 0.375651 0.250000
vt 0.375000 0.250000
vt 0.375000 0.187500
vt 0.375000 0.125000
vt 0.375000 0.062500
vt 0.607734 0.187500
vt 0.620660 0.125000
vt 0.619900 0.187500
vt 0.615655 0.062500
vt 0.609918 0.125000
vt 0.624363 0.187500
vt 0.624688 0.062500
vt 0.624458 0.125000
vt 0.607422 0.250000
vt 0.625000 0.000000
vt 0.622504 0.062500
vt 0.625000 0.062500
vt 0.625000 0.125000
vt 0.625000 0.187500
vt 0.625000 0.250000
vt 0.624349 0.250000
vt 0.619792 0.250000
vt 0.752387 0.562500
vt 0.700087 0.625000
vt 0.696533 0.562500
vt 0.812934 0.625000
vt 0.753472 0.625000
vt 0.752387 0.687500
vt 0.696533 0.687500
vt 0.687500 0.500000
vt 0.653700 0.562500
vt 0.625000 0.500000
vt 0.750000 0.500000
vt 0.812798 0.562500
vt 0.812500 0.500000
vt 0.875000 0.562500
vt 0.875000 0.625000
vt 0.812798 0.687500
vt 0.875000 0.687500
vt 0.812500 0.750000
vt 0.750000 0.750000
vt 0.687500 0.750000
vt 0.653700 0.687500
vt 0.625000 0.750000
vt 0.659722 0.625000
vt 0.609918 0.875000
vt 0.622504 0.937500
vt 0.615655 0.937500
vt 0.607748 0.812500
vt 0.620660 0.875000
vt 0.624688 0.937500
vt 0.620009 0.812500
vt 0.624458 0.875000
vt 0.607530 0.750000
vt 0.620660 0.750000
vt 0.624593 0.812500
vt 0.625000 0.812500
vt 0.625000 0.875000
vt 0.625000 0.937500
vt 0.607436 0.437500
vt 0.619792 0.375000
vt 0.619900 0.437500
vt 0.607422 0.375000
vt 0.619792 0.312500
vt 0.624349 0.375000
vt 0.624580 0.437500
vt 0.624349 0.312500
vt 0.607530 0.500000
vt 0.607422 0.312500
vt 0.625000 0.312500
vt 0.625000 0.375000
vt 0.625000 0.437500
vt 0.626953 0.500000
vt 0.620660 0.500000
vt 0.607856 0.625000
vt 0.622287 0.687500
vt 0.607734 0.687500
vt 0.622287 0.562500
vt 0.623264 0.625000
vt 0.633613 0.687500
vt 0.633613 0.562500
vt 0.636936 0.625000
vt 0.583333 0.625000
vt 0.607734 0.562500
vt 0.626953 0.750000
vt 0.187202 0.562500
vt 0.246528 0.625000
vt 0.187066 0.625000
vt 0.303467 0.562500
vt 0.247613 0.562500
vt 0.187202 0.687500
vt 0.303467 0.687500
vt 0.247613 0.687500
vt 0.125000 0.500000
vt 0.125000 0.562500
vt 0.187500 0.500000
vt 0.312500 0.500000
vt 0.250000 0.500000
vt 0.375000 0.500000
vt 0.346300 0.562500
vt 0.299913 0.625000
vt 0.346300 0.687500
vt 0.375000 0.750000
vt 0.312500 0.750000
vt 0.250000 0.750000
vt 0.187500 0.750000
vt 0.125000 0.750000
vt 0.125000 0.687500
vt 0.125000 0.625000
vt 0.392144 0.625000
vt 0.377713 0.562500
vt 0.392266 0.562500
vt 0.377713 0.687500
vt 0.376736 0.625000
vt 0.366387 0.562500
vt 0.366387 0.687500
vt 0.363064 0.625000
vt 0.392470 0.500000
vt 0.392266 0.687500
vt 0.379340 0.750000
vt 0.373047 0.750000
vt 0.340278 0.625000
vt 0.373047 0.500000
vt 0.379340 0.500000
vt 0.390082 0.875000
vt 0.379991 0.812500
vt 0.392253 0.812500
vt 0.377496 0.937500
vt 0.379340 0.875000
vt 0.375407 0.812500
vt 0.375312 0.937500
vt 0.375543 0.875000
vt 0.392470 0.750000
vt 0.384345 0.937500
vt 0.375000 0.937500
vt 0.375000 0.875000
vt 0.375000 0.812500
vt 0.392578 0.375000
vt 0.380208 0.312500
vt 0.392578 0.312500
vt 0.380100 0.437500
vt 0.380208 0.375000
vt 0.375651 0.312500
vt 0.375420 0.437500
vt 0.375651 0.375000
vt 0.392578 0.250000
vt 0.392565 0.437500
vt 0.375000 0.437500
vt 0.375000 0.375000
vt 0.375000 0.312500
vt 0.437500 0.062500
vt 0.437500 0.187500
vt 0.437500 0.125000
vt 0.562500 0.125000
vt 0.562500 0.062500
vt 0.437500 0.250000
vt 0.562500 0.187500
vt 0.562500 0.250000
vt 0.437500 0.375000
vt 0.437500 0.312500
vt 0.437500 0.437500
vt 0.562500 0.312500
vt 0.562500 0.375000
vt 0.437500 0.500000
vt 0.562500 0.437500
vt 0.562500 0.500000
vt 0.437500 0.625000
vt 0.437500 0.562500
vt 0.562500 0.562500
vt 0.562500 0.687500
vt 0.562500 0.625000
vt 0.375000 0.562500
vt 0.375000 0.625000
vt 0.437500 0.687500
vt 0.375000 0.687500
vt 0.437500 0.750000
vt 0.562500 0.750000
vt 0.625000 0.687500
vt 0.625000 0.625000
vt 0.625000 0.562500
vt 0.437500 0.812500
vt 0.437500 0.875000
vt 0.562500 0.875000
vt 0.562500 0.812500
vt 0.562500 0.937500
vt 0.437500 0.937500
vt 0.687500 0.625000
vt 0.750000 0.562500
vt 0.687500 0.562500
vt 0.750000 0.687500
vt 0.750000 0.625000
vt 0.812500 0.625000
vt 0.812500 0.562500
vt 0.687500 0.687500
vt 0.812500 0.687500
vt 0.875000 0.500000
vt 0.187500 0.562500
vt 0.250000 0.625000
vt 0.250000 0.562500
vt 0.187500 0.687500
vt 0.187500 0.625000
vt 0.312500 0.562500
vt 0.312500 0.687500
vt 0.312500 0.625000
vt 0.250000 0.687500
vt 0.875000 0.750000
s 1
usemtl マテリアル
f 5017/599/1242 5021/600/1243 5020/601/1244
f 5018/602/1245 5022/603/1246 5021/600/1243
f 5021/600/1243 5023/604/1247 5020/601/1244
f 5022/603/1246 5024/605/1248 5021/600/1243
f 3844/606/1249 3843/607/1250 3617/608/1251
f 3844/606/1249 5018/602/1245 5017/599/1242
f 3845/609/1252 5019/610/1253 5018/602/1245
f 3846/611/1254 3847/612/1255 5019/610/1253
f 5019/610/1253 3848/613/1256 5022/603/1246
f 3848/613/1256 5025/614/1257 5022/603/1246
f 3849/615/1258 3850/616/1259 5025/614/1257
f 5025/614/1257 3851/617/1260 5024/605/1248
f 5024/605/1248 3852/618/1261 5023/604/1247
f 3841/619/1262 3852/618/1261 3619/620/1263
f 3842/621/1264 5023/604/1247 3841/619/1262
f 5017/599/1242 3842/621/1264 3843/607/1250
f 5027/622/1265 5029/623/1266 5026/624/1267
f 5028/625/1268 5030/626/1269 5027/622/1265
f 5030/626/1269 5032/627/1270 5029/623/1266
f 5031/628/1271 5033/629/1272 5030/626/1269
f 3852/618/1261 3855/630/1273 3619/620/1263
f 3851/617/1260 5026/624/1267 3852/618/1261
f 3850/616/1259 5027/622/1265 3851/617/1260
f 3620/631/1274 5028/625/1268 3850/616/1259
f 3856/632/1275 5031/628/1271 5028/625/1268
f 3857/633/1276 5034/634/1277 5031/628/1271
f 3858/635/1278 3859/636/1279 5034/634/1277
f 5034/634/1277 3860/637/1280 5033/629/1272
f 5033/629/1272 3861/638/1281 5032/627/1270
f 3853/639/1282 3861/638/1281 3623/640/1283
f 5029/623/1266 3853/639/1282 3854/641/1284
f 5026/624/1267 3854/641/1284 3855/630/1273
f 5036/642/1285 5038/643/1286 5035/644/1287
f 5037/645/1288 5039/646/1289 5036/642/1285
f 5038/643/1286 5042/647/1290 5041/648/1291
f 5039/646/1289 5043/649/1292 5042/647/1290
f 3861/638/1281 3864/650/1293 3623/640/1283
f 3860/637/1280 5035/644/1287 3861/638/1281
f 3859/636/1279 5036/642/1285 3860/637/1280
f 3624/651/1294 5037/645/1288 3859/636/1279
f 3865/652/1295 5040/653/1296 5037/645/1288
f 5040/653/1296 3867/654/1297 5043/649/1292
f 5043/649/1292 3622/655/1298 3868/656/1299
f 5042/647/1290 3868/656/1299 3869/657/1300
f 5041/648/1291 3869/657/1300 3870/658/1301
f 3862/659/1302 3870/658/1301 3621/660/1303
f 3863/661/1304 5041/648/1291 3862/659/1302
f 5035/644/1287 3863/661/1304 3864/650/1293
f 5044/662/1305 5048/663/1306 5047/664/1307
f 5045/665/1308 5049/666/1309 5048/663/1306
f 5047/664/1307 5051/667/1310 5050/668/1311
f 5048/663/1306 5052/669/1312 5051/667/1310
f 3870/658/1301 3873/670/1313 3621/660/1303
f 3870/658/1301 5045/665/1308 5044/662/1305
f 3869/657/1300 5046/671/1314 5045/665/1308
f 3868/656/1299 3874/672/1315 5046/671/1314
f 5046/671/1314 3875/673/1316 5049/666/1309
f 5049/666/1309 3876/674/1317 5052/669/1312
f 5052/669/1312 3618/675/1318 3846/676/1254
f 5051/667/1310 3846/676/1254 3845/677/1252
f 5050/668/1311 3845/677/1252 3844/678/1249
f 3871/679/1319 3844/678/1249 3617/680/1251
f 3872/681/1320 5050/668/1311 3871/679/1319
f 3873/670/1313 5047/664/1307 3872/681/1320
f 5054/682/1321 5056/683/1322 5053/684/1323
f 5054/682/1321 5058/685/1324 5057/686/1325
f 5057/686/1325 5059/687/1326 5056/683/1322
f 5057/686/1325 5061/688/1327 5060/689/1328
f 3617/608/1251 5053/684/1323 3918/608/1329
f 3843/607/1250 5054/682/1321 5053/684/1323
f 3841/619/1262 5054/682/1321 3842/621/1264
f 3619/620/1263 5055/690/1330 3841/619/1262
f 5055/690/1330 3914/691/1331 5058/685/1324
f 5058/685/1324 3915/692/1332 5061/688/1327
f 5061/688/1327 3629/693/1333 3901/694/1334
f 5061/688/1327 3902/695/1335 5060/689/1328
f 5059/687/1326 3902/695/1335 3903/696/1336
f 5059/687/1326 3630/608/1337 3916/608/1338
f 5056/683/1322 3916/608/1338 3917/608/1339
f 5053/684/1323 3917/608/1339 3918/608/1329
f 5062/697/1340 5066/698/1341 5065/699/1342
f 5064/700/1343 5066/698/1341 5063/701/1344
f 5066/698/1341 5068/702/1345 5065/699/1342
f 5066/698/1341 5070/703/1346 5069/704/1347
f 3620/631/1274 5062/697/1340 3894/705/1348
f 3849/615/1258 5063/701/1344 5062/697/1340
f 3847/612/1255 5063/701/1344 3848/613/1256
f 3618/706/1318 5064/700/1343 3847/612/1255
f 3889/706/1349 5067/707/1350 5064/700/1343
f 5067/707/1350 3891/706/1351 5070/703/1346
f 5070/703/1346 3625/706/1352 3877/708/1353
f 5069/704/1347 3877/708/1353 3878/709/1354
f 5069/704/1347 3879/710/1355 5068/702/1345
f 5068/702/1345 3626/711/1356 3892/712/1357
f 5065/699/1342 3892/712/1357 3893/713/1358
f 3894/705/1348 5065/699/1342 3893/713/1358
f 5072/714/1359 5074/715/1360 5071/716/1361
f 5072/714/1359 5076/717/1362 5075/718/1363
f 5074/715/1360 5078/719/1364 5077/720/1365
f 5076/717/1362 5078/719/1364 5075/718/1363
f 3882/721/1366 3883/722/1367 3627/723/1368
f 3881/724/1369 5071/716/1361 3882/721/1366
f 3881/724/1369 5073/725/1370 5072/714/1359
f 3880/726/1371 3879/727/1355 5073/725/1370
f 5073/725/1370 3878/728/1354 5076/717/1362
f 3878/728/1354 5079/729/1372 5076/717/1362
f 3877/730/1353 3888/731/1373 5079/729/1372
f 5079/729/1372 3887/732/1374 5078/719/1364
f 5077/720/1365 3887/732/1374 3886/733/1375
f 3885/734/1376 3886/733/1375 3628/735/1377
f 3884/736/1378 5077/720/1365 3885/734/1376
f 5071/716/1361 3884/736/1378 3883/722/1367
f 5081/737/1379 5083/738/1380 5080/739/1381
f 5082/740/1382 5084/741/1383 5081/737/1379
f 5084/741/1383 5086/742/1384 5083/738/1380
f 5085/743/1385 5087/744/1386 5084/741/1383
f 3876/674/1317 3889/675/1349 3618/675/1318
f 3875/673/1316 5080/739/1381 3876/674/1317
f 3874/672/1315 5081/737/1379 3875/673/1316
f 3622/655/1298 5082/740/1382 3874/672/1315
f 3895/745/1387 5085/743/1385 5082/740/1382
f 3896/746/1388 5088/747/1389 5085/743/1385
f 5088/747/1389 3628/735/1377 3886/748/1375
f 5088/747/1389 3887/749/1374 5087/744/1386
f 5087/744/1386 3888/750/1373 5086/742/1384
f 5086/742/1384 3625/675/1352 3891/675/1351
f 5083/738/1380 3891/675/1351 3890/675/1390
f 5080/739/1381 3890/675/1390 3889/675/1349
f 5089/751/1391 5093/752/1392 5092/753/1393
f 5090/754/1394 5094/755/1395 5093/752/1392
f 5092/753/1393 5096/756/1396 5095/757/1397
f 5093/752/1392 5097/758/1398 5096/756/1396
f 3624/651/1294 5089/751/1391 3900/759/1399
f 3858/635/1278 5090/754/1394 5089/751/1391
f 3857/633/1276 5091/760/1400 5090/754/1394
f 3856/632/1275 3894/705/1348 5091/760/1400
f 5091/760/1400 3893/713/1358 5094/755/1395
f 5094/755/1395 3892/712/1357 5097/758/1398
f 5097/758/1398 3626/711/1356 3880/761/1371
f 5096/756/1396 3880/761/1371 3881/762/1369
f 5095/757/1397 3881/762/1369 3882/763/1366
f 5095/757/1397 3627/723/1368 3898/764/1401
f 3899/765/1402 5095/757/1397 3898/764/1401
f 3900/759/1399 5092/753/1393 3899/765/1402
f 5099/766/1403 5101/767/1404 5098/768/1405
f 5099/766/1403 5103/769/1406 5102/770/1407
f 5102/770/1407 5104/771/1408 5101/767/1404
f 5102/770/1407 5106/772/1409 5105/773/1410
f 3867/654/1297 3895/745/1387 3622/655/1298
f 3866/774/1411 5098/768/1405 3867/654/1297
f 3866/774/1411 5100/775/1412 5099/766/1403
f 3865/652/1295 3900/759/1399 5100/775/1412
f 5100/775/1412 3899/765/1402 5103/769/1406
f 5103/769/1406 3898/764/1401 5106/772/1409
f 5106/772/1409 3627/723/1368 3883/722/1367
f 5105/773/1410 3883/722/1367 3884/736/1378
f 5105/773/1410 3885/734/1376 5104/771/1408
f 5104/771/1408 3628/735/1377 3897/776/1413
f 5101/767/1404 3897/776/1413 3896/746/1388
f 5098/768/1405 3896/746/1388 3895/745/1387
f 5107/777/1414 5111/778/1415 5110/779/1416
f 5109/780/1417 5111/778/1415 5108/781/1418
f 5111/778/1415 5113/782/1419 5110/779/1416
f 5111/778/1415 5115/783/1420 5114/784/1421
f 3629/785/1333 5107/777/1414 3901/786/1334
f 3906/787/1422 5108/781/1418 5107/777/1414
f 3904/788/1423 5108/781/1418 3905/789/1424
f 3631/790/1425 5109/780/1417 3904/788/1423
f 3909/791/1426 5112/792/1427 5109/780/1417
f 5112/792/1427 3907/793/1428 5115/783/1420
f 5115/783/1420 3632/794/1429 3912/795/1430
f 5114/784/1421 3912/795/1430 3911/796/1431
f 5114/784/1421 3910/797/1432 5113/782/1419
f 5113/782/1419 3630/798/1337 3903/799/1336
f 5110/779/1416 3903/799/1336 3902/800/1335
f 3901/786/1334 5110/779/1416 3902/800/1335
f 5117/801/1433 5119/802/1434 5116/803/1435
f 5117/801/1433 5121/804/1436 5120/805/1437
f 5120/805/1437 5122/806/1438 5119/802/1434
f 5120/805/1437 5124/807/1439 5123/808/1440
f 3623/640/1283 5116/803/1435 3924/809/1441
f 3864/650/1293 5117/801/1433 5116/803/1435
f 3862/659/1302 5117/801/1433 3863/661/1304
f 3621/660/1303 5118/810/1442 3862/659/1302
f 5118/810/1442 3920/811/1443 5121/804/1436
f 5121/804/1436 3921/812/1444 5124/807/1439
f 5124/807/1439 3632/794/1429 3907/793/1428
f 5124/807/1439 3908/813/1445 5123/808/1440
f 5122/806/1438 3908/813/1445 3909/791/1426
f 5122/806/1438 3631/790/1425 3922/814/1446
f 5119/802/1434 3922/814/1446 3923/815/1447
f 5116/803/1435 3923/815/1447 3924/809/1441
f 5126/816/1448 5128/817/1449 5125/818/1450
f 5126/816/1448 5130/819/1451 5129/820/1452
f 5129/820/1452 5131/821/1453 5128/817/1449
f 5129/820/1452 5133/822/1454 5132/823/1455
f 3621/660/1303 5125/818/1450 3919/824/1456
f 3873/670/1313 5126/816/1448 5125/818/1450
f 3871/679/1319 5126/816/1448 3872/681/1320
f 3617/680/1251 5127/825/1457 3871/679/1319
f 5127/825/1457 3917/680/1339 5130/819/1451
f 5130/819/1451 3916/680/1338 5133/822/1454
f 5133/822/1454 3630/680/1337 3910/826/1432
f 5133/822/1454 3911/827/1431 5132/823/1455
f 5131/821/1453 3911/827/1431 3912/828/1430
f 5131/821/1453 3632/794/1429 3921/812/1444
f 5128/817/1449 3921/812/1444 3920/811/1443
f 5125/818/1450 3920/811/1443 3919/824/1456
f 5135/829/1458 5137/830/1459 5134/831/1460
f 5135/829/1458 5139/832/1461 5138/833/1462
f 5138/833/1462 5140/834/1463 5137/830/1459
f 5138/833/1462 5142/835/1464 5141/836/1465
f 3619/620/1263 5134/831/1460 3913/837/1466
f 3855/630/1273 5135/829/1458 5134/831/1460
f 3853/639/1282 5135/829/1458 3854/641/1284
f 3623/640/1283 5136/838/1467 3853/639/1282
f 5136/838/1467 3923/815/1447 5139/832/1461
f 5139/832/1461 3922/814/1446 5142/835/1464
f 5142/835/1464 3631/790/1425 3904/839/1423
f 5142/835/1464 3905/840/1424 5141/836/1465
f 5140/834/1463 3905/840/1424 3906/841/1422
f 5140/834/1463 3629/693/1333 3915/692/1332
f 5137/830/1459 3915/692/1332 3914/691/1331
f 5134/831/1460 3914/691/1331 3913/837/1466
f 5143/599/1242 5147/600/1243 5146/601/1244
f 5144/602/1245 5148/603/1246 5147/600/1243
f 5147/600/1243 5149/604/1468 5146/601/1244
f 5148/603/1246 5150/605/1248 5147/600/1243
f 3928/606/1249 3927/607/1469 3633/608/1470
f 3928/606/1249 5144/602/1245 5143/599/1242
f 3929/609/1252 5145/610/1253 5144/602/1245
f 3930/611/1254 3931/612/1255 5145/610/1253
f 5145/610/1253 3932/613/1256 5148/603/1246
f 3932/613/1256 5151/614/1257 5148/603/1246
f 3933/615/1258 3934/616/1259 5151/614/1257
f 5151/614/1257 3935/617/1260 5150/605/1248
f 5150/605/1248 3936/618/1261 5149/604/1468
f 3925/619/1262 3936/618/1261 3635/620/1263
f 3926/621/1471 5149/604/1468 3925/619/1262
f 5143/599/1242 3926/621/1471 3927/607/1469
f 5153/622/1265 5155/623/1266 5152/624/1267
f 5154/625/1268 5156/626/1472 5153/622/1265
f 5156/626/1472 5158/627/1473 5155/623/1266
f 5157/628/1271 5159/629/1272 5156/626/1472
f 3936/618/1261 3939/630/1474 3635/620/1263
f 3935/617/1260 5152/624/1267 3936/618/1261
f 3934/616/1259 5153/622/1265 3935/617/1260
f 3636/631/1274 5154/625/1268 3934/616/1259
f 3940/632/1275 5157/628/1271 5154/625/1268
f 3941/633/1276 5160/634/1277 5157/628/1271
f 3942/635/1278 3943/636/1279 5160/634/1277
f 5160/634/1277 3944/637/1280 5159/629/1272
f 5159/629/1272 3945/638/1281 5158/627/1473
f 3937/639/1282 3945/638/1281 3639/640/1283
f 5155/623/1266 3937/639/1282 3938/641/1284
f 5152/624/1267 3938/641/1284 3939/630/1474
f 5162/642/1285 5164/643/1286 5161/644/1287
f 5163/645/1288 5165/646/1289 5162/642/1285
f 5164/643/1286 5168/647/1290 5167/648/1291
f 5165/646/1289 5169/649/1292 5168/647/1290
f 3945/638/1281 3948/650/1293 3639/640/1283
f 3944/637/1280 5161/644/1287 3945/638/1281
f 3943/636/1279 5162/642/1285 3944/637/1280
f 3640/651/1294 5163/645/1288 3943/636/1279
f 3949/652/1475 5166/653/1296 5163/645/1288
f 5166/653/1296 3951/654/1476 5169/649/1292
f 5169/649/1292 3638/655/1477 3952/656/1299
f 5168/647/1290 3952/656/1299 3953/657/1300
f 5167/648/1291 3953/657/1300 3954/658/1301
f 3946/659/1478 3954/658/1301 3637/660/1303
f 3947/661/1304 5167/648/1291 3946/659/1478
f 5161/644/1287 3947/661/1304 3948/650/1293
f 5170/662/1305 5174/663/1306 5173/664/1479
f 5171/665/1308 5175/666/1309 5174/663/1306
f 5173/664/1479 5177/667/1310 5176/668/1480
f 5174/663/1306 5178/669/1312 5177/667/1310
f 3954/658/1301 3957/670/1313 3637/660/1303
f 3954/658/1301 5171/665/1308 5170/662/1305
f 3953/657/1300 5172/671/1314 5171/665/1308
f 3952/656/1299 3958/672/1315 5172/671/1314
f 5172/671/1314 3959/673/1316 5175/666/1309
f 5175/666/1309 3960/674/1481 5178/669/1312
f 5178/669/1312 3634/675/1318 3930/676/1254
f 5177/667/1310 3930/676/1254 3929/677/1252
f 5176/668/1480 3929/677/1252 3928/678/1249
f 3955/679/1482 3928/678/1249 3633/680/1470
f 3956/681/1483 5176/668/1480 3955/679/1482
f 3957/670/1313 5173/664/1479 3956/681/1483
f 5180/682/1321 5182/683/1322 5179/684/1323
f 5180/682/1321 5184/685/1324 5183/686/1484
f 5183/686/1484 5185/687/1485 5182/683/1322
f 5183/686/1484 5187/688/1327 5186/689/1486
f 3633/608/1470 5179/684/1323 4002/608/1329
f 3927/607/1469 5180/682/1321 5179/684/1323
f 3925/619/1262 5180/682/1321 3926/621/1471
f 3635/620/1263 5181/690/1330 3925/619/1262
f 5181/690/1330 3998/691/1331 5184/685/1324
f 5184/685/1324 3999/692/1332 5187/688/1327
f 5187/688/1327 3645/693/1333 3985/694/1334
f 5187/688/1327 3986/695/1335 5186/689/1486
f 5185/687/1485 3986/695/1335 3987/696/1487
f 5185/687/1485 3646/608/1337 4000/608/1338
f 5182/683/1322 4000/608/1338 4001/608/1339
f 5179/684/1323 4001/608/1339 4002/608/1329
f 5188/697/1488 5192/698/1341 5191/699/1489
f 5190/700/1343 5192/698/1341 5189/701/1344
f 5192/698/1341 5194/702/1345 5191/699/1489
f 5192/698/1341 5196/703/1346 5195/704/1347
f 3636/631/1274 5188/697/1488 3978/705/1490
f 3933/615/1258 5189/701/1344 5188/697/1488
f 3931/612/1255 5189/701/1344 3932/613/1256
f 3634/706/1318 5190/700/1343 3931/612/1255
f 3973/706/1349 5193/707/1350 5190/700/1343
f 5193/707/1350 3975/706/1351 5196/703/1346
f 5196/703/1346 3641/706/1491 3961/708/1492
f 5195/704/1347 3961/708/1492 3962/709/1354
f 5195/704/1347 3963/710/1355 5194/702/1345
f 5194/702/1345 3642/711/1356 3976/712/1357
f 5191/699/1489 3976/712/1357 3977/713/1358
f 3978/705/1490 5191/699/1489 3977/713/1358
f 5198/714/1359 5200/715/1493 5197/716/1361
f 5198/714/1359 5202/717/1362 5201/718/1494
f 5200/715/1493 5204/719/1364 5203/720/1365
f 5202/717/1362 5204/719/1364 5201/718/1494
f 3966/721/1366 3967/722/1367 3643/723/1495
f 3965/724/1369 5197/716/1361 3966/721/1366
f 3965/724/1369 5199/725/1496 5198/714/1359
f 3964/726/1497 3963/727/1355 5199/725/1496
f 5199/725/1496 3962/728/1354 5202/717/1362
f 3962/728/1354 5205/729/1372 5202/717/1362
f 3961/730/1492 3972/731/1373 5205/729/1372
f 5205/729/1372 3971/732/1374 5204/719/1364
f 5203/720/1365 3971/732/1374 3970/733/1498
f 3969/734/1376 3970/733/1498 3644/735/1499
f 3968/736/1378 5203/720/1365 3969/734/1376
f 5197/716/1361 3968/736/1378 3967/722/1367
f 5207/737/1379 5209/738/1380 5206/739/1500
f 5208/740/1382 5210/741/1383 5207/737/1379
f 5210/741/1383 5212/742/1501 5209/738/1380
f 5211/743/1385 5213/744/1386 5210/741/1383
f 3960/674/1481 3973/675/1349 3634/675/1318
f 3959/673/1316 5206/739/1500 3960/674/1481
f 3958/672/1315 5207/737/1379 3959/673/1316
f 3638/655/1477 5208/740/1382 3958/672/1315
f 3979/745/1502 5211/743/1385 5208/740/1382
f 3980/746/1388 5214/747/1389 5211/743/1385
f 5214/747/1389 3644/735/1499 3970/748/1498
f 5214/747/1389 3971/749/1374 5213/744/1386
f 5213/744/1386 3972/750/1373 5212/742/1501
f 5212/742/1501 3641/675/1491 3975/675/1351
f 5209/738/1380 3975/675/1351 3974/675/1390
f 5206/739/1500 3974/675/1390 3973/675/1349
f 5215/751/1391 5219/752/1503 5218/753/1504
f 5216/754/1394 5220/755/1395 5219/752/1503
f 5218/753/1504 5222/756/1396 5221/757/1397
f 5219/752/1503 5223/758/1398 5222/756/1396
f 3640/651/1294 5215/751/1391 3984/759/1399
f 3942/635/1278 5216/754/1394 5215/751/1391
f 3941/633/1276 5217/760/1400 5216/754/1394
f 3940/632/1275 3978/705/1490 5217/760/1400
f 5217/760/1400 3977/713/1358 5220/755/1395
f 5220/755/1395 3976/712/1357 5223/758/1398
f 5223/758/1398 3642/711/1356 3964/761/1497
f 5222/756/1396 3964/761/1497 3965/762/1369
f 5221/757/1397 3965/762/1369 3966/763/1366
f 5221/757/1397 3643/723/1495 3982/764/1505
f 3983/765/1402 5221/757/1397 3982/764/1505
f 3984/759/1399 5218/753/1504 3983/765/1402
f 5225/766/1403 5227/767/1404 5224/768/1405
f 5225/766/1403 5229/769/1406 5228/770/1407
f 5228/770/1407 5230/771/1408 5227/767/1404
f 5228/770/1407 5232/772/1409 5231/773/1506
f 3951/654/1476 3979/745/1502 3638/655/1477
f 3950/774/1411 5224/768/1405 3951/654/1476
f 3950/774/1411 5226/775/1507 5225/766/1403
f 3949/652/1475 3984/759/1399 5226/775/1507
f 5226/775/1507 3983/765/1402 5229/769/1406
f 5229/769/1406 3982/764/1505 5232/772/1409
f 5232/772/1409 3643/723/1495 3967/722/1367
f 5231/773/1506 3967/722/1367 3968/736/1378
f 5231/773/1506 3969/734/1376 5230/771/1408
f 5230/771/1408 3644/735/1499 3981/776/1413
f 5227/767/1404 3981/776/1413 3980/746/1388
f 5224/768/1405 3980/746/1388 3979/745/1502
f 5233/777/1414 5237/778/1415 5236/779/1416
f 5235/780/1417 5237/778/1415 5234/781/1418
f 5237/778/1415 5239/782/1419 5236/779/1416
f 5237/778/1415 5241/783/1508 5240/784/1421
f 3645/785/1333 5233/777/1414 3985/786/1334
f 3990/787/1509 5234/781/1418 5233/777/1414
f 3988/788/1423 5234/781/1418 3989/789/1424
f 3647/790/1510 5235/780/1417 3988/788/1423
f 3993/791/1426 5238/792/1511 5235/780/1417
f 5238/792/1511 3991/793/1428 5241/783/1508
f 5241/783/1508 3648/794/1512 3996/795/1513
f 5240/784/1421 3996/795/1513 3995/796/1431
f 5240/784/1421 3994/797/1514 5239/782/1419
f 5239/782/1419 3646/798/1337 3987/799/1487
f 5236/779/1416 3987/799/1487 3986/800/1335
f 3985/786/1334 5236/779/1416 3986/800/1335
f 5243/801/1515 5245/802/1434 5242/803/1435
f 5243/801/1515 5247/804/1516 5246/805/1437
f 5246/805/1437 5248/806/1438 5245/802/1434
f 5246/805/1437 5250/807/1439 5249/808/1440
f 3639/640/1283 5242/803/1435 4008/809/1441
f 3948/650/1293 5243/801/1515 5242/803/1435
f 3946/659/1478 5243/801/1515 3947/661/1304
f 3637/660/1303 5244/810/1442 3946/659/1478
f 5244/810/1442 4004/811/1517 5247/804/1516
f 5247/804/1516 4005/812/1444 5250/807/1439
f 5250/807/1439 3648/794/1512 3991/793/1428
f 5250/807/1439 3992/813/1445 5249/808/1440
f 5248/806/1438 3992/813/1445 3993/791/1426
f 5248/806/1438 3647/790/1510 4006/814/1446
f 5245/802/1434 4006/814/1446 4007/815/1447
f 5242/803/1435 4007/815/1447 4008/809/1441
f 5252/816/1448 5254/817/1449 5251/818/1450
f 5252/816/1448 5256/819/1518 5255/820/1452
f 5255/820/1452 5257/821/1453 5254/817/1449
f 5255/820/1452 5259/822/1454 5258/823/1519
f 3637/660/1303 5251/818/1450 4003/824/1456
f 3957/670/1313 5252/816/1448 5251/818/1450
f 3955/679/1482 5252/816/1448 3956/681/1483
f 3633/680/1470 5253/825/1457 3955/679/1482
f 5253/825/1457 4001/680/1339 5256/819/1518
f 5256/819/1518 4000/680/1338 5259/822/1454
f 5259/822/1454 3646/680/1337 3994/826/1514
f 5259/822/1454 3995/827/1431 5258/823/1519
f 5257/821/1453 3995/827/1431 3996/828/1513
f 5257/821/1453 3648/794/1512 4005/812/1444
f 5254/817/1449 4005/812/1444 4004/811/1517
f 5251/818/1450 4004/811/1517 4003/824/1456
f 5261/829/1458 5263/830/1520 5260/831/1460
f 5261/829/1458 5265/832/1521 5264/833/1462
f 5264/833/1462 5266/834/1522 5263/830/1520
f 5264/833/1462 5268/835/1464 5267/836/1465
f 3635/620/1263 5260/831/1460 3997/837/1466
f 3939/630/1474 5261/829/1458 5260/831/1460
f 3937/639/1282 5261/829/1458 3938/641/1284
f 3639/640/1283 5262/838/1467 3937/639/1282
f 5262/838/1467 4007/815/1447 5265/832/1521
f 5265/832/1521 4006/814/1446 5268/835/1464
f 5268/835/1464 3647/790/1510 3988/839/1423
f 5268/835/1464 3989/840/1424 5267/836/1465
f 5266/834/1522 3989/840/1424 3990/841/1509
f 5266/834/1522 3645/693/1333 3999/692/1332
f 5263/830/1520 3999/692/1332 3998/691/1331
f 5260/831/1460 3998/691/1331 3997/837/1466
f 5269/599/1242 5273/600/1243 5272/601/1244
f 5270/602/1523 5274/603/1246 5273/600/1243
f 5273/600/1243 5275/604/1468 5272/601/1244
f 5274/603/1246 5276/605/1248 5273/600/1243
f 4012/606/1249 4011/607/1469 3649/608/1470
f 4012/606/1249 5270/602/1523 5269/599/1242
f 4013/609/1252 5271/610/1253 5270/602/1523
f 4014/611/1524 4015/612/1255 5271/610/1253
f 5271/610/1253 4016/613/1256 5274/603/1246
f 4016/613/1256 5277/614/1257 5274/603/1246
f 4017/615/1258 4018/616/1259 5277/614/1257
f 5277/614/1257 4019/617/1260 5276/605/1248
f 5276/605/1248 4020/618/1261 5275/604/1468
f 4009/619/1262 4020/618/1261 3651/620/1263
f 4010/621/1264 5275/604/1468 4009/619/1262
f 5269/599/1242 4010/621/1264 4011/607/1469
f 5279/622/1265 5281/623/1525 5278/624/1267
f 5280/625/1268 5282/626/1472 5279/622/1265
f 5282/626/1472 5284/627/1526 5281/623/1525
f 5283/628/1271 5285/629/1272 5282/626/1472
f 4020/618/1261 4023/630/1273 3651/620/1263
f 4019/617/1260 5278/624/1267 4020/618/1261
f 4018/616/1259 5279/622/1265 4019/617/1260
f 3652/631/1274 5280/625/1268 4018/616/1259
f 4024/632/1275 5283/628/1271 5280/625/1268
f 4025/633/1276 5286/634/1277 5283/628/1271
f 4026/635/1278 4027/636/1279 5286/634/1277
f 5286/634/1277 4028/637/1280 5285/629/1272
f 5285/629/1272 4029/638/1281 5284/627/1526
f 4021/639/1282 4029/638/1281 3655/640/1283
f 5281/623/1525 4021/639/1282 4022/641/1284
f 5278/624/1267 4022/641/1284 4023/630/1273
f 5288/642/1285 5290/643/1286 5287/644/1287
f 5289/645/1288 5291/646/1289 5288/642/1285
f 5290/643/1286 5294/647/1527 5293/648/1291
f 5291/646/1289 5295/649/1292 5294/647/1527
f 4029/638/1281 4032/650/1293 3655/640/1283
f 4028/637/1280 5287/644/1287 4029/638/1281
f 4027/636/1279 5288/642/1285 4028/637/1280
f 3656/651/1294 5289/645/1288 4027/636/1279
f 4033/652/1295 5292/653/1296 5289/645/1288
f 5292/653/1296 4035/654/1476 5295/649/1292
f 5295/649/1292 3654/655/1298 4036/656/1299
f 5294/647/1527 4036/656/1299 4037/657/1300
f 5293/648/1291 4037/657/1300 4038/658/1301
f 4030/659/1478 4038/658/1301 3653/660/1303
f 4031/661/1304 5293/648/1291 4030/659/1478
f 5287/644/1287 4031/661/1304 4032/650/1293
f 5296/662/1305 5300/663/1306 5299/664/1479
f 5297/665/1308 5301/666/1309 5300/663/1306
f 5299/664/1479 5303/667/1310 5302/668/1480
f 5300/663/1306 5304/669/1312 5303/667/1310
f 4038/658/1301 4041/670/1313 3653/660/1303
f 4038/658/1301 5297/665/1308 5296/662/1305
f 4037/657/1300 5298/671/1314 5297/665/1308
f 4036/656/1299 4042/672/1528 5298/671/1314
f 5298/671/1314 4043/673/1316 5301/666/1309
f 5301/666/1309 4044/674/1529 5304/669/1312
f 5304/669/1312 3650/675/1318 4014/676/1524
f 5303/667/1310 4014/676/1524 4013/677/1252
f 5302/668/1480 4013/677/1252 4012/678/1249
f 4039/679/1530 4012/678/1249 3649/680/1470
f 4040/681/1483 5302/668/1480 4039/679/1530
f 4041/670/1313 5299/664/1479 4040/681/1483
f 5306/682/1321 5308/683/1322 5305/684/1323
f 5306/682/1321 5310/685/1324 5309/686/1325
f 5309/686/1325 5311/687/1485 5308/683/1322
f 5309/686/1325 5313/688/1327 5312/689/1328
f 3649/608/1470 5305/684/1323 4086/608/1329
f 4011/607/1469 5306/682/1321 5305/684/1323
f 4009/619/1262 5306/682/1321 4010/621/1264
f 3651/620/1263 5307/690/1531 4009/619/1262
f 5307/690/1531 4082/691/1331 5310/685/1324
f 5310/685/1324 4083/692/1332 5313/688/1327
f 5313/688/1327 3661/693/1333 4069/694/1334
f 5313/688/1327 4070/695/1335 5312/689/1328
f 5311/687/1485 4070/695/1335 4071/696/1336
f 5311/687/1485 3662/608/1337 4084/608/1338
f 5308/683/1322 4084/608/1338 4085/608/1339
f 5305/684/1323 4085/608/1339 4086/608/1329
f 5314/697/1532 5318/698/1341 5317/699/1342
f 5316/700/1533 5318/698/1341 5315/701/1344
f 5318/698/1341 5320/702/1345 5317/699/1342
f 5318/698/1341 5322/703/1346 5321/704/1347
f 3652/631/1274 5314/697/1532 4062/705/1348
f 4017/615/1258 5315/701/1344 5314/697/1532
f 4015/612/1255 5315/701/1344 4016/613/1256
f 3650/706/1318 5316/700/1533 4015/612/1255
f 4057/706/1349 5319/707/1350 5316/700/1533
f 5319/707/1350 4059/706/1351 5322/703/1346
f 5322/703/1346 3657/706/1534 4045/708/1492
f 5321/704/1347 4045/708/1492 4046/709/1354
f 5321/704/1347 4047/710/1355 5320/702/1345
f 5320/702/1345 3658/711/1356 4060/712/1357
f 5317/699/1342 4060/712/1357 4061/713/1358
f 4062/705/1348 5317/699/1342 4061/713/1358
f 5324/714/1359 5326/715/1360 5323/716/1361
f 5324/714/1359 5328/717/1362 5327/718/1535
f 5326/715/1360 5330/719/1536 5329/720/1537
f 5328/717/1362 5330/719/1536 5327/718/1535
f 4050/721/1366 4051/722/1367 3659/723/1495
f 4049/724/1369 5323/716/1361 4050/721/1366
f 4049/724/1369 5325/725/1370 5324/714/1359
f 4048/726/1497 4047/727/1355 5325/725/1370
f 5325/725/1370 4046/728/1354 5328/717/1362
f 4046/728/1354 5331/729/1372 5328/717/1362
f 4045/730/1492 4056/731/1538 5331/729/1372
f 5331/729/1372 4055/732/1374 5330/719/1536
f 5329/720/1537 4055/732/1374 4054/733/1375
f 4053/734/1376 4054/733/1375 3660/735/1377
f 4052/736/1378 5329/720/1537 4053/734/1376
f 5323/716/1361 4052/736/1378 4051/722/1367
f 5333/737/1379 5335/738/1380 5332/739/1381
f 5334/740/1382 5336/741/1539 5333/737/1379
f 5336/741/1539 5338/742/1384 5335/738/1380
f 5337/743/1540 5339/744/1386 5336/741/1539
f 4044/674/1529 4057/675/1349 3650/675/1318
f 4043/673/1316 5332/739/1381 4044/674/1529
f 4042/672/1528 5333/737/1379 4043/673/1316
f 3654/655/1298 5334/740/1382 4042/672/1528
f 4063/745/1541 5337/743/1540 5334/740/1382
f 4064/746/1388 5340/747/1389 5337/743/1540
f 5340/747/1389 3660/735/1377 4054/748/1375
f 5340/747/1389 4055/749/1374 5339/744/1386
f 5339/744/1386 4056/750/1538 5338/742/1384
f 5338/742/1384 3657/675/1534 4059/675/1351
f 5335/738/1380 4059/675/1351 4058/675/1390
f 5332/739/1381 4058/675/1390 4057/675/1349
f 5341/751/1391 5345/752/1503 5344/753/1504
f 5342/754/1394 5346/755/1395 5345/752/1503
f 5344/753/1504 5348/756/1396 5347/757/1397
f 5345/752/1503 5349/758/1398 5348/756/1396
f 3656/651/1294 5341/751/1391 4068/759/1542
f 4026/635/1278 5342/754/1394 5341/751/1391
f 4025/633/1276 5343/760/1400 5342/754/1394
f 4024/632/1275 4062/705/1348 5343/760/1400
f 5343/760/1400 4061/713/1358 5346/755/1395
f 5346/755/1395 4060/712/1357 5349/758/1398
f 5349/758/1398 3658/711/1356 4048/761/1497
f 5348/756/1396 4048/761/1497 4049/762/1369
f 5347/757/1397 4049/762/1369 4050/763/1366
f 5347/757/1397 3659/723/1495 4066/764/1505
f 4067/765/1402 5347/757/1397 4066/764/1505
f 4068/759/1542 5344/753/1504 4067/765/1402
f 5351/766/1403 5353/767/1404 5350/768/1405
f 5351/766/1403 5355/769/1406 5354/770/1407
f 5354/770/1407 5356/771/1408 5353/767/1404
f 5354/770/1407 5358/772/1543 5357/773/1506
f 4035/654/1476 4063/745/1541 3654/655/1298
f 4034/774/1411 5350/768/1405 4035/654/1476
f 4034/774/1411 5352/775/1507 5351/766/1403
f 4033/652/1295 4068/759/1542 5352/775/1507
f 5352/775/1507 4067/765/1402 5355/769/1406
f 5355/769/1406 4066/764/1505 5358/772/1543
f 5358/772/1543 3659/723/1495 4051/722/1367
f 5357/773/1506 4051/722/1367 4052/736/1378
f 5357/773/1506 4053/734/1376 5356/771/1408
f 5356/771/1408 3660/735/1377 4065/776/1544
f 5353/767/1404 4065/776/1544 4064/746/1388
f 5350/768/1405 4064/746/1388 4063/745/1541
f 5359/777/1414 5363/778/1415 5362/779/1416
f 5361/780/1417 5363/778/1415 5360/781/1418
f 5363/778/1415 5365/782/1419 5362/779/1416
f 5363/778/1415 5367/783/1508 5366/784/1421
f 3661/785/1333 5359/777/1414 4069/786/1334
f 4074/787/1422 5360/781/1418 5359/777/1414
f 4072/788/1423 5360/781/1418 4073/789/1424
f 3663/790/1545 5361/780/1417 4072/788/1423
f 4077/791/1426 5364/792/1511 5361/780/1417
f 5364/792/1511 4075/793/1546 5367/783/1508
f 5367/783/1508 3664/794/1547 4080/795/1430
f 5366/784/1421 4080/795/1430 4079/796/1548
f 5366/784/1421 4078/797/1432 5365/782/1419
f 5365/782/1419 3662/798/1337 4071/799/1336
f 5362/779/1416 4071/799/1336 4070/800/1335
f 4069/786/1334 5362/779/1416 4070/800/1335
f 5369/801/1515 5371/802/1434 5368/803/1435
f 5369/801/1515 5373/804/1516 5372/805/1437
f 5372/805/1437 5374/806/1438 5371/802/1434
f 5372/805/1437 5376/807/1439 5375/808/1440
f 3655/640/1283 5368/803/1435 4092/809/1441
f 4032/650/1293 5369/801/1515 5368/803/1435
f 4030/659/1478 5369/801/1515 4031/661/1304
f 3653/660/1303 5370/810/1442 4030/659/1478
f 5370/810/1442 4088/811/1443 5373/804/1516
f 5373/804/1516 4089/812/1549 5376/807/1439
f 5376/807/1439 3664/794/1547 4075/793/1546
f 5376/807/1439 4076/813/1445 5375/808/1440
f 5374/806/1438 4076/813/1445 4077/791/1426
f 5374/806/1438 3663/790/1545 4090/814/1446
f 5371/802/1434 4090/814/1446 4091/815/1447
f 5368/803/1435 4091/815/1447 4092/809/1441
f 5378/816/1448 5380/817/1449 5377/818/1450
f 5378/816/1448 5382/819/1518 5381/820/1452
f 5381/820/1452 5383/821/1453 5380/817/1449
f 5381/820/1452 5385/822/1550 5384/823/1455
f 3653/660/1303 5377/818/1450 4087/824/1456
f 4041/670/1313 5378/816/1448 5377/818/1450
f 4039/679/1530 5378/816/1448 4040/681/1483
f 3649/680/1470 5379/825/1457 4039/679/1530
f 5379/825/1457 4085/680/1339 5382/819/1518
f 5382/819/1518 4084/680/1338 5385/822/1550
f 5385/822/1550 3662/680/1337 4078/826/1432
f 5385/822/1550 4079/827/1548 5384/823/1455
f 5383/821/1453 4079/827/1548 4080/828/1430
f 5383/821/1453 3664/794/1547 4089/812/1549
f 5380/817/1449 4089/812/1549 4088/811/1443
f 5377/818/1450 4088/811/1443 4087/824/1456
f 5387/829/1458 5389/830/1551 5386/831/1460
f 5387/829/1458 5391/832/1552 5390/833/1553
f 5390/833/1553 5392/834/1522 5389/830/1551
f 5390/833/1553 5394/835/1464 5393/836/1465
f 3651/620/1263 5386/831/1460 4081/837/1554
f 4023/630/1273 5387/829/1458 5386/831/1460
f 4021/639/1282 5387/829/1458 4022/641/1284
f 3655/640/1283 5388/838/1555 4021/639/1282
f 5388/838/1555 4091/815/1447 5391/832/1552
f 5391/832/1552 4090/814/1446 5394/835/1464
f 5394/835/1464 3663/790/1545 4072/839/1423
f 5394/835/1464 4073/840/1424 5393/836/1465
f 5392/834/1522 4073/840/1424 4074/841/1422
f 5392/834/1522 3661/693/1333 4083/692/1332
f 5389/830/1551 4083/692/1332 4082/691/1331
f 5386/831/1460 4082/691/1331 4081/837/1554
f 5395/599/1242 5399/600/1243 5398/601/1556
f 5396/602/1523 5400/603/1246 5399/600/1243
f 5399/600/1243 5401/604/1247 5398/601/1556
f 5400/603/1246 5402/605/1557 5399/600/1243
f 4096/606/1249 4095/607/1250 3665/608/1470
f 4096/606/1249 5396/602/1523 5395/599/1242
f 4097/609/1252 5397/610/1253 5396/602/1523
f 4098/611/1254 4099/612/1255 5397/610/1253
f 5397/610/1253 4100/613/1256 5400/603/1246
f 4100/613/1256 5403/614/1257 5400/603/1246
f 4101/615/1258 4102/616/1259 5403/614/1257
f 5403/614/1257 4103/617/1558 5402/605/1557
f 5402/605/1557 4104/618/1261 5401/604/1247
f 4093/619/1262 4104/618/1261 3667/620/1263
f 4094/621/1559 5401/604/1247 4093/619/1262
f 5395/599/1242 4094/621/1559 4095/607/1250
f 5405/622/1265 5407/623/1525 5404/624/1267
f 5406/625/1268 5408/626/1472 5405/622/1265
f 5408/626/1472 5410/627/1526 5407/623/1525
f 5409/628/1271 5411/629/1272 5408/626/1472
f 4104/618/1261 4107/630/1560 3667/620/1263
f 4103/617/1558 5404/624/1267 4104/618/1261
f 4102/616/1259 5405/622/1265 4103/617/1558
f 3668/631/1274 5406/625/1268 4102/616/1259
f 4108/632/1561 5409/628/1271 5406/625/1268
f 4109/633/1276 5412/634/1277 5409/628/1271
f 4110/635/1562 4111/636/1563 5412/634/1277
f 5412/634/1277 4112/637/1280 5411/629/1272
f 5411/629/1272 4113/638/1281 5410/627/1526
f 4105/639/1282 4113/638/1281 3671/640/1283
f 5407/623/1525 4105/639/1282 4106/641/1284
f 5404/624/1267 4106/641/1284 4107/630/1560
f 5414/642/1285 5416/643/1286 5413/644/1287
f 5415/645/1288 5417/646/1289 5414/642/1285
f 5416/643/1286 5420/647/1290 5419/648/1291
f 5417/646/1289 5421/649/1292 5420/647/1290
f 4113/638/1281 4116/650/1293 3671/640/1283
f 4112/637/1280 5413/644/1287 4113/638/1281
f 4111/636/1563 5414/642/1285 4112/637/1280
f 3672/651/1294 5415/645/1288 4111/636/1563
f 4117/652/1295 5418/653/1296 5415/645/1288
f 5418/653/1296 4119/654/1297 5421/649/1292
f 5421/649/1292 3670/655/1298 4120/656/1299
f 5420/647/1290 4120/656/1299 4121/657/1300
f 5419/648/1291 4121/657/1300 4122/658/1301
f 4114/659/1564 4122/658/1301 3669/660/1303
f 4115/661/1304 5419/648/1291 4114/659/1564
f 5413/644/1287 4115/661/1304 4116/650/1293
f 5422/662/1305 5426/663/1306 5425/664/1479
f 5423/665/1308 5427/666/1565 5426/663/1306
f 5425/664/1479 5429/667/1310 5428/668/1480
f 5426/663/1306 5430/669/1312 5429/667/1310
f 4122/658/1301 4125/670/1313 3669/660/1303
f 4122/658/1301 5423/665/1308 5422/662/1305
f 4121/657/1300 5424/671/1314 5423/665/1308
f 4120/656/1299 4126/672/1528 5424/671/1314
f 5424/671/1314 4127/673/1316 5427/666/1565
f 5427/666/1565 4128/674/1317 5430/669/1312
f 5430/669/1312 3666/675/1318 4098/676/1254
f 5429/667/1310 4098/676/1254 4097/677/1252
f 5428/668/1480 4097/677/1252 4096/678/1249
f 4123/679/1482 4096/678/1249 3665/680/1470
f 4124/681/1320 5428/668/1480 4123/679/1482
f 4125/670/1313 5425/664/1479 4124/681/1320
f 5432/682/1566 5434/683/1322 5431/684/1323
f 5432/682/1566 5436/685/1324 5435/686/1325
f 5435/686/1325 5437/687/1485 5434/683/1322
f 5435/686/1325 5439/688/1327 5438/689/1328
f 3665/608/1470 5431/684/1323 4170/608/1567
f 4095/607/1250 5432/682/1566 5431/684/1323
f 4093/619/1262 5432/682/1566 4094/621/1559
f 3667/620/1263 5433/690/1330 4093/619/1262
f 5433/690/1330 4166/691/1331 5436/685/1324
f 5436/685/1324 4167/692/1332 5439/688/1327
f 5439/688/1327 3677/693/1333 4153/694/1334
f 5439/688/1327 4154/695/1335 5438/689/1328
f 5437/687/1485 4154/695/1335 4155/696/1336
f 5437/687/1485 3678/608/1337 4168/608/1338
f 5434/683/1322 4168/608/1338 4169/608/1568
f 5431/684/1323 4169/608/1568 4170/608/1567
f 5440/697/1340 5444/698/1341 5443/699/1342
f 5442/700/1343 5444/698/1341 5441/701/1344
f 5444/698/1341 5446/702/1345 5443/699/1342
f 5444/698/1341 5448/703/1346 5447/704/1347
f 3668/631/1274 5440/697/1340 4146/705/1490
f 4101/615/1258 5441/701/1344 5440/697/1340
f 4099/612/1255 5441/701/1344 4100/613/1256
f 3666/706/1318 5442/700/1343 4099/612/1255
f 4141/706/1349 5445/707/1350 5442/700/1343
f 5445/707/1350 4143/706/1351 5448/703/1346
f 5448/703/1346 3673/706/1534 4129/708/1353
f 5447/704/1347 4129/708/1353 4130/709/1354
f 5447/704/1347 4131/710/1355 5446/702/1345
f 5446/702/1345 3674/711/1569 4144/712/1357
f 5443/699/1342 4144/712/1357 4145/713/1570
f 4146/705/1490 5443/699/1342 4145/713/1570
f 5450/714/1359 5452/715/1360 5449/716/1571
f 5450/714/1359 5454/717/1362 5453/718/1535
f 5452/715/1360 5456/719/1536 5455/720/1537
f 5454/717/1362 5456/719/1536 5453/718/1535
f 4134/721/1366 4135/722/1367 3675/723/1572
f 4133/724/1369 5449/716/1571 4134/721/1366
f 4133/724/1369 5451/725/1370 5450/714/1359
f 4132/726/1371 4131/727/1355 5451/725/1370
f 5451/725/1370 4130/728/1354 5454/717/1362
f 4130/728/1354 5457/729/1573 5454/717/1362
f 4129/730/1353 4140/731/1574 5457/729/1573
f 5457/729/1573 4139/732/1374 5456/719/1536
f 5455/720/1537 4139/732/1374 4138/733/1375
f 4137/734/1376 4138/733/1375 3676/735/1377
f 4136/736/1575 5455/720/1537 4137/734/1376
f 5449/716/1571 4136/736/1575 4135/722/1367
f 5459/737/1379 5461/738/1380 5458/739/1381
f 5460/740/1576 5462/741/1383 5459/737/1379
f 5462/741/1383 5464/742/1384 5461/738/1380
f 5463/743/1385 5465/744/1386 5462/741/1383
f 4128/674/1317 4141/675/1349 3666/675/1318
f 4127/673/1316 5458/739/1381 4128/674/1317
f 4126/672/1528 5459/737/1379 4127/673/1316
f 3670/655/1298 5460/740/1576 4126/672/1528
f 4147/745/1502 5463/743/1385 5460/740/1576
f 4148/746/1388 5466/747/1577 5463/743/1385
f 5466/747/1577 3676/735/1377 4138/748/1375
f 5466/747/1577 4139/749/1374 5465/744/1386
f 5465/744/1386 4140/750/1574 5464/742/1384
f 5464/742/1384 3673/675/1534 4143/675/1351
f 5461/738/1380 4143/675/1351 4142/675/1390
f 5458/739/1381 4142/675/1390 4141/675/1349
f 5467/751/1391 5471/752/1503 5470/753/1504
f 5468/754/1394 5472/755/1395 5471/752/1503
f 5470/753/1504 5474/756/1396 5473/757/1397
f 5471/752/1503 5475/758/1398 5474/756/1396
f 3672/651/1294 5467/751/1391 4152/759/1399
f 4110/635/1562 5468/754/1394 5467/751/1391
f 4109/633/1276 5469/760/1400 5468/754/1394
f 4108/632/1561 4146/705/1490 5469/760/1400
f 5469/760/1400 4145/713/1570 5472/755/1395
f 5472/755/1395 4144/712/1357 5475/758/1398
f 5475/758/1398 3674/711/1569 4132/761/1371
f 5474/756/1396 4132/761/1371 4133/762/1369
f 5473/757/1397 4133/762/1369 4134/763/1366
f 5473/757/1397 3675/723/1572 4150/764/1578
f 4151/765/1402 5473/757/1397 4150/764/1578
f 4152/759/1399 5470/753/1504 4151/765/1402
f 5477/766/1403 5479/767/1404 5476/768/1405
f 5477/766/1403 5481/769/1406 5480/770/1407
f 5480/770/1407 5482/771/1408 5479/767/1404
f 5480/770/1407 5484/772/1409 5483/773/1506
f 4119/654/1297 4147/745/1502 3670/655/1298
f 4118/774/1411 5476/768/1405 4119/654/1297
f 4118/774/1411 5478/775/1507 5477/766/1403
f 4117/652/1295 4152/759/1399 5478/775/1507
f 5478/775/1507 4151/765/1402 5481/769/1406
f 5481/769/1406 4150/764/1578 5484/772/1409
f 5484/772/1409 3675/723/1572 4135/722/1367
f 5483/773/1506 4135/722/1367 4136/736/1575
f 5483/773/1506 4137/734/1376 5482/771/1408
f 5482/771/1408 3676/735/1377 4149/776/1579
f 5479/767/1404 4149/776/1579 4148/746/1388
f 5476/768/1405 4148/746/1388 4147/745/1502
f 5485/777/1414 5489/778/1415 5488/779/1416
f 5487/780/1417 5489/778/1415 5486/781/1418
f 5489/778/1415 5491/782/1419 5488/779/1416
f 5489/778/1415 5493/783/1420 5492/784/1421
f 3677/785/1333 5485/777/1414 4153/786/1334
f 4158/787/1422 5486/781/1418 5485/777/1414
f 4156/788/1423 5486/781/1418 4157/789/1424
f 3679/790/1425 5487/780/1417 4156/788/1423
f 4161/791/1426 5490/792/1427 5487/780/1417
f 5490/792/1427 4159/793/1428 5493/783/1420
f 5493/783/1420 3680/794/1429 4164/795/1430
f 5492/784/1421 4164/795/1430 4163/796/1548
f 5492/784/1421 4162/797/1432 5491/782/1419
f 5491/782/1419 3678/798/1337 4155/799/1336
f 5488/779/1416 4155/799/1336 4154/800/1335
f 4153/786/1334 5488/779/1416 4154/800/1335
f 5495/801/1515 5497/802/1434 5494/803/1435
f 5495/801/1515 5499/804/1436 5498/805/1437
f 5498/805/1437 5500/806/1438 5497/802/1434
f 5498/805/1437 5502/807/1439 5501/808/1440
f 3671/640/1283 5494/803/1435 4176/809/1441
f 4116/650/1293 5495/801/1515 5494/803/1435
f 4114/659/1564 5495/801/1515 4115/661/1304
f 3669/660/1303 5496/810/1442 4114/659/1564
f 5496/810/1442 4172/811/1443 5499/804/1436
f 5499/804/1436 4173/812/1444 5502/807/1439
f 5502/807/1439 3680/794/1429 4159/793/1428
f 5502/807/1439 4160/813/1445 5501/808/1440
f 5500/806/1438 4160/813/1445 4161/791/1426
f 5500/806/1438 3679/790/1425 4174/814/1446
f 5497/802/1434 4174/814/1446 4175/815/1447
f 5494/803/1435 4175/815/1447 4176/809/1441
f 5504/816/1448 5506/817/1580 5503/818/1581
f 5504/816/1448 5508/819/1451 5507/820/1582
f 5507/820/1582 5509/821/1453 5506/817/1580
f 5507/820/1582 5511/822/1454 5510/823/1519
f 3669/660/1303 5503/818/1581 4171/824/1456
f 4125/670/1313 5504/816/1448 5503/818/1581
f 4123/679/1482 5504/816/1448 4124/681/1320
f 3665/680/1470 5505/825/1457 4123/679/1482
f 5505/825/1457 4169/680/1568 5508/819/1451
f 5508/819/1451 4168/680/1338 5511/822/1454
f 5511/822/1454 3678/680/1337 4162/826/1432
f 5511/822/1454 4163/827/1548 5510/823/1519
f 5509/821/1453 4163/827/1548 4164/828/1430
f 5509/821/1453 3680/794/1429 4173/812/1444
f 5506/817/1580 4173/812/1444 4172/811/1443
f 5503/818/1581 4172/811/1443 4171/824/1456
f 5513/829/1458 5515/830/1459 5512/831/1583
f 5513/829/1458 5517/832/1552 5516/833/1553
f 5516/833/1553 5518/834/1522 5515/830/1459
f 5516/833/1553 5520/835/1464 5519/836/1465
f 3667/620/1263 5512/831/1583 4165/837/1466
f 4107/630/1560 5513/829/1458 5512/831/1583
f 4105/639/1282 5513/829/1458 4106/641/1284
f 3671/640/1283 5514/838/1555 4105/639/1282
f 5514/838/1555 4175/815/1447 5517/832/1552
f 5517/832/1552 4174/814/1446 5520/835/1464
f 5520/835/1464 3679/790/1425 4156/839/1423
f 5520/835/1464 4157/840/1424 5519/836/1465
f 5518/834/1522 4157/840/1424 4158/841/1422
f 5518/834/1522 3677/693/1333 4167/692/1332
f 5515/830/1459 4167/692/1332 4166/691/1331
f 5512/831/1583 4166/691/1331 4165/837/1466
f 5521/599/1242 5525/600/1243 5524/601/1556
f 5522/602/1523 5526/603/1246 5525/600/1243
f 5525/600/1243 5527/604/1584 5524/601/1556
f 5526/603/1246 5528/605/1585 5525/600/1243
f 4180/606/1249 4179/607/1250 3681/608/1586
f 4180/606/1249 5522/602/1523 5521/599/1242
f 4181/609/1252 5523/610/1253 5522/602/1523
f 4182/611/1254 4183/612/1255 5523/610/1253
f 5523/610/1253 4184/613/1256 5526/603/1246
f 4184/613/1256 5529/614/1587 5526/603/1246
f 4185/615/1258 4186/616/1259 5529/614/1587
f 5529/614/1587 4187/617/1260 5528/605/1585
f 5528/605/1585 4188/618/1261 5527/604/1584
f 4177/619/1262 4188/618/1261 3683/620/1263
f 4178/621/1471 5527/604/1584 4177/619/1262
f 5521/599/1242 4178/621/1471 4179/607/1250
f 5531/622/1265 5533/623/1525 5530/624/1267
f 5532/625/1268 5534/626/1269 5531/622/1265
f 5534/626/1269 5536/627/1526 5533/623/1525
f 5535/628/1271 5537/629/1272 5534/626/1269
f 4188/618/1261 4191/630/1560 3683/620/1263
f 4187/617/1260 5530/624/1267 4188/618/1261
f 4186/616/1259 5531/622/1265 4187/617/1260
f 3684/631/1588 5532/625/1268 4186/616/1259
f 4192/632/1275 5535/628/1271 5532/625/1268
f 4193/633/1276 5538/634/1589 5535/628/1271
f 4194/635/1278 4195/636/1563 5538/634/1589
f 5538/634/1589 4196/637/1280 5537/629/1272
f 5537/629/1272 4197/638/1281 5536/627/1526
f 4189/639/1282 4197/638/1281 3687/640/1283
f 5533/623/1525 4189/639/1282 4190/641/1284
f 5530/624/1267 4190/641/1284 4191/630/1560
f 5540/642/1285 5542/643/1590 5539/644/1287
f 5541/645/1288 5543/646/1289 5540/642/1285
f 5542/643/1590 5546/647/1290 5545/648/1291
f 5543/646/1289 5547/649/1292 5546/647/1290
f 4197/638/1281 4200/650/1293 3687/640/1283
f 4196/637/1280 5539/644/1287 4197/638/1281
f 4195/636/1563 5540/642/1285 4196/637/1280
f 3688/651/1294 5541/645/1288 4195/636/1563
f 4201/652/1295 5544/653/1296 5541/645/1288
f 5544/653/1296 4203/654/1476 5547/649/1292
f 5547/649/1292 3686/655/1298 4204/656/1299
f 5546/647/1290 4204/656/1299 4205/657/1300
f 5545/648/1291 4205/657/1300 4206/658/1301
f 4198/659/1564 4206/658/1301 3685/660/1303
f 4199/661/1304 5545/648/1291 4198/659/1564
f 5539/644/1287 4199/661/1304 4200/650/1293
f 5548/662/1305 5552/663/1306 5551/664/1479
f 5549/665/1308 5553/666/1565 5552/663/1306
f 5551/664/1479 5555/667/1310 5554/668/1480
f 5552/663/1306 5556/669/1312 5555/667/1310
f 4206/658/1301 4209/670/1313 3685/660/1303
f 4206/658/1301 5549/665/1308 5548/662/1305
f 4205/657/1300 5550/671/1314 5549/665/1308
f 4204/656/1299 4210/672/1528 5550/671/1314
f 5550/671/1314 4211/673/1591 5553/666/1565
f 5553/666/1565 4212/674/1481 5556/669/1312
f 5556/669/1312 3682/675/1318 4182/676/1254
f 5555/667/1310 4182/676/1254 4181/677/1252
f 5554/668/1480 4181/677/1252 4180/678/1249
f 4207/679/1482 4180/678/1249 3681/680/1586
f 4208/681/1320 5554/668/1480 4207/679/1482
f 4209/670/1313 5551/664/1479 4208/681/1320
f 5558/682/1321 5560/683/1322 5557/684/1323
f 5558/682/1321 5562/685/1324 5561/686/1592
f 5561/686/1592 5563/687/1485 5560/683/1322
f 5561/686/1592 5565/688/1327 5564/689/1328
f 3681/608/1586 5557/684/1323 4254/608/1329
f 4179/607/1250 5558/682/1321 5557/684/1323
f 4177/619/1262 5558/682/1321 4178/621/1471
f 3683/620/1263 5559/690/1531 4177/619/1262
f 5559/690/1531 4250/691/1331 5562/685/1324
f 5562/685/1324 4251/692/1332 5565/688/1327
f 5565/688/1327 3693/693/1333 4237/694/1334
f 5565/688/1327 4238/695/1335 5564/689/1328
f 5563/687/1485 4238/695/1335 4239/696/1336
f 5563/687/1485 3694/608/1337 4252/608/1593
f 5560/683/1322 4252/608/1593 4253/608/1568
f 5557/684/1323 4253/608/1568 4254/608/1329
f 5566/697/1340 5570/698/1341 5569/699/1342
f 5568/700/1343 5570/698/1341 5567/701/1344
f 5570/698/1341 5572/702/1345 5569/699/1342
f 5570/698/1341 5574/703/1346 5573/704/1347
f 3684/631/1588 5566/697/1340 4230/705/1594
f 4185/615/1258 5567/701/1344 5566/697/1340
f 4183/612/1255 5567/701/1344 4184/613/1256
f 3682/706/1318 5568/700/1343 4183/612/1255
f 4225/706/1349 5571/707/1595 5568/700/1343
f 5571/707/1595 4227/706/1351 5574/703/1346
f 5574/703/1346 3689/706/1534 4213/708/1353
f 5573/704/1347 4213/708/1353 4214/709/1354
f 5573/704/1347 4215/710/1355 5572/702/1345
f 5572/702/1345 3690/711/1356 4228/712/1357
f 5569/699/1342 4228/712/1357 4229/713/1358
f 4230/705/1594 5569/699/1342 4229/713/1358
f 5576/714/1359 5578/715/1596 5575/716/1361
f 5576/714/1359 5580/717/1362 5579/718/1494
f 5578/715/1596 5582/719/1536 5581/720/1597
f 5580/717/1362 5582/719/1536 5579/718/1494
f 4218/721/1366 4219/722/1367 3691/723/1368
f 4217/724/1369 5575/716/1361 4218/721/1366
f 4217/724/1369 5577/725/1496 5576/714/1359
f 4216/726/1497 4215/727/1355 5577/725/1496
f 5577/725/1496 4214/728/1354 5580/717/1362
f 4214/728/1354 5583/729/1372 5580/717/1362
f 4213/730/1353 4224/731/1373 5583/729/1372
f 5583/729/1372 4223/732/1598 5582/719/1536
f 5581/720/1597 4223/732/1598 4222/733/1375
f 4221/734/1599 4222/733/1375 3692/735/1600
f 4220/736/1575 5581/720/1597 4221/734/1599
f 5575/716/1361 4220/736/1575 4219/722/1367
f 5585/737/1379 5587/738/1380 5584/739/1381
f 5586/740/1382 5588/741/1383 5585/737/1379
f 5588/741/1383 5590/742/1384 5587/738/1380
f 5589/743/1540 5591/744/1386 5588/741/1383
f 4212/674/1481 4225/675/1349 3682/675/1318
f 4211/673/1591 5584/739/1381 4212/674/1481
f 4210/672/1528 5585/737/1379 4211/673/1591
f 3686/655/1298 5586/740/1382 4210/672/1528
f 4231/745/1502 5589/743/1540 5586/740/1382
f 4232/746/1388 5592/747/1601 5589/743/1540
f 5592/747/1601 3692/735/1600 4222/748/1375
f 5592/747/1601 4223/749/1598 5591/744/1386
f 5591/744/1386 4224/750/1373 5590/742/1384
f 5590/742/1384 3689/675/1534 4227/675/1351
f 5587/738/1380 4227/675/1351 4226/675/1390
f 5584/739/1381 4226/675/1390 4225/675/1349
f 5593/751/1391 5597/752/1503 5596/753/1504
f 5594/754/1394 5598/755/1395 5597/752/1503
f 5596/753/1504 5600/756/1602 5599/757/1603
f 5597/752/1503 5601/758/1398 5600/756/1602
f 3688/651/1294 5593/751/1391 4236/759/1399
f 4194/635/1278 5594/754/1394 5593/751/1391
f 4193/633/1276 5595/760/1400 5594/754/1394
f 4192/632/1275 4230/705/1594 5595/760/1400
f 5595/760/1400 4229/713/1358 5598/755/1395
f 5598/755/1395 4228/712/1357 5601/758/1398
f 5601/758/1398 3690/711/1356 4216/761/1497
f 5600/756/1602 4216/761/1497 4217/762/1369
f 5599/757/1603 4217/762/1369 4218/763/1366
f 5599/757/1603 3691/723/1368 4234/764/1604
f 4235/765/1402 5599/757/1603 4234/764/1604
f 4236/759/1399 5596/753/1504 4235/765/1402
f 5603/766/1403 5605/767/1404 5602/768/1405
f 5603/766/1403 5607/769/1406 5606/770/1407
f 5606/770/1407 5608/771/1408 5605/767/1404
f 5606/770/1407 5610/772/1543 5609/773/1506
f 4203/654/1476 4231/745/1502 3686/655/1298
f 4202/774/1411 5602/768/1405 4203/654/1476
f 4202/774/1411 5604/775/1507 5603/766/1403
f 4201/652/1295 4236/759/1399 5604/775/1507
f 5604/775/1507 4235/765/1402 5607/769/1406
f 5607/769/1406 4234/764/1604 5610/772/1543
f 5610/772/1543 3691/723/1368 4219/722/1367
f 5609/773/1506 4219/722/1367 4220/736/1575
f 5609/773/1506 4221/734/1599 5608/771/1408
f 5608/771/1408 3692/735/1600 4233/776/1413
f 5605/767/1404 4233/776/1413 4232/746/1388
f 5602/768/1405 4232/746/1388 4231/745/1502
f 5611/777/1414 5615/778/1415 5614/779/1416
f 5613/780/1417 5615/778/1415 5612/781/1418
f 5615/778/1415 5617/782/1419 5614/779/1416
f 5615/778/1415 5619/783/1508 5618/784/1421
f 3693/785/1333 5611/777/1414 4237/786/1334
f 4242/787/1509 5612/781/1418 5611/777/1414
f 4240/788/1423 5612/781/1418 4241/789/1424
f 3695/790/1510 5613/780/1417 4240/788/1423
f 4245/791/1426 5616/792/1511 5613/780/1417
f 5616/792/1511 4243/793/1428 5619/783/1508
f 5619/783/1508 3696/794/1429 4248/795/1430
f 5618/784/1421 4248/795/1430 4247/796/1548
f 5618/784/1421 4246/797/1605 5617/782/1419
f 5617/782/1419 3694/798/1337 4239/799/1336
f 5614/779/1416 4239/799/1336 4238/800/1335
f 4237/786/1334 5614/779/1416 4238/800/1335
f 5621/801/1515 5623/802/1434 5620/803/1606
f 5621/801/1515 5625/804/1516 5624/805/1607
f 5624/805/1607 5626/806/1608 5623/802/1434
f 5624/805/1607 5628/807/1439 5627/808/1440
f 3687/640/1283 5620/803/1606 4260/809/1441
f 4200/650/1293 5621/801/1515 5620/803/1606
f 4198/659/1564 5621/801/1515 4199/661/1304
f 3685/660/1303 5622/810/1442 4198/659/1564
f 5622/810/1442 4256/811/1443 5625/804/1516
f 5625/804/1516 4257/812/1444 5628/807/1439
f 5628/807/1439 3696/794/1429 4243/793/1428
f 5628/807/1439 4244/813/1445 5627/808/1440
f 5626/806/1608 4244/813/1445 4245/791/1426
f 5626/806/1608 3695/790/1510 4258/814/1609
f 5623/802/1434 4258/814/1609 4259/815/1447
f 5620/803/1606 4259/815/1447 4260/809/1441
f 5630/816/1448 5632/817/1449 5629/818/1450
f 5630/816/1448 5634/819/1518 5633/820/1452
f 5633/820/1452 5635/821/1453 5632/817/1449
f 5633/820/1452 5637/822/1550 5636/823/1455
f 3685/660/1303 5629/818/1450 4255/824/1456
f 4209/670/1313 5630/816/1448 5629/818/1450
f 4207/679/1482 5630/816/1448 4208/681/1320
f 3681/680/1586 5631/825/1457 4207/679/1482
f 5631/825/1457 4253/680/1568 5634/819/1518
f 5634/819/1518 4252/680/1593 5637/822/1550
f 5637/822/1550 3694/680/1337 4246/826/1605
f 5637/822/1550 4247/827/1548 5636/823/1455
f 5635/821/1453 4247/827/1548 4248/828/1430
f 5635/821/1453 3696/794/1429 4257/812/1444
f 5632/817/1449 4257/812/1444 4256/811/1443
f 5629/818/1450 4256/811/1443 4255/824/1456
f 5639/829/1458 5641/830/1551 5638/831/1583
f 5639/829/1458 5643/832/1552 5642/833/1553
f 5642/833/1553 5644/834/1522 5641/830/1551
f 5642/833/1553 5646/835/1610 5645/836/1465
f 3683/620/1263 5638/831/1583 4249/837/1466
f 4191/630/1560 5639/829/1458 5638/831/1583
f 4189/639/1282 5639/829/1458 4190/641/1284
f 3687/640/1283 5640/838/1467 4189/639/1282
f 5640/838/1467 4259/815/1447 5643/832/1552
f 5643/832/1552 4258/814/1609 5646/835/1610
f 5646/835/1610 3695/790/1510 4240/839/1423
f 5646/835/1610 4241/840/1424 5645/836/1465
f 5644/834/1522 4241/840/1424 4242/841/1509
f 5644/834/1522 3693/693/1333 4251/692/1332
f 5641/830/1551 4251/692/1332 4250/691/1331
f 5638/831/1583 4250/691/1331 4249/837/1466
f 5647/599/1242 5651/600/1243 5650/601/1611
f 5648/602/1523 5652/603/1246 5651/600/1243
f 5651/600/1243 5653/604/1468 5650/601/1611
f 5652/603/1246 5654/605/1585 5651/600/1243
f 4264/606/1249 4263/607/1469 3697/608/1251
f 4264/606/1249 5648/602/1523 5647/599/1242
f 4265/609/1252 5649/610/1253 5648/602/1523
f 4266/611/1524 4267/612/1255 5649/610/1253
f 5649/610/1253 4268/613/1256 5652/603/1246
f 4268/613/1256 5655/614/1257 5652/603/1246
f 4269/615/1258 4270/616/1259 5655/614/1257
f 5655/614/1257 4271/617/1260 5654/605/1585
f 5654/605/1585 4272/618/1261 5653/604/1468
f 4261/619/1262 4272/618/1261 3699/620/1263
f 4262/621/1471 5653/604/1468 4261/619/1262
f 5647/599/1242 4262/621/1471 4263/607/1469
f 5657/622/1265 5659/623/1525 5656/624/1267
f 5658/625/1268 5660/626/1612 5657/622/1265
f 5660/626/1612 5662/627/1526 5659/623/1525
f 5661/628/1271 5663/629/1272 5660/626/1612
f 4272/618/1261 4275/630/1560 3699/620/1263
f 4271/617/1260 5656/624/1267 4272/618/1261
f 4270/616/1259 5657/622/1265 4271/617/1260
f 3700/631/1588 5658/625/1268 4270/616/1259
f 4276/632/1275 5661/628/1271 5658/625/1268
f 4277/633/1276 5664/634/1277 5661/628/1271
f 4278/635/1278 4279/636/1563 5664/634/1277
f 5664/634/1277 4280/637/1280 5663/629/1272
f 5663/629/1272 4281/638/1281 5662/627/1526
f 4273/639/1282 4281/638/1281 3703/640/1283
f 5659/623/1525 4273/639/1282 4274/641/1284
f 5656/624/1267 4274/641/1284 4275/630/1560
f 5666/642/1285 5668/643/1286 5665/644/1287
f 5667/645/1613 5669/646/1289 5666/642/1285
f 5668/643/1286 5672/647/1290 5671/648/1614
f 5669/646/1289 5673/649/1292 5672/647/1290
f 4281/638/1281 4284/650/1293 3703/640/1283
f 4280/637/1280 5665/644/1287 4281/638/1281
f 4279/636/1563 5666/642/1285 4280/637/1280
f 3704/651/1294 5667/645/1613 4279/636/1563
f 4285/652/1295 5670/653/1615 5667/645/1613
f 5670/653/1615 4287/654/1476 5673/649/1292
f 5673/649/1292 3702/655/1298 4288/656/1299
f 5672/647/1290 4288/656/1299 4289/657/1300
f 5671/648/1614 4289/657/1300 4290/658/1301
f 4282/659/1478 4290/658/1301 3701/660/1303
f 4283/661/1616 5671/648/1614 4282/659/1478
f 5665/644/1287 4283/661/1616 4284/650/1293
f 5674/662/1305 5678/663/1306 5677/664/1479
f 5675/665/1308 5679/666/1565 5678/663/1306
f 5677/664/1479 5681/667/1310 5680/668/1480
f 5678/663/1306 5682/669/1312 5681/667/1310
f 4290/658/1301 4293/670/1313 3701/660/1303
f 4290/658/1301 5675/665/1308 5674/662/1305
f 4289/657/1300 5676/671/1314 5675/665/1308
f 4288/656/1299 4294/672/1528 5676/671/1314
f 5676/671/1314 4295/673/1617 5679/666/1565
f 5679/666/1565 4296/674/1481 5682/669/1312
f 5682/669/1312 3698/675/1318 4266/676/1524
f 5681/667/1310 4266/676/1524 4265/677/1252
f 5680/668/1480 4265/677/1252 4264/678/1249
f 4291/679/1482 4264/678/1249 3697/680/1251
f 4292/681/1320 5680/668/1480 4291/679/1482
f 4293/670/1313 5677/664/1479 4292/681/1320
f 5684/682/1566 5686/683/1322 5683/684/1323
f 5684/682/1566 5688/685/1618 5687/686/1592
f 5687/686/1592 5689/687/1485 5686/683/1322
f 5687/686/1592 5691/688/1619 5690/689/1328
f 3697/608/1251 5683/684/1323 4338/608/1329
f 4263/607/1469 5684/682/1566 5683/684/1323
f 4261/619/1262 5684/682/1566 4262/621/1471
f 3699/620/1263 5685/690/1531 4261/619/1262
f 5685/690/1531 4334/691/1331 5688/685/1618
f 5688/685/1618 4335/692/1332 5691/688/1619
f 5691/688/1619 3709/693/1333 4321/694/1334
f 5691/688/1619 4322/695/1335 5690/689/1328
f 5689/687/1485 4322/695/1335 4323/696/1336
f 5689/687/1485 3710/608/1337 4336/608/1338
f 5686/683/1322 4336/608/1338 4337/608/1339
f 5683/684/1323 4337/608/1339 4338/608/1329
f 5692/697/1340 5696/698/1341 5695/699/1489
f 5694/700/1343 5696/698/1341 5693/701/1344
f 5696/698/1341 5698/702/1345 5695/699/1489
f 5696/698/1341 5700/703/1346 5699/704/1347
f 3700/631/1588 5692/697/1340 4314/705/1348
f 4269/615/1258 5693/701/1344 5692/697/1340
f 4267/612/1255 5693/701/1344 4268/613/1256
f 3698/706/1318 5694/700/1343 4267/612/1255
f 4309/706/1349 5697/707/1350 5694/700/1343
f 5697/707/1350 4311/706/1351 5700/703/1346
f 5700/703/1346 3705/706/1352 4297/708/1353
f 5699/704/1347 4297/708/1353 4298/709/1354
f 5699/704/1347 4299/710/1355 5698/702/1345
f 5698/702/1345 3706/711/1356 4312/712/1357
f 5695/699/1489 4312/712/1357 4313/713/1570
f 4314/705/1348 5695/699/1489 4313/713/1570
f 5702/714/1620 5704/715/1360 5701/716/1361
f 5702/714/1620 5706/717/1362 5705/718/1621
f 5704/715/1360 5708/719/1622 5707/720/1623
f 5706/717/1362 5708/719/1622 5705/718/1621
f 4302/721/1366 4303/722/1367 3707/723/1368
f 4301/724/1369 5701/716/1361 4302/721/1366
f 4301/724/1369 5703/725/1370 5702/714/1620
f 4300/726/1371 4299/727/1355 5703/725/1370
f 5703/725/1370 4298/728/1354 5706/717/1362
f 4298/728/1354 5709/729/1372 5706/717/1362
f 4297/730/1353 4308/731/1373 5709/729/1372
f 5709/729/1372 4307/732/1374 5708/719/1622
f 5707/720/1623 4307/732/1374 4306/733/1375
f 4305/734/1624 4306/733/1375 3708/735/1600
f 4304/736/1575 5707/720/1623 4305/734/1624
f 5701/716/1361 4304/736/1575 4303/722/1367
f 5711/737/1379 5713/738/1380 5710/739/1381
f 5712/740/1382 5714/741/1383 5711/737/1379
f 5714/741/1383 5716/742/1384 5713/738/1380
f 5715/743/1540 5717/744/1386 5714/741/1383
f 4296/674/1481 4309/675/1349 3698/675/1318
f 4295/673/1617 5710/739/1381 4296/674/1481
f 4294/672/1528 5711/737/1379 4295/673/1617
f 3702/655/1298 5712/740/1382 4294/672/1528
f 4315/745/1541 5715/743/1540 5712/740/1382
f 4316/746/1388 5718/747/1577 5715/743/1540
f 5718/747/1577 3708/735/1600 4306/748/1375
f 5718/747/1577 4307/749/1374 5717/744/1386
f 5717/744/1386 4308/750/1373 5716/742/1384
f 5716/742/1384 3705/675/1352 4311/675/1351
f 5713/738/1380 4311/675/1351 4310/675/1390
f 5710/739/1381 4310/675/1390 4309/675/1349
f 5719/751/1391 5723/752/1503 5722/753/1625
f 5720/754/1394 5724/755/1395 5723/752/1503
f 5722/753/1625 5726/756/1396 5725/757/1397
f 5723/752/1503 5727/758/1398 5726/756/1396
f 3704/651/1294 5719/751/1391 4320/759/1399
f 4278/635/1278 5720/754/1394 5719/751/1391
f 4277/633/1276 5721/760/1400 5720/754/1394
f 4276/632/1275 4314/705/1348 5721/760/1400
f 5721/760/1400 4313/713/1570 5724/755/1395
f 5724/755/1395 4312/712/1357 5727/758/1398
f 5727/758/1398 3706/711/1356 4300/761/1371
f 5726/756/1396 4300/761/1371 4301/762/1369
f 5725/757/1397 4301/762/1369 4302/763/1366
f 5725/757/1397 3707/723/1368 4318/764/1626
f 4319/765/1402 5725/757/1397 4318/764/1626
f 4320/759/1399 5722/753/1625 4319/765/1402
f 5729/766/1403 5731/767/1404 5728/768/1405
f 5729/766/1403 5733/769/1406 5732/770/1407
f 5732/770/1407 5734/771/1408 5731/767/1404
f 5732/770/1407 5736/772/1409 5735/773/1506
f 4287/654/1476 4315/745/1541 3702/655/1298
f 4286/774/1411 5728/768/1405 4287/654/1476
f 4286/774/1411 5730/775/1507 5729/766/1403
f 4285/652/1295 4320/759/1399 5730/775/1507
f 5730/775/1507 4319/765/1402 5733/769/1406
f 5733/769/1406 4318/764/1626 5736/772/1409
f 5736/772/1409 3707/723/1368 4303/722/1367
f 5735/773/1506 4303/722/1367 4304/736/1575
f 5735/773/1506 4305/734/1624 5734/771/1408
f 5734/771/1408 3708/735/1600 4317/776/1413
f 5731/767/1404 4317/776/1413 4316/746/1388
f 5728/768/1405 4316/746/1388 4315/745/1541
f 5737/777/1414 5741/778/1415 5740/779/1416
f 5739/780/1417 5741/778/1415 5738/781/1418
f 5741/778/1415 5743/782/1419 5740/779/1416
f 5741/778/1415 5745/783/1508 5744/784/1421
f 3709/785/1333 5737/777/1414 4321/786/1334
f 4326/787/1422 5738/781/1418 5737/777/1414
f 4324/788/1423 5738/781/1418 4325/789/1424
f 3711/790/1425 5739/780/1417 4324/788/1423
f 4329/791/1426 5742/792/1511 5739/780/1417
f 5742/792/1511 4327/793/1428 5745/783/1508
f 5745/783/1508 3712/794/1547 4332/795/1430
f 5744/784/1421 4332/795/1430 4331/796/1431
f 5744/784/1421 4330/797/1514 5743/782/1419
f 5743/782/1419 3710/798/1337 4323/799/1336
f 5740/779/1416 4323/799/1336 4322/800/1335
f 4321/786/1334 5740/779/1416 4322/800/1335
f 5747/801/1515 5749/802/1434 5746/803/1627
f 5747/801/1515 5751/804/1436 5750/805/1607
f 5750/805/1607 5752/806/1438 5749/802/1434
f 5750/805/1607 5754/807/1439 5753/808/1628
f 3703/640/1283 5746/803/1627 4344/809/1441
f 4284/650/1293 5747/801/1515 5746/803/1627
f 4282/659/1478 5747/801/1515 4283/661/1616
f 3701/660/1303 5748/810/1442 4282/659/1478
f 5748/810/1442 4340/811/1443 5751/804/1436
f 5751/804/1436 4341/812/1549 5754/807/1439
f 5754/807/1439 3712/794/1547 4327/793/1428
f 5754/807/1439 4328/813/1445 5753/808/1628
f 5752/806/1438 4328/813/1445 4329/791/1426
f 5752/806/1438 3711/790/1425 4342/814/1609
f 5749/802/1434 4342/814/1609 4343/815/1447
f 5746/803/1627 4343/815/1447 4344/809/1441
f 5756/816/1448 5758/817/1449 5755/818/1450
f 5756/816/1448 5760/819/1451 5759/820/1452
f 5759/820/1452 5761/821/1453 5758/817/1449
f 5759/820/1452 5763/822/1454 5762/823/1455
f 3701/660/1303 5755/818/1450 4339/824/1456
f 4293/670/1313 5756/816/1448 5755/818/1450
f 4291/679/1482 5756/816/1448 4292/681/1320
f 3697/680/1251 5757/825/1457 4291/679/1482
f 5757/825/1457 4337/680/1339 5760/819/1451
f 5760/819/1451 4336/680/1338 5763/822/1454
f 5763/822/1454 3710/680/1337 4330/826/1514
f 5763/822/1454 4331/827/1431 5762/823/1455
f 5761/821/1453 4331/827/1431 4332/828/1430
f 5761/821/1453 3712/794/1547 4341/812/1549
f 5758/817/1449 4341/812/1549 4340/811/1443
f 5755/818/1450 4340/811/1443 4339/824/1456
f 5765/829/1458 5767/830/1551 5764/831/1460
f 5765/829/1458 5769/832/1629 5768/833/1462
f 5768/833/1462 5770/834/1522 5767/830/1551
f 5768/833/1462 5772/835/1464 5771/836/1465
f 3699/620/1263 5764/831/1460 4333/837/1466
f 4275/630/1560 5765/829/1458 5764/831/1460
f 4273/639/1282 5765/829/1458 4274/641/1284
f 3703/640/1283 5766/838/1467 4273/639/1282
f 5766/838/1467 4343/815/1447 5769/832/1629
f 5769/832/1629 4342/814/1609 5772/835/1464
f 5772/835/1464 3711/790/1425 4324/839/1423
f 5772/835/1464 4325/840/1424 5771/836/1465
f 5770/834/1522 4325/840/1424 4326/841/1422
f 5770/834/1522 3709/693/1333 4335/692/1332
f 5767/830/1551 4335/692/1332 4334/691/1331
f 5764/831/1460 4334/691/1331 4333/837/1466
f 5773/599/1242 5777/600/1243 5776/601/1244
f 5774/602/1523 5778/603/1246 5777/600/1243
f 5777/600/1243 5779/604/1468 5776/601/1244
f 5778/603/1246 5780/605/1248 5777/600/1243
f 4348/606/1249 4347/607/1250 3713/608/1251
f 4348/606/1249 5774/602/1523 5773/599/1242
f 4349/609/1252 5775/610/1253 5774/602/1523
f 4350/611/1254 4351/612/1255 5775/610/1253
f 5775/610/1253 4352/613/1256 5778/603/1246
f 4352/613/1256 5781/614/1257 5778/603/1246
f 4353/615/1258 4354/616/1259 5781/614/1257
f 5781/614/1257 4355/617/1260 5780/605/1248
f 5780/605/1248 4356/618/1261 5779/604/1468
f 4345/619/1262 4356/618/1261 3715/620/1263
f 4346/621/1264 5779/604/1468 4345/619/1262
f 5773/599/1242 4346/621/1264 4347/607/1250
f 5783/622/1265 5785/623/1525 5782/624/1267
f 5784/625/1268 5786/626/1612 5783/622/1265
f 5786/626/1612 5788/627/1526 5785/623/1525
f 5787/628/1271 5789/629/1272 5786/626/1612
f 4356/618/1261 4359/630/1273 3715/620/1263
f 4355/617/1260 5782/624/1267 4356/618/1261
f 4354/616/1259 5783/622/1265 4355/617/1260
f 3716/631/1274 5784/625/1268 4354/616/1259
f 4360/632/1275 5787/628/1271 5784/625/1268
f 4361/633/1276 5790/634/1277 5787/628/1271
f 4362/635/1278 4363/636/1279 5790/634/1277
f 5790/634/1277 4364/637/1280 5789/629/1272
f 5789/629/1272 4365/638/1281 5788/627/1526
f 4357/639/1630 4365/638/1281 3719/640/1283
f 5785/623/1525 4357/639/1630 4358/641/1284
f 5782/624/1267 4358/641/1284 4359/630/1273
f 5792/642/1285 5794/643/1286 5791/644/1287
f 5793/645/1288 5795/646/1289 5792/642/1285
f 5794/643/1286 5798/647/1290 5797/648/1291
f 5795/646/1289 5799/649/1292 5798/647/1290
f 4365/638/1281 4368/650/1293 3719/640/1283
f 4364/637/1280 5791/644/1287 4365/638/1281
f 4363/636/1279 5792/642/1285 4364/637/1280
f 3720/651/1294 5793/645/1288 4363/636/1279
f 4369/652/1295 5796/653/1615 5793/645/1288
f 5796/653/1615 4371/654/1476 5799/649/1292
f 5799/649/1292 3718/655/1298 4372/656/1299
f 5798/647/1290 4372/656/1299 4373/657/1300
f 5797/648/1291 4373/657/1300 4374/658/1301
f 4366/659/1478 4374/658/1301 3717/660/1303
f 4367/661/1304 5797/648/1291 4366/659/1478
f 5791/644/1287 4367/661/1304 4368/650/1293
f 5800/662/1305 5804/663/1306 5803/664/1479
f 5801/665/1308 5805/666/1309 5804/663/1306
f 5803/664/1479 5807/667/1310 5806/668/1311
f 5804/663/1306 5808/669/1312 5807/667/1310
f 4374/658/1301 4377/670/1313 3717/660/1303
f 4374/658/1301 5801/665/1308 5800/662/1305
f 4373/657/1300 5802/671/1314 5801/665/1308
f 4372/656/1299 4378/672/1528 5802/671/1314
f 5802/671/1314 4379/673/1316 5805/666/1309
f 5805/666/1309 4380/674/1317 5808/669/1312
f 5808/669/1312 3714/675/1318 4350/676/1254
f 5807/667/1310 4350/676/1254 4349/677/1252
f 5806/668/1311 4349/677/1252 4348/678/1249
f 4375/679/1482 4348/678/1249 3713/680/1251
f 4376/681/1320 5806/668/1311 4375/679/1482
f 4377/670/1313 5803/664/1479 4376/681/1320
f 5810/682/1631 5812/683/1322 5809/684/1632
f 5810/682/1631 5814/685/1324 5813/686/1592
f 5813/686/1592 5815/687/1485 5812/683/1322
f 5813/686/1592 5817/688/1327 5816/689/1328
f 3713/608/1251 5809/684/1632 4422/608/1329
f 4347/607/1250 5810/682/1631 5809/684/1632
f 4345/619/1262 5810/682/1631 4346/621/1264
f 3715/620/1263 5811/690/1531 4345/619/1262
f 5811/690/1531 4418/691/1331 5814/685/1324
f 5814/685/1324 4419/692/1332 5817/688/1327
f 5817/688/1327 3725/693/1333 4405/694/1334
f 5817/688/1327 4406/695/1335 5816/689/1328
f 5815/687/1485 4406/695/1335 4407/696/1336
f 5815/687/1485 3726/608/1337 4420/608/1338
f 5812/683/1322 4420/608/1338 4421/608/1339
f 5809/684/1632 4421/608/1339 4422/608/1329
f 5818/697/1488 5822/698/1341 5821/699/1489
f 5820/700/1343 5822/698/1341 5819/701/1344
f 5822/698/1341 5824/702/1345 5821/699/1489
f 5822/698/1341 5826/703/1346 5825/704/1633
f 3716/631/1274 5818/697/1488 4398/705/1348
f 4353/615/1258 5819/701/1344 5818/697/1488
f 4351/612/1255 5819/701/1344 4352/613/1256
f 3714/706/1318 5820/700/1343 4351/612/1255
f 4393/706/1349 5823/707/1350 5820/700/1343
f 5823/707/1350 4395/706/1351 5826/703/1346
f 5826/703/1346 3721/706/1534 4381/708/1492
f 5825/704/1633 4381/708/1492 4382/709/1354
f 5825/704/1633 4383/710/1355 5824/702/1345
f 5824/702/1345 3722/711/1356 4396/712/1357
f 5821/699/1489 4396/712/1357 4397/713/1570
f 4398/705/1348 5821/699/1489 4397/713/1570
f 5828/714/1634 5830/715/1493 5827/716/1571
f 5828/714/1634 5832/717/1362 5831/718/1535
f 5830/715/1493 5834/719/1364 5833/720/1537
f 5832/717/1362 5834/719/1364 5831/718/1535
f 4386/721/1366 4387/722/1367 3723/723/1368
f 4385/724/1369 5827/716/1571 4386/721/1366
f 4385/724/1369 5829/725/1370 5828/714/1634
f 4384/726/1497 4383/727/1355 5829/725/1370
f 5829/725/1370 4382/728/1354 5832/717/1362
f 4382/728/1354 5835/729/1372 5832/717/1362
f 4381/730/1492 4392/731/1373 5835/729/1372
f 5835/729/1372 4391/732/1374 5834/719/1364
f 5833/720/1537 4391/732/1374 4390/733/1498
f 4389/734/1376 4390/733/1498 3724/735/1377
f 4388/736/1575 5833/720/1537 4389/734/1376
f 5827/716/1571 4388/736/1575 4387/722/1367
f 5837/737/1635 5839/738/1380 5836/739/1500
f 5838/740/1382 5840/741/1383 5837/737/1635
f 5840/741/1383 5842/742/1384 5839/738/1380
f 5841/743/1540 5843/744/1386 5840/741/1383
f 4380/674/1317 4393/675/1349 3714/675/1318
f 4379/673/1316 5836/739/1500 4380/674/1317
f 4378/672/1528 5837/737/1635 4379/673/1316
f 3718/655/1298 5838/740/1382 4378/672/1528
f 4399/745/1387 5841/743/1540 5838/740/1382
f 4400/746/1388 5844/747/1577 5841/743/1540
f 5844/747/1577 3724/735/1377 4390/748/1498
f 5844/747/1577 4391/749/1374 5843/744/1386
f 5843/744/1386 4392/750/1373 5842/742/1384
f 5842/742/1384 3721/675/1534 4395/675/1351
f 5839/738/1380 4395/675/1351 4394/675/1390
f 5836/739/1500 4394/675/1390 4393/675/1349
f 5845/751/1391 5849/752/1392 5848/753/1625
f 5846/754/1394 5850/755/1395 5849/752/1392
f 5848/753/1625 5852/756/1396 5851/757/1397
f 5849/752/1392 5853/758/1398 5852/756/1396
f 3720/651/1294 5845/751/1391 4404/759/1399
f 4362/635/1278 5846/754/1394 5845/751/1391
f 4361/633/1276 5847/760/1400 5846/754/1394
f 4360/632/1275 4398/705/1348 5847/760/1400
f 5847/760/1400 4397/713/1570 5850/755/1395
f 5850/755/1395 4396/712/1357 5853/758/1398
f 5853/758/1398 3722/711/1356 4384/761/1497
f 5852/756/1396 4384/761/1497 4385/762/1369
f 5851/757/1397 4385/762/1369 4386/763/1366
f 5851/757/1397 3723/723/1368 4402/764/1626
f 4403/765/1402 5851/757/1397 4402/764/1626
f 4404/759/1399 5848/753/1625 4403/765/1402
f 5855/766/1403 5857/767/1404 5854/768/1405
f 5855/766/1403 5859/769/1406 5858/770/1407
f 5858/770/1407 5860/771/1408 5857/767/1404
f 5858/770/1407 5862/772/1409 5861/773/1506
f 4371/654/1476 4399/745/1387 3718/655/1298
f 4370/774/1411 5854/768/1405 4371/654/1476
f 4370/774/1411 5856/775/1507 5855/766/1403
f 4369/652/1295 4404/759/1399 5856/775/1507
f 5856/775/1507 4403/765/1402 5859/769/1406
f 5859/769/1406 4402/764/1626 5862/772/1409
f 5862/772/1409 3723/723/1368 4387/722/1367
f 5861/773/1506 4387/722/1367 4388/736/1575
f 5861/773/1506 4389/734/1376 5860/771/1408
f 5860/771/1408 3724/735/1377 4401/776/1413
f 5857/767/1404 4401/776/1413 4400/746/1388
f 5854/768/1405 4400/746/1388 4399/745/1387
f 5863/777/1414 5867/778/1415 5866/779/1416
f 5865/780/1417 5867/778/1415 5864/781/1418
f 5867/778/1415 5869/782/1419 5866/779/1416
f 5867/778/1415 5871/783/1508 5870/784/1421
f 3725/785/1333 5863/777/1414 4405/786/1334
f 4410/787/1422 5864/781/1418 5863/777/1414
f 4408/788/1423 5864/781/1418 4409/789/1424
f 3727/790/1425 5865/780/1417 4408/788/1423
f 4413/791/1426 5868/792/1427 5865/780/1417
f 5868/792/1427 4411/793/1428 5871/783/1508
f 5871/783/1508 3728/794/1429 4416/795/1430
f 5870/784/1421 4416/795/1430 4415/796/1548
f 5870/784/1421 4414/797/1432 5869/782/1419
f 5869/782/1419 3726/798/1337 4407/799/1336
f 5866/779/1416 4407/799/1336 4406/800/1335
f 4405/786/1334 5866/779/1416 4406/800/1335
f 5873/801/1515 5875/802/1434 5872/803/1435
f 5873/801/1515 5877/804/1436 5876/805/1437
f 5876/805/1437 5878/806/1636 5875/802/1434
f 5876/805/1437 5880/807/1439 5879/808/1440
f 3719/640/1283 5872/803/1435 4428/809/1637
f 4368/650/1293 5873/801/1515 5872/803/1435
f 4366/659/1478 5873/801/1515 4367/661/1304
f 3717/660/1303 5874/810/1638 4366/659/1478
f 5874/810/1638 4424/811/1443 5877/804/1436
f 5877/804/1436 4425/812/1444 5880/807/1439
f 5880/807/1439 3728/794/1429 4411/793/1428
f 5880/807/1439 4412/813/1445 5879/808/1440
f 5878/806/1636 4412/813/1445 4413/791/1426
f 5878/806/1636 3727/790/1425 4426/814/1609
f 5875/802/1434 4426/814/1609 4427/815/1447
f 5872/803/1435 4427/815/1447 4428/809/1637
f 5882/816/1448 5884/817/1449 5881/818/1450
f 5882/816/1448 5886/819/1451 5885/820/1582
f 5885/820/1582 5887/821/1453 5884/817/1449
f 5885/820/1582 5889/822/1454 5888/823/1519
f 3717/660/1303 5881/818/1450 4423/824/1456
f 4377/670/1313 5882/816/1448 5881/818/1450
f 4375/679/1482 5882/816/1448 4376/681/1320
f 3713/680/1251 5883/825/1457 4375/679/1482
f 5883/825/1457 4421/680/1339 5886/819/1451
f 5886/819/1451 4420/680/1338 5889/822/1454
f 5889/822/1454 3726/680/1337 4414/826/1432
f 5889/822/1454 4415/827/1548 5888/823/1519
f 5887/821/1453 4415/827/1548 4416/828/1430
f 5887/821/1453 3728/794/1429 4425/812/1444
f 5884/817/1449 4425/812/1444 4424/811/1443
f 5881/818/1450 4424/811/1443 4423/824/1456
f 5891/829/1458 5893/830/1459 5890/831/1460
f 5891/829/1458 5895/832/1552 5894/833/1553
f 5894/833/1553 5896/834/1639 5893/830/1459
f 5894/833/1553 5898/835/1464 5897/836/1640
f 3715/620/1263 5890/831/1460 4417/837/1466
f 4359/630/1273 5891/829/1458 5890/831/1460
f 4357/639/1630 5891/829/1458 4358/641/1284
f 3719/640/1283 5892/838/1467 4357/639/1630
f 5892/838/1467 4427/815/1447 5895/832/1552
f 5895/832/1552 4426/814/1609 5898/835/1464
f 5898/835/1464 3727/790/1425 4408/839/1423
f 5898/835/1464 4409/840/1424 5897/836/1640
f 5896/834/1639 4409/840/1424 4410/841/1422
f 5896/834/1639 3725/693/1333 4419/692/1332
f 5893/830/1459 4419/692/1332 4418/691/1331
f 5890/831/1460 4418/691/1331 4417/837/1466
f 5899/842/1641 5903/600/1642 5902/602/1643
f 5901/843/1644 5903/600/1642 5900/844/1645
f 5902/602/1643 5906/845/1646 5905/846/1647
f 5904/605/1648 5906/845/1646 5903/600/1642
f 4431/696/1649 4432/606/1650 3729/608/1651
f 4430/695/1652 5899/842/1641 4431/696/1649
f 4430/695/1652 5901/843/1644 5900/844/1645
f 4429/694/1653 4440/847/1654 5901/843/1644
f 4440/847/1654 5904/605/1648 5901/843/1644
f 4439/617/1655 5907/848/1656 5904/605/1648
f 4438/849/1657 4437/710/1658 5907/848/1656
f 5907/848/1656 4436/709/1659 5906/845/1646
f 5905/846/1647 4436/709/1659 4435/708/1660
f 4434/611/1661 4435/708/1660 3730/706/1662
f 4433/609/1663 5905/846/1647 4434/611/1661
f 4432/606/1650 5902/602/1643 4433/609/1663
f 5909/850/1664 5911/622/1665 5908/851/1666
f 5910/852/1667 5912/626/1668 5909/850/1664
f 5912/626/1668 5914/853/1669 5911/622/1665
f 5913/629/1670 5915/854/1671 5912/626/1668
f 4443/841/1672 4440/847/1654 3731/693/1673
f 4442/840/1674 5908/851/1666 4443/841/1672
f 4441/839/1675 5909/850/1664 4442/840/1674
f 4441/839/1675 4449/855/1676 5910/852/1667
f 4449/855/1676 5913/629/1670 5910/852/1667
f 4448/637/1677 5916/856/1678 5913/629/1670
f 4447/857/1679 4446/763/1680 5916/856/1678
f 5916/856/1678 4445/762/1681 5915/854/1671
f 5915/854/1671 4444/761/1682 5914/853/1669
f 5914/853/1669 3732/711/1683 4438/849/1657
f 5911/622/1665 4438/849/1657 4439/617/1655
f 5908/851/1666 4439/617/1655 4440/847/1654
f 5918/858/1684 5920/642/1685 5917/859/1686
f 5918/858/1684 5922/647/1687 5921/646/1688
f 5921/646/1688 5923/860/1689 5920/642/1685
f 5921/646/1688 5925/861/1690 5924/862/1691
f 4452/863/1692 4449/855/1676 3735/790/1693
f 4451/864/1694 5917/859/1686 4452/863/1692
f 4451/864/1694 5919/865/1695 5918/858/1684
f 4450/866/1696 4458/867/1697 5919/865/1695
f 5919/865/1695 4457/657/1698 5922/647/1687
f 5922/647/1687 4456/868/1699 5925/861/1690
f 5925/861/1690 3734/735/1700 4455/869/1701
f 5924/862/1691 4455/869/1701 4454/870/1702
f 5924/862/1691 4453/871/1703 5923/860/1689
f 5923/860/1689 3736/723/1704 4447/857/1679
f 5920/642/1685 4447/857/1679 4448/637/1677
f 5917/859/1686 4448/637/1677 4449/855/1676
f 5926/872/1705 5930/663/1706 5929/665/1707
f 5927/873/1708 5931/667/1709 5930/663/1706
f 5929/665/1707 5933/874/1710 5932/875/1711
f 5930/663/1706 5934/876/1712 5933/874/1710
f 4461/828/1713 4458/867/1697 3733/794/1714
f 4461/828/1713 5927/873/1708 5926/872/1705
f 4460/827/1715 5928/877/1716 5927/873/1708
f 4459/826/1717 4432/678/1650 5928/877/1716
f 5928/877/1716 4433/677/1663 5931/667/1709
f 5931/667/1709 4434/676/1661 5934/876/1712
f 5934/876/1712 3730/675/1662 4464/750/1718
f 5933/874/1710 4464/750/1718 4463/749/1719
f 5932/875/1711 4463/749/1719 4462/748/1720
f 4456/868/1699 4462/748/1720 3734/735/1700
f 4457/657/1698 5932/875/1711 4456/868/1699
f 4458/867/1697 5929/665/1707 4457/657/1698
f 5936/696/1721 5938/695/1722 5935/696/1723
f 5937/696/1724 5939/695/1725 5936/696/1721
f 5938/695/1722 5942/694/1726 5941/694/1727
f 5939/695/1725 5943/694/1728 5942/694/1726
f 3729/608/1651 5935/696/1723 4431/696/1649
f 4505/608/1729 5935/696/1723 4506/608/1730
f 4504/608/1731 5936/696/1721 4505/608/1729
f 3742/608/1732 5937/696/1724 4504/608/1731
f 5937/696/1724 4490/695/1733 5940/695/1734
f 4490/695/1733 5943/694/1728 5940/695/1734
f 5943/694/1728 3741/693/1735 4503/693/1736
f 5942/694/1726 4503/693/1736 4502/693/1737
f 5941/694/1727 4502/693/1737 4501/693/1738
f 5941/694/1727 3731/693/1673 4429/694/1653
f 5938/695/1722 4429/694/1653 4430/695/1652
f 4431/696/1649 5938/695/1722 4430/695/1652
f 5944/710/1739 5948/709/1740 5947/709/1741
f 5946/710/1742 5948/709/1740 5945/710/1743
f 5948/709/1740 5950/708/1744 5947/709/1741
f 5948/709/1740 5952/708/1745 5951/708/1746
f 3732/711/1683 5944/710/1739 4437/710/1658
f 4482/711/1747 5945/710/1743 5944/710/1739
f 4480/711/1748 5945/710/1743 4481/711/1749
f 3738/711/1750 5946/710/1742 4480/711/1748
f 4467/710/1751 5949/709/1752 5946/710/1742
f 5949/709/1752 4465/708/1753 5952/708/1745
f 5952/708/1745 3737/706/1754 4479/706/1755
f 5951/708/1746 4479/706/1755 4478/706/1756
f 5951/708/1746 4477/706/1757 5950/708/1744
f 5950/708/1744 3730/706/1662 4435/708/1660
f 5947/709/1741 4435/708/1660 4436/709/1659
f 4437/710/1658 5947/709/1741 4436/709/1659
f 5954/878/1758 5956/879/1759 5953/880/1760
f 5954/878/1758 5958/881/1761 5957/882/1762
f 5956/879/1759 5960/883/1763 5959/884/1764
f 5958/881/1761 5960/883/1763 5957/882/1762
f 4471/871/1765 4470/721/1766 3739/723/1767
f 4472/870/1768 5953/880/1760 4471/871/1765
f 4472/870/1768 5955/885/1769 5954/878/1758
f 4473/869/1770 4474/733/1771 5955/885/1769
f 5955/885/1769 4475/732/1772 5958/881/1761
f 4475/732/1772 5961/886/1773 5958/881/1761
f 4476/731/1774 4465/730/1753 5961/886/1773
f 5961/886/1773 4466/728/1775 5960/883/1763
f 5959/884/1764 4466/728/1775 4467/727/1751
f 4468/726/1776 4467/727/1751 3738/887/1750
f 4469/724/1777 5959/884/1764 4468/726/1776
f 5953/880/1760 4469/724/1777 4470/721/1766
f 5963/750/1778 5965/749/1779 5962/750/1780
f 5964/750/1781 5966/749/1782 5963/750/1778
f 5966/749/1782 5968/748/1783 5965/749/1779
f 5967/749/1784 5969/748/1785 5966/749/1782
f 4477/675/1757 4464/750/1718 3730/675/1662
f 4478/675/1756 5962/750/1780 4477/675/1757
f 4479/675/1755 5963/750/1778 4478/675/1756
f 3737/675/1754 5964/750/1781 4479/675/1755
f 4476/750/1774 5967/749/1784 5964/750/1781
f 4475/749/1772 5970/748/1786 5967/749/1784
f 5970/748/1786 3740/735/1787 4485/735/1788
f 5970/748/1786 4484/735/1789 5969/748/1785
f 5969/748/1785 4483/735/1790 5968/748/1783
f 5968/748/1783 3734/735/1700 4462/748/1720
f 5965/749/1779 4462/748/1720 4463/749/1719
f 5962/750/1780 4463/749/1719 4464/750/1718
f 5971/763/1791 5975/762/1792 5974/762/1793
f 5972/763/1794 5976/762/1795 5975/762/1792
f 5974/762/1793 5978/761/1796 5977/761/1797
f 5975/762/1792 5979/761/1798 5978/761/1796
f 3736/723/1704 5971/763/1791 4446/763/1680
f 4488/723/1799 5972/763/1794 5971/763/1791
f 4487/723/1800 5973/763/1801 5972/763/1794
f 3739/723/1767 5973/763/1801 4486/723/1802
f 5973/763/1801 4469/762/1777 5976/762/1795
f 5976/762/1795 4468/761/1776 5979/761/1798
f 5979/761/1798 3738/711/1750 4480/711/1748
f 5978/761/1796 4480/711/1748 4481/711/1749
f 5977/761/1797 4481/711/1749 4482/711/1747
f 4444/761/1682 4482/711/1747 3732/711/1683
f 4445/762/1681 5977/761/1797 4444/761/1682
f 4446/763/1680 5974/762/1793 4445/762/1681
f 5981/869/1803 5983/870/1804 5980/869/1805
f 5982/869/1806 5984/870/1807 5981/869/1803
f 5983/870/1804 5987/871/1808 5986/871/1809
f 5984/870/1807 5988/871/1810 5987/871/1808
f 4483/735/1790 4455/869/1701 3734/735/1700
f 4484/735/1789 5980/869/1805 4483/735/1790
f 4485/735/1788 5981/869/1803 4484/735/1789
f 3740/735/1787 5982/869/1806 4485/735/1788
f 4473/869/1770 5985/870/1811 5982/869/1806
f 5985/870/1811 4471/871/1765 5988/871/1810
f 5988/871/1810 3739/723/1767 4486/723/1802
f 5987/871/1808 4486/723/1802 4487/723/1800
f 5986/871/1809 4487/723/1800 4488/723/1799
f 4453/871/1703 4488/723/1799 3736/723/1704
f 4454/870/1702 5986/871/1809 4453/871/1703
f 5980/869/1805 4454/870/1702 4455/869/1701
f 5989/888/1812 5993/889/1813 5992/890/1814
f 5991/891/1815 5993/889/1813 5990/892/1816
f 5993/889/1813 5995/893/1817 5992/890/1814
f 5993/889/1813 5997/894/1818 5996/895/1819
f 3741/785/1735 5989/888/1812 4494/787/1820
f 4489/786/1821 5990/892/1816 5989/888/1812
f 4491/799/1822 5990/892/1816 4490/800/1733
f 3742/798/1732 5991/891/1815 4491/799/1822
f 4498/797/1823 5994/896/1824 5991/891/1815
f 5994/896/1824 4500/795/1825 5997/894/1818
f 5997/894/1818 3744/794/1826 4495/866/1827
f 5996/895/1819 4495/866/1827 4496/864/1828
f 5996/895/1819 4497/863/1829 5995/893/1817
f 5995/893/1817 3743/790/1830 4492/788/1831
f 5992/890/1814 4492/788/1831 4493/789/1832
f 4494/787/1820 5992/890/1814 4493/789/1832
f 5999/863/1833 6001/864/1834 5998/863/1835
f 6000/863/1836 6002/864/1837 5999/863/1833
f 6001/864/1834 6005/866/1838 6004/866/1839
f 6002/864/1837 6006/866/1840 6005/866/1838
f 3735/790/1693 5998/863/1835 4452/863/1692
f 4511/790/1841 5998/863/1835 4512/790/1842
f 4510/790/1843 5999/863/1833 4511/790/1841
f 3743/790/1830 6000/863/1836 4510/790/1843
f 6000/863/1836 4496/864/1828 6003/864/1844
f 4496/864/1828 6006/866/1840 6003/864/1844
f 6006/866/1840 3744/794/1826 4509/794/1845
f 6005/866/1838 4509/794/1845 4508/794/1846
f 6004/866/1839 4508/794/1846 4507/794/1847
f 6004/866/1839 3733/794/1714 4450/866/1696
f 6001/864/1834 4450/866/1696 4451/864/1694
f 4452/863/1692 6001/864/1834 4451/864/1694
f 6008/828/1848 6010/827/1849 6007/828/1850
f 6009/828/1851 6011/827/1852 6008/828/1848
f 6010/827/1849 6014/826/1853 6013/826/1854
f 6011/827/1852 6015/826/1855 6014/826/1853
f 3733/794/1714 6007/828/1850 4461/828/1713
f 4508/794/1846 6007/828/1850 4507/794/1847
f 4509/794/1845 6008/828/1848 4508/794/1846
f 3744/794/1826 6009/828/1851 4509/794/1845
f 6009/828/1851 4499/827/1856 6012/827/1857
f 4499/827/1856 6015/826/1855 6012/827/1857
f 6015/826/1855 3742/680/1732 4504/680/1731
f 6014/826/1853 4504/680/1731 4505/680/1729
f 6013/826/1854 4505/680/1729 4506/680/1730
f 6013/826/1854 3729/680/1651 4459/826/1717
f 6010/827/1849 4459/826/1717 4460/827/1715
f 4461/828/1713 6010/827/1849 4460/827/1715
f 6017/841/1858 6019/840/1859 6016/841/1860
f 6018/841/1861 6020/840/1862 6017/841/1858
f 6019/840/1859 6023/839/1863 6022/839/1864
f 6020/840/1862 6024/839/1865 6023/839/1863
f 3731/693/1673 6016/841/1860 4443/841/1672
f 4502/693/1737 6016/841/1860 4501/693/1738
f 4503/693/1736 6017/841/1858 4502/693/1737
f 3741/693/1735 6018/841/1861 4503/693/1736
f 6018/841/1861 4493/840/1832 6021/840/1866
f 4493/840/1832 6024/839/1865 6021/840/1866
f 6024/839/1865 3743/790/1830 4510/790/1843
f 6023/839/1863 4510/790/1843 4511/790/1841
f 6022/839/1864 4511/790/1841 4512/790/1842
f 6022/839/1864 3735/790/1693 4441/839/1675
f 6019/840/1859 4441/839/1675 4442/840/1674
f 4443/841/1672 6019/840/1859 4442/840/1674
f 6025/842/1641 6029/600/1642 6028/602/1643
f 6027/843/1867 6029/600/1642 6026/844/1645
f 6028/602/1643 6032/845/1646 6031/846/1647
f 6030/605/1868 6032/845/1646 6029/600/1642
f 4515/696/1649 4516/606/1650 3745/608/1869
f 4514/695/1652 6025/842/1641 4515/696/1649
f 4514/695/1652 6027/843/1867 6026/844/1645
f 4513/694/1653 4524/847/1654 6027/843/1867
f 4524/847/1654 6030/605/1868 6027/843/1867
f 4523/617/1655 6033/848/1656 6030/605/1868
f 4522/849/1657 4521/710/1658 6033/848/1656
f 6033/848/1656 4520/709/1659 6032/845/1646
f 6031/846/1647 4520/709/1659 4519/708/1660
f 4518/611/1661 4519/708/1660 3746/706/1662
f 4517/609/1663 6031/846/1647 4518/611/1661
f 4516/606/1650 6028/602/1643 4517/609/1663
f 6035/850/1870 6037/622/1665 6034/851/1666
f 6036/852/1871 6038/626/1872 6035/850/1870
f 6038/626/1872 6040/853/1669 6037/622/1665
f 6039/629/1670 6041/854/1671 6038/626/1872
f 4527/841/1873 4524/847/1654 3747/693/1673
f 4526/840/1674 6034/851/1666 4527/841/1873
f 4525/839/1874 6035/850/1870 4526/840/1674
f 4525/839/1874 4533/855/1676 6036/852/1871
f 4533/855/1676 6039/629/1670 6036/852/1871
f 4532/637/1677 6042/856/1875 6039/629/1670
f 4531/857/1876 4530/763/1680 6042/856/1875
f 6042/856/1875 4529/762/1681 6041/854/1671
f 6041/854/1671 4528/761/1682 6040/853/1669
f 6040/853/1669 3748/711/1683 4522/849/1657
f 6037/622/1665 4522/849/1657 4523/617/1655
f 6034/851/1666 4523/617/1655 4524/847/1654
f 6044/858/1684 6046/642/1685 6043/859/1686
f 6044/858/1684 6048/647/1687 6047/646/1688
f 6047/646/1688 6049/860/1689 6046/642/1685
f 6047/646/1688 6051/861/1690 6050/862/1691
f 4536/863/1692 4533/855/1676 3751/790/1693
f 4535/864/1694 6043/859/1686 4536/863/1692
f 4535/864/1694 6045/865/1695 6044/858/1684
f 4534/866/1696 4542/867/1697 6045/865/1695
f 6045/865/1695 4541/657/1698 6048/647/1687
f 6048/647/1687 4540/868/1699 6051/861/1690
f 6051/861/1690 3750/735/1700 4539/869/1701
f 6050/862/1691 4539/869/1701 4538/870/1702
f 6050/862/1691 4537/871/1703 6049/860/1689
f 6049/860/1689 3752/723/1704 4531/857/1876
f 6046/642/1685 4531/857/1876 4532/637/1677
f 6043/859/1686 4532/637/1677 4533/855/1676
f 6052/872/1705 6056/663/1706 6055/665/1707
f 6053/873/1708 6057/667/1709 6056/663/1706
f 6055/665/1707 6059/874/1710 6058/875/1711
f 6056/663/1706 6060/876/1712 6059/874/1710
f 4545/828/1713 4542/867/1697 3749/794/1714
f 4545/828/1713 6053/873/1708 6052/872/1705
f 4544/827/1715 6054/877/1877 6053/873/1708
f 4543/826/1878 4516/678/1650 6054/877/1877
f 6054/877/1877 4517/677/1663 6057/667/1709
f 6057/667/1709 4518/676/1661 6060/876/1712
f 6060/876/1712 3746/675/1662 4548/750/1879
f 6059/874/1710 4548/750/1879 4547/749/1719
f 6058/875/1711 4547/749/1719 4546/748/1880
f 4540/868/1699 4546/748/1880 3750/735/1700
f 4541/657/1698 6058/875/1711 4540/868/1699
f 4542/867/1697 6055/665/1707 4541/657/1698
f 6062/696/1721 6064/695/1881 6061/696/1723
f 6063/696/1724 6065/695/1725 6062/696/1721
f 6064/695/1881 6068/694/1726 6067/694/1727
f 6065/695/1725 6069/694/1728 6068/694/1726
f 3745/608/1869 6061/696/1723 4515/696/1649
f 4589/608/1882 6061/696/1723 4590/608/1883
f 4588/608/1731 6062/696/1721 4589/608/1882
f 3758/608/1732 6063/696/1724 4588/608/1731
f 6063/696/1724 4574/695/1733 6066/695/1884
f 4574/695/1733 6069/694/1728 6066/695/1884
f 6069/694/1728 3757/693/1735 4587/693/1736
f 6068/694/1726 4587/693/1736 4586/693/1737
f 6067/694/1727 4586/693/1737 4585/693/1738
f 6067/694/1727 3747/693/1673 4513/694/1653
f 6064/695/1881 4513/694/1653 4514/695/1652
f 4515/696/1649 6064/695/1881 4514/695/1652
f 6070/710/1739 6074/709/1885 6073/709/1741
f 6072/710/1886 6074/709/1885 6071/710/1743
f 6074/709/1885 6076/708/1744 6073/709/1741
f 6074/709/1885 6078/708/1745 6077/708/1746
f 3748/711/1683 6070/710/1739 4521/710/1658
f 4566/711/1747 6071/710/1743 6070/710/1739
f 4564/711/1748 6071/710/1743 4565/711/1749
f 3754/711/1887 6072/710/1886 4564/711/1748
f 4551/710/1751 6075/709/1888 6072/710/1886
f 6075/709/1888 4549/708/1753 6078/708/1745
f 6078/708/1745 3753/706/1754 4563/706/1755
f 6077/708/1746 4563/706/1755 4562/706/1756
f 6077/708/1746 4561/706/1757 6076/708/1744
f 6076/708/1744 3746/706/1662 4519/708/1660
f 6073/709/1741 4519/708/1660 4520/709/1659
f 4521/710/1658 6073/709/1741 4520/709/1659
f 6080/878/1889 6082/879/1890 6079/880/1760
f 6080/878/1889 6084/881/1891 6083/882/1892
f 6082/879/1890 6086/883/1893 6085/884/1764
f 6084/881/1891 6086/883/1893 6083/882/1892
f 4555/871/1765 4554/721/1894 3755/723/1895
f 4556/870/1896 6079/880/1760 4555/871/1765
f 4556/870/1896 6081/885/1897 6080/878/1889
f 4557/869/1898 4558/733/1771 6081/885/1897
f 6081/885/1897 4559/732/1772 6084/881/1891
f 4559/732/1772 6087/886/1899 6084/881/1891
f 4560/731/1774 4549/730/1753 6087/886/1899
f 6087/886/1899 4550/728/1900 6086/883/1893
f 6085/884/1764 4550/728/1900 4551/727/1751
f 4552/726/1776 4551/727/1751 3754/887/1887
f 4553/724/1777 6085/884/1764 4552/726/1776
f 6079/880/1760 4553/724/1777 4554/721/1894
f 6089/750/1778 6091/749/1779 6088/750/1901
f 6090/750/1781 6092/749/1782 6089/750/1778
f 6092/749/1782 6094/748/1783 6091/749/1779
f 6093/749/1784 6095/748/1902 6092/749/1782
f 4561/675/1757 4548/750/1879 3746/675/1662
f 4562/675/1756 6088/750/1901 4561/675/1757
f 4563/675/1755 6089/750/1778 4562/675/1756
f 3753/675/1754 6090/750/1781 4563/675/1755
f 4560/750/1774 6093/749/1784 6090/750/1781
f 4559/749/1772 6096/748/1786 6093/749/1784
f 6096/748/1786 3756/735/1903 4569/735/1788
f 6096/748/1786 4568/735/1789 6095/748/1902
f 6095/748/1902 4567/735/1904 6094/748/1783
f 6094/748/1783 3750/735/1700 4546/748/1880
f 6091/749/1779 4546/748/1880 4547/749/1719
f 6088/750/1901 4547/749/1719 4548/750/1879
f 6097/763/1791 6101/762/1792 6100/762/1793
f 6098/763/1794 6102/762/1795 6101/762/1792
f 6100/762/1793 6104/761/1796 6103/761/1797
f 6101/762/1792 6105/761/1798 6104/761/1796
f 3752/723/1704 6097/763/1791 4530/763/1680
f 4572/723/1905 6098/763/1794 6097/763/1791
f 4571/723/1800 6099/763/1801 6098/763/1794
f 3755/723/1895 6099/763/1801 4570/723/1906
f 6099/763/1801 4553/762/1777 6102/762/1795
f 6102/762/1795 4552/761/1776 6105/761/1798
f 6105/761/1798 3754/711/1887 4564/711/1748
f 6104/761/1796 4564/711/1748 4565/711/1749
f 6103/761/1797 4565/711/1749 4566/711/1747
f 4528/761/1682 4566/711/1747 3748/711/1683
f 4529/762/1681 6103/761/1797 4528/761/1682
f 4530/763/1680 6100/762/1793 4529/762/1681
f 6107/869/1803 6109/870/1804 6106/869/1805
f 6108/869/1806 6110/870/1807 6107/869/1803
f 6109/870/1804 6113/871/1808 6112/871/1809
f 6110/870/1807 6114/871/1907 6113/871/1808
f 4567/735/1904 4539/869/1701 3750/735/1700
f 4568/735/1789 6106/869/1805 4567/735/1904
f 4569/735/1788 6107/869/1803 4568/735/1789
f 3756/735/1903 6108/869/1806 4569/735/1788
f 4557/869/1898 6111/870/1908 6108/869/1806
f 6111/870/1908 4555/871/1765 6114/871/1907
f 6114/871/1907 3755/723/1895 4570/723/1906
f 6113/871/1808 4570/723/1906 4571/723/1800
f 6112/871/1809 4571/723/1800 4572/723/1905
f 4537/871/1703 4572/723/1905 3752/723/1704
f 4538/870/1702 6112/871/1809 4537/871/1703
f 6106/869/1805 4538/870/1702 4539/869/1701
f 6115/888/1812 6119/889/1813 6118/890/1814
f 6117/891/1815 6119/889/1813 6116/892/1816
f 6119/889/1813 6121/893/1817 6118/890/1814
f 6119/889/1813 6123/894/1909 6122/895/1910
f 3757/785/1735 6115/888/1812 4578/787/1911
f 4573/786/1821 6116/892/1816 6115/888/1812
f 4575/799/1912 6116/892/1816 4574/800/1733
f 3758/798/1732 6117/891/1815 4575/799/1912
f 4582/797/1913 6120/896/1824 6117/891/1815
f 6120/896/1824 4584/795/1825 6123/894/1909
f 6123/894/1909 3760/794/1914 4579/866/1827
f 6122/895/1910 4579/866/1827 4580/864/1828
f 6122/895/1910 4581/863/1829 6121/893/1817
f 6121/893/1817 3759/790/1830 4576/788/1831
f 6118/890/1814 4576/788/1831 4577/789/1832
f 4578/787/1911 6118/890/1814 4577/789/1832
f 6125/863/1833 6127/864/1834 6124/863/1835
f 6126/863/1836 6128/864/1915 6125/863/1833
f 6127/864/1834 6131/866/1838 6130/866/1916
f 6128/864/1915 6132/866/1840 6131/866/1838
f 3751/790/1693 6124/863/1835 4536/863/1692
f 4595/790/1841 6124/863/1835 4596/790/1842
f 4594/790/1843 6125/863/1833 4595/790/1841
f 3759/790/1830 6126/863/1836 4594/790/1843
f 6126/863/1836 4580/864/1828 6129/864/1917
f 4580/864/1828 6132/866/1840 6129/864/1917
f 6132/866/1840 3760/794/1914 4593/794/1845
f 6131/866/1838 4593/794/1845 4592/794/1918
f 6130/866/1916 4592/794/1918 4591/794/1847
f 6130/866/1916 3749/794/1714 4534/866/1696
f 6127/864/1834 4534/866/1696 4535/864/1694
f 4536/863/1692 6127/864/1834 4535/864/1694
f 6134/828/1919 6136/827/1849 6133/828/1850
f 6135/828/1851 6137/827/1852 6134/828/1919
f 6136/827/1849 6140/826/1920 6139/826/1854
f 6137/827/1852 6141/826/1921 6140/826/1920
f 3749/794/1714 6133/828/1850 4545/828/1713
f 4592/794/1918 6133/828/1850 4591/794/1847
f 4593/794/1845 6134/828/1919 4592/794/1918
f 3760/794/1914 6135/828/1851 4593/794/1845
f 6135/828/1851 4583/827/1922 6138/827/1857
f 4583/827/1922 6141/826/1921 6138/827/1857
f 6141/826/1921 3758/680/1732 4588/680/1731
f 6140/826/1920 4588/680/1731 4589/680/1882
f 6139/826/1854 4589/680/1882 4590/680/1883
f 6139/826/1854 3745/680/1869 4543/826/1878
f 6136/827/1849 4543/826/1878 4544/827/1715
f 4545/828/1713 6136/827/1849 4544/827/1715
f 6143/841/1923 6145/840/1859 6142/841/1860
f 6144/841/1924 6146/840/1925 6143/841/1923
f 6145/840/1859 6149/839/1926 6148/839/1864
f 6146/840/1925 6150/839/1927 6149/839/1926
f 3747/693/1673 6142/841/1860 4527/841/1873
f 4586/693/1737 6142/841/1860 4585/693/1738
f 4587/693/1736 6143/841/1923 4586/693/1737
f 3757/693/1735 6144/841/1924 4587/693/1736
f 6144/841/1924 4577/840/1832 6147/840/1928
f 4577/840/1832 6150/839/1927 6147/840/1928
f 6150/839/1927 3759/790/1830 4594/790/1843
f 6149/839/1926 4594/790/1843 4595/790/1841
f 6148/839/1864 4595/790/1841 4596/790/1842
f 6148/839/1864 3751/790/1693 4525/839/1874
f 6145/840/1859 4525/839/1874 4526/840/1674
f 4527/841/1873 6145/840/1859 4526/840/1674
f 6151/842/1641 6155/600/1642 6154/602/1643
f 6153/843/1644 6155/600/1642 6152/844/1645
f 6154/602/1643 6158/845/1646 6157/846/1647
f 6156/605/1648 6158/845/1646 6155/600/1642
f 4599/696/1649 4600/606/1650 3761/608/1651
f 4598/695/1652 6151/842/1641 4599/696/1649
f 4598/695/1652 6153/843/1644 6152/844/1645
f 4597/694/1653 4608/847/1654 6153/843/1644
f 4608/847/1654 6156/605/1648 6153/843/1644
f 4607/617/1655 6159/848/1929 6156/605/1648
f 4606/849/1657 4605/710/1658 6159/848/1929
f 6159/848/1929 4604/709/1659 6158/845/1646
f 6157/846/1647 4604/709/1659 4603/708/1660
f 4602/611/1930 4603/708/1660 3762/706/1662
f 4601/609/1663 6157/846/1647 4602/611/1930
f 4600/606/1650 6154/602/1643 4601/609/1663
f 6161/850/1870 6163/622/1665 6160/851/1666
f 6162/852/1667 6164/626/1872 6161/850/1870
f 6164/626/1872 6166/853/1669 6163/622/1665
f 6165/629/1670 6167/854/1671 6164/626/1872
f 4611/841/1931 4608/847/1654 3763/693/1673
f 4610/840/1674 6160/851/1666 4611/841/1931
f 4609/839/1874 6161/850/1870 4610/840/1674
f 4609/839/1874 4617/855/1676 6162/852/1667
f 4617/855/1676 6165/629/1670 6162/852/1667
f 4616/637/1677 6168/856/1678 6165/629/1670
f 4615/857/1876 4614/763/1932 6168/856/1678
f 6168/856/1678 4613/762/1681 6167/854/1671
f 6167/854/1671 4612/761/1682 6166/853/1669
f 6166/853/1669 3764/711/1683 4606/849/1657
f 6163/622/1665 4606/849/1657 4607/617/1655
f 6160/851/1666 4607/617/1655 4608/847/1654
f 6170/858/1933 6172/642/1685 6169/859/1686
f 6170/858/1933 6174/647/1687 6173/646/1688
f 6173/646/1688 6175/860/1934 6172/642/1685
f 6173/646/1688 6177/861/1690 6176/862/1691
f 4620/863/1692 4617/855/1676 3767/790/1693
f 4619/864/1694 6169/859/1686 4620/863/1692
f 4619/864/1694 6171/865/1695 6170/858/1933
f 4618/866/1935 4626/867/1697 6171/865/1695
f 6171/865/1695 4625/657/1698 6174/647/1687
f 6174/647/1687 4624/868/1699 6177/861/1690
f 6177/861/1690 3766/735/1700 4623/869/1936
f 6176/862/1691 4623/869/1936 4622/870/1702
f 6176/862/1691 4621/871/1703 6175/860/1934
f 6175/860/1934 3768/723/1704 4615/857/1876
f 6172/642/1685 4615/857/1876 4616/637/1677
f 6169/859/1686 4616/637/1677 4617/855/1676
f 6178/872/1705 6182/663/1706 6181/665/1707
f 6179/873/1708 6183/667/1709 6182/663/1706
f 6181/665/1707 6185/874/1937 6184/875/1711
f 6182/663/1706 6186/876/1712 6185/874/1937
f 4629/828/1713 4626/867/1697 3765/794/1714
f 4629/828/1713 6179/873/1708 6178/872/1705
f 4628/827/1938 6180/877/1877 6179/873/1708
f 4627/826/1878 4600/678/1650 6180/877/1877
f 6180/877/1877 4601/677/1663 6183/667/1709
f 6183/667/1709 4602/676/1930 6186/876/1712
f 6186/876/1712 3762/675/1662 4632/750/1879
f 6185/874/1937 4632/750/1879 4631/749/1719
f 6184/875/1711 4631/749/1719 4630/748/1880
f 4624/868/1699 4630/748/1880 3766/735/1700
f 4625/657/1698 6184/875/1711 4624/868/1699
f 4626/867/1697 6181/665/1707 4625/657/1698
f 6188/696/1721 6190/695/1881 6187/696/1723
f 6189/696/1724 6191/695/1725 6188/696/1721
f 6190/695/1881 6194/694/1726 6193/694/1939
f 6191/695/1725 6195/694/1728 6194/694/1726
f 3761/608/1651 6187/696/1723 4599/696/1649
f 4673/608/1882 6187/696/1723 4674/608/1883
f 4672/608/1731 6188/696/1721 4673/608/1882
f 3774/608/1732 6189/696/1724 4672/608/1731
f 6189/696/1724 4658/695/1733 6192/695/1884
f 4658/695/1733 6195/694/1728 6192/695/1884
f 6195/694/1728 3773/693/1735 4671/693/1736
f 6194/694/1726 4671/693/1736 4670/693/1737
f 6193/694/1939 4670/693/1737 4669/693/1738
f 6193/694/1939 3763/693/1673 4597/694/1653
f 6190/695/1881 4597/694/1653 4598/695/1652
f 4599/696/1649 6190/695/1881 4598/695/1652
f 6196/710/1739 6200/709/1885 6199/709/1741
f 6198/710/1742 6200/709/1885 6197/710/1940
f 6200/709/1885 6202/708/1744 6199/709/1741
f 6200/709/1885 6204/708/1941 6203/708/1942
f 3764/711/1683 6196/710/1739 4605/710/1658
f 4650/711/1747 6197/710/1940 6196/710/1739
f 4648/711/1748 6197/710/1940 4649/711/1749
f 3770/711/1887 6198/710/1742 4648/711/1748
f 4635/710/1751 6201/709/1752 6198/710/1742
f 6201/709/1752 4633/708/1943 6204/708/1941
f 6204/708/1941 3769/706/1754 4647/706/1755
f 6203/708/1942 4647/706/1755 4646/706/1756
f 6203/708/1942 4645/706/1757 6202/708/1744
f 6202/708/1744 3762/706/1662 4603/708/1660
f 6199/709/1741 4603/708/1660 4604/709/1659
f 4605/710/1658 6199/709/1741 4604/709/1659
f 6206/878/1944 6208/879/1945 6205/880/1946
f 6206/878/1944 6210/881/1891 6209/882/1892
f 6208/879/1945 6212/883/1893 6211/884/1764
f 6210/881/1891 6212/883/1893 6209/882/1892
f 4639/871/1765 4638/721/1894 3771/723/1947
f 4640/870/1768 6205/880/1946 4639/871/1765
f 4640/870/1768 6207/885/1948 6206/878/1944
f 4641/869/1898 4642/733/1771 6207/885/1948
f 6207/885/1948 4643/732/1772 6210/881/1891
f 4643/732/1772 6213/886/1899 6210/881/1891
f 4644/731/1774 4633/730/1943 6213/886/1899
f 6213/886/1899 4634/728/1949 6212/883/1893
f 6211/884/1764 4634/728/1949 4635/727/1751
f 4636/726/1776 4635/727/1751 3770/887/1887
f 4637/724/1777 6211/884/1764 4636/726/1776
f 6205/880/1946 4637/724/1777 4638/721/1894
f 6215/750/1778 6217/749/1779 6214/750/1901
f 6216/750/1781 6218/749/1950 6215/750/1778
f 6218/749/1950 6220/748/1783 6217/749/1779
f 6219/749/1784 6221/748/1785 6218/749/1950
f 4645/675/1757 4632/750/1879 3762/675/1662
f 4646/675/1756 6214/750/1901 4645/675/1757
f 4647/675/1755 6215/750/1778 4646/675/1756
f 3769/675/1754 6216/750/1781 4647/675/1755
f 4644/750/1774 6219/749/1784 6216/750/1781
f 4643/749/1772 6222/748/1786 6219/749/1784
f 6222/748/1786 3772/735/1951 4653/735/1952
f 6222/748/1786 4652/735/1789 6221/748/1785
f 6221/748/1785 4651/735/1953 6220/748/1783
f 6220/748/1783 3766/735/1700 4630/748/1880
f 6217/749/1779 4630/748/1880 4631/749/1719
f 6214/750/1901 4631/749/1719 4632/750/1879
f 6223/763/1791 6227/762/1792 6226/762/1793
f 6224/763/1794 6228/762/1795 6227/762/1792
f 6226/762/1793 6230/761/1796 6229/761/1797
f 6227/762/1792 6231/761/1798 6230/761/1796
f 3768/723/1704 6223/763/1791 4614/763/1932
f 4656/723/1905 6224/763/1794 6223/763/1791
f 4655/723/1800 6225/763/1801 6224/763/1794
f 3771/723/1947 6225/763/1801 4654/723/1906
f 6225/763/1801 4637/762/1777 6228/762/1795
f 6228/762/1795 4636/761/1776 6231/761/1798
f 6231/761/1798 3770/711/1887 4648/711/1748
f 6230/761/1796 4648/711/1748 4649/711/1749
f 6229/761/1797 4649/711/1749 4650/711/1747
f 4612/761/1682 4650/711/1747 3764/711/1683
f 4613/762/1681 6229/761/1797 4612/761/1682
f 4614/763/1932 6226/762/1793 4613/762/1681
f 6233/869/1803 6235/870/1804 6232/869/1805
f 6234/869/1806 6236/870/1807 6233/869/1803
f 6235/870/1804 6239/871/1808 6238/871/1809
f 6236/870/1807 6240/871/1810 6239/871/1808
f 4651/735/1953 4623/869/1936 3766/735/1700
f 4652/735/1789 6232/869/1805 4651/735/1953
f 4653/735/1952 6233/869/1803 4652/735/1789
f 3772/735/1951 6234/869/1806 4653/735/1952
f 4641/869/1898 6237/870/1954 6234/869/1806
f 6237/870/1954 4639/871/1765 6240/871/1810
f 6240/871/1810 3771/723/1947 4654/723/1906
f 6239/871/1808 4654/723/1906 4655/723/1800
f 6238/871/1809 4655/723/1800 4656/723/1905
f 4621/871/1703 4656/723/1905 3768/723/1704
f 4622/870/1702 6238/871/1809 4621/871/1703
f 6232/869/1805 4622/870/1702 4623/869/1936
f 6241/888/1812 6245/889/1813 6244/890/1814
f 6243/891/1815 6245/889/1813 6242/892/1816
f 6245/889/1813 6247/893/1817 6244/890/1814
f 6245/889/1813 6249/894/1818 6248/895/1910
f 3773/785/1735 6241/888/1812 4662/787/1911
f 4657/786/1821 6242/892/1816 6241/888/1812
f 4659/799/1822 6242/892/1816 4658/800/1733
f 3774/798/1732 6243/891/1815 4659/799/1822
f 4666/797/1823 6246/896/1824 6243/891/1815
f 6246/896/1824 4668/795/1825 6249/894/1818
f 6249/894/1818 3776/794/1955 4663/866/1827
f 6248/895/1910 4663/866/1827 4664/864/1828
f 6248/895/1910 4665/863/1829 6247/893/1817
f 6247/893/1817 3775/790/1830 4660/788/1831
f 6244/890/1814 4660/788/1831 4661/789/1832
f 4662/787/1911 6244/890/1814 4661/789/1832
f 6251/863/1833 6253/864/1834 6250/863/1835
f 6252/863/1836 6254/864/1956 6251/863/1833
f 6253/864/1834 6257/866/1957 6256/866/1916
f 6254/864/1956 6258/866/1958 6257/866/1957
f 3767/790/1693 6250/863/1835 4620/863/1692
f 4679/790/1841 6250/863/1835 4680/790/1842
f 4678/790/1843 6251/863/1833 4679/790/1841
f 3775/790/1830 6252/863/1836 4678/790/1843
f 6252/863/1836 4664/864/1828 6255/864/1844
f 4664/864/1828 6258/866/1958 6255/864/1844
f 6258/866/1958 3776/794/1955 4677/794/1959
f 6257/866/1957 4677/794/1959 4676/794/1846
f 6256/866/1916 4676/794/1846 4675/794/1847
f 6256/866/1916 3765/794/1714 4618/866/1935
f 6253/864/1834 4618/866/1935 4619/864/1694
f 4620/863/1692 6253/864/1834 4619/864/1694
f 6260/828/1919 6262/827/1849 6259/828/1960
f 6261/828/1851 6263/827/1961 6260/828/1919
f 6262/827/1849 6266/826/1962 6265/826/1854
f 6263/827/1961 6267/826/1921 6266/826/1962
f 3765/794/1714 6259/828/1960 4629/828/1713
f 4676/794/1846 6259/828/1960 4675/794/1847
f 4677/794/1959 6260/828/1919 4676/794/1846
f 3776/794/1955 6261/828/1851 4677/794/1959
f 6261/828/1851 4667/827/1922 6264/827/1963
f 4667/827/1922 6267/826/1921 6264/827/1963
f 6267/826/1921 3774/680/1732 4672/680/1731
f 6266/826/1962 4672/680/1731 4673/680/1882
f 6265/826/1854 4673/680/1882 4674/680/1883
f 6265/826/1854 3761/680/1651 4627/826/1878
f 6262/827/1849 4627/826/1878 4628/827/1938
f 4629/828/1713 6262/827/1849 4628/827/1938
f 6269/841/1858 6271/840/1859 6268/841/1964
f 6270/841/1924 6272/840/1862 6269/841/1858
f 6271/840/1859 6275/839/1863 6274/839/1965
f 6272/840/1862 6276/839/1927 6275/839/1863
f 3763/693/1673 6268/841/1964 4611/841/1931
f 4670/693/1737 6268/841/1964 4669/693/1738
f 4671/693/1736 6269/841/1858 4670/693/1737
f 3773/693/1735 6270/841/1924 4671/693/1736
f 6270/841/1924 4661/840/1832 6273/840/1928
f 4661/840/1832 6276/839/1927 6273/840/1928
f 6276/839/1927 3775/790/1830 4678/790/1843
f 6275/839/1863 4678/790/1843 4679/790/1841
f 6274/839/1965 4679/790/1841 4680/790/1842
f 6274/839/1965 3767/790/1693 4609/839/1874
f 6271/840/1859 4609/839/1874 4610/840/1674
f 4611/841/1931 6271/840/1859 4610/840/1674
f 6277/842/1641 6281/600/1642 6280/602/1966
f 6279/843/1867 6281/600/1642 6278/844/1645
f 6280/602/1966 6284/845/1646 6283/846/1647
f 6282/605/1648 6284/845/1646 6281/600/1642
f 4683/696/1649 4684/606/1650 3777/608/1869
f 4682/695/1652 6277/842/1641 4683/696/1649
f 4682/695/1652 6279/843/1867 6278/844/1645
f 4681/694/1653 4692/847/1654 6279/843/1867
f 4692/847/1654 6282/605/1648 6279/843/1867
f 4691/617/1655 6285/848/1656 6282/605/1648
f 4690/849/1657 4689/710/1658 6285/848/1656
f 6285/848/1656 4688/709/1659 6284/845/1646
f 6283/846/1647 4688/709/1659 4687/708/1660
f 4686/611/1661 4687/708/1660 3778/706/1662
f 4685/609/1663 6283/846/1647 4686/611/1661
f 4684/606/1650 6280/602/1966 4685/609/1663
f 6287/850/1870 6289/622/1665 6286/851/1666
f 6288/852/1967 6290/626/1968 6287/850/1870
f 6290/626/1968 6292/853/1669 6289/622/1665
f 6291/629/1670 6293/854/1671 6290/626/1968
f 4695/841/1931 4692/847/1654 3779/693/1673
f 4694/840/1674 6286/851/1666 4695/841/1931
f 4693/839/1675 6287/850/1870 4694/840/1674
f 4693/839/1675 4701/855/1676 6288/852/1967
f 4701/855/1676 6291/629/1670 6288/852/1967
f 4700/637/1677 6294/856/1678 6291/629/1670
f 4699/857/1876 4698/763/1680 6294/856/1678
f 6294/856/1678 4697/762/1681 6293/854/1671
f 6293/854/1671 4696/761/1682 6292/853/1669
f 6292/853/1669 3780/711/1683 4690/849/1657
f 6289/622/1665 4690/849/1657 4691/617/1655
f 6286/851/1666 4691/617/1655 4692/847/1654
f 6296/858/1933 6298/642/1685 6295/859/1686
f 6296/858/1933 6300/647/1687 6299/646/1688
f 6299/646/1688 6301/860/1934 6298/642/1685
f 6299/646/1688 6303/861/1690 6302/862/1691
f 4704/863/1692 4701/855/1676 3783/790/1693
f 4703/864/1694 6295/859/1686 4704/863/1692
f 4703/864/1694 6297/865/1695 6296/858/1933
f 4702/866/1969 4710/867/1697 6297/865/1695
f 6297/865/1695 4709/657/1698 6300/647/1687
f 6300/647/1687 4708/868/1699 6303/861/1690
f 6303/861/1690 3782/735/1700 4707/869/1701
f 6302/862/1691 4707/869/1701 4706/870/1702
f 6302/862/1691 4705/871/1703 6301/860/1934
f 6301/860/1934 3784/723/1704 4699/857/1876
f 6298/642/1685 4699/857/1876 4700/637/1677
f 6295/859/1686 4700/637/1677 4701/855/1676
f 6304/872/1705 6308/663/1706 6307/665/1707
f 6305/873/1708 6309/667/1709 6308/663/1706
f 6307/665/1707 6311/874/1937 6310/875/1711
f 6308/663/1706 6312/876/1712 6311/874/1937
f 4713/828/1713 4710/867/1697 3781/794/1714
f 4713/828/1713 6305/873/1708 6304/872/1705
f 4712/827/1938 6306/877/1716 6305/873/1708
f 4711/826/1878 4684/678/1650 6306/877/1716
f 6306/877/1716 4685/677/1663 6309/667/1709
f 6309/667/1709 4686/676/1661 6312/876/1712
f 6312/876/1712 3778/675/1662 4716/750/1970
f 6311/874/1937 4716/750/1970 4715/749/1719
f 6310/875/1711 4715/749/1719 4714/748/1720
f 4708/868/1699 4714/748/1720 3782/735/1700
f 4709/657/1698 6310/875/1711 4708/868/1699
f 4710/867/1697 6307/665/1707 4709/657/1698
f 6314/696/1721 6316/695/1881 6313/696/1971
f 6315/696/1972 6317/695/1725 6314/696/1721
f 6316/695/1881 6320/694/1726 6319/694/1727
f 6317/695/1725 6321/694/1728 6320/694/1726
f 3777/608/1869 6313/696/1971 4683/696/1649
f 4757/608/1882 6313/696/1971 4758/608/1883
f 4756/608/1731 6314/696/1721 4757/608/1882
f 3790/608/1732 6315/696/1972 4756/608/1731
f 6315/696/1972 4742/695/1733 6318/695/1884
f 4742/695/1733 6321/694/1728 6318/695/1884
f 6321/694/1728 3789/693/1735 4755/693/1736
f 6320/694/1726 4755/693/1736 4754/693/1737
f 6319/694/1727 4754/693/1737 4753/693/1738
f 6319/694/1727 3779/693/1673 4681/694/1653
f 6316/695/1881 4681/694/1653 4682/695/1652
f 4683/696/1649 6316/695/1881 4682/695/1652
f 6322/710/1973 6326/709/1885 6325/709/1741
f 6324/710/1742 6326/709/1885 6323/710/1940
f 6326/709/1885 6328/708/1744 6325/709/1741
f 6326/709/1885 6330/708/1941 6329/708/1942
f 3780/711/1683 6322/710/1973 4689/710/1658
f 4734/711/1747 6323/710/1940 6322/710/1973
f 4732/711/1748 6323/710/1940 4733/711/1974
f 3786/711/1887 6324/710/1742 4732/711/1748
f 4719/710/1751 6327/709/1888 6324/710/1742
f 6327/709/1888 4717/708/1753 6330/708/1941
f 6330/708/1941 3785/706/1975 4731/706/1755
f 6329/708/1942 4731/706/1755 4730/706/1756
f 6329/708/1942 4729/706/1757 6328/708/1744
f 6328/708/1744 3778/706/1662 4687/708/1660
f 6325/709/1741 4687/708/1660 4688/709/1659
f 4689/710/1658 6325/709/1741 4688/709/1659
f 6332/878/1944 6334/879/1945 6331/880/1976
f 6332/878/1944 6336/881/1891 6335/882/1977
f 6334/879/1945 6338/883/1763 6337/884/1764
f 6336/881/1891 6338/883/1763 6335/882/1977
f 4723/871/1765 4722/721/1978 3787/723/1979
f 4724/870/1896 6331/880/1976 4723/871/1765
f 4724/870/1896 6333/885/1948 6332/878/1944
f 4725/869/1770 4726/733/1771 6333/885/1948
f 6333/885/1948 4727/732/1772 6336/881/1891
f 4727/732/1772 6339/886/1980 6336/881/1891
f 4728/731/1981 4717/730/1753 6339/886/1980
f 6339/886/1980 4718/728/1900 6338/883/1763
f 6337/884/1764 4718/728/1900 4719/727/1751
f 4720/726/1776 4719/727/1751 3786/887/1887
f 4721/724/1777 6337/884/1764 4720/726/1776
f 6331/880/1976 4721/724/1777 4722/721/1978
f 6341/750/1778 6343/749/1779 6340/750/1901
f 6342/750/1781 6344/749/1782 6341/750/1778
f 6344/749/1782 6346/748/1982 6343/749/1779
f 6345/749/1784 6347/748/1902 6344/749/1782
f 4729/675/1757 4716/750/1970 3778/675/1662
f 4730/675/1756 6340/750/1901 4729/675/1757
f 4731/675/1755 6341/750/1778 4730/675/1756
f 3785/675/1975 6342/750/1781 4731/675/1755
f 4728/750/1981 6345/749/1784 6342/750/1781
f 4727/749/1772 6348/748/1983 6345/749/1784
f 6348/748/1983 3788/735/1951 4737/735/1984
f 6348/748/1983 4736/735/1789 6347/748/1902
f 6347/748/1902 4735/735/1904 6346/748/1982
f 6346/748/1982 3782/735/1700 4714/748/1720
f 6343/749/1779 4714/748/1720 4715/749/1719
f 6340/750/1901 4715/749/1719 4716/750/1970
f 6349/763/1791 6353/762/1792 6352/762/1793
f 6350/763/1794 6354/762/1985 6353/762/1792
f 6352/762/1793 6356/761/1796 6355/761/1797
f 6353/762/1792 6357/761/1798 6356/761/1796
f 3784/723/1704 6349/763/1791 4698/763/1680
f 4740/723/1905 6350/763/1794 6349/763/1791
f 4739/723/1800 6351/763/1801 6350/763/1794
f 3787/723/1979 6351/763/1801 4738/723/1986
f 6351/763/1801 4721/762/1777 6354/762/1985
f 6354/762/1985 4720/761/1776 6357/761/1798
f 6357/761/1798 3786/711/1887 4732/711/1748
f 6356/761/1796 4732/711/1748 4733/711/1974
f 6355/761/1797 4733/711/1974 4734/711/1747
f 4696/761/1682 4734/711/1747 3780/711/1683
f 4697/762/1681 6355/761/1797 4696/761/1682
f 4698/763/1680 6352/762/1793 4697/762/1681
f 6359/869/1803 6361/870/1804 6358/869/1805
f 6360/869/1987 6362/870/1807 6359/869/1803
f 6361/870/1804 6365/871/1808 6364/871/1809
f 6362/870/1807 6366/871/1810 6365/871/1808
f 4735/735/1904 4707/869/1701 3782/735/1700
f 4736/735/1789 6358/869/1805 4735/735/1904
f 4737/735/1984 6359/869/1803 4736/735/1789
f 3788/735/1951 6360/869/1987 4737/735/1984
f 4725/869/1770 6363/870/1908 6360/869/1987
f 6363/870/1908 4723/871/1765 6366/871/1810
f 6366/871/1810 3787/723/1979 4738/723/1986
f 6365/871/1808 4738/723/1986 4739/723/1800
f 6364/871/1809 4739/723/1800 4740/723/1905
f 4705/871/1703 4740/723/1905 3784/723/1704
f 4706/870/1702 6364/871/1809 4705/871/1703
f 6358/869/1805 4706/870/1702 4707/869/1701
f 6367/888/1812 6371/889/1813 6370/890/1814
f 6369/891/1815 6371/889/1813 6368/892/1816
f 6371/889/1813 6373/893/1817 6370/890/1814
f 6371/889/1813 6375/894/1818 6374/895/1819
f 3789/785/1735 6367/888/1812 4746/787/1820
f 4741/786/1821 6368/892/1816 6367/888/1812
f 4743/799/1822 6368/892/1816 4742/800/1733
f 3790/798/1732 6369/891/1815 4743/799/1822
f 4750/797/1823 6372/896/1824 6369/891/1815
f 6372/896/1824 4752/795/1825 6375/894/1818
f 6375/894/1818 3792/794/1826 4747/866/1827
f 6374/895/1819 4747/866/1827 4748/864/1828
f 6374/895/1819 4749/863/1829 6373/893/1817
f 6373/893/1817 3791/790/1830 4744/788/1831
f 6370/890/1814 4744/788/1831 4745/789/1832
f 4746/787/1820 6370/890/1814 4745/789/1832
f 6377/863/1833 6379/864/1834 6376/863/1835
f 6378/863/1836 6380/864/1837 6377/863/1833
f 6379/864/1834 6383/866/1957 6382/866/1916
f 6380/864/1837 6384/866/1958 6383/866/1957
f 3783/790/1693 6376/863/1835 4704/863/1692
f 4763/790/1841 6376/863/1835 4764/790/1988
f 4762/790/1843 6377/863/1833 4763/790/1841
f 3791/790/1830 6378/863/1836 4762/790/1843
f 6378/863/1836 4748/864/1828 6381/864/1917
f 4748/864/1828 6384/866/1958 6381/864/1917
f 6384/866/1958 3792/794/1826 4761/794/1845
f 6383/866/1957 4761/794/1845 4760/794/1846
f 6382/866/1916 4760/794/1846 4759/794/1847
f 6382/866/1916 3781/794/1714 4702/866/1969
f 6379/864/1834 4702/866/1969 4703/864/1694
f 4704/863/1692 6379/864/1834 4703/864/1694
f 6386/828/1848 6388/827/1849 6385/828/1960
f 6387/828/1851 6389/827/1961 6386/828/1848
f 6388/827/1849 6392/826/1853 6391/826/1854
f 6389/827/1961 6393/826/1855 6392/826/1853
f 3781/794/1714 6385/828/1960 4713/828/1713
f 4760/794/1846 6385/828/1960 4759/794/1847
f 4761/794/1845 6386/828/1848 4760/794/1846
f 3792/794/1826 6387/828/1851 4761/794/1845
f 6387/828/1851 4751/827/1922 6390/827/1857
f 4751/827/1922 6393/826/1855 6390/827/1857
f 6393/826/1855 3790/680/1732 4756/680/1731
f 6392/826/1853 4756/680/1731 4757/680/1882
f 6391/826/1854 4757/680/1882 4758/680/1883
f 6391/826/1854 3777/680/1869 4711/826/1878
f 6388/827/1849 4711/826/1878 4712/827/1938
f 4713/828/1713 6388/827/1849 4712/827/1938
f 6395/841/1858 6397/840/1989 6394/841/1964
f 6396/841/1861 6398/840/1862 6395/841/1858
f 6397/840/1989 6401/839/1990 6400/839/1864
f 6398/840/1862 6402/839/1927 6401/839/1990
f 3779/693/1673 6394/841/1964 4695/841/1931
f 4754/693/1737 6394/841/1964 4753/693/1738
f 4755/693/1736 6395/841/1858 4754/693/1737
f 3789/693/1735 6396/841/1861 4755/693/1736
f 6396/841/1861 4745/840/1832 6399/840/1928
f 4745/840/1832 6402/839/1927 6399/840/1928
f 6402/839/1927 3791/790/1830 4762/790/1843
f 6401/839/1990 4762/790/1843 4763/790/1841
f 6400/839/1864 4763/790/1841 4764/790/1988
f 6400/839/1864 3783/790/1693 4693/839/1675
f 6397/840/1989 4693/839/1675 4694/840/1674
f 4695/841/1931 6397/840/1989 4694/840/1674
f 6403/842/1641 6407/600/1642 6406/602/1966
f 6405/843/1867 6407/600/1642 6404/844/1645
f 6406/602/1966 6410/845/1646 6409/846/1647
f 6408/605/1868 6410/845/1646 6407/600/1642
f 4767/696/1649 4768/606/1650 3793/608/1869
f 4766/695/1991 6403/842/1641 4767/696/1649
f 4766/695/1991 6405/843/1867 6404/844/1645
f 4765/694/1653 4776/847/1992 6405/843/1867
f 4776/847/1992 6408/605/1868 6405/843/1867
f 4775/617/1655 6411/848/1656 6408/605/1868
f 4774/849/1657 4773/710/1658 6411/848/1656
f 6411/848/1656 4772/709/1659 6410/845/1646
f 6409/846/1647 4772/709/1659 4771/708/1660
f 4770/611/1930 4771/708/1660 3794/706/1662
f 4769/609/1663 6409/846/1647 4770/611/1930
f 4768/606/1650 6406/602/1966 4769/609/1663
f 6413/850/1870 6415/622/1665 6412/851/1666
f 6414/852/1967 6416/626/1968 6413/850/1870
f 6416/626/1968 6418/853/1669 6415/622/1665
f 6417/629/1670 6419/854/1671 6416/626/1968
f 4779/841/1931 4776/847/1992 3795/693/1673
f 4778/840/1674 6412/851/1666 4779/841/1931
f 4777/839/1675 6413/850/1870 4778/840/1674
f 4777/839/1675 4785/855/1676 6414/852/1967
f 4785/855/1676 6417/629/1670 6414/852/1967
f 4784/637/1677 6420/856/1678 6417/629/1670
f 4783/857/1876 4782/763/1680 6420/856/1678
f 6420/856/1678 4781/762/1681 6419/854/1671
f 6419/854/1671 4780/761/1682 6418/853/1669
f 6418/853/1669 3796/711/1683 4774/849/1657
f 6415/622/1665 4774/849/1657 4775/617/1655
f 6412/851/1666 4775/617/1655 4776/847/1992
f 6422/858/1684 6424/642/1685 6421/859/1686
f 6422/858/1684 6426/647/1687 6425/646/1688
f 6425/646/1688 6427/860/1934 6424/642/1685
f 6425/646/1688 6429/861/1690 6428/862/1691
f 4788/863/1692 4785/855/1676 3799/790/1693
f 4787/864/1694 6421/859/1686 4788/863/1692
f 4787/864/1694 6423/865/1695 6422/858/1684
f 4786/866/1993 4794/867/1697 6423/865/1695
f 6423/865/1695 4793/657/1698 6426/647/1687
f 6426/647/1687 4792/868/1994 6429/861/1690
f 6429/861/1690 3798/735/1700 4791/869/1701
f 6428/862/1691 4791/869/1701 4790/870/1702
f 6428/862/1691 4789/871/1703 6427/860/1934
f 6427/860/1934 3800/723/1704 4783/857/1876
f 6424/642/1685 4783/857/1876 4784/637/1677
f 6421/859/1686 4784/637/1677 4785/855/1676
f 6430/872/1705 6434/663/1706 6433/665/1707
f 6431/873/1708 6435/667/1709 6434/663/1706
f 6433/665/1707 6437/874/1937 6436/875/1711
f 6434/663/1706 6438/876/1712 6437/874/1937
f 4797/828/1713 4794/867/1697 3797/794/1714
f 4797/828/1713 6431/873/1708 6430/872/1705
f 4796/827/1715 6432/877/1877 6431/873/1708
f 4795/826/1878 4768/678/1650 6432/877/1877
f 6432/877/1877 4769/677/1663 6435/667/1709
f 6435/667/1709 4770/676/1930 6438/876/1712
f 6438/876/1712 3794/675/1662 4800/750/1970
f 6437/874/1937 4800/750/1970 4799/749/1719
f 6436/875/1711 4799/749/1719 4798/748/1720
f 4792/868/1994 4798/748/1720 3798/735/1700
f 4793/657/1698 6436/875/1711 4792/868/1994
f 4794/867/1697 6433/665/1707 4793/657/1698
f 6440/696/1721 6442/695/1722 6439/696/1971
f 6441/696/1724 6443/695/1995 6440/696/1721
f 6442/695/1722 6446/694/1726 6445/694/1939
f 6443/695/1995 6447/694/1728 6446/694/1726
f 3793/608/1869 6439/696/1971 4767/696/1649
f 4841/608/1729 6439/696/1971 4842/608/1883
f 4840/608/1996 6440/696/1721 4841/608/1729
f 3806/608/1732 6441/696/1724 4840/608/1996
f 6441/696/1724 4826/695/1733 6444/695/1734
f 4826/695/1733 6447/694/1728 6444/695/1734
f 6447/694/1728 3805/693/1735 4839/693/1736
f 6446/694/1726 4839/693/1736 4838/693/1737
f 6445/694/1939 4838/693/1737 4837/693/1738
f 6445/694/1939 3795/693/1673 4765/694/1653
f 6442/695/1722 4765/694/1653 4766/695/1991
f 4767/696/1649 6442/695/1722 4766/695/1991
f 6448/710/1739 6452/709/1885 6451/709/1741
f 6450/710/1742 6452/709/1885 6449/710/1940
f 6452/709/1885 6454/708/1744 6451/709/1741
f 6452/709/1885 6456/708/1941 6455/708/1942
f 3796/711/1683 6448/710/1739 4773/710/1658
f 4818/711/1747 6449/710/1940 6448/710/1739
f 4816/711/1748 6449/710/1940 4817/711/1974
f 3802/711/1997 6450/710/1742 4816/711/1748
f 4803/710/1751 6453/709/1752 6450/710/1742
f 6453/709/1752 4801/708/1943 6456/708/1941
f 6456/708/1941 3801/706/1998 4815/706/1755
f 6455/708/1942 4815/706/1755 4814/706/1756
f 6455/708/1942 4813/706/1757 6454/708/1744
f 6454/708/1744 3794/706/1662 4771/708/1660
f 6451/709/1741 4771/708/1660 4772/709/1659
f 4773/710/1658 6451/709/1741 4772/709/1659
f 6458/878/1944 6460/879/1945 6457/880/1976
f 6458/878/1944 6462/881/1761 6461/882/1892
f 6460/879/1945 6464/883/1999 6463/884/1764
f 6462/881/1761 6464/883/1999 6461/882/1892
f 4807/871/2000 4806/721/1978 3803/723/1979
f 4808/870/1768 6457/880/1976 4807/871/2000
f 4808/870/1768 6459/885/1897 6458/878/1944
f 4809/869/1898 4810/733/1771 6459/885/1897
f 6459/885/1897 4811/732/1772 6462/881/1761
f 4811/732/1772 6465/886/1899 6462/881/1761
f 4812/731/1774 4801/730/1943 6465/886/1899
f 6465/886/1899 4802/728/1949 6464/883/1999
f 6463/884/1764 4802/728/1949 4803/727/1751
f 4804/726/1776 4803/727/1751 3802/887/1997
f 4805/724/2001 6463/884/1764 4804/726/1776
f 6457/880/1976 4805/724/2001 4806/721/1978
f 6467/750/1778 6469/749/2002 6466/750/1901
f 6468/750/1781 6470/749/1782 6467/750/1778
f 6470/749/1782 6472/748/1783 6469/749/2002
f 6471/749/1784 6473/748/1785 6470/749/1782
f 4813/675/1757 4800/750/1970 3794/675/1662
f 4814/675/1756 6466/750/1901 4813/675/1757
f 4815/675/1755 6467/750/1778 4814/675/1756
f 3801/675/1998 6468/750/1781 4815/675/1755
f 4812/750/1774 6471/749/1784 6468/750/1781
f 4811/749/1772 6474/748/1786 6471/749/1784
f 6474/748/1786 3804/735/1903 4821/735/1788
f 6474/748/1786 4820/735/1789 6473/748/1785
f 6473/748/1785 4819/735/1953 6472/748/1783
f 6472/748/1783 3798/735/1700 4798/748/1720
f 6469/749/2002 4798/748/1720 4799/749/1719
f 6466/750/1901 4799/749/1719 4800/750/1970
f 6475/763/1791 6479/762/1792 6478/762/1793
f 6476/763/2003 6480/762/1985 6479/762/1792
f 6478/762/1793 6482/761/1796 6481/761/1797
f 6479/762/1792 6483/761/1798 6482/761/1796
f 3800/723/1704 6475/763/1791 4782/763/1680
f 4824/723/1905 6476/763/2003 6475/763/1791
f 4823/723/1800 6477/763/1801 6476/763/2003
f 3803/723/1979 6477/763/1801 4822/723/1802
f 6477/763/1801 4805/762/2001 6480/762/1985
f 6480/762/1985 4804/761/1776 6483/761/1798
f 6483/761/1798 3802/711/1997 4816/711/1748
f 6482/761/1796 4816/711/1748 4817/711/1974
f 6481/761/1797 4817/711/1974 4818/711/1747
f 4780/761/1682 4818/711/1747 3796/711/1683
f 4781/762/1681 6481/761/1797 4780/761/1682
f 4782/763/1680 6478/762/1793 4781/762/1681
f 6485/869/1803 6487/870/1804 6484/869/1805
f 6486/869/1806 6488/870/1807 6485/869/1803
f 6487/870/1804 6491/871/1808 6490/871/1809
f 6488/870/1807 6492/871/1810 6491/871/1808
f 4819/735/1953 4791/869/1701 3798/735/1700
f 4820/735/1789 6484/869/1805 4819/735/1953
f 4821/735/1788 6485/869/1803 4820/735/1789
f 3804/735/1903 6486/869/1806 4821/735/1788
f 4809/869/1898 6489/870/1811 6486/869/1806
f 6489/870/1811 4807/871/2000 6492/871/1810
f 6492/871/1810 3803/723/1979 4822/723/1802
f 6491/871/1808 4822/723/1802 4823/723/1800
f 6490/871/1809 4823/723/1800 4824/723/1905
f 4789/871/1703 4824/723/1905 3800/723/1704
f 4790/870/1702 6490/871/1809 4789/871/1703
f 6484/869/1805 4790/870/1702 4791/869/1701
f 6493/888/1812 6497/889/1813 6496/890/1814
f 6495/891/1815 6497/889/1813 6494/892/1816
f 6497/889/1813 6499/893/1817 6496/890/1814
f 6497/889/1813 6501/894/1909 6500/895/1910
f 3805/785/1735 6493/888/1812 4830/787/1911
f 4825/786/1821 6494/892/1816 6493/888/1812
f 4827/799/1912 6494/892/1816 4826/800/1733
f 3806/798/1732 6495/891/1815 4827/799/1912
f 4834/797/2004 6498/896/1824 6495/891/1815
f 6498/896/1824 4836/795/1825 6501/894/1909
f 6501/894/1909 3808/794/1826 4831/866/1827
f 6500/895/1910 4831/866/1827 4832/864/1828
f 6500/895/1910 4833/863/1829 6499/893/1817
f 6499/893/1817 3807/790/2005 4828/788/1831
f 6496/890/1814 4828/788/1831 4829/789/1832
f 4830/787/1911 6496/890/1814 4829/789/1832
f 6503/863/1833 6505/864/1834 6502/863/1835
f 6504/863/2006 6506/864/1837 6503/863/1833
f 6505/864/1834 6509/866/1957 6508/866/1839
f 6506/864/1837 6510/866/1840 6509/866/1957
f 3799/790/1693 6502/863/1835 4788/863/1692
f 4847/790/1841 6502/863/1835 4848/790/1988
f 4846/790/1843 6503/863/1833 4847/790/1841
f 3807/790/2005 6504/863/2006 4846/790/1843
f 6504/863/2006 4832/864/1828 6507/864/1917
f 4832/864/1828 6510/866/1840 6507/864/1917
f 6510/866/1840 3808/794/1826 4845/794/1845
f 6509/866/1957 4845/794/1845 4844/794/1918
f 6508/866/1839 4844/794/1918 4843/794/2007
f 6508/866/1839 3797/794/1714 4786/866/1993
f 6505/864/1834 4786/866/1993 4787/864/1694
f 4788/863/1692 6505/864/1834 4787/864/1694
f 6512/828/2008 6514/827/1849 6511/828/1850
f 6513/828/1851 6515/827/1852 6512/828/2008
f 6514/827/1849 6518/826/1853 6517/826/1854
f 6515/827/1852 6519/826/1855 6518/826/1853
f 3797/794/1714 6511/828/1850 4797/828/1713
f 4844/794/1918 6511/828/1850 4843/794/2007
f 4845/794/1845 6512/828/2008 4844/794/1918
f 3808/794/1826 6513/828/1851 4845/794/1845
f 6513/828/1851 4835/827/1922 6516/827/1963
f 4835/827/1922 6519/826/1855 6516/827/1963
f 6519/826/1855 3806/680/1732 4840/680/1996
f 6518/826/1853 4840/680/1996 4841/680/1729
f 6517/826/1854 4841/680/1729 4842/680/1883
f 6517/826/1854 3793/680/1869 4795/826/1878
f 6514/827/1849 4795/826/1878 4796/827/1715
f 4797/828/1713 6514/827/1849 4796/827/1715
f 6521/841/2009 6523/840/1859 6520/841/1860
f 6522/841/1924 6524/840/1925 6521/841/2009
f 6523/840/1859 6527/839/1863 6526/839/1864
f 6524/840/1925 6528/839/1927 6527/839/1863
f 3795/693/1673 6520/841/1860 4779/841/1931
f 4838/693/1737 6520/841/1860 4837/693/1738
f 4839/693/1736 6521/841/2009 4838/693/1737
f 3805/693/1735 6522/841/1924 4839/693/1736
f 6522/841/1924 4829/840/1832 6525/840/1928
f 4829/840/1832 6528/839/1927 6525/840/1928
f 6528/839/1927 3807/790/2005 4846/790/1843
f 6527/839/1863 4846/790/1843 4847/790/1841
f 6526/839/1864 4847/790/1841 4848/790/1988
f 6526/839/1864 3799/790/1693 4777/839/1675
f 6523/840/1859 4777/839/1675 4778/840/1674
f 4779/841/1931 6523/840/1859 4778/840/1674
f 6529/842/1641 6533/600/1642 6532/602/1643
f 6531/843/1867 6533/600/1642 6530/844/1645
f 6532/602/1643 6536/845/1646 6535/846/1647
f 6534/605/1868 6536/845/1646 6533/600/1642
f 4851/696/2010 4852/606/1650 3809/608/1869
f 4850/695/1652 6529/842/1641 4851/696/2010
f 4850/695/1652 6531/843/1867 6530/844/1645
f 4849/694/1653 4860/847/1654 6531/843/1867
f 4860/847/1654 6534/605/1868 6531/843/1867
f 4859/617/1655 6537/848/1656 6534/605/1868
f 4858/849/1657 4857/710/1658 6537/848/1656
f 6537/848/1656 4856/709/1659 6536/845/1646
f 6535/846/1647 4856/709/1659 4855/708/1660
f 4854/611/1930 4855/708/1660 3810/706/1662
f 4853/609/1663 6535/846/1647 4854/611/1930
f 4852/606/1650 6532/602/1643 4853/609/1663
f 6539/850/1870 6541/622/1665 6538/851/1666
f 6540/852/1967 6542/626/1668 6539/850/1870
f 6542/626/1668 6544/853/1669 6541/622/1665
f 6543/629/1670 6545/854/1671 6542/626/1668
f 4863/841/1873 4860/847/1654 3811/693/1673
f 4862/840/1674 6538/851/1666 4863/841/1873
f 4861/839/1874 6539/850/1870 4862/840/1674
f 4861/839/1874 4869/855/1676 6540/852/1967
f 4869/855/1676 6543/629/1670 6540/852/1967
f 4868/637/1677 6546/856/1678 6543/629/1670
f 4867/857/1679 4866/763/1680 6546/856/1678
f 6546/856/1678 4865/762/1681 6545/854/1671
f 6545/854/1671 4864/761/1682 6544/853/1669
f 6544/853/1669 3812/711/1683 4858/849/1657
f 6541/622/1665 4858/849/1657 4859/617/1655
f 6538/851/1666 4859/617/1655 4860/847/1654
f 6548/858/1684 6550/642/1685 6547/859/1686
f 6548/858/1684 6552/647/1687 6551/646/1688
f 6551/646/1688 6553/860/1689 6550/642/1685
f 6551/646/1688 6555/861/1690 6554/862/1691
f 4872/863/1692 4869/855/1676 3815/790/1693
f 4871/864/1694 6547/859/1686 4872/863/1692
f 4871/864/1694 6549/865/1695 6548/858/1684
f 4870/866/1993 4878/867/1697 6549/865/1695
f 6549/865/1695 4877/657/1698 6552/647/1687
f 6552/647/1687 4876/868/1699 6555/861/1690
f 6555/861/1690 3814/735/1700 4875/869/1936
f 6554/862/1691 4875/869/1936 4874/870/1702
f 6554/862/1691 4873/871/1703 6553/860/1689
f 6553/860/1689 3816/723/1704 4867/857/1679
f 6550/642/1685 4867/857/1679 4868/637/1677
f 6547/859/1686 4868/637/1677 4869/855/1676
f 6556/872/1705 6560/663/1706 6559/665/1707
f 6557/873/1708 6561/667/1709 6560/663/1706
f 6559/665/1707 6563/874/1710 6562/875/1711
f 6560/663/1706 6564/876/1712 6563/874/1710
f 4881/828/1713 4878/867/1697 3813/794/1714
f 4881/828/1713 6557/873/1708 6556/872/1705
f 4880/827/1715 6558/877/1716 6557/873/1708
f 4879/826/1717 4852/678/1650 6558/877/1716
f 6558/877/1716 4853/677/1663 6561/667/1709
f 6561/667/1709 4854/676/1930 6564/876/1712
f 6564/876/1712 3810/675/1662 4884/750/1879
f 6563/874/1710 4884/750/1879 4883/749/2011
f 6562/875/1711 4883/749/2011 4882/748/1880
f 4876/868/1699 4882/748/1880 3814/735/1700
f 4877/657/1698 6562/875/1711 4876/868/1699
f 4878/867/1697 6559/665/1707 4877/657/1698
f 6566/696/1721 6568/695/1722 6565/696/1971
f 6567/696/1724 6569/695/1995 6566/696/1721
f 6568/695/1722 6572/694/1726 6571/694/1939
f 6569/695/1995 6573/694/1728 6572/694/1726
f 3809/608/1869 6565/696/1971 4851/696/2010
f 4925/608/1729 6565/696/1971 4926/608/1883
f 4924/608/1731 6566/696/1721 4925/608/1729
f 3822/608/1732 6567/696/1724 4924/608/1731
f 6567/696/1724 4910/695/1733 6570/695/2012
f 4910/695/1733 6573/694/1728 6570/695/2012
f 6573/694/1728 3821/693/1735 4923/693/1736
f 6572/694/1726 4923/693/1736 4922/693/1737
f 6571/694/1939 4922/693/1737 4921/693/1738
f 6571/694/1939 3811/693/1673 4849/694/1653
f 6568/695/1722 4849/694/1653 4850/695/1652
f 4851/696/2010 6568/695/1722 4850/695/1652
f 6574/710/1739 6578/709/1885 6577/709/1741
f 6576/710/1742 6578/709/1885 6575/710/1940
f 6578/709/1885 6580/708/1744 6577/709/1741
f 6578/709/1885 6582/708/1941 6581/708/1942
f 3812/711/1683 6574/710/1739 4857/710/1658
f 4902/711/1747 6575/710/1940 6574/710/1739
f 4900/711/1748 6575/710/1940 4901/711/1749
f 3818/711/1887 6576/710/1742 4900/711/1748
f 4887/710/1751 6579/709/1888 6576/710/1742
f 6579/709/1888 4885/708/1943 6582/708/1941
f 6582/708/1941 3817/706/1754 4899/706/1755
f 6581/708/1942 4899/706/1755 4898/706/1756
f 6581/708/1942 4897/706/1757 6580/708/1744
f 6580/708/1744 3810/706/1662 4855/708/1660
f 6577/709/1741 4855/708/1660 4856/709/1659
f 4857/710/1658 6577/709/1741 4856/709/1659
f 6584/878/1944 6586/879/1945 6583/880/1976
f 6584/878/1944 6588/881/2013 6587/882/1762
f 6586/879/1945 6590/883/1893 6589/884/1764
f 6588/881/2013 6590/883/1893 6587/882/1762
f 4891/871/1765 4890/721/1766 3819/723/1979
f 4892/870/1896 6583/880/1976 4891/871/1765
f 4892/870/1896 6585/885/1948 6584/878/1944
f 4893/869/1898 4894/733/2014 6585/885/1948
f 6585/885/1948 4895/732/2015 6588/881/2013
f 4895/732/2015 6591/886/1899 6588/881/2013
f 4896/731/1774 4885/730/1943 6591/886/1899
f 6591/886/1899 4886/728/1949 6590/883/1893
f 6589/884/1764 4886/728/1949 4887/727/1751
f 4888/726/1776 4887/727/1751 3818/887/1887
f 4889/724/1777 6589/884/1764 4888/726/1776
f 6583/880/1976 4889/724/1777 4890/721/1766
f 6593/750/1778 6595/749/2002 6592/750/1901
f 6594/750/1781 6596/749/1782 6593/750/1778
f 6596/749/1782 6598/748/1783 6595/749/2002
f 6597/749/1784 6599/748/1785 6596/749/1782
f 4897/675/1757 4884/750/1879 3810/675/1662
f 4898/675/1756 6592/750/1901 4897/675/1757
f 4899/675/1755 6593/750/1778 4898/675/1756
f 3817/675/1754 6594/750/1781 4899/675/1755
f 4896/750/1774 6597/749/1784 6594/750/1781
f 4895/749/2015 6600/748/1786 6597/749/1784
f 6600/748/1786 3820/735/1951 4905/735/1788
f 6600/748/1786 4904/735/1789 6599/748/1785
f 6599/748/1785 4903/735/1953 6598/748/1783
f 6598/748/1783 3814/735/1700 4882/748/1880
f 6595/749/2002 4882/748/1880 4883/749/2011
f 6592/750/1901 4883/749/2011 4884/750/1879
f 6601/763/1791 6605/762/2016 6604/762/1793
f 6602/763/2003 6606/762/1795 6605/762/2016
f 6604/762/1793 6608/761/1796 6607/761/1797
f 6605/762/2016 6609/761/1798 6608/761/1796
f 3816/723/1704 6601/763/1791 4866/763/1680
f 4908/723/1905 6602/763/2003 6601/763/1791
f 4907/723/1800 6603/763/1801 6602/763/2003
f 3819/723/1979 6603/763/1801 4906/723/1802
f 6603/763/1801 4889/762/1777 6606/762/1795
f 6606/762/1795 4888/761/1776 6609/761/1798
f 6609/761/1798 3818/711/1887 4900/711/1748
f 6608/761/1796 4900/711/1748 4901/711/1749
f 6607/761/1797 4901/711/1749 4902/711/1747
f 4864/761/1682 4902/711/1747 3812/711/1683
f 4865/762/1681 6607/761/1797 4864/761/1682
f 4866/763/1680 6604/762/1793 4865/762/1681
f 6611/869/1803 6613/870/1804 6610/869/1805
f 6612/869/1806 6614/870/1807 6611/869/1803
f 6613/870/1804 6617/871/1808 6616/871/1809
f 6614/870/1807 6618/871/1810 6617/871/1808
f 4903/735/1953 4875/869/1936 3814/735/1700
f 4904/735/1789 6610/869/1805 4903/735/1953
f 4905/735/1788 6611/869/1803 4904/735/1789
f 3820/735/1951 6612/869/1806 4905/735/1788
f 4893/869/1898 6615/870/1811 6612/869/1806
f 6615/870/1811 4891/871/1765 6618/871/1810
f 6618/871/1810 3819/723/1979 4906/723/1802
f 6617/871/1808 4906/723/1802 4907/723/1800
f 6616/871/1809 4907/723/1800 4908/723/1905
f 4873/871/1703 4908/723/1905 3816/723/1704
f 4874/870/1702 6616/871/1809 4873/871/1703
f 6610/869/1805 4874/870/1702 4875/869/1936
f 6619/888/1812 6623/889/1813 6622/890/1814
f 6621/891/1815 6623/889/1813 6620/892/1816
f 6623/889/1813 6625/893/1817 6622/890/1814
f 6623/889/1813 6627/894/1909 6626/895/1910
f 3821/785/1735 6619/888/1812 4914/787/1820
f 4909/786/1821 6620/892/1816 6619/888/1812
f 4911/799/1822 6620/892/1816 4910/800/1733
f 3822/798/1732 6621/891/1815 4911/799/1822
f 4918/797/1823 6624/896/1824 6621/891/1815
f 6624/896/1824 4920/795/1825 6627/894/1909
f 6627/894/1909 3824/794/1955 4915/866/1827
f 6626/895/1910 4915/866/1827 4916/864/1828
f 6626/895/1910 4917/863/1829 6625/893/1817
f 6625/893/1817 3823/790/2005 4912/788/1831
f 6622/890/1814 4912/788/1831 4913/789/1832
f 4914/787/1820 6622/890/1814 4913/789/1832
f 6629/863/1833 6631/864/1834 6628/863/1835
f 6630/863/1836 6632/864/1837 6629/863/1833
f 6631/864/1834 6635/866/1957 6634/866/1839
f 6632/864/1837 6636/866/1840 6635/866/1957
f 3815/790/1693 6628/863/1835 4872/863/1692
f 4931/790/1841 6628/863/1835 4932/790/1988
f 4930/790/1843 6629/863/1833 4931/790/1841
f 3823/790/2005 6630/863/1836 4930/790/1843
f 6630/863/1836 4916/864/1828 6633/864/1917
f 4916/864/1828 6636/866/1840 6633/864/1917
f 6636/866/1840 3824/794/1955 4929/794/1845
f 6635/866/1957 4929/794/1845 4928/794/1846
f 6634/866/1839 4928/794/1846 4927/794/1847
f 6634/866/1839 3813/794/1714 4870/866/1993
f 6631/864/1834 4870/866/1993 4871/864/1694
f 4872/863/1692 6631/864/1834 4871/864/1694
f 6638/828/1848 6640/827/1849 6637/828/1850
f 6639/828/1851 6641/827/1852 6638/828/1848
f 6640/827/1849 6644/826/1853 6643/826/1854
f 6641/827/1852 6645/826/1855 6644/826/1853
f 3813/794/1714 6637/828/1850 4881/828/1713
f 4928/794/1846 6637/828/1850 4927/794/1847
f 4929/794/1845 6638/828/1848 4928/794/1846
f 3824/794/1955 6639/828/1851 4929/794/1845
f 6639/828/1851 4919/827/1856 6642/827/1963
f 4919/827/1856 6645/826/1855 6642/827/1963
f 6645/826/1855 3822/680/1732 4924/680/1731
f 6644/826/1853 4924/680/1731 4925/680/1729
f 6643/826/1854 4925/680/1729 4926/680/1883
f 6643/826/1854 3809/680/1869 4879/826/1717
f 6640/827/1849 4879/826/1717 4880/827/1715
f 4881/828/1713 6640/827/1849 4880/827/1715
f 6647/841/2009 6649/840/1859 6646/841/1860
f 6648/841/1924 6650/840/1925 6647/841/2009
f 6649/840/1859 6653/839/1863 6652/839/1864
f 6650/840/1925 6654/839/1927 6653/839/1863
f 3811/693/1673 6646/841/1860 4863/841/1873
f 4922/693/1737 6646/841/1860 4921/693/1738
f 4923/693/1736 6647/841/2009 4922/693/1737
f 3821/693/1735 6648/841/1924 4923/693/1736
f 6648/841/1924 4913/840/1832 6651/840/1928
f 4913/840/1832 6654/839/1927 6651/840/1928
f 6654/839/1927 3823/790/2005 4930/790/1843
f 6653/839/1863 4930/790/1843 4931/790/1841
f 6652/839/1864 4931/790/1841 4932/790/1988
f 6652/839/1864 3815/790/1693 4861/839/1874
f 6649/840/1859 4861/839/1874 4862/840/1674
f 4863/841/1873 6649/840/1859 4862/840/1674
f 6655/842/1641 6659/600/1642 6658/602/2017
f 6657/843/1644 6659/600/1642 6656/844/1645
f 6658/602/2017 6662/845/1646 6661/846/1647
f 6660/605/1868 6662/845/1646 6659/600/1642
f 4935/696/1649 4936/606/1650 3825/608/1869
f 4934/695/2018 6655/842/1641 4935/696/1649
f 4934/695/2018 6657/843/1644 6656/844/1645
f 4933/694/1653 4944/847/1654 6657/843/1644
f 4944/847/1654 6660/605/1868 6657/843/1644
f 4943/617/1655 6663/848/1656 6660/605/1868
f 4942/849/1657 4941/710/1658 6663/848/1656
f 6663/848/1656 4940/709/1659 6662/845/1646
f 6661/846/1647 4940/709/1659 4939/708/1660
f 4938/611/1661 4939/708/1660 3826/706/2019
f 4937/609/1663 6661/846/1647 4938/611/1661
f 4936/606/1650 6658/602/2017 4937/609/1663
f 6665/850/1664 6667/622/1665 6664/851/1666
f 6666/852/1871 6668/626/1872 6665/850/1664
f 6668/626/1872 6670/853/1669 6667/622/1665
f 6669/629/1670 6671/854/1671 6668/626/1872
f 4947/841/1873 4944/847/1654 3827/693/1673
f 4946/840/1674 6664/851/1666 4947/841/1873
f 4945/839/1675 6665/850/1664 4946/840/1674
f 4945/839/1675 4953/855/1676 6666/852/1871
f 4953/855/1676 6669/629/1670 6666/852/1871
f 4952/637/1677 6672/856/1678 6669/629/1670
f 4951/857/1679 4950/763/1680 6672/856/1678
f 6672/856/1678 4949/762/1681 6671/854/1671
f 6671/854/1671 4948/761/1682 6670/853/1669
f 6670/853/1669 3828/711/1683 4942/849/1657
f 6667/622/1665 4942/849/1657 4943/617/1655
f 6664/851/1666 4943/617/1655 4944/847/1654
f 6674/858/1684 6676/642/1685 6673/859/1686
f 6674/858/1684 6678/647/1687 6677/646/1688
f 6677/646/1688 6679/860/1934 6676/642/1685
f 6677/646/1688 6681/861/1690 6680/862/1691
f 4956/863/1692 4953/855/1676 3831/790/1693
f 4955/864/1694 6673/859/1686 4956/863/1692
f 4955/864/1694 6675/865/1695 6674/858/1684
f 4954/866/1969 4962/867/1697 6675/865/1695
f 6675/865/1695 4961/657/1698 6678/647/1687
f 6678/647/1687 4960/868/1699 6681/861/1690
f 6681/861/1690 3830/735/2020 4959/869/1701
f 6680/862/1691 4959/869/1701 4958/870/1702
f 6680/862/1691 4957/871/1703 6679/860/1934
f 6679/860/1934 3832/723/1704 4951/857/1679
f 6676/642/1685 4951/857/1679 4952/637/1677
f 6673/859/1686 4952/637/1677 4953/855/1676
f 6682/872/1705 6686/663/1706 6685/665/1707
f 6683/873/1708 6687/667/1709 6686/663/1706
f 6685/665/1707 6689/874/1710 6688/875/1711
f 6686/663/1706 6690/876/1712 6689/874/1710
f 4965/828/1713 4962/867/1697 3829/794/1714
f 4965/828/1713 6683/873/1708 6682/872/1705
f 4964/827/1715 6684/877/1716 6683/873/1708
f 4963/826/1878 4936/678/1650 6684/877/1716
f 6684/877/1716 4937/677/1663 6687/667/1709
f 6687/667/1709 4938/676/1661 6690/876/1712
f 6690/876/1712 3826/675/2019 4968/750/1718
f 6689/874/1710 4968/750/1718 4967/749/1719
f 6688/875/1711 4967/749/1719 4966/748/1720
f 4960/868/1699 4966/748/1720 3830/735/2020
f 4961/657/1698 6688/875/1711 4960/868/1699
f 4962/867/1697 6685/665/1707 4961/657/1698
f 6692/696/1721 6694/695/1881 6691/696/1971
f 6693/696/1724 6695/695/1995 6692/696/1721
f 6694/695/1881 6698/694/1726 6697/694/1939
f 6695/695/1995 6699/694/1728 6698/694/1726
f 3825/608/1869 6691/696/1971 4935/696/1649
f 5009/608/1729 6691/696/1971 5010/608/1883
f 5008/608/2021 6692/696/1721 5009/608/1729
f 3838/608/1732 6693/696/1724 5008/608/2021
f 6693/696/1724 4994/695/1733 6696/695/2012
f 4994/695/1733 6699/694/1728 6696/695/2012
f 6699/694/1728 3837/693/1735 5007/693/1736
f 6698/694/1726 5007/693/1736 5006/693/1737
f 6697/694/1939 5006/693/1737 5005/693/1738
f 6697/694/1939 3827/693/1673 4933/694/1653
f 6694/695/1881 4933/694/1653 4934/695/2018
f 4935/696/1649 6694/695/1881 4934/695/2018
f 6700/710/1739 6704/709/1885 6703/709/1741
f 6702/710/1742 6704/709/1885 6701/710/1743
f 6704/709/1885 6706/708/1744 6703/709/1741
f 6704/709/1885 6708/708/1941 6707/708/1942
f 3828/711/1683 6700/710/1739 4941/710/1658
f 4986/711/1747 6701/710/1743 6700/710/1739
f 4984/711/1748 6701/710/1743 4985/711/2022
f 3834/711/1887 6702/710/1742 4984/711/1748
f 4971/710/1751 6705/709/1888 6702/710/1742
f 6705/709/1888 4969/708/1753 6708/708/1941
f 6708/708/1941 3833/706/1754 4983/706/1755
f 6707/708/1942 4983/706/1755 4982/706/1756
f 6707/708/1942 4981/706/1757 6706/708/1744
f 6706/708/1744 3826/706/2019 4939/708/1660
f 6703/709/1741 4939/708/1660 4940/709/1659
f 4941/710/1658 6703/709/1741 4940/709/1659
f 6710/878/1758 6712/879/1945 6709/880/1976
f 6710/878/1758 6714/881/1891 6713/882/1762
f 6712/879/1945 6716/883/1893 6715/884/1764
f 6714/881/1891 6716/883/1893 6713/882/1762
f 4975/871/2000 4974/721/1894 3835/723/1895
f 4976/870/1896 6709/880/1976 4975/871/2000
f 4976/870/1896 6711/885/1948 6710/878/1758
f 4977/869/1898 4978/733/2014 6711/885/1948
f 6711/885/1948 4979/732/1772 6714/881/1891
f 4979/732/1772 6717/886/1899 6714/881/1891
f 4980/731/1774 4969/730/1753 6717/886/1899
f 6717/886/1899 4970/728/1949 6716/883/1893
f 6715/884/1764 4970/728/1949 4971/727/1751
f 4972/726/1776 4971/727/1751 3834/887/1887
f 4973/724/1777 6715/884/1764 4972/726/1776
f 6709/880/1976 4973/724/1777 4974/721/1894
f 6719/750/1778 6721/749/1779 6718/750/1780
f 6720/750/1781 6722/749/1782 6719/750/1778
f 6722/749/1782 6724/748/1783 6721/749/1779
f 6723/749/1784 6725/748/1785 6722/749/1782
f 4981/675/1757 4968/750/1718 3826/675/2019
f 4982/675/1756 6718/750/1780 4981/675/1757
f 4983/675/1755 6719/750/1778 4982/675/1756
f 3833/675/1754 6720/750/1781 4983/675/1755
f 4980/750/1774 6723/749/1784 6720/750/1781
f 4979/749/1772 6726/748/1786 6723/749/1784
f 6726/748/1786 3836/735/1951 4989/735/1952
f 6726/748/1786 4988/735/1789 6725/748/1785
f 6725/748/1785 4987/735/1953 6724/748/1783
f 6724/748/1783 3830/735/2020 4966/748/1720
f 6721/749/1779 4966/748/1720 4967/749/1719
f 6718/750/1780 4967/749/1719 4968/750/1718
f 6727/763/1791 6731/762/1792 6730/762/1793
f 6728/763/1794 6732/762/1795 6731/762/1792
f 6730/762/1793 6734/761/1796 6733/761/1797
f 6731/762/1792 6735/761/1798 6734/761/1796
f 3832/723/1704 6727/763/1791 4950/763/1680
f 4992/723/1905 6728/763/1794 6727/763/1791
f 4991/723/1800 6729/763/1801 6728/763/1794
f 3835/723/1895 6729/763/1801 4990/723/2023
f 6729/763/1801 4973/762/1777 6732/762/1795
f 6732/762/1795 4972/761/1776 6735/761/1798
f 6735/761/1798 3834/711/1887 4984/711/1748
f 6734/761/1796 4984/711/1748 4985/711/2022
f 6733/761/1797 4985/711/2022 4986/711/1747
f 4948/761/1682 4986/711/1747 3828/711/1683
f 4949/762/1681 6733/761/1797 4948/761/1682
f 4950/763/1680 6730/762/1793 4949/762/1681
f 6737/869/1803 6739/870/1804 6736/869/1805
f 6738/869/1806 6740/870/1807 6737/869/1803
f 6739/870/1804 6743/871/1808 6742/871/1809
f 6740/870/1807 6744/871/1907 6743/871/1808
f 4987/735/1953 4959/869/1701 3830/735/2020
f 4988/735/1789 6736/869/1805 4987/735/1953
f 4989/735/1952 6737/869/1803 4988/735/1789
f 3836/735/1951 6738/869/1806 4989/735/1952
f 4977/869/1898 6741/870/2024 6738/869/1806
f 6741/870/2024 4975/871/2000 6744/871/1907
f 6744/871/1907 3835/723/1895 4990/723/2023
f 6743/871/1808 4990/723/2023 4991/723/1800
f 6742/871/1809 4991/723/1800 4992/723/1905
f 4957/871/1703 4992/723/1905 3832/723/1704
f 4958/870/1702 6742/871/1809 4957/871/1703
f 6736/869/1805 4958/870/1702 4959/869/1701
f 6745/888/1812 6749/889/1813 6748/890/1814
f 6747/891/1815 6749/889/1813 6746/892/1816
f 6749/889/1813 6751/893/1817 6748/890/1814
f 6749/889/1813 6753/894/1818 6752/895/1819
f 3837/785/1735 6745/888/1812 4998/787/1820
f 4993/786/1821 6746/892/1816 6745/888/1812
f 4995/799/1822 6746/892/1816 4994/800/1733
f 3838/798/1732 6747/891/1815 4995/799/1822
f 5002/797/1823 6750/896/1824 6747/891/1815
f 6750/896/1824 5004/795/1825 6753/894/1818
f 6753/894/1818 3840/794/2025 4999/866/1827
f 6752/895/1819 4999/866/1827 5000/864/1828
f 6752/895/1819 5001/863/1829 6751/893/1817
f 6751/893/1817 3839/790/1830 4996/788/1831
f 6748/890/1814 4996/788/1831 4997/789/1832
f 4998/787/1820 6748/890/1814 4997/789/1832
f 6755/863/1833 6757/864/1834 6754/863/1835
f 6756/863/2006 6758/864/1837 6755/863/1833
f 6757/864/1834 6761/866/1957 6760/866/1839
f 6758/864/1837 6762/866/1840 6761/866/1957
f 3831/790/1693 6754/863/1835 4956/863/1692
f 5015/790/1841 6754/863/1835 5016/790/1842
f 5014/790/2026 6755/863/1833 5015/790/1841
f 3839/790/1830 6756/863/2006 5014/790/2026
f 6756/863/2006 5000/864/1828 6759/864/1917
f 5000/864/1828 6762/866/1840 6759/864/1917
f 6762/866/1840 3840/794/2025 5013/794/1845
f 6761/866/1957 5013/794/1845 5012/794/1846
f 6760/866/1839 5012/794/1846 5011/794/1847
f 6760/866/1839 3829/794/1714 4954/866/1969
f 6757/864/1834 4954/866/1969 4955/864/1694
f 4956/863/1692 6757/864/1834 4955/864/1694
f 6764/828/1848 6766/827/1849 6763/828/1850
f 6765/828/1851 6767/827/1961 6764/828/1848
f 6766/827/1849 6770/826/1853 6769/826/1854
f 6767/827/1961 6771/826/1855 6770/826/1853
f 3829/794/1714 6763/828/1850 4965/828/1713
f 5012/794/1846 6763/828/1850 5011/794/1847
f 5013/794/1845 6764/828/1848 5012/794/1846
f 3840/794/2025 6765/828/1851 5013/794/1845
f 6765/828/1851 5003/827/1922 6768/827/1857
f 5003/827/1922 6771/826/1855 6768/827/1857
f 6771/826/1855 3838/680/1732 5008/680/2021
f 6770/826/1853 5008/680/2021 5009/680/1729
f 6769/826/1854 5009/680/1729 5010/680/1883
f 6769/826/1854 3825/680/1869 4963/826/1878
f 6766/827/1849 4963/826/1878 4964/827/1715
f 4965/828/1713 6766/827/1849 4964/827/1715
f 6773/841/1858 6775/840/1859 6772/841/1860
f 6774/841/1861 6776/840/1862 6773/841/1858
f 6775/840/1859 6779/839/1863 6778/839/1864
f 6776/840/1862 6780/839/1927 6779/839/1863
f 3827/693/1673 6772/841/1860 4947/841/1873
f 5006/693/1737 6772/841/1860 5005/693/1738
f 5007/693/1736 6773/841/1858 5006/693/1737
f 3837/693/1735 6774/841/1861 5007/693/1736
f 6774/841/1861 4997/840/1832 6777/840/1866
f 4997/840/1832 6780/839/1927 6777/840/1866
f 6780/839/1927 3839/790/1830 5014/790/2026
f 6779/839/1863 5014/790/2026 5015/790/1841
f 6778/839/1864 5015/790/1841 5016/790/1842
f 6778/839/1864 3831/790/1693 4945/839/1675
f 6775/840/1859 4945/839/1675 4946/840/1674
f 4947/841/1873 6775/840/1859 4946/840/1674
f 5017/599/1242 5018/602/1245 5021/600/1243
f 5018/602/1245 5019/610/1253 5022/603/1246
f 5021/600/1243 5024/605/1248 5023/604/1247
f 5022/603/1246 5025/614/1257 5024/605/1248
f 3844/606/1249 5017/599/1242 3843/607/1250
f 3844/606/1249 3845/609/1252 5018/602/1245
f 3845/609/1252 3846/611/1254 5019/610/1253
f 3846/611/1254 3618/706/1318 3847/612/1255
f 5019/610/1253 3847/612/1255 3848/613/1256
f 3848/613/1256 3849/615/1258 5025/614/1257
f 3849/615/1258 3620/631/1274 3850/616/1259
f 5025/614/1257 3850/616/1259 3851/617/1260
f 5024/605/1248 3851/617/1260 3852/618/1261
f 3841/619/1262 5023/604/1247 3852/618/1261
f 3842/621/1264 5020/601/1244 5023/604/1247
f 5017/599/1242 5020/601/1244 3842/621/1264
f 5027/622/1265 5030/626/1269 5029/623/1266
f 5028/625/1268 5031/628/1271 5030/626/1269
f 5030/626/1269 5033/629/1272 5032/627/1270
f 5031/628/1271 5034/634/1277 5033/629/1272
f 3852/618/1261 5026/624/1267 3855/630/1273
f 3851/617/1260 5027/622/1265 5026/624/1267
f 3850/616/1259 5028/625/1268 5027/622/1265
f 3620/631/1274 3856/632/1275 5028/625/1268
f 3856/632/1275 3857/633/1276 5031/628/1271
f 3857/633/1276 3858/635/1278 5034/634/1277
f 3858/635/1278 3624/651/1294 3859/636/1279
f 5034/634/1277 3859/636/1279 3860/637/1280
f 5033/629/1272 3860/637/1280 3861/638/1281
f 3853/639/1282 5032/627/1270 3861/638/1281
f 5029/623/1266 5032/627/1270 3853/639/1282
f 5026/624/1267 5029/623/1266 3854/641/1284
f 5036/642/1285 5039/646/1289 5038/643/1286
f 5037/645/1288 5040/653/1296 5039/646/1289
f 5038/643/1286 5039/646/1289 5042/647/1290
f 5039/646/1289 5040/653/1296 5043/649/1292
f 3861/638/1281 5035/644/1287 3864/650/1293
f 3860/637/1280 5036/642/1285 5035/644/1287
f 3859/636/1279 5037/645/1288 5036/642/1285
f 3624/651/1294 3865/652/1295 5037/645/1288
f 3865/652/1295 3866/774/1411 5040/653/1296
f 5040/653/1296 3866/774/1411 3867/654/1297
f 5043/649/1292 3867/654/1297 3622/655/1298
f 5042/647/1290 5043/649/1292 3868/656/1299
f 5041/648/1291 5042/647/1290 3869/657/1300
f 3862/659/1302 5041/648/1291 3870/658/1301
f 3863/661/1304 5038/643/1286 5041/648/1291
f 5035/644/1287 5038/643/1286 3863/661/1304
f 5044/662/1305 5045/665/1308 5048/663/1306
f 5045/665/1308 5046/671/1314 5049/666/1309
f 5047/664/1307 5048/663/1306 5051/667/1310
f 5048/663/1306 5049/666/1309 5052/669/1312
f 3870/658/1301 5044/662/1305 3873/670/1313
f 3870/658/1301 3869/657/1300 5045/665/1308
f 3869/657/1300 3868/656/1299 5046/671/1314
f 3868/656/1299 3622/655/1298 3874/672/1315
f 5046/671/1314 3874/672/1315 3875/673/1316
f 5049/666/1309 3875/673/1316 3876/674/1317
f 5052/669/1312 3876/674/1317 3618/675/1318
f 5051/667/1310 5052/669/1312 3846/676/1254
f 5050/668/1311 5051/667/1310 3845/677/1252
f 3871/679/1319 5050/668/1311 3844/678/1249
f 3872/681/1320 5047/664/1307 5050/668/1311
f 3873/670/1313 5044/662/1305 5047/664/1307
f 5054/682/1321 5057/686/1325 5056/683/1322
f 5054/682/1321 5055/690/1330 5058/685/1324
f 5057/686/1325 5060/689/1328 5059/687/1326
f 5057/686/1325 5058/685/1324 5061/688/1327
f 3617/608/1251 3843/607/1250 5053/684/1323
f 3843/607/1250 3842/621/1264 5054/682/1321
f 3841/619/1262 5055/690/1330 5054/682/1321
f 3619/620/1263 3913/837/1466 5055/690/1330
f 5055/690/1330 3913/837/1466 3914/691/1331
f 5058/685/1324 3914/691/1331 3915/692/1332
f 5061/688/1327 3915/692/1332 3629/693/1333
f 5061/688/1327 3901/694/1334 3902/695/1335
f 5059/687/1326 5060/689/1328 3902/695/1335
f 5059/687/1326 3903/696/1336 3630/608/1337
f 5056/683/1322 5059/687/1326 3916/608/1338
f 5053/684/1323 5056/683/1322 3917/608/1339
f 5062/697/1340 5063/701/1344 5066/698/1341
f 5064/700/1343 5067/707/1350 5066/698/1341
f 5066/698/1341 5069/704/1347 5068/702/1345
f 5066/698/1341 5067/707/1350 5070/703/1346
f 3620/631/1274 3849/615/1258 5062/697/1340
f 3849/615/1258 3848/613/1256 5063/701/1344
f 3847/612/1255 5064/700/1343 5063/701/1344
f 3618/706/1318 3889/706/1349 5064/700/1343
f 3889/706/1349 3890/706/1390 5067/707/1350
f 5067/707/1350 3890/706/1390 3891/706/1351
f 5070/703/1346 3891/706/1351 3625/706/1352
f 5069/704/1347 5070/703/1346 3877/708/1353
f 5069/704/1347 3878/709/1354 3879/710/1355
f 5068/702/1345 3879/710/1355 3626/711/1356
f 5065/699/1342 5068/702/1345 3892/712/1357
f 3894/705/1348 5062/697/1340 5065/699/1342
f 5072/714/1359 5075/718/1363 5074/715/1360
f 5072/714/1359 5073/725/1370 5076/717/1362
f 5074/715/1360 5075/718/1363 5078/719/1364
f 5076/717/1362 5079/729/1372 5078/719/1364
f 3882/721/1366 5071/716/1361 3883/722/1367
f 3881/724/1369 5072/714/1359 5071/716/1361
f 3881/724/1369 3880/726/1371 5073/725/1370
f 3880/726/1371 3626/887/1356 3879/727/1355
f 5073/725/1370 3879/727/1355 3878/728/1354
f 3878/728/1354 3877/730/1353 5079/729/1372
f 3877/730/1353 3625/897/1352 3888/731/1373
f 5079/729/1372 3888/731/1373 3887/732/1374
f 5077/720/1365 5078/719/1364 3887/732/1374
f 3885/734/1376 5077/720/1365 3886/733/1375
f 3884/736/1378 5074/715/1360 5077/720/1365
f 5071/716/1361 5074/715/1360 3884/736/1378
f 5081/737/1379 5084/741/1383 5083/738/1380
f 5082/740/1382 5085/743/1385 5084/741/1383
f 5084/741/1383 5087/744/1386 5086/742/1384
f 5085/743/1385 5088/747/1389 5087/744/1386
f 3876/674/1317 5080/739/1381 3889/675/1349
f 3875/673/1316 5081/737/1379 5080/739/1381
f 3874/672/1315 5082/740/1382 5081/737/1379
f 3622/655/1298 3895/745/1387 5082/740/1382
f 3895/745/1387 3896/746/1388 5085/743/1385
f 3896/746/1388 3897/776/1413 5088/747/1389
f 5088/747/1389 3897/776/1413 3628/735/1377
f 5088/747/1389 3886/748/1375 3887/749/1374
f 5087/744/1386 3887/749/1374 3888/750/1373
f 5086/742/1384 3888/750/1373 3625/675/1352
f 5083/738/1380 5086/742/1384 3891/675/1351
f 5080/739/1381 5083/738/1380 3890/675/1390
f 5089/751/1391 5090/754/1394 5093/752/1392
f 5090/754/1394 5091/760/1400 5094/755/1395
f 5092/753/1393 5093/752/1392 5096/756/1396
f 5093/752/1392 5094/755/1395 5097/758/1398
f 3624/651/1294 3858/635/1278 5089/751/1391
f 3858/635/1278 3857/633/1276 5090/754/1394
f 3857/633/1276 3856/632/1275 5091/760/1400
f 3856/632/1275 3620/631/1274 3894/705/1348
f 5091/760/1400 3894/705/1348 3893/713/1358
f 5094/755/1395 3893/713/1358 3892/712/1357
f 5097/758/1398 3892/712/1357 3626/711/1356
f 5096/756/1396 5097/758/1398 3880/761/1371
f 5095/757/1397 5096/756/1396 3881/762/1369
f 5095/757/1397 3882/763/1366 3627/723/1368
f 3899/765/1402 5092/753/1393 5095/757/1397
f 3900/759/1399 5089/751/1391 5092/753/1393
f 5099/766/1403 5102/770/1407 5101/767/1404
f 5099/766/1403 5100/775/1412 5103/769/1406
f 5102/770/1407 5105/773/1410 5104/771/1408
f 5102/770/1407 5103/769/1406 5106/772/1409
f 3867/654/1297 5098/768/1405 3895/745/1387
f 3866/774/1411 5099/766/1403 5098/768/1405
f 3866/774/1411 3865/652/1295 5100/775/1412
f 3865/652/1295 3624/651/1294 3900/759/1399
f 5100/775/1412 3900/759/1399 3899/765/1402
f 5103/769/1406 3899/765/1402 3898/764/1401
f 5106/772/1409 3898/764/1401 3627/723/1368
f 5105/773/1410 5106/772/1409 3883/722/1367
f 5105/773/1410 3884/736/1378 3885/734/1376
f 5104/771/1408 3885/734/1376 3628/735/1377
f 5101/767/1404 5104/771/1408 3897/776/1413
f 5098/768/1405 5101/767/1404 3896/746/1388
f 5107/777/1414 5108/781/1418 5111/778/1415
f 5109/780/1417 5112/792/1427 5111/778/1415
f 5111/778/1415 5114/784/1421 5113/782/1419
f 5111/778/1415 5112/792/1427 5115/783/1420
f 3629/785/1333 3906/787/1422 5107/777/1414
f 3906/787/1422 3905/789/1424 5108/781/1418
f 3904/788/1423 5109/780/1417 5108/781/1418
f 3631/790/1425 3909/791/1426 5109/780/1417
f 3909/791/1426 3908/813/1445 5112/792/1427
f 5112/792/1427 3908/813/1445 3907/793/1428
f 5115/783/1420 3907/793/1428 3632/794/1429
f 5114/784/1421 5115/783/1420 3912/795/1430
f 5114/784/1421 3911/796/1431 3910/797/1432
f 5113/782/1419 3910/797/1432 3630/798/1337
f 5110/779/1416 5113/782/1419 3903/799/1336
f 3901/786/1334 5107/777/1414 5110/779/1416
f 5117/801/1433 5120/805/1437 5119/802/1434
f 5117/801/1433 5118/810/1442 5121/804/1436
f 5120/805/1437 5123/808/1440 5122/806/1438
f 5120/805/1437 5121/804/1436 5124/807/1439
f 3623/640/1283 3864/650/1293 5116/803/1435
f 3864/650/1293 3863/661/1304 5117/801/1433
f 3862/659/1302 5118/810/1442 5117/801/1433
f 3621/660/1303 3919/824/1456 5118/810/1442
f 5118/810/1442 3919/824/1456 3920/811/1443
f 5121/804/1436 3920/811/1443 3921/812/1444
f 5124/807/1439 3921/812/1444 3632/794/1429
f 5124/807/1439 3907/793/1428 3908/813/1445
f 5122/806/1438 5123/808/1440 3908/813/1445
f 5122/806/1438 3909/791/1426 3631/790/1425
f 5119/802/1434 5122/806/1438 3922/814/1446
f 5116/803/1435 5119/802/1434 3923/815/1447
f 5126/816/1448 5129/820/1452 5128/817/1449
f 5126/816/1448 5127/825/1457 5130/819/1451
f 5129/820/1452 5132/823/1455 5131/821/1453
f 5129/820/1452 5130/819/1451 5133/822/1454
f 3621/660/1303 3873/670/1313 5125/818/1450
f 3873/670/1313 3872/681/1320 5126/816/1448
f 3871/679/1319 5127/825/1457 5126/816/1448
f 3617/680/1251 3918/680/1329 5127/825/1457
f 5127/825/1457 3918/680/1329 3917/680/1339
f 5130/819/1451 3917/680/1339 3916/680/1338
f 5133/822/1454 3916/680/1338 3630/680/1337
f 5133/822/1454 3910/826/1432 3911/827/1431
f 5131/821/1453 5132/823/1455 3911/827/1431
f 5131/821/1453 3912/828/1430 3632/794/1429
f 5128/817/1449 5131/821/1453 3921/812/1444
f 5125/818/1450 5128/817/1449 3920/811/1443
f 5135/829/1458 5138/833/1462 5137/830/1459
f 5135/829/1458 5136/838/1467 5139/832/1461
f 5138/833/1462 5141/836/1465 5140/834/1463
f 5138/833/1462 5139/832/1461 5142/835/1464
f 3619/620/1263 3855/630/1273 5134/831/1460
f 3855/630/1273 3854/641/1284 5135/829/1458
f 3853/639/1282 5136/838/1467 5135/829/1458
f 3623/640/1283 3924/809/1441 5136/838/1467
f 5136/838/1467 3924/809/1441 3923/815/1447
f 5139/832/1461 3923/815/1447 3922/814/1446
f 5142/835/1464 3922/814/1446 3631/790/1425
f 5142/835/1464 3904/839/1423 3905/840/1424
f 5140/834/1463 5141/836/1465 3905/840/1424
f 5140/834/1463 3906/841/1422 3629/693/1333
f 5137/830/1459 5140/834/1463 3915/692/1332
f 5134/831/1460 5137/830/1459 3914/691/1331
f 5143/599/1242 5144/602/1245 5147/600/1243
f 5144/602/1245 5145/610/1253 5148/603/1246
f 5147/600/1243 5150/605/1248 5149/604/1468
f 5148/603/1246 5151/614/1257 5150/605/1248
f 3928/606/1249 5143/599/1242 3927/607/1469
f 3928/606/1249 3929/609/1252 5144/602/1245
f 3929/609/1252 3930/611/1254 5145/610/1253
f 3930/611/1254 3634/706/1318 3931/612/1255
f 5145/610/1253 3931/612/1255 3932/613/1256
f 3932/613/1256 3933/615/1258 5151/614/1257
f 3933/615/1258 3636/631/1274 3934/616/1259
f 5151/614/1257 3934/616/1259 3935/617/1260
f 5150/605/1248 3935/617/1260 3936/618/1261
f 3925/619/1262 5149/604/1468 3936/618/1261
f 3926/621/1471 5146/601/1244 5149/604/1468
f 5143/599/1242 5146/601/1244 3926/621/1471
f 5153/622/1265 5156/626/1472 5155/623/1266
f 5154/625/1268 5157/628/1271 5156/626/1472
f 5156/626/1472 5159/629/1272 5158/627/1473
f 5157/628/1271 5160/634/1277 5159/629/1272
f 3936/618/1261 5152/624/1267 3939/630/1474
f 3935/617/1260 5153/622/1265 5152/624/1267
f 3934/616/1259 5154/625/1268 5153/622/1265
f 3636/631/1274 3940/632/1275 5154/625/1268
f 3940/632/1275 3941/633/1276 5157/628/1271
f 3941/633/1276 3942/635/1278 5160/634/1277
f 3942/635/1278 3640/651/1294 3943/636/1279
f 5160/634/1277 3943/636/1279 3944/637/1280
f 5159/629/1272 3944/637/1280 3945/638/1281
f 3937/639/1282 5158/627/1473 3945/638/1281
f 5155/623/1266 5158/627/1473 3937/639/1282
f 5152/624/1267 5155/623/1266 3938/641/1284
f 5162/642/1285 5165/646/1289 5164/643/1286
f 5163/645/1288 5166/653/1296 5165/646/1289
f 5164/643/1286 5165/646/1289 5168/647/1290
f 5165/646/1289 5166/653/1296 5169/649/1292
f 3945/638/1281 5161/644/1287 3948/650/1293
f 3944/637/1280 5162/642/1285 5161/644/1287
f 3943/636/1279 5163/645/1288 5162/642/1285
f 3640/651/1294 3949/652/1475 5163/645/1288
f 3949/652/1475 3950/774/1411 5166/653/1296
f 5166/653/1296 3950/774/1411 3951/654/1476
f 5169/649/1292 3951/654/1476 3638/655/1477
f 5168/647/1290 5169/649/1292 3952/656/1299
f 5167/648/1291 5168/647/1290 3953/657/1300
f 3946/659/1478 5167/648/1291 3954/658/1301
f 3947/661/1304 5164/643/1286 5167/648/1291
f 5161/644/1287 5164/643/1286 3947/661/1304
f 5170/662/1305 5171/665/1308 5174/663/1306
f 5171/665/1308 5172/671/1314 5175/666/1309
f 5173/664/1479 5174/663/1306 5177/667/1310
f 5174/663/1306 5175/666/1309 5178/669/1312
f 3954/658/1301 5170/662/1305 3957/670/1313
f 3954/658/1301 3953/657/1300 5171/665/1308
f 3953/657/1300 3952/656/1299 5172/671/1314
f 3952/656/1299 3638/655/1477 3958/672/1315
f 5172/671/1314 3958/672/1315 3959/673/1316
f 5175/666/1309 3959/673/1316 3960/674/1481
f 5178/669/1312 3960/674/1481 3634/675/1318
f 5177/667/1310 5178/669/1312 3930/676/1254
f 5176/668/1480 5177/667/1310 3929/677/1252
f 3955/679/1482 5176/668/1480 3928/678/1249
f 3956/681/1483 5173/664/1479 5176/668/1480
f 3957/670/1313 5170/662/1305 5173/664/1479
f 5180/682/1321 5183/686/1484 5182/683/1322
f 5180/682/1321 5181/690/1330 5184/685/1324
f 5183/686/1484 5186/689/1486 5185/687/1485
f 5183/686/1484 5184/685/1324 5187/688/1327
f 3633/608/1470 3927/607/1469 5179/684/1323
f 3927/607/1469 3926/621/1471 5180/682/1321
f 3925/619/1262 5181/690/1330 5180/682/1321
f 3635/620/1263 3997/837/1466 5181/690/1330
f 5181/690/1330 3997/837/1466 3998/691/1331
f 5184/685/1324 3998/691/1331 3999/692/1332
f 5187/688/1327 3999/692/1332 3645/693/1333
f 5187/688/1327 3985/694/1334 3986/695/1335
f 5185/687/1485 5186/689/1486 3986/695/1335
f 5185/687/1485 3987/696/1487 3646/608/1337
f 5182/683/1322 5185/687/1485 4000/608/1338
f 5179/684/1323 5182/683/1322 4001/608/1339
f 5188/697/1488 5189/701/1344 5192/698/1341
f 5190/700/1343 5193/707/1350 5192/698/1341
f 5192/698/1341 5195/704/1347 5194/702/1345
f 5192/698/1341 5193/707/1350 5196/703/1346
f 3636/631/1274 3933/615/1258 5188/697/1488
f 3933/615/1258 3932/613/1256 5189/701/1344
f 3931/612/1255 5190/700/1343 5189/701/1344
f 3634/706/1318 3973/706/1349 5190/700/1343
f 3973/706/1349 3974/706/1390 5193/707/1350
f 5193/707/1350 3974/706/1390 3975/706/1351
f 5196/703/1346 3975/706/1351 3641/706/1491
f 5195/704/1347 5196/703/1346 3961/708/1492
f 5195/704/1347 3962/709/1354 3963/710/1355
f 5194/702/1345 3963/710/1355 3642/711/1356
f 5191/699/1489 5194/702/1345 3976/712/1357
f 3978/705/1490 5188/697/1488 5191/699/1489
f 5198/714/1359 5201/718/1494 5200/715/1493
f 5198/714/1359 5199/725/1496 5202/717/1362
f 5200/715/1493 5201/718/1494 5204/719/1364
f 5202/717/1362 5205/729/1372 5204/719/1364
f 3966/721/1366 5197/716/1361 3967/722/1367
f 3965/724/1369 5198/714/1359 5197/716/1361
f 3965/724/1369 3964/726/1497 5199/725/1496
f 3964/726/1497 3642/887/1356 3963/727/1355
f 5199/725/1496 3963/727/1355 3962/728/1354
f 3962/728/1354 3961/730/1492 5205/729/1372
f 3961/730/1492 3641/897/1491 3972/731/1373
f 5205/729/1372 3972/731/1373 3971/732/1374
f 5203/720/1365 5204/719/1364 3971/732/1374
f 3969/734/1376 5203/720/1365 3970/733/1498
f 3968/736/1378 5200/715/1493 5203/720/1365
f 5197/716/1361 5200/715/1493 3968/736/1378
f 5207/737/1379 5210/741/1383 5209/738/1380
f 5208/740/1382 5211/743/1385 5210/741/1383
f 5210/741/1383 5213/744/1386 5212/742/1501
f 5211/743/1385 5214/747/1389 5213/744/1386
f 3960/674/1481 5206/739/1500 3973/675/1349
f 3959/673/1316 5207/737/1379 5206/739/1500
f 3958/672/1315 5208/740/1382 5207/737/1379
f 3638/655/1477 3979/745/1502 5208/740/1382
f 3979/745/1502 3980/746/1388 5211/743/1385
f 3980/746/1388 3981/776/1413 5214/747/1389
f 5214/747/1389 3981/776/1413 3644/735/1499
f 5214/747/1389 3970/748/1498 3971/749/1374
f 5213/744/1386 3971/749/1374 3972/750/1373
f 5212/742/1501 3972/750/1373 3641/675/1491
f 5209/738/1380 5212/742/1501 3975/675/1351
f 5206/739/1500 5209/738/1380 3974/675/1390
f 5215/751/1391 5216/754/1394 5219/752/1503
f 5216/754/1394 5217/760/1400 5220/755/1395
f 5218/753/1504 5219/752/1503 5222/756/1396
f 5219/752/1503 5220/755/1395 5223/758/1398
f 3640/651/1294 3942/635/1278 5215/751/1391
f 3942/635/1278 3941/633/1276 5216/754/1394
f 3941/633/1276 3940/632/1275 5217/760/1400
f 3940/632/1275 3636/631/1274 3978/705/1490
f 5217/760/1400 3978/705/1490 3977/713/1358
f 5220/755/1395 3977/713/1358 3976/712/1357
f 5223/758/1398 3976/712/1357 3642/711/1356
f 5222/756/1396 5223/758/1398 3964/761/1497
f 5221/757/1397 5222/756/1396 3965/762/1369
f 5221/757/1397 3966/763/1366 3643/723/1495
f 3983/765/1402 5218/753/1504 5221/757/1397
f 3984/759/1399 5215/751/1391 5218/753/1504
f 5225/766/1403 5228/770/1407 5227/767/1404
f 5225/766/1403 5226/775/1507 5229/769/1406
f 5228/770/1407 5231/773/1506 5230/771/1408
f 5228/770/1407 5229/769/1406 5232/772/1409
f 3951/654/1476 5224/768/1405 3979/745/1502
f 3950/774/1411 5225/766/1403 5224/768/1405
f 3950/774/1411 3949/652/1475 5226/775/1507
f 3949/652/1475 3640/651/1294 3984/759/1399
f 5226/775/1507 3984/759/1399 3983/765/1402
f 5229/769/1406 3983/765/1402 3982/764/1505
f 5232/772/1409 3982/764/1505 3643/723/1495
f 5231/773/1506 5232/772/1409 3967/722/1367
f 5231/773/1506 3968/736/1378 3969/734/1376
f 5230/771/1408 3969/734/1376 3644/735/1499
f 5227/767/1404 5230/771/1408 3981/776/1413
f 5224/768/1405 5227/767/1404 3980/746/1388
f 5233/777/1414 5234/781/1418 5237/778/1415
f 5235/780/1417 5238/792/1511 5237/778/1415
f 5237/778/1415 5240/784/1421 5239/782/1419
f 5237/778/1415 5238/792/1511 5241/783/1508
f 3645/785/1333 3990/787/1509 5233/777/1414
f 3990/787/1509 3989/789/1424 5234/781/1418
f 3988/788/1423 5235/780/1417 5234/781/1418
f 3647/790/1510 3993/791/1426 5235/780/1417
f 3993/791/1426 3992/813/1445 5238/792/1511
f 5238/792/1511 3992/813/1445 3991/793/1428
f 5241/783/1508 3991/793/1428 3648/794/1512
f 5240/784/1421 5241/783/1508 3996/795/1513
f 5240/784/1421 3995/796/1431 3994/797/1514
f 5239/782/1419 3994/797/1514 3646/798/1337
f 5236/779/1416 5239/782/1419 3987/799/1487
f 3985/786/1334 5233/777/1414 5236/779/1416
f 5243/801/1515 5246/805/1437 5245/802/1434
f 5243/801/1515 5244/810/1442 5247/804/1516
f 5246/805/1437 5249/808/1440 5248/806/1438
f 5246/805/1437 5247/804/1516 5250/807/1439
f 3639/640/1283 3948/650/1293 5242/803/1435
f 3948/650/1293 3947/661/1304 5243/801/1515
f 3946/659/1478 5244/810/1442 5243/801/1515
f 3637/660/1303 4003/824/1456 5244/810/1442
f 5244/810/1442 4003/824/1456 4004/811/1517
f 5247/804/1516 4004/811/1517 4005/812/1444
f 5250/807/1439 4005/812/1444 3648/794/1512
f 5250/807/1439 3991/793/1428 3992/813/1445
f 5248/806/1438 5249/808/1440 3992/813/1445
f 5248/806/1438 3993/791/1426 3647/790/1510
f 5245/802/1434 5248/806/1438 4006/814/1446
f 5242/803/1435 5245/802/1434 4007/815/1447
f 5252/816/1448 5255/820/1452 5254/817/1449
f 5252/816/1448 5253/825/1457 5256/819/1518
f 5255/820/1452 5258/823/1519 5257/821/1453
f 5255/820/1452 5256/819/1518 5259/822/1454
f 3637/660/1303 3957/670/1313 5251/818/1450
f 3957/670/1313 3956/681/1483 5252/816/1448
f 3955/679/1482 5253/825/1457 5252/816/1448
f 3633/680/1470 4002/680/1329 5253/825/1457
f 5253/825/1457 4002/680/1329 4001/680/1339
f 5256/819/1518 4001/680/1339 4000/680/1338
f 5259/822/1454 4000/680/1338 3646/680/1337
f 5259/822/1454 3994/826/1514 3995/827/1431
f 5257/821/1453 5258/823/1519 3995/827/1431
f 5257/821/1453 3996/828/1513 3648/794/1512
f 5254/817/1449 5257/821/1453 4005/812/1444
f 5251/818/1450 5254/817/1449 4004/811/1517
f 5261/829/1458 5264/833/1462 5263/830/1520
f 5261/829/1458 5262/838/1467 5265/832/1521
f 5264/833/1462 5267/836/1465 5266/834/1522
f 5264/833/1462 5265/832/1521 5268/835/1464
f 3635/620/1263 3939/630/1474 5260/831/1460
f 3939/630/1474 3938/641/1284 5261/829/1458
f 3937/639/1282 5262/838/1467 5261/829/1458
f 3639/640/1283 4008/809/1441 5262/838/1467
f 5262/838/1467 4008/809/1441 4007/815/1447
f 5265/832/1521 4007/815/1447 4006/814/1446
f 5268/835/1464 4006/814/1446 3647/790/1510
f 5268/835/1464 3988/839/1423 3989/840/1424
f 5266/834/1522 5267/836/1465 3989/840/1424
f 5266/834/1522 3990/841/1509 3645/693/1333
f 5263/830/1520 5266/834/1522 3999/692/1332
f 5260/831/1460 5263/830/1520 3998/691/1331
f 5269/599/1242 5270/602/1523 5273/600/1243
f 5270/602/1523 5271/610/1253 5274/603/1246
f 5273/600/1243 5276/605/1248 5275/604/1468
f 5274/603/1246 5277/614/1257 5276/605/1248
f 4012/606/1249 5269/599/1242 4011/607/1469
f 4012/606/1249 4013/609/1252 5270/602/1523
f 4013/609/1252 4014/611/1524 5271/610/1253
f 4014/611/1524 3650/706/1318 4015/612/1255
f 5271/610/1253 4015/612/1255 4016/613/1256
f 4016/613/1256 4017/615/1258 5277/614/1257
f 4017/615/1258 3652/631/1274 4018/616/1259
f 5277/614/1257 4018/616/1259 4019/617/1260
f 5276/605/1248 4019/617/1260 4020/618/1261
f 4009/619/1262 5275/604/1468 4020/618/1261
f 4010/621/1264 5272/601/1244 5275/604/1468
f 5269/599/1242 5272/601/1244 4010/621/1264
f 5279/622/1265 5282/626/1472 5281/623/1525
f 5280/625/1268 5283/628/1271 5282/626/1472
f 5282/626/1472 5285/629/1272 5284/627/1526
f 5283/628/1271 5286/634/1277 5285/629/1272
f 4020/618/1261 5278/624/1267 4023/630/1273
f 4019/617/1260 5279/622/1265 5278/624/1267
f 4018/616/1259 5280/625/1268 5279/622/1265
f 3652/631/1274 4024/632/1275 5280/625/1268
f 4024/632/1275 4025/633/1276 5283/628/1271
f 4025/633/1276 4026/635/1278 5286/634/1277
f 4026/635/1278 3656/651/1294 4027/636/1279
f 5286/634/1277 4027/636/1279 4028/637/1280
f 5285/629/1272 4028/637/1280 4029/638/1281
f 4021/639/1282 5284/627/1526 4029/638/1281
f 5281/623/1525 5284/627/1526 4021/639/1282
f 5278/624/1267 5281/623/1525 4022/641/1284
f 5288/642/1285 5291/646/1289 5290/643/1286
f 5289/645/1288 5292/653/1296 5291/646/1289
f 5290/643/1286 5291/646/1289 5294/647/1527
f 5291/646/1289 5292/653/1296 5295/649/1292
f 4029/638/1281 5287/644/1287 4032/650/1293
f 4028/637/1280 5288/642/1285 5287/644/1287
f 4027/636/1279 5289/645/1288 5288/642/1285
f 3656/651/1294 4033/652/1295 5289/645/1288
f 4033/652/1295 4034/774/1411 5292/653/1296
f 5292/653/1296 4034/774/1411 4035/654/1476
f 5295/649/1292 4035/654/1476 3654/655/1298
f 5294/647/1527 5295/649/1292 4036/656/1299
f 5293/648/1291 5294/647/1527 4037/657/1300
f 4030/659/1478 5293/648/1291 4038/658/1301
f 4031/661/1304 5290/643/1286 5293/648/1291
f 5287/644/1287 5290/643/1286 4031/661/1304
f 5296/662/1305 5297/665/1308 5300/663/1306
f 5297/665/1308 5298/671/1314 5301/666/1309
f 5299/664/1479 5300/663/1306 5303/667/1310
f 5300/663/1306 5301/666/1309 5304/669/1312
f 4038/658/1301 5296/662/1305 4041/670/1313
f 4038/658/1301 4037/657/1300 5297/665/1308
f 4037/657/1300 4036/656/1299 5298/671/1314
f 4036/656/1299 3654/655/1298 4042/672/1528
f 5298/671/1314 4042/672/1528 4043/673/1316
f 5301/666/1309 4043/673/1316 4044/674/1529
f 5304/669/1312 4044/674/1529 3650/675/1318
f 5303/667/1310 5304/669/1312 4014/676/1524
f 5302/668/1480 5303/667/1310 4013/677/1252
f 4039/679/1530 5302/668/1480 4012/678/1249
f 4040/681/1483 5299/664/1479 5302/668/1480
f 4041/670/1313 5296/662/1305 5299/664/1479
f 5306/682/1321 5309/686/1325 5308/683/1322
f 5306/682/1321 5307/690/1531 5310/685/1324
f 5309/686/1325 5312/689/1328 5311/687/1485
f 5309/686/1325 5310/685/1324 5313/688/1327
f 3649/608/1470 4011/607/1469 5305/684/1323
f 4011/607/1469 4010/621/1264 5306/682/1321
f 4009/619/1262 5307/690/1531 5306/682/1321
f 3651/620/1263 4081/837/1554 5307/690/1531
f 5307/690/1531 4081/837/1554 4082/691/1331
f 5310/685/1324 4082/691/1331 4083/692/1332
f 5313/688/1327 4083/692/1332 3661/693/1333
f 5313/688/1327 4069/694/1334 4070/695/1335
f 5311/687/1485 5312/689/1328 4070/695/1335
f 5311/687/1485 4071/696/1336 3662/608/1337
f 5308/683/1322 5311/687/1485 4084/608/1338
f 5305/684/1323 5308/683/1322 4085/608/1339
f 5314/697/1532 5315/701/1344 5318/698/1341
f 5316/700/1533 5319/707/1350 5318/698/1341
f 5318/698/1341 5321/704/1347 5320/702/1345
f 5318/698/1341 5319/707/1350 5322/703/1346
f 3652/631/1274 4017/615/1258 5314/697/1532
f 4017/615/1258 4016/613/1256 5315/701/1344
f 4015/612/1255 5316/700/1533 5315/701/1344
f 3650/706/1318 4057/706/1349 5316/700/1533
f 4057/706/1349 4058/706/1390 5319/707/1350
f 5319/707/1350 4058/706/1390 4059/706/1351
f 5322/703/1346 4059/706/1351 3657/706/1534
f 5321/704/1347 5322/703/1346 4045/708/1492
f 5321/704/1347 4046/709/1354 4047/710/1355
f 5320/702/1345 4047/710/1355 3658/711/1356
f 5317/699/1342 5320/702/1345 4060/712/1357
f 4062/705/1348 5314/697/1532 5317/699/1342
f 5324/714/1359 5327/718/1535 5326/715/1360
f 5324/714/1359 5325/725/1370 5328/717/1362
f 5326/715/1360 5327/718/1535 5330/719/1536
f 5328/717/1362 5331/729/1372 5330/719/1536
f 4050/721/1366 5323/716/1361 4051/722/1367
f 4049/724/1369 5324/714/1359 5323/716/1361
f 4049/724/1369 4048/726/1497 5325/725/1370
f 4048/726/1497 3658/887/1356 4047/727/1355
f 5325/725/1370 4047/727/1355 4046/728/1354
f 4046/728/1354 4045/730/1492 5331/729/1372
f 4045/730/1492 3657/897/1534 4056/731/1538
f 5331/729/1372 4056/731/1538 4055/732/1374
f 5329/720/1537 5330/719/1536 4055/732/1374
f 4053/734/1376 5329/720/1537 4054/733/1375
f 4052/736/1378 5326/715/1360 5329/720/1537
f 5323/716/1361 5326/715/1360 4052/736/1378
f 5333/737/1379 5336/741/1539 5335/738/1380
f 5334/740/1382 5337/743/1540 5336/741/1539
f 5336/741/1539 5339/744/1386 5338/742/1384
f 5337/743/1540 5340/747/1389 5339/744/1386
f 4044/674/1529 5332/739/1381 4057/675/1349
f 4043/673/1316 5333/737/1379 5332/739/1381
f 4042/672/1528 5334/740/1382 5333/737/1379
f 3654/655/1298 4063/745/1541 5334/740/1382
f 4063/745/1541 4064/746/1388 5337/743/1540
f 4064/746/1388 4065/776/1544 5340/747/1389
f 5340/747/1389 4065/776/1544 3660/735/1377
f 5340/747/1389 4054/748/1375 4055/749/1374
f 5339/744/1386 4055/749/1374 4056/750/1538
f 5338/742/1384 4056/750/1538 3657/675/1534
f 5335/738/1380 5338/742/1384 4059/675/1351
f 5332/739/1381 5335/738/1380 4058/675/1390
f 5341/751/1391 5342/754/1394 5345/752/1503
f 5342/754/1394 5343/760/1400 5346/755/1395
f 5344/753/1504 5345/752/1503 5348/756/1396
f 5345/752/1503 5346/755/1395 5349/758/1398
f 3656/651/1294 4026/635/1278 5341/751/1391
f 4026/635/1278 4025/633/1276 5342/754/1394
f 4025/633/1276 4024/632/1275 5343/760/1400
f 4024/632/1275 3652/631/1274 4062/705/1348
f 5343/760/1400 4062/705/1348 4061/713/1358
f 5346/755/1395 4061/713/1358 4060/712/1357
f 5349/758/1398 4060/712/1357 3658/711/1356
f 5348/756/1396 5349/758/1398 4048/761/1497
f 5347/757/1397 5348/756/1396 4049/762/1369
f 5347/757/1397 4050/763/1366 3659/723/1495
f 4067/765/1402 5344/753/1504 5347/757/1397
f 4068/759/1542 5341/751/1391 5344/753/1504
f 5351/766/1403 5354/770/1407 5353/767/1404
f 5351/766/1403 5352/775/1507 5355/769/1406
f 5354/770/1407 5357/773/1506 5356/771/1408
f 5354/770/1407 5355/769/1406 5358/772/1543
f 4035/654/1476 5350/768/1405 4063/745/1541
f 4034/774/1411 5351/766/1403 5350/768/1405
f 4034/774/1411 4033/652/1295 5352/775/1507
f 4033/652/1295 3656/651/1294 4068/759/1542
f 5352/775/1507 4068/759/1542 4067/765/1402
f 5355/769/1406 4067/765/1402 4066/764/1505
f 5358/772/1543 4066/764/1505 3659/723/1495
f 5357/773/1506 5358/772/1543 4051/722/1367
f 5357/773/1506 4052/736/1378 4053/734/1376
f 5356/771/1408 4053/734/1376 3660/735/1377
f 5353/767/1404 5356/771/1408 4065/776/1544
f 5350/768/1405 5353/767/1404 4064/746/1388
f 5359/777/1414 5360/781/1418 5363/778/1415
f 5361/780/1417 5364/792/1511 5363/778/1415
f 5363/778/1415 5366/784/1421 5365/782/1419
f 5363/778/1415 5364/792/1511 5367/783/1508
f 3661/785/1333 4074/787/1422 5359/777/1414
f 4074/787/1422 4073/789/1424 5360/781/1418
f 4072/788/1423 5361/780/1417 5360/781/1418
f 3663/790/1545 4077/791/1426 5361/780/1417
f 4077/791/1426 4076/813/1445 5364/792/1511
f 5364/792/1511 4076/813/1445 4075/793/1546
f 5367/783/1508 4075/793/1546 3664/794/1547
f 5366/784/1421 5367/783/1508 4080/795/1430
f 5366/784/1421 4079/796/1548 4078/797/1432
f 5365/782/1419 4078/797/1432 3662/798/1337
f 5362/779/1416 5365/782/1419 4071/799/1336
f 4069/786/1334 5359/777/1414 5362/779/1416
f 5369/801/1515 5372/805/1437 5371/802/1434
f 5369/801/1515 5370/810/1442 5373/804/1516
f 5372/805/1437 5375/808/1440 5374/806/1438
f 5372/805/1437 5373/804/1516 5376/807/1439
f 3655/640/1283 4032/650/1293 5368/803/1435
f 4032/650/1293 4031/661/1304 5369/801/1515
f 4030/659/1478 5370/810/1442 5369/801/1515
f 3653/660/1303 4087/824/1456 5370/810/1442
f 5370/810/1442 4087/824/1456 4088/811/1443
f 5373/804/1516 4088/811/1443 4089/812/1549
f 5376/807/1439 4089/812/1549 3664/794/1547
f 5376/807/1439 4075/793/1546 4076/813/1445
f 5374/806/1438 5375/808/1440 4076/813/1445
f 5374/806/1438 4077/791/1426 3663/790/1545
f 5371/802/1434 5374/806/1438 4090/814/1446
f 5368/803/1435 5371/802/1434 4091/815/1447
f 5378/816/1448 5381/820/1452 5380/817/1449
f 5378/816/1448 5379/825/1457 5382/819/1518
f 5381/820/1452 5384/823/1455 5383/821/1453
f 5381/820/1452 5382/819/1518 5385/822/1550
f 3653/660/1303 4041/670/1313 5377/818/1450
f 4041/670/1313 4040/681/1483 5378/816/1448
f 4039/679/1530 5379/825/1457 5378/816/1448
f 3649/680/1470 4086/680/1329 5379/825/1457
f 5379/825/1457 4086/680/1329 4085/680/1339
f 5382/819/1518 4085/680/1339 4084/680/1338
f 5385/822/1550 4084/680/1338 3662/680/1337
f 5385/822/1550 4078/826/1432 4079/827/1548
f 5383/821/1453 5384/823/1455 4079/827/1548
f 5383/821/1453 4080/828/1430 3664/794/1547
f 5380/817/1449 5383/821/1453 4089/812/1549
f 5377/818/1450 5380/817/1449 4088/811/1443
f 5387/829/1458 5390/833/1553 5389/830/1551
f 5387/829/1458 5388/838/1555 5391/832/1552
f 5390/833/1553 5393/836/1465 5392/834/1522
f 5390/833/1553 5391/832/1552 5394/835/1464
f 3651/620/1263 4023/630/1273 5386/831/1460
f 4023/630/1273 4022/641/1284 5387/829/1458
f 4021/639/1282 5388/838/1555 5387/829/1458
f 3655/640/1283 4092/809/1441 5388/838/1555
f 5388/838/1555 4092/809/1441 4091/815/1447
f 5391/832/1552 4091/815/1447 4090/814/1446
f 5394/835/1464 4090/814/1446 3663/790/1545
f 5394/835/1464 4072/839/1423 4073/840/1424
f 5392/834/1522 5393/836/1465 4073/840/1424
f 5392/834/1522 4074/841/1422 3661/693/1333
f 5389/830/1551 5392/834/1522 4083/692/1332
f 5386/831/1460 5389/830/1551 4082/691/1331
f 5395/599/1242 5396/602/1523 5399/600/1243
f 5396/602/1523 5397/610/1253 5400/603/1246
f 5399/600/1243 5402/605/1557 5401/604/1247
f 5400/603/1246 5403/614/1257 5402/605/1557
f 4096/606/1249 5395/599/1242 4095/607/1250
f 4096/606/1249 4097/609/1252 5396/602/1523
f 4097/609/1252 4098/611/1254 5397/610/1253
f 4098/611/1254 3666/706/1318 4099/612/1255
f 5397/610/1253 4099/612/1255 4100/613/1256
f 4100/613/1256 4101/615/1258 5403/614/1257
f 4101/615/1258 3668/631/1274 4102/616/1259
f 5403/614/1257 4102/616/1259 4103/617/1558
f 5402/605/1557 4103/617/1558 4104/618/1261
f 4093/619/1262 5401/604/1247 4104/618/1261
f 4094/621/1559 5398/601/1556 5401/604/1247
f 5395/599/1242 5398/601/1556 4094/621/1559
f 5405/622/1265 5408/626/1472 5407/623/1525
f 5406/625/1268 5409/628/1271 5408/626/1472
f 5408/626/1472 5411/629/1272 5410/627/1526
f 5409/628/1271 5412/634/1277 5411/629/1272
f 4104/618/1261 5404/624/1267 4107/630/1560
f 4103/617/1558 5405/622/1265 5404/624/1267
f 4102/616/1259 5406/625/1268 5405/622/1265
f 3668/631/1274 4108/632/1561 5406/625/1268
f 4108/632/1561 4109/633/1276 5409/628/1271
f 4109/633/1276 4110/635/1562 5412/634/1277
f 4110/635/1562 3672/651/1294 4111/636/1563
f 5412/634/1277 4111/636/1563 4112/637/1280
f 5411/629/1272 4112/637/1280 4113/638/1281
f 4105/639/1282 5410/627/1526 4113/638/1281
f 5407/623/1525 5410/627/1526 4105/639/1282
f 5404/624/1267 5407/623/1525 4106/641/1284
f 5414/642/1285 5417/646/1289 5416/643/1286
f 5415/645/1288 5418/653/1296 5417/646/1289
f 5416/643/1286 5417/646/1289 5420/647/1290
f 5417/646/1289 5418/653/1296 5421/649/1292
f 4113/638/1281 5413/644/1287 4116/650/1293
f 4112/637/1280 5414/642/1285 5413/644/1287
f 4111/636/1563 5415/645/1288 5414/642/1285
f 3672/651/1294 4117/652/1295 5415/645/1288
f 4117/652/1295 4118/774/1411 5418/653/1296
f 5418/653/1296 4118/774/1411 4119/654/1297
f 5421/649/1292 4119/654/1297 3670/655/1298
f 5420/647/1290 5421/649/1292 4120/656/1299
f 5419/648/1291 5420/647/1290 4121/657/1300
f 4114/659/1564 5419/648/1291 4122/658/1301
f 4115/661/1304 5416/643/1286 5419/648/1291
f 5413/644/1287 5416/643/1286 4115/661/1304
f 5422/662/1305 5423/665/1308 5426/663/1306
f 5423/665/1308 5424/671/1314 5427/666/1565
f 5425/664/1479 5426/663/1306 5429/667/1310
f 5426/663/1306 5427/666/1565 5430/669/1312
f 4122/658/1301 5422/662/1305 4125/670/1313
f 4122/658/1301 4121/657/1300 5423/665/1308
f 4121/657/1300 4120/656/1299 5424/671/1314
f 4120/656/1299 3670/655/1298 4126/672/1528
f 5424/671/1314 4126/672/1528 4127/673/1316
f 5427/666/1565 4127/673/1316 4128/674/1317
f 5430/669/1312 4128/674/1317 3666/675/1318
f 5429/667/1310 5430/669/1312 4098/676/1254
f 5428/668/1480 5429/667/1310 4097/677/1252
f 4123/679/1482 5428/668/1480 4096/678/1249
f 4124/681/1320 5425/664/1479 5428/668/1480
f 4125/670/1313 5422/662/1305 5425/664/1479
f 5432/682/1566 5435/686/1325 5434/683/1322
f 5432/682/1566 5433/690/1330 5436/685/1324
f 5435/686/1325 5438/689/1328 5437/687/1485
f 5435/686/1325 5436/685/1324 5439/688/1327
f 3665/608/1470 4095/607/1250 5431/684/1323
f 4095/607/1250 4094/621/1559 5432/682/1566
f 4093/619/1262 5433/690/1330 5432/682/1566
f 3667/620/1263 4165/837/1466 5433/690/1330
f 5433/690/1330 4165/837/1466 4166/691/1331
f 5436/685/1324 4166/691/1331 4167/692/1332
f 5439/688/1327 4167/692/1332 3677/693/1333
f 5439/688/1327 4153/694/1334 4154/695/1335
f 5437/687/1485 5438/689/1328 4154/695/1335
f 5437/687/1485 4155/696/1336 3678/608/1337
f 5434/683/1322 5437/687/1485 4168/608/1338
f 5431/684/1323 5434/683/1322 4169/608/1568
f 5440/697/1340 5441/701/1344 5444/698/1341
f 5442/700/1343 5445/707/1350 5444/698/1341
f 5444/698/1341 5447/704/1347 5446/702/1345
f 5444/698/1341 5445/707/1350 5448/703/1346
f 3668/631/1274 4101/615/1258 5440/697/1340
f 4101/615/1258 4100/613/1256 5441/701/1344
f 4099/612/1255 5442/700/1343 5441/701/1344
f 3666/706/1318 4141/706/1349 5442/700/1343
f 4141/706/1349 4142/706/1390 5445/707/1350
f 5445/707/1350 4142/706/1390 4143/706/1351
f 5448/703/1346 4143/706/1351 3673/706/1534
f 5447/704/1347 5448/703/1346 4129/708/1353
f 5447/704/1347 4130/709/1354 4131/710/1355
f 5446/702/1345 4131/710/1355 3674/711/1569
f 5443/699/1342 5446/702/1345 4144/712/1357
f 4146/705/1490 5440/697/1340 5443/699/1342
f 5450/714/1359 5453/718/1535 5452/715/1360
f 5450/714/1359 5451/725/1370 5454/717/1362
f 5452/715/1360 5453/718/1535 5456/719/1536
f 5454/717/1362 5457/729/1573 5456/719/1536
f 4134/721/1366 5449/716/1571 4135/722/1367
f 4133/724/1369 5450/714/1359 5449/716/1571
f 4133/724/1369 4132/726/1371 5451/725/1370
f 4132/726/1371 3674/887/1569 4131/727/1355
f 5451/725/1370 4131/727/1355 4130/728/1354
f 4130/728/1354 4129/730/1353 5457/729/1573
f 4129/730/1353 3673/897/1534 4140/731/1574
f 5457/729/1573 4140/731/1574 4139/732/1374
f 5455/720/1537 5456/719/1536 4139/732/1374
f 4137/734/1376 5455/720/1537 4138/733/1375
f 4136/736/1575 5452/715/1360 5455/720/1537
f 5449/716/1571 5452/715/1360 4136/736/1575
f 5459/737/1379 5462/741/1383 5461/738/1380
f 5460/740/1576 5463/743/1385 5462/741/1383
f 5462/741/1383 5465/744/1386 5464/742/1384
f 5463/743/1385 5466/747/1577 5465/744/1386
f 4128/674/1317 5458/739/1381 4141/675/1349
f 4127/673/1316 5459/737/1379 5458/739/1381
f 4126/672/1528 5460/740/1576 5459/737/1379
f 3670/655/1298 4147/745/1502 5460/740/1576
f 4147/745/1502 4148/746/1388 5463/743/1385
f 4148/746/1388 4149/776/1579 5466/747/1577
f 5466/747/1577 4149/776/1579 3676/735/1377
f 5466/747/1577 4138/748/1375 4139/749/1374
f 5465/744/1386 4139/749/1374 4140/750/1574
f 5464/742/1384 4140/750/1574 3673/675/1534
f 5461/738/1380 5464/742/1384 4143/675/1351
f 5458/739/1381 5461/738/1380 4142/675/1390
f 5467/751/1391 5468/754/1394 5471/752/1503
f 5468/754/1394 5469/760/1400 5472/755/1395
f 5470/753/1504 5471/752/1503 5474/756/1396
f 5471/752/1503 5472/755/1395 5475/758/1398
f 3672/651/1294 4110/635/1562 5467/751/1391
f 4110/635/1562 4109/633/1276 5468/754/1394
f 4109/633/1276 4108/632/1561 5469/760/1400
f 4108/632/1561 3668/631/1274 4146/705/1490
f 5469/760/1400 4146/705/1490 4145/713/1570
f 5472/755/1395 4145/713/1570 4144/712/1357
f 5475/758/1398 4144/712/1357 3674/711/1569
f 5474/756/1396 5475/758/1398 4132/761/1371
f 5473/757/1397 5474/756/1396 4133/762/1369
f 5473/757/1397 4134/763/1366 3675/723/1572
f 4151/765/1402 5470/753/1504 5473/757/1397
f 4152/759/1399 5467/751/1391 5470/753/1504
f 5477/766/1403 5480/770/1407 5479/767/1404
f 5477/766/1403 5478/775/1507 5481/769/1406
f 5480/770/1407 5483/773/1506 5482/771/1408
f 5480/770/1407 5481/769/1406 5484/772/1409
f 4119/654/1297 5476/768/1405 4147/745/1502
f 4118/774/1411 5477/766/1403 5476/768/1405
f 4118/774/1411 4117/652/1295 5478/775/1507
f 4117/652/1295 3672/651/1294 4152/759/1399
f 5478/775/1507 4152/759/1399 4151/765/1402
f 5481/769/1406 4151/765/1402 4150/764/1578
f 5484/772/1409 4150/764/1578 3675/723/1572
f 5483/773/1506 5484/772/1409 4135/722/1367
f 5483/773/1506 4136/736/1575 4137/734/1376
f 5482/771/1408 4137/734/1376 3676/735/1377
f 5479/767/1404 5482/771/1408 4149/776/1579
f 5476/768/1405 5479/767/1404 4148/746/1388
f 5485/777/1414 5486/781/1418 5489/778/1415
f 5487/780/1417 5490/792/1427 5489/778/1415
f 5489/778/1415 5492/784/1421 5491/782/1419
f 5489/778/1415 5490/792/1427 5493/783/1420
f 3677/785/1333 4158/787/1422 5485/777/1414
f 4158/787/1422 4157/789/1424 5486/781/1418
f 4156/788/1423 5487/780/1417 5486/781/1418
f 3679/790/1425 4161/791/1426 5487/780/1417
f 4161/791/1426 4160/813/1445 5490/792/1427
f 5490/792/1427 4160/813/1445 4159/793/1428
f 5493/783/1420 4159/793/1428 3680/794/1429
f 5492/784/1421 5493/783/1420 4164/795/1430
f 5492/784/1421 4163/796/1548 4162/797/1432
f 5491/782/1419 4162/797/1432 3678/798/1337
f 5488/779/1416 5491/782/1419 4155/799/1336
f 4153/786/1334 5485/777/1414 5488/779/1416
f 5495/801/1515 5498/805/1437 5497/802/1434
f 5495/801/1515 5496/810/1442 5499/804/1436
f 5498/805/1437 5501/808/1440 5500/806/1438
f 5498/805/1437 5499/804/1436 5502/807/1439
f 3671/640/1283 4116/650/1293 5494/803/1435
f 4116/650/1293 4115/661/1304 5495/801/1515
f 4114/659/1564 5496/810/1442 5495/801/1515
f 3669/660/1303 4171/824/1456 5496/810/1442
f 5496/810/1442 4171/824/1456 4172/811/1443
f 5499/804/1436 4172/811/1443 4173/812/1444
f 5502/807/1439 4173/812/1444 3680/794/1429
f 5502/807/1439 4159/793/1428 4160/813/1445
f 5500/806/1438 5501/808/1440 4160/813/1445
f 5500/806/1438 4161/791/1426 3679/790/1425
f 5497/802/1434 5500/806/1438 4174/814/1446
f 5494/803/1435 5497/802/1434 4175/815/1447
f 5504/816/1448 5507/820/1582 5506/817/1580
f 5504/816/1448 5505/825/1457 5508/819/1451
f 5507/820/1582 5510/823/1519 5509/821/1453
f 5507/820/1582 5508/819/1451 5511/822/1454
f 3669/660/1303 4125/670/1313 5503/818/1581
f 4125/670/1313 4124/681/1320 5504/816/1448
f 4123/679/1482 5505/825/1457 5504/816/1448
f 3665/680/1470 4170/680/1567 5505/825/1457
f 5505/825/1457 4170/680/1567 4169/680/1568
f 5508/819/1451 4169/680/1568 4168/680/1338
f 5511/822/1454 4168/680/1338 3678/680/1337
f 5511/822/1454 4162/826/1432 4163/827/1548
f 5509/821/1453 5510/823/1519 4163/827/1548
f 5509/821/1453 4164/828/1430 3680/794/1429
f 5506/817/1580 5509/821/1453 4173/812/1444
f 5503/818/1581 5506/817/1580 4172/811/1443
f 5513/829/1458 5516/833/1553 5515/830/1459
f 5513/829/1458 5514/838/1555 5517/832/1552
f 5516/833/1553 5519/836/1465 5518/834/1522
f 5516/833/1553 5517/832/1552 5520/835/1464
f 3667/620/1263 4107/630/1560 5512/831/1583
f 4107/630/1560 4106/641/1284 5513/829/1458
f 4105/639/1282 5514/838/1555 5513/829/1458
f 3671/640/1283 4176/809/1441 5514/838/1555
f 5514/838/1555 4176/809/1441 4175/815/1447
f 5517/832/1552 4175/815/1447 4174/814/1446
f 5520/835/1464 4174/814/1446 3679/790/1425
f 5520/835/1464 4156/839/1423 4157/840/1424
f 5518/834/1522 5519/836/1465 4157/840/1424
f 5518/834/1522 4158/841/1422 3677/693/1333
f 5515/830/1459 5518/834/1522 4167/692/1332
f 5512/831/1583 5515/830/1459 4166/691/1331
f 5521/599/1242 5522/602/1523 5525/600/1243
f 5522/602/1523 5523/610/1253 5526/603/1246
f 5525/600/1243 5528/605/1585 5527/604/1584
f 5526/603/1246 5529/614/1587 5528/605/1585
f 4180/606/1249 5521/599/1242 4179/607/1250
f 4180/606/1249 4181/609/1252 5522/602/1523
f 4181/609/1252 4182/611/1254 5523/610/1253
f 4182/611/1254 3682/706/1318 4183/612/1255
f 5523/610/1253 4183/612/1255 4184/613/1256
f 4184/613/1256 4185/615/1258 5529/614/1587
f 4185/615/1258 3684/631/1588 4186/616/1259
f 5529/614/1587 4186/616/1259 4187/617/1260
f 5528/605/1585 4187/617/1260 4188/618/1261
f 4177/619/1262 5527/604/1584 4188/618/1261
f 4178/621/1471 5524/601/1556 5527/604/1584
f 5521/599/1242 5524/601/1556 4178/621/1471
f 5531/622/1265 5534/626/1269 5533/623/1525
f 5532/625/1268 5535/628/1271 5534/626/1269
f 5534/626/1269 5537/629/1272 5536/627/1526
f 5535/628/1271 5538/634/1589 5537/629/1272
f 4188/618/1261 5530/624/1267 4191/630/1560
f 4187/617/1260 5531/622/1265 5530/624/1267
f 4186/616/1259 5532/625/1268 5531/622/1265
f 3684/631/1588 4192/632/1275 5532/625/1268
f 4192/632/1275 4193/633/1276 5535/628/1271
f 4193/633/1276 4194/635/1278 5538/634/1589
f 4194/635/1278 3688/651/1294 4195/636/1563
f 5538/634/1589 4195/636/1563 4196/637/1280
f 5537/629/1272 4196/637/1280 4197/638/1281
f 4189/639/1282 5536/627/1526 4197/638/1281
f 5533/623/1525 5536/627/1526 4189/639/1282
f 5530/624/1267 5533/623/1525 4190/641/1284
f 5540/642/1285 5543/646/1289 5542/643/1590
f 5541/645/1288 5544/653/1296 5543/646/1289
f 5542/643/1590 5543/646/1289 5546/647/1290
f 5543/646/1289 5544/653/1296 5547/649/1292
f 4197/638/1281 5539/644/1287 4200/650/1293
f 4196/637/1280 5540/642/1285 5539/644/1287
f 4195/636/1563 5541/645/1288 5540/642/1285
f 3688/651/1294 4201/652/1295 5541/645/1288
f 4201/652/1295 4202/774/1411 5544/653/1296
f 5544/653/1296 4202/774/1411 4203/654/1476
f 5547/649/1292 4203/654/1476 3686/655/1298
f 5546/647/1290 5547/649/1292 4204/656/1299
f 5545/648/1291 5546/647/1290 4205/657/1300
f 4198/659/1564 5545/648/1291 4206/658/1301
f 4199/661/1304 5542/643/1590 5545/648/1291
f 5539/644/1287 5542/643/1590 4199/661/1304
f 5548/662/1305 5549/665/1308 5552/663/1306
f 5549/665/1308 5550/671/1314 5553/666/1565
f 5551/664/1479 5552/663/1306 5555/667/1310
f 5552/663/1306 5553/666/1565 5556/669/1312
f 4206/658/1301 5548/662/1305 4209/670/1313
f 4206/658/1301 4205/657/1300 5549/665/1308
f 4205/657/1300 4204/656/1299 5550/671/1314
f 4204/656/1299 3686/655/1298 4210/672/1528
f 5550/671/1314 4210/672/1528 4211/673/1591
f 5553/666/1565 4211/673/1591 4212/674/1481
f 5556/669/1312 4212/674/1481 3682/675/1318
f 5555/667/1310 5556/669/1312 4182/676/1254
f 5554/668/1480 5555/667/1310 4181/677/1252
f 4207/679/1482 5554/668/1480 4180/678/1249
f 4208/681/1320 5551/664/1479 5554/668/1480
f 4209/670/1313 5548/662/1305 5551/664/1479
f 5558/682/1321 5561/686/1592 5560/683/1322
f 5558/682/1321 5559/690/1531 5562/685/1324
f 5561/686/1592 5564/689/1328 5563/687/1485
f 5561/686/1592 5562/685/1324 5565/688/1327
f 3681/608/1586 4179/607/1250 5557/684/1323
f 4179/607/1250 4178/621/1471 5558/682/1321
f 4177/619/1262 5559/690/1531 5558/682/1321
f 3683/620/1263 4249/837/1466 5559/690/1531
f 5559/690/1531 4249/837/1466 4250/691/1331
f 5562/685/1324 4250/691/1331 4251/692/1332
f 5565/688/1327 4251/692/1332 3693/693/1333
f 5565/688/1327 4237/694/1334 4238/695/1335
f 5563/687/1485 5564/689/1328 4238/695/1335
f 5563/687/1485 4239/696/1336 3694/608/1337
f 5560/683/1322 5563/687/1485 4252/608/1593
f 5557/684/1323 5560/683/1322 4253/608/1568
f 5566/697/1340 5567/701/1344 5570/698/1341
f 5568/700/1343 5571/707/1595 5570/698/1341
f 5570/698/1341 5573/704/1347 5572/702/1345
f 5570/698/1341 5571/707/1595 5574/703/1346
f 3684/631/1588 4185/615/1258 5566/697/1340
f 4185/615/1258 4184/613/1256 5567/701/1344
f 4183/612/1255 5568/700/1343 5567/701/1344
f 3682/706/1318 4225/706/1349 5568/700/1343
f 4225/706/1349 4226/706/1390 5571/707/1595
f 5571/707/1595 4226/706/1390 4227/706/1351
f 5574/703/1346 4227/706/1351 3689/706/1534
f 5573/704/1347 5574/703/1346 4213/708/1353
f 5573/704/1347 4214/709/1354 4215/710/1355
f 5572/702/1345 4215/710/1355 3690/711/1356
f 5569/699/1342 5572/702/1345 4228/712/1357
f 4230/705/1594 5566/697/1340 5569/699/1342
f 5576/714/1359 5579/718/1494 5578/715/1596
f 5576/714/1359 5577/725/1496 5580/717/1362
f 5578/715/1596 5579/718/1494 5582/719/1536
f 5580/717/1362 5583/729/1372 5582/719/1536
f 4218/721/1366 5575/716/1361 4219/722/1367
f 4217/724/1369 5576/714/1359 5575/716/1361
f 4217/724/1369 4216/726/1497 5577/725/1496
f 4216/726/1497 3690/887/1356 4215/727/1355
f 5577/725/1496 4215/727/1355 4214/728/1354
f 4214/728/1354 4213/730/1353 5583/729/1372
f 4213/730/1353 3689/897/1534 4224/731/1373
f 5583/729/1372 4224/731/1373 4223/732/1598
f 5581/720/1597 5582/719/1536 4223/732/1598
f 4221/734/1599 5581/720/1597 4222/733/1375
f 4220/736/1575 5578/715/1596 5581/720/1597
f 5575/716/1361 5578/715/1596 4220/736/1575
f 5585/737/1379 5588/741/1383 5587/738/1380
f 5586/740/1382 5589/743/1540 5588/741/1383
f 5588/741/1383 5591/744/1386 5590/742/1384
f 5589/743/1540 5592/747/1601 5591/744/1386
f 4212/674/1481 5584/739/1381 4225/675/1349
f 4211/673/1591 5585/737/1379 5584/739/1381
f 4210/672/1528 5586/740/1382 5585/737/1379
f 3686/655/1298 4231/745/1502 5586/740/1382
f 4231/745/1502 4232/746/1388 5589/743/1540
f 4232/746/1388 4233/776/1413 5592/747/1601
f 5592/747/1601 4233/776/1413 3692/735/1600
f 5592/747/1601 4222/748/1375 4223/749/1598
f 5591/744/1386 4223/749/1598 4224/750/1373
f 5590/742/1384 4224/750/1373 3689/675/1534
f 5587/738/1380 5590/742/1384 4227/675/1351
f 5584/739/1381 5587/738/1380 4226/675/1390
f 5593/751/1391 5594/754/1394 5597/752/1503
f 5594/754/1394 5595/760/1400 5598/755/1395
f 5596/753/1504 5597/752/1503 5600/756/1602
f 5597/752/1503 5598/755/1395 5601/758/1398
f 3688/651/1294 4194/635/1278 5593/751/1391
f 4194/635/1278 4193/633/1276 5594/754/1394
f 4193/633/1276 4192/632/1275 5595/760/1400
f 4192/632/1275 3684/631/1588 4230/705/1594
f 5595/760/1400 4230/705/1594 4229/713/1358
f 5598/755/1395 4229/713/1358 4228/712/1357
f 5601/758/1398 4228/712/1357 3690/711/1356
f 5600/756/1602 5601/758/1398 4216/761/1497
f 5599/757/1603 5600/756/1602 4217/762/1369
f 5599/757/1603 4218/763/1366 3691/723/1368
f 4235/765/1402 5596/753/1504 5599/757/1603
f 4236/759/1399 5593/751/1391 5596/753/1504
f 5603/766/1403 5606/770/1407 5605/767/1404
f 5603/766/1403 5604/775/1507 5607/769/1406
f 5606/770/1407 5609/773/1506 5608/771/1408
f 5606/770/1407 5607/769/1406 5610/772/1543
f 4203/654/1476 5602/768/1405 4231/745/1502
f 4202/774/1411 5603/766/1403 5602/768/1405
f 4202/774/1411 4201/652/1295 5604/775/1507
f 4201/652/1295 3688/651/1294 4236/759/1399
f 5604/775/1507 4236/759/1399 4235/765/1402
f 5607/769/1406 4235/765/1402 4234/764/1604
f 5610/772/1543 4234/764/1604 3691/723/1368
f 5609/773/1506 5610/772/1543 4219/722/1367
f 5609/773/1506 4220/736/1575 4221/734/1599
f 5608/771/1408 4221/734/1599 3692/735/1600
f 5605/767/1404 5608/771/1408 4233/776/1413
f 5602/768/1405 5605/767/1404 4232/746/1388
f 5611/777/1414 5612/781/1418 5615/778/1415
f 5613/780/1417 5616/792/1511 5615/778/1415
f 5615/778/1415 5618/784/1421 5617/782/1419
f 5615/778/1415 5616/792/1511 5619/783/1508
f 3693/785/1333 4242/787/1509 5611/777/1414
f 4242/787/1509 4241/789/1424 5612/781/1418
f 4240/788/1423 5613/780/1417 5612/781/1418
f 3695/790/1510 4245/791/1426 5613/780/1417
f 4245/791/1426 4244/813/1445 5616/792/1511
f 5616/792/1511 4244/813/1445 4243/793/1428
f 5619/783/1508 4243/793/1428 3696/794/1429
f 5618/784/1421 5619/783/1508 4248/795/1430
f 5618/784/1421 4247/796/1548 4246/797/1605
f 5617/782/1419 4246/797/1605 3694/798/1337
f 5614/779/1416 5617/782/1419 4239/799/1336
f 4237/786/1334 5611/777/1414 5614/779/1416
f 5621/801/1515 5624/805/1607 5623/802/1434
f 5621/801/1515 5622/810/1442 5625/804/1516
f 5624/805/1607 5627/808/1440 5626/806/1608
f 5624/805/1607 5625/804/1516 5628/807/1439
f 3687/640/1283 4200/650/1293 5620/803/1606
f 4200/650/1293 4199/661/1304 5621/801/1515
f 4198/659/1564 5622/810/1442 5621/801/1515
f 3685/660/1303 4255/824/1456 5622/810/1442
f 5622/810/1442 4255/824/1456 4256/811/1443
f 5625/804/1516 4256/811/1443 4257/812/1444
f 5628/807/1439 4257/812/1444 3696/794/1429
f 5628/807/1439 4243/793/1428 4244/813/1445
f 5626/806/1608 5627/808/1440 4244/813/1445
f 5626/806/1608 4245/791/1426 3695/790/1510
f 5623/802/1434 5626/806/1608 4258/814/1609
f 5620/803/1606 5623/802/1434 4259/815/1447
f 5630/816/1448 5633/820/1452 5632/817/1449
f 5630/816/1448 5631/825/1457 5634/819/1518
f 5633/820/1452 5636/823/1455 5635/821/1453
f 5633/820/1452 5634/819/1518 5637/822/1550
f 3685/660/1303 4209/670/1313 5629/818/1450
f 4209/670/1313 4208/681/1320 5630/816/1448
f 4207/679/1482 5631/825/1457 5630/816/1448
f 3681/680/1586 4254/680/1329 5631/825/1457
f 5631/825/1457 4254/680/1329 4253/680/1568
f 5634/819/1518 4253/680/1568 4252/680/1593
f 5637/822/1550 4252/680/1593 3694/680/1337
f 5637/822/1550 4246/826/1605 4247/827/1548
f 5635/821/1453 5636/823/1455 4247/827/1548
f 5635/821/1453 4248/828/1430 3696/794/1429
f 5632/817/1449 5635/821/1453 4257/812/1444
f 5629/818/1450 5632/817/1449 4256/811/1443
f 5639/829/1458 5642/833/1553 5641/830/1551
f 5639/829/1458 5640/838/1467 5643/832/1552
f 5642/833/1553 5645/836/1465 5644/834/1522
f 5642/833/1553 5643/832/1552 5646/835/1610
f 3683/620/1263 4191/630/1560 5638/831/1583
f 4191/630/1560 4190/641/1284 5639/829/1458
f 4189/639/1282 5640/838/1467 5639/829/1458
f 3687/640/1283 4260/809/1441 5640/838/1467
f 5640/838/1467 4260/809/1441 4259/815/1447
f 5643/832/1552 4259/815/1447 4258/814/1609
f 5646/835/1610 4258/814/1609 3695/790/1510
f 5646/835/1610 4240/839/1423 4241/840/1424
f 5644/834/1522 5645/836/1465 4241/840/1424
f 5644/834/1522 4242/841/1509 3693/693/1333
f 5641/830/1551 5644/834/1522 4251/692/1332
f 5638/831/1583 5641/830/1551 4250/691/1331
f 5647/599/1242 5648/602/1523 5651/600/1243
f 5648/602/1523 5649/610/1253 5652/603/1246
f 5651/600/1243 5654/605/1585 5653/604/1468
f 5652/603/1246 5655/614/1257 5654/605/1585
f 4264/606/1249 5647/599/1242 4263/607/1469
f 4264/606/1249 4265/609/1252 5648/602/1523
f 4265/609/1252 4266/611/1524 5649/610/1253
f 4266/611/1524 3698/706/1318 4267/612/1255
f 5649/610/1253 4267/612/1255 4268/613/1256
f 4268/613/1256 4269/615/1258 5655/614/1257
f 4269/615/1258 3700/631/1588 4270/616/1259
f 5655/614/1257 4270/616/1259 4271/617/1260
f 5654/605/1585 4271/617/1260 4272/618/1261
f 4261/619/1262 5653/604/1468 4272/618/1261
f 4262/621/1471 5650/601/1611 5653/604/1468
f 5647/599/1242 5650/601/1611 4262/621/1471
f 5657/622/1265 5660/626/1612 5659/623/1525
f 5658/625/1268 5661/628/1271 5660/626/1612
f 5660/626/1612 5663/629/1272 5662/627/1526
f 5661/628/1271 5664/634/1277 5663/629/1272
f 4272/618/1261 5656/624/1267 4275/630/1560
f 4271/617/1260 5657/622/1265 5656/624/1267
f 4270/616/1259 5658/625/1268 5657/622/1265
f 3700/631/1588 4276/632/1275 5658/625/1268
f 4276/632/1275 4277/633/1276 5661/628/1271
f 4277/633/1276 4278/635/1278 5664/634/1277
f 4278/635/1278 3704/651/1294 4279/636/1563
f 5664/634/1277 4279/636/1563 4280/637/1280
f 5663/629/1272 4280/637/1280 4281/638/1281
f 4273/639/1282 5662/627/1526 4281/638/1281
f 5659/623/1525 5662/627/1526 4273/639/1282
f 5656/624/1267 5659/623/1525 4274/641/1284
f 5666/642/1285 5669/646/1289 5668/643/1286
f 5667/645/1613 5670/653/1615 5669/646/1289
f 5668/643/1286 5669/646/1289 5672/647/1290
f 5669/646/1289 5670/653/1615 5673/649/1292
f 4281/638/1281 5665/644/1287 4284/650/1293
f 4280/637/1280 5666/642/1285 5665/644/1287
f 4279/636/1563 5667/645/1613 5666/642/1285
f 3704/651/1294 4285/652/1295 5667/645/1613
f 4285/652/1295 4286/774/1411 5670/653/1615
f 5670/653/1615 4286/774/1411 4287/654/1476
f 5673/649/1292 4287/654/1476 3702/655/1298
f 5672/647/1290 5673/649/1292 4288/656/1299
f 5671/648/1614 5672/647/1290 4289/657/1300
f 4282/659/1478 5671/648/1614 4290/658/1301
f 4283/661/1616 5668/643/1286 5671/648/1614
f 5665/644/1287 5668/643/1286 4283/661/1616
f 5674/662/1305 5675/665/1308 5678/663/1306
f 5675/665/1308 5676/671/1314 5679/666/1565
f 5677/664/1479 5678/663/1306 5681/667/1310
f 5678/663/1306 5679/666/1565 5682/669/1312
f 4290/658/1301 5674/662/1305 4293/670/1313
f 4290/658/1301 4289/657/1300 5675/665/1308
f 4289/657/1300 4288/656/1299 5676/671/1314
f 4288/656/1299 3702/655/1298 4294/672/1528
f 5676/671/1314 4294/672/1528 4295/673/1617
f 5679/666/1565 4295/673/1617 4296/674/1481
f 5682/669/1312 4296/674/1481 3698/675/1318
f 5681/667/1310 5682/669/1312 4266/676/1524
f 5680/668/1480 5681/667/1310 4265/677/1252
f 4291/679/1482 5680/668/1480 4264/678/1249
f 4292/681/1320 5677/664/1479 5680/668/1480
f 4293/670/1313 5674/662/1305 5677/664/1479
f 5684/682/1566 5687/686/1592 5686/683/1322
f 5684/682/1566 5685/690/1531 5688/685/1618
f 5687/686/1592 5690/689/1328 5689/687/1485
f 5687/686/1592 5688/685/1618 5691/688/1619
f 3697/608/1251 4263/607/1469 5683/684/1323
f 4263/607/1469 4262/621/1471 5684/682/1566
f 4261/619/1262 5685/690/1531 5684/682/1566
f 3699/620/1263 4333/837/1466 5685/690/1531
f 5685/690/1531 4333/837/1466 4334/691/1331
f 5688/685/1618 4334/691/1331 4335/692/1332
f 5691/688/1619 4335/692/1332 3709/693/1333
f 5691/688/1619 4321/694/1334 4322/695/1335
f 5689/687/1485 5690/689/1328 4322/695/1335
f 5689/687/1485 4323/696/1336 3710/608/1337
f 5686/683/1322 5689/687/1485 4336/608/1338
f 5683/684/1323 5686/683/1322 4337/608/1339
f 5692/697/1340 5693/701/1344 5696/698/1341
f 5694/700/1343 5697/707/1350 5696/698/1341
f 5696/698/1341 5699/704/1347 5698/702/1345
f 5696/698/1341 5697/707/1350 5700/703/1346
f 3700/631/1588 4269/615/1258 5692/697/1340
f 4269/615/1258 4268/613/1256 5693/701/1344
f 4267/612/1255 5694/700/1343 5693/701/1344
f 3698/706/1318 4309/706/1349 5694/700/1343
f 4309/706/1349 4310/706/1390 5697/707/1350
f 5697/707/1350 4310/706/1390 4311/706/1351
f 5700/703/1346 4311/706/1351 3705/706/1352
f 5699/704/1347 5700/703/1346 4297/708/1353
f 5699/704/1347 4298/709/1354 4299/710/1355
f 5698/702/1345 4299/710/1355 3706/711/1356
f 5695/699/1489 5698/702/1345 4312/712/1357
f 4314/705/1348 5692/697/1340 5695/699/1489
f 5702/714/1620 5705/718/1621 5704/715/1360
f 5702/714/1620 5703/725/1370 5706/717/1362
f 5704/715/1360 5705/718/1621 5708/719/1622
f 5706/717/1362 5709/729/1372 5708/719/1622
f 4302/721/1366 5701/716/1361 4303/722/1367
f 4301/724/1369 5702/714/1620 5701/716/1361
f 4301/724/1369 4300/726/1371 5703/725/1370
f 4300/726/1371 3706/887/1356 4299/727/1355
f 5703/725/1370 4299/727/1355 4298/728/1354
f 4298/728/1354 4297/730/1353 5709/729/1372
f 4297/730/1353 3705/897/1352 4308/731/1373
f 5709/729/1372 4308/731/1373 4307/732/1374
f 5707/720/1623 5708/719/1622 4307/732/1374
f 4305/734/1624 5707/720/1623 4306/733/1375
f 4304/736/1575 5704/715/1360 5707/720/1623
f 5701/716/1361 5704/715/1360 4304/736/1575
f 5711/737/1379 5714/741/1383 5713/738/1380
f 5712/740/1382 5715/743/1540 5714/741/1383
f 5714/741/1383 5717/744/1386 5716/742/1384
f 5715/743/1540 5718/747/1577 5717/744/1386
f 4296/674/1481 5710/739/1381 4309/675/1349
f 4295/673/1617 5711/737/1379 5710/739/1381
f 4294/672/1528 5712/740/1382 5711/737/1379
f 3702/655/1298 4315/745/1541 5712/740/1382
f 4315/745/1541 4316/746/1388 5715/743/1540
f 4316/746/1388 4317/776/1413 5718/747/1577
f 5718/747/1577 4317/776/1413 3708/735/1600
f 5718/747/1577 4306/748/1375 4307/749/1374
f 5717/744/1386 4307/749/1374 4308/750/1373
f 5716/742/1384 4308/750/1373 3705/675/1352
f 5713/738/1380 5716/742/1384 4311/675/1351
f 5710/739/1381 5713/738/1380 4310/675/1390
f 5719/751/1391 5720/754/1394 5723/752/1503
f 5720/754/1394 5721/760/1400 5724/755/1395
f 5722/753/1625 5723/752/1503 5726/756/1396
f 5723/752/1503 5724/755/1395 5727/758/1398
f 3704/651/1294 4278/635/1278 5719/751/1391
f 4278/635/1278 4277/633/1276 5720/754/1394
f 4277/633/1276 4276/632/1275 5721/760/1400
f 4276/632/1275 3700/631/1588 4314/705/1348
f 5721/760/1400 4314/705/1348 4313/713/1570
f 5724/755/1395 4313/713/1570 4312/712/1357
f 5727/758/1398 4312/712/1357 3706/711/1356
f 5726/756/1396 5727/758/1398 4300/761/1371
f 5725/757/1397 5726/756/1396 4301/762/1369
f 5725/757/1397 4302/763/1366 3707/723/1368
f 4319/765/1402 5722/753/1625 5725/757/1397
f 4320/759/1399 5719/751/1391 5722/753/1625
f 5729/766/1403 5732/770/1407 5731/767/1404
f 5729/766/1403 5730/775/1507 5733/769/1406
f 5732/770/1407 5735/773/1506 5734/771/1408
f 5732/770/1407 5733/769/1406 5736/772/1409
f 4287/654/1476 5728/768/1405 4315/745/1541
f 4286/774/1411 5729/766/1403 5728/768/1405
f 4286/774/1411 4285/652/1295 5730/775/1507
f 4285/652/1295 3704/651/1294 4320/759/1399
f 5730/775/1507 4320/759/1399 4319/765/1402
f 5733/769/1406 4319/765/1402 4318/764/1626
f 5736/772/1409 4318/764/1626 3707/723/1368
f 5735/773/1506 5736/772/1409 4303/722/1367
f 5735/773/1506 4304/736/1575 4305/734/1624
f 5734/771/1408 4305/734/1624 3708/735/1600
f 5731/767/1404 5734/771/1408 4317/776/1413
f 5728/768/1405 5731/767/1404 4316/746/1388
f 5737/777/1414 5738/781/1418 5741/778/1415
f 5739/780/1417 5742/792/1511 5741/778/1415
f 5741/778/1415 5744/784/1421 5743/782/1419
f 5741/778/1415 5742/792/1511 5745/783/1508
f 3709/785/1333 4326/787/1422 5737/777/1414
f 4326/787/1422 4325/789/1424 5738/781/1418
f 4324/788/1423 5739/780/1417 5738/781/1418
f 3711/790/1425 4329/791/1426 5739/780/1417
f 4329/791/1426 4328/813/1445 5742/792/1511
f 5742/792/1511 4328/813/1445 4327/793/1428
f 5745/783/1508 4327/793/1428 3712/794/1547
f 5744/784/1421 5745/783/1508 4332/795/1430
f 5744/784/1421 4331/796/1431 4330/797/1514
f 5743/782/1419 4330/797/1514 3710/798/1337
f 5740/779/1416 5743/782/1419 4323/799/1336
f 4321/786/1334 5737/777/1414 5740/779/1416
f 5747/801/1515 5750/805/1607 5749/802/1434
f 5747/801/1515 5748/810/1442 5751/804/1436
f 5750/805/1607 5753/808/1628 5752/806/1438
f 5750/805/1607 5751/804/1436 5754/807/1439
f 3703/640/1283 4284/650/1293 5746/803/1627
f 4284/650/1293 4283/661/1616 5747/801/1515
f 4282/659/1478 5748/810/1442 5747/801/1515
f 3701/660/1303 4339/824/1456 5748/810/1442
f 5748/810/1442 4339/824/1456 4340/811/1443
f 5751/804/1436 4340/811/1443 4341/812/1549
f 5754/807/1439 4341/812/1549 3712/794/1547
f 5754/807/1439 4327/793/1428 4328/813/1445
f 5752/806/1438 5753/808/1628 4328/813/1445
f 5752/806/1438 4329/791/1426 3711/790/1425
f 5749/802/1434 5752/806/1438 4342/814/1609
f 5746/803/1627 5749/802/1434 4343/815/1447
f 5756/816/1448 5759/820/1452 5758/817/1449
f 5756/816/1448 5757/825/1457 5760/819/1451
f 5759/820/1452 5762/823/1455 5761/821/1453
f 5759/820/1452 5760/819/1451 5763/822/1454
f 3701/660/1303 4293/670/1313 5755/818/1450
f 4293/670/1313 4292/681/1320 5756/816/1448
f 4291/679/1482 5757/825/1457 5756/816/1448
f 3697/680/1251 4338/680/1329 5757/825/1457
f 5757/825/1457 4338/680/1329 4337/680/1339
f 5760/819/1451 4337/680/1339 4336/680/1338
f 5763/822/1454 4336/680/1338 3710/680/1337
f 5763/822/1454 4330/826/1514 4331/827/1431
f 5761/821/1453 5762/823/1455 4331/827/1431
f 5761/821/1453 4332/828/1430 3712/794/1547
f 5758/817/1449 5761/821/1453 4341/812/1549
f 5755/818/1450 5758/817/1449 4340/811/1443
f 5765/829/1458 5768/833/1462 5767/830/1551
f 5765/829/1458 5766/838/1467 5769/832/1629
f 5768/833/1462 5771/836/1465 5770/834/1522
f 5768/833/1462 5769/832/1629 5772/835/1464
f 3699/620/1263 4275/630/1560 5764/831/1460
f 4275/630/1560 4274/641/1284 5765/829/1458
f 4273/639/1282 5766/838/1467 5765/829/1458
f 3703/640/1283 4344/809/1441 5766/838/1467
f 5766/838/1467 4344/809/1441 4343/815/1447
f 5769/832/1629 4343/815/1447 4342/814/1609
f 5772/835/1464 4342/814/1609 3711/790/1425
f 5772/835/1464 4324/839/1423 4325/840/1424
f 5770/834/1522 5771/836/1465 4325/840/1424
f 5770/834/1522 4326/841/1422 3709/693/1333
f 5767/830/1551 5770/834/1522 4335/692/1332
f 5764/831/1460 5767/830/1551 4334/691/1331
f 5773/599/1242 5774/602/1523 5777/600/1243
f 5774/602/1523 5775/610/1253 5778/603/1246
f 5777/600/1243 5780/605/1248 5779/604/1468
f 5778/603/1246 5781/614/1257 5780/605/1248
f 4348/606/1249 5773/599/1242 4347/607/1250
f 4348/606/1249 4349/609/1252 5774/602/1523
f 4349/609/1252 4350/611/1254 5775/610/1253
f 4350/611/1254 3714/706/1318 4351/612/1255
f 5775/610/1253 4351/612/1255 4352/613/1256
f 4352/613/1256 4353/615/1258 5781/614/1257
f 4353/615/1258 3716/631/1274 4354/616/1259
f 5781/614/1257 4354/616/1259 4355/617/1260
f 5780/605/1248 4355/617/1260 4356/618/1261
f 4345/619/1262 5779/604/1468 4356/618/1261
f 4346/621/1264 5776/601/1244 5779/604/1468
f 5773/599/1242 5776/601/1244 4346/621/1264
f 5783/622/1265 5786/626/1612 5785/623/1525
f 5784/625/1268 5787/628/1271 5786/626/1612
f 5786/626/1612 5789/629/1272 5788/627/1526
f 5787/628/1271 5790/634/1277 5789/629/1272
f 4356/618/1261 5782/624/1267 4359/630/1273
f 4355/617/1260 5783/622/1265 5782/624/1267
f 4354/616/1259 5784/625/1268 5783/622/1265
f 3716/631/1274 4360/632/1275 5784/625/1268
f 4360/632/1275 4361/633/1276 5787/628/1271
f 4361/633/1276 4362/635/1278 5790/634/1277
f 4362/635/1278 3720/651/1294 4363/636/1279
f 5790/634/1277 4363/636/1279 4364/637/1280
f 5789/629/1272 4364/637/1280 4365/638/1281
f 4357/639/1630 5788/627/1526 4365/638/1281
f 5785/623/1525 5788/627/1526 4357/639/1630
f 5782/624/1267 5785/623/1525 4358/641/1284
f 5792/642/1285 5795/646/1289 5794/643/1286
f 5793/645/1288 5796/653/1615 5795/646/1289
f 5794/643/1286 5795/646/1289 5798/647/1290
f 5795/646/1289 5796/653/1615 5799/649/1292
f 4365/638/1281 5791/644/1287 4368/650/1293
f 4364/637/1280 5792/642/1285 5791/644/1287
f 4363/636/1279 5793/645/1288 5792/642/1285
f 3720/651/1294 4369/652/1295 5793/645/1288
f 4369/652/1295 4370/774/1411 5796/653/1615
f 5796/653/1615 4370/774/1411 4371/654/1476
f 5799/649/1292 4371/654/1476 3718/655/1298
f 5798/647/1290 5799/649/1292 4372/656/1299
f 5797/648/1291 5798/647/1290 4373/657/1300
f 4366/659/1478 5797/648/1291 4374/658/1301
f 4367/661/1304 5794/643/1286 5797/648/1291
f 5791/644/1287 5794/643/1286 4367/661/1304
f 5800/662/1305 5801/665/1308 5804/663/1306
f 5801/665/1308 5802/671/1314 5805/666/1309
f 5803/664/1479 5804/663/1306 5807/667/1310
f 5804/663/1306 5805/666/1309 5808/669/1312
f 4374/658/1301 5800/662/1305 4377/670/1313
f 4374/658/1301 4373/657/1300 5801/665/1308
f 4373/657/1300 4372/656/1299 5802/671/1314
f 4372/656/1299 3718/655/1298 4378/672/1528
f 5802/671/1314 4378/672/1528 4379/673/1316
f 5805/666/1309 4379/673/1316 4380/674/1317
f 5808/669/1312 4380/674/1317 3714/675/1318
f 5807/667/1310 5808/669/1312 4350/676/1254
f 5806/668/1311 5807/667/1310 4349/677/1252
f 4375/679/1482 5806/668/1311 4348/678/1249
f 4376/681/1320 5803/664/1479 5806/668/1311
f 4377/670/1313 5800/662/1305 5803/664/1479
f 5810/682/1631 5813/686/1592 5812/683/1322
f 5810/682/1631 5811/690/1531 5814/685/1324
f 5813/686/1592 5816/689/1328 5815/687/1485
f 5813/686/1592 5814/685/1324 5817/688/1327
f 3713/608/1251 4347/607/1250 5809/684/1632
f 4347/607/1250 4346/621/1264 5810/682/1631
f 4345/619/1262 5811/690/1531 5810/682/1631
f 3715/620/1263 4417/837/1466 5811/690/1531
f 5811/690/1531 4417/837/1466 4418/691/1331
f 5814/685/1324 4418/691/1331 4419/692/1332
f 5817/688/1327 4419/692/1332 3725/693/1333
f 5817/688/1327 4405/694/1334 4406/695/1335
f 5815/687/1485 5816/689/1328 4406/695/1335
f 5815/687/1485 4407/696/1336 3726/608/1337
f 5812/683/1322 5815/687/1485 4420/608/1338
f 5809/684/1632 5812/683/1322 4421/608/1339
f 5818/697/1488 5819/701/1344 5822/698/1341
f 5820/700/1343 5823/707/1350 5822/698/1341
f 5822/698/1341 5825/704/1633 5824/702/1345
f 5822/698/1341 5823/707/1350 5826/703/1346
f 3716/631/1274 4353/615/1258 5818/697/1488
f 4353/615/1258 4352/613/1256 5819/701/1344
f 4351/612/1255 5820/700/1343 5819/701/1344
f 3714/706/1318 4393/706/1349 5820/700/1343
f 4393/706/1349 4394/706/1390 5823/707/1350
f 5823/707/1350 4394/706/1390 4395/706/1351
f 5826/703/1346 4395/706/1351 3721/706/1534
f 5825/704/1633 5826/703/1346 4381/708/1492
f 5825/704/1633 4382/709/1354 4383/710/1355
f 5824/702/1345 4383/710/1355 3722/711/1356
f 5821/699/1489 5824/702/1345 4396/712/1357
f 4398/705/1348 5818/697/1488 5821/699/1489
f 5828/714/1634 5831/718/1535 5830/715/1493
f 5828/714/1634 5829/725/1370 5832/717/1362
f 5830/715/1493 5831/718/1535 5834/719/1364
f 5832/717/1362 5835/729/1372 5834/719/1364
f 4386/721/1366 5827/716/1571 4387/722/1367
f 4385/724/1369 5828/714/1634 5827/716/1571
f 4385/724/1369 4384/726/1497 5829/725/1370
f 4384/726/1497 3722/887/1356 4383/727/1355
f 5829/725/1370 4383/727/1355 4382/728/1354
f 4382/728/1354 4381/730/1492 5835/729/1372
f 4381/730/1492 3721/897/1534 4392/731/1373
f 5835/729/1372 4392/731/1373 4391/732/1374
f 5833/720/1537 5834/719/1364 4391/732/1374
f 4389/734/1376 5833/720/1537 4390/733/1498
f 4388/736/1575 5830/715/1493 5833/720/1537
f 5827/716/1571 5830/715/1493 4388/736/1575
f 5837/737/1635 5840/741/1383 5839/738/1380
f 5838/740/1382 5841/743/1540 5840/741/1383
f 5840/741/1383 5843/744/1386 5842/742/1384
f 5841/743/1540 5844/747/1577 5843/744/1386
f 4380/674/1317 5836/739/1500 4393/675/1349
f 4379/673/1316 5837/737/1635 5836/739/1500
f 4378/672/1528 5838/740/1382 5837/737/1635
f 3718/655/1298 4399/745/1387 5838/740/1382
f 4399/745/1387 4400/746/1388 5841/743/1540
f 4400/746/1388 4401/776/1413 5844/747/1577
f 5844/747/1577 4401/776/1413 3724/735/1377
f 5844/747/1577 4390/748/1498 4391/749/1374
f 5843/744/1386 4391/749/1374 4392/750/1373
f 5842/742/1384 4392/750/1373 3721/675/1534
f 5839/738/1380 5842/742/1384 4395/675/1351
f 5836/739/1500 5839/738/1380 4394/675/1390
f 5845/751/1391 5846/754/1394 5849/752/1392
f 5846/754/1394 5847/760/1400 5850/755/1395
f 5848/753/1625 5849/752/1392 5852/756/1396
f 5849/752/1392 5850/755/1395 5853/758/1398
f 3720/651/1294 4362/635/1278 5845/751/1391
f 4362/635/1278 4361/633/1276 5846/754/1394
f 4361/633/1276 4360/632/1275 5847/760/1400
f 4360/632/1275 3716/631/1274 4398/705/1348
f 5847/760/1400 4398/705/1348 4397/713/1570
f 5850/755/1395 4397/713/1570 4396/712/1357
f 5853/758/1398 4396/712/1357 3722/711/1356
f 5852/756/1396 5853/758/1398 4384/761/1497
f 5851/757/1397 5852/756/1396 4385/762/1369
f 5851/757/1397 4386/763/1366 3723/723/1368
f 4403/765/1402 5848/753/1625 5851/757/1397
f 4404/759/1399 5845/751/1391 5848/753/1625
f 5855/766/1403 5858/770/1407 5857/767/1404
f 5855/766/1403 5856/775/1507 5859/769/1406
f 5858/770/1407 5861/773/1506 5860/771/1408
f 5858/770/1407 5859/769/1406 5862/772/1409
f 4371/654/1476 5854/768/1405 4399/745/1387
f 4370/774/1411 5855/766/1403 5854/768/1405
f 4370/774/1411 4369/652/1295 5856/775/1507
f 4369/652/1295 3720/651/1294 4404/759/1399
f 5856/775/1507 4404/759/1399 4403/765/1402
f 5859/769/1406 4403/765/1402 4402/764/1626
f 5862/772/1409 4402/764/1626 3723/723/1368
f 5861/773/1506 5862/772/1409 4387/722/1367
f 5861/773/1506 4388/736/1575 4389/734/1376
f 5860/771/1408 4389/734/1376 3724/735/1377
f 5857/767/1404 5860/771/1408 4401/776/1413
f 5854/768/1405 5857/767/1404 4400/746/1388
f 5863/777/1414 5864/781/1418 5867/778/1415
f 5865/780/1417 5868/792/1427 5867/778/1415
f 5867/778/1415 5870/784/1421 5869/782/1419
f 5867/778/1415 5868/792/1427 5871/783/1508
f 3725/785/1333 4410/787/1422 5863/777/1414
f 4410/787/1422 4409/789/1424 5864/781/1418
f 4408/788/1423 5865/780/1417 5864/781/1418
f 3727/790/1425 4413/791/1426 5865/780/1417
f 4413/791/1426 4412/813/1445 5868/792/1427
f 5868/792/1427 4412/813/1445 4411/793/1428
f 5871/783/1508 4411/793/1428 3728/794/1429
f 5870/784/1421 5871/783/1508 4416/795/1430
f 5870/784/1421 4415/796/1548 4414/797/1432
f 5869/782/1419 4414/797/1432 3726/798/1337
f 5866/779/1416 5869/782/1419 4407/799/1336
f 4405/786/1334 5863/777/1414 5866/779/1416
f 5873/801/1515 5876/805/1437 5875/802/1434
f 5873/801/1515 5874/810/1638 5877/804/1436
f 5876/805/1437 5879/808/1440 5878/806/1636
f 5876/805/1437 5877/804/1436 5880/807/1439
f 3719/640/1283 4368/650/1293 5872/803/1435
f 4368/650/1293 4367/661/1304 5873/801/1515
f 4366/659/1478 5874/810/1638 5873/801/1515
f 3717/660/1303 4423/824/1456 5874/810/1638
f 5874/810/1638 4423/824/1456 4424/811/1443
f 5877/804/1436 4424/811/1443 4425/812/1444
f 5880/807/1439 4425/812/1444 3728/794/1429
f 5880/807/1439 4411/793/1428 4412/813/1445
f 5878/806/1636 5879/808/1440 4412/813/1445
f 5878/806/1636 4413/791/1426 3727/790/1425
f 5875/802/1434 5878/806/1636 4426/814/1609
f 5872/803/1435 5875/802/1434 4427/815/1447
f 5882/816/1448 5885/820/1582 5884/817/1449
f 5882/816/1448 5883/825/1457 5886/819/1451
f 5885/820/1582 5888/823/1519 5887/821/1453
f 5885/820/1582 5886/819/1451 5889/822/1454
f 3717/660/1303 4377/670/1313 5881/818/1450
f 4377/670/1313 4376/681/1320 5882/816/1448
f 4375/679/1482 5883/825/1457 5882/816/1448
f 3713/680/1251 4422/680/1329 5883/825/1457
f 5883/825/1457 4422/680/1329 4421/680/1339
f 5886/819/1451 4421/680/1339 4420/680/1338
f 5889/822/1454 4420/680/1338 3726/680/1337
f 5889/822/1454 4414/826/1432 4415/827/1548
f 5887/821/1453 5888/823/1519 4415/827/1548
f 5887/821/1453 4416/828/1430 3728/794/1429
f 5884/817/1449 5887/821/1453 4425/812/1444
f 5881/818/1450 5884/817/1449 4424/811/1443
f 5891/829/1458 5894/833/1553 5893/830/1459
f 5891/829/1458 5892/838/1467 5895/832/1552
f 5894/833/1553 5897/836/1640 5896/834/1639
f 5894/833/1553 5895/832/1552 5898/835/1464
f 3715/620/1263 4359/630/1273 5890/831/1460
f 4359/630/1273 4358/641/1284 5891/829/1458
f 4357/639/1630 5892/838/1467 5891/829/1458
f 3719/640/1283 4428/809/1637 5892/838/1467
f 5892/838/1467 4428/809/1637 4427/815/1447
f 5895/832/1552 4427/815/1447 4426/814/1609
f 5898/835/1464 4426/814/1609 3727/790/1425
f 5898/835/1464 4408/839/1423 4409/840/1424
f 5896/834/1639 5897/836/1640 4409/840/1424
f 5896/834/1639 4410/841/1422 3725/693/1333
f 5893/830/1459 5896/834/1639 4419/692/1332
f 5890/831/1460 5893/830/1459 4418/691/1331
f 5899/842/1641 5900/844/1645 5903/600/1642
f 5901/843/1644 5904/605/1648 5903/600/1642
f 5902/602/1643 5903/600/1642 5906/845/1646
f 5904/605/1648 5907/848/1656 5906/845/1646
f 4431/696/1649 5899/842/1641 4432/606/1650
f 4430/695/1652 5900/844/1645 5899/842/1641
f 4430/695/1652 4429/694/1653 5901/843/1644
f 4429/694/1653 3731/693/1673 4440/847/1654
f 4440/847/1654 4439/617/1655 5904/605/1648
f 4439/617/1655 4438/849/1657 5907/848/1656
f 4438/849/1657 3732/711/1683 4437/710/1658
f 5907/848/1656 4437/710/1658 4436/709/1659
f 5905/846/1647 5906/845/1646 4436/709/1659
f 4434/611/1661 5905/846/1647 4435/708/1660
f 4433/609/1663 5902/602/1643 5905/846/1647
f 4432/606/1650 5899/842/1641 5902/602/1643
f 5909/850/1664 5912/626/1668 5911/622/1665
f 5910/852/1667 5913/629/1670 5912/626/1668
f 5912/626/1668 5915/854/1671 5914/853/1669
f 5913/629/1670 5916/856/1678 5915/854/1671
f 4443/841/1672 5908/851/1666 4440/847/1654
f 4442/840/1674 5909/850/1664 5908/851/1666
f 4441/839/1675 5910/852/1667 5909/850/1664
f 4441/839/1675 3735/790/1693 4449/855/1676
f 4449/855/1676 4448/637/1677 5913/629/1670
f 4448/637/1677 4447/857/1679 5916/856/1678
f 4447/857/1679 3736/723/1704 4446/763/1680
f 5916/856/1678 4446/763/1680 4445/762/1681
f 5915/854/1671 4445/762/1681 4444/761/1682
f 5914/853/1669 4444/761/1682 3732/711/1683
f 5911/622/1665 5914/853/1669 4438/849/1657
f 5908/851/1666 5911/622/1665 4439/617/1655
f 5918/858/1684 5921/646/1688 5920/642/1685
f 5918/858/1684 5919/865/1695 5922/647/1687
f 5921/646/1688 5924/862/1691 5923/860/1689
f 5921/646/1688 5922/647/1687 5925/861/1690
f 4452/863/1692 5917/859/1686 4449/855/1676
f 4451/864/1694 5918/858/1684 5917/859/1686
f 4451/864/1694 4450/866/1696 5919/865/1695
f 4450/866/1696 3733/794/1714 4458/867/1697
f 5919/865/1695 4458/867/1697 4457/657/1698
f 5922/647/1687 4457/657/1698 4456/868/1699
f 5925/861/1690 4456/868/1699 3734/735/1700
f 5924/862/1691 5925/861/1690 4455/869/1701
f 5924/862/1691 4454/870/1702 4453/871/1703
f 5923/860/1689 4453/871/1703 3736/723/1704
f 5920/642/1685 5923/860/1689 4447/857/1679
f 5917/859/1686 5920/642/1685 4448/637/1677
f 5926/872/1705 5927/873/1708 5930/663/1706
f 5927/873/1708 5928/877/1716 5931/667/1709
f 5929/665/1707 5930/663/1706 5933/874/1710
f 5930/663/1706 5931/667/1709 5934/876/1712
f 4461/828/1713 5926/872/1705 4458/867/1697
f 4461/828/1713 4460/827/1715 5927/873/1708
f 4460/827/1715 4459/826/1717 5928/877/1716
f 4459/826/1717 3729/680/1651 4432/678/1650
f 5928/877/1716 4432/678/1650 4433/677/1663
f 5931/667/1709 4433/677/1663 4434/676/1661
f 5934/876/1712 4434/676/1661 3730/675/1662
f 5933/874/1710 5934/876/1712 4464/750/1718
f 5932/875/1711 5933/874/1710 4463/749/1719
f 4456/868/1699 5932/875/1711 4462/748/1720
f 4457/657/1698 5929/665/1707 5932/875/1711
f 4458/867/1697 5926/872/1705 5929/665/1707
f 5936/696/1721 5939/695/1725 5938/695/1722
f 5937/696/1724 5940/695/1734 5939/695/1725
f 5938/695/1722 5939/695/1725 5942/694/1726
f 5939/695/1725 5940/695/1734 5943/694/1728
f 3729/608/1651 4506/608/1730 5935/696/1723
f 4505/608/1729 5936/696/1721 5935/696/1723
f 4504/608/1731 5937/696/1724 5936/696/1721
f 3742/608/1732 4491/696/1822 5937/696/1724
f 5937/696/1724 4491/696/1822 4490/695/1733
f 4490/695/1733 4489/694/1821 5943/694/1728
f 5943/694/1728 4489/694/1821 3741/693/1735
f 5942/694/1726 5943/694/1728 4503/693/1736
f 5941/694/1727 5942/694/1726 4502/693/1737
f 5941/694/1727 4501/693/1738 3731/693/1673
f 5938/695/1722 5941/694/1727 4429/694/1653
f 4431/696/1649 5935/696/1723 5938/695/1722
f 5944/710/1739 5945/710/1743 5948/709/1740
f 5946/710/1742 5949/709/1752 5948/709/1740
f 5948/709/1740 5951/708/1746 5950/708/1744
f 5948/709/1740 5949/709/1752 5952/708/1745
f 3732/711/1683 4482/711/1747 5944/710/1739
f 4482/711/1747 4481/711/1749 5945/710/1743
f 4480/711/1748 5946/710/1742 5945/710/1743
f 3738/711/1750 4467/710/1751 5946/710/1742
f 4467/710/1751 4466/709/1775 5949/709/1752
f 5949/709/1752 4466/709/1775 4465/708/1753
f 5952/708/1745 4465/708/1753 3737/706/1754
f 5951/708/1746 5952/708/1745 4479/706/1755
f 5951/708/1746 4478/706/1756 4477/706/1757
f 5950/708/1744 4477/706/1757 3730/706/1662
f 5947/709/1741 5950/708/1744 4435/708/1660
f 4437/710/1658 5944/710/1739 5947/709/1741
f 5954/878/1758 5957/882/1762 5956/879/1759
f 5954/878/1758 5955/885/1769 5958/881/1761
f 5956/879/1759 5957/882/1762 5960/883/1763
f 5958/881/1761 5961/886/1773 5960/883/1763
f 4471/871/1765 5953/880/1760 4470/721/1766
f 4472/870/1768 5954/878/1758 5953/880/1760
f 4472/870/1768 4473/869/1770 5955/885/1769
f 4473/869/1770 3740/735/1787 4474/733/1771
f 5955/885/1769 4474/733/1771 4475/732/1772
f 4475/732/1772 4476/731/1774 5961/886/1773
f 4476/731/1774 3737/897/1754 4465/730/1753
f 5961/886/1773 4465/730/1753 4466/728/1775
f 5959/884/1764 5960/883/1763 4466/728/1775
f 4468/726/1776 5959/884/1764 4467/727/1751
f 4469/724/1777 5956/879/1759 5959/884/1764
f 5953/880/1760 5956/879/1759 4469/724/1777
f 5963/750/1778 5966/749/1782 5965/749/1779
f 5964/750/1781 5967/749/1784 5966/749/1782
f 5966/749/1782 5969/748/1785 5968/748/1783
f 5967/749/1784 5970/748/1786 5969/748/1785
f 4477/675/1757 5962/750/1780 4464/750/1718
f 4478/675/1756 5963/750/1778 5962/750/1780
f 4479/675/1755 5964/750/1781 5963/750/1778
f 3737/675/1754 4476/750/1774 5964/750/1781
f 4476/750/1774 4475/749/1772 5967/749/1784
f 4475/749/1772 4474/748/1771 5970/748/1786
f 5970/748/1786 4474/748/1771 3740/735/1787
f 5970/748/1786 4485/735/1788 4484/735/1789
f 5969/748/1785 4484/735/1789 4483/735/1790
f 5968/748/1783 4483/735/1790 3734/735/1700
f 5965/749/1779 5968/748/1783 4462/748/1720
f 5962/750/1780 5965/749/1779 4463/749/1719
f 5971/763/1791 5972/763/1794 5975/762/1792
f 5972/763/1794 5973/763/1801 5976/762/1795
f 5974/762/1793 5975/762/1792 5978/761/1796
f 5975/762/1792 5976/762/1795 5979/761/1798
f 3736/723/1704 4488/723/1799 5971/763/1791
f 4488/723/1799 4487/723/1800 5972/763/1794
f 4487/723/1800 4486/723/1802 5973/763/1801
f 3739/723/1767 4470/763/1766 5973/763/1801
f 5973/763/1801 4470/763/1766 4469/762/1777
f 5976/762/1795 4469/762/1777 4468/761/1776
f 5979/761/1798 4468/761/1776 3738/711/1750
f 5978/761/1796 5979/761/1798 4480/711/1748
f 5977/761/1797 5978/761/1796 4481/711/1749
f 4444/761/1682 5977/761/1797 4482/711/1747
f 4445/762/1681 5974/762/1793 5977/761/1797
f 4446/763/1680 5971/763/1791 5974/762/1793
f 5981/869/1803 5984/870/1807 5983/870/1804
f 5982/869/1806 5985/870/1811 5984/870/1807
f 5983/870/1804 5984/870/1807 5987/871/1808
f 5984/870/1807 5985/870/1811 5988/871/1810
f 4483/735/1790 5980/869/1805 4455/869/1701
f 4484/735/1789 5981/869/1803 5980/869/1805
f 4485/735/1788 5982/869/1806 5981/869/1803
f 3740/735/1787 4473/869/1770 5982/869/1806
f 4473/869/1770 4472/870/1768 5985/870/1811
f 5985/870/1811 4472/870/1768 4471/871/1765
f 5988/871/1810 4471/871/1765 3739/723/1767
f 5987/871/1808 5988/871/1810 4486/723/1802
f 5986/871/1809 5987/871/1808 4487/723/1800
f 4453/871/1703 5986/871/1809 4488/723/1799
f 4454/870/1702 5983/870/1804 5986/871/1809
f 5980/869/1805 5983/870/1804 4454/870/1702
f 5989/888/1812 5990/892/1816 5993/889/1813
f 5991/891/1815 5994/896/1824 5993/889/1813
f 5993/889/1813 5996/895/1819 5995/893/1817
f 5993/889/1813 5994/896/1824 5997/894/1818
f 3741/785/1735 4489/786/1821 5989/888/1812
f 4489/786/1821 4490/800/1733 5990/892/1816
f 4491/799/1822 5991/891/1815 5990/892/1816
f 3742/798/1732 4498/797/1823 5991/891/1815
f 4498/797/1823 4499/796/1856 5994/896/1824
f 5994/896/1824 4499/796/1856 4500/795/1825
f 5997/894/1818 4500/795/1825 3744/794/1826
f 5996/895/1819 5997/894/1818 4495/866/1827
f 5996/895/1819 4496/864/1828 4497/863/1829
f 5995/893/1817 4497/863/1829 3743/790/1830
f 5992/890/1814 5995/893/1817 4492/788/1831
f 4494/787/1820 5989/888/1812 5992/890/1814
f 5999/863/1833 6002/864/1837 6001/864/1834
f 6000/863/1836 6003/864/1844 6002/864/1837
f 6001/864/1834 6002/864/1837 6005/866/1838
f 6002/864/1837 6003/864/1844 6006/866/1840
f 3735/790/1693 4512/790/1842 5998/863/1835
f 4511/790/1841 5999/863/1833 5998/863/1835
f 4510/790/1843 6000/863/1836 5999/863/1833
f 3743/790/1830 4497/863/1829 6000/863/1836
f 6000/863/1836 4497/863/1829 4496/864/1828
f 4496/864/1828 4495/866/1827 6006/866/1840
f 6006/866/1840 4495/866/1827 3744/794/1826
f 6005/866/1838 6006/866/1840 4509/794/1845
f 6004/866/1839 6005/866/1838 4508/794/1846
f 6004/866/1839 4507/794/1847 3733/794/1714
f 6001/864/1834 6004/866/1839 4450/866/1696
f 4452/863/1692 5998/863/1835 6001/864/1834
f 6008/828/1848 6011/827/1852 6010/827/1849
f 6009/828/1851 6012/827/1857 6011/827/1852
f 6010/827/1849 6011/827/1852 6014/826/1853
f 6011/827/1852 6012/827/1857 6015/826/1855
f 3733/794/1714 4507/794/1847 6007/828/1850
f 4508/794/1846 6008/828/1848 6007/828/1850
f 4509/794/1845 6009/828/1851 6008/828/1848
f 3744/794/1826 4500/828/1825 6009/828/1851
f 6009/828/1851 4500/828/1825 4499/827/1856
f 4499/827/1856 4498/826/1823 6015/826/1855
f 6015/826/1855 4498/826/1823 3742/680/1732
f 6014/826/1853 6015/826/1855 4504/680/1731
f 6013/826/1854 6014/826/1853 4505/680/1729
f 6013/826/1854 4506/680/1730 3729/680/1651
f 6010/827/1849 6013/826/1854 4459/826/1717
f 4461/828/1713 6007/828/1850 6010/827/1849
f 6017/841/1858 6020/840/1862 6019/840/1859
f 6018/841/1861 6021/840/1866 6020/840/1862
f 6019/840/1859 6020/840/1862 6023/839/1863
f 6020/840/1862 6021/840/1866 6024/839/1865
f 3731/693/1673 4501/693/1738 6016/841/1860
f 4502/693/1737 6017/841/1858 6016/841/1860
f 4503/693/1736 6018/841/1861 6017/841/1858
f 3741/693/1735 4494/841/1820 6018/841/1861
f 6018/841/1861 4494/841/1820 4493/840/1832
f 4493/840/1832 4492/839/1831 6024/839/1865
f 6024/839/1865 4492/839/1831 3743/790/1830
f 6023/839/1863 6024/839/1865 4510/790/1843
f 6022/839/1864 6023/839/1863 4511/790/1841
f 6022/839/1864 4512/790/1842 3735/790/1693
f 6019/840/1859 6022/839/1864 4441/839/1675
f 4443/841/1672 6016/841/1860 6019/840/1859
f 6025/842/1641 6026/844/1645 6029/600/1642
f 6027/843/1867 6030/605/1868 6029/600/1642
f 6028/602/1643 6029/600/1642 6032/845/1646
f 6030/605/1868 6033/848/1656 6032/845/1646
f 4515/696/1649 6025/842/1641 4516/606/1650
f 4514/695/1652 6026/844/1645 6025/842/1641
f 4514/695/1652 4513/694/1653 6027/843/1867
f 4513/694/1653 3747/693/1673 4524/847/1654
f 4524/847/1654 4523/617/1655 6030/605/1868
f 4523/617/1655 4522/849/1657 6033/848/1656
f 4522/849/1657 3748/711/1683 4521/710/1658
f 6033/848/1656 4521/710/1658 4520/709/1659
f 6031/846/1647 6032/845/1646 4520/709/1659
f 4518/611/1661 6031/846/1647 4519/708/1660
f 4517/609/1663 6028/602/1643 6031/846/1647
f 4516/606/1650 6025/842/1641 6028/602/1643
f 6035/850/1870 6038/626/1872 6037/622/1665
f 6036/852/1871 6039/629/1670 6038/626/1872
f 6038/626/1872 6041/854/1671 6040/853/1669
f 6039/629/1670 6042/856/1875 6041/854/1671
f 4527/841/1873 6034/851/1666 4524/847/1654
f 4526/840/1674 6035/850/1870 6034/851/1666
f 4525/839/1874 6036/852/1871 6035/850/1870
f 4525/839/1874 3751/790/1693 4533/855/1676
f 4533/855/1676 4532/637/1677 6039/629/1670
f 4532/637/1677 4531/857/1876 6042/856/1875
f 4531/857/1876 3752/723/1704 4530/763/1680
f 6042/856/1875 4530/763/1680 4529/762/1681
f 6041/854/1671 4529/762/1681 4528/761/1682
f 6040/853/1669 4528/761/1682 3748/711/1683
f 6037/622/1665 6040/853/1669 4522/849/1657
f 6034/851/1666 6037/622/1665 4523/617/1655
f 6044/858/1684 6047/646/1688 6046/642/1685
f 6044/858/1684 6045/865/1695 6048/647/1687
f 6047/646/1688 6050/862/1691 6049/860/1689
f 6047/646/1688 6048/647/1687 6051/861/1690
f 4536/863/1692 6043/859/1686 4533/855/1676
f 4535/864/1694 6044/858/1684 6043/859/1686
f 4535/864/1694 4534/866/1696 6045/865/1695
f 4534/866/1696 3749/794/1714 4542/867/1697
f 6045/865/1695 4542/867/1697 4541/657/1698
f 6048/647/1687 4541/657/1698 4540/868/1699
f 6051/861/1690 4540/868/1699 3750/735/1700
f 6050/862/1691 6051/861/1690 4539/869/1701
f 6050/862/1691 4538/870/1702 4537/871/1703
f 6049/860/1689 4537/871/1703 3752/723/1704
f 6046/642/1685 6049/860/1689 4531/857/1876
f 6043/859/1686 6046/642/1685 4532/637/1677
f 6052/872/1705 6053/873/1708 6056/663/1706
f 6053/873/1708 6054/877/1877 6057/667/1709
f 6055/665/1707 6056/663/1706 6059/874/1710
f 6056/663/1706 6057/667/1709 6060/876/1712
f 4545/828/1713 6052/872/1705 4542/867/1697
f 4545/828/1713 4544/827/1715 6053/873/1708
f 4544/827/1715 4543/826/1878 6054/877/1877
f 4543/826/1878 3745/680/1869 4516/678/1650
f 6054/877/1877 4516/678/1650 4517/677/1663
f 6057/667/1709 4517/677/1663 4518/676/1661
f 6060/876/1712 4518/676/1661 3746/675/1662
f 6059/874/1710 6060/876/1712 4548/750/1879
f 6058/875/1711 6059/874/1710 4547/749/1719
f 4540/868/1699 6058/875/1711 4546/748/1880
f 4541/657/1698 6055/665/1707 6058/875/1711
f 4542/867/1697 6052/872/1705 6055/665/1707
f 6062/696/1721 6065/695/1725 6064/695/1881
f 6063/696/1724 6066/695/1884 6065/695/1725
f 6064/695/1881 6065/695/1725 6068/694/1726
f 6065/695/1725 6066/695/1884 6069/694/1728
f 3745/608/1869 4590/608/1883 6061/696/1723
f 4589/608/1882 6062/696/1721 6061/696/1723
f 4588/608/1731 6063/696/1724 6062/696/1721
f 3758/608/1732 4575/696/1912 6063/696/1724
f 6063/696/1724 4575/696/1912 4574/695/1733
f 4574/695/1733 4573/694/1821 6069/694/1728
f 6069/694/1728 4573/694/1821 3757/693/1735
f 6068/694/1726 6069/694/1728 4587/693/1736
f 6067/694/1727 6068/694/1726 4586/693/1737
f 6067/694/1727 4585/693/1738 3747/693/1673
f 6064/695/1881 6067/694/1727 4513/694/1653
f 4515/696/1649 6061/696/1723 6064/695/1881
f 6070/710/1739 6071/710/1743 6074/709/1885
f 6072/710/1886 6075/709/1888 6074/709/1885
f 6074/709/1885 6077/708/1746 6076/708/1744
f 6074/709/1885 6075/709/1888 6078/708/1745
f 3748/711/1683 4566/711/1747 6070/710/1739
f 4566/711/1747 4565/711/1749 6071/710/1743
f 4564/711/1748 6072/710/1886 6071/710/1743
f 3754/711/1887 4551/710/1751 6072/710/1886
f 4551/710/1751 4550/709/1900 6075/709/1888
f 6075/709/1888 4550/709/1900 4549/708/1753
f 6078/708/1745 4549/708/1753 3753/706/1754
f 6077/708/1746 6078/708/1745 4563/706/1755
f 6077/708/1746 4562/706/1756 4561/706/1757
f 6076/708/1744 4561/706/1757 3746/706/1662
f 6073/709/1741 6076/708/1744 4519/708/1660
f 4521/710/1658 6070/710/1739 6073/709/1741
f 6080/878/1889 6083/882/1892 6082/879/1890
f 6080/878/1889 6081/885/1897 6084/881/1891
f 6082/879/1890 6083/882/1892 6086/883/1893
f 6084/881/1891 6087/886/1899 6086/883/1893
f 4555/871/1765 6079/880/1760 4554/721/1894
f 4556/870/1896 6080/878/1889 6079/880/1760
f 4556/870/1896 4557/869/1898 6081/885/1897
f 4557/869/1898 3756/735/1903 4558/733/1771
f 6081/885/1897 4558/733/1771 4559/732/1772
f 4559/732/1772 4560/731/1774 6087/886/1899
f 4560/731/1774 3753/897/1754 4549/730/1753
f 6087/886/1899 4549/730/1753 4550/728/1900
f 6085/884/1764 6086/883/1893 4550/728/1900
f 4552/726/1776 6085/884/1764 4551/727/1751
f 4553/724/1777 6082/879/1890 6085/884/1764
f 6079/880/1760 6082/879/1890 4553/724/1777
f 6089/750/1778 6092/749/1782 6091/749/1779
f 6090/750/1781 6093/749/1784 6092/749/1782
f 6092/749/1782 6095/748/1902 6094/748/1783
f 6093/749/1784 6096/748/1786 6095/748/1902
f 4561/675/1757 6088/750/1901 4548/750/1879
f 4562/675/1756 6089/750/1778 6088/750/1901
f 4563/675/1755 6090/750/1781 6089/750/1778
f 3753/675/1754 4560/750/1774 6090/750/1781
f 4560/750/1774 4559/749/1772 6093/749/1784
f 4559/749/1772 4558/748/1771 6096/748/1786
f 6096/748/1786 4558/748/1771 3756/735/1903
f 6096/748/1786 4569/735/1788 4568/735/1789
f 6095/748/1902 4568/735/1789 4567/735/1904
f 6094/748/1783 4567/735/1904 3750/735/1700
f 6091/749/1779 6094/748/1783 4546/748/1880
f 6088/750/1901 6091/749/1779 4547/749/1719
f 6097/763/1791 6098/763/1794 6101/762/1792
f 6098/763/1794 6099/763/1801 6102/762/1795
f 6100/762/1793 6101/762/1792 6104/761/1796
f 6101/762/1792 6102/762/1795 6105/761/1798
f 3752/723/1704 4572/723/1905 6097/763/1791
f 4572/723/1905 4571/723/1800 6098/763/1794
f 4571/723/1800 4570/723/1906 6099/763/1801
f 3755/723/1895 4554/763/1894 6099/763/1801
f 6099/763/1801 4554/763/1894 4553/762/1777
f 6102/762/1795 4553/762/1777 4552/761/1776
f 6105/761/1798 4552/761/1776 3754/711/1887
f 6104/761/1796 6105/761/1798 4564/711/1748
f 6103/761/1797 6104/761/1796 4565/711/1749
f 4528/761/1682 6103/761/1797 4566/711/1747
f 4529/762/1681 6100/762/1793 6103/761/1797
f 4530/763/1680 6097/763/1791 6100/762/1793
f 6107/869/1803 6110/870/1807 6109/870/1804
f 6108/869/1806 6111/870/1908 6110/870/1807
f 6109/870/1804 6110/870/1807 6113/871/1808
f 6110/870/1807 6111/870/1908 6114/871/1907
f 4567/735/1904 6106/869/1805 4539/869/1701
f 4568/735/1789 6107/869/1803 6106/869/1805
f 4569/735/1788 6108/869/1806 6107/869/1803
f 3756/735/1903 4557/869/1898 6108/869/1806
f 4557/869/1898 4556/870/1896 6111/870/1908
f 6111/870/1908 4556/870/1896 4555/871/1765
f 6114/871/1907 4555/871/1765 3755/723/1895
f 6113/871/1808 6114/871/1907 4570/723/1906
f 6112/871/1809 6113/871/1808 4571/723/1800
f 4537/871/1703 6112/871/1809 4572/723/1905
f 4538/870/1702 6109/870/1804 6112/871/1809
f 6106/869/1805 6109/870/1804 4538/870/1702
f 6115/888/1812 6116/892/1816 6119/889/1813
f 6117/891/1815 6120/896/1824 6119/889/1813
f 6119/889/1813 6122/895/1910 6121/893/1817
f 6119/889/1813 6120/896/1824 6123/894/1909
f 3757/785/1735 4573/786/1821 6115/888/1812
f 4573/786/1821 4574/800/1733 6116/892/1816
f 4575/799/1912 6117/891/1815 6116/892/1816
f 3758/798/1732 4582/797/1913 6117/891/1815
f 4582/797/1913 4583/796/1922 6120/896/1824
f 6120/896/1824 4583/796/1922 4584/795/1825
f 6123/894/1909 4584/795/1825 3760/794/1914
f 6122/895/1910 6123/894/1909 4579/866/1827
f 6122/895/1910 4580/864/1828 4581/863/1829
f 6121/893/1817 4581/863/1829 3759/790/1830
f 6118/890/1814 6121/893/1817 4576/788/1831
f 4578/787/1911 6115/888/1812 6118/890/1814
f 6125/863/1833 6128/864/1915 6127/864/1834
f 6126/863/1836 6129/864/1917 6128/864/1915
f 6127/864/1834 6128/864/1915 6131/866/1838
f 6128/864/1915 6129/864/1917 6132/866/1840
f 3751/790/1693 4596/790/1842 6124/863/1835
f 4595/790/1841 6125/863/1833 6124/863/1835
f 4594/790/1843 6126/863/1836 6125/863/1833
f 3759/790/1830 4581/863/1829 6126/863/1836
f 6126/863/1836 4581/863/1829 4580/864/1828
f 4580/864/1828 4579/866/1827 6132/866/1840
f 6132/866/1840 4579/866/1827 3760/794/1914
f 6131/866/1838 6132/866/1840 4593/794/1845
f 6130/866/1916 6131/866/1838 4592/794/1918
f 6130/866/1916 4591/794/1847 3749/794/1714
f 6127/864/1834 6130/866/1916 4534/866/1696
f 4536/863/1692 6124/863/1835 6127/864/1834
f 6134/828/1919 6137/827/1852 6136/827/1849
f 6135/828/1851 6138/827/1857 6137/827/1852
f 6136/827/1849 6137/827/1852 6140/826/1920
f 6137/827/1852 6138/827/1857 6141/826/1921
f 3749/794/1714 4591/794/1847 6133/828/1850
f 4592/794/1918 6134/828/1919 6133/828/1850
f 4593/794/1845 6135/828/1851 6134/828/1919
f 3760/794/1914 4584/828/1825 6135/828/1851
f 6135/828/1851 4584/828/1825 4583/827/1922
f 4583/827/1922 4582/826/1913 6141/826/1921
f 6141/826/1921 4582/826/1913 3758/680/1732
f 6140/826/1920 6141/826/1921 4588/680/1731
f 6139/826/1854 6140/826/1920 4589/680/1882
f 6139/826/1854 4590/680/1883 3745/680/1869
f 6136/827/1849 6139/826/1854 4543/826/1878
f 4545/828/1713 6133/828/1850 6136/827/1849
f 6143/841/1923 6146/840/1925 6145/840/1859
f 6144/841/1924 6147/840/1928 6146/840/1925
f 6145/840/1859 6146/840/1925 6149/839/1926
f 6146/840/1925 6147/840/1928 6150/839/1927
f 3747/693/1673 4585/693/1738 6142/841/1860
f 4586/693/1737 6143/841/1923 6142/841/1860
f 4587/693/1736 6144/841/1924 6143/841/1923
f 3757/693/1735 4578/841/1911 6144/841/1924
f 6144/841/1924 4578/841/1911 4577/840/1832
f 4577/840/1832 4576/839/1831 6150/839/1927
f 6150/839/1927 4576/839/1831 3759/790/1830
f 6149/839/1926 6150/839/1927 4594/790/1843
f 6148/839/1864 6149/839/1926 4595/790/1841
f 6148/839/1864 4596/790/1842 3751/790/1693
f 6145/840/1859 6148/839/1864 4525/839/1874
f 4527/841/1873 6142/841/1860 6145/840/1859
f 6151/842/1641 6152/844/1645 6155/600/1642
f 6153/843/1644 6156/605/1648 6155/600/1642
f 6154/602/1643 6155/600/1642 6158/845/1646
f 6156/605/1648 6159/848/1929 6158/845/1646
f 4599/696/1649 6151/842/1641 4600/606/1650
f 4598/695/1652 6152/844/1645 6151/842/1641
f 4598/695/1652 4597/694/1653 6153/843/1644
f 4597/694/1653 3763/693/1673 4608/847/1654
f 4608/847/1654 4607/617/1655 6156/605/1648
f 4607/617/1655 4606/849/1657 6159/848/1929
f 4606/849/1657 3764/711/1683 4605/710/1658
f 6159/848/1929 4605/710/1658 4604/709/1659
f 6157/846/1647 6158/845/1646 4604/709/1659
f 4602/611/1930 6157/846/1647 4603/708/1660
f 4601/609/1663 6154/602/1643 6157/846/1647
f 4600/606/1650 6151/842/1641 6154/602/1643
f 6161/850/1870 6164/626/1872 6163/622/1665
f 6162/852/1667 6165/629/1670 6164/626/1872
f 6164/626/1872 6167/854/1671 6166/853/1669
f 6165/629/1670 6168/856/1678 6167/854/1671
f 4611/841/1931 6160/851/1666 4608/847/1654
f 4610/840/1674 6161/850/1870 6160/851/1666
f 4609/839/1874 6162/852/1667 6161/850/1870
f 4609/839/1874 3767/790/1693 4617/855/1676
f 4617/855/1676 4616/637/1677 6165/629/1670
f 4616/637/1677 4615/857/1876 6168/856/1678
f 4615/857/1876 3768/723/1704 4614/763/1932
f 6168/856/1678 4614/763/1932 4613/762/1681
f 6167/854/1671 4613/762/1681 4612/761/1682
f 6166/853/1669 4612/761/1682 3764/711/1683
f 6163/622/1665 6166/853/1669 4606/849/1657
f 6160/851/1666 6163/622/1665 4607/617/1655
f 6170/858/1933 6173/646/1688 6172/642/1685
f 6170/858/1933 6171/865/1695 6174/647/1687
f 6173/646/1688 6176/862/1691 6175/860/1934
f 6173/646/1688 6174/647/1687 6177/861/1690
f 4620/863/1692 6169/859/1686 4617/855/1676
f 4619/864/1694 6170/858/1933 6169/859/1686
f 4619/864/1694 4618/866/1935 6171/865/1695
f 4618/866/1935 3765/794/1714 4626/867/1697
f 6171/865/1695 4626/867/1697 4625/657/1698
f 6174/647/1687 4625/657/1698 4624/868/1699
f 6177/861/1690 4624/868/1699 3766/735/1700
f 6176/862/1691 6177/861/1690 4623/869/1936
f 6176/862/1691 4622/870/1702 4621/871/1703
f 6175/860/1934 4621/871/1703 3768/723/1704
f 6172/642/1685 6175/860/1934 4615/857/1876
f 6169/859/1686 6172/642/1685 4616/637/1677
f 6178/872/1705 6179/873/1708 6182/663/1706
f 6179/873/1708 6180/877/1877 6183/667/1709
f 6181/665/1707 6182/663/1706 6185/874/1937
f 6182/663/1706 6183/667/1709 6186/876/1712
f 4629/828/1713 6178/872/1705 4626/867/1697
f 4629/828/1713 4628/827/1938 6179/873/1708
f 4628/827/1938 4627/826/1878 6180/877/1877
f 4627/826/1878 3761/680/1651 4600/678/1650
f 6180/877/1877 4600/678/1650 4601/677/1663
f 6183/667/1709 4601/677/1663 4602/676/1930
f 6186/876/1712 4602/676/1930 3762/675/1662
f 6185/874/1937 6186/876/1712 4632/750/1879
f 6184/875/1711 6185/874/1937 4631/749/1719
f 4624/868/1699 6184/875/1711 4630/748/1880
f 4625/657/1698 6181/665/1707 6184/875/1711
f 4626/867/1697 6178/872/1705 6181/665/1707
f 6188/696/1721 6191/695/1725 6190/695/1881
f 6189/696/1724 6192/695/1884 6191/695/1725
f 6190/695/1881 6191/695/1725 6194/694/1726
f 6191/695/1725 6192/695/1884 6195/694/1728
f 3761/608/1651 4674/608/1883 6187/696/1723
f 4673/608/1882 6188/696/1721 6187/696/1723
f 4672/608/1731 6189/696/1724 6188/696/1721
f 3774/608/1732 4659/696/1822 6189/696/1724
f 6189/696/1724 4659/696/1822 4658/695/1733
f 4658/695/1733 4657/694/1821 6195/694/1728
f 6195/694/1728 4657/694/1821 3773/693/1735
f 6194/694/1726 6195/694/1728 4671/693/1736
f 6193/694/1939 6194/694/1726 4670/693/1737
f 6193/694/1939 4669/693/1738 3763/693/1673
f 6190/695/1881 6193/694/1939 4597/694/1653
f 4599/696/1649 6187/696/1723 6190/695/1881
f 6196/710/1739 6197/710/1940 6200/709/1885
f 6198/710/1742 6201/709/1752 6200/709/1885
f 6200/709/1885 6203/708/1942 6202/708/1744
f 6200/709/1885 6201/709/1752 6204/708/1941
f 3764/711/1683 4650/711/1747 6196/710/1739
f 4650/711/1747 4649/711/1749 6197/710/1940
f 4648/711/1748 6198/710/1742 6197/710/1940
f 3770/711/1887 4635/710/1751 6198/710/1742
f 4635/710/1751 4634/709/1949 6201/709/1752
f 6201/709/1752 4634/709/1949 4633/708/1943
f 6204/708/1941 4633/708/1943 3769/706/1754
f 6203/708/1942 6204/708/1941 4647/706/1755
f 6203/708/1942 4646/706/1756 4645/706/1757
f 6202/708/1744 4645/706/1757 3762/706/1662
f 6199/709/1741 6202/708/1744 4603/708/1660
f 4605/710/1658 6196/710/1739 6199/709/1741
f 6206/878/1944 6209/882/1892 6208/879/1945
f 6206/878/1944 6207/885/1948 6210/881/1891
f 6208/879/1945 6209/882/1892 6212/883/1893
f 6210/881/1891 6213/886/1899 6212/883/1893
f 4639/871/1765 6205/880/1946 4638/721/1894
f 4640/870/1768 6206/878/1944 6205/880/1946
f 4640/870/1768 4641/869/1898 6207/885/1948
f 4641/869/1898 3772/735/1951 4642/733/1771
f 6207/885/1948 4642/733/1771 4643/732/1772
f 4643/732/1772 4644/731/1774 6213/886/1899
f 4644/731/1774 3769/897/1754 4633/730/1943
f 6213/886/1899 4633/730/1943 4634/728/1949
f 6211/884/1764 6212/883/1893 4634/728/1949
f 4636/726/1776 6211/884/1764 4635/727/1751
f 4637/724/1777 6208/879/1945 6211/884/1764
f 6205/880/1946 6208/879/1945 4637/724/1777
f 6215/750/1778 6218/749/1950 6217/749/1779
f 6216/750/1781 6219/749/1784 6218/749/1950
f 6218/749/1950 6221/748/1785 6220/748/1783
f 6219/749/1784 6222/748/1786 6221/748/1785
f 4645/675/1757 6214/750/1901 4632/750/1879
f 4646/675/1756 6215/750/1778 6214/750/1901
f 4647/675/1755 6216/750/1781 6215/750/1778
f 3769/675/1754 4644/750/1774 6216/750/1781
f 4644/750/1774 4643/749/1772 6219/749/1784
f 4643/749/1772 4642/748/1771 6222/748/1786
f 6222/748/1786 4642/748/1771 3772/735/1951
f 6222/748/1786 4653/735/1952 4652/735/1789
f 6221/748/1785 4652/735/1789 4651/735/1953
f 6220/748/1783 4651/735/1953 3766/735/1700
f 6217/749/1779 6220/748/1783 4630/748/1880
f 6214/750/1901 6217/749/1779 4631/749/1719
f 6223/763/1791 6224/763/1794 6227/762/1792
f 6224/763/1794 6225/763/1801 6228/762/1795
f 6226/762/1793 6227/762/1792 6230/761/1796
f 6227/762/1792 6228/762/1795 6231/761/1798
f 3768/723/1704 4656/723/1905 6223/763/1791
f 4656/723/1905 4655/723/1800 6224/763/1794
f 4655/723/1800 4654/723/1906 6225/763/1801
f 3771/723/1947 4638/763/1894 6225/763/1801
f 6225/763/1801 4638/763/1894 4637/762/1777
f 6228/762/1795 4637/762/1777 4636/761/1776
f 6231/761/1798 4636/761/1776 3770/711/1887
f 6230/761/1796 6231/761/1798 4648/711/1748
f 6229/761/1797 6230/761/1796 4649/711/1749
f 4612/761/1682 6229/761/1797 4650/711/1747
f 4613/762/1681 6226/762/1793 6229/761/1797
f 4614/763/1932 6223/763/1791 6226/762/1793
f 6233/869/1803 6236/870/1807 6235/870/1804
f 6234/869/1806 6237/870/1954 6236/870/1807
f 6235/870/1804 6236/870/1807 6239/871/1808
f 6236/870/1807 6237/870/1954 6240/871/1810
f 4651/735/1953 6232/869/1805 4623/869/1936
f 4652/735/1789 6233/869/1803 6232/869/1805
f 4653/735/1952 6234/869/1806 6233/869/1803
f 3772/735/1951 4641/869/1898 6234/869/1806
f 4641/869/1898 4640/870/1768 6237/870/1954
f 6237/870/1954 4640/870/1768 4639/871/1765
f 6240/871/1810 4639/871/1765 3771/723/1947
f 6239/871/1808 6240/871/1810 4654/723/1906
f 6238/871/1809 6239/871/1808 4655/723/1800
f 4621/871/1703 6238/871/1809 4656/723/1905
f 4622/870/1702 6235/870/1804 6238/871/1809
f 6232/869/1805 6235/870/1804 4622/870/1702
f 6241/888/1812 6242/892/1816 6245/889/1813
f 6243/891/1815 6246/896/1824 6245/889/1813
f 6245/889/1813 6248/895/1910 6247/893/1817
f 6245/889/1813 6246/896/1824 6249/894/1818
f 3773/785/1735 4657/786/1821 6241/888/1812
f 4657/786/1821 4658/800/1733 6242/892/1816
f 4659/799/1822 6243/891/1815 6242/892/1816
f 3774/798/1732 4666/797/1823 6243/891/1815
f 4666/797/1823 4667/796/1922 6246/896/1824
f 6246/896/1824 4667/796/1922 4668/795/1825
f 6249/894/1818 4668/795/1825 3776/794/1955
f 6248/895/1910 6249/894/1818 4663/866/1827
f 6248/895/1910 4664/864/1828 4665/863/1829
f 6247/893/1817 4665/863/1829 3775/790/1830
f 6244/890/1814 6247/893/1817 4660/788/1831
f 4662/787/1911 6241/888/1812 6244/890/1814
f 6251/863/1833 6254/864/1956 6253/864/1834
f 6252/863/1836 6255/864/1844 6254/864/1956
f 6253/864/1834 6254/864/1956 6257/866/1957
f 6254/864/1956 6255/864/1844 6258/866/1958
f 3767/790/1693 4680/790/1842 6250/863/1835
f 4679/790/1841 6251/863/1833 6250/863/1835
f 4678/790/1843 6252/863/1836 6251/863/1833
f 3775/790/1830 4665/863/1829 6252/863/1836
f 6252/863/1836 4665/863/1829 4664/864/1828
f 4664/864/1828 4663/866/1827 6258/866/1958
f 6258/866/1958 4663/866/1827 3776/794/1955
f 6257/866/1957 6258/866/1958 4677/794/1959
f 6256/866/1916 6257/866/1957 4676/794/1846
f 6256/866/1916 4675/794/1847 3765/794/1714
f 6253/864/1834 6256/866/1916 4618/866/1935
f 4620/863/1692 6250/863/1835 6253/864/1834
f 6260/828/1919 6263/827/1961 6262/827/1849
f 6261/828/1851 6264/827/1963 6263/827/1961
f 6262/827/1849 6263/827/1961 6266/826/1962
f 6263/827/1961 6264/827/1963 6267/826/1921
f 3765/794/1714 4675/794/1847 6259/828/1960
f 4676/794/1846 6260/828/1919 6259/828/1960
f 4677/794/1959 6261/828/1851 6260/828/1919
f 3776/794/1955 4668/828/1825 6261/828/1851
f 6261/828/1851 4668/828/1825 4667/827/1922
f 4667/827/1922 4666/826/1823 6267/826/1921
f 6267/826/1921 4666/826/1823 3774/680/1732
f 6266/826/1962 6267/826/1921 4672/680/1731
f 6265/826/1854 6266/826/1962 4673/680/1882
f 6265/826/1854 4674/680/1883 3761/680/1651
f 6262/827/1849 6265/826/1854 4627/826/1878
f 4629/828/1713 6259/828/1960 6262/827/1849
f 6269/841/1858 6272/840/1862 6271/840/1859
f 6270/841/1924 6273/840/1928 6272/840/1862
f 6271/840/1859 6272/840/1862 6275/839/1863
f 6272/840/1862 6273/840/1928 6276/839/1927
f 3763/693/1673 4669/693/1738 6268/841/1964
f 4670/693/1737 6269/841/1858 6268/841/1964
f 4671/693/1736 6270/841/1924 6269/841/1858
f 3773/693/1735 4662/841/1911 6270/841/1924
f 6270/841/1924 4662/841/1911 4661/840/1832
f 4661/840/1832 4660/839/1831 6276/839/1927
f 6276/839/1927 4660/839/1831 3775/790/1830
f 6275/839/1863 6276/839/1927 4678/790/1843
f 6274/839/1965 6275/839/1863 4679/790/1841
f 6274/839/1965 4680/790/1842 3767/790/1693
f 6271/840/1859 6274/839/1965 4609/839/1874
f 4611/841/1931 6268/841/1964 6271/840/1859
f 6277/842/1641 6278/844/1645 6281/600/1642
f 6279/843/1867 6282/605/1648 6281/600/1642
f 6280/602/1966 6281/600/1642 6284/845/1646
f 6282/605/1648 6285/848/1656 6284/845/1646
f 4683/696/1649 6277/842/1641 4684/606/1650
f 4682/695/1652 6278/844/1645 6277/842/1641
f 4682/695/1652 4681/694/1653 6279/843/1867
f 4681/694/1653 3779/693/1673 4692/847/1654
f 4692/847/1654 4691/617/1655 6282/605/1648
f 4691/617/1655 4690/849/1657 6285/848/1656
f 4690/849/1657 3780/711/1683 4689/710/1658
f 6285/848/1656 4689/710/1658 4688/709/1659
f 6283/846/1647 6284/845/1646 4688/709/1659
f 4686/611/1661 6283/846/1647 4687/708/1660
f 4685/609/1663 6280/602/1966 6283/846/1647
f 4684/606/1650 6277/842/1641 6280/602/1966
f 6287/850/1870 6290/626/1968 6289/622/1665
f 6288/852/1967 6291/629/1670 6290/626/1968
f 6290/626/1968 6293/854/1671 6292/853/1669
f 6291/629/1670 6294/856/1678 6293/854/1671
f 4695/841/1931 6286/851/1666 4692/847/1654
f 4694/840/1674 6287/850/1870 6286/851/1666
f 4693/839/1675 6288/852/1967 6287/850/1870
f 4693/839/1675 3783/790/1693 4701/855/1676
f 4701/855/1676 4700/637/1677 6291/629/1670
f 4700/637/1677 4699/857/1876 6294/856/1678
f 4699/857/1876 3784/723/1704 4698/763/1680
f 6294/856/1678 4698/763/1680 4697/762/1681
f 6293/854/1671 4697/762/1681 4696/761/1682
f 6292/853/1669 4696/761/1682 3780/711/1683
f 6289/622/1665 6292/853/1669 4690/849/1657
f 6286/851/1666 6289/622/1665 4691/617/1655
f 6296/858/1933 6299/646/1688 6298/642/1685
f 6296/858/1933 6297/865/1695 6300/647/1687
f 6299/646/1688 6302/862/1691 6301/860/1934
f 6299/646/1688 6300/647/1687 6303/861/1690
f 4704/863/1692 6295/859/1686 4701/855/1676
f 4703/864/1694 6296/858/1933 6295/859/1686
f 4703/864/1694 4702/866/1969 6297/865/1695
f 4702/866/1969 3781/794/1714 4710/867/1697
f 6297/865/1695 4710/867/1697 4709/657/1698
f 6300/647/1687 4709/657/1698 4708/868/1699
f 6303/861/1690 4708/868/1699 3782/735/1700
f 6302/862/1691 6303/861/1690 4707/869/1701
f 6302/862/1691 4706/870/1702 4705/871/1703
f 6301/860/1934 4705/871/1703 3784/723/1704
f 6298/642/1685 6301/860/1934 4699/857/1876
f 6295/859/1686 6298/642/1685 4700/637/1677
f 6304/872/1705 6305/873/1708 6308/663/1706
f 6305/873/1708 6306/877/1716 6309/667/1709
f 6307/665/1707 6308/663/1706 6311/874/1937
f 6308/663/1706 6309/667/1709 6312/876/1712
f 4713/828/1713 6304/872/1705 4710/867/1697
f 4713/828/1713 4712/827/1938 6305/873/1708
f 4712/827/1938 4711/826/1878 6306/877/1716
f 4711/826/1878 3777/680/1869 4684/678/1650
f 6306/877/1716 4684/678/1650 4685/677/1663
f 6309/667/1709 4685/677/1663 4686/676/1661
f 6312/876/1712 4686/676/1661 3778/675/1662
f 6311/874/1937 6312/876/1712 4716/750/1970
f 6310/875/1711 6311/874/1937 4715/749/1719
f 4708/868/1699 6310/875/1711 4714/748/1720
f 4709/657/1698 6307/665/1707 6310/875/1711
f 4710/867/1697 6304/872/1705 6307/665/1707
f 6314/696/1721 6317/695/1725 6316/695/1881
f 6315/696/1972 6318/695/1884 6317/695/1725
f 6316/695/1881 6317/695/1725 6320/694/1726
f 6317/695/1725 6318/695/1884 6321/694/1728
f 3777/608/1869 4758/608/1883 6313/696/1971
f 4757/608/1882 6314/696/1721 6313/696/1971
f 4756/608/1731 6315/696/1972 6314/696/1721
f 3790/608/1732 4743/696/1822 6315/696/1972
f 6315/696/1972 4743/696/1822 4742/695/1733
f 4742/695/1733 4741/694/1821 6321/694/1728
f 6321/694/1728 4741/694/1821 3789/693/1735
f 6320/694/1726 6321/694/1728 4755/693/1736
f 6319/694/1727 6320/694/1726 4754/693/1737
f 6319/694/1727 4753/693/1738 3779/693/1673
f 6316/695/1881 6319/694/1727 4681/694/1653
f 4683/696/1649 6313/696/1971 6316/695/1881
f 6322/710/1973 6323/710/1940 6326/709/1885
f 6324/710/1742 6327/709/1888 6326/709/1885
f 6326/709/1885 6329/708/1942 6328/708/1744
f 6326/709/1885 6327/709/1888 6330/708/1941
f 3780/711/1683 4734/711/1747 6322/710/1973
f 4734/711/1747 4733/711/1974 6323/710/1940
f 4732/711/1748 6324/710/1742 6323/710/1940
f 3786/711/1887 4719/710/1751 6324/710/1742
f 4719/710/1751 4718/709/1900 6327/709/1888
f 6327/709/1888 4718/709/1900 4717/708/1753
f 6330/708/1941 4717/708/1753 3785/706/1975
f 6329/708/1942 6330/708/1941 4731/706/1755
f 6329/708/1942 4730/706/1756 4729/706/1757
f 6328/708/1744 4729/706/1757 3778/706/1662
f 6325/709/1741 6328/708/1744 4687/708/1660
f 4689/710/1658 6322/710/1973 6325/709/1741
f 6332/878/1944 6335/882/1977 6334/879/1945
f 6332/878/1944 6333/885/1948 6336/881/1891
f 6334/879/1945 6335/882/1977 6338/883/1763
f 6336/881/1891 6339/886/1980 6338/883/1763
f 4723/871/1765 6331/880/1976 4722/721/1978
f 4724/870/1896 6332/878/1944 6331/880/1976
f 4724/870/1896 4725/869/1770 6333/885/1948
f 4725/869/1770 3788/735/1951 4726/733/1771
f 6333/885/1948 4726/733/1771 4727/732/1772
f 4727/732/1772 4728/731/1981 6339/886/1980
f 4728/731/1981 3785/897/1975 4717/730/1753
f 6339/886/1980 4717/730/1753 4718/728/1900
f 6337/884/1764 6338/883/1763 4718/728/1900
f 4720/726/1776 6337/884/1764 4719/727/1751
f 4721/724/1777 6334/879/1945 6337/884/1764
f 6331/880/1976 6334/879/1945 4721/724/1777
f 6341/750/1778 6344/749/1782 6343/749/1779
f 6342/750/1781 6345/749/1784 6344/749/1782
f 6344/749/1782 6347/748/1902 6346/748/1982
f 6345/749/1784 6348/748/1983 6347/748/1902
f 4729/675/1757 6340/750/1901 4716/750/1970
f 4730/675/1756 6341/750/1778 6340/750/1901
f 4731/675/1755 6342/750/1781 6341/750/1778
f 3785/675/1975 4728/750/1981 6342/750/1781
f 4728/750/1981 4727/749/1772 6345/749/1784
f 4727/749/1772 4726/748/1771 6348/748/1983
f 6348/748/1983 4726/748/1771 3788/735/1951
f 6348/748/1983 4737/735/1984 4736/735/1789
f 6347/748/1902 4736/735/1789 4735/735/1904
f 6346/748/1982 4735/735/1904 3782/735/1700
f 6343/749/1779 6346/748/1982 4714/748/1720
f 6340/750/1901 6343/749/1779 4715/749/1719
f 6349/763/1791 6350/763/1794 6353/762/1792
f 6350/763/1794 6351/763/1801 6354/762/1985
f 6352/762/1793 6353/762/1792 6356/761/1796
f 6353/762/1792 6354/762/1985 6357/761/1798
f 3784/723/1704 4740/723/1905 6349/763/1791
f 4740/723/1905 4739/723/1800 6350/763/1794
f 4739/723/1800 4738/723/1986 6351/763/1801
f 3787/723/1979 4722/763/1978 6351/763/1801
f 6351/763/1801 4722/763/1978 4721/762/1777
f 6354/762/1985 4721/762/1777 4720/761/1776
f 6357/761/1798 4720/761/1776 3786/711/1887
f 6356/761/1796 6357/761/1798 4732/711/1748
f 6355/761/1797 6356/761/1796 4733/711/1974
f 4696/761/1682 6355/761/1797 4734/711/1747
f 4697/762/1681 6352/762/1793 6355/761/1797
f 4698/763/1680 6349/763/1791 6352/762/1793
f 6359/869/1803 6362/870/1807 6361/870/1804
f 6360/869/1987 6363/870/1908 6362/870/1807
f 6361/870/1804 6362/870/1807 6365/871/1808
f 6362/870/1807 6363/870/1908 6366/871/1810
f 4735/735/1904 6358/869/1805 4707/869/1701
f 4736/735/1789 6359/869/1803 6358/869/1805
f 4737/735/1984 6360/869/1987 6359/869/1803
f 3788/735/1951 4725/869/1770 6360/869/1987
f 4725/869/1770 4724/870/1896 6363/870/1908
f 6363/870/1908 4724/870/1896 4723/871/1765
f 6366/871/1810 4723/871/1765 3787/723/1979
f 6365/871/1808 6366/871/1810 4738/723/1986
f 6364/871/1809 6365/871/1808 4739/723/1800
f 4705/871/1703 6364/871/1809 4740/723/1905
f 4706/870/1702 6361/870/1804 6364/871/1809
f 6358/869/1805 6361/870/1804 4706/870/1702
f 6367/888/1812 6368/892/1816 6371/889/1813
f 6369/891/1815 6372/896/1824 6371/889/1813
f 6371/889/1813 6374/895/1819 6373/893/1817
f 6371/889/1813 6372/896/1824 6375/894/1818
f 3789/785/1735 4741/786/1821 6367/888/1812
f 4741/786/1821 4742/800/1733 6368/892/1816
f 4743/799/1822 6369/891/1815 6368/892/1816
f 3790/798/1732 4750/797/1823 6369/891/1815
f 4750/797/1823 4751/796/1922 6372/896/1824
f 6372/896/1824 4751/796/1922 4752/795/1825
f 6375/894/1818 4752/795/1825 3792/794/1826
f 6374/895/1819 6375/894/1818 4747/866/1827
f 6374/895/1819 4748/864/1828 4749/863/1829
f 6373/893/1817 4749/863/1829 3791/790/1830
f 6370/890/1814 6373/893/1817 4744/788/1831
f 4746/787/1820 6367/888/1812 6370/890/1814
f 6377/863/1833 6380/864/1837 6379/864/1834
f 6378/863/1836 6381/864/1917 6380/864/1837
f 6379/864/1834 6380/864/1837 6383/866/1957
f 6380/864/1837 6381/864/1917 6384/866/1958
f 3783/790/1693 4764/790/1988 6376/863/1835
f 4763/790/1841 6377/863/1833 6376/863/1835
f 4762/790/1843 6378/863/1836 6377/863/1833
f 3791/790/1830 4749/863/1829 6378/863/1836
f 6378/863/1836 4749/863/1829 4748/864/1828
f 4748/864/1828 4747/866/1827 6384/866/1958
f 6384/866/1958 4747/866/1827 3792/794/1826
f 6383/866/1957 6384/866/1958 4761/794/1845
f 6382/866/1916 6383/866/1957 4760/794/1846
f 6382/866/1916 4759/794/1847 3781/794/1714
f 6379/864/1834 6382/866/1916 4702/866/1969
f 4704/863/1692 6376/863/1835 6379/864/1834
f 6386/828/1848 6389/827/1961 6388/827/1849
f 6387/828/1851 6390/827/1857 6389/827/1961
f 6388/827/1849 6389/827/1961 6392/826/1853
f 6389/827/1961 6390/827/1857 6393/826/1855
f 3781/794/1714 4759/794/1847 6385/828/1960
f 4760/794/1846 6386/828/1848 6385/828/1960
f 4761/794/1845 6387/828/1851 6386/828/1848
f 3792/794/1826 4752/828/1825 6387/828/1851
f 6387/828/1851 4752/828/1825 4751/827/1922
f 4751/827/1922 4750/826/1823 6393/826/1855
f 6393/826/1855 4750/826/1823 3790/680/1732
f 6392/826/1853 6393/826/1855 4756/680/1731
f 6391/826/1854 6392/826/1853 4757/680/1882
f 6391/826/1854 4758/680/1883 3777/680/1869
f 6388/827/1849 6391/826/1854 4711/826/1878
f 4713/828/1713 6385/828/1960 6388/827/1849
f 6395/841/1858 6398/840/1862 6397/840/1989
f 6396/841/1861 6399/840/1928 6398/840/1862
f 6397/840/1989 6398/840/1862 6401/839/1990
f 6398/840/1862 6399/840/1928 6402/839/1927
f 3779/693/1673 4753/693/1738 6394/841/1964
f 4754/693/1737 6395/841/1858 6394/841/1964
f 4755/693/1736 6396/841/1861 6395/841/1858
f 3789/693/1735 4746/841/1820 6396/841/1861
f 6396/841/1861 4746/841/1820 4745/840/1832
f 4745/840/1832 4744/839/1831 6402/839/1927
f 6402/839/1927 4744/839/1831 3791/790/1830
f 6401/839/1990 6402/839/1927 4762/790/1843
f 6400/839/1864 6401/839/1990 4763/790/1841
f 6400/839/1864 4764/790/1988 3783/790/1693
f 6397/840/1989 6400/839/1864 4693/839/1675
f 4695/841/1931 6394/841/1964 6397/840/1989
f 6403/842/1641 6404/844/1645 6407/600/1642
f 6405/843/1867 6408/605/1868 6407/600/1642
f 6406/602/1966 6407/600/1642 6410/845/1646
f 6408/605/1868 6411/848/1656 6410/845/1646
f 4767/696/1649 6403/842/1641 4768/606/1650
f 4766/695/1991 6404/844/1645 6403/842/1641
f 4766/695/1991 4765/694/1653 6405/843/1867
f 4765/694/1653 3795/693/1673 4776/847/1992
f 4776/847/1992 4775/617/1655 6408/605/1868
f 4775/617/1655 4774/849/1657 6411/848/1656
f 4774/849/1657 3796/711/1683 4773/710/1658
f 6411/848/1656 4773/710/1658 4772/709/1659
f 6409/846/1647 6410/845/1646 4772/709/1659
f 4770/611/1930 6409/846/1647 4771/708/1660
f 4769/609/1663 6406/602/1966 6409/846/1647
f 4768/606/1650 6403/842/1641 6406/602/1966
f 6413/850/1870 6416/626/1968 6415/622/1665
f 6414/852/1967 6417/629/1670 6416/626/1968
f 6416/626/1968 6419/854/1671 6418/853/1669
f 6417/629/1670 6420/856/1678 6419/854/1671
f 4779/841/1931 6412/851/1666 4776/847/1992
f 4778/840/1674 6413/850/1870 6412/851/1666
f 4777/839/1675 6414/852/1967 6413/850/1870
f 4777/839/1675 3799/790/1693 4785/855/1676
f 4785/855/1676 4784/637/1677 6417/629/1670
f 4784/637/1677 4783/857/1876 6420/856/1678
f 4783/857/1876 3800/723/1704 4782/763/1680
f 6420/856/1678 4782/763/1680 4781/762/1681
f 6419/854/1671 4781/762/1681 4780/761/1682
f 6418/853/1669 4780/761/1682 3796/711/1683
f 6415/622/1665 6418/853/1669 4774/849/1657
f 6412/851/1666 6415/622/1665 4775/617/1655
f 6422/858/1684 6425/646/1688 6424/642/1685
f 6422/858/1684 6423/865/1695 6426/647/1687
f 6425/646/1688 6428/862/1691 6427/860/1934
f 6425/646/1688 6426/647/1687 6429/861/1690
f 4788/863/1692 6421/859/1686 4785/855/1676
f 4787/864/1694 6422/858/1684 6421/859/1686
f 4787/864/1694 4786/866/1993 6423/865/1695
f 4786/866/1993 3797/794/1714 4794/867/1697
f 6423/865/1695 4794/867/1697 4793/657/1698
f 6426/647/1687 4793/657/1698 4792/868/1994
f 6429/861/1690 4792/868/1994 3798/735/1700
f 6428/862/1691 6429/861/1690 4791/869/1701
f 6428/862/1691 4790/870/1702 4789/871/1703
f 6427/860/1934 4789/871/1703 3800/723/1704
f 6424/642/1685 6427/860/1934 4783/857/1876
f 6421/859/1686 6424/642/1685 4784/637/1677
f 6430/872/1705 6431/873/1708 6434/663/1706
f 6431/873/1708 6432/877/1877 6435/667/1709
f 6433/665/1707 6434/663/1706 6437/874/1937
f 6434/663/1706 6435/667/1709 6438/876/1712
f 4797/828/1713 6430/872/1705 4794/867/1697
f 4797/828/1713 4796/827/1715 6431/873/1708
f 4796/827/1715 4795/826/1878 6432/877/1877
f 4795/826/1878 3793/680/1869 4768/678/1650
f 6432/877/1877 4768/678/1650 4769/677/1663
f 6435/667/1709 4769/677/1663 4770/676/1930
f 6438/876/1712 4770/676/1930 3794/675/1662
f 6437/874/1937 6438/876/1712 4800/750/1970
f 6436/875/1711 6437/874/1937 4799/749/1719
f 4792/868/1994 6436/875/1711 4798/748/1720
f 4793/657/1698 6433/665/1707 6436/875/1711
f 4794/867/1697 6430/872/1705 6433/665/1707
f 6440/696/1721 6443/695/1995 6442/695/1722
f 6441/696/1724 6444/695/1734 6443/695/1995
f 6442/695/1722 6443/695/1995 6446/694/1726
f 6443/695/1995 6444/695/1734 6447/694/1728
f 3793/608/1869 4842/608/1883 6439/696/1971
f 4841/608/1729 6440/696/1721 6439/696/1971
f 4840/608/1996 6441/696/1724 6440/696/1721
f 3806/608/1732 4827/696/1912 6441/696/1724
f 6441/696/1724 4827/696/1912 4826/695/1733
f 4826/695/1733 4825/694/1821 6447/694/1728
f 6447/694/1728 4825/694/1821 3805/693/1735
f 6446/694/1726 6447/694/1728 4839/693/1736
f 6445/694/1939 6446/694/1726 4838/693/1737
f 6445/694/1939 4837/693/1738 3795/693/1673
f 6442/695/1722 6445/694/1939 4765/694/1653
f 4767/696/1649 6439/696/1971 6442/695/1722
f 6448/710/1739 6449/710/1940 6452/709/1885
f 6450/710/1742 6453/709/1752 6452/709/1885
f 6452/709/1885 6455/708/1942 6454/708/1744
f 6452/709/1885 6453/709/1752 6456/708/1941
f 3796/711/1683 4818/711/1747 6448/710/1739
f 4818/711/1747 4817/711/1974 6449/710/1940
f 4816/711/1748 6450/710/1742 6449/710/1940
f 3802/711/1997 4803/710/1751 6450/710/1742
f 4803/710/1751 4802/709/1949 6453/709/1752
f 6453/709/1752 4802/709/1949 4801/708/1943
f 6456/708/1941 4801/708/1943 3801/706/1998
f 6455/708/1942 6456/708/1941 4815/706/1755
f 6455/708/1942 4814/706/1756 4813/706/1757
f 6454/708/1744 4813/706/1757 3794/706/1662
f 6451/709/1741 6454/708/1744 4771/708/1660
f 4773/710/1658 6448/710/1739 6451/709/1741
f 6458/878/1944 6461/882/1892 6460/879/1945
f 6458/878/1944 6459/885/1897 6462/881/1761
f 6460/879/1945 6461/882/1892 6464/883/1999
f 6462/881/1761 6465/886/1899 6464/883/1999
f 4807/871/2000 6457/880/1976 4806/721/1978
f 4808/870/1768 6458/878/1944 6457/880/1976
f 4808/870/1768 4809/869/1898 6459/885/1897
f 4809/869/1898 3804/735/1903 4810/733/1771
f 6459/885/1897 4810/733/1771 4811/732/1772
f 4811/732/1772 4812/731/1774 6465/886/1899
f 4812/731/1774 3801/897/1998 4801/730/1943
f 6465/886/1899 4801/730/1943 4802/728/1949
f 6463/884/1764 6464/883/1999 4802/728/1949
f 4804/726/1776 6463/884/1764 4803/727/1751
f 4805/724/2001 6460/879/1945 6463/884/1764
f 6457/880/1976 6460/879/1945 4805/724/2001
f 6467/750/1778 6470/749/1782 6469/749/2002
f 6468/750/1781 6471/749/1784 6470/749/1782
f 6470/749/1782 6473/748/1785 6472/748/1783
f 6471/749/1784 6474/748/1786 6473/748/1785
f 4813/675/1757 6466/750/1901 4800/750/1970
f 4814/675/1756 6467/750/1778 6466/750/1901
f 4815/675/1755 6468/750/1781 6467/750/1778
f 3801/675/1998 4812/750/1774 6468/750/1781
f 4812/750/1774 4811/749/1772 6471/749/1784
f 4811/749/1772 4810/748/1771 6474/748/1786
f 6474/748/1786 4810/748/1771 3804/735/1903
f 6474/748/1786 4821/735/1788 4820/735/1789
f 6473/748/1785 4820/735/1789 4819/735/1953
f 6472/748/1783 4819/735/1953 3798/735/1700
f 6469/749/2002 6472/748/1783 4798/748/1720
f 6466/750/1901 6469/749/2002 4799/749/1719
f 6475/763/1791 6476/763/2003 6479/762/1792
f 6476/763/2003 6477/763/1801 6480/762/1985
f 6478/762/1793 6479/762/1792 6482/761/1796
f 6479/762/1792 6480/762/1985 6483/761/1798
f 3800/723/1704 4824/723/1905 6475/763/1791
f 4824/723/1905 4823/723/1800 6476/763/2003
f 4823/723/1800 4822/723/1802 6477/763/1801
f 3803/723/1979 4806/763/1978 6477/763/1801
f 6477/763/1801 4806/763/1978 4805/762/2001
f 6480/762/1985 4805/762/2001 4804/761/1776
f 6483/761/1798 4804/761/1776 3802/711/1997
f 6482/761/1796 6483/761/1798 4816/711/1748
f 6481/761/1797 6482/761/1796 4817/711/1974
f 4780/761/1682 6481/761/1797 4818/711/1747
f 4781/762/1681 6478/762/1793 6481/761/1797
f 4782/763/1680 6475/763/1791 6478/762/1793
f 6485/869/1803 6488/870/1807 6487/870/1804
f 6486/869/1806 6489/870/1811 6488/870/1807
f 6487/870/1804 6488/870/1807 6491/871/1808
f 6488/870/1807 6489/870/1811 6492/871/1810
f 4819/735/1953 6484/869/1805 4791/869/1701
f 4820/735/1789 6485/869/1803 6484/869/1805
f 4821/735/1788 6486/869/1806 6485/869/1803
f 3804/735/1903 4809/869/1898 6486/869/1806
f 4809/869/1898 4808/870/1768 6489/870/1811
f 6489/870/1811 4808/870/1768 4807/871/2000
f 6492/871/1810 4807/871/2000 3803/723/1979
f 6491/871/1808 6492/871/1810 4822/723/1802
f 6490/871/1809 6491/871/1808 4823/723/1800
f 4789/871/1703 6490/871/1809 4824/723/1905
f 4790/870/1702 6487/870/1804 6490/871/1809
f 6484/869/1805 6487/870/1804 4790/870/1702
f 6493/888/1812 6494/892/1816 6497/889/1813
f 6495/891/1815 6498/896/1824 6497/889/1813
f 6497/889/1813 6500/895/1910 6499/893/1817
f 6497/889/1813 6498/896/1824 6501/894/1909
f 3805/785/1735 4825/786/1821 6493/888/1812
f 4825/786/1821 4826/800/1733 6494/892/1816
f 4827/799/1912 6495/891/1815 6494/892/1816
f 3806/798/1732 4834/797/2004 6495/891/1815
f 4834/797/2004 4835/796/1922 6498/896/1824
f 6498/896/1824 4835/796/1922 4836/795/1825
f 6501/894/1909 4836/795/1825 3808/794/1826
f 6500/895/1910 6501/894/1909 4831/866/1827
f 6500/895/1910 4832/864/1828 4833/863/1829
f 6499/893/1817 4833/863/1829 3807/790/2005
f 6496/890/1814 6499/893/1817 4828/788/1831
f 4830/787/1911 6493/888/1812 6496/890/1814
f 6503/863/1833 6506/864/1837 6505/864/1834
f 6504/863/2006 6507/864/1917 6506/864/1837
f 6505/864/1834 6506/864/1837 6509/866/1957
f 6506/864/1837 6507/864/1917 6510/866/1840
f 3799/790/1693 4848/790/1988 6502/863/1835
f 4847/790/1841 6503/863/1833 6502/863/1835
f 4846/790/1843 6504/863/2006 6503/863/1833
f 3807/790/2005 4833/863/1829 6504/863/2006
f 6504/863/2006 4833/863/1829 4832/864/1828
f 4832/864/1828 4831/866/1827 6510/866/1840
f 6510/866/1840 4831/866/1827 3808/794/1826
f 6509/866/1957 6510/866/1840 4845/794/1845
f 6508/866/1839 6509/866/1957 4844/794/1918
f 6508/866/1839 4843/794/2007 3797/794/1714
f 6505/864/1834 6508/866/1839 4786/866/1993
f 4788/863/1692 6502/863/1835 6505/864/1834
f 6512/828/2008 6515/827/1852 6514/827/1849
f 6513/828/1851 6516/827/1963 6515/827/1852
f 6514/827/1849 6515/827/1852 6518/826/1853
f 6515/827/1852 6516/827/1963 6519/826/1855
f 3797/794/1714 4843/794/2007 6511/828/1850
f 4844/794/1918 6512/828/2008 6511/828/1850
f 4845/794/1845 6513/828/1851 6512/828/2008
f 3808/794/1826 4836/828/1825 6513/828/1851
f 6513/828/1851 4836/828/1825 4835/827/1922
f 4835/827/1922 4834/826/2004 6519/826/1855
f 6519/826/1855 4834/826/2004 3806/680/1732
f 6518/826/1853 6519/826/1855 4840/680/1996
f 6517/826/1854 6518/826/1853 4841/680/1729
f 6517/826/1854 4842/680/1883 3793/680/1869
f 6514/827/1849 6517/826/1854 4795/826/1878
f 4797/828/1713 6511/828/1850 6514/827/1849
f 6521/841/2009 6524/840/1925 6523/840/1859
f 6522/841/1924 6525/840/1928 6524/840/1925
f 6523/840/1859 6524/840/1925 6527/839/1863
f 6524/840/1925 6525/840/1928 6528/839/1927
f 3795/693/1673 4837/693/1738 6520/841/1860
f 4838/693/1737 6521/841/2009 6520/841/1860
f 4839/693/1736 6522/841/1924 6521/841/2009
f 3805/693/1735 4830/841/1911 6522/841/1924
f 6522/841/1924 4830/841/1911 4829/840/1832
f 4829/840/1832 4828/839/1831 6528/839/1927
f 6528/839/1927 4828/839/1831 3807/790/2005
f 6527/839/1863 6528/839/1927 4846/790/1843
f 6526/839/1864 6527/839/1863 4847/790/1841
f 6526/839/1864 4848/790/1988 3799/790/1693
f 6523/840/1859 6526/839/1864 4777/839/1675
f 4779/841/1931 6520/841/1860 6523/840/1859
f 6529/842/1641 6530/844/1645 6533/600/1642
f 6531/843/1867 6534/605/1868 6533/600/1642
f 6532/602/1643 6533/600/1642 6536/845/1646
f 6534/605/1868 6537/848/1656 6536/845/1646
f 4851/696/2010 6529/842/1641 4852/606/1650
f 4850/695/1652 6530/844/1645 6529/842/1641
f 4850/695/1652 4849/694/1653 6531/843/1867
f 4849/694/1653 3811/693/1673 4860/847/1654
f 4860/847/1654 4859/617/1655 6534/605/1868
f 4859/617/1655 4858/849/1657 6537/848/1656
f 4858/849/1657 3812/711/1683 4857/710/1658
f 6537/848/1656 4857/710/1658 4856/709/1659
f 6535/846/1647 6536/845/1646 4856/709/1659
f 4854/611/1930 6535/846/1647 4855/708/1660
f 4853/609/1663 6532/602/1643 6535/846/1647
f 4852/606/1650 6529/842/1641 6532/602/1643
f 6539/850/1870 6542/626/1668 6541/622/1665
f 6540/852/1967 6543/629/1670 6542/626/1668
f 6542/626/1668 6545/854/1671 6544/853/1669
f 6543/629/1670 6546/856/1678 6545/854/1671
f 4863/841/1873 6538/851/1666 4860/847/1654
f 4862/840/1674 6539/850/1870 6538/851/1666
f 4861/839/1874 6540/852/1967 6539/850/1870
f 4861/839/1874 3815/790/1693 4869/855/1676
f 4869/855/1676 4868/637/1677 6543/629/1670
f 4868/637/1677 4867/857/1679 6546/856/1678
f 4867/857/1679 3816/723/1704 4866/763/1680
f 6546/856/1678 4866/763/1680 4865/762/1681
f 6545/854/1671 4865/762/1681 4864/761/1682
f 6544/853/1669 4864/761/1682 3812/711/1683
f 6541/622/1665 6544/853/1669 4858/849/1657
f 6538/851/1666 6541/622/1665 4859/617/1655
f 6548/858/1684 6551/646/1688 6550/642/1685
f 6548/858/1684 6549/865/1695 6552/647/1687
f 6551/646/1688 6554/862/1691 6553/860/1689
f 6551/646/1688 6552/647/1687 6555/861/1690
f 4872/863/1692 6547/859/1686 4869/855/1676
f 4871/864/1694 6548/858/1684 6547/859/1686
f 4871/864/1694 4870/866/1993 6549/865/1695
f 4870/866/1993 3813/794/1714 4878/867/1697
f 6549/865/1695 4878/867/1697 4877/657/1698
f 6552/647/1687 4877/657/1698 4876/868/1699
f 6555/861/1690 4876/868/1699 3814/735/1700
f 6554/862/1691 6555/861/1690 4875/869/1936
f 6554/862/1691 4874/870/1702 4873/871/1703
f 6553/860/1689 4873/871/1703 3816/723/1704
f 6550/642/1685 6553/860/1689 4867/857/1679
f 6547/859/1686 6550/642/1685 4868/637/1677
f 6556/872/1705 6557/873/1708 6560/663/1706
f 6557/873/1708 6558/877/1716 6561/667/1709
f 6559/665/1707 6560/663/1706 6563/874/1710
f 6560/663/1706 6561/667/1709 6564/876/1712
f 4881/828/1713 6556/872/1705 4878/867/1697
f 4881/828/1713 4880/827/1715 6557/873/1708
f 4880/827/1715 4879/826/1717 6558/877/1716
f 4879/826/1717 3809/680/1869 4852/678/1650
f 6558/877/1716 4852/678/1650 4853/677/1663
f 6561/667/1709 4853/677/1663 4854/676/1930
f 6564/876/1712 4854/676/1930 3810/675/1662
f 6563/874/1710 6564/876/1712 4884/750/1879
f 6562/875/1711 6563/874/1710 4883/749/2011
f 4876/868/1699 6562/875/1711 4882/748/1880
f 4877/657/1698 6559/665/1707 6562/875/1711
f 4878/867/1697 6556/872/1705 6559/665/1707
f 6566/696/1721 6569/695/1995 6568/695/1722
f 6567/696/1724 6570/695/2012 6569/695/1995
f 6568/695/1722 6569/695/1995 6572/694/1726
f 6569/695/1995 6570/695/2012 6573/694/1728
f 3809/608/1869 4926/608/1883 6565/696/1971
f 4925/608/1729 6566/696/1721 6565/696/1971
f 4924/608/1731 6567/696/1724 6566/696/1721
f 3822/608/1732 4911/696/1822 6567/696/1724
f 6567/696/1724 4911/696/1822 4910/695/1733
f 4910/695/1733 4909/694/1821 6573/694/1728
f 6573/694/1728 4909/694/1821 3821/693/1735
f 6572/694/1726 6573/694/1728 4923/693/1736
f 6571/694/1939 6572/694/1726 4922/693/1737
f 6571/694/1939 4921/693/1738 3811/693/1673
f 6568/695/1722 6571/694/1939 4849/694/1653
f 4851/696/2010 6565/696/1971 6568/695/1722
f 6574/710/1739 6575/710/1940 6578/709/1885
f 6576/710/1742 6579/709/1888 6578/709/1885
f 6578/709/1885 6581/708/1942 6580/708/1744
f 6578/709/1885 6579/709/1888 6582/708/1941
f 3812/711/1683 4902/711/1747 6574/710/1739
f 4902/711/1747 4901/711/1749 6575/710/1940
f 4900/711/1748 6576/710/1742 6575/710/1940
f 3818/711/1887 4887/710/1751 6576/710/1742
f 4887/710/1751 4886/709/1949 6579/709/1888
f 6579/709/1888 4886/709/1949 4885/708/1943
f 6582/708/1941 4885/708/1943 3817/706/1754
f 6581/708/1942 6582/708/1941 4899/706/1755
f 6581/708/1942 4898/706/1756 4897/706/1757
f 6580/708/1744 4897/706/1757 3810/706/1662
f 6577/709/1741 6580/708/1744 4855/708/1660
f 4857/710/1658 6574/710/1739 6577/709/1741
f 6584/878/1944 6587/882/1762 6586/879/1945
f 6584/878/1944 6585/885/1948 6588/881/2013
f 6586/879/1945 6587/882/1762 6590/883/1893
f 6588/881/2013 6591/886/1899 6590/883/1893
f 4891/871/1765 6583/880/1976 4890/721/1766
f 4892/870/1896 6584/878/1944 6583/880/1976
f 4892/870/1896 4893/869/1898 6585/885/1948
f 4893/869/1898 3820/735/1951 4894/733/2014
f 6585/885/1948 4894/733/2014 4895/732/2015
f 4895/732/2015 4896/731/1774 6591/886/1899
f 4896/731/1774 3817/897/1754 4885/730/1943
f 6591/886/1899 4885/730/1943 4886/728/1949
f 6589/884/1764 6590/883/1893 4886/728/1949
f 4888/726/1776 6589/884/1764 4887/727/1751
f 4889/724/1777 6586/879/1945 6589/884/1764
f 6583/880/1976 6586/879/1945 4889/724/1777
f 6593/750/1778 6596/749/1782 6595/749/2002
f 6594/750/1781 6597/749/1784 6596/749/1782
f 6596/749/1782 6599/748/1785 6598/748/1783
f 6597/749/1784 6600/748/1786 6599/748/1785
f 4897/675/1757 6592/750/1901 4884/750/1879
f 4898/675/1756 6593/750/1778 6592/750/1901
f 4899/675/1755 6594/750/1781 6593/750/1778
f 3817/675/1754 4896/750/1774 6594/750/1781
f 4896/750/1774 4895/749/2015 6597/749/1784
f 4895/749/2015 4894/748/2014 6600/748/1786
f 6600/748/1786 4894/748/2014 3820/735/1951
f 6600/748/1786 4905/735/1788 4904/735/1789
f 6599/748/1785 4904/735/1789 4903/735/1953
f 6598/748/1783 4903/735/1953 3814/735/1700
f 6595/749/2002 6598/748/1783 4882/748/1880
f 6592/750/1901 6595/749/2002 4883/749/2011
f 6601/763/1791 6602/763/2003 6605/762/2016
f 6602/763/2003 6603/763/1801 6606/762/1795
f 6604/762/1793 6605/762/2016 6608/761/1796
f 6605/762/2016 6606/762/1795 6609/761/1798
f 3816/723/1704 4908/723/1905 6601/763/1791
f 4908/723/1905 4907/723/1800 6602/763/2003
f 4907/723/1800 4906/723/1802 6603/763/1801
f 3819/723/1979 4890/763/1766 6603/763/1801
f 6603/763/1801 4890/763/1766 4889/762/1777
f 6606/762/1795 4889/762/1777 4888/761/1776
f 6609/761/1798 4888/761/1776 3818/711/1887
f 6608/761/1796 6609/761/1798 4900/711/1748
f 6607/761/1797 6608/761/1796 4901/711/1749
f 4864/761/1682 6607/761/1797 4902/711/1747
f 4865/762/1681 6604/762/1793 6607/761/1797
f 4866/763/1680 6601/763/1791 6604/762/1793
f 6611/869/1803 6614/870/1807 6613/870/1804
f 6612/869/1806 6615/870/1811 6614/870/1807
f 6613/870/1804 6614/870/1807 6617/871/1808
f 6614/870/1807 6615/870/1811 6618/871/1810
f 4903/735/1953 6610/869/1805 4875/869/1936
f 4904/735/1789 6611/869/1803 6610/869/1805
f 4905/735/1788 6612/869/1806 6611/869/1803
f 3820/735/1951 4893/869/1898 6612/869/1806
f 4893/869/1898 4892/870/1896 6615/870/1811
f 6615/870/1811 4892/870/1896 4891/871/1765
f 6618/871/1810 4891/871/1765 3819/723/1979
f 6617/871/1808 6618/871/1810 4906/723/1802
f 6616/871/1809 6617/871/1808 4907/723/1800
f 4873/871/1703 6616/871/1809 4908/723/1905
f 4874/870/1702 6613/870/1804 6616/871/1809
f 6610/869/1805 6613/870/1804 4874/870/1702
f 6619/888/1812 6620/892/1816 6623/889/1813
f 6621/891/1815 6624/896/1824 6623/889/1813
f 6623/889/1813 6626/895/1910 6625/893/1817
f 6623/889/1813 6624/896/1824 6627/894/1909
f 3821/785/1735 4909/786/1821 6619/888/1812
f 4909/786/1821 4910/800/1733 6620/892/1816
f 4911/799/1822 6621/891/1815 6620/892/1816
f 3822/798/1732 4918/797/1823 6621/891/1815
f 4918/797/1823 4919/796/1856 6624/896/1824
f 6624/896/1824 4919/796/1856 4920/795/1825
f 6627/894/1909 4920/795/1825 3824/794/1955
f 6626/895/1910 6627/894/1909 4915/866/1827
f 6626/895/1910 4916/864/1828 4917/863/1829
f 6625/893/1817 4917/863/1829 3823/790/2005
f 6622/890/1814 6625/893/1817 4912/788/1831
f 4914/787/1820 6619/888/1812 6622/890/1814
f 6629/863/1833 6632/864/1837 6631/864/1834
f 6630/863/1836 6633/864/1917 6632/864/1837
f 6631/864/1834 6632/864/1837 6635/866/1957
f 6632/864/1837 6633/864/1917 6636/866/1840
f 3815/790/1693 4932/790/1988 6628/863/1835
f 4931/790/1841 6629/863/1833 6628/863/1835
f 4930/790/1843 6630/863/1836 6629/863/1833
f 3823/790/2005 4917/863/1829 6630/863/1836
f 6630/863/1836 4917/863/1829 4916/864/1828
f 4916/864/1828 4915/866/1827 6636/866/1840
f 6636/866/1840 4915/866/1827 3824/794/1955
f 6635/866/1957 6636/866/1840 4929/794/1845
f 6634/866/1839 6635/866/1957 4928/794/1846
f 6634/866/1839 4927/794/1847 3813/794/1714
f 6631/864/1834 6634/866/1839 4870/866/1993
f 4872/863/1692 6628/863/1835 6631/864/1834
f 6638/828/1848 6641/827/1852 6640/827/1849
f 6639/828/1851 6642/827/1963 6641/827/1852
f 6640/827/1849 6641/827/1852 6644/826/1853
f 6641/827/1852 6642/827/1963 6645/826/1855
f 3813/794/1714 4927/794/1847 6637/828/1850
f 4928/794/1846 6638/828/1848 6637/828/1850
f 4929/794/1845 6639/828/1851 6638/828/1848
f 3824/794/1955 4920/828/1825 6639/828/1851
f 6639/828/1851 4920/828/1825 4919/827/1856
f 4919/827/1856 4918/826/1823 6645/826/1855
f 6645/826/1855 4918/826/1823 3822/680/1732
f 6644/826/1853 6645/826/1855 4924/680/1731
f 6643/826/1854 6644/826/1853 4925/680/1729
f 6643/826/1854 4926/680/1883 3809/680/1869
f 6640/827/1849 6643/826/1854 4879/826/1717
f 4881/828/1713 6637/828/1850 6640/827/1849
f 6647/841/2009 6650/840/1925 6649/840/1859
f 6648/841/1924 6651/840/1928 6650/840/1925
f 6649/840/1859 6650/840/1925 6653/839/1863
f 6650/840/1925 6651/840/1928 6654/839/1927
f 3811/693/1673 4921/693/1738 6646/841/1860
f 4922/693/1737 6647/841/2009 6646/841/1860
f 4923/693/1736 6648/841/1924 6647/841/2009
f 3821/693/1735 4914/841/1820 6648/841/1924
f 6648/841/1924 4914/841/1820 4913/840/1832
f 4913/840/1832 4912/839/1831 6654/839/1927
f 6654/839/1927 4912/839/1831 3823/790/2005
f 6653/839/1863 6654/839/1927 4930/790/1843
f 6652/839/1864 6653/839/1863 4931/790/1841
f 6652/839/1864 4932/790/1988 3815/790/1693
f 6649/840/1859 6652/839/1864 4861/839/1874
f 4863/841/1873 6646/841/1860 6649/840/1859
f 6655/842/1641 6656/844/1645 6659/600/1642
f 6657/843/1644 6660/605/1868 6659/600/1642
f 6658/602/2017 6659/600/1642 6662/845/1646
f 6660/605/1868 6663/848/1656 6662/845/1646
f 4935/696/1649 6655/842/1641 4936/606/1650
f 4934/695/2018 6656/844/1645 6655/842/1641
f 4934/695/2018 4933/694/1653 6657/843/1644
f 4933/694/1653 3827/693/1673 4944/847/1654
f 4944/847/1654 4943/617/1655 6660/605/1868
f 4943/617/1655 4942/849/1657 6663/848/1656
f 4942/849/1657 3828/711/1683 4941/710/1658
f 6663/848/1656 4941/710/1658 4940/709/1659
f 6661/846/1647 6662/845/1646 4940/709/1659
f 4938/611/1661 6661/846/1647 4939/708/1660
f 4937/609/1663 6658/602/2017 6661/846/1647
f 4936/606/1650 6655/842/1641 6658/602/2017
f 6665/850/1664 6668/626/1872 6667/622/1665
f 6666/852/1871 6669/629/1670 6668/626/1872
f 6668/626/1872 6671/854/1671 6670/853/1669
f 6669/629/1670 6672/856/1678 6671/854/1671
f 4947/841/1873 6664/851/1666 4944/847/1654
f 4946/840/1674 6665/850/1664 6664/851/1666
f 4945/839/1675 6666/852/1871 6665/850/1664
f 4945/839/1675 3831/790/1693 4953/855/1676
f 4953/855/1676 4952/637/1677 6669/629/1670
f 4952/637/1677 4951/857/1679 6672/856/1678
f 4951/857/1679 3832/723/1704 4950/763/1680
f 6672/856/1678 4950/763/1680 4949/762/1681
f 6671/854/1671 4949/762/1681 4948/761/1682
f 6670/853/1669 4948/761/1682 3828/711/1683
f 6667/622/1665 6670/853/1669 4942/849/1657
f 6664/851/1666 6667/622/1665 4943/617/1655
f 6674/858/1684 6677/646/1688 6676/642/1685
f 6674/858/1684 6675/865/1695 6678/647/1687
f 6677/646/1688 6680/862/1691 6679/860/1934
f 6677/646/1688 6678/647/1687 6681/861/1690
f 4956/863/1692 6673/859/1686 4953/855/1676
f 4955/864/1694 6674/858/1684 6673/859/1686
f 4955/864/1694 4954/866/1969 6675/865/1695
f 4954/866/1969 3829/794/1714 4962/867/1697
f 6675/865/1695 4962/867/1697 4961/657/1698
f 6678/647/1687 4961/657/1698 4960/868/1699
f 6681/861/1690 4960/868/1699 3830/735/2020
f 6680/862/1691 6681/861/1690 4959/869/1701
f 6680/862/1691 4958/870/1702 4957/871/1703
f 6679/860/1934 4957/871/1703 3832/723/1704
f 6676/642/1685 6679/860/1934 4951/857/1679
f 6673/859/1686 6676/642/1685 4952/637/1677
f 6682/872/1705 6683/873/1708 6686/663/1706
f 6683/873/1708 6684/877/1716 6687/667/1709
f 6685/665/1707 6686/663/1706 6689/874/1710
f 6686/663/1706 6687/667/1709 6690/876/1712
f 4965/828/1713 6682/872/1705 4962/867/1697
f 4965/828/1713 4964/827/1715 6683/873/1708
f 4964/827/1715 4963/826/1878 6684/877/1716
f 4963/826/1878 3825/680/1869 4936/678/1650
f 6684/877/1716 4936/678/1650 4937/677/1663
f 6687/667/1709 4937/677/1663 4938/676/1661
f 6690/876/1712 4938/676/1661 3826/675/2019
f 6689/874/1710 6690/876/1712 4968/750/1718
f 6688/875/1711 6689/874/1710 4967/749/1719
f 4960/868/1699 6688/875/1711 4966/748/1720
f 4961/657/1698 6685/665/1707 6688/875/1711
f 4962/867/1697 6682/872/1705 6685/665/1707
f 6692/696/1721 6695/695/1995 6694/695/1881
f 6693/696/1724 6696/695/2012 6695/695/1995
f 6694/695/1881 6695/695/1995 6698/694/1726
f 6695/695/1995 6696/695/2012 6699/694/1728
f 3825/608/1869 5010/608/1883 6691/696/1971
f 5009/608/1729 6692/696/1721 6691/696/1971
f 5008/608/2021 6693/696/1724 6692/696/1721
f 3838/608/1732 4995/696/1822 6693/696/1724
f 6693/696/1724 4995/696/1822 4994/695/1733
f 4994/695/1733 4993/694/1821 6699/694/1728
f 6699/694/1728 4993/694/1821 3837/693/1735
f 6698/694/1726 6699/694/1728 5007/693/1736
f 6697/694/1939 6698/694/1726 5006/693/1737
f 6697/694/1939 5005/693/1738 3827/693/1673
f 6694/695/1881 6697/694/1939 4933/694/1653
f 4935/696/1649 6691/696/1971 6694/695/1881
f 6700/710/1739 6701/710/1743 6704/709/1885
f 6702/710/1742 6705/709/1888 6704/709/1885
f 6704/709/1885 6707/708/1942 6706/708/1744
f 6704/709/1885 6705/709/1888 6708/708/1941
f 3828/711/1683 4986/711/1747 6700/710/1739
f 4986/711/1747 4985/711/2022 6701/710/1743
f 4984/711/1748 6702/710/1742 6701/710/1743
f 3834/711/1887 4971/710/1751 6702/710/1742
f 4971/710/1751 4970/709/1949 6705/709/1888
f 6705/709/1888 4970/709/1949 4969/708/1753
f 6708/708/1941 4969/708/1753 3833/706/1754
f 6707/708/1942 6708/708/1941 4983/706/1755
f 6707/708/1942 4982/706/1756 4981/706/1757
f 6706/708/1744 4981/706/1757 3826/706/2019
f 6703/709/1741 6706/708/1744 4939/708/1660
f 4941/710/1658 6700/710/1739 6703/709/1741
f 6710/878/1758 6713/882/1762 6712/879/1945
f 6710/878/1758 6711/885/1948 6714/881/1891
f 6712/879/1945 6713/882/1762 6716/883/1893
f 6714/881/1891 6717/886/1899 6716/883/1893
f 4975/871/2000 6709/880/1976 4974/721/1894
f 4976/870/1896 6710/878/1758 6709/880/1976
f 4976/870/1896 4977/869/1898 6711/885/1948
f 4977/869/1898 3836/735/1951 4978/733/2014
f 6711/885/1948 4978/733/2014 4979/732/1772
f 4979/732/1772 4980/731/1774 6717/886/1899
f 4980/731/1774 3833/897/1754 4969/730/1753
f 6717/886/1899 4969/730/1753 4970/728/1949
f 6715/884/1764 6716/883/1893 4970/728/1949
f 4972/726/1776 6715/884/1764 4971/727/1751
f 4973/724/1777 6712/879/1945 6715/884/1764
f 6709/880/1976 6712/879/1945 4973/724/1777
f 6719/750/1778 6722/749/1782 6721/749/1779
f 6720/750/1781 6723/749/1784 6722/749/1782
f 6722/749/1782 6725/748/1785 6724/748/1783
f 6723/749/1784 6726/748/1786 6725/748/1785
f 4981/675/1757 6718/750/1780 4968/750/1718
f 4982/675/1756 6719/750/1778 6718/750/1780
f 4983/675/1755 6720/750/1781 6719/750/1778
f 3833/675/1754 4980/750/1774 6720/750/1781
f 4980/750/1774 4979/749/1772 6723/749/1784
f 4979/749/1772 4978/748/2014 6726/748/1786
f 6726/748/1786 4978/748/2014 3836/735/1951
f 6726/748/1786 4989/735/1952 4988/735/1789
f 6725/748/1785 4988/735/1789 4987/735/1953
f 6724/748/1783 4987/735/1953 3830/735/2020
f 6721/749/1779 6724/748/1783 4966/748/1720
f 6718/750/1780 6721/749/1779 4967/749/1719
f 6727/763/1791 6728/763/1794 6731/762/1792
f 6728/763/1794 6729/763/1801 6732/762/1795
f 6730/762/1793 6731/762/1792 6734/761/1796
f 6731/762/1792 6732/762/1795 6735/761/1798
f 3832/723/1704 4992/723/1905 6727/763/1791
f 4992/723/1905 4991/723/1800 6728/763/1794
f 4991/723/1800 4990/723/2023 6729/763/1801
f 3835/723/1895 4974/763/1894 6729/763/1801
f 6729/763/1801 4974/763/1894 4973/762/1777
f 6732/762/1795 4973/762/1777 4972/761/1776
f 6735/761/1798 4972/761/1776 3834/711/1887
f 6734/761/1796 6735/761/1798 4984/711/1748
f 6733/761/1797 6734/761/1796 4985/711/2022
f 4948/761/1682 6733/761/1797 4986/711/1747
f 4949/762/1681 6730/762/1793 6733/761/1797
f 4950/763/1680 6727/763/1791 6730/762/1793
f 6737/869/1803 6740/870/1807 6739/870/1804
f 6738/869/1806 6741/870/2024 6740/870/1807
f 6739/870/1804 6740/870/1807 6743/871/1808
f 6740/870/1807 6741/870/2024 6744/871/1907
f 4987/735/1953 6736/869/1805 4959/869/1701
f 4988/735/1789 6737/869/1803 6736/869/1805
f 4989/735/1952 6738/869/1806 6737/869/1803
f 3836/735/1951 4977/869/1898 6738/869/1806
f 4977/869/1898 4976/870/1896 6741/870/2024
f 6741/870/2024 4976/870/1896 4975/871/2000
f 6744/871/1907 4975/871/2000 3835/723/1895
f 6743/871/1808 6744/871/1907 4990/723/2023
f 6742/871/1809 6743/871/1808 4991/723/1800
f 4957/871/1703 6742/871/1809 4992/723/1905
f 4958/870/1702 6739/870/1804 6742/871/1809
f 6736/869/1805 6739/870/1804 4958/870/1702
f 6745/888/1812 6746/892/1816 6749/889/1813
f 6747/891/1815 6750/896/1824 6749/889/1813
f 6749/889/1813 6752/895/1819 6751/893/1817
f 6749/889/1813 6750/896/1824 6753/894/1818
f 3837/785/1735 4993/786/1821 6745/888/1812
f 4993/786/1821 4994/800/1733 6746/892/1816
f 4995/799/1822 6747/891/1815 6746/892/1816
f 3838/798/1732 5002/797/1823 6747/891/1815
f 5002/797/1823 5003/796/1922 6750/896/1824
f 6750/896/1824 5003/796/1922 5004/795/1825
f 6753/894/1818 5004/795/1825 3840/794/2025
f 6752/895/1819 6753/894/1818 4999/866/1827
f 6752/895/1819 5000/864/1828 5001/863/1829
f 6751/893/1817 5001/863/1829 3839/790/1830
f 6748/890/1814 6751/893/1817 4996/788/1831
f 4998/787/1820 6745/888/1812 6748/890/1814
f 6755/863/1833 6758/864/1837 6757/864/1834
f 6756/863/2006 6759/864/1917 6758/864/1837
f 6757/864/1834 6758/864/1837 6761/866/1957
f 6758/864/1837 6759/864/1917 6762/866/1840
f 3831/790/1693 5016/790/1842 6754/863/1835
f 5015/790/1841 6755/863/1833 6754/863/1835
f 5014/790/2026 6756/863/2006 6755/863/1833
f 3839/790/1830 5001/863/1829 6756/863/2006
f 6756/863/2006 5001/863/1829 5000/864/1828
f 5000/864/1828 4999/866/1827 6762/866/1840
f 6762/866/1840 4999/866/1827 3840/794/2025
f 6761/866/1957 6762/866/1840 5013/794/1845
f 6760/866/1839 6761/866/1957 5012/794/1846
f 6760/866/1839 5011/794/1847 3829/794/1714
f 6757/864/1834 6760/866/1839 4954/866/1969
f 4956/863/1692 6754/863/1835 6757/864/1834
f 6764/828/1848 6767/827/1961 6766/827/1849
f 6765/828/1851 6768/827/1857 6767/827/1961
f 6766/827/1849 6767/827/1961 6770/826/1853
f 6767/827/1961 6768/827/1857 6771/826/1855
f 3829/794/1714 5011/794/1847 6763/828/1850
f 5012/794/1846 6764/828/1848 6763/828/1850
f 5013/794/1845 6765/828/1851 6764/828/1848
f 3840/794/2025 5004/828/1825 6765/828/1851
f 6765/828/1851 5004/828/1825 5003/827/1922
f 5003/827/1922 5002/826/1823 6771/826/1855
f 6771/826/1855 5002/826/1823 3838/680/1732
f 6770/826/1853 6771/826/1855 5008/680/2021
f 6769/826/1854 6770/826/1853 5009/680/1729
f 6769/826/1854 5010/680/1883 3825/680/1869
f 6766/827/1849 6769/826/1854 4963/826/1878
f 4965/828/1713 6763/828/1850 6766/827/1849
f 6773/841/1858 6776/840/1862 6775/840/1859
f 6774/841/1861 6777/840/1866 6776/840/1862
f 6775/840/1859 6776/840/1862 6779/839/1863
f 6776/840/1862 6777/840/1866 6780/839/1927
f 3827/693/1673 5005/693/1738 6772/841/1860
f 5006/693/1737 6773/841/1858 6772/841/1860
f 5007/693/1736 6774/841/1861 6773/841/1858
f 3837/693/1735 4998/841/1820 6774/841/1861
f 6774/841/1861 4998/841/1820 4997/840/1832
f 4997/840/1832 4996/839/1831 6780/839/1927
f 6780/839/1927 4996/839/1831 3839/790/1830
f 6779/839/1863 6780/839/1927 5014/790/2026
f 6778/839/1864 6779/839/1863 5015/790/1841
f 6778/839/1864 5016/790/1842 3831/790/1693
f 6775/840/1859 6778/839/1864 4945/839/1675
f 4947/841/1873 6772/841/1860 6775/840/1859
