# Blender 4.2.2 LTS
# www.blender.org
mtllib jo.mtl
o テキスト
v -0.150000 0.621791 0.282944
v -0.150000 0.614237 0.281181
v -0.150000 0.606727 0.279385
v -0.150000 0.599260 0.277558
v -0.150000 0.591838 0.275699
v -0.150000 0.584460 0.273808
v -0.150000 0.577126 0.271885
v -0.150000 0.569835 0.269930
v -0.150000 0.562589 0.267942
v -0.150000 0.555387 0.265923
v -0.150000 0.548229 0.263872
v -0.150000 0.541115 0.261789
v -0.150000 0.534044 0.259673
v -0.150000 0.527018 0.257526
v -0.150000 0.520036 0.255346
v -0.150000 0.513098 0.253135
v -0.150000 0.506204 0.250891
v -0.150000 0.499353 0.248616
v -0.150000 0.492547 0.246308
v -0.150000 0.485785 0.243969
v -0.150000 0.479067 0.241597
v -0.150000 0.472393 0.239193
v -0.150000 0.465763 0.236758
v -0.150000 0.459177 0.234290
v -0.150000 0.452635 0.231790
v -0.150000 0.446137 0.229258
v -0.150000 0.439683 0.226694
v -0.150000 0.433273 0.224099
v -0.150000 0.426906 0.221471
v -0.150000 0.420584 0.218811
v -0.150000 0.414306 0.216119
v -0.150000 0.408072 0.213395
v -0.150000 0.401882 0.210639
v -0.150000 0.395736 0.207851
v -0.150000 0.389634 0.205031
v -0.150000 0.383576 0.202179
v -0.150000 0.377562 0.199294
v -0.150000 0.371593 0.196378
v -0.150000 0.365667 0.193430
v -0.150000 0.359785 0.190450
v -0.150000 0.353947 0.187438
v -0.150000 0.348153 0.184393
v -0.150000 0.342403 0.181317
v -0.150000 0.336697 0.178209
v -0.150000 0.331035 0.175068
v -0.150000 0.325417 0.171896
v -0.150000 0.319843 0.168691
v -0.150000 0.314313 0.165455
v -0.150000 0.308828 0.162186
v -0.150000 0.303386 0.158886
v -0.150000 0.297988 0.155553
v -0.150000 0.292634 0.152188
v -0.150000 0.287324 0.148792
v -0.150000 0.282059 0.145363
v -0.150000 0.276837 0.141902
v -0.150000 0.271659 0.138410
v -0.150000 0.266525 0.134885
v -0.150000 0.261435 0.131328
v -0.150000 0.256390 0.127739
v -0.150000 0.251388 0.124118
v -0.150000 0.246430 0.120465
v -0.150000 0.241516 0.116780
v -0.150000 0.236647 0.113063
v -0.150000 0.231821 0.109314
v -0.150000 0.227039 0.105533
v -0.150000 0.225025 0.110346
v -0.150000 0.223010 0.115121
v -0.150000 0.220995 0.119860
v -0.150000 0.218980 0.124561
v -0.150000 0.216964 0.129225
v -0.150000 0.214948 0.133853
v -0.150000 0.212932 0.138443
v -0.150000 0.210915 0.142996
v -0.150000 0.208898 0.147512
v -0.150000 0.206881 0.151991
v -0.150000 0.204864 0.156433
v -0.150000 0.202846 0.160838
v -0.150000 0.200829 0.165206
v -0.150000 0.198810 0.169537
v -0.150000 0.196792 0.173831
v -0.150000 0.194773 0.178088
v -0.150000 0.192754 0.182307
v -0.150000 0.190735 0.186490
v -0.150000 0.188715 0.190636
v -0.150000 0.186696 0.194744
v -0.150000 0.184675 0.198816
v -0.150000 0.182655 0.202850
v -0.150000 0.180634 0.206848
v -0.150000 0.178613 0.210808
v -0.150000 0.176592 0.214732
v -0.150000 0.174571 0.218618
v -0.150000 0.172549 0.222467
v -0.150000 0.170527 0.226279
v -0.150000 0.168505 0.230055
v -0.150000 0.166482 0.233793
v -0.150000 0.164459 0.237494
v -0.150000 0.162436 0.241158
v -0.150000 0.160412 0.244785
v -0.150000 0.158389 0.248375
v -0.150000 0.156365 0.251928
v -0.150000 0.154340 0.255444
v -0.150000 0.152316 0.258922
v -0.150000 0.150291 0.262364
v -0.150000 0.148266 0.265769
v -0.150000 0.146240 0.269137
v -0.150000 0.144215 0.272467
v -0.150000 0.142189 0.275761
v -0.150000 0.140163 0.279018
v -0.150000 0.138136 0.282237
v -0.150000 0.136109 0.285419
v -0.150000 0.134082 0.288565
v -0.150000 0.132055 0.291673
v -0.150000 0.130027 0.294745
v -0.150000 0.127999 0.297779
v -0.150000 0.125971 0.300776
v -0.150000 0.123943 0.303736
v -0.150000 0.121914 0.306659
v -0.150000 0.119885 0.309545
v -0.150000 0.117856 0.312394
v -0.150000 0.115826 0.315206
v -0.150000 0.113796 0.317981
v -0.150000 0.111766 0.320719
v -0.150000 0.109736 0.323420
v -0.150000 0.107705 0.326084
v -0.150000 0.105674 0.328711
v -0.150000 0.103643 0.331300
v -0.150000 0.101611 0.333853
v -0.150000 0.099579 0.336369
v -0.150000 0.097547 0.338848
v -0.150000 0.095748 0.341041
v -0.150000 0.093953 0.343200
v -0.150000 0.092162 0.345324
v -0.150000 0.090374 0.347413
v -0.150000 0.088590 0.349468
v -0.150000 0.086809 0.351489
v -0.150000 0.085032 0.353475
v -0.150000 0.083259 0.355426
v -0.150000 0.081489 0.357343
v -0.150000 0.079723 0.359226
v -0.150000 0.077961 0.361074
v -0.150000 0.076202 0.362887
v -0.150000 0.074447 0.364666
v -0.150000 0.072695 0.366410
v -0.150000 0.070947 0.368120
v -0.150000 0.069203 0.369795
v -0.150000 0.067462 0.371435
v -0.150000 0.065725 0.373041
v -0.150000 0.063991 0.374613
v -0.150000 0.062262 0.376150
v -0.150000 0.060535 0.377652
v -0.150000 0.058813 0.379120
v -0.150000 0.057094 0.380554
v -0.150000 0.055378 0.381952
v -0.150000 0.053666 0.383317
v -0.150000 0.051958 0.384646
v -0.150000 0.050254 0.385942
v -0.150000 0.048553 0.387202
v -0.150000 0.046856 0.388428
v -0.150000 0.045162 0.389620
v -0.150000 0.043472 0.390777
v -0.150000 0.041785 0.391900
v -0.150000 0.040103 0.392988
v -0.150000 0.038424 0.394041
v -0.150000 0.036748 0.395060
v -0.150000 0.035076 0.396044
v -0.150000 0.033408 0.396994
v -0.150000 0.031743 0.397909
v -0.150000 0.030082 0.398790
v -0.150000 0.028424 0.399636
v -0.150000 0.026771 0.400448
v -0.150000 0.025120 0.401225
v -0.150000 0.023474 0.401968
v -0.150000 0.021831 0.402676
v -0.150000 0.020191 0.403349
v -0.150000 0.018556 0.403988
v -0.150000 0.016924 0.404593
v -0.150000 0.015295 0.405163
v -0.150000 0.013670 0.405698
v -0.150000 0.012049 0.406199
v -0.150000 0.010431 0.406665
v -0.150000 0.008817 0.407097
v -0.150000 0.007207 0.407494
v -0.150000 0.005600 0.407857
v -0.150000 0.003997 0.408185
v -0.150000 0.002398 0.408478
v -0.150000 0.000802 0.408737
v -0.150000 -0.000791 0.408962
v -0.150000 -0.002379 0.409152
v -0.150000 -0.003964 0.409307
v -0.150000 -0.005546 0.409428
v -0.150000 -0.007123 0.409515
v -0.150000 -0.008698 0.409566
v -0.150000 -0.010268 0.409584
v -0.150000 -0.012621 0.409570
v -0.150000 -0.014936 0.409531
v -0.150000 -0.017214 0.409466
v -0.150000 -0.019455 0.409374
v -0.150000 -0.021660 0.409256
v -0.150000 -0.023827 0.409112
v -0.150000 -0.025957 0.408942
v -0.150000 -0.028050 0.408746
v -0.150000 -0.030106 0.408523
v -0.150000 -0.032125 0.408274
v -0.150000 -0.034107 0.408000
v -0.150000 -0.036052 0.407698
v -0.150000 -0.037960 0.407371
v -0.150000 -0.039831 0.407018
v -0.150000 -0.041664 0.406638
v -0.150000 -0.043461 0.406232
v -0.150000 -0.045221 0.405800
v -0.150000 -0.046944 0.405342
v -0.150000 -0.048629 0.404858
v -0.150000 -0.050278 0.404347
v -0.150000 -0.051889 0.403810
v -0.150000 -0.053464 0.403247
v -0.150000 -0.055001 0.402658
v -0.150000 -0.056501 0.402043
v -0.150000 -0.057965 0.401401
v -0.150000 -0.059391 0.400734
v -0.150000 -0.060780 0.400040
v -0.150000 -0.062132 0.399320
v -0.150000 -0.063447 0.398574
v -0.150000 -0.064726 0.397801
v -0.150000 -0.065967 0.397003
v -0.150000 -0.067171 0.396178
v -0.150000 -0.068337 0.395327
v -0.150000 -0.069467 0.394450
v -0.150000 -0.070560 0.393547
v -0.150000 -0.071616 0.392617
v -0.150000 -0.072635 0.391661
v -0.150000 -0.073617 0.390680
v -0.150000 -0.074561 0.389672
v -0.150000 -0.075469 0.388637
v -0.150000 -0.076339 0.387577
v -0.150000 -0.077173 0.386490
v -0.150000 -0.077969 0.385378
v -0.150000 -0.078729 0.384239
v -0.150000 -0.079451 0.383074
v -0.150000 -0.080137 0.381882
v -0.150000 -0.080785 0.380665
v -0.150000 -0.081396 0.379421
v -0.150000 -0.081970 0.378151
v -0.150000 -0.082508 0.376855
v -0.150000 -0.083008 0.375533
v -0.150000 -0.083471 0.374184
v -0.150000 -0.083897 0.372810
v -0.150000 -0.084286 0.371409
v -0.150000 -0.084638 0.369982
v -0.150000 -0.084953 0.368529
v -0.150000 -0.085230 0.367050
v -0.150000 -0.085471 0.365544
v -0.150000 -0.085675 0.364012
v -0.150000 -0.085842 0.362455
v -0.150000 -0.085971 0.360871
v -0.150000 -0.086064 0.359260
v -0.150000 -0.086119 0.357624
v -0.150000 -0.086138 0.355961
v -0.150000 -0.086129 0.355085
v -0.150000 -0.086103 0.354205
v -0.150000 -0.086059 0.353319
v -0.150000 -0.085998 0.352429
v -0.150000 -0.085919 0.351535
v -0.150000 -0.085822 0.350635
v -0.150000 -0.085708 0.349731
v -0.150000 -0.085577 0.348822
v -0.150000 -0.085427 0.347908
v -0.150000 -0.085261 0.346989
v -0.150000 -0.085076 0.346066
v -0.150000 -0.084875 0.345138
v -0.150000 -0.084655 0.344206
v -0.150000 -0.084418 0.343268
v -0.150000 -0.084164 0.342326
v -0.150000 -0.083892 0.341379
v -0.150000 -0.083602 0.340427
v -0.150000 -0.083295 0.339471
v -0.150000 -0.082971 0.338510
v -0.150000 -0.082628 0.337544
v -0.150000 -0.082269 0.336574
v -0.150000 -0.081891 0.335598
v -0.150000 -0.081497 0.334618
v -0.150000 -0.081084 0.333633
v -0.150000 -0.080654 0.332644
v -0.150000 -0.080207 0.331650
v -0.150000 -0.079742 0.330651
v -0.150000 -0.079259 0.329647
v -0.150000 -0.078759 0.328639
v -0.150000 -0.078241 0.327625
v -0.150000 -0.077706 0.326607
v -0.150000 -0.077153 0.325585
v -0.150000 -0.076583 0.324557
v -0.150000 -0.075995 0.323525
v -0.150000 -0.075390 0.322488
v -0.150000 -0.074767 0.321447
v -0.150000 -0.074126 0.320400
v -0.150000 -0.073468 0.319349
v -0.150000 -0.072793 0.318294
v -0.150000 -0.072100 0.317233
v -0.150000 -0.071389 0.316168
v -0.150000 -0.070661 0.315098
v -0.150000 -0.069915 0.314023
v -0.150000 -0.069152 0.312943
v -0.150000 -0.068371 0.311859
v -0.150000 -0.067572 0.310770
v -0.150000 -0.066756 0.309677
v -0.150000 -0.065923 0.308578
v -0.150000 -0.065072 0.307475
v -0.150000 -0.064203 0.306367
v -0.150000 -0.063317 0.305254
v -0.150000 -0.062413 0.304137
v -0.150000 -0.061492 0.303015
v -0.150000 -0.060553 0.301888
v -0.150000 -0.059597 0.300757
v -0.150000 -0.058623 0.299620
v -0.150000 -0.057631 0.298479
v -0.150000 -0.056622 0.297333
v -0.150000 -0.055596 0.296183
v -0.150000 -0.054552 0.295028
v -0.150000 -0.053490 0.293868
v -0.150000 -0.052411 0.292703
v -0.150000 -0.051314 0.291534
v -0.150000 -0.050200 0.290359
v -0.150000 -0.046270 0.286474
v -0.150000 -0.042362 0.282591
v -0.150000 -0.038475 0.278710
v -0.150000 -0.034608 0.274830
v -0.150000 -0.030762 0.270953
v -0.150000 -0.026938 0.267077
v -0.150000 -0.023134 0.263204
v -0.150000 -0.019351 0.259332
v -0.150000 -0.015589 0.255463
v -0.150000 -0.011847 0.251595
v -0.150000 -0.008127 0.247729
v -0.150000 -0.004428 0.243865
v -0.150000 -0.000749 0.240004
v -0.150000 0.002909 0.236144
v -0.150000 0.006545 0.232286
v -0.150000 0.010161 0.228430
v -0.150000 0.013756 0.224576
v -0.150000 0.017330 0.220724
v -0.150000 0.020883 0.216874
v -0.150000 0.024416 0.213025
v -0.150000 0.027927 0.209179
v -0.150000 0.031418 0.205335
v -0.150000 0.034887 0.201493
v -0.150000 0.038336 0.197652
v -0.150000 0.041764 0.193814
v -0.150000 0.045171 0.189977
v -0.150000 0.048557 0.186143
v -0.150000 0.051922 0.182310
v -0.150000 0.055266 0.178480
v -0.150000 0.058590 0.174651
v -0.150000 0.061892 0.170824
v -0.150000 0.065174 0.166999
v -0.150000 0.068435 0.163177
v -0.150000 0.071675 0.159356
v -0.150000 0.074894 0.155537
v -0.150000 0.078092 0.151720
v -0.150000 0.081269 0.147905
v -0.150000 0.084425 0.144092
v -0.150000 0.087560 0.140281
v -0.150000 0.090675 0.136471
v -0.150000 0.093769 0.132664
v -0.150000 0.096841 0.128859
v -0.150000 0.099893 0.125056
v -0.150000 0.102924 0.121254
v -0.150000 0.105934 0.117455
v -0.150000 0.108923 0.113657
v -0.150000 0.111891 0.109862
v -0.150000 0.114839 0.106068
v -0.150000 0.117765 0.102277
v -0.150000 0.120671 0.098487
v -0.150000 0.123556 0.094699
v -0.150000 0.126419 0.090913
v -0.150000 0.129262 0.087129
v -0.150000 0.132084 0.083348
v -0.150000 0.134886 0.079568
v -0.150000 0.137666 0.075790
v -0.150000 0.140425 0.072014
v -0.150000 0.143164 0.068240
v -0.150000 0.145881 0.064467
v -0.150000 0.148578 0.060697
v -0.150000 0.151254 0.056929
v -0.150000 0.153909 0.053163
v -0.150000 0.156543 0.049398
v -0.150000 0.159156 0.045636
v -0.150000 0.152779 0.039124
v -0.150000 0.146484 0.032531
v -0.150000 0.140272 0.025857
v -0.150000 0.134141 0.019101
v -0.150000 0.128092 0.012264
v -0.150000 0.122124 0.005346
v -0.150000 0.116239 -0.001654
v -0.150000 0.110436 -0.008735
v -0.150000 0.104714 -0.015897
v -0.150000 0.099075 -0.023141
v -0.150000 0.093517 -0.030466
v -0.150000 0.088041 -0.037873
v -0.150000 0.082647 -0.045360
v -0.150000 0.077335 -0.052929
v -0.150000 0.072105 -0.060580
v -0.150000 0.066957 -0.068311
v -0.150000 0.061890 -0.076125
v -0.150000 0.056906 -0.084019
v -0.150000 0.052003 -0.091995
v -0.150000 0.047182 -0.100052
v -0.150000 0.042444 -0.108190
v -0.150000 0.037787 -0.116410
v -0.150000 0.033212 -0.124711
v -0.150000 0.028719 -0.133093
v -0.150000 0.024307 -0.141557
v -0.150000 0.019978 -0.150102
v -0.150000 0.015731 -0.158728
v -0.150000 0.011565 -0.167436
v -0.150000 0.007481 -0.176225
v -0.150000 0.003479 -0.185096
v -0.150000 -0.000440 -0.194047
v -0.150000 -0.004278 -0.203080
v -0.150000 -0.008035 -0.212195
v -0.150000 -0.011709 -0.221391
v -0.150000 -0.015301 -0.230668
v -0.150000 -0.018812 -0.240026
v -0.150000 -0.022240 -0.249466
v -0.150000 -0.025587 -0.258987
v -0.150000 -0.028852 -0.268589
v -0.150000 -0.032034 -0.278273
v -0.150000 -0.035135 -0.288038
v -0.150000 -0.038155 -0.297884
v -0.150000 -0.041092 -0.307812
v -0.150000 -0.043947 -0.317821
v -0.150000 -0.046721 -0.327912
v -0.150000 -0.049412 -0.338083
v -0.150000 -0.052022 -0.348336
v -0.150000 -0.054549 -0.358671
v -0.150000 -0.056995 -0.369086
v -0.150000 -0.059359 -0.379584
v -0.150000 -0.061641 -0.390162
v -0.150000 -0.063842 -0.400822
v -0.150000 -0.065960 -0.411563
v -0.150000 -0.067996 -0.422385
v -0.150000 -0.069951 -0.433289
v -0.150000 -0.071823 -0.444274
v -0.150000 -0.073614 -0.455340
v -0.150000 -0.075323 -0.466488
v -0.150000 -0.076950 -0.477717
v -0.150000 -0.078495 -0.489027
v -0.150000 -0.079958 -0.500419
v -0.150000 -0.081340 -0.511892
v -0.150000 -0.082639 -0.523447
v -0.150000 -0.083856 -0.535083
v -0.150000 -0.083853 -0.535277
v -0.150000 -0.083844 -0.535469
v -0.150000 -0.083829 -0.535657
v -0.150000 -0.083807 -0.535843
v -0.150000 -0.083780 -0.536025
v -0.150000 -0.083746 -0.536204
v -0.150000 -0.083706 -0.536380
v -0.150000 -0.083660 -0.536553
v -0.150000 -0.083608 -0.536723
v -0.150000 -0.083550 -0.536891
v -0.150000 -0.083486 -0.537054
v -0.150000 -0.083415 -0.537215
v -0.150000 -0.083338 -0.537373
v -0.150000 -0.083256 -0.537528
v -0.150000 -0.083167 -0.537679
v -0.150000 -0.083072 -0.537828
v -0.150000 -0.082971 -0.537974
v -0.150000 -0.082864 -0.538116
v -0.150000 -0.082750 -0.538256
v -0.150000 -0.082631 -0.538392
v -0.150000 -0.082505 -0.538525
v -0.150000 -0.082373 -0.538655
v -0.150000 -0.082235 -0.538782
v -0.150000 -0.082091 -0.538907
v -0.150000 -0.081941 -0.539028
v -0.150000 -0.081785 -0.539146
v -0.150000 -0.081623 -0.539260
v -0.150000 -0.081454 -0.539372
v -0.150000 -0.081279 -0.539481
v -0.150000 -0.081099 -0.539587
v -0.150000 -0.080912 -0.539689
v -0.150000 -0.080719 -0.539789
v -0.150000 -0.080520 -0.539885
v -0.150000 -0.080314 -0.539979
v -0.150000 -0.080103 -0.540069
v -0.150000 -0.079885 -0.540157
v -0.150000 -0.079662 -0.540241
v -0.150000 -0.079432 -0.540322
v -0.150000 -0.079196 -0.540400
v -0.150000 -0.078954 -0.540475
v -0.150000 -0.078706 -0.540547
v -0.150000 -0.078451 -0.540616
v -0.150000 -0.078191 -0.540682
v -0.150000 -0.077924 -0.540745
v -0.150000 -0.077652 -0.540805
v -0.150000 -0.077373 -0.540861
v -0.150000 -0.077088 -0.540915
v -0.150000 -0.076797 -0.540965
v -0.150000 -0.076500 -0.541013
v -0.150000 -0.076196 -0.541057
v -0.150000 -0.075887 -0.541099
v -0.150000 -0.075571 -0.541137
v -0.150000 -0.075250 -0.541172
v -0.150000 -0.074922 -0.541205
v -0.150000 -0.074588 -0.541234
v -0.150000 -0.074248 -0.541260
v -0.150000 -0.073901 -0.541283
v -0.150000 -0.073549 -0.541303
v -0.150000 -0.073191 -0.541319
v -0.150000 -0.072826 -0.541333
v -0.150000 -0.072455 -0.541344
v -0.150000 -0.072078 -0.541352
v -0.150000 -0.071695 -0.541356
v -0.150000 -0.071306 -0.541358
v -0.150000 -0.071129 -0.541357
v -0.150000 -0.070955 -0.541355
v -0.150000 -0.070783 -0.541351
v -0.150000 -0.070613 -0.541347
v -0.150000 -0.070446 -0.541340
v -0.150000 -0.070282 -0.541333
v -0.150000 -0.070120 -0.541324
v -0.150000 -0.069960 -0.541313
v -0.150000 -0.069803 -0.541301
v -0.150000 -0.069649 -0.541288
v -0.150000 -0.069497 -0.541273
v -0.150000 -0.069348 -0.541257
v -0.150000 -0.069201 -0.541240
v -0.150000 -0.069056 -0.541221
v -0.150000 -0.068914 -0.541201
v -0.150000 -0.068775 -0.541179
v -0.150000 -0.068638 -0.541156
v -0.150000 -0.068504 -0.541132
v -0.150000 -0.068372 -0.541106
v -0.150000 -0.068242 -0.541079
v -0.150000 -0.068116 -0.541051
v -0.150000 -0.067991 -0.541021
v -0.150000 -0.067869 -0.540989
v -0.150000 -0.067750 -0.540957
v -0.150000 -0.067633 -0.540922
v -0.150000 -0.067519 -0.540887
v -0.150000 -0.067407 -0.540850
v -0.150000 -0.067298 -0.540812
v -0.150000 -0.067191 -0.540772
v -0.150000 -0.067086 -0.540731
v -0.150000 -0.066985 -0.540688
v -0.150000 -0.066885 -0.540645
v -0.150000 -0.066789 -0.540599
v -0.150000 -0.066694 -0.540553
v -0.150000 -0.066602 -0.540505
v -0.150000 -0.066513 -0.540455
v -0.150000 -0.066426 -0.540404
v -0.150000 -0.066342 -0.540352
v -0.150000 -0.066260 -0.540299
v -0.150000 -0.066181 -0.540244
v -0.150000 -0.066104 -0.540187
v -0.150000 -0.066030 -0.540129
v -0.150000 -0.065959 -0.540070
v -0.150000 -0.065889 -0.540010
v -0.150000 -0.065823 -0.539948
v -0.150000 -0.065758 -0.539884
v -0.150000 -0.065697 -0.539819
v -0.150000 -0.065637 -0.539753
v -0.150000 -0.065581 -0.539686
v -0.150000 -0.065527 -0.539617
v -0.150000 -0.065475 -0.539546
v -0.150000 -0.065426 -0.539475
v -0.150000 -0.065379 -0.539402
v -0.150000 -0.065335 -0.539327
v -0.150000 -0.065293 -0.539251
v -0.150000 -0.065254 -0.539174
v -0.150000 -0.065218 -0.539095
v -0.150000 -0.065183 -0.539015
v -0.150000 -0.065152 -0.538934
v -0.150000 -0.065123 -0.538851
v -0.150000 -0.065096 -0.538767
v -0.150000 -0.065072 -0.538681
v -0.150000 -0.065050 -0.538594
v -0.150000 -0.065031 -0.538505
v -0.150000 -0.062278 -0.528399
v -0.150000 -0.059473 -0.518365
v -0.150000 -0.056617 -0.508405
v -0.150000 -0.053709 -0.498518
v -0.150000 -0.050750 -0.488705
v -0.150000 -0.047739 -0.478964
v -0.150000 -0.044677 -0.469297
v -0.150000 -0.041563 -0.459703
v -0.150000 -0.038397 -0.450182
v -0.150000 -0.035180 -0.440735
v -0.150000 -0.031912 -0.431361
v -0.150000 -0.028592 -0.422060
v -0.150000 -0.025220 -0.412832
v -0.150000 -0.021797 -0.403678
v -0.150000 -0.018322 -0.394597
v -0.150000 -0.014796 -0.385589
v -0.150000 -0.011218 -0.376654
v -0.150000 -0.007589 -0.367793
v -0.150000 -0.003908 -0.359005
v -0.150000 -0.000176 -0.350290
v -0.150000 0.003608 -0.341649
v -0.150000 0.007443 -0.333080
v -0.150000 0.011330 -0.324585
v -0.150000 0.015268 -0.316163
v -0.150000 0.019258 -0.307815
v -0.150000 0.023300 -0.299540
v -0.150000 0.027393 -0.291338
v -0.150000 0.031537 -0.283209
v -0.150000 0.035734 -0.275153
v -0.150000 0.039981 -0.267171
v -0.150000 0.044280 -0.259262
v -0.150000 0.048631 -0.251426
v -0.150000 0.053033 -0.243664
v -0.150000 0.057487 -0.235974
v -0.150000 0.061992 -0.228358
v -0.150000 0.066549 -0.220816
v -0.150000 0.071157 -0.213346
v -0.150000 0.075817 -0.205950
v -0.150000 0.080528 -0.198627
v -0.150000 0.085291 -0.191377
v -0.150000 0.090106 -0.184201
v -0.150000 0.094972 -0.177098
v -0.150000 0.099889 -0.170068
v -0.150000 0.104858 -0.163111
v -0.150000 0.109879 -0.156227
v -0.150000 0.114951 -0.149417
v -0.150000 0.120075 -0.142680
v -0.150000 0.125250 -0.136017
v -0.150000 0.130476 -0.129426
v -0.150000 0.135755 -0.122909
v -0.150000 0.141084 -0.116465
v -0.150000 0.146466 -0.110095
v -0.150000 0.151898 -0.103797
v -0.150000 0.157383 -0.097573
v -0.150000 0.162919 -0.091422
v -0.150000 0.168506 -0.085345
v -0.150000 0.174145 -0.079340
v -0.150000 0.179835 -0.073409
v -0.150000 0.185577 -0.067551
v -0.150000 0.191371 -0.061767
v -0.150000 0.197216 -0.056055
v -0.150000 0.203112 -0.050417
v -0.150000 0.209061 -0.044852
v -0.150000 0.215060 -0.039361
v -0.150000 0.216909 -0.042568
v -0.150000 0.218749 -0.045770
v -0.150000 0.220579 -0.048967
v -0.150000 0.222400 -0.052161
v -0.150000 0.224211 -0.055349
v -0.150000 0.226013 -0.058534
v -0.150000 0.227806 -0.061713
v -0.150000 0.229589 -0.064889
v -0.150000 0.231362 -0.068060
v -0.150000 0.233126 -0.071226
v -0.150000 0.234881 -0.074388
v -0.150000 0.236626 -0.077546
v -0.150000 0.238361 -0.080699
v -0.150000 0.240087 -0.083847
v -0.150000 0.241804 -0.086992
v -0.150000 0.243511 -0.090131
v -0.150000 0.245209 -0.093266
v -0.150000 0.246897 -0.096397
v -0.150000 0.248576 -0.099524
v -0.150000 0.250245 -0.102645
v -0.150000 0.251905 -0.105763
v -0.150000 0.253555 -0.108876
v -0.150000 0.255196 -0.111984
v -0.150000 0.256828 -0.115088
v -0.150000 0.258450 -0.118188
v -0.150000 0.260062 -0.121283
v -0.150000 0.261665 -0.124374
v -0.150000 0.263259 -0.127460
v -0.150000 0.264843 -0.130542
v -0.150000 0.266417 -0.133619
v -0.150000 0.267982 -0.136692
v -0.150000 0.269538 -0.139760
v -0.150000 0.271084 -0.142824
v -0.150000 0.272621 -0.145884
v -0.150000 0.274148 -0.148939
v -0.150000 0.275666 -0.151989
v -0.150000 0.277174 -0.155036
v -0.150000 0.278673 -0.158077
v -0.150000 0.280162 -0.161114
v -0.150000 0.281642 -0.164147
v -0.150000 0.283113 -0.167175
v -0.150000 0.284574 -0.170199
v -0.150000 0.286025 -0.173219
v -0.150000 0.287467 -0.176234
v -0.150000 0.288900 -0.179244
v -0.150000 0.290323 -0.182250
v -0.150000 0.291736 -0.185252
v -0.150000 0.293140 -0.188249
v -0.150000 0.294535 -0.191241
v -0.150000 0.295920 -0.194230
v -0.150000 0.297296 -0.197213
v -0.150000 0.298662 -0.200193
v -0.150000 0.300019 -0.203167
v -0.150000 0.301366 -0.206138
v -0.150000 0.302704 -0.209104
v -0.150000 0.304032 -0.212065
v -0.150000 0.305351 -0.215022
v -0.150000 0.306661 -0.217975
v -0.150000 0.307961 -0.220923
v -0.150000 0.309251 -0.223866
v -0.150000 0.310532 -0.226805
v -0.150000 0.311804 -0.229740
v -0.150000 0.313066 -0.232670
v -0.150000 0.314318 -0.235596
v -0.150000 0.313674 -0.235954
v -0.150000 0.313026 -0.236315
v -0.150000 0.312373 -0.236679
v -0.150000 0.311716 -0.237047
v -0.150000 0.311054 -0.237417
v -0.150000 0.310388 -0.237790
v -0.150000 0.309717 -0.238167
v -0.150000 0.309042 -0.238546
v -0.150000 0.308362 -0.238929
v -0.150000 0.307678 -0.239315
v -0.150000 0.306989 -0.239703
v -0.150000 0.306296 -0.240095
v -0.150000 0.305599 -0.240490
v -0.150000 0.304897 -0.240888
v -0.150000 0.304191 -0.241289
v -0.150000 0.303480 -0.241693
v -0.150000 0.302764 -0.242100
v -0.150000 0.302045 -0.242510
v -0.150000 0.301320 -0.242923
v -0.150000 0.300592 -0.243340
v -0.150000 0.299859 -0.243759
v -0.150000 0.299121 -0.244181
v -0.150000 0.298379 -0.244607
v -0.150000 0.297633 -0.245035
v -0.150000 0.296882 -0.245467
v -0.150000 0.296126 -0.245902
v -0.150000 0.295366 -0.246339
v -0.150000 0.294602 -0.246780
v -0.150000 0.293833 -0.247224
v -0.150000 0.293060 -0.247671
v -0.150000 0.292282 -0.248121
v -0.150000 0.291500 -0.248574
v -0.150000 0.290714 -0.249030
v -0.150000 0.289923 -0.249489
v -0.150000 0.289127 -0.249951
v -0.150000 0.288327 -0.250417
v -0.150000 0.287523 -0.250885
v -0.150000 0.286714 -0.251357
v -0.150000 0.285901 -0.251831
v -0.150000 0.285083 -0.252309
v -0.150000 0.284260 -0.252789
v -0.150000 0.283434 -0.253273
v -0.150000 0.282603 -0.253760
v -0.150000 0.281767 -0.254249
v -0.150000 0.280927 -0.254742
v -0.150000 0.280082 -0.255238
v -0.150000 0.279233 -0.255737
v -0.150000 0.278380 -0.256239
v -0.150000 0.277522 -0.256744
v -0.150000 0.276660 -0.257253
v -0.150000 0.275793 -0.257764
v -0.150000 0.274922 -0.258278
v -0.150000 0.274046 -0.258796
v -0.150000 0.273166 -0.259316
v -0.150000 0.272281 -0.259840
v -0.150000 0.271392 -0.260366
v -0.150000 0.270498 -0.260896
v -0.150000 0.269600 -0.261429
v -0.150000 0.268698 -0.261964
v -0.150000 0.267791 -0.262503
v -0.150000 0.266880 -0.263045
v -0.150000 0.265964 -0.263590
v -0.150000 0.265043 -0.264138
v -0.150000 0.264119 -0.264689
v -0.150000 0.263217 -0.265333
v -0.150000 0.262329 -0.265979
v -0.150000 0.261455 -0.266629
v -0.150000 0.260596 -0.267283
v -0.150000 0.259750 -0.267940
v -0.150000 0.258919 -0.268600
v -0.150000 0.258103 -0.269263
v -0.150000 0.257300 -0.269930
v -0.150000 0.256512 -0.270600
v -0.150000 0.255737 -0.271274
v -0.150000 0.254977 -0.271951
v -0.150000 0.254232 -0.272631
v -0.150000 0.253500 -0.273314
v -0.150000 0.252783 -0.274001
v -0.150000 0.252079 -0.274692
v -0.150000 0.251390 -0.275385
v -0.150000 0.250716 -0.276082
v -0.150000 0.250055 -0.276782
v -0.150000 0.249409 -0.277486
v -0.150000 0.248777 -0.278193
v -0.150000 0.248159 -0.278903
v -0.150000 0.247555 -0.279617
v -0.150000 0.246965 -0.280334
v -0.150000 0.246390 -0.281054
v -0.150000 0.245829 -0.281778
v -0.150000 0.245282 -0.282505
v -0.150000 0.244749 -0.283235
v -0.150000 0.244231 -0.283969
v -0.150000 0.243727 -0.284706
v -0.150000 0.243236 -0.285446
v -0.150000 0.242761 -0.286190
v -0.150000 0.242299 -0.286937
v -0.150000 0.241851 -0.287687
v -0.150000 0.241418 -0.288441
v -0.150000 0.240999 -0.289198
v -0.150000 0.240594 -0.289958
v -0.150000 0.240204 -0.290722
v -0.150000 0.239827 -0.291489
v -0.150000 0.239465 -0.292260
v -0.150000 0.239117 -0.293033
v -0.150000 0.238783 -0.293811
v -0.150000 0.238463 -0.294591
v -0.150000 0.238158 -0.295375
v -0.150000 0.237867 -0.296162
v -0.150000 0.237590 -0.296952
v -0.150000 0.237327 -0.297746
v -0.150000 0.237078 -0.298544
v -0.150000 0.236844 -0.299344
v -0.150000 0.236624 -0.300148
v -0.150000 0.236418 -0.300955
v -0.150000 0.236226 -0.301766
v -0.150000 0.236048 -0.302580
v -0.150000 0.235885 -0.303397
v -0.150000 0.235736 -0.304217
v -0.150000 0.235601 -0.305041
v -0.150000 0.235480 -0.305869
v -0.150000 0.235374 -0.306699
v -0.150000 0.235281 -0.307533
v -0.150000 0.235203 -0.308370
v -0.150000 0.235139 -0.309211
v -0.150000 0.235090 -0.310055
v -0.150000 0.235054 -0.310902
v -0.150000 0.235033 -0.311753
v -0.150000 0.235026 -0.312607
v -0.150000 0.235034 -0.314818
v -0.150000 0.235057 -0.316994
v -0.150000 0.235097 -0.319135
v -0.150000 0.235153 -0.321242
v -0.150000 0.235224 -0.323313
v -0.150000 0.235311 -0.325350
v -0.150000 0.235415 -0.327352
v -0.150000 0.235534 -0.329319
v -0.150000 0.235669 -0.331252
v -0.150000 0.235820 -0.333149
v -0.150000 0.235986 -0.335012
v -0.150000 0.236169 -0.336840
v -0.150000 0.236367 -0.338633
v -0.150000 0.236582 -0.340391
v -0.150000 0.236812 -0.342115
v -0.150000 0.237058 -0.343803
v -0.150000 0.237320 -0.345457
v -0.150000 0.237598 -0.347076
v -0.150000 0.237891 -0.348661
v -0.150000 0.238201 -0.350210
v -0.150000 0.238527 -0.351724
v -0.150000 0.238868 -0.353204
v -0.150000 0.239225 -0.354649
v -0.150000 0.239598 -0.356059
v -0.150000 0.239987 -0.357435
v -0.150000 0.240392 -0.358775
v -0.150000 0.240813 -0.360081
v -0.150000 0.241249 -0.361352
v -0.150000 0.241702 -0.362588
v -0.150000 0.242170 -0.363789
v -0.150000 0.242654 -0.364955
v -0.150000 0.243155 -0.366087
v -0.150000 0.243671 -0.367183
v -0.150000 0.244202 -0.368245
v -0.150000 0.244750 -0.369273
v -0.150000 0.245314 -0.370265
v -0.150000 0.245893 -0.371222
v -0.150000 0.246489 -0.372145
v -0.150000 0.247100 -0.373033
v -0.150000 0.247727 -0.373886
v -0.150000 0.248370 -0.374704
v -0.150000 0.249029 -0.375487
v -0.150000 0.249704 -0.376236
v -0.150000 0.250394 -0.376950
v -0.150000 0.251101 -0.377629
v -0.150000 0.251823 -0.378273
v -0.150000 0.252562 -0.378882
v -0.150000 0.253316 -0.379457
v -0.150000 0.254086 -0.379996
v -0.150000 0.254872 -0.380501
v -0.150000 0.255673 -0.380971
v -0.150000 0.256491 -0.381406
v -0.150000 0.257325 -0.381807
v -0.150000 0.258174 -0.382172
v -0.150000 0.259039 -0.382503
v -0.150000 0.259921 -0.382799
v -0.150000 0.260818 -0.383060
v -0.150000 0.261730 -0.383287
v -0.150000 0.262659 -0.383478
v -0.150000 0.263604 -0.383635
v -0.150000 0.264564 -0.383757
v -0.150000 0.265541 -0.383844
v -0.150000 0.266533 -0.383896
v -0.150000 0.267541 -0.383913
v -0.150000 0.267956 -0.383909
v -0.150000 0.268378 -0.383895
v -0.150000 0.268809 -0.383872
v -0.150000 0.269248 -0.383840
v -0.150000 0.269696 -0.383798
v -0.150000 0.270152 -0.383748
v -0.150000 0.270616 -0.383688
v -0.150000 0.271089 -0.383619
v -0.150000 0.271570 -0.383541
v -0.150000 0.272059 -0.383454
v -0.150000 0.272557 -0.383357
v -0.150000 0.273063 -0.383251
v -0.150000 0.273578 -0.383137
v -0.150000 0.274100 -0.383012
v -0.150000 0.274632 -0.382879
v -0.150000 0.275171 -0.382737
v -0.150000 0.275719 -0.382585
v -0.150000 0.276275 -0.382424
v -0.150000 0.276840 -0.382254
v -0.150000 0.277413 -0.382075
v -0.150000 0.277994 -0.381886
v -0.150000 0.278584 -0.381689
v -0.150000 0.279182 -0.381482
v -0.150000 0.279788 -0.381266
v -0.150000 0.280403 -0.381041
v -0.150000 0.281026 -0.380806
v -0.150000 0.281658 -0.380563
v -0.150000 0.282297 -0.380310
v -0.150000 0.282945 -0.380048
v -0.150000 0.283602 -0.379777
v -0.150000 0.284267 -0.379497
v -0.150000 0.284940 -0.379207
v -0.150000 0.285622 -0.378908
v -0.150000 0.286312 -0.378600
v -0.150000 0.287010 -0.378283
v -0.150000 0.287717 -0.377957
v -0.150000 0.288432 -0.377621
v -0.150000 0.289155 -0.377277
v -0.150000 0.289887 -0.376923
v -0.150000 0.290627 -0.376560
v -0.150000 0.291375 -0.376188
v -0.150000 0.292132 -0.375806
v -0.150000 0.292897 -0.375415
v -0.150000 0.293671 -0.375016
v -0.150000 0.294453 -0.374607
v -0.150000 0.295243 -0.374188
v -0.150000 0.296041 -0.373761
v -0.150000 0.296848 -0.373324
v -0.150000 0.297664 -0.372878
v -0.150000 0.298487 -0.372423
v -0.150000 0.299319 -0.371959
v -0.150000 0.300160 -0.371486
v -0.150000 0.301008 -0.371003
v -0.150000 0.301865 -0.370512
v -0.150000 0.302731 -0.370011
v -0.150000 0.303605 -0.369500
v -0.150000 0.304487 -0.368981
v -0.150000 0.305377 -0.368453
v -0.150000 0.306276 -0.367915
v -0.150000 0.307183 -0.367368
v -0.150000 0.308099 -0.366812
v -0.150000 0.309023 -0.366247
v -0.150000 0.309955 -0.365672
v -0.150000 0.310896 -0.365088
v -0.150000 0.314446 -0.362840
v -0.150000 0.318038 -0.360588
v -0.150000 0.321671 -0.358332
v -0.150000 0.325346 -0.356073
v -0.150000 0.329063 -0.353809
v -0.150000 0.332821 -0.351541
v -0.150000 0.336620 -0.349270
v -0.150000 0.340461 -0.346994
v -0.150000 0.344343 -0.344715
v -0.150000 0.348267 -0.342432
v -0.150000 0.352233 -0.340145
v -0.150000 0.356240 -0.337854
v -0.150000 0.360288 -0.335559
v -0.150000 0.364378 -0.333260
v -0.150000 0.368510 -0.330957
v -0.150000 0.372683 -0.328651
v -0.150000 0.376897 -0.326340
v -0.150000 0.381153 -0.324026
v -0.150000 0.385450 -0.321708
v -0.150000 0.389789 -0.319386
v -0.150000 0.394170 -0.317059
v -0.150000 0.398592 -0.314729
v -0.150000 0.403055 -0.312396
v -0.150000 0.407560 -0.310058
v -0.150000 0.412107 -0.307716
v -0.150000 0.416695 -0.305370
v -0.150000 0.421324 -0.303021
v -0.150000 0.425995 -0.300668
v -0.150000 0.430708 -0.298310
v -0.150000 0.435462 -0.295949
v -0.150000 0.440257 -0.293584
v -0.150000 0.445094 -0.291215
v -0.150000 0.449973 -0.288842
v -0.150000 0.454893 -0.286465
v -0.150000 0.459854 -0.284085
v -0.150000 0.464857 -0.281700
v -0.150000 0.469902 -0.279312
v -0.150000 0.474988 -0.276919
v -0.150000 0.480115 -0.274523
v -0.150000 0.485284 -0.272123
v -0.150000 0.490495 -0.269719
v -0.150000 0.495747 -0.267311
v -0.150000 0.501040 -0.264899
v -0.150000 0.506375 -0.262483
v -0.150000 0.511752 -0.260063
v -0.150000 0.517170 -0.257640
v -0.150000 0.522629 -0.255212
v -0.150000 0.528130 -0.252781
v -0.150000 0.533673 -0.250346
v -0.150000 0.539257 -0.247906
v -0.150000 0.544882 -0.245463
v -0.150000 0.550550 -0.243016
v -0.150000 0.556258 -0.240565
v -0.150000 0.562008 -0.238111
v -0.150000 0.567800 -0.235652
v -0.150000 0.573633 -0.233189
v -0.150000 0.579507 -0.230723
v -0.150000 0.585423 -0.228253
v -0.150000 0.591381 -0.225778
v -0.150000 0.597380 -0.223300
v -0.150000 0.603421 -0.220818
v -0.150000 0.609503 -0.218332
v -0.150000 0.615626 -0.215842
v -0.150000 0.621791 -0.213349
v -0.150000 0.621791 -0.406161
v -0.150000 0.621790 -0.407592
v -0.150000 0.621785 -0.409034
v -0.150000 0.621776 -0.410486
v -0.150000 0.621765 -0.411948
v -0.150000 0.621750 -0.413420
v -0.150000 0.621731 -0.414903
v -0.150000 0.621709 -0.416396
v -0.150000 0.621684 -0.417900
v -0.150000 0.621656 -0.419413
v -0.150000 0.621624 -0.420937
v -0.150000 0.621589 -0.422472
v -0.150000 0.621551 -0.424016
v -0.150000 0.621509 -0.425571
v -0.150000 0.621464 -0.427137
v -0.150000 0.621415 -0.428712
v -0.150000 0.621363 -0.430298
v -0.150000 0.621308 -0.431894
v -0.150000 0.621250 -0.433501
v -0.150000 0.621188 -0.435118
v -0.150000 0.621123 -0.436745
v -0.150000 0.621054 -0.438382
v -0.150000 0.620982 -0.440030
v -0.150000 0.620907 -0.441688
v -0.150000 0.620829 -0.443356
v -0.150000 0.620747 -0.445035
v -0.150000 0.620661 -0.446724
v -0.150000 0.620573 -0.448423
v -0.150000 0.620481 -0.450132
v -0.150000 0.620386 -0.451852
v -0.150000 0.620287 -0.453582
v -0.150000 0.620185 -0.455323
v -0.150000 0.620080 -0.457074
v -0.150000 0.619971 -0.458835
v -0.150000 0.619859 -0.460606
v -0.150000 0.619744 -0.462388
v -0.150000 0.619625 -0.464180
v -0.150000 0.619503 -0.465982
v -0.150000 0.619378 -0.467795
v -0.150000 0.619249 -0.469618
v -0.150000 0.619117 -0.471451
v -0.150000 0.618982 -0.473294
v -0.150000 0.618843 -0.475148
v -0.150000 0.618701 -0.477012
v -0.150000 0.618556 -0.478887
v -0.150000 0.618407 -0.480771
v -0.150000 0.618255 -0.482666
v -0.150000 0.618099 -0.484572
v -0.150000 0.617941 -0.486488
v -0.150000 0.617779 -0.488413
v -0.150000 0.617613 -0.490350
v -0.150000 0.617444 -0.492296
v -0.150000 0.617272 -0.494253
v -0.150000 0.617097 -0.496220
v -0.150000 0.616918 -0.498198
v -0.150000 0.616736 -0.500186
v -0.150000 0.616550 -0.502184
v -0.150000 0.616361 -0.504192
v -0.150000 0.616169 -0.506211
v -0.150000 0.615974 -0.508240
v -0.150000 0.615775 -0.510279
v -0.150000 0.615573 -0.512329
v -0.150000 0.615367 -0.514389
v -0.150000 0.615158 -0.516459
v -0.150000 0.614946 -0.518540
v -0.150000 0.657730 -0.531090
v -0.150000 0.657447 -0.529059
v -0.150000 0.657168 -0.527031
v -0.150000 0.656894 -0.525007
v -0.150000 0.656624 -0.522985
v -0.150000 0.656359 -0.520967
v -0.150000 0.656098 -0.518951
v -0.150000 0.655842 -0.516939
v -0.150000 0.655590 -0.514930
v -0.150000 0.655343 -0.512924
v -0.150000 0.655100 -0.510921
v -0.150000 0.654862 -0.508920
v -0.150000 0.654628 -0.506923
v -0.150000 0.654398 -0.504930
v -0.150000 0.654173 -0.502939
v -0.150000 0.653953 -0.500951
v -0.150000 0.653736 -0.498966
v -0.150000 0.653525 -0.496984
v -0.150000 0.653318 -0.495006
v -0.150000 0.653115 -0.493030
v -0.150000 0.652916 -0.491058
v -0.150000 0.652723 -0.489088
v -0.150000 0.652533 -0.487122
v -0.150000 0.652348 -0.485159
v -0.150000 0.652168 -0.483199
v -0.150000 0.651992 -0.481241
v -0.150000 0.651820 -0.479287
v -0.150000 0.651653 -0.477336
v -0.150000 0.651490 -0.475388
v -0.150000 0.651332 -0.473443
v -0.150000 0.651178 -0.471502
v -0.150000 0.651029 -0.469563
v -0.150000 0.650884 -0.467627
v -0.150000 0.650744 -0.465694
v -0.150000 0.650608 -0.463765
v -0.150000 0.650476 -0.461838
v -0.150000 0.650349 -0.459915
v -0.150000 0.650227 -0.457994
v -0.150000 0.650109 -0.456077
v -0.150000 0.649995 -0.454163
v -0.150000 0.649886 -0.452252
v -0.150000 0.649781 -0.450343
v -0.150000 0.649681 -0.448438
v -0.150000 0.649585 -0.446536
v -0.150000 0.649494 -0.444637
v -0.150000 0.649407 -0.442742
v -0.150000 0.649324 -0.440849
v -0.150000 0.649246 -0.438959
v -0.150000 0.649173 -0.437072
v -0.150000 0.649104 -0.435189
v -0.150000 0.649039 -0.433308
v -0.150000 0.648979 -0.431431
v -0.150000 0.648923 -0.429556
v -0.150000 0.648872 -0.427685
v -0.150000 0.648825 -0.425816
v -0.150000 0.648783 -0.423951
v -0.150000 0.648745 -0.422089
v -0.150000 0.648712 -0.420230
v -0.150000 0.648683 -0.418374
v -0.150000 0.648658 -0.416521
v -0.150000 0.648638 -0.414671
v -0.150000 0.648623 -0.412824
v -0.150000 0.648611 -0.410980
v -0.150000 0.648605 -0.409140
v -0.150000 0.648602 -0.407302
v -0.150000 0.648602 -0.203080
v -0.150000 0.650320 -0.202443
v -0.150000 0.652016 -0.201814
v -0.150000 0.653688 -0.201194
v -0.150000 0.655339 -0.200583
v -0.150000 0.656966 -0.199980
v -0.150000 0.658571 -0.199385
v -0.150000 0.660154 -0.198800
v -0.150000 0.661714 -0.198223
v -0.150000 0.663251 -0.197654
v -0.150000 0.664766 -0.197095
v -0.150000 0.666258 -0.196544
v -0.150000 0.667728 -0.196001
v -0.150000 0.669175 -0.195467
v -0.150000 0.670600 -0.194942
v -0.150000 0.672002 -0.194425
v -0.150000 0.673381 -0.193918
v -0.150000 0.674738 -0.193418
v -0.150000 0.676073 -0.192928
v -0.150000 0.677384 -0.192446
v -0.150000 0.678674 -0.191972
v -0.150000 0.679940 -0.191508
v -0.150000 0.681184 -0.191051
v -0.150000 0.682406 -0.190604
v -0.150000 0.683605 -0.190165
v -0.150000 0.684781 -0.189735
v -0.150000 0.685935 -0.189313
v -0.150000 0.687066 -0.188900
v -0.150000 0.688175 -0.188496
v -0.150000 0.689261 -0.188100
v -0.150000 0.690325 -0.187713
v -0.150000 0.691366 -0.187335
v -0.150000 0.692384 -0.186965
v -0.150000 0.693380 -0.186604
v -0.150000 0.694354 -0.186252
v -0.150000 0.695305 -0.185908
v -0.150000 0.696233 -0.185573
v -0.150000 0.697138 -0.185246
v -0.150000 0.698022 -0.184928
v -0.150000 0.698882 -0.184619
v -0.150000 0.699720 -0.184318
v -0.150000 0.700536 -0.184026
v -0.150000 0.701328 -0.183742
v -0.150000 0.702099 -0.183468
v -0.150000 0.702846 -0.183202
v -0.150000 0.703572 -0.182944
v -0.150000 0.704274 -0.182695
v -0.150000 0.704954 -0.182455
v -0.150000 0.705612 -0.182223
v -0.150000 0.706247 -0.182000
v -0.150000 0.706859 -0.181786
v -0.150000 0.707449 -0.181580
v -0.150000 0.708016 -0.181383
v -0.150000 0.708561 -0.181195
v -0.150000 0.709083 -0.181015
v -0.150000 0.709582 -0.180844
v -0.150000 0.710059 -0.180681
v -0.150000 0.710514 -0.180527
v -0.150000 0.710946 -0.180382
v -0.150000 0.711355 -0.180246
v -0.150000 0.711742 -0.180118
v -0.150000 0.712106 -0.179998
v -0.150000 0.712448 -0.179888
v -0.150000 0.712767 -0.179785
v -0.150000 0.713063 -0.179692
v -0.150000 0.718196 -0.177939
v -0.150000 0.723291 -0.176211
v -0.150000 0.728348 -0.174507
v -0.150000 0.733368 -0.172826
v -0.150000 0.738349 -0.171171
v -0.150000 0.743293 -0.169539
v -0.150000 0.748198 -0.167932
v -0.150000 0.753066 -0.166349
v -0.150000 0.757896 -0.164790
v -0.150000 0.762688 -0.163255
v -0.150000 0.767442 -0.161745
v -0.150000 0.772158 -0.160259
v -0.150000 0.776837 -0.158797
v -0.150000 0.781477 -0.157359
v -0.150000 0.786080 -0.155946
v -0.150000 0.790645 -0.154556
v -0.150000 0.795171 -0.153191
v -0.150000 0.799660 -0.151851
v -0.150000 0.804111 -0.150534
v -0.150000 0.808525 -0.149242
v -0.150000 0.812900 -0.147974
v -0.150000 0.817237 -0.146730
v -0.150000 0.821537 -0.145510
v -0.150000 0.825799 -0.144315
v -0.150000 0.830022 -0.143144
v -0.150000 0.834208 -0.141997
v -0.150000 0.838356 -0.140874
v -0.150000 0.842466 -0.139776
v -0.150000 0.846539 -0.138702
v -0.150000 0.850573 -0.137652
v -0.150000 0.854570 -0.136626
v -0.150000 0.858528 -0.135625
v -0.150000 0.862449 -0.134647
v -0.150000 0.866332 -0.133694
v -0.150000 0.870177 -0.132766
v -0.150000 0.873984 -0.131861
v -0.150000 0.877753 -0.130981
v -0.150000 0.881484 -0.130125
v -0.150000 0.885178 -0.129293
v -0.150000 0.888833 -0.128485
v -0.150000 0.892451 -0.127702
v -0.150000 0.896031 -0.126943
v -0.150000 0.899573 -0.126208
v -0.150000 0.903077 -0.125497
v -0.150000 0.906543 -0.124810
v -0.150000 0.909971 -0.124148
v -0.150000 0.913362 -0.123510
v -0.150000 0.916714 -0.122896
v -0.150000 0.920029 -0.122307
v -0.150000 0.923306 -0.121742
v -0.150000 0.926544 -0.121201
v -0.150000 0.929745 -0.120684
v -0.150000 0.932908 -0.120191
v -0.150000 0.936034 -0.119723
v -0.150000 0.939121 -0.119279
v -0.150000 0.942171 -0.118859
v -0.150000 0.945182 -0.118463
v -0.150000 0.948156 -0.118092
v -0.150000 0.951092 -0.117744
v -0.150000 0.953990 -0.117421
v -0.150000 0.956850 -0.117123
v -0.150000 0.959672 -0.116848
v -0.150000 0.962456 -0.116598
v -0.150000 0.965203 -0.116372
v -0.150000 0.964528 -0.113041
v -0.150000 0.963860 -0.109749
v -0.150000 0.963198 -0.106498
v -0.150000 0.962542 -0.103287
v -0.150000 0.961892 -0.100116
v -0.150000 0.961248 -0.096986
v -0.150000 0.960611 -0.093895
v -0.150000 0.959979 -0.090844
v -0.150000 0.959354 -0.087834
v -0.150000 0.958735 -0.084863
v -0.150000 0.958122 -0.081933
v -0.150000 0.957515 -0.079043
v -0.150000 0.956914 -0.076193
v -0.150000 0.956319 -0.073383
v -0.150000 0.955731 -0.070613
v -0.150000 0.955148 -0.067884
v -0.150000 0.954572 -0.065194
v -0.150000 0.954002 -0.062545
v -0.150000 0.953438 -0.059935
v -0.150000 0.952880 -0.057366
v -0.150000 0.952328 -0.054837
v -0.150000 0.951782 -0.052348
v -0.150000 0.951243 -0.049899
v -0.150000 0.950710 -0.047490
v -0.150000 0.950182 -0.045121
v -0.150000 0.949661 -0.042793
v -0.150000 0.949146 -0.040504
v -0.150000 0.948637 -0.038256
v -0.150000 0.948134 -0.036048
v -0.150000 0.947638 -0.033879
v -0.150000 0.947147 -0.031751
v -0.150000 0.946663 -0.029663
v -0.150000 0.946185 -0.027616
v -0.150000 0.945713 -0.025608
v -0.150000 0.945247 -0.023640
v -0.150000 0.944787 -0.021713
v -0.150000 0.944333 -0.019825
v -0.150000 0.943885 -0.017978
v -0.150000 0.943444 -0.016171
v -0.150000 0.943008 -0.014404
v -0.150000 0.942579 -0.012677
v -0.150000 0.942156 -0.010990
v -0.150000 0.941739 -0.009343
v -0.150000 0.941328 -0.007737
v -0.150000 0.940924 -0.006170
v -0.150000 0.940525 -0.004644
v -0.150000 0.940133 -0.003157
v -0.150000 0.939746 -0.001711
v -0.150000 0.939366 -0.000305
v -0.150000 0.938992 0.001061
v -0.150000 0.938624 0.002387
v -0.150000 0.938262 0.003672
v -0.150000 0.937906 0.004918
v -0.150000 0.937557 0.006124
v -0.150000 0.937213 0.007289
v -0.150000 0.936876 0.008414
v -0.150000 0.936545 0.009499
v -0.150000 0.936220 0.010545
v -0.150000 0.935901 0.011550
v -0.150000 0.935588 0.012514
v -0.150000 0.935281 0.013439
v -0.150000 0.934981 0.014324
v -0.150000 0.934687 0.015168
v -0.150000 0.934398 0.015973
v -0.150000 0.934148 0.016592
v -0.150000 0.933895 0.017201
v -0.150000 0.933639 0.017801
v -0.150000 0.933382 0.018390
v -0.150000 0.933123 0.018970
v -0.150000 0.932861 0.019541
v -0.150000 0.932597 0.020101
v -0.150000 0.932330 0.020652
v -0.150000 0.932062 0.021193
v -0.150000 0.931791 0.021724
v -0.150000 0.931518 0.022246
v -0.150000 0.931243 0.022758
v -0.150000 0.930965 0.023260
v -0.150000 0.930686 0.023752
v -0.150000 0.930404 0.024235
v -0.150000 0.930120 0.024708
v -0.150000 0.929833 0.025171
v -0.150000 0.929545 0.025624
v -0.150000 0.929254 0.026068
v -0.150000 0.928961 0.026501
v -0.150000 0.928666 0.026926
v -0.150000 0.928368 0.027340
v -0.150000 0.928069 0.027744
v -0.150000 0.927767 0.028139
v -0.150000 0.927463 0.028524
v -0.150000 0.927156 0.028900
v -0.150000 0.926848 0.029265
v -0.150000 0.926537 0.029621
v -0.150000 0.926224 0.029967
v -0.150000 0.925908 0.030304
v -0.150000 0.925591 0.030630
v -0.150000 0.925271 0.030947
v -0.150000 0.924949 0.031254
v -0.150000 0.924625 0.031551
v -0.150000 0.924298 0.031839
v -0.150000 0.923970 0.032117
v -0.150000 0.923639 0.032385
v -0.150000 0.923306 0.032643
v -0.150000 0.922970 0.032892
v -0.150000 0.922633 0.033131
v -0.150000 0.922293 0.033360
v -0.150000 0.921951 0.033579
v -0.150000 0.921606 0.033789
v -0.150000 0.921260 0.033989
v -0.150000 0.920911 0.034179
v -0.150000 0.920560 0.034359
v -0.150000 0.920207 0.034530
v -0.150000 0.919852 0.034691
v -0.150000 0.919494 0.034842
v -0.150000 0.919134 0.034983
v -0.150000 0.918772 0.035115
v -0.150000 0.918408 0.035236
v -0.150000 0.918041 0.035349
v -0.150000 0.917672 0.035451
v -0.150000 0.917301 0.035544
v -0.150000 0.916928 0.035626
v -0.150000 0.916553 0.035700
v -0.150000 0.916175 0.035763
v -0.150000 0.915795 0.035817
v -0.150000 0.915413 0.035860
v -0.150000 0.915028 0.035895
v -0.150000 0.914642 0.035919
v -0.150000 0.914253 0.035934
v -0.150000 0.913862 0.035938
v -0.150000 0.913310 0.035927
v -0.150000 0.912760 0.035894
v -0.150000 0.912210 0.035839
v -0.150000 0.911663 0.035762
v -0.150000 0.911116 0.035663
v -0.150000 0.910571 0.035542
v -0.150000 0.910028 0.035399
v -0.150000 0.909486 0.035234
v -0.150000 0.908945 0.035047
v -0.150000 0.908405 0.034838
v -0.150000 0.907867 0.034607
v -0.150000 0.907331 0.034354
v -0.150000 0.906796 0.034079
v -0.150000 0.906262 0.033782
v -0.150000 0.905729 0.033463
v -0.150000 0.905198 0.033122
v -0.150000 0.904669 0.032759
v -0.150000 0.904140 0.032374
v -0.150000 0.903614 0.031967
v -0.150000 0.903088 0.031537
v -0.150000 0.902564 0.031086
v -0.150000 0.902041 0.030613
v -0.150000 0.901520 0.030118
v -0.150000 0.901000 0.029601
v -0.150000 0.900482 0.029062
v -0.150000 0.899964 0.028501
v -0.150000 0.899449 0.027918
v -0.150000 0.898934 0.027313
v -0.150000 0.898421 0.026685
v -0.150000 0.897910 0.026036
v -0.150000 0.897400 0.025365
v -0.150000 0.896891 0.024672
v -0.150000 0.896384 0.023957
v -0.150000 0.895878 0.023220
v -0.150000 0.895373 0.022461
v -0.150000 0.894870 0.021679
v -0.150000 0.894368 0.020876
v -0.150000 0.893868 0.020051
v -0.150000 0.893369 0.019204
v -0.150000 0.892871 0.018335
v -0.150000 0.892375 0.017443
v -0.150000 0.891880 0.016530
v -0.150000 0.891387 0.015595
v -0.150000 0.890895 0.014638
v -0.150000 0.890404 0.013659
v -0.150000 0.889915 0.012657
v -0.150000 0.889427 0.011634
v -0.150000 0.888940 0.010589
v -0.150000 0.888455 0.009522
v -0.150000 0.887972 0.008433
v -0.150000 0.887489 0.007321
v -0.150000 0.887008 0.006188
v -0.150000 0.886529 0.005033
v -0.150000 0.886051 0.003856
v -0.150000 0.885574 0.002656
v -0.150000 0.885099 0.001435
v -0.150000 0.884625 0.000192
v -0.150000 0.884152 -0.001073
v -0.150000 0.883681 -0.002361
v -0.150000 0.883211 -0.003670
v -0.150000 0.882743 -0.005001
v -0.150000 0.882276 -0.006355
v -0.150000 0.881810 -0.007730
v -0.150000 0.881346 -0.009127
v -0.150000 0.877201 -0.010409
v -0.150000 0.873071 -0.011689
v -0.150000 0.868958 -0.012966
v -0.150000 0.864861 -0.014241
v -0.150000 0.860780 -0.015513
v -0.150000 0.856716 -0.016783
v -0.150000 0.852667 -0.018050
v -0.150000 0.848635 -0.019315
v -0.150000 0.844618 -0.020577
v -0.150000 0.840618 -0.021837
v -0.150000 0.836634 -0.023094
v -0.150000 0.832666 -0.024349
v -0.150000 0.828715 -0.025601
v -0.150000 0.824779 -0.026851
v -0.150000 0.820860 -0.028098
v -0.150000 0.816957 -0.029343
v -0.150000 0.813070 -0.030585
v -0.150000 0.809199 -0.031824
v -0.150000 0.805344 -0.033061
v -0.150000 0.801505 -0.034296
v -0.150000 0.797683 -0.035528
v -0.150000 0.793877 -0.036758
v -0.150000 0.790087 -0.037985
v -0.150000 0.786313 -0.039210
v -0.150000 0.782555 -0.040432
v -0.150000 0.778813 -0.041651
v -0.150000 0.775088 -0.042868
v -0.150000 0.771379 -0.044083
v -0.150000 0.767685 -0.045295
v -0.150000 0.764008 -0.046505
v -0.150000 0.760347 -0.047712
v -0.150000 0.756703 -0.048916
v -0.150000 0.753074 -0.050118
v -0.150000 0.749462 -0.051318
v -0.150000 0.745866 -0.052515
v -0.150000 0.742285 -0.053709
v -0.150000 0.738722 -0.054901
v -0.150000 0.735174 -0.056091
v -0.150000 0.731642 -0.057278
v -0.150000 0.728127 -0.058462
v -0.150000 0.724627 -0.059644
v -0.150000 0.721144 -0.060824
v -0.150000 0.717677 -0.062001
v -0.150000 0.714226 -0.063175
v -0.150000 0.710792 -0.064347
v -0.150000 0.707373 -0.065517
v -0.150000 0.703971 -0.066684
v -0.150000 0.700585 -0.067848
v -0.150000 0.697215 -0.069010
v -0.150000 0.693861 -0.070169
v -0.150000 0.690523 -0.071326
v -0.150000 0.687201 -0.072481
v -0.150000 0.683896 -0.073633
v -0.150000 0.680607 -0.074782
v -0.150000 0.677334 -0.075929
v -0.150000 0.674077 -0.077073
v -0.150000 0.670836 -0.078215
v -0.150000 0.667611 -0.079354
v -0.150000 0.664403 -0.080491
v -0.150000 0.661210 -0.081626
v -0.150000 0.658034 -0.082758
v -0.150000 0.654874 -0.083887
v -0.150000 0.651730 -0.085014
v -0.150000 0.648602 -0.086138
v -0.150000 0.648602 0.336566
v -0.150000 0.651202 0.338692
v -0.150000 0.653762 0.340792
v -0.150000 0.656280 0.342866
v -0.150000 0.658757 0.344913
v -0.150000 0.661193 0.346935
v -0.150000 0.663588 0.348930
v -0.150000 0.665943 0.350899
v -0.150000 0.668256 0.352842
v -0.150000 0.670529 0.354758
v -0.150000 0.672760 0.356649
v -0.150000 0.674951 0.358513
v -0.150000 0.677100 0.360351
v -0.150000 0.679209 0.362163
v -0.150000 0.681277 0.363949
v -0.150000 0.683304 0.365708
v -0.150000 0.685290 0.367442
v -0.150000 0.687234 0.369149
v -0.150000 0.689138 0.370830
v -0.150000 0.691001 0.372485
v -0.150000 0.692823 0.374113
v -0.150000 0.694605 0.375716
v -0.150000 0.696345 0.377292
v -0.150000 0.698044 0.378842
v -0.150000 0.699702 0.380366
v -0.150000 0.701320 0.381864
v -0.150000 0.702896 0.383335
v -0.150000 0.704432 0.384780
v -0.150000 0.705926 0.386200
v -0.150000 0.707380 0.387593
v -0.150000 0.708792 0.388959
v -0.150000 0.710164 0.390300
v -0.150000 0.711495 0.391614
v -0.150000 0.712784 0.392903
v -0.150000 0.714033 0.394165
v -0.150000 0.715241 0.395401
v -0.150000 0.716408 0.396610
v -0.150000 0.717534 0.397794
v -0.150000 0.718619 0.398951
v -0.150000 0.719663 0.400082
v -0.150000 0.720666 0.401187
v -0.150000 0.721629 0.402266
v -0.150000 0.722550 0.403319
v -0.150000 0.723430 0.404345
v -0.150000 0.724270 0.405345
v -0.150000 0.725068 0.406319
v -0.150000 0.725826 0.407267
v -0.150000 0.726542 0.408189
v -0.150000 0.727218 0.409084
v -0.150000 0.727852 0.409954
v -0.150000 0.728446 0.410797
v -0.150000 0.728999 0.411614
v -0.150000 0.729511 0.412405
v -0.150000 0.729982 0.413169
v -0.150000 0.730412 0.413908
v -0.150000 0.730801 0.414620
v -0.150000 0.731149 0.415306
v -0.150000 0.731456 0.415966
v -0.150000 0.731722 0.416599
v -0.150000 0.731947 0.417207
v -0.150000 0.732131 0.417788
v -0.150000 0.732274 0.418343
v -0.150000 0.732377 0.418872
v -0.150000 0.732438 0.419375
v -0.150000 0.732459 0.419852
v -0.150000 0.732444 0.420258
v -0.150000 0.732402 0.420691
v -0.150000 0.732331 0.421152
v -0.150000 0.732231 0.421641
v -0.150000 0.732104 0.422157
v -0.150000 0.731947 0.422701
v -0.150000 0.731763 0.423273
v -0.150000 0.731550 0.423872
v -0.150000 0.731308 0.424498
v -0.150000 0.731038 0.425152
v -0.150000 0.730740 0.425834
v -0.150000 0.730413 0.426543
v -0.150000 0.730058 0.427280
v -0.150000 0.729674 0.428045
v -0.150000 0.729262 0.428837
v -0.150000 0.728822 0.429656
v -0.150000 0.728353 0.430503
v -0.150000 0.727856 0.431378
v -0.150000 0.727330 0.432281
v -0.150000 0.726776 0.433210
v -0.150000 0.726194 0.434168
v -0.150000 0.725583 0.435153
v -0.150000 0.724944 0.436166
v -0.150000 0.724276 0.437206
v -0.150000 0.723580 0.438274
v -0.150000 0.722856 0.439369
v -0.150000 0.722103 0.440492
v -0.150000 0.721321 0.441642
v -0.150000 0.720512 0.442820
v -0.150000 0.719674 0.444026
v -0.150000 0.718807 0.445259
v -0.150000 0.717912 0.446520
v -0.150000 0.716989 0.447809
v -0.150000 0.716037 0.449125
v -0.150000 0.715057 0.450468
v -0.150000 0.714048 0.451839
v -0.150000 0.713011 0.453238
v -0.150000 0.711946 0.454664
v -0.150000 0.710852 0.456118
v -0.150000 0.709730 0.457599
v -0.150000 0.708579 0.459108
v -0.150000 0.707400 0.460645
v -0.150000 0.706193 0.462209
v -0.150000 0.704957 0.463801
v -0.150000 0.703692 0.465420
v -0.150000 0.702400 0.467067
v -0.150000 0.701079 0.468741
v -0.150000 0.699729 0.470443
v -0.150000 0.698351 0.472173
v -0.150000 0.696945 0.473930
v -0.150000 0.695510 0.475715
v -0.150000 0.694047 0.477527
v -0.150000 0.692555 0.479367
v -0.150000 0.691035 0.481235
v -0.150000 0.689487 0.483130
v -0.150000 0.687910 0.485052
v -0.150000 0.686305 0.487003
v -0.150000 0.684671 0.488980
v -0.150000 0.683009 0.490986
v -0.150000 0.681319 0.493019
v -0.150000 0.679600 0.495079
v -0.150000 0.677853 0.497167
v -0.150000 0.676077 0.499283
v -0.150000 0.674273 0.501426
v -0.150000 0.673333 0.502523
v -0.150000 0.672402 0.503602
v -0.150000 0.671481 0.504664
v -0.150000 0.670569 0.505709
v -0.150000 0.669667 0.506736
v -0.150000 0.668774 0.507747
v -0.150000 0.667891 0.508740
v -0.150000 0.667017 0.509715
v -0.150000 0.666153 0.510674
v -0.150000 0.665298 0.511615
v -0.150000 0.664453 0.512539
v -0.150000 0.663617 0.513446
v -0.150000 0.662790 0.514335
v -0.150000 0.661974 0.515207
v -0.150000 0.661166 0.516062
v -0.150000 0.660368 0.516900
v -0.150000 0.659579 0.517720
v -0.150000 0.658800 0.518523
v -0.150000 0.658031 0.519309
v -0.150000 0.657271 0.520077
v -0.150000 0.656520 0.520828
v -0.150000 0.655779 0.521562
v -0.150000 0.655047 0.522279
v -0.150000 0.654325 0.522978
v -0.150000 0.653612 0.523661
v -0.150000 0.652909 0.524325
v -0.150000 0.652215 0.524973
v -0.150000 0.651530 0.525603
v -0.150000 0.650856 0.526217
v -0.150000 0.650190 0.526812
v -0.150000 0.649534 0.527391
v -0.150000 0.648888 0.527952
v -0.150000 0.648251 0.528496
v -0.150000 0.647623 0.529023
v -0.150000 0.647005 0.529532
v -0.150000 0.646396 0.530024
v -0.150000 0.645797 0.530499
v -0.150000 0.645208 0.530957
v -0.150000 0.644627 0.531397
v -0.150000 0.644057 0.531820
v -0.150000 0.643495 0.532226
v -0.150000 0.642944 0.532615
v -0.150000 0.642401 0.532986
v -0.150000 0.641868 0.533340
v -0.150000 0.641345 0.533677
v -0.150000 0.640831 0.533996
v -0.150000 0.640327 0.534299
v -0.150000 0.639832 0.534584
v -0.150000 0.639346 0.534851
v -0.150000 0.638870 0.535102
v -0.150000 0.638404 0.535335
v -0.150000 0.637947 0.535551
v -0.150000 0.637499 0.535749
v -0.150000 0.637061 0.535931
v -0.150000 0.636632 0.536095
v -0.150000 0.636213 0.536241
v -0.150000 0.635803 0.536371
v -0.150000 0.635403 0.536483
v -0.150000 0.635012 0.536578
v -0.150000 0.634631 0.536656
v -0.150000 0.634259 0.536716
v -0.150000 0.633897 0.536759
v -0.150000 0.633544 0.536785
v -0.150000 0.633200 0.536794
v -0.150000 0.632846 0.536790
v -0.150000 0.632498 0.536779
v -0.150000 0.632156 0.536760
v -0.150000 0.631819 0.536734
v -0.150000 0.631487 0.536700
v -0.150000 0.631161 0.536659
v -0.150000 0.630841 0.536610
v -0.150000 0.630526 0.536553
v -0.150000 0.630217 0.536490
v -0.150000 0.629913 0.536418
v -0.150000 0.629615 0.536339
v -0.150000 0.629323 0.536253
v -0.150000 0.629036 0.536159
v -0.150000 0.628755 0.536057
v -0.150000 0.628479 0.535948
v -0.150000 0.628209 0.535831
v -0.150000 0.627944 0.535707
v -0.150000 0.627685 0.535576
v -0.150000 0.627432 0.535437
v -0.150000 0.627184 0.535290
v -0.150000 0.626941 0.535136
v -0.150000 0.626705 0.534974
v -0.150000 0.626473 0.534805
v -0.150000 0.626248 0.534628
v -0.150000 0.626028 0.534444
v -0.150000 0.625813 0.534252
v -0.150000 0.625604 0.534053
v -0.150000 0.625401 0.533846
v -0.150000 0.625203 0.533632
v -0.150000 0.625011 0.533410
v -0.150000 0.624825 0.533180
v -0.150000 0.624644 0.532944
v -0.150000 0.624468 0.532699
v -0.150000 0.624298 0.532447
v -0.150000 0.624134 0.532188
v -0.150000 0.623975 0.531921
v -0.150000 0.623822 0.531646
v -0.150000 0.623674 0.531364
v -0.150000 0.623532 0.531075
v -0.150000 0.623396 0.530778
v -0.150000 0.623265 0.530473
v -0.150000 0.623139 0.530161
v -0.150000 0.623020 0.529841
v -0.150000 0.622905 0.529514
v -0.150000 0.622797 0.529179
v -0.150000 0.622694 0.528837
v -0.150000 0.622596 0.528488
v -0.150000 0.622504 0.528130
v -0.150000 0.622418 0.527766
v -0.150000 0.622337 0.527393
v -0.150000 0.622262 0.527014
v -0.150000 0.622192 0.526626
v -0.150000 0.622128 0.526231
v -0.150000 0.622070 0.525829
v -0.150000 0.622017 0.525419
v -0.150000 0.621970 0.525002
v -0.150000 0.621928 0.524577
v -0.150000 0.621891 0.524144
v -0.150000 0.621861 0.523704
v -0.150000 0.621836 0.523257
v -0.150000 0.621816 0.522802
v -0.150000 0.621802 0.522339
v -0.150000 0.621794 0.521869
v -0.150000 0.621791 0.521392
v -0.150000 0.337707 -0.221905
v -0.150000 0.336549 -0.217516
v -0.150000 0.335393 -0.213152
v -0.150000 0.334239 -0.208816
v -0.150000 0.333088 -0.204507
v -0.150000 0.331938 -0.200224
v -0.150000 0.330790 -0.195968
v -0.150000 0.329643 -0.191738
v -0.150000 0.328499 -0.187536
v -0.150000 0.327357 -0.183360
v -0.150000 0.326217 -0.179211
v -0.150000 0.325079 -0.175088
v -0.150000 0.323942 -0.170993
v -0.150000 0.322808 -0.166924
v -0.150000 0.321676 -0.162882
v -0.150000 0.320545 -0.158866
v -0.150000 0.319417 -0.154877
v -0.150000 0.318290 -0.150915
v -0.150000 0.317166 -0.146980
v -0.150000 0.316043 -0.143072
v -0.150000 0.314922 -0.139190
v -0.150000 0.313803 -0.135335
v -0.150000 0.312687 -0.131507
v -0.150000 0.311572 -0.127705
v -0.150000 0.310459 -0.123930
v -0.150000 0.309348 -0.120182
v -0.150000 0.308239 -0.116461
v -0.150000 0.307132 -0.112767
v -0.150000 0.306027 -0.109099
v -0.150000 0.304924 -0.105458
v -0.150000 0.303822 -0.101843
v -0.150000 0.302723 -0.098256
v -0.150000 0.301626 -0.094695
v -0.150000 0.300530 -0.091161
v -0.150000 0.299437 -0.087653
v -0.150000 0.298346 -0.084173
v -0.150000 0.297256 -0.080719
v -0.150000 0.296169 -0.077292
v -0.150000 0.295083 -0.073891
v -0.150000 0.293999 -0.070518
v -0.150000 0.292918 -0.067171
v -0.150000 0.291838 -0.063851
v -0.150000 0.290760 -0.060557
v -0.150000 0.289684 -0.057290
v -0.150000 0.288610 -0.054050
v -0.150000 0.287538 -0.050837
v -0.150000 0.286468 -0.047651
v -0.150000 0.285400 -0.044491
v -0.150000 0.284334 -0.041358
v -0.150000 0.283270 -0.038252
v -0.150000 0.282208 -0.035172
v -0.150000 0.281147 -0.032119
v -0.150000 0.280089 -0.029093
v -0.150000 0.279033 -0.026094
v -0.150000 0.277978 -0.023121
v -0.150000 0.276926 -0.020175
v -0.150000 0.275875 -0.017256
v -0.150000 0.274827 -0.014364
v -0.150000 0.273780 -0.011498
v -0.150000 0.272736 -0.008659
v -0.150000 0.271693 -0.005847
v -0.150000 0.270652 -0.003062
v -0.150000 0.269613 -0.000303
v -0.150000 0.268576 0.002429
v -0.150000 0.267541 0.005134
v -0.150000 0.272138 0.008471
v -0.150000 0.276764 0.011779
v -0.150000 0.281420 0.015058
v -0.150000 0.286106 0.018308
v -0.150000 0.290821 0.021529
v -0.150000 0.295566 0.024721
v -0.150000 0.300342 0.027884
v -0.150000 0.305147 0.031018
v -0.150000 0.309981 0.034123
v -0.150000 0.314846 0.037200
v -0.150000 0.319740 0.040247
v -0.150000 0.324664 0.043265
v -0.150000 0.329618 0.046254
v -0.150000 0.334602 0.049215
v -0.150000 0.339616 0.052146
v -0.150000 0.344659 0.055048
v -0.150000 0.349732 0.057922
v -0.150000 0.354835 0.060766
v -0.150000 0.359968 0.063582
v -0.150000 0.365131 0.066368
v -0.150000 0.370323 0.069126
v -0.150000 0.375545 0.071854
v -0.150000 0.380797 0.074554
v -0.150000 0.386079 0.077225
v -0.150000 0.391391 0.079866
v -0.150000 0.396732 0.082479
v -0.150000 0.402104 0.085063
v -0.150000 0.407505 0.087618
v -0.150000 0.412935 0.090143
v -0.150000 0.418396 0.092640
v -0.150000 0.423887 0.095108
v -0.150000 0.429407 0.097547
v -0.150000 0.434957 0.099957
v -0.150000 0.440537 0.102338
v -0.150000 0.446146 0.104690
v -0.150000 0.451786 0.107013
v -0.150000 0.457455 0.109307
v -0.150000 0.463154 0.111572
v -0.150000 0.468883 0.113808
v -0.150000 0.474642 0.116015
v -0.150000 0.480430 0.118194
v -0.150000 0.486248 0.120343
v -0.150000 0.492097 0.122463
v -0.150000 0.497974 0.124554
v -0.150000 0.503882 0.126617
v -0.150000 0.509820 0.128650
v -0.150000 0.515787 0.130654
v -0.150000 0.521784 0.132630
v -0.150000 0.527811 0.134576
v -0.150000 0.533868 0.136494
v -0.150000 0.539954 0.138382
v -0.150000 0.546071 0.140242
v -0.150000 0.552217 0.142072
v -0.150000 0.558393 0.143874
v -0.150000 0.564598 0.145646
v -0.150000 0.570834 0.147390
v -0.150000 0.577099 0.149105
v -0.150000 0.583394 0.150790
v -0.150000 0.589719 0.152447
v -0.150000 0.596074 0.154075
v -0.150000 0.602459 0.155674
v -0.150000 0.608873 0.157244
v -0.150000 0.615317 0.158785
v -0.150000 0.621791 0.160297
v -0.150000 0.621791 -0.096977
v -0.150000 0.617177 -0.098639
v -0.150000 0.612568 -0.100311
v -0.150000 0.607965 -0.101992
v -0.150000 0.603367 -0.103682
v -0.150000 0.598775 -0.105381
v -0.150000 0.594189 -0.107089
v -0.150000 0.589608 -0.108807
v -0.150000 0.585033 -0.110534
v -0.150000 0.580463 -0.112270
v -0.150000 0.575899 -0.114015
v -0.150000 0.571340 -0.115769
v -0.150000 0.566787 -0.117533
v -0.150000 0.562240 -0.119306
v -0.150000 0.557698 -0.121088
v -0.150000 0.553162 -0.122879
v -0.150000 0.548631 -0.124679
v -0.150000 0.544106 -0.126489
v -0.150000 0.539586 -0.128307
v -0.150000 0.535072 -0.130135
v -0.150000 0.530564 -0.131972
v -0.150000 0.526061 -0.133819
v -0.150000 0.521564 -0.135674
v -0.150000 0.517072 -0.137539
v -0.150000 0.512586 -0.139413
v -0.150000 0.508105 -0.141296
v -0.150000 0.503630 -0.143188
v -0.150000 0.499161 -0.145090
v -0.150000 0.494697 -0.147000
v -0.150000 0.490238 -0.148920
v -0.150000 0.485786 -0.150849
v -0.150000 0.481338 -0.152787
v -0.150000 0.476897 -0.154735
v -0.150000 0.472461 -0.156691
v -0.150000 0.468030 -0.158657
v -0.150000 0.463605 -0.160632
v -0.150000 0.459186 -0.162616
v -0.150000 0.454772 -0.164610
v -0.150000 0.450364 -0.166612
v -0.150000 0.445962 -0.168624
v -0.150000 0.441564 -0.170645
v -0.150000 0.437173 -0.172675
v -0.150000 0.432787 -0.174714
v -0.150000 0.428407 -0.176763
v -0.150000 0.424032 -0.178821
v -0.150000 0.419663 -0.180888
v -0.150000 0.415299 -0.182964
v -0.150000 0.410941 -0.185049
v -0.150000 0.406589 -0.187143
v -0.150000 0.402242 -0.189247
v -0.150000 0.397900 -0.191360
v -0.150000 0.393565 -0.193482
v -0.150000 0.389234 -0.195613
v -0.150000 0.384910 -0.197754
v -0.150000 0.380591 -0.199903
v -0.150000 0.376277 -0.202062
v -0.150000 0.371969 -0.204230
v -0.150000 0.367667 -0.206407
v -0.150000 0.363370 -0.208594
v -0.150000 0.359079 -0.210789
v -0.150000 0.354793 -0.212994
v -0.150000 0.350513 -0.215208
v -0.150000 0.346239 -0.217431
v -0.150000 0.341970 -0.219664
v 0.150000 0.621791 0.282944
v 0.150000 0.614237 0.281181
v 0.150000 0.606727 0.279385
v 0.150000 0.599260 0.277558
v 0.150000 0.591838 0.275699
v 0.150000 0.584460 0.273808
v 0.150000 0.577126 0.271885
v 0.150000 0.569835 0.269930
v 0.150000 0.562589 0.267942
v 0.150000 0.555387 0.265923
v 0.150000 0.548229 0.263872
v 0.150000 0.541115 0.261789
v 0.150000 0.534044 0.259673
v 0.150000 0.527018 0.257526
v 0.150000 0.520036 0.255346
v 0.150000 0.513098 0.253135
v 0.150000 0.506204 0.250891
v 0.150000 0.499353 0.248616
v 0.150000 0.492547 0.246308
v 0.150000 0.485785 0.243969
v 0.150000 0.479067 0.241597
v 0.150000 0.472393 0.239193
v 0.150000 0.465763 0.236758
v 0.150000 0.459177 0.234290
v 0.150000 0.452635 0.231790
v 0.150000 0.446137 0.229258
v 0.150000 0.439683 0.226694
v 0.150000 0.433273 0.224099
v 0.150000 0.426906 0.221471
v 0.150000 0.420584 0.218811
v 0.150000 0.414306 0.216119
v 0.150000 0.408072 0.213395
v 0.150000 0.401882 0.210639
v 0.150000 0.395736 0.207851
v 0.150000 0.389634 0.205031
v 0.150000 0.383576 0.202179
v 0.150000 0.377562 0.199294
v 0.150000 0.371593 0.196378
v 0.150000 0.365667 0.193430
v 0.150000 0.359785 0.190450
v 0.150000 0.353947 0.187438
v 0.150000 0.348153 0.184393
v 0.150000 0.342403 0.181317
v 0.150000 0.336697 0.178209
v 0.150000 0.331035 0.175068
v 0.150000 0.325417 0.171896
v 0.150000 0.319843 0.168691
v 0.150000 0.314313 0.165455
v 0.150000 0.308828 0.162186
v 0.150000 0.303386 0.158886
v 0.150000 0.297988 0.155553
v 0.150000 0.292634 0.152188
v 0.150000 0.287324 0.148792
v 0.150000 0.282059 0.145363
v 0.150000 0.276837 0.141902
v 0.150000 0.271659 0.138410
v 0.150000 0.266525 0.134885
v 0.150000 0.261435 0.131328
v 0.150000 0.256390 0.127739
v 0.150000 0.251388 0.124118
v 0.150000 0.246430 0.120465
v 0.150000 0.241516 0.116780
v 0.150000 0.236647 0.113063
v 0.150000 0.231821 0.109314
v 0.150000 0.227039 0.105533
v 0.150000 0.225025 0.110346
v 0.150000 0.223010 0.115121
v 0.150000 0.220995 0.119860
v 0.150000 0.218980 0.124561
v 0.150000 0.216964 0.129225
v 0.150000 0.214948 0.133853
v 0.150000 0.212932 0.138443
v 0.150000 0.210915 0.142996
v 0.150000 0.208898 0.147512
v 0.150000 0.206881 0.151991
v 0.150000 0.204864 0.156433
v 0.150000 0.202846 0.160838
v 0.150000 0.200829 0.165206
v 0.150000 0.198810 0.169537
v 0.150000 0.196792 0.173831
v 0.150000 0.194773 0.178088
v 0.150000 0.192754 0.182307
v 0.150000 0.190735 0.186490
v 0.150000 0.188715 0.190636
v 0.150000 0.186696 0.194744
v 0.150000 0.184675 0.198816
v 0.150000 0.182655 0.202850
v 0.150000 0.180634 0.206848
v 0.150000 0.178613 0.210808
v 0.150000 0.176592 0.214732
v 0.150000 0.174571 0.218618
v 0.150000 0.172549 0.222467
v 0.150000 0.170527 0.226279
v 0.150000 0.168505 0.230055
v 0.150000 0.166482 0.233793
v 0.150000 0.164459 0.237494
v 0.150000 0.162436 0.241158
v 0.150000 0.160412 0.244785
v 0.150000 0.158389 0.248375
v 0.150000 0.156365 0.251928
v 0.150000 0.154340 0.255444
v 0.150000 0.152316 0.258922
v 0.150000 0.150291 0.262364
v 0.150000 0.148266 0.265769
v 0.150000 0.146240 0.269137
v 0.150000 0.144215 0.272467
v 0.150000 0.142189 0.275761
v 0.150000 0.140163 0.279018
v 0.150000 0.138136 0.282237
v 0.150000 0.136109 0.285419
v 0.150000 0.134082 0.288565
v 0.150000 0.132055 0.291673
v 0.150000 0.130027 0.294745
v 0.150000 0.127999 0.297779
v 0.150000 0.125971 0.300776
v 0.150000 0.123943 0.303736
v 0.150000 0.121914 0.306659
v 0.150000 0.119885 0.309545
v 0.150000 0.117856 0.312394
v 0.150000 0.115826 0.315206
v 0.150000 0.113796 0.317981
v 0.150000 0.111766 0.320719
v 0.150000 0.109736 0.323420
v 0.150000 0.107705 0.326084
v 0.150000 0.105674 0.328711
v 0.150000 0.103643 0.331300
v 0.150000 0.101611 0.333853
v 0.150000 0.099579 0.336369
v 0.150000 0.097547 0.338848
v 0.150000 0.095748 0.341041
v 0.150000 0.093953 0.343200
v 0.150000 0.092162 0.345324
v 0.150000 0.090374 0.347413
v 0.150000 0.088590 0.349468
v 0.150000 0.086809 0.351489
v 0.150000 0.085032 0.353475
v 0.150000 0.083259 0.355426
v 0.150000 0.081489 0.357343
v 0.150000 0.079723 0.359226
v 0.150000 0.077961 0.361074
v 0.150000 0.076202 0.362887
v 0.150000 0.074447 0.364666
v 0.150000 0.072695 0.366410
v 0.150000 0.070947 0.368120
v 0.150000 0.069203 0.369795
v 0.150000 0.067462 0.371435
v 0.150000 0.065725 0.373041
v 0.150000 0.063991 0.374613
v 0.150000 0.062262 0.376150
v 0.150000 0.060535 0.377652
v 0.150000 0.058813 0.379120
v 0.150000 0.057094 0.380554
v 0.150000 0.055378 0.381952
v 0.150000 0.053667 0.383317
v 0.150000 0.051958 0.384646
v 0.150000 0.050254 0.385942
v 0.150000 0.048553 0.387202
v 0.150000 0.046856 0.388428
v 0.150000 0.045162 0.389620
v 0.150000 0.043472 0.390777
v 0.150000 0.041786 0.391900
v 0.150000 0.040103 0.392988
v 0.150000 0.038424 0.394041
v 0.150000 0.036748 0.395060
v 0.150000 0.035076 0.396044
v 0.150000 0.033408 0.396994
v 0.150000 0.031743 0.397909
v 0.150000 0.030082 0.398790
v 0.150000 0.028424 0.399636
v 0.150000 0.026771 0.400448
v 0.150000 0.025120 0.401225
v 0.150000 0.023474 0.401968
v 0.150000 0.021831 0.402676
v 0.150000 0.020191 0.403349
v 0.150000 0.018556 0.403988
v 0.150000 0.016924 0.404593
v 0.150000 0.015295 0.405163
v 0.150000 0.013670 0.405698
v 0.150000 0.012049 0.406199
v 0.150000 0.010431 0.406665
v 0.150000 0.008817 0.407097
v 0.150000 0.007207 0.407494
v 0.150000 0.005600 0.407857
v 0.150000 0.003997 0.408185
v 0.150000 0.002398 0.408478
v 0.150000 0.000802 0.408737
v 0.150000 -0.000791 0.408962
v 0.150000 -0.002379 0.409152
v 0.150000 -0.003964 0.409307
v 0.150000 -0.005546 0.409428
v 0.150000 -0.007123 0.409515
v 0.150000 -0.008698 0.409566
v 0.150000 -0.010268 0.409584
v 0.150000 -0.012621 0.409570
v 0.150000 -0.014936 0.409531
v 0.150000 -0.017214 0.409466
v 0.150000 -0.019455 0.409374
v 0.150000 -0.021660 0.409256
v 0.150000 -0.023827 0.409112
v 0.150000 -0.025957 0.408942
v 0.150000 -0.028050 0.408746
v 0.150000 -0.030106 0.408523
v 0.150000 -0.032125 0.408274
v 0.150000 -0.034107 0.408000
v 0.150000 -0.036052 0.407698
v 0.150000 -0.037960 0.407371
v 0.150000 -0.039831 0.407018
v 0.150000 -0.041664 0.406638
v 0.150000 -0.043461 0.406232
v 0.150000 -0.045221 0.405800
v 0.150000 -0.046944 0.405342
v 0.150000 -0.048629 0.404858
v 0.150000 -0.050278 0.404347
v 0.150000 -0.051889 0.403810
v 0.150000 -0.053464 0.403247
v 0.150000 -0.055001 0.402658
v 0.150000 -0.056501 0.402043
v 0.150000 -0.057965 0.401401
v 0.150000 -0.059391 0.400734
v 0.150000 -0.060780 0.400040
v 0.150000 -0.062132 0.399320
v 0.150000 -0.063447 0.398574
v 0.150000 -0.064726 0.397801
v 0.150000 -0.065967 0.397003
v 0.150000 -0.067171 0.396178
v 0.150000 -0.068337 0.395327
v 0.150000 -0.069467 0.394450
v 0.150000 -0.070560 0.393547
v 0.150000 -0.071616 0.392617
v 0.150000 -0.072635 0.391661
v 0.150000 -0.073617 0.390680
v 0.150000 -0.074561 0.389672
v 0.150000 -0.075469 0.388637
v 0.150000 -0.076339 0.387577
v 0.150000 -0.077173 0.386490
v 0.150000 -0.077969 0.385378
v 0.150000 -0.078729 0.384239
v 0.150000 -0.079451 0.383074
v 0.150000 -0.080137 0.381882
v 0.150000 -0.080785 0.380665
v 0.150000 -0.081396 0.379421
v 0.150000 -0.081970 0.378151
v 0.150000 -0.082507 0.376855
v 0.150000 -0.083008 0.375533
v 0.150000 -0.083471 0.374184
v 0.150000 -0.083897 0.372810
v 0.150000 -0.084286 0.371409
v 0.150000 -0.084638 0.369982
v 0.150000 -0.084953 0.368529
v 0.150000 -0.085230 0.367050
v 0.150000 -0.085471 0.365544
v 0.150000 -0.085675 0.364012
v 0.150000 -0.085842 0.362455
v 0.150000 -0.085971 0.360871
v 0.150000 -0.086064 0.359260
v 0.150000 -0.086119 0.357624
v 0.150000 -0.086138 0.355961
v 0.150000 -0.086129 0.355085
v 0.150000 -0.086103 0.354205
v 0.150000 -0.086059 0.353319
v 0.150000 -0.085998 0.352429
v 0.150000 -0.085919 0.351535
v 0.150000 -0.085822 0.350635
v 0.150000 -0.085708 0.349731
v 0.150000 -0.085577 0.348822
v 0.150000 -0.085427 0.347908
v 0.150000 -0.085261 0.346989
v 0.150000 -0.085076 0.346066
v 0.150000 -0.084875 0.345138
v 0.150000 -0.084655 0.344206
v 0.150000 -0.084418 0.343268
v 0.150000 -0.084164 0.342326
v 0.150000 -0.083892 0.341379
v 0.150000 -0.083602 0.340427
v 0.150000 -0.083295 0.339471
v 0.150000 -0.082971 0.338510
v 0.150000 -0.082628 0.337544
v 0.150000 -0.082269 0.336574
v 0.150000 -0.081891 0.335598
v 0.150000 -0.081497 0.334618
v 0.150000 -0.081084 0.333633
v 0.150000 -0.080654 0.332644
v 0.150000 -0.080207 0.331650
v 0.150000 -0.079742 0.330651
v 0.150000 -0.079259 0.329647
v 0.150000 -0.078759 0.328639
v 0.150000 -0.078241 0.327625
v 0.150000 -0.077706 0.326607
v 0.150000 -0.077153 0.325585
v 0.150000 -0.076583 0.324557
v 0.150000 -0.075995 0.323525
v 0.150000 -0.075390 0.322488
v 0.150000 -0.074767 0.321447
v 0.150000 -0.074126 0.320400
v 0.150000 -0.073468 0.319349
v 0.150000 -0.072793 0.318294
v 0.150000 -0.072100 0.317233
v 0.150000 -0.071389 0.316168
v 0.150000 -0.070661 0.315098
v 0.150000 -0.069915 0.314023
v 0.150000 -0.069152 0.312943
v 0.150000 -0.068371 0.311859
v 0.150000 -0.067572 0.310770
v 0.150000 -0.066756 0.309677
v 0.150000 -0.065923 0.308578
v 0.150000 -0.065072 0.307475
v 0.150000 -0.064203 0.306367
v 0.150000 -0.063317 0.305254
v 0.150000 -0.062413 0.304137
v 0.150000 -0.061492 0.303015
v 0.150000 -0.060553 0.301888
v 0.150000 -0.059597 0.300757
v 0.150000 -0.058623 0.299620
v 0.150000 -0.057631 0.298479
v 0.150000 -0.056622 0.297333
v 0.150000 -0.055596 0.296183
v 0.150000 -0.054552 0.295028
v 0.150000 -0.053490 0.293868
v 0.150000 -0.052411 0.292703
v 0.150000 -0.051314 0.291534
v 0.150000 -0.050200 0.290359
v 0.150000 -0.046270 0.286474
v 0.150000 -0.042362 0.282591
v 0.150000 -0.038475 0.278710
v 0.150000 -0.034608 0.274830
v 0.150000 -0.030762 0.270953
v 0.150000 -0.026938 0.267077
v 0.150000 -0.023134 0.263204
v 0.150000 -0.019351 0.259332
v 0.150000 -0.015589 0.255463
v 0.150000 -0.011847 0.251595
v 0.150000 -0.008127 0.247729
v 0.150000 -0.004428 0.243865
v 0.150000 -0.000749 0.240004
v 0.150000 0.002909 0.236144
v 0.150000 0.006545 0.232286
v 0.150000 0.010161 0.228430
v 0.150000 0.013756 0.224576
v 0.150000 0.017330 0.220724
v 0.150000 0.020883 0.216874
v 0.150000 0.024416 0.213025
v 0.150000 0.027927 0.209179
v 0.150000 0.031418 0.205335
v 0.150000 0.034887 0.201493
v 0.150000 0.038336 0.197652
v 0.150000 0.041764 0.193814
v 0.150000 0.045171 0.189977
v 0.150000 0.048557 0.186143
v 0.150000 0.051922 0.182310
v 0.150000 0.055266 0.178480
v 0.150000 0.058590 0.174651
v 0.150000 0.061892 0.170824
v 0.150000 0.065174 0.166999
v 0.150000 0.068435 0.163177
v 0.150000 0.071675 0.159356
v 0.150000 0.074894 0.155537
v 0.150000 0.078092 0.151720
v 0.150000 0.081269 0.147905
v 0.150000 0.084425 0.144092
v 0.150000 0.087560 0.140281
v 0.150000 0.090675 0.136471
v 0.150000 0.093769 0.132664
v 0.150000 0.096841 0.128859
v 0.150000 0.099893 0.125056
v 0.150000 0.102924 0.121254
v 0.150000 0.105934 0.117455
v 0.150000 0.108923 0.113657
v 0.150000 0.111892 0.109862
v 0.150000 0.114839 0.106068
v 0.150000 0.117765 0.102277
v 0.150000 0.120671 0.098487
v 0.150000 0.123556 0.094699
v 0.150000 0.126419 0.090913
v 0.150000 0.129262 0.087129
v 0.150000 0.132084 0.083348
v 0.150000 0.134886 0.079568
v 0.150000 0.137666 0.075790
v 0.150000 0.140425 0.072014
v 0.150000 0.143164 0.068240
v 0.150000 0.145881 0.064467
v 0.150000 0.148578 0.060697
v 0.150000 0.151254 0.056929
v 0.150000 0.153909 0.053163
v 0.150000 0.156543 0.049398
v 0.150000 0.159156 0.045636
v 0.150000 0.152779 0.039124
v 0.150000 0.146484 0.032531
v 0.150000 0.140272 0.025857
v 0.150000 0.134141 0.019101
v 0.150000 0.128092 0.012264
v 0.150000 0.122124 0.005346
v 0.150000 0.116239 -0.001654
v 0.150000 0.110436 -0.008735
v 0.150000 0.104714 -0.015897
v 0.150000 0.099075 -0.023141
v 0.150000 0.093517 -0.030466
v 0.150000 0.088041 -0.037873
v 0.150000 0.082647 -0.045360
v 0.150000 0.077335 -0.052929
v 0.150000 0.072105 -0.060580
v 0.150000 0.066957 -0.068311
v 0.150000 0.061890 -0.076125
v 0.150000 0.056906 -0.084019
v 0.150000 0.052003 -0.091995
v 0.150000 0.047182 -0.100052
v 0.150000 0.042444 -0.108190
v 0.150000 0.037787 -0.116410
v 0.150000 0.033212 -0.124711
v 0.150000 0.028719 -0.133093
v 0.150000 0.024307 -0.141557
v 0.150000 0.019978 -0.150102
v 0.150000 0.015731 -0.158728
v 0.150000 0.011565 -0.167436
v 0.150000 0.007481 -0.176225
v 0.150000 0.003479 -0.185096
v 0.150000 -0.000440 -0.194047
v 0.150000 -0.004278 -0.203080
v 0.150000 -0.008035 -0.212195
v 0.150000 -0.011709 -0.221391
v 0.150000 -0.015301 -0.230668
v 0.150000 -0.018812 -0.240026
v 0.150000 -0.022240 -0.249466
v 0.150000 -0.025587 -0.258987
v 0.150000 -0.028852 -0.268589
v 0.150000 -0.032034 -0.278273
v 0.150000 -0.035135 -0.288038
v 0.150000 -0.038155 -0.297884
v 0.150000 -0.041092 -0.307812
v 0.150000 -0.043947 -0.317821
v 0.150000 -0.046721 -0.327912
v 0.150000 -0.049412 -0.338083
v 0.150000 -0.052022 -0.348336
v 0.150000 -0.054549 -0.358671
v 0.150000 -0.056995 -0.369086
v 0.150000 -0.059359 -0.379584
v 0.150000 -0.061641 -0.390162
v 0.150000 -0.063842 -0.400822
v 0.150000 -0.065960 -0.411563
v 0.150000 -0.067996 -0.422385
v 0.150000 -0.069951 -0.433289
v 0.150000 -0.071823 -0.444274
v 0.150000 -0.073614 -0.455340
v 0.150000 -0.075323 -0.466488
v 0.150000 -0.076950 -0.477717
v 0.150000 -0.078495 -0.489027
v 0.150000 -0.079958 -0.500419
v 0.150000 -0.081340 -0.511892
v 0.150000 -0.082639 -0.523447
v 0.150000 -0.083856 -0.535083
v 0.150000 -0.083853 -0.535277
v 0.150000 -0.083844 -0.535469
v 0.150000 -0.083829 -0.535657
v 0.150000 -0.083807 -0.535843
v 0.150000 -0.083780 -0.536025
v 0.150000 -0.083746 -0.536204
v 0.150000 -0.083706 -0.536380
v 0.150000 -0.083660 -0.536553
v 0.150000 -0.083608 -0.536723
v 0.150000 -0.083550 -0.536891
v 0.150000 -0.083485 -0.537054
v 0.150000 -0.083415 -0.537215
v 0.150000 -0.083338 -0.537373
v 0.150000 -0.083256 -0.537528
v 0.150000 -0.083167 -0.537679
v 0.150000 -0.083072 -0.537828
v 0.150000 -0.082971 -0.537974
v 0.150000 -0.082864 -0.538116
v 0.150000 -0.082750 -0.538256
v 0.150000 -0.082631 -0.538392
v 0.150000 -0.082505 -0.538525
v 0.150000 -0.082373 -0.538655
v 0.150000 -0.082235 -0.538782
v 0.150000 -0.082091 -0.538907
v 0.150000 -0.081941 -0.539028
v 0.150000 -0.081785 -0.539146
v 0.150000 -0.081623 -0.539260
v 0.150000 -0.081454 -0.539372
v 0.150000 -0.081279 -0.539481
v 0.150000 -0.081099 -0.539587
v 0.150000 -0.080912 -0.539689
v 0.150000 -0.080719 -0.539789
v 0.150000 -0.080520 -0.539885
v 0.150000 -0.080314 -0.539979
v 0.150000 -0.080103 -0.540069
v 0.150000 -0.079885 -0.540157
v 0.150000 -0.079662 -0.540241
v 0.150000 -0.079432 -0.540322
v 0.150000 -0.079196 -0.540400
v 0.150000 -0.078954 -0.540475
v 0.150000 -0.078706 -0.540547
v 0.150000 -0.078451 -0.540616
v 0.150000 -0.078191 -0.540682
v 0.150000 -0.077924 -0.540745
v 0.150000 -0.077652 -0.540805
v 0.150000 -0.077373 -0.540861
v 0.150000 -0.077088 -0.540915
v 0.150000 -0.076797 -0.540965
v 0.150000 -0.076500 -0.541013
v 0.150000 -0.076196 -0.541057
v 0.150000 -0.075887 -0.541099
v 0.150000 -0.075571 -0.541137
v 0.150000 -0.075250 -0.541172
v 0.150000 -0.074922 -0.541205
v 0.150000 -0.074588 -0.541234
v 0.150000 -0.074248 -0.541260
v 0.150000 -0.073901 -0.541283
v 0.150000 -0.073549 -0.541303
v 0.150000 -0.073191 -0.541319
v 0.150000 -0.072826 -0.541333
v 0.150000 -0.072455 -0.541344
v 0.150000 -0.072078 -0.541352
v 0.150000 -0.071695 -0.541356
v 0.150000 -0.071306 -0.541358
v 0.150000 -0.071129 -0.541357
v 0.150000 -0.070955 -0.541355
v 0.150000 -0.070783 -0.541351
v 0.150000 -0.070613 -0.541347
v 0.150000 -0.070446 -0.541340
v 0.150000 -0.070282 -0.541333
v 0.150000 -0.070120 -0.541324
v 0.150000 -0.069960 -0.541313
v 0.150000 -0.069803 -0.541301
v 0.150000 -0.069649 -0.541288
v 0.150000 -0.069497 -0.541273
v 0.150000 -0.069348 -0.541257
v 0.150000 -0.069201 -0.541240
v 0.150000 -0.069056 -0.541221
v 0.150000 -0.068914 -0.541201
v 0.150000 -0.068775 -0.541179
v 0.150000 -0.068638 -0.541156
v 0.150000 -0.068504 -0.541132
v 0.150000 -0.068372 -0.541106
v 0.150000 -0.068242 -0.541079
v 0.150000 -0.068116 -0.541051
v 0.150000 -0.067991 -0.541021
v 0.150000 -0.067869 -0.540989
v 0.150000 -0.067750 -0.540957
v 0.150000 -0.067633 -0.540922
v 0.150000 -0.067519 -0.540887
v 0.150000 -0.067407 -0.540850
v 0.150000 -0.067298 -0.540812
v 0.150000 -0.067191 -0.540772
v 0.150000 -0.067086 -0.540731
v 0.150000 -0.066985 -0.540688
v 0.150000 -0.066885 -0.540645
v 0.150000 -0.066789 -0.540599
v 0.150000 -0.066694 -0.540553
v 0.150000 -0.066602 -0.540505
v 0.150000 -0.066513 -0.540455
v 0.150000 -0.066426 -0.540404
v 0.150000 -0.066342 -0.540352
v 0.150000 -0.066260 -0.540299
v 0.150000 -0.066181 -0.540244
v 0.150000 -0.066104 -0.540187
v 0.150000 -0.066030 -0.540129
v 0.150000 -0.065958 -0.540070
v 0.150000 -0.065889 -0.540010
v 0.150000 -0.065823 -0.539948
v 0.150000 -0.065758 -0.539884
v 0.150000 -0.065697 -0.539819
v 0.150000 -0.065637 -0.539753
v 0.150000 -0.065581 -0.539686
v 0.150000 -0.065527 -0.539617
v 0.150000 -0.065475 -0.539546
v 0.150000 -0.065426 -0.539475
v 0.150000 -0.065379 -0.539402
v 0.150000 -0.065335 -0.539327
v 0.150000 -0.065293 -0.539251
v 0.150000 -0.065254 -0.539174
v 0.150000 -0.065218 -0.539095
v 0.150000 -0.065183 -0.539015
v 0.150000 -0.065152 -0.538934
v 0.150000 -0.065123 -0.538851
v 0.150000 -0.065096 -0.538767
v 0.150000 -0.065072 -0.538681
v 0.150000 -0.065050 -0.538594
v 0.150000 -0.065031 -0.538505
v 0.150000 -0.062278 -0.528399
v 0.150000 -0.059473 -0.518365
v 0.150000 -0.056617 -0.508405
v 0.150000 -0.053709 -0.498518
v 0.150000 -0.050750 -0.488705
v 0.150000 -0.047739 -0.478964
v 0.150000 -0.044677 -0.469297
v 0.150000 -0.041563 -0.459703
v 0.150000 -0.038397 -0.450182
v 0.150000 -0.035180 -0.440735
v 0.150000 -0.031912 -0.431361
v 0.150000 -0.028592 -0.422060
v 0.150000 -0.025220 -0.412832
v 0.150000 -0.021797 -0.403678
v 0.150000 -0.018322 -0.394597
v 0.150000 -0.014796 -0.385589
v 0.150000 -0.011218 -0.376654
v 0.150000 -0.007589 -0.367793
v 0.150000 -0.003908 -0.359005
v 0.150000 -0.000176 -0.350290
v 0.150000 0.003608 -0.341649
v 0.150000 0.007443 -0.333080
v 0.150000 0.011330 -0.324585
v 0.150000 0.015269 -0.316163
v 0.150000 0.019258 -0.307815
v 0.150000 0.023300 -0.299540
v 0.150000 0.027393 -0.291338
v 0.150000 0.031538 -0.283209
v 0.150000 0.035734 -0.275153
v 0.150000 0.039981 -0.267171
v 0.150000 0.044280 -0.259262
v 0.150000 0.048631 -0.251426
v 0.150000 0.053033 -0.243664
v 0.150000 0.057487 -0.235974
v 0.150000 0.061992 -0.228358
v 0.150000 0.066549 -0.220816
v 0.150000 0.071157 -0.213346
v 0.150000 0.075817 -0.205950
v 0.150000 0.080528 -0.198627
v 0.150000 0.085291 -0.191377
v 0.150000 0.090106 -0.184201
v 0.150000 0.094972 -0.177098
v 0.150000 0.099889 -0.170068
v 0.150000 0.104858 -0.163111
v 0.150000 0.109879 -0.156227
v 0.150000 0.114951 -0.149417
v 0.150000 0.120075 -0.142680
v 0.150000 0.125250 -0.136017
v 0.150000 0.130476 -0.129426
v 0.150000 0.135755 -0.122909
v 0.150000 0.141084 -0.116465
v 0.150000 0.146466 -0.110095
v 0.150000 0.151898 -0.103797
v 0.150000 0.157383 -0.097573
v 0.150000 0.162919 -0.091422
v 0.150000 0.168506 -0.085345
v 0.150000 0.174145 -0.079340
v 0.150000 0.179835 -0.073409
v 0.150000 0.185577 -0.067551
v 0.150000 0.191371 -0.061767
v 0.150000 0.197216 -0.056055
v 0.150000 0.203112 -0.050417
v 0.150000 0.209061 -0.044852
v 0.150000 0.215060 -0.039361
v 0.150000 0.216909 -0.042568
v 0.150000 0.218749 -0.045770
v 0.150000 0.220579 -0.048967
v 0.150000 0.222400 -0.052161
v 0.150000 0.224211 -0.055349
v 0.150000 0.226013 -0.058534
v 0.150000 0.227806 -0.061713
v 0.150000 0.229589 -0.064889
v 0.150000 0.231362 -0.068060
v 0.150000 0.233126 -0.071226
v 0.150000 0.234881 -0.074388
v 0.150000 0.236626 -0.077546
v 0.150000 0.238361 -0.080699
v 0.150000 0.240087 -0.083847
v 0.150000 0.241804 -0.086992
v 0.150000 0.243511 -0.090131
v 0.150000 0.245209 -0.093266
v 0.150000 0.246897 -0.096397
v 0.150000 0.248576 -0.099524
v 0.150000 0.250245 -0.102645
v 0.150000 0.251905 -0.105763
v 0.150000 0.253555 -0.108876
v 0.150000 0.255196 -0.111984
v 0.150000 0.256828 -0.115088
v 0.150000 0.258450 -0.118188
v 0.150000 0.260062 -0.121283
v 0.150000 0.261665 -0.124374
v 0.150000 0.263259 -0.127460
v 0.150000 0.264843 -0.130542
v 0.150000 0.266417 -0.133619
v 0.150000 0.267982 -0.136692
v 0.150000 0.269538 -0.139760
v 0.150000 0.271084 -0.142824
v 0.150000 0.272621 -0.145884
v 0.150000 0.274148 -0.148939
v 0.150000 0.275666 -0.151989
v 0.150000 0.277174 -0.155036
v 0.150000 0.278673 -0.158077
v 0.150000 0.280162 -0.161114
v 0.150000 0.281642 -0.164147
v 0.150000 0.283113 -0.167175
v 0.150000 0.284574 -0.170199
v 0.150000 0.286025 -0.173219
v 0.150000 0.287467 -0.176234
v 0.150000 0.288900 -0.179244
v 0.150000 0.290323 -0.182250
v 0.150000 0.291736 -0.185252
v 0.150000 0.293140 -0.188249
v 0.150000 0.294535 -0.191241
v 0.150000 0.295920 -0.194230
v 0.150000 0.297296 -0.197213
v 0.150000 0.298662 -0.200193
v 0.150000 0.300019 -0.203167
v 0.150000 0.301366 -0.206138
v 0.150000 0.302704 -0.209104
v 0.150000 0.304032 -0.212065
v 0.150000 0.305351 -0.215022
v 0.150000 0.306661 -0.217975
v 0.150000 0.307961 -0.220923
v 0.150000 0.309251 -0.223866
v 0.150000 0.310532 -0.226805
v 0.150000 0.311804 -0.229740
v 0.150000 0.313066 -0.232670
v 0.150000 0.314318 -0.235596
v 0.150000 0.313674 -0.235954
v 0.150000 0.313026 -0.236315
v 0.150000 0.312373 -0.236679
v 0.150000 0.311716 -0.237047
v 0.150000 0.311054 -0.237417
v 0.150000 0.310388 -0.237790
v 0.150000 0.309717 -0.238167
v 0.150000 0.309042 -0.238546
v 0.150000 0.308362 -0.238929
v 0.150000 0.307678 -0.239315
v 0.150000 0.306989 -0.239703
v 0.150000 0.306296 -0.240095
v 0.150000 0.305599 -0.240490
v 0.150000 0.304897 -0.240888
v 0.150000 0.304191 -0.241289
v 0.150000 0.303480 -0.241693
v 0.150000 0.302764 -0.242100
v 0.150000 0.302045 -0.242510
v 0.150000 0.301320 -0.242923
v 0.150000 0.300592 -0.243340
v 0.150000 0.299859 -0.243759
v 0.150000 0.299121 -0.244181
v 0.150000 0.298379 -0.244607
v 0.150000 0.297633 -0.245035
v 0.150000 0.296882 -0.245467
v 0.150000 0.296126 -0.245902
v 0.150000 0.295366 -0.246339
v 0.150000 0.294602 -0.246780
v 0.150000 0.293833 -0.247224
v 0.150000 0.293060 -0.247671
v 0.150000 0.292282 -0.248121
v 0.150000 0.291500 -0.248574
v 0.150000 0.290714 -0.249030
v 0.150000 0.289923 -0.249489
v 0.150000 0.289127 -0.249951
v 0.150000 0.288327 -0.250417
v 0.150000 0.287523 -0.250885
v 0.150000 0.286714 -0.251357
v 0.150000 0.285901 -0.251831
v 0.150000 0.285083 -0.252309
v 0.150000 0.284260 -0.252789
v 0.150000 0.283434 -0.253273
v 0.150000 0.282603 -0.253760
v 0.150000 0.281767 -0.254249
v 0.150000 0.280927 -0.254742
v 0.150000 0.280082 -0.255238
v 0.150000 0.279233 -0.255737
v 0.150000 0.278380 -0.256239
v 0.150000 0.277522 -0.256744
v 0.150000 0.276660 -0.257253
v 0.150000 0.275793 -0.257764
v 0.150000 0.274922 -0.258278
v 0.150000 0.274046 -0.258796
v 0.150000 0.273166 -0.259316
v 0.150000 0.272281 -0.259840
v 0.150000 0.271392 -0.260366
v 0.150000 0.270498 -0.260896
v 0.150000 0.269600 -0.261429
v 0.150000 0.268698 -0.261964
v 0.150000 0.267791 -0.262503
v 0.150000 0.266880 -0.263045
v 0.150000 0.265964 -0.263590
v 0.150000 0.265043 -0.264138
v 0.150000 0.264119 -0.264689
v 0.150000 0.263217 -0.265333
v 0.150000 0.262329 -0.265979
v 0.150000 0.261455 -0.266629
v 0.150000 0.260596 -0.267283
v 0.150000 0.259750 -0.267940
v 0.150000 0.258919 -0.268600
v 0.150000 0.258103 -0.269263
v 0.150000 0.257300 -0.269930
v 0.150000 0.256512 -0.270600
v 0.150000 0.255737 -0.271274
v 0.150000 0.254977 -0.271951
v 0.150000 0.254232 -0.272631
v 0.150000 0.253500 -0.273314
v 0.150000 0.252783 -0.274001
v 0.150000 0.252079 -0.274692
v 0.150000 0.251390 -0.275385
v 0.150000 0.250716 -0.276082
v 0.150000 0.250055 -0.276782
v 0.150000 0.249409 -0.277486
v 0.150000 0.248777 -0.278193
v 0.150000 0.248159 -0.278903
v 0.150000 0.247555 -0.279617
v 0.150000 0.246965 -0.280334
v 0.150000 0.246390 -0.281054
v 0.150000 0.245829 -0.281778
v 0.150000 0.245282 -0.282505
v 0.150000 0.244749 -0.283235
v 0.150000 0.244231 -0.283969
v 0.150000 0.243727 -0.284706
v 0.150000 0.243236 -0.285446
v 0.150000 0.242761 -0.286190
v 0.150000 0.242299 -0.286937
v 0.150000 0.241851 -0.287687
v 0.150000 0.241418 -0.288441
v 0.150000 0.240999 -0.289198
v 0.150000 0.240594 -0.289958
v 0.150000 0.240204 -0.290722
v 0.150000 0.239827 -0.291489
v 0.150000 0.239465 -0.292260
v 0.150000 0.239117 -0.293033
v 0.150000 0.238783 -0.293811
v 0.150000 0.238463 -0.294591
v 0.150000 0.238158 -0.295375
v 0.150000 0.237867 -0.296162
v 0.150000 0.237590 -0.296952
v 0.150000 0.237327 -0.297746
v 0.150000 0.237078 -0.298544
v 0.150000 0.236844 -0.299344
v 0.150000 0.236624 -0.300148
v 0.150000 0.236418 -0.300955
v 0.150000 0.236226 -0.301766
v 0.150000 0.236048 -0.302580
v 0.150000 0.235885 -0.303397
v 0.150000 0.235736 -0.304217
v 0.150000 0.235601 -0.305041
v 0.150000 0.235480 -0.305869
v 0.150000 0.235374 -0.306699
v 0.150000 0.235281 -0.307533
v 0.150000 0.235203 -0.308370
v 0.150000 0.235139 -0.309211
v 0.150000 0.235090 -0.310055
v 0.150000 0.235054 -0.310902
v 0.150000 0.235033 -0.311753
v 0.150000 0.235026 -0.312607
v 0.150000 0.235034 -0.314818
v 0.150000 0.235057 -0.316994
v 0.150000 0.235097 -0.319135
v 0.150000 0.235153 -0.321242
v 0.150000 0.235224 -0.323313
v 0.150000 0.235311 -0.325350
v 0.150000 0.235415 -0.327352
v 0.150000 0.235534 -0.329319
v 0.150000 0.235669 -0.331252
v 0.150000 0.235820 -0.333149
v 0.150000 0.235986 -0.335012
v 0.150000 0.236169 -0.336840
v 0.150000 0.236367 -0.338633
v 0.150000 0.236582 -0.340391
v 0.150000 0.236812 -0.342115
v 0.150000 0.237058 -0.343803
v 0.150000 0.237320 -0.345457
v 0.150000 0.237598 -0.347076
v 0.150000 0.237891 -0.348661
v 0.150000 0.238201 -0.350210
v 0.150000 0.238527 -0.351724
v 0.150000 0.238868 -0.353204
v 0.150000 0.239225 -0.354649
v 0.150000 0.239598 -0.356059
v 0.150000 0.239987 -0.357435
v 0.150000 0.240392 -0.358775
v 0.150000 0.240813 -0.360081
v 0.150000 0.241249 -0.361352
v 0.150000 0.241702 -0.362588
v 0.150000 0.242170 -0.363789
v 0.150000 0.242654 -0.364955
v 0.150000 0.243155 -0.366087
v 0.150000 0.243671 -0.367183
v 0.150000 0.244202 -0.368245
v 0.150000 0.244750 -0.369273
v 0.150000 0.245314 -0.370265
v 0.150000 0.245893 -0.371222
v 0.150000 0.246489 -0.372145
v 0.150000 0.247100 -0.373033
v 0.150000 0.247727 -0.373886
v 0.150000 0.248370 -0.374704
v 0.150000 0.249029 -0.375487
v 0.150000 0.249704 -0.376236
v 0.150000 0.250394 -0.376950
v 0.150000 0.251101 -0.377629
v 0.150000 0.251823 -0.378273
v 0.150000 0.252562 -0.378882
v 0.150000 0.253316 -0.379457
v 0.150000 0.254086 -0.379996
v 0.150000 0.254872 -0.380501
v 0.150000 0.255673 -0.380971
v 0.150000 0.256491 -0.381406
v 0.150000 0.257325 -0.381807
v 0.150000 0.258174 -0.382172
v 0.150000 0.259039 -0.382503
v 0.150000 0.259921 -0.382799
v 0.150000 0.260818 -0.383060
v 0.150000 0.261730 -0.383287
v 0.150000 0.262659 -0.383478
v 0.150000 0.263604 -0.383635
v 0.150000 0.264564 -0.383757
v 0.150000 0.265541 -0.383844
v 0.150000 0.266533 -0.383896
v 0.150000 0.267541 -0.383913
v 0.150000 0.267956 -0.383909
v 0.150000 0.268378 -0.383895
v 0.150000 0.268809 -0.383872
v 0.150000 0.269248 -0.383840
v 0.150000 0.269696 -0.383798
v 0.150000 0.270152 -0.383748
v 0.150000 0.270616 -0.383688
v 0.150000 0.271089 -0.383619
v 0.150000 0.271570 -0.383541
v 0.150000 0.272059 -0.383454
v 0.150000 0.272557 -0.383357
v 0.150000 0.273063 -0.383251
v 0.150000 0.273578 -0.383137
v 0.150000 0.274100 -0.383012
v 0.150000 0.274632 -0.382879
v 0.150000 0.275171 -0.382737
v 0.150000 0.275719 -0.382585
v 0.150000 0.276275 -0.382424
v 0.150000 0.276840 -0.382254
v 0.150000 0.277413 -0.382075
v 0.150000 0.277994 -0.381886
v 0.150000 0.278584 -0.381689
v 0.150000 0.279182 -0.381482
v 0.150000 0.279788 -0.381266
v 0.150000 0.280403 -0.381041
v 0.150000 0.281026 -0.380806
v 0.150000 0.281658 -0.380563
v 0.150000 0.282297 -0.380310
v 0.150000 0.282945 -0.380048
v 0.150000 0.283602 -0.379777
v 0.150000 0.284267 -0.379497
v 0.150000 0.284940 -0.379207
v 0.150000 0.285622 -0.378908
v 0.150000 0.286312 -0.378600
v 0.150000 0.287010 -0.378283
v 0.150000 0.287717 -0.377957
v 0.150000 0.288432 -0.377621
v 0.150000 0.289155 -0.377277
v 0.150000 0.289887 -0.376923
v 0.150000 0.290627 -0.376560
v 0.150000 0.291375 -0.376188
v 0.150000 0.292132 -0.375806
v 0.150000 0.292897 -0.375415
v 0.150000 0.293671 -0.375016
v 0.150000 0.294453 -0.374607
v 0.150000 0.295243 -0.374188
v 0.150000 0.296041 -0.373761
v 0.150000 0.296848 -0.373324
v 0.150000 0.297664 -0.372878
v 0.150000 0.298487 -0.372423
v 0.150000 0.299319 -0.371959
v 0.150000 0.300160 -0.371486
v 0.150000 0.301008 -0.371003
v 0.150000 0.301865 -0.370512
v 0.150000 0.302731 -0.370011
v 0.150000 0.303605 -0.369500
v 0.150000 0.304487 -0.368981
v 0.150000 0.305377 -0.368453
v 0.150000 0.306276 -0.367915
v 0.150000 0.307183 -0.367368
v 0.150000 0.308099 -0.366812
v 0.150000 0.309023 -0.366247
v 0.150000 0.309955 -0.365672
v 0.150000 0.310896 -0.365088
v 0.150000 0.314446 -0.362840
v 0.150000 0.318038 -0.360588
v 0.150000 0.321671 -0.358332
v 0.150000 0.325346 -0.356073
v 0.150000 0.329063 -0.353809
v 0.150000 0.332821 -0.351541
v 0.150000 0.336620 -0.349270
v 0.150000 0.340461 -0.346994
v 0.150000 0.344343 -0.344715
v 0.150000 0.348267 -0.342432
v 0.150000 0.352233 -0.340145
v 0.150000 0.356240 -0.337854
v 0.150000 0.360288 -0.335559
v 0.150000 0.364378 -0.333260
v 0.150000 0.368510 -0.330957
v 0.150000 0.372683 -0.328651
v 0.150000 0.376897 -0.326340
v 0.150000 0.381153 -0.324026
v 0.150000 0.385450 -0.321708
v 0.150000 0.389789 -0.319386
v 0.150000 0.394170 -0.317059
v 0.150000 0.398592 -0.314729
v 0.150000 0.403055 -0.312396
v 0.150000 0.407560 -0.310058
v 0.150000 0.412107 -0.307716
v 0.150000 0.416695 -0.305370
v 0.150000 0.421324 -0.303021
v 0.150000 0.425995 -0.300668
v 0.150000 0.430708 -0.298310
v 0.150000 0.435462 -0.295949
v 0.150000 0.440257 -0.293584
v 0.150000 0.445094 -0.291215
v 0.150000 0.449973 -0.288842
v 0.150000 0.454893 -0.286465
v 0.150000 0.459854 -0.284085
v 0.150000 0.464857 -0.281700
v 0.150000 0.469902 -0.279312
v 0.150000 0.474988 -0.276919
v 0.150000 0.480115 -0.274523
v 0.150000 0.485284 -0.272123
v 0.150000 0.490495 -0.269719
v 0.150000 0.495747 -0.267311
v 0.150000 0.501040 -0.264899
v 0.150000 0.506375 -0.262483
v 0.150000 0.511752 -0.260063
v 0.150000 0.517170 -0.257640
v 0.150000 0.522629 -0.255212
v 0.150000 0.528130 -0.252781
v 0.150000 0.533673 -0.250346
v 0.150000 0.539257 -0.247906
v 0.150000 0.544882 -0.245463
v 0.150000 0.550550 -0.243016
v 0.150000 0.556258 -0.240565
v 0.150000 0.562008 -0.238111
v 0.150000 0.567800 -0.235652
v 0.150000 0.573633 -0.233189
v 0.150000 0.579507 -0.230723
v 0.150000 0.585423 -0.228253
v 0.150000 0.591381 -0.225778
v 0.150000 0.597380 -0.223300
v 0.150000 0.603421 -0.220818
v 0.150000 0.609503 -0.218332
v 0.150000 0.615626 -0.215842
v 0.150000 0.621791 -0.213349
v 0.150000 0.621791 -0.406161
v 0.150000 0.621790 -0.407592
v 0.150000 0.621785 -0.409034
v 0.150000 0.621776 -0.410486
v 0.150000 0.621765 -0.411948
v 0.150000 0.621750 -0.413420
v 0.150000 0.621731 -0.414903
v 0.150000 0.621709 -0.416396
v 0.150000 0.621684 -0.417900
v 0.150000 0.621656 -0.419413
v 0.150000 0.621624 -0.420937
v 0.150000 0.621589 -0.422472
v 0.150000 0.621551 -0.424016
v 0.150000 0.621509 -0.425571
v 0.150000 0.621464 -0.427137
v 0.150000 0.621415 -0.428712
v 0.150000 0.621363 -0.430298
v 0.150000 0.621308 -0.431894
v 0.150000 0.621250 -0.433501
v 0.150000 0.621188 -0.435118
v 0.150000 0.621123 -0.436745
v 0.150000 0.621054 -0.438382
v 0.150000 0.620982 -0.440030
v 0.150000 0.620907 -0.441688
v 0.150000 0.620829 -0.443356
v 0.150000 0.620747 -0.445035
v 0.150000 0.620661 -0.446724
v 0.150000 0.620573 -0.448423
v 0.150000 0.620481 -0.450132
v 0.150000 0.620386 -0.451852
v 0.150000 0.620287 -0.453582
v 0.150000 0.620185 -0.455323
v 0.150000 0.620080 -0.457074
v 0.150000 0.619971 -0.458835
v 0.150000 0.619859 -0.460606
v 0.150000 0.619744 -0.462388
v 0.150000 0.619625 -0.464180
v 0.150000 0.619503 -0.465982
v 0.150000 0.619378 -0.467795
v 0.150000 0.619249 -0.469618
v 0.150000 0.619117 -0.471451
v 0.150000 0.618982 -0.473294
v 0.150000 0.618843 -0.475148
v 0.150000 0.618701 -0.477012
v 0.150000 0.618556 -0.478887
v 0.150000 0.618407 -0.480771
v 0.150000 0.618255 -0.482666
v 0.150000 0.618099 -0.484572
v 0.150000 0.617941 -0.486488
v 0.150000 0.617779 -0.488413
v 0.150000 0.617613 -0.490350
v 0.150000 0.617444 -0.492296
v 0.150000 0.617272 -0.494253
v 0.150000 0.617097 -0.496220
v 0.150000 0.616918 -0.498198
v 0.150000 0.616736 -0.500186
v 0.150000 0.616550 -0.502184
v 0.150000 0.616361 -0.504192
v 0.150000 0.616169 -0.506211
v 0.150000 0.615974 -0.508240
v 0.150000 0.615775 -0.510279
v 0.150000 0.615573 -0.512329
v 0.150000 0.615367 -0.514389
v 0.150000 0.615158 -0.516459
v 0.150000 0.614946 -0.518540
v 0.150000 0.657730 -0.531090
v 0.150000 0.657447 -0.529059
v 0.150000 0.657168 -0.527031
v 0.150000 0.656894 -0.525007
v 0.150000 0.656624 -0.522985
v 0.150000 0.656359 -0.520967
v 0.150000 0.656098 -0.518951
v 0.150000 0.655842 -0.516939
v 0.150000 0.655590 -0.514930
v 0.150000 0.655343 -0.512924
v 0.150000 0.655100 -0.510921
v 0.150000 0.654862 -0.508920
v 0.150000 0.654628 -0.506923
v 0.150000 0.654398 -0.504930
v 0.150000 0.654173 -0.502939
v 0.150000 0.653953 -0.500951
v 0.150000 0.653736 -0.498966
v 0.150000 0.653525 -0.496984
v 0.150000 0.653318 -0.495006
v 0.150000 0.653115 -0.493030
v 0.150000 0.652916 -0.491058
v 0.150000 0.652723 -0.489088
v 0.150000 0.652533 -0.487122
v 0.150000 0.652348 -0.485159
v 0.150000 0.652168 -0.483199
v 0.150000 0.651992 -0.481241
v 0.150000 0.651820 -0.479287
v 0.150000 0.651653 -0.477336
v 0.150000 0.651490 -0.475388
v 0.150000 0.651332 -0.473443
v 0.150000 0.651178 -0.471502
v 0.150000 0.651029 -0.469563
v 0.150000 0.650884 -0.467627
v 0.150000 0.650744 -0.465694
v 0.150000 0.650608 -0.463765
v 0.150000 0.650476 -0.461838
v 0.150000 0.650349 -0.459915
v 0.150000 0.650227 -0.457994
v 0.150000 0.650109 -0.456077
v 0.150000 0.649995 -0.454163
v 0.150000 0.649886 -0.452252
v 0.150000 0.649781 -0.450343
v 0.150000 0.649681 -0.448438
v 0.150000 0.649585 -0.446536
v 0.150000 0.649494 -0.444637
v 0.150000 0.649407 -0.442742
v 0.150000 0.649324 -0.440849
v 0.150000 0.649246 -0.438959
v 0.150000 0.649173 -0.437072
v 0.150000 0.649104 -0.435189
v 0.150000 0.649039 -0.433308
v 0.150000 0.648979 -0.431431
v 0.150000 0.648923 -0.429556
v 0.150000 0.648872 -0.427685
v 0.150000 0.648825 -0.425816
v 0.150000 0.648783 -0.423951
v 0.150000 0.648745 -0.422089
v 0.150000 0.648712 -0.420230
v 0.150000 0.648683 -0.418374
v 0.150000 0.648658 -0.416521
v 0.150000 0.648638 -0.414671
v 0.150000 0.648623 -0.412824
v 0.150000 0.648611 -0.410980
v 0.150000 0.648605 -0.409140
v 0.150000 0.648602 -0.407302
v 0.150000 0.648602 -0.203080
v 0.150000 0.650320 -0.202443
v 0.150000 0.652016 -0.201814
v 0.150000 0.653688 -0.201194
v 0.150000 0.655339 -0.200583
v 0.150000 0.656966 -0.199980
v 0.150000 0.658571 -0.199385
v 0.150000 0.660154 -0.198800
v 0.150000 0.661714 -0.198223
v 0.150000 0.663251 -0.197654
v 0.150000 0.664766 -0.197095
v 0.150000 0.666258 -0.196544
v 0.150000 0.667728 -0.196001
v 0.150000 0.669175 -0.195467
v 0.150000 0.670600 -0.194942
v 0.150000 0.672002 -0.194425
v 0.150000 0.673381 -0.193918
v 0.150000 0.674738 -0.193418
v 0.150000 0.676073 -0.192928
v 0.150000 0.677384 -0.192446
v 0.150000 0.678674 -0.191972
v 0.150000 0.679940 -0.191508
v 0.150000 0.681184 -0.191051
v 0.150000 0.682406 -0.190604
v 0.150000 0.683605 -0.190165
v 0.150000 0.684781 -0.189735
v 0.150000 0.685935 -0.189313
v 0.150000 0.687066 -0.188900
v 0.150000 0.688175 -0.188496
v 0.150000 0.689261 -0.188100
v 0.150000 0.690325 -0.187713
v 0.150000 0.691366 -0.187335
v 0.150000 0.692384 -0.186965
v 0.150000 0.693380 -0.186604
v 0.150000 0.694354 -0.186252
v 0.150000 0.695305 -0.185908
v 0.150000 0.696233 -0.185573
v 0.150000 0.697138 -0.185246
v 0.150000 0.698022 -0.184928
v 0.150000 0.698882 -0.184619
v 0.150000 0.699720 -0.184318
v 0.150000 0.700536 -0.184026
v 0.150000 0.701328 -0.183742
v 0.150000 0.702099 -0.183468
v 0.150000 0.702846 -0.183202
v 0.150000 0.703572 -0.182944
v 0.150000 0.704274 -0.182695
v 0.150000 0.704954 -0.182455
v 0.150000 0.705612 -0.182223
v 0.150000 0.706247 -0.182000
v 0.150000 0.706859 -0.181786
v 0.150000 0.707449 -0.181580
v 0.150000 0.708016 -0.181383
v 0.150000 0.708561 -0.181195
v 0.150000 0.709083 -0.181015
v 0.150000 0.709582 -0.180844
v 0.150000 0.710059 -0.180681
v 0.150000 0.710514 -0.180527
v 0.150000 0.710946 -0.180382
v 0.150000 0.711355 -0.180246
v 0.150000 0.711742 -0.180118
v 0.150000 0.712106 -0.179998
v 0.150000 0.712448 -0.179888
v 0.150000 0.712767 -0.179785
v 0.150000 0.713063 -0.179692
v 0.150000 0.718196 -0.177939
v 0.150000 0.723291 -0.176211
v 0.150000 0.728348 -0.174507
v 0.150000 0.733368 -0.172826
v 0.150000 0.738349 -0.171171
v 0.150000 0.743293 -0.169539
v 0.150000 0.748198 -0.167932
v 0.150000 0.753066 -0.166349
v 0.150000 0.757896 -0.164790
v 0.150000 0.762688 -0.163255
v 0.150000 0.767442 -0.161745
v 0.150000 0.772158 -0.160259
v 0.150000 0.776837 -0.158797
v 0.150000 0.781477 -0.157359
v 0.150000 0.786080 -0.155946
v 0.150000 0.790645 -0.154556
v 0.150000 0.795171 -0.153191
v 0.150000 0.799660 -0.151851
v 0.150000 0.804111 -0.150534
v 0.150000 0.808525 -0.149242
v 0.150000 0.812900 -0.147974
v 0.150000 0.817237 -0.146730
v 0.150000 0.821537 -0.145510
v 0.150000 0.825799 -0.144315
v 0.150000 0.830022 -0.143144
v 0.150000 0.834208 -0.141997
v 0.150000 0.838356 -0.140874
v 0.150000 0.842466 -0.139776
v 0.150000 0.846539 -0.138702
v 0.150000 0.850573 -0.137652
v 0.150000 0.854570 -0.136626
v 0.150000 0.858528 -0.135625
v 0.150000 0.862449 -0.134647
v 0.150000 0.866332 -0.133694
v 0.150000 0.870177 -0.132766
v 0.150000 0.873984 -0.131861
v 0.150000 0.877753 -0.130981
v 0.150000 0.881484 -0.130125
v 0.150000 0.885178 -0.129293
v 0.150000 0.888833 -0.128485
v 0.150000 0.892451 -0.127702
v 0.150000 0.896031 -0.126943
v 0.150000 0.899573 -0.126208
v 0.150000 0.903077 -0.125497
v 0.150000 0.906543 -0.124811
v 0.150000 0.909971 -0.124148
v 0.150000 0.913362 -0.123510
v 0.150000 0.916714 -0.122897
v 0.150000 0.920029 -0.122307
v 0.150000 0.923306 -0.121742
v 0.150000 0.926544 -0.121201
v 0.150000 0.929745 -0.120684
v 0.150000 0.932908 -0.120191
v 0.150000 0.936034 -0.119723
v 0.150000 0.939121 -0.119279
v 0.150000 0.942171 -0.118859
v 0.150000 0.945182 -0.118463
v 0.150000 0.948156 -0.118092
v 0.150000 0.951092 -0.117744
v 0.150000 0.953990 -0.117422
v 0.150000 0.956850 -0.117123
v 0.150000 0.959672 -0.116848
v 0.150000 0.962456 -0.116598
v 0.150000 0.965203 -0.116372
v 0.150000 0.964528 -0.113041
v 0.150000 0.963860 -0.109749
v 0.150000 0.963198 -0.106498
v 0.150000 0.962542 -0.103287
v 0.150000 0.961892 -0.100116
v 0.150000 0.961248 -0.096986
v 0.150000 0.960611 -0.093895
v 0.150000 0.959979 -0.090844
v 0.150000 0.959354 -0.087834
v 0.150000 0.958735 -0.084863
v 0.150000 0.958122 -0.081933
v 0.150000 0.957515 -0.079043
v 0.150000 0.956914 -0.076193
v 0.150000 0.956319 -0.073383
v 0.150000 0.955731 -0.070613
v 0.150000 0.955148 -0.067884
v 0.150000 0.954572 -0.065194
v 0.150000 0.954002 -0.062545
v 0.150000 0.953438 -0.059935
v 0.150000 0.952880 -0.057366
v 0.150000 0.952328 -0.054837
v 0.150000 0.951782 -0.052348
v 0.150000 0.951243 -0.049899
v 0.150000 0.950710 -0.047490
v 0.150000 0.950182 -0.045121
v 0.150000 0.949661 -0.042793
v 0.150000 0.949146 -0.040504
v 0.150000 0.948637 -0.038256
v 0.150000 0.948134 -0.036048
v 0.150000 0.947638 -0.033879
v 0.150000 0.947147 -0.031751
v 0.150000 0.946663 -0.029663
v 0.150000 0.946185 -0.027616
v 0.150000 0.945713 -0.025608
v 0.150000 0.945247 -0.023640
v 0.150000 0.944787 -0.021713
v 0.150000 0.944333 -0.019825
v 0.150000 0.943885 -0.017978
v 0.150000 0.943444 -0.016171
v 0.150000 0.943008 -0.014404
v 0.150000 0.942579 -0.012677
v 0.150000 0.942156 -0.010990
v 0.150000 0.941739 -0.009343
v 0.150000 0.941328 -0.007737
v 0.150000 0.940924 -0.006170
v 0.150000 0.940525 -0.004644
v 0.150000 0.940133 -0.003157
v 0.150000 0.939746 -0.001711
v 0.150000 0.939366 -0.000305
v 0.150000 0.938992 0.001061
v 0.150000 0.938624 0.002387
v 0.150000 0.938262 0.003672
v 0.150000 0.937906 0.004918
v 0.150000 0.937557 0.006124
v 0.150000 0.937213 0.007289
v 0.150000 0.936876 0.008414
v 0.150000 0.936545 0.009499
v 0.150000 0.936220 0.010545
v 0.150000 0.935901 0.011549
v 0.150000 0.935588 0.012514
v 0.150000 0.935281 0.013439
v 0.150000 0.934981 0.014324
v 0.150000 0.934687 0.015168
v 0.150000 0.934398 0.015973
v 0.150000 0.934148 0.016592
v 0.150000 0.933895 0.017201
v 0.150000 0.933639 0.017801
v 0.150000 0.933382 0.018390
v 0.150000 0.933123 0.018970
v 0.150000 0.932861 0.019541
v 0.150000 0.932597 0.020101
v 0.150000 0.932330 0.020652
v 0.150000 0.932062 0.021193
v 0.150000 0.931791 0.021724
v 0.150000 0.931518 0.022246
v 0.150000 0.931243 0.022758
v 0.150000 0.930965 0.023260
v 0.150000 0.930686 0.023752
v 0.150000 0.930404 0.024235
v 0.150000 0.930120 0.024708
v 0.150000 0.929833 0.025171
v 0.150000 0.929545 0.025624
v 0.150000 0.929254 0.026068
v 0.150000 0.928961 0.026501
v 0.150000 0.928666 0.026926
v 0.150000 0.928368 0.027340
v 0.150000 0.928069 0.027744
v 0.150000 0.927767 0.028139
v 0.150000 0.927463 0.028524
v 0.150000 0.927156 0.028900
v 0.150000 0.926848 0.029265
v 0.150000 0.926537 0.029621
v 0.150000 0.926224 0.029967
v 0.150000 0.925908 0.030304
v 0.150000 0.925591 0.030630
v 0.150000 0.925271 0.030947
v 0.150000 0.924949 0.031254
v 0.150000 0.924625 0.031551
v 0.150000 0.924298 0.031839
v 0.150000 0.923970 0.032117
v 0.150000 0.923639 0.032385
v 0.150000 0.923306 0.032643
v 0.150000 0.922970 0.032892
v 0.150000 0.922633 0.033131
v 0.150000 0.922293 0.033360
v 0.150000 0.921951 0.033579
v 0.150000 0.921606 0.033789
v 0.150000 0.921260 0.033989
v 0.150000 0.920911 0.034179
v 0.150000 0.920560 0.034359
v 0.150000 0.920207 0.034530
v 0.150000 0.919852 0.034691
v 0.150000 0.919494 0.034842
v 0.150000 0.919134 0.034983
v 0.150000 0.918772 0.035115
v 0.150000 0.918408 0.035236
v 0.150000 0.918041 0.035349
v 0.150000 0.917672 0.035451
v 0.150000 0.917301 0.035544
v 0.150000 0.916928 0.035626
v 0.150000 0.916553 0.035700
v 0.150000 0.916175 0.035763
v 0.150000 0.915795 0.035817
v 0.150000 0.915413 0.035860
v 0.150000 0.915028 0.035894
v 0.150000 0.914642 0.035919
v 0.150000 0.914253 0.035933
v 0.150000 0.913862 0.035938
v 0.150000 0.913310 0.035927
v 0.150000 0.912760 0.035894
v 0.150000 0.912210 0.035839
v 0.150000 0.911663 0.035762
v 0.150000 0.911116 0.035663
v 0.150000 0.910571 0.035542
v 0.150000 0.910028 0.035399
v 0.150000 0.909486 0.035234
v 0.150000 0.908945 0.035047
v 0.150000 0.908405 0.034838
v 0.150000 0.907867 0.034607
v 0.150000 0.907331 0.034354
v 0.150000 0.906796 0.034079
v 0.150000 0.906262 0.033782
v 0.150000 0.905729 0.033463
v 0.150000 0.905198 0.033122
v 0.150000 0.904669 0.032759
v 0.150000 0.904140 0.032374
v 0.150000 0.903614 0.031967
v 0.150000 0.903088 0.031537
v 0.150000 0.902564 0.031086
v 0.150000 0.902041 0.030613
v 0.150000 0.901520 0.030118
v 0.150000 0.901000 0.029601
v 0.150000 0.900482 0.029062
v 0.150000 0.899964 0.028501
v 0.150000 0.899449 0.027918
v 0.150000 0.898934 0.027313
v 0.150000 0.898421 0.026685
v 0.150000 0.897910 0.026036
v 0.150000 0.897400 0.025365
v 0.150000 0.896891 0.024672
v 0.150000 0.896384 0.023957
v 0.150000 0.895878 0.023220
v 0.150000 0.895373 0.022461
v 0.150000 0.894870 0.021679
v 0.150000 0.894368 0.020876
v 0.150000 0.893868 0.020051
v 0.150000 0.893369 0.019204
v 0.150000 0.892871 0.018335
v 0.150000 0.892375 0.017443
v 0.150000 0.891880 0.016530
v 0.150000 0.891387 0.015595
v 0.150000 0.890895 0.014638
v 0.150000 0.890404 0.013659
v 0.150000 0.889915 0.012657
v 0.150000 0.889427 0.011634
v 0.150000 0.888940 0.010589
v 0.150000 0.888455 0.009522
v 0.150000 0.887972 0.008433
v 0.150000 0.887489 0.007321
v 0.150000 0.887008 0.006188
v 0.150000 0.886529 0.005033
v 0.150000 0.886051 0.003856
v 0.150000 0.885574 0.002656
v 0.150000 0.885099 0.001435
v 0.150000 0.884625 0.000192
v 0.150000 0.884152 -0.001074
v 0.150000 0.883681 -0.002361
v 0.150000 0.883211 -0.003670
v 0.150000 0.882743 -0.005001
v 0.150000 0.882276 -0.006355
v 0.150000 0.881810 -0.007730
v 0.150000 0.881346 -0.009127
v 0.150000 0.877201 -0.010409
v 0.150000 0.873071 -0.011689
v 0.150000 0.868958 -0.012966
v 0.150000 0.864861 -0.014241
v 0.150000 0.860780 -0.015513
v 0.150000 0.856716 -0.016783
v 0.150000 0.852667 -0.018050
v 0.150000 0.848635 -0.019315
v 0.150000 0.844618 -0.020577
v 0.150000 0.840618 -0.021837
v 0.150000 0.836634 -0.023094
v 0.150000 0.832666 -0.024349
v 0.150000 0.828715 -0.025601
v 0.150000 0.824779 -0.026851
v 0.150000 0.820860 -0.028098
v 0.150000 0.816957 -0.029343
v 0.150000 0.813070 -0.030585
v 0.150000 0.809199 -0.031824
v 0.150000 0.805344 -0.033062
v 0.150000 0.801505 -0.034296
v 0.150000 0.797683 -0.035528
v 0.150000 0.793877 -0.036758
v 0.150000 0.790087 -0.037985
v 0.150000 0.786313 -0.039210
v 0.150000 0.782555 -0.040432
v 0.150000 0.778813 -0.041651
v 0.150000 0.775088 -0.042868
v 0.150000 0.771379 -0.044083
v 0.150000 0.767685 -0.045295
v 0.150000 0.764008 -0.046505
v 0.150000 0.760347 -0.047712
v 0.150000 0.756703 -0.048916
v 0.150000 0.753074 -0.050118
v 0.150000 0.749462 -0.051318
v 0.150000 0.745866 -0.052515
v 0.150000 0.742285 -0.053709
v 0.150000 0.738722 -0.054901
v 0.150000 0.735174 -0.056091
v 0.150000 0.731642 -0.057278
v 0.150000 0.728127 -0.058462
v 0.150000 0.724627 -0.059644
v 0.150000 0.721144 -0.060824
v 0.150000 0.717677 -0.062001
v 0.150000 0.714226 -0.063175
v 0.150000 0.710792 -0.064347
v 0.150000 0.707373 -0.065517
v 0.150000 0.703971 -0.066684
v 0.150000 0.700585 -0.067848
v 0.150000 0.697215 -0.069010
v 0.150000 0.693861 -0.070169
v 0.150000 0.690523 -0.071326
v 0.150000 0.687201 -0.072481
v 0.150000 0.683896 -0.073633
v 0.150000 0.680607 -0.074782
v 0.150000 0.677334 -0.075929
v 0.150000 0.674077 -0.077073
v 0.150000 0.670836 -0.078215
v 0.150000 0.667611 -0.079355
v 0.150000 0.664403 -0.080491
v 0.150000 0.661210 -0.081626
v 0.150000 0.658034 -0.082758
v 0.150000 0.654874 -0.083887
v 0.150000 0.651730 -0.085014
v 0.150000 0.648602 -0.086138
v 0.150000 0.648602 0.336566
v 0.150000 0.651202 0.338692
v 0.150000 0.653762 0.340792
v 0.150000 0.656280 0.342866
v 0.150000 0.658757 0.344913
v 0.150000 0.661193 0.346935
v 0.150000 0.663588 0.348930
v 0.150000 0.665943 0.350899
v 0.150000 0.668256 0.352842
v 0.150000 0.670529 0.354758
v 0.150000 0.672760 0.356649
v 0.150000 0.674951 0.358513
v 0.150000 0.677100 0.360351
v 0.150000 0.679209 0.362163
v 0.150000 0.681277 0.363949
v 0.150000 0.683304 0.365708
v 0.150000 0.685290 0.367442
v 0.150000 0.687234 0.369149
v 0.150000 0.689138 0.370830
v 0.150000 0.691001 0.372485
v 0.150000 0.692823 0.374113
v 0.150000 0.694605 0.375716
v 0.150000 0.696345 0.377292
v 0.150000 0.698044 0.378842
v 0.150000 0.699702 0.380366
v 0.150000 0.701320 0.381864
v 0.150000 0.702896 0.383335
v 0.150000 0.704432 0.384780
v 0.150000 0.705926 0.386200
v 0.150000 0.707380 0.387593
v 0.150000 0.708792 0.388959
v 0.150000 0.710164 0.390300
v 0.150000 0.711495 0.391614
v 0.150000 0.712784 0.392903
v 0.150000 0.714033 0.394165
v 0.150000 0.715241 0.395401
v 0.150000 0.716408 0.396610
v 0.150000 0.717534 0.397794
v 0.150000 0.718619 0.398951
v 0.150000 0.719663 0.400082
v 0.150000 0.720666 0.401187
v 0.150000 0.721629 0.402266
v 0.150000 0.722550 0.403319
v 0.150000 0.723430 0.404345
v 0.150000 0.724270 0.405345
v 0.150000 0.725068 0.406319
v 0.150000 0.725826 0.407267
v 0.150000 0.726542 0.408189
v 0.150000 0.727218 0.409084
v 0.150000 0.727852 0.409954
v 0.150000 0.728446 0.410797
v 0.150000 0.728999 0.411614
v 0.150000 0.729511 0.412405
v 0.150000 0.729982 0.413169
v 0.150000 0.730412 0.413908
v 0.150000 0.730801 0.414620
v 0.150000 0.731149 0.415306
v 0.150000 0.731456 0.415966
v 0.150000 0.731722 0.416599
v 0.150000 0.731947 0.417207
v 0.150000 0.732131 0.417788
v 0.150000 0.732274 0.418343
v 0.150000 0.732377 0.418872
v 0.150000 0.732438 0.419375
v 0.150000 0.732459 0.419852
v 0.150000 0.732444 0.420258
v 0.150000 0.732402 0.420691
v 0.150000 0.732331 0.421152
v 0.150000 0.732231 0.421641
v 0.150000 0.732104 0.422157
v 0.150000 0.731947 0.422701
v 0.150000 0.731763 0.423273
v 0.150000 0.731550 0.423872
v 0.150000 0.731308 0.424498
v 0.150000 0.731038 0.425152
v 0.150000 0.730740 0.425834
v 0.150000 0.730413 0.426543
v 0.150000 0.730058 0.427280
v 0.150000 0.729674 0.428045
v 0.150000 0.729262 0.428837
v 0.150000 0.728822 0.429656
v 0.150000 0.728353 0.430503
v 0.150000 0.727856 0.431378
v 0.150000 0.727330 0.432281
v 0.150000 0.726776 0.433210
v 0.150000 0.726194 0.434168
v 0.150000 0.725583 0.435153
v 0.150000 0.724944 0.436166
v 0.150000 0.724276 0.437206
v 0.150000 0.723580 0.438274
v 0.150000 0.722856 0.439369
v 0.150000 0.722103 0.440492
v 0.150000 0.721321 0.441642
v 0.150000 0.720512 0.442820
v 0.150000 0.719674 0.444026
v 0.150000 0.718807 0.445259
v 0.150000 0.717912 0.446520
v 0.150000 0.716989 0.447809
v 0.150000 0.716037 0.449125
v 0.150000 0.715057 0.450468
v 0.150000 0.714048 0.451839
v 0.150000 0.713011 0.453238
v 0.150000 0.711946 0.454664
v 0.150000 0.710852 0.456118
v 0.150000 0.709730 0.457599
v 0.150000 0.708579 0.459108
v 0.150000 0.707400 0.460645
v 0.150000 0.706193 0.462209
v 0.150000 0.704957 0.463801
v 0.150000 0.703692 0.465420
v 0.150000 0.702400 0.467067
v 0.150000 0.701079 0.468741
v 0.150000 0.699729 0.470443
v 0.150000 0.698351 0.472173
v 0.150000 0.696945 0.473930
v 0.150000 0.695510 0.475715
v 0.150000 0.694047 0.477527
v 0.150000 0.692555 0.479367
v 0.150000 0.691035 0.481235
v 0.150000 0.689487 0.483130
v 0.150000 0.687910 0.485052
v 0.150000 0.686305 0.487003
v 0.150000 0.684671 0.488980
v 0.150000 0.683009 0.490986
v 0.150000 0.681319 0.493019
v 0.150000 0.679600 0.495079
v 0.150000 0.677853 0.497167
v 0.150000 0.676077 0.499283
v 0.150000 0.674273 0.501426
v 0.150000 0.673333 0.502523
v 0.150000 0.672402 0.503602
v 0.150000 0.671481 0.504664
v 0.150000 0.670569 0.505709
v 0.150000 0.669667 0.506736
v 0.150000 0.668774 0.507747
v 0.150000 0.667891 0.508740
v 0.150000 0.667017 0.509715
v 0.150000 0.666153 0.510674
v 0.150000 0.665298 0.511615
v 0.150000 0.664453 0.512539
v 0.150000 0.663617 0.513446
v 0.150000 0.662790 0.514335
v 0.150000 0.661974 0.515207
v 0.150000 0.661166 0.516062
v 0.150000 0.660368 0.516900
v 0.150000 0.659579 0.517720
v 0.150000 0.658800 0.518523
v 0.150000 0.658031 0.519309
v 0.150000 0.657271 0.520077
v 0.150000 0.656520 0.520828
v 0.150000 0.655779 0.521562
v 0.150000 0.655047 0.522279
v 0.150000 0.654325 0.522978
v 0.150000 0.653612 0.523661
v 0.150000 0.652909 0.524325
v 0.150000 0.652215 0.524973
v 0.150000 0.651530 0.525603
v 0.150000 0.650856 0.526217
v 0.150000 0.650190 0.526812
v 0.150000 0.649534 0.527391
v 0.150000 0.648888 0.527952
v 0.150000 0.648251 0.528496
v 0.150000 0.647623 0.529023
v 0.150000 0.647005 0.529532
v 0.150000 0.646396 0.530024
v 0.150000 0.645797 0.530499
v 0.150000 0.645208 0.530957
v 0.150000 0.644627 0.531397
v 0.150000 0.644057 0.531820
v 0.150000 0.643495 0.532226
v 0.150000 0.642944 0.532615
v 0.150000 0.642401 0.532986
v 0.150000 0.641868 0.533340
v 0.150000 0.641345 0.533677
v 0.150000 0.640831 0.533996
v 0.150000 0.640327 0.534299
v 0.150000 0.639832 0.534584
v 0.150000 0.639346 0.534851
v 0.150000 0.638870 0.535102
v 0.150000 0.638404 0.535335
v 0.150000 0.637947 0.535551
v 0.150000 0.637499 0.535749
v 0.150000 0.637061 0.535931
v 0.150000 0.636632 0.536095
v 0.150000 0.636213 0.536241
v 0.150000 0.635803 0.536371
v 0.150000 0.635403 0.536483
v 0.150000 0.635012 0.536578
v 0.150000 0.634631 0.536656
v 0.150000 0.634259 0.536716
v 0.150000 0.633897 0.536759
v 0.150000 0.633544 0.536785
v 0.150000 0.633200 0.536794
v 0.150000 0.632846 0.536790
v 0.150000 0.632498 0.536779
v 0.150000 0.632156 0.536760
v 0.150000 0.631819 0.536734
v 0.150000 0.631487 0.536700
v 0.150000 0.631161 0.536659
v 0.150000 0.630841 0.536610
v 0.150000 0.630526 0.536553
v 0.150000 0.630217 0.536490
v 0.150000 0.629913 0.536418
v 0.150000 0.629615 0.536339
v 0.150000 0.629323 0.536253
v 0.150000 0.629036 0.536159
v 0.150000 0.628755 0.536057
v 0.150000 0.628479 0.535948
v 0.150000 0.628209 0.535831
v 0.150000 0.627944 0.535707
v 0.150000 0.627685 0.535576
v 0.150000 0.627432 0.535437
v 0.150000 0.627184 0.535290
v 0.150000 0.626941 0.535136
v 0.150000 0.626705 0.534974
v 0.150000 0.626473 0.534805
v 0.150000 0.626248 0.534628
v 0.150000 0.626028 0.534444
v 0.150000 0.625813 0.534252
v 0.150000 0.625604 0.534053
v 0.150000 0.625401 0.533846
v 0.150000 0.625203 0.533632
v 0.150000 0.625011 0.533410
v 0.150000 0.624825 0.533180
v 0.150000 0.624644 0.532944
v 0.150000 0.624468 0.532699
v 0.150000 0.624298 0.532447
v 0.150000 0.624134 0.532188
v 0.150000 0.623975 0.531921
v 0.150000 0.623822 0.531646
v 0.150000 0.623674 0.531364
v 0.150000 0.623532 0.531075
v 0.150000 0.623396 0.530778
v 0.150000 0.623265 0.530473
v 0.150000 0.623139 0.530161
v 0.150000 0.623020 0.529841
v 0.150000 0.622905 0.529514
v 0.150000 0.622797 0.529179
v 0.150000 0.622694 0.528837
v 0.150000 0.622596 0.528488
v 0.150000 0.622504 0.528130
v 0.150000 0.622418 0.527766
v 0.150000 0.622337 0.527393
v 0.150000 0.622262 0.527014
v 0.150000 0.622192 0.526626
v 0.150000 0.622128 0.526231
v 0.150000 0.622070 0.525829
v 0.150000 0.622017 0.525419
v 0.150000 0.621970 0.525002
v 0.150000 0.621928 0.524577
v 0.150000 0.621891 0.524144
v 0.150000 0.621861 0.523704
v 0.150000 0.621836 0.523257
v 0.150000 0.621816 0.522802
v 0.150000 0.621802 0.522339
v 0.150000 0.621794 0.521869
v 0.150000 0.621791 0.521392
v 0.150000 0.337707 -0.221905
v 0.150000 0.336549 -0.217516
v 0.150000 0.335393 -0.213152
v 0.150000 0.334239 -0.208816
v 0.150000 0.333088 -0.204507
v 0.150000 0.331938 -0.200224
v 0.150000 0.330790 -0.195968
v 0.150000 0.329643 -0.191738
v 0.150000 0.328499 -0.187536
v 0.150000 0.327357 -0.183360
v 0.150000 0.326217 -0.179211
v 0.150000 0.325079 -0.175088
v 0.150000 0.323942 -0.170993
v 0.150000 0.322808 -0.166924
v 0.150000 0.321676 -0.162882
v 0.150000 0.320545 -0.158866
v 0.150000 0.319417 -0.154877
v 0.150000 0.318290 -0.150915
v 0.150000 0.317166 -0.146980
v 0.150000 0.316043 -0.143072
v 0.150000 0.314922 -0.139190
v 0.150000 0.313803 -0.135335
v 0.150000 0.312687 -0.131507
v 0.150000 0.311572 -0.127705
v 0.150000 0.310459 -0.123930
v 0.150000 0.309348 -0.120182
v 0.150000 0.308239 -0.116461
v 0.150000 0.307132 -0.112767
v 0.150000 0.306027 -0.109099
v 0.150000 0.304924 -0.105458
v 0.150000 0.303822 -0.101843
v 0.150000 0.302723 -0.098256
v 0.150000 0.301626 -0.094695
v 0.150000 0.300530 -0.091161
v 0.150000 0.299437 -0.087653
v 0.150000 0.298346 -0.084173
v 0.150000 0.297256 -0.080719
v 0.150000 0.296169 -0.077292
v 0.150000 0.295083 -0.073891
v 0.150000 0.293999 -0.070518
v 0.150000 0.292918 -0.067171
v 0.150000 0.291838 -0.063851
v 0.150000 0.290760 -0.060557
v 0.150000 0.289684 -0.057290
v 0.150000 0.288610 -0.054050
v 0.150000 0.287538 -0.050837
v 0.150000 0.286468 -0.047651
v 0.150000 0.285400 -0.044491
v 0.150000 0.284334 -0.041358
v 0.150000 0.283270 -0.038252
v 0.150000 0.282208 -0.035172
v 0.150000 0.281147 -0.032119
v 0.150000 0.280089 -0.029093
v 0.150000 0.279033 -0.026094
v 0.150000 0.277978 -0.023121
v 0.150000 0.276926 -0.020175
v 0.150000 0.275875 -0.017256
v 0.150000 0.274827 -0.014364
v 0.150000 0.273780 -0.011498
v 0.150000 0.272736 -0.008659
v 0.150000 0.271693 -0.005847
v 0.150000 0.270652 -0.003062
v 0.150000 0.269613 -0.000303
v 0.150000 0.268576 0.002429
v 0.150000 0.267541 0.005134
v 0.150000 0.272138 0.008471
v 0.150000 0.276764 0.011779
v 0.150000 0.281420 0.015058
v 0.150000 0.286106 0.018308
v 0.150000 0.290821 0.021529
v 0.150000 0.295566 0.024721
v 0.150000 0.300342 0.027884
v 0.150000 0.305147 0.031018
v 0.150000 0.309981 0.034123
v 0.150000 0.314846 0.037200
v 0.150000 0.319740 0.040247
v 0.150000 0.324664 0.043265
v 0.150000 0.329618 0.046254
v 0.150000 0.334602 0.049215
v 0.150000 0.339616 0.052146
v 0.150000 0.344659 0.055048
v 0.150000 0.349732 0.057922
v 0.150000 0.354835 0.060766
v 0.150000 0.359968 0.063582
v 0.150000 0.365131 0.066368
v 0.150000 0.370323 0.069126
v 0.150000 0.375545 0.071854
v 0.150000 0.380797 0.074554
v 0.150000 0.386079 0.077225
v 0.150000 0.391391 0.079866
v 0.150000 0.396732 0.082479
v 0.150000 0.402104 0.085063
v 0.150000 0.407505 0.087618
v 0.150000 0.412935 0.090143
v 0.150000 0.418396 0.092640
v 0.150000 0.423887 0.095108
v 0.150000 0.429407 0.097547
v 0.150000 0.434957 0.099957
v 0.150000 0.440537 0.102338
v 0.150000 0.446146 0.104690
v 0.150000 0.451786 0.107013
v 0.150000 0.457455 0.109307
v 0.150000 0.463154 0.111572
v 0.150000 0.468883 0.113808
v 0.150000 0.474642 0.116015
v 0.150000 0.480430 0.118193
v 0.150000 0.486248 0.120343
v 0.150000 0.492097 0.122463
v 0.150000 0.497974 0.124554
v 0.150000 0.503882 0.126617
v 0.150000 0.509820 0.128650
v 0.150000 0.515787 0.130654
v 0.150000 0.521784 0.132630
v 0.150000 0.527811 0.134576
v 0.150000 0.533868 0.136494
v 0.150000 0.539954 0.138382
v 0.150000 0.546071 0.140242
v 0.150000 0.552217 0.142072
v 0.150000 0.558393 0.143874
v 0.150000 0.564598 0.145646
v 0.150000 0.570834 0.147390
v 0.150000 0.577099 0.149105
v 0.150000 0.583394 0.150790
v 0.150000 0.589719 0.152447
v 0.150000 0.596074 0.154075
v 0.150000 0.602459 0.155674
v 0.150000 0.608873 0.157244
v 0.150000 0.615317 0.158785
v 0.150000 0.621791 0.160297
v 0.150000 0.621791 -0.096977
v 0.150000 0.617177 -0.098639
v 0.150000 0.612568 -0.100311
v 0.150000 0.607965 -0.101992
v 0.150000 0.603367 -0.103682
v 0.150000 0.598775 -0.105381
v 0.150000 0.594189 -0.107089
v 0.150000 0.589608 -0.108807
v 0.150000 0.585033 -0.110534
v 0.150000 0.580463 -0.112270
v 0.150000 0.575899 -0.114015
v 0.150000 0.571340 -0.115769
v 0.150000 0.566787 -0.117533
v 0.150000 0.562240 -0.119306
v 0.150000 0.557698 -0.121088
v 0.150000 0.553162 -0.122879
v 0.150000 0.548631 -0.124679
v 0.150000 0.544106 -0.126489
v 0.150000 0.539586 -0.128307
v 0.150000 0.535072 -0.130135
v 0.150000 0.530564 -0.131972
v 0.150000 0.526061 -0.133819
v 0.150000 0.521564 -0.135674
v 0.150000 0.517072 -0.137539
v 0.150000 0.512586 -0.139413
v 0.150000 0.508105 -0.141296
v 0.150000 0.503630 -0.143188
v 0.150000 0.499161 -0.145090
v 0.150000 0.494697 -0.147000
v 0.150000 0.490238 -0.148920
v 0.150000 0.485786 -0.150849
v 0.150000 0.481338 -0.152787
v 0.150000 0.476897 -0.154735
v 0.150000 0.472461 -0.156691
v 0.150000 0.468030 -0.158657
v 0.150000 0.463605 -0.160632
v 0.150000 0.459186 -0.162616
v 0.150000 0.454772 -0.164610
v 0.150000 0.450364 -0.166612
v 0.150000 0.445962 -0.168624
v 0.150000 0.441564 -0.170645
v 0.150000 0.437173 -0.172675
v 0.150000 0.432787 -0.174714
v 0.150000 0.428407 -0.176763
v 0.150000 0.424032 -0.178821
v 0.150000 0.419663 -0.180888
v 0.150000 0.415299 -0.182964
v 0.150000 0.410941 -0.185049
v 0.150000 0.406589 -0.187143
v 0.150000 0.402242 -0.189247
v 0.150000 0.397900 -0.191360
v 0.150000 0.393565 -0.193482
v 0.150000 0.389234 -0.195613
v 0.150000 0.384910 -0.197754
v 0.150000 0.380591 -0.199903
v 0.150000 0.376277 -0.202062
v 0.150000 0.371969 -0.204230
v 0.150000 0.367667 -0.206407
v 0.150000 0.363370 -0.208594
v 0.150000 0.359079 -0.210789
v 0.150000 0.354793 -0.212994
v 0.150000 0.350513 -0.215208
v 0.150000 0.346239 -0.217431
v 0.150000 0.341970 -0.219664
v 0.150000 0.621791 0.282944
v -0.150000 0.621791 0.282944
v 0.150000 0.614237 0.281181
v -0.150000 0.614237 0.281181
v 0.150000 0.606727 0.279385
v -0.150000 0.606727 0.279385
v 0.150000 0.599260 0.277558
v -0.150000 0.599260 0.277558
v 0.150000 0.591838 0.275699
v -0.150000 0.591838 0.275699
v 0.150000 0.584460 0.273808
v -0.150000 0.584460 0.273808
v 0.150000 0.577126 0.271885
v -0.150000 0.577126 0.271885
v 0.150000 0.569835 0.269930
v -0.150000 0.569835 0.269930
v 0.150000 0.562589 0.267942
v -0.150000 0.562589 0.267942
v 0.150000 0.555387 0.265923
v -0.150000 0.555387 0.265923
v 0.150000 0.548229 0.263872
v -0.150000 0.548229 0.263872
v 0.150000 0.541115 0.261789
v -0.150000 0.541115 0.261789
v 0.150000 0.534044 0.259673
v -0.150000 0.534044 0.259673
v 0.150000 0.527018 0.257526
v -0.150000 0.527018 0.257526
v 0.150000 0.520036 0.255346
v -0.150000 0.520036 0.255346
v 0.150000 0.513098 0.253135
v -0.150000 0.513098 0.253135
v 0.150000 0.506204 0.250891
v -0.150000 0.506204 0.250891
v 0.150000 0.499353 0.248616
v -0.150000 0.499353 0.248616
v 0.150000 0.492547 0.246308
v -0.150000 0.492547 0.246308
v 0.150000 0.485785 0.243969
v -0.150000 0.485785 0.243969
v 0.150000 0.479067 0.241597
v -0.150000 0.479067 0.241597
v 0.150000 0.472393 0.239193
v -0.150000 0.472393 0.239193
v 0.150000 0.465763 0.236758
v -0.150000 0.465763 0.236758
v 0.150000 0.459177 0.234290
v -0.150000 0.459177 0.234290
v 0.150000 0.452635 0.231790
v -0.150000 0.452635 0.231790
v 0.150000 0.446137 0.229258
v -0.150000 0.446137 0.229258
v 0.150000 0.439683 0.226694
v -0.150000 0.439683 0.226694
v 0.150000 0.433273 0.224099
v -0.150000 0.433273 0.224099
v 0.150000 0.426906 0.221471
v -0.150000 0.426906 0.221471
v 0.150000 0.420584 0.218811
v -0.150000 0.420584 0.218811
v 0.150000 0.414306 0.216119
v -0.150000 0.414306 0.216119
v 0.150000 0.408072 0.213395
v -0.150000 0.408072 0.213395
v 0.150000 0.401882 0.210639
v -0.150000 0.401882 0.210639
v 0.150000 0.395736 0.207851
v -0.150000 0.395736 0.207851
v 0.150000 0.389634 0.205031
v -0.150000 0.389634 0.205031
v 0.150000 0.383576 0.202179
v -0.150000 0.383576 0.202179
v 0.150000 0.377562 0.199294
v -0.150000 0.377562 0.199294
v 0.150000 0.371593 0.196378
v -0.150000 0.371593 0.196378
v 0.150000 0.365667 0.193430
v -0.150000 0.365667 0.193430
v 0.150000 0.359785 0.190450
v -0.150000 0.359785 0.190450
v 0.150000 0.353947 0.187438
v -0.150000 0.353947 0.187438
v 0.150000 0.348153 0.184393
v -0.150000 0.348153 0.184393
v 0.150000 0.342403 0.181317
v -0.150000 0.342403 0.181317
v 0.150000 0.336697 0.178209
v -0.150000 0.336697 0.178209
v 0.150000 0.331035 0.175068
v -0.150000 0.331035 0.175068
v 0.150000 0.325417 0.171896
v -0.150000 0.325417 0.171896
v 0.150000 0.319843 0.168691
v -0.150000 0.319843 0.168691
v 0.150000 0.314313 0.165455
v -0.150000 0.314313 0.165455
v 0.150000 0.308828 0.162186
v -0.150000 0.308828 0.162186
v 0.150000 0.303386 0.158886
v -0.150000 0.303386 0.158886
v 0.150000 0.297988 0.155553
v -0.150000 0.297988 0.155553
v 0.150000 0.292634 0.152188
v -0.150000 0.292634 0.152188
v 0.150000 0.287324 0.148792
v -0.150000 0.287324 0.148792
v 0.150000 0.282059 0.145363
v -0.150000 0.282059 0.145363
v 0.150000 0.276837 0.141902
v -0.150000 0.276837 0.141902
v 0.150000 0.271659 0.138410
v -0.150000 0.271659 0.138410
v 0.150000 0.266525 0.134885
v -0.150000 0.266525 0.134885
v 0.150000 0.261435 0.131328
v -0.150000 0.261435 0.131328
v 0.150000 0.256390 0.127739
v -0.150000 0.256390 0.127739
v 0.150000 0.251388 0.124118
v -0.150000 0.251388 0.124118
v 0.150000 0.246430 0.120465
v -0.150000 0.246430 0.120465
v 0.150000 0.241516 0.116780
v -0.150000 0.241516 0.116780
v 0.150000 0.236647 0.113063
v -0.150000 0.236647 0.113063
v 0.150000 0.231821 0.109314
v -0.150000 0.231821 0.109314
v 0.150000 0.227039 0.105533
v -0.150000 0.227039 0.105533
v 0.150000 0.225025 0.110346
v -0.150000 0.225025 0.110346
v 0.150000 0.223010 0.115121
v -0.150000 0.223010 0.115121
v 0.150000 0.220995 0.119860
v -0.150000 0.220995 0.119860
v 0.150000 0.218980 0.124561
v -0.150000 0.218980 0.124561
v 0.150000 0.216964 0.129225
v -0.150000 0.216964 0.129225
v 0.150000 0.214948 0.133853
v -0.150000 0.214948 0.133853
v 0.150000 0.212932 0.138443
v -0.150000 0.212932 0.138443
v 0.150000 0.210915 0.142996
v -0.150000 0.210915 0.142996
v 0.150000 0.208898 0.147512
v -0.150000 0.208898 0.147512
v 0.150000 0.206881 0.151991
v -0.150000 0.206881 0.151991
v 0.150000 0.204864 0.156433
v -0.150000 0.204864 0.156433
v 0.150000 0.202846 0.160838
v -0.150000 0.202846 0.160838
v 0.150000 0.200829 0.165206
v -0.150000 0.200829 0.165206
v 0.150000 0.198810 0.169537
v -0.150000 0.198810 0.169537
v 0.150000 0.196792 0.173831
v -0.150000 0.196792 0.173831
v 0.150000 0.194773 0.178088
v -0.150000 0.194773 0.178088
v 0.150000 0.192754 0.182307
v -0.150000 0.192754 0.182307
v 0.150000 0.190735 0.186490
v -0.150000 0.190735 0.186490
v 0.150000 0.188715 0.190636
v -0.150000 0.188715 0.190636
v 0.150000 0.186696 0.194744
v -0.150000 0.186696 0.194744
v 0.150000 0.184675 0.198816
v -0.150000 0.184675 0.198816
v 0.150000 0.182655 0.202850
v -0.150000 0.182655 0.202850
v 0.150000 0.180634 0.206848
v -0.150000 0.180634 0.206848
v 0.150000 0.178613 0.210808
v -0.150000 0.178613 0.210808
v 0.150000 0.176592 0.214732
v -0.150000 0.176592 0.214732
v 0.150000 0.174571 0.218618
v -0.150000 0.174571 0.218618
v 0.150000 0.172549 0.222467
v -0.150000 0.172549 0.222467
v 0.150000 0.170527 0.226279
v -0.150000 0.170527 0.226279
v 0.150000 0.168505 0.230055
v -0.150000 0.168505 0.230055
v 0.150000 0.166482 0.233793
v -0.150000 0.166482 0.233793
v 0.150000 0.164459 0.237494
v -0.150000 0.164459 0.237494
v 0.150000 0.162436 0.241158
v -0.150000 0.162436 0.241158
v 0.150000 0.160412 0.244785
v -0.150000 0.160412 0.244785
v 0.150000 0.158389 0.248375
v -0.150000 0.158389 0.248375
v 0.150000 0.156365 0.251928
v -0.150000 0.156365 0.251928
v 0.150000 0.154340 0.255444
v -0.150000 0.154340 0.255444
v 0.150000 0.152316 0.258922
v -0.150000 0.152316 0.258922
v 0.150000 0.150291 0.262364
v -0.150000 0.150291 0.262364
v 0.150000 0.148266 0.265769
v -0.150000 0.148266 0.265769
v 0.150000 0.146240 0.269137
v -0.150000 0.146240 0.269137
v 0.150000 0.144215 0.272467
v -0.150000 0.144215 0.272467
v 0.150000 0.142189 0.275761
v -0.150000 0.142189 0.275761
v 0.150000 0.140163 0.279018
v -0.150000 0.140163 0.279018
v 0.150000 0.138136 0.282237
v -0.150000 0.138136 0.282237
v 0.150000 0.136109 0.285419
v -0.150000 0.136109 0.285419
v 0.150000 0.134082 0.288565
v -0.150000 0.134082 0.288565
v 0.150000 0.132055 0.291673
v -0.150000 0.132055 0.291673
v 0.150000 0.130027 0.294745
v -0.150000 0.130027 0.294745
v 0.150000 0.127999 0.297779
v -0.150000 0.127999 0.297779
v 0.150000 0.125971 0.300776
v -0.150000 0.125971 0.300776
v 0.150000 0.123943 0.303736
v -0.150000 0.123943 0.303736
v 0.150000 0.121914 0.306659
v -0.150000 0.121914 0.306659
v 0.150000 0.119885 0.309545
v -0.150000 0.119885 0.309545
v 0.150000 0.117856 0.312394
v -0.150000 0.117856 0.312394
v 0.150000 0.115826 0.315206
v -0.150000 0.115826 0.315206
v 0.150000 0.113796 0.317981
v -0.150000 0.113796 0.317981
v 0.150000 0.111766 0.320719
v -0.150000 0.111766 0.320719
v 0.150000 0.109736 0.323420
v -0.150000 0.109736 0.323420
v 0.150000 0.107705 0.326084
v -0.150000 0.107705 0.326084
v 0.150000 0.105674 0.328711
v -0.150000 0.105674 0.328711
v 0.150000 0.103643 0.331300
v -0.150000 0.103643 0.331300
v 0.150000 0.101611 0.333853
v -0.150000 0.101611 0.333853
v 0.150000 0.099579 0.336369
v -0.150000 0.099579 0.336369
v 0.150000 0.097547 0.338848
v -0.150000 0.097547 0.338848
v 0.150000 0.095748 0.341041
v -0.150000 0.095748 0.341041
v 0.150000 0.093953 0.343200
v -0.150000 0.093953 0.343200
v 0.150000 0.092162 0.345324
v -0.150000 0.092162 0.345324
v 0.150000 0.090374 0.347413
v -0.150000 0.090374 0.347413
v 0.150000 0.088590 0.349468
v -0.150000 0.088590 0.349468
v 0.150000 0.086809 0.351489
v -0.150000 0.086809 0.351489
v 0.150000 0.085032 0.353475
v -0.150000 0.085032 0.353475
v 0.150000 0.083259 0.355426
v -0.150000 0.083259 0.355426
v 0.150000 0.081489 0.357343
v -0.150000 0.081489 0.357343
v 0.150000 0.079723 0.359226
v -0.150000 0.079723 0.359226
v 0.150000 0.077961 0.361074
v -0.150000 0.077961 0.361074
v 0.150000 0.076202 0.362887
v -0.150000 0.076202 0.362887
v 0.150000 0.074447 0.364666
v -0.150000 0.074447 0.364666
v 0.150000 0.072695 0.366410
v -0.150000 0.072695 0.366410
v 0.150000 0.070947 0.368120
v -0.150000 0.070947 0.368120
v 0.150000 0.069203 0.369795
v -0.150000 0.069203 0.369795
v 0.150000 0.067462 0.371435
v -0.150000 0.067462 0.371435
v 0.150000 0.065725 0.373041
v -0.150000 0.065725 0.373041
v 0.150000 0.063991 0.374613
v -0.150000 0.063991 0.374613
v 0.150000 0.062262 0.376150
v -0.150000 0.062262 0.376150
v 0.150000 0.060535 0.377652
v -0.150000 0.060535 0.377652
v 0.150000 0.058813 0.379120
v -0.150000 0.058813 0.379120
v 0.150000 0.057094 0.380554
v -0.150000 0.057094 0.380554
v 0.150000 0.055378 0.381952
v -0.150000 0.055378 0.381952
v 0.150000 0.053667 0.383317
v -0.150000 0.053666 0.383317
v 0.150000 0.051958 0.384646
v -0.150000 0.051958 0.384646
v 0.150000 0.050254 0.385942
v -0.150000 0.050254 0.385942
v 0.150000 0.048553 0.387202
v -0.150000 0.048553 0.387202
v 0.150000 0.046856 0.388428
v -0.150000 0.046856 0.388428
v 0.150000 0.045162 0.389620
v -0.150000 0.045162 0.389620
v 0.150000 0.043472 0.390777
v -0.150000 0.043472 0.390777
v 0.150000 0.041786 0.391900
v -0.150000 0.041785 0.391900
v 0.150000 0.040103 0.392988
v -0.150000 0.040103 0.392988
v 0.150000 0.038424 0.394041
v -0.150000 0.038424 0.394041
v 0.150000 0.036748 0.395060
v -0.150000 0.036748 0.395060
v 0.150000 0.035076 0.396044
v -0.150000 0.035076 0.396044
v 0.150000 0.033408 0.396994
v -0.150000 0.033408 0.396994
v 0.150000 0.031743 0.397909
v -0.150000 0.031743 0.397909
v 0.150000 0.030082 0.398790
v -0.150000 0.030082 0.398790
v 0.150000 0.028424 0.399636
v -0.150000 0.028424 0.399636
v 0.150000 0.026771 0.400448
v -0.150000 0.026771 0.400448
v 0.150000 0.025120 0.401225
v -0.150000 0.025120 0.401225
v 0.150000 0.023474 0.401968
v -0.150000 0.023474 0.401968
v 0.150000 0.021831 0.402676
v -0.150000 0.021831 0.402676
v 0.150000 0.020191 0.403349
v -0.150000 0.020191 0.403349
v 0.150000 0.018556 0.403988
v -0.150000 0.018556 0.403988
v 0.150000 0.016924 0.404593
v -0.150000 0.016924 0.404593
v 0.150000 0.015295 0.405163
v -0.150000 0.015295 0.405163
v 0.150000 0.013670 0.405698
v -0.150000 0.013670 0.405698
v 0.150000 0.012049 0.406199
v -0.150000 0.012049 0.406199
v 0.150000 0.010431 0.406665
v -0.150000 0.010431 0.406665
v 0.150000 0.008817 0.407097
v -0.150000 0.008817 0.407097
v 0.150000 0.007207 0.407494
v -0.150000 0.007207 0.407494
v 0.150000 0.005600 0.407857
v -0.150000 0.005600 0.407857
v 0.150000 0.003997 0.408185
v -0.150000 0.003997 0.408185
v 0.150000 0.002398 0.408478
v -0.150000 0.002398 0.408478
v 0.150000 0.000802 0.408737
v -0.150000 0.000802 0.408737
v 0.150000 -0.000791 0.408962
v -0.150000 -0.000791 0.408962
v 0.150000 -0.002379 0.409152
v -0.150000 -0.002379 0.409152
v 0.150000 -0.003964 0.409307
v -0.150000 -0.003964 0.409307
v 0.150000 -0.005546 0.409428
v -0.150000 -0.005546 0.409428
v 0.150000 -0.007123 0.409515
v -0.150000 -0.007123 0.409515
v 0.150000 -0.008698 0.409566
v -0.150000 -0.008698 0.409566
v 0.150000 -0.010268 0.409584
v -0.150000 -0.010268 0.409584
v 0.150000 -0.012621 0.409570
v -0.150000 -0.012621 0.409570
v 0.150000 -0.014936 0.409531
v -0.150000 -0.014936 0.409531
v 0.150000 -0.017214 0.409466
v -0.150000 -0.017214 0.409466
v 0.150000 -0.019455 0.409374
v -0.150000 -0.019455 0.409374
v 0.150000 -0.021660 0.409256
v -0.150000 -0.021660 0.409256
v 0.150000 -0.023827 0.409112
v -0.150000 -0.023827 0.409112
v 0.150000 -0.025957 0.408942
v -0.150000 -0.025957 0.408942
v 0.150000 -0.028050 0.408746
v -0.150000 -0.028050 0.408746
v 0.150000 -0.030106 0.408523
v -0.150000 -0.030106 0.408523
v 0.150000 -0.032125 0.408274
v -0.150000 -0.032125 0.408274
v 0.150000 -0.034107 0.408000
v -0.150000 -0.034107 0.408000
v 0.150000 -0.036052 0.407698
v -0.150000 -0.036052 0.407698
v 0.150000 -0.037960 0.407371
v -0.150000 -0.037960 0.407371
v 0.150000 -0.039831 0.407018
v -0.150000 -0.039831 0.407018
v 0.150000 -0.041664 0.406638
v -0.150000 -0.041664 0.406638
v 0.150000 -0.043461 0.406232
v -0.150000 -0.043461 0.406232
v 0.150000 -0.045221 0.405800
v -0.150000 -0.045221 0.405800
v 0.150000 -0.046944 0.405342
v -0.150000 -0.046944 0.405342
v 0.150000 -0.048629 0.404858
v -0.150000 -0.048629 0.404858
v 0.150000 -0.050278 0.404347
v -0.150000 -0.050278 0.404347
v 0.150000 -0.051889 0.403810
v -0.150000 -0.051889 0.403810
v 0.150000 -0.053464 0.403247
v -0.150000 -0.053464 0.403247
v 0.150000 -0.055001 0.402658
v -0.150000 -0.055001 0.402658
v 0.150000 -0.056501 0.402043
v -0.150000 -0.056501 0.402043
v 0.150000 -0.057965 0.401401
v -0.150000 -0.057965 0.401401
v 0.150000 -0.059391 0.400734
v -0.150000 -0.059391 0.400734
v 0.150000 -0.060780 0.400040
v -0.150000 -0.060780 0.400040
v 0.150000 -0.062132 0.399320
v -0.150000 -0.062132 0.399320
v 0.150000 -0.063447 0.398574
v -0.150000 -0.063447 0.398574
v 0.150000 -0.064726 0.397801
v -0.150000 -0.064726 0.397801
v 0.150000 -0.065967 0.397003
v -0.150000 -0.065967 0.397003
v 0.150000 -0.067171 0.396178
v -0.150000 -0.067171 0.396178
v 0.150000 -0.068337 0.395327
v -0.150000 -0.068337 0.395327
v 0.150000 -0.069467 0.394450
v -0.150000 -0.069467 0.394450
v 0.150000 -0.070560 0.393547
v -0.150000 -0.070560 0.393547
v 0.150000 -0.071616 0.392617
v -0.150000 -0.071616 0.392617
v 0.150000 -0.072635 0.391661
v -0.150000 -0.072635 0.391661
v 0.150000 -0.073617 0.390680
v -0.150000 -0.073617 0.390680
v 0.150000 -0.074561 0.389672
v -0.150000 -0.074561 0.389672
v 0.150000 -0.075469 0.388637
v -0.150000 -0.075469 0.388637
v 0.150000 -0.076339 0.387577
v -0.150000 -0.076339 0.387577
v 0.150000 -0.077173 0.386490
v -0.150000 -0.077173 0.386490
v 0.150000 -0.077969 0.385378
v -0.150000 -0.077969 0.385378
v 0.150000 -0.078729 0.384239
v -0.150000 -0.078729 0.384239
v 0.150000 -0.079451 0.383074
v -0.150000 -0.079451 0.383074
v 0.150000 -0.080137 0.381882
v -0.150000 -0.080137 0.381882
v 0.150000 -0.080785 0.380665
v -0.150000 -0.080785 0.380665
v 0.150000 -0.081396 0.379421
v -0.150000 -0.081396 0.379421
v 0.150000 -0.081970 0.378151
v -0.150000 -0.081970 0.378151
v 0.150000 -0.082507 0.376855
v -0.150000 -0.082508 0.376855
v 0.150000 -0.083008 0.375533
v -0.150000 -0.083008 0.375533
v 0.150000 -0.083471 0.374184
v -0.150000 -0.083471 0.374184
v 0.150000 -0.083897 0.372810
v -0.150000 -0.083897 0.372810
v 0.150000 -0.084286 0.371409
v -0.150000 -0.084286 0.371409
v 0.150000 -0.084638 0.369982
v -0.150000 -0.084638 0.369982
v 0.150000 -0.084953 0.368529
v -0.150000 -0.084953 0.368529
v 0.150000 -0.085230 0.367050
v -0.150000 -0.085230 0.367050
v 0.150000 -0.085471 0.365544
v -0.150000 -0.085471 0.365544
v 0.150000 -0.085675 0.364012
v -0.150000 -0.085675 0.364012
v 0.150000 -0.085842 0.362455
v -0.150000 -0.085842 0.362455
v 0.150000 -0.085971 0.360871
v -0.150000 -0.085971 0.360871
v 0.150000 -0.086064 0.359260
v -0.150000 -0.086064 0.359260
v 0.150000 -0.086119 0.357624
v -0.150000 -0.086119 0.357624
v 0.150000 -0.086138 0.355961
v -0.150000 -0.086138 0.355961
v 0.150000 -0.086129 0.355085
v -0.150000 -0.086129 0.355085
v 0.150000 -0.086103 0.354205
v -0.150000 -0.086103 0.354205
v 0.150000 -0.086059 0.353319
v -0.150000 -0.086059 0.353319
v 0.150000 -0.085998 0.352429
v -0.150000 -0.085998 0.352429
v 0.150000 -0.085919 0.351535
v -0.150000 -0.085919 0.351535
v 0.150000 -0.085822 0.350635
v -0.150000 -0.085822 0.350635
v 0.150000 -0.085708 0.349731
v -0.150000 -0.085708 0.349731
v 0.150000 -0.085577 0.348822
v -0.150000 -0.085577 0.348822
v 0.150000 -0.085427 0.347908
v -0.150000 -0.085427 0.347908
v 0.150000 -0.085261 0.346989
v -0.150000 -0.085261 0.346989
v 0.150000 -0.085076 0.346066
v -0.150000 -0.085076 0.346066
v 0.150000 -0.084875 0.345138
v -0.150000 -0.084875 0.345138
v 0.150000 -0.084655 0.344206
v -0.150000 -0.084655 0.344206
v 0.150000 -0.084418 0.343268
v -0.150000 -0.084418 0.343268
v 0.150000 -0.084164 0.342326
v -0.150000 -0.084164 0.342326
v 0.150000 -0.083892 0.341379
v -0.150000 -0.083892 0.341379
v 0.150000 -0.083602 0.340427
v -0.150000 -0.083602 0.340427
v 0.150000 -0.083295 0.339471
v -0.150000 -0.083295 0.339471
v 0.150000 -0.082971 0.338510
v -0.150000 -0.082971 0.338510
v 0.150000 -0.082628 0.337544
v -0.150000 -0.082628 0.337544
v 0.150000 -0.082269 0.336574
v -0.150000 -0.082269 0.336574
v 0.150000 -0.081891 0.335598
v -0.150000 -0.081891 0.335598
v 0.150000 -0.081497 0.334618
v -0.150000 -0.081497 0.334618
v 0.150000 -0.081084 0.333633
v -0.150000 -0.081084 0.333633
v 0.150000 -0.080654 0.332644
v -0.150000 -0.080654 0.332644
v 0.150000 -0.080207 0.331650
v -0.150000 -0.080207 0.331650
v 0.150000 -0.079742 0.330651
v -0.150000 -0.079742 0.330651
v 0.150000 -0.079259 0.329647
v -0.150000 -0.079259 0.329647
v 0.150000 -0.078759 0.328639
v -0.150000 -0.078759 0.328639
v 0.150000 -0.078241 0.327625
v -0.150000 -0.078241 0.327625
v 0.150000 -0.077706 0.326607
v -0.150000 -0.077706 0.326607
v 0.150000 -0.077153 0.325585
v -0.150000 -0.077153 0.325585
v 0.150000 -0.076583 0.324557
v -0.150000 -0.076583 0.324557
v 0.150000 -0.075995 0.323525
v -0.150000 -0.075995 0.323525
v 0.150000 -0.075390 0.322488
v -0.150000 -0.075390 0.322488
v 0.150000 -0.074767 0.321447
v -0.150000 -0.074767 0.321447
v 0.150000 -0.074126 0.320400
v -0.150000 -0.074126 0.320400
v 0.150000 -0.073468 0.319349
v -0.150000 -0.073468 0.319349
v 0.150000 -0.072793 0.318294
v -0.150000 -0.072793 0.318294
v 0.150000 -0.072100 0.317233
v -0.150000 -0.072100 0.317233
v 0.150000 -0.071389 0.316168
v -0.150000 -0.071389 0.316168
v 0.150000 -0.070661 0.315098
v -0.150000 -0.070661 0.315098
v 0.150000 -0.069915 0.314023
v -0.150000 -0.069915 0.314023
v 0.150000 -0.069152 0.312943
v -0.150000 -0.069152 0.312943
v 0.150000 -0.068371 0.311859
v -0.150000 -0.068371 0.311859
v 0.150000 -0.067572 0.310770
v -0.150000 -0.067572 0.310770
v 0.150000 -0.066756 0.309677
v -0.150000 -0.066756 0.309677
v 0.150000 -0.065923 0.308578
v -0.150000 -0.065923 0.308578
v 0.150000 -0.065072 0.307475
v -0.150000 -0.065072 0.307475
v 0.150000 -0.064203 0.306367
v -0.150000 -0.064203 0.306367
v 0.150000 -0.063317 0.305254
v -0.150000 -0.063317 0.305254
v 0.150000 -0.062413 0.304137
v -0.150000 -0.062413 0.304137
v 0.150000 -0.061492 0.303015
v -0.150000 -0.061492 0.303015
v 0.150000 -0.060553 0.301888
v -0.150000 -0.060553 0.301888
v 0.150000 -0.059597 0.300757
v -0.150000 -0.059597 0.300757
v 0.150000 -0.058623 0.299620
v -0.150000 -0.058623 0.299620
v 0.150000 -0.057631 0.298479
v -0.150000 -0.057631 0.298479
v 0.150000 -0.056622 0.297333
v -0.150000 -0.056622 0.297333
v 0.150000 -0.055596 0.296183
v -0.150000 -0.055596 0.296183
v 0.150000 -0.054552 0.295028
v -0.150000 -0.054552 0.295028
v 0.150000 -0.053490 0.293868
v -0.150000 -0.053490 0.293868
v 0.150000 -0.052411 0.292703
v -0.150000 -0.052411 0.292703
v 0.150000 -0.051314 0.291534
v -0.150000 -0.051314 0.291534
v 0.150000 -0.050200 0.290359
v -0.150000 -0.050200 0.290359
v 0.150000 -0.046270 0.286474
v -0.150000 -0.046270 0.286474
v 0.150000 -0.042362 0.282591
v -0.150000 -0.042362 0.282591
v 0.150000 -0.038475 0.278710
v -0.150000 -0.038475 0.278710
v 0.150000 -0.034608 0.274830
v -0.150000 -0.034608 0.274830
v 0.150000 -0.030762 0.270953
v -0.150000 -0.030762 0.270953
v 0.150000 -0.026938 0.267077
v -0.150000 -0.026938 0.267077
v 0.150000 -0.023134 0.263204
v -0.150000 -0.023134 0.263204
v 0.150000 -0.019351 0.259332
v -0.150000 -0.019351 0.259332
v 0.150000 -0.015589 0.255463
v -0.150000 -0.015589 0.255463
v 0.150000 -0.011847 0.251595
v -0.150000 -0.011847 0.251595
v 0.150000 -0.008127 0.247729
v -0.150000 -0.008127 0.247729
v 0.150000 -0.004428 0.243865
v -0.150000 -0.004428 0.243865
v 0.150000 -0.000749 0.240004
v -0.150000 -0.000749 0.240004
v 0.150000 0.002909 0.236144
v -0.150000 0.002909 0.236144
v 0.150000 0.006545 0.232286
v -0.150000 0.006545 0.232286
v 0.150000 0.010161 0.228430
v -0.150000 0.010161 0.228430
v 0.150000 0.013756 0.224576
v -0.150000 0.013756 0.224576
v 0.150000 0.017330 0.220724
v -0.150000 0.017330 0.220724
v 0.150000 0.020883 0.216874
v -0.150000 0.020883 0.216874
v 0.150000 0.024416 0.213025
v -0.150000 0.024416 0.213025
v 0.150000 0.027927 0.209179
v -0.150000 0.027927 0.209179
v 0.150000 0.031418 0.205335
v -0.150000 0.031418 0.205335
v 0.150000 0.034887 0.201493
v -0.150000 0.034887 0.201493
v 0.150000 0.038336 0.197652
v -0.150000 0.038336 0.197652
v 0.150000 0.041764 0.193814
v -0.150000 0.041764 0.193814
v 0.150000 0.045171 0.189977
v -0.150000 0.045171 0.189977
v 0.150000 0.048557 0.186143
v -0.150000 0.048557 0.186143
v 0.150000 0.051922 0.182310
v -0.150000 0.051922 0.182310
v 0.150000 0.055266 0.178480
v -0.150000 0.055266 0.178480
v 0.150000 0.058590 0.174651
v -0.150000 0.058590 0.174651
v 0.150000 0.061892 0.170824
v -0.150000 0.061892 0.170824
v 0.150000 0.065174 0.166999
v -0.150000 0.065174 0.166999
v 0.150000 0.068435 0.163177
v -0.150000 0.068435 0.163177
v 0.150000 0.071675 0.159356
v -0.150000 0.071675 0.159356
v 0.150000 0.074894 0.155537
v -0.150000 0.074894 0.155537
v 0.150000 0.078092 0.151720
v -0.150000 0.078092 0.151720
v 0.150000 0.081269 0.147905
v -0.150000 0.081269 0.147905
v 0.150000 0.084425 0.144092
v -0.150000 0.084425 0.144092
v 0.150000 0.087560 0.140281
v -0.150000 0.087560 0.140281
v 0.150000 0.090675 0.136471
v -0.150000 0.090675 0.136471
v 0.150000 0.093769 0.132664
v -0.150000 0.093769 0.132664
v 0.150000 0.096841 0.128859
v -0.150000 0.096841 0.128859
v 0.150000 0.099893 0.125056
v -0.150000 0.099893 0.125056
v 0.150000 0.102924 0.121254
v -0.150000 0.102924 0.121254
v 0.150000 0.105934 0.117455
v -0.150000 0.105934 0.117455
v 0.150000 0.108923 0.113657
v -0.150000 0.108923 0.113657
v 0.150000 0.111892 0.109862
v -0.150000 0.111891 0.109862
v 0.150000 0.114839 0.106068
v -0.150000 0.114839 0.106068
v 0.150000 0.117765 0.102277
v -0.150000 0.117765 0.102277
v 0.150000 0.120671 0.098487
v -0.150000 0.120671 0.098487
v 0.150000 0.123556 0.094699
v -0.150000 0.123556 0.094699
v 0.150000 0.126419 0.090913
v -0.150000 0.126419 0.090913
v 0.150000 0.129262 0.087129
v -0.150000 0.129262 0.087129
v 0.150000 0.132084 0.083348
v -0.150000 0.132084 0.083348
v 0.150000 0.134886 0.079568
v -0.150000 0.134886 0.079568
v 0.150000 0.137666 0.075790
v -0.150000 0.137666 0.075790
v 0.150000 0.140425 0.072014
v -0.150000 0.140425 0.072014
v 0.150000 0.143164 0.068240
v -0.150000 0.143164 0.068240
v 0.150000 0.145881 0.064467
v -0.150000 0.145881 0.064467
v 0.150000 0.148578 0.060697
v -0.150000 0.148578 0.060697
v 0.150000 0.151254 0.056929
v -0.150000 0.151254 0.056929
v 0.150000 0.153909 0.053163
v -0.150000 0.153909 0.053163
v 0.150000 0.156543 0.049398
v -0.150000 0.156543 0.049398
v 0.150000 0.159156 0.045636
v -0.150000 0.159156 0.045636
v 0.150000 0.152779 0.039124
v -0.150000 0.152779 0.039124
v 0.150000 0.146484 0.032531
v -0.150000 0.146484 0.032531
v 0.150000 0.140272 0.025857
v -0.150000 0.140272 0.025857
v 0.150000 0.134141 0.019101
v -0.150000 0.134141 0.019101
v 0.150000 0.128092 0.012264
v -0.150000 0.128092 0.012264
v 0.150000 0.122124 0.005346
v -0.150000 0.122124 0.005346
v 0.150000 0.116239 -0.001654
v -0.150000 0.116239 -0.001654
v 0.150000 0.110436 -0.008735
v -0.150000 0.110436 -0.008735
v 0.150000 0.104714 -0.015897
v -0.150000 0.104714 -0.015897
v 0.150000 0.099075 -0.023141
v -0.150000 0.099075 -0.023141
v 0.150000 0.093517 -0.030466
v -0.150000 0.093517 -0.030466
v 0.150000 0.088041 -0.037873
v -0.150000 0.088041 -0.037873
v 0.150000 0.082647 -0.045360
v -0.150000 0.082647 -0.045360
v 0.150000 0.077335 -0.052929
v -0.150000 0.077335 -0.052929
v 0.150000 0.072105 -0.060580
v -0.150000 0.072105 -0.060580
v 0.150000 0.066957 -0.068311
v -0.150000 0.066957 -0.068311
v 0.150000 0.061890 -0.076125
v -0.150000 0.061890 -0.076125
v 0.150000 0.056906 -0.084019
v -0.150000 0.056906 -0.084019
v 0.150000 0.052003 -0.091995
v -0.150000 0.052003 -0.091995
v 0.150000 0.047182 -0.100052
v -0.150000 0.047182 -0.100052
v 0.150000 0.042444 -0.108190
v -0.150000 0.042444 -0.108190
v 0.150000 0.037787 -0.116410
v -0.150000 0.037787 -0.116410
v 0.150000 0.033212 -0.124711
v -0.150000 0.033212 -0.124711
v 0.150000 0.028719 -0.133093
v -0.150000 0.028719 -0.133093
v 0.150000 0.024307 -0.141557
v -0.150000 0.024307 -0.141557
v 0.150000 0.019978 -0.150102
v -0.150000 0.019978 -0.150102
v 0.150000 0.015731 -0.158728
v -0.150000 0.015731 -0.158728
v 0.150000 0.011565 -0.167436
v -0.150000 0.011565 -0.167436
v 0.150000 0.007481 -0.176225
v -0.150000 0.007481 -0.176225
v 0.150000 0.003479 -0.185096
v -0.150000 0.003479 -0.185096
v 0.150000 -0.000440 -0.194047
v -0.150000 -0.000440 -0.194047
v 0.150000 -0.004278 -0.203080
v -0.150000 -0.004278 -0.203080
v 0.150000 -0.008035 -0.212195
v -0.150000 -0.008035 -0.212195
v 0.150000 -0.011709 -0.221391
v -0.150000 -0.011709 -0.221391
v 0.150000 -0.015301 -0.230668
v -0.150000 -0.015301 -0.230668
v 0.150000 -0.018812 -0.240026
v -0.150000 -0.018812 -0.240026
v 0.150000 -0.022240 -0.249466
v -0.150000 -0.022240 -0.249466
v 0.150000 -0.025587 -0.258987
v -0.150000 -0.025587 -0.258987
v 0.150000 -0.028852 -0.268589
v -0.150000 -0.028852 -0.268589
v 0.150000 -0.032034 -0.278273
v -0.150000 -0.032034 -0.278273
v 0.150000 -0.035135 -0.288038
v -0.150000 -0.035135 -0.288038
v 0.150000 -0.038155 -0.297884
v -0.150000 -0.038155 -0.297884
v 0.150000 -0.041092 -0.307812
v -0.150000 -0.041092 -0.307812
v 0.150000 -0.043947 -0.317821
v -0.150000 -0.043947 -0.317821
v 0.150000 -0.046721 -0.327912
v -0.150000 -0.046721 -0.327912
v 0.150000 -0.049412 -0.338083
v -0.150000 -0.049412 -0.338083
v 0.150000 -0.052022 -0.348336
v -0.150000 -0.052022 -0.348336
v 0.150000 -0.054549 -0.358671
v -0.150000 -0.054549 -0.358671
v 0.150000 -0.056995 -0.369086
v -0.150000 -0.056995 -0.369086
v 0.150000 -0.059359 -0.379584
v -0.150000 -0.059359 -0.379584
v 0.150000 -0.061641 -0.390162
v -0.150000 -0.061641 -0.390162
v 0.150000 -0.063842 -0.400822
v -0.150000 -0.063842 -0.400822
v 0.150000 -0.065960 -0.411563
v -0.150000 -0.065960 -0.411563
v 0.150000 -0.067996 -0.422385
v -0.150000 -0.067996 -0.422385
v 0.150000 -0.069951 -0.433289
v -0.150000 -0.069951 -0.433289
v 0.150000 -0.071823 -0.444274
v -0.150000 -0.071823 -0.444274
v 0.150000 -0.073614 -0.455340
v -0.150000 -0.073614 -0.455340
v 0.150000 -0.075323 -0.466488
v -0.150000 -0.075323 -0.466488
v 0.150000 -0.076950 -0.477717
v -0.150000 -0.076950 -0.477717
v 0.150000 -0.078495 -0.489027
v -0.150000 -0.078495 -0.489027
v 0.150000 -0.079958 -0.500419
v -0.150000 -0.079958 -0.500419
v 0.150000 -0.081340 -0.511892
v -0.150000 -0.081340 -0.511892
v 0.150000 -0.082639 -0.523447
v -0.150000 -0.082639 -0.523447
v 0.150000 -0.083856 -0.535083
v -0.150000 -0.083856 -0.535083
v 0.150000 -0.083853 -0.535277
v -0.150000 -0.083853 -0.535277
v 0.150000 -0.083844 -0.535469
v -0.150000 -0.083844 -0.535469
v 0.150000 -0.083829 -0.535657
v -0.150000 -0.083829 -0.535657
v 0.150000 -0.083807 -0.535843
v -0.150000 -0.083807 -0.535843
v 0.150000 -0.083780 -0.536025
v -0.150000 -0.083780 -0.536025
v 0.150000 -0.083746 -0.536204
v -0.150000 -0.083746 -0.536204
v 0.150000 -0.083706 -0.536380
v -0.150000 -0.083706 -0.536380
v 0.150000 -0.083660 -0.536553
v -0.150000 -0.083660 -0.536553
v 0.150000 -0.083608 -0.536723
v -0.150000 -0.083608 -0.536723
v 0.150000 -0.083550 -0.536891
v -0.150000 -0.083550 -0.536891
v 0.150000 -0.083485 -0.537054
v -0.150000 -0.083486 -0.537054
v 0.150000 -0.083415 -0.537215
v -0.150000 -0.083415 -0.537215
v 0.150000 -0.083338 -0.537373
v -0.150000 -0.083338 -0.537373
v 0.150000 -0.083256 -0.537528
v -0.150000 -0.083256 -0.537528
v 0.150000 -0.083167 -0.537679
v -0.150000 -0.083167 -0.537679
v 0.150000 -0.083072 -0.537828
v -0.150000 -0.083072 -0.537828
v 0.150000 -0.082971 -0.537974
v -0.150000 -0.082971 -0.537974
v 0.150000 -0.082864 -0.538116
v -0.150000 -0.082864 -0.538116
v 0.150000 -0.082750 -0.538256
v -0.150000 -0.082750 -0.538256
v 0.150000 -0.082631 -0.538392
v -0.150000 -0.082631 -0.538392
v 0.150000 -0.082505 -0.538525
v -0.150000 -0.082505 -0.538525
v 0.150000 -0.082373 -0.538655
v -0.150000 -0.082373 -0.538655
v 0.150000 -0.082235 -0.538782
v -0.150000 -0.082235 -0.538782
v 0.150000 -0.082091 -0.538907
v -0.150000 -0.082091 -0.538907
v 0.150000 -0.081941 -0.539028
v -0.150000 -0.081941 -0.539028
v 0.150000 -0.081785 -0.539146
v -0.150000 -0.081785 -0.539146
v 0.150000 -0.081623 -0.539260
v -0.150000 -0.081623 -0.539260
v 0.150000 -0.081454 -0.539372
v -0.150000 -0.081454 -0.539372
v 0.150000 -0.081279 -0.539481
v -0.150000 -0.081279 -0.539481
v 0.150000 -0.081099 -0.539587
v -0.150000 -0.081099 -0.539587
v 0.150000 -0.080912 -0.539689
v -0.150000 -0.080912 -0.539689
v 0.150000 -0.080719 -0.539789
v -0.150000 -0.080719 -0.539789
v 0.150000 -0.080520 -0.539885
v -0.150000 -0.080520 -0.539885
v 0.150000 -0.080314 -0.539979
v -0.150000 -0.080314 -0.539979
v 0.150000 -0.080103 -0.540069
v -0.150000 -0.080103 -0.540069
v 0.150000 -0.079885 -0.540157
v -0.150000 -0.079885 -0.540157
v 0.150000 -0.079662 -0.540241
v -0.150000 -0.079662 -0.540241
v 0.150000 -0.079432 -0.540322
v -0.150000 -0.079432 -0.540322
v 0.150000 -0.079196 -0.540400
v -0.150000 -0.079196 -0.540400
v 0.150000 -0.078954 -0.540475
v -0.150000 -0.078954 -0.540475
v 0.150000 -0.078706 -0.540547
v -0.150000 -0.078706 -0.540547
v 0.150000 -0.078451 -0.540616
v -0.150000 -0.078451 -0.540616
v 0.150000 -0.078191 -0.540682
v -0.150000 -0.078191 -0.540682
v 0.150000 -0.077924 -0.540745
v -0.150000 -0.077924 -0.540745
v 0.150000 -0.077652 -0.540805
v -0.150000 -0.077652 -0.540805
v 0.150000 -0.077373 -0.540861
v -0.150000 -0.077373 -0.540861
v 0.150000 -0.077088 -0.540915
v -0.150000 -0.077088 -0.540915
v 0.150000 -0.076797 -0.540965
v -0.150000 -0.076797 -0.540965
v 0.150000 -0.076500 -0.541013
v -0.150000 -0.076500 -0.541013
v 0.150000 -0.076196 -0.541057
v -0.150000 -0.076196 -0.541057
v 0.150000 -0.075887 -0.541099
v -0.150000 -0.075887 -0.541099
v 0.150000 -0.075571 -0.541137
v -0.150000 -0.075571 -0.541137
v 0.150000 -0.075250 -0.541172
v -0.150000 -0.075250 -0.541172
v 0.150000 -0.074922 -0.541205
v -0.150000 -0.074922 -0.541205
v 0.150000 -0.074588 -0.541234
v -0.150000 -0.074588 -0.541234
v 0.150000 -0.074248 -0.541260
v -0.150000 -0.074248 -0.541260
v 0.150000 -0.073901 -0.541283
v -0.150000 -0.073901 -0.541283
v 0.150000 -0.073549 -0.541303
v -0.150000 -0.073549 -0.541303
v 0.150000 -0.073191 -0.541319
v -0.150000 -0.073191 -0.541319
v 0.150000 -0.072826 -0.541333
v -0.150000 -0.072826 -0.541333
v 0.150000 -0.072455 -0.541344
v -0.150000 -0.072455 -0.541344
v 0.150000 -0.072078 -0.541352
v -0.150000 -0.072078 -0.541352
v 0.150000 -0.071695 -0.541356
v -0.150000 -0.071695 -0.541356
v 0.150000 -0.071306 -0.541358
v -0.150000 -0.071306 -0.541358
v 0.150000 -0.071129 -0.541357
v -0.150000 -0.071129 -0.541357
v 0.150000 -0.070955 -0.541355
v -0.150000 -0.070955 -0.541355
v 0.150000 -0.070783 -0.541351
v -0.150000 -0.070783 -0.541351
v 0.150000 -0.070613 -0.541347
v -0.150000 -0.070613 -0.541347
v 0.150000 -0.070446 -0.541340
v -0.150000 -0.070446 -0.541340
v 0.150000 -0.070282 -0.541333
v -0.150000 -0.070282 -0.541333
v 0.150000 -0.070120 -0.541324
v -0.150000 -0.070120 -0.541324
v 0.150000 -0.069960 -0.541313
v -0.150000 -0.069960 -0.541313
v 0.150000 -0.069803 -0.541301
v -0.150000 -0.069803 -0.541301
v 0.150000 -0.069649 -0.541288
v -0.150000 -0.069649 -0.541288
v 0.150000 -0.069497 -0.541273
v -0.150000 -0.069497 -0.541273
v 0.150000 -0.069348 -0.541257
v -0.150000 -0.069348 -0.541257
v 0.150000 -0.069201 -0.541240
v -0.150000 -0.069201 -0.541240
v 0.150000 -0.069056 -0.541221
v -0.150000 -0.069056 -0.541221
v 0.150000 -0.068914 -0.541201
v -0.150000 -0.068914 -0.541201
v 0.150000 -0.068775 -0.541179
v -0.150000 -0.068775 -0.541179
v 0.150000 -0.068638 -0.541156
v -0.150000 -0.068638 -0.541156
v 0.150000 -0.068504 -0.541132
v -0.150000 -0.068504 -0.541132
v 0.150000 -0.068372 -0.541106
v -0.150000 -0.068372 -0.541106
v 0.150000 -0.068242 -0.541079
v -0.150000 -0.068242 -0.541079
v 0.150000 -0.068116 -0.541051
v -0.150000 -0.068116 -0.541051
v 0.150000 -0.067991 -0.541021
v -0.150000 -0.067991 -0.541021
v 0.150000 -0.067869 -0.540989
v -0.150000 -0.067869 -0.540989
v 0.150000 -0.067750 -0.540957
v -0.150000 -0.067750 -0.540957
v 0.150000 -0.067633 -0.540922
v -0.150000 -0.067633 -0.540922
v 0.150000 -0.067519 -0.540887
v -0.150000 -0.067519 -0.540887
v 0.150000 -0.067407 -0.540850
v -0.150000 -0.067407 -0.540850
v 0.150000 -0.067298 -0.540812
v -0.150000 -0.067298 -0.540812
v 0.150000 -0.067191 -0.540772
v -0.150000 -0.067191 -0.540772
v 0.150000 -0.067086 -0.540731
v -0.150000 -0.067086 -0.540731
v 0.150000 -0.066985 -0.540688
v -0.150000 -0.066985 -0.540688
v 0.150000 -0.066885 -0.540645
v -0.150000 -0.066885 -0.540645
v 0.150000 -0.066789 -0.540599
v -0.150000 -0.066789 -0.540599
v 0.150000 -0.066694 -0.540553
v -0.150000 -0.066694 -0.540553
v 0.150000 -0.066602 -0.540505
v -0.150000 -0.066602 -0.540505
v 0.150000 -0.066513 -0.540455
v -0.150000 -0.066513 -0.540455
v 0.150000 -0.066426 -0.540404
v -0.150000 -0.066426 -0.540404
v 0.150000 -0.066342 -0.540352
v -0.150000 -0.066342 -0.540352
v 0.150000 -0.066260 -0.540299
v -0.150000 -0.066260 -0.540299
v 0.150000 -0.066181 -0.540244
v -0.150000 -0.066181 -0.540244
v 0.150000 -0.066104 -0.540187
v -0.150000 -0.066104 -0.540187
v 0.150000 -0.066030 -0.540129
v -0.150000 -0.066030 -0.540129
v 0.150000 -0.065958 -0.540070
v -0.150000 -0.065959 -0.540070
v 0.150000 -0.065889 -0.540010
v -0.150000 -0.065889 -0.540010
v 0.150000 -0.065823 -0.539948
v -0.150000 -0.065823 -0.539948
v 0.150000 -0.065758 -0.539884
v -0.150000 -0.065758 -0.539884
v 0.150000 -0.065697 -0.539819
v -0.150000 -0.065697 -0.539819
v 0.150000 -0.065637 -0.539753
v -0.150000 -0.065637 -0.539753
v 0.150000 -0.065581 -0.539686
v -0.150000 -0.065581 -0.539686
v 0.150000 -0.065527 -0.539617
v -0.150000 -0.065527 -0.539617
v 0.150000 -0.065475 -0.539546
v -0.150000 -0.065475 -0.539546
v 0.150000 -0.065426 -0.539475
v -0.150000 -0.065426 -0.539475
v 0.150000 -0.065379 -0.539402
v -0.150000 -0.065379 -0.539402
v 0.150000 -0.065335 -0.539327
v -0.150000 -0.065335 -0.539327
v 0.150000 -0.065293 -0.539251
v -0.150000 -0.065293 -0.539251
v 0.150000 -0.065254 -0.539174
v -0.150000 -0.065254 -0.539174
v 0.150000 -0.065218 -0.539095
v -0.150000 -0.065218 -0.539095
v 0.150000 -0.065183 -0.539015
v -0.150000 -0.065183 -0.539015
v 0.150000 -0.065152 -0.538934
v -0.150000 -0.065152 -0.538934
v 0.150000 -0.065123 -0.538851
v -0.150000 -0.065123 -0.538851
v 0.150000 -0.065096 -0.538767
v -0.150000 -0.065096 -0.538767
v 0.150000 -0.065072 -0.538681
v -0.150000 -0.065072 -0.538681
v 0.150000 -0.065050 -0.538594
v -0.150000 -0.065050 -0.538594
v 0.150000 -0.065031 -0.538505
v -0.150000 -0.065031 -0.538505
v 0.150000 -0.062278 -0.528399
v -0.150000 -0.062278 -0.528399
v 0.150000 -0.059473 -0.518365
v -0.150000 -0.059473 -0.518365
v 0.150000 -0.056617 -0.508405
v -0.150000 -0.056617 -0.508405
v 0.150000 -0.053709 -0.498518
v -0.150000 -0.053709 -0.498518
v 0.150000 -0.050750 -0.488705
v -0.150000 -0.050750 -0.488705
v 0.150000 -0.047739 -0.478964
v -0.150000 -0.047739 -0.478964
v 0.150000 -0.044677 -0.469297
v -0.150000 -0.044677 -0.469297
v 0.150000 -0.041563 -0.459703
v -0.150000 -0.041563 -0.459703
v 0.150000 -0.038397 -0.450182
v -0.150000 -0.038397 -0.450182
v 0.150000 -0.035180 -0.440735
v -0.150000 -0.035180 -0.440735
v 0.150000 -0.031912 -0.431361
v -0.150000 -0.031912 -0.431361
v 0.150000 -0.028592 -0.422060
v -0.150000 -0.028592 -0.422060
v 0.150000 -0.025220 -0.412832
v -0.150000 -0.025220 -0.412832
v 0.150000 -0.021797 -0.403678
v -0.150000 -0.021797 -0.403678
v 0.150000 -0.018322 -0.394597
v -0.150000 -0.018322 -0.394597
v 0.150000 -0.014796 -0.385589
v -0.150000 -0.014796 -0.385589
v 0.150000 -0.011218 -0.376654
v -0.150000 -0.011218 -0.376654
v 0.150000 -0.007589 -0.367793
v -0.150000 -0.007589 -0.367793
v 0.150000 -0.003908 -0.359005
v -0.150000 -0.003908 -0.359005
v 0.150000 -0.000176 -0.350290
v -0.150000 -0.000176 -0.350290
v 0.150000 0.003608 -0.341649
v -0.150000 0.003608 -0.341649
v 0.150000 0.007443 -0.333080
v -0.150000 0.007443 -0.333080
v 0.150000 0.011330 -0.324585
v -0.150000 0.011330 -0.324585
v 0.150000 0.015269 -0.316163
v -0.150000 0.015268 -0.316163
v 0.150000 0.019258 -0.307815
v -0.150000 0.019258 -0.307815
v 0.150000 0.023300 -0.299540
v -0.150000 0.023300 -0.299540
v 0.150000 0.027393 -0.291338
v -0.150000 0.027393 -0.291338
v 0.150000 0.031538 -0.283209
v -0.150000 0.031537 -0.283209
v 0.150000 0.035734 -0.275153
v -0.150000 0.035734 -0.275153
v 0.150000 0.039981 -0.267171
v -0.150000 0.039981 -0.267171
v 0.150000 0.044280 -0.259262
v -0.150000 0.044280 -0.259262
v 0.150000 0.048631 -0.251426
v -0.150000 0.048631 -0.251426
v 0.150000 0.053033 -0.243664
v -0.150000 0.053033 -0.243664
v 0.150000 0.057487 -0.235974
v -0.150000 0.057487 -0.235974
v 0.150000 0.061992 -0.228358
v -0.150000 0.061992 -0.228358
v 0.150000 0.066549 -0.220816
v -0.150000 0.066549 -0.220816
v 0.150000 0.071157 -0.213346
v -0.150000 0.071157 -0.213346
v 0.150000 0.075817 -0.205950
v -0.150000 0.075817 -0.205950
v 0.150000 0.080528 -0.198627
v -0.150000 0.080528 -0.198627
v 0.150000 0.085291 -0.191377
v -0.150000 0.085291 -0.191377
v 0.150000 0.090106 -0.184201
v -0.150000 0.090106 -0.184201
v 0.150000 0.094972 -0.177098
v -0.150000 0.094972 -0.177098
v 0.150000 0.099889 -0.170068
v -0.150000 0.099889 -0.170068
v 0.150000 0.104858 -0.163111
v -0.150000 0.104858 -0.163111
v 0.150000 0.109879 -0.156227
v -0.150000 0.109879 -0.156227
v 0.150000 0.114951 -0.149417
v -0.150000 0.114951 -0.149417
v 0.150000 0.120075 -0.142680
v -0.150000 0.120075 -0.142680
v 0.150000 0.125250 -0.136017
v -0.150000 0.125250 -0.136017
v 0.150000 0.130476 -0.129426
v -0.150000 0.130476 -0.129426
v 0.150000 0.135755 -0.122909
v -0.150000 0.135755 -0.122909
v 0.150000 0.141084 -0.116465
v -0.150000 0.141084 -0.116465
v 0.150000 0.146466 -0.110095
v -0.150000 0.146466 -0.110095
v 0.150000 0.151898 -0.103797
v -0.150000 0.151898 -0.103797
v 0.150000 0.157383 -0.097573
v -0.150000 0.157383 -0.097573
v 0.150000 0.162919 -0.091422
v -0.150000 0.162919 -0.091422
v 0.150000 0.168506 -0.085345
v -0.150000 0.168506 -0.085345
v 0.150000 0.174145 -0.079340
v -0.150000 0.174145 -0.079340
v 0.150000 0.179835 -0.073409
v -0.150000 0.179835 -0.073409
v 0.150000 0.185577 -0.067551
v -0.150000 0.185577 -0.067551
v 0.150000 0.191371 -0.061767
v -0.150000 0.191371 -0.061767
v 0.150000 0.197216 -0.056055
v -0.150000 0.197216 -0.056055
v 0.150000 0.203112 -0.050417
v -0.150000 0.203112 -0.050417
v 0.150000 0.209061 -0.044852
v -0.150000 0.209061 -0.044852
v 0.150000 0.215060 -0.039361
v -0.150000 0.215060 -0.039361
v 0.150000 0.216909 -0.042568
v -0.150000 0.216909 -0.042568
v 0.150000 0.218749 -0.045770
v -0.150000 0.218749 -0.045770
v 0.150000 0.220579 -0.048967
v -0.150000 0.220579 -0.048967
v 0.150000 0.222400 -0.052161
v -0.150000 0.222400 -0.052161
v 0.150000 0.224211 -0.055349
v -0.150000 0.224211 -0.055349
v 0.150000 0.226013 -0.058534
v -0.150000 0.226013 -0.058534
v 0.150000 0.227806 -0.061713
v -0.150000 0.227806 -0.061713
v 0.150000 0.229589 -0.064889
v -0.150000 0.229589 -0.064889
v 0.150000 0.231362 -0.068060
v -0.150000 0.231362 -0.068060
v 0.150000 0.233126 -0.071226
v -0.150000 0.233126 -0.071226
v 0.150000 0.234881 -0.074388
v -0.150000 0.234881 -0.074388
v 0.150000 0.236626 -0.077546
v -0.150000 0.236626 -0.077546
v 0.150000 0.238361 -0.080699
v -0.150000 0.238361 -0.080699
v 0.150000 0.240087 -0.083847
v -0.150000 0.240087 -0.083847
v 0.150000 0.241804 -0.086992
v -0.150000 0.241804 -0.086992
v 0.150000 0.243511 -0.090131
v -0.150000 0.243511 -0.090131
v 0.150000 0.245209 -0.093266
v -0.150000 0.245209 -0.093266
v 0.150000 0.246897 -0.096397
v -0.150000 0.246897 -0.096397
v 0.150000 0.248576 -0.099524
v -0.150000 0.248576 -0.099524
v 0.150000 0.250245 -0.102645
v -0.150000 0.250245 -0.102645
v 0.150000 0.251905 -0.105763
v -0.150000 0.251905 -0.105763
v 0.150000 0.253555 -0.108876
v -0.150000 0.253555 -0.108876
v 0.150000 0.255196 -0.111984
v -0.150000 0.255196 -0.111984
v 0.150000 0.256828 -0.115088
v -0.150000 0.256828 -0.115088
v 0.150000 0.258450 -0.118188
v -0.150000 0.258450 -0.118188
v 0.150000 0.260062 -0.121283
v -0.150000 0.260062 -0.121283
v 0.150000 0.261665 -0.124374
v -0.150000 0.261665 -0.124374
v 0.150000 0.263259 -0.127460
v -0.150000 0.263259 -0.127460
v 0.150000 0.264843 -0.130542
v -0.150000 0.264843 -0.130542
v 0.150000 0.266417 -0.133619
v -0.150000 0.266417 -0.133619
v 0.150000 0.267982 -0.136692
v -0.150000 0.267982 -0.136692
v 0.150000 0.269538 -0.139760
v -0.150000 0.269538 -0.139760
v 0.150000 0.271084 -0.142824
v -0.150000 0.271084 -0.142824
v 0.150000 0.272621 -0.145884
v -0.150000 0.272621 -0.145884
v 0.150000 0.274148 -0.148939
v -0.150000 0.274148 -0.148939
v 0.150000 0.275666 -0.151989
v -0.150000 0.275666 -0.151989
v 0.150000 0.277174 -0.155036
v -0.150000 0.277174 -0.155036
v 0.150000 0.278673 -0.158077
v -0.150000 0.278673 -0.158077
v 0.150000 0.280162 -0.161114
v -0.150000 0.280162 -0.161114
v 0.150000 0.281642 -0.164147
v -0.150000 0.281642 -0.164147
v 0.150000 0.283113 -0.167175
v -0.150000 0.283113 -0.167175
v 0.150000 0.284574 -0.170199
v -0.150000 0.284574 -0.170199
v 0.150000 0.286025 -0.173219
v -0.150000 0.286025 -0.173219
v 0.150000 0.287467 -0.176234
v -0.150000 0.287467 -0.176234
v 0.150000 0.288900 -0.179244
v -0.150000 0.288900 -0.179244
v 0.150000 0.290323 -0.182250
v -0.150000 0.290323 -0.182250
v 0.150000 0.291736 -0.185252
v -0.150000 0.291736 -0.185252
v 0.150000 0.293140 -0.188249
v -0.150000 0.293140 -0.188249
v 0.150000 0.294535 -0.191241
v -0.150000 0.294535 -0.191241
v 0.150000 0.295920 -0.194230
v -0.150000 0.295920 -0.194230
v 0.150000 0.297296 -0.197213
v -0.150000 0.297296 -0.197213
v 0.150000 0.298662 -0.200193
v -0.150000 0.298662 -0.200193
v 0.150000 0.300019 -0.203167
v -0.150000 0.300019 -0.203167
v 0.150000 0.301366 -0.206138
v -0.150000 0.301366 -0.206138
v 0.150000 0.302704 -0.209104
v -0.150000 0.302704 -0.209104
v 0.150000 0.304032 -0.212065
v -0.150000 0.304032 -0.212065
v 0.150000 0.305351 -0.215022
v -0.150000 0.305351 -0.215022
v 0.150000 0.306661 -0.217975
v -0.150000 0.306661 -0.217975
v 0.150000 0.307961 -0.220923
v -0.150000 0.307961 -0.220923
v 0.150000 0.309251 -0.223866
v -0.150000 0.309251 -0.223866
v 0.150000 0.310532 -0.226805
v -0.150000 0.310532 -0.226805
v 0.150000 0.311804 -0.229740
v -0.150000 0.311804 -0.229740
v 0.150000 0.313066 -0.232670
v -0.150000 0.313066 -0.232670
v 0.150000 0.314318 -0.235596
v -0.150000 0.314318 -0.235596
v 0.150000 0.313674 -0.235954
v -0.150000 0.313674 -0.235954
v 0.150000 0.313026 -0.236315
v -0.150000 0.313026 -0.236315
v 0.150000 0.312373 -0.236679
v -0.150000 0.312373 -0.236679
v 0.150000 0.311716 -0.237047
v -0.150000 0.311716 -0.237047
v 0.150000 0.311054 -0.237417
v -0.150000 0.311054 -0.237417
v 0.150000 0.310388 -0.237790
v -0.150000 0.310388 -0.237790
v 0.150000 0.309717 -0.238167
v -0.150000 0.309717 -0.238167
v 0.150000 0.309042 -0.238546
v -0.150000 0.309042 -0.238546
v 0.150000 0.308362 -0.238929
v -0.150000 0.308362 -0.238929
v 0.150000 0.307678 -0.239315
v -0.150000 0.307678 -0.239315
v 0.150000 0.306989 -0.239703
v -0.150000 0.306989 -0.239703
v 0.150000 0.306296 -0.240095
v -0.150000 0.306296 -0.240095
v 0.150000 0.305599 -0.240490
v -0.150000 0.305599 -0.240490
v 0.150000 0.304897 -0.240888
v -0.150000 0.304897 -0.240888
v 0.150000 0.304191 -0.241289
v -0.150000 0.304191 -0.241289
v 0.150000 0.303480 -0.241693
v -0.150000 0.303480 -0.241693
v 0.150000 0.302764 -0.242100
v -0.150000 0.302764 -0.242100
v 0.150000 0.302045 -0.242510
v -0.150000 0.302045 -0.242510
v 0.150000 0.301320 -0.242923
v -0.150000 0.301320 -0.242923
v 0.150000 0.300592 -0.243340
v -0.150000 0.300592 -0.243340
v 0.150000 0.299859 -0.243759
v -0.150000 0.299859 -0.243759
v 0.150000 0.299121 -0.244181
v -0.150000 0.299121 -0.244181
v 0.150000 0.298379 -0.244607
v -0.150000 0.298379 -0.244607
v 0.150000 0.297633 -0.245035
v -0.150000 0.297633 -0.245035
v 0.150000 0.296882 -0.245467
v -0.150000 0.296882 -0.245467
v 0.150000 0.296126 -0.245902
v -0.150000 0.296126 -0.245902
v 0.150000 0.295366 -0.246339
v -0.150000 0.295366 -0.246339
v 0.150000 0.294602 -0.246780
v -0.150000 0.294602 -0.246780
v 0.150000 0.293833 -0.247224
v -0.150000 0.293833 -0.247224
v 0.150000 0.293060 -0.247671
v -0.150000 0.293060 -0.247671
v 0.150000 0.292282 -0.248121
v -0.150000 0.292282 -0.248121
v 0.150000 0.291500 -0.248574
v -0.150000 0.291500 -0.248574
v 0.150000 0.290714 -0.249030
v -0.150000 0.290714 -0.249030
v 0.150000 0.289923 -0.249489
v -0.150000 0.289923 -0.249489
v 0.150000 0.289127 -0.249951
v -0.150000 0.289127 -0.249951
v 0.150000 0.288327 -0.250417
v -0.150000 0.288327 -0.250417
v 0.150000 0.287523 -0.250885
v -0.150000 0.287523 -0.250885
v 0.150000 0.286714 -0.251357
v -0.150000 0.286714 -0.251357
v 0.150000 0.285901 -0.251831
v -0.150000 0.285901 -0.251831
v 0.150000 0.285083 -0.252309
v -0.150000 0.285083 -0.252309
v 0.150000 0.284260 -0.252789
v -0.150000 0.284260 -0.252789
v 0.150000 0.283434 -0.253273
v -0.150000 0.283434 -0.253273
v 0.150000 0.282603 -0.253760
v -0.150000 0.282603 -0.253760
v 0.150000 0.281767 -0.254249
v -0.150000 0.281767 -0.254249
v 0.150000 0.280927 -0.254742
v -0.150000 0.280927 -0.254742
v 0.150000 0.280082 -0.255238
v -0.150000 0.280082 -0.255238
v 0.150000 0.279233 -0.255737
v -0.150000 0.279233 -0.255737
v 0.150000 0.278380 -0.256239
v -0.150000 0.278380 -0.256239
v 0.150000 0.277522 -0.256744
v -0.150000 0.277522 -0.256744
v 0.150000 0.276660 -0.257253
v -0.150000 0.276660 -0.257253
v 0.150000 0.275793 -0.257764
v -0.150000 0.275793 -0.257764
v 0.150000 0.274922 -0.258278
v -0.150000 0.274922 -0.258278
v 0.150000 0.274046 -0.258796
v -0.150000 0.274046 -0.258796
v 0.150000 0.273166 -0.259316
v -0.150000 0.273166 -0.259316
v 0.150000 0.272281 -0.259840
v -0.150000 0.272281 -0.259840
v 0.150000 0.271392 -0.260366
v -0.150000 0.271392 -0.260366
v 0.150000 0.270498 -0.260896
v -0.150000 0.270498 -0.260896
v 0.150000 0.269600 -0.261429
v -0.150000 0.269600 -0.261429
v 0.150000 0.268698 -0.261964
v -0.150000 0.268698 -0.261964
v 0.150000 0.267791 -0.262503
v -0.150000 0.267791 -0.262503
v 0.150000 0.266880 -0.263045
v -0.150000 0.266880 -0.263045
v 0.150000 0.265964 -0.263590
v -0.150000 0.265964 -0.263590
v 0.150000 0.265043 -0.264138
v -0.150000 0.265043 -0.264138
v 0.150000 0.264119 -0.264689
v -0.150000 0.264119 -0.264689
v 0.150000 0.263217 -0.265333
v -0.150000 0.263217 -0.265333
v 0.150000 0.262329 -0.265979
v -0.150000 0.262329 -0.265979
v 0.150000 0.261455 -0.266629
v -0.150000 0.261455 -0.266629
v 0.150000 0.260596 -0.267283
v -0.150000 0.260596 -0.267283
v 0.150000 0.259750 -0.267940
v -0.150000 0.259750 -0.267940
v 0.150000 0.258919 -0.268600
v -0.150000 0.258919 -0.268600
v 0.150000 0.258103 -0.269263
v -0.150000 0.258103 -0.269263
v 0.150000 0.257300 -0.269930
v -0.150000 0.257300 -0.269930
v 0.150000 0.256512 -0.270600
v -0.150000 0.256512 -0.270600
v 0.150000 0.255737 -0.271274
v -0.150000 0.255737 -0.271274
v 0.150000 0.254977 -0.271951
v -0.150000 0.254977 -0.271951
v 0.150000 0.254232 -0.272631
v -0.150000 0.254232 -0.272631
v 0.150000 0.253500 -0.273314
v -0.150000 0.253500 -0.273314
v 0.150000 0.252783 -0.274001
v -0.150000 0.252783 -0.274001
v 0.150000 0.252079 -0.274692
v -0.150000 0.252079 -0.274692
v 0.150000 0.251390 -0.275385
v -0.150000 0.251390 -0.275385
v 0.150000 0.250716 -0.276082
v -0.150000 0.250716 -0.276082
v 0.150000 0.250055 -0.276782
v -0.150000 0.250055 -0.276782
v 0.150000 0.249409 -0.277486
v -0.150000 0.249409 -0.277486
v 0.150000 0.248777 -0.278193
v -0.150000 0.248777 -0.278193
v 0.150000 0.248159 -0.278903
v -0.150000 0.248159 -0.278903
v 0.150000 0.247555 -0.279617
v -0.150000 0.247555 -0.279617
v 0.150000 0.246965 -0.280334
v -0.150000 0.246965 -0.280334
v 0.150000 0.246390 -0.281054
v -0.150000 0.246390 -0.281054
v 0.150000 0.245829 -0.281778
v -0.150000 0.245829 -0.281778
v 0.150000 0.245282 -0.282505
v -0.150000 0.245282 -0.282505
v 0.150000 0.244749 -0.283235
v -0.150000 0.244749 -0.283235
v 0.150000 0.244231 -0.283969
v -0.150000 0.244231 -0.283969
v 0.150000 0.243727 -0.284706
v -0.150000 0.243727 -0.284706
v 0.150000 0.243236 -0.285446
v -0.150000 0.243236 -0.285446
v 0.150000 0.242761 -0.286190
v -0.150000 0.242761 -0.286190
v 0.150000 0.242299 -0.286937
v -0.150000 0.242299 -0.286937
v 0.150000 0.241851 -0.287687
v -0.150000 0.241851 -0.287687
v 0.150000 0.241418 -0.288441
v -0.150000 0.241418 -0.288441
v 0.150000 0.240999 -0.289198
v -0.150000 0.240999 -0.289198
v 0.150000 0.240594 -0.289958
v -0.150000 0.240594 -0.289958
v 0.150000 0.240204 -0.290722
v -0.150000 0.240204 -0.290722
v 0.150000 0.239827 -0.291489
v -0.150000 0.239827 -0.291489
v 0.150000 0.239465 -0.292260
v -0.150000 0.239465 -0.292260
v 0.150000 0.239117 -0.293033
v -0.150000 0.239117 -0.293033
v 0.150000 0.238783 -0.293811
v -0.150000 0.238783 -0.293811
v 0.150000 0.238463 -0.294591
v -0.150000 0.238463 -0.294591
v 0.150000 0.238158 -0.295375
v -0.150000 0.238158 -0.295375
v 0.150000 0.237867 -0.296162
v -0.150000 0.237867 -0.296162
v 0.150000 0.237590 -0.296952
v -0.150000 0.237590 -0.296952
v 0.150000 0.237327 -0.297746
v -0.150000 0.237327 -0.297746
v 0.150000 0.237078 -0.298544
v -0.150000 0.237078 -0.298544
v 0.150000 0.236844 -0.299344
v -0.150000 0.236844 -0.299344
v 0.150000 0.236624 -0.300148
v -0.150000 0.236624 -0.300148
v 0.150000 0.236418 -0.300955
v -0.150000 0.236418 -0.300955
v 0.150000 0.236226 -0.301766
v -0.150000 0.236226 -0.301766
v 0.150000 0.236048 -0.302580
v -0.150000 0.236048 -0.302580
v 0.150000 0.235885 -0.303397
v -0.150000 0.235885 -0.303397
v 0.150000 0.235736 -0.304217
v -0.150000 0.235736 -0.304217
v 0.150000 0.235601 -0.305041
v -0.150000 0.235601 -0.305041
v 0.150000 0.235480 -0.305869
v -0.150000 0.235480 -0.305869
v 0.150000 0.235374 -0.306699
v -0.150000 0.235374 -0.306699
v 0.150000 0.235281 -0.307533
v -0.150000 0.235281 -0.307533
v 0.150000 0.235203 -0.308370
v -0.150000 0.235203 -0.308370
v 0.150000 0.235139 -0.309211
v -0.150000 0.235139 -0.309211
v 0.150000 0.235090 -0.310055
v -0.150000 0.235090 -0.310055
v 0.150000 0.235054 -0.310902
v -0.150000 0.235054 -0.310902
v 0.150000 0.235033 -0.311753
v -0.150000 0.235033 -0.311753
v 0.150000 0.235026 -0.312607
v -0.150000 0.235026 -0.312607
v 0.150000 0.235034 -0.314818
v -0.150000 0.235034 -0.314818
v 0.150000 0.235057 -0.316994
v -0.150000 0.235057 -0.316994
v 0.150000 0.235097 -0.319135
v -0.150000 0.235097 -0.319135
v 0.150000 0.235153 -0.321242
v -0.150000 0.235153 -0.321242
v 0.150000 0.235224 -0.323313
v -0.150000 0.235224 -0.323313
v 0.150000 0.235311 -0.325350
v -0.150000 0.235311 -0.325350
v 0.150000 0.235415 -0.327352
v -0.150000 0.235415 -0.327352
v 0.150000 0.235534 -0.329319
v -0.150000 0.235534 -0.329319
v 0.150000 0.235669 -0.331252
v -0.150000 0.235669 -0.331252
v 0.150000 0.235820 -0.333149
v -0.150000 0.235820 -0.333149
v 0.150000 0.235986 -0.335012
v -0.150000 0.235986 -0.335012
v 0.150000 0.236169 -0.336840
v -0.150000 0.236169 -0.336840
v 0.150000 0.236367 -0.338633
v -0.150000 0.236367 -0.338633
v 0.150000 0.236582 -0.340391
v -0.150000 0.236582 -0.340391
v 0.150000 0.236812 -0.342115
v -0.150000 0.236812 -0.342115
v 0.150000 0.237058 -0.343803
v -0.150000 0.237058 -0.343803
v 0.150000 0.237320 -0.345457
v -0.150000 0.237320 -0.345457
v 0.150000 0.237598 -0.347076
v -0.150000 0.237598 -0.347076
v 0.150000 0.237891 -0.348661
v -0.150000 0.237891 -0.348661
v 0.150000 0.238201 -0.350210
v -0.150000 0.238201 -0.350210
v 0.150000 0.238527 -0.351724
v -0.150000 0.238527 -0.351724
v 0.150000 0.238868 -0.353204
v -0.150000 0.238868 -0.353204
v 0.150000 0.239225 -0.354649
v -0.150000 0.239225 -0.354649
v 0.150000 0.239598 -0.356059
v -0.150000 0.239598 -0.356059
v 0.150000 0.239987 -0.357435
v -0.150000 0.239987 -0.357435
v 0.150000 0.240392 -0.358775
v -0.150000 0.240392 -0.358775
v 0.150000 0.240813 -0.360081
v -0.150000 0.240813 -0.360081
v 0.150000 0.241249 -0.361352
v -0.150000 0.241249 -0.361352
v 0.150000 0.241702 -0.362588
v -0.150000 0.241702 -0.362588
v 0.150000 0.242170 -0.363789
v -0.150000 0.242170 -0.363789
v 0.150000 0.242654 -0.364955
v -0.150000 0.242654 -0.364955
v 0.150000 0.243155 -0.366087
v -0.150000 0.243155 -0.366087
v 0.150000 0.243671 -0.367183
v -0.150000 0.243671 -0.367183
v 0.150000 0.244202 -0.368245
v -0.150000 0.244202 -0.368245
v 0.150000 0.244750 -0.369273
v -0.150000 0.244750 -0.369273
v 0.150000 0.245314 -0.370265
v -0.150000 0.245314 -0.370265
v 0.150000 0.245893 -0.371222
v -0.150000 0.245893 -0.371222
v 0.150000 0.246489 -0.372145
v -0.150000 0.246489 -0.372145
v 0.150000 0.247100 -0.373033
v -0.150000 0.247100 -0.373033
v 0.150000 0.247727 -0.373886
v -0.150000 0.247727 -0.373886
v 0.150000 0.248370 -0.374704
v -0.150000 0.248370 -0.374704
v 0.150000 0.249029 -0.375487
v -0.150000 0.249029 -0.375487
v 0.150000 0.249704 -0.376236
v -0.150000 0.249704 -0.376236
v 0.150000 0.250394 -0.376950
v -0.150000 0.250394 -0.376950
v 0.150000 0.251101 -0.377629
v -0.150000 0.251101 -0.377629
v 0.150000 0.251823 -0.378273
v -0.150000 0.251823 -0.378273
v 0.150000 0.252562 -0.378882
v -0.150000 0.252562 -0.378882
v 0.150000 0.253316 -0.379457
v -0.150000 0.253316 -0.379457
v 0.150000 0.254086 -0.379996
v -0.150000 0.254086 -0.379996
v 0.150000 0.254872 -0.380501
v -0.150000 0.254872 -0.380501
v 0.150000 0.255673 -0.380971
v -0.150000 0.255673 -0.380971
v 0.150000 0.256491 -0.381406
v -0.150000 0.256491 -0.381406
v 0.150000 0.257325 -0.381807
v -0.150000 0.257325 -0.381807
v 0.150000 0.258174 -0.382172
v -0.150000 0.258174 -0.382172
v 0.150000 0.259039 -0.382503
v -0.150000 0.259039 -0.382503
v 0.150000 0.259921 -0.382799
v -0.150000 0.259921 -0.382799
v 0.150000 0.260818 -0.383060
v -0.150000 0.260818 -0.383060
v 0.150000 0.261730 -0.383287
v -0.150000 0.261730 -0.383287
v 0.150000 0.262659 -0.383478
v -0.150000 0.262659 -0.383478
v 0.150000 0.263604 -0.383635
v -0.150000 0.263604 -0.383635
v 0.150000 0.264564 -0.383757
v -0.150000 0.264564 -0.383757
v 0.150000 0.265541 -0.383844
v -0.150000 0.265541 -0.383844
v 0.150000 0.266533 -0.383896
v -0.150000 0.266533 -0.383896
v 0.150000 0.267541 -0.383913
v -0.150000 0.267541 -0.383913
v 0.150000 0.267956 -0.383909
v -0.150000 0.267956 -0.383909
v 0.150000 0.268378 -0.383895
v -0.150000 0.268378 -0.383895
v 0.150000 0.268809 -0.383872
v -0.150000 0.268809 -0.383872
v 0.150000 0.269248 -0.383840
v -0.150000 0.269248 -0.383840
v 0.150000 0.269696 -0.383798
v -0.150000 0.269696 -0.383798
v 0.150000 0.270152 -0.383748
v -0.150000 0.270152 -0.383748
v 0.150000 0.270616 -0.383688
v -0.150000 0.270616 -0.383688
v 0.150000 0.271089 -0.383619
v -0.150000 0.271089 -0.383619
v 0.150000 0.271570 -0.383541
v -0.150000 0.271570 -0.383541
v 0.150000 0.272059 -0.383454
v -0.150000 0.272059 -0.383454
v 0.150000 0.272557 -0.383357
v -0.150000 0.272557 -0.383357
v 0.150000 0.273063 -0.383251
v -0.150000 0.273063 -0.383251
v 0.150000 0.273578 -0.383137
v -0.150000 0.273578 -0.383137
v 0.150000 0.274100 -0.383012
v -0.150000 0.274100 -0.383012
v 0.150000 0.274632 -0.382879
v -0.150000 0.274632 -0.382879
v 0.150000 0.275171 -0.382737
v -0.150000 0.275171 -0.382737
v 0.150000 0.275719 -0.382585
v -0.150000 0.275719 -0.382585
v 0.150000 0.276275 -0.382424
v -0.150000 0.276275 -0.382424
v 0.150000 0.276840 -0.382254
v -0.150000 0.276840 -0.382254
v 0.150000 0.277413 -0.382075
v -0.150000 0.277413 -0.382075
v 0.150000 0.277994 -0.381886
v -0.150000 0.277994 -0.381886
v 0.150000 0.278584 -0.381689
v -0.150000 0.278584 -0.381689
v 0.150000 0.279182 -0.381482
v -0.150000 0.279182 -0.381482
v 0.150000 0.279788 -0.381266
v -0.150000 0.279788 -0.381266
v 0.150000 0.280403 -0.381041
v -0.150000 0.280403 -0.381041
v 0.150000 0.281026 -0.380806
v -0.150000 0.281026 -0.380806
v 0.150000 0.281658 -0.380563
v -0.150000 0.281658 -0.380563
v 0.150000 0.282297 -0.380310
v -0.150000 0.282297 -0.380310
v 0.150000 0.282945 -0.380048
v -0.150000 0.282945 -0.380048
v 0.150000 0.283602 -0.379777
v -0.150000 0.283602 -0.379777
v 0.150000 0.284267 -0.379497
v -0.150000 0.284267 -0.379497
v 0.150000 0.284940 -0.379207
v -0.150000 0.284940 -0.379207
v 0.150000 0.285622 -0.378908
v -0.150000 0.285622 -0.378908
v 0.150000 0.286312 -0.378600
v -0.150000 0.286312 -0.378600
v 0.150000 0.287010 -0.378283
v -0.150000 0.287010 -0.378283
v 0.150000 0.287717 -0.377957
v -0.150000 0.287717 -0.377957
v 0.150000 0.288432 -0.377621
v -0.150000 0.288432 -0.377621
v 0.150000 0.289155 -0.377277
v -0.150000 0.289155 -0.377277
v 0.150000 0.289887 -0.376923
v -0.150000 0.289887 -0.376923
v 0.150000 0.290627 -0.376560
v -0.150000 0.290627 -0.376560
v 0.150000 0.291375 -0.376188
v -0.150000 0.291375 -0.376188
v 0.150000 0.292132 -0.375806
v -0.150000 0.292132 -0.375806
v 0.150000 0.292897 -0.375415
v -0.150000 0.292897 -0.375415
v 0.150000 0.293671 -0.375016
v -0.150000 0.293671 -0.375016
v 0.150000 0.294453 -0.374607
v -0.150000 0.294453 -0.374607
v 0.150000 0.295243 -0.374188
v -0.150000 0.295243 -0.374188
v 0.150000 0.296041 -0.373761
v -0.150000 0.296041 -0.373761
v 0.150000 0.296848 -0.373324
v -0.150000 0.296848 -0.373324
v 0.150000 0.297664 -0.372878
v -0.150000 0.297664 -0.372878
v 0.150000 0.298487 -0.372423
v -0.150000 0.298487 -0.372423
v 0.150000 0.299319 -0.371959
v -0.150000 0.299319 -0.371959
v 0.150000 0.300160 -0.371486
v -0.150000 0.300160 -0.371486
v 0.150000 0.301008 -0.371003
v -0.150000 0.301008 -0.371003
v 0.150000 0.301865 -0.370512
v -0.150000 0.301865 -0.370512
v 0.150000 0.302731 -0.370011
v -0.150000 0.302731 -0.370011
v 0.150000 0.303605 -0.369500
v -0.150000 0.303605 -0.369500
v 0.150000 0.304487 -0.368981
v -0.150000 0.304487 -0.368981
v 0.150000 0.305377 -0.368453
v -0.150000 0.305377 -0.368453
v 0.150000 0.306276 -0.367915
v -0.150000 0.306276 -0.367915
v 0.150000 0.307183 -0.367368
v -0.150000 0.307183 -0.367368
v 0.150000 0.308099 -0.366812
v -0.150000 0.308099 -0.366812
v 0.150000 0.309023 -0.366247
v -0.150000 0.309023 -0.366247
v 0.150000 0.309955 -0.365672
v -0.150000 0.309955 -0.365672
v 0.150000 0.310896 -0.365088
v -0.150000 0.310896 -0.365088
v 0.150000 0.314446 -0.362840
v -0.150000 0.314446 -0.362840
v 0.150000 0.318038 -0.360588
v -0.150000 0.318038 -0.360588
v 0.150000 0.321671 -0.358332
v -0.150000 0.321671 -0.358332
v 0.150000 0.325346 -0.356073
v -0.150000 0.325346 -0.356073
v 0.150000 0.329063 -0.353809
v -0.150000 0.329063 -0.353809
v 0.150000 0.332821 -0.351541
v -0.150000 0.332821 -0.351541
v 0.150000 0.336620 -0.349270
v -0.150000 0.336620 -0.349270
v 0.150000 0.340461 -0.346994
v -0.150000 0.340461 -0.346994
v 0.150000 0.344343 -0.344715
v -0.150000 0.344343 -0.344715
v 0.150000 0.348267 -0.342432
v -0.150000 0.348267 -0.342432
v 0.150000 0.352233 -0.340145
v -0.150000 0.352233 -0.340145
v 0.150000 0.356240 -0.337854
v -0.150000 0.356240 -0.337854
v 0.150000 0.360288 -0.335559
v -0.150000 0.360288 -0.335559
v 0.150000 0.364378 -0.333260
v -0.150000 0.364378 -0.333260
v 0.150000 0.368510 -0.330957
v -0.150000 0.368510 -0.330957
v 0.150000 0.372683 -0.328651
v -0.150000 0.372683 -0.328651
v 0.150000 0.376897 -0.326340
v -0.150000 0.376897 -0.326340
v 0.150000 0.381153 -0.324026
v -0.150000 0.381153 -0.324026
v 0.150000 0.385450 -0.321708
v -0.150000 0.385450 -0.321708
v 0.150000 0.389789 -0.319386
v -0.150000 0.389789 -0.319386
v 0.150000 0.394170 -0.317059
v -0.150000 0.394170 -0.317059
v 0.150000 0.398592 -0.314729
v -0.150000 0.398592 -0.314729
v 0.150000 0.403055 -0.312396
v -0.150000 0.403055 -0.312396
v 0.150000 0.407560 -0.310058
v -0.150000 0.407560 -0.310058
v 0.150000 0.412107 -0.307716
v -0.150000 0.412107 -0.307716
v 0.150000 0.416695 -0.305370
v -0.150000 0.416695 -0.305370
v 0.150000 0.421324 -0.303021
v -0.150000 0.421324 -0.303021
v 0.150000 0.425995 -0.300668
v -0.150000 0.425995 -0.300668
v 0.150000 0.430708 -0.298310
v -0.150000 0.430708 -0.298310
v 0.150000 0.435462 -0.295949
v -0.150000 0.435462 -0.295949
v 0.150000 0.440257 -0.293584
v -0.150000 0.440257 -0.293584
v 0.150000 0.445094 -0.291215
v -0.150000 0.445094 -0.291215
v 0.150000 0.449973 -0.288842
v -0.150000 0.449973 -0.288842
v 0.150000 0.454893 -0.286465
v -0.150000 0.454893 -0.286465
v 0.150000 0.459854 -0.284085
v -0.150000 0.459854 -0.284085
v 0.150000 0.464857 -0.281700
v -0.150000 0.464857 -0.281700
v 0.150000 0.469902 -0.279312
v -0.150000 0.469902 -0.279312
v 0.150000 0.474988 -0.276919
v -0.150000 0.474988 -0.276919
v 0.150000 0.480115 -0.274523
v -0.150000 0.480115 -0.274523
v 0.150000 0.485284 -0.272123
v -0.150000 0.485284 -0.272123
v 0.150000 0.490495 -0.269719
v -0.150000 0.490495 -0.269719
v 0.150000 0.495747 -0.267311
v -0.150000 0.495747 -0.267311
v 0.150000 0.501040 -0.264899
v -0.150000 0.501040 -0.264899
v 0.150000 0.506375 -0.262483
v -0.150000 0.506375 -0.262483
v 0.150000 0.511752 -0.260063
v -0.150000 0.511752 -0.260063
v 0.150000 0.517170 -0.257640
v -0.150000 0.517170 -0.257640
v 0.150000 0.522629 -0.255212
v -0.150000 0.522629 -0.255212
v 0.150000 0.528130 -0.252781
v -0.150000 0.528130 -0.252781
v 0.150000 0.533673 -0.250346
v -0.150000 0.533673 -0.250346
v 0.150000 0.539257 -0.247906
v -0.150000 0.539257 -0.247906
v 0.150000 0.544882 -0.245463
v -0.150000 0.544882 -0.245463
v 0.150000 0.550550 -0.243016
v -0.150000 0.550550 -0.243016
v 0.150000 0.556258 -0.240565
v -0.150000 0.556258 -0.240565
v 0.150000 0.562008 -0.238111
v -0.150000 0.562008 -0.238111
v 0.150000 0.567800 -0.235652
v -0.150000 0.567800 -0.235652
v 0.150000 0.573633 -0.233189
v -0.150000 0.573633 -0.233189
v 0.150000 0.579507 -0.230723
v -0.150000 0.579507 -0.230723
v 0.150000 0.585423 -0.228253
v -0.150000 0.585423 -0.228253
v 0.150000 0.591381 -0.225778
v -0.150000 0.591381 -0.225778
v 0.150000 0.597380 -0.223300
v -0.150000 0.597380 -0.223300
v 0.150000 0.603421 -0.220818
v -0.150000 0.603421 -0.220818
v 0.150000 0.609503 -0.218332
v -0.150000 0.609503 -0.218332
v 0.150000 0.615626 -0.215842
v -0.150000 0.615626 -0.215842
v 0.150000 0.621791 -0.213349
v -0.150000 0.621791 -0.213349
v 0.150000 0.621791 -0.406161
v -0.150000 0.621791 -0.406161
v 0.150000 0.621790 -0.407592
v -0.150000 0.621790 -0.407592
v 0.150000 0.621785 -0.409034
v -0.150000 0.621785 -0.409034
v 0.150000 0.621776 -0.410486
v -0.150000 0.621776 -0.410486
v 0.150000 0.621765 -0.411948
v -0.150000 0.621765 -0.411948
v 0.150000 0.621750 -0.413420
v -0.150000 0.621750 -0.413420
v 0.150000 0.621731 -0.414903
v -0.150000 0.621731 -0.414903
v 0.150000 0.621709 -0.416396
v -0.150000 0.621709 -0.416396
v 0.150000 0.621684 -0.417900
v -0.150000 0.621684 -0.417900
v 0.150000 0.621656 -0.419413
v -0.150000 0.621656 -0.419413
v 0.150000 0.621624 -0.420937
v -0.150000 0.621624 -0.420937
v 0.150000 0.621589 -0.422472
v -0.150000 0.621589 -0.422472
v 0.150000 0.621551 -0.424016
v -0.150000 0.621551 -0.424016
v 0.150000 0.621509 -0.425571
v -0.150000 0.621509 -0.425571
v 0.150000 0.621464 -0.427137
v -0.150000 0.621464 -0.427137
v 0.150000 0.621415 -0.428712
v -0.150000 0.621415 -0.428712
v 0.150000 0.621363 -0.430298
v -0.150000 0.621363 -0.430298
v 0.150000 0.621308 -0.431894
v -0.150000 0.621308 -0.431894
v 0.150000 0.621250 -0.433501
v -0.150000 0.621250 -0.433501
v 0.150000 0.621188 -0.435118
v -0.150000 0.621188 -0.435118
v 0.150000 0.621123 -0.436745
v -0.150000 0.621123 -0.436745
v 0.150000 0.621054 -0.438382
v -0.150000 0.621054 -0.438382
v 0.150000 0.620982 -0.440030
v -0.150000 0.620982 -0.440030
v 0.150000 0.620907 -0.441688
v -0.150000 0.620907 -0.441688
v 0.150000 0.620829 -0.443356
v -0.150000 0.620829 -0.443356
v 0.150000 0.620747 -0.445035
v -0.150000 0.620747 -0.445035
v 0.150000 0.620661 -0.446724
v -0.150000 0.620661 -0.446724
v 0.150000 0.620573 -0.448423
v -0.150000 0.620573 -0.448423
v 0.150000 0.620481 -0.450132
v -0.150000 0.620481 -0.450132
v 0.150000 0.620386 -0.451852
v -0.150000 0.620386 -0.451852
v 0.150000 0.620287 -0.453582
v -0.150000 0.620287 -0.453582
v 0.150000 0.620185 -0.455323
v -0.150000 0.620185 -0.455323
v 0.150000 0.620080 -0.457074
v -0.150000 0.620080 -0.457074
v 0.150000 0.619971 -0.458835
v -0.150000 0.619971 -0.458835
v 0.150000 0.619859 -0.460606
v -0.150000 0.619859 -0.460606
v 0.150000 0.619744 -0.462388
v -0.150000 0.619744 -0.462388
v 0.150000 0.619625 -0.464180
v -0.150000 0.619625 -0.464180
v 0.150000 0.619503 -0.465982
v -0.150000 0.619503 -0.465982
v 0.150000 0.619378 -0.467795
v -0.150000 0.619378 -0.467795
v 0.150000 0.619249 -0.469618
v -0.150000 0.619249 -0.469618
v 0.150000 0.619117 -0.471451
v -0.150000 0.619117 -0.471451
v 0.150000 0.618982 -0.473294
v -0.150000 0.618982 -0.473294
v 0.150000 0.618843 -0.475148
v -0.150000 0.618843 -0.475148
v 0.150000 0.618701 -0.477012
v -0.150000 0.618701 -0.477012
v 0.150000 0.618556 -0.478887
v -0.150000 0.618556 -0.478887
v 0.150000 0.618407 -0.480771
v -0.150000 0.618407 -0.480771
v 0.150000 0.618255 -0.482666
v -0.150000 0.618255 -0.482666
v 0.150000 0.618099 -0.484572
v -0.150000 0.618099 -0.484572
v 0.150000 0.617941 -0.486488
v -0.150000 0.617941 -0.486488
v 0.150000 0.617779 -0.488413
v -0.150000 0.617779 -0.488413
v 0.150000 0.617613 -0.490350
v -0.150000 0.617613 -0.490350
v 0.150000 0.617444 -0.492296
v -0.150000 0.617444 -0.492296
v 0.150000 0.617272 -0.494253
v -0.150000 0.617272 -0.494253
v 0.150000 0.617097 -0.496220
v -0.150000 0.617097 -0.496220
v 0.150000 0.616918 -0.498198
v -0.150000 0.616918 -0.498198
v 0.150000 0.616736 -0.500186
v -0.150000 0.616736 -0.500186
v 0.150000 0.616550 -0.502184
v -0.150000 0.616550 -0.502184
v 0.150000 0.616361 -0.504192
v -0.150000 0.616361 -0.504192
v 0.150000 0.616169 -0.506211
v -0.150000 0.616169 -0.506211
v 0.150000 0.615974 -0.508240
v -0.150000 0.615974 -0.508240
v 0.150000 0.615775 -0.510279
v -0.150000 0.615775 -0.510279
v 0.150000 0.615573 -0.512329
v -0.150000 0.615573 -0.512329
v 0.150000 0.615367 -0.514389
v -0.150000 0.615367 -0.514389
v 0.150000 0.615158 -0.516459
v -0.150000 0.615158 -0.516459
v 0.150000 0.614946 -0.518540
v -0.150000 0.614946 -0.518540
v 0.150000 0.657730 -0.531090
v -0.150000 0.657730 -0.531090
v 0.150000 0.657447 -0.529059
v -0.150000 0.657447 -0.529059
v 0.150000 0.657168 -0.527031
v -0.150000 0.657168 -0.527031
v 0.150000 0.656894 -0.525007
v -0.150000 0.656894 -0.525007
v 0.150000 0.656624 -0.522985
v -0.150000 0.656624 -0.522985
v 0.150000 0.656359 -0.520967
v -0.150000 0.656359 -0.520967
v 0.150000 0.656098 -0.518951
v -0.150000 0.656098 -0.518951
v 0.150000 0.655842 -0.516939
v -0.150000 0.655842 -0.516939
v 0.150000 0.655590 -0.514930
v -0.150000 0.655590 -0.514930
v 0.150000 0.655343 -0.512924
v -0.150000 0.655343 -0.512924
v 0.150000 0.655100 -0.510921
v -0.150000 0.655100 -0.510921
v 0.150000 0.654862 -0.508920
v -0.150000 0.654862 -0.508920
v 0.150000 0.654628 -0.506923
v -0.150000 0.654628 -0.506923
v 0.150000 0.654398 -0.504930
v -0.150000 0.654398 -0.504930
v 0.150000 0.654173 -0.502939
v -0.150000 0.654173 -0.502939
v 0.150000 0.653953 -0.500951
v -0.150000 0.653953 -0.500951
v 0.150000 0.653736 -0.498966
v -0.150000 0.653736 -0.498966
v 0.150000 0.653525 -0.496984
v -0.150000 0.653525 -0.496984
v 0.150000 0.653318 -0.495006
v -0.150000 0.653318 -0.495006
v 0.150000 0.653115 -0.493030
v -0.150000 0.653115 -0.493030
v 0.150000 0.652916 -0.491058
v -0.150000 0.652916 -0.491058
v 0.150000 0.652723 -0.489088
v -0.150000 0.652723 -0.489088
v 0.150000 0.652533 -0.487122
v -0.150000 0.652533 -0.487122
v 0.150000 0.652348 -0.485159
v -0.150000 0.652348 -0.485159
v 0.150000 0.652168 -0.483199
v -0.150000 0.652168 -0.483199
v 0.150000 0.651992 -0.481241
v -0.150000 0.651992 -0.481241
v 0.150000 0.651820 -0.479287
v -0.150000 0.651820 -0.479287
v 0.150000 0.651653 -0.477336
v -0.150000 0.651653 -0.477336
v 0.150000 0.651490 -0.475388
v -0.150000 0.651490 -0.475388
v 0.150000 0.651332 -0.473443
v -0.150000 0.651332 -0.473443
v 0.150000 0.651178 -0.471502
v -0.150000 0.651178 -0.471502
v 0.150000 0.651029 -0.469563
v -0.150000 0.651029 -0.469563
v 0.150000 0.650884 -0.467627
v -0.150000 0.650884 -0.467627
v 0.150000 0.650744 -0.465694
v -0.150000 0.650744 -0.465694
v 0.150000 0.650608 -0.463765
v -0.150000 0.650608 -0.463765
v 0.150000 0.650476 -0.461838
v -0.150000 0.650476 -0.461838
v 0.150000 0.650349 -0.459915
v -0.150000 0.650349 -0.459915
v 0.150000 0.650227 -0.457994
v -0.150000 0.650227 -0.457994
v 0.150000 0.650109 -0.456077
v -0.150000 0.650109 -0.456077
v 0.150000 0.649995 -0.454163
v -0.150000 0.649995 -0.454163
v 0.150000 0.649886 -0.452252
v -0.150000 0.649886 -0.452252
v 0.150000 0.649781 -0.450343
v -0.150000 0.649781 -0.450343
v 0.150000 0.649681 -0.448438
v -0.150000 0.649681 -0.448438
v 0.150000 0.649585 -0.446536
v -0.150000 0.649585 -0.446536
v 0.150000 0.649494 -0.444637
v -0.150000 0.649494 -0.444637
v 0.150000 0.649407 -0.442742
v -0.150000 0.649407 -0.442742
v 0.150000 0.649324 -0.440849
v -0.150000 0.649324 -0.440849
v 0.150000 0.649246 -0.438959
v -0.150000 0.649246 -0.438959
v 0.150000 0.649173 -0.437072
v -0.150000 0.649173 -0.437072
v 0.150000 0.649104 -0.435189
v -0.150000 0.649104 -0.435189
v 0.150000 0.649039 -0.433308
v -0.150000 0.649039 -0.433308
v 0.150000 0.648979 -0.431431
v -0.150000 0.648979 -0.431431
v 0.150000 0.648923 -0.429556
v -0.150000 0.648923 -0.429556
v 0.150000 0.648872 -0.427685
v -0.150000 0.648872 -0.427685
v 0.150000 0.648825 -0.425816
v -0.150000 0.648825 -0.425816
v 0.150000 0.648783 -0.423951
v -0.150000 0.648783 -0.423951
v 0.150000 0.648745 -0.422089
v -0.150000 0.648745 -0.422089
v 0.150000 0.648712 -0.420230
v -0.150000 0.648712 -0.420230
v 0.150000 0.648683 -0.418374
v -0.150000 0.648683 -0.418374
v 0.150000 0.648658 -0.416521
v -0.150000 0.648658 -0.416521
v 0.150000 0.648638 -0.414671
v -0.150000 0.648638 -0.414671
v 0.150000 0.648623 -0.412824
v -0.150000 0.648623 -0.412824
v 0.150000 0.648611 -0.410980
v -0.150000 0.648611 -0.410980
v 0.150000 0.648605 -0.409140
v -0.150000 0.648605 -0.409140
v 0.150000 0.648602 -0.407302
v -0.150000 0.648602 -0.407302
v 0.150000 0.648602 -0.203080
v -0.150000 0.648602 -0.203080
v 0.150000 0.650320 -0.202443
v -0.150000 0.650320 -0.202443
v 0.150000 0.652016 -0.201814
v -0.150000 0.652016 -0.201814
v 0.150000 0.653688 -0.201194
v -0.150000 0.653688 -0.201194
v 0.150000 0.655339 -0.200583
v -0.150000 0.655339 -0.200583
v 0.150000 0.656966 -0.199980
v -0.150000 0.656966 -0.199980
v 0.150000 0.658571 -0.199385
v -0.150000 0.658571 -0.199385
v 0.150000 0.660154 -0.198800
v -0.150000 0.660154 -0.198800
v 0.150000 0.661714 -0.198223
v -0.150000 0.661714 -0.198223
v 0.150000 0.663251 -0.197654
v -0.150000 0.663251 -0.197654
v 0.150000 0.664766 -0.197095
v -0.150000 0.664766 -0.197095
v 0.150000 0.666258 -0.196544
v -0.150000 0.666258 -0.196544
v 0.150000 0.667728 -0.196001
v -0.150000 0.667728 -0.196001
v 0.150000 0.669175 -0.195467
v -0.150000 0.669175 -0.195467
v 0.150000 0.670600 -0.194942
v -0.150000 0.670600 -0.194942
v 0.150000 0.672002 -0.194425
v -0.150000 0.672002 -0.194425
v 0.150000 0.673381 -0.193918
v -0.150000 0.673381 -0.193918
v 0.150000 0.674738 -0.193418
v -0.150000 0.674738 -0.193418
v 0.150000 0.676073 -0.192928
v -0.150000 0.676073 -0.192928
v 0.150000 0.677384 -0.192446
v -0.150000 0.677384 -0.192446
v 0.150000 0.678674 -0.191972
v -0.150000 0.678674 -0.191972
v 0.150000 0.679940 -0.191508
v -0.150000 0.679940 -0.191508
v 0.150000 0.681184 -0.191051
v -0.150000 0.681184 -0.191051
v 0.150000 0.682406 -0.190604
v -0.150000 0.682406 -0.190604
v 0.150000 0.683605 -0.190165
v -0.150000 0.683605 -0.190165
v 0.150000 0.684781 -0.189735
v -0.150000 0.684781 -0.189735
v 0.150000 0.685935 -0.189313
v -0.150000 0.685935 -0.189313
v 0.150000 0.687066 -0.188900
v -0.150000 0.687066 -0.188900
v 0.150000 0.688175 -0.188496
v -0.150000 0.688175 -0.188496
v 0.150000 0.689261 -0.188100
v -0.150000 0.689261 -0.188100
v 0.150000 0.690325 -0.187713
v -0.150000 0.690325 -0.187713
v 0.150000 0.691366 -0.187335
v -0.150000 0.691366 -0.187335
v 0.150000 0.692384 -0.186965
v -0.150000 0.692384 -0.186965
v 0.150000 0.693380 -0.186604
v -0.150000 0.693380 -0.186604
v 0.150000 0.694354 -0.186252
v -0.150000 0.694354 -0.186252
v 0.150000 0.695305 -0.185908
v -0.150000 0.695305 -0.185908
v 0.150000 0.696233 -0.185573
v -0.150000 0.696233 -0.185573
v 0.150000 0.697138 -0.185246
v -0.150000 0.697138 -0.185246
v 0.150000 0.698022 -0.184928
v -0.150000 0.698022 -0.184928
v 0.150000 0.698882 -0.184619
v -0.150000 0.698882 -0.184619
v 0.150000 0.699720 -0.184318
v -0.150000 0.699720 -0.184318
v 0.150000 0.700536 -0.184026
v -0.150000 0.700536 -0.184026
v 0.150000 0.701328 -0.183742
v -0.150000 0.701328 -0.183742
v 0.150000 0.702099 -0.183468
v -0.150000 0.702099 -0.183468
v 0.150000 0.702846 -0.183202
v -0.150000 0.702846 -0.183202
v 0.150000 0.703572 -0.182944
v -0.150000 0.703572 -0.182944
v 0.150000 0.704274 -0.182695
v -0.150000 0.704274 -0.182695
v 0.150000 0.704954 -0.182455
v -0.150000 0.704954 -0.182455
v 0.150000 0.705612 -0.182223
v -0.150000 0.705612 -0.182223
v 0.150000 0.706247 -0.182000
v -0.150000 0.706247 -0.182000
v 0.150000 0.706859 -0.181786
v -0.150000 0.706859 -0.181786
v 0.150000 0.707449 -0.181580
v -0.150000 0.707449 -0.181580
v 0.150000 0.708016 -0.181383
v -0.150000 0.708016 -0.181383
v 0.150000 0.708561 -0.181195
v -0.150000 0.708561 -0.181195
v 0.150000 0.709083 -0.181015
v -0.150000 0.709083 -0.181015
v 0.150000 0.709582 -0.180844
v -0.150000 0.709582 -0.180844
v 0.150000 0.710059 -0.180681
v -0.150000 0.710059 -0.180681
v 0.150000 0.710514 -0.180527
v -0.150000 0.710514 -0.180527
v 0.150000 0.710946 -0.180382
v -0.150000 0.710946 -0.180382
v 0.150000 0.711355 -0.180246
v -0.150000 0.711355 -0.180246
v 0.150000 0.711742 -0.180118
v -0.150000 0.711742 -0.180118
v 0.150000 0.712106 -0.179998
v -0.150000 0.712106 -0.179998
v 0.150000 0.712448 -0.179888
v -0.150000 0.712448 -0.179888
v 0.150000 0.712767 -0.179785
v -0.150000 0.712767 -0.179785
v 0.150000 0.713063 -0.179692
v -0.150000 0.713063 -0.179692
v 0.150000 0.718196 -0.177939
v -0.150000 0.718196 -0.177939
v 0.150000 0.723291 -0.176211
v -0.150000 0.723291 -0.176211
v 0.150000 0.728348 -0.174507
v -0.150000 0.728348 -0.174507
v 0.150000 0.733368 -0.172826
v -0.150000 0.733368 -0.172826
v 0.150000 0.738349 -0.171171
v -0.150000 0.738349 -0.171171
v 0.150000 0.743293 -0.169539
v -0.150000 0.743293 -0.169539
v 0.150000 0.748198 -0.167932
v -0.150000 0.748198 -0.167932
v 0.150000 0.753066 -0.166349
v -0.150000 0.753066 -0.166349
v 0.150000 0.757896 -0.164790
v -0.150000 0.757896 -0.164790
v 0.150000 0.762688 -0.163255
v -0.150000 0.762688 -0.163255
v 0.150000 0.767442 -0.161745
v -0.150000 0.767442 -0.161745
v 0.150000 0.772158 -0.160259
v -0.150000 0.772158 -0.160259
v 0.150000 0.776837 -0.158797
v -0.150000 0.776837 -0.158797
v 0.150000 0.781477 -0.157359
v -0.150000 0.781477 -0.157359
v 0.150000 0.786080 -0.155946
v -0.150000 0.786080 -0.155946
v 0.150000 0.790645 -0.154556
v -0.150000 0.790645 -0.154556
v 0.150000 0.795171 -0.153191
v -0.150000 0.795171 -0.153191
v 0.150000 0.799660 -0.151851
v -0.150000 0.799660 -0.151851
v 0.150000 0.804111 -0.150534
v -0.150000 0.804111 -0.150534
v 0.150000 0.808525 -0.149242
v -0.150000 0.808525 -0.149242
v 0.150000 0.812900 -0.147974
v -0.150000 0.812900 -0.147974
v 0.150000 0.817237 -0.146730
v -0.150000 0.817237 -0.146730
v 0.150000 0.821537 -0.145510
v -0.150000 0.821537 -0.145510
v 0.150000 0.825799 -0.144315
v -0.150000 0.825799 -0.144315
v 0.150000 0.830022 -0.143144
v -0.150000 0.830022 -0.143144
v 0.150000 0.834208 -0.141997
v -0.150000 0.834208 -0.141997
v 0.150000 0.838356 -0.140874
v -0.150000 0.838356 -0.140874
v 0.150000 0.842466 -0.139776
v -0.150000 0.842466 -0.139776
v 0.150000 0.846539 -0.138702
v -0.150000 0.846539 -0.138702
v 0.150000 0.850573 -0.137652
v -0.150000 0.850573 -0.137652
v 0.150000 0.854570 -0.136626
v -0.150000 0.854570 -0.136626
v 0.150000 0.858528 -0.135625
v -0.150000 0.858528 -0.135625
v 0.150000 0.862449 -0.134647
v -0.150000 0.862449 -0.134647
v 0.150000 0.866332 -0.133694
v -0.150000 0.866332 -0.133694
v 0.150000 0.870177 -0.132766
v -0.150000 0.870177 -0.132766
v 0.150000 0.873984 -0.131861
v -0.150000 0.873984 -0.131861
v 0.150000 0.877753 -0.130981
v -0.150000 0.877753 -0.130981
v 0.150000 0.881484 -0.130125
v -0.150000 0.881484 -0.130125
v 0.150000 0.885178 -0.129293
v -0.150000 0.885178 -0.129293
v 0.150000 0.888833 -0.128485
v -0.150000 0.888833 -0.128485
v 0.150000 0.892451 -0.127702
v -0.150000 0.892451 -0.127702
v 0.150000 0.896031 -0.126943
v -0.150000 0.896031 -0.126943
v 0.150000 0.899573 -0.126208
v -0.150000 0.899573 -0.126208
v 0.150000 0.903077 -0.125497
v -0.150000 0.903077 -0.125497
v 0.150000 0.906543 -0.124811
v -0.150000 0.906543 -0.124810
v 0.150000 0.909971 -0.124148
v -0.150000 0.909971 -0.124148
v 0.150000 0.913362 -0.123510
v -0.150000 0.913362 -0.123510
v 0.150000 0.916714 -0.122897
v -0.150000 0.916714 -0.122896
v 0.150000 0.920029 -0.122307
v -0.150000 0.920029 -0.122307
v 0.150000 0.923306 -0.121742
v -0.150000 0.923306 -0.121742
v 0.150000 0.926544 -0.121201
v -0.150000 0.926544 -0.121201
v 0.150000 0.929745 -0.120684
v -0.150000 0.929745 -0.120684
v 0.150000 0.932908 -0.120191
v -0.150000 0.932908 -0.120191
v 0.150000 0.936034 -0.119723
v -0.150000 0.936034 -0.119723
v 0.150000 0.939121 -0.119279
v -0.150000 0.939121 -0.119279
v 0.150000 0.942171 -0.118859
v -0.150000 0.942171 -0.118859
v 0.150000 0.945182 -0.118463
v -0.150000 0.945182 -0.118463
v 0.150000 0.948156 -0.118092
v -0.150000 0.948156 -0.118092
v 0.150000 0.951092 -0.117744
v -0.150000 0.951092 -0.117744
v 0.150000 0.953990 -0.117422
v -0.150000 0.953990 -0.117421
v 0.150000 0.956850 -0.117123
v -0.150000 0.956850 -0.117123
v 0.150000 0.959672 -0.116848
v -0.150000 0.959672 -0.116848
v 0.150000 0.962456 -0.116598
v -0.150000 0.962456 -0.116598
v 0.150000 0.965203 -0.116372
v -0.150000 0.965203 -0.116372
v 0.150000 0.964528 -0.113041
v -0.150000 0.964528 -0.113041
v 0.150000 0.963860 -0.109749
v -0.150000 0.963860 -0.109749
v 0.150000 0.963198 -0.106498
v -0.150000 0.963198 -0.106498
v 0.150000 0.962542 -0.103287
v -0.150000 0.962542 -0.103287
v 0.150000 0.961892 -0.100116
v -0.150000 0.961892 -0.100116
v 0.150000 0.961248 -0.096986
v -0.150000 0.961248 -0.096986
v 0.150000 0.960611 -0.093895
v -0.150000 0.960611 -0.093895
v 0.150000 0.959979 -0.090844
v -0.150000 0.959979 -0.090844
v 0.150000 0.959354 -0.087834
v -0.150000 0.959354 -0.087834
v 0.150000 0.958735 -0.084863
v -0.150000 0.958735 -0.084863
v 0.150000 0.958122 -0.081933
v -0.150000 0.958122 -0.081933
v 0.150000 0.957515 -0.079043
v -0.150000 0.957515 -0.079043
v 0.150000 0.956914 -0.076193
v -0.150000 0.956914 -0.076193
v 0.150000 0.956319 -0.073383
v -0.150000 0.956319 -0.073383
v 0.150000 0.955731 -0.070613
v -0.150000 0.955731 -0.070613
v 0.150000 0.955148 -0.067884
v -0.150000 0.955148 -0.067884
v 0.150000 0.954572 -0.065194
v -0.150000 0.954572 -0.065194
v 0.150000 0.954002 -0.062545
v -0.150000 0.954002 -0.062545
v 0.150000 0.953438 -0.059935
v -0.150000 0.953438 -0.059935
v 0.150000 0.952880 -0.057366
v -0.150000 0.952880 -0.057366
v 0.150000 0.952328 -0.054837
v -0.150000 0.952328 -0.054837
v 0.150000 0.951782 -0.052348
v -0.150000 0.951782 -0.052348
v 0.150000 0.951243 -0.049899
v -0.150000 0.951243 -0.049899
v 0.150000 0.950710 -0.047490
v -0.150000 0.950710 -0.047490
v 0.150000 0.950182 -0.045121
v -0.150000 0.950182 -0.045121
v 0.150000 0.949661 -0.042793
v -0.150000 0.949661 -0.042793
v 0.150000 0.949146 -0.040504
v -0.150000 0.949146 -0.040504
v 0.150000 0.948637 -0.038256
v -0.150000 0.948637 -0.038256
v 0.150000 0.948134 -0.036048
v -0.150000 0.948134 -0.036048
v 0.150000 0.947638 -0.033879
v -0.150000 0.947638 -0.033879
v 0.150000 0.947147 -0.031751
v -0.150000 0.947147 -0.031751
v 0.150000 0.946663 -0.029663
v -0.150000 0.946663 -0.029663
v 0.150000 0.946185 -0.027616
v -0.150000 0.946185 -0.027616
v 0.150000 0.945713 -0.025608
v -0.150000 0.945713 -0.025608
v 0.150000 0.945247 -0.023640
v -0.150000 0.945247 -0.023640
v 0.150000 0.944787 -0.021713
v -0.150000 0.944787 -0.021713
v 0.150000 0.944333 -0.019825
v -0.150000 0.944333 -0.019825
v 0.150000 0.943885 -0.017978
v -0.150000 0.943885 -0.017978
v 0.150000 0.943444 -0.016171
v -0.150000 0.943444 -0.016171
v 0.150000 0.943008 -0.014404
v -0.150000 0.943008 -0.014404
v 0.150000 0.942579 -0.012677
v -0.150000 0.942579 -0.012677
v 0.150000 0.942156 -0.010990
v -0.150000 0.942156 -0.010990
v 0.150000 0.941739 -0.009343
v -0.150000 0.941739 -0.009343
v 0.150000 0.941328 -0.007737
v -0.150000 0.941328 -0.007737
v 0.150000 0.940924 -0.006170
v -0.150000 0.940924 -0.006170
v 0.150000 0.940525 -0.004644
v -0.150000 0.940525 -0.004644
v 0.150000 0.940133 -0.003157
v -0.150000 0.940133 -0.003157
v 0.150000 0.939746 -0.001711
v -0.150000 0.939746 -0.001711
v 0.150000 0.939366 -0.000305
v -0.150000 0.939366 -0.000305
v 0.150000 0.938992 0.001061
v -0.150000 0.938992 0.001061
v 0.150000 0.938624 0.002387
v -0.150000 0.938624 0.002387
v 0.150000 0.938262 0.003672
v -0.150000 0.938262 0.003672
v 0.150000 0.937906 0.004918
v -0.150000 0.937906 0.004918
v 0.150000 0.937557 0.006124
v -0.150000 0.937557 0.006124
v 0.150000 0.937213 0.007289
v -0.150000 0.937213 0.007289
v 0.150000 0.936876 0.008414
v -0.150000 0.936876 0.008414
v 0.150000 0.936545 0.009499
v -0.150000 0.936545 0.009499
v 0.150000 0.936220 0.010545
v -0.150000 0.936220 0.010545
v 0.150000 0.935901 0.011549
v -0.150000 0.935901 0.011550
v 0.150000 0.935588 0.012514
v -0.150000 0.935588 0.012514
v 0.150000 0.935281 0.013439
v -0.150000 0.935281 0.013439
v 0.150000 0.934981 0.014324
v -0.150000 0.934981 0.014324
v 0.150000 0.934687 0.015168
v -0.150000 0.934687 0.015168
v 0.150000 0.934398 0.015973
v -0.150000 0.934398 0.015973
v 0.150000 0.934148 0.016592
v -0.150000 0.934148 0.016592
v 0.150000 0.933895 0.017201
v -0.150000 0.933895 0.017201
v 0.150000 0.933639 0.017801
v -0.150000 0.933639 0.017801
v 0.150000 0.933382 0.018390
v -0.150000 0.933382 0.018390
v 0.150000 0.933123 0.018970
v -0.150000 0.933123 0.018970
v 0.150000 0.932861 0.019541
v -0.150000 0.932861 0.019541
v 0.150000 0.932597 0.020101
v -0.150000 0.932597 0.020101
v 0.150000 0.932330 0.020652
v -0.150000 0.932330 0.020652
v 0.150000 0.932062 0.021193
v -0.150000 0.932062 0.021193
v 0.150000 0.931791 0.021724
v -0.150000 0.931791 0.021724
v 0.150000 0.931518 0.022246
v -0.150000 0.931518 0.022246
v 0.150000 0.931243 0.022758
v -0.150000 0.931243 0.022758
v 0.150000 0.930965 0.023260
v -0.150000 0.930965 0.023260
v 0.150000 0.930686 0.023752
v -0.150000 0.930686 0.023752
v 0.150000 0.930404 0.024235
v -0.150000 0.930404 0.024235
v 0.150000 0.930120 0.024708
v -0.150000 0.930120 0.024708
v 0.150000 0.929833 0.025171
v -0.150000 0.929833 0.025171
v 0.150000 0.929545 0.025624
v -0.150000 0.929545 0.025624
v 0.150000 0.929254 0.026068
v -0.150000 0.929254 0.026068
v 0.150000 0.928961 0.026501
v -0.150000 0.928961 0.026501
v 0.150000 0.928666 0.026926
v -0.150000 0.928666 0.026926
v 0.150000 0.928368 0.027340
v -0.150000 0.928368 0.027340
v 0.150000 0.928069 0.027744
v -0.150000 0.928069 0.027744
v 0.150000 0.927767 0.028139
v -0.150000 0.927767 0.028139
v 0.150000 0.927463 0.028524
v -0.150000 0.927463 0.028524
v 0.150000 0.927156 0.028900
v -0.150000 0.927156 0.028900
v 0.150000 0.926848 0.029265
v -0.150000 0.926848 0.029265
v 0.150000 0.926537 0.029621
v -0.150000 0.926537 0.029621
v 0.150000 0.926224 0.029967
v -0.150000 0.926224 0.029967
v 0.150000 0.925908 0.030304
v -0.150000 0.925908 0.030304
v 0.150000 0.925591 0.030630
v -0.150000 0.925591 0.030630
v 0.150000 0.925271 0.030947
v -0.150000 0.925271 0.030947
v 0.150000 0.924949 0.031254
v -0.150000 0.924949 0.031254
v 0.150000 0.924625 0.031551
v -0.150000 0.924625 0.031551
v 0.150000 0.924298 0.031839
v -0.150000 0.924298 0.031839
v 0.150000 0.923970 0.032117
v -0.150000 0.923970 0.032117
v 0.150000 0.923639 0.032385
v -0.150000 0.923639 0.032385
v 0.150000 0.923306 0.032643
v -0.150000 0.923306 0.032643
v 0.150000 0.922970 0.032892
v -0.150000 0.922970 0.032892
v 0.150000 0.922633 0.033131
v -0.150000 0.922633 0.033131
v 0.150000 0.922293 0.033360
v -0.150000 0.922293 0.033360
v 0.150000 0.921951 0.033579
v -0.150000 0.921951 0.033579
v 0.150000 0.921606 0.033789
v -0.150000 0.921606 0.033789
v 0.150000 0.921260 0.033989
v -0.150000 0.921260 0.033989
v 0.150000 0.920911 0.034179
v -0.150000 0.920911 0.034179
v 0.150000 0.920560 0.034359
v -0.150000 0.920560 0.034359
v 0.150000 0.920207 0.034530
v -0.150000 0.920207 0.034530
v 0.150000 0.919852 0.034691
v -0.150000 0.919852 0.034691
v 0.150000 0.919494 0.034842
v -0.150000 0.919494 0.034842
v 0.150000 0.919134 0.034983
v -0.150000 0.919134 0.034983
v 0.150000 0.918772 0.035115
v -0.150000 0.918772 0.035115
v 0.150000 0.918408 0.035236
v -0.150000 0.918408 0.035236
v 0.150000 0.918041 0.035349
v -0.150000 0.918041 0.035349
v 0.150000 0.917672 0.035451
v -0.150000 0.917672 0.035451
v 0.150000 0.917301 0.035544
v -0.150000 0.917301 0.035544
v 0.150000 0.916928 0.035626
v -0.150000 0.916928 0.035626
v 0.150000 0.916553 0.035700
v -0.150000 0.916553 0.035700
v 0.150000 0.916175 0.035763
v -0.150000 0.916175 0.035763
v 0.150000 0.915795 0.035817
v -0.150000 0.915795 0.035817
v 0.150000 0.915413 0.035860
v -0.150000 0.915413 0.035860
v 0.150000 0.915028 0.035894
v -0.150000 0.915028 0.035895
v 0.150000 0.914642 0.035919
v -0.150000 0.914642 0.035919
v 0.150000 0.914253 0.035933
v -0.150000 0.914253 0.035934
v 0.150000 0.913862 0.035938
v -0.150000 0.913862 0.035938
v 0.150000 0.913310 0.035927
v -0.150000 0.913310 0.035927
v 0.150000 0.912760 0.035894
v -0.150000 0.912760 0.035894
v 0.150000 0.912210 0.035839
v -0.150000 0.912210 0.035839
v 0.150000 0.911663 0.035762
v -0.150000 0.911663 0.035762
v 0.150000 0.911116 0.035663
v -0.150000 0.911116 0.035663
v 0.150000 0.910571 0.035542
v -0.150000 0.910571 0.035542
v 0.150000 0.910028 0.035399
v -0.150000 0.910028 0.035399
v 0.150000 0.909486 0.035234
v -0.150000 0.909486 0.035234
v 0.150000 0.908945 0.035047
v -0.150000 0.908945 0.035047
v 0.150000 0.908405 0.034838
v -0.150000 0.908405 0.034838
v 0.150000 0.907867 0.034607
v -0.150000 0.907867 0.034607
v 0.150000 0.907331 0.034354
v -0.150000 0.907331 0.034354
v 0.150000 0.906796 0.034079
v -0.150000 0.906796 0.034079
v 0.150000 0.906262 0.033782
v -0.150000 0.906262 0.033782
v 0.150000 0.905729 0.033463
v -0.150000 0.905729 0.033463
v 0.150000 0.905198 0.033122
v -0.150000 0.905198 0.033122
v 0.150000 0.904669 0.032759
v -0.150000 0.904669 0.032759
v 0.150000 0.904140 0.032374
v -0.150000 0.904140 0.032374
v 0.150000 0.903614 0.031967
v -0.150000 0.903614 0.031967
v 0.150000 0.903088 0.031537
v -0.150000 0.903088 0.031537
v 0.150000 0.902564 0.031086
v -0.150000 0.902564 0.031086
v 0.150000 0.902041 0.030613
v -0.150000 0.902041 0.030613
v 0.150000 0.901520 0.030118
v -0.150000 0.901520 0.030118
v 0.150000 0.901000 0.029601
v -0.150000 0.901000 0.029601
v 0.150000 0.900482 0.029062
v -0.150000 0.900482 0.029062
v 0.150000 0.899964 0.028501
v -0.150000 0.899964 0.028501
v 0.150000 0.899449 0.027918
v -0.150000 0.899449 0.027918
v 0.150000 0.898934 0.027313
v -0.150000 0.898934 0.027313
v 0.150000 0.898421 0.026685
v -0.150000 0.898421 0.026685
v 0.150000 0.897910 0.026036
v -0.150000 0.897910 0.026036
v 0.150000 0.897400 0.025365
v -0.150000 0.897400 0.025365
v 0.150000 0.896891 0.024672
v -0.150000 0.896891 0.024672
v 0.150000 0.896384 0.023957
v -0.150000 0.896384 0.023957
v 0.150000 0.895878 0.023220
v -0.150000 0.895878 0.023220
v 0.150000 0.895373 0.022461
v -0.150000 0.895373 0.022461
v 0.150000 0.894870 0.021679
v -0.150000 0.894870 0.021679
v 0.150000 0.894368 0.020876
v -0.150000 0.894368 0.020876
v 0.150000 0.893868 0.020051
v -0.150000 0.893868 0.020051
v 0.150000 0.893369 0.019204
v -0.150000 0.893369 0.019204
v 0.150000 0.892871 0.018335
v -0.150000 0.892871 0.018335
v 0.150000 0.892375 0.017443
v -0.150000 0.892375 0.017443
v 0.150000 0.891880 0.016530
v -0.150000 0.891880 0.016530
v 0.150000 0.891387 0.015595
v -0.150000 0.891387 0.015595
v 0.150000 0.890895 0.014638
v -0.150000 0.890895 0.014638
v 0.150000 0.890404 0.013659
v -0.150000 0.890404 0.013659
v 0.150000 0.889915 0.012657
v -0.150000 0.889915 0.012657
v 0.150000 0.889427 0.011634
v -0.150000 0.889427 0.011634
v 0.150000 0.888940 0.010589
v -0.150000 0.888940 0.010589
v 0.150000 0.888455 0.009522
v -0.150000 0.888455 0.009522
v 0.150000 0.887972 0.008433
v -0.150000 0.887972 0.008433
v 0.150000 0.887489 0.007321
v -0.150000 0.887489 0.007321
v 0.150000 0.887008 0.006188
v -0.150000 0.887008 0.006188
v 0.150000 0.886529 0.005033
v -0.150000 0.886529 0.005033
v 0.150000 0.886051 0.003856
v -0.150000 0.886051 0.003856
v 0.150000 0.885574 0.002656
v -0.150000 0.885574 0.002656
v 0.150000 0.885099 0.001435
v -0.150000 0.885099 0.001435
v 0.150000 0.884625 0.000192
v -0.150000 0.884625 0.000192
v 0.150000 0.884152 -0.001074
v -0.150000 0.884152 -0.001073
v 0.150000 0.883681 -0.002361
v -0.150000 0.883681 -0.002361
v 0.150000 0.883211 -0.003670
v -0.150000 0.883211 -0.003670
v 0.150000 0.882743 -0.005001
v -0.150000 0.882743 -0.005001
v 0.150000 0.882276 -0.006355
v -0.150000 0.882276 -0.006355
v 0.150000 0.881810 -0.007730
v -0.150000 0.881810 -0.007730
v 0.150000 0.881346 -0.009127
v -0.150000 0.881346 -0.009127
v 0.150000 0.877201 -0.010409
v -0.150000 0.877201 -0.010409
v 0.150000 0.873071 -0.011689
v -0.150000 0.873071 -0.011689
v 0.150000 0.868958 -0.012966
v -0.150000 0.868958 -0.012966
v 0.150000 0.864861 -0.014241
v -0.150000 0.864861 -0.014241
v 0.150000 0.860780 -0.015513
v -0.150000 0.860780 -0.015513
v 0.150000 0.856716 -0.016783
v -0.150000 0.856716 -0.016783
v 0.150000 0.852667 -0.018050
v -0.150000 0.852667 -0.018050
v 0.150000 0.848635 -0.019315
v -0.150000 0.848635 -0.019315
v 0.150000 0.844618 -0.020577
v -0.150000 0.844618 -0.020577
v 0.150000 0.840618 -0.021837
v -0.150000 0.840618 -0.021837
v 0.150000 0.836634 -0.023094
v -0.150000 0.836634 -0.023094
v 0.150000 0.832666 -0.024349
v -0.150000 0.832666 -0.024349
v 0.150000 0.828715 -0.025601
v -0.150000 0.828715 -0.025601
v 0.150000 0.824779 -0.026851
v -0.150000 0.824779 -0.026851
v 0.150000 0.820860 -0.028098
v -0.150000 0.820860 -0.028098
v 0.150000 0.816957 -0.029343
v -0.150000 0.816957 -0.029343
v 0.150000 0.813070 -0.030585
v -0.150000 0.813070 -0.030585
v 0.150000 0.809199 -0.031824
v -0.150000 0.809199 -0.031824
v 0.150000 0.805344 -0.033062
v -0.150000 0.805344 -0.033061
v 0.150000 0.801505 -0.034296
v -0.150000 0.801505 -0.034296
v 0.150000 0.797683 -0.035528
v -0.150000 0.797683 -0.035528
v 0.150000 0.793877 -0.036758
v -0.150000 0.793877 -0.036758
v 0.150000 0.790087 -0.037985
v -0.150000 0.790087 -0.037985
v 0.150000 0.786313 -0.039210
v -0.150000 0.786313 -0.039210
v 0.150000 0.782555 -0.040432
v -0.150000 0.782555 -0.040432
v 0.150000 0.778813 -0.041651
v -0.150000 0.778813 -0.041651
v 0.150000 0.775088 -0.042868
v -0.150000 0.775088 -0.042868
v 0.150000 0.771379 -0.044083
v -0.150000 0.771379 -0.044083
v 0.150000 0.767685 -0.045295
v -0.150000 0.767685 -0.045295
v 0.150000 0.764008 -0.046505
v -0.150000 0.764008 -0.046505
v 0.150000 0.760347 -0.047712
v -0.150000 0.760347 -0.047712
v 0.150000 0.756703 -0.048916
v -0.150000 0.756703 -0.048916
v 0.150000 0.753074 -0.050118
v -0.150000 0.753074 -0.050118
v 0.150000 0.749462 -0.051318
v -0.150000 0.749462 -0.051318
v 0.150000 0.745866 -0.052515
v -0.150000 0.745866 -0.052515
v 0.150000 0.742285 -0.053709
v -0.150000 0.742285 -0.053709
v 0.150000 0.738722 -0.054901
v -0.150000 0.738722 -0.054901
v 0.150000 0.735174 -0.056091
v -0.150000 0.735174 -0.056091
v 0.150000 0.731642 -0.057278
v -0.150000 0.731642 -0.057278
v 0.150000 0.728127 -0.058462
v -0.150000 0.728127 -0.058462
v 0.150000 0.724627 -0.059644
v -0.150000 0.724627 -0.059644
v 0.150000 0.721144 -0.060824
v -0.150000 0.721144 -0.060824
v 0.150000 0.717677 -0.062001
v -0.150000 0.717677 -0.062001
v 0.150000 0.714226 -0.063175
v -0.150000 0.714226 -0.063175
v 0.150000 0.710792 -0.064347
v -0.150000 0.710792 -0.064347
v 0.150000 0.707373 -0.065517
v -0.150000 0.707373 -0.065517
v 0.150000 0.703971 -0.066684
v -0.150000 0.703971 -0.066684
v 0.150000 0.700585 -0.067848
v -0.150000 0.700585 -0.067848
v 0.150000 0.697215 -0.069010
v -0.150000 0.697215 -0.069010
v 0.150000 0.693861 -0.070169
v -0.150000 0.693861 -0.070169
v 0.150000 0.690523 -0.071326
v -0.150000 0.690523 -0.071326
v 0.150000 0.687201 -0.072481
v -0.150000 0.687201 -0.072481
v 0.150000 0.683896 -0.073633
v -0.150000 0.683896 -0.073633
v 0.150000 0.680607 -0.074782
v -0.150000 0.680607 -0.074782
v 0.150000 0.677334 -0.075929
v -0.150000 0.677334 -0.075929
v 0.150000 0.674077 -0.077073
v -0.150000 0.674077 -0.077073
v 0.150000 0.670836 -0.078215
v -0.150000 0.670836 -0.078215
v 0.150000 0.667611 -0.079355
v -0.150000 0.667611 -0.079354
v 0.150000 0.664403 -0.080491
v -0.150000 0.664403 -0.080491
v 0.150000 0.661210 -0.081626
v -0.150000 0.661210 -0.081626
v 0.150000 0.658034 -0.082758
v -0.150000 0.658034 -0.082758
v 0.150000 0.654874 -0.083887
v -0.150000 0.654874 -0.083887
v 0.150000 0.651730 -0.085014
v -0.150000 0.651730 -0.085014
v 0.150000 0.648602 -0.086138
v -0.150000 0.648602 -0.086138
v 0.150000 0.648602 0.336566
v -0.150000 0.648602 0.336566
v 0.150000 0.651202 0.338692
v -0.150000 0.651202 0.338692
v 0.150000 0.653762 0.340792
v -0.150000 0.653762 0.340792
v 0.150000 0.656280 0.342866
v -0.150000 0.656280 0.342866
v 0.150000 0.658757 0.344913
v -0.150000 0.658757 0.344913
v 0.150000 0.661193 0.346935
v -0.150000 0.661193 0.346935
v 0.150000 0.663588 0.348930
v -0.150000 0.663588 0.348930
v 0.150000 0.665943 0.350899
v -0.150000 0.665943 0.350899
v 0.150000 0.668256 0.352842
v -0.150000 0.668256 0.352842
v 0.150000 0.670529 0.354758
v -0.150000 0.670529 0.354758
v 0.150000 0.672760 0.356649
v -0.150000 0.672760 0.356649
v 0.150000 0.674951 0.358513
v -0.150000 0.674951 0.358513
v 0.150000 0.677100 0.360351
v -0.150000 0.677100 0.360351
v 0.150000 0.679209 0.362163
v -0.150000 0.679209 0.362163
v 0.150000 0.681277 0.363949
v -0.150000 0.681277 0.363949
v 0.150000 0.683304 0.365708
v -0.150000 0.683304 0.365708
v 0.150000 0.685290 0.367442
v -0.150000 0.685290 0.367442
v 0.150000 0.687234 0.369149
v -0.150000 0.687234 0.369149
v 0.150000 0.689138 0.370830
v -0.150000 0.689138 0.370830
v 0.150000 0.691001 0.372485
v -0.150000 0.691001 0.372485
v 0.150000 0.692823 0.374113
v -0.150000 0.692823 0.374113
v 0.150000 0.694605 0.375716
v -0.150000 0.694605 0.375716
v 0.150000 0.696345 0.377292
v -0.150000 0.696345 0.377292
v 0.150000 0.698044 0.378842
v -0.150000 0.698044 0.378842
v 0.150000 0.699702 0.380366
v -0.150000 0.699702 0.380366
v 0.150000 0.701320 0.381864
v -0.150000 0.701320 0.381864
v 0.150000 0.702896 0.383335
v -0.150000 0.702896 0.383335
v 0.150000 0.704432 0.384780
v -0.150000 0.704432 0.384780
v 0.150000 0.705926 0.386200
v -0.150000 0.705926 0.386200
v 0.150000 0.707380 0.387593
v -0.150000 0.707380 0.387593
v 0.150000 0.708792 0.388959
v -0.150000 0.708792 0.388959
v 0.150000 0.710164 0.390300
v -0.150000 0.710164 0.390300
v 0.150000 0.711495 0.391614
v -0.150000 0.711495 0.391614
v 0.150000 0.712784 0.392903
v -0.150000 0.712784 0.392903
v 0.150000 0.714033 0.394165
v -0.150000 0.714033 0.394165
v 0.150000 0.715241 0.395401
v -0.150000 0.715241 0.395401
v 0.150000 0.716408 0.396610
v -0.150000 0.716408 0.396610
v 0.150000 0.717534 0.397794
v -0.150000 0.717534 0.397794
v 0.150000 0.718619 0.398951
v -0.150000 0.718619 0.398951
v 0.150000 0.719663 0.400082
v -0.150000 0.719663 0.400082
v 0.150000 0.720666 0.401187
v -0.150000 0.720666 0.401187
v 0.150000 0.721629 0.402266
v -0.150000 0.721629 0.402266
v 0.150000 0.722550 0.403319
v -0.150000 0.722550 0.403319
v 0.150000 0.723430 0.404345
v -0.150000 0.723430 0.404345
v 0.150000 0.724270 0.405345
v -0.150000 0.724270 0.405345
v 0.150000 0.725068 0.406319
v -0.150000 0.725068 0.406319
v 0.150000 0.725826 0.407267
v -0.150000 0.725826 0.407267
v 0.150000 0.726542 0.408189
v -0.150000 0.726542 0.408189
v 0.150000 0.727218 0.409084
v -0.150000 0.727218 0.409084
v 0.150000 0.727852 0.409954
v -0.150000 0.727852 0.409954
v 0.150000 0.728446 0.410797
v -0.150000 0.728446 0.410797
v 0.150000 0.728999 0.411614
v -0.150000 0.728999 0.411614
v 0.150000 0.729511 0.412405
v -0.150000 0.729511 0.412405
v 0.150000 0.729982 0.413169
v -0.150000 0.729982 0.413169
v 0.150000 0.730412 0.413908
v -0.150000 0.730412 0.413908
v 0.150000 0.730801 0.414620
v -0.150000 0.730801 0.414620
v 0.150000 0.731149 0.415306
v -0.150000 0.731149 0.415306
v 0.150000 0.731456 0.415966
v -0.150000 0.731456 0.415966
v 0.150000 0.731722 0.416599
v -0.150000 0.731722 0.416599
v 0.150000 0.731947 0.417207
v -0.150000 0.731947 0.417207
v 0.150000 0.732131 0.417788
v -0.150000 0.732131 0.417788
v 0.150000 0.732274 0.418343
v -0.150000 0.732274 0.418343
v 0.150000 0.732377 0.418872
v -0.150000 0.732377 0.418872
v 0.150000 0.732438 0.419375
v -0.150000 0.732438 0.419375
v 0.150000 0.732459 0.419852
v -0.150000 0.732459 0.419852
v 0.150000 0.732444 0.420258
v -0.150000 0.732444 0.420258
v 0.150000 0.732402 0.420691
v -0.150000 0.732402 0.420691
v 0.150000 0.732331 0.421152
v -0.150000 0.732331 0.421152
v 0.150000 0.732231 0.421641
v -0.150000 0.732231 0.421641
v 0.150000 0.732104 0.422157
v -0.150000 0.732104 0.422157
v 0.150000 0.731947 0.422701
v -0.150000 0.731947 0.422701
v 0.150000 0.731763 0.423273
v -0.150000 0.731763 0.423273
v 0.150000 0.731550 0.423872
v -0.150000 0.731550 0.423872
v 0.150000 0.731308 0.424498
v -0.150000 0.731308 0.424498
v 0.150000 0.731038 0.425152
v -0.150000 0.731038 0.425152
v 0.150000 0.730740 0.425834
v -0.150000 0.730740 0.425834
v 0.150000 0.730413 0.426543
v -0.150000 0.730413 0.426543
v 0.150000 0.730058 0.427280
v -0.150000 0.730058 0.427280
v 0.150000 0.729674 0.428045
v -0.150000 0.729674 0.428045
v 0.150000 0.729262 0.428837
v -0.150000 0.729262 0.428837
v 0.150000 0.728822 0.429656
v -0.150000 0.728822 0.429656
v 0.150000 0.728353 0.430503
v -0.150000 0.728353 0.430503
v 0.150000 0.727856 0.431378
v -0.150000 0.727856 0.431378
v 0.150000 0.727330 0.432281
v -0.150000 0.727330 0.432281
v 0.150000 0.726776 0.433210
v -0.150000 0.726776 0.433210
v 0.150000 0.726194 0.434168
v -0.150000 0.726194 0.434168
v 0.150000 0.725583 0.435153
v -0.150000 0.725583 0.435153
v 0.150000 0.724944 0.436166
v -0.150000 0.724944 0.436166
v 0.150000 0.724276 0.437206
v -0.150000 0.724276 0.437206
v 0.150000 0.723580 0.438274
v -0.150000 0.723580 0.438274
v 0.150000 0.722856 0.439369
v -0.150000 0.722856 0.439369
v 0.150000 0.722103 0.440492
v -0.150000 0.722103 0.440492
v 0.150000 0.721321 0.441642
v -0.150000 0.721321 0.441642
v 0.150000 0.720512 0.442820
v -0.150000 0.720512 0.442820
v 0.150000 0.719674 0.444026
v -0.150000 0.719674 0.444026
v 0.150000 0.718807 0.445259
v -0.150000 0.718807 0.445259
v 0.150000 0.717912 0.446520
v -0.150000 0.717912 0.446520
v 0.150000 0.716989 0.447809
v -0.150000 0.716989 0.447809
v 0.150000 0.716037 0.449125
v -0.150000 0.716037 0.449125
v 0.150000 0.715057 0.450468
v -0.150000 0.715057 0.450468
v 0.150000 0.714048 0.451839
v -0.150000 0.714048 0.451839
v 0.150000 0.713011 0.453238
v -0.150000 0.713011 0.453238
v 0.150000 0.711946 0.454664
v -0.150000 0.711946 0.454664
v 0.150000 0.710852 0.456118
v -0.150000 0.710852 0.456118
v 0.150000 0.709730 0.457599
v -0.150000 0.709730 0.457599
v 0.150000 0.708579 0.459108
v -0.150000 0.708579 0.459108
v 0.150000 0.707400 0.460645
v -0.150000 0.707400 0.460645
v 0.150000 0.706193 0.462209
v -0.150000 0.706193 0.462209
v 0.150000 0.704957 0.463801
v -0.150000 0.704957 0.463801
v 0.150000 0.703692 0.465420
v -0.150000 0.703692 0.465420
v 0.150000 0.702400 0.467067
v -0.150000 0.702400 0.467067
v 0.150000 0.701079 0.468741
v -0.150000 0.701079 0.468741
v 0.150000 0.699729 0.470443
v -0.150000 0.699729 0.470443
v 0.150000 0.698351 0.472173
v -0.150000 0.698351 0.472173
v 0.150000 0.696945 0.473930
v -0.150000 0.696945 0.473930
v 0.150000 0.695510 0.475715
v -0.150000 0.695510 0.475715
v 0.150000 0.694047 0.477527
v -0.150000 0.694047 0.477527
v 0.150000 0.692555 0.479367
v -0.150000 0.692555 0.479367
v 0.150000 0.691035 0.481235
v -0.150000 0.691035 0.481235
v 0.150000 0.689487 0.483130
v -0.150000 0.689487 0.483130
v 0.150000 0.687910 0.485052
v -0.150000 0.687910 0.485052
v 0.150000 0.686305 0.487003
v -0.150000 0.686305 0.487003
v 0.150000 0.684671 0.488980
v -0.150000 0.684671 0.488980
v 0.150000 0.683009 0.490986
v -0.150000 0.683009 0.490986
v 0.150000 0.681319 0.493019
v -0.150000 0.681319 0.493019
v 0.150000 0.679600 0.495079
v -0.150000 0.679600 0.495079
v 0.150000 0.677853 0.497167
v -0.150000 0.677853 0.497167
v 0.150000 0.676077 0.499283
v -0.150000 0.676077 0.499283
v 0.150000 0.674273 0.501426
v -0.150000 0.674273 0.501426
v 0.150000 0.673333 0.502523
v -0.150000 0.673333 0.502523
v 0.150000 0.672402 0.503602
v -0.150000 0.672402 0.503602
v 0.150000 0.671481 0.504664
v -0.150000 0.671481 0.504664
v 0.150000 0.670569 0.505709
v -0.150000 0.670569 0.505709
v 0.150000 0.669667 0.506736
v -0.150000 0.669667 0.506736
v 0.150000 0.668774 0.507747
v -0.150000 0.668774 0.507747
v 0.150000 0.667891 0.508740
v -0.150000 0.667891 0.508740
v 0.150000 0.667017 0.509715
v -0.150000 0.667017 0.509715
v 0.150000 0.666153 0.510674
v -0.150000 0.666153 0.510674
v 0.150000 0.665298 0.511615
v -0.150000 0.665298 0.511615
v 0.150000 0.664453 0.512539
v -0.150000 0.664453 0.512539
v 0.150000 0.663617 0.513446
v -0.150000 0.663617 0.513446
v 0.150000 0.662790 0.514335
v -0.150000 0.662790 0.514335
v 0.150000 0.661974 0.515207
v -0.150000 0.661974 0.515207
v 0.150000 0.661166 0.516062
v -0.150000 0.661166 0.516062
v 0.150000 0.660368 0.516900
v -0.150000 0.660368 0.516900
v 0.150000 0.659579 0.517720
v -0.150000 0.659579 0.517720
v 0.150000 0.658800 0.518523
v -0.150000 0.658800 0.518523
v 0.150000 0.658031 0.519309
v -0.150000 0.658031 0.519309
v 0.150000 0.657271 0.520077
v -0.150000 0.657271 0.520077
v 0.150000 0.656520 0.520828
v -0.150000 0.656520 0.520828
v 0.150000 0.655779 0.521562
v -0.150000 0.655779 0.521562
v 0.150000 0.655047 0.522279
v -0.150000 0.655047 0.522279
v 0.150000 0.654325 0.522978
v -0.150000 0.654325 0.522978
v 0.150000 0.653612 0.523661
v -0.150000 0.653612 0.523661
v 0.150000 0.652909 0.524325
v -0.150000 0.652909 0.524325
v 0.150000 0.652215 0.524973
v -0.150000 0.652215 0.524973
v 0.150000 0.651530 0.525603
v -0.150000 0.651530 0.525603
v 0.150000 0.650856 0.526217
v -0.150000 0.650856 0.526217
v 0.150000 0.650190 0.526812
v -0.150000 0.650190 0.526812
v 0.150000 0.649534 0.527391
v -0.150000 0.649534 0.527391
v 0.150000 0.648888 0.527952
v -0.150000 0.648888 0.527952
v 0.150000 0.648251 0.528496
v -0.150000 0.648251 0.528496
v 0.150000 0.647623 0.529023
v -0.150000 0.647623 0.529023
v 0.150000 0.647005 0.529532
v -0.150000 0.647005 0.529532
v 0.150000 0.646396 0.530024
v -0.150000 0.646396 0.530024
v 0.150000 0.645797 0.530499
v -0.150000 0.645797 0.530499
v 0.150000 0.645208 0.530957
v -0.150000 0.645208 0.530957
v 0.150000 0.644627 0.531397
v -0.150000 0.644627 0.531397
v 0.150000 0.644057 0.531820
v -0.150000 0.644057 0.531820
v 0.150000 0.643495 0.532226
v -0.150000 0.643495 0.532226
v 0.150000 0.642944 0.532615
v -0.150000 0.642944 0.532615
v 0.150000 0.642401 0.532986
v -0.150000 0.642401 0.532986
v 0.150000 0.641868 0.533340
v -0.150000 0.641868 0.533340
v 0.150000 0.641345 0.533677
v -0.150000 0.641345 0.533677
v 0.150000 0.640831 0.533996
v -0.150000 0.640831 0.533996
v 0.150000 0.640327 0.534299
v -0.150000 0.640327 0.534299
v 0.150000 0.639832 0.534584
v -0.150000 0.639832 0.534584
v 0.150000 0.639346 0.534851
v -0.150000 0.639346 0.534851
v 0.150000 0.638870 0.535102
v -0.150000 0.638870 0.535102
v 0.150000 0.638404 0.535335
v -0.150000 0.638404 0.535335
v 0.150000 0.637947 0.535551
v -0.150000 0.637947 0.535551
v 0.150000 0.637499 0.535749
v -0.150000 0.637499 0.535749
v 0.150000 0.637061 0.535931
v -0.150000 0.637061 0.535931
v 0.150000 0.636632 0.536095
v -0.150000 0.636632 0.536095
v 0.150000 0.636213 0.536241
v -0.150000 0.636213 0.536241
v 0.150000 0.635803 0.536371
v -0.150000 0.635803 0.536371
v 0.150000 0.635403 0.536483
v -0.150000 0.635403 0.536483
v 0.150000 0.635012 0.536578
v -0.150000 0.635012 0.536578
v 0.150000 0.634631 0.536656
v -0.150000 0.634631 0.536656
v 0.150000 0.634259 0.536716
v -0.150000 0.634259 0.536716
v 0.150000 0.633897 0.536759
v -0.150000 0.633897 0.536759
v 0.150000 0.633544 0.536785
v -0.150000 0.633544 0.536785
v 0.150000 0.633200 0.536794
v -0.150000 0.633200 0.536794
v 0.150000 0.632846 0.536790
v -0.150000 0.632846 0.536790
v 0.150000 0.632498 0.536779
v -0.150000 0.632498 0.536779
v 0.150000 0.632156 0.536760
v -0.150000 0.632156 0.536760
v 0.150000 0.631819 0.536734
v -0.150000 0.631819 0.536734
v 0.150000 0.631487 0.536700
v -0.150000 0.631487 0.536700
v 0.150000 0.631161 0.536659
v -0.150000 0.631161 0.536659
v 0.150000 0.630841 0.536610
v -0.150000 0.630841 0.536610
v 0.150000 0.630526 0.536553
v -0.150000 0.630526 0.536553
v 0.150000 0.630217 0.536490
v -0.150000 0.630217 0.536490
v 0.150000 0.629913 0.536418
v -0.150000 0.629913 0.536418
v 0.150000 0.629615 0.536339
v -0.150000 0.629615 0.536339
v 0.150000 0.629323 0.536253
v -0.150000 0.629323 0.536253
v 0.150000 0.629036 0.536159
v -0.150000 0.629036 0.536159
v 0.150000 0.628755 0.536057
v -0.150000 0.628755 0.536057
v 0.150000 0.628479 0.535948
v -0.150000 0.628479 0.535948
v 0.150000 0.628209 0.535831
v -0.150000 0.628209 0.535831
v 0.150000 0.627944 0.535707
v -0.150000 0.627944 0.535707
v 0.150000 0.627685 0.535576
v -0.150000 0.627685 0.535576
v 0.150000 0.627432 0.535437
v -0.150000 0.627432 0.535437
v 0.150000 0.627184 0.535290
v -0.150000 0.627184 0.535290
v 0.150000 0.626941 0.535136
v -0.150000 0.626941 0.535136
v 0.150000 0.626705 0.534974
v -0.150000 0.626705 0.534974
v 0.150000 0.626473 0.534805
v -0.150000 0.626473 0.534805
v 0.150000 0.626248 0.534628
v -0.150000 0.626248 0.534628
v 0.150000 0.626028 0.534444
v -0.150000 0.626028 0.534444
v 0.150000 0.625813 0.534252
v -0.150000 0.625813 0.534252
v 0.150000 0.625604 0.534053
v -0.150000 0.625604 0.534053
v 0.150000 0.625401 0.533846
v -0.150000 0.625401 0.533846
v 0.150000 0.625203 0.533632
v -0.150000 0.625203 0.533632
v 0.150000 0.625011 0.533410
v -0.150000 0.625011 0.533410
v 0.150000 0.624825 0.533180
v -0.150000 0.624825 0.533180
v 0.150000 0.624644 0.532944
v -0.150000 0.624644 0.532944
v 0.150000 0.624468 0.532699
v -0.150000 0.624468 0.532699
v 0.150000 0.624298 0.532447
v -0.150000 0.624298 0.532447
v 0.150000 0.624134 0.532188
v -0.150000 0.624134 0.532188
v 0.150000 0.623975 0.531921
v -0.150000 0.623975 0.531921
v 0.150000 0.623822 0.531646
v -0.150000 0.623822 0.531646
v 0.150000 0.623674 0.531364
v -0.150000 0.623674 0.531364
v 0.150000 0.623532 0.531075
v -0.150000 0.623532 0.531075
v 0.150000 0.623396 0.530778
v -0.150000 0.623396 0.530778
v 0.150000 0.623265 0.530473
v -0.150000 0.623265 0.530473
v 0.150000 0.623139 0.530161
v -0.150000 0.623139 0.530161
v 0.150000 0.623020 0.529841
v -0.150000 0.623020 0.529841
v 0.150000 0.622905 0.529514
v -0.150000 0.622905 0.529514
v 0.150000 0.622797 0.529179
v -0.150000 0.622797 0.529179
v 0.150000 0.622694 0.528837
v -0.150000 0.622694 0.528837
v 0.150000 0.622596 0.528488
v -0.150000 0.622596 0.528488
v 0.150000 0.622504 0.528130
v -0.150000 0.622504 0.528130
v 0.150000 0.622418 0.527766
v -0.150000 0.622418 0.527766
v 0.150000 0.622337 0.527393
v -0.150000 0.622337 0.527393
v 0.150000 0.622262 0.527014
v -0.150000 0.622262 0.527014
v 0.150000 0.622192 0.526626
v -0.150000 0.622192 0.526626
v 0.150000 0.622128 0.526231
v -0.150000 0.622128 0.526231
v 0.150000 0.622070 0.525829
v -0.150000 0.622070 0.525829
v 0.150000 0.622017 0.525419
v -0.150000 0.622017 0.525419
v 0.150000 0.621970 0.525002
v -0.150000 0.621970 0.525002
v 0.150000 0.621928 0.524577
v -0.150000 0.621928 0.524577
v 0.150000 0.621891 0.524144
v -0.150000 0.621891 0.524144
v 0.150000 0.621861 0.523704
v -0.150000 0.621861 0.523704
v 0.150000 0.621836 0.523257
v -0.150000 0.621836 0.523257
v 0.150000 0.621816 0.522802
v -0.150000 0.621816 0.522802
v 0.150000 0.621802 0.522339
v -0.150000 0.621802 0.522339
v 0.150000 0.621794 0.521869
v -0.150000 0.621794 0.521869
v 0.150000 0.621791 0.521392
v -0.150000 0.621791 0.521392
v 0.150000 0.337707 -0.221905
v -0.150000 0.337707 -0.221905
v 0.150000 0.336549 -0.217516
v -0.150000 0.336549 -0.217516
v 0.150000 0.335393 -0.213152
v -0.150000 0.335393 -0.213152
v 0.150000 0.334239 -0.208816
v -0.150000 0.334239 -0.208816
v 0.150000 0.333088 -0.204507
v -0.150000 0.333088 -0.204507
v 0.150000 0.331938 -0.200224
v -0.150000 0.331938 -0.200224
v 0.150000 0.330790 -0.195968
v -0.150000 0.330790 -0.195968
v 0.150000 0.329643 -0.191738
v -0.150000 0.329643 -0.191738
v 0.150000 0.328499 -0.187536
v -0.150000 0.328499 -0.187536
v 0.150000 0.327357 -0.183360
v -0.150000 0.327357 -0.183360
v 0.150000 0.326217 -0.179211
v -0.150000 0.326217 -0.179211
v 0.150000 0.325079 -0.175088
v -0.150000 0.325079 -0.175088
v 0.150000 0.323942 -0.170993
v -0.150000 0.323942 -0.170993
v 0.150000 0.322808 -0.166924
v -0.150000 0.322808 -0.166924
v 0.150000 0.321676 -0.162882
v -0.150000 0.321676 -0.162882
v 0.150000 0.320545 -0.158866
v -0.150000 0.320545 -0.158866
v 0.150000 0.319417 -0.154877
v -0.150000 0.319417 -0.154877
v 0.150000 0.318290 -0.150915
v -0.150000 0.318290 -0.150915
v 0.150000 0.317166 -0.146980
v -0.150000 0.317166 -0.146980
v 0.150000 0.316043 -0.143072
v -0.150000 0.316043 -0.143072
v 0.150000 0.314922 -0.139190
v -0.150000 0.314922 -0.139190
v 0.150000 0.313803 -0.135335
v -0.150000 0.313803 -0.135335
v 0.150000 0.312687 -0.131507
v -0.150000 0.312687 -0.131507
v 0.150000 0.311572 -0.127705
v -0.150000 0.311572 -0.127705
v 0.150000 0.310459 -0.123930
v -0.150000 0.310459 -0.123930
v 0.150000 0.309348 -0.120182
v -0.150000 0.309348 -0.120182
v 0.150000 0.308239 -0.116461
v -0.150000 0.308239 -0.116461
v 0.150000 0.307132 -0.112767
v -0.150000 0.307132 -0.112767
v 0.150000 0.306027 -0.109099
v -0.150000 0.306027 -0.109099
v 0.150000 0.304924 -0.105458
v -0.150000 0.304924 -0.105458
v 0.150000 0.303822 -0.101843
v -0.150000 0.303822 -0.101843
v 0.150000 0.302723 -0.098256
v -0.150000 0.302723 -0.098256
v 0.150000 0.301626 -0.094695
v -0.150000 0.301626 -0.094695
v 0.150000 0.300530 -0.091161
v -0.150000 0.300530 -0.091161
v 0.150000 0.299437 -0.087653
v -0.150000 0.299437 -0.087653
v 0.150000 0.298346 -0.084173
v -0.150000 0.298346 -0.084173
v 0.150000 0.297256 -0.080719
v -0.150000 0.297256 -0.080719
v 0.150000 0.296169 -0.077292
v -0.150000 0.296169 -0.077292
v 0.150000 0.295083 -0.073891
v -0.150000 0.295083 -0.073891
v 0.150000 0.293999 -0.070518
v -0.150000 0.293999 -0.070518
v 0.150000 0.292918 -0.067171
v -0.150000 0.292918 -0.067171
v 0.150000 0.291838 -0.063851
v -0.150000 0.291838 -0.063851
v 0.150000 0.290760 -0.060557
v -0.150000 0.290760 -0.060557
v 0.150000 0.289684 -0.057290
v -0.150000 0.289684 -0.057290
v 0.150000 0.288610 -0.054050
v -0.150000 0.288610 -0.054050
v 0.150000 0.287538 -0.050837
v -0.150000 0.287538 -0.050837
v 0.150000 0.286468 -0.047651
v -0.150000 0.286468 -0.047651
v 0.150000 0.285400 -0.044491
v -0.150000 0.285400 -0.044491
v 0.150000 0.284334 -0.041358
v -0.150000 0.284334 -0.041358
v 0.150000 0.283270 -0.038252
v -0.150000 0.283270 -0.038252
v 0.150000 0.282208 -0.035172
v -0.150000 0.282208 -0.035172
v 0.150000 0.281147 -0.032119
v -0.150000 0.281147 -0.032119
v 0.150000 0.280089 -0.029093
v -0.150000 0.280089 -0.029093
v 0.150000 0.279033 -0.026094
v -0.150000 0.279033 -0.026094
v 0.150000 0.277978 -0.023121
v -0.150000 0.277978 -0.023121
v 0.150000 0.276926 -0.020175
v -0.150000 0.276926 -0.020175
v 0.150000 0.275875 -0.017256
v -0.150000 0.275875 -0.017256
v 0.150000 0.274827 -0.014364
v -0.150000 0.274827 -0.014364
v 0.150000 0.273780 -0.011498
v -0.150000 0.273780 -0.011498
v 0.150000 0.272736 -0.008659
v -0.150000 0.272736 -0.008659
v 0.150000 0.271693 -0.005847
v -0.150000 0.271693 -0.005847
v 0.150000 0.270652 -0.003062
v -0.150000 0.270652 -0.003062
v 0.150000 0.269613 -0.000303
v -0.150000 0.269613 -0.000303
v 0.150000 0.268576 0.002429
v -0.150000 0.268576 0.002429
v 0.150000 0.267541 0.005134
v -0.150000 0.267541 0.005134
v 0.150000 0.272138 0.008471
v -0.150000 0.272138 0.008471
v 0.150000 0.276764 0.011779
v -0.150000 0.276764 0.011779
v 0.150000 0.281420 0.015058
v -0.150000 0.281420 0.015058
v 0.150000 0.286106 0.018308
v -0.150000 0.286106 0.018308
v 0.150000 0.290821 0.021529
v -0.150000 0.290821 0.021529
v 0.150000 0.295566 0.024721
v -0.150000 0.295566 0.024721
v 0.150000 0.300342 0.027884
v -0.150000 0.300342 0.027884
v 0.150000 0.305147 0.031018
v -0.150000 0.305147 0.031018
v 0.150000 0.309981 0.034123
v -0.150000 0.309981 0.034123
v 0.150000 0.314846 0.037200
v -0.150000 0.314846 0.037200
v 0.150000 0.319740 0.040247
v -0.150000 0.319740 0.040247
v 0.150000 0.324664 0.043265
v -0.150000 0.324664 0.043265
v 0.150000 0.329618 0.046254
v -0.150000 0.329618 0.046254
v 0.150000 0.334602 0.049215
v -0.150000 0.334602 0.049215
v 0.150000 0.339616 0.052146
v -0.150000 0.339616 0.052146
v 0.150000 0.344659 0.055048
v -0.150000 0.344659 0.055048
v 0.150000 0.349732 0.057922
v -0.150000 0.349732 0.057922
v 0.150000 0.354835 0.060766
v -0.150000 0.354835 0.060766
v 0.150000 0.359968 0.063582
v -0.150000 0.359968 0.063582
v 0.150000 0.365131 0.066368
v -0.150000 0.365131 0.066368
v 0.150000 0.370323 0.069126
v -0.150000 0.370323 0.069126
v 0.150000 0.375545 0.071854
v -0.150000 0.375545 0.071854
v 0.150000 0.380797 0.074554
v -0.150000 0.380797 0.074554
v 0.150000 0.386079 0.077225
v -0.150000 0.386079 0.077225
v 0.150000 0.391391 0.079866
v -0.150000 0.391391 0.079866
v 0.150000 0.396732 0.082479
v -0.150000 0.396732 0.082479
v 0.150000 0.402104 0.085063
v -0.150000 0.402104 0.085063
v 0.150000 0.407505 0.087618
v -0.150000 0.407505 0.087618
v 0.150000 0.412935 0.090143
v -0.150000 0.412935 0.090143
v 0.150000 0.418396 0.092640
v -0.150000 0.418396 0.092640
v 0.150000 0.423887 0.095108
v -0.150000 0.423887 0.095108
v 0.150000 0.429407 0.097547
v -0.150000 0.429407 0.097547
v 0.150000 0.434957 0.099957
v -0.150000 0.434957 0.099957
v 0.150000 0.440537 0.102338
v -0.150000 0.440537 0.102338
v 0.150000 0.446146 0.104690
v -0.150000 0.446146 0.104690
v 0.150000 0.451786 0.107013
v -0.150000 0.451786 0.107013
v 0.150000 0.457455 0.109307
v -0.150000 0.457455 0.109307
v 0.150000 0.463154 0.111572
v -0.150000 0.463154 0.111572
v 0.150000 0.468883 0.113808
v -0.150000 0.468883 0.113808
v 0.150000 0.474642 0.116015
v -0.150000 0.474642 0.116015
v 0.150000 0.480430 0.118193
v -0.150000 0.480430 0.118194
v 0.150000 0.486248 0.120343
v -0.150000 0.486248 0.120343
v 0.150000 0.492097 0.122463
v -0.150000 0.492097 0.122463
v 0.150000 0.497974 0.124554
v -0.150000 0.497974 0.124554
v 0.150000 0.503882 0.126617
v -0.150000 0.503882 0.126617
v 0.150000 0.509820 0.128650
v -0.150000 0.509820 0.128650
v 0.150000 0.515787 0.130654
v -0.150000 0.515787 0.130654
v 0.150000 0.521784 0.132630
v -0.150000 0.521784 0.132630
v 0.150000 0.527811 0.134576
v -0.150000 0.527811 0.134576
v 0.150000 0.533868 0.136494
v -0.150000 0.533868 0.136494
v 0.150000 0.539954 0.138382
v -0.150000 0.539954 0.138382
v 0.150000 0.546071 0.140242
v -0.150000 0.546071 0.140242
v 0.150000 0.552217 0.142072
v -0.150000 0.552217 0.142072
v 0.150000 0.558393 0.143874
v -0.150000 0.558393 0.143874
v 0.150000 0.564598 0.145646
v -0.150000 0.564598 0.145646
v 0.150000 0.570834 0.147390
v -0.150000 0.570834 0.147390
v 0.150000 0.577099 0.149105
v -0.150000 0.577099 0.149105
v 0.150000 0.583394 0.150790
v -0.150000 0.583394 0.150790
v 0.150000 0.589719 0.152447
v -0.150000 0.589719 0.152447
v 0.150000 0.596074 0.154075
v -0.150000 0.596074 0.154075
v 0.150000 0.602459 0.155674
v -0.150000 0.602459 0.155674
v 0.150000 0.608873 0.157244
v -0.150000 0.608873 0.157244
v 0.150000 0.615317 0.158785
v -0.150000 0.615317 0.158785
v 0.150000 0.621791 0.160297
v -0.150000 0.621791 0.160297
v 0.150000 0.621791 -0.096977
v -0.150000 0.621791 -0.096977
v 0.150000 0.617177 -0.098639
v -0.150000 0.617177 -0.098639
v 0.150000 0.612568 -0.100311
v -0.150000 0.612568 -0.100311
v 0.150000 0.607965 -0.101992
v -0.150000 0.607965 -0.101992
v 0.150000 0.603367 -0.103682
v -0.150000 0.603367 -0.103682
v 0.150000 0.598775 -0.105381
v -0.150000 0.598775 -0.105381
v 0.150000 0.594189 -0.107089
v -0.150000 0.594189 -0.107089
v 0.150000 0.589608 -0.108807
v -0.150000 0.589608 -0.108807
v 0.150000 0.585033 -0.110534
v -0.150000 0.585033 -0.110534
v 0.150000 0.580463 -0.112270
v -0.150000 0.580463 -0.112270
v 0.150000 0.575899 -0.114015
v -0.150000 0.575899 -0.114015
v 0.150000 0.571340 -0.115769
v -0.150000 0.571340 -0.115769
v 0.150000 0.566787 -0.117533
v -0.150000 0.566787 -0.117533
v 0.150000 0.562240 -0.119306
v -0.150000 0.562240 -0.119306
v 0.150000 0.557698 -0.121088
v -0.150000 0.557698 -0.121088
v 0.150000 0.553162 -0.122879
v -0.150000 0.553162 -0.122879
v 0.150000 0.548631 -0.124679
v -0.150000 0.548631 -0.124679
v 0.150000 0.544106 -0.126489
v -0.150000 0.544106 -0.126489
v 0.150000 0.539586 -0.128307
v -0.150000 0.539586 -0.128307
v 0.150000 0.535072 -0.130135
v -0.150000 0.535072 -0.130135
v 0.150000 0.530564 -0.131972
v -0.150000 0.530564 -0.131972
v 0.150000 0.526061 -0.133819
v -0.150000 0.526061 -0.133819
v 0.150000 0.521564 -0.135674
v -0.150000 0.521564 -0.135674
v 0.150000 0.517072 -0.137539
v -0.150000 0.517072 -0.137539
v 0.150000 0.512586 -0.139413
v -0.150000 0.512586 -0.139413
v 0.150000 0.508105 -0.141296
v -0.150000 0.508105 -0.141296
v 0.150000 0.503630 -0.143188
v -0.150000 0.503630 -0.143188
v 0.150000 0.499161 -0.145090
v -0.150000 0.499161 -0.145090
v 0.150000 0.494697 -0.147000
v -0.150000 0.494697 -0.147000
v 0.150000 0.490238 -0.148920
v -0.150000 0.490238 -0.148920
v 0.150000 0.485786 -0.150849
v -0.150000 0.485786 -0.150849
v 0.150000 0.481338 -0.152787
v -0.150000 0.481338 -0.152787
v 0.150000 0.476897 -0.154735
v -0.150000 0.476897 -0.154735
v 0.150000 0.472461 -0.156691
v -0.150000 0.472461 -0.156691
v 0.150000 0.468030 -0.158657
v -0.150000 0.468030 -0.158657
v 0.150000 0.463605 -0.160632
v -0.150000 0.463605 -0.160632
v 0.150000 0.459186 -0.162616
v -0.150000 0.459186 -0.162616
v 0.150000 0.454772 -0.164610
v -0.150000 0.454772 -0.164610
v 0.150000 0.450364 -0.166612
v -0.150000 0.450364 -0.166612
v 0.150000 0.445962 -0.168624
v -0.150000 0.445962 -0.168624
v 0.150000 0.441564 -0.170645
v -0.150000 0.441564 -0.170645
v 0.150000 0.437173 -0.172675
v -0.150000 0.437173 -0.172675
v 0.150000 0.432787 -0.174714
v -0.150000 0.432787 -0.174714
v 0.150000 0.428407 -0.176763
v -0.150000 0.428407 -0.176763
v 0.150000 0.424032 -0.178821
v -0.150000 0.424032 -0.178821
v 0.150000 0.419663 -0.180888
v -0.150000 0.419663 -0.180888
v 0.150000 0.415299 -0.182964
v -0.150000 0.415299 -0.182964
v 0.150000 0.410941 -0.185049
v -0.150000 0.410941 -0.185049
v 0.150000 0.406589 -0.187143
v -0.150000 0.406589 -0.187143
v 0.150000 0.402242 -0.189247
v -0.150000 0.402242 -0.189247
v 0.150000 0.397900 -0.191360
v -0.150000 0.397900 -0.191360
v 0.150000 0.393565 -0.193482
v -0.150000 0.393565 -0.193482
v 0.150000 0.389234 -0.195613
v -0.150000 0.389234 -0.195613
v 0.150000 0.384910 -0.197754
v -0.150000 0.384910 -0.197754
v 0.150000 0.380591 -0.199903
v -0.150000 0.380591 -0.199903
v 0.150000 0.376277 -0.202062
v -0.150000 0.376277 -0.202062
v 0.150000 0.371969 -0.204230
v -0.150000 0.371969 -0.204230
v 0.150000 0.367667 -0.206407
v -0.150000 0.367667 -0.206407
v 0.150000 0.363370 -0.208594
v -0.150000 0.363370 -0.208594
v 0.150000 0.359079 -0.210789
v -0.150000 0.359079 -0.210789
v 0.150000 0.354793 -0.212994
v -0.150000 0.354793 -0.212994
v 0.150000 0.350513 -0.215208
v -0.150000 0.350513 -0.215208
v 0.150000 0.346239 -0.217431
v -0.150000 0.346239 -0.217431
v 0.150000 0.341970 -0.219664
v -0.150000 0.341970 -0.219664
vn -1.0000 -0.0000 -0.0000
vn -1.0000 -0.0000 -0.0002
vn -1.0000 -0.0000 0.0002
vn -1.0000 -0.0000 -0.0001
vn -1.0000 -0.0000 0.0001
vn -1.0000 -0.0000 0.0004
vn -1.0000 -0.0000 -0.0003
vn -1.0000 -0.0000 0.0011
vn -1.0000 -0.0000 0.0008
vn -0.0000 -0.0000 1.0000
vn 1.0000 -0.0000 -0.0000
vn 1.0000 -0.0000 -0.0002
vn 1.0000 -0.0000 0.0002
vn 1.0000 -0.0000 -0.0001
vn 1.0000 -0.0000 0.0001
vn 1.0000 -0.0000 0.0004
vn 1.0000 -0.0000 -0.0003
vn 1.0000 -0.0000 0.0011
vn 1.0000 -0.0000 0.0008
vn -0.0000 -0.2299 0.9732
vn -0.0000 -0.7833 0.6216
vn -0.0000 -0.7834 0.6216
vn -0.0000 -0.2351 0.9720
vn -0.0000 -0.2403 0.9707
vn -0.0000 -0.2456 0.9694
vn -0.0000 -0.2510 0.9680
vn -0.0000 -0.2563 0.9666
vn -0.0000 -0.2618 0.9651
vn -0.0000 -0.2672 0.9636
vn -0.0000 -0.2727 0.9621
vn -0.0000 -0.2783 0.9605
vn -0.0000 -0.2838 0.9589
vn -0.0000 -0.2895 0.9572
vn -0.0000 -0.2951 0.9555
vn -0.0000 -0.3008 0.9537
vn -0.0000 -0.3066 0.9518
vn -0.0000 -0.3123 0.9500
vn -0.0000 -0.3182 0.9480
vn -0.0000 -0.3124 0.9500
vn -0.0000 -0.3240 0.9460
vn -0.0000 -0.3299 0.9440
vn -0.0000 -0.3359 0.9419
vn -0.0000 -0.3418 0.9398
vn -0.0000 -0.3479 0.9376
vn -0.0000 -0.3539 0.9353
vn -0.0000 -0.3479 0.9375
vn -0.0000 -0.3600 0.9330
vn -0.0000 -0.3661 0.9306
vn -0.0000 -0.3723 0.9281
vn -0.0000 -0.3785 0.9256
vn -0.0000 -0.3847 0.9230
vn -0.0000 -0.3910 0.9204
vn -0.0000 -0.3972 0.9177
vn -0.0000 -0.4036 0.9149
vn -0.0000 -0.4099 0.9121
vn -0.0000 -0.4163 0.9092
vn -0.0000 -0.4227 0.9062
vn -0.0000 -0.4292 0.9032
vn -0.0000 -0.4227 0.9063
vn -0.0000 -0.4357 0.9001
vn -0.0000 -0.4422 0.8969
vn -0.0000 -0.4487 0.8937
vn -0.0000 -0.4553 0.8904
vn -0.0000 -0.4618 0.8870
vn -0.0000 -0.4684 0.8835
vn -0.0000 -0.4751 0.8799
vn -0.0000 -0.4817 0.8763
vn -0.0000 -0.4884 0.8726
vn -0.0000 -0.4951 0.8689
vn -0.0000 -0.5018 0.8650
vn -0.0000 -0.5085 0.8611
vn -0.0000 -0.5152 0.8571
vn -0.0000 -0.5220 0.8530
vn -0.0000 -0.5287 0.8488
vn -0.0000 -0.5355 0.8445
vn -0.0000 -0.5423 0.8402
vn -0.0000 -0.5491 0.8358
vn -0.0000 -0.5558 0.8313
vn -0.0000 -0.5490 0.8358
vn -0.0000 -0.5626 0.8267
vn -0.0000 -0.5694 0.8220
vn -0.0000 -0.5762 0.8173
vn -0.0000 -0.5830 0.8125
vn -0.0000 -0.5898 0.8076
vn -0.0000 -0.5966 0.8026
vn -0.0000 -0.6034 0.7975
vn -0.0000 -0.6101 0.7923
vn -0.0000 -0.6169 0.7871
vn -0.0000 0.2500 0.9683
vn -0.0000 0.9219 0.3874
vn -0.0000 0.9208 0.3900
vn -0.0000 0.9197 0.3927
vn -0.0000 0.9185 0.3953
vn -0.0000 0.9174 0.3980
vn -0.0000 0.9162 0.4008
vn -0.0000 0.9150 0.4035
vn -0.0000 0.9137 0.4064
vn -0.0000 0.9150 0.4036
vn -0.0000 0.9125 0.4092
vn -0.0000 0.9112 0.4121
vn -0.0000 0.9124 0.4092
vn -0.0000 0.9098 0.4150
vn -0.0000 0.9085 0.4179
vn -0.0000 0.9071 0.4209
vn -0.0000 0.9057 0.4239
vn -0.0000 0.9043 0.4270
vn -0.0000 0.9028 0.4301
vn -0.0000 0.9013 0.4332
vn -0.0000 0.8998 0.4364
vn -0.0000 0.8982 0.4396
vn -0.0000 0.8966 0.4428
vn -0.0000 0.8950 0.4461
vn -0.0000 0.8933 0.4494
vn -0.0000 0.8916 0.4528
vn -0.0000 0.8898 0.4563
vn -0.0000 0.8881 0.4597
vn -0.0000 0.8899 0.4563
vn -0.0000 0.8862 0.4632
vn -0.0000 0.8844 0.4668
vn -0.0000 0.8825 0.4704
vn -0.0000 0.8805 0.4740
vn -0.0000 0.8785 0.4777
vn -0.0000 0.8765 0.4815
vn -0.0000 0.8744 0.4853
vn -0.0000 0.8722 0.4891
vn -0.0000 0.8700 0.4930
vn -0.0000 0.8678 0.4970
vn -0.0000 0.8655 0.5010
vn -0.0000 0.8631 0.5050
vn -0.0000 0.8607 0.5091
vn -0.0000 0.8582 0.5133
vn -0.0000 0.8557 0.5175
vn -0.0000 0.8531 0.5218
vn -0.0000 0.8504 0.5261
vn -0.0000 0.8477 0.5305
vn -0.0000 0.8449 0.5349
vn -0.0000 0.8420 0.5394
vn -0.0000 0.8391 0.5440
vn -0.0000 0.8361 0.5486
vn -0.0000 0.8330 0.5533
vn -0.0000 0.8298 0.5580
vn -0.0000 0.8266 0.5629
vn -0.0000 0.8298 0.5581
vn -0.0000 0.8232 0.5677
vn -0.0000 0.8198 0.5726
vn -0.0000 0.8163 0.5776
vn -0.0000 0.8198 0.5727
vn -0.0000 0.8127 0.5827
vn -0.0000 0.8090 0.5878
vn -0.0000 0.8052 0.5930
vn -0.0000 0.8013 0.5983
vn -0.0000 0.7973 0.6036
vn -0.0000 0.7932 0.6090
vn -0.0000 0.7890 0.6144
vn -0.0000 0.7847 0.6199
vn -0.0000 0.7802 0.6255
vn -0.0000 0.7846 0.6199
vn -0.0000 0.7757 0.6312
vn -0.0000 0.7733 0.6341
vn -0.0000 0.7756 0.6312
vn -0.0000 0.7711 0.6368
vn -0.0000 0.7667 0.6420
vn -0.0000 0.7621 0.6474
vn -0.0000 0.7575 0.6528
vn -0.0000 0.7527 0.6584
vn -0.0000 0.7575 0.6529
vn -0.0000 0.7478 0.6640
vn -0.0000 0.7427 0.6697
vn -0.0000 0.7374 0.6754
vn -0.0000 0.7320 0.6813
vn -0.0000 0.7265 0.6872
vn -0.0000 0.7207 0.6932
vn -0.0000 0.7148 0.6993
vn -0.0000 0.7087 0.7055
vn -0.0000 0.7024 0.7118
vn -0.0000 0.6960 0.7181
vn -0.0000 0.6893 0.7245
vn -0.0000 0.6959 0.7181
vn -0.0000 0.6824 0.7310
vn -0.0000 0.6753 0.7376
vn -0.0000 0.6679 0.7442
vn -0.0000 0.6604 0.7509
vn -0.0000 0.6526 0.7577
vn -0.0000 0.6445 0.7646
vn -0.0000 0.6362 0.7715
vn -0.0000 0.6276 0.7785
vn -0.0000 0.6188 0.7856
vn -0.0000 0.6097 0.7927
vn -0.0000 0.6002 0.7998
vn -0.0000 0.5905 0.8070
vn -0.0000 0.5805 0.8142
vn -0.0000 0.5702 0.8215
vn -0.0000 0.5805 0.8143
vn -0.0000 0.5595 0.8288
vn -0.0000 0.5485 0.8361
vn -0.0000 0.5372 0.8435
vn -0.0000 0.5255 0.8508
vn -0.0000 0.5135 0.8581
vn -0.0000 0.5011 0.8654
vn -0.0000 0.4883 0.8727
vn -0.0000 0.4751 0.8799
vn -0.0000 0.4616 0.8871
vn -0.0000 0.4477 0.8942
vn -0.0000 0.4333 0.9012
vn -0.0000 0.4476 0.8942
vn -0.0000 0.4186 0.9082
vn -0.0000 0.4035 0.9150
vn -0.0000 0.3879 0.9217
vn -0.0000 0.3720 0.9283
vn -0.0000 0.3556 0.9346
vn -0.0000 0.3719 0.9283
vn -0.0000 0.3388 0.9408
vn -0.0000 0.3217 0.9469
vn -0.0000 0.3388 0.9409
vn -0.0000 0.3041 0.9526
vn -0.0000 0.3216 0.9469
vn -0.0000 0.2861 0.9582
vn -0.0000 0.3040 0.9527
vn -0.0000 0.2677 0.9635
vn -0.0000 0.2490 0.9685
vn -0.0000 0.2298 0.9732
vn -0.0000 0.2104 0.9776
vn -0.0000 0.1905 0.9817
vn -0.0000 0.1704 0.9854
vn -0.0000 0.1499 0.9887
vn -0.0000 0.1292 0.9916
vn -0.0000 0.1082 0.9941
vn -0.0000 0.0869 0.9962
vn -0.0000 0.1081 0.9941
vn -0.0000 0.0654 0.9979
vn -0.0000 0.0438 0.9990
vn -0.0000 0.0220 0.9998
vn -0.0000 0.0437 0.9990
vn -0.0000 0.0027 1.0000
vn -0.0000 0.0219 0.9998
vn -0.0000 -0.0113 0.9999
vn -0.0000 -0.0228 0.9997
vn -0.0000 -0.0348 0.9994
vn -0.0000 -0.0471 0.9989
vn -0.0000 -0.0598 0.9982
vn -0.0000 -0.0730 0.9973
vn -0.0000 -0.0865 0.9963
vn -0.0000 -0.1005 0.9949
vn -0.0000 -0.0865 0.9962
vn -0.0000 -0.1150 0.9934
vn -0.0000 -0.1298 0.9915
vn -0.0000 -0.1149 0.9934
vn -0.0000 -0.1452 0.9894
vn -0.0000 -0.1610 0.9869
vn -0.0000 -0.1774 0.9841
vn -0.0000 -0.1942 0.9810
vn -0.0000 -0.2115 0.9774
vn -0.0000 -0.2294 0.9733
vn -0.0000 -0.2116 0.9774
vn -0.0000 -0.2477 0.9688
vn -0.0000 -0.2666 0.9638
vn -0.0000 -0.2478 0.9688
vn -0.0000 -0.2860 0.9582
vn -0.0000 -0.2667 0.9638
vn -0.0000 -0.3059 0.9521
vn -0.0000 -0.3264 0.9452
vn -0.0000 -0.3473 0.9378
vn -0.0000 -0.3687 0.9296
vn -0.0000 -0.3472 0.9378
vn -0.0000 -0.3905 0.9206
vn -0.0000 -0.3686 0.9296
vn -0.0000 -0.4128 0.9108
vn -0.0000 -0.4354 0.9002
vn -0.0000 -0.4585 0.8887
vn -0.0000 -0.4818 0.8763
vn -0.0000 -0.5054 0.8629
vn -0.0000 -0.5292 0.8485
vn -0.0000 -0.5532 0.8331
vn -0.0000 -0.5772 0.8166
vn -0.0000 -0.6013 0.7991
vn -0.0000 -0.6252 0.7805
vn -0.0000 -0.6013 0.7990
vn -0.0000 -0.6490 0.7608
vn -0.0000 -0.6252 0.7804
vn -0.0000 -0.6726 0.7400
vn -0.0000 -0.6958 0.7183
vn -0.0000 -0.6725 0.7401
vn -0.0000 -0.7185 0.6955
vn -0.0000 -0.6957 0.7183
vn -0.0000 -0.7407 0.6718
vn -0.0000 -0.7623 0.6472
vn -0.0000 -0.7833 0.6217
vn -0.0000 -0.7624 0.6471
vn -0.0000 -0.8034 0.5954
vn -0.0000 -0.8227 0.5685
vn -0.0000 -0.8411 0.5409
vn -0.0000 -0.8585 0.5129
vn -0.0000 -0.8748 0.4844
vn -0.0000 -0.8902 0.4556
vn -0.0000 -0.9044 0.4266
vn -0.0000 -0.9176 0.3975
vn -0.0000 -0.9297 0.3684
vn -0.0000 -0.9407 0.3393
vn -0.0000 -0.9506 0.3105
vn -0.0000 -0.9595 0.2818
vn -0.0000 -0.9673 0.2535
vn -0.0000 -0.9742 0.2256
vn -0.0000 -0.9802 0.1982
vn -0.0000 -0.9852 0.1713
vn -0.0000 -0.9894 0.1449
vn -0.0000 -0.9929 0.1191
vn -0.0000 -0.9956 0.0940
vn -0.0000 -0.9976 0.0695
vn -0.0000 -0.9990 0.0457
vn -0.0000 -0.9997 0.0226
vn -0.0000 -1.0000 0.0006
vn -0.0000 -0.9998 -0.0200
vn -0.0000 -0.9992 -0.0397
vn -0.0000 -0.9982 -0.0592
vn -0.0000 -0.9969 -0.0784
vn -0.0000 -0.9953 -0.0973
vn -0.0000 -0.9933 -0.1159
vn -0.0000 -0.9910 -0.1342
vn -0.0000 -0.9883 -0.1522
vn -0.0000 -0.9855 -0.1699
vn -0.0000 -0.9823 -0.1872
vn -0.0000 -0.9789 -0.2041
vn -0.0000 -0.9753 -0.2207
vn -0.0000 -0.9715 -0.2370
vn -0.0000 -0.9675 -0.2529
vn -0.0000 -0.9633 -0.2684
vn -0.0000 -0.9589 -0.2836
vn -0.0000 -0.9544 -0.2984
vn -0.0000 -0.9498 -0.3129
vn -0.0000 -0.9450 -0.3270
vn -0.0000 -0.9401 -0.3408
vn -0.0000 -0.9352 -0.3542
vn -0.0000 -0.9402 -0.3407
vn -0.0000 -0.9301 -0.3673
vn -0.0000 -0.9250 -0.3800
vn -0.0000 -0.9301 -0.3672
vn -0.0000 -0.9198 -0.3924
vn -0.0000 -0.9145 -0.4045
vn -0.0000 -0.9093 -0.4162
vn -0.0000 -0.9146 -0.4045
vn -0.0000 -0.9039 -0.4277
vn -0.0000 -0.8986 -0.4388
vn -0.0000 -0.8932 -0.4497
vn -0.0000 -0.8878 -0.4602
vn -0.0000 -0.8932 -0.4496
vn -0.0000 -0.8824 -0.4704
vn -0.0000 -0.8770 -0.4804
vn -0.0000 -0.8824 -0.4705
vn -0.0000 -0.8716 -0.4901
vn -0.0000 -0.8663 -0.4996
vn -0.0000 -0.8717 -0.4901
vn -0.0000 -0.8609 -0.5088
vn -0.0000 -0.8556 -0.5177
vn -0.0000 -0.8502 -0.5264
vn -0.0000 -0.8450 -0.5348
vn -0.0000 -0.8397 -0.5431
vn -0.0000 -0.8345 -0.5511
vn -0.0000 -0.8397 -0.5430
vn -0.0000 -0.8293 -0.5588
vn -0.0000 -0.8345 -0.5510
vn -0.0000 -0.8241 -0.5664
vn -0.0000 -0.8190 -0.5737
vn -0.0000 -0.8242 -0.5664
vn -0.0000 -0.8140 -0.5809
vn -0.0000 -0.8090 -0.5879
vn -0.0000 -0.8040 -0.5947
vn -0.0000 -0.7991 -0.6013
vn -0.0000 -0.7942 -0.6077
vn -0.0000 -0.7894 -0.6139
vn -0.0000 -0.7846 -0.6200
vn -0.0000 -0.7799 -0.6259
vn -0.0000 -0.7752 -0.6317
vn -0.0000 -0.7706 -0.6373
vn -0.0000 -0.7660 -0.6428
vn -0.0000 -0.7615 -0.6482
vn -0.0000 -0.7571 -0.6533
vn -0.0000 -0.7615 -0.6481
vn -0.0000 -0.7527 -0.6584
vn -0.0000 -0.7483 -0.6633
vn -0.0000 -0.7440 -0.6682
vn -0.0000 -0.7398 -0.6728
vn -0.0000 -0.7440 -0.6681
vn -0.0000 -0.7356 -0.6774
vn -0.0000 -0.7315 -0.6819
vn -0.0000 -0.7274 -0.6862
vn -0.0000 -0.7143 -0.6998
vn -0.0000 -0.7040 -0.7102
vn -0.0000 -0.7057 -0.7085
vn -0.0000 -0.7074 -0.7068
vn -0.0000 -0.7091 -0.7051
vn -0.0000 -0.7109 -0.7033
vn -0.0000 -0.7126 -0.7016
vn -0.0000 -0.7144 -0.6998
vn -0.0000 -0.7126 -0.7015
vn -0.0000 -0.7161 -0.6980
vn -0.0000 -0.7179 -0.6962
vn -0.0000 -0.7196 -0.6943
vn -0.0000 -0.7214 -0.6925
vn -0.0000 -0.7232 -0.6906
vn -0.0000 -0.7250 -0.6888
vn -0.0000 -0.7268 -0.6869
vn -0.0000 -0.7286 -0.6850
vn -0.0000 -0.7304 -0.6831
vn -0.0000 -0.7322 -0.6811
vn -0.0000 -0.7340 -0.6792
vn -0.0000 -0.7358 -0.6772
vn -0.0000 -0.7376 -0.6752
vn -0.0000 -0.7394 -0.6732
vn -0.0000 -0.7413 -0.6712
vn -0.0000 -0.7431 -0.6692
vn -0.0000 -0.7449 -0.6671
vn -0.0000 -0.7468 -0.6651
vn -0.0000 -0.7487 -0.6630
vn -0.0000 -0.7505 -0.6609
vn -0.0000 -0.7524 -0.6587
vn -0.0000 -0.7542 -0.6566
vn -0.0000 -0.7561 -0.6544
vn -0.0000 -0.7580 -0.6523
vn -0.0000 -0.7599 -0.6501
vn -0.0000 -0.7618 -0.6478
vn -0.0000 -0.7637 -0.6456
vn -0.0000 -0.7656 -0.6434
vn -0.0000 -0.7675 -0.6411
vn -0.0000 -0.7694 -0.6388
vn -0.0000 -0.7713 -0.6365
vn -0.0000 -0.7732 -0.6342
vn -0.0000 -0.7751 -0.6318
vn -0.0000 -0.7771 -0.6294
vn -0.0000 -0.7790 -0.6270
vn -0.0000 -0.7809 -0.6246
vn -0.0000 -0.7829 -0.6222
vn -0.0000 -0.7848 -0.6197
vn -0.0000 -0.7867 -0.6173
vn -0.0000 -0.7887 -0.6148
vn -0.0000 -0.7907 -0.6123
vn -0.0000 -0.7926 -0.6097
vn -0.0000 -0.7946 -0.6072
vn -0.0000 -0.7965 -0.6046
vn -0.0000 -0.7985 -0.6020
vn -0.0000 -0.8005 -0.5994
vn -0.0000 -0.8024 -0.5967
vn -0.0000 -0.8044 -0.5941
vn -0.0000 -0.8064 -0.5914
vn -0.0000 -0.8084 -0.5886
vn -0.0000 -0.8104 -0.5859
vn -0.0000 -0.8124 -0.5832
vn -0.0000 -0.8144 -0.5804
vn -0.0000 -0.8163 -0.5776
vn -0.0000 -0.8183 -0.5747
vn -0.0000 -0.8203 -0.5719
vn -0.0000 -0.9965 0.0838
vn -0.0000 -0.7189 0.6951
vn -0.0000 -0.7276 0.6860
vn -0.0000 -0.7363 0.6767
vn -0.0000 -0.7447 0.6673
vn -0.0000 -0.7531 0.6579
vn -0.0000 -0.7613 0.6484
vn -0.0000 -0.7694 0.6387
vn -0.0000 -0.7774 0.6290
vn -0.0000 -0.7852 0.6192
vn -0.0000 -0.7929 0.6094
vn -0.0000 -0.8004 0.5995
vn -0.0000 -0.8078 0.5895
vn -0.0000 -0.8150 0.5795
vn -0.0000 -0.8220 0.5694
vn -0.0000 -0.8290 0.5593
vn -0.0000 -0.8357 0.5492
vn -0.0000 -0.8423 0.5390
vn -0.0000 -0.8488 0.5288
vn -0.0000 -0.8550 0.5186
vn -0.0000 -0.8612 0.5083
vn -0.0000 -0.8671 0.4981
vn -0.0000 -0.8729 0.4878
vn -0.0000 -0.8786 0.4776
vn -0.0000 -0.8841 0.4673
vn -0.0000 -0.8894 0.4571
vn -0.0000 -0.8946 0.4469
vn -0.0000 -0.8996 0.4366
vn -0.0000 -0.9045 0.4265
vn -0.0000 -0.9092 0.4163
vn -0.0000 -0.9138 0.4062
vn -0.0000 -0.9182 0.3961
vn -0.0000 -0.9225 0.3860
vn -0.0000 -0.9266 0.3760
vn -0.0000 -0.9306 0.3661
vn -0.0000 -0.9344 0.3562
vn -0.0000 -0.9381 0.3463
vn -0.0000 -0.9417 0.3365
vn -0.0000 -0.9451 0.3268
vn -0.0000 -0.9484 0.3171
vn -0.0000 -0.9516 0.3075
vn -0.0000 -0.9546 0.2979
vn -0.0000 -0.9575 0.2884
vn -0.0000 -0.9603 0.2790
vn -0.0000 -0.9629 0.2697
vn -0.0000 -0.9655 0.2604
vn -0.0000 -0.9679 0.2512
vn -0.0000 -0.9702 0.2421
vn -0.0000 -0.9725 0.2331
vn -0.0000 -0.9746 0.2242
vn -0.0000 -0.9765 0.2153
vn -0.0000 -0.9784 0.2065
vn -0.0000 -0.9802 0.1978
vn -0.0000 -0.9819 0.1892
vn -0.0000 -0.9835 0.1807
vn -0.0000 -0.9851 0.1722
vn -0.0000 -0.9865 0.1639
vn -0.0000 -0.9878 0.1556
vn -0.0000 -0.9891 0.1475
vn -0.0000 -0.9902 0.1394
vn -0.0000 -0.9913 0.1314
vn -0.0000 -0.9923 0.1235
vn -0.0000 -0.9933 0.1156
vn -0.0000 -0.9942 0.1079
vn -0.0000 -0.9990 0.0442
vn -0.0000 -0.9995 -0.0318
vn -0.0000 -0.9979 -0.0645
vn -0.0000 -0.9952 -0.0980
vn -0.0000 -0.9912 -0.1323
vn -0.0000 -0.9859 -0.1672
vn -0.0000 -0.9912 -0.1322
vn -0.0000 -0.9792 -0.2027
vn -0.0000 -0.9711 -0.2385
vn -0.0000 -0.9615 -0.2747
vn -0.0000 -0.9711 -0.2387
vn -0.0000 -0.9504 -0.3111
vn -0.0000 -0.9615 -0.2748
vn -0.0000 -0.9377 -0.3473
vn -0.0000 -0.9236 -0.3833
vn -0.0000 -0.9079 -0.4191
vn -0.0000 -0.9236 -0.3834
vn -0.0000 -0.8909 -0.4543
vn -0.0000 -0.9080 -0.4190
vn -0.0000 -0.8726 -0.4885
vn -0.0000 -0.8909 -0.4542
vn -0.0000 -0.8530 -0.5219
vn -0.0000 -0.8725 -0.4886
vn -0.0000 -0.8322 -0.5545
vn -0.0000 -0.8528 -0.5222
vn -0.0000 -0.8102 -0.5861
vn -0.0000 -0.8320 -0.5548
vn -0.0000 -0.7876 -0.6162
vn -0.0000 -0.7641 -0.6451
vn -0.0000 -0.7875 -0.6163
vn -0.0000 -0.7399 -0.6728
vn -0.0000 -0.7153 -0.6989
vn -0.0000 -0.7401 -0.6725
vn -0.0000 -0.6904 -0.7234
vn -0.0000 -0.7156 -0.6985
vn -0.0000 -0.6656 -0.7463
vn -0.0000 -0.6906 -0.7233
vn -0.0000 -0.6404 -0.7681
vn -0.0000 -0.6653 -0.7466
vn -0.0000 -0.6152 -0.7884
vn -0.0000 -0.6402 -0.7682
vn -0.0000 -0.5901 -0.8073
vn -0.0000 -0.6150 -0.7885
vn -0.0000 -0.5653 -0.8249
vn -0.0000 -0.5411 -0.8410
vn -0.0000 -0.5170 -0.8560
vn -0.0000 -0.5406 -0.8413
vn -0.0000 -0.4931 -0.8700
vn -0.0000 -0.5166 -0.8562
vn -0.0000 -0.4698 -0.8827
vn -0.0000 -0.4473 -0.8944
vn -0.0000 -0.4702 -0.8826
vn -0.0000 -0.4254 -0.9050
vn -0.0000 -0.4038 -0.9148
vn -0.0000 -0.4250 -0.9052
vn -0.0000 -0.3830 -0.9237
vn -0.0000 -0.4036 -0.9149
vn -0.0000 -0.3629 -0.9318
vn -0.0000 -0.3825 -0.9240
vn -0.0000 -0.3429 -0.9394
vn -0.0000 -0.3623 -0.9321
vn -0.0000 -0.3240 -0.9461
vn -0.0000 -0.3428 -0.9394
vn -0.0000 -0.3053 -0.9523
vn -0.0000 -0.3236 -0.9462
vn -0.0000 -0.2872 -0.9579
vn -0.0000 -0.2702 -0.9628
vn -0.0000 -0.2875 -0.9578
vn -0.0000 -0.2536 -0.9673
vn -0.0000 -0.2376 -0.9714
vn -0.0000 -0.2533 -0.9674
vn -0.0000 -0.2217 -0.9751
vn -0.0000 -0.2370 -0.9715
vn -0.0000 -0.2066 -0.9784
vn -0.0000 -0.1922 -0.9814
vn -0.0000 -0.1781 -0.9840
vn -0.0000 -0.1920 -0.9814
vn -0.0000 -0.1646 -0.9864
vn -0.0000 -0.1779 -0.9840
vn -0.0000 -0.1513 -0.9885
vn -0.0000 -0.1643 -0.9864
vn -0.0000 -0.1385 -0.9904
vn -0.0000 -0.1515 -0.9885
vn -0.0000 -0.1263 -0.9920
vn -0.0000 -0.1389 -0.9903
vn -0.0000 -0.1146 -0.9934
vn -0.0000 -0.1267 -0.9919
vn -0.0000 -0.1033 -0.9946
vn -0.0000 -0.0923 -0.9957
vn -0.0000 -0.1032 -0.9947
vn -0.0000 -0.0817 -0.9967
vn -0.0000 -0.0715 -0.9974
vn -0.0000 -0.0814 -0.9967
vn -0.0000 -0.0614 -0.9981
vn -0.0000 -0.0712 -0.9975
vn -0.0000 -0.0518 -0.9987
vn -0.0000 -0.0425 -0.9991
vn -0.0000 -0.0515 -0.9987
vn -0.0000 -0.0333 -0.9994
vn -0.0000 -0.0423 -0.9991
vn -0.0000 -0.0246 -0.9997
vn -0.0000 -0.0334 -0.9994
vn -0.0000 -0.0162 -0.9999
vn -0.0000 -0.0247 -0.9997
vn -0.0000 -0.0080 -1.0000
vn -0.0000 -0.0161 -0.9999
vn -0.0000 -0.0000 -1.0000
vn -0.0000 -0.0078 -1.0000
vn -0.0000 0.0077 -1.0000
vn -0.0000 0.0158 -0.9999
vn -0.0000 0.0082 -1.0000
vn -0.0000 0.0245 -0.9997
vn -0.0000 0.0164 -0.9999
vn -0.0000 0.0328 -0.9995
vn -0.0000 0.0420 -0.9991
vn -0.0000 0.0334 -0.9994
vn -0.0000 0.0514 -0.9987
vn -0.0000 0.0423 -0.9991
vn -0.0000 0.0608 -0.9981
vn -0.0000 0.0511 -0.9987
vn -0.0000 0.0705 -0.9975
vn -0.0000 0.0602 -0.9982
vn -0.0000 0.0802 -0.9968
vn -0.0000 0.0702 -0.9975
vn -0.0000 0.0905 -0.9959
vn -0.0000 0.0805 -0.9968
vn -0.0000 0.1014 -0.9948
vn -0.0000 0.1123 -0.9937
vn -0.0000 0.1010 -0.9949
vn -0.0000 0.1232 -0.9924
vn -0.0000 0.1345 -0.9909
vn -0.0000 0.1235 -0.9923
vn -0.0000 0.1468 -0.9892
vn -0.0000 0.1351 -0.9908
vn -0.0000 0.1594 -0.9872
vn -0.0000 0.1471 -0.9891
vn -0.0000 0.1718 -0.9851
vn -0.0000 0.1848 -0.9828
vn -0.0000 0.1725 -0.9850
vn -0.0000 0.1987 -0.9801
vn -0.0000 0.1852 -0.9827
vn -0.0000 0.2126 -0.9771
vn -0.0000 0.1983 -0.9801
vn -0.0000 0.2265 -0.9740
vn -0.0000 0.2413 -0.9705
vn -0.0000 0.2272 -0.9738
vn -0.0000 0.2564 -0.9666
vn -0.0000 0.2420 -0.9703
vn -0.0000 0.2720 -0.9623
vn -0.0000 0.2572 -0.9664
vn -0.0000 0.2885 -0.9575
vn -0.0000 0.2724 -0.9622
vn -0.0000 0.3050 -0.9524
vn -0.0000 0.2881 -0.9576
vn -0.0000 0.3220 -0.9467
vn -0.0000 0.3050 -0.9523
vn -0.0000 0.3394 -0.9406
vn -0.0000 0.3224 -0.9466
vn -0.0000 0.3574 -0.9340
vn -0.0000 0.3398 -0.9405
vn -0.0000 0.3757 -0.9267
vn -0.0000 0.3945 -0.9189
vn -0.0000 0.4138 -0.9104
vn -0.0000 0.4339 -0.9010
vn -0.0000 0.4539 -0.8910
vn -0.0000 0.4335 -0.9012
vn -0.0000 0.4740 -0.8805
vn -0.0000 0.4536 -0.8912
vn -0.0000 0.4949 -0.8690
vn -0.0000 0.5161 -0.8566
vn -0.0000 0.5379 -0.8430
vn -0.0000 0.5164 -0.8563
vn -0.0000 0.5592 -0.8290
vn -0.0000 0.5811 -0.8138
vn -0.0000 0.5596 -0.8288
vn -0.0000 0.6035 -0.7974
vn -0.0000 0.6256 -0.7801
vn -0.0000 0.6032 -0.7976
vn -0.0000 0.6477 -0.7619
vn -0.0000 0.6698 -0.7426
vn -0.0000 0.6474 -0.7621
vn -0.0000 0.6914 -0.7225
vn -0.0000 0.6695 -0.7428
vn -0.0000 0.7134 -0.7008
vn -0.0000 0.6920 -0.7219
vn -0.0000 0.7350 -0.6780
vn -0.0000 0.7560 -0.6546
vn -0.0000 0.7345 -0.6786
vn -0.0000 0.7763 -0.6304
vn -0.0000 0.7555 -0.6551
vn -0.0000 0.7960 -0.6053
vn -0.0000 0.8153 -0.5790
vn -0.0000 0.7964 -0.6048
vn -0.0000 0.8340 -0.5517
vn -0.0000 0.8157 -0.5785
vn -0.0000 0.8519 -0.5237
vn -0.0000 0.8688 -0.4952
vn -0.0000 0.8516 -0.5242
vn -0.0000 0.8846 -0.4664
vn -0.0000 0.8685 -0.4957
vn -0.0000 0.8994 -0.4372
vn -0.0000 0.8845 -0.4665
vn -0.0000 0.9135 -0.4069
vn -0.0000 0.8996 -0.4367
vn -0.0000 0.9263 -0.3768
vn -0.0000 0.9134 -0.4071
vn -0.0000 0.9380 -0.3467
vn -0.0000 0.9262 -0.3770
vn -0.0000 0.9487 -0.3162
vn -0.0000 0.9583 -0.2858
vn -0.0000 0.9486 -0.3163
vn -0.0000 0.9667 -0.2558
vn -0.0000 0.9583 -0.2859
vn -0.0000 0.9741 -0.2260
vn -0.0000 0.9668 -0.2557
vn -0.0000 0.9715 -0.2371
vn -0.0000 0.9742 -0.2259
vn -0.0000 0.9640 -0.2660
vn -0.0000 0.9715 -0.2370
vn -0.0000 0.9622 -0.2724
vn -0.0000 0.9603 -0.2789
vn -0.0000 0.9584 -0.2854
vn -0.0000 0.9564 -0.2920
vn -0.0000 0.9544 -0.2987
vn -0.0000 0.9522 -0.3054
vn -0.0000 0.9500 -0.3121
vn -0.0000 0.9478 -0.3189
vn -0.0000 0.9454 -0.3258
vn -0.0000 0.9430 -0.3327
vn -0.0000 0.9405 -0.3397
vn -0.0000 0.9353 -0.3538
vn -0.0000 0.9326 -0.3609
vn -0.0000 0.9298 -0.3681
vn -0.0000 0.9269 -0.3754
vn -0.0000 0.9239 -0.3827
vn -0.0000 0.9208 -0.3900
vn -0.0000 0.9176 -0.3974
vn -0.0000 0.9144 -0.4048
vn -0.0000 0.9110 -0.4123
vn -0.0000 0.9076 -0.4198
vn -0.0000 0.9041 -0.4274
vn -0.0000 0.9004 -0.4350
vn -0.0000 0.8967 -0.4427
vn -0.0000 0.8928 -0.4504
vn -0.0000 0.8889 -0.4581
vn -0.0000 0.8849 -0.4659
vn -0.0000 0.8807 -0.4737
vn -0.0000 0.8764 -0.4815
vn -0.0000 0.8721 -0.4894
vn -0.0000 0.8676 -0.4973
vn -0.0000 0.8630 -0.5052
vn -0.0000 0.8583 -0.5131
vn -0.0000 0.8535 -0.5211
vn -0.0000 0.8486 -0.5291
vn -0.0000 0.8435 -0.5371
vn -0.0000 0.8384 -0.5451
vn -0.0000 0.8331 -0.5531
vn -0.0000 0.8277 -0.5611
vn -0.0000 0.8222 -0.5692
vn -0.0000 0.8166 -0.5772
vn -0.0000 0.8108 -0.5853
vn -0.0000 0.8050 -0.5933
vn -0.0000 0.7990 -0.6013
vn -0.0000 0.7929 -0.6094
vn -0.0000 0.7867 -0.6174
vn -0.0000 0.7803 -0.6254
vn -0.0000 0.7739 -0.6334
vn -0.0000 0.7673 -0.6413
vn -0.0000 0.7606 -0.6493
vn -0.0000 0.7537 -0.6572
vn -0.0000 0.7468 -0.6650
vn -0.0000 0.7397 -0.6729
vn -0.0000 0.7326 -0.6807
vn -0.0000 0.7253 -0.6885
vn -0.0000 0.7179 -0.6962
vn -0.0000 0.7104 -0.7038
vn -0.0000 0.7027 -0.7115
vn -0.0000 0.6950 -0.7190
vn -0.0000 0.6871 -0.7265
vn -0.0000 0.6792 -0.7340
vn -0.0000 -0.1526 -0.9883
vn -0.0000 -0.8667 -0.4989
vn -0.0000 -0.8675 -0.4975
vn -0.0000 -0.8683 -0.4961
vn -0.0000 -0.8691 -0.4946
vn -0.0000 -0.8699 -0.4932
vn -0.0000 -0.8707 -0.4918
vn -0.0000 -0.8715 -0.4903
vn -0.0000 -0.8724 -0.4889
vn -0.0000 -0.8732 -0.4874
vn -0.0000 -0.8740 -0.4859
vn -0.0000 -0.8748 -0.4845
vn -0.0000 -0.8756 -0.4830
vn -0.0000 -0.8765 -0.4815
vn -0.0000 -0.8773 -0.4800
vn -0.0000 -0.8781 -0.4784
vn -0.0000 -0.8789 -0.4769
vn -0.0000 -0.8798 -0.4754
vn -0.0000 -0.8806 -0.4739
vn -0.0000 -0.8814 -0.4723
vn -0.0000 -0.8823 -0.4708
vn -0.0000 -0.8831 -0.4692
vn -0.0000 -0.8839 -0.4676
vn -0.0000 -0.8848 -0.4660
vn -0.0000 -0.8856 -0.4644
vn -0.0000 -0.8864 -0.4628
vn -0.0000 -0.8873 -0.4612
vn -0.0000 -0.8881 -0.4596
vn -0.0000 -0.8890 -0.4580
vn -0.0000 -0.8898 -0.4563
vn -0.0000 -0.8907 -0.4547
vn -0.0000 -0.8915 -0.4530
vn -0.0000 -0.8923 -0.4514
vn -0.0000 -0.8940 -0.4480
vn -0.0000 -0.8949 -0.4463
vn -0.0000 -0.8957 -0.4446
vn -0.0000 -0.8966 -0.4429
vn -0.0000 -0.8974 -0.4411
vn -0.0000 -0.8983 -0.4394
vn -0.0000 -0.8991 -0.4377
vn -0.0000 -0.9000 -0.4359
vn -0.0000 -0.9008 -0.4341
vn -0.0000 -0.9017 -0.4324
vn -0.0000 -0.9026 -0.4306
vn -0.0000 -0.9034 -0.4288
vn -0.0000 -0.9043 -0.4270
vn -0.0000 -0.9051 -0.4252
vn -0.0000 -0.9060 -0.4233
vn -0.0000 -0.9068 -0.4215
vn -0.0000 -0.9077 -0.4196
vn -0.0000 -0.9086 -0.4178
vn -0.0000 -0.9094 -0.4159
vn -0.0000 -0.9103 -0.4140
vn -0.0000 -0.9111 -0.4121
vn -0.0000 -0.9120 -0.4102
vn -0.0000 -0.9128 -0.4083
vn -0.0000 -0.9137 -0.4064
vn -0.0000 -0.9146 -0.4044
vn -0.0000 -0.9154 -0.4025
vn -0.0000 -0.9163 -0.4005
vn -0.0000 -0.9171 -0.3986
vn -0.0000 -0.9180 -0.3966
vn -0.0000 -0.9189 -0.3946
vn -0.0000 -0.9462 0.3235
vn -0.0000 -0.4862 0.8738
vn -0.0000 -0.4868 0.8735
vn -0.0000 -0.4863 0.8738
vn -0.0000 -0.4874 0.8732
vn -0.0000 -0.4869 0.8735
vn -0.0000 -0.4880 0.8728
vn -0.0000 -0.4886 0.8725
vn -0.0000 -0.4891 0.8722
vn -0.0000 -0.4897 0.8719
vn -0.0000 -0.4892 0.8722
vn -0.0000 -0.4903 0.8716
vn -0.0000 -0.4908 0.8713
vn -0.0000 -0.4913 0.8710
vn -0.0000 -0.4919 0.8707
vn -0.0000 -0.4924 0.8704
vn -0.0000 -0.4918 0.8707
vn -0.0000 -0.4929 0.8701
vn -0.0000 -0.4934 0.8698
vn -0.0000 -0.4939 0.8695
vn -0.0000 -0.4944 0.8692
vn -0.0000 -0.4949 0.8690
vn -0.0000 -0.4954 0.8687
vn -0.0000 -0.4958 0.8684
vn -0.0000 -0.4953 0.8687
vn -0.0000 -0.4963 0.8682
vn -0.0000 -0.4967 0.8679
vn -0.0000 -0.4972 0.8676
vn -0.0000 -0.4976 0.8674
vn -0.0000 -0.4981 0.8671
vn -0.0000 -0.4985 0.8669
vn -0.0000 -0.4990 0.8666
vn -0.0000 -0.4994 0.8664
vn -0.0000 -0.4989 0.8666
vn -0.0000 -0.4998 0.8661
vn -0.0000 -0.5002 0.8659
vn -0.0000 -0.5006 0.8657
vn -0.0000 -0.5010 0.8654
vn -0.0000 -0.5014 0.8652
vn -0.0000 -0.5022 0.8648
vn -0.0000 -0.5026 0.8645
vn -0.0000 -0.5022 0.8647
vn -0.0000 -0.5030 0.8643
vn -0.0000 -0.5034 0.8641
vn -0.0000 -0.5038 0.8638
vn -0.0000 -0.5033 0.8641
vn -0.0000 -0.5041 0.8636
vn -0.0000 -0.5037 0.8639
vn -0.0000 -0.5045 0.8634
vn -0.0000 -0.5041 0.8637
vn -0.0000 -0.5048 0.8632
vn -0.0000 -0.5044 0.8634
vn -0.0000 -0.5052 0.8630
vn -0.0000 -0.5055 0.8628
vn -0.0000 -0.5059 0.8626
vn -0.0000 -0.5062 0.8624
vn -0.0000 -0.5058 0.8626
vn -0.0000 -0.5066 0.8622
vn -0.0000 -0.5069 0.8620
vn -0.0000 -0.5065 0.8622
vn -0.0000 -0.5072 0.8618
vn -0.0000 -0.5075 0.8616
vn -0.0000 -0.5079 0.8614
vn -0.0000 -0.5082 0.8613
vn -0.0000 -0.5082 0.8612
vn -0.0000 -0.5088 0.8609
vn -0.0000 -0.5092 0.8607
vn -0.0000 -0.5094 0.8605
vn -0.0000 -0.5091 0.8607
vn -0.0000 -0.5097 0.8603
vn -0.0000 -0.5100 0.8602
vn -0.0000 -0.5098 0.8603
vn -0.0000 -0.5103 0.8600
vn -0.0000 -0.5101 0.8601
vn -0.0000 -0.5106 0.8598
vn -0.0000 -0.5104 0.8600
vn -0.0000 -0.5109 0.8596
vn -0.0000 -0.5112 0.8594
vn -0.0000 -0.5115 0.8593
vn -0.0000 -0.5112 0.8595
vn -0.0000 -0.5118 0.8591
vn -0.0000 -0.5468 0.8373
vn -0.0000 -0.5848 0.8112
vn -0.0000 -0.5929 0.8053
vn -0.0000 -0.6011 0.7991
vn -0.0000 -0.6094 0.7928
vn -0.0000 -0.6011 0.7992
vn -0.0000 -0.6178 0.7863
vn -0.0000 -0.6263 0.7796
vn -0.0000 -0.6348 0.7727
vn -0.0000 -0.6434 0.7656
vn -0.0000 -0.6520 0.7582
vn -0.0000 -0.6433 0.7656
vn -0.0000 -0.6607 0.7506
vn -0.0000 -0.6695 0.7428
vn -0.0000 -0.6783 0.7348
vn -0.0000 -0.6872 0.7265
vn -0.0000 -0.6961 0.7180
vn -0.0000 -0.7050 0.7092
vn -0.0000 -0.7140 0.7002
vn -0.0000 -0.7229 0.6909
vn -0.0000 -0.7139 0.7002
vn -0.0000 -0.7319 0.6814
vn -0.0000 -0.7410 0.6716
vn -0.0000 -0.7500 0.6615
vn -0.0000 -0.7590 0.6511
vn -0.0000 -0.7679 0.6405
vn -0.0000 -0.7769 0.6296
vn -0.0000 -0.7858 0.6185
vn -0.0000 -0.7947 0.6070
vn -0.0000 -0.7858 0.6184
vn -0.0000 -0.8035 0.5953
vn -0.0000 -0.8123 0.5832
vn -0.0000 -0.8036 0.5952
vn -0.0000 -0.8210 0.5709
vn -0.0000 -0.8296 0.5584
vn -0.0000 -0.8381 0.5455
vn -0.0000 -0.8465 0.5324
vn -0.0000 -0.8548 0.5190
vn -0.0000 -0.8630 0.5053
vn -0.0000 -0.8710 0.4913
vn -0.0000 -0.8788 0.4772
vn -0.0000 -0.8865 0.4627
vn -0.0000 -0.8788 0.4771
vn -0.0000 -0.8940 0.4480
vn -0.0000 -0.9014 0.4330
vn -0.0000 -0.9085 0.4179
vn -0.0000 -0.9154 0.4024
vn -0.0000 -0.9221 0.3868
vn -0.0000 -0.9154 0.4025
vn -0.0000 -0.9286 0.3710
vn -0.0000 -0.9221 0.3869
vn -0.0000 -0.9349 0.3550
vn -0.0000 -0.9408 0.3389
vn -0.0000 -0.9466 0.3225
vn -0.0000 -0.9408 0.3388
vn -0.0000 -0.9520 0.3060
vn -0.0000 -0.9572 0.2894
vn -0.0000 -0.9621 0.2726
vn -0.0000 -0.9667 0.2557
vn -0.0000 -0.9711 0.2388
vn -0.0000 -0.9668 0.2557
vn -0.0000 -0.9751 0.2217
vn -0.0000 -0.9711 0.2387
vn -0.0000 -0.9788 0.2046
vn -0.0000 -0.9823 0.1874
vn -0.0000 -0.9854 0.1703
vn -0.0000 -0.9882 0.1530
vn -0.0000 -0.9907 0.1358
vn -0.0000 -0.9929 0.1186
vn -0.0000 -0.9948 0.1015
vn -0.0000 -0.9964 0.0844
vn -0.0000 -0.9977 0.0673
vn -0.0000 -0.9987 0.0503
vn -0.0000 -0.9994 0.0335
vn -0.0000 -0.9999 0.0167
vn -0.0000 -1.0000 0.0023
vn -0.0000 -1.0000 -0.0073
vn -0.0000 -0.9999 -0.0147
vn -0.0000 -0.9997 -0.0225
vn -0.0000 -0.9995 -0.0304
vn -0.0000 -0.9993 -0.0387
vn -0.0000 -0.9989 -0.0472
vn -0.0000 -0.9984 -0.0560
vn -0.0000 -0.9979 -0.0650
vn -0.0000 -0.9972 -0.0745
vn -0.0000 -0.9965 -0.0842
vn -0.0000 -0.9955 -0.0943
vn -0.0000 -0.9964 -0.0842
vn -0.0000 -0.9945 -0.1047
vn -0.0000 -0.9933 -0.1155
vn -0.0000 -0.9919 -0.1267
vn -0.0000 -0.9904 -0.1383
vn -0.0000 -0.9886 -0.1503
vn -0.0000 -0.9867 -0.1628
vn -0.0000 -0.9844 -0.1757
vn -0.0000 -0.9820 -0.1891
vn -0.0000 -0.9792 -0.2030
vn -0.0000 -0.9761 -0.2174
vn -0.0000 -0.9726 -0.2324
vn -0.0000 -0.9688 -0.2479
vn -0.0000 -0.9645 -0.2640
vn -0.0000 -0.9598 -0.2807
vn -0.0000 -0.9546 -0.2979
vn -0.0000 -0.9488 -0.3158
vn -0.0000 -0.9424 -0.3344
vn -0.0000 -0.9354 -0.3535
vn -0.0000 -0.9277 -0.3734
vn -0.0000 -0.9192 -0.3939
vn -0.0000 -0.9098 -0.4150
vn -0.0000 -0.8996 -0.4368
vn -0.0000 -0.8883 -0.4592
vn -0.0000 -0.8760 -0.4823
vn -0.0000 -0.8626 -0.5059
vn -0.0000 -0.8480 -0.5301
vn -0.0000 -0.8320 -0.5547
vn -0.0000 -0.8480 -0.5300
vn -0.0000 -0.8148 -0.5798
vn -0.0000 -0.7961 -0.6052
vn -0.0000 -0.7759 -0.6309
vn -0.0000 -0.7542 -0.6567
vn -0.0000 -0.7308 -0.6826
vn -0.0000 -0.7541 -0.6567
vn -0.0000 -0.7059 -0.7083
vn -0.0000 -0.6793 -0.7339
vn -0.0000 -0.6511 -0.7590
vn -0.0000 -0.6793 -0.7338
vn -0.0000 -0.6214 -0.7835
vn -0.0000 -0.6512 -0.7589
vn -0.0000 -0.5901 -0.8074
vn -0.0000 -0.5573 -0.8303
vn -0.0000 -0.5232 -0.8522
vn -0.0000 -0.4879 -0.8729
vn -0.0000 -0.4515 -0.8923
vn -0.0000 -0.4143 -0.9102
vn -0.0000 -0.3763 -0.9265
vn -0.0000 -0.4142 -0.9102
vn -0.0000 -0.3378 -0.9412
vn -0.0000 -0.2990 -0.9543
vn -0.0000 -0.2601 -0.9656
vn -0.0000 -0.2990 -0.9542
vn -0.0000 -0.2213 -0.9752
vn -0.0000 -0.1828 -0.9832
vn -0.0000 -0.1447 -0.9895
vn -0.0000 -0.1828 -0.9831
vn -0.0000 -0.1073 -0.9942
vn -0.0000 -0.1448 -0.9895
vn -0.0000 -0.0707 -0.9975
vn -0.0000 -0.0349 -0.9994
vn -0.0000 -0.0031 -1.0000
vn -0.0000 0.0218 -0.9998
vn -0.0000 -0.0032 -1.0000
vn -0.0000 0.0429 -0.9991
vn -0.0000 0.0219 -0.9998
vn -0.0000 0.0632 -0.9980
vn -0.0000 0.0430 -0.9991
vn -0.0000 0.0826 -0.9966
vn -0.0000 0.0631 -0.9980
vn -0.0000 0.1011 -0.9949
vn -0.0000 0.1189 -0.9929
vn -0.0000 0.1359 -0.9907
vn -0.0000 0.1523 -0.9883
vn -0.0000 0.1360 -0.9907
vn -0.0000 0.1680 -0.9858
vn -0.0000 0.1830 -0.9831
vn -0.0000 0.1974 -0.9803
vn -0.0000 0.1831 -0.9831
vn -0.0000 0.2111 -0.9775
vn -0.0000 0.2244 -0.9745
vn -0.0000 0.2112 -0.9774
vn -0.0000 0.2371 -0.9715
vn -0.0000 0.2245 -0.9745
vn -0.0000 0.2493 -0.9684
vn -0.0000 0.2372 -0.9715
vn -0.0000 0.2611 -0.9653
vn -0.0000 0.2494 -0.9684
vn -0.0000 0.2723 -0.9622
vn -0.0000 0.2831 -0.9591
vn -0.0000 0.2934 -0.9560
vn -0.0000 0.3034 -0.9529
vn -0.0000 0.2935 -0.9560
vn -0.0000 0.3131 -0.9497
vn -0.0000 0.3035 -0.9528
vn -0.0000 0.3223 -0.9466
vn -0.0000 0.3312 -0.9436
vn -0.0000 0.3481 -0.9375
vn -0.0000 0.3560 -0.9345
vn -0.0000 0.3480 -0.9375
vn -0.0000 0.3636 -0.9315
vn -0.0000 0.3711 -0.9286
vn -0.0000 0.3637 -0.9315
vn -0.0000 0.3782 -0.9257
vn -0.0000 0.3852 -0.9229
vn -0.0000 0.3783 -0.9257
vn -0.0000 0.3918 -0.9200
vn -0.0000 0.3851 -0.9229
vn -0.0000 0.3983 -0.9173
vn -0.0000 0.3918 -0.9201
vn -0.0000 0.4045 -0.9145
vn -0.0000 0.3982 -0.9173
vn -0.0000 0.4105 -0.9119
vn -0.0000 0.4164 -0.9092
vn -0.0000 0.4106 -0.9118
vn -0.0000 0.4220 -0.9066
vn -0.0000 0.4275 -0.9040
vn -0.0000 0.4328 -0.9015
vn -0.0000 0.4380 -0.8990
vn -0.0000 0.4327 -0.9015
vn -0.0000 0.4429 -0.8966
vn -0.0000 0.4379 -0.8990
vn -0.0000 0.4477 -0.8942
vn -0.0000 0.4524 -0.8918
vn -0.0000 0.4569 -0.8895
vn -0.0000 0.4614 -0.8872
vn -0.0000 0.4570 -0.8895
vn -0.0000 0.4656 -0.8850
vn -0.0000 0.4698 -0.8828
vn -0.0000 0.4657 -0.8850
vn -0.0000 0.4739 -0.8806
vn -0.0000 0.4778 -0.8785
vn -0.0000 0.4816 -0.8764
vn -0.0000 0.4778 -0.8784
vn -0.0000 0.4854 -0.8743
vn -0.0000 0.4817 -0.8764
vn -0.0000 0.4890 -0.8723
vn -0.0000 0.4925 -0.8703
vn -0.0000 0.4960 -0.8683
vn -0.0000 0.4993 -0.8664
vn -0.0000 0.5026 -0.8645
vn -0.0000 0.5058 -0.8627
vn -0.0000 0.5089 -0.8608
vn -0.0000 0.5119 -0.8590
vn -0.0000 0.5089 -0.8609
vn -0.0000 0.5148 -0.8573
vn -0.0000 0.5119 -0.8591
vn -0.0000 0.5177 -0.8556
vn -0.0000 0.5205 -0.8538
vn -0.0000 0.5232 -0.8522
vn -0.0000 0.5259 -0.8505
vn -0.0000 0.5233 -0.8522
vn -0.0000 0.5311 -0.8473
vn -0.0000 0.5260 -0.8505
vn -0.0000 0.5331 -0.8461
vn -0.0000 0.5293 -0.8484
vn -0.0000 0.5256 -0.8507
vn -0.0000 0.5220 -0.8529
vn -0.0000 0.5184 -0.8551
vn -0.0000 0.5149 -0.8573
vn -0.0000 0.5114 -0.8593
vn -0.0000 0.5080 -0.8614
vn -0.0000 0.5046 -0.8634
vn -0.0000 0.5013 -0.8653
vn -0.0000 0.4980 -0.8672
vn -0.0000 0.4947 -0.8690
vn -0.0000 0.4916 -0.8708
vn -0.0000 0.4948 -0.8690
vn -0.0000 0.4884 -0.8726
vn -0.0000 0.4853 -0.8743
vn -0.0000 0.4822 -0.8760
vn -0.0000 0.4792 -0.8777
vn -0.0000 0.4763 -0.8793
vn -0.0000 0.4733 -0.8809
vn -0.0000 0.4704 -0.8824
vn -0.0000 0.4676 -0.8840
vn -0.0000 0.4648 -0.8854
vn -0.0000 0.4620 -0.8869
vn -0.0000 0.4592 -0.8883
vn -0.0000 0.4566 -0.8897
vn -0.0000 0.4539 -0.8911
vn -0.0000 0.4565 -0.8897
vn -0.0000 0.4513 -0.8924
vn -0.0000 0.4487 -0.8937
vn -0.0000 0.4461 -0.8950
vn -0.0000 0.4436 -0.8962
vn -0.0000 0.4411 -0.8975
vn -0.0000 0.4386 -0.8987
vn -0.0000 0.4362 -0.8999
vn -0.0000 0.4338 -0.9010
vn -0.0000 0.4314 -0.9021
vn -0.0000 0.4291 -0.9033
vn -0.0000 0.4268 -0.9043
vn -0.0000 0.4245 -0.9054
vn -0.0000 0.4268 -0.9044
vn -0.0000 0.4223 -0.9065
vn -0.0000 0.4201 -0.9075
vn -0.0000 0.4179 -0.9085
vn -0.0000 0.4200 -0.9075
vn -0.0000 0.4157 -0.9095
vn -0.0000 0.4136 -0.9105
vn -0.0000 0.4114 -0.9114
vn -0.0000 0.4094 -0.9124
vn -0.0000 0.4073 -0.9133
vn -0.0000 0.4053 -0.9142
vn -0.0000 0.4033 -0.9151
vn -0.0000 0.4013 -0.9160
vn -0.0000 0.3993 -0.9168
vn -0.0000 0.3974 -0.9177
vn -0.0000 0.3955 -0.9185
vn -0.0000 0.3936 -0.9193
vn -0.0000 0.3917 -0.9201
vn -0.0000 0.3899 -0.9209
vn -0.0000 0.3880 -0.9216
vn -0.0000 0.3862 -0.9224
vn -0.0000 0.3844 -0.9231
vn -0.0000 0.3827 -0.9239
vn -0.0000 0.3809 -0.9246
vn -0.0000 0.3792 -0.9253
vn -0.0000 0.3775 -0.9260
vn -0.0000 0.3758 -0.9267
vn -0.0000 -0.5590 -0.8292
vn -0.0000 -0.5590 -0.8291
vn -0.0000 -1.0000 0.0046
vn -0.0000 -1.0000 0.0069
vn -0.0000 -1.0000 0.0091
vn -0.0000 -0.9999 0.0113
vn -0.0000 -0.9999 0.0135
vn -0.0000 -0.9999 0.0156
vn -0.0000 -0.9998 0.0177
vn -0.0000 -0.9998 0.0198
vn -0.0000 -0.9998 0.0219
vn -0.0000 -0.9997 0.0239
vn -0.0000 -0.9997 0.0259
vn -0.0000 -0.9996 0.0278
vn -0.0000 -0.9996 0.0298
vn -0.0000 -0.9995 0.0317
vn -0.0000 -0.9994 0.0336
vn -0.0000 -0.9994 0.0354
vn -0.0000 -0.9993 0.0373
vn -0.0000 -0.9992 0.0391
vn -0.0000 -0.9992 0.0409
vn -0.0000 -0.9991 0.0427
vn -0.0000 -0.9990 0.0445
vn -0.0000 -0.9989 0.0462
vn -0.0000 -0.9989 0.0479
vn -0.0000 -0.9988 0.0496
vn -0.0000 -0.9987 0.0512
vn -0.0000 -0.9986 0.0529
vn -0.0000 -0.9985 0.0545
vn -0.0000 -0.9984 0.0561
vn -0.0000 -0.9983 0.0577
vn -0.0000 -0.9982 0.0592
vn -0.0000 -0.9982 0.0608
vn -0.0000 -0.9981 0.0623
vn -0.0000 -0.9980 0.0638
vn -0.0000 -0.9979 0.0653
vn -0.0000 -0.9978 0.0668
vn -0.0000 -0.9977 0.0683
vn -0.0000 -0.9976 0.0697
vn -0.0000 -0.9975 0.0711
vn -0.0000 -0.9974 0.0725
vn -0.0000 -0.9973 0.0739
vn -0.0000 -0.9972 0.0753
vn -0.0000 -0.9971 0.0766
vn -0.0000 -0.9970 0.0780
vn -0.0000 -0.9968 0.0793
vn -0.0000 -0.9967 0.0807
vn -0.0000 -0.9966 0.0820
vn -0.0000 -0.9965 0.0832
vn -0.0000 -0.9964 0.0845
vn -0.0000 -0.9963 0.0858
vn -0.0000 -0.9962 0.0870
vn -0.0000 -0.9961 0.0882
vn -0.0000 -0.9960 0.0895
vn -0.0000 -0.9959 0.0907
vn -0.0000 -0.9958 0.0918
vn -0.0000 -0.9957 0.0930
vn -0.0000 -0.9956 0.0942
vn -0.0000 -0.9954 0.0954
vn -0.0000 -0.9953 0.0965
vn -0.0000 -0.9952 0.0976
vn -0.0000 -0.9951 0.0988
vn -0.0000 -0.9950 0.0999
vn -0.0000 -0.9951 0.0987
vn -0.0000 -0.9949 0.1009
vn -0.0000 -0.8299 -0.5579
vn -0.0000 0.6533 -0.7571
vn -0.0000 0.9906 0.1371
vn -0.0000 0.9908 0.1351
vn -0.0000 0.9911 0.1332
vn -0.0000 0.9914 0.1312
vn -0.0000 0.9916 0.1293
vn -0.0000 0.9919 0.1273
vn -0.0000 0.9921 0.1253
vn -0.0000 0.9924 0.1234
vn -0.0000 0.9926 0.1214
vn -0.0000 0.9928 0.1194
vn -0.0000 0.9931 0.1174
vn -0.0000 0.9933 0.1154
vn -0.0000 0.9936 0.1133
vn -0.0000 0.9938 0.1113
vn -0.0000 0.9940 0.1093
vn -0.0000 0.9942 0.1072
vn -0.0000 0.9945 0.1052
vn -0.0000 0.9947 0.1031
vn -0.0000 0.9949 0.1011
vn -0.0000 0.9951 0.0990
vn -0.0000 0.9953 0.0969
vn -0.0000 0.9955 0.0948
vn -0.0000 0.9957 0.0927
vn -0.0000 0.9959 0.0906
vn -0.0000 0.9961 0.0885
vn -0.0000 0.9963 0.0864
vn -0.0000 0.9964 0.0843
vn -0.0000 0.9966 0.0821
vn -0.0000 0.9968 0.0800
vn -0.0000 0.9970 0.0779
vn -0.0000 0.9971 0.0757
vn -0.0000 0.9973 0.0735
vn -0.0000 0.9975 0.0713
vn -0.0000 0.9976 0.0692
vn -0.0000 0.9978 0.0670
vn -0.0000 0.9979 0.0648
vn -0.0000 0.9980 0.0626
vn -0.0000 0.9982 0.0604
vn -0.0000 0.9983 0.0582
vn -0.0000 0.9984 0.0559
vn -0.0000 0.9986 0.0537
vn -0.0000 0.9987 0.0514
vn -0.0000 0.9988 0.0492
vn -0.0000 0.9989 0.0469
vn -0.0000 0.9990 0.0446
vn -0.0000 0.9991 0.0424
vn -0.0000 0.9990 0.0447
vn -0.0000 0.9992 0.0401
vn -0.0000 0.9993 0.0378
vn -0.0000 0.9994 0.0355
vn -0.0000 0.9994 0.0332
vn -0.0000 0.9995 0.0309
vn -0.0000 0.9996 0.0285
vn -0.0000 0.9997 0.0262
vn -0.0000 0.9997 0.0239
vn -0.0000 0.9998 0.0215
vn -0.0000 0.9998 0.0192
vn -0.0000 0.9999 0.0168
vn -0.0000 0.9999 0.0144
vn -0.0000 0.9999 0.0120
vn -0.0000 1.0000 0.0096
vn -0.0000 1.0000 0.0073
vn -0.0000 1.0000 0.0048
vn -0.0000 1.0000 0.0024
vn -0.0000 1.0000 0.0006
vn -0.0000 0.8209 -0.5710
vn -0.0000 0.3478 -0.9376
vn -0.0000 0.3477 -0.9376
vn -0.0000 0.3476 -0.9377
vn -0.0000 0.3474 -0.9377
vn -0.0000 0.3473 -0.9378
vn -0.0000 0.3471 -0.9378
vn -0.0000 0.3470 -0.9379
vn -0.0000 0.3468 -0.9379
vn -0.0000 0.3467 -0.9380
vn -0.0000 0.3465 -0.9380
vn -0.0000 0.3463 -0.9381
vn -0.0000 0.3462 -0.9382
vn -0.0000 0.3460 -0.9382
vn -0.0000 0.3458 -0.9383
vn -0.0000 0.3456 -0.9384
vn -0.0000 0.3454 -0.9384
vn -0.0000 0.3452 -0.9385
vn -0.0000 0.3450 -0.9386
vn -0.0000 0.3448 -0.9387
vn -0.0000 0.3446 -0.9388
vn -0.0000 0.3443 -0.9388
vn -0.0000 0.3441 -0.9389
vn -0.0000 0.3438 -0.9390
vn -0.0000 0.3436 -0.9391
vn -0.0000 0.3433 -0.9392
vn -0.0000 0.3430 -0.9393
vn -0.0000 0.3427 -0.9394
vn -0.0000 0.3424 -0.9395
vn -0.0000 0.3421 -0.9397
vn -0.0000 0.3418 -0.9398
vn -0.0000 0.3414 -0.9399
vn -0.0000 0.3411 -0.9400
vn -0.0000 0.3407 -0.9402
vn -0.0000 0.3403 -0.9403
vn -0.0000 0.3399 -0.9405
vn -0.0000 0.3390 -0.9408
vn -0.0000 0.3395 -0.9406
vn -0.0000 0.3385 -0.9410
vn -0.0000 0.3380 -0.9411
vn -0.0000 0.3375 -0.9413
vn -0.0000 0.3369 -0.9415
vn -0.0000 0.3363 -0.9418
vn -0.0000 0.3357 -0.9420
vn -0.0000 0.3350 -0.9422
vn -0.0000 0.3356 -0.9420
vn -0.0000 0.3343 -0.9425
vn -0.0000 0.3335 -0.9427
vn -0.0000 0.3327 -0.9430
vn -0.0000 0.3335 -0.9428
vn -0.0000 0.3318 -0.9434
vn -0.0000 0.3309 -0.9437
vn -0.0000 0.3299 -0.9440
vn -0.0000 0.3308 -0.9437
vn -0.0000 0.3288 -0.9444
vn -0.0000 0.3298 -0.9440
vn -0.0000 0.3275 -0.9448
vn -0.0000 0.3287 -0.9444
vn -0.0000 0.3262 -0.9453
vn -0.0000 0.3276 -0.9448
vn -0.0000 0.3249 -0.9458
vn -0.0000 0.3263 -0.9453
vn -0.0000 0.3233 -0.9463
vn -0.0000 0.3248 -0.9458
vn -0.0000 0.3216 -0.9469
vn -0.0000 0.3198 -0.9475
vn -0.0000 0.3177 -0.9482
vn -0.0000 0.3154 -0.9490
vn -0.0000 0.3128 -0.9498
vn -0.0000 0.3099 -0.9508
vn -0.0000 0.3065 -0.9519
vn -0.0000 0.3026 -0.9531
vn -0.0000 0.3118 -0.9501
vn -0.0000 0.3222 -0.9467
vn -0.0000 0.3119 -0.9501
vn -0.0000 0.3203 -0.9473
vn -0.0000 0.3184 -0.9480
vn -0.0000 0.3164 -0.9486
vn -0.0000 0.3144 -0.9493
vn -0.0000 0.3124 -0.9500
vn -0.0000 0.3103 -0.9506
vn -0.0000 0.3082 -0.9513
vn -0.0000 0.3061 -0.9520
vn -0.0000 0.3039 -0.9527
vn -0.0000 0.3017 -0.9534
vn -0.0000 0.2994 -0.9541
vn -0.0000 0.2971 -0.9548
vn -0.0000 0.2948 -0.9556
vn -0.0000 0.2924 -0.9563
vn -0.0000 0.2899 -0.9571
vn -0.0000 0.2874 -0.9578
vn -0.0000 0.2899 -0.9570
vn -0.0000 0.2849 -0.9586
vn -0.0000 0.2823 -0.9593
vn -0.0000 0.2797 -0.9601
vn -0.0000 0.2770 -0.9609
vn -0.0000 0.2743 -0.9617
vn -0.0000 0.2715 -0.9624
vn -0.0000 0.2686 -0.9632
vn -0.0000 0.2657 -0.9641
vn -0.0000 0.2627 -0.9649
vn -0.0000 0.2597 -0.9657
vn -0.0000 0.2566 -0.9665
vn -0.0000 0.2535 -0.9673
vn -0.0000 0.2502 -0.9682
vn -0.0000 0.2469 -0.9690
vn -0.0000 0.2436 -0.9699
vn -0.0000 0.2401 -0.9707
vn -0.0000 0.2366 -0.9716
vn -0.0000 0.2330 -0.9725
vn -0.0000 0.2293 -0.9734
vn -0.0000 0.2255 -0.9742
vn -0.0000 0.2217 -0.9751
vn -0.0000 0.2177 -0.9760
vn -0.0000 0.2137 -0.9769
vn -0.0000 0.2096 -0.9778
vn -0.0000 0.2053 -0.9787
vn -0.0000 0.2095 -0.9778
vn -0.0000 0.2010 -0.9796
vn -0.0000 0.1965 -0.9805
vn -0.0000 0.1920 -0.9814
vn -0.0000 0.1873 -0.9823
vn -0.0000 0.1825 -0.9832
vn -0.0000 0.1776 -0.9841
vn -0.0000 0.1726 -0.9850
vn -0.0000 0.1674 -0.9859
vn -0.0000 0.1621 -0.9868
vn -0.0000 0.1566 -0.9877
vn -0.0000 0.1510 -0.9885
vn -0.0000 0.1453 -0.9894
vn -0.0000 0.1394 -0.9902
vn -0.0000 0.1333 -0.9911
vn -0.0000 0.1271 -0.9919
vn -0.0000 0.1207 -0.9927
vn -0.0000 0.1141 -0.9935
vn -0.0000 0.1073 -0.9942
vn -0.0000 0.1003 -0.9950
vn -0.0000 0.0932 -0.9957
vn -0.0000 0.0858 -0.9963
vn -0.0000 0.7994 -0.6008
vn -0.0000 0.9801 0.1987
vn -0.0000 0.9799 0.1993
vn -0.0000 0.9798 0.1999
vn -0.0000 0.9797 0.2005
vn -0.0000 0.9796 0.2011
vn -0.0000 0.9794 0.2017
vn -0.0000 0.9793 0.2024
vn -0.0000 0.9792 0.2030
vn -0.0000 0.9790 0.2037
vn -0.0000 0.9789 0.2044
vn -0.0000 0.9787 0.2052
vn -0.0000 0.9786 0.2059
vn -0.0000 0.9784 0.2067
vn -0.0000 0.9782 0.2074
vn -0.0000 0.9781 0.2083
vn -0.0000 0.9779 0.2091
vn -0.0000 0.9777 0.2100
vn -0.0000 0.9775 0.2108
vn -0.0000 0.9773 0.2117
vn -0.0000 0.9771 0.2127
vn -0.0000 0.9769 0.2136
vn -0.0000 0.9767 0.2147
vn -0.0000 0.9765 0.2157
vn -0.0000 0.9762 0.2167
vn -0.0000 0.9760 0.2178
vn -0.0000 0.9757 0.2190
vn -0.0000 0.9755 0.2202
vn -0.0000 0.9752 0.2214
vn -0.0000 0.9749 0.2226
vn -0.0000 0.9746 0.2239
vn -0.0000 0.9743 0.2253
vn -0.0000 0.9740 0.2267
vn -0.0000 0.9736 0.2282
vn -0.0000 0.9733 0.2297
vn -0.0000 0.9729 0.2313
vn -0.0000 0.9725 0.2329
vn -0.0000 0.9721 0.2346
vn -0.0000 0.9717 0.2364
vn -0.0000 0.9712 0.2383
vn -0.0000 0.9707 0.2402
vn -0.0000 0.9702 0.2422
vn -0.0000 0.9697 0.2444
vn -0.0000 0.9691 0.2466
vn -0.0000 0.9685 0.2489
vn -0.0000 0.9679 0.2514
vn -0.0000 0.9672 0.2540
vn -0.0000 0.9665 0.2567
vn -0.0000 0.9657 0.2596
vn -0.0000 0.9649 0.2626
vn -0.0000 0.9640 0.2658
vn -0.0000 0.9631 0.2691
vn -0.0000 0.9621 0.2727
vn -0.0000 0.9610 0.2766
vn -0.0000 0.9598 0.2806
vn -0.0000 0.9586 0.2849
vn -0.0000 0.9572 0.2895
vn -0.0000 0.9557 0.2945
vn -0.0000 0.9540 0.2998
vn -0.0000 0.9522 0.3054
vn -0.0000 0.9502 0.3116
vn -0.0000 0.9480 0.3182
vn -0.0000 0.9456 0.3254
vn -0.0000 0.9428 0.3333
vn -0.0000 0.9343 0.3565
vn -0.0000 0.9252 0.3794
vn -0.0000 0.9219 0.3875
vn -0.0000 0.9183 0.3958
vn -0.0000 0.9147 0.4042
vn -0.0000 0.9108 0.4129
vn -0.0000 0.9067 0.4217
vn -0.0000 0.9025 0.4307
vn -0.0000 0.8980 0.4399
vn -0.0000 0.8934 0.4493
vn -0.0000 0.8885 0.4589
vn -0.0000 0.8834 0.4687
vn -0.0000 0.8780 0.4786
vn -0.0000 0.8724 0.4888
vn -0.0000 0.8665 0.4992
vn -0.0000 0.8603 0.5097
vn -0.0000 0.8539 0.5205
vn -0.0000 0.8471 0.5315
vn -0.0000 0.8400 0.5426
vn -0.0000 0.8325 0.5540
vn -0.0000 0.8247 0.5656
vn -0.0000 0.8165 0.5773
vn -0.0000 0.8080 0.5892
vn -0.0000 0.7990 0.6014
vn -0.0000 0.7896 0.6137
vn -0.0000 0.7797 0.6261
vn -0.0000 0.7694 0.6387
vn -0.0000 0.7586 0.6515
vn -0.0000 0.7474 0.6644
vn -0.0000 0.7356 0.6774
vn -0.0000 0.7233 0.6905
vn -0.0000 0.7104 0.7038
vn -0.0000 0.6970 0.7170
vn -0.0000 0.6831 0.7304
vn -0.0000 0.6685 0.7437
vn -0.0000 0.6830 0.7304
vn -0.0000 0.6534 0.7571
vn -0.0000 0.6376 0.7704
vn -0.0000 0.6533 0.7571
vn -0.0000 0.6212 0.7837
vn -0.0000 0.6042 0.7968
vn -0.0000 0.5866 0.8099
vn -0.0000 0.5683 0.8228
vn -0.0000 0.5494 0.8355
vn -0.0000 0.5299 0.8480
vn -0.0000 0.5099 0.8602
vn -0.0000 0.4892 0.8722
vn -0.0000 0.4679 0.8838
vn -0.0000 0.4460 0.8950
vn -0.0000 0.4237 0.9058
vn -0.0000 0.4008 0.9162
vn -0.0000 0.3774 0.9260
vn -0.0000 0.3536 0.9354
vn -0.0000 0.3294 0.9442
vn -0.0000 0.3049 0.9524
vn -0.0000 0.2800 0.9600
vn -0.0000 0.2548 0.9670
vn -0.0000 0.2295 0.9733
vn -0.0000 0.2040 0.9790
vn -0.0000 0.1783 0.9840
vn -0.0000 0.1526 0.9883
vn -0.0000 0.1269 0.9919
vn -0.0000 0.1012 0.9949
vn -0.0000 0.0757 0.9971
vn -0.0000 0.0502 0.9987
vn -0.0000 0.0250 0.9997
vn -0.0000 -0.0037 1.0000
vn -0.0000 -0.0399 0.9992
vn -0.0000 -0.0798 0.9968
vn -0.0000 -0.1195 0.9928
vn -0.0000 -0.1588 0.9873
vn -0.0000 -0.1976 0.9803
vn -0.0000 -0.2357 0.9718
vn -0.0000 -0.2729 0.9620
vn -0.0000 -0.3091 0.9510
vn -0.0000 -0.3442 0.9389
vn -0.0000 -0.3780 0.9258
vn -0.0000 -0.4106 0.9118
vn -0.0000 -0.4419 0.8971
vn -0.0000 -0.4717 0.8817
vn -0.0000 -0.5273 0.8497
vn -0.0000 -0.5530 0.8332
vn -0.0000 -0.5773 0.8165
vn -0.0000 -0.6003 0.7998
vn -0.0000 -0.6220 0.7830
vn -0.0000 -0.6425 0.7663
vn -0.0000 -0.6618 0.7497
vn -0.0000 -0.6799 0.7333
vn -0.0000 -0.6970 0.7171
vn -0.0000 -0.7130 0.7011
vn -0.0000 -0.7281 0.6855
vn -0.0000 -0.7423 0.6701
vn -0.0000 -0.7556 0.6551
vn -0.0000 -0.7680 0.6404
vn -0.0000 -0.7798 0.6261
vn -0.0000 -0.7908 0.6121
vn -0.0000 -0.8012 0.5984
vn -0.0000 -0.8109 0.5852
vn -0.0000 -0.8201 0.5723
vn -0.0000 -0.8287 0.5597
vn -0.0000 -0.8368 0.5475
vn -0.0000 -0.8444 0.5357
vn -0.0000 -0.8516 0.5242
vn -0.0000 -0.8584 0.5130
vn -0.0000 -0.8647 0.5022
vn -0.0000 -0.8708 0.4917
vn -0.0000 -0.8765 0.4815
vn -0.0000 -0.8818 0.4715
vn -0.0000 -0.8869 0.4619
vn -0.0000 -0.8917 0.4526
vn -0.0000 -0.8963 0.4435
vn -0.0000 -0.9006 0.4347
vn -0.0000 -0.9046 0.4262
vn -0.0000 -0.9122 0.4098
vn -0.0000 -0.9156 0.4020
vn -0.0000 -0.9189 0.3944
vn -0.0000 -0.9221 0.3870
vn -0.0000 -0.9251 0.3798
vn -0.0000 -0.9279 0.3728
vn -0.0000 -0.9332 0.3595
vn -0.0000 -0.9356 0.3530
vn -0.0000 -0.9379 0.3468
vn -0.0000 -0.9402 0.3407
vn -0.0000 -0.9423 0.3348
vn -0.0000 -0.9443 0.3290
vn -0.0000 -0.9463 0.3234
vn -0.0000 -0.9481 0.3179
vn -0.0000 -0.6997 0.7144
vn -0.0000 -0.2958 0.9553
vn -0.0000 -0.2963 0.9551
vn -0.0000 -0.2968 0.9549
vn -0.0000 -0.2974 0.9548
vn -0.0000 -0.2979 0.9546
vn -0.0000 -0.2984 0.9544
vn -0.0000 -0.2990 0.9543
vn -0.0000 -0.2995 0.9541
vn -0.0000 -0.3001 0.9539
vn -0.0000 -0.3007 0.9537
vn -0.0000 -0.3012 0.9536
vn -0.0000 -0.3018 0.9534
vn -0.0000 -0.3024 0.9532
vn -0.0000 -0.3029 0.9530
vn -0.0000 -0.3035 0.9528
vn -0.0000 -0.3041 0.9526
vn -0.0000 -0.3047 0.9525
vn -0.0000 -0.3053 0.9523
vn -0.0000 -0.3065 0.9519
vn -0.0000 -0.3071 0.9517
vn -0.0000 -0.3077 0.9515
vn -0.0000 -0.3083 0.9513
vn -0.0000 -0.3090 0.9511
vn -0.0000 -0.3096 0.9509
vn -0.0000 -0.3102 0.9507
vn -0.0000 -0.3109 0.9505
vn -0.0000 -0.3115 0.9502
vn -0.0000 -0.3122 0.9500
vn -0.0000 -0.3128 0.9498
vn -0.0000 -0.3135 0.9496
vn -0.0000 -0.3141 0.9494
vn -0.0000 -0.3148 0.9492
vn -0.0000 -0.3155 0.9489
vn -0.0000 -0.3162 0.9487
vn -0.0000 -0.3168 0.9485
vn -0.0000 -0.3175 0.9482
vn -0.0000 -0.3189 0.9478
vn -0.0000 -0.3197 0.9475
vn -0.0000 -0.3204 0.9473
vn -0.0000 -0.3211 0.9470
vn -0.0000 -0.3218 0.9468
vn -0.0000 -0.3226 0.9465
vn -0.0000 -0.3233 0.9463
vn -0.0000 -0.3241 0.9460
vn -0.0000 -0.3248 0.9458
vn -0.0000 -0.3256 0.9455
vn -0.0000 -0.3263 0.9453
vn -0.0000 -0.3271 0.9450
vn -0.0000 -0.3279 0.9447
vn -0.0000 -0.3287 0.9444
vn -0.0000 -0.3295 0.9442
vn -0.0000 -0.3303 0.9439
vn -0.0000 -0.3311 0.9436
vn -0.0000 -0.3319 0.9433
vn -0.0000 -0.3327 0.9430
vn -0.0000 -0.3336 0.9427
vn -0.0000 -0.3344 0.9424
vn -0.0000 -0.3353 0.9421
vn -0.0000 -0.3361 0.9418
vn -0.0000 -0.3370 0.9415
vn -0.0000 -0.3378 0.9412
vn -0.0000 0.5752 0.8180
vn -0.0000 0.9036 -0.4283
vn -0.0000 0.6337 -0.7736
vn -0.0000 0.9036 -0.4284
vn -0.0000 0.6350 -0.7725
vn -0.0000 0.6364 -0.7714
vn -0.0000 0.6378 -0.7702
vn -0.0000 0.6393 -0.7690
vn -0.0000 0.6408 -0.7677
vn -0.0000 0.6423 -0.7664
vn -0.0000 0.6439 -0.7651
vn -0.0000 0.6455 -0.7637
vn -0.0000 0.6472 -0.7623
vn -0.0000 0.6456 -0.7637
vn -0.0000 0.6490 -0.7608
vn -0.0000 0.6473 -0.7623
vn -0.0000 0.6508 -0.7593
vn -0.0000 0.6527 -0.7577
vn -0.0000 0.6546 -0.7560
vn -0.0000 0.6527 -0.7576
vn -0.0000 0.6566 -0.7543
vn -0.0000 0.6586 -0.7525
vn -0.0000 0.6608 -0.7506
vn -0.0000 0.6630 -0.7486
vn -0.0000 0.6653 -0.7466
vn -0.0000 0.6676 -0.7445
vn -0.0000 0.6701 -0.7423
vn -0.0000 0.6726 -0.7400
vn -0.0000 0.6753 -0.7376
vn -0.0000 0.6780 -0.7350
vn -0.0000 0.6809 -0.7324
vn -0.0000 0.6839 -0.7296
vn -0.0000 0.6870 -0.7267
vn -0.0000 0.6902 -0.7236
vn -0.0000 0.6936 -0.7203
vn -0.0000 0.6903 -0.7236
vn -0.0000 0.6972 -0.7169
vn -0.0000 0.7009 -0.7133
vn -0.0000 0.7047 -0.7095
vn -0.0000 0.7088 -0.7055
vn -0.0000 0.7130 -0.7012
vn -0.0000 0.7174 -0.6966
vn -0.0000 0.7221 -0.6918
vn -0.0000 0.7270 -0.6866
vn -0.0000 0.7322 -0.6811
vn -0.0000 0.7376 -0.6752
vn -0.0000 0.7433 -0.6689
vn -0.0000 0.7494 -0.6621
vn -0.0000 0.7558 -0.6548
vn -0.0000 0.7626 -0.6469
vn -0.0000 0.7697 -0.6384
vn -0.0000 0.7625 -0.6469
vn -0.0000 0.7773 -0.6292
vn -0.0000 0.7853 -0.6191
vn -0.0000 0.7773 -0.6291
vn -0.0000 0.7939 -0.6081
vn -0.0000 0.7854 -0.6190
vn -0.0000 0.8030 -0.5960
vn -0.0000 0.7939 -0.6080
vn -0.0000 0.8127 -0.5827
vn -0.0000 0.8230 -0.5681
vn -0.0000 0.8339 -0.5519
vn -0.0000 0.8455 -0.5339
vn -0.0000 0.8579 -0.5138
vn -0.0000 0.8710 -0.4913
vn -0.0000 0.8848 -0.4659
vn -0.0000 0.8993 -0.4372
vn -0.0000 0.9145 -0.4047
vn -0.0000 0.9300 -0.3675
vn -0.0000 0.9145 -0.4046
vn -0.0000 0.9457 -0.3249
vn -0.0000 0.9611 -0.2761
vn -0.0000 0.9755 -0.2200
vn -0.0000 0.9878 -0.1557
vn -0.0000 0.9755 -0.2201
vn -0.0000 0.9966 -0.0821
vn -0.0000 1.0000 -0.0040
vn -0.0000 0.9978 0.0664
vn -0.0000 0.9921 0.1251
vn -0.0000 0.9844 0.1759
vn -0.0000 0.9755 0.2199
vn -0.0000 0.9661 0.2583
vn -0.0000 0.9565 0.2919
vn -0.0000 0.9470 0.3214
vn -0.0000 0.9377 0.3474
vn -0.0000 0.9288 0.3706
vn -0.0000 0.9203 0.3912
vn -0.0000 0.9122 0.4097
vn -0.0000 0.9046 0.4263
vn -0.0000 0.8974 0.4413
vn -0.0000 0.8905 0.4550
vn -0.0000 0.8841 0.4674
vn -0.0000 0.8780 0.4787
vn -0.0000 0.8840 0.4674
vn -0.0000 0.8722 0.4892
vn -0.0000 0.8780 0.4788
vn -0.0000 0.8667 0.4988
vn -0.0000 0.8616 0.5076
vn -0.0000 0.8667 0.4987
vn -0.0000 0.8567 0.5158
vn -0.0000 0.8521 0.5233
vn -0.0000 0.8477 0.5304
vn -0.0000 0.8521 0.5234
vn -0.0000 0.8436 0.5370
vn -0.0000 0.8397 0.5431
vn -0.0000 0.8359 0.5489
vn -0.0000 0.8323 0.5543
vn -0.0000 0.8290 0.5593
vn -0.0000 0.8257 0.5641
vn -0.0000 0.8289 0.5594
vn -0.0000 0.8226 0.5686
vn -0.0000 0.8197 0.5728
vn -0.0000 0.8168 0.5769
vn -0.0000 0.8197 0.5729
vn -0.0000 0.8141 0.5807
vn -0.0000 0.8116 0.5843
vn -0.0000 0.8091 0.5877
vn -0.0000 0.8067 0.5910
vn -0.0000 0.8044 0.5941
vn -0.0000 0.8022 0.5970
vn -0.0000 0.8001 0.5998
vn -0.0000 0.7981 0.6025
vn -0.0000 0.7961 0.6051
vn -0.0000 0.7943 0.6076
vn -0.0000 0.7962 0.6051
vn -0.0000 0.7925 0.6099
vn -0.0000 0.7907 0.6122
vn -0.0000 0.7890 0.6143
vn -0.0000 0.7874 0.6164
vn -0.0000 0.7858 0.6184
vn -0.0000 0.7843 0.6204
vn -0.0000 0.7829 0.6222
vn -0.0000 0.7843 0.6203
vn -0.0000 0.7814 0.6240
vn -0.0000 0.7801 0.6257
vn -0.0000 0.7787 0.6274
vn -0.0000 0.7774 0.6290
vn -0.0000 0.7762 0.6305
vn -0.0000 0.7750 0.6320
vn -0.0000 0.7738 0.6334
vn -0.0000 0.7727 0.6348
vn -0.0000 0.7715 0.6362
vn -0.0000 0.7705 0.6375
vn -0.0000 0.7684 0.6400
vn -0.0000 0.7694 0.6388
vn -0.0000 0.7674 0.6412
vn -0.0000 0.7664 0.6423
vn -0.0000 0.7655 0.6434
vn -0.0000 0.7665 0.6423
vn -0.0000 0.7583 0.6519
vn -0.0000 0.7564 0.6541
vn -0.0000 0.7545 0.6563
vn -0.0000 0.7525 0.6586
vn -0.0000 0.7504 0.6610
vn -0.0000 0.7483 0.6634
vn -0.0000 0.7461 0.6659
vn -0.0000 0.7438 0.6684
vn -0.0000 0.7414 0.6710
vn -0.0000 0.7390 0.6737
vn -0.0000 0.7365 0.6764
vn -0.0000 0.7339 0.6793
vn -0.0000 0.7365 0.6765
vn -0.0000 0.7312 0.6821
vn -0.0000 0.7284 0.6851
vn -0.0000 0.7312 0.6822
vn -0.0000 0.7255 0.6883
vn -0.0000 0.7284 0.6852
vn -0.0000 0.7224 0.6914
vn -0.0000 0.7255 0.6882
vn -0.0000 0.7193 0.6947
vn -0.0000 0.7225 0.6914
vn -0.0000 0.7160 0.6981
vn -0.0000 0.7127 0.7015
vn -0.0000 0.7161 0.6980
vn -0.0000 0.7091 0.7051
vn -0.0000 0.7055 0.7087
vn -0.0000 0.7092 0.7050
vn -0.0000 0.7017 0.7125
vn -0.0000 0.6977 0.7164
vn -0.0000 0.6935 0.7205
vn -0.0000 0.6891 0.7246
vn -0.0000 0.6936 0.7204
vn -0.0000 0.6846 0.7289
vn -0.0000 0.6892 0.7245
vn -0.0000 0.6798 0.7334
vn -0.0000 0.6847 0.7288
vn -0.0000 0.6749 0.7379
vn -0.0000 0.6799 0.7333
vn -0.0000 0.6697 0.7426
vn -0.0000 0.6750 0.7378
vn -0.0000 0.6643 0.7475
vn -0.0000 0.6585 0.7525
vn -0.0000 0.6642 0.7475
vn -0.0000 0.6525 0.7578
vn -0.0000 0.6585 0.7526
vn -0.0000 0.6462 0.7632
vn -0.0000 0.6395 0.7688
vn -0.0000 0.6461 0.7632
vn -0.0000 0.6325 0.7746
vn -0.0000 0.6394 0.7689
vn -0.0000 0.6250 0.7806
vn -0.0000 0.6324 0.7747
vn -0.0000 0.6172 0.7868
vn -0.0000 0.6250 0.7807
vn -0.0000 0.6089 0.7933
vn -0.0000 0.6171 0.7869
vn -0.0000 0.6001 0.7999
vn -0.0000 0.6088 0.7933
vn -0.0000 0.5907 0.8069
vn -0.0000 0.5808 0.8140
vn -0.0000 0.5908 0.8068
vn -0.0000 0.5703 0.8214
vn -0.0000 0.5809 0.8139
vn -0.0000 0.5591 0.8291
vn -0.0000 0.5704 0.8214
vn -0.0000 0.5473 0.8370
vn -0.0000 0.5592 0.8290
vn -0.0000 0.5345 0.8451
vn -0.0000 0.5210 0.8536
vn -0.0000 0.5065 0.8623
vn -0.0000 0.4910 0.8712
vn -0.0000 0.5064 0.8623
vn -0.0000 0.4744 0.8803
vn -0.0000 0.4908 0.8712
vn -0.0000 0.4564 0.8898
vn -0.0000 0.4741 0.8804
vn -0.0000 0.4370 0.8994
vn -0.0000 0.4562 0.8899
vn -0.0000 0.4163 0.9092
vn -0.0000 0.4370 0.8995
vn -0.0000 0.3940 0.9191
vn -0.0000 0.4164 0.9092
vn -0.0000 0.3699 0.9291
vn -0.0000 0.3440 0.9390
vn -0.0000 0.3159 0.9488
vn -0.0000 0.2856 0.9584
vn -0.0000 0.3162 0.9487
vn -0.0000 0.2531 0.9674
vn -0.0000 0.2859 0.9583
vn -0.0000 0.2180 0.9759
vn -0.0000 0.1800 0.9837
vn -0.0000 0.1393 0.9903
vn -0.0000 0.1803 0.9836
vn -0.0000 0.0959 0.9954
vn -0.0000 0.1394 0.9902
vn -0.0000 0.0495 0.9988
vn -0.0000 0.0956 0.9954
vn -0.0000 0.0074 1.0000
vn -0.0000 0.0489 0.9988
vn -0.0000 -0.0216 0.9998
vn -0.0000 0.0072 1.0000
vn -0.0000 -0.0438 0.9990
vn -0.0000 -0.0213 0.9998
vn -0.0000 -0.0664 0.9978
vn -0.0000 -0.0433 0.9991
vn -0.0000 -0.0898 0.9960
vn -0.0000 -0.0662 0.9978
vn -0.0000 -0.1137 0.9935
vn -0.0000 -0.1383 0.9904
vn -0.0000 -0.1139 0.9935
vn -0.0000 -0.1635 0.9865
vn -0.0000 -0.1385 0.9904
vn -0.0000 -0.1893 0.9819
vn -0.0000 -0.1637 0.9865
vn -0.0000 -0.2157 0.9765
vn -0.0000 -0.1894 0.9819
vn -0.0000 -0.2426 0.9701
vn -0.0000 -0.2158 0.9764
vn -0.0000 -0.2698 0.9629
vn -0.0000 -0.2427 0.9701
vn -0.0000 -0.2699 0.9629
vn -0.0000 -0.3253 0.9456
vn -0.0000 -0.2977 0.9547
vn -0.0000 -0.3535 0.9354
vn -0.0000 -0.3821 0.9241
vn -0.0000 -0.3537 0.9354
vn -0.0000 -0.4105 0.9119
vn -0.0000 -0.4388 0.8986
vn -0.0000 -0.4671 0.8842
vn -0.0000 -0.4951 0.8688
vn -0.0000 -0.5231 0.8523
vn -0.0000 -0.5506 0.8348
vn -0.0000 -0.5230 0.8523
vn -0.0000 -0.5775 0.8164
vn -0.0000 -0.5504 0.8349
vn -0.0000 -0.6039 0.7971
vn -0.0000 -0.5773 0.8166
vn -0.0000 -0.6295 0.7770
vn -0.0000 -0.6036 0.7973
vn -0.0000 -0.6544 0.7561
vn -0.0000 -0.6292 0.7772
vn -0.0000 -0.6785 0.7346
vn -0.0000 -0.6542 0.7563
vn -0.0000 -0.7018 0.7124
vn -0.0000 -0.7241 0.6897
vn -0.0000 -0.7019 0.7123
vn -0.0000 -0.7454 0.6666
vn -0.0000 -0.7242 0.6896
vn -0.0000 -0.7659 0.6430
vn -0.0000 -0.7455 0.6665
vn -0.0000 -0.8209 0.5711
vn -0.0000 -0.8371 0.5470
vn -0.0000 -0.8207 0.5714
vn -0.0000 -0.8523 0.5230
vn -0.0000 -0.8369 0.5473
vn -0.0000 -0.8664 0.4993
vn -0.0000 -0.8522 0.5233
vn -0.0000 -0.8797 0.4756
vn -0.0000 -0.8920 0.4521
vn -0.0000 -0.9033 0.4290
vn -0.0000 -0.9033 0.4289
vn -0.0000 -0.9234 0.3838
vn -0.0000 -0.9322 0.3618
vn -0.0000 -0.9403 0.3403
vn -0.0000 -0.9323 0.3618
vn -0.0000 -0.9477 0.3193
vn -0.0000 -0.9403 0.3402
vn -0.0000 -0.9544 0.2987
vn -0.0000 -0.9477 0.3191
vn -0.0000 -0.9604 0.2785
vn -0.0000 -0.9544 0.2985
vn -0.0000 -0.9659 0.2589
vn -0.0000 -0.9708 0.2399
vn -0.0000 -0.9752 0.2212
vn -0.0000 -0.9708 0.2398
vn -0.0000 -0.9791 0.2031
vn -0.0000 -0.9826 0.1856
vn -0.0000 -0.9857 0.1686
vn -0.0000 -0.9884 0.1520
vn -0.0000 -0.9907 0.1359
vn -0.0000 -0.9927 0.1204
vn -0.0000 -0.9944 0.1053
vn -0.0000 -0.9971 0.0765
vn -0.0000 -0.9980 0.0627
vn -0.0000 -0.9988 0.0494
vn -0.0000 -0.9993 0.0365
vn -0.0000 -0.9999 0.0117
vn -0.0000 -1.0000 0.0029
vn -0.0000 0.9668 0.2555
vn -0.0000 0.4027 0.9153
vn -0.0000 0.9665 0.2566
vn -0.0000 0.9662 0.2577
vn -0.0000 0.9659 0.2588
vn -0.0000 0.9656 0.2599
vn -0.0000 0.9653 0.2610
vn -0.0000 0.9650 0.2621
vn -0.0000 0.9647 0.2632
vn -0.0000 0.9644 0.2644
vn -0.0000 0.9641 0.2656
vn -0.0000 0.9638 0.2667
vn -0.0000 0.9634 0.2679
vn -0.0000 0.9631 0.2692
vn -0.0000 0.9628 0.2704
vn -0.0000 0.9624 0.2716
vn -0.0000 0.9621 0.2729
vn -0.0000 0.9617 0.2741
vn -0.0000 0.9613 0.2754
vn -0.0000 0.9609 0.2767
vn -0.0000 0.9606 0.2780
vn -0.0000 0.9602 0.2794
vn -0.0000 0.9598 0.2807
vn -0.0000 0.9594 0.2821
vn -0.0000 0.9590 0.2835
vn -0.0000 0.9581 0.2863
vn -0.0000 0.9577 0.2878
vn -0.0000 0.9573 0.2892
vn -0.0000 0.9568 0.2907
vn -0.0000 0.9564 0.2922
vn -0.0000 0.9559 0.2937
vn -0.0000 0.9554 0.2953
vn -0.0000 0.9549 0.2968
vn -0.0000 0.9544 0.2984
vn -0.0000 0.9539 0.3000
vn -0.0000 0.9534 0.3017
vn -0.0000 0.9529 0.3033
vn -0.0000 0.9534 0.3016
vn -0.0000 0.9524 0.3050
vn -0.0000 0.9518 0.3067
vn -0.0000 0.9513 0.3084
vn -0.0000 0.9507 0.3101
vn -0.0000 0.9501 0.3119
vn -0.0000 0.9495 0.3137
vn -0.0000 0.9489 0.3155
vn -0.0000 0.9483 0.3174
vn -0.0000 0.9477 0.3193
vn -0.0000 0.9470 0.3212
vn -0.0000 0.9464 0.3231
vn -0.0000 0.9457 0.3251
vn -0.0000 0.9450 0.3271
vn -0.0000 0.9443 0.3291
vn -0.0000 0.9436 0.3312
vn -0.0000 0.9421 0.3354
vn -0.0000 0.9413 0.3375
vn -0.0000 0.9405 0.3397
vn -0.0000 0.9397 0.3419
vn -0.0000 0.9389 0.3442
vn -0.0000 0.9380 0.3465
vn -0.0000 0.9372 0.3488
vn -0.0000 0.9363 0.3512
vn -0.0000 0.9354 0.3536
vn -0.0000 0.9345 0.3561
vn -0.0000 0.9586 -0.2847
vn -0.0000 0.5846 -0.8113
vn -0.0000 0.5787 -0.8155
vn -0.0000 0.5729 -0.8197
vn -0.0000 0.5670 -0.8237
vn -0.0000 0.5611 -0.8278
vn -0.0000 0.5552 -0.8317
vn -0.0000 0.5493 -0.8356
vn -0.0000 0.5434 -0.8395
vn -0.0000 0.5374 -0.8433
vn -0.0000 0.5315 -0.8471
vn -0.0000 0.5256 -0.8508
vn -0.0000 0.5196 -0.8544
vn -0.0000 0.5137 -0.8580
vn -0.0000 0.5077 -0.8615
vn -0.0000 0.5018 -0.8650
vn -0.0000 0.4958 -0.8684
vn -0.0000 0.4899 -0.8718
vn -0.0000 0.4839 -0.8751
vn -0.0000 0.4780 -0.8784
vn -0.0000 0.4720 -0.8816
vn -0.0000 0.4661 -0.8848
vn -0.0000 0.4601 -0.8879
vn -0.0000 0.4661 -0.8847
vn -0.0000 0.4542 -0.8909
vn -0.0000 0.4483 -0.8939
vn -0.0000 0.4424 -0.8968
vn -0.0000 0.4364 -0.8997
vn -0.0000 0.4305 -0.9026
vn -0.0000 0.4247 -0.9054
vn -0.0000 0.4188 -0.9081
vn -0.0000 0.4129 -0.9108
vn -0.0000 0.4071 -0.9134
vn -0.0000 0.4012 -0.9160
vn -0.0000 0.4070 -0.9134
vn -0.0000 0.3954 -0.9185
vn -0.0000 0.3896 -0.9210
vn -0.0000 0.3838 -0.9234
vn -0.0000 0.3780 -0.9258
vn -0.0000 0.3722 -0.9281
vn -0.0000 0.3665 -0.9304
vn -0.0000 0.3607 -0.9327
vn -0.0000 0.3550 -0.9349
vn -0.0000 0.3608 -0.9327
vn -0.0000 0.3493 -0.9370
vn -0.0000 0.3437 -0.9391
vn -0.0000 0.3324 -0.9431
vn -0.0000 0.3268 -0.9451
vn -0.0000 0.3212 -0.9470
vn -0.0000 0.3156 -0.9489
vn -0.0000 0.3101 -0.9507
vn -0.0000 0.3046 -0.9525
vn -0.0000 0.2991 -0.9542
vn -0.0000 0.2936 -0.9559
vn -0.0000 0.2882 -0.9576
vn -0.0000 0.2827 -0.9592
vn -0.0000 0.2774 -0.9608
vn -0.0000 0.2773 -0.9608
vn -0.0000 0.2666 -0.9638
vn -0.0000 0.2613 -0.9653
vn -0.0000 0.2560 -0.9667
vn -0.0000 0.2508 -0.9680
vn -0.0000 0.2455 -0.9694
vn -0.0000 0.2403 -0.9707
vn -0.0000 0.2351 -0.9720
vn -0.0000 0.2300 -0.9732
vn -0.0000 -0.6215 -0.7834
vn -0.0000 -0.8182 0.5749
vn -0.0000 -0.3400 0.9404
vn -0.0000 -0.3420 0.9397
vn -0.0000 -0.3440 0.9390
vn -0.0000 -0.3460 0.9382
vn -0.0000 -0.3481 0.9375
vn -0.0000 -0.3501 0.9367
vn -0.0000 -0.3521 0.9360
vn -0.0000 -0.3541 0.9352
vn -0.0000 -0.3561 0.9344
vn -0.0000 -0.3582 0.9337
vn -0.0000 -0.3602 0.9329
vn -0.0000 -0.3622 0.9321
vn -0.0000 -0.3642 0.9313
vn -0.0000 -0.3662 0.9305
vn -0.0000 -0.3683 0.9297
vn -0.0000 -0.3703 0.9289
vn -0.0000 -0.3743 0.9273
vn -0.0000 -0.3763 0.9265
vn -0.0000 -0.3784 0.9257
vn -0.0000 -0.3804 0.9248
vn -0.0000 -0.3824 0.9240
vn -0.0000 -0.3844 0.9232
vn -0.0000 -0.3864 0.9223
vn -0.0000 -0.3885 0.9215
vn -0.0000 -0.3925 0.9198
vn -0.0000 -0.3945 0.9189
vn -0.0000 -0.3965 0.9180
vn -0.0000 -0.3985 0.9172
vn -0.0000 -0.4005 0.9163
vn -0.0000 -0.4026 0.9154
vn -0.0000 -0.4046 0.9145
vn -0.0000 -0.4066 0.9136
vn -0.0000 -0.4086 0.9127
vn -0.0000 -0.4126 0.9109
vn -0.0000 -0.4146 0.9100
vn -0.0000 -0.4166 0.9091
vn -0.0000 -0.4186 0.9082
vn -0.0000 -0.4206 0.9072
vn -0.0000 -0.4226 0.9063
vn -0.0000 -0.4246 0.9054
vn -0.0000 -0.4266 0.9044
vn -0.0000 -0.4286 0.9035
vn -0.0000 -0.4306 0.9025
vn -0.0000 -0.4326 0.9016
vn -0.0000 -0.4346 0.9006
vn -0.0000 -0.4366 0.8996
vn -0.0000 -0.4386 0.8987
vn -0.0000 -0.4406 0.8977
vn -0.0000 -0.4426 0.8967
vn -0.0000 -0.4446 0.8957
vn -0.0000 -0.4466 0.8948
vn -0.0000 -0.4486 0.8938
vn -0.0000 -0.4505 0.8928
vn -0.0000 -0.4525 0.8918
vn -0.0000 -0.4545 0.8907
vn -0.0000 -0.4565 0.8897
vn -0.0000 -0.4604 0.8877
vn -0.0000 -0.4624 0.8867
vn -0.0000 -0.4644 0.8856
vt 0.644545 0.000000
vt 0.645551 0.000000
vt 0.645048 0.000000
vt 0.646053 0.000000
vt 0.646556 0.000000
vt 0.647059 0.000000
vt 0.647562 0.000000
vt 0.644042 0.000000
vt 0.648064 0.000000
vt 0.648567 0.000000
vt 0.649070 0.000000
vt 0.649573 0.000000
vt 0.643539 0.000000
vt 0.650075 0.000000
vt 0.650578 0.000000
vt 0.651081 0.000000
vt 0.651584 0.000000
vt 0.652086 0.000000
vt 0.643037 0.000000
vt 0.652589 0.000000
vt 0.653092 0.000000
vt 0.653595 0.000000
vt 0.654098 0.000000
vt 0.654600 0.000000
vt 0.642534 0.000000
vt 0.655103 0.000000
vt 0.655606 0.000000
vt 0.656109 0.000000
vt 0.656611 0.000000
vt 0.657114 0.000000
vt 0.642031 0.000000
vt 0.657617 0.000000
vt 0.658120 0.000000
vt 0.658622 0.000000
vt 0.659125 0.000000
vt 0.659628 0.000000
vt 0.641528 0.000000
vt 0.660131 0.000000
vt 0.660634 0.000000
vt 0.661136 0.000000
vt 0.661639 0.000000
vt 0.662142 0.000000
vt 0.662645 0.000000
vt 0.663147 0.000000
vt 0.641026 0.000000
vt 0.663650 0.000000
vt 0.664153 0.000000
vt 0.664656 0.000000
vt 0.665158 0.000000
vt 0.665661 0.000000
vt 0.666164 0.000000
vt 0.640523 0.000000
vt 0.666667 0.000000
vt 0.667169 0.000000
vt 0.667672 0.000000
vt 0.668175 0.000000
vt 0.668678 0.000000
vt 0.669181 0.000000
vt 0.669683 0.000000
vt 0.670186 0.000000
vt 0.640020 0.000000
vt 0.670689 0.000000
vt 0.671192 0.000000
vt 0.671694 0.000000
vt 0.672197 0.000000
vt 0.672700 0.000000
vt 0.673203 0.000000
vt 0.673705 0.000000
vt 0.674208 0.000000
vt 0.674711 0.000000
vt 0.639517 0.000000
vt 0.675214 0.000000
vt 0.675716 0.000000
vt 0.676219 0.000000
vt 0.676722 0.000000
vt 0.677225 0.000000
vt 0.677728 0.000000
vt 0.678230 0.000000
vt 0.678733 0.000000
vt 0.679236 0.000000
vt 0.679739 0.000000
vt 0.680241 0.000000
vt 0.639015 0.000000
vt 0.680744 0.000000
vt 0.681247 0.000000
vt 0.681750 0.000000
vt 0.682252 0.000000
vt 0.682755 0.000000
vt 0.683258 0.000000
vt 0.683761 0.000000
vt 0.684263 0.000000
vt 0.684766 0.000000
vt 0.685269 0.000000
vt 0.685772 0.000000
vt 0.686275 0.000000
vt 0.638512 0.000000
vt 0.686777 0.000000
vt 0.687280 0.000000
vt 0.687783 0.000000
vt 0.688286 0.000000
vt 0.688788 0.000000
vt 0.689291 0.000000
vt 0.689794 0.000000
vt 0.690297 0.000000
vt 0.690799 0.000000
vt 0.691302 0.000000
vt 0.638009 0.000000
vt 0.691805 0.000000
vt 0.692308 0.000000
vt 0.692810 0.000000
vt 0.693313 0.000000
vt 0.693816 0.000000
vt 0.694319 0.000000
vt 0.694822 0.000000
vt 0.695324 0.000000
vt 0.695827 0.000000
vt 0.696330 0.000000
vt 0.696833 0.000000
vt 0.637506 0.000000
vt 0.697335 0.000000
vt 0.697838 0.000000
vt 0.698341 0.000000
vt 0.698844 0.000000
vt 0.699346 0.000000
vt 0.699849 0.000000
vt 0.700352 0.000000
vt 0.700855 0.000000
vt 0.701357 0.000000
vt 0.637004 0.000000
vt 0.701860 0.000000
vt 0.702363 0.000000
vt 0.702866 0.000000
vt 0.703369 0.000000
vt 0.703871 0.000000
vt 0.704374 0.000000
vt 0.704877 0.000000
vt 0.705380 0.000000
vt 0.705882 0.000000
vt 0.636501 0.000000
vt 0.706385 0.000000
vt 0.706888 0.000000
vt 0.707391 0.000000
vt 0.707893 0.000000
vt 0.708396 0.000000
vt 0.708899 0.000000
vt 0.709402 0.000000
vt 0.709904 0.000000
vt 0.635998 0.000000
vt 0.710407 0.000000
vt 0.710910 0.000000
vt 0.711413 0.000000
vt 0.711916 0.000000
vt 0.712418 0.000000
vt 0.712921 0.000000
vt 0.713424 0.000000
vt 0.635495 0.000000
vt 0.713927 0.000000
vt 0.714429 0.000000
vt 0.714932 0.000000
vt 0.715435 0.000000
vt 0.715938 0.000000
vt 0.716440 0.000000
vt 0.634992 0.000000
vt 0.716943 0.000000
vt 0.717446 0.000000
vt 0.717949 0.000000
vt 0.718451 0.000000
vt 0.718954 0.000000
vt 0.719457 0.000000
vt 0.719960 0.000000
vt 0.634490 0.000000
vt 0.720463 0.000000
vt 0.720965 0.000000
vt 0.721468 0.000000
vt 0.721971 0.000000
vt 0.722474 0.000000
vt 0.722976 0.000000
vt 0.633987 0.000000
vt 0.723479 0.000000
vt 0.723982 0.000000
vt 0.724485 0.000000
vt 0.724987 0.000000
vt 0.725490 0.000000
vt 0.725993 0.000000
vt 0.726496 0.000000
vt 0.633484 0.000000
vt 0.726999 0.000000
vt 0.727501 0.000000
vt 0.728004 0.000000
vt 0.728507 0.000000
vt 0.729010 0.000000
vt 0.729512 0.000000
vt 0.730015 0.000000
vt 0.632981 0.000000
vt 0.730518 0.000000
vt 0.731021 0.000000
vt 0.731523 0.000000
vt 0.732026 0.000000
vt 0.732529 0.000000
vt 0.733032 0.000000
vt 0.733534 0.000000
vt 0.734037 0.000000
vt 0.632479 0.000000
vt 0.734540 0.000000
vt 0.735043 0.000000
vt 0.735546 0.000000
vt 0.736048 0.000000
vt 0.736551 0.000000
vt 0.737054 0.000000
vt 0.737557 0.000000
vt 0.631976 0.000000
vt 0.738059 0.000000
vt 0.738562 0.000000
vt 0.739065 0.000000
vt 0.739568 0.000000
vt 0.740070 0.000000
vt 0.740573 0.000000
vt 0.741076 0.000000
vt 0.741579 0.000000
vt 0.631473 0.000000
vt 0.742081 0.000000
vt 0.630970 0.000000
vt 0.742584 0.000000
vt 0.630468 0.000000
vt 0.743087 0.000000
vt 0.629965 0.000000
vt 0.743590 0.000000
vt 0.629462 0.000000
vt 0.744093 0.000000
vt 0.628959 0.000000
vt 0.744595 0.000000
vt 0.628457 0.000000
vt 0.745098 0.000000
vt 0.627954 0.000000
vt 0.745601 0.000000
vt 0.627451 0.000000
vt 0.746104 0.000000
vt 0.626948 0.000000
vt 0.746606 0.000000
vt 0.626445 0.000000
vt 0.747109 0.000000
vt 0.625943 0.000000
vt 0.747612 0.000000
vt 0.625440 0.000000
vt 0.748115 0.000000
vt 0.624937 0.000000
vt 0.748617 0.000000
vt 0.624434 0.000000
vt 0.749120 0.000000
vt 0.623932 0.000000
vt 0.749623 0.000000
vt 0.623429 0.000000
vt 0.750126 0.000000
vt 0.750628 0.000000
vt 0.622926 0.000000
vt 0.751131 0.000000
vt 0.622423 0.000000
vt 0.751634 0.000000
vt 0.621921 0.000000
vt 0.752137 0.000000
vt 0.621418 0.000000
vt 0.752640 0.000000
vt 0.620915 0.000000
vt 0.753142 0.000000
vt 0.620412 0.000000
vt 0.753645 0.000000
vt 0.754148 0.000000
vt 0.619910 0.000000
vt 0.754651 0.000000
vt 0.619407 0.000000
vt 0.755153 0.000000
vt 0.618904 0.000000
vt 0.755656 0.000000
vt 0.618401 0.000000
vt 0.756159 0.000000
vt 0.756662 0.000000
vt 0.617898 0.000000
vt 0.757164 0.000000
vt 0.617396 0.000000
vt 0.757667 0.000000
vt 0.616893 0.000000
vt 0.758170 0.000000
vt 0.758673 0.000000
vt 0.616390 0.000000
vt 0.759175 0.000000
vt 0.615887 0.000000
vt 0.759678 0.000000
vt 0.615385 0.000000
vt 0.760181 0.000000
vt 0.760684 0.000000
vt 0.614882 0.000000
vt 0.761187 0.000000
vt 0.614379 0.000000
vt 0.805933 0.000000
vt 0.806938 0.000000
vt 0.806435 0.000000
vt 0.807441 0.000000
vt 0.805430 0.000000
vt 0.807944 0.000000
vt 0.804927 0.000000
vt 0.808446 0.000000
vt 0.804424 0.000000
vt 0.808949 0.000000
vt 0.803922 0.000000
vt 0.809452 0.000000
vt 0.809955 0.000000
vt 0.803419 0.000000
vt 0.810458 0.000000
vt 0.802916 0.000000
vt 0.761689 0.000000
vt 0.810960 0.000000
vt 0.802413 0.000000
vt 0.811463 0.000000
vt 0.801911 0.000000
vt 0.811966 0.000000
vt 0.801408 0.000000
vt 0.812469 0.000000
vt 0.812971 0.000000
vt 0.800905 0.000000
vt 0.813474 0.000000
vt 0.800402 0.000000
vt 0.813977 0.000000
vt 0.799899 0.000000
vt 0.814480 0.000000
vt 0.799397 0.000000
vt 0.814982 0.000000
vt 0.798894 0.000000
vt 0.815485 0.000000
vt 0.613876 0.000000
vt 0.762192 0.000000
vt 0.815988 0.000000
vt 0.798391 0.000000
vt 0.816491 0.000000
vt 0.797888 0.000000
vt 0.816993 0.000000
vt 0.797386 0.000000
vt 0.817496 0.000000
vt 0.796883 0.000000
vt 0.817999 0.000000
vt 0.796380 0.000000
vt 0.818502 0.000000
vt 0.762695 0.000000
vt 0.819005 0.000000
vt 0.795877 0.000000
vt 0.819507 0.000000
vt 0.795375 0.000000
vt 0.613374 0.000000
vt 0.820010 0.000000
vt 0.794872 0.000000
vt 0.820513 0.000000
vt 0.794369 0.000000
vt 0.821016 0.000000
vt 0.763198 0.000000
vt 0.793866 0.000000
vt 0.821518 0.000000
vt 0.822021 0.000000
vt 0.793364 0.000000
vt 0.822524 0.000000
vt 0.792861 0.000000
vt 0.612871 0.000000
vt 0.823027 0.000000
vt 0.763700 0.000000
vt 0.792358 0.000000
vt 0.823529 0.000000
vt 0.791855 0.000000
vt 0.824032 0.000000
vt 0.791352 0.000000
vt 0.824535 0.000000
vt 0.764203 0.000000
vt 0.825038 0.000000
vt 0.790850 0.000000
vt 0.612368 0.000000
vt 0.825540 0.000000
vt 0.790347 0.000000
vt 0.611865 0.000000
vt 0.611363 0.000000
vt 0.610860 0.000000
vt 0.826043 0.000000
vt 0.610357 0.000000
vt 0.789844 0.000000
vt 0.609854 0.000000
vt 0.609351 0.000000
vt 0.826546 0.000000
vt 0.764706 0.000000
vt 0.608849 0.000000
vt 0.789341 0.000000
vt 0.608346 0.000000
vt 0.827049 0.000000
vt 0.607843 0.000000
vt 0.607340 0.000000
vt 0.788839 0.000000
vt 0.827552 0.000000
vt 0.606838 0.000000
vt 0.606335 0.000000
vt 0.605832 0.000000
vt 0.828054 0.000000
vt 0.788336 0.000000
vt 0.765209 0.000000
vt 0.605329 0.000000
vt 0.604827 0.000000
vt 0.828557 0.000000
vt 0.787833 0.000000
vt 0.604324 0.000000
vt 0.829060 0.000000
vt 0.603821 0.000000
vt 0.787330 0.000000
vt 0.603318 0.000000
vt 0.765711 0.000000
vt 0.829563 0.000000
vt 0.602816 0.000000
vt 0.786828 0.000000
vt 0.602313 0.000000
vt 0.830065 0.000000
vt 0.601810 0.000000
vt 0.601307 0.000000
vt 0.786325 0.000000
vt 0.830568 0.000000
vt 0.766214 0.000000
vt 0.600804 0.000000
vt 0.831071 0.000000
vt 0.600302 0.000000
vt 0.785822 0.000000
vt 0.599799 0.000000
vt 0.831574 0.000000
vt 0.785319 0.000000
vt 0.599296 0.000000
vt 0.766717 0.000000
vt 0.598793 0.000000
vt 0.832076 0.000000
vt 0.784817 0.000000
vt 0.598291 0.000000
vt 0.832579 0.000000
vt 0.597788 0.000000
vt 0.784314 0.000000
vt 0.597285 0.000000
vt 0.833082 0.000000
vt 0.767220 0.000000
vt 0.596782 0.000000
vt 0.783811 0.000000
vt 0.833585 0.000000
vt 0.596280 0.000000
vt 0.595777 0.000000
vt 0.834087 0.000000
vt 0.783308 0.000000
vt 0.767722 0.000000
vt 0.595274 0.000000
vt 0.834590 0.000000
vt 0.594771 0.000000
vt 0.782805 0.000000
vt 0.594269 0.000000
vt 0.835093 0.000000
vt 0.782303 0.000000
vt 0.768225 0.000000
vt 0.593766 0.000000
vt 0.835596 0.000000
vt 0.593263 0.000000
vt 0.781800 0.000000
vt 0.592760 0.000000
vt 0.836099 0.000000
vt 0.768728 0.000000
vt 0.592257 0.000000
vt 0.781297 0.000000
vt 0.836601 0.000000
vt 0.591755 0.000000
vt 0.837104 0.000000
vt 0.780794 0.000000
vt 0.591252 0.000000
vt 0.769231 0.000000
vt 0.590749 0.000000
vt 0.837607 0.000000
vt 0.780292 0.000000
vt 0.590246 0.000000
vt 0.838110 0.000000
vt 0.589744 0.000000
vt 0.769734 0.000000
vt 0.779789 0.000000
vt 0.838612 0.000000
vt 0.589241 0.000000
vt 0.779286 0.000000
vt 0.588738 0.000000
vt 0.839115 0.000000
vt 0.770236 0.000000
vt 0.588235 0.000000
vt 0.839618 0.000000
vt 0.778783 0.000000
vt 0.840121 0.000000
vt 0.587733 0.000000
vt 0.840623 0.000000
vt 0.770739 0.000000
vt 0.587230 0.000000
vt 0.841126 0.000000
vt 0.778281 0.000000
vt 0.841629 0.000000
vt 0.586727 0.000000
vt 0.842132 0.000000
vt 0.777778 0.000000
vt 0.842634 0.000000
vt 0.586224 0.000000
vt 0.771242 0.000000
vt 0.843137 0.000000
vt 0.585721 0.000000
vt 0.843640 0.000000
vt 0.777275 0.000000
vt 0.844143 0.000000
vt 0.585219 0.000000
vt 0.844646 0.000000
vt 0.771745 0.000000
vt 0.845148 0.000000
vt 0.776772 0.000000
vt 0.584716 0.000000
vt 0.845651 0.000000
vt 0.846154 0.000000
vt 0.584213 0.000000
vt 0.772247 0.000000
vt 0.776269 0.000000
vt 0.846657 0.000000
vt 0.847159 0.000000
vt 0.583710 0.000000
vt 0.847662 0.000000
vt 0.848165 0.000000
vt 0.775767 0.000000
vt 0.583208 0.000000
vt 0.772750 0.000000
vt 0.848668 0.000000
vt 0.547511 0.000000
vt 0.548517 0.000000
vt 0.548014 0.000000
vt 0.549020 0.000000
vt 0.849170 0.000000
vt 0.549522 0.000000
vt 0.582705 0.000000
vt 0.550025 0.000000
vt 0.550528 0.000000
vt 0.849673 0.000000
vt 0.551031 0.000000
vt 0.775264 0.000000
vt 0.551533 0.000000
vt 0.552036 0.000000
vt 0.850176 0.000000
vt 0.552539 0.000000
vt 0.553042 0.000000
vt 0.582202 0.000000
vt 0.553545 0.000000
vt 0.850679 0.000000
vt 0.773253 0.000000
vt 0.554047 0.000000
vt 0.554550 0.000000
vt 0.555053 0.000000
vt 0.851182 0.000000
vt 0.555556 0.000000
vt 0.556058 0.000000
vt 0.774761 0.000000
vt 0.556561 0.000000
vt 0.581699 0.000000
vt 0.851684 0.000000
vt 0.557064 0.000000
vt 0.557567 0.000000
vt 0.558069 0.000000
vt 0.558572 0.000000
vt 0.852187 0.000000
vt 0.559075 0.000000
vt 0.559578 0.000000
vt 0.560080 0.000000
vt 0.852690 0.000000
vt 0.560583 0.000000
vt 0.581197 0.000000
vt 0.561086 0.000000
vt 0.561589 0.000000
vt 0.773756 0.000000
vt 0.562092 0.000000
vt 0.853193 0.000000
vt 0.562594 0.000000
vt 0.563097 0.000000
vt 0.774258 0.000000
vt 0.563600 0.000000
vt 0.564103 0.000000
vt 0.564605 0.000000
vt 0.853695 0.000000
vt 0.565108 0.000000
vt 0.565611 0.000000
vt 0.566114 0.000000
vt 0.566616 0.000000
vt 0.580694 0.000000
vt 0.567119 0.000000
vt 0.854198 0.000000
vt 0.567622 0.000000
vt 0.568125 0.000000
vt 0.568627 0.000000
vt 0.569130 0.000000
vt 0.569633 0.000000
vt 0.570136 0.000000
vt 0.854701 0.000000
vt 0.570639 0.000000
vt 0.571141 0.000000
vt 0.571644 0.000000
vt 0.572147 0.000000
vt 0.572650 0.000000
vt 0.573152 0.000000
vt 0.573655 0.000000
vt 0.574158 0.000000
vt 0.574661 0.000000
vt 0.855204 0.000000
vt 0.575163 0.000000
vt 0.575666 0.000000
vt 0.576169 0.000000
vt 0.576672 0.000000
vt 0.577174 0.000000
vt 0.577677 0.000000
vt 0.578180 0.000000
vt 0.578683 0.000000
vt 0.579186 0.000000
vt 0.579688 0.000000
vt 0.580191 0.000000
vt 0.547009 0.000000
vt 0.546506 0.000000
vt 0.546003 0.000000
vt 0.545500 0.000000
vt 0.544998 0.000000
vt 0.544495 0.000000
vt 0.543992 0.000000
vt 0.543489 0.000000
vt 0.542986 0.000000
vt 0.542484 0.000000
vt 0.541981 0.000000
vt 0.541478 0.000000
vt 0.540975 0.000000
vt 0.540473 0.000000
vt 0.539970 0.000000
vt 0.539467 0.000000
vt 0.538964 0.000000
vt 0.538462 0.000000
vt 0.537959 0.000000
vt 0.537456 0.000000
vt 0.536953 0.000000
vt 0.536451 0.000000
vt 0.535948 0.000000
vt 0.535445 0.000000
vt 0.534942 0.000000
vt 0.534439 0.000000
vt 0.533937 0.000000
vt 0.533434 0.000000
vt 0.532931 0.000000
vt 0.532428 0.000000
vt 0.531926 0.000000
vt 0.531423 0.000000
vt 0.530920 0.000000
vt 0.530417 0.000000
vt 0.529915 0.000000
vt 0.529412 0.000000
vt 0.528909 0.000000
vt 0.528406 0.000000
vt 0.527903 0.000000
vt 0.527401 0.000000
vt 0.526898 0.000000
vt 0.526395 0.000000
vt 0.525892 0.000000
vt 0.525390 0.000000
vt 0.524887 0.000000
vt 0.524384 0.000000
vt 0.523881 0.000000
vt 0.523379 0.000000
vt 0.522876 0.000000
vt 0.522373 0.000000
vt 0.521870 0.000000
vt 0.855706 0.000000
vt 0.521368 0.000000
vt 0.856209 0.000000
vt 0.856712 0.000000
vt 0.857215 0.000000
vt 0.520865 0.000000
vt 0.857717 0.000000
vt 0.858220 0.000000
vt 0.858723 0.000000
vt 0.859226 0.000000
vt 0.520362 0.000000
vt 0.859729 0.000000
vt 0.860231 0.000000
vt 0.860734 0.000000
vt 0.519859 0.000000
vt 0.861237 0.000000
vt 0.861740 0.000000
vt 0.862242 0.000000
vt 0.862745 0.000000
vt 0.519356 0.000000
vt 0.863248 0.000000
vt 0.863751 0.000000
vt 0.864253 0.000000
vt 0.864756 0.000000
vt 0.518854 0.000000
vt 0.865259 0.000000
vt 0.865762 0.000000
vt 0.866264 0.000000
vt 0.866767 0.000000
vt 0.867270 0.000000
vt 0.518351 0.000000
vt 0.867773 0.000000
vt 0.868276 0.000000
vt 0.868778 0.000000
vt 0.869281 0.000000
vt 0.869784 0.000000
vt 0.870287 0.000000
vt 0.517848 0.000000
vt 0.870789 0.000000
vt 0.871292 0.000000
vt 0.871795 0.000000
vt 0.872298 0.000000
vt 0.872800 0.000000
vt 0.873303 0.000000
vt 0.517345 0.000000
vt 0.873806 0.000000
vt 0.874309 0.000000
vt 0.874811 0.000000
vt 0.875314 0.000000
vt 0.875817 0.000000
vt 0.876320 0.000000
vt 0.516843 0.000000
vt 0.876823 0.000000
vt 0.877325 0.000000
vt 0.877828 0.000000
vt 0.878331 0.000000
vt 0.878834 0.000000
vt 0.879336 0.000000
vt 0.879839 0.000000
vt 0.880342 0.000000
vt 0.516340 0.000000
vt 0.880845 0.000000
vt 0.881347 0.000000
vt 0.881850 0.000000
vt 0.882353 0.000000
vt 0.882856 0.000000
vt 0.883358 0.000000
vt 0.883861 0.000000
vt 0.884364 0.000000
vt 0.884867 0.000000
vt 0.885370 0.000000
vt 0.515837 0.000000
vt 0.885872 0.000000
vt 0.886375 0.000000
vt 0.886878 0.000000
vt 0.887381 0.000000
vt 0.887883 0.000000
vt 0.888386 0.000000
vt 0.888889 0.000000
vt 0.889392 0.000000
vt 0.889894 0.000000
vt 0.890397 0.000000
vt 0.890900 0.000000
vt 0.891403 0.000000
vt 0.891905 0.000000
vt 0.892408 0.000000
vt 0.892911 0.000000
vt 0.515334 0.000000
vt 0.893414 0.000000
vt 0.893917 0.000000
vt 0.894419 0.000000
vt 0.894922 0.000000
vt 0.895425 0.000000
vt 0.895928 0.000000
vt 0.896430 0.000000
vt 0.896933 0.000000
vt 0.897436 0.000000
vt 0.897939 0.000000
vt 0.898441 0.000000
vt 0.898944 0.000000
vt 0.899447 0.000000
vt 0.899950 0.000000
vt 0.900452 0.000000
vt 0.900955 0.000000
vt 0.901458 0.000000
vt 0.901961 0.000000
vt 0.902464 0.000000
vt 0.902966 0.000000
vt 0.514832 0.000000
vt 0.514329 0.000000
vt 0.968326 0.000000
vt 0.968829 0.000000
vt 0.967823 0.000000
vt 0.967320 0.000000
vt 0.000000 0.000000
vt 0.000503 0.000000
vt 0.969331 0.000000
vt 0.513826 0.000000
vt 0.966817 0.000000
vt 0.001006 0.000000
vt 0.969834 0.000000
vt 0.513323 0.000000
vt 0.966315 0.000000
vt 0.970337 0.000000
vt 0.001508 0.000000
vt 0.512821 0.000000
vt 0.970840 0.000000
vt 0.965812 0.000000
vt 0.002011 0.000000
vt 0.971342 0.000000
vt 0.512318 0.000000
vt 0.965309 0.000000
vt 0.971845 0.000000
vt 0.002514 0.000000
vt 0.511815 0.000000
vt 0.964806 0.000000
vt 0.972348 0.000000
vt 0.511312 0.000000
vt 0.972851 0.000000
vt 0.003017 0.000000
vt 0.964304 0.000000
vt 0.973353 0.000000
vt 0.510809 0.000000
vt 0.003519 0.000000
vt 0.963801 0.000000
vt 0.973856 0.000000
vt 0.510307 0.000000
vt 0.974359 0.000000
vt 0.963298 0.000000
vt 0.004022 0.000000
vt 0.509804 0.000000
vt 0.974862 0.000000
vt 0.962795 0.000000
vt 0.004525 0.000000
vt 0.975365 0.000000
vt 0.509301 0.000000
vt 0.962293 0.000000
vt 0.975867 0.000000
vt 0.508798 0.000000
vt 0.005028 0.000000
vt 0.976370 0.000000
vt 0.961790 0.000000
vt 0.508296 0.000000
vt 0.976873 0.000000
vt 0.005530 0.000000
vt 0.961287 0.000000
vt 0.507793 0.000000
vt 0.977376 0.000000
vt 0.006033 0.000000
vt 0.960784 0.000000
vt 0.977878 0.000000
vt 0.507290 0.000000
vt 0.978381 0.000000
vt 0.006536 0.000000
vt 0.960282 0.000000
vt 0.506787 0.000000
vt 0.978884 0.000000
vt 0.506285 0.000000
vt 0.959779 0.000000
vt 0.007039 0.000000
vt 0.979387 0.000000
vt 0.505782 0.000000
vt 0.959276 0.000000
vt 0.979889 0.000000
vt 0.007541 0.000000
vt 0.505279 0.000000
vt 0.980392 0.000000
vt 0.958773 0.000000
vt 0.008044 0.000000
vt 0.980895 0.000000
vt 0.504776 0.000000
vt 0.958270 0.000000
vt 0.981398 0.000000
vt 0.504274 0.000000
vt 0.008547 0.000000
vt 0.957768 0.000000
vt 0.981900 0.000000
vt 0.503771 0.000000
vt 0.009050 0.000000
vt 0.982403 0.000000
vt 0.957265 0.000000
vt 0.503268 0.000000
vt 0.982906 0.000000
vt 0.009553 0.000000
vt 0.956762 0.000000
vt 0.502765 0.000000
vt 0.983409 0.000000
vt 0.956259 0.000000
vt 0.983912 0.000000
vt 0.010055 0.000000
vt 0.502262 0.000000
vt 0.984414 0.000000
vt 0.955757 0.000000
vt 0.501760 0.000000
vt 0.010558 0.000000
vt 0.984917 0.000000
vt 0.501257 0.000000
vt 0.955254 0.000000
vt 0.985420 0.000000
vt 0.011061 0.000000
vt 0.500754 0.000000
vt 0.954751 0.000000
vt 0.985923 0.000000
vt 0.011564 0.000000
vt 0.500251 0.000000
vt 0.986425 0.000000
vt 0.954248 0.000000
vt 0.499749 0.000000
vt 0.986928 0.000000
vt 0.012066 0.000000
vt 0.953746 0.000000
vt 0.499246 0.000000
vt 0.987431 0.000000
vt 0.012569 0.000000
vt 0.953243 0.000000
vt 0.987934 0.000000
vt 0.498743 0.000000
vt 0.952740 0.000000
vt 0.013072 0.000000
vt 0.988436 0.000000
vt 0.498240 0.000000
vt 0.988939 0.000000
vt 0.952237 0.000000
vt 0.497738 0.000000
vt 0.013575 0.000000
vt 0.989442 0.000000
vt 0.497235 0.000000
vt 0.951735 0.000000
vt 0.014077 0.000000
vt 0.989945 0.000000
vt 0.496732 0.000000
vt 0.951232 0.000000
vt 0.990447 0.000000
vt 0.014580 0.000000
vt 0.496229 0.000000
vt 0.990950 0.000000
vt 0.950729 0.000000
vt 0.495726 0.000000
vt 0.015083 0.000000
vt 0.991453 0.000000
vt 0.950226 0.000000
vt 0.495224 0.000000
vt 0.991956 0.000000
vt 0.015586 0.000000
vt 0.949723 0.000000
vt 0.494721 0.000000
vt 0.992459 0.000000
vt 0.016088 0.000000
vt 0.494218 0.000000
vt 0.949221 0.000000
vt 0.992961 0.000000
vt 0.493715 0.000000
vt 0.993464 0.000000
vt 0.948718 0.000000
vt 0.016591 0.000000
vt 0.493213 0.000000
vt 0.993967 0.000000
vt 0.948215 0.000000
vt 0.017094 0.000000
vt 0.492710 0.000000
vt 0.994470 0.000000
vt 0.947712 0.000000
vt 0.492207 0.000000
vt 0.017597 0.000000
vt 0.994972 0.000000
vt 0.947210 0.000000
vt 0.491704 0.000000
vt 0.995475 0.000000
vt 0.018100 0.000000
vt 0.491202 0.000000
vt 0.946707 0.000000
vt 0.995978 0.000000
vt 0.018602 0.000000
vt 0.490699 0.000000
vt 0.996481 0.000000
vt 0.946204 0.000000
vt 0.490196 0.000000
vt 0.996983 0.000000
vt 0.019105 0.000000
vt 0.945701 0.000000
vt 0.489693 0.000000
vt 0.997486 0.000000
vt 0.019608 0.000000
vt 0.945199 0.000000
vt 0.489191 0.000000
vt 0.997989 0.000000
vt 0.488688 0.000000
vt 0.944696 0.000000
vt 0.020111 0.000000
vt 0.998492 0.000000
vt 0.488185 0.000000
vt 0.944193 0.000000
vt 0.998994 0.000000
vt 0.020613 0.000000
vt 0.487682 0.000000
vt 0.999497 0.000000
vt 0.943690 0.000000
vt 0.487179 0.000000
vt 0.021116 0.000000
vt 1.000000 0.000000
vt 0.943188 0.000000
vt 0.486677 0.000000
vt 0.021619 0.000000
vt 0.903469 0.000000
vt 0.486174 0.000000
vt 0.942685 0.000000
vt 0.903972 0.000000
vt 0.022122 0.000000
vt 0.485671 0.000000
vt 0.904475 0.000000
vt 0.904977 0.000000
vt 0.942182 0.000000
vt 0.905480 0.000000
vt 0.905983 0.000000
vt 0.485168 0.000000
vt 0.906486 0.000000
vt 0.022624 0.000000
vt 0.906988 0.000000
vt 0.907491 0.000000
vt 0.941679 0.000000
vt 0.484666 0.000000
vt 0.907994 0.000000
vt 0.908497 0.000000
vt 0.909000 0.000000
vt 0.023127 0.000000
vt 0.484163 0.000000
vt 0.909502 0.000000
vt 0.941176 0.000000
vt 0.910005 0.000000
vt 0.910508 0.000000
vt 0.911011 0.000000
vt 0.483660 0.000000
vt 0.911513 0.000000
vt 0.023630 0.000000
vt 0.940674 0.000000
vt 0.912016 0.000000
vt 0.912519 0.000000
vt 0.483157 0.000000
vt 0.913022 0.000000
vt 0.913524 0.000000
vt 0.353947 0.000000
vt 0.914027 0.000000
vt 0.940171 0.000000
vt 0.482655 0.000000
vt 0.354449 0.000000
vt 0.353444 0.000000
vt 0.024133 0.000000
vt 0.914530 0.000000
vt 0.354952 0.000000
vt 0.352941 0.000000
vt 0.355455 0.000000
vt 0.915033 0.000000
vt 0.355958 0.000000
vt 0.352438 0.000000
vt 0.356461 0.000000
vt 0.915535 0.000000
vt 0.356963 0.000000
vt 0.482152 0.000000
vt 0.351936 0.000000
vt 0.916038 0.000000
vt 0.357466 0.000000
vt 0.939668 0.000000
vt 0.481649 0.000000
vt 0.357969 0.000000
vt 0.916541 0.000000
vt 0.351433 0.000000
vt 0.358472 0.000000
vt 0.481146 0.000000
vt 0.024635 0.000000
vt 0.358974 0.000000
vt 0.917044 0.000000
vt 0.480644 0.000000
vt 0.350930 0.000000
vt 0.359477 0.000000
vt 0.480141 0.000000
vt 0.917547 0.000000
vt 0.359980 0.000000
vt 0.350427 0.000000
vt 0.360483 0.000000
vt 0.479638 0.000000
vt 0.918049 0.000000
vt 0.360985 0.000000
vt 0.479135 0.000000
vt 0.349925 0.000000
vt 0.939165 0.000000
vt 0.918552 0.000000
vt 0.361488 0.000000
vt 0.478632 0.000000
vt 0.361991 0.000000
vt 0.349422 0.000000
vt 0.919055 0.000000
vt 0.478130 0.000000
vt 0.362494 0.000000
vt 0.025138 0.000000
vt 0.362996 0.000000
vt 0.477627 0.000000
vt 0.919558 0.000000
vt 0.348919 0.000000
vt 0.363499 0.000000
vt 0.477124 0.000000
vt 0.920060 0.000000
vt 0.348416 0.000000
vt 0.364002 0.000000
vt 0.476621 0.000000
vt 0.364505 0.000000
vt 0.920563 0.000000
vt 0.938663 0.000000
vt 0.476119 0.000000
vt 0.347914 0.000000
vt 0.365008 0.000000
vt 0.921066 0.000000
vt 0.475616 0.000000
vt 0.365510 0.000000
vt 0.347411 0.000000
vt 0.475113 0.000000
vt 0.366013 0.000000
vt 0.921569 0.000000
vt 0.025641 0.000000
vt 0.474610 0.000000
vt 0.366516 0.000000
vt 0.346908 0.000000
vt 0.922071 0.000000
vt 0.367019 0.000000
vt 0.474108 0.000000
vt 0.922574 0.000000
vt 0.367521 0.000000
vt 0.473605 0.000000
vt 0.346405 0.000000
vt 0.938160 0.000000
vt 0.368024 0.000000
vt 0.473102 0.000000
vt 0.923077 0.000000
vt 0.368527 0.000000
vt 0.345902 0.000000
vt 0.472599 0.000000
vt 0.923580 0.000000
vt 0.369030 0.000000
vt 0.472097 0.000000
vt 0.345400 0.000000
vt 0.369532 0.000000
vt 0.924082 0.000000
vt 0.471594 0.000000
vt 0.026144 0.000000
vt 0.370035 0.000000
vt 0.471091 0.000000
vt 0.924585 0.000000
vt 0.344897 0.000000
vt 0.370538 0.000000
vt 0.470588 0.000000
vt 0.937657 0.000000
vt 0.925088 0.000000
vt 0.371041 0.000000
vt 0.470085 0.000000
vt 0.344394 0.000000
vt 0.371543 0.000000
vt 0.469583 0.000000
vt 0.925591 0.000000
vt 0.469080 0.000000
vt 0.372046 0.000000
vt 0.343891 0.000000
vt 0.926094 0.000000
vt 0.468577 0.000000
vt 0.372549 0.000000
vt 0.468074 0.000000
vt 0.926596 0.000000
vt 0.373052 0.000000
vt 0.343389 0.000000
vt 0.026647 0.000000
vt 0.467572 0.000000
vt 0.373555 0.000000
vt 0.927099 0.000000
vt 0.467069 0.000000
vt 0.937154 0.000000
vt 0.342886 0.000000
vt 0.374057 0.000000
vt 0.466566 0.000000
vt 0.927602 0.000000
vt 0.374560 0.000000
vt 0.466063 0.000000
vt 0.342383 0.000000
vt 0.928105 0.000000
vt 0.465561 0.000000
vt 0.375063 0.000000
vt 0.465058 0.000000
vt 0.375566 0.000000
vt 0.928607 0.000000
vt 0.341880 0.000000
vt 0.464555 0.000000
vt 0.376068 0.000000
vt 0.464052 0.000000
vt 0.929110 0.000000
vt 0.027149 0.000000
vt 0.376571 0.000000
vt 0.463550 0.000000
vt 0.341378 0.000000
vt 0.936652 0.000000
vt 0.929613 0.000000
vt 0.463047 0.000000
vt 0.377074 0.000000
vt 0.462544 0.000000
vt 0.340875 0.000000
vt 0.930116 0.000000
vt 0.377577 0.000000
vt 0.462041 0.000000
vt 0.378079 0.000000
vt 0.461538 0.000000
vt 0.930618 0.000000
vt 0.340372 0.000000
vt 0.461036 0.000000
vt 0.378582 0.000000
vt 0.460533 0.000000
vt 0.931121 0.000000
vt 0.379085 0.000000
vt 0.460030 0.000000
vt 0.339869 0.000000
vt 0.931624 0.000000
vt 0.459527 0.000000
vt 0.027652 0.000000
vt 0.936149 0.000000
vt 0.379588 0.000000
vt 0.459025 0.000000
vt 0.932127 0.000000
vt 0.380091 0.000000
vt 0.458522 0.000000
vt 0.339367 0.000000
vt 0.458019 0.000000
vt 0.380593 0.000000
vt 0.932629 0.000000
vt 0.457516 0.000000
vt 0.338864 0.000000
vt 0.457014 0.000000
vt 0.381096 0.000000
vt 0.933132 0.000000
vt 0.456511 0.000000
vt 0.381599 0.000000
vt 0.456008 0.000000
vt 0.933635 0.000000
vt 0.338361 0.000000
vt 0.455505 0.000000
vt 0.382102 0.000000
vt 0.935646 0.000000
vt 0.455003 0.000000
vt 0.934138 0.000000
vt 0.028155 0.000000
vt 0.454500 0.000000
vt 0.382604 0.000000
vt 0.453997 0.000000
vt 0.337858 0.000000
vt 0.934641 0.000000
vt 0.453494 0.000000
vt 0.383107 0.000000
vt 0.452991 0.000000
vt 0.452489 0.000000
vt 0.935143 0.000000
vt 0.383610 0.000000
vt 0.337355 0.000000
vt 0.451986 0.000000
vt 0.451483 0.000000
vt 0.384113 0.000000
vt 0.450980 0.000000
vt 0.336853 0.000000
vt 0.450478 0.000000
vt 0.384615 0.000000
vt 0.449975 0.000000
vt 0.385118 0.000000
vt 0.449472 0.000000
vt 0.028658 0.000000
vt 0.336350 0.000000
vt 0.385621 0.000000
vt 0.448969 0.000000
vt 0.386124 0.000000
vt 0.335847 0.000000
vt 0.448467 0.000000
vt 0.386626 0.000000
vt 0.447964 0.000000
vt 0.335344 0.000000
vt 0.387129 0.000000
vt 0.447461 0.000000
vt 0.387632 0.000000
vt 0.446958 0.000000
vt 0.334842 0.000000
vt 0.388135 0.000000
vt 0.029160 0.000000
vt 0.446456 0.000000
vt 0.388638 0.000000
vt 0.334339 0.000000
vt 0.445953 0.000000
vt 0.389140 0.000000
vt 0.445450 0.000000
vt 0.389643 0.000000
vt 0.333836 0.000000
vt 0.444947 0.000000
vt 0.390146 0.000000
vt 0.444444 0.000000
vt 0.390649 0.000000
vt 0.333333 0.000000
vt 0.391151 0.000000
vt 0.443942 0.000000
vt 0.029663 0.000000
vt 0.391654 0.000000
vt 0.443439 0.000000
vt 0.332831 0.000000
vt 0.392157 0.000000
vt 0.442936 0.000000
vt 0.392660 0.000000
vt 0.442433 0.000000
vt 0.332328 0.000000
vt 0.393162 0.000000
vt 0.441931 0.000000
vt 0.393665 0.000000
vt 0.441428 0.000000
vt 0.394168 0.000000
vt 0.331825 0.000000
vt 0.440925 0.000000
vt 0.394671 0.000000
vt 0.030166 0.000000
vt 0.440422 0.000000
vt 0.395173 0.000000
vt 0.439920 0.000000
vt 0.331322 0.000000
vt 0.395676 0.000000
vt 0.439417 0.000000
vt 0.396179 0.000000
vt 0.438914 0.000000
vt 0.396682 0.000000
vt 0.330820 0.000000
vt 0.438411 0.000000
vt 0.397185 0.000000
vt 0.437909 0.000000
vt 0.397687 0.000000
vt 0.437406 0.000000
vt 0.398190 0.000000
vt 0.330317 0.000000
vt 0.436903 0.000000
vt 0.030669 0.000000
vt 0.398693 0.000000
vt 0.436400 0.000000
vt 0.399196 0.000000
vt 0.435897 0.000000
vt 0.399698 0.000000
vt 0.329814 0.000000
vt 0.435395 0.000000
vt 0.400201 0.000000
vt 0.400704 0.000000
vt 0.434892 0.000000
vt 0.401207 0.000000
vt 0.434389 0.000000
vt 0.329311 0.000000
vt 0.401709 0.000000
vt 0.433886 0.000000
vt 0.402212 0.000000
vt 0.433384 0.000000
vt 0.402715 0.000000
vt 0.432881 0.000000
vt 0.403218 0.000000
vt 0.328808 0.000000
vt 0.432378 0.000000
vt 0.031171 0.000000
vt 0.403720 0.000000
vt 0.431875 0.000000
vt 0.404223 0.000000
vt 0.431373 0.000000
vt 0.404726 0.000000
vt 0.430870 0.000000
vt 0.405229 0.000000
vt 0.328306 0.000000
vt 0.430367 0.000000
vt 0.405732 0.000000
vt 0.429864 0.000000
vt 0.406234 0.000000
vt 0.429361 0.000000
vt 0.406737 0.000000
vt 0.428859 0.000000
vt 0.407240 0.000000
vt 0.428356 0.000000
vt 0.407743 0.000000
vt 0.327803 0.000000
vt 0.427853 0.000000
vt 0.408245 0.000000
vt 0.427350 0.000000
vt 0.408748 0.000000
vt 0.426848 0.000000
vt 0.409251 0.000000
vt 0.409754 0.000000
vt 0.426345 0.000000
vt 0.410256 0.000000
vt 0.425842 0.000000
vt 0.410759 0.000000
vt 0.425339 0.000000
vt 0.031674 0.000000
vt 0.327300 0.000000
vt 0.411262 0.000000
vt 0.424837 0.000000
vt 0.411765 0.000000
vt 0.424334 0.000000
vt 0.412267 0.000000
vt 0.423831 0.000000
vt 0.412770 0.000000
vt 0.423328 0.000000
vt 0.413273 0.000000
vt 0.422826 0.000000
vt 0.413776 0.000000
vt 0.422323 0.000000
vt 0.414279 0.000000
vt 0.421820 0.000000
vt 0.414781 0.000000
vt 0.421317 0.000000
vt 0.415284 0.000000
vt 0.420814 0.000000
vt 0.415787 0.000000
vt 0.420312 0.000000
vt 0.416290 0.000000
vt 0.419809 0.000000
vt 0.416792 0.000000
vt 0.419306 0.000000
vt 0.417295 0.000000
vt 0.418803 0.000000
vt 0.417798 0.000000
vt 0.418301 0.000000
vt 0.326797 0.000000
vt 0.326295 0.000000
vt 0.032177 0.000000
vt 0.325792 0.000000
vt 0.325289 0.000000
vt 0.324786 0.000000
vt 0.032680 0.000000
vt 0.324284 0.000000
vt 0.033183 0.000000
vt 0.323781 0.000000
vt 0.033685 0.000000
vt 0.323278 0.000000
vt 0.034188 0.000000
vt 0.322775 0.000000
vt 0.034691 0.000000
vt 0.322273 0.000000
vt 0.035194 0.000000
vt 0.321770 0.000000
vt 0.321267 0.000000
vt 0.035696 0.000000
vt 0.036199 0.000000
vt 0.036702 0.000000
vt 0.320764 0.000000
vt 0.037205 0.000000
vt 0.037707 0.000000
vt 0.038210 0.000000
vt 0.320261 0.000000
vt 0.038713 0.000000
vt 0.039216 0.000000
vt 0.039718 0.000000
vt 0.319759 0.000000
vt 0.040221 0.000000
vt 0.040724 0.000000
vt 0.041227 0.000000
vt 0.319256 0.000000
vt 0.041730 0.000000
vt 0.042232 0.000000
vt 0.042735 0.000000
vt 0.318753 0.000000
vt 0.043238 0.000000
vt 0.043741 0.000000
vt 0.044243 0.000000
vt 0.318250 0.000000
vt 0.044746 0.000000
vt 0.045249 0.000000
vt 0.045752 0.000000
vt 0.317748 0.000000
vt 0.046254 0.000000
vt 0.046757 0.000000
vt 0.317245 0.000000
vt 0.047260 0.000000
vt 0.047763 0.000000
vt 0.048265 0.000000
vt 0.316742 0.000000
vt 0.193062 0.000000
vt 0.048768 0.000000
vt 0.049271 0.000000
vt 0.193565 0.000000
vt 0.192559 0.000000
vt 0.049774 0.000000
vt 0.316239 0.000000
vt 0.192056 0.000000
vt 0.050277 0.000000
vt 0.050779 0.000000
vt 0.191554 0.000000
vt 0.194067 0.000000
vt 0.051282 0.000000
vt 0.315737 0.000000
vt 0.191051 0.000000
vt 0.051785 0.000000
vt 0.190548 0.000000
vt 0.052288 0.000000
vt 0.194570 0.000000
vt 0.315234 0.000000
vt 0.052790 0.000000
vt 0.190045 0.000000
vt 0.053293 0.000000
vt 0.189542 0.000000
vt 0.053796 0.000000
vt 0.314731 0.000000
vt 0.189040 0.000000
vt 0.195073 0.000000
vt 0.054299 0.000000
vt 0.054801 0.000000
vt 0.188537 0.000000
vt 0.055304 0.000000
vt 0.314228 0.000000
vt 0.188034 0.000000
vt 0.195576 0.000000
vt 0.055807 0.000000
vt 0.187531 0.000000
vt 0.056310 0.000000
vt 0.313726 0.000000
vt 0.056812 0.000000
vt 0.187029 0.000000
vt 0.196078 0.000000
vt 0.057315 0.000000
vt 0.186526 0.000000
vt 0.057818 0.000000
vt 0.313223 0.000000
vt 0.058321 0.000000
vt 0.186023 0.000000
vt 0.196581 0.000000
vt 0.058824 0.000000
vt 0.185520 0.000000
vt 0.312720 0.000000
vt 0.059326 0.000000
vt 0.059829 0.000000
vt 0.185018 0.000000
vt 0.197084 0.000000
vt 0.060332 0.000000
vt 0.312217 0.000000
vt 0.184515 0.000000
vt 0.060835 0.000000
vt 0.184012 0.000000
vt 0.061337 0.000000
vt 0.197587 0.000000
vt 0.311714 0.000000
vt 0.061840 0.000000
vt 0.183509 0.000000
vt 0.062343 0.000000
vt 0.183007 0.000000
vt 0.062846 0.000000
vt 0.311212 0.000000
vt 0.198089 0.000000
vt 0.063348 0.000000
vt 0.182504 0.000000
vt 0.063851 0.000000
vt 0.182001 0.000000
vt 0.310709 0.000000
vt 0.064354 0.000000
vt 0.198592 0.000000
vt 0.064857 0.000000
vt 0.181498 0.000000
vt 0.065359 0.000000
vt 0.310206 0.000000
vt 0.065862 0.000000
vt 0.180995 0.000000
vt 0.199095 0.000000
vt 0.066365 0.000000
vt 0.180493 0.000000
vt 0.066868 0.000000
vt 0.309703 0.000000
vt 0.067371 0.000000
vt 0.199598 0.000000
vt 0.179990 0.000000
vt 0.067873 0.000000
vt 0.309201 0.000000
vt 0.068376 0.000000
vt 0.179487 0.000000
vt 0.068879 0.000000
vt 0.200101 0.000000
vt 0.069382 0.000000
vt 0.178984 0.000000
vt 0.308698 0.000000
vt 0.069884 0.000000
vt 0.178482 0.000000
vt 0.070387 0.000000
vt 0.200603 0.000000
vt 0.070890 0.000000
vt 0.308195 0.000000
vt 0.177979 0.000000
vt 0.071393 0.000000
vt 0.071895 0.000000
vt 0.201106 0.000000
vt 0.177476 0.000000
vt 0.307692 0.000000
vt 0.072398 0.000000
vt 0.072901 0.000000
vt 0.176973 0.000000
vt 0.073404 0.000000
vt 0.201609 0.000000
vt 0.307190 0.000000
vt 0.073906 0.000000
vt 0.176471 0.000000
vt 0.074409 0.000000
vt 0.074912 0.000000
vt 0.306687 0.000000
vt 0.175968 0.000000
vt 0.202112 0.000000
vt 0.075415 0.000000
vt 0.075918 0.000000
vt 0.175465 0.000000
vt 0.306184 0.000000
vt 0.076420 0.000000
vt 0.202614 0.000000
vt 0.076923 0.000000
vt 0.174962 0.000000
vt 0.077426 0.000000
vt 0.305681 0.000000
vt 0.203117 0.000000
vt 0.077929 0.000000
vt 0.174460 0.000000
vt 0.078431 0.000000
vt 0.305178 0.000000
vt 0.173957 0.000000
vt 0.078934 0.000000
vt 0.203620 0.000000
vt 0.079437 0.000000
vt 0.173454 0.000000
vt 0.079940 0.000000
vt 0.304676 0.000000
vt 0.080442 0.000000
vt 0.204123 0.000000
vt 0.080945 0.000000
vt 0.172951 0.000000
vt 0.081448 0.000000
vt 0.304173 0.000000
vt 0.081951 0.000000
vt 0.172448 0.000000
vt 0.204625 0.000000
vt 0.082453 0.000000
vt 0.303670 0.000000
vt 0.082956 0.000000
vt 0.171946 0.000000
vt 0.083459 0.000000
vt 0.205128 0.000000
vt 0.083962 0.000000
vt 0.303167 0.000000
vt 0.171443 0.000000
vt 0.084465 0.000000
vt 0.205631 0.000000
vt 0.084967 0.000000
vt 0.170940 0.000000
vt 0.302665 0.000000
vt 0.085470 0.000000
vt 0.085973 0.000000
vt 0.170437 0.000000
vt 0.206134 0.000000
vt 0.086476 0.000000
vt 0.302162 0.000000
vt 0.086978 0.000000
vt 0.169935 0.000000
vt 0.087481 0.000000
vt 0.206637 0.000000
vt 0.301659 0.000000
vt 0.087984 0.000000
vt 0.169432 0.000000
vt 0.088487 0.000000
vt 0.207139 0.000000
vt 0.088989 0.000000
vt 0.301156 0.000000
vt 0.168929 0.000000
vt 0.089492 0.000000
vt 0.089995 0.000000
vt 0.207642 0.000000
vt 0.300654 0.000000
vt 0.090498 0.000000
vt 0.168426 0.000000
vt 0.091001 0.000000
vt 0.208145 0.000000
vt 0.300151 0.000000
vt 0.091503 0.000000
vt 0.167924 0.000000
vt 0.092006 0.000000
vt 0.092509 0.000000
vt 0.299648 0.000000
vt 0.208648 0.000000
vt 0.167421 0.000000
vt 0.093012 0.000000
vt 0.093514 0.000000
vt 0.299145 0.000000
vt 0.209150 0.000000
vt 0.166918 0.000000
vt 0.094017 0.000000
vt 0.094520 0.000000
vt 0.298643 0.000000
vt 0.095023 0.000000
vt 0.209653 0.000000
vt 0.166415 0.000000
vt 0.095525 0.000000
vt 0.096028 0.000000
vt 0.298140 0.000000
vt 0.210156 0.000000
vt 0.165913 0.000000
vt 0.096531 0.000000
vt 0.097034 0.000000
vt 0.297637 0.000000
vt 0.210659 0.000000
vt 0.165410 0.000000
vt 0.097536 0.000000
vt 0.297134 0.000000
vt 0.098039 0.000000
vt 0.211161 0.000000
vt 0.164907 0.000000
vt 0.098542 0.000000
vt 0.296631 0.000000
vt 0.211664 0.000000
vt 0.164404 0.000000
vt 0.099045 0.000000
vt 0.099548 0.000000
vt 0.296129 0.000000
vt 0.212167 0.000000
vt 0.163901 0.000000
vt 0.100050 0.000000
vt 0.295626 0.000000
vt 0.212670 0.000000
vt 0.100553 0.000000
vt 0.163399 0.000000
vt 0.101056 0.000000
vt 0.295123 0.000000
vt 0.213172 0.000000
vt 0.101559 0.000000
vt 0.162896 0.000000
vt 0.294620 0.000000
vt 0.213675 0.000000
vt 0.102061 0.000000
vt 0.102564 0.000000
vt 0.162393 0.000000
vt 0.214178 0.000000
vt 0.294118 0.000000
vt 0.103067 0.000000
vt 0.103570 0.000000
vt 0.214681 0.000000
vt 0.293615 0.000000
vt 0.161890 0.000000
vt 0.104072 0.000000
vt 0.215184 0.000000
vt 0.293112 0.000000
vt 0.104575 0.000000
vt 0.161388 0.000000
vt 0.105078 0.000000
vt 0.215686 0.000000
vt 0.292609 0.000000
vt 0.105581 0.000000
vt 0.160885 0.000000
vt 0.216189 0.000000
vt 0.106083 0.000000
vt 0.292107 0.000000
vt 0.106586 0.000000
vt 0.216692 0.000000
vt 0.160382 0.000000
vt 0.107089 0.000000
vt 0.291604 0.000000
vt 0.159879 0.000000
vt 0.107592 0.000000
vt 0.217195 0.000000
vt 0.159377 0.000000
vt 0.108095 0.000000
vt 0.158874 0.000000
vt 0.291101 0.000000
vt 0.217697 0.000000
vt 0.158371 0.000000
vt 0.108597 0.000000
vt 0.157868 0.000000
vt 0.109100 0.000000
vt 0.290598 0.000000
vt 0.157366 0.000000
vt 0.218200 0.000000
vt 0.156863 0.000000
vt 0.109603 0.000000
vt 0.156360 0.000000
vt 0.218703 0.000000
vt 0.110106 0.000000
vt 0.290096 0.000000
vt 0.155857 0.000000
vt 0.155354 0.000000
vt 0.110608 0.000000
vt 0.154852 0.000000
vt 0.219206 0.000000
vt 0.111111 0.000000
vt 0.289593 0.000000
vt 0.154349 0.000000
vt 0.153846 0.000000
vt 0.111614 0.000000
vt 0.219708 0.000000
vt 0.153343 0.000000
vt 0.112117 0.000000
vt 0.289090 0.000000
vt 0.288587 0.000000
vt 0.152841 0.000000
vt 0.288084 0.000000
vt 0.287582 0.000000
vt 0.287079 0.000000
vt 0.286576 0.000000
vt 0.286073 0.000000
vt 0.285571 0.000000
vt 0.285068 0.000000
vt 0.284565 0.000000
vt 0.284062 0.000000
vt 0.283560 0.000000
vt 0.283057 0.000000
vt 0.282554 0.000000
vt 0.282051 0.000000
vt 0.281549 0.000000
vt 0.281046 0.000000
vt 0.280543 0.000000
vt 0.280040 0.000000
vt 0.279537 0.000000
vt 0.279035 0.000000
vt 0.152338 0.000000
vt 0.278532 0.000000
vt 0.220211 0.000000
vt 0.112619 0.000000
vt 0.278029 0.000000
vt 0.277526 0.000000
vt 0.277024 0.000000
vt 0.276521 0.000000
vt 0.276018 0.000000
vt 0.275515 0.000000
vt 0.275013 0.000000
vt 0.274510 0.000000
vt 0.274007 0.000000
vt 0.151835 0.000000
vt 0.273504 0.000000
vt 0.273002 0.000000
vt 0.272499 0.000000
vt 0.271996 0.000000
vt 0.113122 0.000000
vt 0.271493 0.000000
vt 0.270990 0.000000
vt 0.270488 0.000000
vt 0.269985 0.000000
vt 0.151332 0.000000
vt 0.269482 0.000000
vt 0.268979 0.000000
vt 0.268477 0.000000
vt 0.267974 0.000000
vt 0.220714 0.000000
vt 0.267471 0.000000
vt 0.266968 0.000000
vt 0.113625 0.000000
vt 0.150830 0.000000
vt 0.266466 0.000000
vt 0.265963 0.000000
vt 0.265460 0.000000
vt 0.264957 0.000000
vt 0.264455 0.000000
vt 0.263952 0.000000
vt 0.150327 0.000000
vt 0.263449 0.000000
vt 0.262946 0.000000
vt 0.114128 0.000000
vt 0.262443 0.000000
vt 0.261941 0.000000
vt 0.261438 0.000000
vt 0.149824 0.000000
vt 0.221217 0.000000
vt 0.260935 0.000000
vt 0.260432 0.000000
vt 0.259930 0.000000
vt 0.259427 0.000000
vt 0.114630 0.000000
vt 0.258924 0.000000
vt 0.149321 0.000000
vt 0.258421 0.000000
vt 0.257919 0.000000
vt 0.257416 0.000000
vt 0.256913 0.000000
vt 0.148819 0.000000
vt 0.115133 0.000000
vt 0.256410 0.000000
vt 0.221719 0.000000
vt 0.255908 0.000000
vt 0.148316 0.000000
vt 0.255405 0.000000
vt 0.115636 0.000000
vt 0.147813 0.000000
vt 0.254902 0.000000
vt 0.254399 0.000000
vt 0.147310 0.000000
vt 0.253896 0.000000
vt 0.222222 0.000000
vt 0.116139 0.000000
vt 0.253394 0.000000
vt 0.146807 0.000000
vt 0.252891 0.000000
vt 0.116642 0.000000
vt 0.252388 0.000000
vt 0.146305 0.000000
vt 0.251885 0.000000
vt 0.251383 0.000000
vt 0.222725 0.000000
vt 0.145802 0.000000
vt 0.117144 0.000000
vt 0.250880 0.000000
vt 0.250377 0.000000
vt 0.145299 0.000000
vt 0.249874 0.000000
vt 0.117647 0.000000
vt 0.249372 0.000000
vt 0.144796 0.000000
vt 0.248869 0.000000
vt 0.223228 0.000000
vt 0.248366 0.000000
vt 0.144294 0.000000
vt 0.118150 0.000000
vt 0.247863 0.000000
vt 0.247360 0.000000
vt 0.143791 0.000000
vt 0.246858 0.000000
vt 0.118653 0.000000
vt 0.246355 0.000000
vt 0.143288 0.000000
vt 0.245852 0.000000
vt 0.223731 0.000000
vt 0.245349 0.000000
vt 0.119155 0.000000
vt 0.142785 0.000000
vt 0.244847 0.000000
vt 0.244344 0.000000
vt 0.142283 0.000000
vt 0.243841 0.000000
vt 0.119658 0.000000
vt 0.243338 0.000000
vt 0.141780 0.000000
vt 0.242836 0.000000
vt 0.224233 0.000000
vt 0.242333 0.000000
vt 0.120161 0.000000
vt 0.141277 0.000000
vt 0.241830 0.000000
vt 0.241327 0.000000
vt 0.140774 0.000000
vt 0.240825 0.000000
vt 0.120664 0.000000
vt 0.240322 0.000000
vt 0.140271 0.000000
vt 0.239819 0.000000
vt 0.239316 0.000000
vt 0.224736 0.000000
vt 0.121166 0.000000
vt 0.238813 0.000000
vt 0.139769 0.000000
vt 0.238311 0.000000
vt 0.237808 0.000000
vt 0.139266 0.000000
vt 0.237305 0.000000
vt 0.121669 0.000000
vt 0.236802 0.000000
vt 0.236300 0.000000
vt 0.138763 0.000000
vt 0.235797 0.000000
vt 0.235294 0.000000
vt 0.122172 0.000000
vt 0.138260 0.000000
vt 0.234791 0.000000
vt 0.225239 0.000000
vt 0.234289 0.000000
vt 0.233786 0.000000
vt 0.137758 0.000000
vt 0.233283 0.000000
vt 0.122675 0.000000
vt 0.232780 0.000000
vt 0.232278 0.000000
vt 0.231775 0.000000
vt 0.137255 0.000000
vt 0.231272 0.000000
vt 0.230769 0.000000
vt 0.123177 0.000000
vt 0.230266 0.000000
vt 0.229764 0.000000
vt 0.136752 0.000000
vt 0.229261 0.000000
vt 0.228758 0.000000
vt 0.228255 0.000000
vt 0.227753 0.000000
vt 0.227250 0.000000
vt 0.226747 0.000000
vt 0.226244 0.000000
vt 0.225742 0.000000
vt 0.136249 0.000000
vt 0.123680 0.000000
vt 0.135747 0.000000
vt 0.124183 0.000000
vt 0.135244 0.000000
vt 0.124686 0.000000
vt 0.134741 0.000000
vt 0.134238 0.000000
vt 0.125189 0.000000
vt 0.133736 0.000000
vt 0.125691 0.000000
vt 0.133233 0.000000
vt 0.132730 0.000000
vt 0.126194 0.000000
vt 0.132227 0.000000
vt 0.126697 0.000000
vt 0.131724 0.000000
vt 0.131222 0.000000
vt 0.127200 0.000000
vt 0.130719 0.000000
vt 0.127702 0.000000
vt 0.130216 0.000000
vt 0.129713 0.000000
vt 0.128205 0.000000
vt 0.129211 0.000000
vt 0.128708 0.000000
vt 0.000556 1.000000
vt 0.000000 1.000000
vt 0.001113 1.000000
vt 0.000556 0.000000
vt 0.001669 1.000000
vt 0.001113 0.000000
vt 0.002226 1.000000
vt 0.001669 0.000000
vt 0.002782 1.000000
vt 0.002226 0.000000
vt 0.003339 1.000000
vt 0.002782 0.000000
vt 0.003895 1.000000
vt 0.003339 0.000000
vt 0.004452 1.000000
vt 0.003895 0.000000
vt 0.005008 1.000000
vt 0.004452 0.000000
vt 0.005565 1.000000
vt 0.005008 0.000000
vt 0.006121 1.000000
vt 0.005565 0.000000
vt 0.006678 1.000000
vt 0.006121 0.000000
vt 0.007234 1.000000
vt 0.006678 0.000000
vt 0.007791 1.000000
vt 0.007234 0.000000
vt 0.008347 1.000000
vt 0.007791 0.000000
vt 0.008904 1.000000
vt 0.008347 0.000000
vt 0.009460 1.000000
vt 0.008904 0.000000
vt 0.010017 1.000000
vt 0.009460 0.000000
vt 0.010573 1.000000
vt 0.010017 0.000000
vt 0.011130 1.000000
vt 0.010573 0.000000
vt 0.011686 1.000000
vt 0.011130 0.000000
vt 0.012243 1.000000
vt 0.011686 0.000000
vt 0.012799 1.000000
vt 0.012243 0.000000
vt 0.013356 1.000000
vt 0.012799 0.000000
vt 0.013912 1.000000
vt 0.013356 0.000000
vt 0.014469 1.000000
vt 0.013912 0.000000
vt 0.015025 1.000000
vt 0.014469 0.000000
vt 0.015582 1.000000
vt 0.015025 0.000000
vt 0.016138 1.000000
vt 0.015582 0.000000
vt 0.016694 1.000000
vt 0.016138 0.000000
vt 0.017251 1.000000
vt 0.016694 0.000000
vt 0.017807 1.000000
vt 0.017251 0.000000
vt 0.018364 1.000000
vt 0.017807 0.000000
vt 0.018920 1.000000
vt 0.018364 0.000000
vt 0.019477 1.000000
vt 0.018920 0.000000
vt 0.020033 1.000000
vt 0.019477 0.000000
vt 0.020590 1.000000
vt 0.020033 0.000000
vt 0.021146 1.000000
vt 0.020590 0.000000
vt 0.021703 1.000000
vt 0.021146 0.000000
vt 0.022259 1.000000
vt 0.021703 0.000000
vt 0.022816 1.000000
vt 0.022259 0.000000
vt 0.023372 1.000000
vt 0.022816 0.000000
vt 0.023929 1.000000
vt 0.023372 0.000000
vt 0.024485 1.000000
vt 0.023929 0.000000
vt 0.025042 1.000000
vt 0.024485 0.000000
vt 0.025598 1.000000
vt 0.025042 0.000000
vt 0.026155 1.000000
vt 0.025598 0.000000
vt 0.026711 1.000000
vt 0.026155 0.000000
vt 0.027268 1.000000
vt 0.026711 0.000000
vt 0.027824 1.000000
vt 0.027268 0.000000
vt 0.028381 1.000000
vt 0.027824 0.000000
vt 0.028937 1.000000
vt 0.028381 0.000000
vt 0.029494 1.000000
vt 0.028937 0.000000
vt 0.030050 1.000000
vt 0.029494 0.000000
vt 0.030607 1.000000
vt 0.030050 0.000000
vt 0.031163 1.000000
vt 0.030607 0.000000
vt 0.031720 1.000000
vt 0.031163 0.000000
vt 0.032276 1.000000
vt 0.031720 0.000000
vt 0.032832 1.000000
vt 0.032276 0.000000
vt 0.033389 1.000000
vt 0.032832 0.000000
vt 0.033945 1.000000
vt 0.033389 0.000000
vt 0.034502 1.000000
vt 0.033945 0.000000
vt 0.035058 1.000000
vt 0.034502 0.000000
vt 0.035615 1.000000
vt 0.035058 0.000000
vt 0.036171 1.000000
vt 0.035615 0.000000
vt 0.036728 1.000000
vt 0.036171 0.000000
vt 0.037284 1.000000
vt 0.036728 0.000000
vt 0.037841 1.000000
vt 0.037284 0.000000
vt 0.038397 1.000000
vt 0.037841 0.000000
vt 0.038954 1.000000
vt 0.038397 0.000000
vt 0.039510 1.000000
vt 0.038954 0.000000
vt 0.040067 1.000000
vt 0.039510 0.000000
vt 0.040623 1.000000
vt 0.040067 0.000000
vt 0.041180 1.000000
vt 0.040623 0.000000
vt 0.041736 1.000000
vt 0.041180 0.000000
vt 0.042293 1.000000
vt 0.041736 0.000000
vt 0.042849 1.000000
vt 0.042293 0.000000
vt 0.043406 1.000000
vt 0.042849 0.000000
vt 0.043962 1.000000
vt 0.043406 0.000000
vt 0.044519 1.000000
vt 0.043962 0.000000
vt 0.045075 1.000000
vt 0.044519 0.000000
vt 0.045632 1.000000
vt 0.045075 0.000000
vt 0.046188 1.000000
vt 0.045632 0.000000
vt 0.046745 1.000000
vt 0.046188 0.000000
vt 0.047301 1.000000
vt 0.046745 0.000000
vt 0.047858 1.000000
vt 0.047301 0.000000
vt 0.048414 1.000000
vt 0.047858 0.000000
vt 0.048971 1.000000
vt 0.048414 0.000000
vt 0.049527 1.000000
vt 0.048971 0.000000
vt 0.050083 1.000000
vt 0.049527 0.000000
vt 0.050640 1.000000
vt 0.050083 0.000000
vt 0.051196 1.000000
vt 0.050640 0.000000
vt 0.051753 1.000000
vt 0.051196 0.000000
vt 0.052309 1.000000
vt 0.051753 0.000000
vt 0.052866 1.000000
vt 0.052309 0.000000
vt 0.053422 1.000000
vt 0.052866 0.000000
vt 0.053979 1.000000
vt 0.053422 0.000000
vt 0.054535 1.000000
vt 0.053979 0.000000
vt 0.055092 1.000000
vt 0.054535 0.000000
vt 0.055648 1.000000
vt 0.055092 0.000000
vt 0.056205 1.000000
vt 0.055648 0.000000
vt 0.056761 1.000000
vt 0.056205 0.000000
vt 0.057318 1.000000
vt 0.056761 0.000000
vt 0.057874 1.000000
vt 0.057318 0.000000
vt 0.058431 1.000000
vt 0.057874 0.000000
vt 0.058987 1.000000
vt 0.058431 0.000000
vt 0.059544 1.000000
vt 0.058987 0.000000
vt 0.060100 1.000000
vt 0.059544 0.000000
vt 0.060657 1.000000
vt 0.060100 0.000000
vt 0.061213 1.000000
vt 0.060657 0.000000
vt 0.061770 1.000000
vt 0.061213 0.000000
vt 0.062326 1.000000
vt 0.061770 0.000000
vt 0.062883 1.000000
vt 0.062326 0.000000
vt 0.063439 1.000000
vt 0.062883 0.000000
vt 0.063996 1.000000
vt 0.063439 0.000000
vt 0.064552 1.000000
vt 0.063996 0.000000
vt 0.065109 1.000000
vt 0.064552 0.000000
vt 0.065665 1.000000
vt 0.065109 0.000000
vt 0.066221 1.000000
vt 0.065665 0.000000
vt 0.066778 1.000000
vt 0.066221 0.000000
vt 0.067334 1.000000
vt 0.066778 0.000000
vt 0.067891 1.000000
vt 0.067334 0.000000
vt 0.068447 1.000000
vt 0.067891 0.000000
vt 0.069004 1.000000
vt 0.068447 0.000000
vt 0.069560 1.000000
vt 0.069004 0.000000
vt 0.070117 1.000000
vt 0.069560 0.000000
vt 0.070673 1.000000
vt 0.070117 0.000000
vt 0.071230 1.000000
vt 0.070673 0.000000
vt 0.071786 1.000000
vt 0.071230 0.000000
vt 0.072343 1.000000
vt 0.071786 0.000000
vt 0.072899 1.000000
vt 0.072343 0.000000
vt 0.073456 1.000000
vt 0.072899 0.000000
vt 0.074012 1.000000
vt 0.073456 0.000000
vt 0.074569 1.000000
vt 0.074012 0.000000
vt 0.075125 1.000000
vt 0.074569 0.000000
vt 0.075682 1.000000
vt 0.075125 0.000000
vt 0.076238 1.000000
vt 0.075682 0.000000
vt 0.076795 1.000000
vt 0.076238 0.000000
vt 0.077351 1.000000
vt 0.076795 0.000000
vt 0.077908 1.000000
vt 0.077351 0.000000
vt 0.078464 1.000000
vt 0.077908 0.000000
vt 0.079021 1.000000
vt 0.078464 0.000000
vt 0.079577 1.000000
vt 0.079021 0.000000
vt 0.080134 1.000000
vt 0.079577 0.000000
vt 0.080690 1.000000
vt 0.080134 0.000000
vt 0.081247 1.000000
vt 0.080690 0.000000
vt 0.081803 1.000000
vt 0.081247 0.000000
vt 0.082359 1.000000
vt 0.081803 0.000000
vt 0.082916 1.000000
vt 0.082359 0.000000
vt 0.083472 1.000000
vt 0.082916 0.000000
vt 0.084029 1.000000
vt 0.083472 0.000000
vt 0.084585 1.000000
vt 0.084029 0.000000
vt 0.085142 1.000000
vt 0.084585 0.000000
vt 0.085698 1.000000
vt 0.085142 0.000000
vt 0.086255 1.000000
vt 0.085698 0.000000
vt 0.086811 1.000000
vt 0.086255 0.000000
vt 0.087368 1.000000
vt 0.086811 0.000000
vt 0.087924 1.000000
vt 0.087368 0.000000
vt 0.088481 1.000000
vt 0.087924 0.000000
vt 0.089037 1.000000
vt 0.088481 0.000000
vt 0.089594 1.000000
vt 0.089037 0.000000
vt 0.090150 1.000000
vt 0.089594 0.000000
vt 0.090707 1.000000
vt 0.090150 0.000000
vt 0.091263 1.000000
vt 0.090707 0.000000
vt 0.091820 1.000000
vt 0.091263 0.000000
vt 0.092376 1.000000
vt 0.091820 0.000000
vt 0.092933 1.000000
vt 0.092376 0.000000
vt 0.093489 1.000000
vt 0.092933 0.000000
vt 0.094046 1.000000
vt 0.093489 0.000000
vt 0.094602 1.000000
vt 0.094046 0.000000
vt 0.095159 1.000000
vt 0.094602 0.000000
vt 0.095715 1.000000
vt 0.095159 0.000000
vt 0.096272 1.000000
vt 0.095715 0.000000
vt 0.096828 1.000000
vt 0.096272 0.000000
vt 0.097385 1.000000
vt 0.096828 0.000000
vt 0.097941 1.000000
vt 0.097385 0.000000
vt 0.098497 1.000000
vt 0.097941 0.000000
vt 0.099054 1.000000
vt 0.098497 0.000000
vt 0.099610 1.000000
vt 0.099054 0.000000
vt 0.100167 1.000000
vt 0.099610 0.000000
vt 0.100723 1.000000
vt 0.100167 0.000000
vt 0.101280 1.000000
vt 0.100723 0.000000
vt 0.101836 1.000000
vt 0.101280 0.000000
vt 0.102393 1.000000
vt 0.101836 0.000000
vt 0.102949 1.000000
vt 0.102393 0.000000
vt 0.103506 1.000000
vt 0.102949 0.000000
vt 0.104062 1.000000
vt 0.103506 0.000000
vt 0.104619 1.000000
vt 0.104062 0.000000
vt 0.105175 1.000000
vt 0.104619 0.000000
vt 0.105732 1.000000
vt 0.105175 0.000000
vt 0.106288 1.000000
vt 0.105732 0.000000
vt 0.106845 1.000000
vt 0.106288 0.000000
vt 0.107401 1.000000
vt 0.106845 0.000000
vt 0.107958 1.000000
vt 0.107401 0.000000
vt 0.108514 1.000000
vt 0.107958 0.000000
vt 0.109071 1.000000
vt 0.108514 0.000000
vt 0.109627 1.000000
vt 0.109071 0.000000
vt 0.110184 1.000000
vt 0.109627 0.000000
vt 0.110740 1.000000
vt 0.110184 0.000000
vt 0.111297 1.000000
vt 0.110740 0.000000
vt 0.111853 1.000000
vt 0.111297 0.000000
vt 0.112410 1.000000
vt 0.111853 0.000000
vt 0.112966 1.000000
vt 0.112410 0.000000
vt 0.113523 1.000000
vt 0.112966 0.000000
vt 0.114079 1.000000
vt 0.113523 0.000000
vt 0.114636 1.000000
vt 0.114079 0.000000
vt 0.115192 1.000000
vt 0.114636 0.000000
vt 0.115748 1.000000
vt 0.115192 0.000000
vt 0.116305 1.000000
vt 0.115748 0.000000
vt 0.116861 1.000000
vt 0.116305 0.000000
vt 0.117418 1.000000
vt 0.116861 0.000000
vt 0.117974 1.000000
vt 0.117418 0.000000
vt 0.118531 1.000000
vt 0.117974 0.000000
vt 0.119087 1.000000
vt 0.118531 0.000000
vt 0.119644 1.000000
vt 0.119087 0.000000
vt 0.120200 1.000000
vt 0.119644 0.000000
vt 0.120757 1.000000
vt 0.120200 0.000000
vt 0.121313 1.000000
vt 0.120757 0.000000
vt 0.121870 1.000000
vt 0.121313 0.000000
vt 0.122426 1.000000
vt 0.121870 0.000000
vt 0.122983 1.000000
vt 0.122426 0.000000
vt 0.123539 1.000000
vt 0.122983 0.000000
vt 0.124096 1.000000
vt 0.123539 0.000000
vt 0.124652 1.000000
vt 0.124096 0.000000
vt 0.125209 1.000000
vt 0.124652 0.000000
vt 0.125765 1.000000
vt 0.125209 0.000000
vt 0.126322 1.000000
vt 0.125765 0.000000
vt 0.126878 1.000000
vt 0.126322 0.000000
vt 0.127435 1.000000
vt 0.126878 0.000000
vt 0.127991 1.000000
vt 0.127435 0.000000
vt 0.128548 1.000000
vt 0.127991 0.000000
vt 0.129104 1.000000
vt 0.128548 0.000000
vt 0.129661 1.000000
vt 0.129104 0.000000
vt 0.130217 1.000000
vt 0.129661 0.000000
vt 0.130774 1.000000
vt 0.130217 0.000000
vt 0.131330 1.000000
vt 0.130774 0.000000
vt 0.131886 1.000000
vt 0.131330 0.000000
vt 0.132443 1.000000
vt 0.131886 0.000000
vt 0.132999 1.000000
vt 0.132443 0.000000
vt 0.133556 1.000000
vt 0.132999 0.000000
vt 0.134112 1.000000
vt 0.133556 0.000000
vt 0.134669 1.000000
vt 0.134112 0.000000
vt 0.135225 1.000000
vt 0.134669 0.000000
vt 0.135782 1.000000
vt 0.135225 0.000000
vt 0.136338 1.000000
vt 0.135782 0.000000
vt 0.136895 1.000000
vt 0.136338 0.000000
vt 0.137451 1.000000
vt 0.136895 0.000000
vt 0.138008 1.000000
vt 0.137451 0.000000
vt 0.138564 1.000000
vt 0.138008 0.000000
vt 0.139121 1.000000
vt 0.138564 0.000000
vt 0.139677 1.000000
vt 0.139121 0.000000
vt 0.140234 1.000000
vt 0.139677 0.000000
vt 0.140790 1.000000
vt 0.140234 0.000000
vt 0.141347 1.000000
vt 0.140790 0.000000
vt 0.141903 1.000000
vt 0.141347 0.000000
vt 0.142460 1.000000
vt 0.141903 0.000000
vt 0.143016 1.000000
vt 0.142460 0.000000
vt 0.143573 1.000000
vt 0.143016 0.000000
vt 0.144129 1.000000
vt 0.143573 0.000000
vt 0.144686 1.000000
vt 0.144129 0.000000
vt 0.145242 1.000000
vt 0.144686 0.000000
vt 0.145799 1.000000
vt 0.145242 0.000000
vt 0.146355 1.000000
vt 0.145799 0.000000
vt 0.146912 1.000000
vt 0.146355 0.000000
vt 0.147468 1.000000
vt 0.146912 0.000000
vt 0.148024 1.000000
vt 0.147468 0.000000
vt 0.148581 1.000000
vt 0.148024 0.000000
vt 0.149137 1.000000
vt 0.148581 0.000000
vt 0.149694 1.000000
vt 0.149137 0.000000
vt 0.150250 1.000000
vt 0.149694 0.000000
vt 0.150807 1.000000
vt 0.150250 0.000000
vt 0.151363 1.000000
vt 0.150807 0.000000
vt 0.151920 1.000000
vt 0.151363 0.000000
vt 0.152476 1.000000
vt 0.151920 0.000000
vt 0.153033 1.000000
vt 0.152476 0.000000
vt 0.153589 1.000000
vt 0.153033 0.000000
vt 0.154146 1.000000
vt 0.153589 0.000000
vt 0.154702 1.000000
vt 0.154146 0.000000
vt 0.155259 1.000000
vt 0.154702 0.000000
vt 0.155815 1.000000
vt 0.155259 0.000000
vt 0.156372 1.000000
vt 0.155815 0.000000
vt 0.156928 1.000000
vt 0.156372 0.000000
vt 0.157485 1.000000
vt 0.156928 0.000000
vt 0.158041 1.000000
vt 0.157485 0.000000
vt 0.158598 1.000000
vt 0.158041 0.000000
vt 0.159154 1.000000
vt 0.158598 0.000000
vt 0.159711 1.000000
vt 0.159154 0.000000
vt 0.160267 1.000000
vt 0.159711 0.000000
vt 0.160824 1.000000
vt 0.160267 0.000000
vt 0.161380 1.000000
vt 0.160824 0.000000
vt 0.161937 1.000000
vt 0.161380 0.000000
vt 0.162493 1.000000
vt 0.161937 0.000000
vt 0.163050 1.000000
vt 0.162493 0.000000
vt 0.163606 1.000000
vt 0.163050 0.000000
vt 0.164162 1.000000
vt 0.163606 0.000000
vt 0.164719 1.000000
vt 0.164162 0.000000
vt 0.165275 1.000000
vt 0.164719 0.000000
vt 0.165832 1.000000
vt 0.165275 0.000000
vt 0.166388 1.000000
vt 0.165832 0.000000
vt 0.166945 1.000000
vt 0.166388 0.000000
vt 0.167501 1.000000
vt 0.166945 0.000000
vt 0.168058 1.000000
vt 0.167501 0.000000
vt 0.168614 1.000000
vt 0.168058 0.000000
vt 0.169171 1.000000
vt 0.168614 0.000000
vt 0.169727 1.000000
vt 0.169171 0.000000
vt 0.170284 1.000000
vt 0.169727 0.000000
vt 0.170840 1.000000
vt 0.170284 0.000000
vt 0.171397 1.000000
vt 0.170840 0.000000
vt 0.171953 1.000000
vt 0.171397 0.000000
vt 0.172510 1.000000
vt 0.171953 0.000000
vt 0.173066 1.000000
vt 0.172510 0.000000
vt 0.173623 1.000000
vt 0.173066 0.000000
vt 0.174179 1.000000
vt 0.173623 0.000000
vt 0.174736 1.000000
vt 0.174179 0.000000
vt 0.175292 1.000000
vt 0.174736 0.000000
vt 0.175849 1.000000
vt 0.175292 0.000000
vt 0.176405 1.000000
vt 0.175849 0.000000
vt 0.176962 1.000000
vt 0.176405 0.000000
vt 0.177518 1.000000
vt 0.176962 0.000000
vt 0.178075 1.000000
vt 0.177518 0.000000
vt 0.178631 1.000000
vt 0.178075 0.000000
vt 0.179188 1.000000
vt 0.178631 0.000000
vt 0.179744 1.000000
vt 0.179188 0.000000
vt 0.180301 1.000000
vt 0.179744 0.000000
vt 0.180857 1.000000
vt 0.180301 0.000000
vt 0.181413 1.000000
vt 0.180857 0.000000
vt 0.181970 1.000000
vt 0.181413 0.000000
vt 0.182526 1.000000
vt 0.181970 0.000000
vt 0.183083 1.000000
vt 0.182526 0.000000
vt 0.183639 1.000000
vt 0.183083 0.000000
vt 0.184196 1.000000
vt 0.183639 0.000000
vt 0.184752 1.000000
vt 0.184196 0.000000
vt 0.185309 1.000000
vt 0.184752 0.000000
vt 0.185865 1.000000
vt 0.185309 0.000000
vt 0.186422 1.000000
vt 0.185865 0.000000
vt 0.186978 1.000000
vt 0.186422 0.000000
vt 0.187535 1.000000
vt 0.186978 0.000000
vt 0.188091 1.000000
vt 0.187535 0.000000
vt 0.188648 1.000000
vt 0.188091 0.000000
vt 0.189204 1.000000
vt 0.188648 0.000000
vt 0.189761 1.000000
vt 0.189204 0.000000
vt 0.190317 1.000000
vt 0.189761 0.000000
vt 0.190874 1.000000
vt 0.190317 0.000000
vt 0.191430 1.000000
vt 0.190874 0.000000
vt 0.191987 1.000000
vt 0.191430 0.000000
vt 0.192543 1.000000
vt 0.191987 0.000000
vt 0.193100 1.000000
vt 0.192543 0.000000
vt 0.193656 1.000000
vt 0.193100 0.000000
vt 0.194213 1.000000
vt 0.193656 0.000000
vt 0.194769 1.000000
vt 0.194213 0.000000
vt 0.195326 1.000000
vt 0.194769 0.000000
vt 0.195882 1.000000
vt 0.195326 0.000000
vt 0.196439 1.000000
vt 0.195882 0.000000
vt 0.196995 1.000000
vt 0.196439 0.000000
vt 0.197551 1.000000
vt 0.196995 0.000000
vt 0.198108 1.000000
vt 0.197551 0.000000
vt 0.198664 1.000000
vt 0.198108 0.000000
vt 0.199221 1.000000
vt 0.198664 0.000000
vt 0.199777 1.000000
vt 0.199221 0.000000
vt 0.200334 1.000000
vt 0.199777 0.000000
vt 0.200890 1.000000
vt 0.200334 0.000000
vt 0.201447 1.000000
vt 0.200890 0.000000
vt 0.202003 1.000000
vt 0.201447 0.000000
vt 0.202560 1.000000
vt 0.202003 0.000000
vt 0.203116 1.000000
vt 0.202560 0.000000
vt 0.203673 1.000000
vt 0.203116 0.000000
vt 0.204229 1.000000
vt 0.203673 0.000000
vt 0.204786 1.000000
vt 0.204229 0.000000
vt 0.205342 1.000000
vt 0.204786 0.000000
vt 0.205899 1.000000
vt 0.205342 0.000000
vt 0.206455 1.000000
vt 0.205899 0.000000
vt 0.207012 1.000000
vt 0.206455 0.000000
vt 0.207568 1.000000
vt 0.207012 0.000000
vt 0.208125 1.000000
vt 0.207568 0.000000
vt 0.208681 1.000000
vt 0.208125 0.000000
vt 0.209238 1.000000
vt 0.208681 0.000000
vt 0.209794 1.000000
vt 0.209238 0.000000
vt 0.210351 1.000000
vt 0.209794 0.000000
vt 0.210907 1.000000
vt 0.210351 0.000000
vt 0.211464 1.000000
vt 0.210907 0.000000
vt 0.212020 1.000000
vt 0.211464 0.000000
vt 0.212577 1.000000
vt 0.212020 0.000000
vt 0.213133 1.000000
vt 0.212577 0.000000
vt 0.213689 1.000000
vt 0.213133 0.000000
vt 0.214246 1.000000
vt 0.213689 0.000000
vt 0.214802 1.000000
vt 0.214246 0.000000
vt 0.215359 1.000000
vt 0.214802 0.000000
vt 0.215915 1.000000
vt 0.215359 0.000000
vt 0.216472 1.000000
vt 0.215915 0.000000
vt 0.217028 1.000000
vt 0.216472 0.000000
vt 0.217585 1.000000
vt 0.217028 0.000000
vt 0.218141 1.000000
vt 0.217585 0.000000
vt 0.218698 1.000000
vt 0.218141 0.000000
vt 0.219254 1.000000
vt 0.218698 0.000000
vt 0.219811 1.000000
vt 0.219254 0.000000
vt 0.220367 1.000000
vt 0.219811 0.000000
vt 0.220924 1.000000
vt 0.220367 0.000000
vt 0.221480 1.000000
vt 0.220924 0.000000
vt 0.222037 1.000000
vt 0.221480 0.000000
vt 0.222593 1.000000
vt 0.222037 0.000000
vt 0.223150 1.000000
vt 0.222593 0.000000
vt 0.223706 1.000000
vt 0.223150 0.000000
vt 0.224263 1.000000
vt 0.223706 0.000000
vt 0.224819 1.000000
vt 0.224263 0.000000
vt 0.225376 1.000000
vt 0.224819 0.000000
vt 0.225932 1.000000
vt 0.225376 0.000000
vt 0.226489 1.000000
vt 0.225932 0.000000
vt 0.227045 1.000000
vt 0.226489 0.000000
vt 0.227602 1.000000
vt 0.227045 0.000000
vt 0.228158 1.000000
vt 0.227602 0.000000
vt 0.228715 1.000000
vt 0.228158 0.000000
vt 0.229271 1.000000
vt 0.228715 0.000000
vt 0.229827 1.000000
vt 0.229271 0.000000
vt 0.230384 1.000000
vt 0.229827 0.000000
vt 0.230940 1.000000
vt 0.230384 0.000000
vt 0.231497 1.000000
vt 0.230940 0.000000
vt 0.232053 1.000000
vt 0.231497 0.000000
vt 0.232610 1.000000
vt 0.232053 0.000000
vt 0.233166 1.000000
vt 0.232610 0.000000
vt 0.233723 1.000000
vt 0.233166 0.000000
vt 0.234279 1.000000
vt 0.233723 0.000000
vt 0.234836 1.000000
vt 0.234279 0.000000
vt 0.235392 1.000000
vt 0.234836 0.000000
vt 0.235949 1.000000
vt 0.235392 0.000000
vt 0.236505 1.000000
vt 0.235949 0.000000
vt 0.237062 1.000000
vt 0.236505 0.000000
vt 0.237618 1.000000
vt 0.237062 0.000000
vt 0.238175 1.000000
vt 0.237618 0.000000
vt 0.238731 1.000000
vt 0.238175 0.000000
vt 0.239288 1.000000
vt 0.238731 0.000000
vt 0.239844 1.000000
vt 0.239288 0.000000
vt 0.240401 1.000000
vt 0.239844 0.000000
vt 0.240957 1.000000
vt 0.240401 0.000000
vt 0.241514 1.000000
vt 0.240957 0.000000
vt 0.242070 1.000000
vt 0.241514 0.000000
vt 0.242627 1.000000
vt 0.242070 0.000000
vt 0.243183 1.000000
vt 0.242627 0.000000
vt 0.243740 1.000000
vt 0.243183 0.000000
vt 0.244296 1.000000
vt 0.243740 0.000000
vt 0.244853 1.000000
vt 0.244296 0.000000
vt 0.245409 1.000000
vt 0.244853 0.000000
vt 0.245965 1.000000
vt 0.245409 0.000000
vt 0.246522 1.000000
vt 0.245965 0.000000
vt 0.247078 1.000000
vt 0.246522 0.000000
vt 0.247635 1.000000
vt 0.247078 0.000000
vt 0.248191 1.000000
vt 0.247635 0.000000
vt 0.248748 1.000000
vt 0.248191 0.000000
vt 0.249304 1.000000
vt 0.248748 0.000000
vt 0.249861 1.000000
vt 0.249304 0.000000
vt 0.250417 1.000000
vt 0.249861 0.000000
vt 0.250974 1.000000
vt 0.250417 0.000000
vt 0.251530 1.000000
vt 0.250974 0.000000
vt 0.252087 1.000000
vt 0.251530 0.000000
vt 0.252643 1.000000
vt 0.252087 0.000000
vt 0.253200 1.000000
vt 0.252643 0.000000
vt 0.253756 1.000000
vt 0.253200 0.000000
vt 0.254313 1.000000
vt 0.253756 0.000000
vt 0.254869 1.000000
vt 0.254313 0.000000
vt 0.255426 1.000000
vt 0.254869 0.000000
vt 0.255982 1.000000
vt 0.255426 0.000000
vt 0.256539 1.000000
vt 0.255982 0.000000
vt 0.257095 1.000000
vt 0.256539 0.000000
vt 0.257652 1.000000
vt 0.257095 0.000000
vt 0.258208 1.000000
vt 0.257652 0.000000
vt 0.258765 1.000000
vt 0.258208 0.000000
vt 0.259321 1.000000
vt 0.258765 0.000000
vt 0.259878 1.000000
vt 0.259321 0.000000
vt 0.260434 1.000000
vt 0.259878 0.000000
vt 0.260991 1.000000
vt 0.260434 0.000000
vt 0.261547 1.000000
vt 0.260991 0.000000
vt 0.262103 1.000000
vt 0.261547 0.000000
vt 0.262660 1.000000
vt 0.262103 0.000000
vt 0.263216 1.000000
vt 0.262660 0.000000
vt 0.263773 1.000000
vt 0.263216 0.000000
vt 0.264329 1.000000
vt 0.263773 0.000000
vt 0.264886 1.000000
vt 0.264329 0.000000
vt 0.265442 1.000000
vt 0.264886 0.000000
vt 0.265999 1.000000
vt 0.265442 0.000000
vt 0.266555 1.000000
vt 0.265999 0.000000
vt 0.267112 1.000000
vt 0.266555 0.000000
vt 0.267668 1.000000
vt 0.267112 0.000000
vt 0.268225 1.000000
vt 0.267668 0.000000
vt 0.268781 1.000000
vt 0.268225 0.000000
vt 0.269338 1.000000
vt 0.268781 0.000000
vt 0.269894 1.000000
vt 0.269338 0.000000
vt 0.270451 1.000000
vt 0.269894 0.000000
vt 0.271007 1.000000
vt 0.270451 0.000000
vt 0.271564 1.000000
vt 0.271007 0.000000
vt 0.272120 1.000000
vt 0.271564 0.000000
vt 0.272677 1.000000
vt 0.272120 0.000000
vt 0.273233 1.000000
vt 0.272677 0.000000
vt 0.273790 1.000000
vt 0.273233 0.000000
vt 0.274346 1.000000
vt 0.273790 0.000000
vt 0.274903 1.000000
vt 0.274346 0.000000
vt 0.275459 1.000000
vt 0.274903 0.000000
vt 0.276016 1.000000
vt 0.275459 0.000000
vt 0.276572 1.000000
vt 0.276016 0.000000
vt 0.277129 1.000000
vt 0.276572 0.000000
vt 0.277685 1.000000
vt 0.277129 0.000000
vt 0.278242 1.000000
vt 0.277685 0.000000
vt 0.278798 1.000000
vt 0.278242 0.000000
vt 0.279354 1.000000
vt 0.278798 0.000000
vt 0.279911 1.000000
vt 0.279354 0.000000
vt 0.280467 1.000000
vt 0.279911 0.000000
vt 0.281024 1.000000
vt 0.280467 0.000000
vt 0.281580 1.000000
vt 0.281024 0.000000
vt 0.282137 1.000000
vt 0.281580 0.000000
vt 0.282693 1.000000
vt 0.282137 0.000000
vt 0.283250 1.000000
vt 0.282693 0.000000
vt 0.283806 1.000000
vt 0.283250 0.000000
vt 0.284363 1.000000
vt 0.283806 0.000000
vt 0.284919 1.000000
vt 0.284363 0.000000
vt 0.285476 1.000000
vt 0.284919 0.000000
vt 0.286032 1.000000
vt 0.285476 0.000000
vt 0.286589 1.000000
vt 0.286032 0.000000
vt 0.287145 1.000000
vt 0.286589 0.000000
vt 0.287702 1.000000
vt 0.287145 0.000000
vt 0.288258 1.000000
vt 0.287702 0.000000
vt 0.288815 1.000000
vt 0.288258 0.000000
vt 0.289371 1.000000
vt 0.288815 0.000000
vt 0.289928 1.000000
vt 0.289371 0.000000
vt 0.290484 1.000000
vt 0.289928 0.000000
vt 0.291041 1.000000
vt 0.290484 0.000000
vt 0.291597 1.000000
vt 0.291041 0.000000
vt 0.292154 1.000000
vt 0.291597 0.000000
vt 0.292710 1.000000
vt 0.292154 0.000000
vt 0.293267 1.000000
vt 0.292710 0.000000
vt 0.293823 1.000000
vt 0.293267 0.000000
vt 0.294380 1.000000
vt 0.293823 0.000000
vt 0.294936 1.000000
vt 0.294380 0.000000
vt 0.295493 1.000000
vt 0.294936 0.000000
vt 0.296049 1.000000
vt 0.295493 0.000000
vt 0.296605 1.000000
vt 0.296049 0.000000
vt 0.297162 1.000000
vt 0.296605 0.000000
vt 0.297718 1.000000
vt 0.297162 0.000000
vt 0.298275 1.000000
vt 0.297718 0.000000
vt 0.298831 1.000000
vt 0.298275 0.000000
vt 0.299388 1.000000
vt 0.298831 0.000000
vt 0.299944 1.000000
vt 0.299388 0.000000
vt 0.300501 1.000000
vt 0.299944 0.000000
vt 0.301057 1.000000
vt 0.300501 0.000000
vt 0.301614 1.000000
vt 0.301057 0.000000
vt 0.302170 1.000000
vt 0.301614 0.000000
vt 0.302727 1.000000
vt 0.302170 0.000000
vt 0.303283 1.000000
vt 0.302727 0.000000
vt 0.303840 1.000000
vt 0.303283 0.000000
vt 0.304396 1.000000
vt 0.303840 0.000000
vt 0.304953 1.000000
vt 0.304396 0.000000
vt 0.305509 1.000000
vt 0.304953 0.000000
vt 0.306066 1.000000
vt 0.305509 0.000000
vt 0.306622 1.000000
vt 0.306066 0.000000
vt 0.307179 1.000000
vt 0.306622 0.000000
vt 0.307735 1.000000
vt 0.307179 0.000000
vt 0.308292 1.000000
vt 0.307735 0.000000
vt 0.308848 1.000000
vt 0.308292 0.000000
vt 0.309405 1.000000
vt 0.308848 0.000000
vt 0.309961 1.000000
vt 0.309405 0.000000
vt 0.310518 1.000000
vt 0.309961 0.000000
vt 0.311074 1.000000
vt 0.310518 0.000000
vt 0.311630 1.000000
vt 0.311074 0.000000
vt 0.312187 1.000000
vt 0.311630 0.000000
vt 0.312743 1.000000
vt 0.312187 0.000000
vt 0.313300 1.000000
vt 0.312743 0.000000
vt 0.313856 1.000000
vt 0.313300 0.000000
vt 0.314413 1.000000
vt 0.313856 0.000000
vt 0.314969 1.000000
vt 0.314413 0.000000
vt 0.315526 1.000000
vt 0.314969 0.000000
vt 0.316082 1.000000
vt 0.315526 0.000000
vt 0.316639 1.000000
vt 0.316082 0.000000
vt 0.317195 1.000000
vt 0.316639 0.000000
vt 0.317752 1.000000
vt 0.317195 0.000000
vt 0.318308 1.000000
vt 0.317752 0.000000
vt 0.318865 1.000000
vt 0.318308 0.000000
vt 0.319421 1.000000
vt 0.318865 0.000000
vt 0.319978 1.000000
vt 0.319421 0.000000
vt 0.320534 1.000000
vt 0.319978 0.000000
vt 0.321091 1.000000
vt 0.320534 0.000000
vt 0.321647 1.000000
vt 0.321091 0.000000
vt 0.322204 1.000000
vt 0.321647 0.000000
vt 0.322760 1.000000
vt 0.322204 0.000000
vt 0.323317 1.000000
vt 0.322760 0.000000
vt 0.323873 1.000000
vt 0.323317 0.000000
vt 0.324430 1.000000
vt 0.323873 0.000000
vt 0.324986 1.000000
vt 0.324430 0.000000
vt 0.325543 1.000000
vt 0.324986 0.000000
vt 0.326099 1.000000
vt 0.325543 0.000000
vt 0.326656 1.000000
vt 0.326099 0.000000
vt 0.327212 1.000000
vt 0.326656 0.000000
vt 0.327769 1.000000
vt 0.327212 0.000000
vt 0.328325 1.000000
vt 0.327769 0.000000
vt 0.328881 1.000000
vt 0.328325 0.000000
vt 0.329438 1.000000
vt 0.328881 0.000000
vt 0.329994 1.000000
vt 0.329438 0.000000
vt 0.330551 1.000000
vt 0.329994 0.000000
vt 0.331107 1.000000
vt 0.330551 0.000000
vt 0.331664 1.000000
vt 0.331107 0.000000
vt 0.332220 1.000000
vt 0.331664 0.000000
vt 0.332777 1.000000
vt 0.332220 0.000000
vt 0.333333 1.000000
vt 0.332777 0.000000
vt 0.333890 1.000000
vt 0.334446 1.000000
vt 0.333890 0.000000
vt 0.335003 1.000000
vt 0.334446 0.000000
vt 0.335559 1.000000
vt 0.335003 0.000000
vt 0.336116 1.000000
vt 0.335559 0.000000
vt 0.336672 1.000000
vt 0.336116 0.000000
vt 0.337229 1.000000
vt 0.336672 0.000000
vt 0.337785 1.000000
vt 0.337229 0.000000
vt 0.338342 1.000000
vt 0.337785 0.000000
vt 0.338898 1.000000
vt 0.338342 0.000000
vt 0.339455 1.000000
vt 0.338898 0.000000
vt 0.340011 1.000000
vt 0.339455 0.000000
vt 0.340568 1.000000
vt 0.340011 0.000000
vt 0.341124 1.000000
vt 0.340568 0.000000
vt 0.341681 1.000000
vt 0.341124 0.000000
vt 0.342237 1.000000
vt 0.341681 0.000000
vt 0.342794 1.000000
vt 0.342237 0.000000
vt 0.343350 1.000000
vt 0.342794 0.000000
vt 0.343907 1.000000
vt 0.343350 0.000000
vt 0.344463 1.000000
vt 0.343907 0.000000
vt 0.345019 1.000000
vt 0.344463 0.000000
vt 0.345576 1.000000
vt 0.345019 0.000000
vt 0.346132 1.000000
vt 0.345576 0.000000
vt 0.346689 1.000000
vt 0.346132 0.000000
vt 0.347245 1.000000
vt 0.346689 0.000000
vt 0.347802 1.000000
vt 0.347245 0.000000
vt 0.348358 1.000000
vt 0.347802 0.000000
vt 0.348915 1.000000
vt 0.348358 0.000000
vt 0.349471 1.000000
vt 0.348915 0.000000
vt 0.350028 1.000000
vt 0.349471 0.000000
vt 0.350584 1.000000
vt 0.350028 0.000000
vt 0.351141 1.000000
vt 0.350584 0.000000
vt 0.351697 1.000000
vt 0.351141 0.000000
vt 0.352254 1.000000
vt 0.351697 0.000000
vt 0.352810 1.000000
vt 0.352254 0.000000
vt 0.353367 1.000000
vt 0.352810 0.000000
vt 0.353923 1.000000
vt 0.353367 0.000000
vt 0.354480 1.000000
vt 0.353923 0.000000
vt 0.355036 1.000000
vt 0.354480 0.000000
vt 0.355593 1.000000
vt 0.355036 0.000000
vt 0.356149 1.000000
vt 0.355593 0.000000
vt 0.356706 1.000000
vt 0.356149 0.000000
vt 0.357262 1.000000
vt 0.356706 0.000000
vt 0.357819 1.000000
vt 0.357262 0.000000
vt 0.358375 1.000000
vt 0.357819 0.000000
vt 0.358932 1.000000
vt 0.358375 0.000000
vt 0.359488 1.000000
vt 0.358932 0.000000
vt 0.360045 1.000000
vt 0.359488 0.000000
vt 0.360601 1.000000
vt 0.360045 0.000000
vt 0.361157 1.000000
vt 0.360601 0.000000
vt 0.361714 1.000000
vt 0.361157 0.000000
vt 0.362270 1.000000
vt 0.361714 0.000000
vt 0.362827 1.000000
vt 0.362270 0.000000
vt 0.363383 1.000000
vt 0.362827 0.000000
vt 0.363940 1.000000
vt 0.363383 0.000000
vt 0.364496 1.000000
vt 0.363940 0.000000
vt 0.365053 1.000000
vt 0.364496 0.000000
vt 0.365609 1.000000
vt 0.365053 0.000000
vt 0.366166 1.000000
vt 0.365609 0.000000
vt 0.366722 1.000000
vt 0.366166 0.000000
vt 0.367279 1.000000
vt 0.366722 0.000000
vt 0.367835 1.000000
vt 0.367279 0.000000
vt 0.368392 1.000000
vt 0.367835 0.000000
vt 0.368948 1.000000
vt 0.368392 0.000000
vt 0.369505 1.000000
vt 0.368948 0.000000
vt 0.370061 1.000000
vt 0.369505 0.000000
vt 0.370618 1.000000
vt 0.370061 0.000000
vt 0.371174 1.000000
vt 0.370618 0.000000
vt 0.371731 1.000000
vt 0.371174 0.000000
vt 0.372287 1.000000
vt 0.371731 0.000000
vt 0.372844 1.000000
vt 0.372287 0.000000
vt 0.373400 1.000000
vt 0.372844 0.000000
vt 0.373957 1.000000
vt 0.373400 0.000000
vt 0.374513 1.000000
vt 0.373957 0.000000
vt 0.375070 1.000000
vt 0.374513 0.000000
vt 0.375626 1.000000
vt 0.375070 0.000000
vt 0.376183 1.000000
vt 0.375626 0.000000
vt 0.376739 1.000000
vt 0.376183 0.000000
vt 0.377295 1.000000
vt 0.376739 0.000000
vt 0.377852 1.000000
vt 0.377295 0.000000
vt 0.378408 1.000000
vt 0.377852 0.000000
vt 0.378965 1.000000
vt 0.378408 0.000000
vt 0.379521 1.000000
vt 0.378965 0.000000
vt 0.380078 1.000000
vt 0.379521 0.000000
vt 0.380634 1.000000
vt 0.380078 0.000000
vt 0.381191 1.000000
vt 0.380634 0.000000
vt 0.381747 1.000000
vt 0.381191 0.000000
vt 0.382304 1.000000
vt 0.381747 0.000000
vt 0.382860 1.000000
vt 0.382304 0.000000
vt 0.383417 1.000000
vt 0.382860 0.000000
vt 0.383973 1.000000
vt 0.383417 0.000000
vt 0.384530 1.000000
vt 0.383973 0.000000
vt 0.385086 1.000000
vt 0.384530 0.000000
vt 0.385643 1.000000
vt 0.385086 0.000000
vt 0.386199 1.000000
vt 0.385643 0.000000
vt 0.386756 1.000000
vt 0.386199 0.000000
vt 0.387312 1.000000
vt 0.386756 0.000000
vt 0.387869 1.000000
vt 0.387312 0.000000
vt 0.388425 1.000000
vt 0.387869 0.000000
vt 0.388982 1.000000
vt 0.388425 0.000000
vt 0.389538 1.000000
vt 0.388982 0.000000
vt 0.390095 1.000000
vt 0.389538 0.000000
vt 0.390651 1.000000
vt 0.390095 0.000000
vt 0.391208 1.000000
vt 0.390651 0.000000
vt 0.391764 1.000000
vt 0.391208 0.000000
vt 0.392321 1.000000
vt 0.391764 0.000000
vt 0.392877 1.000000
vt 0.392321 0.000000
vt 0.393434 1.000000
vt 0.392877 0.000000
vt 0.393990 1.000000
vt 0.393434 0.000000
vt 0.394546 1.000000
vt 0.393990 0.000000
vt 0.395103 1.000000
vt 0.394546 0.000000
vt 0.395659 1.000000
vt 0.395103 0.000000
vt 0.396216 1.000000
vt 0.395659 0.000000
vt 0.396772 1.000000
vt 0.396216 0.000000
vt 0.397329 1.000000
vt 0.396772 0.000000
vt 0.397885 1.000000
vt 0.397329 0.000000
vt 0.398442 1.000000
vt 0.397885 0.000000
vt 0.398998 1.000000
vt 0.398442 0.000000
vt 0.399555 1.000000
vt 0.398998 0.000000
vt 0.400111 1.000000
vt 0.399555 0.000000
vt 0.400668 1.000000
vt 0.400111 0.000000
vt 0.401224 1.000000
vt 0.400668 0.000000
vt 0.401781 1.000000
vt 0.401224 0.000000
vt 0.402337 1.000000
vt 0.401781 0.000000
vt 0.402894 1.000000
vt 0.402337 0.000000
vt 0.403450 1.000000
vt 0.402894 0.000000
vt 0.404007 1.000000
vt 0.403450 0.000000
vt 0.404563 1.000000
vt 0.404007 0.000000
vt 0.405120 1.000000
vt 0.404563 0.000000
vt 0.405676 1.000000
vt 0.405120 0.000000
vt 0.406233 1.000000
vt 0.405676 0.000000
vt 0.406789 1.000000
vt 0.406233 0.000000
vt 0.407346 1.000000
vt 0.406789 0.000000
vt 0.407902 1.000000
vt 0.407346 0.000000
vt 0.408459 1.000000
vt 0.407902 0.000000
vt 0.409015 1.000000
vt 0.408459 0.000000
vt 0.409571 1.000000
vt 0.409015 0.000000
vt 0.410128 1.000000
vt 0.409571 0.000000
vt 0.410684 1.000000
vt 0.410128 0.000000
vt 0.411241 1.000000
vt 0.410684 0.000000
vt 0.411797 1.000000
vt 0.411241 0.000000
vt 0.412354 1.000000
vt 0.411797 0.000000
vt 0.412910 1.000000
vt 0.412354 0.000000
vt 0.413467 1.000000
vt 0.412910 0.000000
vt 0.414023 1.000000
vt 0.413467 0.000000
vt 0.414580 1.000000
vt 0.414023 0.000000
vt 0.415136 1.000000
vt 0.414580 0.000000
vt 0.415693 1.000000
vt 0.415136 0.000000
vt 0.416249 1.000000
vt 0.415693 0.000000
vt 0.416806 1.000000
vt 0.416249 0.000000
vt 0.417362 1.000000
vt 0.416806 0.000000
vt 0.417919 1.000000
vt 0.417362 0.000000
vt 0.418475 1.000000
vt 0.417919 0.000000
vt 0.419032 1.000000
vt 0.418475 0.000000
vt 0.419588 1.000000
vt 0.419032 0.000000
vt 0.420145 1.000000
vt 0.419588 0.000000
vt 0.420701 1.000000
vt 0.420145 0.000000
vt 0.421258 1.000000
vt 0.420701 0.000000
vt 0.421814 1.000000
vt 0.421258 0.000000
vt 0.422371 1.000000
vt 0.421814 0.000000
vt 0.422927 1.000000
vt 0.422371 0.000000
vt 0.423484 1.000000
vt 0.422927 0.000000
vt 0.424040 1.000000
vt 0.423484 0.000000
vt 0.424597 1.000000
vt 0.424040 0.000000
vt 0.425153 1.000000
vt 0.424597 0.000000
vt 0.425710 1.000000
vt 0.425153 0.000000
vt 0.426266 1.000000
vt 0.425710 0.000000
vt 0.426822 1.000000
vt 0.426266 0.000000
vt 0.427379 1.000000
vt 0.426822 0.000000
vt 0.427935 1.000000
vt 0.427379 0.000000
vt 0.428492 1.000000
vt 0.427935 0.000000
vt 0.429048 1.000000
vt 0.428492 0.000000
vt 0.429605 1.000000
vt 0.429048 0.000000
vt 0.430161 1.000000
vt 0.429605 0.000000
vt 0.430718 1.000000
vt 0.430161 0.000000
vt 0.431274 1.000000
vt 0.430718 0.000000
vt 0.431831 1.000000
vt 0.431274 0.000000
vt 0.432387 1.000000
vt 0.431831 0.000000
vt 0.432944 1.000000
vt 0.432387 0.000000
vt 0.433500 1.000000
vt 0.432944 0.000000
vt 0.434057 1.000000
vt 0.433500 0.000000
vt 0.434613 1.000000
vt 0.434057 0.000000
vt 0.435170 1.000000
vt 0.434613 0.000000
vt 0.435726 1.000000
vt 0.435170 0.000000
vt 0.436283 1.000000
vt 0.435726 0.000000
vt 0.436839 1.000000
vt 0.436283 0.000000
vt 0.437396 1.000000
vt 0.436839 0.000000
vt 0.437952 1.000000
vt 0.437396 0.000000
vt 0.438509 1.000000
vt 0.437952 0.000000
vt 0.439065 1.000000
vt 0.438509 0.000000
vt 0.439622 1.000000
vt 0.439065 0.000000
vt 0.440178 1.000000
vt 0.439622 0.000000
vt 0.440735 1.000000
vt 0.440178 0.000000
vt 0.441291 1.000000
vt 0.440735 0.000000
vt 0.441848 1.000000
vt 0.441291 0.000000
vt 0.442404 1.000000
vt 0.441848 0.000000
vt 0.442961 1.000000
vt 0.442404 0.000000
vt 0.443517 1.000000
vt 0.442961 0.000000
vt 0.444073 1.000000
vt 0.443517 0.000000
vt 0.444630 1.000000
vt 0.444073 0.000000
vt 0.445186 1.000000
vt 0.444630 0.000000
vt 0.445743 1.000000
vt 0.445186 0.000000
vt 0.446299 1.000000
vt 0.445743 0.000000
vt 0.446856 1.000000
vt 0.446299 0.000000
vt 0.447412 1.000000
vt 0.446856 0.000000
vt 0.447969 1.000000
vt 0.447412 0.000000
vt 0.448525 1.000000
vt 0.447969 0.000000
vt 0.449082 1.000000
vt 0.448525 0.000000
vt 0.449638 1.000000
vt 0.449082 0.000000
vt 0.450195 1.000000
vt 0.449638 0.000000
vt 0.450751 1.000000
vt 0.450195 0.000000
vt 0.451308 1.000000
vt 0.450751 0.000000
vt 0.451864 1.000000
vt 0.451308 0.000000
vt 0.452421 1.000000
vt 0.451864 0.000000
vt 0.452977 1.000000
vt 0.452421 0.000000
vt 0.453534 1.000000
vt 0.452977 0.000000
vt 0.454090 1.000000
vt 0.453534 0.000000
vt 0.454647 1.000000
vt 0.454090 0.000000
vt 0.455203 1.000000
vt 0.454647 0.000000
vt 0.455760 1.000000
vt 0.455203 0.000000
vt 0.456316 1.000000
vt 0.455760 0.000000
vt 0.456873 1.000000
vt 0.456316 0.000000
vt 0.457429 1.000000
vt 0.456873 0.000000
vt 0.457986 1.000000
vt 0.457429 0.000000
vt 0.458542 1.000000
vt 0.457986 0.000000
vt 0.459098 1.000000
vt 0.458542 0.000000
vt 0.459655 1.000000
vt 0.459098 0.000000
vt 0.460211 1.000000
vt 0.459655 0.000000
vt 0.460768 1.000000
vt 0.460211 0.000000
vt 0.461324 1.000000
vt 0.460768 0.000000
vt 0.461881 1.000000
vt 0.461324 0.000000
vt 0.462437 1.000000
vt 0.461881 0.000000
vt 0.462994 1.000000
vt 0.462437 0.000000
vt 0.463550 1.000000
vt 0.462994 0.000000
vt 0.464107 1.000000
vt 0.463550 0.000000
vt 0.464663 1.000000
vt 0.464107 0.000000
vt 0.465220 1.000000
vt 0.464663 0.000000
vt 0.465776 1.000000
vt 0.465220 0.000000
vt 0.466333 1.000000
vt 0.465776 0.000000
vt 0.466889 1.000000
vt 0.466333 0.000000
vt 0.467446 1.000000
vt 0.466889 0.000000
vt 0.468002 1.000000
vt 0.467446 0.000000
vt 0.468559 1.000000
vt 0.468002 0.000000
vt 0.469115 1.000000
vt 0.468559 0.000000
vt 0.469672 1.000000
vt 0.469115 0.000000
vt 0.470228 1.000000
vt 0.469672 0.000000
vt 0.470785 1.000000
vt 0.470228 0.000000
vt 0.471341 1.000000
vt 0.470785 0.000000
vt 0.471898 1.000000
vt 0.471341 0.000000
vt 0.472454 1.000000
vt 0.471898 0.000000
vt 0.473011 1.000000
vt 0.472454 0.000000
vt 0.473567 1.000000
vt 0.473011 0.000000
vt 0.474124 1.000000
vt 0.473567 0.000000
vt 0.474680 1.000000
vt 0.474124 0.000000
vt 0.475237 1.000000
vt 0.474680 0.000000
vt 0.475793 1.000000
vt 0.475237 0.000000
vt 0.476349 1.000000
vt 0.475793 0.000000
vt 0.476906 1.000000
vt 0.476349 0.000000
vt 0.477462 1.000000
vt 0.476906 0.000000
vt 0.478019 1.000000
vt 0.477462 0.000000
vt 0.478575 1.000000
vt 0.478019 0.000000
vt 0.479132 1.000000
vt 0.478575 0.000000
vt 0.479688 1.000000
vt 0.479132 0.000000
vt 0.480245 1.000000
vt 0.479688 0.000000
vt 0.480801 1.000000
vt 0.480245 0.000000
vt 0.481358 1.000000
vt 0.480801 0.000000
vt 0.481914 1.000000
vt 0.481358 0.000000
vt 0.482471 1.000000
vt 0.481914 0.000000
vt 0.483027 1.000000
vt 0.482471 0.000000
vt 0.483584 1.000000
vt 0.483027 0.000000
vt 0.484140 1.000000
vt 0.483584 0.000000
vt 0.484697 1.000000
vt 0.484140 0.000000
vt 0.485253 1.000000
vt 0.484697 0.000000
vt 0.485810 1.000000
vt 0.485253 0.000000
vt 0.486366 1.000000
vt 0.485810 0.000000
vt 0.486923 1.000000
vt 0.486366 0.000000
vt 0.487479 1.000000
vt 0.486923 0.000000
vt 0.488036 1.000000
vt 0.487479 0.000000
vt 0.488592 1.000000
vt 0.488036 0.000000
vt 0.489149 1.000000
vt 0.488592 0.000000
vt 0.489705 1.000000
vt 0.489149 0.000000
vt 0.490262 1.000000
vt 0.489705 0.000000
vt 0.490818 1.000000
vt 0.490262 0.000000
vt 0.491375 1.000000
vt 0.490818 0.000000
vt 0.491931 1.000000
vt 0.491375 0.000000
vt 0.492487 1.000000
vt 0.491931 0.000000
vt 0.493044 1.000000
vt 0.492487 0.000000
vt 0.493600 1.000000
vt 0.493044 0.000000
vt 0.494157 1.000000
vt 0.493600 0.000000
vt 0.494713 1.000000
vt 0.494157 0.000000
vt 0.495270 1.000000
vt 0.494713 0.000000
vt 0.495826 1.000000
vt 0.495270 0.000000
vt 0.496383 1.000000
vt 0.495826 0.000000
vt 0.496939 1.000000
vt 0.496383 0.000000
vt 0.497496 1.000000
vt 0.496939 0.000000
vt 0.498052 1.000000
vt 0.497496 0.000000
vt 0.498609 1.000000
vt 0.498052 0.000000
vt 0.499165 1.000000
vt 0.498609 0.000000
vt 0.499722 1.000000
vt 0.499165 0.000000
vt 0.500278 1.000000
vt 0.499722 0.000000
vt 0.500835 1.000000
vt 0.500278 0.000000
vt 0.501391 1.000000
vt 0.500835 0.000000
vt 0.501948 1.000000
vt 0.501391 0.000000
vt 0.502504 1.000000
vt 0.501948 0.000000
vt 0.503061 1.000000
vt 0.502504 0.000000
vt 0.503617 1.000000
vt 0.503061 0.000000
vt 0.504174 1.000000
vt 0.503617 0.000000
vt 0.504730 1.000000
vt 0.504174 0.000000
vt 0.505287 1.000000
vt 0.504730 0.000000
vt 0.505843 1.000000
vt 0.505287 0.000000
vt 0.506400 1.000000
vt 0.505843 0.000000
vt 0.506956 1.000000
vt 0.506400 0.000000
vt 0.507513 1.000000
vt 0.506956 0.000000
vt 0.508069 1.000000
vt 0.507513 0.000000
vt 0.508626 1.000000
vt 0.508069 0.000000
vt 0.509182 1.000000
vt 0.508626 0.000000
vt 0.509738 1.000000
vt 0.509182 0.000000
vt 0.510295 1.000000
vt 0.509738 0.000000
vt 0.510851 1.000000
vt 0.510295 0.000000
vt 0.511408 1.000000
vt 0.510851 0.000000
vt 0.511964 1.000000
vt 0.511408 0.000000
vt 0.512521 1.000000
vt 0.511964 0.000000
vt 0.513077 1.000000
vt 0.512521 0.000000
vt 0.513634 1.000000
vt 0.513077 0.000000
vt 0.514190 1.000000
vt 0.513634 0.000000
vt 0.514747 1.000000
vt 0.514190 0.000000
vt 0.515303 1.000000
vt 0.514747 0.000000
vt 0.515860 1.000000
vt 0.515303 0.000000
vt 0.516416 1.000000
vt 0.515860 0.000000
vt 0.516973 1.000000
vt 0.516416 0.000000
vt 0.517529 1.000000
vt 0.516973 0.000000
vt 0.518086 1.000000
vt 0.517529 0.000000
vt 0.518642 1.000000
vt 0.518086 0.000000
vt 0.519199 1.000000
vt 0.518642 0.000000
vt 0.519755 1.000000
vt 0.519199 0.000000
vt 0.520312 1.000000
vt 0.519755 0.000000
vt 0.520868 1.000000
vt 0.520312 0.000000
vt 0.521425 1.000000
vt 0.520868 0.000000
vt 0.521981 1.000000
vt 0.521425 0.000000
vt 0.522538 1.000000
vt 0.521981 0.000000
vt 0.523094 1.000000
vt 0.522538 0.000000
vt 0.523651 1.000000
vt 0.523094 0.000000
vt 0.524207 1.000000
vt 0.523651 0.000000
vt 0.524763 1.000000
vt 0.524207 0.000000
vt 0.525320 1.000000
vt 0.524763 0.000000
vt 0.525876 1.000000
vt 0.525320 0.000000
vt 0.526433 1.000000
vt 0.525876 0.000000
vt 0.526989 1.000000
vt 0.526433 0.000000
vt 0.527546 1.000000
vt 0.526989 0.000000
vt 0.528102 1.000000
vt 0.527546 0.000000
vt 0.528659 1.000000
vt 0.528102 0.000000
vt 0.529215 1.000000
vt 0.528659 0.000000
vt 0.529772 1.000000
vt 0.529215 0.000000
vt 0.530328 1.000000
vt 0.529772 0.000000
vt 0.530885 1.000000
vt 0.530328 0.000000
vt 0.531441 1.000000
vt 0.530885 0.000000
vt 0.531998 1.000000
vt 0.531441 0.000000
vt 0.532554 1.000000
vt 0.531998 0.000000
vt 0.533111 1.000000
vt 0.532554 0.000000
vt 0.533667 1.000000
vt 0.533111 0.000000
vt 0.534224 1.000000
vt 0.533667 0.000000
vt 0.534780 1.000000
vt 0.534224 0.000000
vt 0.535337 1.000000
vt 0.534780 0.000000
vt 0.535893 1.000000
vt 0.535337 0.000000
vt 0.536450 1.000000
vt 0.535893 0.000000
vt 0.537006 1.000000
vt 0.536450 0.000000
vt 0.537563 1.000000
vt 0.537006 0.000000
vt 0.538119 1.000000
vt 0.537563 0.000000
vt 0.538676 1.000000
vt 0.538119 0.000000
vt 0.539232 1.000000
vt 0.538676 0.000000
vt 0.539789 1.000000
vt 0.539232 0.000000
vt 0.540345 1.000000
vt 0.539789 0.000000
vt 0.540901 1.000000
vt 0.540345 0.000000
vt 0.541458 1.000000
vt 0.540901 0.000000
vt 0.542014 1.000000
vt 0.541458 0.000000
vt 0.542571 1.000000
vt 0.542014 0.000000
vt 0.543127 1.000000
vt 0.542571 0.000000
vt 0.543684 1.000000
vt 0.543127 0.000000
vt 0.544240 1.000000
vt 0.543684 0.000000
vt 0.544797 1.000000
vt 0.544240 0.000000
vt 0.545353 1.000000
vt 0.544797 0.000000
vt 0.545910 1.000000
vt 0.545353 0.000000
vt 0.546466 1.000000
vt 0.545910 0.000000
vt 0.547023 1.000000
vt 0.546466 0.000000
vt 0.547579 1.000000
vt 0.547023 0.000000
vt 0.548136 1.000000
vt 0.547579 0.000000
vt 0.548692 1.000000
vt 0.548136 0.000000
vt 0.549249 1.000000
vt 0.548692 0.000000
vt 0.549805 1.000000
vt 0.549249 0.000000
vt 0.550362 1.000000
vt 0.549805 0.000000
vt 0.550918 1.000000
vt 0.550362 0.000000
vt 0.551475 1.000000
vt 0.550918 0.000000
vt 0.552031 1.000000
vt 0.551475 0.000000
vt 0.552588 1.000000
vt 0.552031 0.000000
vt 0.553144 1.000000
vt 0.552588 0.000000
vt 0.553701 1.000000
vt 0.553144 0.000000
vt 0.554257 1.000000
vt 0.553701 0.000000
vt 0.554814 1.000000
vt 0.554257 0.000000
vt 0.555370 1.000000
vt 0.554814 0.000000
vt 0.555927 1.000000
vt 0.555370 0.000000
vt 0.556483 1.000000
vt 0.555927 0.000000
vt 0.557039 1.000000
vt 0.556483 0.000000
vt 0.557596 1.000000
vt 0.557039 0.000000
vt 0.558152 1.000000
vt 0.557596 0.000000
vt 0.558709 1.000000
vt 0.558152 0.000000
vt 0.559265 1.000000
vt 0.558709 0.000000
vt 0.559822 1.000000
vt 0.559265 0.000000
vt 0.560378 1.000000
vt 0.559822 0.000000
vt 0.560935 1.000000
vt 0.560378 0.000000
vt 0.561491 1.000000
vt 0.560935 0.000000
vt 0.562048 1.000000
vt 0.561491 0.000000
vt 0.562604 1.000000
vt 0.562048 0.000000
vt 0.563161 1.000000
vt 0.562604 0.000000
vt 0.563717 1.000000
vt 0.563161 0.000000
vt 0.564274 1.000000
vt 0.563717 0.000000
vt 0.564830 1.000000
vt 0.564274 0.000000
vt 0.565387 1.000000
vt 0.564830 0.000000
vt 0.565943 1.000000
vt 0.565387 0.000000
vt 0.566500 1.000000
vt 0.565943 0.000000
vt 0.567056 1.000000
vt 0.566500 0.000000
vt 0.567613 1.000000
vt 0.567056 0.000000
vt 0.568169 1.000000
vt 0.567613 0.000000
vt 0.568726 1.000000
vt 0.568169 0.000000
vt 0.569282 1.000000
vt 0.568726 0.000000
vt 0.569839 1.000000
vt 0.569282 0.000000
vt 0.570395 1.000000
vt 0.569839 0.000000
vt 0.570952 1.000000
vt 0.570395 0.000000
vt 0.571508 1.000000
vt 0.570952 0.000000
vt 0.572065 1.000000
vt 0.571508 0.000000
vt 0.572621 1.000000
vt 0.572065 0.000000
vt 0.573178 1.000000
vt 0.572621 0.000000
vt 0.573734 1.000000
vt 0.573178 0.000000
vt 0.574290 1.000000
vt 0.573734 0.000000
vt 0.574847 1.000000
vt 0.574290 0.000000
vt 0.575403 1.000000
vt 0.574847 0.000000
vt 0.575960 1.000000
vt 0.575403 0.000000
vt 0.576516 1.000000
vt 0.575960 0.000000
vt 0.577073 1.000000
vt 0.576516 0.000000
vt 0.577629 1.000000
vt 0.577073 0.000000
vt 0.578186 1.000000
vt 0.577629 0.000000
vt 0.578742 1.000000
vt 0.578186 0.000000
vt 0.579299 1.000000
vt 0.578742 0.000000
vt 0.579855 1.000000
vt 0.579299 0.000000
vt 0.580412 1.000000
vt 0.579855 0.000000
vt 0.580968 1.000000
vt 0.580412 0.000000
vt 0.581525 1.000000
vt 0.580968 0.000000
vt 0.582081 1.000000
vt 0.581525 0.000000
vt 0.582638 1.000000
vt 0.582081 0.000000
vt 0.583194 1.000000
vt 0.582638 0.000000
vt 0.583751 1.000000
vt 0.583194 0.000000
vt 0.584307 1.000000
vt 0.583751 0.000000
vt 0.584864 1.000000
vt 0.584307 0.000000
vt 0.585420 1.000000
vt 0.584864 0.000000
vt 0.585977 1.000000
vt 0.585420 0.000000
vt 0.586533 1.000000
vt 0.585977 0.000000
vt 0.587090 1.000000
vt 0.586533 0.000000
vt 0.587646 1.000000
vt 0.587090 0.000000
vt 0.588203 1.000000
vt 0.587646 0.000000
vt 0.588759 1.000000
vt 0.588203 0.000000
vt 0.589316 1.000000
vt 0.588759 0.000000
vt 0.589872 1.000000
vt 0.589316 0.000000
vt 0.590428 1.000000
vt 0.589872 0.000000
vt 0.590985 1.000000
vt 0.590428 0.000000
vt 0.591541 1.000000
vt 0.590985 0.000000
vt 0.592098 1.000000
vt 0.591541 0.000000
vt 0.592654 1.000000
vt 0.592098 0.000000
vt 0.593211 1.000000
vt 0.592654 0.000000
vt 0.593767 1.000000
vt 0.593211 0.000000
vt 0.594324 1.000000
vt 0.593767 0.000000
vt 0.594880 1.000000
vt 0.594324 0.000000
vt 0.595437 1.000000
vt 0.594880 0.000000
vt 0.595993 1.000000
vt 0.595437 0.000000
vt 0.596550 1.000000
vt 0.595993 0.000000
vt 0.597106 1.000000
vt 0.596550 0.000000
vt 0.597663 1.000000
vt 0.597106 0.000000
vt 0.598219 1.000000
vt 0.597663 0.000000
vt 0.598776 1.000000
vt 0.598219 0.000000
vt 0.599332 1.000000
vt 0.598776 0.000000
vt 0.599889 1.000000
vt 0.599332 0.000000
vt 0.600445 1.000000
vt 0.599889 0.000000
vt 0.601002 1.000000
vt 0.600445 0.000000
vt 0.601558 1.000000
vt 0.601002 0.000000
vt 0.602115 1.000000
vt 0.601558 0.000000
vt 0.602671 1.000000
vt 0.602115 0.000000
vt 0.603228 1.000000
vt 0.602671 0.000000
vt 0.603784 1.000000
vt 0.603228 0.000000
vt 0.604341 1.000000
vt 0.603784 0.000000
vt 0.604897 1.000000
vt 0.604341 0.000000
vt 0.605454 1.000000
vt 0.604897 0.000000
vt 0.606010 1.000000
vt 0.605454 0.000000
vt 0.606566 1.000000
vt 0.606010 0.000000
vt 0.607123 1.000000
vt 0.606566 0.000000
vt 0.607679 1.000000
vt 0.607123 0.000000
vt 0.608236 1.000000
vt 0.607679 0.000000
vt 0.608792 1.000000
vt 0.608236 0.000000
vt 0.609349 1.000000
vt 0.608792 0.000000
vt 0.609905 1.000000
vt 0.609349 0.000000
vt 0.610462 1.000000
vt 0.609905 0.000000
vt 0.611018 1.000000
vt 0.610462 0.000000
vt 0.611575 1.000000
vt 0.611018 0.000000
vt 0.612131 1.000000
vt 0.611575 0.000000
vt 0.612688 1.000000
vt 0.612131 0.000000
vt 0.613244 1.000000
vt 0.612688 0.000000
vt 0.613801 1.000000
vt 0.613244 0.000000
vt 0.614357 1.000000
vt 0.613801 0.000000
vt 0.614914 1.000000
vt 0.614357 0.000000
vt 0.615470 1.000000
vt 0.614914 0.000000
vt 0.616027 1.000000
vt 0.615470 0.000000
vt 0.616583 1.000000
vt 0.616027 0.000000
vt 0.617140 1.000000
vt 0.616583 0.000000
vt 0.617696 1.000000
vt 0.617140 0.000000
vt 0.618253 1.000000
vt 0.617696 0.000000
vt 0.618809 1.000000
vt 0.618253 0.000000
vt 0.619366 1.000000
vt 0.618809 0.000000
vt 0.619922 1.000000
vt 0.619366 0.000000
vt 0.620479 1.000000
vt 0.619922 0.000000
vt 0.621035 1.000000
vt 0.620479 0.000000
vt 0.621592 1.000000
vt 0.621035 0.000000
vt 0.622148 1.000000
vt 0.621592 0.000000
vt 0.622705 1.000000
vt 0.622148 0.000000
vt 0.623261 1.000000
vt 0.622705 0.000000
vt 0.623817 1.000000
vt 0.623261 0.000000
vt 0.624374 1.000000
vt 0.623817 0.000000
vt 0.624930 1.000000
vt 0.624374 0.000000
vt 0.625487 1.000000
vt 0.624930 0.000000
vt 0.626043 1.000000
vt 0.625487 0.000000
vt 0.626600 1.000000
vt 0.626043 0.000000
vt 0.627156 1.000000
vt 0.626600 0.000000
vt 0.627713 1.000000
vt 0.627156 0.000000
vt 0.628269 1.000000
vt 0.627713 0.000000
vt 0.628826 1.000000
vt 0.628269 0.000000
vt 0.629382 1.000000
vt 0.628826 0.000000
vt 0.629939 1.000000
vt 0.629382 0.000000
vt 0.630495 1.000000
vt 0.629939 0.000000
vt 0.631052 1.000000
vt 0.630495 0.000000
vt 0.631608 1.000000
vt 0.631052 0.000000
vt 0.632165 1.000000
vt 0.631608 0.000000
vt 0.632721 1.000000
vt 0.632165 0.000000
vt 0.633278 1.000000
vt 0.632721 0.000000
vt 0.633834 1.000000
vt 0.633278 0.000000
vt 0.634391 1.000000
vt 0.633834 0.000000
vt 0.634947 1.000000
vt 0.634391 0.000000
vt 0.635504 1.000000
vt 0.634947 0.000000
vt 0.636060 1.000000
vt 0.635504 0.000000
vt 0.636617 1.000000
vt 0.636060 0.000000
vt 0.637173 1.000000
vt 0.636617 0.000000
vt 0.637730 1.000000
vt 0.637173 0.000000
vt 0.638286 1.000000
vt 0.637730 0.000000
vt 0.638843 1.000000
vt 0.638286 0.000000
vt 0.639399 1.000000
vt 0.638843 0.000000
vt 0.639955 1.000000
vt 0.639399 0.000000
vt 0.640512 1.000000
vt 0.639955 0.000000
vt 0.641068 1.000000
vt 0.640512 0.000000
vt 0.641625 1.000000
vt 0.641068 0.000000
vt 0.642181 1.000000
vt 0.641625 0.000000
vt 0.642738 1.000000
vt 0.642181 0.000000
vt 0.643294 1.000000
vt 0.642738 0.000000
vt 0.643851 1.000000
vt 0.643294 0.000000
vt 0.644407 1.000000
vt 0.643851 0.000000
vt 0.644964 1.000000
vt 0.644407 0.000000
vt 0.645520 1.000000
vt 0.644964 0.000000
vt 0.646077 1.000000
vt 0.645520 0.000000
vt 0.646633 1.000000
vt 0.646077 0.000000
vt 0.647190 1.000000
vt 0.646633 0.000000
vt 0.647746 1.000000
vt 0.647190 0.000000
vt 0.648303 1.000000
vt 0.647746 0.000000
vt 0.648859 1.000000
vt 0.648303 0.000000
vt 0.649416 1.000000
vt 0.648859 0.000000
vt 0.649972 1.000000
vt 0.649416 0.000000
vt 0.650529 1.000000
vt 0.649972 0.000000
vt 0.651085 1.000000
vt 0.650529 0.000000
vt 0.651642 1.000000
vt 0.651085 0.000000
vt 0.652198 1.000000
vt 0.651642 0.000000
vt 0.652755 1.000000
vt 0.652198 0.000000
vt 0.653311 1.000000
vt 0.652755 0.000000
vt 0.653868 1.000000
vt 0.653311 0.000000
vt 0.654424 1.000000
vt 0.653868 0.000000
vt 0.654981 1.000000
vt 0.654424 0.000000
vt 0.655537 1.000000
vt 0.654981 0.000000
vt 0.656093 1.000000
vt 0.655537 0.000000
vt 0.656650 1.000000
vt 0.656093 0.000000
vt 0.657206 1.000000
vt 0.656650 0.000000
vt 0.657763 1.000000
vt 0.657206 0.000000
vt 0.658319 1.000000
vt 0.657763 0.000000
vt 0.658876 1.000000
vt 0.658319 0.000000
vt 0.659432 1.000000
vt 0.658876 0.000000
vt 0.659989 1.000000
vt 0.659432 0.000000
vt 0.660545 1.000000
vt 0.659989 0.000000
vt 0.661102 1.000000
vt 0.660545 0.000000
vt 0.661658 1.000000
vt 0.661102 0.000000
vt 0.662215 1.000000
vt 0.661658 0.000000
vt 0.662771 1.000000
vt 0.662215 0.000000
vt 0.663328 1.000000
vt 0.662771 0.000000
vt 0.663884 1.000000
vt 0.663328 0.000000
vt 0.664441 1.000000
vt 0.663884 0.000000
vt 0.664997 1.000000
vt 0.664441 0.000000
vt 0.665554 1.000000
vt 0.664997 0.000000
vt 0.666110 1.000000
vt 0.665554 0.000000
vt 0.666667 1.000000
vt 0.666110 0.000000
vt 0.667223 1.000000
vt 0.667780 1.000000
vt 0.667223 0.000000
vt 0.668336 1.000000
vt 0.667780 0.000000
vt 0.668893 1.000000
vt 0.668336 0.000000
vt 0.669449 1.000000
vt 0.668893 0.000000
vt 0.670006 1.000000
vt 0.669449 0.000000
vt 0.670562 1.000000
vt 0.670006 0.000000
vt 0.671119 1.000000
vt 0.670562 0.000000
vt 0.671675 1.000000
vt 0.671119 0.000000
vt 0.672231 1.000000
vt 0.671675 0.000000
vt 0.672788 1.000000
vt 0.672231 0.000000
vt 0.673344 1.000000
vt 0.672788 0.000000
vt 0.673901 1.000000
vt 0.673344 0.000000
vt 0.674457 1.000000
vt 0.673901 0.000000
vt 0.675014 1.000000
vt 0.674457 0.000000
vt 0.675570 1.000000
vt 0.675014 0.000000
vt 0.676127 1.000000
vt 0.675570 0.000000
vt 0.676683 1.000000
vt 0.676127 0.000000
vt 0.677240 1.000000
vt 0.676683 0.000000
vt 0.677796 1.000000
vt 0.677240 0.000000
vt 0.678353 1.000000
vt 0.677796 0.000000
vt 0.678909 1.000000
vt 0.678353 0.000000
vt 0.679466 1.000000
vt 0.678909 0.000000
vt 0.680022 1.000000
vt 0.679466 0.000000
vt 0.680579 1.000000
vt 0.680022 0.000000
vt 0.681135 1.000000
vt 0.680579 0.000000
vt 0.681692 1.000000
vt 0.681135 0.000000
vt 0.682248 1.000000
vt 0.681692 0.000000
vt 0.682805 1.000000
vt 0.682248 0.000000
vt 0.683361 1.000000
vt 0.682805 0.000000
vt 0.683918 1.000000
vt 0.683361 0.000000
vt 0.684474 1.000000
vt 0.683918 0.000000
vt 0.685031 1.000000
vt 0.684474 0.000000
vt 0.685587 1.000000
vt 0.685031 0.000000
vt 0.686144 1.000000
vt 0.685587 0.000000
vt 0.686700 1.000000
vt 0.686144 0.000000
vt 0.687257 1.000000
vt 0.686700 0.000000
vt 0.687813 1.000000
vt 0.687257 0.000000
vt 0.688370 1.000000
vt 0.687813 0.000000
vt 0.688926 1.000000
vt 0.688370 0.000000
vt 0.689482 1.000000
vt 0.688926 0.000000
vt 0.690039 1.000000
vt 0.689482 0.000000
vt 0.690595 1.000000
vt 0.690039 0.000000
vt 0.691152 1.000000
vt 0.690595 0.000000
vt 0.691708 1.000000
vt 0.691152 0.000000
vt 0.692265 1.000000
vt 0.691708 0.000000
vt 0.692821 1.000000
vt 0.692265 0.000000
vt 0.693378 1.000000
vt 0.692821 0.000000
vt 0.693934 1.000000
vt 0.693378 0.000000
vt 0.694491 1.000000
vt 0.693934 0.000000
vt 0.695047 1.000000
vt 0.694491 0.000000
vt 0.695604 1.000000
vt 0.695047 0.000000
vt 0.696160 1.000000
vt 0.695604 0.000000
vt 0.696717 1.000000
vt 0.696160 0.000000
vt 0.697273 1.000000
vt 0.696717 0.000000
vt 0.697830 1.000000
vt 0.697273 0.000000
vt 0.698386 1.000000
vt 0.697830 0.000000
vt 0.698943 1.000000
vt 0.698386 0.000000
vt 0.699499 1.000000
vt 0.698943 0.000000
vt 0.700056 1.000000
vt 0.699499 0.000000
vt 0.700612 1.000000
vt 0.700056 0.000000
vt 0.701169 1.000000
vt 0.700612 0.000000
vt 0.701725 1.000000
vt 0.701169 0.000000
vt 0.702282 1.000000
vt 0.701725 0.000000
vt 0.702838 1.000000
vt 0.702282 0.000000
vt 0.703395 1.000000
vt 0.702838 0.000000
vt 0.703951 1.000000
vt 0.703395 0.000000
vt 0.704508 1.000000
vt 0.703951 0.000000
vt 0.705064 1.000000
vt 0.704508 0.000000
vt 0.705620 1.000000
vt 0.705064 0.000000
vt 0.706177 1.000000
vt 0.705620 0.000000
vt 0.706733 1.000000
vt 0.706177 0.000000
vt 0.707290 1.000000
vt 0.706733 0.000000
vt 0.707846 1.000000
vt 0.707290 0.000000
vt 0.708403 1.000000
vt 0.707846 0.000000
vt 0.708959 1.000000
vt 0.708403 0.000000
vt 0.709516 1.000000
vt 0.708959 0.000000
vt 0.710072 1.000000
vt 0.709516 0.000000
vt 0.710629 1.000000
vt 0.710072 0.000000
vt 0.711185 1.000000
vt 0.710629 0.000000
vt 0.711742 1.000000
vt 0.711185 0.000000
vt 0.712298 1.000000
vt 0.711742 0.000000
vt 0.712855 1.000000
vt 0.712298 0.000000
vt 0.713411 1.000000
vt 0.712855 0.000000
vt 0.713968 1.000000
vt 0.713411 0.000000
vt 0.714524 1.000000
vt 0.713968 0.000000
vt 0.715081 1.000000
vt 0.714524 0.000000
vt 0.715637 1.000000
vt 0.715081 0.000000
vt 0.716194 1.000000
vt 0.715637 0.000000
vt 0.716750 1.000000
vt 0.716194 0.000000
vt 0.717307 1.000000
vt 0.716750 0.000000
vt 0.717863 1.000000
vt 0.717307 0.000000
vt 0.718420 1.000000
vt 0.717863 0.000000
vt 0.718976 1.000000
vt 0.718420 0.000000
vt 0.719533 1.000000
vt 0.718976 0.000000
vt 0.720089 1.000000
vt 0.719533 0.000000
vt 0.720646 1.000000
vt 0.720089 0.000000
vt 0.721202 1.000000
vt 0.720646 0.000000
vt 0.721758 1.000000
vt 0.721202 0.000000
vt 0.722315 1.000000
vt 0.721758 0.000000
vt 0.722871 1.000000
vt 0.722315 0.000000
vt 0.723428 1.000000
vt 0.722871 0.000000
vt 0.723984 1.000000
vt 0.723428 0.000000
vt 0.724541 1.000000
vt 0.723984 0.000000
vt 0.725097 1.000000
vt 0.724541 0.000000
vt 0.725654 1.000000
vt 0.725097 0.000000
vt 0.726210 1.000000
vt 0.725654 0.000000
vt 0.726767 1.000000
vt 0.726210 0.000000
vt 0.727323 1.000000
vt 0.726767 0.000000
vt 0.727880 1.000000
vt 0.727323 0.000000
vt 0.728436 1.000000
vt 0.727880 0.000000
vt 0.728993 1.000000
vt 0.728436 0.000000
vt 0.729549 1.000000
vt 0.728993 0.000000
vt 0.730106 1.000000
vt 0.729549 0.000000
vt 0.730662 1.000000
vt 0.730106 0.000000
vt 0.731219 1.000000
vt 0.730662 0.000000
vt 0.731775 1.000000
vt 0.731219 0.000000
vt 0.732332 1.000000
vt 0.731775 0.000000
vt 0.732888 1.000000
vt 0.732332 0.000000
vt 0.733445 1.000000
vt 0.732888 0.000000
vt 0.734001 1.000000
vt 0.733445 0.000000
vt 0.734558 1.000000
vt 0.734001 0.000000
vt 0.735114 1.000000
vt 0.734558 0.000000
vt 0.735671 1.000000
vt 0.735114 0.000000
vt 0.736227 1.000000
vt 0.735671 0.000000
vt 0.736784 1.000000
vt 0.736227 0.000000
vt 0.737340 1.000000
vt 0.736784 0.000000
vt 0.737897 1.000000
vt 0.737340 0.000000
vt 0.738453 1.000000
vt 0.737897 0.000000
vt 0.739009 1.000000
vt 0.738453 0.000000
vt 0.739566 1.000000
vt 0.739009 0.000000
vt 0.740122 1.000000
vt 0.739566 0.000000
vt 0.740679 1.000000
vt 0.740122 0.000000
vt 0.741235 1.000000
vt 0.740679 0.000000
vt 0.741792 1.000000
vt 0.741235 0.000000
vt 0.742348 1.000000
vt 0.741792 0.000000
vt 0.742905 1.000000
vt 0.742348 0.000000
vt 0.743461 1.000000
vt 0.742905 0.000000
vt 0.744018 1.000000
vt 0.743461 0.000000
vt 0.744574 1.000000
vt 0.744018 0.000000
vt 0.745131 1.000000
vt 0.744574 0.000000
vt 0.745687 1.000000
vt 0.745131 0.000000
vt 0.746244 1.000000
vt 0.745687 0.000000
vt 0.746800 1.000000
vt 0.746244 0.000000
vt 0.747357 1.000000
vt 0.746800 0.000000
vt 0.747913 1.000000
vt 0.747357 0.000000
vt 0.748470 1.000000
vt 0.747913 0.000000
vt 0.749026 1.000000
vt 0.748470 0.000000
vt 0.749583 1.000000
vt 0.749026 0.000000
vt 0.750139 1.000000
vt 0.749583 0.000000
vt 0.750696 1.000000
vt 0.750139 0.000000
vt 0.751252 1.000000
vt 0.750696 0.000000
vt 0.751809 1.000000
vt 0.751252 0.000000
vt 0.752365 1.000000
vt 0.751809 0.000000
vt 0.752922 1.000000
vt 0.752365 0.000000
vt 0.753478 1.000000
vt 0.752922 0.000000
vt 0.754035 1.000000
vt 0.753478 0.000000
vt 0.754591 1.000000
vt 0.754035 0.000000
vt 0.755147 1.000000
vt 0.754591 0.000000
vt 0.755704 1.000000
vt 0.755147 0.000000
vt 0.756260 1.000000
vt 0.755704 0.000000
vt 0.756817 1.000000
vt 0.756260 0.000000
vt 0.757373 1.000000
vt 0.756817 0.000000
vt 0.757930 1.000000
vt 0.757373 0.000000
vt 0.758486 1.000000
vt 0.757930 0.000000
vt 0.759043 1.000000
vt 0.758486 0.000000
vt 0.759599 1.000000
vt 0.759043 0.000000
vt 0.760156 1.000000
vt 0.759599 0.000000
vt 0.760712 1.000000
vt 0.760156 0.000000
vt 0.761269 1.000000
vt 0.760712 0.000000
vt 0.761825 1.000000
vt 0.761269 0.000000
vt 0.762382 1.000000
vt 0.761825 0.000000
vt 0.762938 1.000000
vt 0.762382 0.000000
vt 0.763495 1.000000
vt 0.762938 0.000000
vt 0.764051 1.000000
vt 0.763495 0.000000
vt 0.764608 1.000000
vt 0.764051 0.000000
vt 0.765164 1.000000
vt 0.764608 0.000000
vt 0.765721 1.000000
vt 0.765164 0.000000
vt 0.766277 1.000000
vt 0.765721 0.000000
vt 0.766834 1.000000
vt 0.766277 0.000000
vt 0.767390 1.000000
vt 0.766834 0.000000
vt 0.767947 1.000000
vt 0.767390 0.000000
vt 0.768503 1.000000
vt 0.767947 0.000000
vt 0.769060 1.000000
vt 0.768503 0.000000
vt 0.769616 1.000000
vt 0.769060 0.000000
vt 0.770173 1.000000
vt 0.769616 0.000000
vt 0.770729 1.000000
vt 0.770173 0.000000
vt 0.771285 1.000000
vt 0.770729 0.000000
vt 0.771842 1.000000
vt 0.771285 0.000000
vt 0.772398 1.000000
vt 0.771842 0.000000
vt 0.772955 1.000000
vt 0.772398 0.000000
vt 0.773511 1.000000
vt 0.772955 0.000000
vt 0.774068 1.000000
vt 0.773511 0.000000
vt 0.774624 1.000000
vt 0.774068 0.000000
vt 0.775181 1.000000
vt 0.774624 0.000000
vt 0.775737 1.000000
vt 0.775181 0.000000
vt 0.776294 1.000000
vt 0.775737 0.000000
vt 0.776850 1.000000
vt 0.776294 0.000000
vt 0.777407 1.000000
vt 0.776850 0.000000
vt 0.777963 1.000000
vt 0.777407 0.000000
vt 0.778520 1.000000
vt 0.777963 0.000000
vt 0.779076 1.000000
vt 0.778520 0.000000
vt 0.779633 1.000000
vt 0.779076 0.000000
vt 0.780189 1.000000
vt 0.779633 0.000000
vt 0.780746 1.000000
vt 0.780189 0.000000
vt 0.781302 1.000000
vt 0.780746 0.000000
vt 0.781859 1.000000
vt 0.781302 0.000000
vt 0.782415 1.000000
vt 0.781859 0.000000
vt 0.782972 1.000000
vt 0.782415 0.000000
vt 0.783528 1.000000
vt 0.782972 0.000000
vt 0.784085 1.000000
vt 0.783528 0.000000
vt 0.784641 1.000000
vt 0.784085 0.000000
vt 0.785198 1.000000
vt 0.784641 0.000000
vt 0.785754 1.000000
vt 0.785198 0.000000
vt 0.786310 1.000000
vt 0.785754 0.000000
vt 0.786867 1.000000
vt 0.786310 0.000000
vt 0.787423 1.000000
vt 0.786867 0.000000
vt 0.787980 1.000000
vt 0.787423 0.000000
vt 0.788536 1.000000
vt 0.787980 0.000000
vt 0.789093 1.000000
vt 0.788536 0.000000
vt 0.789649 1.000000
vt 0.789093 0.000000
vt 0.790206 1.000000
vt 0.789649 0.000000
vt 0.790762 1.000000
vt 0.790206 0.000000
vt 0.791319 1.000000
vt 0.790762 0.000000
vt 0.791875 1.000000
vt 0.791319 0.000000
vt 0.792432 1.000000
vt 0.791875 0.000000
vt 0.792988 1.000000
vt 0.792432 0.000000
vt 0.793545 1.000000
vt 0.792988 0.000000
vt 0.794101 1.000000
vt 0.793545 0.000000
vt 0.794658 1.000000
vt 0.794101 0.000000
vt 0.795214 1.000000
vt 0.794658 0.000000
vt 0.795771 1.000000
vt 0.795214 0.000000
vt 0.796327 1.000000
vt 0.795771 0.000000
vt 0.796884 1.000000
vt 0.796327 0.000000
vt 0.797440 1.000000
vt 0.796884 0.000000
vt 0.797997 1.000000
vt 0.797440 0.000000
vt 0.798553 1.000000
vt 0.797997 0.000000
vt 0.799110 1.000000
vt 0.798553 0.000000
vt 0.799666 1.000000
vt 0.799110 0.000000
vt 0.800223 1.000000
vt 0.799666 0.000000
vt 0.800779 1.000000
vt 0.800223 0.000000
vt 0.801336 1.000000
vt 0.800779 0.000000
vt 0.801892 1.000000
vt 0.801336 0.000000
vt 0.802449 1.000000
vt 0.801892 0.000000
vt 0.803005 1.000000
vt 0.802449 0.000000
vt 0.803562 1.000000
vt 0.803005 0.000000
vt 0.804118 1.000000
vt 0.803562 0.000000
vt 0.804674 1.000000
vt 0.804118 0.000000
vt 0.805231 1.000000
vt 0.804674 0.000000
vt 0.805787 1.000000
vt 0.805231 0.000000
vt 0.806344 1.000000
vt 0.805787 0.000000
vt 0.806900 1.000000
vt 0.806344 0.000000
vt 0.807457 1.000000
vt 0.806900 0.000000
vt 0.808013 1.000000
vt 0.807457 0.000000
vt 0.808570 1.000000
vt 0.808013 0.000000
vt 0.809126 1.000000
vt 0.808570 0.000000
vt 0.809683 1.000000
vt 0.809126 0.000000
vt 0.810239 1.000000
vt 0.809683 0.000000
vt 0.810796 1.000000
vt 0.810239 0.000000
vt 0.811352 1.000000
vt 0.810796 0.000000
vt 0.811909 1.000000
vt 0.811352 0.000000
vt 0.812465 1.000000
vt 0.811909 0.000000
vt 0.813022 1.000000
vt 0.812465 0.000000
vt 0.813578 1.000000
vt 0.813022 0.000000
vt 0.814135 1.000000
vt 0.813578 0.000000
vt 0.814691 1.000000
vt 0.814135 0.000000
vt 0.815248 1.000000
vt 0.814691 0.000000
vt 0.815804 1.000000
vt 0.815248 0.000000
vt 0.816361 1.000000
vt 0.815804 0.000000
vt 0.816917 1.000000
vt 0.816361 0.000000
vt 0.817474 1.000000
vt 0.816917 0.000000
vt 0.818030 1.000000
vt 0.817474 0.000000
vt 0.818587 1.000000
vt 0.818030 0.000000
vt 0.819143 1.000000
vt 0.818587 0.000000
vt 0.819700 1.000000
vt 0.819143 0.000000
vt 0.820256 1.000000
vt 0.819700 0.000000
vt 0.820812 1.000000
vt 0.820256 0.000000
vt 0.821369 1.000000
vt 0.820812 0.000000
vt 0.821925 1.000000
vt 0.821369 0.000000
vt 0.822482 1.000000
vt 0.821925 0.000000
vt 0.823038 1.000000
vt 0.822482 0.000000
vt 0.823595 1.000000
vt 0.823038 0.000000
vt 0.824151 1.000000
vt 0.823595 0.000000
vt 0.824708 1.000000
vt 0.824151 0.000000
vt 0.825264 1.000000
vt 0.824708 0.000000
vt 0.825821 1.000000
vt 0.825264 0.000000
vt 0.826377 1.000000
vt 0.825821 0.000000
vt 0.826934 1.000000
vt 0.826377 0.000000
vt 0.827490 1.000000
vt 0.826934 0.000000
vt 0.828047 1.000000
vt 0.827490 0.000000
vt 0.828603 1.000000
vt 0.828047 0.000000
vt 0.829160 1.000000
vt 0.828603 0.000000
vt 0.829716 1.000000
vt 0.829160 0.000000
vt 0.830273 1.000000
vt 0.829716 0.000000
vt 0.830829 1.000000
vt 0.830273 0.000000
vt 0.831386 1.000000
vt 0.830829 0.000000
vt 0.831942 1.000000
vt 0.831386 0.000000
vt 0.832499 1.000000
vt 0.831942 0.000000
vt 0.833055 1.000000
vt 0.832499 0.000000
vt 0.833612 1.000000
vt 0.833055 0.000000
vt 0.834168 1.000000
vt 0.833612 0.000000
vt 0.834725 1.000000
vt 0.834168 0.000000
vt 0.835281 1.000000
vt 0.834725 0.000000
vt 0.835837 1.000000
vt 0.835281 0.000000
vt 0.836394 1.000000
vt 0.835837 0.000000
vt 0.836950 1.000000
vt 0.836394 0.000000
vt 0.837507 1.000000
vt 0.836950 0.000000
vt 0.838063 1.000000
vt 0.837507 0.000000
vt 0.838620 1.000000
vt 0.838063 0.000000
vt 0.839176 1.000000
vt 0.838620 0.000000
vt 0.839733 1.000000
vt 0.839176 0.000000
vt 0.840289 1.000000
vt 0.839733 0.000000
vt 0.840846 1.000000
vt 0.840289 0.000000
vt 0.841402 1.000000
vt 0.840846 0.000000
vt 0.841959 1.000000
vt 0.841402 0.000000
vt 0.842515 1.000000
vt 0.841959 0.000000
vt 0.843072 1.000000
vt 0.842515 0.000000
vt 0.843628 1.000000
vt 0.843072 0.000000
vt 0.844185 1.000000
vt 0.843628 0.000000
vt 0.844741 1.000000
vt 0.844185 0.000000
vt 0.845298 1.000000
vt 0.844741 0.000000
vt 0.845854 1.000000
vt 0.845298 0.000000
vt 0.846411 1.000000
vt 0.845854 0.000000
vt 0.846967 1.000000
vt 0.846411 0.000000
vt 0.847524 1.000000
vt 0.846967 0.000000
vt 0.848080 1.000000
vt 0.847524 0.000000
vt 0.848637 1.000000
vt 0.848080 0.000000
vt 0.849193 1.000000
vt 0.848637 0.000000
vt 0.849750 1.000000
vt 0.849193 0.000000
vt 0.850306 1.000000
vt 0.849750 0.000000
vt 0.850863 1.000000
vt 0.850306 0.000000
vt 0.851419 1.000000
vt 0.850863 0.000000
vt 0.851976 1.000000
vt 0.851419 0.000000
vt 0.852532 1.000000
vt 0.851976 0.000000
vt 0.853088 1.000000
vt 0.852532 0.000000
vt 0.853645 1.000000
vt 0.853088 0.000000
vt 0.854201 1.000000
vt 0.853645 0.000000
vt 0.854758 1.000000
vt 0.854201 0.000000
vt 0.855314 1.000000
vt 0.854758 0.000000
vt 0.855871 1.000000
vt 0.855314 0.000000
vt 0.856427 1.000000
vt 0.855871 0.000000
vt 0.856984 1.000000
vt 0.856427 0.000000
vt 0.857540 1.000000
vt 0.856984 0.000000
vt 0.858097 1.000000
vt 0.857540 0.000000
vt 0.858653 1.000000
vt 0.858097 0.000000
vt 0.859210 1.000000
vt 0.858653 0.000000
vt 0.859766 1.000000
vt 0.859210 0.000000
vt 0.860323 1.000000
vt 0.859766 0.000000
vt 0.860879 1.000000
vt 0.860323 0.000000
vt 0.861436 1.000000
vt 0.860879 0.000000
vt 0.861992 1.000000
vt 0.861436 0.000000
vt 0.862549 1.000000
vt 0.861992 0.000000
vt 0.863105 1.000000
vt 0.862549 0.000000
vt 0.863662 1.000000
vt 0.863105 0.000000
vt 0.864218 1.000000
vt 0.863662 0.000000
vt 0.864775 1.000000
vt 0.864218 0.000000
vt 0.865331 1.000000
vt 0.864775 0.000000
vt 0.865888 1.000000
vt 0.865331 0.000000
vt 0.866444 1.000000
vt 0.865888 0.000000
vt 0.867001 1.000000
vt 0.866444 0.000000
vt 0.867557 1.000000
vt 0.867001 0.000000
vt 0.868114 1.000000
vt 0.867557 0.000000
vt 0.868670 1.000000
vt 0.868114 0.000000
vt 0.869227 1.000000
vt 0.868670 0.000000
vt 0.869783 1.000000
vt 0.869227 0.000000
vt 0.870339 1.000000
vt 0.869783 0.000000
vt 0.870896 1.000000
vt 0.870339 0.000000
vt 0.871452 1.000000
vt 0.870896 0.000000
vt 0.872009 1.000000
vt 0.871452 0.000000
vt 0.872565 1.000000
vt 0.872009 0.000000
vt 0.873122 1.000000
vt 0.872565 0.000000
vt 0.873678 1.000000
vt 0.873122 0.000000
vt 0.874235 1.000000
vt 0.873678 0.000000
vt 0.874791 1.000000
vt 0.874235 0.000000
vt 0.875348 1.000000
vt 0.874791 0.000000
vt 0.875904 1.000000
vt 0.875348 0.000000
vt 0.876461 1.000000
vt 0.875904 0.000000
vt 0.877017 1.000000
vt 0.876461 0.000000
vt 0.877574 1.000000
vt 0.877017 0.000000
vt 0.878130 1.000000
vt 0.877574 0.000000
vt 0.878687 1.000000
vt 0.878130 0.000000
vt 0.879243 1.000000
vt 0.878687 0.000000
vt 0.879800 1.000000
vt 0.879243 0.000000
vt 0.880356 1.000000
vt 0.879800 0.000000
vt 0.880913 1.000000
vt 0.880356 0.000000
vt 0.881469 1.000000
vt 0.880913 0.000000
vt 0.882026 1.000000
vt 0.881469 0.000000
vt 0.882582 1.000000
vt 0.882026 0.000000
vt 0.883139 1.000000
vt 0.882582 0.000000
vt 0.883695 1.000000
vt 0.883139 0.000000
vt 0.884252 1.000000
vt 0.883695 0.000000
vt 0.884808 1.000000
vt 0.884252 0.000000
vt 0.885364 1.000000
vt 0.884808 0.000000
vt 0.885921 1.000000
vt 0.885364 0.000000
vt 0.886477 1.000000
vt 0.885921 0.000000
vt 0.887034 1.000000
vt 0.886477 0.000000
vt 0.887590 1.000000
vt 0.887034 0.000000
vt 0.888147 1.000000
vt 0.887590 0.000000
vt 0.888703 1.000000
vt 0.888147 0.000000
vt 0.889260 1.000000
vt 0.888703 0.000000
vt 0.889816 1.000000
vt 0.889260 0.000000
vt 0.890373 1.000000
vt 0.889816 0.000000
vt 0.890929 1.000000
vt 0.890373 0.000000
vt 0.891486 1.000000
vt 0.890929 0.000000
vt 0.892042 1.000000
vt 0.891486 0.000000
vt 0.892599 1.000000
vt 0.892042 0.000000
vt 0.893155 1.000000
vt 0.892599 0.000000
vt 0.893712 1.000000
vt 0.893155 0.000000
vt 0.894268 1.000000
vt 0.893712 0.000000
vt 0.894825 1.000000
vt 0.894268 0.000000
vt 0.895381 1.000000
vt 0.894825 0.000000
vt 0.895938 1.000000
vt 0.895381 0.000000
vt 0.896494 1.000000
vt 0.895938 0.000000
vt 0.897051 1.000000
vt 0.896494 0.000000
vt 0.897607 1.000000
vt 0.897051 0.000000
vt 0.898164 1.000000
vt 0.897607 0.000000
vt 0.898720 1.000000
vt 0.898164 0.000000
vt 0.899277 1.000000
vt 0.898720 0.000000
vt 0.899833 1.000000
vt 0.899277 0.000000
vt 0.900390 1.000000
vt 0.899833 0.000000
vt 0.900946 1.000000
vt 0.900390 0.000000
vt 0.901502 1.000000
vt 0.900946 0.000000
vt 0.902059 1.000000
vt 0.901502 0.000000
vt 0.902615 1.000000
vt 0.902059 0.000000
vt 0.903172 1.000000
vt 0.902615 0.000000
vt 0.903728 1.000000
vt 0.903172 0.000000
vt 0.904285 1.000000
vt 0.903728 0.000000
vt 0.904841 1.000000
vt 0.904285 0.000000
vt 0.905398 1.000000
vt 0.904841 0.000000
vt 0.905954 1.000000
vt 0.905398 0.000000
vt 0.906511 1.000000
vt 0.905954 0.000000
vt 0.907067 1.000000
vt 0.906511 0.000000
vt 0.907624 1.000000
vt 0.907067 0.000000
vt 0.908180 1.000000
vt 0.907624 0.000000
vt 0.908737 1.000000
vt 0.908180 0.000000
vt 0.909293 1.000000
vt 0.908737 0.000000
vt 0.909850 1.000000
vt 0.909293 0.000000
vt 0.910406 1.000000
vt 0.909850 0.000000
vt 0.910963 1.000000
vt 0.910406 0.000000
vt 0.911519 1.000000
vt 0.910963 0.000000
vt 0.912076 1.000000
vt 0.911519 0.000000
vt 0.912632 1.000000
vt 0.912076 0.000000
vt 0.913189 1.000000
vt 0.912632 0.000000
vt 0.913745 1.000000
vt 0.913189 0.000000
vt 0.914302 1.000000
vt 0.913745 0.000000
vt 0.914858 1.000000
vt 0.914302 0.000000
vt 0.915415 1.000000
vt 0.914858 0.000000
vt 0.915971 1.000000
vt 0.915415 0.000000
vt 0.916528 1.000000
vt 0.915971 0.000000
vt 0.917084 1.000000
vt 0.916528 0.000000
vt 0.917641 1.000000
vt 0.917084 0.000000
vt 0.918197 1.000000
vt 0.917641 0.000000
vt 0.918754 1.000000
vt 0.918197 0.000000
vt 0.919310 1.000000
vt 0.918754 0.000000
vt 0.919866 1.000000
vt 0.919310 0.000000
vt 0.920423 1.000000
vt 0.919866 0.000000
vt 0.920979 1.000000
vt 0.920423 0.000000
vt 0.921536 1.000000
vt 0.920979 0.000000
vt 0.922092 1.000000
vt 0.921536 0.000000
vt 0.922649 1.000000
vt 0.922092 0.000000
vt 0.923205 1.000000
vt 0.922649 0.000000
vt 0.923762 1.000000
vt 0.923205 0.000000
vt 0.924318 1.000000
vt 0.923762 0.000000
vt 0.924875 1.000000
vt 0.924318 0.000000
vt 0.925431 1.000000
vt 0.924875 0.000000
vt 0.925988 1.000000
vt 0.925431 0.000000
vt 0.926544 1.000000
vt 0.925988 0.000000
vt 0.927101 1.000000
vt 0.926544 0.000000
vt 0.927657 1.000000
vt 0.927101 0.000000
vt 0.928214 1.000000
vt 0.927657 0.000000
vt 0.928770 1.000000
vt 0.928214 0.000000
vt 0.929327 1.000000
vt 0.928770 0.000000
vt 0.929883 1.000000
vt 0.929327 0.000000
vt 0.930440 1.000000
vt 0.929883 0.000000
vt 0.930996 1.000000
vt 0.930440 0.000000
vt 0.931553 1.000000
vt 0.930996 0.000000
vt 0.932109 1.000000
vt 0.931553 0.000000
vt 0.932666 1.000000
vt 0.932109 0.000000
vt 0.933222 1.000000
vt 0.932666 0.000000
vt 0.933779 1.000000
vt 0.933222 0.000000
vt 0.934335 1.000000
vt 0.933779 0.000000
vt 0.934891 1.000000
vt 0.934335 0.000000
vt 0.935448 1.000000
vt 0.934891 0.000000
vt 0.936004 1.000000
vt 0.935448 0.000000
vt 0.936561 1.000000
vt 0.936004 0.000000
vt 0.937117 1.000000
vt 0.936561 0.000000
vt 0.937674 1.000000
vt 0.937117 0.000000
vt 0.938230 1.000000
vt 0.937674 0.000000
vt 0.938787 1.000000
vt 0.938230 0.000000
vt 0.939343 1.000000
vt 0.938787 0.000000
vt 0.939900 1.000000
vt 0.939343 0.000000
vt 0.940456 1.000000
vt 0.939900 0.000000
vt 0.941013 1.000000
vt 0.940456 0.000000
vt 0.941569 1.000000
vt 0.941013 0.000000
vt 0.942126 1.000000
vt 0.941569 0.000000
vt 0.942682 1.000000
vt 0.942126 0.000000
vt 0.943239 1.000000
vt 0.942682 0.000000
vt 0.943795 1.000000
vt 0.943239 0.000000
vt 0.944352 1.000000
vt 0.943795 0.000000
vt 0.944908 1.000000
vt 0.944352 0.000000
vt 0.945465 1.000000
vt 0.944908 0.000000
vt 0.946021 1.000000
vt 0.945465 0.000000
vt 0.946578 1.000000
vt 0.946021 0.000000
vt 0.947134 1.000000
vt 0.946578 0.000000
vt 0.947691 1.000000
vt 0.947134 0.000000
vt 0.948247 1.000000
vt 0.947691 0.000000
vt 0.948804 1.000000
vt 0.948247 0.000000
vt 0.949360 1.000000
vt 0.948804 0.000000
vt 0.949917 1.000000
vt 0.949360 0.000000
vt 0.950473 1.000000
vt 0.949917 0.000000
vt 0.951029 1.000000
vt 0.950473 0.000000
vt 0.951586 1.000000
vt 0.951029 0.000000
vt 0.952142 1.000000
vt 0.951586 0.000000
vt 0.952699 1.000000
vt 0.952142 0.000000
vt 0.953255 1.000000
vt 0.952699 0.000000
vt 0.953812 1.000000
vt 0.953255 0.000000
vt 0.954368 1.000000
vt 0.953812 0.000000
vt 0.954925 1.000000
vt 0.954368 0.000000
vt 0.955481 1.000000
vt 0.954925 0.000000
vt 0.956038 1.000000
vt 0.955481 0.000000
vt 0.956594 1.000000
vt 0.956038 0.000000
vt 0.957151 1.000000
vt 0.956594 0.000000
vt 0.957707 1.000000
vt 0.957151 0.000000
vt 0.958264 1.000000
vt 0.957707 0.000000
vt 0.958820 1.000000
vt 0.958264 0.000000
vt 0.959377 1.000000
vt 0.958820 0.000000
vt 0.959933 1.000000
vt 0.959377 0.000000
vt 0.960490 1.000000
vt 0.959933 0.000000
vt 0.961046 1.000000
vt 0.960490 0.000000
vt 0.961603 1.000000
vt 0.961046 0.000000
vt 0.962159 1.000000
vt 0.961603 0.000000
vt 0.962716 1.000000
vt 0.962159 0.000000
vt 0.963272 1.000000
vt 0.962716 0.000000
vt 0.963829 1.000000
vt 0.963272 0.000000
vt 0.964385 1.000000
vt 0.963829 0.000000
vt 0.964942 1.000000
vt 0.964385 0.000000
vt 0.965498 1.000000
vt 0.964942 0.000000
vt 0.966055 1.000000
vt 0.965498 0.000000
vt 0.966611 1.000000
vt 0.966055 0.000000
vt 0.967167 1.000000
vt 0.966611 0.000000
vt 0.967724 1.000000
vt 0.967167 0.000000
vt 0.968280 1.000000
vt 0.967724 0.000000
vt 0.968837 1.000000
vt 0.968280 0.000000
vt 0.969393 1.000000
vt 0.968837 0.000000
vt 0.969950 1.000000
vt 0.969393 0.000000
vt 0.970506 1.000000
vt 0.969950 0.000000
vt 0.971063 1.000000
vt 0.970506 0.000000
vt 0.971619 1.000000
vt 0.971063 0.000000
vt 0.972176 1.000000
vt 0.971619 0.000000
vt 0.972732 1.000000
vt 0.972176 0.000000
vt 0.973289 1.000000
vt 0.972732 0.000000
vt 0.973845 1.000000
vt 0.973289 0.000000
vt 0.974402 1.000000
vt 0.973845 0.000000
vt 0.974958 1.000000
vt 0.974402 0.000000
vt 0.975515 1.000000
vt 0.974958 0.000000
vt 0.976071 1.000000
vt 0.975515 0.000000
vt 0.976628 1.000000
vt 0.976071 0.000000
vt 0.977184 1.000000
vt 0.976628 0.000000
vt 0.977741 1.000000
vt 0.977184 0.000000
vt 0.978297 1.000000
vt 0.977741 0.000000
vt 0.978854 1.000000
vt 0.978297 0.000000
vt 0.979410 1.000000
vt 0.978854 0.000000
vt 0.979967 1.000000
vt 0.979410 0.000000
vt 0.980523 1.000000
vt 0.979967 0.000000
vt 0.981080 1.000000
vt 0.980523 0.000000
vt 0.981636 1.000000
vt 0.981080 0.000000
vt 0.982193 1.000000
vt 0.981636 0.000000
vt 0.982749 1.000000
vt 0.982193 0.000000
vt 0.983306 1.000000
vt 0.982749 0.000000
vt 0.983862 1.000000
vt 0.983306 0.000000
vt 0.984418 1.000000
vt 0.983862 0.000000
vt 0.984975 1.000000
vt 0.984418 0.000000
vt 0.985531 1.000000
vt 0.984975 0.000000
vt 0.986088 1.000000
vt 0.985531 0.000000
vt 0.986644 1.000000
vt 0.986088 0.000000
vt 0.987201 1.000000
vt 0.986644 0.000000
vt 0.987757 1.000000
vt 0.987201 0.000000
vt 0.988314 1.000000
vt 0.987757 0.000000
vt 0.988870 1.000000
vt 0.988314 0.000000
vt 0.989427 1.000000
vt 0.988870 0.000000
vt 0.989983 1.000000
vt 0.989427 0.000000
vt 0.990540 1.000000
vt 0.989983 0.000000
vt 0.991096 1.000000
vt 0.990540 0.000000
vt 0.991653 1.000000
vt 0.991096 0.000000
vt 0.992209 1.000000
vt 0.991653 0.000000
vt 0.992766 1.000000
vt 0.992209 0.000000
vt 0.993322 1.000000
vt 0.992766 0.000000
vt 0.993879 1.000000
vt 0.993322 0.000000
vt 0.994435 1.000000
vt 0.993879 0.000000
vt 0.994992 1.000000
vt 0.994435 0.000000
vt 0.995548 1.000000
vt 0.994992 0.000000
vt 0.996105 1.000000
vt 0.995548 0.000000
vt 0.996661 1.000000
vt 0.996105 0.000000
vt 0.997218 1.000000
vt 0.996661 0.000000
vt 0.997774 1.000000
vt 0.997218 0.000000
vt 0.998331 1.000000
vt 0.997774 0.000000
vt 0.998887 1.000000
vt 0.998331 0.000000
vt 0.999444 1.000000
vt 0.998887 0.000000
vt 1.000000 1.000000
vt 0.999444 0.000000
vt 0.005181 1.000000
vt 0.010363 1.000000
vt 0.005181 0.000000
vt 0.015544 1.000000
vt 0.010363 0.000000
vt 0.020725 1.000000
vt 0.015544 0.000000
vt 0.025907 1.000000
vt 0.020725 0.000000
vt 0.031088 1.000000
vt 0.025907 0.000000
vt 0.036269 1.000000
vt 0.031088 0.000000
vt 0.041451 1.000000
vt 0.036269 0.000000
vt 0.046632 1.000000
vt 0.041451 0.000000
vt 0.051813 1.000000
vt 0.046632 0.000000
vt 0.056995 1.000000
vt 0.051813 0.000000
vt 0.062176 1.000000
vt 0.056995 0.000000
vt 0.067358 1.000000
vt 0.062176 0.000000
vt 0.072539 1.000000
vt 0.067358 0.000000
vt 0.077720 1.000000
vt 0.072539 0.000000
vt 0.082902 1.000000
vt 0.077720 0.000000
vt 0.088083 1.000000
vt 0.082902 0.000000
vt 0.093264 1.000000
vt 0.088083 0.000000
vt 0.098446 1.000000
vt 0.093264 0.000000
vt 0.103627 1.000000
vt 0.098446 0.000000
vt 0.108808 1.000000
vt 0.103627 0.000000
vt 0.113990 1.000000
vt 0.108808 0.000000
vt 0.119171 1.000000
vt 0.113990 0.000000
vt 0.124352 1.000000
vt 0.119171 0.000000
vt 0.129534 1.000000
vt 0.124352 0.000000
vt 0.134715 1.000000
vt 0.129534 0.000000
vt 0.139896 1.000000
vt 0.134715 0.000000
vt 0.145078 1.000000
vt 0.139896 0.000000
vt 0.150259 1.000000
vt 0.145078 0.000000
vt 0.155440 1.000000
vt 0.150259 0.000000
vt 0.160622 1.000000
vt 0.155440 0.000000
vt 0.165803 1.000000
vt 0.160622 0.000000
vt 0.170984 1.000000
vt 0.165803 0.000000
vt 0.176166 1.000000
vt 0.170984 0.000000
vt 0.181347 1.000000
vt 0.176166 0.000000
vt 0.186529 1.000000
vt 0.181347 0.000000
vt 0.191710 1.000000
vt 0.186529 0.000000
vt 0.196891 1.000000
vt 0.191710 0.000000
vt 0.202073 1.000000
vt 0.196891 0.000000
vt 0.207254 1.000000
vt 0.202073 0.000000
vt 0.212435 1.000000
vt 0.207254 0.000000
vt 0.217617 1.000000
vt 0.212435 0.000000
vt 0.222798 1.000000
vt 0.217617 0.000000
vt 0.227979 1.000000
vt 0.222798 0.000000
vt 0.233161 1.000000
vt 0.227979 0.000000
vt 0.238342 1.000000
vt 0.233161 0.000000
vt 0.243523 1.000000
vt 0.238342 0.000000
vt 0.248705 1.000000
vt 0.243523 0.000000
vt 0.253886 1.000000
vt 0.248705 0.000000
vt 0.259067 1.000000
vt 0.253886 0.000000
vt 0.264249 1.000000
vt 0.259067 0.000000
vt 0.269430 1.000000
vt 0.264249 0.000000
vt 0.274611 1.000000
vt 0.269430 0.000000
vt 0.279793 1.000000
vt 0.274611 0.000000
vt 0.284974 1.000000
vt 0.279793 0.000000
vt 0.290155 1.000000
vt 0.284974 0.000000
vt 0.295337 1.000000
vt 0.290155 0.000000
vt 0.300518 1.000000
vt 0.295337 0.000000
vt 0.305699 1.000000
vt 0.300518 0.000000
vt 0.310881 1.000000
vt 0.305699 0.000000
vt 0.316062 1.000000
vt 0.310881 0.000000
vt 0.321244 1.000000
vt 0.316062 0.000000
vt 0.326425 1.000000
vt 0.321244 0.000000
vt 0.331606 1.000000
vt 0.326425 0.000000
vt 0.336788 1.000000
vt 0.331606 0.000000
vt 0.341969 1.000000
vt 0.336788 0.000000
vt 0.347150 1.000000
vt 0.341969 0.000000
vt 0.352332 1.000000
vt 0.347150 0.000000
vt 0.357513 1.000000
vt 0.352332 0.000000
vt 0.362694 1.000000
vt 0.357513 0.000000
vt 0.367876 1.000000
vt 0.362694 0.000000
vt 0.373057 1.000000
vt 0.367876 0.000000
vt 0.378238 1.000000
vt 0.373057 0.000000
vt 0.383420 1.000000
vt 0.378238 0.000000
vt 0.388601 1.000000
vt 0.383420 0.000000
vt 0.393782 1.000000
vt 0.388601 0.000000
vt 0.398964 1.000000
vt 0.393782 0.000000
vt 0.404145 1.000000
vt 0.398964 0.000000
vt 0.409326 1.000000
vt 0.404145 0.000000
vt 0.414508 1.000000
vt 0.409326 0.000000
vt 0.419689 1.000000
vt 0.414508 0.000000
vt 0.424870 1.000000
vt 0.419689 0.000000
vt 0.430052 1.000000
vt 0.424870 0.000000
vt 0.435233 1.000000
vt 0.430052 0.000000
vt 0.440415 1.000000
vt 0.435233 0.000000
vt 0.445596 1.000000
vt 0.440415 0.000000
vt 0.450777 1.000000
vt 0.445596 0.000000
vt 0.455959 1.000000
vt 0.450777 0.000000
vt 0.461140 1.000000
vt 0.455959 0.000000
vt 0.466321 1.000000
vt 0.461140 0.000000
vt 0.471503 1.000000
vt 0.466321 0.000000
vt 0.476684 1.000000
vt 0.471503 0.000000
vt 0.481865 1.000000
vt 0.476684 0.000000
vt 0.487047 1.000000
vt 0.481865 0.000000
vt 0.492228 1.000000
vt 0.487047 0.000000
vt 0.497409 1.000000
vt 0.492228 0.000000
vt 0.502591 1.000000
vt 0.497409 0.000000
vt 0.507772 1.000000
vt 0.502591 0.000000
vt 0.512953 1.000000
vt 0.507772 0.000000
vt 0.518135 1.000000
vt 0.512953 0.000000
vt 0.523316 1.000000
vt 0.518135 0.000000
vt 0.528497 1.000000
vt 0.523316 0.000000
vt 0.533679 1.000000
vt 0.528497 0.000000
vt 0.538860 1.000000
vt 0.533679 0.000000
vt 0.544041 1.000000
vt 0.538860 0.000000
vt 0.549223 1.000000
vt 0.544041 0.000000
vt 0.554404 1.000000
vt 0.549223 0.000000
vt 0.559586 1.000000
vt 0.554404 0.000000
vt 0.564767 1.000000
vt 0.559586 0.000000
vt 0.569948 1.000000
vt 0.564767 0.000000
vt 0.575130 1.000000
vt 0.569948 0.000000
vt 0.580311 1.000000
vt 0.575130 0.000000
vt 0.585492 1.000000
vt 0.580311 0.000000
vt 0.590674 1.000000
vt 0.585492 0.000000
vt 0.595855 1.000000
vt 0.590674 0.000000
vt 0.601036 1.000000
vt 0.595855 0.000000
vt 0.606218 1.000000
vt 0.601036 0.000000
vt 0.611399 1.000000
vt 0.606218 0.000000
vt 0.616580 1.000000
vt 0.611399 0.000000
vt 0.621762 1.000000
vt 0.616580 0.000000
vt 0.626943 1.000000
vt 0.621762 0.000000
vt 0.632124 1.000000
vt 0.626943 0.000000
vt 0.637306 1.000000
vt 0.632124 0.000000
vt 0.642487 1.000000
vt 0.637306 0.000000
vt 0.647668 1.000000
vt 0.642487 0.000000
vt 0.652850 1.000000
vt 0.647668 0.000000
vt 0.658031 1.000000
vt 0.652850 0.000000
vt 0.663212 1.000000
vt 0.658031 0.000000
vt 0.668394 1.000000
vt 0.663212 0.000000
vt 0.673575 1.000000
vt 0.668394 0.000000
vt 0.678756 1.000000
vt 0.673575 0.000000
vt 0.683938 1.000000
vt 0.678756 0.000000
vt 0.689119 1.000000
vt 0.683938 0.000000
vt 0.694301 1.000000
vt 0.689119 0.000000
vt 0.699482 1.000000
vt 0.694301 0.000000
vt 0.704663 1.000000
vt 0.699482 0.000000
vt 0.709845 1.000000
vt 0.704663 0.000000
vt 0.715026 1.000000
vt 0.709845 0.000000
vt 0.720207 1.000000
vt 0.715026 0.000000
vt 0.725389 1.000000
vt 0.720207 0.000000
vt 0.730570 1.000000
vt 0.725389 0.000000
vt 0.735751 1.000000
vt 0.730570 0.000000
vt 0.740933 1.000000
vt 0.735751 0.000000
vt 0.746114 1.000000
vt 0.740933 0.000000
vt 0.751295 1.000000
vt 0.746114 0.000000
vt 0.756477 1.000000
vt 0.751295 0.000000
vt 0.761658 1.000000
vt 0.756477 0.000000
vt 0.766839 1.000000
vt 0.761658 0.000000
vt 0.772021 1.000000
vt 0.766839 0.000000
vt 0.777202 1.000000
vt 0.772021 0.000000
vt 0.782383 1.000000
vt 0.777202 0.000000
vt 0.787565 1.000000
vt 0.782383 0.000000
vt 0.792746 1.000000
vt 0.787565 0.000000
vt 0.797927 1.000000
vt 0.792746 0.000000
vt 0.803109 1.000000
vt 0.797927 0.000000
vt 0.808290 1.000000
vt 0.803109 0.000000
vt 0.813471 1.000000
vt 0.808290 0.000000
vt 0.818653 1.000000
vt 0.813471 0.000000
vt 0.823834 1.000000
vt 0.818653 0.000000
vt 0.829016 1.000000
vt 0.823834 0.000000
vt 0.834197 1.000000
vt 0.829016 0.000000
vt 0.839378 1.000000
vt 0.834197 0.000000
vt 0.844560 1.000000
vt 0.839378 0.000000
vt 0.849741 1.000000
vt 0.844560 0.000000
vt 0.854922 1.000000
vt 0.849741 0.000000
vt 0.860104 1.000000
vt 0.854922 0.000000
vt 0.865285 1.000000
vt 0.860104 0.000000
vt 0.870466 1.000000
vt 0.865285 0.000000
vt 0.875648 1.000000
vt 0.870466 0.000000
vt 0.880829 1.000000
vt 0.875648 0.000000
vt 0.886010 1.000000
vt 0.880829 0.000000
vt 0.891192 1.000000
vt 0.886010 0.000000
vt 0.896373 1.000000
vt 0.891192 0.000000
vt 0.901554 1.000000
vt 0.896373 0.000000
vt 0.906736 1.000000
vt 0.901554 0.000000
vt 0.911917 1.000000
vt 0.906736 0.000000
vt 0.917098 1.000000
vt 0.911917 0.000000
vt 0.922280 1.000000
vt 0.917098 0.000000
vt 0.927461 1.000000
vt 0.922280 0.000000
vt 0.932642 1.000000
vt 0.927461 0.000000
vt 0.937824 1.000000
vt 0.932642 0.000000
vt 0.943005 1.000000
vt 0.937824 0.000000
vt 0.948187 1.000000
vt 0.943005 0.000000
vt 0.953368 1.000000
vt 0.948187 0.000000
vt 0.958549 1.000000
vt 0.953368 0.000000
vt 0.963731 1.000000
vt 0.958549 0.000000
vt 0.968912 1.000000
vt 0.963731 0.000000
vt 0.974093 1.000000
vt 0.968912 0.000000
vt 0.979275 1.000000
vt 0.974093 0.000000
vt 0.984456 1.000000
vt 0.979275 0.000000
vt 0.989637 1.000000
vt 0.984456 0.000000
vt 0.994819 1.000000
vt 0.989637 0.000000
vt 0.994819 0.000000
s 0
f 1283/1/1 1285/2/1 1284/3/1
f 1283/1/1 1286/4/1 1285/2/1
f 1283/1/1 1287/5/1 1286/4/1
f 1283/1/1 1288/6/1 1287/5/1
f 1283/1/1 1289/7/1 1288/6/1
f 1282/8/1 1289/7/1 1283/1/1
f 1282/8/1 1290/9/1 1289/7/1
f 1282/8/1 1291/10/1 1290/9/1
f 1282/8/1 1292/11/1 1291/10/1
f 1282/8/1 1293/12/1 1292/11/1
f 1281/13/1 1293/12/1 1282/8/1
f 1281/13/1 1294/14/1 1293/12/1
f 1281/13/1 1295/15/1 1294/14/1
f 1281/13/1 1296/16/1 1295/15/1
f 1281/13/1 1297/17/1 1296/16/1
f 1281/13/1 1298/18/1 1297/17/1
f 1280/19/1 1298/18/1 1281/13/1
f 1280/19/1 1299/20/1 1298/18/1
f 1280/19/1 1300/21/1 1299/20/1
f 1280/19/1 1301/22/1 1300/21/1
f 1280/19/1 1302/23/1 1301/22/1
f 1280/19/1 1303/24/1 1302/23/1
f 1279/25/1 1303/24/1 1280/19/1
f 1279/25/1 1304/26/1 1303/24/1
f 1279/25/1 1305/27/1 1304/26/1
f 1279/25/1 1306/28/1 1305/27/1
f 1279/25/1 1307/29/1 1306/28/1
f 1279/25/1 1308/30/1 1307/29/1
f 1278/31/1 1308/30/1 1279/25/1
f 1278/31/1 1309/32/1 1308/30/1
f 1278/31/1 1310/33/1 1309/32/1
f 1278/31/1 1311/34/1 1310/33/1
f 1278/31/1 1312/35/1 1311/34/1
f 1278/31/1 1313/36/1 1312/35/1
f 1277/37/1 1313/36/1 1278/31/1
f 1277/37/1 1314/38/1 1313/36/1
f 1277/37/1 1315/39/1 1314/38/1
f 1277/37/1 1316/40/1 1315/39/1
f 1277/37/1 1317/41/1 1316/40/1
f 1277/37/1 1318/42/1 1317/41/1
f 1277/37/1 1319/43/1 1318/42/1
f 1277/37/1 1320/44/1 1319/43/1
f 1276/45/1 1320/44/1 1277/37/1
f 1276/45/1 1321/46/1 1320/44/1
f 1276/45/1 1322/47/1 1321/46/1
f 1276/45/1 1323/48/1 1322/47/1
f 1276/45/1 1324/49/1 1323/48/1
f 1276/45/1 1325/50/1 1324/49/1
f 1276/45/1 1326/51/1 1325/50/1
f 1275/52/1 1326/51/1 1276/45/1
f 1275/52/1 1327/53/1 1326/51/1
f 1275/52/1 1328/54/1 1327/53/1
f 1275/52/1 1329/55/1 1328/54/1
f 1275/52/1 1330/56/1 1329/55/1
f 1275/52/1 1331/57/1 1330/56/1
f 1275/52/1 1332/58/1 1331/57/1
f 1275/52/1 1333/59/1 1332/58/1
f 1275/52/1 1334/60/1 1333/59/1
f 1274/61/1 1334/60/1 1275/52/1
f 1274/61/1 1335/62/1 1334/60/1
f 1274/61/1 1336/63/1 1335/62/1
f 1274/61/1 1337/64/1 1336/63/1
f 1274/61/1 1338/65/1 1337/64/1
f 1274/61/1 1339/66/1 1338/65/1
f 1274/61/1 1340/67/1 1339/66/1
f 1274/61/1 1341/68/1 1340/67/1
f 1274/61/1 1342/69/1 1341/68/1
f 1274/61/1 1343/70/1 1342/69/1
f 1273/71/1 1343/70/1 1274/61/1
f 1273/71/1 1344/72/1 1343/70/1
f 1273/71/1 1345/73/1 1344/72/1
f 1273/71/1 1346/74/1 1345/73/1
f 1273/71/1 1347/75/1 1346/74/1
f 1273/71/1 1348/76/1 1347/75/1
f 1273/71/1 1349/77/1 1348/76/1
f 1273/71/1 1350/78/1 1349/77/1
f 1273/71/1 1351/79/1 1350/78/1
f 1273/71/1 1352/80/1 1351/79/1
f 1273/71/1 1353/81/1 1352/80/1
f 1273/71/1 1354/82/1 1353/81/1
f 1272/83/1 1354/82/1 1273/71/1
f 1272/83/1 1355/84/1 1354/82/1
f 1272/83/1 1356/85/1 1355/84/1
f 1272/83/1 1357/86/1 1356/85/1
f 1272/83/1 1358/87/1 1357/86/1
f 1272/83/1 1359/88/1 1358/87/1
f 1272/83/1 1360/89/1 1359/88/1
f 1272/83/1 1361/90/1 1360/89/1
f 1272/83/1 1362/91/1 1361/90/1
f 1272/83/1 1363/92/1 1362/91/1
f 1272/83/1 1364/93/1 1363/92/1
f 1272/83/1 1365/94/1 1364/93/1
f 1272/83/1 1366/95/1 1365/94/1
f 1271/96/1 1366/95/1 1272/83/1
f 1271/96/1 1367/97/1 1366/95/1
f 1271/96/1 1368/98/1 1367/97/1
f 1271/96/1 1369/99/1 1368/98/1
f 1271/96/1 1370/100/1 1369/99/1
f 1271/96/1 1371/101/1 1370/100/1
f 1271/96/1 1372/102/1 1371/101/1
f 1271/96/1 1373/103/1 1372/102/1
f 1271/96/1 1374/104/1 1373/103/1
f 1271/96/1 1375/105/1 1374/104/1
f 1271/96/1 1376/106/1 1375/105/1
f 1270/107/1 1376/106/1 1271/96/1
f 1270/107/1 1377/108/1 1376/106/1
f 1270/107/1 1378/109/1 1377/108/1
f 1270/107/1 1379/110/1 1378/109/1
f 1270/107/1 1380/111/1 1379/110/1
f 1270/107/1 1381/112/1 1380/111/1
f 1270/107/1 1382/113/1 1381/112/1
f 1270/107/1 1383/114/1 1382/113/1
f 1270/107/1 1384/115/1 1383/114/1
f 1270/107/1 1385/116/1 1384/115/1
f 1270/107/1 1386/117/1 1385/116/1
f 1270/107/1 1387/118/1 1386/117/1
f 1269/119/1 1387/118/1 1270/107/1
f 1269/119/1 1388/120/1 1387/118/1
f 1269/119/1 1389/121/1 1388/120/1
f 1269/119/1 1390/122/1 1389/121/1
f 1269/119/1 1391/123/1 1390/122/1
f 1269/119/1 1392/124/1 1391/123/1
f 1269/119/1 1393/125/1 1392/124/1
f 1269/119/1 1394/126/1 1393/125/1
f 1269/119/1 1395/127/1 1394/126/1
f 1269/119/1 1396/128/1 1395/127/1
f 1268/129/1 1396/128/1 1269/119/1
f 1268/129/1 1397/130/1 1396/128/1
f 1268/129/1 1398/131/1 1397/130/1
f 1268/129/1 1399/132/1 1398/131/1
f 1268/129/1 1400/133/1 1399/132/1
f 1268/129/1 1401/134/1 1400/133/1
f 1268/129/1 1402/135/1 1401/134/1
f 1268/129/1 1403/136/1 1402/135/1
f 1268/129/1 1404/137/1 1403/136/1
f 1268/129/1 1405/138/1 1404/137/1
f 1267/139/1 1405/138/1 1268/129/1
f 1267/139/1 1406/140/1 1405/138/1
f 1267/139/1 1407/141/1 1406/140/1
f 1267/139/1 1408/142/1 1407/141/1
f 1267/139/1 1409/143/1 1408/142/1
f 1267/139/1 1410/144/1 1409/143/1
f 1267/139/1 1411/145/1 1410/144/1
f 1267/139/1 1412/146/1 1411/145/1
f 1267/139/1 1413/147/1 1412/146/1
f 1266/148/1 1413/147/1 1267/139/1
f 1266/148/1 1414/149/1 1413/147/1
f 1266/148/1 1415/150/1 1414/149/1
f 1266/148/1 1416/151/1 1415/150/1
f 1266/148/1 1417/152/1 1416/151/1
f 1266/148/1 1418/153/1 1417/152/1
f 1266/148/1 1419/154/1 1418/153/1
f 1266/148/1 1420/155/1 1419/154/1
f 1265/156/1 1420/155/1 1266/148/1
f 1265/156/1 1421/157/1 1420/155/1
f 1265/156/1 1422/158/1 1421/157/1
f 1265/156/1 1423/159/1 1422/158/1
f 1265/156/1 1424/160/1 1423/159/1
f 1265/156/1 1425/161/1 1424/160/1
f 1265/156/1 1426/162/1 1425/161/1
f 1264/163/1 1426/162/1 1265/156/1
f 1264/163/1 1427/164/1 1426/162/1
f 1264/163/1 1428/165/1 1427/164/1
f 1264/163/1 1429/166/1 1428/165/1
f 1264/163/1 1430/167/1 1429/166/1
f 1264/163/1 1431/168/1 1430/167/1
f 1264/163/1 1432/169/1 1431/168/1
f 1264/163/1 1433/170/1 1432/169/1
f 1263/171/1 1433/170/1 1264/163/1
f 1263/171/1 1434/172/1 1433/170/1
f 1263/171/1 1435/173/1 1434/172/1
f 1263/171/1 1436/174/1 1435/173/1
f 1263/171/1 1437/175/1 1436/174/1
f 1263/171/1 1438/176/1 1437/175/1
f 1263/171/1 1439/177/1 1438/176/1
f 1262/178/1 1439/177/1 1263/171/1
f 1262/178/1 1440/179/1 1439/177/1
f 1262/178/1 1441/180/1 1440/179/1
f 1262/178/1 1442/181/1 1441/180/1
f 1262/178/1 1443/182/1 1442/181/1
f 1262/178/1 1444/183/1 1443/182/1
f 1262/178/1 1445/184/1 1444/183/1
f 1262/178/1 1446/185/1 1445/184/1
f 1261/186/1 1446/185/1 1262/178/1
f 1261/186/1 1447/187/1 1446/185/1
f 1261/186/1 1448/188/1 1447/187/1
f 1261/186/1 1449/189/1 1448/188/1
f 1261/186/1 1450/190/1 1449/189/1
f 1261/186/1 1451/191/1 1450/190/1
f 1261/186/1 1452/192/1 1451/191/1
f 1261/186/1 1453/193/1 1452/192/1
f 1260/194/1 1453/193/1 1261/186/1
f 1260/194/1 1454/195/1 1453/193/1
f 1260/194/1 1455/196/1 1454/195/1
f 1260/194/1 1456/197/1 1455/196/1
f 1260/194/1 1457/198/1 1456/197/1
f 1260/194/1 1458/199/1 1457/198/1
f 1260/194/1 1459/200/1 1458/199/1
f 1260/194/1 1460/201/1 1459/200/1
f 1260/194/1 1461/202/1 1460/201/1
f 1259/203/1 1461/202/1 1260/194/1
f 1259/203/1 1462/204/1 1461/202/1
f 1259/203/1 1463/205/1 1462/204/1
f 1259/203/1 1464/206/1 1463/205/1
f 1259/203/1 1465/207/1 1464/206/1
f 1259/203/1 1466/208/1 1465/207/1
f 1259/203/1 1467/209/1 1466/208/1
f 1259/203/1 1468/210/1 1467/209/1
f 1258/211/1 1468/210/1 1259/203/1
f 1258/211/1 1469/212/1 1468/210/1
f 1258/211/1 1470/213/1 1469/212/1
f 1258/211/1 1471/214/1 1470/213/1
f 1258/211/1 1472/215/1 1471/214/1
f 1258/211/1 1473/216/1 1472/215/1
f 1258/211/1 1474/217/1 1473/216/1
f 1258/211/1 1475/218/1 1474/217/1
f 1258/211/1 1476/219/1 1475/218/1
f 1257/220/1 1476/219/1 1258/211/1
f 1257/220/1 1477/221/1 1476/219/1
f 1256/222/1 1477/221/1 1257/220/1
f 1256/222/1 1478/223/1 1477/221/1
f 1255/224/1 1478/223/1 1256/222/1
f 1255/224/1 1479/225/1 1478/223/1
f 1254/226/1 1479/225/1 1255/224/1
f 1254/226/1 1480/227/1 1479/225/1
f 1253/228/1 1480/227/1 1254/226/1
f 1253/228/1 1481/229/1 1480/227/1
f 1252/230/1 1481/229/1 1253/228/1
f 1252/230/1 1482/231/1 1481/229/1
f 1251/232/1 1482/231/1 1252/230/1
f 1251/232/1 1483/233/1 1482/231/1
f 1250/234/1 1483/233/1 1251/232/1
f 1250/234/1 1484/235/1 1483/233/1
f 1249/236/1 1484/235/1 1250/234/1
f 1249/236/1 1485/237/1 1484/235/1
f 1248/238/1 1485/237/1 1249/236/1
f 1248/238/1 1486/239/1 1485/237/1
f 1247/240/1 1486/239/1 1248/238/1
f 1247/240/1 1487/241/1 1486/239/1
f 1246/242/1 1487/241/1 1247/240/1
f 1246/242/1 1488/243/1 1487/241/1
f 1245/244/1 1488/243/1 1246/242/1
f 1245/244/1 1489/245/1 1488/243/1
f 1244/246/1 1489/245/1 1245/244/1
f 1244/246/1 1490/247/1 1489/245/1
f 1243/248/1 1490/247/1 1244/246/1
f 1243/248/1 1491/249/1 1490/247/1
f 1242/250/1 1491/249/1 1243/248/1
f 1242/250/1 1492/251/1 1491/249/1
f 1241/252/1 1492/251/1 1242/250/1
f 1241/252/1 1493/253/1 1492/251/1
f 1241/252/1 1494/254/1 1493/253/1
f 1240/255/1 1494/254/1 1241/252/1
f 1240/255/1 1495/256/1 1494/254/1
f 1239/257/1 1495/256/1 1240/255/1
f 1239/257/1 1496/258/1 1495/256/1
f 1238/259/1 1496/258/1 1239/257/1
f 1238/259/1 1497/260/1 1496/258/1
f 1237/261/1 1497/260/1 1238/259/1
f 1237/261/1 1498/262/1 1497/260/1
f 1236/263/1 1498/262/1 1237/261/1
f 1236/263/1 1499/264/1 1498/262/1
f 1235/265/1 1499/264/1 1236/263/1
f 1235/265/1 1500/266/1 1499/264/1
f 1235/265/1 1501/267/1 1500/266/1
f 1234/268/1 1501/267/1 1235/265/1
f 1234/268/1 1502/269/1 1501/267/1
f 1233/270/1 1502/269/1 1234/268/1
f 1233/270/1 1503/271/1 1502/269/1
f 1232/272/1 1503/271/1 1233/270/1
f 1232/272/1 1504/273/1 1503/271/1
f 1231/274/1 1504/273/1 1232/272/1
f 1231/274/1 1505/275/1 1504/273/1
f 1231/274/1 1506/276/1 1505/275/1
f 1230/277/1 1506/276/1 1231/274/1
f 1230/277/1 1507/278/1 1506/276/1
f 1229/279/1 1507/278/1 1230/277/1
f 1229/279/1 1508/280/1 1507/278/1
f 1228/281/1 1508/280/1 1229/279/1
f 1228/281/1 1509/282/1 1508/280/1
f 1228/281/1 1510/283/1 1509/282/1
f 1227/284/1 1510/283/1 1228/281/1
f 1227/284/1 1511/285/1 1510/283/1
f 1226/286/1 1511/285/1 1227/284/1
f 1226/286/1 1512/287/1 1511/285/1
f 1225/288/1 1512/287/1 1226/286/1
f 1225/288/1 1513/289/1 1512/287/1
f 1225/288/1 1514/290/1 1513/289/1
f 1224/291/1 1514/290/1 1225/288/1
f 1224/291/1 1515/292/1 1514/290/1
f 1223/293/1 1515/292/1 1224/291/1
f 1604/294/1 1606/295/1 1605/296/1
f 1604/294/1 1607/297/1 1606/295/1
f 1603/298/1 1607/297/1 1604/294/1
f 1603/298/1 1608/299/1 1607/297/1
f 1602/300/1 1608/299/1 1603/298/1
f 1602/300/1 1609/301/1 1608/299/1
f 1601/302/1 1609/301/1 1602/300/1
f 1601/302/1 1610/303/1 1609/301/1
f 1600/304/1 1610/303/1 1601/302/1
f 1600/304/1 1611/305/1 1610/303/1
f 1600/304/1 1612/306/1 1611/305/1
f 1599/307/1 1612/306/1 1600/304/1
f 1599/307/1 1613/308/1 1612/306/1
f 1598/309/1 1613/308/1 1599/307/1
f 1223/293/1 1516/310/1 1515/292/1
f 1598/309/1 1614/311/1 1613/308/1
f 1597/312/1 1614/311/1 1598/309/1
f 1597/312/1 1615/313/1 1614/311/1
f 1596/314/1 1615/313/1 1597/312/1
f 1596/314/1 1616/315/1 1615/313/1
f 1595/316/1 1616/315/1 1596/314/1
f 1595/316/1 1617/317/1 1616/315/1
f 1595/316/1 1618/318/1 1617/317/1
f 1594/319/1 1618/318/1 1595/316/1
f 1594/319/1 1619/320/1 1618/318/1
f 1593/321/1 1619/320/1 1594/319/1
f 1593/321/1 1620/322/1 1619/320/1
f 1592/323/1 1620/322/1 1593/321/1
f 1592/323/1 1621/324/1 1620/322/1
f 1591/325/1 1621/324/1 1592/323/1
f 1591/325/1 1622/326/1 1621/324/1
f 1590/327/1 1622/326/1 1591/325/1
f 1590/327/1 1623/328/1 1622/326/1
f 1222/329/1 1516/310/1 1223/293/1
f 1222/329/1 1517/330/1 1516/310/1
f 1590/327/1 1624/331/1 1623/328/1
f 1589/332/1 1624/331/1 1590/327/1
f 1589/332/1 1625/333/1 1624/331/1
f 1588/334/1 1625/333/1 1589/332/1
f 1588/334/1 1626/335/1 1625/333/1
f 1587/336/1 1626/335/1 1588/334/1
f 1587/336/1 1627/337/1 1626/335/1
f 1586/338/1 1627/337/1 1587/336/1
f 1586/338/1 1628/339/1 1627/337/1
f 1585/340/1 1628/339/1 1586/338/1
f 1585/340/1 1629/341/1 1628/339/1
f 1222/329/1 1518/342/1 1517/330/1
f 1585/340/1 1630/343/1 1629/341/1
f 1584/344/1 1630/343/1 1585/340/1
f 1584/344/1 1631/345/1 1630/343/1
f 1583/346/1 1631/345/1 1584/344/1
f 1221/347/1 1518/342/1 1222/329/1
f 1583/346/1 1632/348/1 1631/345/1
f 1582/349/1 1632/348/1 1583/346/1
f 1582/349/1 1633/350/1 1632/348/1
f 1581/351/1 1633/350/1 1582/349/1
f 1581/351/1 1634/352/1 1633/350/1
f 1221/347/1 1519/353/1 1518/342/1
f 1580/354/1 1634/352/1 1581/351/1
f 1580/354/1 1635/355/1 1634/352/1
f 1580/354/1 1636/356/1 1635/355/1
f 1579/357/1 1636/356/1 1580/354/1
f 1579/357/1 1637/358/1 1636/356/1
f 1578/359/1 1637/358/1 1579/357/1
f 1220/360/1 1519/353/1 1221/347/1
f 1578/359/1 1638/361/1 1637/358/1
f 1220/360/1 1520/362/1 1519/353/1
f 1577/363/1 1638/361/1 1578/359/1
f 1577/363/1 1639/364/1 1638/361/1
f 1576/365/1 1639/364/1 1577/363/1
f 1576/365/1 1640/366/1 1639/364/1
f 1575/367/1 1640/366/1 1576/365/1
f 1575/367/1 1641/368/1 1640/366/1
f 1220/360/1 1521/369/1 1520/362/1
f 1575/367/1 1642/370/1 1641/368/1
f 1574/371/1 1642/370/1 1575/367/1
f 1219/372/1 1521/369/1 1220/360/1
f 1574/371/1 1643/373/1 1642/370/1
f 1573/374/1 1643/373/1 1574/371/1
f 1218/375/1 1521/369/1 1219/372/1
f 1217/376/1 1521/369/1 1218/375/1
f 1216/377/1 1521/369/1 1217/376/1
f 1573/374/1 1644/378/1 1643/373/1
f 1215/379/1 1521/369/1 1216/377/1
f 1572/380/1 1644/378/1 1573/374/1
f 1214/381/1 1521/369/1 1215/379/1
f 1213/382/1 1521/369/1 1214/381/1
f 1572/380/1 1645/383/1 1644/378/1
f 1213/382/1 1522/384/1 1521/369/1
f 1212/385/1 1522/384/1 1213/382/1
f 1571/386/1 1645/383/1 1572/380/1
f 1211/387/1 1522/384/1 1212/385/1
f 1571/386/1 1646/388/1 1645/383/1
f 1210/389/1 1522/384/1 1211/387/1
f 1209/390/1 1522/384/1 1210/389/1
f 1570/391/1 1646/388/1 1571/386/1
f 1570/391/1 1647/392/1 1646/388/1
f 1208/393/1 1522/384/1 1209/390/1
f 1207/394/1 1522/384/1 1208/393/1
f 1206/395/1 1522/384/1 1207/394/1
f 1570/391/1 1648/396/1 1647/392/1
f 1569/397/1 1648/396/1 1570/391/1
f 1206/395/1 1523/398/1 1522/384/1
f 1205/399/1 1523/398/1 1206/395/1
f 1204/400/1 1523/398/1 1205/399/1
f 1569/397/1 1649/401/1 1648/396/1
f 1568/402/1 1649/401/1 1569/397/1
f 1203/403/1 1523/398/1 1204/400/1
f 1568/402/1 1650/404/1 1649/401/1
f 1202/405/1 1523/398/1 1203/403/1
f 1567/406/1 1650/404/1 1568/402/1
f 1201/407/1 1523/398/1 1202/405/1
f 1201/407/1 1524/408/1 1523/398/1
f 1567/406/1 1651/409/1 1650/404/1
f 1200/410/1 1524/408/1 1201/407/1
f 1566/411/1 1651/409/1 1567/406/1
f 1199/412/1 1524/408/1 1200/410/1
f 1566/411/1 1652/413/1 1651/409/1
f 1198/414/1 1524/408/1 1199/412/1
f 1197/415/1 1524/408/1 1198/414/1
f 1565/416/1 1652/413/1 1566/411/1
f 1565/416/1 1653/417/1 1652/413/1
f 1197/415/1 1525/418/1 1524/408/1
f 1196/419/1 1525/418/1 1197/415/1
f 1565/416/1 1654/420/1 1653/417/1
f 1195/421/1 1525/418/1 1196/419/1
f 1564/422/1 1654/420/1 1565/416/1
f 1194/423/1 1525/418/1 1195/421/1
f 1564/422/1 1655/424/1 1654/420/1
f 1563/425/1 1655/424/1 1564/422/1
f 1193/426/1 1525/418/1 1194/423/1
f 1193/426/1 1526/427/1 1525/418/1
f 1192/428/1 1526/427/1 1193/426/1
f 1563/425/1 1656/429/1 1655/424/1
f 1562/430/1 1656/429/1 1563/425/1
f 1191/431/1 1526/427/1 1192/428/1
f 1562/430/1 1657/432/1 1656/429/1
f 1190/433/1 1526/427/1 1191/431/1
f 1561/434/1 1657/432/1 1562/430/1
f 1189/435/1 1526/427/1 1190/433/1
f 1561/434/1 1658/436/1 1657/432/1
f 1189/435/1 1527/437/1 1526/427/1
f 1188/438/1 1527/437/1 1189/435/1
f 1560/439/1 1658/436/1 1561/434/1
f 1560/439/1 1659/440/1 1658/436/1
f 1187/441/1 1527/437/1 1188/438/1
f 1186/442/1 1527/437/1 1187/441/1
f 1560/439/1 1660/443/1 1659/440/1
f 1559/444/1 1660/443/1 1560/439/1
f 1186/442/1 1528/445/1 1527/437/1
f 1185/446/1 1528/445/1 1186/442/1
f 1559/444/1 1661/447/1 1660/443/1
f 1184/448/1 1528/445/1 1185/446/1
f 1558/449/1 1661/447/1 1559/444/1
f 1183/450/1 1528/445/1 1184/448/1
f 1558/449/1 1662/451/1 1661/447/1
f 1557/452/1 1662/451/1 1558/449/1
f 1183/450/1 1529/453/1 1528/445/1
f 1182/454/1 1529/453/1 1183/450/1
f 1557/452/1 1663/455/1 1662/451/1
f 1181/456/1 1529/453/1 1182/454/1
f 1556/457/1 1663/455/1 1557/452/1
f 1180/458/1 1529/453/1 1181/456/1
f 1556/457/1 1664/459/1 1663/455/1
f 1180/458/1 1530/460/1 1529/453/1
f 1179/461/1 1530/460/1 1180/458/1
f 1555/462/1 1664/459/1 1556/457/1
f 1555/462/1 1665/463/1 1664/459/1
f 1178/464/1 1530/460/1 1179/461/1
f 1555/462/1 1666/465/1 1665/463/1
f 1554/466/1 1666/465/1 1555/462/1
f 1177/467/1 1530/460/1 1178/464/1
f 1177/467/1 1531/468/1 1530/460/1
f 1176/469/1 1531/468/1 1177/467/1
f 1554/466/1 1667/470/1 1666/465/1
f 1553/471/1 1667/470/1 1554/466/1
f 1175/472/1 1531/468/1 1176/469/1
f 1553/471/1 1668/473/1 1667/470/1
f 1174/474/1 1531/468/1 1175/472/1
f 1174/474/1 1532/475/1 1531/468/1
f 1552/476/1 1668/473/1 1553/471/1
f 1552/476/1 1669/477/1 1668/473/1
f 1173/478/1 1532/475/1 1174/474/1
f 1551/479/1 1669/477/1 1552/476/1
f 1172/480/1 1532/475/1 1173/478/1
f 1551/479/1 1670/481/1 1669/477/1
f 1172/480/1 1533/482/1 1532/475/1
f 1171/483/1 1533/482/1 1172/480/1
f 1551/479/1 1671/484/1 1670/481/1
f 1550/485/1 1671/484/1 1551/479/1
f 1550/485/1 1672/486/1 1671/484/1
f 1170/487/1 1533/482/1 1171/483/1
f 1550/485/1 1673/488/1 1672/486/1
f 1170/487/1 1534/489/1 1533/482/1
f 1169/490/1 1534/489/1 1170/487/1
f 1550/485/1 1674/491/1 1673/488/1
f 1549/492/1 1674/491/1 1550/485/1
f 1549/492/1 1675/493/1 1674/491/1
f 1168/494/1 1534/489/1 1169/490/1
f 1549/492/1 1676/495/1 1675/493/1
f 1548/496/1 1676/495/1 1549/492/1
f 1548/496/1 1677/497/1 1676/495/1
f 1167/498/1 1534/489/1 1168/494/1
f 1167/498/1 1535/499/1 1534/489/1
f 1548/496/1 1678/500/1 1677/497/1
f 1166/501/1 1535/499/1 1167/498/1
f 1548/496/1 1679/502/1 1678/500/1
f 1547/503/1 1679/502/1 1548/496/1
f 1547/503/1 1680/504/1 1679/502/1
f 1165/505/1 1535/499/1 1166/501/1
f 1547/503/1 1681/506/1 1680/504/1
f 1165/505/1 1536/507/1 1535/499/1
f 1547/503/1 1682/508/1 1681/506/1
f 1546/509/1 1682/508/1 1547/503/1
f 1164/510/1 1536/507/1 1165/505/1
f 1546/509/1 1683/511/1 1682/508/1
f 1546/509/1 1684/512/1 1683/511/1
f 1163/513/1 1536/507/1 1164/510/1
f 1163/513/1 1537/514/1 1536/507/1
f 1545/515/1 1684/512/1 1546/509/1
f 1545/515/1 1685/516/1 1684/512/1
f 1545/515/1 1686/517/1 1685/516/1
f 1162/518/1 1537/514/1 1163/513/1
f 1545/515/1 1687/519/1 1686/517/1
f 1545/515/1 1688/520/1 1687/519/1
f 1544/521/1 1688/520/1 1545/515/1
f 1161/522/1 1537/514/1 1162/518/1
f 1161/522/1 1538/523/1 1537/514/1
f 1544/521/1 1689/524/1 1688/520/1
f 1090/525/1 1092/526/1 1091/527/1
f 1090/525/1 1093/528/1 1092/526/1
f 1544/521/1 1690/529/1 1689/524/1
f 1090/525/1 1094/530/1 1093/528/1
f 1160/531/1 1538/523/1 1161/522/1
f 1090/525/1 1095/532/1 1094/530/1
f 1090/525/1 1096/533/1 1095/532/1
f 1544/521/1 1691/534/1 1690/529/1
f 1090/525/1 1097/535/1 1096/533/1
f 1543/536/1 1691/534/1 1544/521/1
f 1090/525/1 1098/537/1 1097/535/1
f 1090/525/1 1099/538/1 1098/537/1
f 1543/536/1 1692/539/1 1691/534/1
f 1090/525/1 1100/540/1 1099/538/1
f 1090/525/1 1101/541/1 1100/540/1
f 1159/542/1 1538/523/1 1160/531/1
f 1090/525/1 1102/543/1 1101/541/1
f 1543/536/1 1693/544/1 1692/539/1
f 1159/542/1 1539/545/1 1538/523/1
f 1090/525/1 1103/546/1 1102/543/1
f 1090/525/1 1104/547/1 1103/546/1
f 1090/525/1 1105/548/1 1104/547/1
f 1543/536/1 1694/549/1 1693/544/1
f 1090/525/1 1106/550/1 1105/548/1
f 1090/525/1 1107/551/1 1106/550/1
f 1542/552/1 1694/549/1 1543/536/1
f 1090/525/1 1108/553/1 1107/551/1
f 1158/554/1 1539/545/1 1159/542/1
f 1542/552/1 1695/555/1 1694/549/1
f 1090/525/1 1109/556/1 1108/553/1
f 1090/525/1 1110/557/1 1109/556/1
f 1090/525/1 1111/558/1 1110/557/1
f 1090/525/1 1112/559/1 1111/558/1
f 1542/552/1 1696/560/1 1695/555/1
f 1090/525/1 1113/561/1 1112/559/1
f 1090/525/1 1114/562/1 1113/561/1
f 1090/525/1 1115/563/1 1114/562/1
f 1542/552/1 1697/564/1 1696/560/1
f 1090/525/1 1116/565/1 1115/563/1
f 1157/566/1 1539/545/1 1158/554/1
f 1090/525/1 1117/567/1 1116/565/1
f 1090/525/1 1118/568/1 1117/567/1
f 1157/566/1 1540/569/1 1539/545/1
f 1090/525/1 1119/570/1 1118/568/1
f 1542/552/1 1698/571/1 1697/564/1
f 1090/525/1 1120/572/1 1119/570/1
f 1090/525/1 1121/573/1 1120/572/1
f 1541/574/1 1698/571/1 1542/552/1
f 1090/525/1 1122/575/1 1121/573/1
f 1090/525/1 1123/576/1 1122/575/1
f 1090/525/1 1124/577/1 1123/576/1
f 1541/574/1 1699/578/1 1698/571/1
f 1090/525/1 1125/579/1 1124/577/1
f 1090/525/1 1126/580/1 1125/579/1
f 1090/525/1 1127/581/1 1126/580/1
f 1090/525/1 1128/582/1 1127/581/1
f 1156/583/1 1540/569/1 1157/566/1
f 1090/525/1 1129/584/1 1128/582/1
f 1541/574/1 1700/585/1 1699/578/1
f 1090/525/1 1130/586/1 1129/584/1
f 1090/525/1 1131/587/1 1130/586/1
f 1090/525/1 1132/588/1 1131/587/1
f 1090/525/1 1133/589/1 1132/588/1
f 1090/525/1 1134/590/1 1133/589/1
f 1090/525/1 1135/591/1 1134/590/1
f 1541/574/1 1701/592/1 1700/585/1
f 1090/525/1 1136/593/1 1135/591/1
f 1090/525/1 1137/594/1 1136/593/1
f 1090/525/1 1138/595/1 1137/594/1
f 1090/525/1 1139/596/1 1138/595/1
f 1090/525/1 1140/597/1 1139/596/1
f 1090/525/1 1141/598/1 1140/597/1
f 1090/525/1 1142/599/1 1141/598/1
f 1090/525/1 1143/600/1 1142/599/1
f 1090/525/1 1144/601/1 1143/600/1
f 1541/574/1 1702/602/1 1701/592/1
f 1090/525/1 1145/603/1 1144/601/1
f 1090/525/1 1146/604/1 1145/603/1
f 1090/525/1 1147/605/1 1146/604/1
f 1090/525/1 1148/606/1 1147/605/1
f 1090/525/1 1149/607/1 1148/606/1
f 1090/525/1 1150/608/1 1149/607/1
f 1090/525/1 1151/609/1 1150/608/1
f 1090/525/1 1152/610/1 1151/609/1
f 1090/525/1 1153/611/1 1152/610/1
f 1090/525/1 1154/612/1 1153/611/1
f 1090/525/1 1155/613/1 1154/612/1
f 1090/525/1 1156/583/1 1155/613/1
f 1090/525/1 1089/614/1 1156/583/1
f 1089/614/1 1088/615/1 1156/583/1
f 1088/615/1 1087/616/1 1156/583/1
f 1087/616/2 1086/617/2 1156/583/2
f 1086/617/3 1085/618/3 1156/583/3
f 1085/618/1 1084/619/1 1156/583/1
f 1084/619/1 1083/620/1 1156/583/1
f 1083/620/4 1082/621/4 1156/583/4
f 1082/621/5 1081/622/5 1156/583/5
f 1081/622/1 1080/623/1 1156/583/1
f 1080/623/1 1079/624/1 1156/583/1
f 1079/624/1 1078/625/1 1156/583/1
f 1078/625/4 1077/626/4 1156/583/4
f 1077/626/5 1076/627/5 1156/583/5
f 1076/627/1 1075/628/1 1156/583/1
f 1075/628/1 1074/629/1 1156/583/1
f 1074/629/1 1073/630/1 1156/583/1
f 1073/630/4 1072/631/4 1156/583/4
f 1072/631/5 1071/632/5 1156/583/5
f 1071/632/1 1070/633/1 1156/583/1
f 1070/633/4 1069/634/4 1156/583/4
f 1069/634/1 1540/569/1 1156/583/1
f 1069/634/1 1068/635/1 1540/569/1
f 1068/635/1 1067/636/1 1540/569/1
f 1067/636/6 1066/637/6 1540/569/6
f 1066/637/1 1065/638/1 1540/569/1
f 1065/638/2 1064/639/2 1540/569/2
f 1064/639/1 1063/640/1 1540/569/1
f 1063/640/1 1062/641/1 1540/569/1
f 1062/641/5 1061/642/5 1540/569/5
f 1061/642/1 1060/643/1 1540/569/1
f 1060/643/4 1059/644/4 1540/569/4
f 1059/644/1 1058/645/1 1540/569/1
f 1058/645/1 1057/646/1 1540/569/1
f 1057/646/1 1056/647/1 1540/569/1
f 1056/647/1 1055/648/1 1540/569/1
f 1055/648/1 1054/649/1 1540/569/1
f 1054/649/1 1053/650/1 1540/569/1
f 1053/650/1 1052/651/1 1540/569/1
f 1052/651/1 1051/652/1 1540/569/1
f 1051/652/1 1050/653/1 1540/569/1
f 1050/653/1 1049/654/1 1540/569/1
f 1049/654/1 1048/655/1 1540/569/1
f 1048/655/1 1047/656/1 1540/569/1
f 1047/656/1 1046/657/1 1540/569/1
f 1046/657/1 1045/658/1 1540/569/1
f 1045/658/1 1044/659/1 1540/569/1
f 1044/659/1 1043/660/1 1540/569/1
f 1043/660/1 1541/574/1 1540/569/1
f 1043/660/1 1042/661/1 1541/574/1
f 1042/661/7 1041/662/7 1541/574/7
f 1041/662/1 1040/663/1 1541/574/1
f 1040/663/1 1039/664/1 1541/574/1
f 1039/664/1 1702/602/1 1541/574/1
f 1039/664/1 1703/665/1 1702/602/1
f 1039/664/8 1038/666/8 1703/665/8
f 1038/666/1 1704/667/1 1703/665/1
f 1038/666/1 1705/668/1 1704/667/1
f 1038/666/1 1706/669/1 1705/668/1
f 1038/666/1 1037/670/1 1706/669/1
f 1037/670/1 1707/671/1 1706/669/1
f 1037/670/1 1708/672/1 1707/671/1
f 1037/670/1 1709/673/1 1708/672/1
f 1037/670/1 1710/674/1 1709/673/1
f 1037/670/1 1036/675/1 1710/674/1
f 1036/675/1 1711/676/1 1710/674/1
f 1036/675/1 1712/677/1 1711/676/1
f 1036/675/1 1713/678/1 1712/677/1
f 1036/675/1 1035/679/1 1713/678/1
f 1035/679/1 1714/680/1 1713/678/1
f 1035/679/1 1715/681/1 1714/680/1
f 1035/679/1 1716/682/1 1715/681/1
f 1035/679/1 1717/683/1 1716/682/1
f 1035/679/1 1034/684/1 1717/683/1
f 1034/684/1 1718/685/1 1717/683/1
f 1034/684/1 1719/686/1 1718/685/1
f 1034/684/1 1720/687/1 1719/686/1
f 1034/684/1 1721/688/1 1720/687/1
f 1034/684/9 1033/689/9 1721/688/9
f 1033/689/1 1722/690/1 1721/688/1
f 1033/689/1 1723/691/1 1722/690/1
f 1033/689/1 1724/692/1 1723/691/1
f 1033/689/1 1725/693/1 1724/692/1
f 1033/689/1 1726/694/1 1725/693/1
f 1033/689/1 1032/695/1 1726/694/1
f 1032/695/1 1727/696/1 1726/694/1
f 1032/695/1 1728/697/1 1727/696/1
f 1032/695/1 1729/698/1 1728/697/1
f 1032/695/1 1730/699/1 1729/698/1
f 1032/695/1 1731/700/1 1730/699/1
f 1032/695/1 1732/701/1 1731/700/1
f 1032/695/10 1031/702/10 1732/701/10
f 1031/702/1 1733/703/1 1732/701/1
f 1031/702/1 1734/704/1 1733/703/1
f 1031/702/1 1735/705/1 1734/704/1
f 1031/702/1 1736/706/1 1735/705/1
f 1031/702/1 1737/707/1 1736/706/1
f 1031/702/1 1738/708/1 1737/707/1
f 1031/702/1 1030/709/1 1738/708/1
f 1030/709/1 1739/710/1 1738/708/1
f 1030/709/1 1740/711/1 1739/710/1
f 1030/709/1 1741/712/1 1740/711/1
f 1030/709/1 1742/713/1 1741/712/1
f 1030/709/1 1743/714/1 1742/713/1
f 1030/709/1 1744/715/1 1743/714/1
f 1030/709/1 1029/716/1 1744/715/1
f 1029/716/1 1745/717/1 1744/715/1
f 1029/716/1 1746/718/1 1745/717/1
f 1029/716/1 1747/719/1 1746/718/1
f 1029/716/1 1748/720/1 1747/719/1
f 1029/716/1 1749/721/1 1748/720/1
f 1029/716/1 1750/722/1 1749/721/1
f 1029/716/1 1751/723/1 1750/722/1
f 1029/716/1 1752/724/1 1751/723/1
f 1029/716/1 1028/725/1 1752/724/1
f 1028/725/1 1753/726/1 1752/724/1
f 1028/725/1 1754/727/1 1753/726/1
f 1028/725/1 1755/728/1 1754/727/1
f 1028/725/1 1756/729/1 1755/728/1
f 1028/725/1 1757/730/1 1756/729/1
f 1028/725/1 1758/731/1 1757/730/1
f 1028/725/1 1759/732/1 1758/731/1
f 1028/725/1 1760/733/1 1759/732/1
f 1028/725/1 1761/734/1 1760/733/1
f 1028/725/1 1762/735/1 1761/734/1
f 1028/725/1 1027/736/1 1762/735/1
f 1027/736/1 1763/737/1 1762/735/1
f 1027/736/1 1764/738/1 1763/737/1
f 1027/736/1 1765/739/1 1764/738/1
f 1027/736/1 1766/740/1 1765/739/1
f 1027/736/1 1767/741/1 1766/740/1
f 1027/736/1 1768/742/1 1767/741/1
f 1027/736/1 1769/743/1 1768/742/1
f 1027/736/1 1770/744/1 1769/743/1
f 1027/736/1 1771/745/1 1770/744/1
f 1027/736/1 1772/746/1 1771/745/1
f 1027/736/1 1773/747/1 1772/746/1
f 1027/736/1 1774/748/1 1773/747/1
f 1027/736/1 1775/749/1 1774/748/1
f 1027/736/1 1776/750/1 1775/749/1
f 1027/736/1 1777/751/1 1776/750/1
f 1027/736/1 1026/752/1 1777/751/1
f 1026/752/1 1778/753/1 1777/751/1
f 1026/752/1 1779/754/1 1778/753/1
f 1026/752/1 1780/755/1 1779/754/1
f 1026/752/1 1781/756/1 1780/755/1
f 1026/752/1 1782/757/1 1781/756/1
f 1026/752/1 1783/758/1 1782/757/1
f 1026/752/1 1784/759/1 1783/758/1
f 1026/752/1 1785/760/1 1784/759/1
f 1026/752/1 1786/761/1 1785/760/1
f 1026/752/1 1787/762/1 1786/761/1
f 1026/752/1 1788/763/1 1787/762/1
f 1026/752/1 1789/764/1 1788/763/1
f 1026/752/1 1790/765/1 1789/764/1
f 1026/752/1 1791/766/1 1790/765/1
f 1026/752/1 1792/767/1 1791/766/1
f 1026/752/1 1793/768/1 1792/767/1
f 1026/752/1 1794/769/1 1793/768/1
f 1026/752/1 1795/770/1 1794/769/1
f 1026/752/1 1796/771/1 1795/770/1
f 1026/752/1 1797/772/1 1796/771/1
f 1025/773/1 1797/772/1 1026/752/1
f 1024/774/1 1927/775/1 1025/773/1
f 1927/775/1 1797/772/1 1025/773/1
f 1024/774/1 1928/776/1 1927/775/1
f 1926/777/1 1797/772/1 1927/775/1
f 1925/778/1 1/779/1 1926/777/1
f 1/779/1 1797/772/1 1926/777/1
f 1925/778/1 2/780/1 1/779/1
f 1024/774/1 1929/781/1 1928/776/1
f 1023/782/1 1929/781/1 1024/774/1
f 1924/783/1 2/780/1 1925/778/1
f 1924/783/1 3/784/1 2/780/1
f 1023/782/1 1930/785/1 1929/781/1
f 1022/786/1 1930/785/1 1023/782/1
f 1923/787/1 3/784/1 1924/783/1
f 1022/786/1 1931/788/1 1930/785/1
f 1923/787/1 4/789/1 3/784/1
f 1021/790/1 1931/788/1 1022/786/1
f 1021/790/1 1932/791/1 1931/788/1
f 1922/792/1 4/789/1 1923/787/1
f 1922/792/1 5/793/1 4/789/1
f 1021/790/1 1933/794/1 1932/791/1
f 1020/795/1 1933/794/1 1021/790/1
f 1921/796/1 5/793/1 1922/792/1
f 1020/795/1 1934/797/1 1933/794/1
f 1921/796/1 6/798/1 5/793/1
f 1019/799/1 1934/797/1 1020/795/1
f 1920/800/1 6/798/1 1921/796/1
f 1019/799/1 1935/801/1 1934/797/1
f 1018/802/1 1935/801/1 1019/799/1
f 1018/802/1 1936/803/1 1935/801/1
f 1920/800/1 7/804/1 6/798/1
f 1919/805/1 7/804/1 1920/800/1
f 1018/802/1 1937/806/1 1936/803/1
f 1017/807/1 1937/806/1 1018/802/1
f 1919/805/1 8/808/1 7/804/1
f 1918/809/1 8/808/1 1919/805/1
f 1017/807/1 1938/810/1 1937/806/1
f 1016/811/1 1938/810/1 1017/807/1
f 1016/811/1 1939/812/1 1938/810/1
f 1917/813/1 8/808/1 1918/809/1
f 1917/813/1 9/814/1 8/808/1
f 1015/815/1 1939/812/1 1016/811/1
f 1015/815/1 1940/816/1 1939/812/1
f 1916/817/1 9/814/1 1917/813/1
f 1916/817/1 10/818/1 9/814/1
f 1015/815/1 1941/819/1 1940/816/1
f 1014/820/1 1941/819/1 1015/815/1
f 1915/821/1 10/818/1 1916/817/1
f 1014/820/1 1942/822/1 1941/819/1
f 1013/823/1 1942/822/1 1014/820/1
f 1915/821/1 11/824/1 10/818/1
f 1013/823/1 1943/825/1 1942/822/1
f 1914/826/1 11/824/1 1915/821/1
f 1012/827/1 1943/825/1 1013/823/1
f 1012/827/1 1944/828/1 1943/825/1
f 1914/826/1 12/829/1 11/824/1
f 1913/830/1 12/829/1 1914/826/1
f 1011/831/1 1944/828/1 1012/827/1
f 1011/831/1 1945/832/1 1944/828/1
f 1913/830/1 13/833/1 12/829/1
f 1912/834/1 13/833/1 1913/830/1
f 1011/831/1 1946/835/1 1945/832/1
f 1010/836/1 1946/835/1 1011/831/1
f 1010/836/1 1947/837/1 1946/835/1
f 1912/834/1 14/838/1 13/833/1
f 1911/839/1 14/838/1 1912/834/1
f 1009/840/1 1947/837/1 1010/836/1
f 1009/840/1 1948/841/1 1947/837/1
f 1008/842/1 1948/841/1 1009/840/1
f 1910/843/1 14/838/1 1911/839/1
f 1910/843/1 15/844/1 14/838/1
f 1008/842/1 1949/845/1 1948/841/1
f 1007/846/1 1949/845/1 1008/842/1
f 1909/847/1 15/844/1 1910/843/1
f 1007/846/1 1950/848/1 1949/845/1
f 1909/847/1 16/849/1 15/844/1
f 1006/850/1 1950/848/1 1007/846/1
f 1006/850/1 1951/851/1 1950/848/1
f 1908/852/1 16/849/1 1909/847/1
f 1908/852/1 17/853/1 16/849/1
f 1006/850/1 1952/854/1 1951/851/1
f 1005/855/1 1952/854/1 1006/850/1
f 1907/856/1 17/853/1 1908/852/1
f 1005/855/1 1953/857/1 1952/854/1
f 1004/858/1 1953/857/1 1005/855/1
f 1907/856/1 18/859/1 17/853/1
f 1906/860/1 18/859/1 1907/856/1
f 1004/858/1 1954/861/1 1953/857/1
f 1003/862/1 1954/861/1 1004/858/1
f 1906/860/1 19/863/1 18/859/1
f 1003/862/1 1955/864/1 1954/861/1
f 1905/865/1 19/863/1 1906/860/1
f 1002/866/1 1955/864/1 1003/862/1
f 1002/866/1 1956/867/1 1955/864/1
f 1905/865/1 20/868/1 19/863/1
f 1904/869/1 20/868/1 1905/865/1
f 1001/870/1 1956/867/1 1002/866/1
f 1001/870/1 1957/871/1 1956/867/1
f 1903/872/1 20/868/1 1904/869/1
f 1001/870/1 1958/873/1 1957/871/1
f 1903/872/1 21/874/1 20/868/1
f 1000/875/1 1958/873/1 1001/870/1
f 1000/875/1 1959/876/1 1958/873/1
f 1902/877/1 21/874/1 1903/872/1
f 999/878/1 1959/876/1 1000/875/1
f 1902/877/1 22/879/1 21/874/1
f 999/878/1 1960/880/1 1959/876/1
f 998/881/1 1960/880/1 999/878/1
f 1901/882/1 22/879/1 1902/877/1
f 998/881/1 1961/883/1 1960/880/1
f 1901/882/1 23/884/1 22/879/1
f 997/885/1 1961/883/1 998/881/1
f 1900/886/1 23/884/1 1901/882/1
f 997/885/1 1962/887/1 1961/883/1
f 1900/886/1 24/888/1 23/884/1
f 996/889/1 1962/887/1 997/885/1
f 996/889/1 1963/890/1 1962/887/1
f 1899/891/1 24/888/1 1900/886/1
f 995/892/1 1963/890/1 996/889/1
f 995/892/1 1964/893/1 1963/890/1
f 1899/891/1 25/894/1 24/888/1
f 1898/895/1 25/894/1 1899/891/1
f 994/896/1 1964/893/1 995/892/1
f 994/896/1 1965/897/1 1964/893/1
f 1898/895/1 26/898/1 25/894/1
f 1897/899/1 26/898/1 1898/895/1
f 994/896/1 1966/900/1 1965/897/1
f 993/901/1 1966/900/1 994/896/1
f 1896/902/1 26/898/1 1897/899/1
f 1896/902/1 27/903/1 26/898/1
f 993/901/1 1967/904/1 1966/900/1
f 992/905/1 1967/904/1 993/901/1
f 992/905/1 1968/906/1 1967/904/1
f 1895/907/1 27/903/1 1896/902/1
f 991/908/1 1968/906/1 992/905/1
f 1895/907/1 28/909/1 27/903/1
f 991/908/1 1969/910/1 1968/906/1
f 990/911/1 1969/910/1 991/908/1
f 1894/912/1 28/909/1 1895/907/1
f 1894/912/1 29/913/1 28/909/1
f 990/911/1 1970/914/1 1969/910/1
f 989/915/1 1970/914/1 990/911/1
f 1893/916/1 29/913/1 1894/912/1
f 989/915/1 1971/917/1 1970/914/1
f 1893/916/1 30/918/1 29/913/1
f 988/919/1 1971/917/1 989/915/1
f 988/919/1 1972/920/1 1971/917/1
f 1892/921/1 30/918/1 1893/916/1
f 987/922/1 1972/920/1 988/919/1
f 1892/921/1 31/923/1 30/918/1
f 987/922/1 1973/924/1 1972/920/1
f 1891/925/1 31/923/1 1892/921/1
f 986/926/1 1973/924/1 987/922/1
f 986/926/1 1974/927/1 1973/924/1
f 1891/925/1 32/928/1 31/923/1
f 1890/929/1 32/928/1 1891/925/1
f 985/930/1 1974/927/1 986/926/1
f 985/930/1 1975/931/1 1974/927/1
f 1890/929/1 33/932/1 32/928/1
f 984/933/1 1975/931/1 985/930/1
f 1889/934/1 33/932/1 1890/929/1
f 984/933/1 1976/935/1 1975/931/1
f 983/936/1 1976/935/1 984/933/1
f 983/936/1 1977/937/1 1976/935/1
f 1888/938/1 33/932/1 1889/934/1
f 1888/938/1 34/939/1 33/932/1
f 982/940/1 1977/937/1 983/936/1
f 982/940/1 1978/941/1 1977/937/1
f 1887/942/1 34/939/1 1888/938/1
f 1887/942/1 35/943/1 34/939/1
f 981/944/1 1978/941/1 982/940/1
f 981/944/1 1979/945/1 1978/941/1
f 1886/946/1 35/943/1 1887/942/1
f 980/947/1 1979/945/1 981/944/1
f 1886/946/1 36/948/1 35/943/1
f 980/947/1 1980/949/1 1979/945/1
f 1885/950/1 36/948/1 1886/946/1
f 979/951/1 1980/949/1 980/947/1
f 979/951/1 1981/952/1 1980/949/1
f 1885/950/1 37/953/1 36/948/1
f 978/954/1 1981/952/1 979/951/1
f 1884/955/1 37/953/1 1885/950/1
f 978/954/1 1982/956/1 1981/952/1
f 1884/955/1 38/957/1 37/953/1
f 977/958/1 1982/956/1 978/954/1
f 977/958/1 1983/959/1 1982/956/1
f 1883/960/1 38/957/1 1884/955/1
f 976/961/1 1983/959/1 977/958/1
f 976/961/1 1984/962/1 1983/959/1
f 1883/960/1 39/963/1 38/957/1
f 1882/964/1 39/963/1 1883/960/1
f 975/965/1 1984/962/1 976/961/1
f 975/965/1 1985/966/1 1984/962/1
f 1882/964/1 40/967/1 39/963/1
f 1881/968/1 40/967/1 1882/964/1
f 974/969/1 1985/966/1 975/965/1
f 974/969/1 1986/970/1 1985/966/1
f 973/971/1 1986/970/1 974/969/1
f 1880/972/1 40/967/1 1881/968/1
f 1880/972/1 41/973/1 40/967/1
f 973/971/1 1987/974/1 1986/970/1
f 972/975/1 1987/974/1 973/971/1
f 1879/976/1 41/973/1 1880/972/1
f 972/975/1 1988/977/1 1987/974/1
f 1879/976/1 42/978/1 41/973/1
f 971/979/1 1988/977/1 972/975/1
f 971/979/1 1989/980/1 1988/977/1
f 1878/981/1 42/978/1 1879/976/1
f 970/982/1 1989/980/1 971/979/1
f 1878/981/1 43/983/1 42/978/1
f 970/982/1 1990/984/1 1989/980/1
f 1877/985/1 43/983/1 1878/981/1
f 969/986/1 1990/984/1 970/982/1
f 1877/985/1 44/987/1 43/983/1
f 969/986/1 1798/988/1 1990/984/1
f 968/989/1 1798/988/1 969/986/1
f 1876/990/1 44/987/1 1877/985/1
f 968/989/1 1799/991/1 1798/988/1
f 1876/990/1 45/992/1 44/987/1
f 967/993/1 1799/991/1 968/989/1
f 967/993/1 1800/994/1 1799/991/1
f 967/993/1 1801/995/1 1800/994/1
f 1875/996/1 45/992/1 1876/990/1
f 967/993/1 1802/997/1 1801/995/1
f 967/993/1 1803/998/1 1802/997/1
f 966/999/1 1803/998/1 967/993/1
f 966/999/1 1804/1000/1 1803/998/1
f 1875/996/1 46/1001/1 45/992/1
f 966/999/1 1805/1002/1 1804/1000/1
f 966/999/1 1806/1003/1 1805/1002/1
f 1874/1004/1 46/1001/1 1875/996/1
f 965/1005/1 1806/1003/1 966/999/1
f 965/1005/1 1807/1006/1 1806/1003/1
f 965/1005/1 1808/1007/1 1807/1006/1
f 965/1005/1 1809/1008/1 1808/1007/1
f 1874/1004/1 47/1009/1 46/1001/1
f 964/1010/1 1809/1008/1 965/1005/1
f 964/1010/1 1810/1011/1 1809/1008/1
f 1873/1012/1 47/1009/1 1874/1004/1
f 964/1010/1 1811/1013/1 1810/1011/1
f 964/1010/1 1812/1014/1 1811/1013/1
f 964/1010/1 1813/1015/1 1812/1014/1
f 963/1016/1 1813/1015/1 964/1010/1
f 963/1016/1 1814/1017/1 1813/1015/1
f 1873/1012/1 48/1018/1 47/1009/1
f 1872/1019/1 48/1018/1 1873/1012/1
f 963/1016/1 1815/1020/1 1814/1017/1
f 963/1016/1 1816/1021/1 1815/1020/1
f 962/1022/1 1816/1021/1 963/1016/1
f 962/1022/1 1817/1023/1 1816/1021/1
f 962/1022/1 1818/1024/1 1817/1023/1
f 962/1022/1 705/1025/1 1818/1024/1
f 705/1025/1 1819/1026/1 1818/1024/1
f 1871/1027/1 48/1018/1 1872/1019/1
f 961/1028/1 705/1025/1 962/1022/1
f 961/1028/1 706/1029/1 705/1025/1
f 704/1030/1 1819/1026/1 705/1025/1
f 1871/1027/1 49/1031/1 48/1018/1
f 704/1030/1 1820/1032/1 1819/1026/1
f 961/1028/1 707/1033/1 706/1029/1
f 703/1034/1 1820/1032/1 704/1030/1
f 961/1028/1 708/1035/1 707/1033/1
f 703/1034/1 1821/1036/1 1820/1032/1
f 961/1028/1 709/1037/1 708/1035/1
f 702/1038/1 1821/1036/1 703/1034/1
f 961/1028/1 710/1039/1 709/1037/1
f 702/1038/1 1822/1040/1 1821/1036/1
f 961/1028/1 711/1041/1 710/1039/1
f 960/1042/1 711/1041/1 961/1028/1
f 701/1043/1 1822/1040/1 702/1038/1
f 701/1043/1 1823/1044/1 1822/1040/1
f 960/1042/1 712/1045/1 711/1041/1
f 1870/1046/1 49/1031/1 1871/1027/1
f 959/1047/1 712/1045/1 960/1042/1
f 959/1047/1 713/1048/1 712/1045/1
f 701/1043/1 1824/1049/1 1823/1044/1
f 700/1050/1 1824/1049/1 701/1043/1
f 959/1047/1 714/1051/1 713/1048/1
f 958/1052/1 714/1051/1 959/1047/1
f 1870/1046/1 50/1053/1 49/1031/1
f 958/1052/1 715/1054/1 714/1051/1
f 700/1050/1 1825/1055/1 1824/1049/1
f 957/1056/1 715/1054/1 958/1052/1
f 699/1057/1 1825/1055/1 700/1050/1
f 957/1056/1 716/1058/1 715/1054/1
f 956/1059/1 716/1058/1 957/1056/1
f 699/1057/1 1826/1060/1 1825/1055/1
f 956/1059/1 717/1061/1 716/1058/1
f 698/1062/1 1826/1060/1 699/1057/1
f 956/1059/1 718/1063/1 717/1061/1
f 955/1064/1 718/1063/1 956/1059/1
f 698/1062/1 1827/1065/1 1826/1060/1
f 955/1064/1 719/1066/1 718/1063/1
f 954/1067/1 719/1066/1 955/1064/1
f 697/1068/1 1827/1065/1 698/1062/1
f 1869/1069/1 50/1053/1 1870/1046/1
f 697/1068/1 1828/1070/1 1827/1065/1
f 954/1067/1 720/1071/1 719/1066/1
f 953/1072/1 720/1071/1 954/1067/1
f 953/1072/1 721/1073/1 720/1071/1
f 696/1074/1 1828/1070/1 697/1068/1
f 696/1074/1 1829/1075/1 1828/1070/1
f 952/1076/1 721/1073/1 953/1072/1
f 952/1076/1 722/1077/1 721/1073/1
f 1869/1069/1 51/1078/1 50/1053/1
f 952/1076/1 723/1079/1 722/1077/1
f 951/1080/1 723/1079/1 952/1076/1
f 696/1074/1 1830/1081/1 1829/1075/1
f 695/1082/1 1830/1081/1 696/1074/1
f 951/1080/1 724/1083/1 723/1079/1
f 950/1084/1 724/1083/1 951/1080/1
f 695/1082/1 1831/1085/1 1830/1081/1
f 694/1086/1 1831/1085/1 695/1082/1
f 950/1084/1 725/1087/1 724/1083/1
f 949/1088/1 725/1087/1 950/1084/1
f 949/1088/1 726/1089/1 725/1087/1
f 694/1086/1 1832/1090/1 1831/1085/1
f 1868/1091/1 51/1078/1 1869/1069/1
f 948/1092/1 726/1089/1 949/1088/1
f 693/1093/1 1832/1090/1 694/1086/1
f 948/1092/1 727/1094/1 726/1089/1
f 693/1093/1 1833/1095/1 1832/1090/1
f 947/1096/1 727/1094/1 948/1092/1
f 947/1096/1 728/1097/1 727/1094/1
f 692/1098/1 1833/1095/1 693/1093/1
f 946/1099/1 728/1097/1 947/1096/1
f 946/1099/1 729/1100/1 728/1097/1
f 692/1098/1 1834/1101/1 1833/1095/1
f 1868/1091/1 52/1102/1 51/1078/1
f 945/1103/1 729/1100/1 946/1099/1
f 945/1103/1 730/1104/1 729/1100/1
f 691/1105/1 1834/1101/1 692/1098/1
f 691/1105/1 1835/1106/1 1834/1101/1
f 945/1103/1 731/1107/1 730/1104/1
f 944/1108/1 731/1107/1 945/1103/1
f 691/1105/1 1836/1109/1 1835/1106/1
f 944/1108/1 732/1110/1 731/1107/1
f 943/1111/1 732/1110/1 944/1108/1
f 690/1112/1 1836/1109/1 691/1105/1
f 1867/1113/1 52/1102/1 1868/1091/1
f 943/1111/1 733/1114/1 732/1110/1
f 942/1115/1 733/1114/1 943/1111/1
f 690/1112/1 1837/1116/1 1836/1109/1
f 942/1115/1 734/1117/1 733/1114/1
f 689/1118/1 1837/1116/1 690/1112/1
f 941/1119/1 734/1117/1 942/1115/1
f 689/1118/1 1838/1120/1 1837/1116/1
f 941/1119/1 735/1121/1 734/1117/1
f 940/1122/1 735/1121/1 941/1119/1
f 688/1123/1 1838/1120/1 689/1118/1
f 940/1122/1 736/1124/1 735/1121/1
f 688/1123/1 1839/1125/1 1838/1120/1
f 939/1126/1 736/1124/1 940/1122/1
f 1867/1113/1 53/1127/1 52/1102/1
f 939/1126/1 737/1128/1 736/1124/1
f 938/1129/1 737/1128/1 939/1126/1
f 688/1123/1 1840/1130/1 1839/1125/1
f 687/1131/1 1840/1130/1 688/1123/1
f 938/1129/1 738/1132/1 737/1128/1
f 937/1133/1 738/1132/1 938/1129/1
f 1866/1134/1 53/1127/1 1867/1113/1
f 687/1131/1 1841/1135/1 1840/1130/1
f 937/1133/1 739/1136/1 738/1132/1
f 936/1137/1 739/1136/1 937/1133/1
f 686/1138/1 1841/1135/1 687/1131/1
f 936/1137/1 740/1139/1 739/1136/1
f 935/1140/1 740/1139/1 936/1137/1
f 686/1138/1 1842/1141/1 1841/1135/1
f 934/1142/1 740/1139/1 935/1140/1
f 934/1142/1 741/1143/1 740/1139/1
f 685/1144/1 1842/1141/1 686/1138/1
f 685/1144/1 1843/1145/1 1842/1141/1
f 933/1146/1 741/1143/1 934/1142/1
f 933/1146/1 742/1147/1 741/1143/1
f 932/1148/1 742/1147/1 933/1146/1
f 685/1144/1 1844/1149/1 1843/1145/1
f 932/1148/1 743/1150/1 742/1147/1
f 684/1151/1 1844/1149/1 685/1144/1
f 1866/1134/1 54/1152/1 53/1127/1
f 931/1153/1 743/1150/1 932/1148/1
f 931/1153/1 744/1154/1 743/1150/1
f 684/1151/1 1845/1155/1 1844/1149/1
f 930/1156/1 744/1154/1 931/1153/1
f 1865/1157/1 54/1152/1 1866/1134/1
f 683/1158/1 1845/1155/1 684/1151/1
f 930/1156/1 745/1159/1 744/1154/1
f 929/1160/1 745/1159/1 930/1156/1
f 683/1158/1 1846/1161/1 1845/1155/1
f 929/1160/1 746/1162/1 745/1159/1
f 928/1163/1 746/1162/1 929/1160/1
f 682/1164/1 1846/1161/1 683/1158/1
f 682/1164/1 1847/1165/1 1846/1161/1
f 927/1166/1 746/1162/1 928/1163/1
f 927/1166/1 747/1167/1 746/1162/1
f 926/1168/1 747/1167/1 927/1166/1
f 926/1168/1 748/1169/1 747/1167/1
f 682/1164/1 1848/1170/1 1847/1165/1
f 681/1171/1 1848/1170/1 682/1164/1
f 925/1172/1 748/1169/1 926/1168/1
f 925/1172/1 749/1173/1 748/1169/1
f 924/1174/1 749/1173/1 925/1172/1
f 681/1171/1 1849/1175/1 1848/1170/1
f 1865/1157/1 55/1176/1 54/1152/1
f 924/1174/1 750/1177/1 749/1173/1
f 923/1178/1 750/1177/1 924/1174/1
f 680/1179/1 1849/1175/1 681/1171/1
f 1864/1180/1 55/1176/1 1865/1157/1
f 680/1179/1 1850/1181/1 1849/1175/1
f 922/1182/1 750/1177/1 923/1178/1
f 922/1182/1 751/1183/1 750/1177/1
f 921/1184/1 751/1183/1 922/1182/1
f 679/1185/1 1850/1181/1 680/1179/1
f 679/1185/1 1851/1186/1 1850/1181/1
f 921/1184/1 752/1187/1 751/1183/1
f 920/1188/1 752/1187/1 921/1184/1
f 920/1188/1 753/1189/1 752/1187/1
f 919/1190/1 753/1189/1 920/1188/1
f 679/1185/1 1852/1191/1 1851/1186/1
f 678/1192/1 1852/1191/1 679/1185/1
f 918/1193/1 753/1189/1 919/1190/1
f 918/1193/1 754/1194/1 753/1189/1
f 917/1195/1 754/1194/1 918/1193/1
f 678/1192/1 1853/1196/1 1852/1191/1
f 917/1195/1 755/1197/1 754/1194/1
f 916/1198/1 755/1197/1 917/1195/1
f 677/1199/1 1853/1196/1 678/1192/1
f 677/1199/1 1854/1200/1 1853/1196/1
f 915/1201/1 755/1197/1 916/1198/1
f 1864/1180/1 56/1202/1 55/1176/1
f 1863/1203/1 56/1202/1 1864/1180/1
f 915/1201/1 756/1204/1 755/1197/1
f 914/1205/1 756/1204/1 915/1201/1
f 677/1199/1 1855/1206/1 1854/1200/1
f 914/1205/1 757/1207/1 756/1204/1
f 913/1208/1 757/1207/1 914/1205/1
f 676/1209/1 1855/1206/1 677/1199/1
f 912/1210/1 757/1207/1 913/1208/1
f 912/1210/1 758/1211/1 757/1207/1
f 676/1209/1 1856/1212/1 1855/1206/1
f 911/1213/1 758/1211/1 912/1210/1
f 675/1214/1 1856/1212/1 676/1209/1
f 910/1215/1 758/1211/1 911/1213/1
f 910/1215/1 759/1216/1 758/1211/1
f 675/1214/1 1857/1217/1 1856/1212/1
f 909/1218/1 759/1216/1 910/1215/1
f 909/1218/1 760/1219/1 759/1216/1
f 908/1220/1 760/1219/1 909/1218/1
f 675/1214/1 1858/1221/1 1857/1217/1
f 674/1222/1 1858/1221/1 675/1214/1
f 907/1223/1 760/1219/1 908/1220/1
f 907/1223/1 761/1224/1 760/1219/1
f 1862/1225/1 56/1202/1 1863/1203/1
f 906/1226/1 761/1224/1 907/1223/1
f 674/1222/1 1859/1227/1 1858/1221/1
f 1862/1225/1 57/1228/1 56/1202/1
f 905/1229/1 761/1224/1 906/1226/1
f 905/1229/1 762/1230/1 761/1224/1
f 904/1231/1 762/1230/1 905/1229/1
f 673/1232/1 1859/1227/1 674/1222/1
f 673/1232/1 1860/1233/1 1859/1227/1
f 903/1234/1 762/1230/1 904/1231/1
f 903/1234/1 763/1235/1 762/1230/1
f 902/1236/1 763/1235/1 903/1234/1
f 901/1237/1 763/1235/1 902/1236/1
f 673/1232/1 1861/1238/1 1860/1233/1
f 901/1237/1 764/1239/1 763/1235/1
f 672/1240/1 1861/1238/1 673/1232/1
f 900/1241/1 764/1239/1 901/1237/1
f 899/1242/1 764/1239/1 900/1241/1
f 899/1242/1 765/1243/1 764/1239/1
f 672/1240/1 1862/1225/1 1861/1238/1
f 898/1244/1 765/1243/1 899/1242/1
f 671/1245/1 1862/1225/1 672/1240/1
f 897/1246/1 765/1243/1 898/1244/1
f 897/1246/1 766/1247/1 765/1243/1
f 896/1248/1 766/1247/1 897/1246/1
f 671/1245/1 57/1228/1 1862/1225/1
f 896/1248/1 767/1249/1 766/1247/1
f 895/1250/1 767/1249/1 896/1248/1
f 671/1245/1 58/1251/1 57/1228/1
f 670/1252/1 58/1251/1 671/1245/1
f 895/1250/1 768/1253/1 767/1249/1
f 894/1254/1 768/1253/1 895/1250/1
f 894/1254/1 769/1255/1 768/1253/1
f 669/1256/1 58/1251/1 670/1252/1
f 893/1257/1 769/1255/1 894/1254/1
f 893/1257/1 770/1258/1 769/1255/1
f 892/1259/1 770/1258/1 893/1257/1
f 668/1260/1 58/1251/1 669/1256/1
f 892/1259/1 771/1261/1 770/1258/1
f 891/1262/1 771/1261/1 892/1259/1
f 891/1262/1 772/1263/1 771/1261/1
f 890/1264/1 772/1263/1 891/1262/1
f 667/1265/1 58/1251/1 668/1260/1
f 890/1264/1 773/1266/1 772/1263/1
f 667/1265/1 59/1267/1 58/1251/1
f 889/1268/1 773/1266/1 890/1264/1
f 889/1268/1 774/1269/1 773/1266/1
f 666/1270/1 59/1267/1 667/1265/1
f 888/1271/1 774/1269/1 889/1268/1
f 888/1271/1 775/1272/1 774/1269/1
f 887/1273/1 775/1272/1 888/1271/1
f 887/1273/1 776/1274/1 775/1272/1
f 665/1275/1 59/1267/1 666/1270/1
f 886/1276/1 776/1274/1 887/1273/1
f 886/1276/1 777/1277/1 776/1274/1
f 885/1278/1 777/1277/1 886/1276/1
f 885/1278/1 778/1279/1 777/1277/1
f 664/1280/1 59/1267/1 665/1275/1
f 885/1278/1 779/1281/1 778/1279/1
f 884/1282/1 779/1281/1 885/1278/1
f 664/1280/1 60/1283/1 59/1267/1
f 884/1282/1 780/1284/1 779/1281/1
f 883/1285/1 780/1284/1 884/1282/1
f 663/1286/1 60/1283/1 664/1280/1
f 883/1285/1 781/1287/1 780/1284/1
f 882/1288/1 781/1287/1 883/1285/1
f 882/1288/1 782/1289/1 781/1287/1
f 881/1290/1 782/1289/1 882/1288/1
f 662/1291/1 60/1283/1 663/1286/1
f 881/1290/1 783/1292/1 782/1289/1
f 880/1293/1 783/1292/1 881/1290/1
f 880/1293/1 784/1294/1 783/1292/1
f 879/1295/1 784/1294/1 880/1293/1
f 879/1295/1 785/1296/1 784/1294/1
f 661/1297/1 60/1283/1 662/1291/1
f 878/1298/1 785/1296/1 879/1295/1
f 878/1298/1 786/1299/1 785/1296/1
f 661/1297/1 61/1300/1 60/1283/1
f 877/1301/1 786/1299/1 878/1298/1
f 877/1301/1 787/1302/1 786/1299/1
f 876/1303/1 787/1302/1 877/1301/1
f 660/1304/1 61/1300/1 661/1297/1
f 876/1303/1 788/1305/1 787/1302/1
f 875/1306/1 788/1305/1 876/1303/1
f 875/1306/1 789/1307/1 788/1305/1
f 874/1308/1 789/1307/1 875/1306/1
f 874/1308/1 790/1309/1 789/1307/1
f 659/1310/1 61/1300/1 660/1304/1
f 873/1311/1 790/1309/1 874/1308/1
f 873/1311/1 791/1312/1 790/1309/1
f 872/1313/1 791/1312/1 873/1311/1
f 872/1313/1 792/1314/1 791/1312/1
f 871/1315/1 792/1314/1 872/1313/1
f 871/1315/1 793/1316/1 792/1314/1
f 658/1317/1 61/1300/1 659/1310/1
f 870/1318/1 793/1316/1 871/1315/1
f 658/1317/1 62/1319/1 61/1300/1
f 870/1318/1 794/1320/1 793/1316/1
f 869/1321/1 794/1320/1 870/1318/1
f 869/1321/1 795/1322/1 794/1320/1
f 868/1323/1 795/1322/1 869/1321/1
f 868/1323/1 796/1324/1 795/1322/1
f 657/1325/1 62/1319/1 658/1317/1
f 867/1326/1 796/1324/1 868/1323/1
f 867/1326/1 797/1327/1 796/1324/1
f 867/1326/1 798/1328/1 797/1327/1
f 866/1329/1 798/1328/1 867/1326/1
f 866/1329/1 799/1330/1 798/1328/1
f 865/1331/1 799/1330/1 866/1329/1
f 656/1332/1 62/1319/1 657/1325/1
f 865/1331/1 800/1333/1 799/1330/1
f 864/1334/1 800/1333/1 865/1331/1
f 864/1334/1 801/1335/1 800/1333/1
f 863/1336/1 801/1335/1 864/1334/1
f 863/1336/1 802/1337/1 801/1335/1
f 862/1338/1 802/1337/1 863/1336/1
f 862/1338/1 803/1339/1 802/1337/1
f 655/1340/1 62/1319/1 656/1332/1
f 861/1341/1 803/1339/1 862/1338/1
f 655/1340/1 63/1342/1 62/1319/1
f 861/1341/1 804/1343/1 803/1339/1
f 860/1344/1 804/1343/1 861/1341/1
f 860/1344/1 805/1345/1 804/1343/1
f 859/1346/1 805/1345/1 860/1344/1
f 859/1346/1 806/1347/1 805/1345/1
f 858/1348/1 806/1347/1 859/1346/1
f 858/1348/1 807/1349/1 806/1347/1
f 654/1350/1 63/1342/1 655/1340/1
f 857/1351/1 807/1349/1 858/1348/1
f 857/1351/1 808/1352/1 807/1349/1
f 856/1353/1 808/1352/1 857/1351/1
f 856/1353/1 809/1354/1 808/1352/1
f 855/1355/1 809/1354/1 856/1353/1
f 855/1355/1 810/1356/1 809/1354/1
f 854/1357/1 810/1356/1 855/1355/1
f 854/1357/1 811/1358/1 810/1356/1
f 853/1359/1 811/1358/1 854/1357/1
f 853/1359/1 812/1360/1 811/1358/1
f 653/1361/1 63/1342/1 654/1350/1
f 852/1362/1 812/1360/1 853/1359/1
f 852/1362/1 813/1363/1 812/1360/1
f 851/1364/1 813/1363/1 852/1362/1
f 851/1364/1 814/1365/1 813/1363/1
f 850/1366/1 814/1365/1 851/1364/1
f 850/1366/1 815/1367/1 814/1365/1
f 850/1366/1 816/1368/1 815/1367/1
f 849/1369/1 816/1368/1 850/1366/1
f 849/1369/1 817/1370/1 816/1368/1
f 848/1371/1 817/1370/1 849/1369/1
f 848/1371/1 818/1372/1 817/1370/1
f 847/1373/1 818/1372/1 848/1371/1
f 653/1361/1 64/1374/1 63/1342/1
f 652/1375/1 64/1374/1 653/1361/1
f 847/1373/1 819/1376/1 818/1372/1
f 846/1377/1 819/1376/1 847/1373/1
f 846/1377/1 820/1378/1 819/1376/1
f 845/1379/1 820/1378/1 846/1377/1
f 845/1379/1 821/1380/1 820/1378/1
f 844/1381/1 821/1380/1 845/1379/1
f 844/1381/1 822/1382/1 821/1380/1
f 843/1383/1 822/1382/1 844/1381/1
f 843/1383/1 823/1384/1 822/1382/1
f 842/1385/1 823/1384/1 843/1383/1
f 842/1385/1 824/1386/1 823/1384/1
f 841/1387/1 824/1386/1 842/1385/1
f 841/1387/1 825/1388/1 824/1386/1
f 840/1389/1 825/1388/1 841/1387/1
f 840/1389/1 826/1390/1 825/1388/1
f 839/1391/1 826/1390/1 840/1389/1
f 839/1391/1 827/1392/1 826/1390/1
f 838/1393/1 827/1392/1 839/1391/1
f 838/1393/1 828/1394/1 827/1392/1
f 837/1395/1 828/1394/1 838/1393/1
f 837/1395/1 829/1396/1 828/1394/1
f 836/1397/1 829/1396/1 837/1395/1
f 836/1397/1 830/1398/1 829/1396/1
f 835/1399/1 830/1398/1 836/1397/1
f 835/1399/1 831/1400/1 830/1398/1
f 834/1401/1 831/1400/1 835/1399/1
f 834/1401/1 832/1402/1 831/1400/1
f 833/1403/1 832/1402/1 834/1401/1
f 651/1404/1 64/1374/1 652/1375/1
f 650/1405/1 64/1374/1 651/1404/1
f 650/1405/1 65/1406/1 64/1374/1
f 649/1407/1 65/1406/1 650/1405/1
f 648/1408/1 65/1406/1 649/1407/1
f 647/1409/1 65/1406/1 648/1408/1
f 647/1409/1 66/1410/1 65/1406/1
f 646/1411/1 66/1410/1 647/1409/1
f 646/1411/1 67/1412/1 66/1410/1
f 645/1413/1 67/1412/1 646/1411/1
f 645/1413/1 68/1414/1 67/1412/1
f 644/1415/1 68/1414/1 645/1413/1
f 644/1415/1 69/1416/1 68/1414/1
f 643/1417/1 69/1416/1 644/1415/1
f 643/1417/1 70/1418/1 69/1416/1
f 642/1419/1 70/1418/1 643/1417/1
f 642/1419/1 71/1420/1 70/1418/1
f 641/1421/1 71/1420/1 642/1419/1
f 640/1422/1 71/1420/1 641/1421/1
f 640/1422/1 72/1423/1 71/1420/1
f 640/1422/1 73/1424/1 72/1423/1
f 640/1422/1 74/1425/1 73/1424/1
f 639/1426/1 74/1425/1 640/1422/1
f 639/1426/1 75/1427/1 74/1425/1
f 639/1426/1 76/1428/1 75/1427/1
f 639/1426/1 77/1429/1 76/1428/1
f 638/1430/1 77/1429/1 639/1426/1
f 638/1430/1 78/1431/1 77/1429/1
f 638/1430/1 79/1432/1 78/1431/1
f 638/1430/1 80/1433/1 79/1432/1
f 637/1434/1 80/1433/1 638/1430/1
f 637/1434/1 81/1435/1 80/1433/1
f 637/1434/1 82/1436/1 81/1435/1
f 637/1434/1 83/1437/1 82/1436/1
f 636/1438/1 83/1437/1 637/1434/1
f 636/1438/1 84/1439/1 83/1437/1
f 636/1438/1 85/1440/1 84/1439/1
f 636/1438/1 86/1441/1 85/1440/1
f 635/1442/1 86/1441/1 636/1438/1
f 635/1442/1 87/1443/1 86/1441/1
f 635/1442/1 88/1444/1 87/1443/1
f 635/1442/1 89/1445/1 88/1444/1
f 634/1446/1 89/1445/1 635/1442/1
f 634/1446/1 90/1447/1 89/1445/1
f 634/1446/1 91/1448/1 90/1447/1
f 634/1446/1 92/1449/1 91/1448/1
f 633/1450/1 92/1449/1 634/1446/1
f 633/1450/1 93/1451/1 92/1449/1
f 633/1450/1 94/1452/1 93/1451/1
f 632/1453/1 94/1452/1 633/1450/1
f 632/1453/1 95/1454/1 94/1452/1
f 632/1453/1 96/1455/1 95/1454/1
f 632/1453/1 97/1456/1 96/1455/1
f 631/1457/1 97/1456/1 632/1453/1
f 631/1457/1 385/1458/1 97/1456/1
f 385/1458/1 98/1459/1 97/1456/1
f 385/1458/1 99/1460/1 98/1459/1
f 631/1457/1 386/1461/1 385/1458/1
f 384/1462/1 99/1460/1 385/1458/1
f 384/1462/1 100/1463/1 99/1460/1
f 630/1464/1 386/1461/1 631/1457/1
f 383/1465/1 100/1463/1 384/1462/1
f 383/1465/1 101/1466/1 100/1463/1
f 383/1465/1 102/1467/1 101/1466/1
f 382/1468/1 102/1467/1 383/1465/1
f 630/1464/1 387/1469/1 386/1461/1
f 382/1468/1 103/1470/1 102/1467/1
f 629/1471/1 387/1469/1 630/1464/1
f 381/1472/1 103/1470/1 382/1468/1
f 381/1472/1 104/1473/1 103/1470/1
f 380/1474/1 104/1473/1 381/1472/1
f 380/1474/1 105/1475/1 104/1473/1
f 629/1471/1 388/1476/1 387/1469/1
f 628/1477/1 388/1476/1 629/1471/1
f 380/1474/1 106/1478/1 105/1475/1
f 379/1479/1 106/1478/1 380/1474/1
f 379/1479/1 107/1480/1 106/1478/1
f 378/1481/1 107/1480/1 379/1479/1
f 378/1481/1 108/1482/1 107/1480/1
f 627/1483/1 388/1476/1 628/1477/1
f 377/1484/1 108/1482/1 378/1481/1
f 627/1483/1 389/1485/1 388/1476/1
f 377/1484/1 109/1486/1 108/1482/1
f 377/1484/1 110/1487/1 109/1486/1
f 376/1488/1 110/1487/1 377/1484/1
f 376/1488/1 111/1489/1 110/1487/1
f 626/1490/1 389/1485/1 627/1483/1
f 375/1491/1 111/1489/1 376/1488/1
f 626/1490/1 390/1492/1 389/1485/1
f 375/1491/1 112/1493/1 111/1489/1
f 374/1494/1 112/1493/1 375/1491/1
f 374/1494/1 113/1495/1 112/1493/1
f 625/1496/1 390/1492/1 626/1490/1
f 374/1494/1 114/1497/1 113/1495/1
f 373/1498/1 114/1497/1 374/1494/1
f 625/1496/1 391/1499/1 390/1492/1
f 373/1498/1 115/1500/1 114/1497/1
f 372/1501/1 115/1500/1 373/1498/1
f 372/1501/1 116/1502/1 115/1500/1
f 624/1503/1 391/1499/1 625/1496/1
f 372/1501/1 117/1504/1 116/1502/1
f 371/1505/1 117/1504/1 372/1501/1
f 624/1503/1 392/1506/1 391/1499/1
f 371/1505/1 118/1507/1 117/1504/1
f 370/1508/1 118/1507/1 371/1505/1
f 623/1509/1 392/1506/1 624/1503/1
f 370/1508/1 119/1510/1 118/1507/1
f 370/1508/1 120/1511/1 119/1510/1
f 369/1512/1 120/1511/1 370/1508/1
f 623/1509/1 393/1513/1 392/1506/1
f 369/1512/1 121/1514/1 120/1511/1
f 622/1515/1 393/1513/1 623/1509/1
f 368/1516/1 121/1514/1 369/1512/1
f 368/1516/1 122/1517/1 121/1514/1
f 367/1518/1 122/1517/1 368/1516/1
f 367/1518/1 123/1519/1 122/1517/1
f 622/1515/1 394/1520/1 393/1513/1
f 621/1521/1 394/1520/1 622/1515/1
f 367/1518/1 124/1522/1 123/1519/1
f 366/1523/1 124/1522/1 367/1518/1
f 366/1523/1 125/1524/1 124/1522/1
f 365/1525/1 125/1524/1 366/1523/1
f 365/1525/1 126/1526/1 125/1524/1
f 620/1527/1 394/1520/1 621/1521/1
f 620/1527/1 395/1528/1 394/1520/1
f 365/1525/1 127/1529/1 126/1526/1
f 364/1530/1 127/1529/1 365/1525/1
f 364/1530/1 128/1531/1 127/1529/1
f 363/1532/1 128/1531/1 364/1530/1
f 619/1533/1 395/1528/1 620/1527/1
f 363/1532/1 129/1534/1 128/1531/1
f 619/1533/1 396/1535/1 395/1528/1
f 363/1532/1 130/1536/1 129/1534/1
f 362/1537/1 130/1536/1 363/1532/1
f 362/1537/1 131/1538/1 130/1536/1
f 618/1539/1 396/1535/1 619/1533/1
f 362/1537/1 132/1540/1 131/1538/1
f 361/1541/1 132/1540/1 362/1537/1
f 618/1539/1 397/1542/1 396/1535/1
f 361/1541/1 133/1543/1 132/1540/1
f 360/1544/1 133/1543/1 361/1541/1
f 360/1544/1 134/1545/1 133/1543/1
f 617/1546/1 397/1542/1 618/1539/1
f 360/1544/1 135/1547/1 134/1545/1
f 617/1546/1 398/1548/1 397/1542/1
f 359/1549/1 135/1547/1 360/1544/1
f 359/1549/1 136/1550/1 135/1547/1
f 616/1551/1 398/1548/1 617/1546/1
f 359/1549/1 137/1552/1 136/1550/1
f 358/1553/1 137/1552/1 359/1549/1
f 358/1553/1 138/1554/1 137/1552/1
f 616/1551/1 399/1555/1 398/1548/1
f 358/1553/1 139/1556/1 138/1554/1
f 357/1557/1 139/1556/1 358/1553/1
f 615/1558/1 399/1555/1 616/1551/1
f 357/1557/1 140/1559/1 139/1556/1
f 356/1560/1 140/1559/1 357/1557/1
f 356/1560/1 141/1561/1 140/1559/1
f 615/1558/1 400/1562/1 399/1555/1
f 356/1560/1 142/1563/1 141/1561/1
f 614/1564/1 400/1562/1 615/1558/1
f 355/1565/1 142/1563/1 356/1560/1
f 355/1565/1 143/1566/1 142/1563/1
f 355/1565/1 144/1567/1 143/1566/1
f 614/1564/1 401/1568/1 400/1562/1
f 354/1569/1 144/1567/1 355/1565/1
f 613/1570/1 401/1568/1 614/1564/1
f 354/1569/1 145/1571/1 144/1567/1
f 354/1569/1 146/1572/1 145/1571/1
f 353/1573/1 146/1572/1 354/1569/1
f 353/1573/1 147/1574/1 146/1572/1
f 613/1570/1 402/1575/1 401/1568/1
f 612/1576/1 402/1575/1 613/1570/1
f 353/1573/1 148/1577/1 147/1574/1
f 352/1578/1 148/1577/1 353/1573/1
f 352/1578/1 149/1579/1 148/1577/1
f 352/1578/1 150/1580/1 149/1579/1
f 611/1581/1 402/1575/1 612/1576/1
f 351/1582/1 150/1580/1 352/1578/1
f 611/1581/1 403/1583/1 402/1575/1
f 351/1582/1 151/1584/1 150/1580/1
f 351/1582/1 152/1585/1 151/1584/1
f 350/1586/1 152/1585/1 351/1582/1
f 610/1587/1 403/1583/1 611/1581/1
f 350/1586/1 153/1588/1 152/1585/1
f 610/1587/1 404/1589/1 403/1583/1
f 350/1586/1 154/1590/1 153/1588/1
f 349/1591/1 154/1590/1 350/1586/1
f 349/1591/1 155/1592/1 154/1590/1
f 609/1593/1 404/1589/1 610/1587/1
f 609/1593/1 405/1594/1 404/1589/1
f 349/1591/1 156/1595/1 155/1592/1
f 348/1596/1 156/1595/1 349/1591/1
f 348/1596/1 157/1597/1 156/1595/1
f 608/1598/1 405/1594/1 609/1593/1
f 347/1599/1 157/1597/1 348/1596/1
f 347/1599/1 158/1600/1 157/1597/1
f 608/1598/1 406/1601/1 405/1594/1
f 347/1599/1 159/1602/1 158/1600/1
f 346/1603/1 159/1602/1 347/1599/1
f 346/1603/1 160/1604/1 159/1602/1
f 607/1605/1 406/1601/1 608/1598/1
f 346/1603/1 161/1606/1 160/1604/1
f 607/1605/1 407/1607/1 406/1601/1
f 346/1603/1 162/1608/1 161/1606/1
f 345/1609/1 162/1608/1 346/1603/1
f 345/1609/1 163/1610/1 162/1608/1
f 606/1611/1 407/1607/1 607/1605/1
f 345/1609/1 164/1612/1 163/1610/1
f 344/1613/1 164/1612/1 345/1609/1
f 606/1611/1 408/1614/1 407/1607/1
f 344/1613/1 165/1615/1 164/1612/1
f 605/1616/1 408/1614/1 606/1611/1
f 344/1613/1 166/1617/1 165/1615/1
f 343/1618/1 166/1617/1 344/1613/1
f 343/1618/1 167/1619/1 166/1617/1
f 605/1616/1 409/1620/1 408/1614/1
f 343/1618/1 168/1621/1 167/1619/1
f 604/1622/1 409/1620/1 605/1616/1
f 342/1623/1 168/1621/1 343/1618/1
f 342/1623/1 169/1624/1 168/1621/1
f 604/1622/1 410/1625/1 409/1620/1
f 342/1623/1 170/1626/1 169/1624/1
f 341/1627/1 170/1626/1 342/1623/1
f 603/1628/1 410/1625/1 604/1622/1
f 341/1627/1 171/1629/1 170/1626/1
f 341/1627/1 172/1630/1 171/1629/1
f 340/1631/1 172/1630/1 341/1627/1
f 603/1628/1 411/1632/1 410/1625/1
f 340/1631/1 173/1633/1 172/1630/1
f 602/1634/1 411/1632/1 603/1628/1
f 340/1631/1 174/1635/1 173/1633/1
f 339/1636/1 174/1635/1 340/1631/1
f 339/1636/1 175/1637/1 174/1635/1
f 602/1634/1 412/1638/1 411/1632/1
f 601/1639/1 412/1638/1 602/1634/1
f 339/1636/1 176/1640/1 175/1637/1
f 338/1641/1 176/1640/1 339/1636/1
f 338/1641/1 177/1642/1 176/1640/1
f 601/1639/1 413/1643/1 412/1638/1
f 338/1641/1 178/1644/1 177/1642/1
f 600/1645/1 413/1643/1 601/1639/1
f 337/1646/1 178/1644/1 338/1641/1
f 337/1646/1 179/1647/1 178/1644/1
f 337/1646/1 180/1648/1 179/1647/1
f 600/1645/1 414/1649/1 413/1643/1
f 599/1650/1 414/1649/1 600/1645/1
f 337/1646/1 181/1651/1 180/1648/1
f 336/1652/1 181/1651/1 337/1646/1
f 336/1652/1 182/1653/1 181/1651/1
f 599/1650/1 415/1654/1 414/1649/1
f 598/1655/1 415/1654/1 599/1650/1
f 336/1652/1 183/1656/1 182/1653/1
f 335/1657/1 183/1656/1 336/1652/1
f 335/1657/1 184/1658/1 183/1656/1
f 335/1657/1 185/1659/1 184/1658/1
f 597/1660/1 415/1654/1 598/1655/1
f 597/1660/1 416/1661/1 415/1654/1
f 334/1662/1 185/1659/1 335/1657/1
f 334/1662/1 186/1663/1 185/1659/1
f 334/1662/1 187/1664/1 186/1663/1
f 596/1665/1 416/1661/1 597/1660/1
f 596/1665/1 417/1666/1 416/1661/1
f 333/1667/1 187/1664/1 334/1662/1
f 333/1667/1 188/1668/1 187/1664/1
f 333/1667/1 189/1669/1 188/1668/1
f 595/1670/1 417/1666/1 596/1665/1
f 333/1667/1 190/1671/1 189/1669/1
f 595/1670/1 418/1672/1 417/1666/1
f 332/1673/1 190/1671/1 333/1667/1
f 332/1673/1 191/1674/1 190/1671/1
f 332/1673/1 192/1675/1 191/1674/1
f 594/1676/1 418/1672/1 595/1670/1
f 594/1676/1 419/1677/1 418/1672/1
f 331/1678/1 192/1675/1 332/1673/1
f 331/1678/1 193/1679/1 192/1675/1
f 331/1678/1 194/1680/1 193/1679/1
f 593/1681/1 419/1677/1 594/1676/1
f 593/1681/1 420/1682/1 419/1677/1
f 330/1683/1 194/1680/1 331/1678/1
f 330/1683/1 195/1684/1 194/1680/1
f 592/1685/1 420/1682/1 593/1681/1
f 330/1683/1 196/1686/1 195/1684/1
f 592/1685/1 421/1687/1 420/1682/1
f 329/1688/1 196/1686/1 330/1683/1
f 329/1688/1 197/1689/1 196/1686/1
f 591/1690/1 421/1687/1 592/1685/1
f 591/1690/1 422/1691/1 421/1687/1
f 328/1692/1 197/1689/1 329/1688/1
f 328/1692/1 198/1693/1 197/1689/1
f 328/1692/1 199/1694/1 198/1693/1
f 590/1695/1 422/1691/1 591/1690/1
f 590/1695/1 423/1696/1 422/1691/1
f 327/1697/1 199/1694/1 328/1692/1
f 327/1697/1 200/1698/1 199/1694/1
f 589/1699/1 423/1696/1 590/1695/1
f 589/1699/1 424/1700/1 423/1696/1
f 327/1697/1 201/1701/1 200/1698/1
f 326/1702/1 201/1701/1 327/1697/1
f 326/1702/1 202/1703/1 201/1701/1
f 588/1704/1 424/1700/1 589/1699/1
f 588/1704/1 425/1705/1 424/1700/1
f 326/1702/1 203/1706/1 202/1703/1
f 325/1707/1 203/1706/1 326/1702/1
f 587/1708/1 425/1705/1 588/1704/1
f 587/1708/1 426/1709/1 425/1705/1
f 325/1707/1 204/1710/1 203/1706/1
f 325/1707/1 205/1711/1 204/1710/1
f 324/1712/1 205/1711/1 325/1707/1
f 587/1708/1 427/1713/1 426/1709/1
f 586/1714/1 427/1713/1 587/1708/1
f 324/1712/1 206/1715/1 205/1711/1
f 324/1712/1 207/1716/1 206/1715/1
f 586/1714/1 428/1717/1 427/1713/1
f 585/1718/1 428/1717/1 586/1714/1
f 323/1719/1 207/1716/1 324/1712/1
f 323/1719/1 208/1720/1 207/1716/1
f 585/1718/1 429/1721/1 428/1717/1
f 584/1722/1 429/1721/1 585/1718/1
f 323/1719/1 209/1723/1 208/1720/1
f 322/1724/1 209/1723/1 323/1719/1
f 322/1724/1 210/1725/1 209/1723/1
f 584/1722/1 430/1726/1 429/1721/1
f 583/1727/1 430/1726/1 584/1722/1
f 322/1724/1 211/1728/1 210/1725/1
f 321/1729/1 211/1728/1 322/1724/1
f 583/1727/1 431/1730/1 430/1726/1
f 321/1729/1 212/1731/1 211/1728/1
f 582/1732/1 431/1730/1 583/1727/1
f 321/1729/1 213/1733/1 212/1731/1
f 582/1732/1 432/1734/1 431/1730/1
f 320/1735/1 213/1733/1 321/1729/1
f 320/1735/1 214/1736/1 213/1733/1
f 581/1737/1 432/1734/1 582/1732/1
f 319/1738/1 214/1736/1 320/1735/1
f 319/1738/1 215/1739/1 214/1736/1
f 581/1737/1 433/1740/1 432/1734/1
f 318/1741/1 215/1739/1 319/1738/1
f 318/1741/1 216/1742/1 215/1739/1
f 317/1743/1 216/1742/1 318/1741/1
f 580/1744/1 433/1740/1 581/1737/1
f 580/1744/1 434/1745/1 433/1740/1
f 316/1746/1 216/1742/1 317/1743/1
f 316/1746/1 217/1747/1 216/1742/1
f 315/1748/1 217/1747/1 316/1746/1
f 315/1748/1 218/1749/1 217/1747/1
f 579/1750/1 434/1745/1 580/1744/1
f 314/1751/1 218/1749/1 315/1748/1
f 579/1750/1 435/1752/1 434/1745/1
f 313/1753/1 218/1749/1 314/1751/1
f 313/1753/1 219/1754/1 218/1749/1
f 312/1755/1 219/1754/1 313/1753/1
f 579/1750/1 436/1756/1 435/1752/1
f 312/1755/1 220/1757/1 219/1754/1
f 578/1758/1 436/1756/1 579/1750/1
f 311/1759/1 220/1757/1 312/1755/1
f 310/1760/1 220/1757/1 311/1759/1
f 310/1760/1 221/1761/1 220/1757/1
f 309/1762/1 221/1761/1 310/1760/1
f 578/1758/1 437/1763/1 436/1756/1
f 309/1762/1 222/1764/1 221/1761/1
f 577/1765/1 437/1763/1 578/1758/1
f 308/1766/1 222/1764/1 309/1762/1
f 307/1767/1 222/1764/1 308/1766/1
f 307/1767/1 223/1768/1 222/1764/1
f 577/1765/1 438/1769/1 437/1763/1
f 306/1770/1 223/1768/1 307/1767/1
f 306/1770/1 224/1771/1 223/1768/1
f 576/1772/1 438/1769/1 577/1765/1
f 575/1773/1 438/1769/1 576/1772/1
f 305/1774/1 224/1771/1 306/1770/1
f 574/1775/1 438/1769/1 575/1773/1
f 573/1776/1 438/1769/1 574/1775/1
f 572/1777/1 438/1769/1 573/1776/1
f 571/1778/1 438/1769/1 572/1777/1
f 570/1779/1 438/1769/1 571/1778/1
f 569/1780/1 438/1769/1 570/1779/1
f 568/1781/1 438/1769/1 569/1780/1
f 567/1782/1 438/1769/1 568/1781/1
f 566/1783/1 438/1769/1 567/1782/1
f 565/1784/1 438/1769/1 566/1783/1
f 564/1785/1 438/1769/1 565/1784/1
f 563/1786/1 438/1769/1 564/1785/1
f 562/1787/1 438/1769/1 563/1786/1
f 561/1788/1 438/1769/1 562/1787/1
f 560/1789/1 438/1769/1 561/1788/1
f 559/1790/1 438/1769/1 560/1789/1
f 558/1791/1 438/1769/1 559/1790/1
f 557/1792/1 438/1769/1 558/1791/1
f 556/1793/1 438/1769/1 557/1792/1
f 304/1794/1 224/1771/1 305/1774/1
f 555/1795/1 438/1769/1 556/1793/1
f 555/1795/1 439/1796/1 438/1769/1
f 304/1794/1 225/1797/1 224/1771/1
f 554/1798/1 439/1796/1 555/1795/1
f 553/1799/1 439/1796/1 554/1798/1
f 552/1800/1 439/1796/1 553/1799/1
f 551/1801/1 439/1796/1 552/1800/1
f 550/1802/1 439/1796/1 551/1801/1
f 549/1803/1 439/1796/1 550/1802/1
f 548/1804/1 439/1796/1 549/1803/1
f 547/1805/1 439/1796/1 548/1804/1
f 546/1806/1 439/1796/1 547/1805/1
f 303/1807/1 225/1797/1 304/1794/1
f 545/1808/1 439/1796/1 546/1806/1
f 544/1809/1 439/1796/1 545/1808/1
f 543/1810/1 439/1796/1 544/1809/1
f 542/1811/1 439/1796/1 543/1810/1
f 303/1807/1 226/1812/1 225/1797/1
f 541/1813/1 439/1796/1 542/1811/1
f 540/1814/1 439/1796/1 541/1813/1
f 539/1815/1 439/1796/1 540/1814/1
f 538/1816/1 439/1796/1 539/1815/1
f 302/1817/1 226/1812/1 303/1807/1
f 537/1818/1 439/1796/1 538/1816/1
f 536/1819/1 439/1796/1 537/1818/1
f 535/1820/1 439/1796/1 536/1819/1
f 534/1821/1 439/1796/1 535/1820/1
f 534/1821/1 440/1822/1 439/1796/1
f 533/1823/1 440/1822/1 534/1821/1
f 532/1824/1 440/1822/1 533/1823/1
f 302/1817/1 227/1825/1 226/1812/1
f 301/1826/1 227/1825/1 302/1817/1
f 531/1827/1 440/1822/1 532/1824/1
f 530/1828/1 440/1822/1 531/1827/1
f 529/1829/1 440/1822/1 530/1828/1
f 528/1830/1 440/1822/1 529/1829/1
f 527/1831/1 440/1822/1 528/1830/1
f 526/1832/1 440/1822/1 527/1831/1
f 300/1833/1 227/1825/1 301/1826/1
f 525/1834/1 440/1822/1 526/1832/1
f 524/1835/1 440/1822/1 525/1834/1
f 300/1833/1 228/1836/1 227/1825/1
f 523/1837/1 440/1822/1 524/1835/1
f 522/1838/1 440/1822/1 523/1837/1
f 521/1839/1 440/1822/1 522/1838/1
f 299/1840/1 228/1836/1 300/1833/1
f 521/1839/1 441/1841/1 440/1822/1
f 520/1842/1 441/1841/1 521/1839/1
f 519/1843/1 441/1841/1 520/1842/1
f 518/1844/1 441/1841/1 519/1843/1
f 517/1845/1 441/1841/1 518/1844/1
f 299/1840/1 229/1846/1 228/1836/1
f 516/1847/1 441/1841/1 517/1845/1
f 298/1848/1 229/1846/1 299/1840/1
f 515/1849/1 441/1841/1 516/1847/1
f 514/1850/1 441/1841/1 515/1849/1
f 513/1851/1 441/1841/1 514/1850/1
f 512/1852/1 441/1841/1 513/1851/1
f 297/1853/1 229/1846/1 298/1848/1
f 297/1853/1 230/1854/1 229/1846/1
f 511/1855/1 441/1841/1 512/1852/1
f 511/1855/1 442/1856/1 441/1841/1
f 510/1857/1 442/1856/1 511/1855/1
f 296/1858/1 230/1854/1 297/1853/1
f 509/1859/1 442/1856/1 510/1857/1
f 296/1858/1 231/1860/1 230/1854/1
f 295/1861/1 231/1860/1 296/1858/1
f 508/1862/1 442/1856/1 509/1859/1
f 507/1863/1 442/1856/1 508/1862/1
f 294/1864/1 231/1860/1 295/1861/1
f 506/1865/1 442/1856/1 507/1863/1
f 506/1865/1 443/1866/1 442/1856/1
f 294/1864/1 232/1867/1 231/1860/1
f 505/1868/1 443/1866/1 506/1865/1
f 293/1869/1 232/1867/1 294/1864/1
f 504/1870/1 443/1866/1 505/1868/1
f 293/1869/1 233/1871/1 232/1867/1
f 503/1872/1 443/1866/1 504/1870/1
f 292/1873/1 233/1871/1 293/1869/1
f 502/1874/1 443/1866/1 503/1872/1
f 501/1875/1 443/1866/1 502/1874/1
f 501/1875/1 444/1876/1 443/1866/1
f 291/1877/1 233/1871/1 292/1873/1
f 291/1877/1 234/1878/1 233/1871/1
f 500/1879/1 444/1876/1 501/1875/1
f 499/1880/1 444/1876/1 500/1879/1
f 290/1881/1 234/1878/1 291/1877/1
f 498/1882/1 444/1876/1 499/1880/1
f 290/1881/1 235/1883/1 234/1878/1
f 497/1884/1 444/1876/1 498/1882/1
f 289/1885/1 235/1883/1 290/1881/1
f 496/1886/1 444/1876/1 497/1884/1
f 496/1886/1 445/1887/1 444/1876/1
f 495/1888/1 445/1887/1 496/1886/1
f 288/1889/1 235/1883/1 289/1885/1
f 288/1889/1 236/1890/1 235/1883/1
f 494/1891/1 445/1887/1 495/1888/1
f 493/1892/1 445/1887/1 494/1891/1
f 287/1893/1 236/1890/1 288/1889/1
f 492/1894/1 445/1887/1 493/1892/1
f 287/1893/1 237/1895/1 236/1890/1
f 491/1896/1 445/1887/1 492/1894/1
f 286/1897/1 237/1895/1 287/1893/1
f 490/1898/1 445/1887/1 491/1896/1
f 490/1898/1 446/1899/1 445/1887/1
f 489/1900/1 446/1899/1 490/1898/1
f 286/1897/1 238/1901/1 237/1895/1
f 285/1902/1 238/1901/1 286/1897/1
f 488/1903/1 446/1899/1 489/1900/1
f 487/1904/1 446/1899/1 488/1903/1
f 284/1905/1 238/1901/1 285/1902/1
f 486/1906/1 446/1899/1 487/1904/1
f 284/1905/1 239/1907/1 238/1901/1
f 485/1908/1 446/1899/1 486/1906/1
f 283/1909/1 239/1907/1 284/1905/1
f 484/1910/1 446/1899/1 485/1908/1
f 484/1910/1 447/1911/1 446/1899/1
f 483/1912/1 447/1911/1 484/1910/1
f 283/1909/1 240/1913/1 239/1907/1
f 282/1914/1 240/1913/1 283/1909/1
f 482/1915/1 447/1911/1 483/1912/1
f 481/1916/1 447/1911/1 482/1915/1
f 281/1917/1 240/1913/1 282/1914/1
f 480/1918/1 447/1911/1 481/1916/1
f 281/1917/1 241/1919/1 240/1913/1
f 479/1920/1 447/1911/1 480/1918/1
f 280/1921/1 241/1919/1 281/1917/1
f 478/1922/1 447/1911/1 479/1920/1
f 477/1923/1 447/1911/1 478/1922/1
f 477/1923/1 448/1924/1 447/1911/1
f 280/1921/1 242/1925/1 241/1919/1
f 476/1926/1 448/1924/1 477/1923/1
f 279/1927/1 242/1925/1 280/1921/1
f 475/1928/1 448/1924/1 476/1926/1
f 474/1929/1 448/1924/1 475/1928/1
f 278/1930/1 242/1925/1 279/1927/1
f 473/1931/1 448/1924/1 474/1929/1
f 278/1930/1 243/1932/1 242/1925/1
f 472/1933/1 448/1924/1 473/1931/1
f 471/1934/1 448/1924/1 472/1933/1
f 277/1935/1 243/1932/1 278/1930/1
f 470/1936/1 448/1924/1 471/1934/1
f 469/1937/1 448/1924/1 470/1936/1
f 277/1935/1 244/1938/1 243/1932/1
f 276/1939/1 244/1938/1 277/1935/1
f 468/1940/1 448/1924/1 469/1937/1
f 468/1940/1 449/1941/1 448/1924/1
f 467/1942/1 449/1941/1 468/1940/1
f 466/1943/1 449/1941/1 467/1942/1
f 275/1944/1 244/1938/1 276/1939/1
f 465/1945/1 449/1941/1 466/1943/1
f 275/1944/1 245/1946/1 244/1938/1
f 464/1947/1 449/1941/1 465/1945/1
f 463/1948/1 449/1941/1 464/1947/1
f 462/1949/5 449/1941/5 463/1948/5
f 274/1950/1 245/1946/1 275/1944/1
f 461/1951/1 449/1941/1 462/1949/1
f 460/1952/1 449/1941/1 461/1951/1
f 274/1950/1 246/1953/1 245/1946/1
f 459/1954/1 449/1941/1 460/1952/1
f 458/1955/1 449/1941/1 459/1954/1
f 273/1956/1 246/1953/1 274/1950/1
f 457/1957/2 449/1941/2 458/1955/2
f 456/1958/1 449/1941/1 457/1957/1
f 455/1959/4 449/1941/4 456/1958/4
f 454/1960/3 449/1941/3 455/1959/3
f 453/1961/1 449/1941/1 454/1960/1
f 452/1962/1 449/1941/1 453/1961/1
f 451/1963/1 449/1941/1 452/1962/1
f 450/1964/1 449/1941/1 451/1963/1
f 272/1965/1 246/1953/1 273/1956/1
f 272/1965/1 247/1966/1 246/1953/1
f 271/1967/1 247/1966/1 272/1965/1
f 271/1967/1 248/1968/1 247/1966/1
f 270/1969/1 248/1968/1 271/1967/1
f 270/1969/1 249/1970/1 248/1968/1
f 269/1971/1 249/1970/1 270/1969/1
f 268/1972/1 249/1970/1 269/1971/1
f 268/1972/1 250/1973/1 249/1970/1
f 267/1974/1 250/1973/1 268/1972/1
f 267/1974/1 251/1975/1 250/1973/1
f 266/1976/1 251/1975/1 267/1974/1
f 265/1977/1 251/1975/1 266/1976/1
f 265/1977/1 252/1978/1 251/1975/1
f 264/1979/1 252/1978/1 265/1977/1
f 264/1979/1 253/1980/1 252/1978/1
f 263/1981/1 253/1980/1 264/1979/1
f 262/1982/1 253/1980/1 263/1981/1
f 262/1982/1 254/1983/1 253/1980/1
f 261/1984/1 254/1983/1 262/1982/1
f 261/1984/1 255/1985/1 254/1983/1
f 260/1986/1 255/1985/1 261/1984/1
f 259/1987/1 255/1985/1 260/1986/1
f 259/1987/1 256/1988/1 255/1985/1
f 258/1989/1 256/1988/1 259/1987/1
f 258/1989/1 257/1990/1 256/1988/1
f 3273/1/11 3274/3/11 3275/2/11
f 3273/1/11 3275/2/11 3276/4/11
f 3273/1/11 3276/4/11 3277/5/11
f 3273/1/11 3277/5/11 3278/6/11
f 3273/1/11 3278/6/11 3279/7/11
f 3272/8/11 3273/1/11 3279/7/11
f 3272/8/11 3279/7/11 3280/9/11
f 3272/8/11 3280/9/11 3281/10/11
f 3272/8/11 3281/10/11 3282/11/11
f 3272/8/11 3282/11/11 3283/12/11
f 3271/13/11 3272/8/11 3283/12/11
f 3271/13/11 3283/12/11 3284/14/11
f 3271/13/11 3284/14/11 3285/15/11
f 3271/13/11 3285/15/11 3286/16/11
f 3271/13/11 3286/16/11 3287/17/11
f 3271/13/11 3287/17/11 3288/18/11
f 3270/19/11 3271/13/11 3288/18/11
f 3270/19/11 3288/18/11 3289/20/11
f 3270/19/11 3289/20/11 3290/21/11
f 3270/19/11 3290/21/11 3291/22/11
f 3270/19/11 3291/22/11 3292/23/11
f 3270/19/11 3292/23/11 3293/24/11
f 3269/25/11 3270/19/11 3293/24/11
f 3269/25/11 3293/24/11 3294/26/11
f 3269/25/11 3294/26/11 3295/27/11
f 3269/25/11 3295/27/11 3296/28/11
f 3269/25/11 3296/28/11 3297/29/11
f 3269/25/11 3297/29/11 3298/30/11
f 3268/31/11 3269/25/11 3298/30/11
f 3268/31/11 3298/30/11 3299/32/11
f 3268/31/11 3299/32/11 3300/33/11
f 3268/31/11 3300/33/11 3301/34/11
f 3268/31/11 3301/34/11 3302/35/11
f 3268/31/11 3302/35/11 3303/36/11
f 3267/37/11 3268/31/11 3303/36/11
f 3267/37/11 3303/36/11 3304/38/11
f 3267/37/11 3304/38/11 3305/39/11
f 3267/37/11 3305/39/11 3306/40/11
f 3267/37/11 3306/40/11 3307/41/11
f 3267/37/11 3307/41/11 3308/42/11
f 3267/37/11 3308/42/11 3309/43/11
f 3267/37/11 3309/43/11 3310/44/11
f 3266/45/11 3267/37/11 3310/44/11
f 3266/45/11 3310/44/11 3311/46/11
f 3266/45/11 3311/46/11 3312/47/11
f 3266/45/11 3312/47/11 3313/48/11
f 3266/45/11 3313/48/11 3314/49/11
f 3266/45/11 3314/49/11 3315/50/11
f 3266/45/11 3315/50/11 3316/51/11
f 3265/52/11 3266/45/11 3316/51/11
f 3265/52/11 3316/51/11 3317/53/11
f 3265/52/11 3317/53/11 3318/54/11
f 3265/52/11 3318/54/11 3319/55/11
f 3265/52/11 3319/55/11 3320/56/11
f 3265/52/11 3320/56/11 3321/57/11
f 3265/52/11 3321/57/11 3322/58/11
f 3265/52/11 3322/58/11 3323/59/11
f 3265/52/11 3323/59/11 3324/60/11
f 3264/61/11 3265/52/11 3324/60/11
f 3264/61/11 3324/60/11 3325/62/11
f 3264/61/11 3325/62/11 3326/63/11
f 3264/61/11 3326/63/11 3327/64/11
f 3264/61/11 3327/64/11 3328/65/11
f 3264/61/11 3328/65/11 3329/66/11
f 3264/61/11 3329/66/11 3330/67/11
f 3264/61/11 3330/67/11 3331/68/11
f 3264/61/11 3331/68/11 3332/69/11
f 3264/61/11 3332/69/11 3333/70/11
f 3263/71/11 3264/61/11 3333/70/11
f 3263/71/11 3333/70/11 3334/72/11
f 3263/71/11 3334/72/11 3335/73/11
f 3263/71/11 3335/73/11 3336/74/11
f 3263/71/11 3336/74/11 3337/75/11
f 3263/71/11 3337/75/11 3338/76/11
f 3263/71/11 3338/76/11 3339/77/11
f 3263/71/11 3339/77/11 3340/78/11
f 3263/71/11 3340/78/11 3341/79/11
f 3263/71/11 3341/79/11 3342/80/11
f 3263/71/11 3342/80/11 3343/81/11
f 3263/71/11 3343/81/11 3344/82/11
f 3262/83/11 3263/71/11 3344/82/11
f 3262/83/11 3344/82/11 3345/84/11
f 3262/83/11 3345/84/11 3346/85/11
f 3262/83/11 3346/85/11 3347/86/11
f 3262/83/11 3347/86/11 3348/87/11
f 3262/83/11 3348/87/11 3349/88/11
f 3262/83/11 3349/88/11 3350/89/11
f 3262/83/11 3350/89/11 3351/90/11
f 3262/83/11 3351/90/11 3352/91/11
f 3262/83/11 3352/91/11 3353/92/11
f 3262/83/11 3353/92/11 3354/93/11
f 3262/83/11 3354/93/11 3355/94/11
f 3262/83/11 3355/94/11 3356/95/11
f 3261/96/11 3262/83/11 3356/95/11
f 3261/96/11 3356/95/11 3357/97/11
f 3261/96/11 3357/97/11 3358/98/11
f 3261/96/11 3358/98/11 3359/99/11
f 3261/96/11 3359/99/11 3360/100/11
f 3261/96/11 3360/100/11 3361/101/11
f 3261/96/11 3361/101/11 3362/102/11
f 3261/96/11 3362/102/11 3363/103/11
f 3261/96/11 3363/103/11 3364/104/11
f 3261/96/11 3364/104/11 3365/105/11
f 3261/96/11 3365/105/11 3366/106/11
f 3260/107/11 3261/96/11 3366/106/11
f 3260/107/11 3366/106/11 3367/108/11
f 3260/107/11 3367/108/11 3368/109/11
f 3260/107/11 3368/109/11 3369/110/11
f 3260/107/11 3369/110/11 3370/111/11
f 3260/107/11 3370/111/11 3371/112/11
f 3260/107/11 3371/112/11 3372/113/11
f 3260/107/11 3372/113/11 3373/114/11
f 3260/107/11 3373/114/11 3374/115/11
f 3260/107/11 3374/115/11 3375/116/11
f 3260/107/11 3375/116/11 3376/117/11
f 3260/107/11 3376/117/11 3377/118/11
f 3259/119/11 3260/107/11 3377/118/11
f 3259/119/11 3377/118/11 3378/120/11
f 3259/119/11 3378/120/11 3379/121/11
f 3259/119/11 3379/121/11 3380/122/11
f 3259/119/11 3380/122/11 3381/123/11
f 3259/119/11 3381/123/11 3382/124/11
f 3259/119/11 3382/124/11 3383/125/11
f 3259/119/11 3383/125/11 3384/126/11
f 3259/119/11 3384/126/11 3385/127/11
f 3259/119/11 3385/127/11 3386/128/11
f 3258/129/11 3259/119/11 3386/128/11
f 3258/129/11 3386/128/11 3387/130/11
f 3258/129/11 3387/130/11 3388/131/11
f 3258/129/11 3388/131/11 3389/132/11
f 3258/129/11 3389/132/11 3390/133/11
f 3258/129/11 3390/133/11 3391/134/11
f 3258/129/11 3391/134/11 3392/135/11
f 3258/129/11 3392/135/11 3393/136/11
f 3258/129/11 3393/136/11 3394/137/11
f 3258/129/11 3394/137/11 3395/138/11
f 3257/139/11 3258/129/11 3395/138/11
f 3257/139/11 3395/138/11 3396/140/11
f 3257/139/11 3396/140/11 3397/141/11
f 3257/139/11 3397/141/11 3398/142/11
f 3257/139/11 3398/142/11 3399/143/11
f 3257/139/11 3399/143/11 3400/144/11
f 3257/139/11 3400/144/11 3401/145/11
f 3257/139/11 3401/145/11 3402/146/11
f 3257/139/11 3402/146/11 3403/147/11
f 3256/148/11 3257/139/11 3403/147/11
f 3256/148/11 3403/147/11 3404/149/11
f 3256/148/11 3404/149/11 3405/150/11
f 3256/148/11 3405/150/11 3406/151/11
f 3256/148/11 3406/151/11 3407/152/11
f 3256/148/11 3407/152/11 3408/153/11
f 3256/148/11 3408/153/11 3409/154/11
f 3256/148/11 3409/154/11 3410/155/11
f 3255/156/11 3256/148/11 3410/155/11
f 3255/156/11 3410/155/11 3411/157/11
f 3255/156/11 3411/157/11 3412/158/11
f 3255/156/11 3412/158/11 3413/159/11
f 3255/156/11 3413/159/11 3414/160/11
f 3255/156/11 3414/160/11 3415/161/11
f 3255/156/11 3415/161/11 3416/162/11
f 3254/163/11 3255/156/11 3416/162/11
f 3254/163/11 3416/162/11 3417/164/11
f 3254/163/11 3417/164/11 3418/165/11
f 3254/163/11 3418/165/11 3419/166/11
f 3254/163/11 3419/166/11 3420/167/11
f 3254/163/11 3420/167/11 3421/168/11
f 3254/163/11 3421/168/11 3422/169/11
f 3254/163/11 3422/169/11 3423/170/11
f 3253/171/11 3254/163/11 3423/170/11
f 3253/171/11 3423/170/11 3424/172/11
f 3253/171/11 3424/172/11 3425/173/11
f 3253/171/11 3425/173/11 3426/174/11
f 3253/171/11 3426/174/11 3427/175/11
f 3253/171/11 3427/175/11 3428/176/11
f 3253/171/11 3428/176/11 3429/177/11
f 3252/178/11 3253/171/11 3429/177/11
f 3252/178/11 3429/177/11 3430/179/11
f 3252/178/11 3430/179/11 3431/180/11
f 3252/178/11 3431/180/11 3432/181/11
f 3252/178/11 3432/181/11 3433/182/11
f 3252/178/11 3433/182/11 3434/183/11
f 3252/178/11 3434/183/11 3435/184/11
f 3252/178/11 3435/184/11 3436/185/11
f 3251/186/11 3252/178/11 3436/185/11
f 3251/186/11 3436/185/11 3437/187/11
f 3251/186/11 3437/187/11 3438/188/11
f 3251/186/11 3438/188/11 3439/189/11
f 3251/186/11 3439/189/11 3440/190/11
f 3251/186/11 3440/190/11 3441/191/11
f 3251/186/11 3441/191/11 3442/192/11
f 3251/186/11 3442/192/11 3443/193/11
f 3250/194/11 3251/186/11 3443/193/11
f 3250/194/11 3443/193/11 3444/195/11
f 3250/194/11 3444/195/11 3445/196/11
f 3250/194/11 3445/196/11 3446/197/11
f 3250/194/11 3446/197/11 3447/198/11
f 3250/194/11 3447/198/11 3448/199/11
f 3250/194/11 3448/199/11 3449/200/11
f 3250/194/11 3449/200/11 3450/201/11
f 3250/194/11 3450/201/11 3451/202/11
f 3249/203/11 3250/194/11 3451/202/11
f 3249/203/11 3451/202/11 3452/204/11
f 3249/203/11 3452/204/11 3453/205/11
f 3249/203/11 3453/205/11 3454/206/11
f 3249/203/11 3454/206/11 3455/207/11
f 3249/203/11 3455/207/11 3456/208/11
f 3249/203/11 3456/208/11 3457/209/11
f 3249/203/11 3457/209/11 3458/210/11
f 3248/211/11 3249/203/11 3458/210/11
f 3248/211/11 3458/210/11 3459/212/11
f 3248/211/11 3459/212/11 3460/213/11
f 3248/211/11 3460/213/11 3461/214/11
f 3248/211/11 3461/214/11 3462/215/11
f 3248/211/11 3462/215/11 3463/216/11
f 3248/211/11 3463/216/11 3464/217/11
f 3248/211/11 3464/217/11 3465/218/11
f 3248/211/11 3465/218/11 3466/219/11
f 3247/220/11 3248/211/11 3466/219/11
f 3247/220/11 3466/219/11 3467/221/11
f 3246/222/11 3247/220/11 3467/221/11
f 3246/222/11 3467/221/11 3468/223/11
f 3245/224/11 3246/222/11 3468/223/11
f 3245/224/11 3468/223/11 3469/225/11
f 3244/226/11 3245/224/11 3469/225/11
f 3244/226/11 3469/225/11 3470/227/11
f 3243/228/11 3244/226/11 3470/227/11
f 3243/228/11 3470/227/11 3471/229/11
f 3242/230/11 3243/228/11 3471/229/11
f 3242/230/11 3471/229/11 3472/231/11
f 3241/232/11 3242/230/11 3472/231/11
f 3241/232/11 3472/231/11 3473/233/11
f 3240/234/11 3241/232/11 3473/233/11
f 3240/234/11 3473/233/11 3474/235/11
f 3239/236/11 3240/234/11 3474/235/11
f 3239/236/11 3474/235/11 3475/237/11
f 3238/238/11 3239/236/11 3475/237/11
f 3238/238/11 3475/237/11 3476/239/11
f 3237/240/11 3238/238/11 3476/239/11
f 3237/240/11 3476/239/11 3477/241/11
f 3236/242/11 3237/240/11 3477/241/11
f 3236/242/11 3477/241/11 3478/243/11
f 3235/244/11 3236/242/11 3478/243/11
f 3235/244/11 3478/243/11 3479/245/11
f 3234/246/11 3235/244/11 3479/245/11
f 3234/246/11 3479/245/11 3480/247/11
f 3233/248/11 3234/246/11 3480/247/11
f 3233/248/11 3480/247/11 3481/249/11
f 3232/250/11 3233/248/11 3481/249/11
f 3232/250/11 3481/249/11 3482/251/11
f 3231/252/11 3232/250/11 3482/251/11
f 3231/252/11 3482/251/11 3483/253/11
f 3231/252/11 3483/253/11 3484/254/11
f 3230/255/11 3231/252/11 3484/254/11
f 3230/255/11 3484/254/11 3485/256/11
f 3229/257/11 3230/255/11 3485/256/11
f 3229/257/11 3485/256/11 3486/258/11
f 3228/259/11 3229/257/11 3486/258/11
f 3228/259/11 3486/258/11 3487/260/11
f 3227/261/11 3228/259/11 3487/260/11
f 3227/261/11 3487/260/11 3488/262/11
f 3226/263/11 3227/261/11 3488/262/11
f 3226/263/11 3488/262/11 3489/264/11
f 3225/265/11 3226/263/11 3489/264/11
f 3225/265/11 3489/264/11 3490/266/11
f 3225/265/11 3490/266/11 3491/267/11
f 3224/268/11 3225/265/11 3491/267/11
f 3224/268/11 3491/267/11 3492/269/11
f 3223/270/11 3224/268/11 3492/269/11
f 3223/270/11 3492/269/11 3493/271/11
f 3222/272/11 3223/270/11 3493/271/11
f 3222/272/11 3493/271/11 3494/273/11
f 3221/274/11 3222/272/11 3494/273/11
f 3221/274/11 3494/273/11 3495/275/11
f 3221/274/11 3495/275/11 3496/276/11
f 3220/277/11 3221/274/11 3496/276/11
f 3220/277/11 3496/276/11 3497/278/11
f 3219/279/11 3220/277/11 3497/278/11
f 3219/279/11 3497/278/11 3498/280/11
f 3218/281/11 3219/279/11 3498/280/11
f 3218/281/11 3498/280/11 3499/282/11
f 3218/281/11 3499/282/11 3500/283/11
f 3217/284/11 3218/281/11 3500/283/11
f 3217/284/11 3500/283/11 3501/285/11
f 3216/286/11 3217/284/11 3501/285/11
f 3216/286/11 3501/285/11 3502/287/11
f 3215/288/11 3216/286/11 3502/287/11
f 3215/288/11 3502/287/11 3503/289/11
f 3215/288/11 3503/289/11 3504/290/11
f 3214/291/11 3215/288/11 3504/290/11
f 3214/291/11 3504/290/11 3505/292/11
f 3213/293/11 3214/291/11 3505/292/11
f 3594/294/11 3595/296/11 3596/295/11
f 3594/294/11 3596/295/11 3597/297/11
f 3593/298/11 3594/294/11 3597/297/11
f 3593/298/11 3597/297/11 3598/299/11
f 3592/300/11 3593/298/11 3598/299/11
f 3592/300/11 3598/299/11 3599/301/11
f 3591/302/11 3592/300/11 3599/301/11
f 3591/302/11 3599/301/11 3600/303/11
f 3590/304/11 3591/302/11 3600/303/11
f 3590/304/11 3600/303/11 3601/305/11
f 3590/304/11 3601/305/11 3602/306/11
f 3589/307/11 3590/304/11 3602/306/11
f 3589/307/11 3602/306/11 3603/308/11
f 3588/309/11 3589/307/11 3603/308/11
f 3213/293/11 3505/292/11 3506/310/11
f 3588/309/11 3603/308/11 3604/311/11
f 3587/312/11 3588/309/11 3604/311/11
f 3587/312/11 3604/311/11 3605/313/11
f 3586/314/11 3587/312/11 3605/313/11
f 3586/314/11 3605/313/11 3606/315/11
f 3585/316/11 3586/314/11 3606/315/11
f 3585/316/11 3606/315/11 3607/317/11
f 3585/316/11 3607/317/11 3608/318/11
f 3584/319/11 3585/316/11 3608/318/11
f 3584/319/11 3608/318/11 3609/320/11
f 3583/321/11 3584/319/11 3609/320/11
f 3583/321/11 3609/320/11 3610/322/11
f 3582/323/11 3583/321/11 3610/322/11
f 3582/323/11 3610/322/11 3611/324/11
f 3581/325/11 3582/323/11 3611/324/11
f 3581/325/11 3611/324/11 3612/326/11
f 3580/327/11 3581/325/11 3612/326/11
f 3580/327/11 3612/326/11 3613/328/11
f 3212/329/11 3213/293/11 3506/310/11
f 3212/329/11 3506/310/11 3507/330/11
f 3580/327/11 3613/328/11 3614/331/11
f 3579/332/11 3580/327/11 3614/331/11
f 3579/332/11 3614/331/11 3615/333/11
f 3578/334/11 3579/332/11 3615/333/11
f 3578/334/11 3615/333/11 3616/335/11
f 3577/336/11 3578/334/11 3616/335/11
f 3577/336/11 3616/335/11 3617/337/11
f 3576/338/11 3577/336/11 3617/337/11
f 3576/338/11 3617/337/11 3618/339/11
f 3575/340/11 3576/338/11 3618/339/11
f 3575/340/11 3618/339/11 3619/341/11
f 3212/329/11 3507/330/11 3508/342/11
f 3575/340/11 3619/341/11 3620/343/11
f 3574/344/11 3575/340/11 3620/343/11
f 3574/344/11 3620/343/11 3621/345/11
f 3573/346/11 3574/344/11 3621/345/11
f 3211/347/11 3212/329/11 3508/342/11
f 3573/346/11 3621/345/11 3622/348/11
f 3572/349/11 3573/346/11 3622/348/11
f 3572/349/11 3622/348/11 3623/350/11
f 3571/351/11 3572/349/11 3623/350/11
f 3571/351/11 3623/350/11 3624/352/11
f 3211/347/11 3508/342/11 3509/353/11
f 3570/354/11 3571/351/11 3624/352/11
f 3570/354/11 3624/352/11 3625/355/11
f 3570/354/11 3625/355/11 3626/356/11
f 3569/357/11 3570/354/11 3626/356/11
f 3569/357/11 3626/356/11 3627/358/11
f 3568/359/11 3569/357/11 3627/358/11
f 3210/360/11 3211/347/11 3509/353/11
f 3568/359/11 3627/358/11 3628/361/11
f 3210/360/11 3509/353/11 3510/362/11
f 3567/363/11 3568/359/11 3628/361/11
f 3567/363/11 3628/361/11 3629/364/11
f 3566/365/11 3567/363/11 3629/364/11
f 3566/365/11 3629/364/11 3630/366/11
f 3565/367/11 3566/365/11 3630/366/11
f 3565/367/11 3630/366/11 3631/368/11
f 3210/360/11 3510/362/11 3511/369/11
f 3565/367/11 3631/368/11 3632/370/11
f 3564/371/11 3565/367/11 3632/370/11
f 3209/372/11 3210/360/11 3511/369/11
f 3564/371/11 3632/370/11 3633/373/11
f 3563/374/11 3564/371/11 3633/373/11
f 3208/375/11 3209/372/11 3511/369/11
f 3207/376/11 3208/375/11 3511/369/11
f 3206/377/11 3207/376/11 3511/369/11
f 3563/374/11 3633/373/11 3634/378/11
f 3205/379/11 3206/377/11 3511/369/11
f 3562/380/11 3563/374/11 3634/378/11
f 3204/381/11 3205/379/11 3511/369/11
f 3203/382/11 3204/381/11 3511/369/11
f 3562/380/11 3634/378/11 3635/383/11
f 3203/382/11 3511/369/11 3512/384/11
f 3202/385/11 3203/382/11 3512/384/11
f 3561/386/11 3562/380/11 3635/383/11
f 3201/387/11 3202/385/11 3512/384/11
f 3561/386/11 3635/383/11 3636/388/11
f 3200/389/11 3201/387/11 3512/384/11
f 3199/390/11 3200/389/11 3512/384/11
f 3560/391/11 3561/386/11 3636/388/11
f 3560/391/11 3636/388/11 3637/392/11
f 3198/393/11 3199/390/11 3512/384/11
f 3197/394/11 3198/393/11 3512/384/11
f 3196/395/11 3197/394/11 3512/384/11
f 3560/391/11 3637/392/11 3638/396/11
f 3559/397/11 3560/391/11 3638/396/11
f 3196/395/11 3512/384/11 3513/398/11
f 3195/399/11 3196/395/11 3513/398/11
f 3194/400/11 3195/399/11 3513/398/11
f 3559/397/11 3638/396/11 3639/401/11
f 3558/402/11 3559/397/11 3639/401/11
f 3193/403/11 3194/400/11 3513/398/11
f 3558/402/11 3639/401/11 3640/404/11
f 3192/405/11 3193/403/11 3513/398/11
f 3557/406/11 3558/402/11 3640/404/11
f 3191/407/11 3192/405/11 3513/398/11
f 3191/407/11 3513/398/11 3514/408/11
f 3557/406/11 3640/404/11 3641/409/11
f 3190/410/11 3191/407/11 3514/408/11
f 3556/411/11 3557/406/11 3641/409/11
f 3189/412/11 3190/410/11 3514/408/11
f 3556/411/11 3641/409/11 3642/413/11
f 3188/414/11 3189/412/11 3514/408/11
f 3187/415/11 3188/414/11 3514/408/11
f 3555/416/11 3556/411/11 3642/413/11
f 3555/416/11 3642/413/11 3643/417/11
f 3187/415/11 3514/408/11 3515/418/11
f 3186/419/11 3187/415/11 3515/418/11
f 3555/416/11 3643/417/11 3644/420/11
f 3185/421/11 3186/419/11 3515/418/11
f 3554/422/11 3555/416/11 3644/420/11
f 3184/423/11 3185/421/11 3515/418/11
f 3554/422/11 3644/420/11 3645/424/11
f 3553/425/11 3554/422/11 3645/424/11
f 3183/426/11 3184/423/11 3515/418/11
f 3183/426/11 3515/418/11 3516/427/11
f 3182/428/11 3183/426/11 3516/427/11
f 3553/425/11 3645/424/11 3646/429/11
f 3552/430/11 3553/425/11 3646/429/11
f 3181/431/11 3182/428/11 3516/427/11
f 3552/430/11 3646/429/11 3647/432/11
f 3180/433/11 3181/431/11 3516/427/11
f 3551/434/11 3552/430/11 3647/432/11
f 3179/435/11 3180/433/11 3516/427/11
f 3551/434/11 3647/432/11 3648/436/11
f 3179/435/11 3516/427/11 3517/437/11
f 3178/438/11 3179/435/11 3517/437/11
f 3550/439/11 3551/434/11 3648/436/11
f 3550/439/11 3648/436/11 3649/440/11
f 3177/441/11 3178/438/11 3517/437/11
f 3176/442/11 3177/441/11 3517/437/11
f 3550/439/11 3649/440/11 3650/443/11
f 3549/444/11 3550/439/11 3650/443/11
f 3176/442/11 3517/437/11 3518/445/11
f 3175/446/11 3176/442/11 3518/445/11
f 3549/444/11 3650/443/11 3651/447/11
f 3174/448/11 3175/446/11 3518/445/11
f 3548/449/11 3549/444/11 3651/447/11
f 3173/450/11 3174/448/11 3518/445/11
f 3548/449/11 3651/447/11 3652/451/11
f 3547/452/11 3548/449/11 3652/451/11
f 3173/450/11 3518/445/11 3519/453/11
f 3172/454/11 3173/450/11 3519/453/11
f 3547/452/11 3652/451/11 3653/455/11
f 3171/456/11 3172/454/11 3519/453/11
f 3546/457/11 3547/452/11 3653/455/11
f 3170/458/11 3171/456/11 3519/453/11
f 3546/457/11 3653/455/11 3654/459/11
f 3170/458/11 3519/453/11 3520/460/11
f 3169/461/11 3170/458/11 3520/460/11
f 3545/462/11 3546/457/11 3654/459/11
f 3545/462/11 3654/459/11 3655/463/11
f 3168/464/11 3169/461/11 3520/460/11
f 3545/462/11 3655/463/11 3656/465/11
f 3544/466/11 3545/462/11 3656/465/11
f 3167/467/11 3168/464/11 3520/460/11
f 3167/467/11 3520/460/11 3521/468/11
f 3166/469/11 3167/467/11 3521/468/11
f 3544/466/11 3656/465/11 3657/470/11
f 3543/471/11 3544/466/11 3657/470/11
f 3165/472/11 3166/469/11 3521/468/11
f 3543/471/11 3657/470/11 3658/473/11
f 3164/474/11 3165/472/11 3521/468/11
f 3164/474/11 3521/468/11 3522/475/11
f 3542/476/11 3543/471/11 3658/473/11
f 3542/476/11 3658/473/11 3659/477/11
f 3163/478/11 3164/474/11 3522/475/11
f 3541/479/11 3542/476/11 3659/477/11
f 3162/480/11 3163/478/11 3522/475/11
f 3541/479/11 3659/477/11 3660/481/11
f 3162/480/11 3522/475/11 3523/482/11
f 3161/483/11 3162/480/11 3523/482/11
f 3541/479/11 3660/481/11 3661/484/11
f 3540/485/11 3541/479/11 3661/484/11
f 3540/485/11 3661/484/11 3662/486/11
f 3160/487/11 3161/483/11 3523/482/11
f 3540/485/11 3662/486/11 3663/488/11
f 3160/487/11 3523/482/11 3524/489/11
f 3159/490/11 3160/487/11 3524/489/11
f 3540/485/11 3663/488/11 3664/491/11
f 3539/492/11 3540/485/11 3664/491/11
f 3539/492/11 3664/491/11 3665/493/11
f 3158/494/11 3159/490/11 3524/489/11
f 3539/492/11 3665/493/11 3666/495/11
f 3538/496/11 3539/492/11 3666/495/11
f 3538/496/11 3666/495/11 3667/497/11
f 3157/498/11 3158/494/11 3524/489/11
f 3157/498/11 3524/489/11 3525/499/11
f 3538/496/11 3667/497/11 3668/500/11
f 3156/501/11 3157/498/11 3525/499/11
f 3538/496/11 3668/500/11 3669/502/11
f 3537/503/11 3538/496/11 3669/502/11
f 3537/503/11 3669/502/11 3670/504/11
f 3155/505/11 3156/501/11 3525/499/11
f 3537/503/11 3670/504/11 3671/506/11
f 3155/505/11 3525/499/11 3526/507/11
f 3537/503/11 3671/506/11 3672/508/11
f 3536/509/11 3537/503/11 3672/508/11
f 3154/510/11 3155/505/11 3526/507/11
f 3536/509/11 3672/508/11 3673/511/11
f 3536/509/11 3673/511/11 3674/512/11
f 3153/513/11 3154/510/11 3526/507/11
f 3153/513/11 3526/507/11 3527/514/11
f 3535/515/11 3536/509/11 3674/512/11
f 3535/515/11 3674/512/11 3675/516/11
f 3535/515/11 3675/516/11 3676/517/11
f 3152/518/11 3153/513/11 3527/514/11
f 3535/515/11 3676/517/11 3677/519/11
f 3535/515/11 3677/519/11 3678/520/11
f 3534/521/11 3535/515/11 3678/520/11
f 3151/522/11 3152/518/11 3527/514/11
f 3151/522/11 3527/514/11 3528/523/11
f 3534/521/11 3678/520/11 3679/524/11
f 3080/525/11 3081/527/11 3082/526/11
f 3080/525/11 3082/526/11 3083/528/11
f 3534/521/11 3679/524/11 3680/529/11
f 3080/525/11 3083/528/11 3084/530/11
f 3150/531/11 3151/522/11 3528/523/11
f 3080/525/11 3084/530/11 3085/532/11
f 3080/525/11 3085/532/11 3086/533/11
f 3534/521/11 3680/529/11 3681/534/11
f 3080/525/11 3086/533/11 3087/535/11
f 3533/536/11 3534/521/11 3681/534/11
f 3080/525/11 3087/535/11 3088/537/11
f 3080/525/11 3088/537/11 3089/538/11
f 3533/536/11 3681/534/11 3682/539/11
f 3080/525/11 3089/538/11 3090/540/11
f 3080/525/11 3090/540/11 3091/541/11
f 3149/542/11 3150/531/11 3528/523/11
f 3080/525/11 3091/541/11 3092/543/11
f 3533/536/11 3682/539/11 3683/544/11
f 3149/542/11 3528/523/11 3529/545/11
f 3080/525/11 3092/543/11 3093/546/11
f 3080/525/11 3093/546/11 3094/547/11
f 3080/525/11 3094/547/11 3095/548/11
f 3533/536/11 3683/544/11 3684/549/11
f 3080/525/11 3095/548/11 3096/550/11
f 3080/525/11 3096/550/11 3097/551/11
f 3532/552/11 3533/536/11 3684/549/11
f 3080/525/11 3097/551/11 3098/553/11
f 3148/554/11 3149/542/11 3529/545/11
f 3532/552/11 3684/549/11 3685/555/11
f 3080/525/11 3098/553/11 3099/556/11
f 3080/525/11 3099/556/11 3100/557/11
f 3080/525/11 3100/557/11 3101/558/11
f 3080/525/11 3101/558/11 3102/559/11
f 3532/552/11 3685/555/11 3686/560/11
f 3080/525/11 3102/559/11 3103/561/11
f 3080/525/11 3103/561/11 3104/562/11
f 3080/525/11 3104/562/11 3105/563/11
f 3532/552/11 3686/560/11 3687/564/11
f 3080/525/11 3105/563/11 3106/565/11
f 3147/566/11 3148/554/11 3529/545/11
f 3080/525/11 3106/565/11 3107/567/11
f 3080/525/11 3107/567/11 3108/568/11
f 3147/566/11 3529/545/11 3530/569/11
f 3080/525/11 3108/568/11 3109/570/11
f 3532/552/11 3687/564/11 3688/571/11
f 3080/525/11 3109/570/11 3110/572/11
f 3080/525/11 3110/572/11 3111/573/11
f 3531/574/11 3532/552/11 3688/571/11
f 3080/525/11 3111/573/11 3112/575/11
f 3080/525/11 3112/575/11 3113/576/11
f 3080/525/11 3113/576/11 3114/577/11
f 3531/574/11 3688/571/11 3689/578/11
f 3080/525/11 3114/577/11 3115/579/11
f 3080/525/11 3115/579/11 3116/580/11
f 3080/525/11 3116/580/11 3117/581/11
f 3080/525/11 3117/581/11 3118/582/11
f 3146/583/11 3147/566/11 3530/569/11
f 3080/525/11 3118/582/11 3119/584/11
f 3531/574/11 3689/578/11 3690/585/11
f 3080/525/11 3119/584/11 3120/586/11
f 3080/525/11 3120/586/11 3121/587/11
f 3080/525/11 3121/587/11 3122/588/11
f 3080/525/11 3122/588/11 3123/589/11
f 3080/525/11 3123/589/11 3124/590/11
f 3080/525/11 3124/590/11 3125/591/11
f 3531/574/11 3690/585/11 3691/592/11
f 3080/525/11 3125/591/11 3126/593/11
f 3080/525/11 3126/593/11 3127/594/11
f 3080/525/11 3127/594/11 3128/595/11
f 3080/525/11 3128/595/11 3129/596/11
f 3080/525/11 3129/596/11 3130/597/11
f 3080/525/11 3130/597/11 3131/598/11
f 3080/525/11 3131/598/11 3132/599/11
f 3080/525/11 3132/599/11 3133/600/11
f 3080/525/11 3133/600/11 3134/601/11
f 3531/574/11 3691/592/11 3692/602/11
f 3080/525/11 3134/601/11 3135/603/11
f 3080/525/11 3135/603/11 3136/604/11
f 3080/525/11 3136/604/11 3137/605/11
f 3080/525/11 3137/605/11 3138/606/11
f 3080/525/11 3138/606/11 3139/607/11
f 3080/525/11 3139/607/11 3140/608/11
f 3080/525/11 3140/608/11 3141/609/11
f 3080/525/11 3141/609/11 3142/610/11
f 3080/525/11 3142/610/11 3143/611/11
f 3080/525/11 3143/611/11 3144/612/11
f 3080/525/11 3144/612/11 3145/613/11
f 3080/525/11 3145/613/11 3146/583/11
f 3080/525/11 3146/583/11 3079/614/11
f 3079/614/11 3146/583/11 3078/615/11
f 3078/615/11 3146/583/11 3077/616/11
f 3077/616/12 3146/583/12 3076/617/12
f 3076/617/13 3146/583/13 3075/618/13
f 3075/618/11 3146/583/11 3074/619/11
f 3074/619/11 3146/583/11 3073/620/11
f 3073/620/14 3146/583/14 3072/621/14
f 3072/621/15 3146/583/15 3071/622/15
f 3071/622/11 3146/583/11 3070/623/11
f 3070/623/11 3146/583/11 3069/624/11
f 3069/624/11 3146/583/11 3068/625/11
f 3068/625/14 3146/583/14 3067/626/14
f 3067/626/15 3146/583/15 3066/627/15
f 3066/627/11 3146/583/11 3065/628/11
f 3065/628/11 3146/583/11 3064/629/11
f 3064/629/11 3146/583/11 3063/630/11
f 3063/630/14 3146/583/14 3062/631/14
f 3062/631/15 3146/583/15 3061/632/15
f 3061/632/11 3146/583/11 3060/633/11
f 3060/633/14 3146/583/14 3059/634/14
f 3059/634/11 3146/583/11 3530/569/11
f 3059/634/11 3530/569/11 3058/635/11
f 3058/635/11 3530/569/11 3057/636/11
f 3057/636/16 3530/569/16 3056/637/16
f 3056/637/11 3530/569/11 3055/638/11
f 3055/638/12 3530/569/12 3054/639/12
f 3054/639/11 3530/569/11 3053/640/11
f 3053/640/11 3530/569/11 3052/641/11
f 3052/641/15 3530/569/15 3051/642/15
f 3051/642/11 3530/569/11 3050/643/11
f 3050/643/14 3530/569/14 3049/644/14
f 3049/644/11 3530/569/11 3048/645/11
f 3048/645/11 3530/569/11 3047/646/11
f 3047/646/11 3530/569/11 3046/647/11
f 3046/647/11 3530/569/11 3045/648/11
f 3045/648/11 3530/569/11 3044/649/11
f 3044/649/11 3530/569/11 3043/650/11
f 3043/650/11 3530/569/11 3042/651/11
f 3042/651/11 3530/569/11 3041/652/11
f 3041/652/11 3530/569/11 3040/653/11
f 3040/653/11 3530/569/11 3039/654/11
f 3039/654/11 3530/569/11 3038/655/11
f 3038/655/11 3530/569/11 3037/656/11
f 3037/656/11 3530/569/11 3036/657/11
f 3036/657/11 3530/569/11 3035/658/11
f 3035/658/11 3530/569/11 3034/659/11
f 3034/659/11 3530/569/11 3033/660/11
f 3033/660/11 3530/569/11 3531/574/11
f 3033/660/11 3531/574/11 3032/661/11
f 3032/661/17 3531/574/17 3031/662/17
f 3031/662/11 3531/574/11 3030/663/11
f 3030/663/11 3531/574/11 3029/664/11
f 3029/664/11 3531/574/11 3692/602/11
f 3029/664/11 3692/602/11 3693/665/11
f 3029/664/18 3693/665/18 3028/666/18
f 3028/666/11 3693/665/11 3694/667/11
f 3028/666/11 3694/667/11 3695/668/11
f 3028/666/11 3695/668/11 3696/669/11
f 3028/666/11 3696/669/11 3027/670/11
f 3027/670/11 3696/669/11 3697/671/11
f 3027/670/11 3697/671/11 3698/672/11
f 3027/670/11 3698/672/11 3699/673/11
f 3027/670/11 3699/673/11 3700/674/11
f 3027/670/11 3700/674/11 3026/675/11
f 3026/675/11 3700/674/11 3701/676/11
f 3026/675/11 3701/676/11 3702/677/11
f 3026/675/11 3702/677/11 3703/678/11
f 3026/675/11 3703/678/11 3025/679/11
f 3025/679/11 3703/678/11 3704/680/11
f 3025/679/11 3704/680/11 3705/681/11
f 3025/679/11 3705/681/11 3706/682/11
f 3025/679/11 3706/682/11 3707/683/11
f 3025/679/11 3707/683/11 3024/684/11
f 3024/684/11 3707/683/11 3708/685/11
f 3024/684/11 3708/685/11 3709/686/11
f 3024/684/11 3709/686/11 3710/687/11
f 3024/684/11 3710/687/11 3711/688/11
f 3024/684/19 3711/688/19 3023/689/19
f 3023/689/11 3711/688/11 3712/690/11
f 3023/689/11 3712/690/11 3713/691/11
f 3023/689/11 3713/691/11 3714/692/11
f 3023/689/11 3714/692/11 3715/693/11
f 3023/689/11 3715/693/11 3716/694/11
f 3023/689/11 3716/694/11 3022/695/11
f 3022/695/11 3716/694/11 3717/696/11
f 3022/695/11 3717/696/11 3718/697/11
f 3022/695/11 3718/697/11 3719/698/11
f 3022/695/11 3719/698/11 3720/699/11
f 3022/695/11 3720/699/11 3721/700/11
f 3022/695/11 3721/700/11 3722/701/11
f 3022/695/10 3722/701/10 3021/702/10
f 3021/702/11 3722/701/11 3723/703/11
f 3021/702/11 3723/703/11 3724/704/11
f 3021/702/11 3724/704/11 3725/705/11
f 3021/702/11 3725/705/11 3726/706/11
f 3021/702/11 3726/706/11 3727/707/11
f 3021/702/11 3727/707/11 3728/708/11
f 3021/702/11 3728/708/11 3020/709/11
f 3020/709/11 3728/708/11 3729/710/11
f 3020/709/11 3729/710/11 3730/711/11
f 3020/709/11 3730/711/11 3731/712/11
f 3020/709/11 3731/712/11 3732/713/11
f 3020/709/11 3732/713/11 3733/714/11
f 3020/709/11 3733/714/11 3734/715/11
f 3020/709/11 3734/715/11 3019/716/11
f 3019/716/11 3734/715/11 3735/717/11
f 3019/716/11 3735/717/11 3736/718/11
f 3019/716/11 3736/718/11 3737/719/11
f 3019/716/11 3737/719/11 3738/720/11
f 3019/716/11 3738/720/11 3739/721/11
f 3019/716/11 3739/721/11 3740/722/11
f 3019/716/11 3740/722/11 3741/723/11
f 3019/716/11 3741/723/11 3742/724/11
f 3019/716/11 3742/724/11 3018/725/11
f 3018/725/11 3742/724/11 3743/726/11
f 3018/725/11 3743/726/11 3744/727/11
f 3018/725/11 3744/727/11 3745/728/11
f 3018/725/11 3745/728/11 3746/729/11
f 3018/725/11 3746/729/11 3747/730/11
f 3018/725/11 3747/730/11 3748/731/11
f 3018/725/11 3748/731/11 3749/732/11
f 3018/725/11 3749/732/11 3750/733/11
f 3018/725/11 3750/733/11 3751/734/11
f 3018/725/11 3751/734/11 3752/735/11
f 3018/725/11 3752/735/11 3017/736/11
f 3017/736/11 3752/735/11 3753/737/11
f 3017/736/11 3753/737/11 3754/738/11
f 3017/736/11 3754/738/11 3755/739/11
f 3017/736/11 3755/739/11 3756/740/11
f 3017/736/11 3756/740/11 3757/741/11
f 3017/736/11 3757/741/11 3758/742/11
f 3017/736/11 3758/742/11 3759/743/11
f 3017/736/11 3759/743/11 3760/744/11
f 3017/736/11 3760/744/11 3761/745/11
f 3017/736/11 3761/745/11 3762/746/11
f 3017/736/11 3762/746/11 3763/747/11
f 3017/736/11 3763/747/11 3764/748/11
f 3017/736/11 3764/748/11 3765/749/11
f 3017/736/11 3765/749/11 3766/750/11
f 3017/736/11 3766/750/11 3767/751/11
f 3017/736/11 3767/751/11 3016/752/11
f 3016/752/11 3767/751/11 3768/753/11
f 3016/752/11 3768/753/11 3769/754/11
f 3016/752/11 3769/754/11 3770/755/11
f 3016/752/11 3770/755/11 3771/756/11
f 3016/752/11 3771/756/11 3772/757/11
f 3016/752/11 3772/757/11 3773/758/11
f 3016/752/11 3773/758/11 3774/759/11
f 3016/752/11 3774/759/11 3775/760/11
f 3016/752/11 3775/760/11 3776/761/11
f 3016/752/11 3776/761/11 3777/762/11
f 3016/752/11 3777/762/11 3778/763/11
f 3016/752/11 3778/763/11 3779/764/11
f 3016/752/11 3779/764/11 3780/765/11
f 3016/752/11 3780/765/11 3781/766/11
f 3016/752/11 3781/766/11 3782/767/11
f 3016/752/11 3782/767/11 3783/768/11
f 3016/752/11 3783/768/11 3784/769/11
f 3016/752/11 3784/769/11 3785/770/11
f 3016/752/11 3785/770/11 3786/771/11
f 3016/752/11 3786/771/11 3787/772/11
f 3015/773/1 3016/752/1 3787/772/1
f 3014/774/11 3015/773/11 3917/775/11
f 3917/775/1 3015/773/1 3787/772/1
f 3014/774/11 3917/775/11 3918/776/11
f 3916/777/11 3917/775/11 3787/772/11
f 3915/778/11 3916/777/11 1991/779/11
f 1991/779/1 3916/777/1 3787/772/1
f 3915/778/11 1991/779/11 1992/780/11
f 3014/774/11 3918/776/11 3919/781/11
f 3013/782/11 3014/774/11 3919/781/11
f 3914/783/11 3915/778/11 1992/780/11
f 3914/783/11 1992/780/11 1993/784/11
f 3013/782/11 3919/781/11 3920/785/11
f 3012/786/11 3013/782/11 3920/785/11
f 3913/787/11 3914/783/11 1993/784/11
f 3012/786/11 3920/785/11 3921/788/11
f 3913/787/11 1993/784/11 1994/789/11
f 3011/790/11 3012/786/11 3921/788/11
f 3011/790/11 3921/788/11 3922/791/11
f 3912/792/11 3913/787/11 1994/789/11
f 3912/792/11 1994/789/11 1995/793/11
f 3011/790/11 3922/791/11 3923/794/11
f 3010/795/11 3011/790/11 3923/794/11
f 3911/796/11 3912/792/11 1995/793/11
f 3010/795/11 3923/794/11 3924/797/11
f 3911/796/11 1995/793/11 1996/798/11
f 3009/799/11 3010/795/11 3924/797/11
f 3910/800/11 3911/796/11 1996/798/11
f 3009/799/11 3924/797/11 3925/801/11
f 3008/802/11 3009/799/11 3925/801/11
f 3008/802/11 3925/801/11 3926/803/11
f 3910/800/11 1996/798/11 1997/804/11
f 3909/805/11 3910/800/11 1997/804/11
f 3008/802/11 3926/803/11 3927/806/11
f 3007/807/11 3008/802/11 3927/806/11
f 3909/805/11 1997/804/11 1998/808/11
f 3908/809/11 3909/805/11 1998/808/11
f 3007/807/11 3927/806/11 3928/810/11
f 3006/811/11 3007/807/11 3928/810/11
f 3006/811/11 3928/810/11 3929/812/11
f 3907/813/11 3908/809/11 1998/808/11
f 3907/813/11 1998/808/11 1999/814/11
f 3005/815/11 3006/811/11 3929/812/11
f 3005/815/11 3929/812/11 3930/816/11
f 3906/817/11 3907/813/11 1999/814/11
f 3906/817/11 1999/814/11 2000/818/11
f 3005/815/11 3930/816/11 3931/819/11
f 3004/820/11 3005/815/11 3931/819/11
f 3905/821/11 3906/817/11 2000/818/11
f 3004/820/11 3931/819/11 3932/822/11
f 3003/823/11 3004/820/11 3932/822/11
f 3905/821/11 2000/818/11 2001/824/11
f 3003/823/11 3932/822/11 3933/825/11
f 3904/826/11 3905/821/11 2001/824/11
f 3002/827/11 3003/823/11 3933/825/11
f 3002/827/11 3933/825/11 3934/828/11
f 3904/826/11 2001/824/11 2002/829/11
f 3903/830/11 3904/826/11 2002/829/11
f 3001/831/11 3002/827/11 3934/828/11
f 3001/831/11 3934/828/11 3935/832/11
f 3903/830/11 2002/829/11 2003/833/11
f 3902/834/11 3903/830/11 2003/833/11
f 3001/831/11 3935/832/11 3936/835/11
f 3000/836/11 3001/831/11 3936/835/11
f 3000/836/11 3936/835/11 3937/837/11
f 3902/834/11 2003/833/11 2004/838/11
f 3901/839/11 3902/834/11 2004/838/11
f 2999/840/11 3000/836/11 3937/837/11
f 2999/840/11 3937/837/11 3938/841/11
f 2998/842/11 2999/840/11 3938/841/11
f 3900/843/11 3901/839/11 2004/838/11
f 3900/843/11 2004/838/11 2005/844/11
f 2998/842/11 3938/841/11 3939/845/11
f 2997/846/11 2998/842/11 3939/845/11
f 3899/847/11 3900/843/11 2005/844/11
f 2997/846/11 3939/845/11 3940/848/11
f 3899/847/11 2005/844/11 2006/849/11
f 2996/850/11 2997/846/11 3940/848/11
f 2996/850/11 3940/848/11 3941/851/11
f 3898/852/11 3899/847/11 2006/849/11
f 3898/852/11 2006/849/11 2007/853/11
f 2996/850/11 3941/851/11 3942/854/11
f 2995/855/11 2996/850/11 3942/854/11
f 3897/856/11 3898/852/11 2007/853/11
f 2995/855/11 3942/854/11 3943/857/11
f 2994/858/11 2995/855/11 3943/857/11
f 3897/856/11 2007/853/11 2008/859/11
f 3896/860/11 3897/856/11 2008/859/11
f 2994/858/11 3943/857/11 3944/861/11
f 2993/862/11 2994/858/11 3944/861/11
f 3896/860/11 2008/859/11 2009/863/11
f 2993/862/11 3944/861/11 3945/864/11
f 3895/865/11 3896/860/11 2009/863/11
f 2992/866/11 2993/862/11 3945/864/11
f 2992/866/11 3945/864/11 3946/867/11
f 3895/865/11 2009/863/11 2010/868/11
f 3894/869/11 3895/865/11 2010/868/11
f 2991/870/11 2992/866/11 3946/867/11
f 2991/870/11 3946/867/11 3947/871/11
f 3893/872/11 3894/869/11 2010/868/11
f 2991/870/11 3947/871/11 3948/873/11
f 3893/872/11 2010/868/11 2011/874/11
f 2990/875/11 2991/870/11 3948/873/11
f 2990/875/11 3948/873/11 3949/876/11
f 3892/877/11 3893/872/11 2011/874/11
f 2989/878/11 2990/875/11 3949/876/11
f 3892/877/11 2011/874/11 2012/879/11
f 2989/878/11 3949/876/11 3950/880/11
f 2988/881/11 2989/878/11 3950/880/11
f 3891/882/11 3892/877/11 2012/879/11
f 2988/881/11 3950/880/11 3951/883/11
f 3891/882/11 2012/879/11 2013/884/11
f 2987/885/11 2988/881/11 3951/883/11
f 3890/886/11 3891/882/11 2013/884/11
f 2987/885/11 3951/883/11 3952/887/11
f 3890/886/11 2013/884/11 2014/888/11
f 2986/889/11 2987/885/11 3952/887/11
f 2986/889/11 3952/887/11 3953/890/11
f 3889/891/11 3890/886/11 2014/888/11
f 2985/892/11 2986/889/11 3953/890/11
f 2985/892/11 3953/890/11 3954/893/11
f 3889/891/11 2014/888/11 2015/894/11
f 3888/895/11 3889/891/11 2015/894/11
f 2984/896/11 2985/892/11 3954/893/11
f 2984/896/11 3954/893/11 3955/897/11
f 3888/895/11 2015/894/11 2016/898/11
f 3887/899/11 3888/895/11 2016/898/11
f 2984/896/11 3955/897/11 3956/900/11
f 2983/901/11 2984/896/11 3956/900/11
f 3886/902/11 3887/899/11 2016/898/11
f 3886/902/11 2016/898/11 2017/903/11
f 2983/901/11 3956/900/11 3957/904/11
f 2982/905/11 2983/901/11 3957/904/11
f 2982/905/11 3957/904/11 3958/906/11
f 3885/907/11 3886/902/11 2017/903/11
f 2981/908/11 2982/905/11 3958/906/11
f 3885/907/11 2017/903/11 2018/909/11
f 2981/908/11 3958/906/11 3959/910/11
f 2980/911/11 2981/908/11 3959/910/11
f 3884/912/11 3885/907/11 2018/909/11
f 3884/912/11 2018/909/11 2019/913/11
f 2980/911/11 3959/910/11 3960/914/11
f 2979/915/11 2980/911/11 3960/914/11
f 3883/916/11 3884/912/11 2019/913/11
f 2979/915/11 3960/914/11 3961/917/11
f 3883/916/11 2019/913/11 2020/918/11
f 2978/919/11 2979/915/11 3961/917/11
f 2978/919/11 3961/917/11 3962/920/11
f 3882/921/11 3883/916/11 2020/918/11
f 2977/922/11 2978/919/11 3962/920/11
f 3882/921/11 2020/918/11 2021/923/11
f 2977/922/11 3962/920/11 3963/924/11
f 3881/925/11 3882/921/11 2021/923/11
f 2976/926/11 2977/922/11 3963/924/11
f 2976/926/11 3963/924/11 3964/927/11
f 3881/925/11 2021/923/11 2022/928/11
f 3880/929/11 3881/925/11 2022/928/11
f 2975/930/11 2976/926/11 3964/927/11
f 2975/930/11 3964/927/11 3965/931/11
f 3880/929/11 2022/928/11 2023/932/11
f 2974/933/11 2975/930/11 3965/931/11
f 3879/934/11 3880/929/11 2023/932/11
f 2974/933/11 3965/931/11 3966/935/11
f 2973/936/11 2974/933/11 3966/935/11
f 2973/936/11 3966/935/11 3967/937/11
f 3878/938/11 3879/934/11 2023/932/11
f 3878/938/11 2023/932/11 2024/939/11
f 2972/940/11 2973/936/11 3967/937/11
f 2972/940/11 3967/937/11 3968/941/11
f 3877/942/11 3878/938/11 2024/939/11
f 3877/942/11 2024/939/11 2025/943/11
f 2971/944/11 2972/940/11 3968/941/11
f 2971/944/11 3968/941/11 3969/945/11
f 3876/946/11 3877/942/11 2025/943/11
f 2970/947/11 2971/944/11 3969/945/11
f 3876/946/11 2025/943/11 2026/948/11
f 2970/947/11 3969/945/11 3970/949/11
f 3875/950/11 3876/946/11 2026/948/11
f 2969/951/11 2970/947/11 3970/949/11
f 2969/951/11 3970/949/11 3971/952/11
f 3875/950/11 2026/948/11 2027/953/11
f 2968/954/11 2969/951/11 3971/952/11
f 3874/955/11 3875/950/11 2027/953/11
f 2968/954/11 3971/952/11 3972/956/11
f 3874/955/11 2027/953/11 2028/957/11
f 2967/958/11 2968/954/11 3972/956/11
f 2967/958/11 3972/956/11 3973/959/11
f 3873/960/11 3874/955/11 2028/957/11
f 2966/961/11 2967/958/11 3973/959/11
f 2966/961/11 3973/959/11 3974/962/11
f 3873/960/11 2028/957/11 2029/963/11
f 3872/964/11 3873/960/11 2029/963/11
f 2965/965/11 2966/961/11 3974/962/11
f 2965/965/11 3974/962/11 3975/966/11
f 3872/964/11 2029/963/11 2030/967/11
f 3871/968/11 3872/964/11 2030/967/11
f 2964/969/11 2965/965/11 3975/966/11
f 2964/969/11 3975/966/11 3976/970/11
f 2963/971/11 2964/969/11 3976/970/11
f 3870/972/11 3871/968/11 2030/967/11
f 3870/972/11 2030/967/11 2031/973/11
f 2963/971/11 3976/970/11 3977/974/11
f 2962/975/11 2963/971/11 3977/974/11
f 3869/976/11 3870/972/11 2031/973/11
f 2962/975/11 3977/974/11 3978/977/11
f 3869/976/11 2031/973/11 2032/978/11
f 2961/979/11 2962/975/11 3978/977/11
f 2961/979/11 3978/977/11 3979/980/11
f 3868/981/11 3869/976/11 2032/978/11
f 2960/982/11 2961/979/11 3979/980/11
f 3868/981/11 2032/978/11 2033/983/11
f 2960/982/11 3979/980/11 3980/984/11
f 3867/985/11 3868/981/11 2033/983/11
f 2959/986/11 2960/982/11 3980/984/11
f 3867/985/11 2033/983/11 2034/987/11
f 2959/986/11 3980/984/11 3788/988/11
f 2958/989/11 2959/986/11 3788/988/11
f 3866/990/11 3867/985/11 2034/987/11
f 2958/989/11 3788/988/11 3789/991/11
f 3866/990/11 2034/987/11 2035/992/11
f 2957/993/11 2958/989/11 3789/991/11
f 2957/993/11 3789/991/11 3790/994/11
f 2957/993/11 3790/994/11 3791/995/11
f 3865/996/11 3866/990/11 2035/992/11
f 2957/993/11 3791/995/11 3792/997/11
f 2957/993/11 3792/997/11 3793/998/11
f 2956/999/11 2957/993/11 3793/998/11
f 2956/999/11 3793/998/11 3794/1000/11
f 3865/996/11 2035/992/11 2036/1001/11
f 2956/999/11 3794/1000/11 3795/1002/11
f 2956/999/11 3795/1002/11 3796/1003/11
f 3864/1004/11 3865/996/11 2036/1001/11
f 2955/1005/11 2956/999/11 3796/1003/11
f 2955/1005/11 3796/1003/11 3797/1006/11
f 2955/1005/11 3797/1006/11 3798/1007/11
f 2955/1005/11 3798/1007/11 3799/1008/11
f 3864/1004/11 2036/1001/11 2037/1009/11
f 2954/1010/11 2955/1005/11 3799/1008/11
f 2954/1010/11 3799/1008/11 3800/1011/11
f 3863/1012/11 3864/1004/11 2037/1009/11
f 2954/1010/11 3800/1011/11 3801/1013/11
f 2954/1010/11 3801/1013/11 3802/1014/11
f 2954/1010/11 3802/1014/11 3803/1015/11
f 2953/1016/11 2954/1010/11 3803/1015/11
f 2953/1016/11 3803/1015/11 3804/1017/11
f 3863/1012/11 2037/1009/11 2038/1018/11
f 3862/1019/11 3863/1012/11 2038/1018/11
f 2953/1016/11 3804/1017/11 3805/1020/11
f 2953/1016/11 3805/1020/11 3806/1021/11
f 2952/1022/11 2953/1016/11 3806/1021/11
f 2952/1022/11 3806/1021/11 3807/1023/11
f 2952/1022/11 3807/1023/11 3808/1024/11
f 2952/1022/11 3808/1024/11 2695/1025/11
f 2695/1025/11 3808/1024/11 3809/1026/11
f 3861/1027/11 3862/1019/11 2038/1018/11
f 2951/1028/11 2952/1022/11 2695/1025/11
f 2951/1028/11 2695/1025/11 2696/1029/11
f 2694/1030/11 2695/1025/11 3809/1026/11
f 3861/1027/11 2038/1018/11 2039/1031/11
f 2694/1030/11 3809/1026/11 3810/1032/11
f 2951/1028/11 2696/1029/11 2697/1033/11
f 2693/1034/11 2694/1030/11 3810/1032/11
f 2951/1028/11 2697/1033/11 2698/1035/11
f 2693/1034/11 3810/1032/11 3811/1036/11
f 2951/1028/11 2698/1035/11 2699/1037/11
f 2692/1038/11 2693/1034/11 3811/1036/11
f 2951/1028/11 2699/1037/11 2700/1039/11
f 2692/1038/11 3811/1036/11 3812/1040/11
f 2951/1028/11 2700/1039/11 2701/1041/11
f 2950/1042/11 2951/1028/11 2701/1041/11
f 2691/1043/11 2692/1038/11 3812/1040/11
f 2691/1043/11 3812/1040/11 3813/1044/11
f 2950/1042/11 2701/1041/11 2702/1045/11
f 3860/1046/11 3861/1027/11 2039/1031/11
f 2949/1047/11 2950/1042/11 2702/1045/11
f 2949/1047/11 2702/1045/11 2703/1048/11
f 2691/1043/11 3813/1044/11 3814/1049/11
f 2690/1050/11 2691/1043/11 3814/1049/11
f 2949/1047/11 2703/1048/11 2704/1051/11
f 2948/1052/11 2949/1047/11 2704/1051/11
f 3860/1046/11 2039/1031/11 2040/1053/11
f 2948/1052/11 2704/1051/11 2705/1054/11
f 2690/1050/11 3814/1049/11 3815/1055/11
f 2947/1056/11 2948/1052/11 2705/1054/11
f 2689/1057/11 2690/1050/11 3815/1055/11
f 2947/1056/11 2705/1054/11 2706/1058/11
f 2946/1059/11 2947/1056/11 2706/1058/11
f 2689/1057/11 3815/1055/11 3816/1060/11
f 2946/1059/11 2706/1058/11 2707/1061/11
f 2688/1062/11 2689/1057/11 3816/1060/11
f 2946/1059/11 2707/1061/11 2708/1063/11
f 2945/1064/11 2946/1059/11 2708/1063/11
f 2688/1062/11 3816/1060/11 3817/1065/11
f 2945/1064/11 2708/1063/11 2709/1066/11
f 2944/1067/11 2945/1064/11 2709/1066/11
f 2687/1068/11 2688/1062/11 3817/1065/11
f 3859/1069/11 3860/1046/11 2040/1053/11
f 2687/1068/11 3817/1065/11 3818/1070/11
f 2944/1067/11 2709/1066/11 2710/1071/11
f 2943/1072/11 2944/1067/11 2710/1071/11
f 2943/1072/11 2710/1071/11 2711/1073/11
f 2686/1074/11 2687/1068/11 3818/1070/11
f 2686/1074/11 3818/1070/11 3819/1075/11
f 2942/1076/11 2943/1072/11 2711/1073/11
f 2942/1076/11 2711/1073/11 2712/1077/11
f 3859/1069/11 2040/1053/11 2041/1078/11
f 2942/1076/11 2712/1077/11 2713/1079/11
f 2941/1080/11 2942/1076/11 2713/1079/11
f 2686/1074/11 3819/1075/11 3820/1081/11
f 2685/1082/11 2686/1074/11 3820/1081/11
f 2941/1080/11 2713/1079/11 2714/1083/11
f 2940/1084/11 2941/1080/11 2714/1083/11
f 2685/1082/11 3820/1081/11 3821/1085/11
f 2684/1086/11 2685/1082/11 3821/1085/11
f 2940/1084/11 2714/1083/11 2715/1087/11
f 2939/1088/11 2940/1084/11 2715/1087/11
f 2939/1088/11 2715/1087/11 2716/1089/11
f 2684/1086/11 3821/1085/11 3822/1090/11
f 3858/1091/11 3859/1069/11 2041/1078/11
f 2938/1092/11 2939/1088/11 2716/1089/11
f 2683/1093/11 2684/1086/11 3822/1090/11
f 2938/1092/11 2716/1089/11 2717/1094/11
f 2683/1093/11 3822/1090/11 3823/1095/11
f 2937/1096/11 2938/1092/11 2717/1094/11
f 2937/1096/11 2717/1094/11 2718/1097/11
f 2682/1098/11 2683/1093/11 3823/1095/11
f 2936/1099/11 2937/1096/11 2718/1097/11
f 2936/1099/11 2718/1097/11 2719/1100/11
f 2682/1098/11 3823/1095/11 3824/1101/11
f 3858/1091/11 2041/1078/11 2042/1102/11
f 2935/1103/11 2936/1099/11 2719/1100/11
f 2935/1103/11 2719/1100/11 2720/1104/11
f 2681/1105/11 2682/1098/11 3824/1101/11
f 2681/1105/11 3824/1101/11 3825/1106/11
f 2935/1103/11 2720/1104/11 2721/1107/11
f 2934/1108/11 2935/1103/11 2721/1107/11
f 2681/1105/11 3825/1106/11 3826/1109/11
f 2934/1108/11 2721/1107/11 2722/1110/11
f 2933/1111/11 2934/1108/11 2722/1110/11
f 2680/1112/11 2681/1105/11 3826/1109/11
f 3857/1113/11 3858/1091/11 2042/1102/11
f 2933/1111/11 2722/1110/11 2723/1114/11
f 2932/1115/11 2933/1111/11 2723/1114/11
f 2680/1112/11 3826/1109/11 3827/1116/11
f 2932/1115/11 2723/1114/11 2724/1117/11
f 2679/1118/11 2680/1112/11 3827/1116/11
f 2931/1119/11 2932/1115/11 2724/1117/11
f 2679/1118/11 3827/1116/11 3828/1120/11
f 2931/1119/11 2724/1117/11 2725/1121/11
f 2930/1122/11 2931/1119/11 2725/1121/11
f 2678/1123/11 2679/1118/11 3828/1120/11
f 2930/1122/11 2725/1121/11 2726/1124/11
f 2678/1123/11 3828/1120/11 3829/1125/11
f 2929/1126/11 2930/1122/11 2726/1124/11
f 3857/1113/11 2042/1102/11 2043/1127/11
f 2929/1126/11 2726/1124/11 2727/1128/11
f 2928/1129/11 2929/1126/11 2727/1128/11
f 2678/1123/11 3829/1125/11 3830/1130/11
f 2677/1131/11 2678/1123/11 3830/1130/11
f 2928/1129/11 2727/1128/11 2728/1132/11
f 2927/1133/11 2928/1129/11 2728/1132/11
f 3856/1134/11 3857/1113/11 2043/1127/11
f 2677/1131/11 3830/1130/11 3831/1135/11
f 2927/1133/11 2728/1132/11 2729/1136/11
f 2926/1137/11 2927/1133/11 2729/1136/11
f 2676/1138/11 2677/1131/11 3831/1135/11
f 2926/1137/11 2729/1136/11 2730/1139/11
f 2925/1140/11 2926/1137/11 2730/1139/11
f 2676/1138/11 3831/1135/11 3832/1141/11
f 2924/1142/11 2925/1140/11 2730/1139/11
f 2924/1142/11 2730/1139/11 2731/1143/11
f 2675/1144/11 2676/1138/11 3832/1141/11
f 2675/1144/11 3832/1141/11 3833/1145/11
f 2923/1146/11 2924/1142/11 2731/1143/11
f 2923/1146/11 2731/1143/11 2732/1147/11
f 2922/1148/11 2923/1146/11 2732/1147/11
f 2675/1144/11 3833/1145/11 3834/1149/11
f 2922/1148/11 2732/1147/11 2733/1150/11
f 2674/1151/11 2675/1144/11 3834/1149/11
f 3856/1134/11 2043/1127/11 2044/1152/11
f 2921/1153/11 2922/1148/11 2733/1150/11
f 2921/1153/11 2733/1150/11 2734/1154/11
f 2674/1151/11 3834/1149/11 3835/1155/11
f 2920/1156/11 2921/1153/11 2734/1154/11
f 3855/1157/11 3856/1134/11 2044/1152/11
f 2673/1158/11 2674/1151/11 3835/1155/11
f 2920/1156/11 2734/1154/11 2735/1159/11
f 2919/1160/11 2920/1156/11 2735/1159/11
f 2673/1158/11 3835/1155/11 3836/1161/11
f 2919/1160/11 2735/1159/11 2736/1162/11
f 2918/1163/11 2919/1160/11 2736/1162/11
f 2672/1164/11 2673/1158/11 3836/1161/11
f 2672/1164/11 3836/1161/11 3837/1165/11
f 2917/1166/11 2918/1163/11 2736/1162/11
f 2917/1166/11 2736/1162/11 2737/1167/11
f 2916/1168/11 2917/1166/11 2737/1167/11
f 2916/1168/11 2737/1167/11 2738/1169/11
f 2672/1164/11 3837/1165/11 3838/1170/11
f 2671/1171/11 2672/1164/11 3838/1170/11
f 2915/1172/11 2916/1168/11 2738/1169/11
f 2915/1172/11 2738/1169/11 2739/1173/11
f 2914/1174/11 2915/1172/11 2739/1173/11
f 2671/1171/11 3838/1170/11 3839/1175/11
f 3855/1157/11 2044/1152/11 2045/1176/11
f 2914/1174/11 2739/1173/11 2740/1177/11
f 2913/1178/11 2914/1174/11 2740/1177/11
f 2670/1179/11 2671/1171/11 3839/1175/11
f 3854/1180/11 3855/1157/11 2045/1176/11
f 2670/1179/11 3839/1175/11 3840/1181/11
f 2912/1182/11 2913/1178/11 2740/1177/11
f 2912/1182/11 2740/1177/11 2741/1183/11
f 2911/1184/11 2912/1182/11 2741/1183/11
f 2669/1185/11 2670/1179/11 3840/1181/11
f 2669/1185/11 3840/1181/11 3841/1186/11
f 2911/1184/11 2741/1183/11 2742/1187/11
f 2910/1188/11 2911/1184/11 2742/1187/11
f 2910/1188/11 2742/1187/11 2743/1189/11
f 2909/1190/11 2910/1188/11 2743/1189/11
f 2669/1185/11 3841/1186/11 3842/1191/11
f 2668/1192/11 2669/1185/11 3842/1191/11
f 2908/1193/11 2909/1190/11 2743/1189/11
f 2908/1193/11 2743/1189/11 2744/1194/11
f 2907/1195/11 2908/1193/11 2744/1194/11
f 2668/1192/11 3842/1191/11 3843/1196/11
f 2907/1195/11 2744/1194/11 2745/1197/11
f 2906/1198/11 2907/1195/11 2745/1197/11
f 2667/1199/11 2668/1192/11 3843/1196/11
f 2667/1199/11 3843/1196/11 3844/1200/11
f 2905/1201/11 2906/1198/11 2745/1197/11
f 3854/1180/11 2045/1176/11 2046/1202/11
f 3853/1203/11 3854/1180/11 2046/1202/11
f 2905/1201/11 2745/1197/11 2746/1204/11
f 2904/1205/11 2905/1201/11 2746/1204/11
f 2667/1199/11 3844/1200/11 3845/1206/11
f 2904/1205/11 2746/1204/11 2747/1207/11
f 2903/1208/11 2904/1205/11 2747/1207/11
f 2666/1209/11 2667/1199/11 3845/1206/11
f 2902/1210/11 2903/1208/11 2747/1207/11
f 2902/1210/11 2747/1207/11 2748/1211/11
f 2666/1209/11 3845/1206/11 3846/1212/11
f 2901/1213/11 2902/1210/11 2748/1211/11
f 2665/1214/11 2666/1209/11 3846/1212/11
f 2900/1215/11 2901/1213/11 2748/1211/11
f 2900/1215/11 2748/1211/11 2749/1216/11
f 2665/1214/11 3846/1212/11 3847/1217/11
f 2899/1218/11 2900/1215/11 2749/1216/11
f 2899/1218/11 2749/1216/11 2750/1219/11
f 2898/1220/11 2899/1218/11 2750/1219/11
f 2665/1214/11 3847/1217/11 3848/1221/11
f 2664/1222/11 2665/1214/11 3848/1221/11
f 2897/1223/11 2898/1220/11 2750/1219/11
f 2897/1223/11 2750/1219/11 2751/1224/11
f 3852/1225/11 3853/1203/11 2046/1202/11
f 2896/1226/11 2897/1223/11 2751/1224/11
f 2664/1222/11 3848/1221/11 3849/1227/11
f 3852/1225/11 2046/1202/11 2047/1228/11
f 2895/1229/11 2896/1226/11 2751/1224/11
f 2895/1229/11 2751/1224/11 2752/1230/11
f 2894/1231/11 2895/1229/11 2752/1230/11
f 2663/1232/11 2664/1222/11 3849/1227/11
f 2663/1232/11 3849/1227/11 3850/1233/11
f 2893/1234/11 2894/1231/11 2752/1230/11
f 2893/1234/11 2752/1230/11 2753/1235/11
f 2892/1236/11 2893/1234/11 2753/1235/11
f 2891/1237/11 2892/1236/11 2753/1235/11
f 2663/1232/11 3850/1233/11 3851/1238/11
f 2891/1237/11 2753/1235/11 2754/1239/11
f 2662/1240/11 2663/1232/11 3851/1238/11
f 2890/1241/11 2891/1237/11 2754/1239/11
f 2889/1242/11 2890/1241/11 2754/1239/11
f 2889/1242/11 2754/1239/11 2755/1243/11
f 2662/1240/11 3851/1238/11 3852/1225/11
f 2888/1244/11 2889/1242/11 2755/1243/11
f 2661/1245/11 2662/1240/11 3852/1225/11
f 2887/1246/11 2888/1244/11 2755/1243/11
f 2887/1246/11 2755/1243/11 2756/1247/11
f 2886/1248/11 2887/1246/11 2756/1247/11
f 2661/1245/11 3852/1225/11 2047/1228/11
f 2886/1248/11 2756/1247/11 2757/1249/11
f 2885/1250/11 2886/1248/11 2757/1249/11
f 2661/1245/11 2047/1228/11 2048/1251/11
f 2660/1252/11 2661/1245/11 2048/1251/11
f 2885/1250/11 2757/1249/11 2758/1253/11
f 2884/1254/11 2885/1250/11 2758/1253/11
f 2884/1254/11 2758/1253/11 2759/1255/11
f 2659/1256/11 2660/1252/11 2048/1251/11
f 2883/1257/11 2884/1254/11 2759/1255/11
f 2883/1257/11 2759/1255/11 2760/1258/11
f 2882/1259/11 2883/1257/11 2760/1258/11
f 2658/1260/11 2659/1256/11 2048/1251/11
f 2882/1259/11 2760/1258/11 2761/1261/11
f 2881/1262/11 2882/1259/11 2761/1261/11
f 2881/1262/11 2761/1261/11 2762/1263/11
f 2880/1264/11 2881/1262/11 2762/1263/11
f 2657/1265/11 2658/1260/11 2048/1251/11
f 2880/1264/11 2762/1263/11 2763/1266/11
f 2657/1265/11 2048/1251/11 2049/1267/11
f 2879/1268/11 2880/1264/11 2763/1266/11
f 2879/1268/11 2763/1266/11 2764/1269/11
f 2656/1270/11 2657/1265/11 2049/1267/11
f 2878/1271/11 2879/1268/11 2764/1269/11
f 2878/1271/11 2764/1269/11 2765/1272/11
f 2877/1273/11 2878/1271/11 2765/1272/11
f 2877/1273/11 2765/1272/11 2766/1274/11
f 2655/1275/11 2656/1270/11 2049/1267/11
f 2876/1276/11 2877/1273/11 2766/1274/11
f 2876/1276/11 2766/1274/11 2767/1277/11
f 2875/1278/11 2876/1276/11 2767/1277/11
f 2875/1278/11 2767/1277/11 2768/1279/11
f 2654/1280/11 2655/1275/11 2049/1267/11
f 2875/1278/11 2768/1279/11 2769/1281/11
f 2874/1282/11 2875/1278/11 2769/1281/11
f 2654/1280/11 2049/1267/11 2050/1283/11
f 2874/1282/11 2769/1281/11 2770/1284/11
f 2873/1285/11 2874/1282/11 2770/1284/11
f 2653/1286/11 2654/1280/11 2050/1283/11
f 2873/1285/11 2770/1284/11 2771/1287/11
f 2872/1288/11 2873/1285/11 2771/1287/11
f 2872/1288/11 2771/1287/11 2772/1289/11
f 2871/1290/11 2872/1288/11 2772/1289/11
f 2652/1291/11 2653/1286/11 2050/1283/11
f 2871/1290/11 2772/1289/11 2773/1292/11
f 2870/1293/11 2871/1290/11 2773/1292/11
f 2870/1293/11 2773/1292/11 2774/1294/11
f 2869/1295/11 2870/1293/11 2774/1294/11
f 2869/1295/11 2774/1294/11 2775/1296/11
f 2651/1297/11 2652/1291/11 2050/1283/11
f 2868/1298/11 2869/1295/11 2775/1296/11
f 2868/1298/11 2775/1296/11 2776/1299/11
f 2651/1297/11 2050/1283/11 2051/1300/11
f 2867/1301/11 2868/1298/11 2776/1299/11
f 2867/1301/11 2776/1299/11 2777/1302/11
f 2866/1303/11 2867/1301/11 2777/1302/11
f 2650/1304/11 2651/1297/11 2051/1300/11
f 2866/1303/11 2777/1302/11 2778/1305/11
f 2865/1306/11 2866/1303/11 2778/1305/11
f 2865/1306/11 2778/1305/11 2779/1307/11
f 2864/1308/11 2865/1306/11 2779/1307/11
f 2864/1308/11 2779/1307/11 2780/1309/11
f 2649/1310/11 2650/1304/11 2051/1300/11
f 2863/1311/11 2864/1308/11 2780/1309/11
f 2863/1311/11 2780/1309/11 2781/1312/11
f 2862/1313/11 2863/1311/11 2781/1312/11
f 2862/1313/11 2781/1312/11 2782/1314/11
f 2861/1315/11 2862/1313/11 2782/1314/11
f 2861/1315/11 2782/1314/11 2783/1316/11
f 2648/1317/11 2649/1310/11 2051/1300/11
f 2860/1318/11 2861/1315/11 2783/1316/11
f 2648/1317/11 2051/1300/11 2052/1319/11
f 2860/1318/11 2783/1316/11 2784/1320/11
f 2859/1321/11 2860/1318/11 2784/1320/11
f 2859/1321/11 2784/1320/11 2785/1322/11
f 2858/1323/11 2859/1321/11 2785/1322/11
f 2858/1323/11 2785/1322/11 2786/1324/11
f 2647/1325/11 2648/1317/11 2052/1319/11
f 2857/1326/11 2858/1323/11 2786/1324/11
f 2857/1326/11 2786/1324/11 2787/1327/11
f 2857/1326/11 2787/1327/11 2788/1328/11
f 2856/1329/11 2857/1326/11 2788/1328/11
f 2856/1329/11 2788/1328/11 2789/1330/11
f 2855/1331/11 2856/1329/11 2789/1330/11
f 2646/1332/11 2647/1325/11 2052/1319/11
f 2855/1331/11 2789/1330/11 2790/1333/11
f 2854/1334/11 2855/1331/11 2790/1333/11
f 2854/1334/11 2790/1333/11 2791/1335/11
f 2853/1336/11 2854/1334/11 2791/1335/11
f 2853/1336/11 2791/1335/11 2792/1337/11
f 2852/1338/11 2853/1336/11 2792/1337/11
f 2852/1338/11 2792/1337/11 2793/1339/11
f 2645/1340/11 2646/1332/11 2052/1319/11
f 2851/1341/11 2852/1338/11 2793/1339/11
f 2645/1340/11 2052/1319/11 2053/1342/11
f 2851/1341/11 2793/1339/11 2794/1343/11
f 2850/1344/11 2851/1341/11 2794/1343/11
f 2850/1344/11 2794/1343/11 2795/1345/11
f 2849/1346/11 2850/1344/11 2795/1345/11
f 2849/1346/11 2795/1345/11 2796/1347/11
f 2848/1348/11 2849/1346/11 2796/1347/11
f 2848/1348/11 2796/1347/11 2797/1349/11
f 2644/1350/11 2645/1340/11 2053/1342/11
f 2847/1351/11 2848/1348/11 2797/1349/11
f 2847/1351/11 2797/1349/11 2798/1352/11
f 2846/1353/11 2847/1351/11 2798/1352/11
f 2846/1353/11 2798/1352/11 2799/1354/11
f 2845/1355/11 2846/1353/11 2799/1354/11
f 2845/1355/11 2799/1354/11 2800/1356/11
f 2844/1357/11 2845/1355/11 2800/1356/11
f 2844/1357/11 2800/1356/11 2801/1358/11
f 2843/1359/11 2844/1357/11 2801/1358/11
f 2843/1359/11 2801/1358/11 2802/1360/11
f 2643/1361/11 2644/1350/11 2053/1342/11
f 2842/1362/11 2843/1359/11 2802/1360/11
f 2842/1362/11 2802/1360/11 2803/1363/11
f 2841/1364/11 2842/1362/11 2803/1363/11
f 2841/1364/11 2803/1363/11 2804/1365/11
f 2840/1366/11 2841/1364/11 2804/1365/11
f 2840/1366/11 2804/1365/11 2805/1367/11
f 2840/1366/11 2805/1367/11 2806/1368/11
f 2839/1369/11 2840/1366/11 2806/1368/11
f 2839/1369/11 2806/1368/11 2807/1370/11
f 2838/1371/11 2839/1369/11 2807/1370/11
f 2838/1371/11 2807/1370/11 2808/1372/11
f 2837/1373/11 2838/1371/11 2808/1372/11
f 2643/1361/11 2053/1342/11 2054/1374/11
f 2642/1375/11 2643/1361/11 2054/1374/11
f 2837/1373/11 2808/1372/11 2809/1376/11
f 2836/1377/11 2837/1373/11 2809/1376/11
f 2836/1377/11 2809/1376/11 2810/1378/11
f 2835/1379/11 2836/1377/11 2810/1378/11
f 2835/1379/11 2810/1378/11 2811/1380/11
f 2834/1381/11 2835/1379/11 2811/1380/11
f 2834/1381/11 2811/1380/11 2812/1382/11
f 2833/1383/11 2834/1381/11 2812/1382/11
f 2833/1383/11 2812/1382/11 2813/1384/11
f 2832/1385/11 2833/1383/11 2813/1384/11
f 2832/1385/11 2813/1384/11 2814/1386/11
f 2831/1387/11 2832/1385/11 2814/1386/11
f 2831/1387/11 2814/1386/11 2815/1388/11
f 2830/1389/11 2831/1387/11 2815/1388/11
f 2830/1389/11 2815/1388/11 2816/1390/11
f 2829/1391/11 2830/1389/11 2816/1390/11
f 2829/1391/11 2816/1390/11 2817/1392/11
f 2828/1393/11 2829/1391/11 2817/1392/11
f 2828/1393/11 2817/1392/11 2818/1394/11
f 2827/1395/11 2828/1393/11 2818/1394/11
f 2827/1395/11 2818/1394/11 2819/1396/11
f 2826/1397/11 2827/1395/11 2819/1396/11
f 2826/1397/11 2819/1396/11 2820/1398/11
f 2825/1399/11 2826/1397/11 2820/1398/11
f 2825/1399/11 2820/1398/11 2821/1400/11
f 2824/1401/11 2825/1399/11 2821/1400/11
f 2824/1401/11 2821/1400/11 2822/1402/11
f 2823/1403/11 2824/1401/11 2822/1402/11
f 2641/1404/11 2642/1375/11 2054/1374/11
f 2640/1405/11 2641/1404/11 2054/1374/11
f 2640/1405/11 2054/1374/11 2055/1406/11
f 2639/1407/11 2640/1405/11 2055/1406/11
f 2638/1408/11 2639/1407/11 2055/1406/11
f 2637/1409/11 2638/1408/11 2055/1406/11
f 2637/1409/11 2055/1406/11 2056/1410/11
f 2636/1411/11 2637/1409/11 2056/1410/11
f 2636/1411/11 2056/1410/11 2057/1412/11
f 2635/1413/11 2636/1411/11 2057/1412/11
f 2635/1413/11 2057/1412/11 2058/1414/11
f 2634/1415/11 2635/1413/11 2058/1414/11
f 2634/1415/11 2058/1414/11 2059/1416/11
f 2633/1417/11 2634/1415/11 2059/1416/11
f 2633/1417/11 2059/1416/11 2060/1418/11
f 2632/1419/11 2633/1417/11 2060/1418/11
f 2632/1419/11 2060/1418/11 2061/1420/11
f 2631/1421/11 2632/1419/11 2061/1420/11
f 2630/1422/11 2631/1421/11 2061/1420/11
f 2630/1422/11 2061/1420/11 2062/1423/11
f 2630/1422/11 2062/1423/11 2063/1424/11
f 2630/1422/11 2063/1424/11 2064/1425/11
f 2629/1426/11 2630/1422/11 2064/1425/11
f 2629/1426/11 2064/1425/11 2065/1427/11
f 2629/1426/11 2065/1427/11 2066/1428/11
f 2629/1426/11 2066/1428/11 2067/1429/11
f 2628/1430/11 2629/1426/11 2067/1429/11
f 2628/1430/11 2067/1429/11 2068/1431/11
f 2628/1430/11 2068/1431/11 2069/1432/11
f 2628/1430/11 2069/1432/11 2070/1433/11
f 2627/1434/11 2628/1430/11 2070/1433/11
f 2627/1434/11 2070/1433/11 2071/1435/11
f 2627/1434/11 2071/1435/11 2072/1436/11
f 2627/1434/11 2072/1436/11 2073/1437/11
f 2626/1438/11 2627/1434/11 2073/1437/11
f 2626/1438/11 2073/1437/11 2074/1439/11
f 2626/1438/11 2074/1439/11 2075/1440/11
f 2626/1438/11 2075/1440/11 2076/1441/11
f 2625/1442/11 2626/1438/11 2076/1441/11
f 2625/1442/11 2076/1441/11 2077/1443/11
f 2625/1442/11 2077/1443/11 2078/1444/11
f 2625/1442/11 2078/1444/11 2079/1445/11
f 2624/1446/11 2625/1442/11 2079/1445/11
f 2624/1446/11 2079/1445/11 2080/1447/11
f 2624/1446/11 2080/1447/11 2081/1448/11
f 2624/1446/11 2081/1448/11 2082/1449/11
f 2623/1450/11 2624/1446/11 2082/1449/11
f 2623/1450/11 2082/1449/11 2083/1451/11
f 2623/1450/11 2083/1451/11 2084/1452/11
f 2622/1453/11 2623/1450/11 2084/1452/11
f 2622/1453/11 2084/1452/11 2085/1454/11
f 2622/1453/11 2085/1454/11 2086/1455/11
f 2622/1453/11 2086/1455/11 2087/1456/11
f 2621/1457/11 2622/1453/11 2087/1456/11
f 2621/1457/11 2087/1456/11 2375/1458/11
f 2375/1458/11 2087/1456/11 2088/1459/11
f 2375/1458/11 2088/1459/11 2089/1460/11
f 2621/1457/11 2375/1458/11 2376/1461/11
f 2374/1462/11 2375/1458/11 2089/1460/11
f 2374/1462/11 2089/1460/11 2090/1463/11
f 2620/1464/11 2621/1457/11 2376/1461/11
f 2373/1465/11 2374/1462/11 2090/1463/11
f 2373/1465/11 2090/1463/11 2091/1466/11
f 2373/1465/11 2091/1466/11 2092/1467/11
f 2372/1468/11 2373/1465/11 2092/1467/11
f 2620/1464/11 2376/1461/11 2377/1469/11
f 2372/1468/11 2092/1467/11 2093/1470/11
f 2619/1471/11 2620/1464/11 2377/1469/11
f 2371/1472/11 2372/1468/11 2093/1470/11
f 2371/1472/11 2093/1470/11 2094/1473/11
f 2370/1474/11 2371/1472/11 2094/1473/11
f 2370/1474/11 2094/1473/11 2095/1475/11
f 2619/1471/11 2377/1469/11 2378/1476/11
f 2618/1477/11 2619/1471/11 2378/1476/11
f 2370/1474/11 2095/1475/11 2096/1478/11
f 2369/1479/11 2370/1474/11 2096/1478/11
f 2369/1479/11 2096/1478/11 2097/1480/11
f 2368/1481/11 2369/1479/11 2097/1480/11
f 2368/1481/11 2097/1480/11 2098/1482/11
f 2617/1483/11 2618/1477/11 2378/1476/11
f 2367/1484/11 2368/1481/11 2098/1482/11
f 2617/1483/11 2378/1476/11 2379/1485/11
f 2367/1484/11 2098/1482/11 2099/1486/11
f 2367/1484/11 2099/1486/11 2100/1487/11
f 2366/1488/11 2367/1484/11 2100/1487/11
f 2366/1488/11 2100/1487/11 2101/1489/11
f 2616/1490/11 2617/1483/11 2379/1485/11
f 2365/1491/11 2366/1488/11 2101/1489/11
f 2616/1490/11 2379/1485/11 2380/1492/11
f 2365/1491/11 2101/1489/11 2102/1493/11
f 2364/1494/11 2365/1491/11 2102/1493/11
f 2364/1494/11 2102/1493/11 2103/1495/11
f 2615/1496/11 2616/1490/11 2380/1492/11
f 2364/1494/11 2103/1495/11 2104/1497/11
f 2363/1498/11 2364/1494/11 2104/1497/11
f 2615/1496/11 2380/1492/11 2381/1499/11
f 2363/1498/11 2104/1497/11 2105/1500/11
f 2362/1501/11 2363/1498/11 2105/1500/11
f 2362/1501/11 2105/1500/11 2106/1502/11
f 2614/1503/11 2615/1496/11 2381/1499/11
f 2362/1501/11 2106/1502/11 2107/1504/11
f 2361/1505/11 2362/1501/11 2107/1504/11
f 2614/1503/11 2381/1499/11 2382/1506/11
f 2361/1505/11 2107/1504/11 2108/1507/11
f 2360/1508/11 2361/1505/11 2108/1507/11
f 2613/1509/11 2614/1503/11 2382/1506/11
f 2360/1508/11 2108/1507/11 2109/1510/11
f 2360/1508/11 2109/1510/11 2110/1511/11
f 2359/1512/11 2360/1508/11 2110/1511/11
f 2613/1509/11 2382/1506/11 2383/1513/11
f 2359/1512/11 2110/1511/11 2111/1514/11
f 2612/1515/11 2613/1509/11 2383/1513/11
f 2358/1516/11 2359/1512/11 2111/1514/11
f 2358/1516/11 2111/1514/11 2112/1517/11
f 2357/1518/11 2358/1516/11 2112/1517/11
f 2357/1518/11 2112/1517/11 2113/1519/11
f 2612/1515/11 2383/1513/11 2384/1520/11
f 2611/1521/11 2612/1515/11 2384/1520/11
f 2357/1518/11 2113/1519/11 2114/1522/11
f 2356/1523/11 2357/1518/11 2114/1522/11
f 2356/1523/11 2114/1522/11 2115/1524/11
f 2355/1525/11 2356/1523/11 2115/1524/11
f 2355/1525/11 2115/1524/11 2116/1526/11
f 2610/1527/11 2611/1521/11 2384/1520/11
f 2610/1527/11 2384/1520/11 2385/1528/11
f 2355/1525/11 2116/1526/11 2117/1529/11
f 2354/1530/11 2355/1525/11 2117/1529/11
f 2354/1530/11 2117/1529/11 2118/1531/11
f 2353/1532/11 2354/1530/11 2118/1531/11
f 2609/1533/11 2610/1527/11 2385/1528/11
f 2353/1532/11 2118/1531/11 2119/1534/11
f 2609/1533/11 2385/1528/11 2386/1535/11
f 2353/1532/11 2119/1534/11 2120/1536/11
f 2352/1537/11 2353/1532/11 2120/1536/11
f 2352/1537/11 2120/1536/11 2121/1538/11
f 2608/1539/11 2609/1533/11 2386/1535/11
f 2352/1537/11 2121/1538/11 2122/1540/11
f 2351/1541/11 2352/1537/11 2122/1540/11
f 2608/1539/11 2386/1535/11 2387/1542/11
f 2351/1541/11 2122/1540/11 2123/1543/11
f 2350/1544/11 2351/1541/11 2123/1543/11
f 2350/1544/11 2123/1543/11 2124/1545/11
f 2607/1546/11 2608/1539/11 2387/1542/11
f 2350/1544/11 2124/1545/11 2125/1547/11
f 2607/1546/11 2387/1542/11 2388/1548/11
f 2349/1549/11 2350/1544/11 2125/1547/11
f 2349/1549/11 2125/1547/11 2126/1550/11
f 2606/1551/11 2607/1546/11 2388/1548/11
f 2349/1549/11 2126/1550/11 2127/1552/11
f 2348/1553/11 2349/1549/11 2127/1552/11
f 2348/1553/11 2127/1552/11 2128/1554/11
f 2606/1551/11 2388/1548/11 2389/1555/11
f 2348/1553/11 2128/1554/11 2129/1556/11
f 2347/1557/11 2348/1553/11 2129/1556/11
f 2605/1558/11 2606/1551/11 2389/1555/11
f 2347/1557/11 2129/1556/11 2130/1559/11
f 2346/1560/11 2347/1557/11 2130/1559/11
f 2346/1560/11 2130/1559/11 2131/1561/11
f 2605/1558/11 2389/1555/11 2390/1562/11
f 2346/1560/11 2131/1561/11 2132/1563/11
f 2604/1564/11 2605/1558/11 2390/1562/11
f 2345/1565/11 2346/1560/11 2132/1563/11
f 2345/1565/11 2132/1563/11 2133/1566/11
f 2345/1565/11 2133/1566/11 2134/1567/11
f 2604/1564/11 2390/1562/11 2391/1568/11
f 2344/1569/11 2345/1565/11 2134/1567/11
f 2603/1570/11 2604/1564/11 2391/1568/11
f 2344/1569/11 2134/1567/11 2135/1571/11
f 2344/1569/11 2135/1571/11 2136/1572/11
f 2343/1573/11 2344/1569/11 2136/1572/11
f 2343/1573/11 2136/1572/11 2137/1574/11
f 2603/1570/11 2391/1568/11 2392/1575/11
f 2602/1576/11 2603/1570/11 2392/1575/11
f 2343/1573/11 2137/1574/11 2138/1577/11
f 2342/1578/11 2343/1573/11 2138/1577/11
f 2342/1578/11 2138/1577/11 2139/1579/11
f 2342/1578/11 2139/1579/11 2140/1580/11
f 2601/1581/11 2602/1576/11 2392/1575/11
f 2341/1582/11 2342/1578/11 2140/1580/11
f 2601/1581/11 2392/1575/11 2393/1583/11
f 2341/1582/11 2140/1580/11 2141/1584/11
f 2341/1582/11 2141/1584/11 2142/1585/11
f 2340/1586/11 2341/1582/11 2142/1585/11
f 2600/1587/11 2601/1581/11 2393/1583/11
f 2340/1586/11 2142/1585/11 2143/1588/11
f 2600/1587/11 2393/1583/11 2394/1589/11
f 2340/1586/11 2143/1588/11 2144/1590/11
f 2339/1591/11 2340/1586/11 2144/1590/11
f 2339/1591/11 2144/1590/11 2145/1592/11
f 2599/1593/11 2600/1587/11 2394/1589/11
f 2599/1593/11 2394/1589/11 2395/1594/11
f 2339/1591/11 2145/1592/11 2146/1595/11
f 2338/1596/11 2339/1591/11 2146/1595/11
f 2338/1596/11 2146/1595/11 2147/1597/11
f 2598/1598/11 2599/1593/11 2395/1594/11
f 2337/1599/11 2338/1596/11 2147/1597/11
f 2337/1599/11 2147/1597/11 2148/1600/11
f 2598/1598/11 2395/1594/11 2396/1601/11
f 2337/1599/11 2148/1600/11 2149/1602/11
f 2336/1603/11 2337/1599/11 2149/1602/11
f 2336/1603/11 2149/1602/11 2150/1604/11
f 2597/1605/11 2598/1598/11 2396/1601/11
f 2336/1603/11 2150/1604/11 2151/1606/11
f 2597/1605/11 2396/1601/11 2397/1607/11
f 2336/1603/11 2151/1606/11 2152/1608/11
f 2335/1609/11 2336/1603/11 2152/1608/11
f 2335/1609/11 2152/1608/11 2153/1610/11
f 2596/1611/11 2597/1605/11 2397/1607/11
f 2335/1609/11 2153/1610/11 2154/1612/11
f 2334/1613/11 2335/1609/11 2154/1612/11
f 2596/1611/11 2397/1607/11 2398/1614/11
f 2334/1613/11 2154/1612/11 2155/1615/11
f 2595/1616/11 2596/1611/11 2398/1614/11
f 2334/1613/11 2155/1615/11 2156/1617/11
f 2333/1618/11 2334/1613/11 2156/1617/11
f 2333/1618/11 2156/1617/11 2157/1619/11
f 2595/1616/11 2398/1614/11 2399/1620/11
f 2333/1618/11 2157/1619/11 2158/1621/11
f 2594/1622/11 2595/1616/11 2399/1620/11
f 2332/1623/11 2333/1618/11 2158/1621/11
f 2332/1623/11 2158/1621/11 2159/1624/11
f 2594/1622/11 2399/1620/11 2400/1625/11
f 2332/1623/11 2159/1624/11 2160/1626/11
f 2331/1627/11 2332/1623/11 2160/1626/11
f 2593/1628/11 2594/1622/11 2400/1625/11
f 2331/1627/11 2160/1626/11 2161/1629/11
f 2331/1627/11 2161/1629/11 2162/1630/11
f 2330/1631/11 2331/1627/11 2162/1630/11
f 2593/1628/11 2400/1625/11 2401/1632/11
f 2330/1631/11 2162/1630/11 2163/1633/11
f 2592/1634/11 2593/1628/11 2401/1632/11
f 2330/1631/11 2163/1633/11 2164/1635/11
f 2329/1636/11 2330/1631/11 2164/1635/11
f 2329/1636/11 2164/1635/11 2165/1637/11
f 2592/1634/11 2401/1632/11 2402/1638/11
f 2591/1639/11 2592/1634/11 2402/1638/11
f 2329/1636/11 2165/1637/11 2166/1640/11
f 2328/1641/11 2329/1636/11 2166/1640/11
f 2328/1641/11 2166/1640/11 2167/1642/11
f 2591/1639/11 2402/1638/11 2403/1643/11
f 2328/1641/11 2167/1642/11 2168/1644/11
f 2590/1645/11 2591/1639/11 2403/1643/11
f 2327/1646/11 2328/1641/11 2168/1644/11
f 2327/1646/11 2168/1644/11 2169/1647/11
f 2327/1646/11 2169/1647/11 2170/1648/11
f 2590/1645/11 2403/1643/11 2404/1649/11
f 2589/1650/11 2590/1645/11 2404/1649/11
f 2327/1646/11 2170/1648/11 2171/1651/11
f 2326/1652/11 2327/1646/11 2171/1651/11
f 2326/1652/11 2171/1651/11 2172/1653/11
f 2589/1650/11 2404/1649/11 2405/1654/11
f 2588/1655/11 2589/1650/11 2405/1654/11
f 2326/1652/11 2172/1653/11 2173/1656/11
f 2325/1657/11 2326/1652/11 2173/1656/11
f 2325/1657/11 2173/1656/11 2174/1658/11
f 2325/1657/11 2174/1658/11 2175/1659/11
f 2587/1660/11 2588/1655/11 2405/1654/11
f 2587/1660/11 2405/1654/11 2406/1661/11
f 2324/1662/11 2325/1657/11 2175/1659/11
f 2324/1662/11 2175/1659/11 2176/1663/11
f 2324/1662/11 2176/1663/11 2177/1664/11
f 2586/1665/11 2587/1660/11 2406/1661/11
f 2586/1665/11 2406/1661/11 2407/1666/11
f 2323/1667/11 2324/1662/11 2177/1664/11
f 2323/1667/11 2177/1664/11 2178/1668/11
f 2323/1667/11 2178/1668/11 2179/1669/11
f 2585/1670/11 2586/1665/11 2407/1666/11
f 2323/1667/11 2179/1669/11 2180/1671/11
f 2585/1670/11 2407/1666/11 2408/1672/11
f 2322/1673/11 2323/1667/11 2180/1671/11
f 2322/1673/11 2180/1671/11 2181/1674/11
f 2322/1673/11 2181/1674/11 2182/1675/11
f 2584/1676/11 2585/1670/11 2408/1672/11
f 2584/1676/11 2408/1672/11 2409/1677/11
f 2321/1678/11 2322/1673/11 2182/1675/11
f 2321/1678/11 2182/1675/11 2183/1679/11
f 2321/1678/11 2183/1679/11 2184/1680/11
f 2583/1681/11 2584/1676/11 2409/1677/11
f 2583/1681/11 2409/1677/11 2410/1682/11
f 2320/1683/11 2321/1678/11 2184/1680/11
f 2320/1683/11 2184/1680/11 2185/1684/11
f 2582/1685/11 2583/1681/11 2410/1682/11
f 2320/1683/11 2185/1684/11 2186/1686/11
f 2582/1685/11 2410/1682/11 2411/1687/11
f 2319/1688/11 2320/1683/11 2186/1686/11
f 2319/1688/11 2186/1686/11 2187/1689/11
f 2581/1690/11 2582/1685/11 2411/1687/11
f 2581/1690/11 2411/1687/11 2412/1691/11
f 2318/1692/11 2319/1688/11 2187/1689/11
f 2318/1692/11 2187/1689/11 2188/1693/11
f 2318/1692/11 2188/1693/11 2189/1694/11
f 2580/1695/11 2581/1690/11 2412/1691/11
f 2580/1695/11 2412/1691/11 2413/1696/11
f 2317/1697/11 2318/1692/11 2189/1694/11
f 2317/1697/11 2189/1694/11 2190/1698/11
f 2579/1699/11 2580/1695/11 2413/1696/11
f 2579/1699/11 2413/1696/11 2414/1700/11
f 2317/1697/11 2190/1698/11 2191/1701/11
f 2316/1702/11 2317/1697/11 2191/1701/11
f 2316/1702/11 2191/1701/11 2192/1703/11
f 2578/1704/11 2579/1699/11 2414/1700/11
f 2578/1704/11 2414/1700/11 2415/1705/11
f 2316/1702/11 2192/1703/11 2193/1706/11
f 2315/1707/11 2316/1702/11 2193/1706/11
f 2577/1708/11 2578/1704/11 2415/1705/11
f 2577/1708/11 2415/1705/11 2416/1709/11
f 2315/1707/11 2193/1706/11 2194/1710/11
f 2315/1707/11 2194/1710/11 2195/1711/11
f 2314/1712/11 2315/1707/11 2195/1711/11
f 2577/1708/11 2416/1709/11 2417/1713/11
f 2576/1714/11 2577/1708/11 2417/1713/11
f 2314/1712/11 2195/1711/11 2196/1715/11
f 2314/1712/11 2196/1715/11 2197/1716/11
f 2576/1714/11 2417/1713/11 2418/1717/11
f 2575/1718/11 2576/1714/11 2418/1717/11
f 2313/1719/11 2314/1712/11 2197/1716/11
f 2313/1719/11 2197/1716/11 2198/1720/11
f 2575/1718/11 2418/1717/11 2419/1721/11
f 2574/1722/11 2575/1718/11 2419/1721/11
f 2313/1719/11 2198/1720/11 2199/1723/11
f 2312/1724/11 2313/1719/11 2199/1723/11
f 2312/1724/11 2199/1723/11 2200/1725/11
f 2574/1722/11 2419/1721/11 2420/1726/11
f 2573/1727/11 2574/1722/11 2420/1726/11
f 2312/1724/11 2200/1725/11 2201/1728/11
f 2311/1729/11 2312/1724/11 2201/1728/11
f 2573/1727/11 2420/1726/11 2421/1730/11
f 2311/1729/11 2201/1728/11 2202/1731/11
f 2572/1732/11 2573/1727/11 2421/1730/11
f 2311/1729/11 2202/1731/11 2203/1733/11
f 2572/1732/11 2421/1730/11 2422/1734/11
f 2310/1735/11 2311/1729/11 2203/1733/11
f 2310/1735/11 2203/1733/11 2204/1736/11
f 2571/1737/11 2572/1732/11 2422/1734/11
f 2309/1738/11 2310/1735/11 2204/1736/11
f 2309/1738/11 2204/1736/11 2205/1739/11
f 2571/1737/11 2422/1734/11 2423/1740/11
f 2308/1741/11 2309/1738/11 2205/1739/11
f 2308/1741/11 2205/1739/11 2206/1742/11
f 2307/1743/11 2308/1741/11 2206/1742/11
f 2570/1744/11 2571/1737/11 2423/1740/11
f 2570/1744/11 2423/1740/11 2424/1745/11
f 2306/1746/11 2307/1743/11 2206/1742/11
f 2306/1746/11 2206/1742/11 2207/1747/11
f 2305/1748/11 2306/1746/11 2207/1747/11
f 2305/1748/11 2207/1747/11 2208/1749/11
f 2569/1750/11 2570/1744/11 2424/1745/11
f 2304/1751/11 2305/1748/11 2208/1749/11
f 2569/1750/11 2424/1745/11 2425/1752/11
f 2303/1753/11 2304/1751/11 2208/1749/11
f 2303/1753/11 2208/1749/11 2209/1754/11
f 2302/1755/11 2303/1753/11 2209/1754/11
f 2569/1750/11 2425/1752/11 2426/1756/11
f 2302/1755/11 2209/1754/11 2210/1757/11
f 2568/1758/11 2569/1750/11 2426/1756/11
f 2301/1759/11 2302/1755/11 2210/1757/11
f 2300/1760/11 2301/1759/11 2210/1757/11
f 2300/1760/11 2210/1757/11 2211/1761/11
f 2299/1762/11 2300/1760/11 2211/1761/11
f 2568/1758/11 2426/1756/11 2427/1763/11
f 2299/1762/11 2211/1761/11 2212/1764/11
f 2567/1765/11 2568/1758/11 2427/1763/11
f 2298/1766/11 2299/1762/11 2212/1764/11
f 2297/1767/11 2298/1766/11 2212/1764/11
f 2297/1767/11 2212/1764/11 2213/1768/11
f 2567/1765/11 2427/1763/11 2428/1769/11
f 2296/1770/11 2297/1767/11 2213/1768/11
f 2296/1770/11 2213/1768/11 2214/1771/11
f 2566/1772/11 2567/1765/11 2428/1769/11
f 2565/1773/11 2566/1772/11 2428/1769/11
f 2295/1774/11 2296/1770/11 2214/1771/11
f 2564/1775/11 2565/1773/11 2428/1769/11
f 2563/1776/11 2564/1775/11 2428/1769/11
f 2562/1777/11 2563/1776/11 2428/1769/11
f 2561/1778/11 2562/1777/11 2428/1769/11
f 2560/1779/11 2561/1778/11 2428/1769/11
f 2559/1780/11 2560/1779/11 2428/1769/11
f 2558/1781/11 2559/1780/11 2428/1769/11
f 2557/1782/11 2558/1781/11 2428/1769/11
f 2556/1783/11 2557/1782/11 2428/1769/11
f 2555/1784/11 2556/1783/11 2428/1769/11
f 2554/1785/11 2555/1784/11 2428/1769/11
f 2553/1786/11 2554/1785/11 2428/1769/11
f 2552/1787/11 2553/1786/11 2428/1769/11
f 2551/1788/11 2552/1787/11 2428/1769/11
f 2550/1789/11 2551/1788/11 2428/1769/11
f 2549/1790/11 2550/1789/11 2428/1769/11
f 2548/1791/11 2549/1790/11 2428/1769/11
f 2547/1792/11 2548/1791/11 2428/1769/11
f 2546/1793/11 2547/1792/11 2428/1769/11
f 2294/1794/11 2295/1774/11 2214/1771/11
f 2545/1795/11 2546/1793/11 2428/1769/11
f 2545/1795/11 2428/1769/11 2429/1796/11
f 2294/1794/11 2214/1771/11 2215/1797/11
f 2544/1798/11 2545/1795/11 2429/1796/11
f 2543/1799/11 2544/1798/11 2429/1796/11
f 2542/1800/11 2543/1799/11 2429/1796/11
f 2541/1801/11 2542/1800/11 2429/1796/11
f 2540/1802/11 2541/1801/11 2429/1796/11
f 2539/1803/11 2540/1802/11 2429/1796/11
f 2538/1804/11 2539/1803/11 2429/1796/11
f 2537/1805/11 2538/1804/11 2429/1796/11
f 2536/1806/11 2537/1805/11 2429/1796/11
f 2293/1807/11 2294/1794/11 2215/1797/11
f 2535/1808/11 2536/1806/11 2429/1796/11
f 2534/1809/11 2535/1808/11 2429/1796/11
f 2533/1810/11 2534/1809/11 2429/1796/11
f 2532/1811/11 2533/1810/11 2429/1796/11
f 2293/1807/11 2215/1797/11 2216/1812/11
f 2531/1813/11 2532/1811/11 2429/1796/11
f 2530/1814/11 2531/1813/11 2429/1796/11
f 2529/1815/11 2530/1814/11 2429/1796/11
f 2528/1816/11 2529/1815/11 2429/1796/11
f 2292/1817/11 2293/1807/11 2216/1812/11
f 2527/1818/11 2528/1816/11 2429/1796/11
f 2526/1819/11 2527/1818/11 2429/1796/11
f 2525/1820/11 2526/1819/11 2429/1796/11
f 2524/1821/11 2525/1820/11 2429/1796/11
f 2524/1821/11 2429/1796/11 2430/1822/11
f 2523/1823/11 2524/1821/11 2430/1822/11
f 2522/1824/11 2523/1823/11 2430/1822/11
f 2292/1817/11 2216/1812/11 2217/1825/11
f 2291/1826/11 2292/1817/11 2217/1825/11
f 2521/1827/11 2522/1824/11 2430/1822/11
f 2520/1828/11 2521/1827/11 2430/1822/11
f 2519/1829/11 2520/1828/11 2430/1822/11
f 2518/1830/11 2519/1829/11 2430/1822/11
f 2517/1831/11 2518/1830/11 2430/1822/11
f 2516/1832/11 2517/1831/11 2430/1822/11
f 2290/1833/11 2291/1826/11 2217/1825/11
f 2515/1834/11 2516/1832/11 2430/1822/11
f 2514/1835/11 2515/1834/11 2430/1822/11
f 2290/1833/11 2217/1825/11 2218/1836/11
f 2513/1837/11 2514/1835/11 2430/1822/11
f 2512/1838/11 2513/1837/11 2430/1822/11
f 2511/1839/11 2512/1838/11 2430/1822/11
f 2289/1840/11 2290/1833/11 2218/1836/11
f 2511/1839/11 2430/1822/11 2431/1841/11
f 2510/1842/11 2511/1839/11 2431/1841/11
f 2509/1843/11 2510/1842/11 2431/1841/11
f 2508/1844/11 2509/1843/11 2431/1841/11
f 2507/1845/11 2508/1844/11 2431/1841/11
f 2289/1840/11 2218/1836/11 2219/1846/11
f 2506/1847/11 2507/1845/11 2431/1841/11
f 2288/1848/11 2289/1840/11 2219/1846/11
f 2505/1849/11 2506/1847/11 2431/1841/11
f 2504/1850/11 2505/1849/11 2431/1841/11
f 2503/1851/11 2504/1850/11 2431/1841/11
f 2502/1852/11 2503/1851/11 2431/1841/11
f 2287/1853/11 2288/1848/11 2219/1846/11
f 2287/1853/11 2219/1846/11 2220/1854/11
f 2501/1855/11 2502/1852/11 2431/1841/11
f 2501/1855/11 2431/1841/11 2432/1856/11
f 2500/1857/11 2501/1855/11 2432/1856/11
f 2286/1858/11 2287/1853/11 2220/1854/11
f 2499/1859/11 2500/1857/11 2432/1856/11
f 2286/1858/11 2220/1854/11 2221/1860/11
f 2285/1861/11 2286/1858/11 2221/1860/11
f 2498/1862/11 2499/1859/11 2432/1856/11
f 2497/1863/11 2498/1862/11 2432/1856/11
f 2284/1864/11 2285/1861/11 2221/1860/11
f 2496/1865/11 2497/1863/11 2432/1856/11
f 2496/1865/11 2432/1856/11 2433/1866/11
f 2284/1864/11 2221/1860/11 2222/1867/11
f 2495/1868/11 2496/1865/11 2433/1866/11
f 2283/1869/11 2284/1864/11 2222/1867/11
f 2494/1870/11 2495/1868/11 2433/1866/11
f 2283/1869/11 2222/1867/11 2223/1871/11
f 2493/1872/11 2494/1870/11 2433/1866/11
f 2282/1873/11 2283/1869/11 2223/1871/11
f 2492/1874/11 2493/1872/11 2433/1866/11
f 2491/1875/11 2492/1874/11 2433/1866/11
f 2491/1875/11 2433/1866/11 2434/1876/11
f 2281/1877/11 2282/1873/11 2223/1871/11
f 2281/1877/11 2223/1871/11 2224/1878/11
f 2490/1879/11 2491/1875/11 2434/1876/11
f 2489/1880/11 2490/1879/11 2434/1876/11
f 2280/1881/11 2281/1877/11 2224/1878/11
f 2488/1882/11 2489/1880/11 2434/1876/11
f 2280/1881/11 2224/1878/11 2225/1883/11
f 2487/1884/11 2488/1882/11 2434/1876/11
f 2279/1885/11 2280/1881/11 2225/1883/11
f 2486/1886/11 2487/1884/11 2434/1876/11
f 2486/1886/11 2434/1876/11 2435/1887/11
f 2485/1888/11 2486/1886/11 2435/1887/11
f 2278/1889/11 2279/1885/11 2225/1883/11
f 2278/1889/11 2225/1883/11 2226/1890/11
f 2484/1891/11 2485/1888/11 2435/1887/11
f 2483/1892/11 2484/1891/11 2435/1887/11
f 2277/1893/11 2278/1889/11 2226/1890/11
f 2482/1894/11 2483/1892/11 2435/1887/11
f 2277/1893/11 2226/1890/11 2227/1895/11
f 2481/1896/11 2482/1894/11 2435/1887/11
f 2276/1897/11 2277/1893/11 2227/1895/11
f 2480/1898/11 2481/1896/11 2435/1887/11
f 2480/1898/11 2435/1887/11 2436/1899/11
f 2479/1900/11 2480/1898/11 2436/1899/11
f 2276/1897/11 2227/1895/11 2228/1901/11
f 2275/1902/11 2276/1897/11 2228/1901/11
f 2478/1903/11 2479/1900/11 2436/1899/11
f 2477/1904/11 2478/1903/11 2436/1899/11
f 2274/1905/11 2275/1902/11 2228/1901/11
f 2476/1906/11 2477/1904/11 2436/1899/11
f 2274/1905/11 2228/1901/11 2229/1907/11
f 2475/1908/11 2476/1906/11 2436/1899/11
f 2273/1909/11 2274/1905/11 2229/1907/11
f 2474/1910/11 2475/1908/11 2436/1899/11
f 2474/1910/11 2436/1899/11 2437/1911/11
f 2473/1912/11 2474/1910/11 2437/1911/11
f 2273/1909/11 2229/1907/11 2230/1913/11
f 2272/1914/11 2273/1909/11 2230/1913/11
f 2472/1915/11 2473/1912/11 2437/1911/11
f 2471/1916/11 2472/1915/11 2437/1911/11
f 2271/1917/11 2272/1914/11 2230/1913/11
f 2470/1918/11 2471/1916/11 2437/1911/11
f 2271/1917/11 2230/1913/11 2231/1919/11
f 2469/1920/11 2470/1918/11 2437/1911/11
f 2270/1921/11 2271/1917/11 2231/1919/11
f 2468/1922/11 2469/1920/11 2437/1911/11
f 2467/1923/11 2468/1922/11 2437/1911/11
f 2467/1923/11 2437/1911/11 2438/1924/11
f 2270/1921/11 2231/1919/11 2232/1925/11
f 2466/1926/11 2467/1923/11 2438/1924/11
f 2269/1927/11 2270/1921/11 2232/1925/11
f 2465/1928/11 2466/1926/11 2438/1924/11
f 2464/1929/11 2465/1928/11 2438/1924/11
f 2268/1930/11 2269/1927/11 2232/1925/11
f 2463/1931/11 2464/1929/11 2438/1924/11
f 2268/1930/11 2232/1925/11 2233/1932/11
f 2462/1933/11 2463/1931/11 2438/1924/11
f 2461/1934/11 2462/1933/11 2438/1924/11
f 2267/1935/11 2268/1930/11 2233/1932/11
f 2460/1936/11 2461/1934/11 2438/1924/11
f 2459/1937/11 2460/1936/11 2438/1924/11
f 2267/1935/11 2233/1932/11 2234/1938/11
f 2266/1939/11 2267/1935/11 2234/1938/11
f 2458/1940/11 2459/1937/11 2438/1924/11
f 2458/1940/11 2438/1924/11 2439/1941/11
f 2457/1942/11 2458/1940/11 2439/1941/11
f 2456/1943/11 2457/1942/11 2439/1941/11
f 2265/1944/11 2266/1939/11 2234/1938/11
f 2455/1945/11 2456/1943/11 2439/1941/11
f 2265/1944/11 2234/1938/11 2235/1946/11
f 2454/1947/11 2455/1945/11 2439/1941/11
f 2453/1948/11 2454/1947/11 2439/1941/11
f 2452/1949/15 2453/1948/15 2439/1941/15
f 2264/1950/11 2265/1944/11 2235/1946/11
f 2451/1951/11 2452/1949/11 2439/1941/11
f 2450/1952/11 2451/1951/11 2439/1941/11
f 2264/1950/11 2235/1946/11 2236/1953/11
f 2449/1954/11 2450/1952/11 2439/1941/11
f 2448/1955/11 2449/1954/11 2439/1941/11
f 2263/1956/11 2264/1950/11 2236/1953/11
f 2447/1957/12 2448/1955/12 2439/1941/12
f 2446/1958/11 2447/1957/11 2439/1941/11
f 2445/1959/14 2446/1958/14 2439/1941/14
f 2444/1960/13 2445/1959/13 2439/1941/13
f 2443/1961/11 2444/1960/11 2439/1941/11
f 2442/1962/11 2443/1961/11 2439/1941/11
f 2441/1963/11 2442/1962/11 2439/1941/11
f 2440/1964/11 2441/1963/11 2439/1941/11
f 2262/1965/11 2263/1956/11 2236/1953/11
f 2262/1965/11 2236/1953/11 2237/1966/11
f 2261/1967/11 2262/1965/11 2237/1966/11
f 2261/1967/11 2237/1966/11 2238/1968/11
f 2260/1969/11 2261/1967/11 2238/1968/11
f 2260/1969/11 2238/1968/11 2239/1970/11
f 2259/1971/11 2260/1969/11 2239/1970/11
f 2258/1972/11 2259/1971/11 2239/1970/11
f 2258/1972/11 2239/1970/11 2240/1973/11
f 2257/1974/11 2258/1972/11 2240/1973/11
f 2257/1974/11 2240/1973/11 2241/1975/11
f 2256/1976/11 2257/1974/11 2241/1975/11
f 2255/1977/11 2256/1976/11 2241/1975/11
f 2255/1977/11 2241/1975/11 2242/1978/11
f 2254/1979/11 2255/1977/11 2242/1978/11
f 2254/1979/11 2242/1978/11 2243/1980/11
f 2253/1981/11 2254/1979/11 2243/1980/11
f 2252/1982/11 2253/1981/11 2243/1980/11
f 2252/1982/11 2243/1980/11 2244/1983/11
f 2251/1984/11 2252/1982/11 2244/1983/11
f 2251/1984/11 2244/1983/11 2245/1985/11
f 2250/1986/11 2251/1984/11 2245/1985/11
f 2249/1987/11 2250/1986/11 2245/1985/11
f 2249/1987/11 2245/1985/11 2246/1988/11
f 2248/1989/11 2249/1987/11 2246/1988/11
f 2248/1989/11 2246/1988/11 2247/1990/11
s 1
f 3984/1991/20 3981/779/21 3982/1992/22
f 3986/1993/23 3983/1994/20 3984/1991/20
f 3988/1995/24 3985/1996/23 3986/1993/23
f 3990/1997/25 3987/1998/24 3988/1995/24
f 3992/1999/26 3989/2000/25 3990/1997/25
f 3994/2001/27 3991/2002/26 3992/1999/26
f 3996/2003/28 3993/2004/27 3994/2001/27
f 3998/2005/29 3995/2006/28 3996/2003/28
f 4000/2007/30 3997/2008/29 3998/2005/29
f 4002/2009/31 3999/2010/30 4000/2007/30
f 4004/2011/32 4001/2012/31 4002/2009/31
f 4006/2013/33 4003/2014/32 4004/2011/32
f 4008/2015/34 4005/2016/33 4006/2013/33
f 4010/2017/35 4007/2018/34 4008/2015/34
f 4012/2019/36 4009/2020/35 4010/2017/35
f 4014/2021/37 4011/2022/36 4012/2019/36
f 4016/2023/38 4013/2024/39 4014/2021/37
f 4018/2025/40 4015/2026/38 4016/2023/38
f 4020/2027/41 4017/2028/40 4018/2025/40
f 4022/2029/42 4019/2030/41 4020/2027/41
f 4024/2031/43 4021/2032/42 4022/2029/42
f 4026/2033/44 4023/2034/43 4024/2031/43
f 4028/2035/45 4025/2036/46 4026/2033/44
f 4030/2037/47 4027/2038/45 4028/2035/45
f 4032/2039/48 4029/2040/47 4030/2037/47
f 4034/2041/49 4031/2042/48 4032/2039/48
f 4036/2043/50 4033/2044/49 4034/2041/49
f 4038/2045/51 4035/2046/50 4036/2043/50
f 4040/2047/52 4037/2048/51 4038/2045/51
f 4042/2049/53 4039/2050/52 4040/2047/52
f 4044/2051/54 4041/2052/53 4042/2049/53
f 4046/2053/55 4043/2054/54 4044/2051/54
f 4048/2055/56 4045/2056/55 4046/2053/55
f 4050/2057/57 4047/2058/56 4048/2055/56
f 4052/2059/58 4049/2060/59 4050/2057/57
f 4054/2061/60 4051/2062/58 4052/2059/58
f 4056/2063/61 4053/2064/60 4054/2061/60
f 4058/2065/62 4055/2066/61 4056/2063/61
f 4060/2067/63 4057/2068/62 4058/2065/62
f 4062/2069/64 4059/2070/63 4060/2067/63
f 4064/2071/65 4061/2072/64 4062/2069/64
f 4066/2073/66 4063/2074/65 4064/2071/65
f 4068/2075/67 4065/2076/66 4066/2073/66
f 4070/2077/68 4067/2078/67 4068/2075/67
f 4072/2079/69 4069/2080/68 4070/2077/68
f 4074/2081/70 4071/2082/69 4072/2079/69
f 4076/2083/71 4073/2084/70 4074/2081/70
f 4078/2085/72 4075/2086/71 4076/2083/71
f 4080/2087/73 4077/2088/72 4078/2085/72
f 4082/2089/74 4079/2090/73 4080/2087/73
f 4084/2091/75 4081/2092/74 4082/2089/74
f 4086/2093/76 4083/2094/75 4084/2091/75
f 4088/2095/77 4085/2096/76 4086/2093/76
f 4090/2097/78 4087/2098/79 4088/2095/77
f 4092/2099/80 4089/2100/78 4090/2097/78
f 4094/2101/81 4091/2102/80 4092/2099/80
f 4096/2103/82 4093/2104/81 4094/2101/81
f 4098/2105/83 4095/2106/82 4096/2103/82
f 4100/2107/84 4097/2108/83 4098/2105/83
f 4102/2109/85 4099/2110/84 4100/2107/84
f 4104/2111/86 4101/2112/85 4102/2109/85
f 4106/2113/87 4103/2114/86 4104/2111/86
f 4108/2115/88 4105/2116/87 4106/2113/87
f 4110/2117/89 4107/2118/88 4108/2115/88
f 4112/2119/90 4109/2120/89 4110/2117/89
f 4114/2121/91 4111/2122/90 4112/2119/90
f 4116/2123/92 4113/2124/91 4114/2121/91
f 4118/2125/93 4115/2126/92 4116/2123/92
f 4120/2127/94 4117/2128/93 4118/2125/93
f 4122/2129/95 4119/2130/94 4120/2127/94
f 4124/2131/96 4121/2132/95 4122/2129/95
f 4126/2133/97 4123/2134/98 4124/2131/96
f 4128/2135/99 4125/2136/97 4126/2133/97
f 4130/2137/100 4127/2138/101 4128/2135/99
f 4132/2139/102 4129/2140/100 4130/2137/100
f 4134/2141/103 4131/2142/102 4132/2139/102
f 4136/2143/104 4133/2144/103 4134/2141/103
f 4138/2145/105 4135/2146/104 4136/2143/104
f 4140/2147/106 4137/2148/105 4138/2145/105
f 4142/2149/107 4139/2150/106 4140/2147/106
f 4144/2151/108 4141/2152/107 4142/2149/107
f 4146/2153/109 4143/2154/108 4144/2151/108
f 4148/2155/110 4145/2156/109 4146/2153/109
f 4150/2157/111 4147/2158/110 4148/2155/110
f 4152/2159/112 4149/2160/111 4150/2157/111
f 4154/2161/113 4151/2162/112 4152/2159/112
f 4156/2163/114 4153/2164/113 4154/2161/113
f 4158/2165/115 4155/2166/114 4156/2163/114
f 4160/2167/116 4157/2168/117 4158/2165/115
f 4162/2169/118 4159/2170/116 4160/2167/116
f 4164/2171/119 4161/2172/118 4162/2169/118
f 4166/2173/120 4163/2174/119 4164/2171/119
f 4168/2175/121 4165/2176/120 4166/2173/120
f 4170/2177/122 4167/2178/121 4168/2175/121
f 4172/2179/123 4169/2180/122 4170/2177/122
f 4174/2181/124 4171/2182/123 4172/2179/123
f 4176/2183/125 4173/2184/124 4174/2181/124
f 4178/2185/126 4175/2186/125 4176/2183/125
f 4180/2187/127 4177/2188/126 4178/2185/126
f 4182/2189/128 4179/2190/127 4180/2187/127
f 4184/2191/129 4181/2192/128 4182/2189/128
f 4186/2193/130 4183/2194/129 4184/2191/129
f 4188/2195/131 4185/2196/130 4186/2193/130
f 4190/2197/132 4187/2198/131 4188/2195/131
f 4192/2199/133 4189/2200/132 4190/2197/132
f 4194/2201/134 4191/2202/133 4192/2199/133
f 4196/2203/135 4193/2204/134 4194/2201/134
f 4198/2205/136 4195/2206/135 4196/2203/135
f 4200/2207/137 4197/2208/136 4198/2205/136
f 4202/2209/138 4199/2210/137 4200/2207/137
f 4204/2211/139 4201/2212/138 4202/2209/138
f 4206/2213/140 4203/2214/139 4204/2211/139
f 4208/2215/141 4205/2216/140 4206/2213/140
f 4210/2217/142 4207/2218/143 4208/2215/141
f 4212/2219/144 4209/2220/142 4210/2217/142
f 4214/2221/145 4211/2222/144 4212/2219/144
f 4216/2223/146 4213/2224/147 4214/2221/145
f 4218/2225/148 4215/2226/146 4216/2223/146
f 4220/2227/149 4217/2228/148 4218/2225/148
f 4222/2229/150 4219/2230/149 4220/2227/149
f 4224/2231/151 4221/2232/150 4222/2229/150
f 4226/2233/152 4223/2234/151 4224/2231/151
f 4228/2235/153 4225/2236/152 4226/2233/152
f 4230/2237/154 4227/2238/153 4228/2235/153
f 4232/2239/155 4229/2240/154 4230/2237/154
f 4234/2241/156 4231/2242/157 4232/2239/155
f 4236/2243/158 4233/2244/156 4234/2241/156
f 4238/2245/159 4235/2246/160 4236/2243/158
f 4240/2247/161 4237/2248/159 4238/2245/159
f 4242/2249/162 4239/2250/161 4240/2247/161
f 4244/2251/163 4241/2252/162 4242/2249/162
f 4246/2253/164 4243/2254/163 4244/2251/163
f 4248/2255/165 4245/2256/166 4246/2253/164
f 4250/2257/167 4247/2258/165 4248/2255/165
f 4252/2259/168 4249/2260/167 4250/2257/167
f 4254/2261/169 4251/2262/168 4252/2259/168
f 4256/2263/170 4253/2264/169 4254/2261/169
f 4258/2265/171 4255/2266/170 4256/2263/170
f 4260/2267/172 4257/2268/171 4258/2265/171
f 4262/2269/173 4259/2270/172 4260/2267/172
f 4264/2271/174 4261/2272/173 4262/2269/173
f 4266/2273/175 4263/2274/174 4264/2271/174
f 4268/2275/176 4265/2276/175 4266/2273/175
f 4270/2277/177 4267/2278/178 4268/2275/176
f 4272/2279/179 4269/2280/177 4270/2277/177
f 4274/2281/180 4271/2282/179 4272/2279/179
f 4276/2283/181 4273/2284/180 4274/2281/180
f 4278/2285/182 4275/2286/181 4276/2283/181
f 4280/2287/183 4277/2288/182 4278/2285/182
f 4282/2289/184 4279/2290/183 4280/2287/183
f 4284/2291/185 4281/2292/184 4282/2289/184
f 4286/2293/186 4283/2294/185 4284/2291/185
f 4288/2295/187 4285/2296/186 4286/2293/186
f 4290/2297/188 4287/2298/187 4288/2295/187
f 4292/2299/189 4289/2300/188 4290/2297/188
f 4294/2301/190 4291/2302/189 4292/2299/189
f 4296/2303/191 4293/2304/190 4294/2301/190
f 4298/2305/192 4295/2306/193 4296/2303/191
f 4300/2307/194 4297/2308/192 4298/2305/192
f 4302/2309/195 4299/2310/194 4300/2307/194
f 4304/2311/196 4301/2312/195 4302/2309/195
f 4306/2313/197 4303/2314/196 4304/2311/196
f 4308/2315/198 4305/2316/197 4306/2313/197
f 4310/2317/199 4307/2318/198 4308/2315/198
f 4312/2319/200 4309/2320/199 4310/2317/199
f 4314/2321/201 4311/2322/200 4312/2319/200
f 4316/2323/202 4313/2324/201 4314/2321/201
f 4318/2325/203 4315/2326/202 4316/2323/202
f 4320/2327/204 4317/2328/205 4318/2325/203
f 4322/2329/206 4319/2330/204 4320/2327/204
f 4324/2331/207 4321/2332/206 4322/2329/206
f 4326/2333/208 4323/2334/207 4324/2331/207
f 4328/2335/209 4325/2336/208 4326/2333/208
f 4330/2337/210 4327/2338/211 4328/2335/209
f 4332/2339/212 4329/2340/210 4330/2337/210
f 4334/2341/213 4331/2342/214 4332/2339/212
f 4336/2343/215 4333/2344/216 4334/2341/213
f 4338/2345/217 4335/2346/218 4336/2343/215
f 4340/2347/219 4337/2348/217 4338/2345/217
f 4342/2349/220 4339/2350/219 4340/2347/219
f 4344/2351/221 4341/2352/220 4342/2349/220
f 4346/2353/222 4343/2354/221 4344/2351/221
f 4348/2355/223 4345/2356/222 4346/2353/222
f 4350/2357/224 4347/2358/223 4348/2355/223
f 4352/2359/225 4349/2360/224 4350/2357/224
f 4354/2361/226 4351/2362/225 4352/2359/225
f 4356/2363/227 4353/2364/226 4354/2361/226
f 4358/2365/228 4355/2366/229 4356/2363/227
f 4360/2367/230 4357/2368/228 4358/2365/228
f 4362/2369/231 4359/2370/230 4360/2367/230
f 4364/2371/232 4361/2372/233 4362/2369/231
f 4366/2373/234 4363/2374/235 4364/2371/232
f 4368/2375/236 4365/2376/234 4366/2373/234
f 4370/2377/237 4367/2378/236 4368/2375/236
f 4372/2379/238 4369/2380/237 4370/2377/237
f 4374/2381/239 4371/2382/238 4372/2379/238
f 4376/2383/240 4373/2384/239 4374/2381/239
f 4378/2385/241 4375/2386/240 4376/2383/240
f 4380/2387/242 4377/2388/241 4378/2385/241
f 4382/2389/243 4379/2390/244 4380/2387/242
f 4384/2391/245 4381/2392/243 4382/2389/243
f 4386/2393/246 4383/2394/247 4384/2391/245
f 4388/2395/248 4385/2396/246 4386/2393/246
f 4390/2397/249 4387/2398/248 4388/2395/248
f 4392/2399/250 4389/2400/249 4390/2397/249
f 4394/2401/251 4391/2402/250 4392/2399/250
f 4396/2403/252 4393/2404/251 4394/2401/251
f 4398/2405/253 4395/2406/254 4396/2403/252
f 4400/2407/255 4397/2408/253 4398/2405/253
f 4402/2409/256 4399/2410/257 4400/2407/255
f 4404/2411/258 4401/2412/259 4402/2409/256
f 4406/2413/260 4403/2414/258 4404/2411/258
f 4408/2415/261 4405/2416/260 4406/2413/260
f 4410/2417/262 4407/2418/261 4408/2415/261
f 4412/2419/263 4409/2420/264 4410/2417/262
f 4414/2421/265 4411/2422/266 4412/2419/263
f 4416/2423/267 4413/2424/265 4414/2421/265
f 4418/2425/268 4415/2426/267 4416/2423/267
f 4420/2427/269 4417/2428/268 4418/2425/268
f 4422/2429/270 4419/2430/269 4420/2427/269
f 4424/2431/271 4421/2432/270 4422/2429/270
f 4426/2433/272 4423/2434/271 4424/2431/271
f 4428/2435/273 4425/2436/272 4426/2433/272
f 4430/2437/274 4427/2438/273 4428/2435/273
f 4432/2439/275 4429/2440/274 4430/2437/274
f 4434/2441/276 4431/2442/277 4432/2439/275
f 4436/2443/278 4433/2444/279 4434/2441/276
f 4438/2445/280 4435/2446/278 4436/2443/278
f 4440/2447/281 4437/2448/282 4438/2445/280
f 4442/2449/283 4439/2450/284 4440/2447/281
f 4444/2451/285 4441/2452/283 4442/2449/283
f 4446/2453/286 4443/2454/285 4444/2451/285
f 4448/2455/287 4445/2456/288 4446/2453/286
f 4450/2457/289 4447/2458/287 4448/2455/287
f 4452/2459/290 4449/2460/289 4450/2457/289
f 4454/2461/291 4451/2462/290 4452/2459/290
f 4456/2463/292 4453/2464/291 4454/2461/291
f 4458/2465/293 4455/2466/292 4456/2463/292
f 4460/2467/294 4457/2468/293 4458/2465/293
f 4462/2469/295 4459/2470/294 4460/2467/294
f 4464/2471/296 4461/2472/295 4462/2469/295
f 4466/2473/297 4463/2474/296 4464/2471/296
f 4468/2475/298 4465/2476/297 4466/2473/297
f 4470/2477/299 4467/2478/298 4468/2475/298
f 4472/2479/300 4469/2480/299 4470/2477/299
f 4474/2481/301 4471/2482/300 4472/2479/300
f 4476/2483/302 4473/2484/301 4474/2481/301
f 4478/2485/303 4475/2486/302 4476/2483/302
f 4480/2487/304 4477/2488/303 4478/2485/303
f 4482/2489/305 4479/2490/304 4480/2487/304
f 4484/2491/306 4481/2492/305 4482/2489/305
f 4486/2493/307 4483/2494/306 4484/2491/306
f 4488/2495/308 4485/2496/307 4486/2493/307
f 4490/2497/309 4487/2498/308 4488/2495/308
f 4492/2499/310 4489/2500/309 4490/2497/309
f 4494/2501/311 4491/2502/310 4492/2499/310
f 4496/2503/312 4493/2504/311 4494/2501/311
f 4498/2505/313 4495/2506/312 4496/2503/312
f 4500/2507/314 4497/2508/313 4498/2505/313
f 4502/2509/315 4499/2510/314 4500/2507/314
f 4504/2511/316 4501/2512/315 4502/2509/315
f 4506/2513/317 4503/2514/316 4504/2511/316
f 4508/2515/318 4505/2516/317 4506/2513/317
f 4510/2517/319 4507/2518/318 4508/2515/318
f 4512/2519/320 4509/2520/319 4510/2517/319
f 4514/2521/321 4511/2522/320 4512/2519/320
f 4516/2523/322 4513/2524/321 4514/2521/321
f 4518/2525/323 4515/2526/322 4516/2523/322
f 4520/2527/324 4517/2528/323 4518/2525/323
f 4522/2529/325 4519/2530/324 4520/2527/324
f 4524/2531/326 4521/2532/325 4522/2529/325
f 4526/2533/327 4523/2534/326 4524/2531/326
f 4528/2535/328 4525/2536/327 4526/2533/327
f 4530/2537/329 4527/2538/328 4528/2535/328
f 4532/2539/330 4529/2540/329 4530/2537/329
f 4534/2541/331 4531/2542/330 4532/2539/330
f 4536/2543/332 4533/2544/333 4534/2541/331
f 4538/2545/334 4535/2546/332 4536/2543/332
f 4540/2547/335 4537/2548/336 4538/2545/334
f 4542/2549/337 4539/2550/335 4540/2547/335
f 4544/2551/338 4541/2552/337 4542/2549/337
f 4546/2553/339 4543/2554/340 4544/2551/338
f 4548/2555/341 4545/2556/339 4546/2553/339
f 4550/2557/342 4547/2558/341 4548/2555/341
f 4552/2559/343 4549/2560/342 4550/2557/342
f 4554/2561/344 4551/2562/345 4552/2559/343
f 4556/2563/346 4553/2564/344 4554/2561/344
f 4558/2565/347 4555/2566/348 4556/2563/346
f 4560/2567/349 4557/2568/347 4558/2565/347
f 4562/2569/350 4559/2570/351 4560/2567/349
f 4564/2571/352 4561/2572/350 4562/2569/350
f 4566/2573/353 4563/2574/352 4564/2571/352
f 4568/2575/354 4565/2576/353 4566/2573/353
f 4570/2577/355 4567/2578/354 4568/2575/354
f 4572/2579/356 4569/2580/355 4570/2577/355
f 4574/2581/357 4571/2582/358 4572/2579/356
f 4576/2583/359 4573/2584/360 4574/2581/357
f 4578/2585/361 4575/2586/359 4576/2583/359
f 4580/2587/362 4577/2588/363 4578/2585/361
f 4582/2589/364 4579/2590/362 4580/2587/362
f 4584/2591/365 4581/2592/364 4582/2589/364
f 4586/2593/366 4583/2594/365 4584/2591/365
f 4588/2595/367 4585/2596/366 4586/2593/366
f 4590/2597/368 4587/2598/367 4588/2595/367
f 4592/2599/369 4589/2600/368 4590/2597/368
f 4594/2601/370 4591/2602/369 4592/2599/369
f 4596/2603/371 4593/2604/370 4594/2601/370
f 4598/2605/372 4595/2606/371 4596/2603/371
f 4600/2607/373 4597/2608/372 4598/2605/372
f 4602/2609/374 4599/2610/373 4600/2607/373
f 4604/2611/375 4601/2612/374 4602/2609/374
f 4606/2613/376 4603/2614/377 4604/2611/375
f 4608/2615/378 4605/2616/376 4606/2613/376
f 4610/2617/379 4607/2618/378 4608/2615/378
f 4612/2619/380 4609/2620/379 4610/2617/379
f 4614/2621/381 4611/2622/382 4612/2619/380
f 4616/2623/383 4613/2624/381 4614/2621/381
f 4618/2625/384 4615/2626/383 4616/2623/383
f 4620/2627/385 4617/2628/384 4618/2625/384
f 4622/2629/386 4619/2630/385 4620/2627/385
f 4624/2631/387 4621/2632/386 4622/2629/386
f 4626/2633/388 4623/2634/387 4624/2631/387
f 4628/2635/389 4625/2636/388 4626/2633/388
f 4630/2637/390 4627/2638/389 4628/2635/389
f 4632/2639/391 4629/2640/390 4630/2637/390
f 4634/2641/392 4631/2642/391 4632/2639/391
f 4636/2643/393 4633/2644/394 4634/2641/392
f 4638/2645/395 4635/2646/393 4636/2643/393
f 4640/2647/396 4637/2648/395 4638/2645/395
f 4642/2649/397 4639/2650/396 4640/2647/396
f 4644/2651/398 4641/2652/397 4642/2649/397
f 4646/2653/399 4643/2654/398 4644/2651/398
f 4648/2655/400 4645/2656/399 4646/2653/399
f 4650/2657/401 4647/2658/400 4648/2655/400
f 4652/2659/402 4649/2660/401 4650/2657/401
f 4654/2661/403 4651/2662/402 4652/2659/402
f 4656/2663/404 4653/2664/403 4654/2661/403
f 4658/2665/405 4655/2666/404 4656/2663/404
f 4660/2667/406 4657/2668/405 4658/2665/405
f 4662/2669/407 4659/2670/406 4660/2667/406
f 4664/2671/408 4661/2672/407 4662/2669/407
f 4666/2673/409 4663/2674/408 4664/2671/408
f 4668/2675/410 4665/2676/409 4666/2673/409
f 4670/2677/411 4667/2678/410 4668/2675/410
f 4672/2679/412 4669/2680/411 4670/2677/411
f 4674/2681/413 4671/2682/412 4672/2679/412
f 4676/2683/414 4673/2684/413 4674/2681/413
f 4678/2685/415 4675/2686/414 4676/2683/414
f 4680/2687/416 4677/2688/415 4678/2685/415
f 4682/2689/417 4679/2690/416 4680/2687/416
f 4684/2691/418 4681/2692/417 4682/2689/417
f 4686/2693/419 4683/2694/418 4684/2691/418
f 4688/2695/420 4685/2696/419 4686/2693/419
f 4690/2697/421 4687/2698/420 4688/2695/420
f 4692/2699/422 4689/2700/421 4690/2697/421
f 4694/2701/423 4691/2702/422 4692/2699/422
f 4696/2703/424 4693/2704/423 4694/2701/423
f 4698/2705/425 4695/2706/424 4696/2703/424
f 4700/2707/426 4697/2708/425 4698/2705/425
f 4702/2709/427 4699/2710/426 4700/2707/426
f 4704/2711/428 4701/2712/427 4702/2709/427
f 4706/2713/429 4703/2714/428 4704/2711/428
f 4708/2715/430 4705/2716/429 4706/2713/429
f 4710/2717/431 4707/2718/430 4708/2715/430
f 4712/2719/432 4709/2720/431 4710/2717/431
f 4714/2721/433 4711/2722/432 4712/2719/432
f 4716/2723/434 4713/2724/433 4714/2721/433
f 4718/2725/435 4715/2726/434 4716/2723/434
f 4720/2727/436 4717/2728/435 4718/2725/435
f 4722/2729/437 4719/2730/436 4720/2727/436
f 4724/2731/438 4721/2732/437 4722/2729/437
f 4726/2733/439 4723/2734/438 4724/2731/438
f 4728/2735/440 4725/2736/439 4726/2733/439
f 4730/2737/441 4727/2738/440 4728/2735/440
f 4732/2739/442 4729/2740/441 4730/2737/441
f 4734/2741/443 4731/2742/442 4732/2739/442
f 4736/2743/444 4733/2744/443 4734/2741/443
f 4738/2745/445 4735/2746/444 4736/2743/444
f 4740/2747/446 4737/2748/445 4738/2745/445
f 4742/2749/447 4739/2750/446 4740/2747/446
f 4744/2751/448 4741/2752/447 4742/2749/447
f 4746/2753/449 4743/2754/448 4744/2751/448
f 4748/2755/450 4745/2756/449 4746/2753/449
f 4750/2757/451 4747/2758/450 4748/2755/450
f 4752/2759/452 4749/2760/451 4750/2757/451
f 4754/2761/453 4751/2762/452 4752/2759/452
f 4756/2763/454 4753/2764/453 4754/2761/453
f 4758/2765/455 4755/2766/454 4756/2763/454
f 4760/2767/456 4757/2768/455 4758/2765/455
f 4762/2769/457 4759/2770/456 4760/2767/456
f 4764/2771/458 4761/2772/457 4762/2769/457
f 4766/2773/459 4763/2774/458 4764/2771/458
f 4768/2775/460 4765/2776/459 4766/2773/459
f 4770/2777/461 4767/2778/460 4768/2775/460
f 4772/2779/462 4769/2780/461 4770/2777/461
f 4774/2781/463 4771/2782/462 4772/2779/462
f 4776/2783/464 4773/2784/463 4774/2781/463
f 4778/2785/465 4775/2786/464 4776/2783/464
f 4780/2787/466 4777/2788/465 4778/2785/465
f 4782/2789/467 4779/2790/466 4780/2787/466
f 4784/2791/468 4781/2792/467 4782/2789/467
f 4786/2793/469 4783/2794/468 4784/2791/468
f 4788/2795/470 4785/2796/469 4786/2793/469
f 4790/2797/471 4787/2798/470 4788/2795/470
f 4792/2799/472 4789/2800/471 4790/2797/471
f 4794/2801/473 4791/2802/472 4792/2799/472
f 4796/2803/474 4793/2804/473 4794/2801/473
f 4798/2805/475 4795/2806/474 4796/2803/474
f 4800/2807/476 4797/2808/475 4798/2805/475
f 4802/2809/477 4799/2810/476 4800/2807/476
f 4804/2811/478 4801/2812/477 4802/2809/477
f 4806/2813/479 4803/2814/478 4804/2811/478
f 4808/2815/480 4805/2816/479 4806/2813/479
f 4810/2817/481 4807/2818/480 4808/2815/480
f 4812/2819/482 4809/2820/481 4810/2817/481
f 4814/2821/483 4811/2822/482 4812/2819/482
f 4816/2823/484 4813/2824/483 4814/2821/483
f 4818/2825/485 4815/2826/484 4816/2823/484
f 4820/2827/486 4817/2828/485 4818/2825/485
f 4822/2829/487 4819/2830/486 4820/2827/486
f 4824/2831/488 4821/2832/487 4822/2829/487
f 4826/2833/489 4823/2834/488 4824/2831/488
f 4828/2835/490 4825/2836/489 4826/2833/489
f 4830/2837/491 4827/2838/490 4828/2835/490
f 4832/2839/492 4829/2840/491 4830/2837/491
f 4834/2841/493 4831/2842/492 4832/2839/492
f 4836/2843/494 4833/2844/493 4834/2841/493
f 4838/2845/495 4835/2846/494 4836/2843/494
f 4840/2847/496 4837/2848/495 4838/2845/495
f 4842/2849/497 4839/2850/496 4840/2847/496
f 4844/2851/498 4841/2852/497 4842/2849/497
f 4846/2853/499 4843/2854/498 4844/2851/498
f 4848/2855/500 4845/2856/499 4846/2853/499
f 4850/2857/501 4847/2858/500 4848/2855/500
f 4852/2859/502 4849/2860/501 4850/2857/501
f 4854/2861/503 4851/2862/502 4852/2859/502
f 4856/2863/504 4853/2864/503 4854/2861/503
f 4858/2865/505 4855/2866/504 4856/2863/504
f 4860/2867/506 4857/2868/505 4858/2865/505
f 4862/2869/507 4859/2870/506 4860/2867/506
f 4864/2871/508 4861/2872/507 4862/2869/507
f 4866/2873/509 4863/2874/508 4864/2871/508
f 4868/2875/510 4865/2876/509 4866/2873/509
f 4870/2877/511 4867/2878/510 4868/2875/510
f 4872/2879/512 4869/2880/511 4870/2877/511
f 4874/2881/513 4871/2882/512 4872/2879/512
f 4876/2883/514 4873/2884/513 4874/2881/513
f 4878/2885/515 4875/2886/514 4876/2883/514
f 4880/2887/516 4877/2888/515 4878/2885/515
f 4882/2889/517 4879/2890/516 4880/2887/516
f 4884/2891/518 4881/2892/517 4882/2889/517
f 4886/2893/519 4883/2894/518 4884/2891/518
f 4888/2895/520 4885/2896/521 4886/2893/519
f 4890/2897/522 4887/2898/520 4888/2895/520
f 4892/2899/523 4889/2900/522 4890/2897/522
f 4894/2901/524 4891/2902/525 4892/2899/523
f 4896/2903/526 4893/2904/527 4894/2901/524
f 4898/2905/528 4895/2906/526 4896/2903/526
f 4900/2907/529 4897/2908/528 4898/2905/528
f 4902/2909/530 4899/2910/531 4900/2907/529
f 4904/2911/532 4901/2912/533 4902/2909/530
f 4906/2913/534 4903/2914/535 4904/2911/532
f 4908/2915/536 4905/2916/537 4906/2913/534
f 4910/2917/538 4907/2918/539 4908/2915/536
f 4912/2919/540 4909/2920/541 4910/2917/538
f 4914/2921/542 4911/2922/540 4912/2919/540
f 4916/2923/543 4913/2924/544 4914/2921/542
f 4918/2925/545 4915/2926/543 4916/2923/543
f 4920/2927/546 4917/2928/547 4918/2925/545
f 4922/2929/548 4919/2930/549 4920/2927/546
f 4924/2931/550 4921/2932/551 4922/2929/548
f 4926/2933/552 4923/2934/553 4924/2931/550
f 4928/2935/554 4925/2936/555 4926/2933/552
f 4930/2937/556 4927/2938/557 4928/2935/554
f 4932/2939/558 4929/2940/556 4930/2937/556
f 4934/2941/559 4931/2942/558 4932/2939/558
f 4936/2943/560 4933/2944/561 4934/2941/559
f 4938/2945/562 4935/2946/563 4936/2943/560
f 4940/2947/564 4937/2948/562 4938/2945/562
f 4942/2949/565 4939/2950/566 4940/2947/564
f 4944/2951/567 4941/2952/565 4942/2949/565
f 4946/2953/568 4943/2954/569 4944/2951/567
f 4948/2955/570 4945/2956/571 4946/2953/568
f 4950/2957/572 4947/2958/573 4948/2955/570
f 4952/2959/574 4949/2960/575 4950/2957/572
f 4954/2961/576 4951/2962/577 4952/2959/574
f 4956/2963/578 4953/2964/579 4954/2961/576
f 4958/2965/580 4955/2966/578 4956/2963/578
f 4960/2967/581 4957/2968/582 4958/2965/580
f 4962/2969/583 4959/2970/581 4960/2967/581
f 4964/2971/584 4961/2972/585 4962/2969/583
f 4966/2973/586 4963/2974/587 4964/2971/584
f 4968/2975/588 4965/2976/586 4966/2973/586
f 4970/2977/589 4967/2978/588 4968/2975/588
f 4972/2979/590 4969/2980/591 4970/2977/589
f 4974/2981/592 4971/2982/593 4972/2979/590
f 4976/2983/594 4973/2984/595 4974/2981/592
f 4978/2985/596 4975/2986/597 4976/2983/594
f 4980/2987/598 4977/2988/599 4978/2985/596
f 4982/2989/600 4979/2990/601 4980/2987/598
f 4984/2991/602 4981/2992/600 4982/2989/600
f 4986/2993/603 4983/2994/604 4984/2991/602
f 4988/2995/605 4985/2996/603 4986/2993/603
f 4990/2997/606 4987/2998/607 4988/2995/605
f 4992/2999/608 4989/3000/609 4990/2997/606
f 4994/3001/610 4991/3002/608 4992/2999/608
f 4996/3003/611 4993/3004/612 4994/3001/610
f 4998/3005/613 4995/3006/614 4996/3003/611
f 5000/3007/615 4997/3008/616 4998/3005/613
f 5002/3009/617 4999/3010/618 5000/3007/615
f 5004/3011/619 5001/3012/620 5002/3009/617
f 5006/3013/621 5003/3014/622 5004/3011/619
f 5008/3015/623 5005/3016/621 5006/3013/621
f 5010/3017/624 5007/3018/625 5008/3015/623
f 5012/3019/626 5009/3020/627 5010/3017/624
f 5014/3021/628 5011/3022/626 5012/3019/626
f 5016/3023/629 5013/3024/630 5014/3021/628
f 5018/3025/631 5015/3026/632 5016/3023/629
f 5020/3027/633 5017/3028/634 5018/3025/631
f 5022/3029/635 5019/3030/636 5020/3027/633
f 5024/3031/637 5021/3032/638 5022/3029/635
f 5026/3033/639 5023/3034/640 5024/3031/637
f 5028/3035/641 5025/3036/639 5026/3033/639
f 5030/3037/642 5027/3038/643 5028/3035/641
f 5032/3039/644 5029/3040/642 5030/3037/642
f 5034/3041/645 5031/3042/646 5032/3039/644
f 5036/3043/647 5033/3044/648 5034/3041/645
f 5038/3045/649 5035/3046/650 5036/3043/647
f 5040/3047/651 5037/3048/649 5038/3045/649
f 5042/3049/652 5039/3050/653 5040/3047/651
f 5044/3051/654 5041/3052/655 5042/3049/652
f 5046/3053/656 5043/3054/657 5044/3051/654
f 5048/3055/658 5045/3056/656 5046/3053/656
f 5050/3057/659 5047/3058/660 5048/3055/658
f 5052/3059/661 5049/3060/662 5050/3057/659
f 5054/3061/663 5051/3062/664 5052/3059/661
f 5056/3063/665 5053/3064/666 5054/3061/663
f 5058/3065/667 5055/3066/668 5056/3063/665
f 5060/3067/669 5057/3068/670 5058/3065/667
f 5062/3069/671 5059/3070/672 5060/3067/669
f 5064/3071/673 5061/3072/674 5062/3069/671
f 5066/3073/675 5063/3074/673 5064/3071/673
f 5068/3075/676 5065/3076/675 5066/3073/675
f 5070/3077/677 5067/3078/676 5068/3075/676
f 5072/3079/678 5069/3080/677 5070/3077/677
f 5074/3081/679 5071/3082/680 5072/3079/678
f 5076/3083/681 5073/3084/682 5074/3081/679
f 5078/3085/683 5075/3086/681 5076/3083/681
f 5080/3087/684 5077/3088/683 5078/3085/683
f 5082/3089/685 5079/3090/686 5080/3087/684
f 5084/3091/687 5081/3092/685 5082/3089/685
f 5086/3093/688 5083/3094/689 5084/3091/687
f 5088/3095/690 5085/3096/688 5086/3093/688
f 5090/3097/691 5087/3098/692 5088/3095/690
f 5092/3099/693 5089/3100/691 5090/3097/691
f 5094/3101/694 5091/3102/695 5092/3099/693
f 5096/3103/696 5093/3104/697 5094/3101/694
f 5098/3105/698 5095/3106/699 5096/3103/696
f 5100/3107/700 5097/3108/698 5098/3105/698
f 5102/3109/701 5099/3110/702 5100/3107/700
f 5104/3111/703 5101/3112/704 5102/3109/701
f 5106/3113/705 5103/3114/703 5104/3111/703
f 5108/3115/706 5105/3116/707 5106/3113/705
f 5110/3117/708 5107/3118/709 5108/3115/706
f 5112/3119/710 5109/3120/708 5110/3117/708
f 5114/3121/711 5111/3122/712 5112/3119/710
f 5116/3123/713 5113/3124/714 5114/3121/711
f 5118/3125/715 5115/3126/716 5116/3123/713
f 5120/3127/717 5117/3128/718 5118/3125/715
f 5122/3129/719 5119/3130/720 5120/3127/717
f 5124/3131/721 5121/3132/722 5122/3129/719
f 5126/3133/723 5123/3134/721 5124/3131/721
f 5128/3135/724 5125/3136/725 5126/3133/723
f 5130/3137/726 5127/3138/727 5128/3135/724
f 5132/3139/728 5129/3140/729 5130/3137/726
f 5134/3141/730 5131/3142/731 5132/3139/728
f 5136/3143/732 5133/3144/733 5134/3141/730
f 5138/3145/734 5135/3146/732 5136/3143/732
f 5140/3147/735 5137/3148/734 5138/3145/734
f 5142/3149/736 5139/3150/735 5140/3147/735
f 5144/3151/737 5141/3152/736 5142/3149/736
f 5146/3153/738 5143/3154/737 5144/3151/737
f 5148/3155/739 5145/3156/738 5146/3153/738
f 5150/3157/740 5147/3158/739 5148/3155/739
f 5152/3159/741 5149/3160/740 5150/3157/740
f 5154/3161/742 5151/3162/741 5152/3159/741
f 5156/3163/743 5153/3164/742 5154/3161/742
f 5158/3165/744 5155/3166/743 5156/3163/743
f 5160/3167/721 5157/3168/744 5158/3165/744
f 5162/3169/745 5159/3170/721 5160/3167/721
f 5164/3171/746 5161/3172/745 5162/3169/745
f 5166/3173/747 5163/3174/746 5164/3171/746
f 5168/3175/748 5165/3176/747 5166/3173/747
f 5170/3177/749 5167/3178/748 5168/3175/748
f 5172/3179/750 5169/3180/749 5170/3177/749
f 5174/3181/751 5171/3182/750 5172/3179/750
f 5176/3183/752 5173/3184/751 5174/3181/751
f 5178/3185/753 5175/3186/752 5176/3183/752
f 5180/3187/754 5177/3188/753 5178/3185/753
f 5182/3189/755 5179/1280/754 5180/3187/754
f 5184/3190/756 5181/3191/755 5182/3189/755
f 5186/3192/757 5183/3193/756 5184/3190/756
f 5188/3194/758 5185/3195/757 5186/3192/757
f 5190/3196/759 5187/3197/758 5188/3194/758
f 5192/3198/760 5189/3199/759 5190/3196/759
f 5194/3200/761 5191/3201/760 5192/3198/760
f 5196/3202/762 5193/3203/761 5194/3200/761
f 5198/3204/763 5195/3205/762 5196/3202/762
f 5200/3206/764 5197/3207/763 5198/3204/763
f 5202/3208/765 5199/3209/764 5200/3206/764
f 5204/3210/766 5201/3211/765 5202/3208/765
f 5206/3212/767 5203/3213/766 5204/3210/766
f 5208/3214/768 5205/3215/767 5206/3212/767
f 5210/3216/769 5207/3217/768 5208/3214/768
f 5212/3218/770 5209/3219/769 5210/3216/769
f 5214/3220/771 5211/3221/770 5212/3218/770
f 5216/3222/772 5213/3223/771 5214/3220/771
f 5218/3224/773 5215/3225/772 5216/3222/772
f 5220/3226/774 5217/3227/773 5218/3224/773
f 5222/3228/775 5219/3229/774 5220/3226/774
f 5224/3230/776 5221/3231/775 5222/3228/775
f 5226/3232/777 5223/3233/776 5224/3230/776
f 5228/3234/778 5225/3235/777 5226/3232/777
f 5230/3236/779 5227/3237/778 5228/3234/778
f 5232/3238/780 5229/3239/779 5230/3236/779
f 5234/3240/781 5231/3241/780 5232/3238/780
f 5236/3242/782 5233/3243/781 5234/3240/781
f 5238/3244/783 5235/3245/782 5236/3242/782
f 5240/3246/784 5237/3247/783 5238/3244/783
f 5242/3248/785 5239/3249/784 5240/3246/784
f 5244/3250/786 5241/3251/785 5242/3248/785
f 5246/3252/787 5243/3253/786 5244/3250/786
f 5248/3254/788 5245/3255/787 5246/3252/787
f 5250/3256/789 5247/3257/788 5248/3254/788
f 5252/3258/790 5249/3259/789 5250/3256/789
f 5254/3260/791 5251/3261/790 5252/3258/790
f 5256/3262/792 5253/3263/791 5254/3260/791
f 5258/3264/793 5255/3265/792 5256/3262/792
f 5260/3266/794 5257/3267/793 5258/3264/793
f 5262/3268/795 5259/3269/794 5260/3266/794
f 5264/3270/796 5261/3271/795 5262/3268/795
f 5266/3272/797 5263/3273/796 5264/3270/796
f 5268/3274/798 5265/3275/797 5266/3272/797
f 5270/3276/799 5267/3277/798 5268/3274/798
f 5272/3278/800 5269/3279/799 5270/3276/799
f 5274/3280/801 5271/3281/800 5272/3278/800
f 5276/3282/802 5273/3283/801 5274/3280/801
f 5278/3284/803 5275/3285/802 5276/3282/802
f 5280/3286/804 5277/3287/803 5278/3284/803
f 5282/3288/805 5279/3289/804 5280/3286/804
f 5284/3290/806 5281/3291/805 5282/3288/805
f 5286/3292/807 5283/3293/806 5284/3290/806
f 5288/3294/808 5285/3295/807 5286/3292/807
f 5290/3296/809 5287/3297/808 5288/3294/808
f 5292/3298/810 5289/3299/809 5290/3296/809
f 5294/3300/811 5291/3301/810 5292/3298/810
f 5296/3302/812 5293/3303/811 5294/3300/811
f 5298/3304/813 5295/3305/812 5296/3302/812
f 5300/3306/814 5297/3307/813 5298/3304/813
f 5302/3308/815 5299/3309/814 5300/3306/814
f 5304/3310/816 5301/3311/815 5302/3308/815
f 5306/3312/817 5303/3313/816 5304/3310/816
f 5308/3314/818 5305/3315/817 5306/3312/817
f 5310/3316/819 5307/3317/818 5308/3314/818
f 5312/3318/820 5309/3319/819 5310/3316/819
f 5314/3320/821 5311/3321/820 5312/3318/820
f 5316/3322/822 5313/3323/821 5314/3320/821
f 5318/3324/823 5315/3325/822 5316/3322/822
f 5320/3326/824 5317/3327/823 5318/3324/823
f 5322/3328/825 5319/3329/824 5320/3326/824
f 5324/3330/826 5321/3331/825 5322/3328/825
f 5326/3332/827 5323/3333/826 5324/3330/826
f 5328/3334/343 5325/3335/827 5326/3332/827
f 5330/3336/828 5327/3337/343 5328/3334/343
f 5332/3338/829 5329/3339/828 5330/3336/828
f 5334/3340/830 5331/3341/829 5332/3338/829
f 5336/3342/831 5333/3343/830 5334/3340/830
f 5338/3344/832 5335/3345/831 5336/3342/831
f 5340/3346/833 5337/3347/832 5338/3344/832
f 5342/3348/834 5339/3349/833 5340/3346/833
f 5344/3350/835 5341/3351/834 5342/3348/834
f 5346/3352/836 5343/3353/835 5344/3350/835
f 5348/3354/837 5345/3355/836 5346/3352/836
f 5350/3356/838 5347/3357/837 5348/3354/837
f 5352/3358/839 5349/3359/838 5350/3356/838
f 5354/3360/840 5351/3361/839 5352/3358/839
f 5356/3362/841 5353/3363/840 5354/3360/840
f 5358/3364/842 5355/3365/841 5356/3362/841
f 5360/3366/843 5357/3367/842 5358/3364/842
f 5362/3368/844 5359/3369/843 5360/3366/843
f 5364/3370/845 5361/3371/844 5362/3368/844
f 5366/3372/846 5363/3373/845 5364/3370/845
f 5368/3374/847 5365/3375/846 5366/3372/846
f 5370/3376/848 5367/3377/847 5368/3374/847
f 5372/3378/849 5369/3379/848 5370/3376/848
f 5374/3380/850 5371/3381/849 5372/3378/849
f 5376/3382/851 5373/3383/850 5374/3380/850
f 5378/3384/852 5375/3385/851 5376/3382/851
f 5380/3386/853 5377/3387/852 5378/3384/852
f 5382/3388/854 5379/3389/853 5380/3386/853
f 5384/3390/855 5381/3391/854 5382/3388/854
f 5386/3392/856 5383/3393/855 5384/3390/855
f 5388/3394/857 5385/3395/856 5386/3392/856
f 5390/3396/858 5387/3397/857 5388/3394/857
f 5392/3398/859 5389/3399/858 5390/3396/858
f 5394/3400/860 5391/3401/861 5392/3398/859
f 5396/3402/862 5393/3403/863 5394/3400/860
f 5398/3404/864 5395/3405/862 5396/3402/862
f 5400/3406/865 5397/3407/864 5398/3404/864
f 5402/3408/866 5399/3409/865 5400/3406/865
f 5404/3410/867 5401/3411/868 5402/3408/866
f 5406/3412/869 5403/3413/867 5404/3410/867
f 5408/3414/870 5405/3415/869 5406/3412/869
f 5410/3416/871 5407/3417/870 5408/3414/870
f 5412/3418/872 5409/3419/871 5410/3416/871
f 5414/3420/873 5411/3421/874 5412/3418/872
f 5416/3422/875 5413/3423/873 5414/3420/873
f 5418/3424/876 5415/3425/875 5416/3422/875
f 5420/3426/877 5417/3427/876 5418/3424/876
f 5422/3428/878 5419/3429/877 5420/3426/877
f 5424/3430/879 5421/3431/878 5422/3428/878
f 5426/3432/880 5423/3433/879 5424/3430/879
f 5428/3434/881 5425/3435/882 5426/3432/880
f 5430/3436/883 5427/3437/881 5428/3434/881
f 5432/3438/884 5429/3439/883 5430/3436/883
f 5434/3440/885 5431/3441/884 5432/3438/884
f 5436/3442/886 5433/3443/885 5434/3440/885
f 5438/3444/887 5435/3445/886 5436/3442/886
f 5440/3446/888 5437/3447/887 5438/3444/887
f 5442/3448/889 5439/3449/888 5440/3446/888
f 5444/3450/890 5441/3451/891 5442/3448/889
f 5446/3452/892 5443/3453/890 5444/3450/890
f 5448/3454/893 5445/3455/892 5446/3452/892
f 5450/3456/894 5447/3457/893 5448/3454/893
f 5452/3458/895 5449/3459/894 5450/3456/894
f 5454/3460/896 5451/3461/895 5452/3458/895
f 5456/3462/70 5453/3463/896 5454/3460/896
f 5458/3464/897 5455/3465/70 5456/3462/70
f 5460/3466/898 5457/3467/899 5458/3464/897
f 5462/3468/900 5459/3469/898 5460/3466/898
f 5464/3470/901 5461/3471/900 5462/3468/900
f 5466/3472/902 5463/3473/903 5464/3470/901
f 5468/3474/904 5465/3475/905 5466/3472/902
f 5470/3476/906 5467/3477/907 5468/3474/904
f 5472/3478/908 5469/3479/909 5470/3476/906
f 5474/3480/910 5471/3481/908 5472/3478/908
f 5476/3482/911 5473/3483/910 5474/3480/910
f 5478/3484/912 5475/3485/911 5476/3482/911
f 5480/3486/913 5477/3487/914 5478/3484/912
f 5482/3488/915 5479/3489/913 5480/3486/913
f 5484/3490/916 5481/3491/917 5482/3488/915
f 5486/3492/918 5483/3493/916 5484/3490/916
f 5488/3494/919 5485/3495/918 5486/3492/918
f 5490/3496/920 5487/3497/919 5488/3494/919
f 5492/3498/921 5489/3499/920 5490/3496/920
f 5494/3500/71 5491/3501/922 5492/3498/921
f 5496/3502/923 5493/3503/71 5494/3500/71
f 5498/3504/924 5495/3505/923 5496/3502/923
f 5500/3506/925 5497/3507/926 5498/3504/924
f 5502/3508/927 5499/3509/925 5500/3506/925
f 5504/3510/928 5501/3511/929 5502/3508/927
f 5506/3512/930 5503/3513/931 5504/3510/928
f 5508/3514/932 5505/3515/933 5506/3512/930
f 5510/3516/934 5507/3517/932 5508/3514/932
f 5512/3518/935 5509/3519/934 5510/3516/934
f 5514/3520/936 5511/3521/937 5512/3518/935
f 5516/3522/938 5513/3523/936 5514/3520/936
f 5518/3524/939 5515/3525/938 5516/3522/938
f 5520/3526/940 5517/3527/939 5518/3524/939
f 5522/3528/941 5519/3529/940 5520/3526/940
f 5524/3530/942 5521/3531/941 5522/3528/941
f 5526/3532/943 5523/3533/944 5524/3530/942
f 5528/3534/945 5525/3535/943 5526/3532/943
f 5530/3536/946 5527/3537/945 5528/3534/945
f 5532/3538/947 5529/3539/946 5530/3536/946
f 5534/3540/948 5531/3541/947 5532/3538/947
f 5536/3542/949 5533/3543/950 5534/3540/948
f 5538/3544/951 5535/3545/949 5536/3542/949
f 5540/3546/952 5537/3547/951 5538/3544/951
f 5542/3548/953 5539/3549/952 5540/3546/952
f 5544/3550/954 5541/3551/953 5542/3548/953
f 5546/3552/955 5543/3553/954 5544/3550/954
f 5548/3554/956 5545/3555/955 5546/3552/955
f 5550/3556/957 5547/3557/956 5548/3554/956
f 5552/3558/958 5549/3559/959 5550/3556/957
f 5554/3560/960 5551/3561/958 5552/3558/958
f 5556/3562/961 5553/3563/960 5554/3560/960
f 5558/3564/962 5555/3565/961 5556/3562/961
f 5560/3566/963 5557/3567/962 5558/3564/962
f 5562/3568/964 5559/3569/963 5560/3566/963
f 5564/3570/965 5561/3571/964 5562/3568/964
f 5566/3572/966 5563/3573/965 5564/3570/965
f 5568/3574/967 5565/3575/968 5566/3572/966
f 5570/3576/969 5567/3577/967 5568/3574/967
f 5572/3578/970 5569/3579/971 5570/3576/969
f 5574/3580/972 5571/3581/970 5572/3578/970
f 5576/3582/973 5573/3583/972 5574/3580/972
f 5578/3584/974 5575/3585/973 5576/3582/973
f 5580/3586/975 5577/3587/974 5578/3584/974
f 5582/3588/976 5579/3589/975 5580/3586/975
f 5584/3590/977 5581/3591/976 5582/3588/976
f 5586/3592/978 5583/3593/977 5584/3590/977
f 5588/3594/979 5585/3595/978 5586/3592/978
f 5590/3596/980 5587/3597/981 5588/3594/979
f 5592/3598/982 5589/3599/980 5590/3596/980
f 5594/3600/983 5591/3601/982 5592/3598/982
f 5596/3602/984 5593/3603/983 5594/3600/983
f 5598/3604/985 5595/3605/984 5596/3602/984
f 5600/3606/986 5597/3607/987 5598/3604/985
f 5602/3608/988 5599/3609/989 5600/3606/986
f 5604/3610/990 5601/3611/988 5602/3608/988
f 5606/3612/991 5603/3613/990 5604/3610/990
f 5608/3614/992 5605/3615/993 5606/3612/991
f 5610/3616/994 5607/3617/992 5608/3614/992
f 5612/3618/995 5609/3619/994 5610/3616/994
f 5614/3620/996 5611/3621/995 5612/3618/995
f 5616/3622/997 5613/3623/996 5614/3620/996
f 5618/3624/998 5615/3625/999 5616/3622/997
f 5620/3626/1000 5617/3627/1001 5618/3624/998
f 5622/3628/1002 5619/3629/1000 5620/3626/1000
f 5624/3630/1003 5621/3631/1002 5622/3628/1002
f 5626/3632/1004 5623/3633/1003 5624/3630/1003
f 5628/3634/1005 5625/3635/1004 5626/3632/1004
f 5630/3636/1006 5627/3637/1005 5628/3634/1005
f 5632/3638/1007 5629/3639/1006 5630/3636/1006
f 5634/3640/1008 5631/3641/1007 5632/3638/1007
f 5636/3642/1009 5633/3643/1008 5634/3640/1008
f 5638/3644/1010 5635/3645/1009 5636/3642/1009
f 5640/3646/1011 5637/3647/1010 5638/3644/1010
f 5642/3648/1012 5639/3649/1011 5640/3646/1011
f 5644/3650/1013 5641/3651/1012 5642/3648/1012
f 5646/3652/1014 5643/3653/1013 5644/3650/1013
f 5648/3654/1015 5645/3655/1014 5646/3652/1014
f 5650/3656/1016 5647/3657/1015 5648/3654/1015
f 5652/3658/1017 5649/3659/1016 5650/3656/1016
f 5654/3660/1018 5651/3661/1017 5652/3658/1017
f 5656/3662/1019 5653/3663/1018 5654/3660/1018
f 5658/3664/1020 5655/3665/1019 5656/3662/1019
f 5660/3666/1021 5657/3667/1020 5658/3664/1020
f 5662/3668/1022 5659/3669/1021 5660/3666/1021
f 5664/3670/1023 5661/3671/1022 5662/3668/1022
f 5666/3672/1024 5663/3673/1023 5664/3670/1023
f 5668/3674/1025 5665/3675/1026 5666/3672/1024
f 5670/3676/1027 5667/3677/1025 5668/3674/1025
f 5672/3678/1028 5669/3679/1027 5670/3676/1027
f 5674/3680/1029 5671/3681/1028 5672/3678/1028
f 5676/3682/1030 5673/3683/1029 5674/3680/1029
f 5678/3684/1031 5675/3685/1030 5676/3682/1030
f 5680/3686/1032 5677/3687/1031 5678/3684/1031
f 5682/3688/1033 5679/3689/1032 5680/3686/1032
f 5684/3690/1034 5681/3691/1033 5682/3688/1033
f 5686/3692/1035 5683/3693/1034 5684/3690/1034
f 5688/3694/1036 5685/3695/1035 5686/3692/1035
f 5690/3696/1037 5687/3697/1036 5688/3694/1036
f 5692/3698/1038 5689/3699/1037 5690/3696/1037
f 5694/3700/1039 5691/3701/1038 5692/3698/1038
f 5696/3702/1040 5693/3703/1039 5694/3700/1039
f 5698/3704/1041 5695/3705/1040 5696/3702/1040
f 5700/3706/1042 5697/3707/1041 5698/3704/1041
f 5702/3708/1043 5699/3709/1042 5700/3706/1042
f 5704/3710/1044 5701/3711/1043 5702/3708/1043
f 5706/3712/1045 5703/3713/1044 5704/3710/1044
f 5708/3714/1046 5705/3715/1045 5706/3712/1045
f 5710/3716/1047 5707/3717/1046 5708/3714/1046
f 5712/3718/1048 5709/3719/1047 5710/3716/1047
f 5714/3720/1049 5711/3721/1048 5712/3718/1048
f 5716/3722/1050 5713/3723/1049 5714/3720/1049
f 5718/3724/1051 5715/3725/1050 5716/3722/1050
f 5720/3726/1052 5717/3727/1051 5718/3724/1051
f 5722/3728/1053 5719/3729/1054 5720/3726/1052
f 5724/3730/1055 5721/3731/1053 5722/3728/1053
f 5726/3732/1056 5723/3733/1055 5724/3730/1055
f 5728/3734/1057 5725/3735/1056 5726/3732/1056
f 5730/3736/1058 5727/3737/1057 5728/3734/1057
f 5732/3738/1059 5729/3739/1060 5730/3736/1058
f 5734/3740/1061 5731/3741/1059 5732/3738/1059
f 5736/3742/1062 5733/3743/1061 5734/3740/1061
f 5738/3744/1063 5735/3745/1064 5736/3742/1062
f 5740/3746/1065 5737/3747/1066 5738/3744/1063
f 5742/3748/1067 5739/3749/1065 5740/3746/1065
f 5744/3750/1068 5741/3751/556 5742/3748/1067
f 5746/3752/1069 5743/3753/1068 5744/3750/1068
f 5748/3754/1070 5745/3755/1069 5746/3752/1069
f 5750/3756/1071 5747/3757/1070 5748/3754/1070
f 5752/3758/1072 5749/3759/1071 5750/3756/1071
f 5754/3760/1073 5751/3761/1074 5752/3758/1072
f 5756/3762/1075 5753/3763/1073 5754/3760/1073
f 5758/3764/1076 5755/3765/1075 5756/3762/1075
f 5760/3766/1077 5757/3767/1078 5758/3764/1076
f 5762/3768/1079 5759/3769/1077 5760/3766/1077
f 5764/3770/1080 5761/3771/1079 5762/3768/1079
f 5766/3772/1081 5763/3773/1082 5764/3770/1080
f 5768/3774/1083 5765/3775/1084 5766/3772/1081
f 5770/3776/1085 5767/3777/1083 5768/3774/1083
f 5772/3778/1086 5769/3779/1085 5770/3776/1085
f 5774/3780/1087 5771/3781/1086 5772/3778/1086
f 5776/3782/1088 5773/3783/1089 5774/3780/1087
f 5778/3784/1090 5775/3785/1091 5776/3782/1088
f 5780/3786/1092 5777/3787/1093 5778/3784/1090
f 5782/3788/1094 5779/3789/1095 5780/3786/1092
f 5784/3790/1096 5781/3791/1094 5782/3788/1094
f 5786/3792/1097 5783/3793/1096 5784/3790/1096
f 5788/3794/1098 5785/3795/1097 5786/3792/1097
f 5790/3796/1099 5787/3797/1100 5788/3794/1098
f 5792/3798/1101 5789/3799/1099 5790/3796/1099
f 5794/3800/1102 5791/3801/1101 5792/3798/1101
f 5796/3802/1103 5793/3803/1104 5794/3800/1102
f 5798/3804/1105 5795/3805/1103 5796/3802/1103
f 5800/3806/1106 5797/3807/1107 5798/3804/1105
f 5802/3808/1108 5799/3809/1109 5800/3806/1106
f 5804/3810/1110 5801/3811/1111 5802/3808/1108
f 5806/3812/1112 5803/3813/1113 5804/3810/1110
f 5808/3814/1114 5805/3815/1112 5806/3812/1112
f 5810/3816/1115 5807/3817/1114 5808/3814/1114
f 5812/3818/1116 5809/3819/1115 5810/3816/1115
f 5814/3820/1117 5811/3821/1118 5812/3818/1116
f 5816/3822/1119 5813/3823/1120 5814/3820/1117
f 5818/3824/1121 5815/3825/1119 5816/3822/1119
f 5820/3826/1122 5817/3827/1121 5818/3824/1121
f 5822/3828/674 5819/3829/1122 5820/3826/1122
f 5824/3830/1123 5821/3831/674 5822/3828/674
f 5826/3832/1124 5823/3833/1125 5824/3830/1123
f 5828/3834/1126 5825/3835/1124 5826/3832/1124
f 5830/3836/1127 5827/3837/1128 5828/3834/1126
f 5832/3838/1129 5829/3839/1127 5830/3836/1127
f 5834/3840/1130 5831/3841/1131 5832/3838/1129
f 5836/3842/1132 5833/3843/1133 5834/3840/1130
f 5838/3844/1134 5835/3845/1135 5836/3842/1132
f 5840/3846/1136 5837/3847/1137 5838/3844/1134
f 5842/3848/1138 5839/3849/1136 5840/3846/1136
f 5844/3850/1139 5841/3851/1140 5842/3848/1138
f 5846/3852/1141 5843/3853/1139 5844/3850/1139
f 5848/3854/1142 5845/3855/1141 5846/3852/1141
f 5850/3856/1143 5847/3857/1142 5848/3854/1142
f 5852/3858/1144 5849/3859/1145 5850/3856/1143
f 5854/3860/1146 5851/3861/1147 5852/3858/1144
f 5856/3862/1148 5853/3863/1146 5854/3860/1146
f 5858/3864/1149 5855/3865/1148 5856/3862/1148
f 5860/3866/1150 5857/3867/1149 5858/3864/1149
f 5862/3868/1151 5859/3869/1152 5860/3866/1150
f 5864/3870/1153 5861/3871/1151 5862/3868/1151
f 5866/3872/1154 5863/3873/1155 5864/3870/1153
f 5868/3874/1156 5865/3875/1154 5866/3872/1154
f 5870/3876/1157 5867/3877/1156 5868/3874/1156
f 5872/3878/1158 5869/3879/1159 5870/3876/1157
f 5874/3880/1160 5871/3881/1161 5872/3878/1158
f 5876/3882/1162 5873/3883/1160 5874/3880/1160
f 5878/3884/1163 5875/3885/1162 5876/3882/1162
f 5880/3886/1164 5877/3887/1163 5878/3884/1163
f 5882/3888/1165 5879/3889/1164 5880/3886/1164
f 5884/3890/1166 5881/3891/1165 5882/3888/1165
f 5886/3892/1167 5883/3893/1166 5884/3890/1166
f 5888/3894/1168 5885/3895/1167 5886/3892/1167
f 5890/3896/1169 5887/3897/1170 5888/3894/1168
f 5892/3898/1171 5889/3899/1172 5890/3896/1169
f 5894/3900/1173 5891/3901/1171 5892/3898/1171
f 5896/3902/1174 5893/3903/1173 5894/3900/1173
f 5898/3904/1175 5895/3905/1174 5896/3902/1174
f 5900/3906/1176 5897/3907/1177 5898/3904/1175
f 5902/3908/1178 5899/3909/1179 5900/3906/1176
f 5904/3910/1180 5901/3911/1178 5902/3908/1178
f 5906/3912/1181 5903/3913/1180 5904/3910/1180
f 5908/3914/1182 5905/3915/1181 5906/3912/1181
f 5910/3916/1183 5907/3917/1182 5908/3914/1182
f 5912/3918/1184 5909/3919/1183 5910/3916/1183
f 5914/3920/1185 5911/3921/1184 5912/3918/1184
f 5916/3922/1186 5913/3923/1185 5914/3920/1185
f 5918/3924/1187 5915/3925/1186 5916/3922/1186
f 5920/3926/1188 5917/3927/1187 5918/3924/1187
f 5922/3928/1189 5919/3929/1188 5920/3926/1188
f 5924/3930/1190 5921/3931/1189 5922/3928/1189
f 5926/3932/1191 5923/3933/1190 5924/3930/1190
f 5928/3934/1192 5925/3935/1193 5926/3932/1191
f 5930/3936/1194 5927/3937/1192 5928/3934/1192
f 5932/3938/1195 5929/3939/1194 5930/3936/1194
f 5934/3940/1196 5931/3941/1195 5932/3938/1195
f 5936/3942/1197 5933/3943/1196 5934/3940/1196
f 5938/3944/1198 5935/3945/1197 5936/3942/1197
f 5940/3946/1199 5937/3947/1198 5938/3944/1198
f 5942/3948/1200 5939/3949/1199 5940/3946/1199
f 5944/3950/1201 5941/3951/1200 5942/3948/1200
f 5946/3952/1202 5943/3953/1201 5944/3950/1201
f 5948/3954/1203 5945/3955/1202 5946/3952/1202
f 5950/3956/1204 5947/3957/1203 5948/3954/1203
f 5952/3958/1205 5949/3959/1204 5950/3956/1204
f 5954/3960/1206 5951/3961/1207 5952/3958/1205
f 5956/3962/1208 5953/3963/1206 5954/3960/1206
f 5958/3964/1209 5955/3965/1208 5956/3962/1208
f 5960/3966/1210 5957/3967/1209 5958/3964/1209
f 5962/3968/1211 5959/3969/1210 5960/3966/1210
f 5964/3970/1212 5961/3971/1211 5962/3968/1211
f 5966/3972/1213 5963/3973/1212 5964/3970/1212
f 5968/3974/1214 5965/3975/1213 5966/3972/1213
f 5970/3976/1215 5967/3977/1214 5968/3974/1214
f 5972/3978/1216 5969/3979/1215 5970/3976/1215
f 5974/3980/1217 5971/3981/1216 5972/3978/1216
f 5976/3982/1218 5973/3983/1217 5974/3980/1217
f 5978/3984/1219 5975/3985/1220 5976/3982/1218
f 5980/3986/1221 5977/3987/1219 5978/3984/1219
f 5982/3988/1222 5979/3989/1221 5980/3986/1221
f 5984/3990/1223 5981/3991/1224 5982/3988/1222
f 5986/3992/1225 5983/3993/1223 5984/3990/1223
f 5988/3994/1226 5985/3995/1225 5986/3992/1225
f 5990/3996/1227 5987/3997/1226 5988/3994/1226
f 5992/3998/1228 5989/3999/1227 5990/3996/1227
f 5994/4000/1229 5991/4001/1228 5992/3998/1228
f 5996/4002/1230 5993/4003/1229 5994/4000/1229
f 5998/4004/1231 5995/4005/1230 5996/4002/1230
f 6000/4006/1232 5997/4007/1231 5998/4004/1231
f 6002/4008/1233 5999/4009/1232 6000/4006/1232
f 6004/4010/1234 6001/4011/1233 6002/4008/1233
f 6006/4012/1235 6003/4013/1234 6004/4010/1234
f 6008/4014/1236 6005/4015/1235 6006/4012/1235
f 6010/4016/1237 6007/4017/1236 6008/4014/1236
f 6012/4018/1238 6009/4019/1237 6010/4016/1237
f 6014/4020/1239 6011/4021/1238 6012/4018/1238
f 6016/4022/1240 6013/4023/1239 6014/4020/1239
f 6018/4024/1241 6015/4025/1240 6016/4022/1240
f 6020/4026/1242 6017/4027/1241 6018/4024/1241
f 6022/4028/1243 6019/4029/1242 6020/4026/1242
f 6024/4030/1244 6021/4031/1243 6022/4028/1243
f 6026/4032/1245 6023/4033/1244 6024/4030/1244
f 6028/4034/1246 6025/4035/1245 6026/4032/1245
f 6030/4036/1247 6027/4037/1246 6028/4034/1246
f 6032/4038/311 6029/4039/1248 6030/4036/1247
f 6034/4040/1014 6031/4041/311 6032/4038/311
f 6036/4042/1249 6033/4043/1014 6034/4040/1014
f 6038/4044/1250 6035/4045/1249 6036/4042/1249
f 6040/4046/1251 6037/4047/1250 6038/4044/1250
f 6042/4048/1252 6039/4049/1251 6040/4046/1251
f 6044/4050/1253 6041/4051/1252 6042/4048/1252
f 6046/4052/1254 6043/4053/1253 6044/4050/1253
f 6048/4054/1255 6045/4055/1254 6046/4052/1254
f 6050/4056/1256 6047/4057/1255 6048/4054/1255
f 6052/4058/1257 6049/4059/1256 6050/4056/1256
f 6054/4060/1258 6051/4061/1257 6052/4058/1257
f 6056/4062/1259 6053/4063/1258 6054/4060/1258
f 6058/4064/1260 6055/4065/1259 6056/4062/1259
f 6060/4066/1261 6057/4067/1260 6058/4064/1260
f 6062/4068/1262 6059/4069/1261 6060/4066/1261
f 6064/4070/1263 6061/4071/1262 6062/4068/1262
f 6066/4072/1264 6063/4073/1263 6064/4070/1263
f 6068/4074/1265 6065/4075/1264 6066/4072/1264
f 6070/4076/1266 6067/4077/1265 6068/4074/1265
f 6072/4078/1267 6069/4079/1266 6070/4076/1266
f 6074/4080/1268 6071/4081/1267 6072/4078/1267
f 6076/4082/1269 6073/4083/1268 6074/4080/1268
f 6078/4084/1270 6075/4085/1269 6076/4082/1269
f 6080/4086/1271 6077/4087/1270 6078/4084/1270
f 6082/4088/1272 6079/4089/1271 6080/4086/1271
f 6084/4090/1273 6081/4091/1272 6082/4088/1272
f 6086/4092/1274 6083/4093/1273 6084/4090/1273
f 6088/4094/1275 6085/4095/1274 6086/4092/1274
f 6090/4096/1276 6087/4097/1275 6088/4094/1275
f 6092/4098/1277 6089/4099/1276 6090/4096/1276
f 6094/4100/1278 6091/4101/1277 6092/4098/1277
f 6096/4102/1279 6093/4103/1278 6094/4100/1278
f 6098/4104/1280 6095/4105/1279 6096/4102/1279
f 6100/4106/1281 6097/4107/1280 6098/4104/1280
f 6102/4108/1282 6099/4109/1281 6100/4106/1281
f 6104/4110/1283 6101/4111/1282 6102/4108/1282
f 6106/4112/1284 6103/4113/1283 6104/4110/1283
f 6108/4114/1285 6105/4115/1284 6106/4112/1284
f 6110/4116/1286 6107/4117/1285 6108/4114/1285
f 6112/4118/1287 6109/4119/1286 6110/4116/1286
f 6114/4120/1288 6111/4121/1287 6112/4118/1287
f 6116/4122/1289 6113/4123/1288 6114/4120/1288
f 6118/4124/1290 6115/4125/1289 6116/4122/1289
f 6120/4126/1291 6117/4127/1290 6118/4124/1290
f 6122/4128/1292 6119/4129/1291 6120/4126/1291
f 6124/4130/1293 6121/4131/1292 6122/4128/1292
f 6126/4132/1294 6123/4133/1293 6124/4130/1293
f 6128/4134/1295 6125/4135/1294 6126/4132/1294
f 6130/4136/1296 6127/4137/1295 6128/4134/1295
f 6132/4138/1297 6129/4139/1296 6130/4136/1296
f 6134/4140/1298 6131/4141/1297 6132/4138/1297
f 6136/4142/1299 6133/4143/1298 6134/4140/1298
f 6138/4144/1300 6135/4145/1299 6136/4142/1299
f 6140/4146/1301 6137/4147/1300 6138/4144/1300
f 6142/4148/1302 6139/4149/1301 6140/4146/1301
f 6144/4150/1303 6141/4151/1302 6142/4148/1302
f 6146/4152/1304 6143/4153/1303 6144/4150/1303
f 6148/4154/1305 6145/4155/1304 6146/4152/1304
f 6150/4156/1306 6147/4157/1305 6148/4154/1305
f 6152/4158/1307 6149/4159/1306 6150/4156/1306
f 6154/4160/1308 6151/4161/1307 6152/4158/1307
f 6156/4162/1309 6153/4163/1310 6154/4160/1308
f 6158/4164/1311 6155/4165/1309 6156/4162/1309
f 6160/4166/1312 6157/4167/1311 6158/4164/1311
f 6162/4168/1313 6159/4169/1312 6160/4166/1312
f 6164/4170/1314 6161/4171/1313 6162/4168/1313
f 6166/4172/1315 6163/4173/1314 6164/4170/1314
f 6168/4174/1316 6165/4175/1315 6166/4172/1315
f 6170/4176/1317 6167/4177/1316 6168/4174/1316
f 6172/4178/1318 6169/4179/1317 6170/4176/1317
f 6174/4180/1319 6171/4181/1318 6172/4178/1318
f 6176/4182/1320 6173/4183/1319 6174/4180/1319
f 6178/4184/1321 6175/4185/1320 6176/4182/1320
f 6180/4186/1322 6177/4187/1321 6178/4184/1321
f 6182/4188/1323 6179/4189/1322 6180/4186/1322
f 6184/4190/1324 6181/4191/1323 6182/4188/1323
f 6186/4192/1325 6183/4193/1324 6184/4190/1324
f 6188/4194/1326 6185/4195/1325 6186/4192/1325
f 6190/4196/1327 6187/4197/1326 6188/4194/1326
f 6192/4198/1328 6189/4199/1327 6190/4196/1327
f 6194/4200/1329 6191/4201/1328 6192/4198/1328
f 6196/4202/1330 6193/4203/1329 6194/4200/1329
f 6198/4204/1331 6195/4205/1330 6196/4202/1330
f 6200/4206/1332 6197/4207/1331 6198/4204/1331
f 6202/4208/1333 6199/4209/1332 6200/4206/1332
f 6204/4210/1334 6201/4211/1333 6202/4208/1333
f 6206/4212/1335 6203/4213/1334 6204/4210/1334
f 6208/4214/1336 6205/4215/1335 6206/4212/1335
f 6210/4216/1337 6207/4217/1336 6208/4214/1336
f 6212/4218/1338 6209/4219/1337 6210/4216/1337
f 6214/4220/1339 6211/4221/1338 6212/4218/1338
f 6216/4222/1340 6213/4223/1339 6214/4220/1339
f 6218/4224/1341 6215/4225/1340 6216/4222/1340
f 6220/4226/1342 6217/4227/1341 6218/4224/1341
f 6222/4228/1343 6219/4229/1342 6220/4226/1342
f 6224/4230/1344 6221/4231/1343 6222/4228/1343
f 6226/4232/1345 6223/4233/1344 6224/4230/1344
f 6228/4234/1346 6225/4235/1345 6226/4232/1345
f 6230/4236/1347 6227/4237/1346 6228/4234/1346
f 6232/4238/1348 6229/4239/1347 6230/4236/1347
f 6234/4240/1349 6231/4241/1348 6232/4238/1348
f 6236/4242/1350 6233/4243/1349 6234/4240/1349
f 6238/4244/1351 6235/4245/1350 6236/4242/1350
f 6240/4246/1352 6237/4247/1351 6238/4244/1351
f 6242/4248/1353 6239/4249/1352 6240/4246/1352
f 6244/4250/1354 6241/4251/1353 6242/4248/1353
f 6246/4252/1355 6243/4253/1354 6244/4250/1354
f 6248/4254/1356 6245/4255/1355 6246/4252/1355
f 6250/4256/1357 6247/4257/1356 6248/4254/1356
f 6252/4258/1358 6249/4259/1357 6250/4256/1357
f 6254/4260/1359 6251/4261/1360 6252/4258/1358
f 6256/4262/1361 6253/4263/1359 6254/4260/1359
f 6258/4264/1362 6255/4265/1361 6256/4262/1361
f 6260/4266/1363 6257/4267/1362 6258/4264/1362
f 6262/4268/1364 6259/4269/1363 6260/4266/1363
f 6264/4270/1365 6261/4271/1364 6262/4268/1364
f 6266/4272/1366 6263/4273/1365 6264/4270/1365
f 6268/4274/1367 6265/4275/1366 6266/4272/1366
f 6270/4276/1368 6267/4277/1367 6268/4274/1367
f 6272/4278/1369 6269/4279/1368 6270/4276/1368
f 6274/4280/1370 6271/4281/1369 6272/4278/1369
f 6276/4282/1371 6273/4283/1370 6274/4280/1370
f 6278/4284/1372 6275/4285/1371 6276/4282/1371
f 6280/4286/1373 6277/4287/1372 6278/4284/1372
f 6282/4288/1374 6279/4289/1373 6280/4286/1373
f 6284/4290/1375 6281/4291/1374 6282/4288/1374
f 6286/4292/1376 6283/4293/1375 6284/4290/1375
f 6288/4294/1377 6285/4295/1376 6286/4292/1376
f 6290/4296/1378 6287/4297/1377 6288/4294/1377
f 6292/4298/1379 6289/4299/1378 6290/4296/1378
f 6294/4300/1380 6291/4301/1379 6292/4298/1379
f 6296/4302/1381 6293/4303/1380 6294/4300/1380
f 6298/4304/1382 6295/4305/1381 6296/4302/1381
f 6300/4306/1383 6297/4307/1382 6298/4304/1382
f 6302/4308/1384 6299/4309/1383 6300/4306/1383
f 6304/4310/1385 6301/4311/1384 6302/4308/1384
f 6306/4312/1386 6303/4313/1385 6304/4310/1385
f 6308/4314/1387 6305/4315/1386 6306/4312/1386
f 6310/4316/1388 6307/4317/1387 6308/4314/1387
f 6312/4318/1389 6309/4319/1388 6310/4316/1388
f 6314/4320/1390 6311/4321/1389 6312/4318/1389
f 6316/4322/1391 6313/4323/1390 6314/4320/1390
f 6318/4324/1392 6315/4325/1391 6316/4322/1391
f 6320/4326/1393 6317/4327/1392 6318/4324/1392
f 6322/4328/1394 6319/4329/1393 6320/4326/1393
f 6324/4330/1395 6321/4331/1394 6322/4328/1394
f 6326/4332/1396 6323/4333/1395 6324/4330/1395
f 6328/4334/1397 6325/4335/1396 6326/4332/1396
f 6330/4336/1398 6327/4337/1397 6328/4334/1397
f 6332/4338/1399 6329/4339/1398 6330/4336/1398
f 6334/4340/1400 6331/4341/1399 6332/4338/1399
f 6336/4342/1401 6333/4343/1400 6334/4340/1400
f 6338/4344/1402 6335/4345/1401 6336/4342/1401
f 6340/4346/1403 6337/4347/1402 6338/4344/1402
f 6342/4348/1404 6339/4349/1403 6340/4346/1403
f 6344/4350/1405 6341/4351/1404 6342/4348/1404
f 6346/4352/1406 6343/4353/1405 6344/4350/1405
f 6348/4354/1407 6345/4355/1406 6346/4352/1406
f 6350/4356/1408 6347/4357/1407 6348/4354/1407
f 6352/4358/1409 6349/4359/1408 6350/4356/1408
f 6354/4360/1410 6351/4361/1409 6352/4358/1409
f 6356/4362/1411 6353/4363/1410 6354/4360/1410
f 6358/4364/1412 6355/4365/1411 6356/4362/1411
f 6360/4366/1413 6357/4367/1412 6358/4364/1412
f 6362/4368/1414 6359/4369/1413 6360/4366/1413
f 6364/4370/671 6361/4371/1414 6362/4368/1414
f 6366/4372/1415 6363/4373/1416 6364/4370/671
f 6368/4374/1417 6365/4375/1415 6366/4372/1415
f 6370/4376/1418 6367/4377/1417 6368/4374/1417
f 6372/4378/1419 6369/4379/1418 6370/4376/1418
f 6374/4380/1420 6371/4381/1419 6372/4378/1419
f 6376/4382/1421 6373/4383/1420 6374/4380/1420
f 6378/4384/1422 6375/4385/1421 6376/4382/1421
f 6380/4386/1423 6377/53/1424 6378/4384/1422
f 6382/4387/1425 6379/4388/1423 6380/4386/1423
f 6384/4389/1426 6381/4390/1425 6382/4387/1425
f 6386/4391/1427 6383/4392/1428 6384/4389/1426
f 6388/4393/1429 6385/4394/1427 6386/4391/1427
f 6390/4395/1430 6387/4396/1429 6388/4393/1429
f 6392/4397/1431 6389/4398/1432 6390/4395/1430
f 6394/4399/1433 6391/4400/1434 6392/4397/1431
f 6396/4401/1435 6393/4402/1436 6394/4399/1433
f 6398/4403/1437 6395/4404/1438 6396/4401/1435
f 6400/4405/1439 6397/4406/1440 6398/4403/1437
f 6402/4407/1441 6399/4408/1442 6400/4405/1439
f 6404/4409/1443 6401/4410/1441 6402/4407/1441
f 6406/4411/1444 6403/4412/1443 6404/4409/1443
f 6408/4413/1445 6405/4414/1444 6406/4411/1444
f 6410/4415/1446 6407/4416/1445 6408/4413/1445
f 6412/4417/1447 6409/4418/1446 6410/4415/1446
f 6414/4419/1448 6411/4420/1447 6412/4417/1447
f 6416/4421/1449 6413/4422/1448 6414/4419/1448
f 6418/4423/1450 6415/4424/1449 6416/4421/1449
f 6420/4425/1451 6417/4426/1450 6418/4423/1450
f 6422/4427/1452 6419/4428/1453 6420/4425/1451
f 6424/4429/1454 6421/4430/1452 6422/4427/1452
f 6426/4431/1455 6423/4432/1454 6424/4429/1454
f 6428/4433/1456 6425/4434/1455 6426/4431/1455
f 6430/4435/1457 6427/4436/1456 6428/4433/1456
f 6432/4437/1458 6429/4438/1457 6430/4435/1457
f 6434/4439/1459 6431/4440/1458 6432/4437/1458
f 6436/4441/1460 6433/4442/1459 6434/4439/1459
f 6438/4443/1461 6435/4444/1460 6436/4441/1460
f 6440/4445/1462 6437/4446/1461 6438/4443/1461
f 6442/4447/1463 6439/4448/1462 6440/4445/1462
f 6444/4449/1464 6441/4450/1463 6442/4447/1463
f 6446/4451/1465 6443/4452/1464 6444/4449/1464
f 6448/4453/1466 6445/4454/1465 6446/4451/1465
f 6450/4455/1467 6447/4456/1466 6448/4453/1466
f 6452/4457/1468 6449/4458/1467 6450/4455/1467
f 6454/4459/1469 6451/4460/1470 6452/4457/1468
f 6456/4461/1471 6453/4462/1469 6454/4459/1469
f 6458/4463/1472 6455/4464/1471 6456/4461/1471
f 6460/4465/1473 6457/4466/1472 6458/4463/1472
f 6462/4467/1474 6459/4468/1473 6460/4465/1473
f 6464/4469/1475 6461/4470/1474 6462/4467/1474
f 6466/4471/1476 6463/4472/1475 6464/4469/1475
f 6468/4473/1477 6465/4474/1476 6466/4471/1476
f 6470/4475/1478 6467/4476/1477 6468/4473/1477
f 6472/4477/1479 6469/4478/1478 6470/4475/1478
f 6474/4479/1480 6471/4480/1479 6472/4477/1479
f 6476/4481/1481 6473/4482/1480 6474/4479/1480
f 6478/4483/1482 6475/4484/1481 6476/4481/1481
f 6480/4485/1483 6477/4486/1482 6478/4483/1482
f 6482/4487/1484 6479/4488/1483 6480/4485/1483
f 6484/4489/1485 6481/4490/1484 6482/4487/1484
f 6486/4491/1486 6483/4492/1485 6484/4489/1485
f 6488/4493/1487 6485/4494/1486 6486/4491/1486
f 6490/4495/1488 6487/4496/1487 6488/4493/1487
f 6492/4497/1489 6489/4498/1488 6490/4495/1488
f 6494/4499/1490 6491/4500/1489 6492/4497/1489
f 6496/4501/1491 6493/4502/1490 6494/4499/1490
f 6498/4503/1492 6495/4504/1491 6496/4501/1491
f 6500/4505/1493 6497/4506/1492 6498/4503/1492
f 6502/4507/1494 6499/4508/1493 6500/4505/1493
f 6504/4509/1495 6501/4510/1496 6502/4507/1494
f 6506/4511/1497 6503/4512/1495 6504/4509/1495
f 6508/4513/1498 6505/4514/1497 6506/4511/1497
f 6510/4515/1499 6507/4516/1498 6508/4513/1498
f 6512/4517/1500 6509/4518/1499 6510/4515/1499
f 6514/4519/1501 6511/4520/1500 6512/4517/1500
f 6516/4521/1502 6513/4522/1501 6514/4519/1501
f 6518/4523/1503 6515/4524/1502 6516/4521/1502
f 6520/4525/1504 6517/4526/1503 6518/4523/1503
f 6522/4527/1505 6519/4528/1504 6520/4525/1504
f 6524/4529/1506 6521/4530/1505 6522/4527/1505
f 6526/4531/1507 6523/4532/1506 6524/4529/1506
f 6528/4533/1508 6525/4534/1507 6526/4531/1507
f 6530/4535/1509 6527/4536/1508 6528/4533/1508
f 6532/4537/1510 6529/4538/1509 6530/4535/1509
f 6534/4539/1511 6531/4540/1510 6532/4537/1510
f 6536/4541/1512 6533/4542/1511 6534/4539/1511
f 6538/4543/1513 6535/4544/1512 6536/4541/1512
f 6540/4545/1514 6537/4546/1513 6538/4543/1513
f 6542/4547/1515 6539/4548/1514 6540/4545/1514
f 6544/4549/1516 6541/4550/1515 6542/4547/1515
f 6546/4551/1517 6543/4552/1516 6544/4549/1516
f 6548/4553/1518 6545/4554/1517 6546/4551/1517
f 6550/4555/1519 6547/4556/1518 6548/4553/1518
f 6552/4557/1520 6549/4558/1519 6550/4555/1519
f 6554/4559/1521 6551/4560/1520 6552/4557/1520
f 6556/4561/1522 6553/4562/1521 6554/4559/1521
f 6558/4563/1523 6555/4564/1522 6556/4561/1522
f 6560/4565/1524 6557/4566/1523 6558/4563/1523
f 6562/4567/1525 6559/4568/1524 6560/4565/1524
f 6564/4569/1526 6561/4570/1525 6562/4567/1525
f 6566/4571/1527 6563/4572/1526 6564/4569/1526
f 6568/4573/1528 6565/4574/1527 6566/4571/1527
f 6570/4575/1529 6567/4576/1528 6568/4573/1528
f 6572/4577/1530 6569/4578/1529 6570/4575/1529
f 6574/4579/1531 6571/4580/1530 6572/4577/1530
f 6576/4581/1532 6573/4582/1531 6574/4579/1531
f 6578/4583/1533 6575/4584/1532 6576/4581/1532
f 6580/4585/1534 6577/4586/1533 6578/4583/1533
f 6582/4587/1535 6579/4588/1534 6580/4585/1534
f 6584/4589/1536 6581/4590/1535 6582/4587/1535
f 6586/4591/1537 6583/4592/1536 6584/4589/1536
f 6588/4593/1538 6585/4594/1537 6586/4591/1537
f 6590/4595/1539 6587/4596/1538 6588/4593/1538
f 6592/4597/1540 6589/4598/1539 6590/4595/1539
f 6594/4599/1541 6591/4600/1540 6592/4597/1540
f 6596/4601/1542 6593/4602/1541 6594/4599/1541
f 6598/4603/1543 6595/4604/1542 6596/4601/1542
f 6600/4605/1544 6597/4606/1543 6598/4603/1543
f 6602/4607/1545 6599/4608/1544 6600/4605/1544
f 6604/4609/1546 6601/4610/1545 6602/4607/1545
f 6606/4611/1547 6603/4612/1546 6604/4609/1546
f 6608/4613/1548 6605/4614/1547 6606/4611/1547
f 6610/4615/1549 6607/4616/1548 6608/4613/1548
f 6612/4617/1550 6609/4618/1549 6610/4615/1549
f 6614/4619/1551 6611/4620/1550 6612/4617/1550
f 6616/4621/1552 6613/4622/1551 6614/4619/1551
f 6618/4623/1553 6615/4624/1552 6616/4621/1552
f 6620/4625/1554 6617/4626/1553 6618/4623/1553
f 6622/4627/1555 6619/4628/1554 6620/4625/1554
f 6624/4629/1556 6621/4630/1555 6622/4627/1555
f 6626/4631/1557 6623/4632/1556 6624/4629/1556
f 6628/4633/1558 6625/4634/1557 6626/4631/1557
f 6630/4635/1559 6627/4636/1558 6628/4633/1558
f 6632/4637/1560 6629/4638/1559 6630/4635/1559
f 6634/4639/1561 6631/4640/1560 6632/4637/1560
f 6636/4641/1562 6633/4642/1561 6634/4639/1561
f 6638/4643/1563 6635/4644/1562 6636/4641/1562
f 6640/4645/1564 6637/4646/1563 6638/4643/1563
f 6642/4647/1565 6639/4648/1564 6640/4645/1564
f 6644/4649/1566 6641/4650/1565 6642/4647/1565
f 6646/4651/1567 6643/4652/1566 6644/4649/1566
f 6648/4653/1568 6645/4654/1567 6646/4651/1567
f 6650/4655/1569 6647/4656/1568 6648/4653/1568
f 6652/4657/1570 6649/4658/1569 6650/4655/1569
f 6654/4659/1571 6651/4660/1570 6652/4657/1570
f 6656/4661/1572 6653/4662/1571 6654/4659/1571
f 6658/4663/1573 6655/4664/1572 6656/4661/1572
f 6660/4665/1574 6657/4666/1573 6658/4663/1573
f 6662/4667/1575 6659/4668/1574 6660/4665/1574
f 6664/4669/1576 6661/4670/1575 6662/4667/1575
f 6666/4671/1577 6663/4672/1576 6664/4669/1576
f 6668/4673/1578 6665/4674/1577 6666/4671/1577
f 6670/4675/1579 6667/4676/1578 6668/4673/1578
f 6672/4677/1580 6669/4678/1579 6670/4675/1579
f 6674/4679/1581 6671/4680/1580 6672/4677/1580
f 6676/4681/1582 6673/4682/1581 6674/4679/1581
f 6678/4683/1583 6675/4684/1582 6676/4681/1582
f 6680/4685/1584 6677/4686/1583 6678/4683/1583
f 6682/4687/1585 6679/4688/1584 6680/4685/1584
f 6684/4689/1586 6681/4690/1585 6682/4687/1585
f 6686/4691/1587 6683/4692/1586 6684/4689/1586
f 6688/4693/1588 6685/4694/1587 6686/4691/1587
f 6690/4695/1589 6687/4696/1588 6688/4693/1588
f 6692/4697/1590 6689/4698/1589 6690/4695/1589
f 6694/4699/1591 6691/4700/1590 6692/4697/1590
f 6696/4701/1592 6693/4702/1591 6694/4699/1591
f 6698/4703/1593 6695/4704/1592 6696/4701/1592
f 6700/4705/1594 6697/4706/1593 6698/4703/1593
f 6702/4707/1595 6699/4708/1594 6700/4705/1594
f 6704/4709/1596 6701/4710/1595 6702/4707/1595
f 6706/4711/1597 6703/4712/1596 6704/4709/1596
f 6708/4713/1598 6705/4714/1597 6706/4711/1597
f 6710/4715/1599 6707/4716/1598 6708/4713/1598
f 6712/4717/1600 6709/4718/1599 6710/4715/1599
f 6714/4719/1601 6711/4720/1600 6712/4717/1600
f 6716/4721/1602 6713/4722/1601 6714/4719/1601
f 6718/4723/1603 6715/4724/1602 6716/4721/1602
f 6720/4725/1604 6717/4726/1603 6718/4723/1603
f 6722/4727/1605 6719/4728/1604 6720/4725/1604
f 6724/4729/1606 6721/4730/1605 6722/4727/1605
f 6726/4731/1607 6723/4732/1606 6724/4729/1606
f 6728/4733/1608 6725/4734/1607 6726/4731/1607
f 6730/4735/1609 6727/4736/1608 6728/4733/1608
f 6732/4737/1610 6729/4738/1609 6730/4735/1609
f 6734/4739/1611 6731/4740/1610 6732/4737/1610
f 6736/4741/1612 6733/4742/1611 6734/4739/1611
f 6738/4743/1613 6735/4744/1612 6736/4741/1612
f 6740/4745/1614 6737/4746/1613 6738/4743/1613
f 6742/4747/1615 6739/4748/1614 6740/4745/1614
f 6744/4749/1616 6741/4750/1617 6742/4747/1615
f 6746/4751/1618 6743/4752/1616 6744/4749/1616
f 6748/4753/1619 6745/4754/1620 6746/4751/1618
f 6750/4755/1621 6747/4756/1619 6748/4753/1619
f 6752/4757/1622 6749/4758/1621 6750/4755/1621
f 6754/4759/1623 6751/4760/1622 6752/4757/1622
f 6756/4761/1624 6753/4762/1623 6754/4759/1623
f 6758/4763/1625 6755/4764/1624 6756/4761/1624
f 6760/4765/1626 6757/4766/1625 6758/4763/1625
f 6762/4767/1627 6759/4768/1626 6760/4765/1626
f 6764/4769/1628 6761/4770/1627 6762/4767/1627
f 6766/4771/1629 6763/4772/1628 6764/4769/1628
f 6768/4773/1630 6765/4774/1629 6766/4771/1629
f 6770/4775/1631 6767/4776/1630 6768/4773/1630
f 6772/4777/1632 6769/4778/1631 6770/4775/1631
f 6774/4779/1633 6771/4780/1632 6772/4777/1632
f 6776/4781/1634 6773/4782/1633 6774/4779/1633
f 6778/4783/1635 6775/4784/1634 6776/4781/1634
f 6780/4785/1636 6777/4786/1635 6778/4783/1635
f 6782/4787/1637 6779/4788/1636 6780/4785/1636
f 6784/4789/1638 6781/4790/1637 6782/4787/1637
f 6786/4791/1639 6783/4792/1638 6784/4789/1638
f 6788/4793/1640 6785/4794/1639 6786/4791/1639
f 6790/4795/1641 6787/4796/1640 6788/4793/1640
f 6792/4797/1642 6789/4798/1641 6790/4795/1641
f 6794/4799/1643 6791/4800/1642 6792/4797/1642
f 6796/4801/1644 6793/4802/1643 6794/4799/1643
f 6798/4803/1645 6795/4804/1644 6796/4801/1644
f 6800/4805/1646 6797/4806/1645 6798/4803/1645
f 6802/4807/1647 6799/4808/1646 6800/4805/1646
f 6804/4809/1648 6801/4810/1647 6802/4807/1647
f 6806/4811/1649 6803/4812/1648 6804/4809/1648
f 6808/4813/1650 6805/4814/1649 6806/4811/1649
f 6810/4815/1651 6807/4816/1650 6808/4813/1650
f 6812/4817/1652 6809/4818/1651 6810/4815/1651
f 6814/4819/1653 6811/4820/1652 6812/4817/1652
f 6816/4821/1654 6813/4822/1653 6814/4819/1653
f 6818/4823/1655 6815/4824/1654 6816/4821/1654
f 6820/4825/1656 6817/4826/1655 6818/4823/1655
f 6822/4827/1657 6819/4828/1656 6820/4825/1656
f 6824/4829/1658 6821/4830/1657 6822/4827/1657
f 6826/4831/1659 6823/4832/1658 6824/4829/1658
f 6828/4833/1660 6825/4834/1659 6826/4831/1659
f 6830/4835/1661 6827/4836/1660 6828/4833/1660
f 6832/4837/893 6829/4838/1661 6830/4835/1661
f 6834/4839/1662 6831/4840/893 6832/4837/893
f 6836/4841/1663 6833/4842/1662 6834/4839/1662
f 6838/4843/1664 6835/4844/1663 6836/4841/1663
f 6840/4845/1665 6837/4846/1664 6838/4843/1664
f 6842/4847/1666 6839/4848/1665 6840/4845/1665
f 6844/4849/1667 6841/4850/1666 6842/4847/1666
f 6846/4851/1668 6843/4852/1667 6844/4849/1667
f 6848/4853/1669 6845/4854/1668 6846/4851/1668
f 6850/4855/1670 6847/4856/1669 6848/4853/1669
f 6852/4857/1671 6849/4858/1670 6850/4855/1670
f 6854/4859/1672 6851/4860/1671 6852/4857/1671
f 6856/4861/1673 6853/4862/1672 6854/4859/1672
f 6858/4863/1674 6855/4864/1673 6856/4861/1673
f 6860/4865/1675 6857/4866/1674 6858/4863/1674
f 6862/4867/1676 6859/4868/1675 6860/4865/1675
f 6864/4869/1677 6861/4870/1676 6862/4867/1676
f 6866/4871/1678 6863/4872/1677 6864/4869/1677
f 6868/4873/1679 6865/4874/1678 6866/4871/1678
f 6870/4875/1680 6867/4876/1679 6868/4873/1679
f 6872/4877/1681 6869/4878/1680 6870/4875/1680
f 6874/4879/1682 6871/4880/1681 6872/4877/1681
f 6876/4881/1683 6873/4882/1682 6874/4879/1682
f 6878/4883/1684 6875/4884/1683 6876/4881/1683
f 6880/4885/1685 6877/4886/1684 6878/4883/1684
f 6882/4887/1686 6879/4888/1685 6880/4885/1685
f 6884/4889/1687 6881/4890/1686 6882/4887/1686
f 6886/4891/1688 6883/4892/1687 6884/4889/1687
f 6888/4893/1689 6885/4894/1688 6886/4891/1688
f 6890/4895/1690 6887/4896/1689 6888/4893/1689
f 6892/4897/1691 6889/4898/1690 6890/4895/1690
f 6894/4899/1692 6891/4900/1691 6892/4897/1691
f 6896/4901/1693 6893/4902/1692 6894/4899/1692
f 6898/4903/1694 6895/4904/1693 6896/4901/1693
f 6900/4905/984 6897/4906/1694 6898/4903/1694
f 6902/4907/1695 6899/4908/984 6900/4905/984
f 6904/4909/1696 6901/4910/1695 6902/4907/1695
f 6906/4911/1697 6903/4912/1696 6904/4909/1696
f 6908/4913/1698 6905/4914/1697 6906/4911/1697
f 6910/4915/1699 6907/4916/1698 6908/4913/1698
f 6912/4917/1700 6909/4918/1699 6910/4915/1699
f 6914/4919/485 6911/4920/1700 6912/4917/1700
f 6916/4921/1701 6913/4922/485 6914/4919/485
f 6918/4923/1702 6915/4924/1701 6916/4921/1701
f 6920/4925/1703 6917/4926/1702 6918/4923/1702
f 6922/4927/1704 6919/4928/1703 6920/4925/1703
f 6924/4929/1705 6921/4930/1704 6922/4927/1704
f 6926/4931/1706 6923/4932/1705 6924/4929/1705
f 6928/4933/1707 6925/4934/1706 6926/4931/1706
f 6930/4935/1708 6927/4936/1707 6928/4933/1707
f 6932/4937/1709 6929/4938/1708 6930/4935/1708
f 6934/4939/1710 6931/4940/1709 6932/4937/1709
f 6936/4941/1711 6933/4942/1710 6934/4939/1710
f 6938/4943/1712 6935/4944/1711 6936/4941/1711
f 6940/4945/1713 6937/4946/1712 6938/4943/1712
f 6942/4947/1714 6939/4948/1713 6940/4945/1713
f 6944/4949/1715 6941/4950/1714 6942/4947/1714
f 6946/4951/1716 6943/4952/1715 6944/4949/1715
f 6948/4953/1717 6945/4954/1716 6946/4951/1716
f 6950/4955/1718 6947/4956/1717 6948/4953/1717
f 6952/4957/1719 6949/4958/1718 6950/4955/1718
f 6954/4959/1720 6951/4960/1719 6952/4957/1719
f 6956/4961/1721 6953/4962/1720 6954/4959/1720
f 6958/4963/1722 6955/4964/1721 6956/4961/1721
f 6960/4965/1723 6957/4966/1722 6958/4963/1722
f 6962/4967/1724 6959/4968/1723 6960/4965/1723
f 6964/4969/1725 6961/4970/1724 6962/4967/1724
f 6966/4971/1726 6963/4972/1725 6964/4969/1725
f 6968/4973/1727 6965/4974/1726 6966/4971/1726
f 6970/4975/260 6967/4976/1727 6968/4973/1727
f 6972/4977/1728 6969/4978/260 6970/4975/260
f 6974/4979/1729 6971/4980/1728 6972/4977/1728
f 6976/4981/1730 6973/4982/1729 6974/4979/1729
f 6978/4983/1731 6975/4984/1730 6976/4981/1730
f 6980/4985/1732 6977/4986/1731 6978/4983/1731
f 6982/4987/1733 6979/4988/1732 6980/4985/1732
f 6984/4989/1734 6981/4990/1733 6982/4987/1733
f 6986/4991/1735 6983/4992/1734 6984/4989/1734
f 6988/4993/1736 6985/4994/1735 6986/4991/1735
f 6990/4995/1737 6987/4996/1736 6988/4993/1736
f 6992/4997/1738 6989/4998/1737 6990/4995/1737
f 6994/4999/1739 6991/5000/1738 6992/4997/1738
f 6996/5001/1740 6993/5002/1739 6994/4999/1739
f 6998/5003/1741 6995/5004/1740 6996/5001/1740
f 7000/5005/1742 6997/5006/1741 6998/5003/1741
f 7002/5007/1743 6999/5008/1742 7000/5005/1742
f 7004/5009/1744 7001/5010/1743 7002/5007/1743
f 7006/5011/1745 7003/5012/1744 7004/5009/1744
f 7008/5013/38 7005/5014/1745 7006/5011/1745
f 7010/5015/1746 7007/5016/38 7008/5013/38
f 7012/5017/1747 7009/5018/1746 7010/5015/1746
f 7014/5019/1748 7011/5020/1747 7012/5017/1747
f 7016/5021/1749 7013/5022/1748 7014/5019/1748
f 7018/5023/1750 7015/5024/1749 7016/5021/1749
f 7020/5025/1751 7017/5026/1750 7018/5023/1750
f 7022/5027/1752 7019/5028/1751 7020/5025/1751
f 7024/5029/1753 7021/5030/1752 7022/5027/1752
f 7026/5031/1754 7023/5032/1753 7024/5029/1753
f 7028/5033/1755 7025/5034/1754 7026/5031/1754
f 7030/5035/1756 7027/5036/1755 7028/5033/1755
f 7032/5037/1757 7029/5038/1756 7030/5035/1756
f 7034/5039/1758 7031/5040/1757 7032/5037/1757
f 7036/5041/1759 7033/5042/1758 7034/5039/1758
f 7038/5043/1760 7035/5044/1759 7036/5041/1759
f 7040/5045/1761 7037/5046/1760 7038/5043/1760
f 7042/5047/1762 7039/5048/1761 7040/5045/1761
f 7044/5049/1763 7041/5050/1762 7042/5047/1762
f 7046/5051/1764 7043/5052/1763 7044/5049/1763
f 7048/5053/1765 7045/5054/1764 7046/5051/1764
f 7050/5055/1766 7047/5056/1765 7048/5053/1765
f 7052/5057/1767 7049/5058/1766 7050/5055/1766
f 7054/5059/1768 7051/5060/1767 7052/5057/1767
f 7056/5061/1769 7053/5062/1768 7054/5059/1768
f 7058/5063/1770 7055/5064/1769 7056/5061/1769
f 7060/5065/1771 7057/5066/1770 7058/5063/1770
f 7062/5067/1772 7059/5068/1771 7060/5065/1771
f 7064/5069/1773 7061/5070/1774 7062/5067/1772
f 7066/5071/1775 7063/5072/1773 7064/5069/1773
f 7068/5073/1776 7065/5074/1775 7066/5071/1775
f 7070/5075/1777 7067/5076/1776 7068/5073/1776
f 7072/5077/1778 7069/5078/1777 7070/5075/1777
f 7074/5079/1779 7071/5080/1778 7072/5077/1778
f 7076/5081/1780 7073/5082/1779 7074/5079/1779
f 7078/5083/1781 7075/5084/1780 7076/5081/1780
f 7080/5085/1782 7077/5086/1781 7078/5083/1781
f 7082/5087/1783 7079/5088/1784 7080/5085/1782
f 7084/5089/1785 7081/5090/1786 7082/5087/1783
f 7086/5091/1787 7083/5092/1785 7084/5089/1785
f 7088/5093/1788 7085/5094/1787 7086/5091/1787
f 7090/5095/1789 7087/5096/1790 7088/5093/1788
f 7092/5097/1791 7089/5098/1789 7090/5095/1789
f 7094/5099/1792 7091/5100/1791 7092/5097/1791
f 7096/5101/1793 7093/5102/1792 7094/5099/1792
f 7098/5103/1794 7095/5104/1793 7096/5101/1793
f 7100/5105/1795 7097/5106/1794 7098/5103/1794
f 7102/5107/1796 7099/5108/1795 7100/5105/1795
f 7104/5109/1797 7101/5110/1796 7102/5107/1796
f 7106/5111/1798 7103/5112/1797 7104/5109/1797
f 7108/5113/1799 7105/5114/1798 7106/5111/1798
f 7110/5115/1800 7107/5116/1799 7108/5113/1799
f 7112/5117/1801 7109/5118/1800 7110/5115/1800
f 7114/5119/1802 7111/5120/1801 7112/5117/1801
f 7116/5121/1803 7113/5122/1802 7114/5119/1802
f 7118/5123/1804 7115/5124/1803 7116/5121/1803
f 7120/5125/1805 7117/5126/1806 7118/5123/1804
f 7122/5127/1807 7119/5128/1805 7120/5125/1805
f 7124/5129/1808 7121/5130/1807 7122/5127/1807
f 7126/5131/1809 7123/5132/1808 7124/5129/1808
f 7128/5133/1810 7125/5134/1809 7126/5131/1809
f 7130/5135/1811 7127/5136/1810 7128/5133/1810
f 7132/5137/1812 7129/5138/1811 7130/5135/1811
f 7134/5139/1813 7131/5140/1812 7132/5137/1812
f 7136/5141/1814 7133/5142/1813 7134/5139/1813
f 7138/5143/1815 7135/5144/1814 7136/5141/1814
f 7140/5145/1816 7137/5146/1815 7138/5143/1815
f 7142/5147/1817 7139/5148/1816 7140/5145/1816
f 7144/5149/1818 7141/5150/1817 7142/5147/1817
f 7146/5151/1819 7143/5152/1818 7144/5149/1818
f 7148/5153/1820 7145/5154/1819 7146/5151/1819
f 7150/5155/1821 7147/5156/1822 7148/5153/1820
f 7152/5157/1823 7149/5158/1821 7150/5155/1821
f 7154/5159/1824 7151/5160/1825 7152/5157/1823
f 7156/5161/1826 7153/5162/1827 7154/5159/1824
f 7158/5163/1828 7155/5164/1829 7156/5161/1826
f 7160/5165/1830 7157/5166/1828 7158/5163/1828
f 7162/5167/1831 7159/5168/1830 7160/5165/1830
f 7164/5169/1832 7161/5170/1831 7162/5167/1831
f 7166/5171/1833 7163/5172/1832 7164/5169/1832
f 7168/5173/1834 7165/5174/1833 7166/5171/1833
f 7170/5175/1835 7167/5176/1834 7168/5173/1834
f 7172/5177/1836 7169/5178/1835 7170/5175/1835
f 7174/5179/1837 7171/5180/1836 7172/5177/1836
f 7176/5181/1838 7173/5182/715 7174/5179/1837
f 7178/5183/1839 7175/5184/1840 7176/5181/1838
f 7180/5185/1841 7177/5186/1839 7178/5183/1839
f 7182/5187/1842 7179/5188/1841 7180/5185/1841
f 7184/5189/1843 7181/5190/1842 7182/5187/1842
f 7186/5191/1844 7183/5192/1845 7184/5189/1843
f 7188/5193/1846 7185/5194/1844 7186/5191/1844
f 7190/5195/1847 7187/5196/1846 7188/5193/1846
f 7192/5197/1848 7189/5198/1847 7190/5195/1847
f 7194/5199/1849 7191/5200/1848 7192/5197/1848
f 7196/5201/1850 7193/5202/1849 7194/5199/1849
f 7198/5203/1851 7195/5204/1850 7196/5201/1850
f 7200/5205/1852 7197/5206/1851 7198/5203/1851
f 7202/5207/1853 7199/5208/1852 7200/5205/1852
f 7204/5209/1854 7201/5210/1853 7202/5207/1853
f 7206/5211/1855 7203/5212/1854 7204/5209/1854
f 7208/5213/1856 7205/5214/1855 7206/5211/1855
f 7210/5215/1857 7207/5216/1856 7208/5213/1856
f 7212/5217/1858 7209/5218/1857 7210/5215/1857
f 7214/5219/1859 7211/5220/1858 7212/5217/1858
f 7216/5221/1860 7213/5222/1859 7214/5219/1859
f 7218/5223/1861 7215/5224/1860 7216/5221/1860
f 7220/5225/1862 7217/5226/1861 7218/5223/1861
f 7222/5227/1863 7219/5228/1864 7220/5225/1862
f 7224/5229/1865 7221/5230/1866 7222/5227/1863
f 7226/5231/1867 7223/5232/1865 7224/5229/1865
f 7228/5233/1868 7225/5234/1869 7226/5231/1867
f 7230/5235/1870 7227/5236/1868 7228/5233/1868
f 7232/5237/1871 7229/5238/1870 7230/5235/1870
f 7234/5239/1872 7231/5240/1873 7232/5237/1871
f 7236/5241/1874 7233/5242/1872 7234/5239/1872
f 7238/5243/1875 7235/5244/1874 7236/5241/1874
f 7240/5245/1876 7237/5246/1875 7238/5243/1875
f 7242/5247/1877 7239/5248/1876 7240/5245/1876
f 7244/5249/1878 7241/5250/1877 7242/5247/1877
f 7246/5251/1879 7243/5252/1880 7244/5249/1878
f 7248/5253/1881 7245/5254/1879 7246/5251/1879
f 7250/5255/1882 7247/5256/1881 7248/5253/1881
f 7252/5257/1883 7249/5258/1884 7250/5255/1882
f 7254/5259/1885 7251/5260/1883 7252/5257/1883
f 7256/5261/1886 7253/5262/1885 7254/5259/1885
f 7258/5263/1887 7255/5264/1886 7256/5261/1886
f 7260/5265/1888 7257/5266/1887 7258/5263/1887
f 7262/5267/1889 7259/5268/1888 7260/5265/1888
f 7264/5269/1890 7261/5270/1889 7262/5267/1889
f 7266/5271/1891 7263/5272/1890 7264/5269/1890
f 7268/5273/1892 7265/5274/1891 7266/5271/1891
f 7270/5275/1893 7267/5276/1892 7268/5273/1892
f 7272/5277/1894 7269/5278/1895 7270/5275/1893
f 7274/5279/1896 7271/5280/1894 7272/5277/1894
f 7276/5281/1897 7273/5282/1896 7274/5279/1896
f 7278/5283/1898 7275/5284/1897 7276/5281/1897
f 7280/5285/1899 7277/5286/1898 7278/5283/1898
f 7282/5287/1900 7279/5288/1899 7280/5285/1899
f 7284/5289/1901 7281/5290/1900 7282/5287/1900
f 7286/5291/1902 7283/5292/1903 7284/5289/1901
f 7288/5293/1904 7285/5294/1902 7286/5291/1902
f 7290/5295/1905 7287/5296/1904 7288/5293/1904
f 7292/5297/1906 7289/5298/1905 7290/5295/1905
f 7294/5299/1907 7291/5300/1906 7292/5297/1906
f 7296/5301/1908 7293/5302/1907 7294/5299/1907
f 7298/5303/1909 7295/5304/1908 7296/5301/1908
f 7300/5305/1910 7297/5306/1909 7298/5303/1909
f 7302/5307/1911 7299/5308/1910 7300/5305/1910
f 7304/5309/1912 7301/5310/1911 7302/5307/1911
f 7306/5311/1913 7303/5312/1912 7304/5309/1912
f 7308/5313/1608 7305/5314/1913 7306/5311/1913
f 7310/5315/1914 7307/5316/1915 7308/5313/1608
f 7312/5317/1916 7309/5318/1914 7310/5315/1914
f 7314/5319/1917 7311/5320/1916 7312/5317/1916
f 7316/5321/1918 7313/5322/1919 7314/5319/1917
f 7318/5323/163 7315/5324/1918 7316/5321/1918
f 7320/5325/1920 7317/5326/163 7318/5323/163
f 7322/5327/1921 7319/5328/1920 7320/5325/1920
f 7324/5329/1922 7321/5330/1921 7322/5327/1921
f 7326/5331/1923 7323/5332/1922 7324/5329/1922
f 7328/5333/1924 7325/5334/1923 7326/5331/1923
f 7330/5335/1925 7327/5336/1924 7328/5333/1924
f 7332/5337/1926 7329/5338/1925 7330/5335/1925
f 7334/5339/1927 7331/5340/1926 7332/5337/1926
f 7336/5341/1928 7333/5342/1927 7334/5339/1927
f 7338/5343/1929 7335/5344/1928 7336/5341/1928
f 7340/5345/1930 7337/5346/1929 7338/5343/1929
f 7342/5347/1931 7339/5348/1932 7340/5345/1930
f 7344/5349/1933 7341/5350/1931 7342/5347/1931
f 7346/5351/1934 7343/5352/1935 7344/5349/1933
f 7348/5353/1936 7345/5354/1937 7346/5351/1934
f 7350/5355/1938 7347/5356/1939 7348/5353/1936
f 7352/5357/1940 7349/5358/1941 7350/5355/1938
f 7354/5359/1942 7351/5360/1940 7352/5357/1940
f 7356/5361/1943 7353/5362/1944 7354/5359/1942
f 7358/5363/1945 7355/5364/1943 7356/5361/1943
f 7360/5365/1946 7357/5366/1947 7358/5363/1945
f 7362/5367/1948 7359/5368/1946 7360/5365/1946
f 7364/5369/1949 7361/5370/1948 7362/5367/1948
f 7366/5371/1950 7363/5372/1949 7364/5369/1949
f 7368/5373/1951 7365/5374/1952 7366/5371/1950
f 7370/5375/1953 7367/5376/1954 7368/5373/1951
f 7372/5377/1955 7369/5378/1956 7370/5375/1953
f 7374/5379/1957 7371/5380/1958 7372/5377/1955
f 7376/5381/1959 7373/5382/1960 7374/5379/1957
f 7378/5383/1961 7375/5384/1959 7376/5381/1959
f 7380/5385/1962 7377/5386/1963 7378/5383/1961
f 7382/5387/1964 7379/5388/1965 7380/5385/1962
f 7384/5389/1966 7381/5390/1964 7382/5387/1964
f 7386/5391/1967 7383/5392/1968 7384/5389/1966
f 7388/5393/1969 7385/5394/1970 7386/5391/1967
f 7390/5395/1971 7387/5396/1972 7388/5393/1969
f 7392/5397/1973 7389/5398/1974 7390/5395/1971
f 7394/5399/1975 7391/5400/1976 7392/5397/1973
f 7396/5401/1977 7393/5402/1978 7394/5399/1975
f 7398/5403/1979 7395/5404/1977 7396/5401/1977
f 7400/5405/1980 7397/5406/1981 7398/5403/1979
f 7402/5407/1982 7399/5408/1983 7400/5405/1980
f 7404/5409/1984 7401/5410/1985 7402/5407/1982
f 7406/5411/1986 7403/5412/1987 7404/5409/1984
f 7408/5413/1988 7405/5414/1986 7406/5411/1986
f 7410/5415/1989 7407/5416/1988 7408/5413/1988
f 7412/5417/1990 7409/5418/1989 7410/5415/1989
f 7414/5419/1991 7411/5420/1992 7412/5417/1990
f 7416/5421/1993 7413/5422/1994 7414/5419/1991
f 7418/5423/1995 7415/5424/1996 7416/5421/1993
f 7420/5425/1997 7417/5426/1998 7418/5423/1995
f 7422/5427/1999 7419/5428/2000 7420/5425/1997
f 7424/5429/2001 7421/5430/2002 7422/5427/1999
f 7426/5431/2003 7423/5432/2001 7424/5429/2001
f 7428/5433/2004 7425/5434/2003 7426/5431/2003
f 7430/5435/2005 7427/5436/2004 7428/5433/2004
f 7432/5437/2006 7429/5438/2007 7430/5435/2005
f 7434/5439/2008 7431/5440/2009 7432/5437/2006
f 7436/5441/2010 7433/5442/2008 7434/5439/2008
f 7438/5443/2011 7435/5444/2010 7436/5441/2010
f 7440/5445/2012 7437/5446/2013 7438/5443/2011
f 7442/5447/2014 7439/5448/2015 7440/5445/2012
f 7444/5449/2016 7441/5450/2017 7442/5447/2014
f 7446/5451/2018 7443/5452/2019 7444/5449/2016
f 7448/5453/2020 7445/5454/2021 7446/5451/2018
f 7450/5455/2022 7447/5456/2023 7448/5453/2020
f 7452/5457/2024 7449/5458/2025 7450/5455/2022
f 7454/5459/2026 7451/5460/2027 7452/5457/2024
f 7456/5461/2028 7453/5462/2026 7454/5459/2026
f 7458/5463/2029 7455/5464/2030 7456/5461/2028
f 7460/5465/2031 7457/5466/2032 7458/5463/2029
f 7462/5467/2033 7459/5468/2034 7460/5465/2031
f 7464/5469/2035 7461/5470/2036 7462/5467/2033
f 7466/5471/2037 7463/5472/2038 7464/5469/2035
f 7468/5473/2039 7465/5474/2040 7466/5471/2037
f 7470/5475/1713 7467/5476/2041 7468/5473/2039
f 7472/5477/2042 7469/5478/2043 7470/5475/1713
f 7474/5479/2044 7471/5480/1755 7472/5477/2042
f 7476/5481/2045 7473/5482/2046 7474/5479/2044
f 7478/5483/2047 7475/5484/2045 7476/5481/2045
f 7480/5485/2048 7477/5486/2047 7478/5483/2047
f 7482/5487/2049 7479/5488/2048 7480/5485/2048
f 7484/5489/2050 7481/5490/2049 7482/5487/2049
f 7486/5491/2051 7483/5492/2050 7484/5489/2050
f 7488/5493/2052 7485/5494/2053 7486/5491/2051
f 7490/5495/2054 7487/5496/2055 7488/5493/2052
f 7492/5497/2056 7489/5498/2057 7490/5495/2054
f 7494/5499/2058 7491/5500/2059 7492/5497/2056
f 7496/5501/2060 7493/5502/2061 7494/5499/2058
f 7498/5503/2062 7495/5504/2063 7496/5501/2060
f 7500/5505/2064 7497/5506/2062 7498/5503/2062
f 7502/5507/2065 7499/5508/2066 7500/5505/2064
f 7504/5509/2067 7501/5510/2068 7502/5507/2065
f 7506/5511/2069 7503/5512/2070 7504/5509/2067
f 7508/5513/460 7505/5514/2069 7506/5511/2069
f 7510/5515/971 7507/5516/460 7508/5513/460
f 7512/5517/2071 7509/5518/969 7510/5515/971
f 7514/5519/2072 7511/5520/2073 7512/5517/2071
f 7516/5521/2074 7513/5522/2075 7514/5519/2072
f 7518/5523/2076 7515/5524/2077 7516/5521/2074
f 7520/5525/2078 7517/5526/2076 7518/5523/2076
f 7522/5527/2079 7519/5528/2078 7520/5525/2078
f 7524/5529/2080 7521/5530/2079 7522/5527/2079
f 7526/5531/481 7523/5532/2081 7524/5529/2080
f 7528/5533/2082 7525/5534/481 7526/5531/481
f 7530/5535/2083 7527/5536/2082 7528/5533/2082
f 7532/5537/2084 7529/5538/2085 7530/5535/2083
f 7534/5539/2086 7531/5540/2087 7532/5537/2084
f 7536/5541/2088 7533/5542/2089 7534/5539/2086
f 7538/5543/2090 7535/5544/2091 7536/5541/2088
f 7540/5545/2092 7537/5546/2090 7538/5543/2090
f 7542/5547/2093 7539/5548/2092 7540/5545/2092
f 7544/5549/2094 7541/5550/2095 7542/5547/2093
f 7546/5551/2096 7543/5552/2094 7544/5549/2094
f 7548/5553/2097 7545/5554/2096 7546/5551/2096
f 7550/5555/2098 7547/5556/2097 7548/5553/2097
f 7552/5557/2099 7549/5558/2098 7550/5555/2098
f 7554/5559/2100 7551/5560/2099 7552/5557/2099
f 7556/5561/2101 7553/5562/2100 7554/5559/2100
f 7558/5563/2102 7555/5564/2101 7556/5561/2101
f 7560/5565/1301 7557/5566/2102 7558/5563/2102
f 7562/5567/2103 7559/5568/1301 7560/5565/1301
f 7564/5569/2104 7561/5570/2103 7562/5567/2103
f 7566/5571/2105 7563/5572/2104 7564/5569/2104
f 7568/5573/2106 7565/5574/2105 7566/5571/2105
f 7570/5575/1258 7567/5576/2106 7568/5573/2106
f 7572/5577/2107 7569/5578/1258 7570/5575/1258
f 7574/5579/2108 7571/5580/2107 7572/5577/2107
f 3982/5581/22 7573/5582/2108 7574/5579/2108
f 7578/5583/2109 7575/779/2110 7576/1992/2110
f 7580/5584/2111 7577/5585/2109 7578/5583/2109
f 7582/5586/2112 7579/5587/2111 7580/5584/2111
f 7584/5588/2113 7581/5589/2112 7582/5586/2112
f 7586/5590/2114 7583/5591/2113 7584/5588/2113
f 7588/5592/2115 7585/5593/2114 7586/5590/2114
f 7590/5594/2116 7587/5595/2115 7588/5592/2115
f 7592/5596/2117 7589/5597/2116 7590/5594/2116
f 7594/5598/2118 7591/5599/2117 7592/5596/2117
f 7596/5600/2119 7593/5601/2118 7594/5598/2118
f 7598/5602/2120 7595/5603/2119 7596/5600/2119
f 7600/5604/2121 7597/5605/2120 7598/5602/2120
f 7602/5606/2122 7599/5607/2121 7600/5604/2121
f 7604/5608/2123 7601/5609/2122 7602/5606/2122
f 7606/5610/2124 7603/5611/2123 7604/5608/2123
f 7608/5612/2125 7605/5613/2124 7606/5610/2124
f 7610/5614/2126 7607/5615/2125 7608/5612/2125
f 7612/5616/2127 7609/5617/2126 7610/5614/2126
f 7614/5618/2128 7611/5619/2127 7612/5616/2127
f 7616/5620/2129 7613/5621/2128 7614/5618/2128
f 7618/5622/2130 7615/5623/2129 7616/5620/2129
f 7620/5624/2131 7617/5625/2130 7618/5622/2130
f 7622/5626/2132 7619/5627/2131 7620/5624/2131
f 7624/5628/2133 7621/5629/2132 7622/5626/2132
f 7626/5630/1573 7623/5631/2133 7624/5628/2133
f 7628/5632/2134 7625/5633/1573 7626/5630/1573
f 7630/5634/2135 7627/5635/2134 7628/5632/2134
f 7632/5636/2136 7629/5637/2135 7630/5634/2135
f 7634/5638/2137 7631/5639/2136 7632/5636/2136
f 7636/5640/2138 7633/5641/2137 7634/5638/2137
f 7638/5642/2139 7635/5643/2138 7636/5640/2138
f 7640/5644/2140 7637/5645/2139 7638/5642/2139
f 7642/5646/2141 7639/5647/2140 7640/5644/2140
f 7644/5648/2142 7641/5649/2141 7642/5646/2141
f 7646/5650/2143 7643/5651/2142 7644/5648/2142
f 7648/5652/2144 7645/5653/2143 7646/5650/2143
f 7650/5654/2145 7647/5655/2146 7648/5652/2144
f 7652/5656/2147 7649/5657/2145 7650/5654/2145
f 7654/5658/2148 7651/5659/2147 7652/5656/2147
f 7656/5660/2149 7653/5661/2148 7654/5658/2148
f 7658/5662/2150 7655/5663/2149 7656/5660/2149
f 7660/5664/2151 7657/5665/2150 7658/5662/2150
f 7662/5666/2152 7659/5667/2151 7660/5664/2151
f 7664/5668/2153 7661/5669/2152 7662/5666/2152
f 7666/5670/2154 7663/5671/2153 7664/5668/2153
f 7668/5672/2155 7665/5673/2154 7666/5670/2154
f 7670/5674/2156 7667/5675/2155 7668/5672/2155
f 7672/5676/2157 7669/5677/2156 7670/5674/2156
f 7674/5678/2158 7671/5679/2157 7672/5676/2157
f 7676/5680/2159 7673/5681/2158 7674/5678/2158
f 7678/5682/2160 7675/5683/2159 7676/5680/2159
f 7680/5684/2161 7677/5685/2160 7678/5682/2160
f 7682/5686/1581 7679/5687/2161 7680/5684/2161
f 7684/5688/2162 7681/5689/1581 7682/5686/1581
f 7686/5690/2163 7683/5691/2162 7684/5688/2162
f 7688/5692/2164 7685/5693/2163 7686/5690/2163
f 7690/5694/2165 7687/5695/2164 7688/5692/2164
f 7692/5696/2166 7689/5697/2165 7690/5694/2165
f 7694/5698/2167 7691/5699/2166 7692/5696/2166
f 7696/5700/2168 7693/5701/2167 7694/5698/2167
f 7698/5702/2169 7695/5703/2168 7696/5700/2168
f 7700/5704/2170 7697/5705/2169 7698/5702/2169
f 7702/5706/2171 7699/5707/2170 7700/5704/2170
f 7704/5708/2172 7701/5709/2171 7702/5706/2171
f 7706/5710/2173 7703/5711/2172 7704/5708/2172
f 7708/5712/2174 7705/5713/2173 7706/5710/2173
f 7710/5714/2175 7707/5715/2174 7708/5712/2174
f 7712/5716/2176 7709/5717/2175 7710/5714/2175
f 7714/5718/2177 7711/5719/2176 7712/5716/2176
f 7716/5720/2178 7713/5721/2177 7714/5718/2177
f 7718/5722/2179 7715/5723/2178 7716/5720/2178
f 7720/5724/2180 7717/5725/2179 7718/5722/2179
f 7722/5726/2181 7719/5727/2180 7720/5724/2180
f 7724/5728/2182 7721/5729/2181 7722/5726/2181
f 7726/5730/2183 7723/5731/2182 7724/5728/2182
f 7728/5732/2184 7725/5733/2183 7726/5730/2183
f 7730/5734/2185 7727/5735/2184 7728/5732/2184
f 7732/5736/2186 7729/5737/2185 7730/5734/2185
f 7734/5738/2187 7731/5739/2186 7732/5736/2186
f 7736/5740/2188 7733/5741/2187 7734/5738/2187
f 7738/5742/2189 7735/5743/2188 7736/5740/2188
f 7740/5744/2190 7737/5745/2189 7738/5742/2189
f 7742/5746/2191 7739/5747/2190 7740/5744/2190
f 7744/5748/2192 7741/5749/2191 7742/5746/2191
f 7746/5750/2193 7743/5751/2192 7744/5748/2192
f 7748/5752/2194 7745/5753/2195 7746/5750/2193
f 7750/5754/2196 7747/5755/2194 7748/5752/2194
f 7752/5756/2197 7749/5757/2196 7750/5754/2196
f 7754/5758/2198 7751/5759/2197 7752/5756/2197
f 7756/5760/2199 7753/5761/2198 7754/5758/2198
f 7758/5762/2200 7755/5763/2199 7756/5760/2199
f 7760/5764/2201 7757/5765/2200 7758/5762/2200
f 7762/5766/2202 7759/5767/2201 7760/5764/2201
f 7764/5768/2203 7761/5769/2202 7762/5766/2202
f 7766/5770/2204 7763/5771/2203 7764/5768/2203
f 7768/5772/2205 7765/5773/2206 7766/5770/2204
f 7770/5774/2207 7767/5775/2205 7768/5772/2205
f 7772/5776/2208 7769/5777/2207 7770/5774/2207
f 7774/5778/2209 7771/5779/2208 7772/5776/2208
f 7776/5780/2210 7773/5781/2209 7774/5778/2209
f 7778/5782/2211 7775/5783/2210 7776/5780/2210
f 7780/5784/2212 7777/5785/2211 7778/5782/2211
f 7782/5786/2213 7779/5787/2212 7780/5784/2212
f 7784/5788/2214 7781/5789/2215 7782/5786/2213
f 7786/5790/2216 7783/5791/2214 7784/5788/2214
f 7788/5792/2217 7785/5793/2216 7786/5790/2216
f 7790/5794/1418 7787/5795/2217 7788/5792/2217
f 7792/5796/2218 7789/5797/1418 7790/5794/1418
f 7794/5798/2219 7791/5799/2218 7792/5796/2218
f 7796/5800/2220 7793/5801/2219 7794/5798/2219
f 7798/5802/2221 7795/5803/2220 7796/5800/2220
f 7800/5804/2222 7797/5805/2221 7798/5802/2221
f 7802/5806/2223 7799/5807/2222 7800/5804/2222
f 7804/5808/2224 7801/5809/2223 7802/5806/2223
f 7806/5810/2225 7803/5811/2224 7804/5808/2224
f 7808/5812/2226 7805/5813/2225 7806/5810/2225
f 7810/5814/2227 7807/5815/2226 7808/5812/2226
f 7812/5816/2228 7809/5817/2227 7810/5814/2227
f 7814/5818/663 7811/5819/2229 7812/5816/2228
f 7816/5820/2230 7813/5821/663 7814/5818/663
f 7818/5822/2231 7815/5823/2230 7816/5820/2230
f 7820/5824/2232 7817/5825/2231 7818/5822/2231
f 7822/5826/2233 7819/5827/2232 7820/5824/2232
f 7824/5828/2234 7821/5829/2233 7822/5826/2233
f 7826/5830/2235 7823/5831/2234 7824/5828/2234
f 7828/5832/2236 7825/5833/2235 7826/5830/2235
f 7830/5834/2237 7827/5835/2236 7828/5832/2236
f 7832/5836/2238 7829/5837/2237 7830/5834/2237
f 7834/5838/2239 7831/5839/2238 7832/5836/2238
f 7836/5840/2240 7833/5841/2239 7834/5838/2239
f 7838/5842/2241 7835/5843/2240 7836/5840/2240
f 7840/5844/2242 7837/5845/2241 7838/5842/2241
f 7842/5846/2243 7839/5847/2242 7840/5844/2242
f 7844/5848/2244 7841/5849/2243 7842/5846/2243
f 7846/5850/2245 7843/5851/2244 7844/5848/2244
f 7848/5852/2246 7845/5853/2245 7846/5850/2245
f 7850/5854/2247 7847/5855/2246 7848/5852/2246
f 7852/5856/2248 7849/5857/2247 7850/5854/2247
f 7854/5858/2249 7851/5859/2248 7852/5856/2248
f 7856/5860/2250 7853/5861/2249 7854/5858/2249
f 7858/5862/2251 7855/5863/2250 7856/5860/2250
f 7860/5864/2252 7857/5865/2251 7858/5862/2251
f 7862/5866/2253 7859/5867/2252 7860/5864/2252
f 7864/5868/2254 7861/5869/2253 7862/5866/2253
f 7866/5870/2255 7863/5871/2254 7864/5868/2254
f 7868/5872/49 7865/5873/2255 7866/5870/2255
f 7870/5874/2256 7867/5875/49 7868/5872/49
f 7872/5876/2257 7869/5877/2256 7870/5874/2256
f 7874/5878/2258 7871/5879/2257 7872/5876/2257
f 7876/5880/2259 7873/5881/2258 7874/5878/2258
f 7878/5882/2260 7875/5883/2259 7876/5880/2259
f 7880/5884/2261 7877/5885/2260 7878/5882/2260
f 7882/5886/2262 7879/5887/2261 7880/5884/2261
f 7884/5888/2263 7881/5889/2262 7882/5886/2262
f 7886/5890/265 7883/5891/2263 7884/5888/2263
f 7888/5892/2264 7885/5893/265 7886/5890/265
f 7890/5894/2265 7887/5895/2264 7888/5892/2264
f 7892/5896/2266 7889/5897/2265 7890/5894/2265
f 7894/5898/2267 7891/5899/2266 7892/5896/2266
f 7896/5900/2268 7893/5901/2267 7894/5898/2267
f 7898/5902/2269 7895/5903/2268 7896/5900/2268
f 7900/5904/2270 7897/5905/2269 7898/5902/2269
f 7902/5906/2271 7899/5907/2270 7900/5904/2270
f 7904/5908/2272 7901/5909/2271 7902/5906/2271
f 7906/5910/1659 7903/5911/2272 7904/5908/2272
f 7908/5912/2273 7905/5913/1659 7906/5910/1659
f 7910/5914/2274 7907/5915/2273 7908/5912/2273
f 7912/5916/2275 7909/5917/2274 7910/5914/2274
f 7914/5918/2276 7911/5919/2275 7912/5916/2275
f 7916/5920/2277 7913/5921/2276 7914/5918/2276
f 7918/5922/2278 7915/5923/2277 7916/5920/2277
f 7920/5924/2279 7917/5925/2278 7918/5922/2278
f 7922/5926/2280 7919/5927/2279 7920/5924/2279
f 7924/5928/2281 7921/5929/2280 7922/5926/2280
f 7926/5930/2282 7923/5931/2281 7924/5928/2281
f 7928/5932/2283 7925/5933/2282 7926/5930/2282
f 7930/5934/2284 7927/5935/2283 7928/5932/2283
f 7932/5936/2285 7929/5937/2284 7930/5934/2284
f 7934/5938/2286 7931/5939/2285 7932/5936/2285
f 7936/5940/2287 7933/5941/2286 7934/5938/2286
f 7938/5942/2288 7935/5943/2287 7936/5940/2287
f 7940/5944/2289 7937/5945/2288 7938/5942/2288
f 7942/5946/2290 7939/5947/2289 7940/5944/2289
f 7944/5948/2291 7941/5949/2290 7942/5946/2290
f 7946/5950/2292 7943/5951/2291 7944/5948/2291
f 7948/5952/2293 7945/5953/2292 7946/5950/2292
f 7950/5954/2294 7947/5955/2293 7948/5952/2293
f 7952/5956/2295 7949/5957/2294 7950/5954/2294
f 7954/5958/269 7951/5959/2295 7952/5956/2295
f 7956/5960/2296 7953/5961/269 7954/5958/269
f 7958/5962/2297 7955/5963/2296 7956/5960/2296
f 7960/5964/2298 7957/5965/2297 7958/5962/2297
f 7576/5581/2110 7959/5966/2298 7960/5964/2298
f 3984/1991/20 3983/1994/20 3981/779/21
f 3986/1993/23 3985/1996/23 3983/1994/20
f 3988/1995/24 3987/1998/24 3985/1996/23
f 3990/1997/25 3989/2000/25 3987/1998/24
f 3992/1999/26 3991/2002/26 3989/2000/25
f 3994/2001/27 3993/2004/27 3991/2002/26
f 3996/2003/28 3995/2006/28 3993/2004/27
f 3998/2005/29 3997/2008/29 3995/2006/28
f 4000/2007/30 3999/2010/30 3997/2008/29
f 4002/2009/31 4001/2012/31 3999/2010/30
f 4004/2011/32 4003/2014/32 4001/2012/31
f 4006/2013/33 4005/2016/33 4003/2014/32
f 4008/2015/34 4007/2018/34 4005/2016/33
f 4010/2017/35 4009/2020/35 4007/2018/34
f 4012/2019/36 4011/2022/36 4009/2020/35
f 4014/2021/37 4013/2024/39 4011/2022/36
f 4016/2023/38 4015/2026/38 4013/2024/39
f 4018/2025/40 4017/2028/40 4015/2026/38
f 4020/2027/41 4019/2030/41 4017/2028/40
f 4022/2029/42 4021/2032/42 4019/2030/41
f 4024/2031/43 4023/2034/43 4021/2032/42
f 4026/2033/44 4025/2036/46 4023/2034/43
f 4028/2035/45 4027/2038/45 4025/2036/46
f 4030/2037/47 4029/2040/47 4027/2038/45
f 4032/2039/48 4031/2042/48 4029/2040/47
f 4034/2041/49 4033/2044/49 4031/2042/48
f 4036/2043/50 4035/2046/50 4033/2044/49
f 4038/2045/51 4037/2048/51 4035/2046/50
f 4040/2047/52 4039/2050/52 4037/2048/51
f 4042/2049/53 4041/2052/53 4039/2050/52
f 4044/2051/54 4043/2054/54 4041/2052/53
f 4046/2053/55 4045/2056/55 4043/2054/54
f 4048/2055/56 4047/2058/56 4045/2056/55
f 4050/2057/57 4049/2060/59 4047/2058/56
f 4052/2059/58 4051/2062/58 4049/2060/59
f 4054/2061/60 4053/2064/60 4051/2062/58
f 4056/2063/61 4055/2066/61 4053/2064/60
f 4058/2065/62 4057/2068/62 4055/2066/61
f 4060/2067/63 4059/2070/63 4057/2068/62
f 4062/2069/64 4061/2072/64 4059/2070/63
f 4064/2071/65 4063/2074/65 4061/2072/64
f 4066/2073/66 4065/2076/66 4063/2074/65
f 4068/2075/67 4067/2078/67 4065/2076/66
f 4070/2077/68 4069/2080/68 4067/2078/67
f 4072/2079/69 4071/2082/69 4069/2080/68
f 4074/2081/70 4073/2084/70 4071/2082/69
f 4076/2083/71 4075/2086/71 4073/2084/70
f 4078/2085/72 4077/2088/72 4075/2086/71
f 4080/2087/73 4079/2090/73 4077/2088/72
f 4082/2089/74 4081/2092/74 4079/2090/73
f 4084/2091/75 4083/2094/75 4081/2092/74
f 4086/2093/76 4085/2096/76 4083/2094/75
f 4088/2095/77 4087/2098/79 4085/2096/76
f 4090/2097/78 4089/2100/78 4087/2098/79
f 4092/2099/80 4091/2102/80 4089/2100/78
f 4094/2101/81 4093/2104/81 4091/2102/80
f 4096/2103/82 4095/2106/82 4093/2104/81
f 4098/2105/83 4097/2108/83 4095/2106/82
f 4100/2107/84 4099/2110/84 4097/2108/83
f 4102/2109/85 4101/2112/85 4099/2110/84
f 4104/2111/86 4103/2114/86 4101/2112/85
f 4106/2113/87 4105/2116/87 4103/2114/86
f 4108/2115/88 4107/2118/88 4105/2116/87
f 4110/2117/89 4109/2120/89 4107/2118/88
f 4112/2119/90 4111/2122/90 4109/2120/89
f 4114/2121/91 4113/2124/91 4111/2122/90
f 4116/2123/92 4115/2126/92 4113/2124/91
f 4118/2125/93 4117/2128/93 4115/2126/92
f 4120/2127/94 4119/2130/94 4117/2128/93
f 4122/2129/95 4121/2132/95 4119/2130/94
f 4124/2131/96 4123/2134/98 4121/2132/95
f 4126/2133/97 4125/2136/97 4123/2134/98
f 4128/2135/99 4127/2138/101 4125/2136/97
f 4130/2137/100 4129/2140/100 4127/2138/101
f 4132/2139/102 4131/2142/102 4129/2140/100
f 4134/2141/103 4133/2144/103 4131/2142/102
f 4136/2143/104 4135/2146/104 4133/2144/103
f 4138/2145/105 4137/2148/105 4135/2146/104
f 4140/2147/106 4139/2150/106 4137/2148/105
f 4142/2149/107 4141/2152/107 4139/2150/106
f 4144/2151/108 4143/2154/108 4141/2152/107
f 4146/2153/109 4145/2156/109 4143/2154/108
f 4148/2155/110 4147/2158/110 4145/2156/109
f 4150/2157/111 4149/2160/111 4147/2158/110
f 4152/2159/112 4151/2162/112 4149/2160/111
f 4154/2161/113 4153/2164/113 4151/2162/112
f 4156/2163/114 4155/2166/114 4153/2164/113
f 4158/2165/115 4157/2168/117 4155/2166/114
f 4160/2167/116 4159/2170/116 4157/2168/117
f 4162/2169/118 4161/2172/118 4159/2170/116
f 4164/2171/119 4163/2174/119 4161/2172/118
f 4166/2173/120 4165/2176/120 4163/2174/119
f 4168/2175/121 4167/2178/121 4165/2176/120
f 4170/2177/122 4169/2180/122 4167/2178/121
f 4172/2179/123 4171/2182/123 4169/2180/122
f 4174/2181/124 4173/2184/124 4171/2182/123
f 4176/2183/125 4175/2186/125 4173/2184/124
f 4178/2185/126 4177/2188/126 4175/2186/125
f 4180/2187/127 4179/2190/127 4177/2188/126
f 4182/2189/128 4181/2192/128 4179/2190/127
f 4184/2191/129 4183/2194/129 4181/2192/128
f 4186/2193/130 4185/2196/130 4183/2194/129
f 4188/2195/131 4187/2198/131 4185/2196/130
f 4190/2197/132 4189/2200/132 4187/2198/131
f 4192/2199/133 4191/2202/133 4189/2200/132
f 4194/2201/134 4193/2204/134 4191/2202/133
f 4196/2203/135 4195/2206/135 4193/2204/134
f 4198/2205/136 4197/2208/136 4195/2206/135
f 4200/2207/137 4199/2210/137 4197/2208/136
f 4202/2209/138 4201/2212/138 4199/2210/137
f 4204/2211/139 4203/2214/139 4201/2212/138
f 4206/2213/140 4205/2216/140 4203/2214/139
f 4208/2215/141 4207/2218/143 4205/2216/140
f 4210/2217/142 4209/2220/142 4207/2218/143
f 4212/2219/144 4211/2222/144 4209/2220/142
f 4214/2221/145 4213/2224/147 4211/2222/144
f 4216/2223/146 4215/2226/146 4213/2224/147
f 4218/2225/148 4217/2228/148 4215/2226/146
f 4220/2227/149 4219/2230/149 4217/2228/148
f 4222/2229/150 4221/2232/150 4219/2230/149
f 4224/2231/151 4223/2234/151 4221/2232/150
f 4226/2233/152 4225/2236/152 4223/2234/151
f 4228/2235/153 4227/2238/153 4225/2236/152
f 4230/2237/154 4229/2240/154 4227/2238/153
f 4232/2239/155 4231/2242/157 4229/2240/154
f 4234/2241/156 4233/2244/156 4231/2242/157
f 4236/2243/158 4235/2246/160 4233/2244/156
f 4238/2245/159 4237/2248/159 4235/2246/160
f 4240/2247/161 4239/2250/161 4237/2248/159
f 4242/2249/162 4241/2252/162 4239/2250/161
f 4244/2251/163 4243/2254/163 4241/2252/162
f 4246/2253/164 4245/2256/166 4243/2254/163
f 4248/2255/165 4247/2258/165 4245/2256/166
f 4250/2257/167 4249/2260/167 4247/2258/165
f 4252/2259/168 4251/2262/168 4249/2260/167
f 4254/2261/169 4253/2264/169 4251/2262/168
f 4256/2263/170 4255/2266/170 4253/2264/169
f 4258/2265/171 4257/2268/171 4255/2266/170
f 4260/2267/172 4259/2270/172 4257/2268/171
f 4262/2269/173 4261/2272/173 4259/2270/172
f 4264/2271/174 4263/2274/174 4261/2272/173
f 4266/2273/175 4265/2276/175 4263/2274/174
f 4268/2275/176 4267/2278/178 4265/2276/175
f 4270/2277/177 4269/2280/177 4267/2278/178
f 4272/2279/179 4271/2282/179 4269/2280/177
f 4274/2281/180 4273/2284/180 4271/2282/179
f 4276/2283/181 4275/2286/181 4273/2284/180
f 4278/2285/182 4277/2288/182 4275/2286/181
f 4280/2287/183 4279/2290/183 4277/2288/182
f 4282/2289/184 4281/2292/184 4279/2290/183
f 4284/2291/185 4283/2294/185 4281/2292/184
f 4286/2293/186 4285/2296/186 4283/2294/185
f 4288/2295/187 4287/2298/187 4285/2296/186
f 4290/2297/188 4289/2300/188 4287/2298/187
f 4292/2299/189 4291/2302/189 4289/2300/188
f 4294/2301/190 4293/2304/190 4291/2302/189
f 4296/2303/191 4295/2306/193 4293/2304/190
f 4298/2305/192 4297/2308/192 4295/2306/193
f 4300/2307/194 4299/2310/194 4297/2308/192
f 4302/2309/195 4301/2312/195 4299/2310/194
f 4304/2311/196 4303/2314/196 4301/2312/195
f 4306/2313/197 4305/2316/197 4303/2314/196
f 4308/2315/198 4307/2318/198 4305/2316/197
f 4310/2317/199 4309/2320/199 4307/2318/198
f 4312/2319/200 4311/2322/200 4309/2320/199
f 4314/2321/201 4313/2324/201 4311/2322/200
f 4316/2323/202 4315/2326/202 4313/2324/201
f 4318/2325/203 4317/2328/205 4315/2326/202
f 4320/2327/204 4319/2330/204 4317/2328/205
f 4322/2329/206 4321/2332/206 4319/2330/204
f 4324/2331/207 4323/2334/207 4321/2332/206
f 4326/2333/208 4325/2336/208 4323/2334/207
f 4328/2335/209 4327/2338/211 4325/2336/208
f 4330/2337/210 4329/2340/210 4327/2338/211
f 4332/2339/212 4331/2342/214 4329/2340/210
f 4334/2341/213 4333/2344/216 4331/2342/214
f 4336/2343/215 4335/2346/218 4333/2344/216
f 4338/2345/217 4337/2348/217 4335/2346/218
f 4340/2347/219 4339/2350/219 4337/2348/217
f 4342/2349/220 4341/2352/220 4339/2350/219
f 4344/2351/221 4343/2354/221 4341/2352/220
f 4346/2353/222 4345/2356/222 4343/2354/221
f 4348/2355/223 4347/2358/223 4345/2356/222
f 4350/2357/224 4349/2360/224 4347/2358/223
f 4352/2359/225 4351/2362/225 4349/2360/224
f 4354/2361/226 4353/2364/226 4351/2362/225
f 4356/2363/227 4355/2366/229 4353/2364/226
f 4358/2365/228 4357/2368/228 4355/2366/229
f 4360/2367/230 4359/2370/230 4357/2368/228
f 4362/2369/231 4361/2372/233 4359/2370/230
f 4364/2371/232 4363/2374/235 4361/2372/233
f 4366/2373/234 4365/2376/234 4363/2374/235
f 4368/2375/236 4367/2378/236 4365/2376/234
f 4370/2377/237 4369/2380/237 4367/2378/236
f 4372/2379/238 4371/2382/238 4369/2380/237
f 4374/2381/239 4373/2384/239 4371/2382/238
f 4376/2383/240 4375/2386/240 4373/2384/239
f 4378/2385/241 4377/2388/241 4375/2386/240
f 4380/2387/242 4379/2390/244 4377/2388/241
f 4382/2389/243 4381/2392/243 4379/2390/244
f 4384/2391/245 4383/2394/247 4381/2392/243
f 4386/2393/246 4385/2396/246 4383/2394/247
f 4388/2395/248 4387/2398/248 4385/2396/246
f 4390/2397/249 4389/2400/249 4387/2398/248
f 4392/2399/250 4391/2402/250 4389/2400/249
f 4394/2401/251 4393/2404/251 4391/2402/250
f 4396/2403/252 4395/2406/254 4393/2404/251
f 4398/2405/253 4397/2408/253 4395/2406/254
f 4400/2407/255 4399/2410/257 4397/2408/253
f 4402/2409/256 4401/2412/259 4399/2410/257
f 4404/2411/258 4403/2414/258 4401/2412/259
f 4406/2413/260 4405/2416/260 4403/2414/258
f 4408/2415/261 4407/2418/261 4405/2416/260
f 4410/2417/262 4409/2420/264 4407/2418/261
f 4412/2419/263 4411/2422/266 4409/2420/264
f 4414/2421/265 4413/2424/265 4411/2422/266
f 4416/2423/267 4415/2426/267 4413/2424/265
f 4418/2425/268 4417/2428/268 4415/2426/267
f 4420/2427/269 4419/2430/269 4417/2428/268
f 4422/2429/270 4421/2432/270 4419/2430/269
f 4424/2431/271 4423/2434/271 4421/2432/270
f 4426/2433/272 4425/2436/272 4423/2434/271
f 4428/2435/273 4427/2438/273 4425/2436/272
f 4430/2437/274 4429/2440/274 4427/2438/273
f 4432/2439/275 4431/2442/277 4429/2440/274
f 4434/2441/276 4433/2444/279 4431/2442/277
f 4436/2443/278 4435/2446/278 4433/2444/279
f 4438/2445/280 4437/2448/282 4435/2446/278
f 4440/2447/281 4439/2450/284 4437/2448/282
f 4442/2449/283 4441/2452/283 4439/2450/284
f 4444/2451/285 4443/2454/285 4441/2452/283
f 4446/2453/286 4445/2456/288 4443/2454/285
f 4448/2455/287 4447/2458/287 4445/2456/288
f 4450/2457/289 4449/2460/289 4447/2458/287
f 4452/2459/290 4451/2462/290 4449/2460/289
f 4454/2461/291 4453/2464/291 4451/2462/290
f 4456/2463/292 4455/2466/292 4453/2464/291
f 4458/2465/293 4457/2468/293 4455/2466/292
f 4460/2467/294 4459/2470/294 4457/2468/293
f 4462/2469/295 4461/2472/295 4459/2470/294
f 4464/2471/296 4463/2474/296 4461/2472/295
f 4466/2473/297 4465/2476/297 4463/2474/296
f 4468/2475/298 4467/2478/298 4465/2476/297
f 4470/2477/299 4469/2480/299 4467/2478/298
f 4472/2479/300 4471/2482/300 4469/2480/299
f 4474/2481/301 4473/2484/301 4471/2482/300
f 4476/2483/302 4475/2486/302 4473/2484/301
f 4478/2485/303 4477/2488/303 4475/2486/302
f 4480/2487/304 4479/2490/304 4477/2488/303
f 4482/2489/305 4481/2492/305 4479/2490/304
f 4484/2491/306 4483/2494/306 4481/2492/305
f 4486/2493/307 4485/2496/307 4483/2494/306
f 4488/2495/308 4487/2498/308 4485/2496/307
f 4490/2497/309 4489/2500/309 4487/2498/308
f 4492/2499/310 4491/2502/310 4489/2500/309
f 4494/2501/311 4493/2504/311 4491/2502/310
f 4496/2503/312 4495/2506/312 4493/2504/311
f 4498/2505/313 4497/2508/313 4495/2506/312
f 4500/2507/314 4499/2510/314 4497/2508/313
f 4502/2509/315 4501/2512/315 4499/2510/314
f 4504/2511/316 4503/2514/316 4501/2512/315
f 4506/2513/317 4505/2516/317 4503/2514/316
f 4508/2515/318 4507/2518/318 4505/2516/317
f 4510/2517/319 4509/2520/319 4507/2518/318
f 4512/2519/320 4511/2522/320 4509/2520/319
f 4514/2521/321 4513/2524/321 4511/2522/320
f 4516/2523/322 4515/2526/322 4513/2524/321
f 4518/2525/323 4517/2528/323 4515/2526/322
f 4520/2527/324 4519/2530/324 4517/2528/323
f 4522/2529/325 4521/2532/325 4519/2530/324
f 4524/2531/326 4523/2534/326 4521/2532/325
f 4526/2533/327 4525/2536/327 4523/2534/326
f 4528/2535/328 4527/2538/328 4525/2536/327
f 4530/2537/329 4529/2540/329 4527/2538/328
f 4532/2539/330 4531/2542/330 4529/2540/329
f 4534/2541/331 4533/2544/333 4531/2542/330
f 4536/2543/332 4535/2546/332 4533/2544/333
f 4538/2545/334 4537/2548/336 4535/2546/332
f 4540/2547/335 4539/2550/335 4537/2548/336
f 4542/2549/337 4541/2552/337 4539/2550/335
f 4544/2551/338 4543/2554/340 4541/2552/337
f 4546/2553/339 4545/2556/339 4543/2554/340
f 4548/2555/341 4547/2558/341 4545/2556/339
f 4550/2557/342 4549/2560/342 4547/2558/341
f 4552/2559/343 4551/2562/345 4549/2560/342
f 4554/2561/344 4553/2564/344 4551/2562/345
f 4556/2563/346 4555/2566/348 4553/2564/344
f 4558/2565/347 4557/2568/347 4555/2566/348
f 4560/2567/349 4559/2570/351 4557/2568/347
f 4562/2569/350 4561/2572/350 4559/2570/351
f 4564/2571/352 4563/2574/352 4561/2572/350
f 4566/2573/353 4565/2576/353 4563/2574/352
f 4568/2575/354 4567/2578/354 4565/2576/353
f 4570/2577/355 4569/2580/355 4567/2578/354
f 4572/2579/356 4571/2582/358 4569/2580/355
f 4574/2581/357 4573/2584/360 4571/2582/358
f 4576/2583/359 4575/2586/359 4573/2584/360
f 4578/2585/361 4577/2588/363 4575/2586/359
f 4580/2587/362 4579/2590/362 4577/2588/363
f 4582/2589/364 4581/2592/364 4579/2590/362
f 4584/2591/365 4583/2594/365 4581/2592/364
f 4586/2593/366 4585/2596/366 4583/2594/365
f 4588/2595/367 4587/2598/367 4585/2596/366
f 4590/2597/368 4589/2600/368 4587/2598/367
f 4592/2599/369 4591/2602/369 4589/2600/368
f 4594/2601/370 4593/2604/370 4591/2602/369
f 4596/2603/371 4595/2606/371 4593/2604/370
f 4598/2605/372 4597/2608/372 4595/2606/371
f 4600/2607/373 4599/2610/373 4597/2608/372
f 4602/2609/374 4601/2612/374 4599/2610/373
f 4604/2611/375 4603/2614/377 4601/2612/374
f 4606/2613/376 4605/2616/376 4603/2614/377
f 4608/2615/378 4607/2618/378 4605/2616/376
f 4610/2617/379 4609/2620/379 4607/2618/378
f 4612/2619/380 4611/2622/382 4609/2620/379
f 4614/2621/381 4613/2624/381 4611/2622/382
f 4616/2623/383 4615/2626/383 4613/2624/381
f 4618/2625/384 4617/2628/384 4615/2626/383
f 4620/2627/385 4619/2630/385 4617/2628/384
f 4622/2629/386 4621/2632/386 4619/2630/385
f 4624/2631/387 4623/2634/387 4621/2632/386
f 4626/2633/388 4625/2636/388 4623/2634/387
f 4628/2635/389 4627/2638/389 4625/2636/388
f 4630/2637/390 4629/2640/390 4627/2638/389
f 4632/2639/391 4631/2642/391 4629/2640/390
f 4634/2641/392 4633/2644/394 4631/2642/391
f 4636/2643/393 4635/2646/393 4633/2644/394
f 4638/2645/395 4637/2648/395 4635/2646/393
f 4640/2647/396 4639/2650/396 4637/2648/395
f 4642/2649/397 4641/2652/397 4639/2650/396
f 4644/2651/398 4643/2654/398 4641/2652/397
f 4646/2653/399 4645/2656/399 4643/2654/398
f 4648/2655/400 4647/2658/400 4645/2656/399
f 4650/2657/401 4649/2660/401 4647/2658/400
f 4652/2659/402 4651/2662/402 4649/2660/401
f 4654/2661/403 4653/2664/403 4651/2662/402
f 4656/2663/404 4655/2666/404 4653/2664/403
f 4658/2665/405 4657/2668/405 4655/2666/404
f 4660/2667/406 4659/2670/406 4657/2668/405
f 4662/2669/407 4661/2672/407 4659/2670/406
f 4664/2671/408 4663/2674/408 4661/2672/407
f 4666/2673/409 4665/2676/409 4663/2674/408
f 4668/2675/410 4667/2678/410 4665/2676/409
f 4670/2677/411 4669/2680/411 4667/2678/410
f 4672/2679/412 4671/2682/412 4669/2680/411
f 4674/2681/413 4673/2684/413 4671/2682/412
f 4676/2683/414 4675/2686/414 4673/2684/413
f 4678/2685/415 4677/2688/415 4675/2686/414
f 4680/2687/416 4679/2690/416 4677/2688/415
f 4682/2689/417 4681/2692/417 4679/2690/416
f 4684/2691/418 4683/2694/418 4681/2692/417
f 4686/2693/419 4685/2696/419 4683/2694/418
f 4688/2695/420 4687/2698/420 4685/2696/419
f 4690/2697/421 4689/2700/421 4687/2698/420
f 4692/2699/422 4691/2702/422 4689/2700/421
f 4694/2701/423 4693/2704/423 4691/2702/422
f 4696/2703/424 4695/2706/424 4693/2704/423
f 4698/2705/425 4697/2708/425 4695/2706/424
f 4700/2707/426 4699/2710/426 4697/2708/425
f 4702/2709/427 4701/2712/427 4699/2710/426
f 4704/2711/428 4703/2714/428 4701/2712/427
f 4706/2713/429 4705/2716/429 4703/2714/428
f 4708/2715/430 4707/2718/430 4705/2716/429
f 4710/2717/431 4709/2720/431 4707/2718/430
f 4712/2719/432 4711/2722/432 4709/2720/431
f 4714/2721/433 4713/2724/433 4711/2722/432
f 4716/2723/434 4715/2726/434 4713/2724/433
f 4718/2725/435 4717/2728/435 4715/2726/434
f 4720/2727/436 4719/2730/436 4717/2728/435
f 4722/2729/437 4721/2732/437 4719/2730/436
f 4724/2731/438 4723/2734/438 4721/2732/437
f 4726/2733/439 4725/2736/439 4723/2734/438
f 4728/2735/440 4727/2738/440 4725/2736/439
f 4730/2737/441 4729/2740/441 4727/2738/440
f 4732/2739/442 4731/2742/442 4729/2740/441
f 4734/2741/443 4733/2744/443 4731/2742/442
f 4736/2743/444 4735/2746/444 4733/2744/443
f 4738/2745/445 4737/2748/445 4735/2746/444
f 4740/2747/446 4739/2750/446 4737/2748/445
f 4742/2749/447 4741/2752/447 4739/2750/446
f 4744/2751/448 4743/2754/448 4741/2752/447
f 4746/2753/449 4745/2756/449 4743/2754/448
f 4748/2755/450 4747/2758/450 4745/2756/449
f 4750/2757/451 4749/2760/451 4747/2758/450
f 4752/2759/452 4751/2762/452 4749/2760/451
f 4754/2761/453 4753/2764/453 4751/2762/452
f 4756/2763/454 4755/2766/454 4753/2764/453
f 4758/2765/455 4757/2768/455 4755/2766/454
f 4760/2767/456 4759/2770/456 4757/2768/455
f 4762/2769/457 4761/2772/457 4759/2770/456
f 4764/2771/458 4763/2774/458 4761/2772/457
f 4766/2773/459 4765/2776/459 4763/2774/458
f 4768/2775/460 4767/2778/460 4765/2776/459
f 4770/2777/461 4769/2780/461 4767/2778/460
f 4772/2779/462 4771/2782/462 4769/2780/461
f 4774/2781/463 4773/2784/463 4771/2782/462
f 4776/2783/464 4775/2786/464 4773/2784/463
f 4778/2785/465 4777/2788/465 4775/2786/464
f 4780/2787/466 4779/2790/466 4777/2788/465
f 4782/2789/467 4781/2792/467 4779/2790/466
f 4784/2791/468 4783/2794/468 4781/2792/467
f 4786/2793/469 4785/2796/469 4783/2794/468
f 4788/2795/470 4787/2798/470 4785/2796/469
f 4790/2797/471 4789/2800/471 4787/2798/470
f 4792/2799/472 4791/2802/472 4789/2800/471
f 4794/2801/473 4793/2804/473 4791/2802/472
f 4796/2803/474 4795/2806/474 4793/2804/473
f 4798/2805/475 4797/2808/475 4795/2806/474
f 4800/2807/476 4799/2810/476 4797/2808/475
f 4802/2809/477 4801/2812/477 4799/2810/476
f 4804/2811/478 4803/2814/478 4801/2812/477
f 4806/2813/479 4805/2816/479 4803/2814/478
f 4808/2815/480 4807/2818/480 4805/2816/479
f 4810/2817/481 4809/2820/481 4807/2818/480
f 4812/2819/482 4811/2822/482 4809/2820/481
f 4814/2821/483 4813/2824/483 4811/2822/482
f 4816/2823/484 4815/2826/484 4813/2824/483
f 4818/2825/485 4817/2828/485 4815/2826/484
f 4820/2827/486 4819/2830/486 4817/2828/485
f 4822/2829/487 4821/2832/487 4819/2830/486
f 4824/2831/488 4823/2834/488 4821/2832/487
f 4826/2833/489 4825/2836/489 4823/2834/488
f 4828/2835/490 4827/2838/490 4825/2836/489
f 4830/2837/491 4829/2840/491 4827/2838/490
f 4832/2839/492 4831/2842/492 4829/2840/491
f 4834/2841/493 4833/2844/493 4831/2842/492
f 4836/2843/494 4835/2846/494 4833/2844/493
f 4838/2845/495 4837/2848/495 4835/2846/494
f 4840/2847/496 4839/2850/496 4837/2848/495
f 4842/2849/497 4841/2852/497 4839/2850/496
f 4844/2851/498 4843/2854/498 4841/2852/497
f 4846/2853/499 4845/2856/499 4843/2854/498
f 4848/2855/500 4847/2858/500 4845/2856/499
f 4850/2857/501 4849/2860/501 4847/2858/500
f 4852/2859/502 4851/2862/502 4849/2860/501
f 4854/2861/503 4853/2864/503 4851/2862/502
f 4856/2863/504 4855/2866/504 4853/2864/503
f 4858/2865/505 4857/2868/505 4855/2866/504
f 4860/2867/506 4859/2870/506 4857/2868/505
f 4862/2869/507 4861/2872/507 4859/2870/506
f 4864/2871/508 4863/2874/508 4861/2872/507
f 4866/2873/509 4865/2876/509 4863/2874/508
f 4868/2875/510 4867/2878/510 4865/2876/509
f 4870/2877/511 4869/2880/511 4867/2878/510
f 4872/2879/512 4871/2882/512 4869/2880/511
f 4874/2881/513 4873/2884/513 4871/2882/512
f 4876/2883/514 4875/2886/514 4873/2884/513
f 4878/2885/515 4877/2888/515 4875/2886/514
f 4880/2887/516 4879/2890/516 4877/2888/515
f 4882/2889/517 4881/2892/517 4879/2890/516
f 4884/2891/518 4883/2894/518 4881/2892/517
f 4886/2893/519 4885/2896/521 4883/2894/518
f 4888/2895/520 4887/2898/520 4885/2896/521
f 4890/2897/522 4889/2900/522 4887/2898/520
f 4892/2899/523 4891/2902/525 4889/2900/522
f 4894/2901/524 4893/2904/527 4891/2902/525
f 4896/2903/526 4895/2906/526 4893/2904/527
f 4898/2905/528 4897/2908/528 4895/2906/526
f 4900/2907/529 4899/2910/531 4897/2908/528
f 4902/2909/530 4901/2912/533 4899/2910/531
f 4904/2911/532 4903/2914/535 4901/2912/533
f 4906/2913/534 4905/2916/537 4903/2914/535
f 4908/2915/536 4907/2918/539 4905/2916/537
f 4910/2917/538 4909/2920/541 4907/2918/539
f 4912/2919/540 4911/2922/540 4909/2920/541
f 4914/2921/542 4913/2924/544 4911/2922/540
f 4916/2923/543 4915/2926/543 4913/2924/544
f 4918/2925/545 4917/2928/547 4915/2926/543
f 4920/2927/546 4919/2930/549 4917/2928/547
f 4922/2929/548 4921/2932/551 4919/2930/549
f 4924/2931/550 4923/2934/553 4921/2932/551
f 4926/2933/552 4925/2936/555 4923/2934/553
f 4928/2935/554 4927/2938/557 4925/2936/555
f 4930/2937/556 4929/2940/556 4927/2938/557
f 4932/2939/558 4931/2942/558 4929/2940/556
f 4934/2941/559 4933/2944/561 4931/2942/558
f 4936/2943/560 4935/2946/563 4933/2944/561
f 4938/2945/562 4937/2948/562 4935/2946/563
f 4940/2947/564 4939/2950/566 4937/2948/562
f 4942/2949/565 4941/2952/565 4939/2950/566
f 4944/2951/567 4943/2954/569 4941/2952/565
f 4946/2953/568 4945/2956/571 4943/2954/569
f 4948/2955/570 4947/2958/573 4945/2956/571
f 4950/2957/572 4949/2960/575 4947/2958/573
f 4952/2959/574 4951/2962/577 4949/2960/575
f 4954/2961/576 4953/2964/579 4951/2962/577
f 4956/2963/578 4955/2966/578 4953/2964/579
f 4958/2965/580 4957/2968/582 4955/2966/578
f 4960/2967/581 4959/2970/581 4957/2968/582
f 4962/2969/583 4961/2972/585 4959/2970/581
f 4964/2971/584 4963/2974/587 4961/2972/585
f 4966/2973/586 4965/2976/586 4963/2974/587
f 4968/2975/588 4967/2978/588 4965/2976/586
f 4970/2977/589 4969/2980/591 4967/2978/588
f 4972/2979/590 4971/2982/593 4969/2980/591
f 4974/2981/592 4973/2984/595 4971/2982/593
f 4976/2983/594 4975/2986/597 4973/2984/595
f 4978/2985/596 4977/2988/599 4975/2986/597
f 4980/2987/598 4979/2990/601 4977/2988/599
f 4982/2989/600 4981/2992/600 4979/2990/601
f 4984/2991/602 4983/2994/604 4981/2992/600
f 4986/2993/603 4985/2996/603 4983/2994/604
f 4988/2995/605 4987/2998/607 4985/2996/603
f 4990/2997/606 4989/3000/609 4987/2998/607
f 4992/2999/608 4991/3002/608 4989/3000/609
f 4994/3001/610 4993/3004/612 4991/3002/608
f 4996/3003/611 4995/3006/614 4993/3004/612
f 4998/3005/613 4997/3008/616 4995/3006/614
f 5000/3007/615 4999/3010/618 4997/3008/616
f 5002/3009/617 5001/3012/620 4999/3010/618
f 5004/3011/619 5003/3014/622 5001/3012/620
f 5006/3013/621 5005/3016/621 5003/3014/622
f 5008/3015/623 5007/3018/625 5005/3016/621
f 5010/3017/624 5009/3020/627 5007/3018/625
f 5012/3019/626 5011/3022/626 5009/3020/627
f 5014/3021/628 5013/3024/630 5011/3022/626
f 5016/3023/629 5015/3026/632 5013/3024/630
f 5018/3025/631 5017/3028/634 5015/3026/632
f 5020/3027/633 5019/3030/636 5017/3028/634
f 5022/3029/635 5021/3032/638 5019/3030/636
f 5024/3031/637 5023/3034/640 5021/3032/638
f 5026/3033/639 5025/3036/639 5023/3034/640
f 5028/3035/641 5027/3038/643 5025/3036/639
f 5030/3037/642 5029/3040/642 5027/3038/643
f 5032/3039/644 5031/3042/646 5029/3040/642
f 5034/3041/645 5033/3044/648 5031/3042/646
f 5036/3043/647 5035/3046/650 5033/3044/648
f 5038/3045/649 5037/3048/649 5035/3046/650
f 5040/3047/651 5039/3050/653 5037/3048/649
f 5042/3049/652 5041/3052/655 5039/3050/653
f 5044/3051/654 5043/3054/657 5041/3052/655
f 5046/3053/656 5045/3056/656 5043/3054/657
f 5048/3055/658 5047/3058/660 5045/3056/656
f 5050/3057/659 5049/3060/662 5047/3058/660
f 5052/3059/661 5051/3062/664 5049/3060/662
f 5054/3061/663 5053/3064/666 5051/3062/664
f 5056/3063/665 5055/3066/668 5053/3064/666
f 5058/3065/667 5057/3068/670 5055/3066/668
f 5060/3067/669 5059/3070/672 5057/3068/670
f 5062/3069/671 5061/3072/674 5059/3070/672
f 5064/3071/673 5063/3074/673 5061/3072/674
f 5066/3073/675 5065/3076/675 5063/3074/673
f 5068/3075/676 5067/3078/676 5065/3076/675
f 5070/3077/677 5069/3080/677 5067/3078/676
f 5072/3079/678 5071/3082/680 5069/3080/677
f 5074/3081/679 5073/3084/682 5071/3082/680
f 5076/3083/681 5075/3086/681 5073/3084/682
f 5078/3085/683 5077/3088/683 5075/3086/681
f 5080/3087/684 5079/3090/686 5077/3088/683
f 5082/3089/685 5081/3092/685 5079/3090/686
f 5084/3091/687 5083/3094/689 5081/3092/685
f 5086/3093/688 5085/3096/688 5083/3094/689
f 5088/3095/690 5087/3098/692 5085/3096/688
f 5090/3097/691 5089/3100/691 5087/3098/692
f 5092/3099/693 5091/3102/695 5089/3100/691
f 5094/3101/694 5093/3104/697 5091/3102/695
f 5096/3103/696 5095/3106/699 5093/3104/697
f 5098/3105/698 5097/3108/698 5095/3106/699
f 5100/3107/700 5099/3110/702 5097/3108/698
f 5102/3109/701 5101/3112/704 5099/3110/702
f 5104/3111/703 5103/3114/703 5101/3112/704
f 5106/3113/705 5105/3116/707 5103/3114/703
f 5108/3115/706 5107/3118/709 5105/3116/707
f 5110/3117/708 5109/3120/708 5107/3118/709
f 5112/3119/710 5111/3122/712 5109/3120/708
f 5114/3121/711 5113/3124/714 5111/3122/712
f 5116/3123/713 5115/3126/716 5113/3124/714
f 5118/3125/715 5117/3128/718 5115/3126/716
f 5120/3127/717 5119/3130/720 5117/3128/718
f 5122/3129/719 5121/3132/722 5119/3130/720
f 5124/3131/721 5123/3134/721 5121/3132/722
f 5126/3133/723 5125/3136/725 5123/3134/721
f 5128/3135/724 5127/3138/727 5125/3136/725
f 5130/3137/726 5129/3140/729 5127/3138/727
f 5132/3139/728 5131/3142/731 5129/3140/729
f 5134/3141/730 5133/3144/733 5131/3142/731
f 5136/3143/732 5135/3146/732 5133/3144/733
f 5138/3145/734 5137/3148/734 5135/3146/732
f 5140/3147/735 5139/3150/735 5137/3148/734
f 5142/3149/736 5141/3152/736 5139/3150/735
f 5144/3151/737 5143/3154/737 5141/3152/736
f 5146/3153/738 5145/3156/738 5143/3154/737
f 5148/3155/739 5147/3158/739 5145/3156/738
f 5150/3157/740 5149/3160/740 5147/3158/739
f 5152/3159/741 5151/3162/741 5149/3160/740
f 5154/3161/742 5153/3164/742 5151/3162/741
f 5156/3163/743 5155/3166/743 5153/3164/742
f 5158/3165/744 5157/3168/744 5155/3166/743
f 5160/3167/721 5159/3170/721 5157/3168/744
f 5162/3169/745 5161/3172/745 5159/3170/721
f 5164/3171/746 5163/3174/746 5161/3172/745
f 5166/3173/747 5165/3176/747 5163/3174/746
f 5168/3175/748 5167/3178/748 5165/3176/747
f 5170/3177/749 5169/3180/749 5167/3178/748
f 5172/3179/750 5171/3182/750 5169/3180/749
f 5174/3181/751 5173/3184/751 5171/3182/750
f 5176/3183/752 5175/3186/752 5173/3184/751
f 5178/3185/753 5177/3188/753 5175/3186/752
f 5180/3187/754 5179/1280/754 5177/3188/753
f 5182/3189/755 5181/3191/755 5179/1280/754
f 5184/3190/756 5183/3193/756 5181/3191/755
f 5186/3192/757 5185/3195/757 5183/3193/756
f 5188/3194/758 5187/3197/758 5185/3195/757
f 5190/3196/759 5189/3199/759 5187/3197/758
f 5192/3198/760 5191/3201/760 5189/3199/759
f 5194/3200/761 5193/3203/761 5191/3201/760
f 5196/3202/762 5195/3205/762 5193/3203/761
f 5198/3204/763 5197/3207/763 5195/3205/762
f 5200/3206/764 5199/3209/764 5197/3207/763
f 5202/3208/765 5201/3211/765 5199/3209/764
f 5204/3210/766 5203/3213/766 5201/3211/765
f 5206/3212/767 5205/3215/767 5203/3213/766
f 5208/3214/768 5207/3217/768 5205/3215/767
f 5210/3216/769 5209/3219/769 5207/3217/768
f 5212/3218/770 5211/3221/770 5209/3219/769
f 5214/3220/771 5213/3223/771 5211/3221/770
f 5216/3222/772 5215/3225/772 5213/3223/771
f 5218/3224/773 5217/3227/773 5215/3225/772
f 5220/3226/774 5219/3229/774 5217/3227/773
f 5222/3228/775 5221/3231/775 5219/3229/774
f 5224/3230/776 5223/3233/776 5221/3231/775
f 5226/3232/777 5225/3235/777 5223/3233/776
f 5228/3234/778 5227/3237/778 5225/3235/777
f 5230/3236/779 5229/3239/779 5227/3237/778
f 5232/3238/780 5231/3241/780 5229/3239/779
f 5234/3240/781 5233/3243/781 5231/3241/780
f 5236/3242/782 5235/3245/782 5233/3243/781
f 5238/3244/783 5237/3247/783 5235/3245/782
f 5240/3246/784 5239/3249/784 5237/3247/783
f 5242/3248/785 5241/3251/785 5239/3249/784
f 5244/3250/786 5243/3253/786 5241/3251/785
f 5246/3252/787 5245/3255/787 5243/3253/786
f 5248/3254/788 5247/3257/788 5245/3255/787
f 5250/3256/789 5249/3259/789 5247/3257/788
f 5252/3258/790 5251/3261/790 5249/3259/789
f 5254/3260/791 5253/3263/791 5251/3261/790
f 5256/3262/792 5255/3265/792 5253/3263/791
f 5258/3264/793 5257/3267/793 5255/3265/792
f 5260/3266/794 5259/3269/794 5257/3267/793
f 5262/3268/795 5261/3271/795 5259/3269/794
f 5264/3270/796 5263/3273/796 5261/3271/795
f 5266/3272/797 5265/3275/797 5263/3273/796
f 5268/3274/798 5267/3277/798 5265/3275/797
f 5270/3276/799 5269/3279/799 5267/3277/798
f 5272/3278/800 5271/3281/800 5269/3279/799
f 5274/3280/801 5273/3283/801 5271/3281/800
f 5276/3282/802 5275/3285/802 5273/3283/801
f 5278/3284/803 5277/3287/803 5275/3285/802
f 5280/3286/804 5279/3289/804 5277/3287/803
f 5282/3288/805 5281/3291/805 5279/3289/804
f 5284/3290/806 5283/3293/806 5281/3291/805
f 5286/3292/807 5285/3295/807 5283/3293/806
f 5288/3294/808 5287/3297/808 5285/3295/807
f 5290/3296/809 5289/3299/809 5287/3297/808
f 5292/3298/810 5291/3301/810 5289/3299/809
f 5294/3300/811 5293/3303/811 5291/3301/810
f 5296/3302/812 5295/3305/812 5293/3303/811
f 5298/3304/813 5297/3307/813 5295/3305/812
f 5300/3306/814 5299/3309/814 5297/3307/813
f 5302/3308/815 5301/3311/815 5299/3309/814
f 5304/3310/816 5303/3313/816 5301/3311/815
f 5306/3312/817 5305/3315/817 5303/3313/816
f 5308/3314/818 5307/3317/818 5305/3315/817
f 5310/3316/819 5309/3319/819 5307/3317/818
f 5312/3318/820 5311/3321/820 5309/3319/819
f 5314/3320/821 5313/3323/821 5311/3321/820
f 5316/3322/822 5315/3325/822 5313/3323/821
f 5318/3324/823 5317/3327/823 5315/3325/822
f 5320/3326/824 5319/3329/824 5317/3327/823
f 5322/3328/825 5321/3331/825 5319/3329/824
f 5324/3330/826 5323/3333/826 5321/3331/825
f 5326/3332/827 5325/3335/827 5323/3333/826
f 5328/3334/343 5327/3337/343 5325/3335/827
f 5330/3336/828 5329/3339/828 5327/3337/343
f 5332/3338/829 5331/3341/829 5329/3339/828
f 5334/3340/830 5333/3343/830 5331/3341/829
f 5336/3342/831 5335/3345/831 5333/3343/830
f 5338/3344/832 5337/3347/832 5335/3345/831
f 5340/3346/833 5339/3349/833 5337/3347/832
f 5342/3348/834 5341/3351/834 5339/3349/833
f 5344/3350/835 5343/3353/835 5341/3351/834
f 5346/3352/836 5345/3355/836 5343/3353/835
f 5348/3354/837 5347/3357/837 5345/3355/836
f 5350/3356/838 5349/3359/838 5347/3357/837
f 5352/3358/839 5351/3361/839 5349/3359/838
f 5354/3360/840 5353/3363/840 5351/3361/839
f 5356/3362/841 5355/3365/841 5353/3363/840
f 5358/3364/842 5357/3367/842 5355/3365/841
f 5360/3366/843 5359/3369/843 5357/3367/842
f 5362/3368/844 5361/3371/844 5359/3369/843
f 5364/3370/845 5363/3373/845 5361/3371/844
f 5366/3372/846 5365/3375/846 5363/3373/845
f 5368/3374/847 5367/3377/847 5365/3375/846
f 5370/3376/848 5369/3379/848 5367/3377/847
f 5372/3378/849 5371/3381/849 5369/3379/848
f 5374/3380/850 5373/3383/850 5371/3381/849
f 5376/3382/851 5375/3385/851 5373/3383/850
f 5378/3384/852 5377/3387/852 5375/3385/851
f 5380/3386/853 5379/3389/853 5377/3387/852
f 5382/3388/854 5381/3391/854 5379/3389/853
f 5384/3390/855 5383/3393/855 5381/3391/854
f 5386/3392/856 5385/3395/856 5383/3393/855
f 5388/3394/857 5387/3397/857 5385/3395/856
f 5390/3396/858 5389/3399/858 5387/3397/857
f 5392/3398/859 5391/3401/861 5389/3399/858
f 5394/3400/860 5393/3403/863 5391/3401/861
f 5396/3402/862 5395/3405/862 5393/3403/863
f 5398/3404/864 5397/3407/864 5395/3405/862
f 5400/3406/865 5399/3409/865 5397/3407/864
f 5402/3408/866 5401/3411/868 5399/3409/865
f 5404/3410/867 5403/3413/867 5401/3411/868
f 5406/3412/869 5405/3415/869 5403/3413/867
f 5408/3414/870 5407/3417/870 5405/3415/869
f 5410/3416/871 5409/3419/871 5407/3417/870
f 5412/3418/872 5411/3421/874 5409/3419/871
f 5414/3420/873 5413/3423/873 5411/3421/874
f 5416/3422/875 5415/3425/875 5413/3423/873
f 5418/3424/876 5417/3427/876 5415/3425/875
f 5420/3426/877 5419/3429/877 5417/3427/876
f 5422/3428/878 5421/3431/878 5419/3429/877
f 5424/3430/879 5423/3433/879 5421/3431/878
f 5426/3432/880 5425/3435/882 5423/3433/879
f 5428/3434/881 5427/3437/881 5425/3435/882
f 5430/3436/883 5429/3439/883 5427/3437/881
f 5432/3438/884 5431/3441/884 5429/3439/883
f 5434/3440/885 5433/3443/885 5431/3441/884
f 5436/3442/886 5435/3445/886 5433/3443/885
f 5438/3444/887 5437/3447/887 5435/3445/886
f 5440/3446/888 5439/3449/888 5437/3447/887
f 5442/3448/889 5441/3451/891 5439/3449/888
f 5444/3450/890 5443/3453/890 5441/3451/891
f 5446/3452/892 5445/3455/892 5443/3453/890
f 5448/3454/893 5447/3457/893 5445/3455/892
f 5450/3456/894 5449/3459/894 5447/3457/893
f 5452/3458/895 5451/3461/895 5449/3459/894
f 5454/3460/896 5453/3463/896 5451/3461/895
f 5456/3462/70 5455/3465/70 5453/3463/896
f 5458/3464/897 5457/3467/899 5455/3465/70
f 5460/3466/898 5459/3469/898 5457/3467/899
f 5462/3468/900 5461/3471/900 5459/3469/898
f 5464/3470/901 5463/3473/903 5461/3471/900
f 5466/3472/902 5465/3475/905 5463/3473/903
f 5468/3474/904 5467/3477/907 5465/3475/905
f 5470/3476/906 5469/3479/909 5467/3477/907
f 5472/3478/908 5471/3481/908 5469/3479/909
f 5474/3480/910 5473/3483/910 5471/3481/908
f 5476/3482/911 5475/3485/911 5473/3483/910
f 5478/3484/912 5477/3487/914 5475/3485/911
f 5480/3486/913 5479/3489/913 5477/3487/914
f 5482/3488/915 5481/3491/917 5479/3489/913
f 5484/3490/916 5483/3493/916 5481/3491/917
f 5486/3492/918 5485/3495/918 5483/3493/916
f 5488/3494/919 5487/3497/919 5485/3495/918
f 5490/3496/920 5489/3499/920 5487/3497/919
f 5492/3498/921 5491/3501/922 5489/3499/920
f 5494/3500/71 5493/3503/71 5491/3501/922
f 5496/3502/923 5495/3505/923 5493/3503/71
f 5498/3504/924 5497/3507/926 5495/3505/923
f 5500/3506/925 5499/3509/925 5497/3507/926
f 5502/3508/927 5501/3511/929 5499/3509/925
f 5504/3510/928 5503/3513/931 5501/3511/929
f 5506/3512/930 5505/3515/933 5503/3513/931
f 5508/3514/932 5507/3517/932 5505/3515/933
f 5510/3516/934 5509/3519/934 5507/3517/932
f 5512/3518/935 5511/3521/937 5509/3519/934
f 5514/3520/936 5513/3523/936 5511/3521/937
f 5516/3522/938 5515/3525/938 5513/3523/936
f 5518/3524/939 5517/3527/939 5515/3525/938
f 5520/3526/940 5519/3529/940 5517/3527/939
f 5522/3528/941 5521/3531/941 5519/3529/940
f 5524/3530/942 5523/3533/944 5521/3531/941
f 5526/3532/943 5525/3535/943 5523/3533/944
f 5528/3534/945 5527/3537/945 5525/3535/943
f 5530/3536/946 5529/3539/946 5527/3537/945
f 5532/3538/947 5531/3541/947 5529/3539/946
f 5534/3540/948 5533/3543/950 5531/3541/947
f 5536/3542/949 5535/3545/949 5533/3543/950
f 5538/3544/951 5537/3547/951 5535/3545/949
f 5540/3546/952 5539/3549/952 5537/3547/951
f 5542/3548/953 5541/3551/953 5539/3549/952
f 5544/3550/954 5543/3553/954 5541/3551/953
f 5546/3552/955 5545/3555/955 5543/3553/954
f 5548/3554/956 5547/3557/956 5545/3555/955
f 5550/3556/957 5549/3559/959 5547/3557/956
f 5552/3558/958 5551/3561/958 5549/3559/959
f 5554/3560/960 5553/3563/960 5551/3561/958
f 5556/3562/961 5555/3565/961 5553/3563/960
f 5558/3564/962 5557/3567/962 5555/3565/961
f 5560/3566/963 5559/3569/963 5557/3567/962
f 5562/3568/964 5561/3571/964 5559/3569/963
f 5564/3570/965 5563/3573/965 5561/3571/964
f 5566/3572/966 5565/3575/968 5563/3573/965
f 5568/3574/967 5567/3577/967 5565/3575/968
f 5570/3576/969 5569/3579/971 5567/3577/967
f 5572/3578/970 5571/3581/970 5569/3579/971
f 5574/3580/972 5573/3583/972 5571/3581/970
f 5576/3582/973 5575/3585/973 5573/3583/972
f 5578/3584/974 5577/3587/974 5575/3585/973
f 5580/3586/975 5579/3589/975 5577/3587/974
f 5582/3588/976 5581/3591/976 5579/3589/975
f 5584/3590/977 5583/3593/977 5581/3591/976
f 5586/3592/978 5585/3595/978 5583/3593/977
f 5588/3594/979 5587/3597/981 5585/3595/978
f 5590/3596/980 5589/3599/980 5587/3597/981
f 5592/3598/982 5591/3601/982 5589/3599/980
f 5594/3600/983 5593/3603/983 5591/3601/982
f 5596/3602/984 5595/3605/984 5593/3603/983
f 5598/3604/985 5597/3607/987 5595/3605/984
f 5600/3606/986 5599/3609/989 5597/3607/987
f 5602/3608/988 5601/3611/988 5599/3609/989
f 5604/3610/990 5603/3613/990 5601/3611/988
f 5606/3612/991 5605/3615/993 5603/3613/990
f 5608/3614/992 5607/3617/992 5605/3615/993
f 5610/3616/994 5609/3619/994 5607/3617/992
f 5612/3618/995 5611/3621/995 5609/3619/994
f 5614/3620/996 5613/3623/996 5611/3621/995
f 5616/3622/997 5615/3625/999 5613/3623/996
f 5618/3624/998 5617/3627/1001 5615/3625/999
f 5620/3626/1000 5619/3629/1000 5617/3627/1001
f 5622/3628/1002 5621/3631/1002 5619/3629/1000
f 5624/3630/1003 5623/3633/1003 5621/3631/1002
f 5626/3632/1004 5625/3635/1004 5623/3633/1003
f 5628/3634/1005 5627/3637/1005 5625/3635/1004
f 5630/3636/1006 5629/3639/1006 5627/3637/1005
f 5632/3638/1007 5631/3641/1007 5629/3639/1006
f 5634/3640/1008 5633/3643/1008 5631/3641/1007
f 5636/3642/1009 5635/3645/1009 5633/3643/1008
f 5638/3644/1010 5637/3647/1010 5635/3645/1009
f 5640/3646/1011 5639/3649/1011 5637/3647/1010
f 5642/3648/1012 5641/3651/1012 5639/3649/1011
f 5644/3650/1013 5643/3653/1013 5641/3651/1012
f 5646/3652/1014 5645/3655/1014 5643/3653/1013
f 5648/3654/1015 5647/3657/1015 5645/3655/1014
f 5650/3656/1016 5649/3659/1016 5647/3657/1015
f 5652/3658/1017 5651/3661/1017 5649/3659/1016
f 5654/3660/1018 5653/3663/1018 5651/3661/1017
f 5656/3662/1019 5655/3665/1019 5653/3663/1018
f 5658/3664/1020 5657/3667/1020 5655/3665/1019
f 5660/3666/1021 5659/3669/1021 5657/3667/1020
f 5662/3668/1022 5661/3671/1022 5659/3669/1021
f 5664/3670/1023 5663/3673/1023 5661/3671/1022
f 5666/3672/1024 5665/3675/1026 5663/3673/1023
f 5668/3674/1025 5667/3677/1025 5665/3675/1026
f 5670/3676/1027 5669/3679/1027 5667/3677/1025
f 5672/3678/1028 5671/3681/1028 5669/3679/1027
f 5674/3680/1029 5673/3683/1029 5671/3681/1028
f 5676/3682/1030 5675/3685/1030 5673/3683/1029
f 5678/3684/1031 5677/3687/1031 5675/3685/1030
f 5680/3686/1032 5679/3689/1032 5677/3687/1031
f 5682/3688/1033 5681/3691/1033 5679/3689/1032
f 5684/3690/1034 5683/3693/1034 5681/3691/1033
f 5686/3692/1035 5685/3695/1035 5683/3693/1034
f 5688/3694/1036 5687/3697/1036 5685/3695/1035
f 5690/3696/1037 5689/3699/1037 5687/3697/1036
f 5692/3698/1038 5691/3701/1038 5689/3699/1037
f 5694/3700/1039 5693/3703/1039 5691/3701/1038
f 5696/3702/1040 5695/3705/1040 5693/3703/1039
f 5698/3704/1041 5697/3707/1041 5695/3705/1040
f 5700/3706/1042 5699/3709/1042 5697/3707/1041
f 5702/3708/1043 5701/3711/1043 5699/3709/1042
f 5704/3710/1044 5703/3713/1044 5701/3711/1043
f 5706/3712/1045 5705/3715/1045 5703/3713/1044
f 5708/3714/1046 5707/3717/1046 5705/3715/1045
f 5710/3716/1047 5709/3719/1047 5707/3717/1046
f 5712/3718/1048 5711/3721/1048 5709/3719/1047
f 5714/3720/1049 5713/3723/1049 5711/3721/1048
f 5716/3722/1050 5715/3725/1050 5713/3723/1049
f 5718/3724/1051 5717/3727/1051 5715/3725/1050
f 5720/3726/1052 5719/3729/1054 5717/3727/1051
f 5722/3728/1053 5721/3731/1053 5719/3729/1054
f 5724/3730/1055 5723/3733/1055 5721/3731/1053
f 5726/3732/1056 5725/3735/1056 5723/3733/1055
f 5728/3734/1057 5727/3737/1057 5725/3735/1056
f 5730/3736/1058 5729/3739/1060 5727/3737/1057
f 5732/3738/1059 5731/3741/1059 5729/3739/1060
f 5734/3740/1061 5733/3743/1061 5731/3741/1059
f 5736/3742/1062 5735/3745/1064 5733/3743/1061
f 5738/3744/1063 5737/3747/1066 5735/3745/1064
f 5740/3746/1065 5739/3749/1065 5737/3747/1066
f 5742/3748/1067 5741/3751/556 5739/3749/1065
f 5744/3750/1068 5743/3753/1068 5741/3751/556
f 5746/3752/1069 5745/3755/1069 5743/3753/1068
f 5748/3754/1070 5747/3757/1070 5745/3755/1069
f 5750/3756/1071 5749/3759/1071 5747/3757/1070
f 5752/3758/1072 5751/3761/1074 5749/3759/1071
f 5754/3760/1073 5753/3763/1073 5751/3761/1074
f 5756/3762/1075 5755/3765/1075 5753/3763/1073
f 5758/3764/1076 5757/3767/1078 5755/3765/1075
f 5760/3766/1077 5759/3769/1077 5757/3767/1078
f 5762/3768/1079 5761/3771/1079 5759/3769/1077
f 5764/3770/1080 5763/3773/1082 5761/3771/1079
f 5766/3772/1081 5765/3775/1084 5763/3773/1082
f 5768/3774/1083 5767/3777/1083 5765/3775/1084
f 5770/3776/1085 5769/3779/1085 5767/3777/1083
f 5772/3778/1086 5771/3781/1086 5769/3779/1085
f 5774/3780/1087 5773/3783/1089 5771/3781/1086
f 5776/3782/1088 5775/3785/1091 5773/3783/1089
f 5778/3784/1090 5777/3787/1093 5775/3785/1091
f 5780/3786/1092 5779/3789/1095 5777/3787/1093
f 5782/3788/1094 5781/3791/1094 5779/3789/1095
f 5784/3790/1096 5783/3793/1096 5781/3791/1094
f 5786/3792/1097 5785/3795/1097 5783/3793/1096
f 5788/3794/1098 5787/3797/1100 5785/3795/1097
f 5790/3796/1099 5789/3799/1099 5787/3797/1100
f 5792/3798/1101 5791/3801/1101 5789/3799/1099
f 5794/3800/1102 5793/3803/1104 5791/3801/1101
f 5796/3802/1103 5795/3805/1103 5793/3803/1104
f 5798/3804/1105 5797/3807/1107 5795/3805/1103
f 5800/3806/1106 5799/3809/1109 5797/3807/1107
f 5802/3808/1108 5801/3811/1111 5799/3809/1109
f 5804/3810/1110 5803/3813/1113 5801/3811/1111
f 5806/3812/1112 5805/3815/1112 5803/3813/1113
f 5808/3814/1114 5807/3817/1114 5805/3815/1112
f 5810/3816/1115 5809/3819/1115 5807/3817/1114
f 5812/3818/1116 5811/3821/1118 5809/3819/1115
f 5814/3820/1117 5813/3823/1120 5811/3821/1118
f 5816/3822/1119 5815/3825/1119 5813/3823/1120
f 5818/3824/1121 5817/3827/1121 5815/3825/1119
f 5820/3826/1122 5819/3829/1122 5817/3827/1121
f 5822/3828/674 5821/3831/674 5819/3829/1122
f 5824/3830/1123 5823/3833/1125 5821/3831/674
f 5826/3832/1124 5825/3835/1124 5823/3833/1125
f 5828/3834/1126 5827/3837/1128 5825/3835/1124
f 5830/3836/1127 5829/3839/1127 5827/3837/1128
f 5832/3838/1129 5831/3841/1131 5829/3839/1127
f 5834/3840/1130 5833/3843/1133 5831/3841/1131
f 5836/3842/1132 5835/3845/1135 5833/3843/1133
f 5838/3844/1134 5837/3847/1137 5835/3845/1135
f 5840/3846/1136 5839/3849/1136 5837/3847/1137
f 5842/3848/1138 5841/3851/1140 5839/3849/1136
f 5844/3850/1139 5843/3853/1139 5841/3851/1140
f 5846/3852/1141 5845/3855/1141 5843/3853/1139
f 5848/3854/1142 5847/3857/1142 5845/3855/1141
f 5850/3856/1143 5849/3859/1145 5847/3857/1142
f 5852/3858/1144 5851/3861/1147 5849/3859/1145
f 5854/3860/1146 5853/3863/1146 5851/3861/1147
f 5856/3862/1148 5855/3865/1148 5853/3863/1146
f 5858/3864/1149 5857/3867/1149 5855/3865/1148
f 5860/3866/1150 5859/3869/1152 5857/3867/1149
f 5862/3868/1151 5861/3871/1151 5859/3869/1152
f 5864/3870/1153 5863/3873/1155 5861/3871/1151
f 5866/3872/1154 5865/3875/1154 5863/3873/1155
f 5868/3874/1156 5867/3877/1156 5865/3875/1154
f 5870/3876/1157 5869/3879/1159 5867/3877/1156
f 5872/3878/1158 5871/3881/1161 5869/3879/1159
f 5874/3880/1160 5873/3883/1160 5871/3881/1161
f 5876/3882/1162 5875/3885/1162 5873/3883/1160
f 5878/3884/1163 5877/3887/1163 5875/3885/1162
f 5880/3886/1164 5879/3889/1164 5877/3887/1163
f 5882/3888/1165 5881/3891/1165 5879/3889/1164
f 5884/3890/1166 5883/3893/1166 5881/3891/1165
f 5886/3892/1167 5885/3895/1167 5883/3893/1166
f 5888/3894/1168 5887/3897/1170 5885/3895/1167
f 5890/3896/1169 5889/3899/1172 5887/3897/1170
f 5892/3898/1171 5891/3901/1171 5889/3899/1172
f 5894/3900/1173 5893/3903/1173 5891/3901/1171
f 5896/3902/1174 5895/3905/1174 5893/3903/1173
f 5898/3904/1175 5897/3907/1177 5895/3905/1174
f 5900/3906/1176 5899/3909/1179 5897/3907/1177
f 5902/3908/1178 5901/3911/1178 5899/3909/1179
f 5904/3910/1180 5903/3913/1180 5901/3911/1178
f 5906/3912/1181 5905/3915/1181 5903/3913/1180
f 5908/3914/1182 5907/3917/1182 5905/3915/1181
f 5910/3916/1183 5909/3919/1183 5907/3917/1182
f 5912/3918/1184 5911/3921/1184 5909/3919/1183
f 5914/3920/1185 5913/3923/1185 5911/3921/1184
f 5916/3922/1186 5915/3925/1186 5913/3923/1185
f 5918/3924/1187 5917/3927/1187 5915/3925/1186
f 5920/3926/1188 5919/3929/1188 5917/3927/1187
f 5922/3928/1189 5921/3931/1189 5919/3929/1188
f 5924/3930/1190 5923/3933/1190 5921/3931/1189
f 5926/3932/1191 5925/3935/1193 5923/3933/1190
f 5928/3934/1192 5927/3937/1192 5925/3935/1193
f 5930/3936/1194 5929/3939/1194 5927/3937/1192
f 5932/3938/1195 5931/3941/1195 5929/3939/1194
f 5934/3940/1196 5933/3943/1196 5931/3941/1195
f 5936/3942/1197 5935/3945/1197 5933/3943/1196
f 5938/3944/1198 5937/3947/1198 5935/3945/1197
f 5940/3946/1199 5939/3949/1199 5937/3947/1198
f 5942/3948/1200 5941/3951/1200 5939/3949/1199
f 5944/3950/1201 5943/3953/1201 5941/3951/1200
f 5946/3952/1202 5945/3955/1202 5943/3953/1201
f 5948/3954/1203 5947/3957/1203 5945/3955/1202
f 5950/3956/1204 5949/3959/1204 5947/3957/1203
f 5952/3958/1205 5951/3961/1207 5949/3959/1204
f 5954/3960/1206 5953/3963/1206 5951/3961/1207
f 5956/3962/1208 5955/3965/1208 5953/3963/1206
f 5958/3964/1209 5957/3967/1209 5955/3965/1208
f 5960/3966/1210 5959/3969/1210 5957/3967/1209
f 5962/3968/1211 5961/3971/1211 5959/3969/1210
f 5964/3970/1212 5963/3973/1212 5961/3971/1211
f 5966/3972/1213 5965/3975/1213 5963/3973/1212
f 5968/3974/1214 5967/3977/1214 5965/3975/1213
f 5970/3976/1215 5969/3979/1215 5967/3977/1214
f 5972/3978/1216 5971/3981/1216 5969/3979/1215
f 5974/3980/1217 5973/3983/1217 5971/3981/1216
f 5976/3982/1218 5975/3985/1220 5973/3983/1217
f 5978/3984/1219 5977/3987/1219 5975/3985/1220
f 5980/3986/1221 5979/3989/1221 5977/3987/1219
f 5982/3988/1222 5981/3991/1224 5979/3989/1221
f 5984/3990/1223 5983/3993/1223 5981/3991/1224
f 5986/3992/1225 5985/3995/1225 5983/3993/1223
f 5988/3994/1226 5987/3997/1226 5985/3995/1225
f 5990/3996/1227 5989/3999/1227 5987/3997/1226
f 5992/3998/1228 5991/4001/1228 5989/3999/1227
f 5994/4000/1229 5993/4003/1229 5991/4001/1228
f 5996/4002/1230 5995/4005/1230 5993/4003/1229
f 5998/4004/1231 5997/4007/1231 5995/4005/1230
f 6000/4006/1232 5999/4009/1232 5997/4007/1231
f 6002/4008/1233 6001/4011/1233 5999/4009/1232
f 6004/4010/1234 6003/4013/1234 6001/4011/1233
f 6006/4012/1235 6005/4015/1235 6003/4013/1234
f 6008/4014/1236 6007/4017/1236 6005/4015/1235
f 6010/4016/1237 6009/4019/1237 6007/4017/1236
f 6012/4018/1238 6011/4021/1238 6009/4019/1237
f 6014/4020/1239 6013/4023/1239 6011/4021/1238
f 6016/4022/1240 6015/4025/1240 6013/4023/1239
f 6018/4024/1241 6017/4027/1241 6015/4025/1240
f 6020/4026/1242 6019/4029/1242 6017/4027/1241
f 6022/4028/1243 6021/4031/1243 6019/4029/1242
f 6024/4030/1244 6023/4033/1244 6021/4031/1243
f 6026/4032/1245 6025/4035/1245 6023/4033/1244
f 6028/4034/1246 6027/4037/1246 6025/4035/1245
f 6030/4036/1247 6029/4039/1248 6027/4037/1246
f 6032/4038/311 6031/4041/311 6029/4039/1248
f 6034/4040/1014 6033/4043/1014 6031/4041/311
f 6036/4042/1249 6035/4045/1249 6033/4043/1014
f 6038/4044/1250 6037/4047/1250 6035/4045/1249
f 6040/4046/1251 6039/4049/1251 6037/4047/1250
f 6042/4048/1252 6041/4051/1252 6039/4049/1251
f 6044/4050/1253 6043/4053/1253 6041/4051/1252
f 6046/4052/1254 6045/4055/1254 6043/4053/1253
f 6048/4054/1255 6047/4057/1255 6045/4055/1254
f 6050/4056/1256 6049/4059/1256 6047/4057/1255
f 6052/4058/1257 6051/4061/1257 6049/4059/1256
f 6054/4060/1258 6053/4063/1258 6051/4061/1257
f 6056/4062/1259 6055/4065/1259 6053/4063/1258
f 6058/4064/1260 6057/4067/1260 6055/4065/1259
f 6060/4066/1261 6059/4069/1261 6057/4067/1260
f 6062/4068/1262 6061/4071/1262 6059/4069/1261
f 6064/4070/1263 6063/4073/1263 6061/4071/1262
f 6066/4072/1264 6065/4075/1264 6063/4073/1263
f 6068/4074/1265 6067/4077/1265 6065/4075/1264
f 6070/4076/1266 6069/4079/1266 6067/4077/1265
f 6072/4078/1267 6071/4081/1267 6069/4079/1266
f 6074/4080/1268 6073/4083/1268 6071/4081/1267
f 6076/4082/1269 6075/4085/1269 6073/4083/1268
f 6078/4084/1270 6077/4087/1270 6075/4085/1269
f 6080/4086/1271 6079/4089/1271 6077/4087/1270
f 6082/4088/1272 6081/4091/1272 6079/4089/1271
f 6084/4090/1273 6083/4093/1273 6081/4091/1272
f 6086/4092/1274 6085/4095/1274 6083/4093/1273
f 6088/4094/1275 6087/4097/1275 6085/4095/1274
f 6090/4096/1276 6089/4099/1276 6087/4097/1275
f 6092/4098/1277 6091/4101/1277 6089/4099/1276
f 6094/4100/1278 6093/4103/1278 6091/4101/1277
f 6096/4102/1279 6095/4105/1279 6093/4103/1278
f 6098/4104/1280 6097/4107/1280 6095/4105/1279
f 6100/4106/1281 6099/4109/1281 6097/4107/1280
f 6102/4108/1282 6101/4111/1282 6099/4109/1281
f 6104/4110/1283 6103/4113/1283 6101/4111/1282
f 6106/4112/1284 6105/4115/1284 6103/4113/1283
f 6108/4114/1285 6107/4117/1285 6105/4115/1284
f 6110/4116/1286 6109/4119/1286 6107/4117/1285
f 6112/4118/1287 6111/4121/1287 6109/4119/1286
f 6114/4120/1288 6113/4123/1288 6111/4121/1287
f 6116/4122/1289 6115/4125/1289 6113/4123/1288
f 6118/4124/1290 6117/4127/1290 6115/4125/1289
f 6120/4126/1291 6119/4129/1291 6117/4127/1290
f 6122/4128/1292 6121/4131/1292 6119/4129/1291
f 6124/4130/1293 6123/4133/1293 6121/4131/1292
f 6126/4132/1294 6125/4135/1294 6123/4133/1293
f 6128/4134/1295 6127/4137/1295 6125/4135/1294
f 6130/4136/1296 6129/4139/1296 6127/4137/1295
f 6132/4138/1297 6131/4141/1297 6129/4139/1296
f 6134/4140/1298 6133/4143/1298 6131/4141/1297
f 6136/4142/1299 6135/4145/1299 6133/4143/1298
f 6138/4144/1300 6137/4147/1300 6135/4145/1299
f 6140/4146/1301 6139/4149/1301 6137/4147/1300
f 6142/4148/1302 6141/4151/1302 6139/4149/1301
f 6144/4150/1303 6143/4153/1303 6141/4151/1302
f 6146/4152/1304 6145/4155/1304 6143/4153/1303
f 6148/4154/1305 6147/4157/1305 6145/4155/1304
f 6150/4156/1306 6149/4159/1306 6147/4157/1305
f 6152/4158/1307 6151/4161/1307 6149/4159/1306
f 6154/4160/1308 6153/4163/1310 6151/4161/1307
f 6156/4162/1309 6155/4165/1309 6153/4163/1310
f 6158/4164/1311 6157/4167/1311 6155/4165/1309
f 6160/4166/1312 6159/4169/1312 6157/4167/1311
f 6162/4168/1313 6161/4171/1313 6159/4169/1312
f 6164/4170/1314 6163/4173/1314 6161/4171/1313
f 6166/4172/1315 6165/4175/1315 6163/4173/1314
f 6168/4174/1316 6167/4177/1316 6165/4175/1315
f 6170/4176/1317 6169/4179/1317 6167/4177/1316
f 6172/4178/1318 6171/4181/1318 6169/4179/1317
f 6174/4180/1319 6173/4183/1319 6171/4181/1318
f 6176/4182/1320 6175/4185/1320 6173/4183/1319
f 6178/4184/1321 6177/4187/1321 6175/4185/1320
f 6180/4186/1322 6179/4189/1322 6177/4187/1321
f 6182/4188/1323 6181/4191/1323 6179/4189/1322
f 6184/4190/1324 6183/4193/1324 6181/4191/1323
f 6186/4192/1325 6185/4195/1325 6183/4193/1324
f 6188/4194/1326 6187/4197/1326 6185/4195/1325
f 6190/4196/1327 6189/4199/1327 6187/4197/1326
f 6192/4198/1328 6191/4201/1328 6189/4199/1327
f 6194/4200/1329 6193/4203/1329 6191/4201/1328
f 6196/4202/1330 6195/4205/1330 6193/4203/1329
f 6198/4204/1331 6197/4207/1331 6195/4205/1330
f 6200/4206/1332 6199/4209/1332 6197/4207/1331
f 6202/4208/1333 6201/4211/1333 6199/4209/1332
f 6204/4210/1334 6203/4213/1334 6201/4211/1333
f 6206/4212/1335 6205/4215/1335 6203/4213/1334
f 6208/4214/1336 6207/4217/1336 6205/4215/1335
f 6210/4216/1337 6209/4219/1337 6207/4217/1336
f 6212/4218/1338 6211/4221/1338 6209/4219/1337
f 6214/4220/1339 6213/4223/1339 6211/4221/1338
f 6216/4222/1340 6215/4225/1340 6213/4223/1339
f 6218/4224/1341 6217/4227/1341 6215/4225/1340
f 6220/4226/1342 6219/4229/1342 6217/4227/1341
f 6222/4228/1343 6221/4231/1343 6219/4229/1342
f 6224/4230/1344 6223/4233/1344 6221/4231/1343
f 6226/4232/1345 6225/4235/1345 6223/4233/1344
f 6228/4234/1346 6227/4237/1346 6225/4235/1345
f 6230/4236/1347 6229/4239/1347 6227/4237/1346
f 6232/4238/1348 6231/4241/1348 6229/4239/1347
f 6234/4240/1349 6233/4243/1349 6231/4241/1348
f 6236/4242/1350 6235/4245/1350 6233/4243/1349
f 6238/4244/1351 6237/4247/1351 6235/4245/1350
f 6240/4246/1352 6239/4249/1352 6237/4247/1351
f 6242/4248/1353 6241/4251/1353 6239/4249/1352
f 6244/4250/1354 6243/4253/1354 6241/4251/1353
f 6246/4252/1355 6245/4255/1355 6243/4253/1354
f 6248/4254/1356 6247/4257/1356 6245/4255/1355
f 6250/4256/1357 6249/4259/1357 6247/4257/1356
f 6252/4258/1358 6251/4261/1360 6249/4259/1357
f 6254/4260/1359 6253/4263/1359 6251/4261/1360
f 6256/4262/1361 6255/4265/1361 6253/4263/1359
f 6258/4264/1362 6257/4267/1362 6255/4265/1361
f 6260/4266/1363 6259/4269/1363 6257/4267/1362
f 6262/4268/1364 6261/4271/1364 6259/4269/1363
f 6264/4270/1365 6263/4273/1365 6261/4271/1364
f 6266/4272/1366 6265/4275/1366 6263/4273/1365
f 6268/4274/1367 6267/4277/1367 6265/4275/1366
f 6270/4276/1368 6269/4279/1368 6267/4277/1367
f 6272/4278/1369 6271/4281/1369 6269/4279/1368
f 6274/4280/1370 6273/4283/1370 6271/4281/1369
f 6276/4282/1371 6275/4285/1371 6273/4283/1370
f 6278/4284/1372 6277/4287/1372 6275/4285/1371
f 6280/4286/1373 6279/4289/1373 6277/4287/1372
f 6282/4288/1374 6281/4291/1374 6279/4289/1373
f 6284/4290/1375 6283/4293/1375 6281/4291/1374
f 6286/4292/1376 6285/4295/1376 6283/4293/1375
f 6288/4294/1377 6287/4297/1377 6285/4295/1376
f 6290/4296/1378 6289/4299/1378 6287/4297/1377
f 6292/4298/1379 6291/4301/1379 6289/4299/1378
f 6294/4300/1380 6293/4303/1380 6291/4301/1379
f 6296/4302/1381 6295/4305/1381 6293/4303/1380
f 6298/4304/1382 6297/4307/1382 6295/4305/1381
f 6300/4306/1383 6299/4309/1383 6297/4307/1382
f 6302/4308/1384 6301/4311/1384 6299/4309/1383
f 6304/4310/1385 6303/4313/1385 6301/4311/1384
f 6306/4312/1386 6305/4315/1386 6303/4313/1385
f 6308/4314/1387 6307/4317/1387 6305/4315/1386
f 6310/4316/1388 6309/4319/1388 6307/4317/1387
f 6312/4318/1389 6311/4321/1389 6309/4319/1388
f 6314/4320/1390 6313/4323/1390 6311/4321/1389
f 6316/4322/1391 6315/4325/1391 6313/4323/1390
f 6318/4324/1392 6317/4327/1392 6315/4325/1391
f 6320/4326/1393 6319/4329/1393 6317/4327/1392
f 6322/4328/1394 6321/4331/1394 6319/4329/1393
f 6324/4330/1395 6323/4333/1395 6321/4331/1394
f 6326/4332/1396 6325/4335/1396 6323/4333/1395
f 6328/4334/1397 6327/4337/1397 6325/4335/1396
f 6330/4336/1398 6329/4339/1398 6327/4337/1397
f 6332/4338/1399 6331/4341/1399 6329/4339/1398
f 6334/4340/1400 6333/4343/1400 6331/4341/1399
f 6336/4342/1401 6335/4345/1401 6333/4343/1400
f 6338/4344/1402 6337/4347/1402 6335/4345/1401
f 6340/4346/1403 6339/4349/1403 6337/4347/1402
f 6342/4348/1404 6341/4351/1404 6339/4349/1403
f 6344/4350/1405 6343/4353/1405 6341/4351/1404
f 6346/4352/1406 6345/4355/1406 6343/4353/1405
f 6348/4354/1407 6347/4357/1407 6345/4355/1406
f 6350/4356/1408 6349/4359/1408 6347/4357/1407
f 6352/4358/1409 6351/4361/1409 6349/4359/1408
f 6354/4360/1410 6353/4363/1410 6351/4361/1409
f 6356/4362/1411 6355/4365/1411 6353/4363/1410
f 6358/4364/1412 6357/4367/1412 6355/4365/1411
f 6360/4366/1413 6359/4369/1413 6357/4367/1412
f 6362/4368/1414 6361/4371/1414 6359/4369/1413
f 6364/4370/671 6363/4373/1416 6361/4371/1414
f 6366/4372/1415 6365/4375/1415 6363/4373/1416
f 6368/4374/1417 6367/4377/1417 6365/4375/1415
f 6370/4376/1418 6369/4379/1418 6367/4377/1417
f 6372/4378/1419 6371/4381/1419 6369/4379/1418
f 6374/4380/1420 6373/4383/1420 6371/4381/1419
f 6376/4382/1421 6375/4385/1421 6373/4383/1420
f 6378/4384/1422 6377/53/1424 6375/4385/1421
f 6380/4386/1423 6379/4388/1423 6377/53/1424
f 6382/4387/1425 6381/4390/1425 6379/4388/1423
f 6384/4389/1426 6383/4392/1428 6381/4390/1425
f 6386/4391/1427 6385/4394/1427 6383/4392/1428
f 6388/4393/1429 6387/4396/1429 6385/4394/1427
f 6390/4395/1430 6389/4398/1432 6387/4396/1429
f 6392/4397/1431 6391/4400/1434 6389/4398/1432
f 6394/4399/1433 6393/4402/1436 6391/4400/1434
f 6396/4401/1435 6395/4404/1438 6393/4402/1436
f 6398/4403/1437 6397/4406/1440 6395/4404/1438
f 6400/4405/1439 6399/4408/1442 6397/4406/1440
f 6402/4407/1441 6401/4410/1441 6399/4408/1442
f 6404/4409/1443 6403/4412/1443 6401/4410/1441
f 6406/4411/1444 6405/4414/1444 6403/4412/1443
f 6408/4413/1445 6407/4416/1445 6405/4414/1444
f 6410/4415/1446 6409/4418/1446 6407/4416/1445
f 6412/4417/1447 6411/4420/1447 6409/4418/1446
f 6414/4419/1448 6413/4422/1448 6411/4420/1447
f 6416/4421/1449 6415/4424/1449 6413/4422/1448
f 6418/4423/1450 6417/4426/1450 6415/4424/1449
f 6420/4425/1451 6419/4428/1453 6417/4426/1450
f 6422/4427/1452 6421/4430/1452 6419/4428/1453
f 6424/4429/1454 6423/4432/1454 6421/4430/1452
f 6426/4431/1455 6425/4434/1455 6423/4432/1454
f 6428/4433/1456 6427/4436/1456 6425/4434/1455
f 6430/4435/1457 6429/4438/1457 6427/4436/1456
f 6432/4437/1458 6431/4440/1458 6429/4438/1457
f 6434/4439/1459 6433/4442/1459 6431/4440/1458
f 6436/4441/1460 6435/4444/1460 6433/4442/1459
f 6438/4443/1461 6437/4446/1461 6435/4444/1460
f 6440/4445/1462 6439/4448/1462 6437/4446/1461
f 6442/4447/1463 6441/4450/1463 6439/4448/1462
f 6444/4449/1464 6443/4452/1464 6441/4450/1463
f 6446/4451/1465 6445/4454/1465 6443/4452/1464
f 6448/4453/1466 6447/4456/1466 6445/4454/1465
f 6450/4455/1467 6449/4458/1467 6447/4456/1466
f 6452/4457/1468 6451/4460/1470 6449/4458/1467
f 6454/4459/1469 6453/4462/1469 6451/4460/1470
f 6456/4461/1471 6455/4464/1471 6453/4462/1469
f 6458/4463/1472 6457/4466/1472 6455/4464/1471
f 6460/4465/1473 6459/4468/1473 6457/4466/1472
f 6462/4467/1474 6461/4470/1474 6459/4468/1473
f 6464/4469/1475 6463/4472/1475 6461/4470/1474
f 6466/4471/1476 6465/4474/1476 6463/4472/1475
f 6468/4473/1477 6467/4476/1477 6465/4474/1476
f 6470/4475/1478 6469/4478/1478 6467/4476/1477
f 6472/4477/1479 6471/4480/1479 6469/4478/1478
f 6474/4479/1480 6473/4482/1480 6471/4480/1479
f 6476/4481/1481 6475/4484/1481 6473/4482/1480
f 6478/4483/1482 6477/4486/1482 6475/4484/1481
f 6480/4485/1483 6479/4488/1483 6477/4486/1482
f 6482/4487/1484 6481/4490/1484 6479/4488/1483
f 6484/4489/1485 6483/4492/1485 6481/4490/1484
f 6486/4491/1486 6485/4494/1486 6483/4492/1485
f 6488/4493/1487 6487/4496/1487 6485/4494/1486
f 6490/4495/1488 6489/4498/1488 6487/4496/1487
f 6492/4497/1489 6491/4500/1489 6489/4498/1488
f 6494/4499/1490 6493/4502/1490 6491/4500/1489
f 6496/4501/1491 6495/4504/1491 6493/4502/1490
f 6498/4503/1492 6497/4506/1492 6495/4504/1491
f 6500/4505/1493 6499/4508/1493 6497/4506/1492
f 6502/4507/1494 6501/4510/1496 6499/4508/1493
f 6504/4509/1495 6503/4512/1495 6501/4510/1496
f 6506/4511/1497 6505/4514/1497 6503/4512/1495
f 6508/4513/1498 6507/4516/1498 6505/4514/1497
f 6510/4515/1499 6509/4518/1499 6507/4516/1498
f 6512/4517/1500 6511/4520/1500 6509/4518/1499
f 6514/4519/1501 6513/4522/1501 6511/4520/1500
f 6516/4521/1502 6515/4524/1502 6513/4522/1501
f 6518/4523/1503 6517/4526/1503 6515/4524/1502
f 6520/4525/1504 6519/4528/1504 6517/4526/1503
f 6522/4527/1505 6521/4530/1505 6519/4528/1504
f 6524/4529/1506 6523/4532/1506 6521/4530/1505
f 6526/4531/1507 6525/4534/1507 6523/4532/1506
f 6528/4533/1508 6527/4536/1508 6525/4534/1507
f 6530/4535/1509 6529/4538/1509 6527/4536/1508
f 6532/4537/1510 6531/4540/1510 6529/4538/1509
f 6534/4539/1511 6533/4542/1511 6531/4540/1510
f 6536/4541/1512 6535/4544/1512 6533/4542/1511
f 6538/4543/1513 6537/4546/1513 6535/4544/1512
f 6540/4545/1514 6539/4548/1514 6537/4546/1513
f 6542/4547/1515 6541/4550/1515 6539/4548/1514
f 6544/4549/1516 6543/4552/1516 6541/4550/1515
f 6546/4551/1517 6545/4554/1517 6543/4552/1516
f 6548/4553/1518 6547/4556/1518 6545/4554/1517
f 6550/4555/1519 6549/4558/1519 6547/4556/1518
f 6552/4557/1520 6551/4560/1520 6549/4558/1519
f 6554/4559/1521 6553/4562/1521 6551/4560/1520
f 6556/4561/1522 6555/4564/1522 6553/4562/1521
f 6558/4563/1523 6557/4566/1523 6555/4564/1522
f 6560/4565/1524 6559/4568/1524 6557/4566/1523
f 6562/4567/1525 6561/4570/1525 6559/4568/1524
f 6564/4569/1526 6563/4572/1526 6561/4570/1525
f 6566/4571/1527 6565/4574/1527 6563/4572/1526
f 6568/4573/1528 6567/4576/1528 6565/4574/1527
f 6570/4575/1529 6569/4578/1529 6567/4576/1528
f 6572/4577/1530 6571/4580/1530 6569/4578/1529
f 6574/4579/1531 6573/4582/1531 6571/4580/1530
f 6576/4581/1532 6575/4584/1532 6573/4582/1531
f 6578/4583/1533 6577/4586/1533 6575/4584/1532
f 6580/4585/1534 6579/4588/1534 6577/4586/1533
f 6582/4587/1535 6581/4590/1535 6579/4588/1534
f 6584/4589/1536 6583/4592/1536 6581/4590/1535
f 6586/4591/1537 6585/4594/1537 6583/4592/1536
f 6588/4593/1538 6587/4596/1538 6585/4594/1537
f 6590/4595/1539 6589/4598/1539 6587/4596/1538
f 6592/4597/1540 6591/4600/1540 6589/4598/1539
f 6594/4599/1541 6593/4602/1541 6591/4600/1540
f 6596/4601/1542 6595/4604/1542 6593/4602/1541
f 6598/4603/1543 6597/4606/1543 6595/4604/1542
f 6600/4605/1544 6599/4608/1544 6597/4606/1543
f 6602/4607/1545 6601/4610/1545 6599/4608/1544
f 6604/4609/1546 6603/4612/1546 6601/4610/1545
f 6606/4611/1547 6605/4614/1547 6603/4612/1546
f 6608/4613/1548 6607/4616/1548 6605/4614/1547
f 6610/4615/1549 6609/4618/1549 6607/4616/1548
f 6612/4617/1550 6611/4620/1550 6609/4618/1549
f 6614/4619/1551 6613/4622/1551 6611/4620/1550
f 6616/4621/1552 6615/4624/1552 6613/4622/1551
f 6618/4623/1553 6617/4626/1553 6615/4624/1552
f 6620/4625/1554 6619/4628/1554 6617/4626/1553
f 6622/4627/1555 6621/4630/1555 6619/4628/1554
f 6624/4629/1556 6623/4632/1556 6621/4630/1555
f 6626/4631/1557 6625/4634/1557 6623/4632/1556
f 6628/4633/1558 6627/4636/1558 6625/4634/1557
f 6630/4635/1559 6629/4638/1559 6627/4636/1558
f 6632/4637/1560 6631/4640/1560 6629/4638/1559
f 6634/4639/1561 6633/4642/1561 6631/4640/1560
f 6636/4641/1562 6635/4644/1562 6633/4642/1561
f 6638/4643/1563 6637/4646/1563 6635/4644/1562
f 6640/4645/1564 6639/4648/1564 6637/4646/1563
f 6642/4647/1565 6641/4650/1565 6639/4648/1564
f 6644/4649/1566 6643/4652/1566 6641/4650/1565
f 6646/4651/1567 6645/4654/1567 6643/4652/1566
f 6648/4653/1568 6647/4656/1568 6645/4654/1567
f 6650/4655/1569 6649/4658/1569 6647/4656/1568
f 6652/4657/1570 6651/4660/1570 6649/4658/1569
f 6654/4659/1571 6653/4662/1571 6651/4660/1570
f 6656/4661/1572 6655/4664/1572 6653/4662/1571
f 6658/4663/1573 6657/4666/1573 6655/4664/1572
f 6660/4665/1574 6659/4668/1574 6657/4666/1573
f 6662/4667/1575 6661/4670/1575 6659/4668/1574
f 6664/4669/1576 6663/4672/1576 6661/4670/1575
f 6666/4671/1577 6665/4674/1577 6663/4672/1576
f 6668/4673/1578 6667/4676/1578 6665/4674/1577
f 6670/4675/1579 6669/4678/1579 6667/4676/1578
f 6672/4677/1580 6671/4680/1580 6669/4678/1579
f 6674/4679/1581 6673/4682/1581 6671/4680/1580
f 6676/4681/1582 6675/4684/1582 6673/4682/1581
f 6678/4683/1583 6677/4686/1583 6675/4684/1582
f 6680/4685/1584 6679/4688/1584 6677/4686/1583
f 6682/4687/1585 6681/4690/1585 6679/4688/1584
f 6684/4689/1586 6683/4692/1586 6681/4690/1585
f 6686/4691/1587 6685/4694/1587 6683/4692/1586
f 6688/4693/1588 6687/4696/1588 6685/4694/1587
f 6690/4695/1589 6689/4698/1589 6687/4696/1588
f 6692/4697/1590 6691/4700/1590 6689/4698/1589
f 6694/4699/1591 6693/4702/1591 6691/4700/1590
f 6696/4701/1592 6695/4704/1592 6693/4702/1591
f 6698/4703/1593 6697/4706/1593 6695/4704/1592
f 6700/4705/1594 6699/4708/1594 6697/4706/1593
f 6702/4707/1595 6701/4710/1595 6699/4708/1594
f 6704/4709/1596 6703/4712/1596 6701/4710/1595
f 6706/4711/1597 6705/4714/1597 6703/4712/1596
f 6708/4713/1598 6707/4716/1598 6705/4714/1597
f 6710/4715/1599 6709/4718/1599 6707/4716/1598
f 6712/4717/1600 6711/4720/1600 6709/4718/1599
f 6714/4719/1601 6713/4722/1601 6711/4720/1600
f 6716/4721/1602 6715/4724/1602 6713/4722/1601
f 6718/4723/1603 6717/4726/1603 6715/4724/1602
f 6720/4725/1604 6719/4728/1604 6717/4726/1603
f 6722/4727/1605 6721/4730/1605 6719/4728/1604
f 6724/4729/1606 6723/4732/1606 6721/4730/1605
f 6726/4731/1607 6725/4734/1607 6723/4732/1606
f 6728/4733/1608 6727/4736/1608 6725/4734/1607
f 6730/4735/1609 6729/4738/1609 6727/4736/1608
f 6732/4737/1610 6731/4740/1610 6729/4738/1609
f 6734/4739/1611 6733/4742/1611 6731/4740/1610
f 6736/4741/1612 6735/4744/1612 6733/4742/1611
f 6738/4743/1613 6737/4746/1613 6735/4744/1612
f 6740/4745/1614 6739/4748/1614 6737/4746/1613
f 6742/4747/1615 6741/4750/1617 6739/4748/1614
f 6744/4749/1616 6743/4752/1616 6741/4750/1617
f 6746/4751/1618 6745/4754/1620 6743/4752/1616
f 6748/4753/1619 6747/4756/1619 6745/4754/1620
f 6750/4755/1621 6749/4758/1621 6747/4756/1619
f 6752/4757/1622 6751/4760/1622 6749/4758/1621
f 6754/4759/1623 6753/4762/1623 6751/4760/1622
f 6756/4761/1624 6755/4764/1624 6753/4762/1623
f 6758/4763/1625 6757/4766/1625 6755/4764/1624
f 6760/4765/1626 6759/4768/1626 6757/4766/1625
f 6762/4767/1627 6761/4770/1627 6759/4768/1626
f 6764/4769/1628 6763/4772/1628 6761/4770/1627
f 6766/4771/1629 6765/4774/1629 6763/4772/1628
f 6768/4773/1630 6767/4776/1630 6765/4774/1629
f 6770/4775/1631 6769/4778/1631 6767/4776/1630
f 6772/4777/1632 6771/4780/1632 6769/4778/1631
f 6774/4779/1633 6773/4782/1633 6771/4780/1632
f 6776/4781/1634 6775/4784/1634 6773/4782/1633
f 6778/4783/1635 6777/4786/1635 6775/4784/1634
f 6780/4785/1636 6779/4788/1636 6777/4786/1635
f 6782/4787/1637 6781/4790/1637 6779/4788/1636
f 6784/4789/1638 6783/4792/1638 6781/4790/1637
f 6786/4791/1639 6785/4794/1639 6783/4792/1638
f 6788/4793/1640 6787/4796/1640 6785/4794/1639
f 6790/4795/1641 6789/4798/1641 6787/4796/1640
f 6792/4797/1642 6791/4800/1642 6789/4798/1641
f 6794/4799/1643 6793/4802/1643 6791/4800/1642
f 6796/4801/1644 6795/4804/1644 6793/4802/1643
f 6798/4803/1645 6797/4806/1645 6795/4804/1644
f 6800/4805/1646 6799/4808/1646 6797/4806/1645
f 6802/4807/1647 6801/4810/1647 6799/4808/1646
f 6804/4809/1648 6803/4812/1648 6801/4810/1647
f 6806/4811/1649 6805/4814/1649 6803/4812/1648
f 6808/4813/1650 6807/4816/1650 6805/4814/1649
f 6810/4815/1651 6809/4818/1651 6807/4816/1650
f 6812/4817/1652 6811/4820/1652 6809/4818/1651
f 6814/4819/1653 6813/4822/1653 6811/4820/1652
f 6816/4821/1654 6815/4824/1654 6813/4822/1653
f 6818/4823/1655 6817/4826/1655 6815/4824/1654
f 6820/4825/1656 6819/4828/1656 6817/4826/1655
f 6822/4827/1657 6821/4830/1657 6819/4828/1656
f 6824/4829/1658 6823/4832/1658 6821/4830/1657
f 6826/4831/1659 6825/4834/1659 6823/4832/1658
f 6828/4833/1660 6827/4836/1660 6825/4834/1659
f 6830/4835/1661 6829/4838/1661 6827/4836/1660
f 6832/4837/893 6831/4840/893 6829/4838/1661
f 6834/4839/1662 6833/4842/1662 6831/4840/893
f 6836/4841/1663 6835/4844/1663 6833/4842/1662
f 6838/4843/1664 6837/4846/1664 6835/4844/1663
f 6840/4845/1665 6839/4848/1665 6837/4846/1664
f 6842/4847/1666 6841/4850/1666 6839/4848/1665
f 6844/4849/1667 6843/4852/1667 6841/4850/1666
f 6846/4851/1668 6845/4854/1668 6843/4852/1667
f 6848/4853/1669 6847/4856/1669 6845/4854/1668
f 6850/4855/1670 6849/4858/1670 6847/4856/1669
f 6852/4857/1671 6851/4860/1671 6849/4858/1670
f 6854/4859/1672 6853/4862/1672 6851/4860/1671
f 6856/4861/1673 6855/4864/1673 6853/4862/1672
f 6858/4863/1674 6857/4866/1674 6855/4864/1673
f 6860/4865/1675 6859/4868/1675 6857/4866/1674
f 6862/4867/1676 6861/4870/1676 6859/4868/1675
f 6864/4869/1677 6863/4872/1677 6861/4870/1676
f 6866/4871/1678 6865/4874/1678 6863/4872/1677
f 6868/4873/1679 6867/4876/1679 6865/4874/1678
f 6870/4875/1680 6869/4878/1680 6867/4876/1679
f 6872/4877/1681 6871/4880/1681 6869/4878/1680
f 6874/4879/1682 6873/4882/1682 6871/4880/1681
f 6876/4881/1683 6875/4884/1683 6873/4882/1682
f 6878/4883/1684 6877/4886/1684 6875/4884/1683
f 6880/4885/1685 6879/4888/1685 6877/4886/1684
f 6882/4887/1686 6881/4890/1686 6879/4888/1685
f 6884/4889/1687 6883/4892/1687 6881/4890/1686
f 6886/4891/1688 6885/4894/1688 6883/4892/1687
f 6888/4893/1689 6887/4896/1689 6885/4894/1688
f 6890/4895/1690 6889/4898/1690 6887/4896/1689
f 6892/4897/1691 6891/4900/1691 6889/4898/1690
f 6894/4899/1692 6893/4902/1692 6891/4900/1691
f 6896/4901/1693 6895/4904/1693 6893/4902/1692
f 6898/4903/1694 6897/4906/1694 6895/4904/1693
f 6900/4905/984 6899/4908/984 6897/4906/1694
f 6902/4907/1695 6901/4910/1695 6899/4908/984
f 6904/4909/1696 6903/4912/1696 6901/4910/1695
f 6906/4911/1697 6905/4914/1697 6903/4912/1696
f 6908/4913/1698 6907/4916/1698 6905/4914/1697
f 6910/4915/1699 6909/4918/1699 6907/4916/1698
f 6912/4917/1700 6911/4920/1700 6909/4918/1699
f 6914/4919/485 6913/4922/485 6911/4920/1700
f 6916/4921/1701 6915/4924/1701 6913/4922/485
f 6918/4923/1702 6917/4926/1702 6915/4924/1701
f 6920/4925/1703 6919/4928/1703 6917/4926/1702
f 6922/4927/1704 6921/4930/1704 6919/4928/1703
f 6924/4929/1705 6923/4932/1705 6921/4930/1704
f 6926/4931/1706 6925/4934/1706 6923/4932/1705
f 6928/4933/1707 6927/4936/1707 6925/4934/1706
f 6930/4935/1708 6929/4938/1708 6927/4936/1707
f 6932/4937/1709 6931/4940/1709 6929/4938/1708
f 6934/4939/1710 6933/4942/1710 6931/4940/1709
f 6936/4941/1711 6935/4944/1711 6933/4942/1710
f 6938/4943/1712 6937/4946/1712 6935/4944/1711
f 6940/4945/1713 6939/4948/1713 6937/4946/1712
f 6942/4947/1714 6941/4950/1714 6939/4948/1713
f 6944/4949/1715 6943/4952/1715 6941/4950/1714
f 6946/4951/1716 6945/4954/1716 6943/4952/1715
f 6948/4953/1717 6947/4956/1717 6945/4954/1716
f 6950/4955/1718 6949/4958/1718 6947/4956/1717
f 6952/4957/1719 6951/4960/1719 6949/4958/1718
f 6954/4959/1720 6953/4962/1720 6951/4960/1719
f 6956/4961/1721 6955/4964/1721 6953/4962/1720
f 6958/4963/1722 6957/4966/1722 6955/4964/1721
f 6960/4965/1723 6959/4968/1723 6957/4966/1722
f 6962/4967/1724 6961/4970/1724 6959/4968/1723
f 6964/4969/1725 6963/4972/1725 6961/4970/1724
f 6966/4971/1726 6965/4974/1726 6963/4972/1725
f 6968/4973/1727 6967/4976/1727 6965/4974/1726
f 6970/4975/260 6969/4978/260 6967/4976/1727
f 6972/4977/1728 6971/4980/1728 6969/4978/260
f 6974/4979/1729 6973/4982/1729 6971/4980/1728
f 6976/4981/1730 6975/4984/1730 6973/4982/1729
f 6978/4983/1731 6977/4986/1731 6975/4984/1730
f 6980/4985/1732 6979/4988/1732 6977/4986/1731
f 6982/4987/1733 6981/4990/1733 6979/4988/1732
f 6984/4989/1734 6983/4992/1734 6981/4990/1733
f 6986/4991/1735 6985/4994/1735 6983/4992/1734
f 6988/4993/1736 6987/4996/1736 6985/4994/1735
f 6990/4995/1737 6989/4998/1737 6987/4996/1736
f 6992/4997/1738 6991/5000/1738 6989/4998/1737
f 6994/4999/1739 6993/5002/1739 6991/5000/1738
f 6996/5001/1740 6995/5004/1740 6993/5002/1739
f 6998/5003/1741 6997/5006/1741 6995/5004/1740
f 7000/5005/1742 6999/5008/1742 6997/5006/1741
f 7002/5007/1743 7001/5010/1743 6999/5008/1742
f 7004/5009/1744 7003/5012/1744 7001/5010/1743
f 7006/5011/1745 7005/5014/1745 7003/5012/1744
f 7008/5013/38 7007/5016/38 7005/5014/1745
f 7010/5015/1746 7009/5018/1746 7007/5016/38
f 7012/5017/1747 7011/5020/1747 7009/5018/1746
f 7014/5019/1748 7013/5022/1748 7011/5020/1747
f 7016/5021/1749 7015/5024/1749 7013/5022/1748
f 7018/5023/1750 7017/5026/1750 7015/5024/1749
f 7020/5025/1751 7019/5028/1751 7017/5026/1750
f 7022/5027/1752 7021/5030/1752 7019/5028/1751
f 7024/5029/1753 7023/5032/1753 7021/5030/1752
f 7026/5031/1754 7025/5034/1754 7023/5032/1753
f 7028/5033/1755 7027/5036/1755 7025/5034/1754
f 7030/5035/1756 7029/5038/1756 7027/5036/1755
f 7032/5037/1757 7031/5040/1757 7029/5038/1756
f 7034/5039/1758 7033/5042/1758 7031/5040/1757
f 7036/5041/1759 7035/5044/1759 7033/5042/1758
f 7038/5043/1760 7037/5046/1760 7035/5044/1759
f 7040/5045/1761 7039/5048/1761 7037/5046/1760
f 7042/5047/1762 7041/5050/1762 7039/5048/1761
f 7044/5049/1763 7043/5052/1763 7041/5050/1762
f 7046/5051/1764 7045/5054/1764 7043/5052/1763
f 7048/5053/1765 7047/5056/1765 7045/5054/1764
f 7050/5055/1766 7049/5058/1766 7047/5056/1765
f 7052/5057/1767 7051/5060/1767 7049/5058/1766
f 7054/5059/1768 7053/5062/1768 7051/5060/1767
f 7056/5061/1769 7055/5064/1769 7053/5062/1768
f 7058/5063/1770 7057/5066/1770 7055/5064/1769
f 7060/5065/1771 7059/5068/1771 7057/5066/1770
f 7062/5067/1772 7061/5070/1774 7059/5068/1771
f 7064/5069/1773 7063/5072/1773 7061/5070/1774
f 7066/5071/1775 7065/5074/1775 7063/5072/1773
f 7068/5073/1776 7067/5076/1776 7065/5074/1775
f 7070/5075/1777 7069/5078/1777 7067/5076/1776
f 7072/5077/1778 7071/5080/1778 7069/5078/1777
f 7074/5079/1779 7073/5082/1779 7071/5080/1778
f 7076/5081/1780 7075/5084/1780 7073/5082/1779
f 7078/5083/1781 7077/5086/1781 7075/5084/1780
f 7080/5085/1782 7079/5088/1784 7077/5086/1781
f 7082/5087/1783 7081/5090/1786 7079/5088/1784
f 7084/5089/1785 7083/5092/1785 7081/5090/1786
f 7086/5091/1787 7085/5094/1787 7083/5092/1785
f 7088/5093/1788 7087/5096/1790 7085/5094/1787
f 7090/5095/1789 7089/5098/1789 7087/5096/1790
f 7092/5097/1791 7091/5100/1791 7089/5098/1789
f 7094/5099/1792 7093/5102/1792 7091/5100/1791
f 7096/5101/1793 7095/5104/1793 7093/5102/1792
f 7098/5103/1794 7097/5106/1794 7095/5104/1793
f 7100/5105/1795 7099/5108/1795 7097/5106/1794
f 7102/5107/1796 7101/5110/1796 7099/5108/1795
f 7104/5109/1797 7103/5112/1797 7101/5110/1796
f 7106/5111/1798 7105/5114/1798 7103/5112/1797
f 7108/5113/1799 7107/5116/1799 7105/5114/1798
f 7110/5115/1800 7109/5118/1800 7107/5116/1799
f 7112/5117/1801 7111/5120/1801 7109/5118/1800
f 7114/5119/1802 7113/5122/1802 7111/5120/1801
f 7116/5121/1803 7115/5124/1803 7113/5122/1802
f 7118/5123/1804 7117/5126/1806 7115/5124/1803
f 7120/5125/1805 7119/5128/1805 7117/5126/1806
f 7122/5127/1807 7121/5130/1807 7119/5128/1805
f 7124/5129/1808 7123/5132/1808 7121/5130/1807
f 7126/5131/1809 7125/5134/1809 7123/5132/1808
f 7128/5133/1810 7127/5136/1810 7125/5134/1809
f 7130/5135/1811 7129/5138/1811 7127/5136/1810
f 7132/5137/1812 7131/5140/1812 7129/5138/1811
f 7134/5139/1813 7133/5142/1813 7131/5140/1812
f 7136/5141/1814 7135/5144/1814 7133/5142/1813
f 7138/5143/1815 7137/5146/1815 7135/5144/1814
f 7140/5145/1816 7139/5148/1816 7137/5146/1815
f 7142/5147/1817 7141/5150/1817 7139/5148/1816
f 7144/5149/1818 7143/5152/1818 7141/5150/1817
f 7146/5151/1819 7145/5154/1819 7143/5152/1818
f 7148/5153/1820 7147/5156/1822 7145/5154/1819
f 7150/5155/1821 7149/5158/1821 7147/5156/1822
f 7152/5157/1823 7151/5160/1825 7149/5158/1821
f 7154/5159/1824 7153/5162/1827 7151/5160/1825
f 7156/5161/1826 7155/5164/1829 7153/5162/1827
f 7158/5163/1828 7157/5166/1828 7155/5164/1829
f 7160/5165/1830 7159/5168/1830 7157/5166/1828
f 7162/5167/1831 7161/5170/1831 7159/5168/1830
f 7164/5169/1832 7163/5172/1832 7161/5170/1831
f 7166/5171/1833 7165/5174/1833 7163/5172/1832
f 7168/5173/1834 7167/5176/1834 7165/5174/1833
f 7170/5175/1835 7169/5178/1835 7167/5176/1834
f 7172/5177/1836 7171/5180/1836 7169/5178/1835
f 7174/5179/1837 7173/5182/715 7171/5180/1836
f 7176/5181/1838 7175/5184/1840 7173/5182/715
f 7178/5183/1839 7177/5186/1839 7175/5184/1840
f 7180/5185/1841 7179/5188/1841 7177/5186/1839
f 7182/5187/1842 7181/5190/1842 7179/5188/1841
f 7184/5189/1843 7183/5192/1845 7181/5190/1842
f 7186/5191/1844 7185/5194/1844 7183/5192/1845
f 7188/5193/1846 7187/5196/1846 7185/5194/1844
f 7190/5195/1847 7189/5198/1847 7187/5196/1846
f 7192/5197/1848 7191/5200/1848 7189/5198/1847
f 7194/5199/1849 7193/5202/1849 7191/5200/1848
f 7196/5201/1850 7195/5204/1850 7193/5202/1849
f 7198/5203/1851 7197/5206/1851 7195/5204/1850
f 7200/5205/1852 7199/5208/1852 7197/5206/1851
f 7202/5207/1853 7201/5210/1853 7199/5208/1852
f 7204/5209/1854 7203/5212/1854 7201/5210/1853
f 7206/5211/1855 7205/5214/1855 7203/5212/1854
f 7208/5213/1856 7207/5216/1856 7205/5214/1855
f 7210/5215/1857 7209/5218/1857 7207/5216/1856
f 7212/5217/1858 7211/5220/1858 7209/5218/1857
f 7214/5219/1859 7213/5222/1859 7211/5220/1858
f 7216/5221/1860 7215/5224/1860 7213/5222/1859
f 7218/5223/1861 7217/5226/1861 7215/5224/1860
f 7220/5225/1862 7219/5228/1864 7217/5226/1861
f 7222/5227/1863 7221/5230/1866 7219/5228/1864
f 7224/5229/1865 7223/5232/1865 7221/5230/1866
f 7226/5231/1867 7225/5234/1869 7223/5232/1865
f 7228/5233/1868 7227/5236/1868 7225/5234/1869
f 7230/5235/1870 7229/5238/1870 7227/5236/1868
f 7232/5237/1871 7231/5240/1873 7229/5238/1870
f 7234/5239/1872 7233/5242/1872 7231/5240/1873
f 7236/5241/1874 7235/5244/1874 7233/5242/1872
f 7238/5243/1875 7237/5246/1875 7235/5244/1874
f 7240/5245/1876 7239/5248/1876 7237/5246/1875
f 7242/5247/1877 7241/5250/1877 7239/5248/1876
f 7244/5249/1878 7243/5252/1880 7241/5250/1877
f 7246/5251/1879 7245/5254/1879 7243/5252/1880
f 7248/5253/1881 7247/5256/1881 7245/5254/1879
f 7250/5255/1882 7249/5258/1884 7247/5256/1881
f 7252/5257/1883 7251/5260/1883 7249/5258/1884
f 7254/5259/1885 7253/5262/1885 7251/5260/1883
f 7256/5261/1886 7255/5264/1886 7253/5262/1885
f 7258/5263/1887 7257/5266/1887 7255/5264/1886
f 7260/5265/1888 7259/5268/1888 7257/5266/1887
f 7262/5267/1889 7261/5270/1889 7259/5268/1888
f 7264/5269/1890 7263/5272/1890 7261/5270/1889
f 7266/5271/1891 7265/5274/1891 7263/5272/1890
f 7268/5273/1892 7267/5276/1892 7265/5274/1891
f 7270/5275/1893 7269/5278/1895 7267/5276/1892
f 7272/5277/1894 7271/5280/1894 7269/5278/1895
f 7274/5279/1896 7273/5282/1896 7271/5280/1894
f 7276/5281/1897 7275/5284/1897 7273/5282/1896
f 7278/5283/1898 7277/5286/1898 7275/5284/1897
f 7280/5285/1899 7279/5288/1899 7277/5286/1898
f 7282/5287/1900 7281/5290/1900 7279/5288/1899
f 7284/5289/1901 7283/5292/1903 7281/5290/1900
f 7286/5291/1902 7285/5294/1902 7283/5292/1903
f 7288/5293/1904 7287/5296/1904 7285/5294/1902
f 7290/5295/1905 7289/5298/1905 7287/5296/1904
f 7292/5297/1906 7291/5300/1906 7289/5298/1905
f 7294/5299/1907 7293/5302/1907 7291/5300/1906
f 7296/5301/1908 7295/5304/1908 7293/5302/1907
f 7298/5303/1909 7297/5306/1909 7295/5304/1908
f 7300/5305/1910 7299/5308/1910 7297/5306/1909
f 7302/5307/1911 7301/5310/1911 7299/5308/1910
f 7304/5309/1912 7303/5312/1912 7301/5310/1911
f 7306/5311/1913 7305/5314/1913 7303/5312/1912
f 7308/5313/1608 7307/5316/1915 7305/5314/1913
f 7310/5315/1914 7309/5318/1914 7307/5316/1915
f 7312/5317/1916 7311/5320/1916 7309/5318/1914
f 7314/5319/1917 7313/5322/1919 7311/5320/1916
f 7316/5321/1918 7315/5324/1918 7313/5322/1919
f 7318/5323/163 7317/5326/163 7315/5324/1918
f 7320/5325/1920 7319/5328/1920 7317/5326/163
f 7322/5327/1921 7321/5330/1921 7319/5328/1920
f 7324/5329/1922 7323/5332/1922 7321/5330/1921
f 7326/5331/1923 7325/5334/1923 7323/5332/1922
f 7328/5333/1924 7327/5336/1924 7325/5334/1923
f 7330/5335/1925 7329/5338/1925 7327/5336/1924
f 7332/5337/1926 7331/5340/1926 7329/5338/1925
f 7334/5339/1927 7333/5342/1927 7331/5340/1926
f 7336/5341/1928 7335/5344/1928 7333/5342/1927
f 7338/5343/1929 7337/5346/1929 7335/5344/1928
f 7340/5345/1930 7339/5348/1932 7337/5346/1929
f 7342/5347/1931 7341/5350/1931 7339/5348/1932
f 7344/5349/1933 7343/5352/1935 7341/5350/1931
f 7346/5351/1934 7345/5354/1937 7343/5352/1935
f 7348/5353/1936 7347/5356/1939 7345/5354/1937
f 7350/5355/1938 7349/5358/1941 7347/5356/1939
f 7352/5357/1940 7351/5360/1940 7349/5358/1941
f 7354/5359/1942 7353/5362/1944 7351/5360/1940
f 7356/5361/1943 7355/5364/1943 7353/5362/1944
f 7358/5363/1945 7357/5366/1947 7355/5364/1943
f 7360/5365/1946 7359/5368/1946 7357/5366/1947
f 7362/5367/1948 7361/5370/1948 7359/5368/1946
f 7364/5369/1949 7363/5372/1949 7361/5370/1948
f 7366/5371/1950 7365/5374/1952 7363/5372/1949
f 7368/5373/1951 7367/5376/1954 7365/5374/1952
f 7370/5375/1953 7369/5378/1956 7367/5376/1954
f 7372/5377/1955 7371/5380/1958 7369/5378/1956
f 7374/5379/1957 7373/5382/1960 7371/5380/1958
f 7376/5381/1959 7375/5384/1959 7373/5382/1960
f 7378/5383/1961 7377/5386/1963 7375/5384/1959
f 7380/5385/1962 7379/5388/1965 7377/5386/1963
f 7382/5387/1964 7381/5390/1964 7379/5388/1965
f 7384/5389/1966 7383/5392/1968 7381/5390/1964
f 7386/5391/1967 7385/5394/1970 7383/5392/1968
f 7388/5393/1969 7387/5396/1972 7385/5394/1970
f 7390/5395/1971 7389/5398/1974 7387/5396/1972
f 7392/5397/1973 7391/5400/1976 7389/5398/1974
f 7394/5399/1975 7393/5402/1978 7391/5400/1976
f 7396/5401/1977 7395/5404/1977 7393/5402/1978
f 7398/5403/1979 7397/5406/1981 7395/5404/1977
f 7400/5405/1980 7399/5408/1983 7397/5406/1981
f 7402/5407/1982 7401/5410/1985 7399/5408/1983
f 7404/5409/1984 7403/5412/1987 7401/5410/1985
f 7406/5411/1986 7405/5414/1986 7403/5412/1987
f 7408/5413/1988 7407/5416/1988 7405/5414/1986
f 7410/5415/1989 7409/5418/1989 7407/5416/1988
f 7412/5417/1990 7411/5420/1992 7409/5418/1989
f 7414/5419/1991 7413/5422/1994 7411/5420/1992
f 7416/5421/1993 7415/5424/1996 7413/5422/1994
f 7418/5423/1995 7417/5426/1998 7415/5424/1996
f 7420/5425/1997 7419/5428/2000 7417/5426/1998
f 7422/5427/1999 7421/5430/2002 7419/5428/2000
f 7424/5429/2001 7423/5432/2001 7421/5430/2002
f 7426/5431/2003 7425/5434/2003 7423/5432/2001
f 7428/5433/2004 7427/5436/2004 7425/5434/2003
f 7430/5435/2005 7429/5438/2007 7427/5436/2004
f 7432/5437/2006 7431/5440/2009 7429/5438/2007
f 7434/5439/2008 7433/5442/2008 7431/5440/2009
f 7436/5441/2010 7435/5444/2010 7433/5442/2008
f 7438/5443/2011 7437/5446/2013 7435/5444/2010
f 7440/5445/2012 7439/5448/2015 7437/5446/2013
f 7442/5447/2014 7441/5450/2017 7439/5448/2015
f 7444/5449/2016 7443/5452/2019 7441/5450/2017
f 7446/5451/2018 7445/5454/2021 7443/5452/2019
f 7448/5453/2020 7447/5456/2023 7445/5454/2021
f 7450/5455/2022 7449/5458/2025 7447/5456/2023
f 7452/5457/2024 7451/5460/2027 7449/5458/2025
f 7454/5459/2026 7453/5462/2026 7451/5460/2027
f 7456/5461/2028 7455/5464/2030 7453/5462/2026
f 7458/5463/2029 7457/5466/2032 7455/5464/2030
f 7460/5465/2031 7459/5468/2034 7457/5466/2032
f 7462/5467/2033 7461/5470/2036 7459/5468/2034
f 7464/5469/2035 7463/5472/2038 7461/5470/2036
f 7466/5471/2037 7465/5474/2040 7463/5472/2038
f 7468/5473/2039 7467/5476/2041 7465/5474/2040
f 7470/5475/1713 7469/5478/2043 7467/5476/2041
f 7472/5477/2042 7471/5480/1755 7469/5478/2043
f 7474/5479/2044 7473/5482/2046 7471/5480/1755
f 7476/5481/2045 7475/5484/2045 7473/5482/2046
f 7478/5483/2047 7477/5486/2047 7475/5484/2045
f 7480/5485/2048 7479/5488/2048 7477/5486/2047
f 7482/5487/2049 7481/5490/2049 7479/5488/2048
f 7484/5489/2050 7483/5492/2050 7481/5490/2049
f 7486/5491/2051 7485/5494/2053 7483/5492/2050
f 7488/5493/2052 7487/5496/2055 7485/5494/2053
f 7490/5495/2054 7489/5498/2057 7487/5496/2055
f 7492/5497/2056 7491/5500/2059 7489/5498/2057
f 7494/5499/2058 7493/5502/2061 7491/5500/2059
f 7496/5501/2060 7495/5504/2063 7493/5502/2061
f 7498/5503/2062 7497/5506/2062 7495/5504/2063
f 7500/5505/2064 7499/5508/2066 7497/5506/2062
f 7502/5507/2065 7501/5510/2068 7499/5508/2066
f 7504/5509/2067 7503/5512/2070 7501/5510/2068
f 7506/5511/2069 7505/5514/2069 7503/5512/2070
f 7508/5513/460 7507/5516/460 7505/5514/2069
f 7510/5515/971 7509/5518/969 7507/5516/460
f 7512/5517/2071 7511/5520/2073 7509/5518/969
f 7514/5519/2072 7513/5522/2075 7511/5520/2073
f 7516/5521/2074 7515/5524/2077 7513/5522/2075
f 7518/5523/2076 7517/5526/2076 7515/5524/2077
f 7520/5525/2078 7519/5528/2078 7517/5526/2076
f 7522/5527/2079 7521/5530/2079 7519/5528/2078
f 7524/5529/2080 7523/5532/2081 7521/5530/2079
f 7526/5531/481 7525/5534/481 7523/5532/2081
f 7528/5533/2082 7527/5536/2082 7525/5534/481
f 7530/5535/2083 7529/5538/2085 7527/5536/2082
f 7532/5537/2084 7531/5540/2087 7529/5538/2085
f 7534/5539/2086 7533/5542/2089 7531/5540/2087
f 7536/5541/2088 7535/5544/2091 7533/5542/2089
f 7538/5543/2090 7537/5546/2090 7535/5544/2091
f 7540/5545/2092 7539/5548/2092 7537/5546/2090
f 7542/5547/2093 7541/5550/2095 7539/5548/2092
f 7544/5549/2094 7543/5552/2094 7541/5550/2095
f 7546/5551/2096 7545/5554/2096 7543/5552/2094
f 7548/5553/2097 7547/5556/2097 7545/5554/2096
f 7550/5555/2098 7549/5558/2098 7547/5556/2097
f 7552/5557/2099 7551/5560/2099 7549/5558/2098
f 7554/5559/2100 7553/5562/2100 7551/5560/2099
f 7556/5561/2101 7555/5564/2101 7553/5562/2100
f 7558/5563/2102 7557/5566/2102 7555/5564/2101
f 7560/5565/1301 7559/5568/1301 7557/5566/2102
f 7562/5567/2103 7561/5570/2103 7559/5568/1301
f 7564/5569/2104 7563/5572/2104 7561/5570/2103
f 7566/5571/2105 7565/5574/2105 7563/5572/2104
f 7568/5573/2106 7567/5576/2106 7565/5574/2105
f 7570/5575/1258 7569/5578/1258 7567/5576/2106
f 7572/5577/2107 7571/5580/2107 7569/5578/1258
f 7574/5579/2108 7573/5582/2108 7571/5580/2107
f 3982/5581/22 3981/984/21 7573/5582/2108
f 7578/5583/2109 7577/5585/2109 7575/779/2110
f 7580/5584/2111 7579/5587/2111 7577/5585/2109
f 7582/5586/2112 7581/5589/2112 7579/5587/2111
f 7584/5588/2113 7583/5591/2113 7581/5589/2112
f 7586/5590/2114 7585/5593/2114 7583/5591/2113
f 7588/5592/2115 7587/5595/2115 7585/5593/2114
f 7590/5594/2116 7589/5597/2116 7587/5595/2115
f 7592/5596/2117 7591/5599/2117 7589/5597/2116
f 7594/5598/2118 7593/5601/2118 7591/5599/2117
f 7596/5600/2119 7595/5603/2119 7593/5601/2118
f 7598/5602/2120 7597/5605/2120 7595/5603/2119
f 7600/5604/2121 7599/5607/2121 7597/5605/2120
f 7602/5606/2122 7601/5609/2122 7599/5607/2121
f 7604/5608/2123 7603/5611/2123 7601/5609/2122
f 7606/5610/2124 7605/5613/2124 7603/5611/2123
f 7608/5612/2125 7607/5615/2125 7605/5613/2124
f 7610/5614/2126 7609/5617/2126 7607/5615/2125
f 7612/5616/2127 7611/5619/2127 7609/5617/2126
f 7614/5618/2128 7613/5621/2128 7611/5619/2127
f 7616/5620/2129 7615/5623/2129 7613/5621/2128
f 7618/5622/2130 7617/5625/2130 7615/5623/2129
f 7620/5624/2131 7619/5627/2131 7617/5625/2130
f 7622/5626/2132 7621/5629/2132 7619/5627/2131
f 7624/5628/2133 7623/5631/2133 7621/5629/2132
f 7626/5630/1573 7625/5633/1573 7623/5631/2133
f 7628/5632/2134 7627/5635/2134 7625/5633/1573
f 7630/5634/2135 7629/5637/2135 7627/5635/2134
f 7632/5636/2136 7631/5639/2136 7629/5637/2135
f 7634/5638/2137 7633/5641/2137 7631/5639/2136
f 7636/5640/2138 7635/5643/2138 7633/5641/2137
f 7638/5642/2139 7637/5645/2139 7635/5643/2138
f 7640/5644/2140 7639/5647/2140 7637/5645/2139
f 7642/5646/2141 7641/5649/2141 7639/5647/2140
f 7644/5648/2142 7643/5651/2142 7641/5649/2141
f 7646/5650/2143 7645/5653/2143 7643/5651/2142
f 7648/5652/2144 7647/5655/2146 7645/5653/2143
f 7650/5654/2145 7649/5657/2145 7647/5655/2146
f 7652/5656/2147 7651/5659/2147 7649/5657/2145
f 7654/5658/2148 7653/5661/2148 7651/5659/2147
f 7656/5660/2149 7655/5663/2149 7653/5661/2148
f 7658/5662/2150 7657/5665/2150 7655/5663/2149
f 7660/5664/2151 7659/5667/2151 7657/5665/2150
f 7662/5666/2152 7661/5669/2152 7659/5667/2151
f 7664/5668/2153 7663/5671/2153 7661/5669/2152
f 7666/5670/2154 7665/5673/2154 7663/5671/2153
f 7668/5672/2155 7667/5675/2155 7665/5673/2154
f 7670/5674/2156 7669/5677/2156 7667/5675/2155
f 7672/5676/2157 7671/5679/2157 7669/5677/2156
f 7674/5678/2158 7673/5681/2158 7671/5679/2157
f 7676/5680/2159 7675/5683/2159 7673/5681/2158
f 7678/5682/2160 7677/5685/2160 7675/5683/2159
f 7680/5684/2161 7679/5687/2161 7677/5685/2160
f 7682/5686/1581 7681/5689/1581 7679/5687/2161
f 7684/5688/2162 7683/5691/2162 7681/5689/1581
f 7686/5690/2163 7685/5693/2163 7683/5691/2162
f 7688/5692/2164 7687/5695/2164 7685/5693/2163
f 7690/5694/2165 7689/5697/2165 7687/5695/2164
f 7692/5696/2166 7691/5699/2166 7689/5697/2165
f 7694/5698/2167 7693/5701/2167 7691/5699/2166
f 7696/5700/2168 7695/5703/2168 7693/5701/2167
f 7698/5702/2169 7697/5705/2169 7695/5703/2168
f 7700/5704/2170 7699/5707/2170 7697/5705/2169
f 7702/5706/2171 7701/5709/2171 7699/5707/2170
f 7704/5708/2172 7703/5711/2172 7701/5709/2171
f 7706/5710/2173 7705/5713/2173 7703/5711/2172
f 7708/5712/2174 7707/5715/2174 7705/5713/2173
f 7710/5714/2175 7709/5717/2175 7707/5715/2174
f 7712/5716/2176 7711/5719/2176 7709/5717/2175
f 7714/5718/2177 7713/5721/2177 7711/5719/2176
f 7716/5720/2178 7715/5723/2178 7713/5721/2177
f 7718/5722/2179 7717/5725/2179 7715/5723/2178
f 7720/5724/2180 7719/5727/2180 7717/5725/2179
f 7722/5726/2181 7721/5729/2181 7719/5727/2180
f 7724/5728/2182 7723/5731/2182 7721/5729/2181
f 7726/5730/2183 7725/5733/2183 7723/5731/2182
f 7728/5732/2184 7727/5735/2184 7725/5733/2183
f 7730/5734/2185 7729/5737/2185 7727/5735/2184
f 7732/5736/2186 7731/5739/2186 7729/5737/2185
f 7734/5738/2187 7733/5741/2187 7731/5739/2186
f 7736/5740/2188 7735/5743/2188 7733/5741/2187
f 7738/5742/2189 7737/5745/2189 7735/5743/2188
f 7740/5744/2190 7739/5747/2190 7737/5745/2189
f 7742/5746/2191 7741/5749/2191 7739/5747/2190
f 7744/5748/2192 7743/5751/2192 7741/5749/2191
f 7746/5750/2193 7745/5753/2195 7743/5751/2192
f 7748/5752/2194 7747/5755/2194 7745/5753/2195
f 7750/5754/2196 7749/5757/2196 7747/5755/2194
f 7752/5756/2197 7751/5759/2197 7749/5757/2196
f 7754/5758/2198 7753/5761/2198 7751/5759/2197
f 7756/5760/2199 7755/5763/2199 7753/5761/2198
f 7758/5762/2200 7757/5765/2200 7755/5763/2199
f 7760/5764/2201 7759/5767/2201 7757/5765/2200
f 7762/5766/2202 7761/5769/2202 7759/5767/2201
f 7764/5768/2203 7763/5771/2203 7761/5769/2202
f 7766/5770/2204 7765/5773/2206 7763/5771/2203
f 7768/5772/2205 7767/5775/2205 7765/5773/2206
f 7770/5774/2207 7769/5777/2207 7767/5775/2205
f 7772/5776/2208 7771/5779/2208 7769/5777/2207
f 7774/5778/2209 7773/5781/2209 7771/5779/2208
f 7776/5780/2210 7775/5783/2210 7773/5781/2209
f 7778/5782/2211 7777/5785/2211 7775/5783/2210
f 7780/5784/2212 7779/5787/2212 7777/5785/2211
f 7782/5786/2213 7781/5789/2215 7779/5787/2212
f 7784/5788/2214 7783/5791/2214 7781/5789/2215
f 7786/5790/2216 7785/5793/2216 7783/5791/2214
f 7788/5792/2217 7787/5795/2217 7785/5793/2216
f 7790/5794/1418 7789/5797/1418 7787/5795/2217
f 7792/5796/2218 7791/5799/2218 7789/5797/1418
f 7794/5798/2219 7793/5801/2219 7791/5799/2218
f 7796/5800/2220 7795/5803/2220 7793/5801/2219
f 7798/5802/2221 7797/5805/2221 7795/5803/2220
f 7800/5804/2222 7799/5807/2222 7797/5805/2221
f 7802/5806/2223 7801/5809/2223 7799/5807/2222
f 7804/5808/2224 7803/5811/2224 7801/5809/2223
f 7806/5810/2225 7805/5813/2225 7803/5811/2224
f 7808/5812/2226 7807/5815/2226 7805/5813/2225
f 7810/5814/2227 7809/5817/2227 7807/5815/2226
f 7812/5816/2228 7811/5819/2229 7809/5817/2227
f 7814/5818/663 7813/5821/663 7811/5819/2229
f 7816/5820/2230 7815/5823/2230 7813/5821/663
f 7818/5822/2231 7817/5825/2231 7815/5823/2230
f 7820/5824/2232 7819/5827/2232 7817/5825/2231
f 7822/5826/2233 7821/5829/2233 7819/5827/2232
f 7824/5828/2234 7823/5831/2234 7821/5829/2233
f 7826/5830/2235 7825/5833/2235 7823/5831/2234
f 7828/5832/2236 7827/5835/2236 7825/5833/2235
f 7830/5834/2237 7829/5837/2237 7827/5835/2236
f 7832/5836/2238 7831/5839/2238 7829/5837/2237
f 7834/5838/2239 7833/5841/2239 7831/5839/2238
f 7836/5840/2240 7835/5843/2240 7833/5841/2239
f 7838/5842/2241 7837/5845/2241 7835/5843/2240
f 7840/5844/2242 7839/5847/2242 7837/5845/2241
f 7842/5846/2243 7841/5849/2243 7839/5847/2242
f 7844/5848/2244 7843/5851/2244 7841/5849/2243
f 7846/5850/2245 7845/5853/2245 7843/5851/2244
f 7848/5852/2246 7847/5855/2246 7845/5853/2245
f 7850/5854/2247 7849/5857/2247 7847/5855/2246
f 7852/5856/2248 7851/5859/2248 7849/5857/2247
f 7854/5858/2249 7853/5861/2249 7851/5859/2248
f 7856/5860/2250 7855/5863/2250 7853/5861/2249
f 7858/5862/2251 7857/5865/2251 7855/5863/2250
f 7860/5864/2252 7859/5867/2252 7857/5865/2251
f 7862/5866/2253 7861/5869/2253 7859/5867/2252
f 7864/5868/2254 7863/5871/2254 7861/5869/2253
f 7866/5870/2255 7865/5873/2255 7863/5871/2254
f 7868/5872/49 7867/5875/49 7865/5873/2255
f 7870/5874/2256 7869/5877/2256 7867/5875/49
f 7872/5876/2257 7871/5879/2257 7869/5877/2256
f 7874/5878/2258 7873/5881/2258 7871/5879/2257
f 7876/5880/2259 7875/5883/2259 7873/5881/2258
f 7878/5882/2260 7877/5885/2260 7875/5883/2259
f 7880/5884/2261 7879/5887/2261 7877/5885/2260
f 7882/5886/2262 7881/5889/2262 7879/5887/2261
f 7884/5888/2263 7883/5891/2263 7881/5889/2262
f 7886/5890/265 7885/5893/265 7883/5891/2263
f 7888/5892/2264 7887/5895/2264 7885/5893/265
f 7890/5894/2265 7889/5897/2265 7887/5895/2264
f 7892/5896/2266 7891/5899/2266 7889/5897/2265
f 7894/5898/2267 7893/5901/2267 7891/5899/2266
f 7896/5900/2268 7895/5903/2268 7893/5901/2267
f 7898/5902/2269 7897/5905/2269 7895/5903/2268
f 7900/5904/2270 7899/5907/2270 7897/5905/2269
f 7902/5906/2271 7901/5909/2271 7899/5907/2270
f 7904/5908/2272 7903/5911/2272 7901/5909/2271
f 7906/5910/1659 7905/5913/1659 7903/5911/2272
f 7908/5912/2273 7907/5915/2273 7905/5913/1659
f 7910/5914/2274 7909/5917/2274 7907/5915/2273
f 7912/5916/2275 7911/5919/2275 7909/5917/2274
f 7914/5918/2276 7913/5921/2276 7911/5919/2275
f 7916/5920/2277 7915/5923/2277 7913/5921/2276
f 7918/5922/2278 7917/5925/2278 7915/5923/2277
f 7920/5924/2279 7919/5927/2279 7917/5925/2278
f 7922/5926/2280 7921/5929/2280 7919/5927/2279
f 7924/5928/2281 7923/5931/2281 7921/5929/2280
f 7926/5930/2282 7925/5933/2282 7923/5931/2281
f 7928/5932/2283 7927/5935/2283 7925/5933/2282
f 7930/5934/2284 7929/5937/2284 7927/5935/2283
f 7932/5936/2285 7931/5939/2285 7929/5937/2284
f 7934/5938/2286 7933/5941/2286 7931/5939/2285
f 7936/5940/2287 7935/5943/2287 7933/5941/2286
f 7938/5942/2288 7937/5945/2288 7935/5943/2287
f 7940/5944/2289 7939/5947/2289 7937/5945/2288
f 7942/5946/2290 7941/5949/2290 7939/5947/2289
f 7944/5948/2291 7943/5951/2291 7941/5949/2290
f 7946/5950/2292 7945/5953/2292 7943/5951/2291
f 7948/5952/2293 7947/5955/2293 7945/5953/2292
f 7950/5954/2294 7949/5957/2294 7947/5955/2293
f 7952/5956/2295 7951/5959/2295 7949/5957/2294
f 7954/5958/269 7953/5961/269 7951/5959/2295
f 7956/5960/2296 7955/5963/2296 7953/5961/269
f 7958/5962/2297 7957/5965/2297 7955/5963/2296
f 7960/5964/2298 7959/5966/2298 7957/5965/2297
f 7576/5581/2110 7575/984/2110 7959/5966/2298
